 Variables = "t (s)" "<greek>z</greek> (m)" 
  5.000000E-01  0.000000E+00
  1.000000E+00  2.849844E-04
  1.500000E+00  1.126039E-03
  2.000000E+00  2.480712E-03
  2.500000E+00  4.279301E-03
  3.000000E+00  6.427456E-03
  3.500000E+00  8.809394E-03
  4.000000E+00  1.129146E-02
  4.500000E+00  1.372577E-02
  5.000000E+00  1.595377E-02
  5.500000E+00  1.780938E-02
  6.000000E+00  1.912177E-02
  6.500000E+00  1.971749E-02
  7.000000E+00  1.942208E-02
  7.500000E+00  1.806126E-02
  8.000000E+00  1.546171E-02
  8.500000E+00  1.145175E-02
  9.000000E+00  5.862198E-03
  9.500000E+00 -1.472333E-03
  1.000000E+01 -1.071142E-02
  1.050000E+01 -2.200571E-02
  1.100000E+01 -3.549249E-02
  1.150000E+01 -5.128971E-02
  1.200000E+01 -6.948845E-02
  1.250000E+01 -9.014364E-02
  1.300000E+01 -1.132633E-01
  1.350000E+01 -1.387966E-01
  1.400000E+01 -1.666210E-01
  1.450000E+01 -1.965289E-01
  1.500000E+01 -2.282149E-01
  1.550000E+01 -2.612641E-01
  1.600000E+01 -2.951422E-01
  1.650000E+01 -3.291888E-01
  1.700000E+01 -3.626136E-01
  1.750000E+01 -3.944981E-01
  1.800000E+01 -4.238026E-01
  1.850000E+01 -4.493779E-01
  1.900000E+01 -4.699850E-01
  1.950000E+01 -4.843205E-01
  2.000000E+01 -4.910487E-01
  2.050000E+01 -4.888395E-01
  2.100000E+01 -4.764132E-01
  2.150000E+01 -4.525878E-01
  2.200000E+01 -4.163319E-01
  2.250000E+01 -3.668177E-01
  2.300000E+01 -3.034749E-01
  2.350000E+01 -2.260426E-01
  2.400000E+01 -1.346169E-01
  2.450000E+01 -2.969274E-02
  2.500000E+01  8.780289E-02
  2.550000E+01  2.164881E-01
  2.600000E+01  3.545152E-01
  2.650000E+01  4.995742E-01
  2.700000E+01  6.489102E-01
  2.750000E+01  7.993583E-01
  2.800000E+01  9.473931E-01
  2.850000E+01  1.089195E+00
  2.900000E+01  1.220732E+00
  2.950000E+01  1.337852E+00
  3.000000E+01  1.436396E+00
  3.050000E+01  1.512305E+00
  3.100000E+01  1.561753E+00
  3.150000E+01  1.581263E+00
  3.200000E+01  1.567838E+00
  3.250000E+01  1.519080E+00
  3.300000E+01  1.433300E+00
  3.350000E+01  1.309617E+00
  3.400000E+01  1.148042E+00
  3.450000E+01  9.495399E-01
  3.500000E+01  7.160654E-01
  3.550000E+01  4.505807E-01
  3.600000E+01  1.570391E-01
  3.650000E+01 -1.596576E-01
  3.700000E+01 -4.937301E-01
  3.750000E+01 -8.386220E-01
  3.800000E+01 -1.187126E+00
  3.850000E+01 -1.531535E+00
  3.900000E+01 -1.863815E+00
  3.950000E+01 -2.175791E+00
  4.000000E+01 -2.459352E+00
  4.050000E+01 -2.706658E+00
  4.100000E+01 -2.910350E+00
  4.150000E+01 -3.063756E+00
  4.200000E+01 -3.161087E+00
  4.250000E+01 -3.197612E+00
  4.300000E+01 -3.169821E+00
  4.350000E+01 -3.075552E+00
  4.400000E+01 -2.914093E+00
  4.450000E+01 -2.686244E+00
  4.500000E+01 -2.394343E+00
  4.550000E+01 -2.042261E+00
  4.600000E+01 -1.635341E+00
  4.650000E+01 -1.180314E+00
  4.700000E+01 -6.851658E-01
  4.750000E+01 -1.589786E-01
  4.800000E+01  3.882668E-01
  4.850000E+01  9.459095E-01
  4.900000E+01  1.502849E+00
  4.950000E+01  2.047800E+00
  5.000000E+01  2.569555E+00
  5.050000E+01  3.057249E+00
  5.100000E+01  3.501478E+00
  5.150000E+01  3.894065E+00
  5.200000E+01  4.227099E+00
  5.250000E+01  4.493722E+00
  5.300000E+01  4.688278E+00
  5.350000E+01  4.806430E+00
  5.400000E+01  4.845241E+00
  5.450000E+01  4.803244E+00
  5.500000E+01  4.680466E+00
  5.550000E+01  4.478426E+00
  5.600000E+01  4.200107E+00
  5.650000E+01  3.849892E+00
  5.700000E+01  3.433473E+00
  5.750000E+01  2.957738E+00
  5.800000E+01  2.430628E+00
  5.850000E+01  1.860979E+00
  5.900000E+01  1.258349E+00
  5.950000E+01  6.328231E-01
  6.000000E+01 -5.175397E-03
  6.050000E+01 -6.450904E-01
  6.100000E+01 -1.276431E+00
  6.150000E+01 -1.888966E+00
  6.200000E+01 -2.472912E+00
  6.250000E+01 -3.019104E+00
  6.300000E+01 -3.519156E+00
  6.350000E+01 -3.965597E+00
  6.400000E+01 -4.351991E+00
  6.450000E+01 -4.673027E+00
  6.500000E+01 -4.924591E+00
  6.550000E+01 -5.103809E+00
  6.600000E+01 -5.209064E+00
  6.650000E+01 -5.239990E+00
  6.700000E+01 -5.197440E+00
  6.750000E+01 -5.083434E+00
  6.800000E+01 -4.901081E+00
  6.850000E+01 -4.654493E+00
  6.900000E+01 -4.348671E+00
  6.950000E+01 -3.989389E+00
  7.000000E+01 -3.583063E+00
  7.050000E+01 -3.136616E+00
  7.100000E+01 -2.657338E+00
  7.150000E+01 -2.152751E+00
  7.200000E+01 -1.630470E+00
  7.250000E+01 -1.098079E+00
  7.300000E+01 -5.630039E-01
  7.350000E+01 -3.240627E-02
  7.400000E+01  4.869167E-01
  7.450000E+01  9.886174E-01
  7.500000E+01  1.466869E+00
  7.550000E+01  1.916422E+00
  7.600000E+01  2.332647E+00
  7.650000E+01  2.711560E+00
  7.700000E+01  3.049838E+00
  7.750000E+01  3.344821E+00
  7.800000E+01  3.594502E+00
  7.850000E+01  3.797506E+00
  7.900000E+01  3.953061E+00
  7.950000E+01  4.060966E+00
  8.000000E+01  4.121551E+00
  8.050000E+01  4.135631E+00
  8.100000E+01  4.104466E+00
  8.150000E+01  4.029712E+00
  8.200000E+01  3.913380E+00
  8.250000E+01  3.757792E+00
  8.300000E+01  3.565545E+00
  8.350000E+01  3.339472E+00
  8.400000E+01  3.082614E+00
  8.450000E+01  2.798187E+00
  8.500000E+01  2.489561E+00
  8.550000E+01  2.160237E+00
  8.600000E+01  1.813827E+00
  8.650000E+01  1.454038E+00
  8.700000E+01  1.084654E+00
  8.750000E+01  7.095195E-01
  8.800000E+01  3.325220E-01
  8.850000E+01 -4.242704E-02
  8.900000E+01 -4.114148E-01
  8.950000E+01 -7.705519E-01
  9.000000E+01 -1.116002E+00
  9.050000E+01 -1.444013E+00
  9.100000E+01 -1.750956E+00
  9.150000E+01 -2.033366E+00
  9.200000E+01 -2.287982E+00
  9.250000E+01 -2.511799E+00
  9.300000E+01 -2.702115E+00
  9.350000E+01 -2.856578E+00
  9.400000E+01 -2.973237E+00
  9.450000E+01 -3.050590E+00
  9.500000E+01 -3.087623E+00
  9.550000E+01 -3.083854E+00
  9.600000E+01 -3.039361E+00
  9.650000E+01 -2.954808E+00
  9.700000E+01 -2.831457E+00
  9.750000E+01 -2.671174E+00
  9.800000E+01 -2.476423E+00
  9.850000E+01 -2.250243E+00
  9.900000E+01 -1.996218E+00
  9.950000E+01 -1.718431E+00
  1.000000E+02 -1.421407E+00
  1.005000E+02 -1.110046E+00
  1.010000E+02 -7.895418E-01
  1.015000E+02 -4.652911E-01
  1.020000E+02 -1.428006E-01
  1.025000E+02  1.724180E-01
  1.030000E+02  4.749537E-01
  1.035000E+02  7.596037E-01
  1.040000E+02  1.021480E+00
  1.045000E+02  1.256110E+00
  1.050000E+02  1.459538E+00
  1.055000E+02  1.628406E+00
  1.060000E+02  1.760034E+00
  1.065000E+02  1.852484E+00
  1.070000E+02  1.904607E+00
  1.075000E+02  1.916072E+00
  1.080000E+02  1.887386E+00
  1.085000E+02  1.819884E+00
  1.090000E+02  1.715708E+00
  1.095000E+02  1.577765E+00
  1.100000E+02  1.409671E+00
  1.105000E+02  1.215666E+00
  1.110000E+02  1.000533E+00
  1.115000E+02  7.694849E-01
  1.120000E+02  5.280551E-01
  1.125000E+02  2.819695E-01
  1.130000E+02  3.701921E-02
  1.135000E+02 -2.010712E-01
  1.140000E+02 -4.267745E-01
  1.145000E+02 -6.348880E-01
  1.150000E+02 -8.206527E-01
  1.155000E+02 -9.798631E-01
  1.160000E+02 -1.108965E+00
  1.165000E+02 -1.205135E+00
  1.170000E+02 -1.266349E+00
  1.175000E+02 -1.291424E+00
  1.180000E+02 -1.280046E+00
  1.185000E+02 -1.232775E+00
  1.190000E+02 -1.151028E+00
  1.195000E+02 -1.037042E+00
  1.200000E+02 -8.938188E-01
  1.205000E+02 -7.250507E-01
  1.210000E+02 -5.350273E-01
  1.215000E+02 -3.285313E-01
  1.220000E+02 -1.107207E-01
  1.225000E+02  1.129969E-01
  1.230000E+02  3.370967E-01
  1.235000E+02  5.560706E-01
  1.240000E+02  7.645604E-01
  1.245000E+02  9.574874E-01
  1.250000E+02  1.130174E+00
  1.255000E+02  1.278455E+00
  1.260000E+02  1.398775E+00
  1.265000E+02  1.488275E+00
  1.270000E+02  1.544853E+00
  1.275000E+02  1.567211E+00
  1.280000E+02  1.554887E+00
  1.285000E+02  1.508254E+00
  1.290000E+02  1.428506E+00
  1.295000E+02  1.317629E+00
  1.300000E+02  1.178338E+00
  1.305000E+02  1.014013E+00
  1.310000E+02  8.286061E-01
  1.315000E+02  6.265437E-01
  1.320000E+02  4.126134E-01
  1.325000E+02  1.918442E-01
  1.330000E+02 -3.061727E-02
  1.335000E+02 -2.496338E-01
  1.340000E+02 -4.602022E-01
  1.345000E+02 -6.575737E-01
  1.350000E+02 -8.373665E-01
  1.355000E+02 -9.956691E-01
  1.360000E+02 -1.129130E+00
  1.365000E+02 -1.235031E+00
  1.370000E+02 -1.311351E+00
  1.375000E+02 -1.356800E+00
  1.380000E+02 -1.370847E+00
  1.385000E+02 -1.353722E+00
  1.390000E+02 -1.306399E+00
  1.395000E+02 -1.230564E+00
  1.400000E+02 -1.128564E+00
  1.405000E+02 -1.003344E+00
  1.410000E+02 -8.583619E-01
  1.415000E+02 -6.975020E-01
  1.420000E+02 -5.249727E-01
  1.425000E+02 -3.452001E-01
  1.430000E+02 -1.627180E-01
  1.435000E+02  1.794359E-02
  1.440000E+02  1.923677E-01
  1.445000E+02  3.563550E-01
  1.450000E+02  5.060218E-01
  1.455000E+02  6.378881E-01
  1.460000E+02  7.489545E-01
  1.465000E+02  8.367660E-01
  1.470000E+02  8.994617E-01
  1.475000E+02  9.358085E-01
  1.480000E+02  9.452198E-01
  1.485000E+02  9.277572E-01
  1.490000E+02  8.841177E-01
  1.495000E+02  8.156047E-01
  1.500000E+02  7.240864E-01
  1.505000E+02  6.119400E-01
  1.510000E+02  4.819866E-01
  1.515000E+02  3.374160E-01
  1.520000E+02  1.817051E-01
  1.525000E+02  1.853080E-02
  1.530000E+02 -1.483182E-01
  1.535000E+02 -3.150313E-01
  1.540000E+02 -4.778633E-01
  1.545000E+02 -6.332173E-01
  1.550000E+02 -7.777223E-01
  1.555000E+02 -9.083030E-01
  1.560000E+02 -1.022240E+00
  1.565000E+02 -1.117220E+00
  1.570000E+02 -1.191374E+00
  1.575000E+02 -1.243308E+00
  1.580000E+02 -1.272113E+00
  1.585000E+02 -1.277372E+00
  1.590000E+02 -1.259153E+00
  1.595000E+02 -1.217985E+00
  1.600000E+02 -1.154835E+00
  1.605000E+02 -1.071067E+00
  1.610000E+02 -9.683955E-01
  1.615000E+02 -8.488404E-01
  1.620000E+02 -7.146662E-01
  1.625000E+02 -5.683262E-01
  1.630000E+02 -4.124032E-01
  1.635000E+02 -2.495501E-01
  1.640000E+02 -8.243358E-02
  1.645000E+02  8.631983E-02
  1.650000E+02  2.541730E-01
  1.655000E+02  4.187220E-01
  1.660000E+02  5.777333E-01
  1.665000E+02  7.291749E-01
  1.670000E+02  8.712397E-01
  1.675000E+02  1.002361E+00
  1.680000E+02  1.121224E+00
  1.685000E+02  1.226764E+00
  1.690000E+02  1.318164E+00
  1.695000E+02  1.394848E+00
  1.700000E+02  1.456461E+00
  1.705000E+02  1.502852E+00
  1.710000E+02  1.534054E+00
  1.715000E+02  1.550259E+00
  1.720000E+02  1.551791E+00
  1.725000E+02  1.539085E+00
  1.730000E+02  1.512662E+00
  1.735000E+02  1.473107E+00
  1.740000E+02  1.421048E+00
  1.745000E+02  1.357143E+00
  1.750000E+02  1.282063E+00
  1.755000E+02  1.196488E+00
  1.760000E+02  1.101097E+00
  1.765000E+02  9.965692E-01
  1.770000E+02  8.835861E-01
  1.775000E+02  7.628355E-01
  1.780000E+02  6.350198E-01
  1.785000E+02  5.008663E-01
  1.790000E+02  3.611374E-01
  1.795000E+02  2.166429E-01
  1.800000E+02  6.825093E-02
  1.805000E+02 -8.310156E-02
  1.810000E+02 -2.364005E-01
  1.815000E+02 -3.905486E-01
  1.820000E+02 -5.443624E-01
  1.825000E+02 -6.965732E-01
  1.830000E+02 -8.458311E-01
  1.835000E+02 -9.907145E-01
  1.840000E+02 -1.129742E+00
  1.845000E+02 -1.261392E+00
  1.850000E+02 -1.384119E+00
  1.855000E+02 -1.496382E+00
  1.860000E+02 -1.596672E+00
  1.865000E+02 -1.683538E+00
  1.870000E+02 -1.755621E+00
  1.875000E+02 -1.811683E+00
  1.880000E+02 -1.850643E+00
  1.885000E+02 -1.871601E+00
  1.890000E+02 -1.873868E+00
  1.895000E+02 -1.856991E+00
  1.900000E+02 -1.820776E+00
  1.905000E+02 -1.765296E+00
  1.910000E+02 -1.690911E+00
  1.915000E+02 -1.598265E+00
  1.920000E+02 -1.488288E+00
  1.925000E+02 -1.362185E+00
  1.930000E+02 -1.221425E+00
  1.935000E+02 -1.067715E+00
  1.940000E+02 -9.029785E-01
  1.945000E+02 -7.293183E-01
  1.950000E+02 -5.489824E-01
  1.955000E+02 -3.643220E-01
  1.960000E+02 -1.777482E-01
  1.965000E+02  8.314199E-03
  1.970000E+02  1.914725E-01
  1.975000E+02  3.694124E-01
  1.980000E+02  5.399418E-01
  1.985000E+02  7.010331E-01
  1.990000E+02  8.508600E-01
  1.995000E+02  9.878314E-01
  2.000000E+02  1.110618E+00
  2.005000E+02  1.218173E+00
  2.010000E+02  1.309748E+00
  2.015000E+02  1.384896E+00
  2.020000E+02  1.443476E+00
  2.025000E+02  1.485640E+00
  2.030000E+02  1.511819E+00
  2.035000E+02  1.522705E+00
  2.040000E+02  1.519217E+00
  2.045000E+02  1.502473E+00
  2.050000E+02  1.473747E+00
  2.055000E+02  1.434434E+00
  2.060000E+02  1.386003E+00
  2.065000E+02  1.329955E+00
  2.070000E+02  1.267778E+00
  2.075000E+02  1.200908E+00
  2.080000E+02  1.130686E+00
  2.085000E+02  1.058327E+00
  2.090000E+02  9.848876E-01
  2.095000E+02  9.112430E-01
  2.100000E+02  8.380683E-01
  2.105000E+02  7.658291E-01
  2.110000E+02  6.947774E-01
  2.115000E+02  6.249565E-01
  2.120000E+02  5.562126E-01
  2.125000E+02  4.882130E-01
  2.130000E+02  4.204717E-01
  2.135000E+02  3.523803E-01
  2.140000E+02  2.832431E-01
  2.145000E+02  2.123167E-01
  2.150000E+02  1.388515E-01
  2.155000E+02  6.213504E-02
  2.160000E+02 -1.846570E-02
  2.165000E+02 -1.034629E-01
  2.170000E+02 -1.932098E-01
  2.175000E+02 -2.878665E-01
  2.180000E+02 -3.873711E-01
  2.185000E+02 -4.914180E-01
  2.190000E+02 -5.994422E-01
  2.195000E+02 -7.106132E-01
  2.200000E+02 -8.238359E-01
  2.205000E+02 -9.377613E-01
  2.210000E+02 -1.050806E+00
  2.215000E+02 -1.161177E+00
  2.220000E+02 -1.266914E+00
  2.225000E+02 -1.365922E+00
  2.230000E+02 -1.456029E+00
  2.235000E+02 -1.535037E+00
  2.240000E+02 -1.600777E+00
  2.245000E+02 -1.651175E+00
  2.250000E+02 -1.684307E+00
  2.255000E+02 -1.698460E+00
  2.260000E+02 -1.692192E+00
  2.265000E+02 -1.664380E+00
  2.270000E+02 -1.614273E+00
  2.275000E+02 -1.541525E+00
  2.280000E+02 -1.446228E+00
  2.285000E+02 -1.328934E+00
  2.290000E+02 -1.190668E+00
  2.295000E+02 -1.032920E+00
  2.300000E+02 -8.576388E-01
  2.305000E+02 -6.672056E-01
  2.310000E+02 -4.643984E-01
  2.315000E+02 -2.523458E-01
  2.320000E+02 -3.447065E-02
  2.325000E+02  1.855756E-01
  2.330000E+02  4.039858E-01
  2.335000E+02  6.168761E-01
  2.340000E+02  8.203692E-01
  2.345000E+02  1.010680E+00
  2.350000E+02  1.184201E+00
  2.355000E+02  1.337587E+00
  2.360000E+02  1.467835E+00
  2.365000E+02  1.572357E+00
  2.370000E+02  1.649049E+00
  2.375000E+02  1.696346E+00
  2.380000E+02  1.713270E+00
  2.385000E+02  1.699459E+00
  2.390000E+02  1.655191E+00
  2.395000E+02  1.581388E+00
  2.400000E+02  1.479605E+00
  2.405000E+02  1.352010E+00
  2.410000E+02  1.201341E+00
  2.415000E+02  1.030858E+00
  2.420000E+02  8.442751E-01
  2.425000E+02  6.456842E-01
  2.430000E+02  4.394701E-01
  2.435000E+02  2.302147E-01
  2.440000E+02  2.259700E-02
  2.445000E+02 -1.787117E-01
  2.450000E+02 -3.691528E-01
  2.455000E+02 -5.443853E-01
  2.460000E+02 -7.003865E-01
  2.465000E+02 -8.335474E-01
  2.470000E+02 -9.407590E-01
  2.475000E+02 -1.019489E+00
  2.480000E+02 -1.067847E+00
  2.485000E+02 -1.084632E+00
  2.490000E+02 -1.069371E+00
  2.495000E+02 -1.022336E+00
  2.500000E+02 -9.445448E-01
  2.505000E+02 -8.377501E-01
  2.510000E+02 -7.044029E-01
  2.515000E+02 -5.476070E-01
  2.520000E+02 -3.710543E-01
  2.525000E+02 -1.789473E-01
  2.530000E+02  2.409146E-02
  2.535000E+02  2.331203E-01
  2.540000E+02  4.429871E-01
  2.545000E+02  6.484450E-01
  2.550000E+02  8.442701E-01
  2.555000E+02  1.025381E+00
  2.560000E+02  1.186956E+00
  2.565000E+02  1.324543E+00
  2.570000E+02  1.434169E+00
  2.575000E+02  1.512430E+00
  2.580000E+02  1.556579E+00
  2.585000E+02  1.564592E+00
  2.590000E+02  1.535222E+00
  2.595000E+02  1.468037E+00
  2.600000E+02  1.363438E+00
  2.605000E+02  1.222662E+00
  2.610000E+02  1.047759E+00
  2.615000E+02  8.415624E-01
  2.620000E+02  6.076298E-01
  2.625000E+02  3.501774E-01
  2.630000E+02  7.399348E-02
  2.635000E+02 -2.156584E-01
  2.640000E+02 -5.131483E-01
  2.645000E+02 -8.125963E-01
  2.650000E+02 -1.107996E+00
  2.655000E+02 -1.393339E+00
  2.660000E+02 -1.662744E+00
  2.665000E+02 -1.910579E+00
  2.670000E+02 -2.131580E+00
  2.675000E+02 -2.320966E+00
  2.680000E+02 -2.474536E+00
  2.685000E+02 -2.588762E+00
  2.690000E+02 -2.660860E+00
  2.695000E+02 -2.688852E+00
  2.700000E+02 -2.671610E+00
  2.705000E+02 -2.608874E+00
  2.710000E+02 -2.501263E+00
  2.715000E+02 -2.350263E+00
  2.720000E+02 -2.158191E+00
  2.725000E+02 -1.928152E+00
  2.730000E+02 -1.663975E+00
  2.735000E+02 -1.370129E+00
  2.740000E+02 -1.051639E+00
  2.745000E+02 -7.139789E-01
  2.750000E+02 -3.629607E-01
  2.755000E+02 -4.620121E-03
  2.760000E+02  3.549051E-01
  2.765000E+02  7.094959E-01
  2.770000E+02  1.053171E+00
  2.775000E+02  1.380203E+00
  2.780000E+02  1.685224E+00
  2.785000E+02  1.963329E+00
  2.790000E+02  2.210159E+00
  2.795000E+02  2.421980E+00
  2.800000E+02  2.595747E+00
  2.805000E+02  2.729143E+00
  2.810000E+02  2.820618E+00
  2.815000E+02  2.869396E+00
  2.820000E+02  2.875478E+00
  2.825000E+02  2.839621E+00
  2.830000E+02  2.763307E+00
  2.835000E+02  2.648695E+00
  2.840000E+02  2.498562E+00
  2.845000E+02  2.316229E+00
  2.850000E+02  2.105484E+00
  2.855000E+02  1.870493E+00
  2.860000E+02  1.615707E+00
  2.865000E+02  1.345765E+00
  2.870000E+02  1.065400E+00
  2.875000E+02  7.793396E-01
  2.880000E+02  4.922177E-01
  2.885000E+02  2.084853E-01
  2.890000E+02 -6.766787E-02
  2.895000E+02 -3.323848E-01
  2.900000E+02 -5.822015E-01
  2.905000E+02 -8.140971E-01
  2.910000E+02 -1.025532E+00
  2.915000E+02 -1.214473E+00
  2.920000E+02 -1.379406E+00
  2.925000E+02 -1.519340E+00
  2.930000E+02 -1.633793E+00
  2.935000E+02 -1.722770E+00
  2.940000E+02 -1.786736E+00
  2.945000E+02 -1.826569E+00
  2.950000E+02 -1.843514E+00
  2.955000E+02 -1.839130E+00
  2.960000E+02 -1.815231E+00
  2.965000E+02 -1.773820E+00
  2.970000E+02 -1.717031E+00
  2.975000E+02 -1.647067E+00
  2.980000E+02 -1.566135E+00
  2.985000E+02 -1.476397E+00
  2.990000E+02 -1.379910E+00
  2.995000E+02 -1.278590E+00
  3.000000E+02 -1.174167E+00
  3.005000E+02 -1.068156E+00
  3.010000E+02 -9.618401E-01
  3.015000E+02 -8.562503E-01
  3.020000E+02 -7.521659E-01
  3.025000E+02 -6.501163E-01
  3.030000E+02 -5.503935E-01
  3.035000E+02 -4.530714E-01
  3.040000E+02 -3.580314E-01
  3.045000E+02 -2.649942E-01
  3.050000E+02 -1.735549E-01
  3.055000E+02 -8.322245E-02
  3.060000E+02  6.539789E-03
  3.065000E+02  9.627275E-02
  3.070000E+02  1.864810E-01
  3.075000E+02  2.775942E-01
  3.080000E+02  3.699317E-01
  3.085000E+02  4.636715E-01
  3.090000E+02  5.588246E-01
  3.095000E+02  6.552148E-01
  3.100000E+02  7.524655E-01
  3.105000E+02  8.499940E-01
  3.110000E+02  9.470120E-01
  3.115000E+02  1.042534E+00
  3.120000E+02  1.135392E+00
  3.125000E+02  1.224260E+00
  3.130000E+02  1.307678E+00
  3.135000E+02  1.384087E+00
  3.140000E+02  1.451870E+00
  3.145000E+02  1.509386E+00
  3.150000E+02  1.555022E+00
  3.155000E+02  1.587230E+00
  3.160000E+02  1.604575E+00
  3.165000E+02  1.605781E+00
  3.170000E+02  1.589766E+00
  3.175000E+02  1.555684E+00
  3.180000E+02  1.502955E+00
  3.185000E+02  1.431295E+00
  3.190000E+02  1.340735E+00
  3.195000E+02  1.231638E+00
  3.200000E+02  1.104702E+00
  3.205000E+02  9.609642E-01
  3.210000E+02  8.017900E-01
  3.215000E+02  6.288585E-01
  3.220000E+02  4.441396E-01
  3.225000E+02  2.498649E-01
  3.230000E+02  4.849166E-02
  3.235000E+02 -1.573379E-01
  3.240000E+02 -3.648423E-01
  3.245000E+02 -5.711493E-01
  3.250000E+02 -7.733478E-01
  3.255000E+02 -9.685402E-01
  3.260000E+02 -1.153895E+00
  3.265000E+02 -1.326699E+00
  3.270000E+02 -1.484408E+00
  3.275000E+02 -1.624690E+00
  3.280000E+02 -1.745473E+00
  3.285000E+02 -1.844976E+00
  3.290000E+02 -1.921746E+00
  3.295000E+02 -1.974683E+00
  3.300000E+02 -2.003055E+00
  3.305000E+02 -2.006510E+00
  3.310000E+02 -1.985085E+00
  3.315000E+02 -1.939196E+00
  3.320000E+02 -1.869633E+00
  3.325000E+02 -1.777538E+00
  3.330000E+02 -1.664385E+00
  3.335000E+02 -1.531949E+00
  3.340000E+02 -1.382272E+00
  3.345000E+02 -1.217625E+00
  3.350000E+02 -1.040463E+00
  3.355000E+02 -8.533831E-01
  3.360000E+02 -6.590762E-01
  3.365000E+02 -4.602818E-01
  3.370000E+02 -2.597399E-01
  3.375000E+02 -6.014634E-02
  3.380000E+02  1.358909E-01
  3.385000E+02  3.258917E-01
  3.390000E+02  5.075414E-01
  3.395000E+02  6.787226E-01
  3.400000E+02  8.375436E-01
  3.405000E+02  9.823614E-01
  3.410000E+02  1.111799E+00
  3.415000E+02  1.224757E+00
  3.420000E+02  1.320422E+00
  3.425000E+02  1.398266E+00
  3.430000E+02  1.458040E+00
  3.435000E+02  1.499772E+00
  3.440000E+02  1.523745E+00
  3.445000E+02  1.530487E+00
  3.450000E+02  1.520742E+00
  3.455000E+02  1.495453E+00
  3.460000E+02  1.455730E+00
  3.465000E+02  1.402825E+00
  3.470000E+02  1.338102E+00
  3.475000E+02  1.263005E+00
  3.480000E+02  1.179032E+00
  3.485000E+02  1.087700E+00
  3.490000E+02  9.905265E-01
  3.495000E+02  8.889942E-01
  3.500000E+02  7.845331E-01
  3.505000E+02  6.784971E-01
  3.510000E+02  5.721461E-01
  3.515000E+02  4.666307E-01
  3.520000E+02  3.629800E-01
  3.525000E+02  2.620923E-01
  3.530000E+02  1.647303E-01
  3.535000E+02  7.151806E-02
  3.540000E+02 -1.705830E-02
  3.545000E+02 -1.006467E-01
  3.550000E+02 -1.790232E-01
  3.555000E+02 -2.520831E-01
  3.560000E+02 -3.198300E-01
  3.565000E+02 -3.823639E-01
  3.570000E+02 -4.398663E-01
  3.575000E+02 -4.925857E-01
  3.580000E+02 -5.408213E-01
  3.585000E+02 -5.849074E-01
  3.590000E+02 -6.251964E-01
  3.595000E+02 -6.620435E-01
  3.600000E+02 -6.957913E-01
  3.605000E+02 -7.267554E-01
  3.610000E+02 -7.552115E-01
  3.615000E+02 -7.813838E-01
  3.620000E+02 -8.054352E-01
  3.625000E+02 -8.274594E-01
  3.630000E+02 -8.474748E-01
  3.635000E+02 -8.654213E-01
  3.640000E+02 -8.811584E-01
  3.645000E+02 -8.944661E-01
  3.650000E+02 -9.050483E-01
  3.655000E+02 -9.125381E-01
  3.660000E+02 -9.165054E-01
  3.665000E+02 -9.164664E-01
  3.670000E+02 -9.118959E-01
  3.675000E+02 -9.022399E-01
  3.680000E+02 -8.869312E-01
  3.685000E+02 -8.654051E-01
  3.690000E+02 -8.371169E-01
  3.695000E+02 -8.015598E-01
  3.700000E+02 -7.582831E-01
  3.705000E+02 -7.069100E-01
  3.710000E+02 -6.471559E-01
  3.715000E+02 -5.788451E-01
  3.720000E+02 -5.019264E-01
  3.725000E+02 -4.164876E-01
  3.730000E+02 -3.227673E-01
  3.735000E+02 -2.211648E-01
  3.740000E+02 -1.122472E-01
  3.745000E+02  3.246604E-03
  3.750000E+02  1.244053E-01
  3.755000E+02  2.501477E-01
  3.760000E+02  3.792297E-01
  3.765000E+02  5.102540E-01
  3.770000E+02  6.416849E-01
  3.775000E+02  7.718654E-01
  3.780000E+02  8.990393E-01
  3.785000E+02  1.021376E+00
  3.790000E+02  1.136998E+00
  3.795000E+02  1.244013E+00
  3.800000E+02  1.340546E+00
  3.805000E+02  1.424772E+00
  3.810000E+02  1.494957E+00
  3.815000E+02  1.549489E+00
  3.820000E+02  1.586916E+00
  3.825000E+02  1.605982E+00
  3.830000E+02  1.605658E+00
  3.835000E+02  1.585174E+00
  3.840000E+02  1.544044E+00
  3.845000E+02  1.482092E+00
  3.850000E+02  1.399467E+00
  3.855000E+02  1.296656E+00
  3.860000E+02  1.174494E+00
  3.865000E+02  1.034161E+00
  3.870000E+02  8.771753E-01
  3.875000E+02  7.053832E-01
  3.880000E+02  5.209369E-01
  3.885000E+02  3.262677E-01
  3.890000E+02  1.240534E-01
  3.895000E+02 -8.282200E-02
  3.900000E+02 -2.913127E-01
  3.905000E+02 -4.982615E-01
  3.910000E+02 -7.004532E-01
  3.915000E+02 -8.946714E-01
  3.920000E+02 -1.077758E+00
  3.925000E+02 -1.246671E+00
  3.930000E+02 -1.398545E+00
  3.935000E+02 -1.530749E+00
  3.940000E+02 -1.640939E+00
  3.945000E+02 -1.727111E+00
  3.950000E+02 -1.787641E+00
  3.955000E+02 -1.821329E+00
  3.960000E+02 -1.827428E+00
  3.965000E+02 -1.805663E+00
  3.970000E+02 -1.756251E+00
  3.975000E+02 -1.679902E+00
  3.980000E+02 -1.577811E+00
  3.985000E+02 -1.451646E+00
  3.990000E+02 -1.303521E+00
  3.995000E+02 -1.135961E+00
  4.000000E+02 -9.518584E-01
  4.005000E+02 -7.544202E-01
  4.010000E+02 -5.471087E-01
  4.015000E+02 -3.335762E-01
  4.020000E+02 -1.175947E-01
  4.025000E+02  9.701808E-02
  4.030000E+02  3.064740E-01
  4.035000E+02  5.070900E-01
  4.040000E+02  6.953624E-01
  4.045000E+02  8.680380E-01
  4.050000E+02  1.022180E+00
  4.055000E+02  1.155229E+00
  4.060000E+02  1.265054E+00
  4.065000E+02  1.349997E+00
  4.070000E+02  1.408907E+00
  4.075000E+02  1.441161E+00
  4.080000E+02  1.446676E+00
  4.085000E+02  1.425912E+00
  4.090000E+02  1.379852E+00
  4.095000E+02  1.309986E+00
  4.100000E+02  1.218274E+00
  4.105000E+02  1.107095E+00
  4.110000E+02  9.792003E-01
  4.115000E+02  8.376438E-01
  4.120000E+02  6.857153E-01
  4.125000E+02  5.268638E-01
  4.130000E+02  3.646192E-01
  4.135000E+02  2.025118E-01
  4.140000E+02  4.399186E-02
  4.145000E+02 -1.076484E-01
  4.150000E+02 -2.493491E-01
  4.155000E+02 -3.783507E-01
  4.160000E+02 -4.922556E-01
  4.165000E+02 -5.890798E-01
  4.170000E+02 -6.672952E-01
  4.175000E+02 -7.258601E-01
  4.180000E+02 -7.642385E-01
  4.185000E+02 -7.824060E-01
  4.190000E+02 -7.808442E-01
  4.195000E+02 -7.605216E-01
  4.200000E+02 -7.228633E-01
  4.205000E+02 -6.697088E-01
  4.210000E+02 -6.032599E-01
  4.215000E+02 -5.260196E-01
  4.220000E+02 -4.407235E-01
  4.225000E+02 -3.502651E-01
  4.230000E+02 -2.576176E-01
  4.235000E+02 -1.657542E-01
  4.240000E+02 -7.756725E-02
  4.245000E+02  4.209400E-03
  4.250000E+02  7.707415E-02
  4.255000E+02  1.388256E-01
  4.260000E+02  1.876227E-01
  4.265000E+02  2.220350E-01
  4.270000E+02  2.410833E-01
  4.275000E+02  2.442669E-01
  4.280000E+02  2.315803E-01
  4.285000E+02  2.035147E-01
  4.290000E+02  1.610481E-01
  4.295000E+02  1.056212E-01
  4.300000E+02  3.910124E-02
  4.305000E+02 -3.626562E-02
  4.310000E+02 -1.179129E-01
  4.315000E+02 -2.030213E-01
  4.320000E+02 -2.885936E-01
  4.325000E+02 -3.715352E-01
  4.330000E+02 -4.487383E-01
  4.335000E+02 -5.171679E-01
  4.340000E+02 -5.739461E-01
  4.345000E+02 -6.164347E-01
  4.350000E+02 -6.423120E-01
  4.355000E+02 -6.496428E-01
  4.360000E+02 -6.369402E-01
  4.365000E+02 -6.032154E-01
  4.370000E+02 -5.480172E-01
  4.375000E+02 -4.714575E-01
  4.380000E+02 -3.742232E-01
  4.385000E+02 -2.575743E-01
  4.390000E+02 -1.233264E-01
  4.395000E+02  2.617949E-02
  4.400000E+02  1.881216E-01
  4.405000E+02  3.592546E-01
  4.410000E+02  5.359781E-01
  4.415000E+02  7.144146E-01
  4.420000E+02  8.904966E-01
  4.425000E+02  1.060058E+00
  4.430000E+02  1.218933E+00
  4.435000E+02  1.363049E+00
  4.440000E+02  1.488531E+00
  4.445000E+02  1.591790E+00
  4.450000E+02  1.669614E+00
  4.455000E+02  1.719253E+00
  4.460000E+02  1.738485E+00
  4.465000E+02  1.725684E+00
  4.470000E+02  1.679861E+00
  4.475000E+02  1.600706E+00
  4.480000E+02  1.488601E+00
  4.485000E+02  1.344631E+00
  4.490000E+02  1.170565E+00
  4.495000E+02  9.688361E-01
  4.500000E+02  7.424949E-01
  4.505000E+02  4.951563E-01
  4.510000E+02  2.309300E-01
  4.515000E+02 -4.565962E-02
  4.520000E+02 -3.297628E-01
  4.525000E+02 -6.163021E-01
  4.530000E+02 -9.000750E-01
  4.535000E+02 -1.175860E+00
  4.540000E+02 -1.438522E+00
  4.545000E+02 -1.683122E+00
  4.550000E+02 -1.905012E+00
  4.555000E+02 -2.099937E+00
  4.560000E+02 -2.264117E+00
  4.565000E+02 -2.394328E+00
  4.570000E+02 -2.487967E+00
  4.575000E+02 -2.543101E+00
  4.580000E+02 -2.558511E+00
  4.585000E+02 -2.533710E+00
  4.590000E+02 -2.468956E+00
  4.595000E+02 -2.365240E+00
  4.600000E+02 -2.224267E+00
  4.605000E+02 -2.048418E+00
  4.610000E+02 -1.840698E+00
  4.615000E+02 -1.604675E+00
  4.620000E+02 -1.344404E+00
  4.625000E+02 -1.064346E+00
  4.630000E+02 -7.692771E-01
  4.635000E+02 -4.641899E-01
  4.640000E+02 -1.541987E-01
  4.645000E+02  1.555631E-01
  4.650000E+02  4.600405E-01
  4.655000E+02  7.543534E-01
  4.660000E+02  1.033886E+00
  4.665000E+02  1.294372E+00
  4.670000E+02  1.531965E+00
  4.675000E+02  1.743308E+00
  4.680000E+02  1.925582E+00
  4.685000E+02  2.076552E+00
  4.690000E+02  2.194589E+00
  4.695000E+02  2.278689E+00
  4.700000E+02  2.328475E+00
  4.705000E+02  2.344182E+00
  4.710000E+02  2.326637E+00
  4.715000E+02  2.277225E+00
  4.720000E+02  2.197840E+00
  4.725000E+02  2.090832E+00
  4.730000E+02  1.958946E+00
  4.735000E+02  1.805254E+00
  4.740000E+02  1.633078E+00
  4.745000E+02  1.445920E+00
  4.750000E+02  1.247383E+00
  4.755000E+02  1.041093E+00
  4.760000E+02  8.306319E-01
  4.765000E+02  6.194624E-01
  4.770000E+02  4.108672E-01
  4.775000E+02  2.078911E-01
  4.780000E+02  1.329178E-02
  4.785000E+02 -1.705010E-01
  4.790000E+02 -3.414172E-01
  4.795000E+02 -4.977681E-01
  4.800000E+02 -6.382591E-01
  4.805000E+02 -7.619920E-01
  4.810000E+02 -8.684584E-01
  4.815000E+02 -9.575242E-01
  4.820000E+02 -1.029406E+00
  4.825000E+02 -1.084641E+00
  4.830000E+02 -1.124050E+00
  4.835000E+02 -1.148693E+00
  4.840000E+02 -1.159827E+00
  4.845000E+02 -1.158860E+00
  4.850000E+02 -1.147294E+00
  4.855000E+02 -1.126684E+00
  4.860000E+02 -1.098588E+00
  4.865000E+02 -1.064522E+00
  4.870000E+02 -1.025919E+00
  4.875000E+02 -9.840937E-01
  4.880000E+02 -9.402105E-01
  4.885000E+02 -8.952608E-01
  4.890000E+02 -8.500441E-01
  4.895000E+02 -8.051570E-01
  4.900000E+02 -7.609896E-01
  4.905000E+02 -7.177280E-01
  4.910000E+02 -6.753641E-01
  4.915000E+02 -6.337112E-01
  4.920000E+02 -5.924252E-01
  4.925000E+02 -5.510308E-01
  4.930000E+02 -5.089512E-01
  4.935000E+02 -4.655411E-01
  4.940000E+02 -4.201218E-01
  4.945000E+02 -3.720171E-01
  4.950000E+02 -3.205887E-01
  4.955000E+02 -2.652708E-01
  4.960000E+02 -2.056023E-01
  4.965000E+02 -1.412560E-01
  4.970000E+02 -7.206314E-02
  4.975000E+02  1.965755E-03
  4.980000E+02  8.062657E-02
  4.985000E+02  1.635124E-01
  4.990000E+02  2.500107E-01
  4.995000E+02  3.393071E-01
  5.000000E+02  4.303949E-01
  5.005000E+02  5.220910E-01
  5.010000E+02  6.130579E-01
  5.015000E+02  7.018301E-01
  5.020000E+02  7.868462E-01
  5.025000E+02  8.664837E-01
  5.030000E+02  9.390982E-01
  5.035000E+02  1.003063E+00
  5.040000E+02  1.056811E+00
  5.045000E+02  1.098875E+00
  5.050000E+02  1.127931E+00
  5.055000E+02  1.142834E+00
  5.060000E+02  1.142653E+00
  5.065000E+02  1.126702E+00
  5.070000E+02  1.094569E+00
  5.075000E+02  1.046135E+00
  5.080000E+02  9.815854E-01
  5.085000E+02  9.014233E-01
  5.090000E+02  8.064665E-01
  5.095000E+02  6.978423E-01
  5.100000E+02  5.769744E-01
  5.105000E+02  4.455618E-01
  5.110000E+02  3.055530E-01
  5.115000E+02  1.591122E-01
  5.120000E+02  8.581527E-03
  5.125000E+02 -1.435620E-01
  5.130000E+02 -2.947530E-01
  5.135000E+02 -4.423872E-01
  5.140000E+02 -5.838719E-01
  5.145000E+02 -7.166782E-01
  5.150000E+02 -8.383913E-01
  5.155000E+02 -9.467602E-01
  5.160000E+02 -1.039744E+00
  5.165000E+02 -1.115554E+00
  5.170000E+02 -1.172694E+00
  5.175000E+02 -1.209990E+00
  5.180000E+02 -1.226615E+00
  5.185000E+02 -1.222115E+00
  5.190000E+02 -1.196412E+00
  5.195000E+02 -1.149814E+00
  5.200000E+02 -1.083012E+00
  5.205000E+02 -9.970631E-01
  5.210000E+02 -8.933785E-01
  5.215000E+02 -7.736942E-01
  5.220000E+02 -6.400400E-01
  5.225000E+02 -4.947022E-01
  5.230000E+02 -3.401801E-01
  5.235000E+02 -1.791398E-01
  5.240000E+02 -1.436392E-02
  5.245000E+02  1.512997E-01
  5.250000E+02  3.149911E-01
  5.255000E+02  4.738907E-01
  5.260000E+02  6.252705E-01
  5.265000E+02  7.665430E-01
  5.270000E+02  8.953073E-01
  5.275000E+02  1.009390E+00
  5.280000E+02  1.106882E+00
  5.285000E+02  1.186169E+00
  5.290000E+02  1.245959E+00
  5.295000E+02  1.285297E+00
  5.300000E+02  1.303578E+00
  5.305000E+02  1.300553E+00
  5.310000E+02  1.276324E+00
  5.315000E+02  1.231341E+00
  5.320000E+02  1.166382E+00
  5.325000E+02  1.082535E+00
  5.330000E+02  9.811733E-01
  5.335000E+02  8.639249E-01
  5.340000E+02  7.326401E-01
  5.345000E+02  5.893554E-01
  5.350000E+02  4.362551E-01
  5.355000E+02  2.756329E-01
  5.360000E+02  1.098525E-01
  5.365000E+02 -5.869096E-02
  5.370000E+02 -2.276083E-01
  5.375000E+02 -3.945518E-01
  5.380000E+02 -5.572476E-01
  5.385000E+02 -7.135258E-01
  5.390000E+02 -8.613469E-01
  5.395000E+02 -9.988240E-01
  5.400000E+02 -1.124242E+00
  5.405000E+02 -1.236073E+00
  5.410000E+02 -1.332986E+00
  5.415000E+02 -1.413855E+00
  5.420000E+02 -1.477764E+00
  5.425000E+02 -1.524008E+00
  5.430000E+02 -1.552089E+00
  5.435000E+02 -1.561715E+00
  5.440000E+02 -1.552791E+00
  5.445000E+02 -1.525416E+00
  5.450000E+02 -1.479871E+00
  5.455000E+02 -1.416612E+00
  5.460000E+02 -1.336259E+00
  5.465000E+02 -1.239592E+00
  5.470000E+02 -1.127536E+00
  5.475000E+02 -1.001158E+00
  5.480000E+02 -8.616566E-01
  5.485000E+02 -7.103548E-01
  5.490000E+02 -5.486944E-01
  5.495000E+02 -3.782283E-01
  5.500000E+02 -2.006142E-01
  5.505000E+02 -1.760704E-02
  5.510000E+02  1.689484E-01
  5.515000E+02  3.571265E-01
  5.520000E+02  5.449313E-01
  5.525000E+02  7.303084E-01
  5.530000E+02  9.111590E-01
  5.535000E+02  1.085356E+00
  5.540000E+02  1.250765E+00
  5.545000E+02  1.405263E+00
  5.550000E+02  1.546763E+00
  5.555000E+02  1.673243E+00
  5.560000E+02  1.782774E+00
  5.565000E+02  1.873547E+00
  5.570000E+02  1.943910E+00
  5.575000E+02  1.992401E+00
  5.580000E+02  2.017777E+00
  5.585000E+02  2.019047E+00
  5.590000E+02  1.995509E+00
  5.595000E+02  1.946769E+00
  5.600000E+02  1.872775E+00
  5.605000E+02  1.773832E+00
  5.610000E+02  1.650619E+00
  5.615000E+02  1.504199E+00
  5.620000E+02  1.336025E+00
  5.625000E+02  1.147929E+00
  5.630000E+02  9.421159E-01
  5.635000E+02  7.211414E-01
  5.640000E+02  4.878826E-01
  5.645000E+02  2.455031E-01
  5.650000E+02 -2.591740E-03
  5.655000E+02 -2.528062E-01
  5.660000E+02 -5.014117E-01
  5.665000E+02 -7.446103E-01
  5.670000E+02 -9.786021E-01
  5.675000E+02 -1.199656E+00
  5.680000E+02 -1.404182E+00
  5.685000E+02 -1.588804E+00
  5.690000E+02 -1.750428E+00
  5.695000E+02 -1.886313E+00
  5.700000E+02 -1.994130E+00
  5.705000E+02 -2.072019E+00
  5.710000E+02 -2.118636E+00
  5.715000E+02 -2.133191E+00
  5.720000E+02 -2.115474E+00
  5.725000E+02 -2.065870E+00
  5.730000E+02 -1.985366E+00
  5.735000E+02 -1.875533E+00
  5.740000E+02 -1.738509E+00
  5.745000E+02 -1.576959E+00
  5.750000E+02 -1.394030E+00
  5.755000E+02 -1.193287E+00
  5.760000E+02 -9.786408E-01
  5.765000E+02 -7.542744E-01
  5.770000E+02 -5.245495E-01
  5.775000E+02 -2.939163E-01
  5.780000E+02 -6.681691E-02
  5.785000E+02  1.524123E-01
  5.790000E+02  3.596368E-01
  5.795000E+02  5.510168E-01
  5.800000E+02  7.230944E-01
  5.805000E+02  8.728725E-01
  5.810000E+02  9.978836E-01
  5.815000E+02  1.096248E+00
  5.820000E+02  1.166715E+00
  5.825000E+02  1.208696E+00
  5.830000E+02  1.222275E+00
  5.835000E+02  1.208204E+00
  5.840000E+02  1.167890E+00
  5.845000E+02  1.103352E+00
  5.850000E+02  1.017178E+00
  5.855000E+02  9.124548E-01
  5.860000E+02  7.926916E-01
  5.865000E+02  6.617323E-01
  5.870000E+02  5.236568E-01
  5.875000E+02  3.826771E-01
  5.880000E+02  2.430286E-01
  5.885000E+02  1.088611E-01
  5.890000E+02 -1.586993E-02
  5.895000E+02 -1.275063E-01
  5.900000E+02 -2.227843E-01
  5.905000E+02 -2.989219E-01
  5.910000E+02 -3.536939E-01
  5.915000E+02 -3.854935E-01
  5.920000E+02 -3.933776E-01
  5.925000E+02 -3.770956E-01
  5.930000E+02 -3.371003E-01
  5.935000E+02 -2.745401E-01
  5.940000E+02 -1.912326E-01
  5.945000E+02 -8.962113E-02
  5.950000E+02  2.728620E-02
  5.955000E+02  1.559930E-01
  5.960000E+02  2.926044E-01
  5.965000E+02  4.329285E-01
  5.970000E+02  5.725866E-01
  5.975000E+02  7.071296E-01
  5.980000E+02  8.321574E-01
  5.985000E+02  9.434383E-01
  5.990000E+02  1.037026E+00
  5.995000E+02  1.109367E+00
  6.000000E+02  1.157407E+00
  6.005000E+02  1.178673E+00
  6.010000E+02  1.171353E+00
  6.015000E+02  1.134353E+00
  6.020000E+02  1.067337E+00
  6.025000E+02  9.707454E-01
  6.030000E+02  8.457998E-01
  6.035000E+02  6.944802E-01
  6.040000E+02  5.194867E-01
  6.045000E+02  3.241802E-01
  6.050000E+02  1.125060E-01
  6.055000E+02 -1.110983E-01
  6.060000E+02 -3.418094E-01
  6.065000E+02 -5.745353E-01
  6.070000E+02 -8.040404E-01
  6.075000E+02 -1.025076E+00
  6.080000E+02 -1.232510E+00
  6.085000E+02 -1.421460E+00
  6.090000E+02 -1.587416E+00
  6.095000E+02 -1.726355E+00
  6.100000E+02 -1.834846E+00
  6.105000E+02 -1.910144E+00
  6.110000E+02 -1.950256E+00
  6.115000E+02 -1.954001E+00
  6.120000E+02 -1.921043E+00
  6.125000E+02 -1.851902E+00
  6.130000E+02 -1.747946E+00
  6.135000E+02 -1.611362E+00
  6.140000E+02 -1.445103E+00
  6.145000E+02 -1.252813E+00
  6.150000E+02 -1.038748E+00
  6.155000E+02 -8.076582E-01
  6.160000E+02 -5.646813E-01
  6.165000E+02 -3.152079E-01
  6.170000E+02 -6.474923E-02
  6.175000E+02  1.812011E-01
  6.180000E+02  4.173046E-01
  6.185000E+02  6.385114E-01
  6.190000E+02  8.401866E-01
  6.195000E+02  1.018225E+00
  6.200000E+02  1.169155E+00
  6.205000E+02  1.290221E+00
  6.210000E+02  1.379450E+00
  6.215000E+02  1.435701E+00
  6.220000E+02  1.458685E+00
  6.225000E+02  1.448970E+00
  6.230000E+02  1.407959E+00
  6.235000E+02  1.337845E+00
  6.240000E+02  1.241553E+00
  6.245000E+02  1.122652E+00
  6.250000E+02  9.852588E-01
  6.255000E+02  8.339196E-01
  6.260000E+02  6.734882E-01
  6.265000E+02  5.089899E-01
  6.270000E+02  3.454832E-01
  6.275000E+02  1.879206E-01
  6.280000E+02  4.101145E-02
  6.285000E+02 -9.090786E-02
  6.290000E+02 -2.039947E-01
  6.295000E+02 -2.950072E-01
  6.300000E+02 -3.613956E-01
  6.305000E+02 -4.013745E-01
  6.310000E+02 -4.139757E-01
  6.315000E+02 -3.990773E-01
  6.320000E+02 -3.574117E-01
  6.325000E+02 -2.905493E-01
  6.330000E+02 -2.008593E-01
  6.335000E+02 -9.144935E-02
  6.340000E+02  3.391611E-02
  6.345000E+02  1.709155E-01
  6.350000E+02  3.147857E-01
  6.355000E+02  4.604507E-01
  6.360000E+02  6.026596E-01
  6.365000E+02  7.361309E-01
  6.370000E+02  8.556990E-01
  6.375000E+02  9.564594E-01
  6.380000E+02  1.033908E+00
  6.385000E+02  1.084072E+00
  6.390000E+02  1.103628E+00
  6.395000E+02  1.090004E+00
  6.400000E+02  1.041467E+00
  6.405000E+02  9.571801E-01
  6.410000E+02  8.372504E-01
  6.415000E+02  6.827427E-01
  6.420000E+02  4.956734E-01
  6.425000E+02  2.789798E-01
  6.430000E+02  3.646542E-02
  6.435000E+02 -2.272777E-01
  6.440000E+02 -5.069665E-01
  6.445000E+02 -7.967432E-01
  6.450000E+02 -1.090307E+00
  6.455000E+02 -1.381060E+00
  6.460000E+02 -1.662257E+00
  6.465000E+02 -1.927166E+00
  6.470000E+02 -2.169231E+00
  6.475000E+02 -2.382223E+00
  6.480000E+02 -2.560396E+00
  6.485000E+02 -2.698628E+00
  6.490000E+02 -2.792544E+00
  6.495000E+02 -2.838633E+00
  6.500000E+02 -2.834337E+00
  6.505000E+02 -2.778120E+00
  6.510000E+02 -2.669519E+00
  6.515000E+02 -2.509164E+00
  6.520000E+02 -2.298776E+00
  6.525000E+02 -2.041144E+00
  6.530000E+02 -1.740071E+00
  6.535000E+02 -1.400299E+00
  6.540000E+02 -1.027418E+00
  6.545000E+02 -6.277506E-01
  6.550000E+02 -2.082202E-01
  6.555000E+02  2.237900E-01
  6.560000E+02  6.605917E-01
  6.565000E+02  1.094350E+00
  6.570000E+02  1.517245E+00
  6.575000E+02  1.921635E+00
  6.580000E+02  2.300210E+00
  6.585000E+02  2.646142E+00
  6.590000E+02  2.953219E+00
  6.595000E+02  3.215972E+00
  6.600000E+02  3.429775E+00
  6.605000E+02  3.590932E+00
  6.610000E+02  3.696746E+00
  6.615000E+02  3.745558E+00
  6.620000E+02  3.736773E+00
  6.625000E+02  3.670849E+00
  6.630000E+02  3.549283E+00
  6.635000E+02  3.374560E+00
  6.640000E+02  3.150087E+00
  6.645000E+02  2.880112E+00
  6.650000E+02  2.569623E+00
  6.655000E+02  2.224237E+00
  6.660000E+02  1.850076E+00
  6.665000E+02  1.453635E+00
  6.670000E+02  1.041650E+00
  6.675000E+02  6.209621E-01
  6.680000E+02  1.983787E-01
  6.685000E+02 -2.194510E-01
  6.690000E+02 -6.261606E-01
  6.695000E+02 -1.015778E+00
  6.700000E+02 -1.382826E+00
  6.705000E+02 -1.722405E+00
  6.710000E+02 -2.030271E+00
  6.715000E+02 -2.302879E+00
  6.720000E+02 -2.537429E+00
  6.725000E+02 -2.731883E+00
  6.730000E+02 -2.884963E+00
  6.735000E+02 -2.996146E+00
  6.740000E+02 -3.065627E+00
  6.745000E+02 -3.094282E+00
  6.750000E+02 -3.083609E+00
  6.755000E+02 -3.035663E+00
  6.760000E+02 -2.952985E+00
  6.765000E+02 -2.838517E+00
  6.770000E+02 -2.695522E+00
  6.775000E+02 -2.527496E+00
  6.780000E+02 -2.338084E+00
  6.785000E+02 -2.130996E+00
  6.790000E+02 -1.909930E+00
  6.795000E+02 -1.678501E+00
  6.800000E+02 -1.440172E+00
  6.805000E+02 -1.198206E+00
  6.810000E+02 -9.556146E-01
  6.815000E+02 -7.151237E-01
  6.820000E+02 -4.791512E-01
  6.825000E+02 -2.497903E-01
  6.830000E+02 -2.880684E-02
  6.835000E+02  1.823561E-01
  6.840000E+02  3.825635E-01
  6.845000E+02  5.709666E-01
  6.850000E+02  7.469752E-01
  6.855000E+02  9.102241E-01
  6.860000E+02  1.060537E+00
  6.865000E+02  1.197888E+00
  6.870000E+02  1.322362E+00
  6.875000E+02  1.434118E+00
  6.880000E+02  1.533352E+00
  6.885000E+02  1.620266E+00
  6.890000E+02  1.695040E+00
  6.895000E+02  1.757810E+00
  6.900000E+02  1.808652E+00
  6.905000E+02  1.847573E+00
  6.910000E+02  1.874507E+00
  6.915000E+02  1.889321E+00
  6.920000E+02  1.891820E+00
  6.925000E+02  1.881770E+00
  6.930000E+02  1.858911E+00
  6.935000E+02  1.822987E+00
  6.940000E+02  1.773772E+00
  6.945000E+02  1.711099E+00
  6.950000E+02  1.634892E+00
  6.955000E+02  1.545193E+00
  6.960000E+02  1.442193E+00
  6.965000E+02  1.326258E+00
  6.970000E+02  1.197945E+00
  6.975000E+02  1.058023E+00
  6.980000E+02  9.074817E-01
  6.985000E+02  7.475347E-01
  6.990000E+02  5.796175E-01
  6.995000E+02  4.053769E-01
  7.000000E+02  2.266538E-01
  7.005000E+02  4.545906E-02
  7.010000E+02 -1.360571E-01
  7.015000E+02 -3.156415E-01
  7.020000E+02 -4.909792E-01
  7.025000E+02 -6.597389E-01
  7.030000E+02 -8.196211E-01
  7.035000E+02 -9.684076E-01
  7.040000E+02 -1.104012E+00
  7.045000E+02 -1.224527E+00
  7.050000E+02 -1.328271E+00
  7.055000E+02 -1.413834E+00
  7.060000E+02 -1.480107E+00
  7.065000E+02 -1.526322E+00
  7.070000E+02 -1.552069E+00
  7.075000E+02 -1.557315E+00
  7.080000E+02 -1.542410E+00
  7.085000E+02 -1.508087E+00
  7.090000E+02 -1.455448E+00
  7.095000E+02 -1.385946E+00
  7.100000E+02 -1.301354E+00
  7.105000E+02 -1.203731E+00
  7.110000E+02 -1.095375E+00
  7.115000E+02 -9.787718E-01
  7.120000E+02 -8.565408E-01
  7.125000E+02 -7.313727E-01
  7.130000E+02 -6.059679E-01
  7.135000E+02 -4.829724E-01
  7.140000E+02 -3.649154E-01
  7.145000E+02 -2.541478E-01
  7.150000E+02 -1.527857E-01
  7.155000E+02 -6.265809E-02
  7.160000E+02  1.473779E-02
  7.165000E+02  7.827419E-02
  7.170000E+02  1.272213E-01
  7.175000E+02  1.612663E-01
  7.180000E+02  1.805214E-01
  7.185000E+02  1.855226E-01
  7.190000E+02  1.772166E-01
  7.195000E+02  1.569376E-01
  7.200000E+02  1.263743E-01
  7.205000E+02  8.752687E-02
  7.210000E+02  4.265646E-02
  7.215000E+02 -5.773491E-03
  7.220000E+02 -5.516134E-02
  7.225000E+02 -1.028359E-01
  7.230000E+02 -1.461278E-01
  7.235000E+02 -1.824422E-01
  7.240000E+02 -2.093302E-01
  7.245000E+02 -2.245585E-01
  7.250000E+02 -2.261743E-01
  7.255000E+02 -2.125648E-01
  7.260000E+02 -1.825087E-01
  7.265000E+02 -1.352199E-01
  7.270000E+02 -7.038003E-02
  7.275000E+02  1.183849E-02
  7.280000E+02  1.107621E-01
  7.285000E+02  2.252173E-01
  7.290000E+02  3.535439E-01
  7.295000E+02  4.936204E-01
  7.300000E+02  6.429018E-01
  7.305000E+02  7.984666E-01
  7.310000E+02  9.570760E-01
  7.315000E+02  1.115240E+00
  7.320000E+02  1.269292E+00
  7.325000E+02  1.415471E+00
  7.330000E+02  1.550001E+00
  7.335000E+02  1.669183E+00
  7.340000E+02  1.769478E+00
  7.345000E+02  1.847597E+00
  7.350000E+02  1.900576E+00
  7.355000E+02  1.925858E+00
  7.360000E+02  1.921357E+00
  7.365000E+02  1.885525E+00
  7.370000E+02  1.817394E+00
  7.375000E+02  1.716620E+00
  7.380000E+02  1.583505E+00
  7.385000E+02  1.419011E+00
  7.390000E+02  1.224759E+00
  7.395000E+02  1.003011E+00
  7.400000E+02  7.566445E-01
  7.405000E+02  4.891059E-01
  7.410000E+02  2.043584E-01
  7.415000E+02 -9.318674E-02
  7.420000E+02 -3.987467E-01
  7.425000E+02 -7.072539E-01
  7.430000E+02 -1.013449E+00
  7.435000E+02 -1.311980E+00
  7.440000E+02 -1.597506E+00
  7.445000E+02 -1.864797E+00
  7.450000E+02 -2.108840E+00
  7.455000E+02 -2.324942E+00
  7.460000E+02 -2.508816E+00
  7.465000E+02 -2.656681E+00
  7.470000E+02 -2.765333E+00
  7.475000E+02 -2.832218E+00
  7.480000E+02 -2.855492E+00
  7.485000E+02 -2.834060E+00
  7.490000E+02 -2.767613E+00
  7.495000E+02 -2.656641E+00
  7.500000E+02 -2.502432E+00
  7.505000E+02 -2.307064E+00
  7.510000E+02 -2.073368E+00
  7.515000E+02 -1.804889E+00
  7.520000E+02 -1.505830E+00
  7.525000E+02 -1.180976E+00
  7.530000E+02 -8.356156E-01
  7.535000E+02 -4.754497E-01
  7.540000E+02 -1.064896E-01
  7.545000E+02  2.650489E-01
  7.550000E+02  6.328563E-01
  7.555000E+02  9.906426E-01
  7.560000E+02  1.332251E+00
  7.565000E+02  1.651771E+00
  7.570000E+02  1.943641E+00
  7.575000E+02  2.202758E+00
  7.580000E+02  2.424564E+00
  7.585000E+02  2.605134E+00
  7.590000E+02  2.741246E+00
  7.595000E+02  2.830445E+00
  7.600000E+02  2.871088E+00
  7.605000E+02  2.862374E+00
  7.610000E+02  2.804363E+00
  7.615000E+02  2.697977E+00
  7.620000E+02  2.544985E+00
  7.625000E+02  2.347975E+00
  7.630000E+02  2.110309E+00
  7.635000E+02  1.836064E+00
  7.640000E+02  1.529963E+00
  7.645000E+02  1.197291E+00
  7.650000E+02  8.438035E-01
  7.655000E+02  4.756237E-01
  7.660000E+02  9.913728E-02
  7.665000E+02 -2.791214E-01
  7.670000E+02 -6.525836E-01
  7.675000E+02 -1.014761E+00
  7.680000E+02 -1.359362E+00
  7.685000E+02 -1.680397E+00
  7.690000E+02 -1.972289E+00
  7.695000E+02 -2.229967E+00
  7.700000E+02 -2.448956E+00
  7.705000E+02 -2.625452E+00
  7.710000E+02 -2.756391E+00
  7.715000E+02 -2.839499E+00
  7.720000E+02 -2.873331E+00
  7.725000E+02 -2.857294E+00
  7.730000E+02 -2.791655E+00
  7.735000E+02 -2.677534E+00
  7.740000E+02 -2.516883E+00
  7.745000E+02 -2.312448E+00
  7.750000E+02 -2.067718E+00
  7.755000E+02 -1.786864E+00
  7.760000E+02 -1.474660E+00
  7.765000E+02 -1.136401E+00
  7.770000E+02 -7.778048E-01
  7.775000E+02 -4.049112E-01
  7.780000E+02 -2.397689E-02
  7.785000E+02  3.586361E-01
  7.790000E+02  7.365719E-01
  7.795000E+02  1.103591E+00
  7.800000E+02  1.453677E+00
  7.805000E+02  1.781144E+00
  7.810000E+02  2.080725E+00
  7.815000E+02  2.347668E+00
  7.820000E+02  2.577810E+00
  7.825000E+02  2.767645E+00
  7.830000E+02  2.914378E+00
  7.835000E+02  3.015964E+00
  7.840000E+02  3.071140E+00
  7.845000E+02  3.079433E+00
  7.850000E+02  3.041161E+00
  7.855000E+02  2.957415E+00
  7.860000E+02  2.830027E+00
  7.865000E+02  2.661533E+00
  7.870000E+02  2.455108E+00
  7.875000E+02  2.214508E+00
  7.880000E+02  1.943987E+00
  7.885000E+02  1.648217E+00
  7.890000E+02  1.332193E+00
  7.895000E+02  1.001141E+00
  7.900000E+02  6.604194E-01
  7.905000E+02  3.154178E-01
  7.910000E+02 -2.853700E-02
  7.915000E+02 -3.662768E-01
  7.920000E+02 -6.928802E-01
  7.925000E+02 -1.003755E+00
  7.930000E+02 -1.294711E+00
  7.935000E+02 -1.562027E+00
  7.940000E+02 -1.802499E+00
  7.945000E+02 -2.013487E+00
  7.950000E+02 -2.192940E+00
  7.955000E+02 -2.339414E+00
  7.960000E+02 -2.452078E+00
  7.965000E+02 -2.530700E+00
  7.970000E+02 -2.575631E+00
  7.975000E+02 -2.587768E+00
  7.980000E+02 -2.568516E+00
  7.985000E+02 -2.519733E+00
  7.990000E+02 -2.443671E+00
  7.995000E+02 -2.342909E+00
  8.000000E+02 -2.220287E+00
  8.005000E+02 -2.078826E+00
  8.010000E+02 -1.921660E+00
  8.015000E+02 -1.751961E+00
  8.020000E+02 -1.572866E+00
  8.025000E+02 -1.387413E+00
  8.030000E+02 -1.198479E+00
  8.035000E+02 -1.008727E+00
  8.040000E+02 -8.205617E-01
  8.045000E+02 -6.360891E-01
  8.050000E+02 -4.570945E-01
  8.055000E+02 -2.850243E-01
  8.060000E+02 -1.209797E-01
  8.065000E+02  3.427811E-02
  8.070000E+02  1.803142E-01
  8.075000E+02  3.169967E-01
  8.080000E+02  4.444655E-01
  8.085000E+02  5.630931E-01
  8.090000E+02  6.734413E-01
  8.095000E+02  7.762117E-01
  8.100000E+02  8.721952E-01
  8.105000E+02  9.622191E-01
  8.110000E+02  1.047096E+00
  8.115000E+02  1.127572E+00
  8.120000E+02  1.204286E+00
  8.125000E+02  1.277723E+00
  8.130000E+02  1.348184E+00
  8.135000E+02  1.415759E+00
  8.140000E+02  1.480308E+00
  8.145000E+02  1.541454E+00
  8.150000E+02  1.598582E+00
  8.155000E+02  1.650850E+00
  8.160000E+02  1.697210E+00
  8.165000E+02  1.736435E+00
  8.170000E+02  1.767155E+00
  8.175000E+02  1.787903E+00
  8.180000E+02  1.797164E+00
  8.185000E+02  1.793426E+00
  8.190000E+02  1.775242E+00
  8.195000E+02  1.741282E+00
  8.200000E+02  1.690395E+00
  8.205000E+02  1.621661E+00
  8.210000E+02  1.534441E+00
  8.215000E+02  1.428423E+00
  8.220000E+02  1.303659E+00
  8.225000E+02  1.160590E+00
  8.230000E+02  1.000070E+00
  8.235000E+02  8.233670E-01
  8.240000E+02  6.321630E-01
  8.245000E+02  4.285374E-01
  8.250000E+02  2.149396E-01
  8.255000E+02 -5.849703E-03
  8.260000E+02 -2.307673E-01
  8.265000E+02 -4.565261E-01
  8.270000E+02 -6.796821E-01
  8.275000E+02 -8.967077E-01
  8.280000E+02 -1.104070E+00
  8.285000E+02 -1.298311E+00
  8.290000E+02 -1.476132E+00
  8.295000E+02 -1.634471E+00
  8.300000E+02 -1.770582E+00
  8.305000E+02 -1.882107E+00
  8.310000E+02 -1.967135E+00
  8.315000E+02 -2.024261E+00
  8.320000E+02 -2.052628E+00
  8.325000E+02 -2.051956E+00
  8.330000E+02 -2.022557E+00
  8.335000E+02 -1.965339E+00
  8.340000E+02 -1.881796E+00
  8.345000E+02 -1.773975E+00
  8.350000E+02 -1.644437E+00
  8.355000E+02 -1.496203E+00
  8.360000E+02 -1.332683E+00
  8.365000E+02 -1.157599E+00
  8.370000E+02 -9.748976E-01
  8.375000E+02 -7.886557E-01
  8.380000E+02 -6.029797E-01
  8.385000E+02 -4.219053E-01
  8.390000E+02 -2.492964E-01
  8.395000E+02 -8.874759E-02
  8.400000E+02  5.650801E-02
  8.405000E+02  1.836826E-01
  8.410000E+02  2.905069E-01
  8.415000E+02  3.752911E-01
  8.420000E+02  4.369710E-01
  8.425000E+02  4.751391E-01
  8.430000E+02  4.900582E-01
  8.435000E+02  4.826579E-01
  8.440000E+02  4.545137E-01
  8.445000E+02  4.078083E-01
  8.450000E+02  3.452771E-01
  8.455000E+02  2.701373E-01
  8.460000E+02  1.860046E-01
  8.465000E+02  9.679652E-02
  8.470000E+02  6.627961E-03
  8.475000E+02 -8.030147E-02
  8.480000E+02 -1.598234E-01
  8.485000E+02 -2.279179E-01
  8.490000E+02 -2.808287E-01
  8.495000E+02 -3.151735E-01
  8.500000E+02 -3.280464E-01
  8.505000E+02 -3.171092E-01
  8.510000E+02 -2.806698E-01
  8.515000E+02 -2.177455E-01
  8.520000E+02 -1.281078E-01
  8.525000E+02 -1.230968E-02
  8.530000E+02  1.283076E-01
  8.535000E+02  2.916280E-01
  8.540000E+02  4.747942E-01
  8.545000E+02  6.742608E-01
  8.550000E+02  8.858666E-01
  8.555000E+02  1.104924E+00
  8.560000E+02  1.326321E+00
  8.565000E+02  1.544644E+00
  8.570000E+02  1.754298E+00
  8.575000E+02  1.949646E+00
  8.580000E+02  2.125144E+00
  8.585000E+02  2.275481E+00
  8.590000E+02  2.395714E+00
  8.595000E+02  2.481399E+00
  8.600000E+02  2.528707E+00
  8.605000E+02  2.534533E+00
  8.610000E+02  2.496588E+00
  8.615000E+02  2.413472E+00
  8.620000E+02  2.284728E+00
  8.625000E+02  2.110874E+00
  8.630000E+02  1.893417E+00
  8.635000E+02  1.634833E+00
  8.640000E+02  1.338541E+00
  8.645000E+02  1.008839E+00
  8.650000E+02  6.508289E-01
  8.655000E+02  2.703178E-01
  8.660000E+02 -1.262956E-01
  8.665000E+02 -5.321506E-01
  8.670000E+02 -9.400649E-01
  8.675000E+02 -1.342684E+00
  8.680000E+02 -1.732635E+00
  8.685000E+02 -2.102683E+00
  8.690000E+02 -2.445882E+00
  8.695000E+02 -2.755726E+00
  8.700000E+02 -3.026286E+00
  8.705000E+02 -3.252335E+00
  8.710000E+02 -3.429464E+00
  8.715000E+02 -3.554171E+00
  8.720000E+02 -3.623936E+00
  8.725000E+02 -3.637277E+00
  8.730000E+02 -3.593776E+00
  8.735000E+02 -3.494089E+00
  8.740000E+02 -3.339929E+00
  8.745000E+02 -3.134030E+00
  8.750000E+02 -2.880083E+00
  8.755000E+02 -2.582658E+00
  8.760000E+02 -2.247109E+00
  8.765000E+02 -1.879455E+00
  8.770000E+02 -1.486258E+00
  8.775000E+02 -1.074483E+00
  8.780000E+02 -6.513596E-01
  8.785000E+02 -2.242284E-01
  8.790000E+02  1.996001E-01
  8.795000E+02  6.129916E-01
  8.800000E+02  1.009126E+00
  8.805000E+02  1.381624E+00
  8.810000E+02  1.724667E+00
  8.815000E+02  2.033093E+00
  8.820000E+02  2.302489E+00
  8.825000E+02  2.529257E+00
  8.830000E+02  2.710662E+00
  8.835000E+02  2.844862E+00
  8.840000E+02  2.930919E+00
  8.845000E+02  2.968792E+00
  8.850000E+02  2.959304E+00
  8.855000E+02  2.904103E+00
  8.860000E+02  2.805598E+00
  8.865000E+02  2.666885E+00
  8.870000E+02  2.491658E+00
  8.875000E+02  2.284121E+00
  8.880000E+02  2.048877E+00
  8.885000E+02  1.790828E+00
  8.890000E+02  1.515062E+00
  8.895000E+02  1.226749E+00
  8.900000E+02  9.310390E-01
  8.905000E+02  6.329585E-01
  8.910000E+02  3.373262E-01
  8.915000E+02  4.866940E-02
  8.920000E+02 -2.288448E-01
  8.925000E+02 -4.914675E-01
  8.930000E+02 -7.359124E-01
  8.935000E+02 -9.593885E-01
  8.940000E+02 -1.159618E+00
  8.945000E+02 -1.334843E+00
  8.950000E+02 -1.483819E+00
  8.955000E+02 -1.605798E+00
  8.960000E+02 -1.700503E+00
  8.965000E+02 -1.768089E+00
  8.970000E+02 -1.809104E+00
  8.975000E+02 -1.824440E+00
  8.980000E+02 -1.815283E+00
  8.985000E+02 -1.783058E+00
  8.990000E+02 -1.729382E+00
  8.995000E+02 -1.656004E+00
  9.000000E+02 -1.564767E+00
  9.005000E+02 -1.457556E+00
  9.010000E+02 -1.336266E+00
  9.015000E+02 -1.202763E+00
  9.020000E+02 -1.058863E+00
  9.025000E+02 -9.063148E-01
  9.030000E+02 -7.467810E-01
  9.035000E+02 -5.818387E-01
  9.040000E+02 -4.129777E-01
  9.045000E+02 -2.416071E-01
  9.050000E+02 -6.906594E-02
  9.055000E+02  1.033629E-01
  9.060000E+02  2.744359E-01
  9.065000E+02  4.429318E-01
  9.070000E+02  6.076337E-01
  9.075000E+02  7.673132E-01
  9.080000E+02  9.207166E-01
  9.085000E+02  1.066554E+00
  9.090000E+02  1.203496E+00
  9.095000E+02  1.330167E+00
  9.100000E+02  1.445156E+00
  9.105000E+02  1.547025E+00
  9.110000E+02  1.634321E+00
  9.115000E+02  1.705605E+00
  9.120000E+02  1.759471E+00
  9.125000E+02  1.794585E+00
  9.130000E+02  1.809712E+00
  9.135000E+02  1.803762E+00
  9.140000E+02  1.775822E+00
  9.145000E+02  1.725197E+00
  9.150000E+02  1.651452E+00
  9.155000E+02  1.554443E+00
  9.160000E+02  1.434347E+00
  9.165000E+02  1.291696E+00
  9.170000E+02  1.127387E+00
  9.175000E+02  9.427028E-01
  9.180000E+02  7.393120E-01
  9.185000E+02  5.192652E-01
  9.190000E+02  2.849816E-01
  9.195000E+02  3.922528E-02
  9.200000E+02 -2.149269E-01
  9.205000E+02 -4.741272E-01
  9.210000E+02 -7.348061E-01
  9.215000E+02 -9.932299E-01
  9.220000E+02 -1.245563E+00
  9.225000E+02 -1.487938E+00
  9.230000E+02 -1.716523E+00
  9.235000E+02 -1.927600E+00
  9.240000E+02 -2.117634E+00
  9.245000E+02 -2.283346E+00
  9.250000E+02 -2.421779E+00
  9.255000E+02 -2.530365E+00
  9.260000E+02 -2.606977E+00
  9.265000E+02 -2.649977E+00
  9.270000E+02 -2.658258E+00
  9.275000E+02 -2.631267E+00
  9.280000E+02 -2.569023E+00
  9.285000E+02 -2.472126E+00
  9.290000E+02 -2.341742E+00
  9.295000E+02 -2.179592E+00
  9.300000E+02 -1.987916E+00
  9.305000E+02 -1.769432E+00
  9.310000E+02 -1.527289E+00
  9.315000E+02 -1.265002E+00
  9.320000E+02 -9.863854E-01
  9.325000E+02 -6.954842E-01
  9.330000E+02 -3.964916E-01
  9.335000E+02 -9.367272E-02
  9.340000E+02  2.087157E-01
  9.345000E+02  5.065034E-01
  9.350000E+02  7.956812E-01
  9.355000E+02  1.072470E+00
  9.360000E+02  1.333387E+00
  9.365000E+02  1.575295E+00
  9.370000E+02  1.795454E+00
  9.375000E+02  1.991555E+00
  9.380000E+02  2.161746E+00
  9.385000E+02  2.304645E+00
  9.390000E+02  2.419347E+00
  9.395000E+02  2.505414E+00
  9.400000E+02  2.562856E+00
  9.405000E+02  2.592110E+00
  9.410000E+02  2.593999E+00
  9.415000E+02  2.569695E+00
  9.420000E+02  2.520666E+00
  9.425000E+02  2.448626E+00
  9.430000E+02  2.355480E+00
  9.435000E+02  2.243270E+00
  9.440000E+02  2.114115E+00
  9.445000E+02  1.970165E+00
  9.450000E+02  1.813544E+00
  9.455000E+02  1.646313E+00
  9.460000E+02  1.470426E+00
  9.465000E+02  1.287704E+00
  9.470000E+02  1.099809E+00
  9.475000E+02  9.082293E-01
  9.480000E+02  7.142733E-01
  9.485000E+02  5.190712E-01
  9.490000E+02  3.235834E-01
  9.495000E+02  1.286180E-01
  9.500000E+02 -6.514719E-02
  9.505000E+02 -2.571365E-01
  9.510000E+02 -4.468446E-01
  9.515000E+02 -6.338021E-01
  9.520000E+02 -8.175398E-01
  9.525000E+02 -9.975539E-01
  9.530000E+02 -1.173273E+00
  9.535000E+02 -1.344027E+00
  9.540000E+02 -1.509025E+00
  9.545000E+02 -1.667331E+00
  9.550000E+02 -1.817856E+00
  9.555000E+02 -1.959354E+00
  9.560000E+02 -2.090419E+00
  9.565000E+02 -2.209504E+00
  9.570000E+02 -2.314940E+00
  9.575000E+02 -2.404961E+00
  9.580000E+02 -2.477747E+00
  9.585000E+02 -2.531461E+00
  9.590000E+02 -2.564302E+00
  9.595000E+02 -2.574557E+00
  9.600000E+02 -2.560658E+00
  9.605000E+02 -2.521240E+00
  9.610000E+02 -2.455198E+00
  9.615000E+02 -2.361741E+00
  9.620000E+02 -2.240444E+00
  9.625000E+02 -2.091294E+00
  9.630000E+02 -1.914726E+00
  9.635000E+02 -1.711655E+00
  9.640000E+02 -1.483489E+00
  9.645000E+02 -1.232144E+00
  9.650000E+02 -9.600337E-01
  9.655000E+02 -6.700534E-01
  9.660000E+02 -3.655533E-01
  9.665000E+02 -5.029389E-02
  9.670000E+02  2.716066E-01
  9.675000E+02  5.957373E-01
  9.680000E+02  9.174692E-01
  9.685000E+02  1.232038E+00
  9.690000E+02  1.534632E+00
  9.695000E+02  1.820489E+00
  9.700000E+02  2.084990E+00
  9.705000E+02  2.323754E+00
  9.710000E+02  2.532738E+00
  9.715000E+02  2.708321E+00
  9.720000E+02  2.847390E+00
  9.725000E+02  2.947414E+00
  9.730000E+02  3.006507E+00
  9.735000E+02  3.023476E+00
  9.740000E+02  2.997866E+00
  9.745000E+02  2.929971E+00
  9.750000E+02  2.820847E+00
  9.755000E+02  2.672299E+00
  9.760000E+02  2.486855E+00
  9.765000E+02  2.267719E+00
  9.770000E+02  2.018718E+00
  9.775000E+02  1.744226E+00
  9.780000E+02  1.449079E+00
  9.785000E+02  1.138481E+00
  9.790000E+02  8.178990E-01
  9.795000E+02  4.929501E-01
  9.800000E+02  1.692898E-01
  9.805000E+02 -1.475056E-01
  9.810000E+02 -4.520529E-01
  9.815000E+02 -7.392718E-01
  9.820000E+02 -1.004489E+00
  9.825000E+02 -1.243533E+00
  9.830000E+02 -1.452816E+00
  9.835000E+02 -1.629404E+00
  9.840000E+02 -1.771074E+00
  9.845000E+02 -1.876350E+00
  9.850000E+02 -1.944527E+00
  9.855000E+02 -1.975674E+00
  9.860000E+02 -1.970623E+00
  9.865000E+02 -1.930935E+00
  9.870000E+02 -1.858859E+00
  9.875000E+02 -1.757265E+00
  9.880000E+02 -1.629571E+00
  9.885000E+02 -1.479655E+00
  9.890000E+02 -1.311761E+00
  9.895000E+02 -1.130392E+00
  9.900000E+02 -9.402014E-01
  9.905000E+02 -7.458845E-01
  9.910000E+02 -5.520673E-01
  9.915000E+02 -3.632006E-01
  9.920000E+02 -1.834584E-01
  9.925000E+02 -1.664654E-02
  9.930000E+02  1.338803E-01
  9.935000E+02  2.652876E-01
  9.940000E+02  3.753174E-01
  9.945000E+02  4.623286E-01
  9.950000E+02  5.253221E-01
  9.955000E+02  5.639495E-01
  9.960000E+02  5.785055E-01
  9.965000E+02  5.699039E-01
  9.970000E+02  5.396397E-01
  9.975000E+02  4.897361E-01
  9.980000E+02  4.226800E-01
  9.985000E+02  3.413466E-01
  9.990000E+02  2.489158E-01
  9.995000E+02  1.487822E-01
  1.000000E+03  4.446143E-02
  1.000500E+03 -6.050504E-02
  1.001000E+03 -1.626435E-01
  1.001500E+03 -2.586386E-01
  1.002000E+03 -3.454176E-01
  1.002500E+03 -4.202272E-01
  1.003000E+03 -4.807004E-01
  1.003500E+03 -5.249115E-01
  1.004000E+03 -5.514196E-01
  1.004500E+03 -5.592972E-01
  1.005000E+03 -5.481458E-01
  1.005500E+03 -5.180966E-01
  1.006000E+03 -4.697977E-01
  1.006500E+03 -4.043873E-01
  1.007000E+03 -3.234548E-01
  1.007500E+03 -2.289904E-01
  1.008000E+03 -1.233254E-01
  1.008500E+03 -9.064063E-03
  1.009000E+03  1.109902E-01
  1.009500E+03  2.339123E-01
  1.010000E+03  3.567354E-01
  1.010500E+03  4.765291E-01
  1.011000E+03  5.904764E-01
  1.011500E+03  6.959449E-01
  1.012000E+03  7.905521E-01
  1.012500E+03  8.722222E-01
  1.013000E+03  9.392338E-01
  1.013500E+03  9.902560E-01
  1.014000E+03  1.024374E+00
  1.014500E+03  1.041102E+00
  1.015000E+03  1.040385E+00
  1.015500E+03  1.022586E+00
  1.016000E+03  9.884675E-01
  1.016500E+03  9.391539E-01
  1.017000E+03  8.760942E-01
  1.017500E+03  8.010095E-01
  1.018000E+03  7.158377E-01
  1.018500E+03  6.226723E-01
  1.019000E+03  5.236992E-01
  1.019500E+03  4.211323E-01
  1.020000E+03  3.171503E-01
  1.020500E+03  2.138362E-01
  1.021000E+03  1.131222E-01
  1.021500E+03  1.673987E-02
  1.022000E+03 -7.382103E-02
  1.022500E+03 -1.573459E-01
  1.023000E+03 -2.329185E-01
  1.023500E+03 -2.999343E-01
  1.024000E+03 -3.581030E-01
  1.024500E+03 -4.074415E-01
  1.025000E+03 -4.482564E-01
  1.025500E+03 -4.811174E-01
  1.026000E+03 -5.068227E-01
  1.026500E+03 -5.263569E-01
  1.027000E+03 -5.408440E-01
  1.027500E+03 -5.514955E-01
  1.028000E+03 -5.595571E-01
  1.028500E+03 -5.662540E-01
  1.029000E+03 -5.727381E-01
  1.029500E+03 -5.800377E-01
  1.030000E+03 -5.890123E-01
  1.030500E+03 -6.003125E-01
  1.031000E+03 -6.143492E-01
  1.031500E+03 -6.312692E-01
  1.032000E+03 -6.509414E-01
  1.032500E+03 -6.729530E-01
  1.033000E+03 -6.966152E-01
  1.033500E+03 -7.209792E-01
  1.034000E+03 -7.448623E-01
  1.034500E+03 -7.668821E-01
  1.035000E+03 -7.855002E-01
  1.035500E+03 -7.990709E-01
  1.036000E+03 -8.058969E-01
  1.036500E+03 -8.042879E-01
  1.037000E+03 -7.926217E-01
  1.037500E+03 -7.694046E-01
  1.038000E+03 -7.333316E-01
  1.038500E+03 -6.833415E-01
  1.039000E+03 -6.186678E-01
  1.039500E+03 -5.388824E-01
  1.040000E+03 -4.439304E-01
  1.040500E+03 -3.341560E-01
  1.041000E+03 -2.103175E-01
  1.041500E+03 -7.359081E-02
  1.042000E+03  7.443864E-02
  1.042500E+03  2.317953E-01
  1.043000E+03  3.961451E-01
  1.043500E+03  5.648371E-01
  1.044000E+03  7.349561E-01
  1.044500E+03  9.033827E-01
  1.045000E+03  1.066862E+00
  1.045500E+03  1.222077E+00
  1.046000E+03  1.365727E+00
  1.046500E+03  1.494605E+00
  1.047000E+03  1.605678E+00
  1.047500E+03  1.696163E+00
  1.048000E+03  1.763602E+00
  1.048500E+03  1.805925E+00
  1.049000E+03  1.821508E+00
  1.049500E+03  1.809222E+00
  1.050000E+03  1.768474E+00
  1.050500E+03  1.699224E+00
  1.051000E+03  1.602007E+00
  1.051500E+03  1.477923E+00
  1.052000E+03  1.328630E+00
  1.052500E+03  1.156310E+00
  1.053000E+03  9.636331E-01
  1.053500E+03  7.537049E-01
  1.054000E+03  5.300023E-01
  1.054500E+03  2.963034E-01
  1.055000E+03  5.660803E-02
  1.055500E+03 -1.849458E-01
  1.056000E+03 -4.241698E-01
  1.056500E+03 -6.569143E-01
  1.057000E+03 -8.791560E-01
  1.057500E+03 -1.087083E+00
  1.058000E+03 -1.277175E+00
  1.058500E+03 -1.446274E+00
  1.059000E+03 -1.591654E+00
  1.059500E+03 -1.711067E+00
  1.060000E+03 -1.802792E+00
  1.060500E+03 -1.865666E+00
  1.061000E+03 -1.899094E+00
  1.061500E+03 -1.903061E+00
  1.062000E+03 -1.878119E+00
  1.062500E+03 -1.825367E+00
  1.063000E+03 -1.746415E+00
  1.063500E+03 -1.643340E+00
  1.064000E+03 -1.518633E+00
  1.064500E+03 -1.375133E+00
  1.065000E+03 -1.215956E+00
  1.065500E+03 -1.044426E+00
  1.066000E+03 -8.639898E-01
  1.066500E+03 -6.781452E-01
  1.067000E+03 -4.903582E-01
  1.067500E+03 -3.039905E-01
  1.068000E+03 -1.222286E-01
  1.068500E+03  5.197963E-02
  1.069000E+03  2.159818E-01
  1.069500E+03  3.674678E-01
  1.070000E+03  5.045079E-01
  1.070500E+03  6.255789E-01
  1.071000E+03  7.295809E-01
  1.071500E+03  8.158422E-01
  1.072000E+03  8.841132E-01
  1.072500E+03  9.345510E-01
  1.073000E+03  9.676935E-01
  1.073500E+03  9.844254E-01
  1.074000E+03  9.859367E-01
  1.074500E+03  9.736755E-01
  1.075000E+03  9.492953E-01
  1.075500E+03  9.146004E-01
  1.076000E+03  8.714894E-01
  1.076500E+03  8.218985E-01
  1.077000E+03  7.677476E-01
  1.077500E+03  7.108877E-01
  1.078000E+03  6.530551E-01
  1.078500E+03  5.958289E-01
  1.079000E+03  5.405966E-01
  1.079500E+03  4.885263E-01
  1.080000E+03  4.405467E-01
  1.080500E+03  3.973356E-01
  1.081000E+03  3.593154E-01
  1.081500E+03  3.266577E-01
  1.082000E+03  2.992948E-01
  1.082500E+03  2.769375E-01
  1.083000E+03  2.590995E-01
  1.083500E+03  2.451268E-01
  1.084000E+03  2.342310E-01
  1.084500E+03  2.255245E-01
  1.085000E+03  2.180589E-01
  1.085500E+03  2.108622E-01
  1.086000E+03  2.029759E-01
  1.086500E+03  1.934902E-01
  1.087000E+03  1.815759E-01
  1.087500E+03  1.665124E-01
  1.088000E+03  1.477112E-01
  1.088500E+03  1.247344E-01
  1.089000E+03  9.730652E-02
  1.089500E+03  6.532214E-02
  1.090000E+03  2.884612E-02
  1.090500E+03 -1.189093E-02
  1.091000E+03 -5.650292E-02
  1.091500E+03 -1.044632E-01
  1.092000E+03 -1.551236E-01
  1.092500E+03 -2.077373E-01
  1.093000E+03 -2.614835E-01
  1.093500E+03 -3.154943E-01
  1.094000E+03 -3.688819E-01
  1.094500E+03 -4.207655E-01
  1.095000E+03 -4.702976E-01
  1.095500E+03 -5.166870E-01
  1.096000E+03 -5.592201E-01
  1.096500E+03 -5.972783E-01
  1.097000E+03 -6.303513E-01
  1.097500E+03 -6.580466E-01
  1.098000E+03 -6.800934E-01
  1.098500E+03 -6.963433E-01
  1.099000E+03 -7.067654E-01
  1.099500E+03 -7.114384E-01
  1.100000E+03 -7.105374E-01
  1.100500E+03 -7.043197E-01
  1.101000E+03 -6.931059E-01
  1.101500E+03 -6.772612E-01
  1.102000E+03 -6.571746E-01
  1.102500E+03 -6.332386E-01
  1.103000E+03 -6.058295E-01
  1.103500E+03 -5.752896E-01
  1.104000E+03 -5.419115E-01
  1.104500E+03 -5.059256E-01
  1.105000E+03 -4.674911E-01
  1.105500E+03 -4.266914E-01
  1.106000E+03 -3.835332E-01
  1.106500E+03 -3.379505E-01
  1.107000E+03 -2.898129E-01
  1.107500E+03 -2.389381E-01
  1.108000E+03 -1.851080E-01
  1.108500E+03 -1.280884E-01
  1.109000E+03 -6.765079E-02
  1.109500E+03 -3.596805E-03
  1.110000E+03  6.421721E-02
  1.110500E+03  1.358551E-01
  1.111000E+03  2.112770E-01
  1.111500E+03  2.903171E-01
  1.112000E+03  3.726644E-01
  1.112500E+03  4.578477E-01
  1.113000E+03  5.452242E-01
  1.113500E+03  6.339737E-01
  1.114000E+03  7.230996E-01
  1.114500E+03  8.114340E-01
  1.115000E+03  8.976510E-01
  1.115500E+03  9.802850E-01
  1.116000E+03  1.057756E+00
  1.116500E+03  1.128400E+00
  1.117000E+03  1.190504E+00
  1.117500E+03  1.242346E+00
  1.118000E+03  1.282242E+00
  1.118500E+03  1.308582E+00
  1.119000E+03  1.319889E+00
  1.119500E+03  1.314854E+00
  1.120000E+03  1.292388E+00
  1.120500E+03  1.251661E+00
  1.121000E+03  1.192140E+00
  1.121500E+03  1.113620E+00
  1.122000E+03  1.016256E+00
  1.122500E+03  9.005709E-01
  1.123000E+03  7.674758E-01
  1.123500E+03  6.182652E-01
  1.124000E+03  4.546112E-01
  1.124500E+03  2.785457E-01
  1.125000E+03  9.243368E-02
  1.125500E+03 -1.010624E-01
  1.126000E+03 -2.990266E-01
  1.126500E+03 -4.983411E-01
  1.127000E+03 -6.957444E-01
  1.127500E+03 -8.878943E-01
  1.128000E+03 -1.071435E+00
  1.128500E+03 -1.243068E+00
  1.129000E+03 -1.399620E+00
  1.129500E+03 -1.538114E+00
  1.130000E+03 -1.655833E+00
  1.130500E+03 -1.750387E+00
  1.131000E+03 -1.819765E+00
  1.131500E+03 -1.862386E+00
  1.132000E+03 -1.877137E+00
  1.132500E+03 -1.863407E+00
  1.133000E+03 -1.821104E+00
  1.133500E+03 -1.750667E+00
  1.134000E+03 -1.653057E+00
  1.134500E+03 -1.529751E+00
  1.135000E+03 -1.382708E+00
  1.135500E+03 -1.214337E+00
  1.136000E+03 -1.027450E+00
  1.136500E+03 -8.252029E-01
  1.137000E+03 -6.110359E-01
  1.137500E+03 -3.886002E-01
  1.138000E+03 -1.616846E-01
  1.138500E+03  6.586242E-02
  1.139000E+03  2.902115E-01
  1.139500E+03  5.076306E-01
  1.140000E+03  7.145601E-01
  1.140500E+03  9.076843E-01
  1.141000E+03  1.083996E+00
  1.141500E+03  1.240855E+00
  1.142000E+03  1.376035E+00
  1.142500E+03  1.487762E+00
  1.143000E+03  1.574745E+00
  1.143500E+03  1.636189E+00
  1.144000E+03  1.671799E+00
  1.144500E+03  1.681777E+00
  1.145000E+03  1.666798E+00
  1.145500E+03  1.627987E+00
  1.146000E+03  1.566873E+00
  1.146500E+03  1.485348E+00
  1.147000E+03  1.385605E+00
  1.147500E+03  1.270082E+00
  1.148000E+03  1.141396E+00
  1.148500E+03  1.002273E+00
  1.149000E+03  8.554832E-01
  1.149500E+03  7.037700E-01
  1.150000E+03  5.497898E-01
  1.150500E+03  3.960513E-01
  1.151000E+03  2.448622E-01
  1.151500E+03  9.828413E-02
  1.152000E+03 -4.190399E-02
  1.152500E+03 -1.742335E-01
  1.153000E+03 -2.975629E-01
  1.153500E+03 -4.110847E-01
  1.154000E+03 -5.143215E-01
  1.154500E+03 -6.071119E-01
  1.155000E+03 -6.895874E-01
  1.155500E+03 -7.621402E-01
  1.156000E+03 -8.253831E-01
  1.156500E+03 -8.801039E-01
  1.157000E+03 -9.272144E-01
  1.157500E+03 -9.676973E-01
  1.158000E+03 -1.002550E+00
  1.158500E+03 -1.032732E+00
  1.159000E+03 -1.059111E+00
  1.159500E+03 -1.082413E+00
  1.160000E+03 -1.103187E+00
  1.160500E+03 -1.121759E+00
  1.161000E+03 -1.138214E+00
  1.161500E+03 -1.152374E+00
  1.162000E+03 -1.163793E+00
  1.162500E+03 -1.171756E+00
  1.163000E+03 -1.175298E+00
  1.163500E+03 -1.173228E+00
  1.164000E+03 -1.164161E+00
  1.164500E+03 -1.146564E+00
  1.165000E+03 -1.118808E+00
  1.165500E+03 -1.079229E+00
  1.166000E+03 -1.026191E+00
  1.166500E+03 -9.581537E-01
  1.167000E+03 -8.737425E-01
  1.167500E+03 -7.718175E-01
  1.168000E+03 -6.515390E-01
  1.168500E+03 -5.124291E-01
  1.169000E+03 -3.544262E-01
  1.169500E+03 -1.779304E-01
  1.170000E+03  1.616100E-02
  1.170500E+03  2.264303E-01
  1.171000E+03  4.509293E-01
  1.171500E+03  6.871830E-01
  1.172000E+03  9.322077E-01
  1.172500E+03  1.182545E+00
  1.173000E+03  1.434308E+00
  1.173500E+03  1.683243E+00
  1.174000E+03  1.924807E+00
  1.174500E+03  2.154246E+00
  1.175000E+03  2.366700E+00
  1.175500E+03  2.557299E+00
  1.176000E+03  2.721276E+00
  1.176500E+03  2.854075E+00
  1.177000E+03  2.951471E+00
  1.177500E+03  3.009670E+00
  1.178000E+03  3.025423E+00
  1.178500E+03  2.996118E+00
  1.179000E+03  2.919870E+00
  1.179500E+03  2.795591E+00
  1.180000E+03  2.623056E+00
  1.180500E+03  2.402939E+00
  1.181000E+03  2.136843E+00
  1.181500E+03  1.827298E+00
  1.182000E+03  1.477754E+00
  1.182500E+03  1.092539E+00
  1.183000E+03  6.768051E-01
  1.183500E+03  2.364557E-01
  1.184000E+03 -2.219511E-01
  1.184500E+03 -6.913105E-01
  1.185000E+03 -1.164096E+00
  1.185500E+03 -1.632495E+00
  1.186000E+03 -2.088558E+00
  1.186500E+03 -2.524345E+00
  1.187000E+03 -2.932089E+00
  1.187500E+03 -3.304343E+00
  1.188000E+03 -3.634139E+00
  1.188500E+03 -3.915128E+00
  1.189000E+03 -4.141720E+00
  1.189500E+03 -4.309198E+00
  1.190000E+03 -4.413832E+00
  1.190500E+03 -4.452961E+00
  1.191000E+03 -4.425061E+00
  1.191500E+03 -4.329789E+00
  1.192000E+03 -4.168003E+00
  1.192500E+03 -3.941761E+00
  1.193000E+03 -3.654288E+00
  1.193500E+03 -3.309929E+00
  1.194000E+03 -2.914073E+00
  1.194500E+03 -2.473054E+00
  1.195000E+03 -1.994036E+00
  1.195500E+03 -1.484879E+00
  1.196000E+03 -9.539934E-01
  1.196500E+03 -4.101745E-01
  1.197000E+03  1.375610E-01
  1.197500E+03  6.801494E-01
  1.198000E+03  1.208653E+00
  1.198500E+03  1.714433E+00
  1.199000E+03  2.189309E+00
  1.199500E+03  2.625720E+00
  1.200000E+03  3.016862E+00
  1.200500E+03  3.356813E+00
  1.201000E+03  3.640642E+00
  1.201500E+03  3.864493E+00
  1.202000E+03  4.025649E+00
  1.202500E+03  4.122572E+00
  1.203000E+03  4.154914E+00
  1.203500E+03  4.123511E+00
  1.204000E+03  4.030348E+00
  1.204500E+03  3.878498E+00
  1.205000E+03  3.672050E+00
  1.205500E+03  3.416000E+00
  1.206000E+03  3.116144E+00
  1.206500E+03  2.778939E+00
  1.207000E+03  2.411363E+00
  1.207500E+03  2.020765E+00
  1.208000E+03  1.614706E+00
  1.208500E+03  1.200802E+00
  1.209000E+03  7.865668E-01
  1.209500E+03  3.792651E-01
  1.210000E+03 -1.423215E-02
  1.210500E+03 -3.875764E-01
  1.211000E+03 -7.350567E-01
  1.211500E+03 -1.051699E+00
  1.212000E+03 -1.333345E+00
  1.212500E+03 -1.576713E+00
  1.213000E+03 -1.779436E+00
  1.213500E+03 -1.940079E+00
  1.214000E+03 -2.058136E+00
  1.214500E+03 -2.134004E+00
  1.215000E+03 -2.168940E+00
  1.215500E+03 -2.164995E+00
  1.216000E+03 -2.124940E+00
  1.216500E+03 -2.052168E+00
  1.217000E+03 -1.950593E+00
  1.217500E+03 -1.824536E+00
  1.218000E+03 -1.678605E+00
  1.218500E+03 -1.517575E+00
  1.219000E+03 -1.346268E+00
  1.219500E+03 -1.169432E+00
  1.220000E+03 -9.916315E-01
  1.220500E+03 -8.171451E-01
  1.221000E+03 -6.498720E-01
  1.221500E+03 -4.932544E-01
  1.222000E+03 -3.502123E-01
  1.222500E+03 -2.230957E-01
  1.223000E+03 -1.136521E-01
  1.223500E+03 -2.301236E-02
  1.224000E+03  4.830833E-02
  1.224500E+03  1.003918E-01
  1.225000E+03  1.338835E-01
  1.225500E+03  1.499456E-01
  1.226000E+03  1.501970E-01
  1.226500E+03  1.366435E-01
  1.227000E+03  1.115999E-01
  1.227500E+03  7.760597E-02
  1.228000E+03  3.733983E-02
  1.228500E+03 -6.470281E-03
  1.229000E+03 -5.113201E-02
  1.229500E+03 -9.407104E-02
  1.230000E+03 -1.329070E-01
  1.230500E+03 -1.655211E-01
  1.231000E+03 -1.901138E-01
  1.231500E+03 -2.052514E-01
  1.232000E+03 -2.098998E-01
  1.232500E+03 -2.034457E-01
  1.233000E+03 -1.857036E-01
  1.233500E+03 -1.569106E-01
  1.234000E+03 -1.177073E-01
  1.234500E+03 -6.910727E-02
  1.235000E+03 -1.245557E-02
  1.235500E+03  5.062255E-02
  1.236000E+03  1.182803E-01
  1.236500E+03  1.885143E-01
  1.237000E+03  2.592326E-01
  1.237500E+03  3.283255E-01
  1.238000E+03  3.937352E-01
  1.238500E+03  4.535231E-01
  1.239000E+03  5.059326E-01
  1.239500E+03  5.494457E-01
  1.240000E+03  5.828314E-01
  1.240500E+03  6.051845E-01
  1.241000E+03  6.159543E-01
  1.241500E+03  6.149620E-01
  1.242000E+03  6.024057E-01
  1.242500E+03  5.788543E-01
  1.243000E+03  5.452292E-01
  1.243500E+03  5.027755E-01
  1.244000E+03  4.530227E-01
  1.244500E+03  3.977367E-01
  1.245000E+03  3.388642E-01
  1.245500E+03  2.784711E-01
  1.246000E+03  2.186777E-01
  1.246500E+03  1.615913E-01
  1.247000E+03  1.092389E-01
  1.247500E+03  6.350202E-02
  1.248000E+03  2.605551E-02
  1.248500E+03 -1.687761E-03
  1.249000E+03 -1.862494E-02
  1.249500E+03 -2.400212E-02
  1.250000E+03 -1.744326E-02
  1.250500E+03  1.031922E-03
  1.251000E+03  3.100175E-02
  1.251500E+03  7.164811E-02
  1.252000E+03  1.217738E-01
  1.252500E+03  1.798314E-01
  1.253000E+03  2.439622E-01
  1.253500E+03  3.120454E-01
  1.254000E+03  3.817549E-01
  1.254500E+03  4.506234E-01
  1.255000E+03  5.161102E-01
  1.255500E+03  5.756736E-01
  1.256000E+03  6.268430E-01
  1.256500E+03  6.672905E-01
  1.257000E+03  6.948994E-01
  1.257500E+03  7.078274E-01
  1.258000E+03  7.045639E-01
  1.258500E+03  6.839778E-01
  1.259000E+03  6.453562E-01
  1.259500E+03  5.884324E-01
  1.260000E+03  5.134012E-01
  1.260500E+03  4.209234E-01
  1.261000E+03  3.121169E-01
  1.261500E+03  1.885358E-01
  1.262000E+03  5.213801E-02
  1.262500E+03 -9.475782E-02
  1.263000E+03 -2.495255E-01
  1.263500E+03 -4.092927E-01
  1.264000E+03 -5.710087E-01
  1.264500E+03 -7.315174E-01
  1.265000E+03 -8.876331E-01
  1.265500E+03 -1.036217E+00
  1.266000E+03 -1.174255E+00
  1.266500E+03 -1.298925E+00
  1.267000E+03 -1.407670E+00
  1.267500E+03 -1.498256E+00
  1.268000E+03 -1.568825E+00
  1.268500E+03 -1.617936E+00
  1.269000E+03 -1.644597E+00
  1.269500E+03 -1.648289E+00
  1.270000E+03 -1.628967E+00
  1.270500E+03 -1.587061E+00
  1.271000E+03 -1.523457E+00
  1.271500E+03 -1.439473E+00
  1.272000E+03 -1.336813E+00
  1.272500E+03 -1.217528E+00
  1.273000E+03 -1.083954E+00
  1.273500E+03 -9.386511E-01
  1.274000E+03 -7.843385E-01
  1.274500E+03 -6.238212E-01
  1.275000E+03 -4.599208E-01
  1.275500E+03 -2.954058E-01
  1.276000E+03 -1.329244E-01
  1.276500E+03  2.505710E-02
  1.277000E+03  1.763099E-01
  1.277500E+03  3.188900E-01
  1.278000E+03  4.511763E-01
  1.278500E+03  5.718986E-01
  1.279000E+03  6.801550E-01
  1.279500E+03  7.754175E-01
  1.280000E+03  8.575270E-01
  1.280500E+03  9.266772E-01
  1.281000E+03  9.833879E-01
  1.281500E+03  1.028469E+00
  1.282000E+03  1.062979E+00
  1.282500E+03  1.088169E+00
  1.283000E+03  1.105434E+00
  1.283500E+03  1.116246E+00
  1.284000E+03  1.122100E+00
  1.284500E+03  1.124451E+00
  1.285000E+03  1.124655E+00
  1.285500E+03  1.123916E+00
  1.286000E+03  1.123240E+00
  1.286500E+03  1.123390E+00
  1.287000E+03  1.124858E+00
  1.287500E+03  1.127840E+00
  1.288000E+03  1.132222E+00
  1.288500E+03  1.137586E+00
  1.289000E+03  1.143210E+00
  1.289500E+03  1.148096E+00
  1.290000E+03  1.150998E+00
  1.290500E+03  1.150461E+00
  1.291000E+03  1.144871E+00
  1.291500E+03  1.132510E+00
  1.292000E+03  1.111618E+00
  1.292500E+03  1.080455E+00
  1.293000E+03  1.037365E+00
  1.293500E+03  9.808472E-01
  1.294000E+03  9.096151E-01
  1.294500E+03  8.226558E-01
  1.295000E+03  7.192830E-01
  1.295500E+03  5.991821E-01
  1.296000E+03  4.624457E-01
  1.296500E+03  3.095988E-01
  1.297000E+03  1.416121E-01
  1.297500E+03 -4.009622E-02
  1.298000E+03 -2.336716E-01
  1.298500E+03 -4.368465E-01
  1.299000E+03 -6.469759E-01
  1.299500E+03 -8.610838E-01
  1.300000E+03 -1.075921E+00
  1.300500E+03 -1.288029E+00
  1.301000E+03 -1.493816E+00
  1.301500E+03 -1.689635E+00
  1.302000E+03 -1.871864E+00
  1.302500E+03 -2.036992E+00
  1.303000E+03 -2.181701E+00
  1.303500E+03 -2.302946E+00
  1.304000E+03 -2.398032E+00
  1.304500E+03 -2.464677E+00
  1.305000E+03 -2.501075E+00
  1.305500E+03 -2.505947E+00
  1.306000E+03 -2.478569E+00
  1.306500E+03 -2.418805E+00
  1.307000E+03 -2.327112E+00
  1.307500E+03 -2.204538E+00
  1.308000E+03 -2.052705E+00
  1.308500E+03 -1.873776E+00
  1.309000E+03 -1.670413E+00
  1.309500E+03 -1.445722E+00
  1.310000E+03 -1.203185E+00
  1.310500E+03 -9.465850E-01
  1.311000E+03 -6.799284E-01
  1.311500E+03 -4.073556E-01
  1.312000E+03 -1.330538E-01
  1.312500E+03  1.388322E-01
  1.313000E+03  4.042870E-01
  1.313500E+03  6.595068E-01
  1.314000E+03  9.009765E-01
  1.314500E+03  1.125538E+00
  1.315000E+03  1.330447E+00
  1.315500E+03  1.513424E+00
  1.316000E+03  1.672687E+00
  1.316500E+03  1.806971E+00
  1.317000E+03  1.915541E+00
  1.317500E+03  1.998187E+00
  1.318000E+03  2.055199E+00
  1.318500E+03  2.087346E+00
  1.319000E+03  2.095827E+00
  1.319500E+03  2.082221E+00
  1.320000E+03  2.048427E+00
  1.320500E+03  1.996595E+00
  1.321000E+03  1.929057E+00
  1.321500E+03  1.848250E+00
  1.322000E+03  1.756640E+00
  1.322500E+03  1.656654E+00
  1.323000E+03  1.550607E+00
  1.323500E+03  1.440638E+00
  1.324000E+03  1.328660E+00
  1.324500E+03  1.216306E+00
  1.325000E+03  1.104901E+00
  1.325500E+03  9.954336E-01
  1.326000E+03  8.885446E-01
  1.326500E+03  7.845278E-01
  1.327000E+03  6.833430E-01
  1.327500E+03  5.846399E-01
  1.328000E+03  4.877938E-01
  1.328500E+03  3.919507E-01
  1.329000E+03  2.960812E-01
  1.329500E+03  1.990407E-01
  1.330000E+03  9.963418E-02
  1.330500E+03 -3.316072E-03
  1.331000E+03 -1.109022E-01
  1.331500E+03 -2.240647E-01
  1.332000E+03 -3.435294E-01
  1.332500E+03 -4.697516E-01
  1.333000E+03 -6.028671E-01
  1.333500E+03 -7.426531E-01
  1.334000E+03 -8.885006E-01
  1.334500E+03 -1.039398E+00
  1.335000E+03 -1.193929E+00
  1.335500E+03 -1.350284E+00
  1.336000E+03 -1.506281E+00
  1.336500E+03 -1.659406E+00
  1.337000E+03 -1.806862E+00
  1.337500E+03 -1.945628E+00
  1.338000E+03 -2.072533E+00
  1.338500E+03 -2.184331E+00
  1.339000E+03 -2.277788E+00
  1.339500E+03 -2.349769E+00
  1.340000E+03 -2.397331E+00
  1.340500E+03 -2.417807E+00
  1.341000E+03 -2.408896E+00
  1.341500E+03 -2.368741E+00
  1.342000E+03 -2.296000E+00
  1.342500E+03 -2.189907E+00
  1.343000E+03 -2.050319E+00
  1.343500E+03 -1.877753E+00
  1.344000E+03 -1.673405E+00
  1.344500E+03 -1.439154E+00
  1.345000E+03 -1.177545E+00
  1.345500E+03 -8.917652E-01
  1.346000E+03 -5.855931E-01
  1.346500E+03 -2.633403E-01
  1.347000E+03  7.022545E-02
  1.347500E+03  4.099678E-01
  1.348000E+03  7.504809E-01
  1.348500E+03  1.086197E+00
  1.349000E+03  1.411497E+00
  1.349500E+03  1.720832E+00
  1.350000E+03  2.008837E+00
  1.350500E+03  2.270443E+00
  1.351000E+03  2.500996E+00
  1.351500E+03  2.696347E+00
  1.352000E+03  2.852956E+00
  1.352500E+03  2.967961E+00
  1.353000E+03  3.039253E+00
  1.353500E+03  3.065516E+00
  1.354000E+03  3.046265E+00
  1.354500E+03  2.981858E+00
  1.355000E+03  2.873491E+00
  1.355500E+03  2.723173E+00
  1.356000E+03  2.533688E+00
  1.356500E+03  2.308537E+00
  1.357000E+03  2.051861E+00
  1.357500E+03  1.768355E+00
  1.358000E+03  1.463170E+00
  1.358500E+03  1.141805E+00
  1.359000E+03  8.099869E-01
  1.359500E+03  4.735557E-01
  1.360000E+03  1.383407E-01
  1.360500E+03 -1.899582E-01
  1.361000E+03 -5.058858E-01
  1.361500E+03 -8.043397E-01
  1.362000E+03 -1.080670E+00
  1.362500E+03 -1.330766E+00
  1.363000E+03 -1.551131E+00
  1.363500E+03 -1.738940E+00
  1.364000E+03 -1.892083E+00
  1.364500E+03 -2.009193E+00
  1.365000E+03 -2.089652E+00
  1.365500E+03 -2.133584E+00
  1.366000E+03 -2.141829E+00
  1.366500E+03 -2.115903E+00
  1.367000E+03 -2.057946E+00
  1.367500E+03 -1.970648E+00
  1.368000E+03 -1.857177E+00
  1.368500E+03 -1.721087E+00
  1.369000E+03 -1.566229E+00
  1.369500E+03 -1.396649E+00
  1.370000E+03 -1.216495E+00
  1.370500E+03 -1.029912E+00
  1.371000E+03 -8.409568E-01
  1.371500E+03 -6.535011E-01
  1.372000E+03 -4.711562E-01
  1.372500E+03 -2.971995E-01
  1.373000E+03 -1.345148E-01
  1.373500E+03  1.445601E-02
  1.374000E+03  1.477482E-01
  1.374500E+03  2.638956E-01
  1.375000E+03  3.619391E-01
  1.375500E+03  4.414215E-01
  1.376000E+03  5.023698E-01
  1.376500E+03  5.452660E-01
  1.377000E+03  5.710071E-01
  1.377500E+03  5.808566E-01
  1.378000E+03  5.763883E-01
  1.378500E+03  5.594244E-01
  1.379000E+03  5.319711E-01
  1.379500E+03  4.961509E-01
  1.380000E+03  4.541371E-01
  1.380500E+03  4.080887E-01
  1.381000E+03  3.600907E-01
  1.381500E+03  3.120988E-01
  1.382000E+03  2.658916E-01
  1.382500E+03  2.230303E-01
  1.383000E+03  1.848275E-01
  1.383500E+03  1.523250E-01
  1.384000E+03  1.262816E-01
  1.384500E+03  1.071698E-01
  1.385000E+03  9.518228E-02
  1.385500E+03  9.024651E-02
  1.386000E+03  9.204728E-02
  1.386500E+03  1.000558E-01
  1.387000E+03  1.135641E-01
  1.387500E+03  1.317238E-01
  1.388000E+03  1.535868E-01
  1.388500E+03  1.781476E-01
  1.389000E+03  2.043847E-01
  1.389500E+03  2.313010E-01
  1.390000E+03  2.579595E-01
  1.390500E+03  2.835161E-01
  1.391000E+03  3.072461E-01
  1.391500E+03  3.285648E-01
  1.392000E+03  3.470413E-01
  1.392500E+03  3.624054E-01
  1.393000E+03  3.745467E-01
  1.393500E+03  3.835075E-01
  1.394000E+03  3.894689E-01
  1.394500E+03  3.927310E-01
  1.395000E+03  3.936877E-01
  1.395500E+03  3.927986E-01
  1.396000E+03  3.905567E-01
  1.396500E+03  3.874562E-01
  1.397000E+03  3.839585E-01
  1.397500E+03  3.804607E-01
  1.398000E+03  3.772657E-01
  1.398500E+03  3.745564E-01
  1.399000E+03  3.723748E-01
  1.399500E+03  3.706064E-01
  1.400000E+03  3.689716E-01
  1.400500E+03  3.670235E-01
  1.401000E+03  3.641541E-01
  1.401500E+03  3.596065E-01
  1.402000E+03  3.524953E-01
  1.402500E+03  3.418334E-01
  1.403000E+03  3.265643E-01
  1.403500E+03  3.056006E-01
  1.404000E+03  2.778651E-01
  1.404500E+03  2.423353E-01
  1.405000E+03  1.980893E-01
  1.405500E+03  1.443508E-01
  1.406000E+03  8.053296E-02
  1.406500E+03  6.278315E-03
  1.407000E+03 -7.850534E-02
  1.407500E+03 -1.736158E-01
  1.408000E+03 -2.785343E-01
  1.408500E+03 -3.924120E-01
  1.409000E+03 -5.140649E-01
  1.409500E+03 -6.419796E-01
  1.410000E+03 -7.743278E-01
  1.410500E+03 -9.089918E-01
  1.411000E+03 -1.043598E+00
  1.411500E+03 -1.175563E+00
  1.412000E+03 -1.302142E+00
  1.412500E+03 -1.420489E+00
  1.413000E+03 -1.527722E+00
  1.413500E+03 -1.620992E+00
  1.414000E+03 -1.697550E+00
  1.414500E+03 -1.754822E+00
  1.415000E+03 -1.790477E+00
  1.415500E+03 -1.802495E+00
  1.416000E+03 -1.789226E+00
  1.416500E+03 -1.749448E+00
  1.417000E+03 -1.682410E+00
  1.417500E+03 -1.587870E+00
  1.418000E+03 -1.466117E+00
  1.418500E+03 -1.317991E+00
  1.419000E+03 -1.144873E+00
  1.419500E+03 -9.486836E-01
  1.420000E+03 -7.318495E-01
  1.420500E+03 -4.972694E-01
  1.421000E+03 -2.482640E-01
  1.421500E+03  1.148484E-02
  1.422000E+03  2.780035E-01
  1.422500E+03  5.471041E-01
  1.423000E+03  8.144684E-01
  1.423500E+03  1.075735E+00
  1.424000E+03  1.326592E+00
  1.424500E+03  1.562860E+00
  1.425000E+03  1.780588E+00
  1.425500E+03  1.976132E+00
  1.426000E+03  2.146229E+00
  1.426500E+03  2.288073E+00
  1.427000E+03  2.399366E+00
  1.427500E+03  2.478369E+00
  1.428000E+03  2.523937E+00
  1.428500E+03  2.535536E+00
  1.429000E+03  2.513257E+00
  1.429500E+03  2.457805E+00
  1.430000E+03  2.370477E+00
  1.430500E+03  2.253134E+00
  1.431000E+03  2.108153E+00
  1.431500E+03  1.938365E+00
  1.432000E+03  1.746997E+00
  1.432500E+03  1.537590E+00
  1.433000E+03  1.313923E+00
  1.433500E+03  1.079924E+00
  1.434000E+03  8.395867E-01
  1.434500E+03  5.968808E-01
  1.435000E+03  3.556697E-01
  1.435500E+03  1.196291E-01
  1.436000E+03 -1.078261E-01
  1.436500E+03 -3.236083E-01
  1.437000E+03 -5.250135E-01
  1.437500E+03 -7.097666E-01
  1.438000E+03 -8.760559E-01
  1.438500E+03 -1.022554E+00
  1.439000E+03 -1.148429E+00
  1.439500E+03 -1.253337E+00
  1.440000E+03 -1.337411E+00
  1.440500E+03 -1.401227E+00
  1.441000E+03 -1.445775E+00
  1.441500E+03 -1.472403E+00
  1.442000E+03 -1.482765E+00
  1.442500E+03 -1.478760E+00
  1.443000E+03 -1.462463E+00
  1.443500E+03 -1.436060E+00
  1.444000E+03 -1.401773E+00
  1.444500E+03 -1.361797E+00
  1.445000E+03 -1.318230E+00
  1.445500E+03 -1.273014E+00
  1.446000E+03 -1.227881E+00
  1.446500E+03 -1.184307E+00
  1.447000E+03 -1.143470E+00
  1.447500E+03 -1.106228E+00
  1.448000E+03 -1.073098E+00
  1.448500E+03 -1.044249E+00
  1.449000E+03 -1.019508E+00
  1.449500E+03 -9.983717E-01
  1.450000E+03 -9.800348E-01
  1.450500E+03 -9.634195E-01
  1.451000E+03 -9.472197E-01
  1.451500E+03 -9.299487E-01
  1.452000E+03 -9.099927E-01
  1.452500E+03 -8.856691E-01
  1.453000E+03 -8.552859E-01
  1.453500E+03 -8.172019E-01
  1.454000E+03 -7.698856E-01
  1.454500E+03 -7.119718E-01
  1.455000E+03 -6.423128E-01
  1.455500E+03 -5.600244E-01
  1.456000E+03 -4.645250E-01
  1.456500E+03 -3.555661E-01
  1.457000E+03 -2.332543E-01
  1.457500E+03 -9.806361E-02
  1.458000E+03  4.916184E-02
  1.458500E+03  2.072150E-01
  1.459000E+03  3.745425E-01
  1.459500E+03  5.492708E-01
  1.460000E+03  7.292402E-01
  1.460500E+03  9.120467E-01
  1.461000E+03  1.095090E+00
  1.461500E+03  1.275628E+00
  1.462000E+03  1.450832E+00
  1.462500E+03  1.617848E+00
  1.463000E+03  1.773858E+00
  1.463500E+03  1.916135E+00
  1.464000E+03  2.042107E+00
  1.464500E+03  2.149410E+00
  1.465000E+03  2.235933E+00
  1.465500E+03  2.299868E+00
  1.466000E+03  2.339746E+00
  1.466500E+03  2.354464E+00
  1.467000E+03  2.343308E+00
  1.467500E+03  2.305969E+00
  1.468000E+03  2.242546E+00
  1.468500E+03  2.153539E+00
  1.469000E+03  2.039844E+00
  1.469500E+03  1.902728E+00
  1.470000E+03  1.743803E+00
  1.470500E+03  1.564997E+00
  1.471000E+03  1.368511E+00
  1.471500E+03  1.156780E+00
  1.472000E+03  9.324238E-01
  1.472500E+03  6.982031E-01
  1.473000E+03  4.569682E-01
  1.473500E+03  2.116113E-01
  1.474000E+03 -3.498118E-02
  1.474500E+03 -2.799730E-01
  1.475000E+03 -5.206208E-01
  1.475500E+03 -7.543117E-01
  1.476000E+03 -9.785968E-01
  1.476500E+03 -1.191220E+00
  1.477000E+03 -1.390142E+00
  1.477500E+03 -1.573556E+00
  1.478000E+03 -1.739902E+00
  1.478500E+03 -1.887872E+00
  1.479000E+03 -2.016417E+00
  1.479500E+03 -2.124734E+00
  1.480000E+03 -2.212269E+00
  1.480500E+03 -2.278702E+00
  1.481000E+03 -2.323933E+00
  1.481500E+03 -2.348067E+00
  1.482000E+03 -2.351394E+00
  1.482500E+03 -2.334375E+00
  1.483000E+03 -2.297619E+00
  1.483500E+03 -2.241864E+00
  1.484000E+03 -2.167965E+00
  1.484500E+03 -2.076867E+00
  1.485000E+03 -1.969602E+00
  1.485500E+03 -1.847267E+00
  1.486000E+03 -1.711017E+00
  1.486500E+03 -1.562055E+00
  1.487000E+03 -1.401628E+00
  1.487500E+03 -1.231017E+00
  1.488000E+03 -1.051542E+00
  1.488500E+03 -8.645506E-01
  1.489000E+03 -6.714274E-01
  1.489500E+03 -4.735874E-01
  1.490000E+03 -2.724797E-01
  1.490500E+03 -6.958656E-02
  1.491000E+03  1.335766E-01
  1.491500E+03  3.354629E-01
  1.492000E+03  5.344972E-01
  1.492500E+03  7.290807E-01
  1.493000E+03  9.175980E-01
  1.493500E+03  1.098426E+00
  1.494000E+03  1.269947E+00
  1.494500E+03  1.430560E+00
  1.495000E+03  1.578698E+00
  1.495500E+03  1.712848E+00
  1.496000E+03  1.831566E+00
  1.496500E+03  1.933503E+00
  1.497000E+03  2.017428E+00
  1.497500E+03  2.082242E+00
  1.498000E+03  2.127013E+00
  1.498500E+03  2.150988E+00
  1.499000E+03  2.153617E+00
  1.499500E+03  2.134571E+00
  1.500000E+03  2.093761E+00
  1.500500E+03  2.031345E+00
  1.501000E+03  1.947745E+00
  1.501500E+03  1.843646E+00
  1.502000E+03  1.720000E+00
  1.502500E+03  1.578023E+00
  1.503000E+03  1.419189E+00
  1.503500E+03  1.245212E+00
  1.504000E+03  1.058034E+00
  1.504500E+03  8.597997E-01
  1.505000E+03  6.528318E-01
  1.505500E+03  4.396013E-01
  1.506000E+03  2.226940E-01
  1.506500E+03  4.774093E-03
  1.507000E+03 -2.114537E-01
  1.507500E+03 -4.232840E-01
  1.508000E+03 -6.280511E-01
  1.508500E+03 -8.231694E-01
  1.509000E+03 -1.006173E+00
  1.509500E+03 -1.174756E+00
  1.510000E+03 -1.326802E+00
  1.510500E+03 -1.460426E+00
  1.511000E+03 -1.573996E+00
  1.511500E+03 -1.666164E+00
  1.512000E+03 -1.735883E+00
  1.512500E+03 -1.782425E+00
  1.513000E+03 -1.805388E+00
  1.513500E+03 -1.804706E+00
  1.514000E+03 -1.780645E+00
  1.514500E+03 -1.733800E+00
  1.515000E+03 -1.665080E+00
  1.515500E+03 -1.575694E+00
  1.516000E+03 -1.467131E+00
  1.516500E+03 -1.341135E+00
  1.517000E+03 -1.199672E+00
  1.517500E+03 -1.044903E+00
  1.518000E+03 -8.791461E-01
  1.518500E+03 -7.048408E-01
  1.519000E+03 -5.245101E-01
  1.519500E+03 -3.407215E-01
  1.520000E+03 -1.560488E-01
  1.520500E+03  2.696569E-02
  1.521000E+03  2.058476E-01
  1.521500E+03  3.782249E-01
  1.522000E+03  5.418602E-01
  1.522500E+03  6.946795E-01
  1.523000E+03  8.347981E-01
  1.523500E+03  9.605430E-01
  1.524000E+03  1.070471E+00
  1.524500E+03  1.163383E+00
  1.525000E+03  1.238334E+00
  1.525500E+03  1.294639E+00
  1.526000E+03  1.331878E+00
  1.526500E+03  1.349888E+00
  1.527000E+03  1.348763E+00
  1.527500E+03  1.328844E+00
  1.528000E+03  1.290705E+00
  1.528500E+03  1.235138E+00
  1.529000E+03  1.163140E+00
  1.529500E+03  1.075887E+00
  1.530000E+03  9.747201E-01
  1.530500E+03  8.611180E-01
  1.531000E+03  7.366772E-01
  1.531500E+03  6.030874E-01
  1.532000E+03  4.621088E-01
  1.532500E+03  3.155489E-01
  1.533000E+03  1.652404E-01
  1.533500E+03  1.301959E-02
  1.534000E+03 -1.392940E-01
  1.534500E+03 -2.899162E-01
  1.535000E+03 -4.371162E-01
  1.535500E+03 -5.792320E-01
  1.536000E+03 -7.146847E-01
  1.536500E+03 -8.419913E-01
  1.537000E+03 -9.597753E-01
  1.537500E+03 -1.066776E+00
  1.538000E+03 -1.161857E+00
  1.538500E+03 -1.244009E+00
  1.539000E+03 -1.312361E+00
  1.539500E+03 -1.366178E+00
  1.540000E+03 -1.404864E+00
  1.540500E+03 -1.427968E+00
  1.541000E+03 -1.435179E+00
  1.541500E+03 -1.426330E+00
  1.542000E+03 -1.401395E+00
  1.542500E+03 -1.360488E+00
  1.543000E+03 -1.303862E+00
  1.543500E+03 -1.231906E+00
  1.544000E+03 -1.145142E+00
  1.544500E+03 -1.044225E+00
  1.545000E+03 -9.299350E-01
  1.545500E+03 -8.031775E-01
  1.546000E+03 -6.649772E-01
  1.546500E+03 -5.164741E-01
  1.547000E+03 -3.589183E-01
  1.547500E+03 -1.936634E-01
  1.548000E+03 -2.216076E-02
  1.548500E+03  1.540488E-01
  1.549000E+03  3.333434E-01
  1.549500E+03  5.140295E-01
  1.550000E+03  6.943533E-01
  1.550500E+03  8.725121E-01
  1.551000E+03  1.046668E+00
  1.551500E+03  1.214963E+00
  1.552000E+03  1.375534E+00
  1.552500E+03  1.526528E+00
  1.553000E+03  1.666127E+00
  1.553500E+03  1.792558E+00
  1.554000E+03  1.904120E+00
  1.554500E+03  1.999200E+00
  1.555000E+03  2.076299E+00
  1.555500E+03  2.134049E+00
  1.556000E+03  2.171234E+00
  1.556500E+03  2.186814E+00
  1.557000E+03  2.179941E+00
  1.557500E+03  2.149982E+00
  1.558000E+03  2.096529E+00
  1.558500E+03  2.019421E+00
  1.559000E+03  1.918755E+00
  1.559500E+03  1.794893E+00
  1.560000E+03  1.648474E+00
  1.560500E+03  1.480413E+00
  1.561000E+03  1.291907E+00
  1.561500E+03  1.084428E+00
  1.562000E+03  8.597158E-01
  1.562500E+03  6.197705E-01
  1.563000E+03  3.668340E-01
  1.563500E+03  1.033725E-01
  1.564000E+03 -1.679463E-01
  1.564500E+03 -4.442797E-01
  1.565000E+03 -7.226404E-01
  1.565500E+03 -9.999294E-01
  1.566000E+03 -1.272971E+00
  1.566500E+03 -1.538554E+00
  1.567000E+03 -1.793467E+00
  1.567500E+03 -2.034545E+00
  1.568000E+03 -2.258706E+00
  1.568500E+03 -2.462998E+00
  1.569000E+03 -2.644639E+00
  1.569500E+03 -2.801057E+00
  1.570000E+03 -2.929927E+00
  1.570500E+03 -3.029212E+00
  1.571000E+03 -3.097191E+00
  1.571500E+03 -3.132491E+00
  1.572000E+03 -3.134113E+00
  1.572500E+03 -3.101451E+00
  1.573000E+03 -3.034308E+00
  1.573500E+03 -2.932907E+00
  1.574000E+03 -2.797895E+00
  1.574500E+03 -2.630341E+00
  1.575000E+03 -2.431733E+00
  1.575500E+03 -2.203960E+00
  1.576000E+03 -1.949295E+00
  1.576500E+03 -1.670374E+00
  1.577000E+03 -1.370160E+00
  1.577500E+03 -1.051918E+00
  1.578000E+03 -7.191652E-01
  1.578500E+03 -3.756387E-01
  1.579000E+03 -2.524260E-02
  1.579500E+03  3.279980E-01
  1.580000E+03  6.799883E-01
  1.580500E+03  1.026615E+00
  1.581000E+03  1.363802E+00
  1.581500E+03  1.687558E+00
  1.582000E+03  1.994032E+00
  1.582500E+03  2.279562E+00
  1.583000E+03  2.540723E+00
  1.583500E+03  2.774373E+00
  1.584000E+03  2.977690E+00
  1.584500E+03  3.148216E+00
  1.585000E+03  3.283882E+00
  1.585500E+03  3.383042E+00
  1.586000E+03  3.444490E+00
  1.586500E+03  3.467478E+00
  1.587000E+03  3.451729E+00
  1.587500E+03  3.397438E+00
  1.588000E+03  3.305270E+00
  1.588500E+03  3.176356E+00
  1.589000E+03  3.012274E+00
  1.589500E+03  2.815034E+00
  1.590000E+03  2.587051E+00
  1.590500E+03  2.331115E+00
  1.591000E+03  2.050355E+00
  1.591500E+03  1.748203E+00
  1.592000E+03  1.428346E+00
  1.592500E+03  1.094684E+00
  1.593000E+03  7.512777E-01
  1.593500E+03  4.022998E-01
  1.594000E+03  5.197982E-02
  1.594500E+03 -2.954482E-01
  1.595000E+03 -6.357996E-01
  1.595500E+03 -9.649928E-01
  1.596000E+03 -1.279101E+00
  1.596500E+03 -1.574403E+00
  1.597000E+03 -1.847429E+00
  1.597500E+03 -2.095011E+00
  1.598000E+03 -2.314315E+00
  1.598500E+03 -2.502886E+00
  1.599000E+03 -2.658676E+00
  1.599500E+03 -2.780073E+00
  1.600000E+03 -2.865919E+00
  1.600500E+03 -2.915530E+00
  1.601000E+03 -2.928702E+00
  1.601500E+03 -2.905717E+00
  1.602000E+03 -2.847334E+00
  1.602500E+03 -2.754783E+00
  1.603000E+03 -2.629751E+00
  1.603500E+03 -2.474350E+00
  1.604000E+03 -2.291096E+00
  1.604500E+03 -2.082870E+00
  1.605000E+03 -1.852879E+00
  1.605500E+03 -1.604608E+00
  1.606000E+03 -1.341773E+00
  1.606500E+03 -1.068265E+00
  1.607000E+03 -7.880941E-01
  1.607500E+03 -5.053321E-01
  1.608000E+03 -2.240492E-01
  1.608500E+03  5.174483E-02
  1.609000E+03  3.181612E-01
  1.609500E+03  5.714915E-01
  1.610000E+03  8.082638E-01
  1.610500E+03  1.025296E+00
  1.611000E+03  1.219747E+00
  1.611500E+03  1.389156E+00
  1.612000E+03  1.531486E+00
  1.612500E+03  1.645153E+00
  1.613000E+03  1.729049E+00
  1.613500E+03  1.782564E+00
  1.614000E+03  1.805587E+00
  1.614500E+03  1.798515E+00
  1.615000E+03  1.762236E+00
  1.615500E+03  1.698121E+00
  1.616000E+03  1.607992E+00
  1.616500E+03  1.494092E+00
  1.617000E+03  1.359045E+00
  1.617500E+03  1.205809E+00
  1.618000E+03  1.037621E+00
  1.618500E+03  8.579395E-01
  1.619000E+03  6.703811E-01
  1.619500E+03  4.786555E-01
  1.620000E+03  2.864975E-01
  1.620500E+03  9.759839E-02
  1.621000E+03 -8.446171E-02
  1.621500E+03 -2.562797E-01
  1.622000E+03 -4.146922E-01
  1.622500E+03 -5.568339E-01
  1.623000E+03 -6.801907E-01
  1.623500E+03 -7.826454E-01
  1.624000E+03 -8.625170E-01
  1.624500E+03 -9.185908E-01
  1.625000E+03 -9.501399E-01
  1.625500E+03 -9.569371E-01
  1.626000E+03 -9.392573E-01
  1.626500E+03 -8.978699E-01
  1.627000E+03 -8.340210E-01
  1.627500E+03 -7.494073E-01
  1.628000E+03 -6.461394E-01
  1.628500E+03 -5.266987E-01
  1.629000E+03 -3.938848E-01
  1.629500E+03 -2.507585E-01
  1.630000E+03 -1.005780E-01
  1.630500E+03  5.326850E-02
  1.631000E+03  2.073321E-01
  1.631500E+03  3.581750E-01
  1.632000E+03  5.024410E-01
  1.632500E+03  6.369247E-01
  1.633000E+03  7.586382E-01
  1.633500E+03  8.648719E-01
  1.634000E+03  9.532509E-01
  1.634500E+03  1.021784E+00
  1.635000E+03  1.068903E+00
  1.635500E+03  1.093497E+00
  1.636000E+03  1.094934E+00
  1.636500E+03  1.073073E+00
  1.637000E+03  1.028266E+00
  1.637500E+03  9.613501E-01
  1.638000E+03  8.736289E-01
  1.638500E+03  7.668450E-01
  1.639000E+03  6.431416E-01
  1.639500E+03  5.050173E-01
  1.640000E+03  3.552720E-01
  1.640500E+03  1.969481E-01
  1.641000E+03  3.326501E-02
  1.641500E+03 -1.324492E-01
  1.642000E+03 -2.968281E-01
  1.642500E+03 -4.565390E-01
  1.643000E+03 -6.083531E-01
  1.643500E+03 -7.492141E-01
  1.644000E+03 -8.763028E-01
  1.644500E+03 -9.870967E-01
  1.645000E+03 -1.079423E+00
  1.645500E+03 -1.151503E+00
  1.646000E+03 -1.201993E+00
  1.646500E+03 -1.230007E+00
  1.647000E+03 -1.235138E+00
  1.647500E+03 -1.217462E+00
  1.648000E+03 -1.177543E+00
  1.648500E+03 -1.116409E+00
  1.649000E+03 -1.035538E+00
  1.649500E+03 -9.368186E-01
  1.650000E+03 -8.225140E-01
  1.650500E+03 -6.952079E-01
  1.651000E+03 -5.577499E-01
  1.651500E+03 -4.131930E-01
  1.652000E+03 -2.647273E-01
  1.652500E+03 -1.156101E-01
  1.653000E+03  3.090501E-02
  1.653500E+03  1.716385E-01
  1.654000E+03  3.035545E-01
  1.654500E+03  4.238269E-01
  1.655000E+03  5.299008E-01
  1.655500E+03  6.195486E-01
  1.656000E+03  6.909182E-01
  1.656500E+03  7.425745E-01
  1.657000E+03  7.735303E-01
  1.657500E+03  7.832690E-01
  1.658000E+03  7.717564E-01
  1.658500E+03  7.394424E-01
  1.659000E+03  6.872520E-01
  1.659500E+03  6.165662E-01
  1.660000E+03  5.291933E-01
  1.660500E+03  4.273304E-01
  1.661000E+03  3.135169E-01
  1.661500E+03  1.905800E-01
  1.662000E+03  6.157393E-02
  1.662500E+03 -7.028519E-02
  1.663000E+03 -2.016895E-01
  1.663500E+03 -3.293108E-01
  1.664000E+03 -4.498734E-01
  1.664500E+03 -5.602258E-01
  1.665000E+03 -6.574104E-01
  1.665500E+03 -7.387291E-01
  1.666000E+03 -8.018044E-01
  1.666500E+03 -8.446335E-01
  1.667000E+03 -8.656353E-01
  1.667500E+03 -8.636885E-01
  1.668000E+03 -8.381601E-01
  1.668500E+03 -7.889248E-01
  1.669000E+03 -7.163727E-01
  1.669500E+03 -6.214071E-01
  1.670000E+03 -5.054317E-01
  1.670500E+03 -3.703262E-01
  1.671000E+03 -2.184135E-01
  1.671500E+03 -5.241632E-02
  1.672000E+03  1.245945E-01
  1.672500E+03  3.092587E-01
  1.673000E+03  4.979925E-01
  1.673500E+03  6.870588E-01
  1.674000E+03  8.726413E-01
  1.674500E+03  1.050921E+00
  1.675000E+03  1.218153E+00
  1.675500E+03  1.370742E+00
  1.676000E+03  1.505315E+00
  1.676500E+03  1.618794E+00
  1.677000E+03  1.708455E+00
  1.677500E+03  1.771988E+00
  1.678000E+03  1.807546E+00
  1.678500E+03  1.813785E+00
  1.679000E+03  1.789893E+00
  1.679500E+03  1.735614E+00
  1.680000E+03  1.651252E+00
  1.680500E+03  1.537673E+00
  1.681000E+03  1.396288E+00
  1.681500E+03  1.229033E+00
  1.682000E+03  1.038336E+00
  1.682500E+03  8.270666E-01
  1.683000E+03  5.984897E-01
  1.683500E+03  3.562021E-01
  1.684000E+03  1.040667E-01
  1.684500E+03 -1.538597E-01
  1.685000E+03 -4.134025E-01
  1.685500E+03 -6.703466E-01
  1.686000E+03 -9.205156E-01
  1.686500E+03 -1.159849E+00
  1.687000E+03 -1.384475E+00
  1.687500E+03 -1.590787E+00
  1.688000E+03 -1.775503E+00
  1.688500E+03 -1.935728E+00
  1.689000E+03 -2.069001E+00
  1.689500E+03 -2.173343E+00
  1.690000E+03 -2.247283E+00
  1.690500E+03 -2.289882E+00
  1.691000E+03 -2.300747E+00
  1.691500E+03 -2.280026E+00
  1.692000E+03 -2.228403E+00
  1.692500E+03 -2.147074E+00
  1.693000E+03 -2.037718E+00
  1.693500E+03 -1.902458E+00
  1.694000E+03 -1.743811E+00
  1.694500E+03 -1.564638E+00
  1.695000E+03 -1.368076E+00
  1.695500E+03 -1.157482E+00
  1.696000E+03 -9.363585E-01
  1.696500E+03 -7.082855E-01
  1.697000E+03 -4.768528E-01
  1.697500E+03 -2.455906E-01
  1.698000E+03 -1.790471E-02
  1.698500E+03  2.029845E-01
  1.699000E+03  4.140972E-01
  1.699500E+03  6.127429E-01
  1.700000E+03  7.965618E-01
  1.700500E+03  9.635576E-01
  1.701000E+03  1.112122E+00
  1.701500E+03  1.241049E+00
  1.702000E+03  1.349542E+00
  1.702500E+03  1.437209E+00
  1.703000E+03  1.504052E+00
  1.703500E+03  1.550444E+00
  1.704000E+03  1.577105E+00
  1.704500E+03  1.585062E+00
  1.705000E+03  1.575613E+00
  1.705500E+03  1.550279E+00
  1.706000E+03  1.510759E+00
  1.706500E+03  1.458875E+00
  1.707000E+03  1.396524E+00
  1.707500E+03  1.325626E+00
  1.708000E+03  1.248077E+00
  1.708500E+03  1.165700E+00
  1.709000E+03  1.080209E+00
  1.709500E+03  9.931652E-01
  1.710000E+03  9.059512E-01
  1.710500E+03  8.197458E-01
  1.711000E+03  7.355064E-01
  1.711500E+03  6.539592E-01
  1.712000E+03  5.755965E-01
  1.712500E+03  5.006815E-01
  1.713000E+03  4.292592E-01
  1.713500E+03  3.611746E-01
  1.714000E+03  2.960955E-01
  1.714500E+03  2.335413E-01
  1.715000E+03  1.729149E-01
  1.715500E+03  1.135375E-01
  1.716000E+03  5.468587E-02
  1.716500E+03 -4.370507E-03
  1.717000E+03 -6.433223E-02
  1.717500E+03 -1.258346E-01
  1.718000E+03 -1.894148E-01
  1.718500E+03 -2.554827E-01
  1.719000E+03 -3.242961E-01
  1.719500E+03 -3.959411E-01
  1.720000E+03 -4.703180E-01
  1.720500E+03 -5.471340E-01
  1.721000E+03 -6.259016E-01
  1.721500E+03 -7.059433E-01
  1.722000E+03 -7.864032E-01
  1.722500E+03 -8.662639E-01
  1.723000E+03 -9.443692E-01
  1.723500E+03 -1.019451E+00
  1.724000E+03 -1.090162E+00
  1.724500E+03 -1.155109E+00
  1.725000E+03 -1.212888E+00
  1.725500E+03 -1.262125E+00
  1.726000E+03 -1.301514E+00
  1.726500E+03 -1.329849E+00
  1.727000E+03 -1.346064E+00
  1.727500E+03 -1.349263E+00
  1.728000E+03 -1.338748E+00
  1.728500E+03 -1.314039E+00
  1.729000E+03 -1.274898E+00
  1.729500E+03 -1.221336E+00
  1.730000E+03 -1.153621E+00
  1.730500E+03 -1.072278E+00
  1.731000E+03 -9.780817E-01
  1.731500E+03 -8.720422E-01
  1.732000E+03 -7.553889E-01
  1.732500E+03 -6.295450E-01
  1.733000E+03 -4.960996E-01
  1.733500E+03 -3.567750E-01
  1.734000E+03 -2.133912E-01
  1.734500E+03 -6.782862E-02
  1.735000E+03  7.801083E-02
  1.735500E+03  2.222421E-01
  1.736000E+03  3.630351E-01
  1.736500E+03  4.986502E-01
  1.737000E+03  6.274717E-01
  1.737500E+03  7.480371E-01
  1.738000E+03  8.590620E-01
  1.738500E+03  9.594610E-01
  1.739000E+03  1.048362E+00
  1.739500E+03  1.125115E+00
  1.740000E+03  1.189298E+00
  1.740500E+03  1.240712E+00
  1.741000E+03  1.279374E+00
  1.741500E+03  1.305504E+00
  1.742000E+03  1.319510E+00
  1.742500E+03  1.321963E+00
  1.743000E+03  1.313573E+00
  1.743500E+03  1.295161E+00
  1.744000E+03  1.267632E+00
  1.744500E+03  1.231943E+00
  1.745000E+03  1.189071E+00
  1.745500E+03  1.139990E+00
  1.746000E+03  1.085636E+00
  1.746500E+03  1.026890E+00
  1.747000E+03  9.645508E-01
  1.747500E+03  8.993207E-01
  1.748000E+03  8.317912E-01
  1.748500E+03  7.624346E-01
  1.749000E+03  6.916003E-01
  1.749500E+03  6.195155E-01
  1.750000E+03  5.462911E-01
  1.750500E+03  4.719320E-01
  1.751000E+03  3.963505E-01
  1.751500E+03  3.193849E-01
  1.752000E+03  2.408190E-01
  1.752500E+03  1.604058E-01
  1.753000E+03  7.789090E-02
  1.753500E+03 -6.962436E-03
  1.754000E+03 -9.434858E-02
  1.754500E+03 -1.843961E-01
  1.755000E+03 -2.771456E-01
  1.755500E+03 -3.725308E-01
  1.756000E+03 -4.703619E-01
  1.756500E+03 -5.703128E-01
  1.757000E+03 -6.719131E-01
  1.757500E+03 -7.745437E-01
  1.758000E+03 -8.774370E-01
  1.758500E+03 -9.796828E-01
  1.759000E+03 -1.080237E+00
  1.759500E+03 -1.177938E+00
  1.760000E+03 -1.271520E+00
  1.760500E+03 -1.359641E+00
  1.761000E+03 -1.440904E+00
  1.761500E+03 -1.513884E+00
  1.762000E+03 -1.577157E+00
  1.762500E+03 -1.629335E+00
  1.763000E+03 -1.669088E+00
  1.763500E+03 -1.695181E+00
  1.764000E+03 -1.706499E+00
  1.764500E+03 -1.702075E+00
  1.765000E+03 -1.681115E+00
  1.765500E+03 -1.643017E+00
  1.766000E+03 -1.587393E+00
  1.766500E+03 -1.514077E+00
  1.767000E+03 -1.423141E+00
  1.767500E+03 -1.314897E+00
  1.768000E+03 -1.189897E+00
  1.768500E+03 -1.048933E+00
  1.769000E+03 -8.930277E-01
  1.769500E+03 -7.234241E-01
  1.770000E+03 -5.415702E-01
  1.770500E+03 -3.491018E-01
  1.771000E+03 -1.478216E-01
  1.771500E+03  6.032327E-02
  1.772000E+03  2.732657E-01
  1.772500E+03  4.888440E-01
  1.773000E+03  7.048282E-01
  1.773500E+03  9.189462E-01
  1.774000E+03  1.128910E+00
  1.774500E+03  1.332442E+00
  1.775000E+03  1.527297E+00
  1.775500E+03  1.711289E+00
  1.776000E+03  1.882311E+00
  1.776500E+03  2.038356E+00
  1.777000E+03  2.177536E+00
  1.777500E+03  2.298100E+00
  1.778000E+03  2.398448E+00
  1.778500E+03  2.477147E+00
  1.779000E+03  2.532947E+00
  1.779500E+03  2.564785E+00
  1.780000E+03  2.571805E+00
  1.780500E+03  2.553364E+00
  1.781000E+03  2.509040E+00
  1.781500E+03  2.438644E+00
  1.782000E+03  2.342228E+00
  1.782500E+03  2.220090E+00
  1.783000E+03  2.072780E+00
  1.783500E+03  1.901110E+00
  1.784000E+03  1.706156E+00
  1.784500E+03  1.489258E+00
  1.785000E+03  1.252028E+00
  1.785500E+03  9.963414E-01
  1.786000E+03  7.243392E-01
  1.786500E+03  4.384186E-01
  1.787000E+03  1.412238E-01
  1.787500E+03 -1.643678E-01
  1.788000E+03 -4.752640E-01
  1.788500E+03 -7.881799E-01
  1.789000E+03 -1.099665E+00
  1.789500E+03 -1.406135E+00
  1.790000E+03 -1.703911E+00
  1.790500E+03 -1.989256E+00
  1.791000E+03 -2.258424E+00
  1.791500E+03 -2.507712E+00
  1.792000E+03 -2.733509E+00
  1.792500E+03 -2.932354E+00
  1.793000E+03 -3.100992E+00
  1.793500E+03 -3.236437E+00
  1.794000E+03 -3.336027E+00
  1.794500E+03 -3.397481E+00
  1.795000E+03 -3.418954E+00
  1.795500E+03 -3.399089E+00
  1.796000E+03 -3.337060E+00
  1.796500E+03 -3.232611E+00
  1.797000E+03 -3.086087E+00
  1.797500E+03 -2.898455E+00
  1.798000E+03 -2.671316E+00
  1.798500E+03 -2.406908E+00
  1.799000E+03 -2.108092E+00
  1.799500E+03 -1.778333E+00
  1.800000E+03 -1.421663E+00
  1.800500E+03 -1.042637E+00
  1.801000E+03 -6.462719E-01
  1.801500E+03 -2.379814E-01
  1.802000E+03  1.765055E-01
  1.802500E+03  5.912319E-01
  1.803000E+03  1.000108E+00
  1.803500E+03  1.397014E+00
  1.804000E+03  1.775902E+00
  1.804500E+03  2.130906E+00
  1.805000E+03  2.456452E+00
  1.805500E+03  2.747354E+00
  1.806000E+03  2.998925E+00
  1.806500E+03  3.207062E+00
  1.807000E+03  3.368336E+00
  1.807500E+03  3.480064E+00
  1.808000E+03  3.540371E+00
  1.808500E+03  3.548236E+00
  1.809000E+03  3.503524E+00
  1.809500E+03  3.407001E+00
  1.810000E+03  3.260330E+00
  1.810500E+03  3.066054E+00
  1.811000E+03  2.827555E+00
  1.811500E+03  2.549001E+00
  1.812000E+03  2.235274E+00
  1.812500E+03  1.891885E+00
  1.813000E+03  1.524874E+00
  1.813500E+03  1.140697E+00
  1.814000E+03  7.461083E-01
  1.814500E+03  3.480298E-01
  1.815000E+03 -4.657989E-02
  1.815500E+03 -4.308597E-01
  1.816000E+03 -7.981792E-01
  1.816500E+03 -1.142268E+00
  1.817000E+03 -1.457338E+00
  1.817500E+03 -1.738196E+00
  1.818000E+03 -1.980346E+00
  1.818500E+03 -2.180076E+00
  1.819000E+03 -2.334530E+00
  1.819500E+03 -2.441760E+00
  1.820000E+03 -2.500763E+00
  1.820500E+03 -2.511497E+00
  1.821000E+03 -2.474871E+00
  1.821500E+03 -2.392729E+00
  1.822000E+03 -2.267797E+00
  1.822500E+03 -2.103626E+00
  1.823000E+03 -1.904512E+00
  1.823500E+03 -1.675394E+00
  1.824000E+03 -1.421754E+00
  1.824500E+03 -1.149492E+00
  1.825000E+03 -8.647983E-01
  1.825500E+03 -5.740195E-01
  1.826000E+03 -2.835233E-01
  1.826500E+03  4.385227E-04
  1.827000E+03  2.718625E-01
  1.827500E+03  5.251200E-01
  1.828000E+03  7.550743E-01
  1.828500E+03  9.571862E-01
  1.829000E+03  1.127606E+00
  1.829500E+03  1.263248E+00
  1.830000E+03  1.361851E+00
  1.830500E+03  1.422016E+00
  1.831000E+03  1.443227E+00
  1.831500E+03  1.425851E+00
  1.832000E+03  1.371117E+00
  1.832500E+03  1.281083E+00
  1.833000E+03  1.158573E+00
  1.833500E+03  1.007107E+00
  1.834000E+03  8.308133E-01
  1.834500E+03  6.343267E-01
  1.835000E+03  4.226780E-01
  1.835500E+03  2.011754E-01
  1.836000E+03 -2.471963E-02
  1.836500E+03 -2.495176E-01
  1.837000E+03 -4.678260E-01
  1.837500E+03 -6.744708E-01
  1.838000E+03 -8.646108E-01
  1.838500E+03 -1.033844E+00
  1.839000E+03 -1.178300E+00
  1.839500E+03 -1.294726E+00
  1.840000E+03 -1.380547E+00
  1.840500E+03 -1.433921E+00
  1.841000E+03 -1.453764E+00
  1.841500E+03 -1.439775E+00
  1.842000E+03 -1.392422E+00
  1.842500E+03 -1.312928E+00
  1.843000E+03 -1.203229E+00
  1.843500E+03 -1.065921E+00
  1.844000E+03 -9.041933E-01
  1.844500E+03 -7.217447E-01
  1.845000E+03 -5.226944E-01
  1.845500E+03 -3.114808E-01
  1.846000E+03 -9.275675E-02
  1.846500E+03  1.287194E-01
  1.847000E+03  3.481932E-01
  1.847500E+03  5.610218E-01
  1.848000E+03  7.627769E-01
  1.848500E+03  9.493412E-01
  1.849000E+03  1.116996E+00
  1.849500E+03  1.262497E+00
  1.850000E+03  1.383142E+00
  1.850500E+03  1.476817E+00
  1.851000E+03  1.542034E+00
  1.851500E+03  1.577953E+00
  1.852000E+03  1.584388E+00
  1.852500E+03  1.561793E+00
  1.853000E+03  1.511243E+00
  1.853500E+03  1.434390E+00
  1.854000E+03  1.333417E+00
  1.854500E+03  1.210972E+00
  1.855000E+03  1.070098E+00
  1.855500E+03  9.141535E-01
  1.856000E+03  7.467283E-01
  1.856500E+03  5.715544E-01
  1.857000E+03  3.924174E-01
  1.857500E+03  2.130688E-01
  1.858000E+03  3.714013E-02
  1.858500E+03 -1.319359E-01
  1.859000E+03 -2.909987E-01
  1.859500E+03 -4.372240E-01
  1.860000E+03 -5.681782E-01
  1.860500E+03 -6.818614E-01
  1.861000E+03 -7.767391E-01
  1.861500E+03 -8.517614E-01
  1.862000E+03 -9.063699E-01
  1.862500E+03 -9.404921E-01
  1.863000E+03 -9.545242E-01
  1.863500E+03 -9.493031E-01
  1.864000E+03 -9.260679E-01
  1.864500E+03 -8.864130E-01
  1.865000E+03 -8.322339E-01
  1.865500E+03 -7.656676E-01
  1.866000E+03 -6.890281E-01
  1.866500E+03 -6.047410E-01
  1.867000E+03 -5.152765E-01
  1.867500E+03 -4.230849E-01
  1.868000E+03 -3.305343E-01
  1.868500E+03 -2.398531E-01
  1.869000E+03 -1.530791E-01
  1.869500E+03 -7.201497E-02
  1.870000E+03  1.807681E-03
  1.870500E+03  6.715503E-02
  1.871000E+03  1.231088E-01
  1.871500E+03  1.690743E-01
  1.872000E+03  2.047787E-01
  1.872500E+03  2.302604E-01
  1.873000E+03  2.458495E-01
  1.873500E+03  2.521406E-01
  1.874000E+03  2.499590E-01
  1.874500E+03  2.403208E-01
  1.875000E+03  2.243891E-01
  1.875500E+03  2.034275E-01
  1.876000E+03  1.787516E-01
  1.876500E+03  1.516814E-01
  1.877000E+03  1.234948E-01
  1.877500E+03  9.538425E-02
  1.878000E+03  6.841780E-02
  1.878500E+03  4.350549E-02
  1.879000E+03  2.137219E-02
  1.879500E+03  2.537621E-03
  1.880000E+03 -1.269587E-02
  1.880500E+03 -2.424755E-02
  1.881000E+03 -3.225438E-02
  1.881500E+03 -3.705925E-02
  1.882000E+03 -3.919172E-02
  1.882500E+03 -3.934188E-02
  1.883000E+03 -3.832838E-02
  1.883500E+03 -3.706141E-02
  1.884000E+03 -3.650210E-02
  1.884500E+03 -3.761939E-02
  1.885000E+03 -4.134606E-02
  1.885500E+03 -4.853508E-02
  1.886000E+03 -5.991794E-02
  1.886500E+03 -7.606619E-02
  1.887000E+03 -9.735759E-02
  1.887500E+03 -1.239481E-01
  1.888000E+03 -1.557505E-01
  1.888500E+03 -1.924210E-01
  1.889000E+03 -2.333537E-01
  1.889500E+03 -2.776840E-01
  1.890000E+03 -3.243007E-01
  1.890500E+03 -3.718667E-01
  1.891000E+03 -4.188487E-01
  1.891500E+03 -4.635533E-01
  1.892000E+03 -5.041710E-01
  1.892500E+03 -5.388257E-01
  1.893000E+03 -5.656284E-01
  1.893500E+03 -5.827346E-01
  1.894000E+03 -5.884021E-01
  1.894500E+03 -5.810503E-01
  1.895000E+03 -5.593162E-01
  1.895500E+03 -5.221080E-01
  1.896000E+03 -4.686532E-01
  1.896500E+03 -3.985407E-01
  1.897000E+03 -3.117542E-01
  1.897500E+03 -2.086975E-01
  1.898000E+03 -9.020909E-02
  1.898500E+03  4.243391E-02
  1.899000E+03  1.875227E-01
  1.899500E+03  3.429354E-01
  1.900000E+03  5.061672E-01
  1.900500E+03  6.743710E-01
  1.901000E+03  8.444083E-01
  1.901500E+03  1.012909E+00
  1.902000E+03  1.176342E+00
  1.902500E+03  1.331086E+00
  1.903000E+03  1.473512E+00
  1.903500E+03  1.600064E+00
  1.904000E+03  1.707348E+00
  1.904500E+03  1.792205E+00
  1.905000E+03  1.851802E+00
  1.905500E+03  1.883700E+00
  1.906000E+03  1.885922E+00
  1.906500E+03  1.857020E+00
  1.907000E+03  1.796114E+00
  1.907500E+03  1.702940E+00
  1.908000E+03  1.577866E+00
  1.908500E+03  1.421912E+00
  1.909000E+03  1.236739E+00
  1.909500E+03  1.024640E+00
  1.910000E+03  7.885018E-01
  1.910500E+03  5.317651E-01
  1.911000E+03  2.583631E-01
  1.911500E+03 -2.734725E-02
  1.912000E+03 -3.206660E-01
  1.912500E+03 -6.166396E-01
  1.913000E+03 -9.101575E-01
  1.913500E+03 -1.196053E+00
  1.914000E+03 -1.469209E+00
  1.914500E+03 -1.724660E+00
  1.915000E+03 -1.957697E+00
  1.915500E+03 -2.163964E+00
  1.916000E+03 -2.339554E+00
  1.916500E+03 -2.481088E+00
  1.917000E+03 -2.585790E+00
  1.917500E+03 -2.651550E+00
  1.918000E+03 -2.676970E+00
  1.918500E+03 -2.661397E+00
  1.919000E+03 -2.604941E+00
  1.919500E+03 -2.508478E+00
  1.920000E+03 -2.373634E+00
  1.920500E+03 -2.202754E+00
  1.921000E+03 -1.998862E+00
  1.921500E+03 -1.765594E+00
  1.922000E+03 -1.507132E+00
  1.922500E+03 -1.228119E+00
  1.923000E+03 -9.335631E-01
  1.923500E+03 -6.287388E-01
  1.924000E+03 -3.190808E-01
  1.924500E+03 -1.007395E-02
  1.925000E+03  2.928561E-01
  1.925500E+03  5.844514E-01
  1.926000E+03  8.597266E-01
  1.926500E+03  1.114066E+00
  1.927000E+03  1.343314E+00
  1.927500E+03  1.543856E+00
  1.928000E+03  1.712683E+00
  1.928500E+03  1.847450E+00
  1.929000E+03  1.946512E+00
  1.929500E+03  2.008955E+00
  1.930000E+03  2.034601E+00
  1.930500E+03  2.024002E+00
  1.931000E+03  1.978423E+00
  1.931500E+03  1.899805E+00
  1.932000E+03  1.790712E+00
  1.932500E+03  1.654273E+00
  1.933000E+03  1.494107E+00
  1.933500E+03  1.314243E+00
  1.934000E+03  1.119026E+00
  1.934500E+03  9.130235E-01
  1.935000E+03  7.009286E-01
  1.935500E+03  4.874572E-01
  1.936000E+03  2.772497E-01
  1.936500E+03  7.477533E-02
  1.937000E+03 -1.157591E-01
  1.937500E+03 -2.904934E-01
  1.938000E+03 -4.459896E-01
  1.938500E+03 -5.792972E-01
  1.939000E+03 -6.880076E-01
  1.939500E+03 -7.702960E-01
  1.940000E+03 -8.249504E-01
  1.940500E+03 -8.513871E-01
  1.941000E+03 -8.496535E-01
  1.941500E+03 -8.204170E-01
  1.942000E+03 -7.649412E-01
  1.942500E+03 -6.850506E-01
  1.943000E+03 -5.830838E-01
  1.943500E+03 -4.618369E-01
  1.944000E+03 -3.244992E-01
  1.944500E+03 -1.745805E-01
  1.945000E+03 -1.583465E-02
  1.945500E+03  1.478216E-01
  1.946000E+03  3.123911E-01
  1.946500E+03  4.738790E-01
  1.947000E+03  6.283740E-01
  1.947500E+03  7.721265E-01
  1.948000E+03  9.016220E-01
  1.948500E+03  1.013648E+00
  1.949000E+03  1.105356E+00
  1.949500E+03  1.174310E+00
  1.950000E+03  1.218533E+00
  1.950500E+03  1.236538E+00
  1.951000E+03  1.227352E+00
  1.951500E+03  1.190528E+00
  1.952000E+03  1.126151E+00
  1.952500E+03  1.034825E+00
  1.953000E+03  9.176632E-01
  1.953500E+03  7.762564E-01
  1.954000E+03  6.126426E-01
  1.954500E+03  4.292649E-01
  1.955000E+03  2.289242E-01
  1.955500E+03  1.472608E-02
  1.956000E+03 -2.099753E-01
  1.956500E+03 -4.416376E-01
  1.957000E+03 -6.765913E-01
  1.957500E+03 -9.111026E-01
  1.958000E+03 -1.141435E+00
  1.958500E+03 -1.363908E+00
  1.959000E+03 -1.574959E+00
  1.959500E+03 -1.771192E+00
  1.960000E+03 -1.949435E+00
  1.960500E+03 -2.106779E+00
  1.961000E+03 -2.240622E+00
  1.961500E+03 -2.348702E+00
  1.962000E+03 -2.429128E+00
  1.962500E+03 -2.480400E+00
  1.963000E+03 -2.501425E+00
  1.963500E+03 -2.491527E+00
  1.964000E+03 -2.450453E+00
  1.964500E+03 -2.378367E+00
  1.965000E+03 -2.275842E+00
  1.965500E+03 -2.143853E+00
  1.966000E+03 -1.983749E+00
  1.966500E+03 -1.797239E+00
  1.967000E+03 -1.586361E+00
  1.967500E+03 -1.353453E+00
  1.968000E+03 -1.101122E+00
  1.968500E+03 -8.322064E-01
  1.969000E+03 -5.497388E-01
  1.969500E+03 -2.569100E-01
  1.970000E+03  4.297209E-02
  1.970500E+03  3.465219E-01
  1.971000E+03  6.503158E-01
  1.971500E+03  9.509313E-01
  1.972000E+03  1.244986E+00
  1.972500E+03  1.529174E+00
  1.973000E+03  1.800304E+00
  1.973500E+03  2.055330E+00
  1.974000E+03  2.291387E+00
  1.974500E+03  2.505816E+00
  1.975000E+03  2.696197E+00
  1.975500E+03  2.860370E+00
  1.976000E+03  2.996456E+00
  1.976500E+03  3.102877E+00
  1.977000E+03  3.178373E+00
  1.977500E+03  3.222009E+00
  1.978000E+03  3.233190E+00
  1.978500E+03  3.211659E+00
  1.979000E+03  3.157507E+00
  1.979500E+03  3.071165E+00
  1.980000E+03  2.953400E+00
  1.980500E+03  2.805310E+00
  1.981000E+03  2.628307E+00
  1.981500E+03  2.424106E+00
  1.982000E+03  2.194704E+00
  1.982500E+03  1.942362E+00
  1.983000E+03  1.669577E+00
  1.983500E+03  1.379062E+00
  1.984000E+03  1.073710E+00
  1.984500E+03  7.565707E-01
  1.985000E+03  4.308158E-01
  1.985500E+03  9.970583E-02
  1.986000E+03 -2.334430E-01
  1.986500E+03 -5.652930E-01
  1.987000E+03 -8.925194E-01
  1.987500E+03 -1.211844E+00
  1.988000E+03 -1.520071E+00
  1.988500E+03 -1.814115E+00
  1.989000E+03 -2.091036E+00
  1.989500E+03 -2.348069E+00
  1.990000E+03 -2.582647E+00
  1.990500E+03 -2.792433E+00
  1.991000E+03 -2.975336E+00
  1.991500E+03 -3.129537E+00
  1.992000E+03 -3.253504E+00
  1.992500E+03 -3.346005E+00
  1.993000E+03 -3.406120E+00
  1.993500E+03 -3.433252E+00
  1.994000E+03 -3.427128E+00
  1.994500E+03 -3.387803E+00
  1.995000E+03 -3.315659E+00
  1.995500E+03 -3.211398E+00
  1.996000E+03 -3.076039E+00
  1.996500E+03 -2.910904E+00
  1.997000E+03 -2.717607E+00
  1.997500E+03 -2.498039E+00
  1.998000E+03 -2.254348E+00
  1.998500E+03 -1.988920E+00
  1.999000E+03 -1.704359E+00
  1.999500E+03 -1.403457E+00
  2.000000E+03 -1.089175E+00
  2.000500E+03 -7.646119E-01
  2.001000E+03 -4.329752E-01
  2.001500E+03 -9.755284E-02
  2.002000E+03  2.383185E-01
  2.002500E+03  5.712850E-01
  2.003000E+03  8.980074E-01
  2.003500E+03  1.215194E+00
  2.004000E+03  1.519633E+00
  2.004500E+03  1.808224E+00
  2.005000E+03  2.078012E+00
  2.005500E+03  2.326216E+00
  2.006000E+03  2.550261E+00
  2.006500E+03  2.747806E+00
  2.007000E+03  2.916771E+00
  2.007500E+03  3.055363E+00
  2.008000E+03  3.162098E+00
  2.008500E+03  3.235822E+00
  2.009000E+03  3.275728E+00
  2.009500E+03  3.281370E+00
  2.010000E+03  3.252674E+00
  2.010500E+03  3.189943E+00
  2.011000E+03  3.093861E+00
  2.011500E+03  2.965488E+00
  2.012000E+03  2.806260E+00
  2.012500E+03  2.617968E+00
  2.013000E+03  2.402753E+00
  2.013500E+03  2.163074E+00
  2.014000E+03  1.901694E+00
  2.014500E+03  1.621641E+00
  2.015000E+03  1.326180E+00
  2.015500E+03  1.018772E+00
  2.016000E+03  7.030336E-01
  2.016500E+03  3.826936E-01
  2.017000E+03  6.154516E-02
  2.017500E+03 -2.566025E-01
  2.018000E+03 -5.679739E-01
  2.018500E+03 -8.688773E-01
  2.019000E+03 -1.155755E+00
  2.019500E+03 -1.425232E+00
  2.020000E+03 -1.674162E+00
  2.020500E+03 -1.899673E+00
  2.021000E+03 -2.099208E+00
  2.021500E+03 -2.270561E+00
  2.022000E+03 -2.411909E+00
  2.022500E+03 -2.521837E+00
  2.023000E+03 -2.599362E+00
  2.023500E+03 -2.643944E+00
  2.024000E+03 -2.655494E+00
  2.024500E+03 -2.634375E+00
  2.025000E+03 -2.581396E+00
  2.025500E+03 -2.497798E+00
  2.026000E+03 -2.385233E+00
  2.026500E+03 -2.245738E+00
  2.027000E+03 -2.081704E+00
  2.027500E+03 -1.895834E+00
  2.028000E+03 -1.691104E+00
  2.028500E+03 -1.470713E+00
  2.029000E+03 -1.238032E+00
  2.029500E+03 -9.965532E-01
  2.030000E+03 -7.498335E-01
  2.030500E+03 -5.014391E-01
  2.031000E+03 -2.548910E-01
  2.031500E+03 -1.361111E-02
  2.032000E+03  2.191295E-01
  2.032500E+03  4.402590E-01
  2.033000E+03  6.469494E-01
  2.033500E+03  8.366563E-01
  2.034000E+03  1.007154E+00
  2.034500E+03  1.156563E+00
  2.035000E+03  1.283376E+00
  2.035500E+03  1.386470E+00
  2.036000E+03  1.465117E+00
  2.036500E+03  1.518987E+00
  2.037000E+03  1.548145E+00
  2.037500E+03  1.553040E+00
  2.038000E+03  1.534484E+00
  2.038500E+03  1.493637E+00
  2.039000E+03  1.431975E+00
  2.039500E+03  1.351257E+00
  2.040000E+03  1.253491E+00
  2.040500E+03  1.140895E+00
  2.041000E+03  1.015853E+00
  2.041500E+03  8.808749E-01
  2.042000E+03  7.385497E-01
  2.042500E+03  5.915024E-01
  2.043000E+03  4.423507E-01
  2.043500E+03  2.936630E-01
  2.044000E+03  1.479184E-01
  2.044500E+03  7.469625E-03
  2.045000E+03 -1.254906E-01
  2.045500E+03 -2.489602E-01
  2.046000E+03 -3.611535E-01
  2.046500E+03 -4.605231E-01
  2.047000E+03 -5.457776E-01
  2.047500E+03 -6.158936E-01
  2.048000E+03 -6.701244E-01
  2.048500E+03 -7.080031E-01
  2.049000E+03 -7.293420E-01
  2.049500E+03 -7.342273E-01
  2.050000E+03 -7.230102E-01
  2.050500E+03 -6.962942E-01
  2.051000E+03 -6.549189E-01
  2.051500E+03 -5.999416E-01
  2.052000E+03 -5.326156E-01
  2.052500E+03 -4.543670E-01
  2.053000E+03 -3.667692E-01
  2.053500E+03 -2.715172E-01
  2.054000E+03 -1.704001E-01
  2.054500E+03 -6.527314E-02
  2.055000E+03  4.196943E-02
  2.055500E+03  1.494223E-01
  2.056000E+03  2.551957E-01
  2.056500E+03  3.574418E-01
  2.057000E+03  4.543796E-01
  2.057500E+03  5.443182E-01
  2.058000E+03  6.256795E-01
  2.058500E+03  6.970180E-01
  2.059000E+03  7.570396E-01
  2.059500E+03  8.046181E-01
  2.060000E+03  8.388090E-01
  2.060500E+03  8.588621E-01
  2.061000E+03  8.642312E-01
  2.061500E+03  8.545809E-01
  2.062000E+03  8.297918E-01
  2.062500E+03  7.899627E-01
  2.063000E+03  7.354105E-01
  2.063500E+03  6.666670E-01
  2.064000E+03  5.844738E-01
  2.064500E+03  4.897740E-01
  2.065000E+03  3.837020E-01
  2.065500E+03  2.675702E-01
  2.066000E+03  1.428536E-01
  2.066500E+03  1.117233E-02
  2.067000E+03 -1.257284E-01
  2.067500E+03 -2.660000E-01
  2.068000E+03 -4.077140E-01
  2.068500E+03 -5.488872E-01
  2.069000E+03 -6.875079E-01
  2.069500E+03 -8.215628E-01
  2.070000E+03 -9.490652E-01
  2.070500E+03 -1.068083E+00
  2.071000E+03 -1.176764E+00
  2.071500E+03 -1.273370E+00
  2.072000E+03 -1.356292E+00
  2.072500E+03 -1.424086E+00
  2.073000E+03 -1.475489E+00
  2.073500E+03 -1.509441E+00
  2.074000E+03 -1.525103E+00
  2.074500E+03 -1.521876E+00
  2.075000E+03 -1.499405E+00
  2.075500E+03 -1.457595E+00
  2.076000E+03 -1.396609E+00
  2.076500E+03 -1.316876E+00
  2.077000E+03 -1.219078E+00
  2.077500E+03 -1.104154E+00
  2.078000E+03 -9.732794E-01
  2.078500E+03 -8.278566E-01
  2.079000E+03 -6.694953E-01
  2.079500E+03 -4.999905E-01
  2.080000E+03 -3.212989E-01
  2.080500E+03 -1.355116E-01
  2.081000E+03  5.517487E-02
  2.081500E+03  2.484885E-01
  2.082000E+03  4.421137E-01
  2.082500E+03  6.337229E-01
  2.083000E+03  8.210087E-01
  2.083500E+03  1.001715E+00
  2.084000E+03  1.173666E+00
  2.084500E+03  1.334796E+00
  2.085000E+03  1.483178E+00
  2.085500E+03  1.617040E+00
  2.086000E+03  1.734795E+00
  2.086500E+03  1.835053E+00
  2.087000E+03  1.916639E+00
  2.087500E+03  1.978601E+00
  2.088000E+03  2.020220E+00
  2.088500E+03  2.041014E+00
  2.089000E+03  2.040737E+00
  2.089500E+03  2.019378E+00
  2.090000E+03  1.977154E+00
  2.090500E+03  1.914504E+00
  2.091000E+03  1.832075E+00
  2.091500E+03  1.730710E+00
  2.092000E+03  1.611436E+00
  2.092500E+03  1.475442E+00
  2.093000E+03  1.324068E+00
  2.093500E+03  1.158784E+00
  2.094000E+03  9.811716E-01
  2.094500E+03  7.929070E-01
  2.095000E+03  5.957441E-01
  2.095500E+03  3.914965E-01
  2.096000E+03  1.820215E-01
  2.096500E+03 -3.079489E-02
  2.097000E+03 -2.450526E-01
  2.097500E+03 -4.588504E-01
  2.098000E+03 -6.702984E-01
  2.098500E+03 -8.775293E-01
  2.099000E+03 -1.078709E+00
  2.099500E+03 -1.272045E+00
  2.100000E+03 -1.455800E+00
  2.100500E+03 -1.628295E+00
  2.101000E+03 -1.787923E+00
  2.101500E+03 -1.933155E+00
  2.102000E+03 -2.062552E+00
  2.102500E+03 -2.174772E+00
  2.103000E+03 -2.268582E+00
  2.103500E+03 -2.342867E+00
  2.104000E+03 -2.396642E+00
  2.104500E+03 -2.429067E+00
  2.105000E+03 -2.439451E+00
  2.105500E+03 -2.427275E+00
  2.106000E+03 -2.392194E+00
  2.106500E+03 -2.334057E+00
  2.107000E+03 -2.252914E+00
  2.107500E+03 -2.149029E+00
  2.108000E+03 -2.022890E+00
  2.108500E+03 -1.875213E+00
  2.109000E+03 -1.706950E+00
  2.109500E+03 -1.519293E+00
  2.110000E+03 -1.313671E+00
  2.110500E+03 -1.091751E+00
  2.111000E+03 -8.554254E-01
  2.111500E+03 -6.068070E-01
  2.112000E+03 -3.482111E-01
  2.112500E+03 -8.213804E-02
  2.113000E+03  1.887493E-01
  2.113500E+03  4.616523E-01
  2.114000E+03  7.336664E-01
  2.114500E+03  1.001815E+00
  2.115000E+03  1.263084E+00
  2.115500E+03  1.514465E+00
  2.116000E+03  1.752990E+00
  2.116500E+03  1.975778E+00
  2.117000E+03  2.180074E+00
  2.117500E+03  2.363295E+00
  2.118000E+03  2.523064E+00
  2.118500E+03  2.657255E+00
  2.119000E+03  2.764028E+00
  2.119500E+03  2.841858E+00
  2.120000E+03  2.889567E+00
  2.120500E+03  2.906346E+00
  2.121000E+03  2.891771E+00
  2.121500E+03  2.845822E+00
  2.122000E+03  2.768878E+00
  2.122500E+03  2.661727E+00
  2.123000E+03  2.525550E+00
  2.123500E+03  2.361914E+00
  2.124000E+03  2.172746E+00
  2.124500E+03  1.960311E+00
  2.125000E+03  1.727178E+00
  2.125500E+03  1.476182E+00
  2.126000E+03  1.210383E+00
  2.126500E+03  9.330210E-01
  2.127000E+03  6.474692E-01
  2.127500E+03  3.571809E-01
  2.128000E+03  6.564047E-02
  2.128500E+03 -2.236885E-01
  2.129000E+03 -5.074133E-01
  2.129500E+03 -7.822608E-01
  2.130000E+03 -1.045123E+00
  2.130500E+03 -1.293101E+00
  2.131000E+03 -1.523538E+00
  2.131500E+03 -1.734062E+00
  2.132000E+03 -1.922602E+00
  2.132500E+03 -2.087423E+00
  2.133000E+03 -2.227129E+00
  2.133500E+03 -2.340686E+00
  2.134000E+03 -2.427417E+00
  2.134500E+03 -2.487002E+00
  2.135000E+03 -2.519476E+00
  2.135500E+03 -2.525207E+00
  2.136000E+03 -2.504886E+00
  2.136500E+03 -2.459501E+00
  2.137000E+03 -2.390311E+00
  2.137500E+03 -2.298818E+00
  2.138000E+03 -2.186739E+00
  2.138500E+03 -2.055965E+00
  2.139000E+03 -1.908536E+00
  2.139500E+03 -1.746601E+00
  2.140000E+03 -1.572389E+00
  2.140500E+03 -1.388170E+00
  2.141000E+03 -1.196233E+00
  2.141500E+03 -9.988486E-01
  2.142000E+03 -7.982470E-01
  2.142500E+03 -5.965927E-01
  2.143000E+03 -3.959633E-01
  2.143500E+03 -1.983315E-01
  2.144000E+03 -5.549266E-03
  2.144500E+03  1.806642E-01
  2.145000E+03  3.587325E-01
  2.145500E+03  5.272291E-01
  2.146000E+03  6.848826E-01
  2.146500E+03  8.305794E-01
  2.147000E+03  9.633650E-01
  2.147500E+03  1.082444E+00
  2.148000E+03  1.187179E+00
  2.148500E+03  1.277087E+00
  2.149000E+03  1.351840E+00
  2.149500E+03  1.411259E+00
  2.150000E+03  1.455310E+00
  2.150500E+03  1.484105E+00
  2.151000E+03  1.497892E+00
  2.151500E+03  1.497058E+00
  2.152000E+03  1.482119E+00
  2.152500E+03  1.453722E+00
  2.153000E+03  1.412632E+00
  2.153500E+03  1.359737E+00
  2.154000E+03  1.296033E+00
  2.154500E+03  1.222621E+00
  2.155000E+03  1.140698E+00
  2.155500E+03  1.051545E+00
  2.156000E+03  9.565182E-01
  2.156500E+03  8.570334E-01
  2.157000E+03  7.545511E-01
  2.157500E+03  6.505593E-01
  2.158000E+03  5.465549E-01
  2.158500E+03  4.440223E-01
  2.159000E+03  3.444124E-01
  2.159500E+03  2.491189E-01
  2.160000E+03  1.594550E-01
  2.160500E+03  7.662930E-02
  2.161000E+03  1.722498E-03
  2.161500E+03 -6.433542E-02
  2.162000E+03 -1.207863E-01
  2.162500E+03 -1.670626E-01
  2.163000E+03 -2.028043E-01
  2.163500E+03 -2.278712E-01
  2.164000E+03 -2.423523E-01
  2.164500E+03 -2.465707E-01
  2.165000E+03 -2.410834E-01
  2.165500E+03 -2.266764E-01
  2.166000E+03 -2.043543E-01
  2.166500E+03 -1.753244E-01
  2.167000E+03 -1.409763E-01
  2.167500E+03 -1.028558E-01
  2.168000E+03 -6.263415E-02
  2.168500E+03 -2.207337E-02
  2.169000E+03  1.701193E-02
  2.169500E+03  5.279573E-02
  2.170000E+03  8.348364E-02
  2.170500E+03  1.073568E-01
  2.171000E+03  1.228158E-01
  2.171500E+03  1.284236E-01
  2.172000E+03  1.229457E-01
  2.172500E+03  1.053880E-01
  2.173000E+03  7.502901E-02
  2.173500E+03  3.144835E-02
  2.174000E+03 -2.545235E-02
  2.174500E+03 -9.543447E-02
  2.175000E+03 -1.779153E-01
  2.175500E+03 -2.719688E-01
  2.176000E+03 -3.763341E-01
  2.176500E+03 -4.894328E-01
  2.177000E+03 -6.093938E-01
  2.177500E+03 -7.340857E-01
  2.178000E+03 -8.611564E-01
  2.178500E+03 -9.880793E-01
  2.179000E+03 -1.112204E+00
  2.179500E+03 -1.230812E+00
  2.180000E+03 -1.341175E+00
  2.180500E+03 -1.440615E+00
  2.181000E+03 -1.526564E+00
  2.181500E+03 -1.596625E+00
  2.182000E+03 -1.648626E+00
  2.182500E+03 -1.680674E+00
  2.183000E+03 -1.691202E+00
  2.183500E+03 -1.679011E+00
  2.184000E+03 -1.643298E+00
  2.184500E+03 -1.583686E+00
  2.185000E+03 -1.500238E+00
  2.185500E+03 -1.393461E+00
  2.186000E+03 -1.264302E+00
  2.186500E+03 -1.114136E+00
  2.187000E+03 -9.447385E-01
  2.187500E+03 -7.582573E-01
  2.188000E+03 -5.571674E-01
  2.188500E+03 -3.442241E-01
  2.189000E+03 -1.224082E-01
  2.189500E+03  1.051346E-01
  2.190000E+03  3.351564E-01
  2.190500E+03  5.643723E-01
  2.191000E+03  7.895268E-01
  2.191500E+03  1.007457E+00
  2.192000E+03  1.215155E+00
  2.192500E+03  1.409826E+00
  2.193000E+03  1.588938E+00
  2.193500E+03  1.750266E+00
  2.194000E+03  1.891932E+00
  2.194500E+03  2.012430E+00
  2.195000E+03  2.110645E+00
  2.195500E+03  2.185862E+00
  2.196000E+03  2.237765E+00
  2.196500E+03  2.266427E+00
  2.197000E+03  2.272286E+00
  2.197500E+03  2.256123E+00
  2.198000E+03  2.219022E+00
  2.198500E+03  2.162328E+00
  2.199000E+03  2.087601E+00
  2.199500E+03  1.996563E+00
  2.200000E+03  1.891049E+00
  2.200500E+03  1.772948E+00
  2.201000E+03  1.644154E+00
  2.201500E+03  1.506517E+00
  2.202000E+03  1.361795E+00
  2.202500E+03  1.211615E+00
  2.203000E+03  1.057438E+00
  2.203500E+03  9.005357E-01
  2.204000E+03  7.419723E-01
  2.204500E+03  5.825940E-01
  2.205000E+03  4.230303E-01
  2.205500E+03  2.637032E-01
  2.206000E+03  1.048449E-01
  2.206500E+03 -5.347719E-02
  2.207000E+03 -2.113272E-01
  2.207500E+03 -3.688628E-01
  2.208000E+03 -5.262923E-01
  2.208500E+03 -6.838282E-01
  2.209000E+03 -8.416398E-01
  2.209500E+03 -9.998063E-01
  2.210000E+03 -1.158271E+00
  2.210500E+03 -1.316800E+00
  2.211000E+03 -1.474946E+00
  2.211500E+03 -1.632017E+00
  2.212000E+03 -1.787056E+00
  2.212500E+03 -1.938830E+00
  2.213000E+03 -2.085823E+00
  2.213500E+03 -2.226248E+00
  2.214000E+03 -2.358063E+00
  2.214500E+03 -2.479002E+00
  2.215000E+03 -2.586615E+00
  2.215500E+03 -2.678314E+00
  2.216000E+03 -2.751435E+00
  2.216500E+03 -2.803300E+00
  2.217000E+03 -2.831289E+00
  2.217500E+03 -2.832917E+00
  2.218000E+03 -2.805906E+00
  2.218500E+03 -2.748266E+00
  2.219000E+03 -2.658366E+00
  2.219500E+03 -2.535009E+00
  2.220000E+03 -2.377490E+00
  2.220500E+03 -2.185656E+00
  2.221000E+03 -1.959949E+00
  2.221500E+03 -1.701438E+00
  2.222000E+03 -1.411842E+00
  2.222500E+03 -1.093534E+00
  2.223000E+03 -7.495307E-01
  2.223500E+03 -3.834695E-01
  2.224000E+03  4.315714E-04
  2.224500E+03  3.974291E-01
  2.225000E+03  8.023229E-01
  2.225500E+03  1.209537E+00
  2.226000E+03  1.613214E+00
  2.226500E+03  2.007316E+00
  2.227000E+03  2.385734E+00
  2.227500E+03  2.742406E+00
  2.228000E+03  3.071430E+00
  2.228500E+03  3.367185E+00
  2.229000E+03  3.624442E+00
  2.229500E+03  3.838477E+00
  2.230000E+03  4.005171E+00
  2.230500E+03  4.121099E+00
  2.231000E+03  4.183613E+00
  2.231500E+03  4.190904E+00
  2.232000E+03  4.142047E+00
  2.232500E+03  4.037040E+00
  2.233000E+03  3.876810E+00
  2.233500E+03  3.663212E+00
  2.234000E+03  3.399004E+00
  2.234500E+03  3.087803E+00
  2.235000E+03  2.734030E+00
  2.235500E+03  2.342829E+00
  2.236000E+03  1.919981E+00
  2.236500E+03  1.471803E+00
  2.237000E+03  1.005028E+00
  2.237500E+03  5.266914E-01
  2.238000E+03  4.399893E-02
  2.238500E+03 -4.358000E-01
  2.239000E+03 -9.055429E-01
  2.239500E+03 -1.358281E+00
  2.240000E+03 -1.787400E+00
  2.240500E+03 -2.186737E+00
  2.241000E+03 -2.550680E+00
  2.241500E+03 -2.874263E+00
  2.242000E+03 -3.153245E+00
  2.242500E+03 -3.384168E+00
  2.243000E+03 -3.564411E+00
  2.243500E+03 -3.692213E+00
  2.244000E+03 -3.766690E+00
  2.244500E+03 -3.787833E+00
  2.245000E+03 -3.756480E+00
  2.245500E+03 -3.674289E+00
  2.246000E+03 -3.543682E+00
  2.246500E+03 -3.367782E+00
  2.247000E+03 -3.150340E+00
  2.247500E+03 -2.895652E+00
  2.248000E+03 -2.608464E+00
  2.248500E+03 -2.293880E+00
  2.249000E+03 -1.957258E+00
  2.249500E+03 -1.604116E+00
  2.250000E+03 -1.240027E+00
  2.250500E+03 -8.705301E-01
  2.251000E+03 -5.010329E-01
  2.251500E+03 -1.367336E-01
  2.252000E+03  2.174569E-01
  2.252500E+03  5.569809E-01
  2.253000E+03  8.776906E-01
  2.253500E+03  1.175893E+00
  2.254000E+03  1.448386E+00
  2.254500E+03  1.692481E+00
  2.255000E+03  1.906016E+00
  2.255500E+03  2.087362E+00
  2.256000E+03  2.235411E+00
  2.256500E+03  2.349565E+00
  2.257000E+03  2.429714E+00
  2.257500E+03  2.476204E+00
  2.258000E+03  2.489805E+00
  2.258500E+03  2.471674E+00
  2.259000E+03  2.423308E+00
  2.259500E+03  2.346509E+00
  2.260000E+03  2.243335E+00
  2.260500E+03  2.116060E+00
  2.261000E+03  1.967131E+00
  2.261500E+03  1.799125E+00
  2.262000E+03  1.614720E+00
  2.262500E+03  1.416651E+00
  2.263000E+03  1.207685E+00
  2.263500E+03  9.905874E-01
  2.264000E+03  7.681018E-01
  2.264500E+03  5.429240E-01
  2.265000E+03  3.176833E-01
  2.265500E+03  9.492520E-02
  2.266000E+03 -1.229051E-01
  2.266500E+03 -3.334765E-01
  2.267000E+03 -5.345854E-01
  2.267500E+03 -7.241688E-01
  2.268000E+03 -9.003166E-01
  2.268500E+03 -1.061284E+00
  2.269000E+03 -1.205505E+00
  2.269500E+03 -1.331603E+00
  2.270000E+03 -1.438407E+00
  2.270500E+03 -1.524963E+00
  2.271000E+03 -1.590547E+00
  2.271500E+03 -1.634678E+00
  2.272000E+03 -1.657127E+00
  2.272500E+03 -1.657930E+00
  2.273000E+03 -1.637391E+00
  2.273500E+03 -1.596090E+00
  2.274000E+03 -1.534882E+00
  2.274500E+03 -1.454895E+00
  2.275000E+03 -1.357521E+00
  2.275500E+03 -1.244404E+00
  2.276000E+03 -1.117423E+00
  2.276500E+03 -9.786685E-01
  2.277000E+03 -8.304134E-01
  2.277500E+03 -6.750794E-01
  2.278000E+03 -5.151983E-01
  2.278500E+03 -3.533695E-01
  2.279000E+03 -1.922129E-01
  2.279500E+03 -3.432023E-02
  2.280000E+03  1.177966E-01
  2.280500E+03  2.617564E-01
  2.281000E+03  3.953594E-01
  2.281500E+03  5.166362E-01
  2.282000E+03  6.238926E-01
  2.282500E+03  7.157500E-01
  2.283000E+03  7.911798E-01
  2.283500E+03  8.495303E-01
  2.284000E+03  8.905455E-01
  2.284500E+03  9.143751E-01
  2.285000E+03  9.215734E-01
  2.285500E+03  9.130896E-01
  2.286000E+03  8.902467E-01
  2.286500E+03  8.547103E-01
  2.287000E+03  8.084477E-01
  2.287500E+03  7.536782E-01
  2.288000E+03  6.928148E-01
  2.288500E+03  6.283993E-01
  2.289000E+03  5.630322E-01
  2.289500E+03  4.992992E-01
  2.290000E+03  4.396954E-01
  2.290500E+03  3.865508E-01
  2.291000E+03  3.419570E-01
  2.291500E+03  3.076996E-01
  2.292000E+03  2.851964E-01
  2.292500E+03  2.754446E-01
  2.293000E+03  2.789772E-01
  2.293500E+03  2.958327E-01
  2.294000E+03  3.255369E-01
  2.294500E+03  3.670984E-01
  2.295000E+03  4.190197E-01
  2.295500E+03  4.793227E-01
  2.296000E+03  5.455883E-01
  2.296500E+03  6.150110E-01
  2.297000E+03  6.844659E-01
  2.297500E+03  7.505878E-01
  2.298000E+03  8.098600E-01
  2.298500E+03  8.587108E-01
  2.299000E+03  8.936162E-01
  2.299500E+03  9.112046E-01
  2.300000E+03  9.083626E-01
  2.300500E+03  8.823374E-01
  2.301000E+03  8.308344E-01
  2.301500E+03  7.521059E-01
  2.302000E+03  6.450294E-01
  2.302500E+03  5.091723E-01
  2.303000E+03  3.448410E-01
  2.303500E+03  1.531130E-01
  2.304000E+03 -6.415027E-02
  2.304500E+03 -3.043098E-01
  2.305000E+03 -5.639755E-01
  2.305500E+03 -8.390538E-01
  2.306000E+03 -1.124813E+00
  2.306500E+03 -1.415969E+00
  2.307000E+03 -1.706788E+00
  2.307500E+03 -1.991200E+00
  2.308000E+03 -2.262931E+00
  2.308500E+03 -2.515640E+00
  2.309000E+03 -2.743066E+00
  2.309500E+03 -2.939172E+00
  2.310000E+03 -3.098295E+00
  2.310500E+03 -3.215287E+00
  2.311000E+03 -3.285653E+00
  2.311500E+03 -3.305670E+00
  2.312000E+03 -3.272502E+00
  2.312500E+03 -3.184285E+00
  2.313000E+03 -3.040206E+00
  2.313500E+03 -2.840546E+00
  2.314000E+03 -2.586708E+00
  2.314500E+03 -2.281218E+00
  2.315000E+03 -1.927701E+00
  2.315500E+03 -1.530828E+00
  2.316000E+03 -1.096245E+00
  2.316500E+03 -6.304740E-01
  2.317000E+03 -1.407955E-01
  2.317500E+03  3.648901E-01
  2.318000E+03  8.782144E-01
  2.318500E+03  1.390506E+00
  2.319000E+03  1.892965E+00
  2.319500E+03  2.376841E+00
  2.320000E+03  2.833612E+00
  2.320500E+03  3.255161E+00
  2.321000E+03  3.633941E+00
  2.321500E+03  3.963136E+00
  2.322000E+03  4.236801E+00
  2.322500E+03  4.449982E+00
  2.323000E+03  4.598821E+00
  2.323500E+03  4.680636E+00
  2.324000E+03  4.693968E+00
  2.324500E+03  4.638612E+00
  2.325000E+03  4.515617E+00
  2.325500E+03  4.327251E+00
  2.326000E+03  4.076957E+00
  2.326500E+03  3.769267E+00
  2.327000E+03  3.409700E+00
  2.327500E+03  3.004644E+00
  2.328000E+03  2.561215E+00
  2.328500E+03  2.087098E+00
  2.329000E+03  1.590392E+00
  2.329500E+03  1.079433E+00
  2.330000E+03  5.626231E-01
  2.330500E+03  4.826058E-02
  2.331000E+03 -4.556256E-01
  2.331500E+03 -9.414316E-01
  2.332000E+03 -1.402121E+00
  2.332500E+03 -1.831351E+00
  2.333000E+03 -2.223580E+00
  2.333500E+03 -2.574155E+00
  2.334000E+03 -2.879372E+00
  2.334500E+03 -3.136518E+00
  2.335000E+03 -3.343890E+00
  2.335500E+03 -3.500779E+00
  2.336000E+03 -3.607446E+00
  2.336500E+03 -3.665063E+00
  2.337000E+03 -3.675646E+00
  2.337500E+03 -3.641959E+00
  2.338000E+03 -3.567414E+00
  2.338500E+03 -3.455949E+00
  2.339000E+03 -3.311909E+00
  2.339500E+03 -3.139914E+00
  2.340000E+03 -2.944729E+00
  2.340500E+03 -2.731139E+00
  2.341000E+03 -2.503824E+00
  2.341500E+03 -2.267249E+00
  2.342000E+03 -2.025563E+00
  2.342500E+03 -1.782514E+00
  2.343000E+03 -1.541377E+00
  2.343500E+03 -1.304904E+00
  2.344000E+03 -1.075291E+00
  2.344500E+03 -8.541617E-01
  2.345000E+03 -6.425776E-01
  2.345500E+03 -4.410563E-01
  2.346000E+03 -2.496153E-01
  2.346500E+03 -6.782672E-02
  2.347000E+03  1.051134E-01
  2.347500E+03  2.703050E-01
  2.348000E+03  4.290566E-01
  2.348500E+03  5.827924E-01
  2.349000E+03  7.329582E-01
  2.349500E+03  8.809278E-01
  2.350000E+03  1.027915E+00
  2.350500E+03  1.174891E+00
  2.351000E+03  1.322515E+00
  2.351500E+03  1.471072E+00
  2.352000E+03  1.620432E+00
  2.352500E+03  1.770017E+00
  2.353000E+03  1.918790E+00
  2.353500E+03  2.065263E+00
  2.354000E+03  2.207515E+00
  2.354500E+03  2.343232E+00
  2.355000E+03  2.469767E+00
  2.355500E+03  2.584203E+00
  2.356000E+03  2.683435E+00
  2.356500E+03  2.764268E+00
  2.357000E+03  2.823509E+00
  2.357500E+03  2.858070E+00
  2.358000E+03  2.865078E+00
  2.358500E+03  2.841974E+00
  2.359000E+03  2.786608E+00
  2.359500E+03  2.697334E+00
  2.360000E+03  2.573088E+00
  2.360500E+03  2.413449E+00
  2.361000E+03  2.218696E+00
  2.361500E+03  1.989836E+00
  2.362000E+03  1.728624E+00
  2.362500E+03  1.437554E+00
  2.363000E+03  1.119834E+00
  2.363500E+03  7.793495E-01
  2.364000E+03  4.205946E-01
  2.364500E+03  4.859619E-02
  2.365000E+03 -3.311808E-01
  2.365500E+03 -7.129414E-01
  2.366000E+03 -1.090679E+00
  2.366500E+03 -1.458299E+00
  2.367000E+03 -1.809754E+00
  2.367500E+03 -2.139171E+00
  2.368000E+03 -2.440982E+00
  2.368500E+03 -2.710049E+00
  2.369000E+03 -2.941781E+00
  2.369500E+03 -3.132234E+00
  2.370000E+03 -3.278207E+00
  2.370500E+03 -3.377309E+00
  2.371000E+03 -3.428019E+00
  2.371500E+03 -3.429719E+00
  2.372000E+03 -3.382711E+00
  2.372500E+03 -3.288203E+00
  2.373000E+03 -3.148293E+00
  2.373500E+03 -2.965908E+00
  2.374000E+03 -2.744749E+00
  2.374500E+03 -2.489197E+00
  2.375000E+03 -2.204219E+00
  2.375500E+03 -1.895253E+00
  2.376000E+03 -1.568085E+00
  2.376500E+03 -1.228725E+00
  2.377000E+03 -8.832660E-01
  2.377500E+03 -5.377596E-01
  2.378000E+03 -1.980804E-01
  2.378500E+03  1.301949E-01
  2.379000E+03  4.419028E-01
  2.379500E+03  7.323948E-01
  2.380000E+03  9.976260E-01
  2.380500E+03  1.234226E+00
  2.381000E+03  1.439553E+00
  2.381500E+03  1.611729E+00
  2.382000E+03  1.749655E+00
  2.382500E+03  1.853004E+00
  2.383000E+03  1.922204E+00
  2.383500E+03  1.958388E+00
  2.384000E+03  1.963344E+00
  2.384500E+03  1.939437E+00
  2.385000E+03  1.889524E+00
  2.385500E+03  1.816862E+00
  2.386000E+03  1.725000E+00
  2.386500E+03  1.617678E+00
  2.387000E+03  1.498714E+00
  2.387500E+03  1.371898E+00
  2.388000E+03  1.240894E+00
  2.388500E+03  1.109139E+00
  2.389000E+03  9.797639E-01
  2.389500E+03  8.555162E-01
  2.390000E+03  7.387026E-01
  2.390500E+03  6.311439E-01
  2.391000E+03  5.341473E-01
  2.391500E+03  4.484944E-01
  2.392000E+03  3.744456E-01
  2.392500E+03  3.117609E-01
  2.393000E+03  2.597361E-01
  2.393500E+03  2.172515E-01
  2.394000E+03  1.828337E-01
  2.394500E+03  1.547266E-01
  2.395000E+03  1.309708E-01
  2.395500E+03  1.094868E-01
  2.396000E+03  8.816150E-02
  2.396500E+03  6.493456E-02
  2.397000E+03  3.788095E-02
  2.397500E+03  5.288734E-03
  2.398000E+03 -3.427129E-02
  2.398500E+03 -8.188586E-02
  2.399000E+03 -1.382513E-01
  2.399500E+03 -2.036389E-01
  2.400000E+03 -2.778743E-01
  2.400500E+03 -3.603322E-01
  2.401000E+03 -4.499456E-01
  2.401500E+03 -5.452304E-01
  2.402000E+03 -6.443236E-01
  2.402500E+03 -7.450346E-01
  2.403000E+03 -8.449083E-01
  2.403500E+03 -9.412972E-01
  2.404000E+03 -1.031441E+00
  2.404500E+03 -1.112553E+00
  2.405000E+03 -1.181906E+00
  2.405500E+03 -1.236918E+00
  2.406000E+03 -1.275242E+00
  2.406500E+03 -1.294843E+00
  2.407000E+03 -1.294069E+00
  2.407500E+03 -1.271714E+00
  2.408000E+03 -1.227070E+00
  2.408500E+03 -1.159963E+00
  2.409000E+03 -1.070777E+00
  2.409500E+03 -9.604609E-01
  2.410000E+03 -8.305194E-01
  2.410500E+03 -6.829907E-01
  2.411000E+03 -5.204071E-01
  2.411500E+03 -3.457411E-01
  2.412000E+03 -1.623402E-01
  2.412500E+03  2.615136E-02
  2.413000E+03  2.158783E-01
  2.413500E+03  4.028686E-01
  2.414000E+03  5.831307E-01
  2.414500E+03  7.527537E-01
  2.415000E+03  9.080062E-01
  2.415500E+03  1.045431E+00
  2.416000E+03  1.161937E+00
  2.416500E+03  1.254874E+00
  2.417000E+03  1.322110E+00
  2.417500E+03  1.362084E+00
  2.418000E+03  1.373850E+00
  2.418500E+03  1.357105E+00
  2.419000E+03  1.312202E+00
  2.419500E+03  1.240142E+00
  2.420000E+03  1.142554E+00
  2.420500E+03  1.021660E+00
  2.421000E+03  8.802182E-01
  2.421500E+03  7.214601E-01
  2.422000E+03  5.490122E-01
  2.422500E+03  3.668076E-01
  2.423000E+03  1.789910E-01
  2.423500E+03 -1.018149E-02
  2.424000E+03 -1.964456E-01
  2.424500E+03 -3.756314E-01
  2.425000E+03 -5.437631E-01
  2.425500E+03 -6.971539E-01
  2.426000E+03 -8.324923E-01
  2.426500E+03 -9.469189E-01
  2.427000E+03 -1.038091E+00
  2.427500E+03 -1.104235E+00
  2.428000E+03 -1.144181E+00
  2.428500E+03 -1.157386E+00
  2.429000E+03 -1.143935E+00
  2.429500E+03 -1.104538E+00
  2.430000E+03 -1.040495E+00
  2.430500E+03 -9.536599E-01
  2.431000E+03 -8.463867E-01
  2.431500E+03 -7.214615E-01
  2.432000E+03 -5.820275E-01
  2.432500E+03 -4.315016E-01
  2.433000E+03 -2.734850E-01
  2.433500E+03 -1.116709E-01
  2.434000E+03  5.024770E-02
  2.434500E+03  2.086695E-01
  2.435000E+03  3.601713E-01
  2.435500E+03  5.015877E-01
  2.436000E+03  6.300837E-01
  2.436500E+03  7.432152E-01
  2.437000E+03  8.389791E-01
  2.437500E+03  9.158505E-01
  2.438000E+03  9.728054E-01
  2.438500E+03  1.009331E+00
  2.439000E+03  1.025420E+00
  2.439500E+03  1.021554E+00
  2.440000E+03  9.986743E-01
  2.440500E+03  9.581354E-01
  2.441000E+03  9.016576E-01
  2.441500E+03  8.312643E-01
  2.442000E+03  7.492155E-01
  2.442500E+03  6.579361E-01
  2.443000E+03  5.599427E-01
  2.443500E+03  4.577692E-01
  2.444000E+03  3.538954E-01
  2.444500E+03  2.506788E-01
  2.445000E+03  1.502930E-01
  2.445500E+03  5.467337E-02
  2.446000E+03 -3.452832E-02
  2.446500E+03 -1.159789E-01
  2.447000E+03 -1.886877E-01
  2.447500E+03 -2.520195E-01
  2.448000E+03 -3.056952E-01
  2.448500E+03 -3.497816E-01
  2.449000E+03 -3.846703E-01
  2.449500E+03 -4.110461E-01
  2.450000E+03 -4.298477E-01
  2.450500E+03 -4.422199E-01
  2.451000E+03 -4.494608E-01
  2.451500E+03 -4.529648E-01
  2.452000E+03 -4.541634E-01
  2.452500E+03 -4.544663E-01
  2.453000E+03 -4.552034E-01
  2.453500E+03 -4.575715E-01
  2.454000E+03 -4.625855E-01
  2.454500E+03 -4.710365E-01
  2.455000E+03 -4.834585E-01
  2.455500E+03 -5.001040E-01
  2.456000E+03 -5.209296E-01
  2.456500E+03 -5.455921E-01
  2.457000E+03 -5.734550E-01
  2.457500E+03 -6.036053E-01
  2.458000E+03 -6.348807E-01
  2.458500E+03 -6.659049E-01
  2.459000E+03 -6.951317E-01
  2.459500E+03 -7.208948E-01
  2.460000E+03 -7.414632E-01
  2.460500E+03 -7.551000E-01
  2.461000E+03 -7.601220E-01
  2.461500E+03 -7.549600E-01
  2.462000E+03 -7.382155E-01
  2.462500E+03 -7.087150E-01
  2.463000E+03 -6.655578E-01
  2.463500E+03 -6.081560E-01
  2.464000E+03 -5.362677E-01
  2.464500E+03 -4.500192E-01
  2.465000E+03 -3.499174E-01
  2.465500E+03 -2.368517E-01
  2.466000E+03 -1.120848E-01
  2.466500E+03  2.276774E-02
  2.467000E+03  1.657672E-01
  2.467500E+03  3.146919E-01
  2.468000E+03  4.670856E-01
  2.468500E+03  6.203123E-01
  2.469000E+03  7.716180E-01
  2.469500E+03  9.181954E-01
  2.470000E+03  1.057251E+00
  2.470500E+03  1.186073E+00
  2.471000E+03  1.302096E+00
  2.471500E+03  1.402966E+00
  2.472000E+03  1.486596E+00
  2.472500E+03  1.551218E+00
  2.473000E+03  1.595424E+00
  2.473500E+03  1.618202E+00
  2.474000E+03  1.618958E+00
  2.474500E+03  1.597532E+00
  2.475000E+03  1.554193E+00
  2.475500E+03  1.489637E+00
  2.476000E+03  1.404967E+00
  2.476500E+03  1.301657E+00
  2.477000E+03  1.181522E+00
  2.477500E+03  1.046663E+00
  2.478000E+03  8.994206E-01
  2.478500E+03  7.423140E-01
  2.479000E+03  5.779791E-01
  2.479500E+03  4.091060E-01
  2.480000E+03  2.383762E-01
  2.480500E+03  6.840166E-02
  2.481000E+03 -9.833304E-02
  2.481500E+03 -2.595226E-01
  2.482000E+03 -4.130868E-01
  2.482500E+03 -5.572087E-01
  2.483000E+03 -6.903642E-01
  2.483500E+03 -8.113421E-01
  2.484000E+03 -9.192549E-01
  2.484500E+03 -1.013540E+00
  2.485000E+03 -1.093951E+00
  2.485500E+03 -1.160540E+00
  2.486000E+03 -1.213634E+00
  2.486500E+03 -1.253799E+00
  2.487000E+03 -1.281805E+00
  2.487500E+03 -1.298581E+00
  2.488000E+03 -1.305168E+00
  2.488500E+03 -1.302674E+00
  2.489000E+03 -1.292224E+00
  2.489500E+03 -1.274919E+00
  2.490000E+03 -1.251786E+00
  2.490500E+03 -1.223749E+00
  2.491000E+03 -1.191590E+00
  2.491500E+03 -1.155931E+00
  2.492000E+03 -1.117211E+00
  2.492500E+03 -1.075678E+00
  2.493000E+03 -1.031395E+00
  2.493500E+03 -9.842382E-01
  2.494000E+03 -9.339204E-01
  2.494500E+03 -8.800117E-01
  2.495000E+03 -8.219702E-01
  2.495500E+03 -7.591778E-01
  2.496000E+03 -6.909808E-01
  2.496500E+03 -6.167323E-01
  2.497000E+03 -5.358372E-01
  2.497500E+03 -4.477961E-01
  2.498000E+03 -3.522477E-01
  2.498500E+03 -2.490075E-01
  2.499000E+03 -1.381023E-01
  2.499500E+03 -1.979788E-02
  2.500000E+03  1.053809E-01
  2.500500E+03  2.366373E-01
  2.501000E+03  3.729001E-01
  2.501500E+03  5.128290E-01
  2.502000E+03  6.548311E-01
  2.502500E+03  7.970851E-01
  2.503000E+03  9.375752E-01
  2.503500E+03  1.074133E+00
  2.504000E+03  1.204485E+00
  2.504500E+03  1.326309E+00
  2.505000E+03  1.437290E+00
  2.505500E+03  1.535183E+00
  2.506000E+03  1.617875E+00
  2.506500E+03  1.683441E+00
  2.507000E+03  1.730208E+00
  2.507500E+03  1.756806E+00
  2.508000E+03  1.762211E+00
  2.508500E+03  1.745788E+00
  2.509000E+03  1.707318E+00
  2.509500E+03  1.647019E+00
  2.510000E+03  1.565553E+00
  2.510500E+03  1.464020E+00
  2.511000E+03  1.343947E+00
  2.511500E+03  1.207259E+00
  2.512000E+03  1.056242E+00
  2.512500E+03  8.934905E-01
  2.513000E+03  7.218570E-01
  2.513500E+03  5.443815E-01
  2.514000E+03  3.642228E-01
  2.514500E+03  1.845827E-01
  2.515000E+03  8.628622E-03
  2.515500E+03 -1.605837E-01
  2.516000E+03 -3.201858E-01
  2.516500E+03 -4.675680E-01
  2.517000E+03 -6.004439E-01
  2.517500E+03 -7.169083E-01
  2.518000E+03 -8.154839E-01
  2.518500E+03 -8.951583E-01
  2.519000E+03 -9.554078E-01
  2.519500E+03 -9.962086E-01
  2.520000E+03 -1.018035E+00
  2.520500E+03 -1.021842E+00
  2.521000E+03 -1.009040E+00
  2.521500E+03 -9.814489E-01
  2.522000E+03 -9.412472E-01
  2.522500E+03 -8.909094E-01
  2.523000E+03 -8.331334E-01
  2.523500E+03 -7.707624E-01
  2.524000E+03 -7.067021E-01
  2.524500E+03 -6.438357E-01
  2.525000E+03 -5.849387E-01
  2.525500E+03 -5.325964E-01
  2.526000E+03 -4.891256E-01
  2.526500E+03 -4.565040E-01
  2.527000E+03 -4.363074E-01
  2.527500E+03 -4.296586E-01
  2.528000E+03 -4.371878E-01
  2.528500E+03 -4.590068E-01
  2.529000E+03 -4.946973E-01
  2.529500E+03 -5.433140E-01
  2.530000E+03 -6.034019E-01
  2.530500E+03 -6.730294E-01
  2.531000E+03 -7.498334E-01
  2.531500E+03 -8.310786E-01
  2.532000E+03 -9.137266E-01
  2.532500E+03 -9.945159E-01
  2.533000E+03 -1.070048E+00
  2.533500E+03 -1.136879E+00
  2.534000E+03 -1.191615E+00
  2.534500E+03 -1.231008E+00
  2.535000E+03 -1.252045E+00
  2.535500E+03 -1.252041E+00
  2.536000E+03 -1.228717E+00
  2.536500E+03 -1.180276E+00
  2.537000E+03 -1.105457E+00
  2.537500E+03 -1.003594E+00
  2.538000E+03 -8.746417E-01
  2.538500E+03 -7.191982E-01
  2.539000E+03 -5.385099E-01
  2.539500E+03 -3.344581E-01
  2.540000E+03 -1.095319E-01
  2.540500E+03  1.332146E-01
  2.541000E+03  3.902188E-01
  2.541500E+03  6.574787E-01
  2.542000E+03  9.306340E-01
  2.542500E+03  1.205055E+00
  2.543000E+03  1.475938E+00
  2.543500E+03  1.738411E+00
  2.544000E+03  1.987630E+00
  2.544500E+03  2.218888E+00
  2.545000E+03  2.427714E+00
  2.545500E+03  2.609964E+00
  2.546000E+03  2.761918E+00
  2.546500E+03  2.880349E+00
  2.547000E+03  2.962598E+00
  2.547500E+03  3.006625E+00
  2.548000E+03  3.011052E+00
  2.548500E+03  2.975192E+00
  2.549000E+03  2.899055E+00
  2.549500E+03  2.783352E+00
  2.550000E+03  2.629471E+00
  2.550500E+03  2.439451E+00
  2.551000E+03  2.215931E+00
  2.551500E+03  1.962098E+00
  2.552000E+03  1.681618E+00
  2.552500E+03  1.378560E+00
  2.553000E+03  1.057314E+00
  2.553500E+03  7.225068E-01
  2.554000E+03  3.789080E-01
  2.554500E+03  3.134538E-02
  2.555000E+03 -3.153855E-01
  2.555500E+03 -6.566047E-01
  2.556000E+03 -9.878263E-01
  2.556500E+03 -1.304831E+00
  2.557000E+03 -1.603727E+00
  2.557500E+03 -1.881007E+00
  2.558000E+03 -2.133590E+00
  2.558500E+03 -2.358854E+00
  2.559000E+03 -2.554657E+00
  2.559500E+03 -2.719350E+00
  2.560000E+03 -2.851776E+00
  2.560500E+03 -2.951259E+00
  2.561000E+03 -3.017589E+00
  2.561500E+03 -3.050990E+00
  2.562000E+03 -3.052091E+00
  2.562500E+03 -3.021885E+00
  2.563000E+03 -2.961689E+00
  2.563500E+03 -2.873092E+00
  2.564000E+03 -2.757915E+00
  2.564500E+03 -2.618164E+00
  2.565000E+03 -2.455980E+00
  2.565500E+03 -2.273604E+00
  2.566000E+03 -2.073333E+00
  2.566500E+03 -1.857490E+00
  2.567000E+03 -1.628394E+00
  2.567500E+03 -1.388336E+00
  2.568000E+03 -1.139563E+00
  2.568500E+03 -8.842629E-01
  2.569000E+03 -6.245617E-01
  2.569500E+03 -3.625174E-01
  2.570000E+03 -1.001236E-01
  2.570500E+03  1.606856E-01
  2.571000E+03  4.180287E-01
  2.571500E+03  6.700678E-01
  2.572000E+03  9.149994E-01
  2.572500E+03  1.151046E+00
  2.573000E+03  1.376451E+00
  2.573500E+03  1.589470E+00
  2.574000E+03  1.788375E+00
  2.574500E+03  1.971456E+00
  2.575000E+03  2.137024E+00
  2.575500E+03  2.283431E+00
  2.576000E+03  2.409079E+00
  2.576500E+03  2.512447E+00
  2.577000E+03  2.592111E+00
  2.577500E+03  2.646781E+00
  2.578000E+03  2.675326E+00
  2.578500E+03  2.676812E+00
  2.579000E+03  2.650536E+00
  2.579500E+03  2.596061E+00
  2.580000E+03  2.513252E+00
  2.580500E+03  2.402305E+00
  2.581000E+03  2.263772E+00
  2.581500E+03  2.098588E+00
  2.582000E+03  1.908083E+00
  2.582500E+03  1.693991E+00
  2.583000E+03  1.458451E+00
  2.583500E+03  1.204000E+00
  2.584000E+03  9.335495E-01
  2.584500E+03  6.503646E-01
  2.585000E+03  3.580235E-01
  2.585500E+03  6.037319E-02
  2.586000E+03 -2.385252E-01
  2.586500E+03 -5.344586E-01
  2.587000E+03 -8.231299E-01
  2.587500E+03 -1.100232E+00
  2.588000E+03 -1.361527E+00
  2.588500E+03 -1.602923E+00
  2.589000E+03 -1.820556E+00
  2.589500E+03 -2.010870E+00
  2.590000E+03 -2.170690E+00
  2.590500E+03 -2.297294E+00
  2.591000E+03 -2.388476E+00
  2.591500E+03 -2.442601E+00
  2.592000E+03 -2.458649E+00
  2.592500E+03 -2.436252E+00
  2.593000E+03 -2.375709E+00
  2.593500E+03 -2.277997E+00
  2.594000E+03 -2.144769E+00
  2.594500E+03 -1.978326E+00
  2.595000E+03 -1.781588E+00
  2.595500E+03 -1.558048E+00
  2.596000E+03 -1.311707E+00
  2.596500E+03 -1.047009E+00
  2.597000E+03 -7.687551E-01
  2.597500E+03 -4.820140E-01
  2.598000E+03 -1.920266E-01
  2.598500E+03  9.589640E-02
  2.599000E+03  3.764786E-01
  2.599500E+03  6.445826E-01
  2.600000E+03  8.953120E-01
  2.600500E+03  1.124110E+00
  2.601000E+03  1.326853E+00
  2.601500E+03  1.499931E+00
  2.602000E+03  1.640325E+00
  2.602500E+03  1.745664E+00
  2.603000E+03  1.814279E+00
  2.603500E+03  1.845231E+00
  2.604000E+03  1.838334E+00
  2.604500E+03  1.794154E+00
  2.605000E+03  1.714001E+00
  2.605500E+03  1.599894E+00
  2.606000E+03  1.454525E+00
  2.606500E+03  1.281196E+00
  2.607000E+03  1.083749E+00
  2.607500E+03  8.664879E-01
  2.608000E+03  6.340843E-01
  2.608500E+03  3.914798E-01
  2.609000E+03  1.437817E-01
  2.609500E+03 -1.038438E-01
  2.610000E+03 -3.462802E-01
  2.610500E+03 -5.785667E-01
  2.611000E+03 -7.960010E-01
  2.611500E+03 -9.942359E-01
  2.612000E+03 -1.169367E+00
  2.612500E+03 -1.318013E+00
  2.613000E+03 -1.437381E+00
  2.613500E+03 -1.525317E+00
  2.614000E+03 -1.580354E+00
  2.614500E+03 -1.601727E+00
  2.615000E+03 -1.589388E+00
  2.615500E+03 -1.543998E+00
  2.616000E+03 -1.466906E+00
  2.616500E+03 -1.360112E+00
  2.617000E+03 -1.226218E+00
  2.617500E+03 -1.068365E+00
  2.618000E+03 -8.901615E-01
  2.618500E+03 -6.955966E-01
  2.619000E+03 -4.889537E-01
  2.619500E+03 -2.747128E-01
  2.620000E+03 -5.745218E-02
  2.620500E+03  1.582519E-01
  2.621000E+03  3.679240E-01
  2.621500E+03  5.672852E-01
  2.622000E+03  7.523434E-01
  2.622500E+03  9.194758E-01
  2.623000E+03  1.065503E+00
  2.623500E+03  1.187753E+00
  2.624000E+03  1.284111E+00
  2.624500E+03  1.353060E+00
  2.625000E+03  1.393701E+00
  2.625500E+03  1.405770E+00
  2.626000E+03  1.389633E+00
  2.626500E+03  1.346263E+00
  2.627000E+03  1.277218E+00
  2.627500E+03  1.184592E+00
  2.628000E+03  1.070963E+00
  2.628500E+03  9.393289E-01
  2.629000E+03  7.930319E-01
  2.629500E+03  6.356809E-01
  2.630000E+03  4.710656E-01
  2.630500E+03  3.030692E-01
  2.631000E+03  1.355791E-01
  2.631500E+03 -2.760086E-02
  2.632000E+03 -1.828350E-01
  2.632500E+03 -3.267363E-01
  2.633000E+03 -4.562396E-01
  2.633500E+03 -5.686670E-01
  2.634000E+03 -6.617838E-01
  2.634500E+03 -7.338440E-01
  2.635000E+03 -7.836232E-01
  2.635500E+03 -8.104407E-01
  2.636000E+03 -8.141684E-01
  2.636500E+03 -7.952268E-01
  2.637000E+03 -7.545691E-01
  2.637500E+03 -6.936537E-01
  2.638000E+03 -6.144046E-01
  2.638500E+03 -5.191627E-01
  2.639000E+03 -4.106275E-01
  2.639500E+03 -2.917918E-01
  2.640000E+03 -1.658704E-01
  2.640500E+03 -3.622375E-02
  2.641000E+03  9.371962E-02
  2.641500E+03  2.205424E-01
  2.642000E+03  3.409166E-01
  2.642500E+03  4.516783E-01
  2.643000E+03  5.498988E-01
  2.643500E+03  6.329492E-01
  2.644000E+03  6.985580E-01
  2.644500E+03  7.448600E-01
  2.645000E+03  7.704356E-01
  2.645500E+03  7.743400E-01
  2.646000E+03  7.561217E-01
  2.646500E+03  7.158295E-01
  2.647000E+03  6.540088E-01
  2.647500E+03  5.716870E-01
  2.648000E+03  4.703484E-01
  2.648500E+03  3.518993E-01
  2.649000E+03  2.186246E-01
  2.649500E+03  7.313672E-02
  2.650000E+03 -8.168218E-02
  2.650500E+03 -2.427429E-01
  2.651000E+03 -4.068154E-01
  2.651500E+03 -5.705974E-01
  2.652000E+03 -7.307829E-01
  2.652500E+03 -8.841309E-01
  2.653000E+03 -1.027530E+00
  2.653500E+03 -1.158061E+00
  2.654000E+03 -1.273054E+00
  2.654500E+03 -1.370135E+00
  2.655000E+03 -1.447276E+00
  2.655500E+03 -1.502823E+00
  2.656000E+03 -1.535530E+00
  2.656500E+03 -1.544570E+00
  2.657000E+03 -1.529547E+00
  2.657500E+03 -1.490499E+00
  2.658000E+03 -1.427884E+00
  2.658500E+03 -1.342563E+00
  2.659000E+03 -1.235781E+00
  2.659500E+03 -1.109129E+00
  2.660000E+03 -9.645093E-01
  2.660500E+03 -8.040940E-01
  2.661000E+03 -6.302766E-01
  2.661500E+03 -4.456243E-01
  2.662000E+03 -2.528276E-01
  2.662500E+03 -5.464972E-02
  2.663000E+03  1.461232E-01
  2.663500E+03  3.467299E-01
  2.664000E+03  5.444792E-01
  2.664500E+03  7.367908E-01
  2.665000E+03  9.212327E-01
  2.665500E+03  1.095553E+00
  2.666000E+03  1.257705E+00
  2.666500E+03  1.405870E+00
  2.667000E+03  1.538472E+00
  2.667500E+03  1.654185E+00
  2.668000E+03  1.751939E+00
  2.668500E+03  1.830918E+00
  2.669000E+03  1.890555E+00
  2.669500E+03  1.930519E+00
  2.670000E+03  1.950705E+00
  2.670500E+03  1.951218E+00
  2.671000E+03  1.932350E+00
  2.671500E+03  1.894569E+00
  2.672000E+03  1.838490E+00
  2.672500E+03  1.764865E+00
  2.673000E+03  1.674555E+00
  2.673500E+03  1.568522E+00
  2.674000E+03  1.447805E+00
  2.674500E+03  1.313514E+00
  2.675000E+03  1.166816E+00
  2.675500E+03  1.008927E+00
  2.676000E+03  8.411060E-01
  2.676500E+03  6.646546E-01
  2.677000E+03  4.809125E-01
  2.677500E+03  2.912596E-01
  2.678000E+03  9.711773E-02
  2.678500E+03 -1.000469E-01
  2.679000E+03 -2.987210E-01
  2.679500E+03 -4.973417E-01
  2.680000E+03 -6.942956E-01
  2.680500E+03 -8.879189E-01
  2.681000E+03 -1.076500E+00
  2.681500E+03 -1.258285E+00
  2.682000E+03 -1.431486E+00
  2.682500E+03 -1.594293E+00
  2.683000E+03 -1.744886E+00
  2.683500E+03 -1.881458E+00
  2.684000E+03 -2.002237E+00
  2.684500E+03 -2.105505E+00
  2.685000E+03 -2.189635E+00
  2.685500E+03 -2.253114E+00
  2.686000E+03 -2.294578E+00
  2.686500E+03 -2.312847E+00
  2.687000E+03 -2.306952E+00
  2.687500E+03 -2.276175E+00
  2.688000E+03 -2.220071E+00
  2.688500E+03 -2.138502E+00
  2.689000E+03 -2.031658E+00
  2.689500E+03 -1.900077E+00
  2.690000E+03 -1.744657E+00
  2.690500E+03 -1.566666E+00
  2.691000E+03 -1.367741E+00
  2.691500E+03 -1.149883E+00
  2.692000E+03 -9.154396E-01
  2.692500E+03 -6.670873E-01
  2.693000E+03 -4.077983E-01
  2.693500E+03 -1.408049E-01
  2.694000E+03  1.304450E-01
  2.694500E+03  4.023382E-01
  2.695000E+03  6.711522E-01
  2.695500E+03  9.331159E-01
  2.696000E+03  1.184473E+00
  2.696500E+03  1.421549E+00
  2.697000E+03  1.640817E+00
  2.697500E+03  1.838962E+00
  2.698000E+03  2.012949E+00
  2.698500E+03  2.160079E+00
  2.699000E+03  2.278048E+00
  2.699500E+03  2.364992E+00
  2.700000E+03  2.419532E+00
  2.700500E+03  2.440802E+00
  2.701000E+03  2.428480E+00
  2.701500E+03  2.382793E+00
  2.702000E+03  2.304524E+00
  2.702500E+03  2.195003E+00
  2.703000E+03  2.056086E+00
  2.703500E+03  1.890125E+00
  2.704000E+03  1.699932E+00
  2.704500E+03  1.488723E+00
  2.705000E+03  1.260064E+00
  2.705500E+03  1.017804E+00
  2.706000E+03  7.660038E-01
  2.706500E+03  5.088619E-01
  2.707000E+03  2.506324E-01
  2.707500E+03 -4.452976E-03
  2.708000E+03 -2.522649E-01
  2.708500E+03 -4.888540E-01
  2.709000E+03 -7.105245E-01
  2.709500E+03 -9.139028E-01
  2.710000E+03 -1.095998E+00
  2.710500E+03 -1.254257E+00
  2.711000E+03 -1.386605E+00
  2.711500E+03 -1.491485E+00
  2.712000E+03 -1.567876E+00
  2.712500E+03 -1.615305E+00
  2.713000E+03 -1.633850E+00
  2.713500E+03 -1.624130E+00
  2.714000E+03 -1.587278E+00
  2.714500E+03 -1.524913E+00
  2.715000E+03 -1.439097E+00
  2.715500E+03 -1.332283E+00
  2.716000E+03 -1.207262E+00
  2.716500E+03 -1.067094E+00
  2.717000E+03 -9.150413E-01
  2.717500E+03 -7.545004E-01
  2.718000E+03 -5.889266E-01
  2.718500E+03 -4.217633E-01
  2.719000E+03 -2.563717E-01
  2.719500E+03 -9.596440E-02
  2.720000E+03  5.645659E-02
  2.720500E+03  1.981555E-01
  2.721000E+03  3.267115E-01
  2.721500E+03  4.400588E-01
  2.722000E+03  5.365185E-01
  2.722500E+03  6.148211E-01
  2.723000E+03  6.741193E-01
  2.723500E+03  7.139912E-01
  2.724000E+03  7.344345E-01
  2.724500E+03  7.358513E-01
  2.725000E+03  7.190252E-01
  2.725500E+03  6.850906E-01
  2.726000E+03  6.354950E-01
  2.726500E+03  5.719568E-01
  2.727000E+03  4.964178E-01
  2.727500E+03  4.109934E-01
  2.728000E+03  3.179207E-01
  2.728500E+03  2.195061E-01
  2.729000E+03  1.180736E-01
  2.729500E+03  1.591527E-02
  2.730000E+03 -8.475572E-02
  2.730500E+03 -1.818477E-01
  2.731000E+03 -2.734284E-01
  2.731500E+03 -3.577576E-01
  2.732000E+03 -4.333135E-01
  2.732500E+03 -4.988132E-01
  2.733000E+03 -5.532260E-01
  2.733500E+03 -5.957808E-01
  2.734000E+03 -6.259673E-01
  2.734500E+03 -6.435309E-01
  2.735000E+03 -6.484622E-01
  2.735500E+03 -6.409820E-01
  2.736000E+03 -6.215217E-01
  2.736500E+03 -5.907006E-01
  2.737000E+03 -5.493004E-01
  2.737500E+03 -4.982386E-01
  2.738000E+03 -4.385402E-01
  2.738500E+03 -3.713101E-01
  2.739000E+03 -2.977058E-01
  2.739500E+03 -2.189119E-01
  2.740000E+03 -1.361164E-01
  2.740500E+03 -5.049010E-02
  2.741000E+03  3.683192E-02
  2.741500E+03  1.247646E-01
  2.742000E+03  2.122842E-01
  2.742500E+03  2.984362E-01
  2.743000E+03  3.823398E-01
  2.743500E+03  4.631893E-01
  2.744000E+03  5.402523E-01
  2.744500E+03  6.128665E-01
  2.745000E+03  6.804331E-01
  2.745500E+03  7.424103E-01
  2.746000E+03  7.983050E-01
  2.746500E+03  8.476645E-01
  2.747000E+03  8.900683E-01
  2.747500E+03  9.251214E-01
  2.748000E+03  9.524484E-01
  2.748500E+03  9.716891E-01
  2.749000E+03  9.824965E-01
  2.749500E+03  9.845375E-01
  2.750000E+03  9.774954E-01
  2.750500E+03  9.610750E-01
  2.751000E+03  9.350107E-01
  2.751500E+03  8.990761E-01
  2.752000E+03  8.530959E-01
  2.752500E+03  7.969597E-01
  2.753000E+03  7.306360E-01
  2.753500E+03  6.541879E-01
  2.754000E+03  5.677881E-01
  2.754500E+03  4.717333E-01
  2.755000E+03  3.664579E-01
  2.755500E+03  2.525452E-01
  2.756000E+03  1.307364E-01
  2.756500E+03  1.937072E-03
  2.757000E+03 -1.327805E-01
  2.757500E+03 -2.721784E-01
  2.758000E+03 -4.148586E-01
  2.758500E+03 -5.592726E-01
  2.759000E+03 -7.037355E-01
  2.759500E+03 -8.464444E-01
  2.760000E+03 -9.855009E-01
  2.760500E+03 -1.118938E+00
  2.761000E+03 -1.244750E+00
  2.761500E+03 -1.360924E+00
  2.762000E+03 -1.465478E+00
  2.762500E+03 -1.556493E+00
  2.763000E+03 -1.632156E+00
  2.763500E+03 -1.690792E+00
  2.764000E+03 -1.730905E+00
  2.764500E+03 -1.751210E+00
  2.765000E+03 -1.750665E+00
  2.765500E+03 -1.728502E+00
  2.766000E+03 -1.684249E+00
  2.766500E+03 -1.617751E+00
  2.767000E+03 -1.529184E+00
  2.767500E+03 -1.419066E+00
  2.768000E+03 -1.288252E+00
  2.768500E+03 -1.137941E+00
  2.769000E+03 -9.696548E-01
  2.769500E+03 -7.852279E-01
  2.770000E+03 -5.867820E-01
  2.770500E+03 -3.766984E-01
  2.771000E+03 -1.575830E-01
  2.771500E+03  6.777137E-02
  2.772000E+03  2.964276E-01
  2.772500E+03  5.253500E-01
  2.773000E+03  7.514520E-01
  2.773500E+03  9.716454E-01
  2.774000E+03  1.182890E+00
  2.774500E+03  1.382240E+00
  2.775000E+03  1.566898E+00
  2.775500E+03  1.734252E+00
  2.776000E+03  1.881921E+00
  2.776500E+03  2.007793E+00
  2.777000E+03  2.110059E+00
  2.777500E+03  2.187234E+00
  2.778000E+03  2.238190E+00
  2.778500E+03  2.262162E+00
  2.779000E+03  2.258762E+00
  2.779500E+03  2.227984E+00
  2.780000E+03  2.170195E+00
  2.780500E+03  2.086134E+00
  2.781000E+03  1.976890E+00
  2.781500E+03  1.843887E+00
  2.782000E+03  1.688857E+00
  2.782500E+03  1.513809E+00
  2.783000E+03  1.320998E+00
  2.783500E+03  1.112889E+00
  2.784000E+03  8.921187E-01
  2.784500E+03  6.614543E-01
  2.785000E+03  4.237550E-01
  2.785500E+03  1.819301E-01
  2.786000E+03 -6.110015E-02
  2.786500E+03 -3.024439E-01
  2.787000E+03 -5.392742E-01
  2.787500E+03 -7.688639E-01
  2.788000E+03 -9.886174E-01
  2.788500E+03 -1.196099E+00
  2.789000E+03 -1.389061E+00
  2.789500E+03 -1.565459E+00
  2.790000E+03 -1.723481E+00
  2.790500E+03 -1.861551E+00
  2.791000E+03 -1.978348E+00
  2.791500E+03 -2.072809E+00
  2.792000E+03 -2.144138E+00
  2.792500E+03 -2.191801E+00
  2.793000E+03 -2.215533E+00
  2.793500E+03 -2.215324E+00
  2.794000E+03 -2.191420E+00
  2.794500E+03 -2.144311E+00
  2.795000E+03 -2.074722E+00
  2.795500E+03 -1.983598E+00
  2.796000E+03 -1.872096E+00
  2.796500E+03 -1.741564E+00
  2.797000E+03 -1.593531E+00
  2.797500E+03 -1.429687E+00
  2.798000E+03 -1.251866E+00
  2.798500E+03 -1.062032E+00
  2.799000E+03 -8.622537E-01
  2.799500E+03 -6.546926E-01
  2.800000E+03 -4.415783E-01
  2.800500E+03 -2.251904E-01
  2.801000E+03 -7.837231E-03
  2.801500E+03  2.081652E-01
  2.802000E+03  4.205151E-01
  2.802500E+03  6.269472E-01
  2.803000E+03  8.252550E-01
  2.803500E+03  1.013313E+00
  2.804000E+03  1.189102E+00
  2.804500E+03  1.350726E+00
  2.805000E+03  1.496442E+00
  2.805500E+03  1.624674E+00
  2.806000E+03  1.734039E+00
  2.806500E+03  1.823364E+00
  2.807000E+03  1.891702E+00
  2.807500E+03  1.938351E+00
  2.808000E+03  1.962863E+00
  2.808500E+03  1.965057E+00
  2.809000E+03  1.945026E+00
  2.809500E+03  1.903137E+00
  2.810000E+03  1.840034E+00
  2.810500E+03  1.756635E+00
  2.811000E+03  1.654119E+00
  2.811500E+03  1.533915E+00
  2.812000E+03  1.397690E+00
  2.812500E+03  1.247320E+00
  2.813000E+03  1.084871E+00
  2.813500E+03  9.125679E-01
  2.814000E+03  7.327630E-01
  2.814500E+03  5.479023E-01
  2.815000E+03  3.604873E-01
  2.815500E+03  1.730373E-01
  2.816000E+03 -1.195047E-02
  2.816500E+03 -1.920404E-01
  2.817000E+03 -3.648977E-01
  2.817500E+03 -5.283263E-01
  2.818000E+03 -6.803046E-01
  2.818500E+03 -8.190180E-01
  2.819000E+03 -9.428884E-01
  2.819500E+03 -1.050599E+00
  2.820000E+03 -1.141115E+00
  2.820500E+03 -1.213699E+00
  2.821000E+03 -1.267916E+00
  2.821500E+03 -1.303643E+00
  2.822000E+03 -1.321062E+00
  2.822500E+03 -1.320653E+00
  2.823000E+03 -1.303179E+00
  2.823500E+03 -1.269663E+00
  2.824000E+03 -1.221368E+00
  2.824500E+03 -1.159763E+00
  2.825000E+03 -1.086489E+00
  2.825500E+03 -1.003325E+00
  2.826000E+03 -9.121462E-01
  2.826500E+03 -8.148827E-01
  2.827000E+03 -7.134808E-01
  2.827500E+03 -6.098604E-01
  2.828000E+03 -5.058768E-01
  2.828500E+03 -4.032835E-01
  2.829000E+03 -3.036986E-01
  2.829500E+03 -2.085758E-01
  2.830000E+03 -1.191795E-01
  2.830500E+03 -3.656530E-02
  2.831000E+03  3.843385E-02
  2.831500E+03  1.052151E-01
  2.832000E+03  1.634077E-01
  2.832500E+03  2.128685E-01
  2.833000E+03  2.536716E-01
  2.833500E+03  2.860933E-01
  2.834000E+03  3.105909E-01
  2.834500E+03  3.277783E-01
  2.835000E+03  3.383976E-01
  2.835500E+03  3.432878E-01
  2.836000E+03  3.433525E-01
  2.836500E+03  3.395259E-01
  2.837000E+03  3.327400E-01
  2.837500E+03  3.238928E-01
  2.838000E+03  3.138180E-01
  2.838500E+03  3.032587E-01
  2.839000E+03  2.928448E-01
  2.839500E+03  2.830745E-01
  2.840000E+03  2.743017E-01
  2.840500E+03  2.667280E-01
  2.841000E+03  2.604017E-01
  2.841500E+03  2.552212E-01
  2.842000E+03  2.509450E-01
  2.842500E+03  2.472071E-01
  2.843000E+03  2.435366E-01
  2.843500E+03  2.393825E-01
  2.844000E+03  2.341409E-01
  2.844500E+03  2.271861E-01
  2.845000E+03  2.179021E-01
  2.845500E+03  2.057153E-01
  2.846000E+03  1.901266E-01
  2.846500E+03  1.707416E-01
  2.847000E+03  1.472981E-01
  2.847500E+03  1.196902E-01
  2.848000E+03  8.798731E-02
  2.848500E+03  5.244769E-02
  2.849000E+03  1.352619E-02
  2.849500E+03 -2.812497E-02
  2.850000E+03 -7.166223E-02
  2.850500E+03 -1.160636E-01
  2.851000E+03 -1.601489E-01
  2.851500E+03 -2.026056E-01
  2.852000E+03 -2.420220E-01
  2.852500E+03 -2.769245E-01
  2.853000E+03 -3.058201E-01
  2.853500E+03 -3.272413E-01
  2.854000E+03 -3.397937E-01
  2.854500E+03 -3.422044E-01
  2.855000E+03 -3.333691E-01
  2.855500E+03 -3.123976E-01
  2.856000E+03 -2.786555E-01
  2.856500E+03 -2.318018E-01
  2.857000E+03 -1.718191E-01
  2.857500E+03 -9.903766E-02
  2.858000E+03 -1.415052E-02
  2.858500E+03  8.177994E-02
  2.859000E+03  1.873255E-01
  2.859500E+03  3.007051E-01
  2.860000E+03  4.198084E-01
  2.860500E+03  5.422285E-01
  2.861000E+03  6.653045E-01
  2.861500E+03  7.861724E-01
  2.862000E+03  9.018237E-01
  2.862500E+03  1.009171E+00
  2.863000E+03  1.105115E+00
  2.863500E+03  1.186625E+00
  2.864000E+03  1.250804E+00
  2.864500E+03  1.294971E+00
  2.865000E+03  1.316733E+00
  2.865500E+03  1.314051E+00
  2.866000E+03  1.285303E+00
  2.866500E+03  1.229345E+00
  2.867000E+03  1.145552E+00
  2.867500E+03  1.033857E+00
  2.868000E+03  8.947747E-01
  2.868500E+03  7.294159E-01
  2.869000E+03  5.394835E-01
  2.869500E+03  3.272597E-01
  2.870000E+03  9.557833E-02
  2.870500E+03 -1.522167E-01
  2.871000E+03 -4.123246E-01
  2.871500E+03 -6.805527E-01
  2.872000E+03 -9.523914E-01
  2.872500E+03 -1.223099E+00
  2.873000E+03 -1.487790E+00
  2.873500E+03 -1.741536E+00
  2.874000E+03 -1.979460E+00
  2.874500E+03 -2.196836E+00
  2.875000E+03 -2.389191E+00
  2.875500E+03 -2.552395E+00
  2.876000E+03 -2.682753E+00
  2.876500E+03 -2.777084E+00
  2.877000E+03 -2.832792E+00
  2.877500E+03 -2.847924E+00
  2.878000E+03 -2.821221E+00
  2.878500E+03 -2.752147E+00
  2.879000E+03 -2.640906E+00
  2.879500E+03 -2.488449E+00
  2.880000E+03 -2.296459E+00
  2.880500E+03 -2.067324E+00
  2.881000E+03 -1.804095E+00
  2.881500E+03 -1.510432E+00
  2.882000E+03 -1.190535E+00
  2.882500E+03 -8.490659E-01
  2.883000E+03 -4.910619E-01
  2.883500E+03 -1.218415E-01
  2.884000E+03  2.530954E-01
  2.884500E+03  6.281689E-01
  2.885000E+03  9.978219E-01
  2.885500E+03  1.356620E+00
  2.886000E+03  1.699350E+00
  2.886500E+03  2.021108E+00
  2.887000E+03  2.317386E+00
  2.887500E+03  2.584142E+00
  2.888000E+03  2.817865E+00
  2.888500E+03  3.015625E+00
  2.889000E+03  3.175114E+00
  2.889500E+03  3.294663E+00
  2.890000E+03  3.373264E+00
  2.890500E+03  3.410556E+00
  2.891000E+03  3.406821E+00
  2.891500E+03  3.362948E+00
  2.892000E+03  3.280399E+00
  2.892500E+03  3.161160E+00
  2.893000E+03  3.007682E+00
  2.893500E+03  2.822820E+00
  2.894000E+03  2.609764E+00
  2.894500E+03  2.371964E+00
  2.895000E+03  2.113060E+00
  2.895500E+03  1.836807E+00
  2.896000E+03  1.547003E+00
  2.896500E+03  1.247426E+00
  2.897000E+03  9.417641E-01
  2.897500E+03  6.335665E-01
  2.898000E+03  3.261905E-01
  2.898500E+03  2.276274E-02
  2.899000E+03 -2.738534E-01
  2.899500E+03 -5.610808E-01
  2.900000E+03 -8.366425E-01
  2.900500E+03 -1.098567E+00
  2.901000E+03 -1.345188E+00
  2.901500E+03 -1.575129E+00
  2.902000E+03 -1.787291E+00
  2.902500E+03 -1.980830E+00
  2.903000E+03 -2.155128E+00
  2.903500E+03 -2.309767E+00
  2.904000E+03 -2.444493E+00
  2.904500E+03 -2.559188E+00
  2.905000E+03 -2.653837E+00
  2.905500E+03 -2.728499E+00
  2.906000E+03 -2.783282E+00
  2.906500E+03 -2.818318E+00
  2.907000E+03 -2.833750E+00
  2.907500E+03 -2.829715E+00
  2.908000E+03 -2.806340E+00
  2.908500E+03 -2.763739E+00
  2.909000E+03 -2.702019E+00
  2.909500E+03 -2.621292E+00
  2.910000E+03 -2.521683E+00
  2.910500E+03 -2.403356E+00
  2.911000E+03 -2.266534E+00
  2.911500E+03 -2.111522E+00
  2.912000E+03 -1.938736E+00
  2.912500E+03 -1.748725E+00
  2.913000E+03 -1.542204E+00
  2.913500E+03 -1.320068E+00
  2.914000E+03 -1.083422E+00
  2.914500E+03 -8.335895E-01
  2.915000E+03 -5.721298E-01
  2.915500E+03 -3.008398E-01
  2.916000E+03 -2.175549E-02
  2.916500E+03  2.628562E-01
  2.917000E+03  5.505111E-01
  2.917500E+03  8.385294E-01
  2.918000E+03  1.124063E+00
  2.918500E+03  1.404130E+00
  2.919000E+03  1.675654E+00
  2.919500E+03  1.935510E+00
  2.920000E+03  2.180570E+00
  2.920500E+03  2.407760E+00
  2.921000E+03  2.614108E+00
  2.921500E+03  2.796800E+00
  2.922000E+03  2.953235E+00
  2.922500E+03  3.081072E+00
  2.923000E+03  3.178282E+00
  2.923500E+03  3.243188E+00
  2.924000E+03  3.274506E+00
  2.924500E+03  3.271374E+00
  2.925000E+03  3.233376E+00
  2.925500E+03  3.160560E+00
  2.926000E+03  3.053445E+00
  2.926500E+03  2.913021E+00
  2.927000E+03  2.740737E+00
  2.927500E+03  2.538487E+00
  2.928000E+03  2.308580E+00
  2.928500E+03  2.053711E+00
  2.929000E+03  1.776916E+00
  2.929500E+03  1.481529E+00
  2.930000E+03  1.171127E+00
  2.930500E+03  8.494801E-01
  2.931000E+03  5.204866E-01
  2.931500E+03  1.881180E-01
  2.932000E+03 -1.436434E-01
  2.932500E+03 -4.708633E-01
  2.933000E+03 -7.897133E-01
  2.933500E+03 -1.096525E+00
  2.934000E+03 -1.387841E+00
  2.934500E+03 -1.660460E+00
  2.935000E+03 -1.911479E+00
  2.935500E+03 -2.138324E+00
  2.936000E+03 -2.338781E+00
  2.936500E+03 -2.511016E+00
  2.937000E+03 -2.653586E+00
  2.937500E+03 -2.765451E+00
  2.938000E+03 -2.845973E+00
  2.938500E+03 -2.894909E+00
  2.939000E+03 -2.912399E+00
  2.939500E+03 -2.898953E+00
  2.940000E+03 -2.855427E+00
  2.940500E+03 -2.783000E+00
  2.941000E+03 -2.683141E+00
  2.941500E+03 -2.557585E+00
  2.942000E+03 -2.408294E+00
  2.942500E+03 -2.237430E+00
  2.943000E+03 -2.047314E+00
  2.943500E+03 -1.840397E+00
  2.944000E+03 -1.619228E+00
  2.944500E+03 -1.386420E+00
  2.945000E+03 -1.144618E+00
  2.945500E+03 -8.964773E-01
  2.946000E+03 -6.446318E-01
  2.946500E+03 -3.916728E-01
  2.947000E+03 -1.401272E-01
  2.947500E+03  1.075624E-01
  2.948000E+03  3.490544E-01
  2.948500E+03  5.821235E-01
  2.949000E+03  8.046746E-01
  2.949500E+03  1.014754E+00
  2.950000E+03  1.210562E+00
  2.950500E+03  1.390458E+00
  2.951000E+03  1.552973E+00
  2.951500E+03  1.696818E+00
  2.952000E+03  1.820886E+00
  2.952500E+03  1.924261E+00
  2.953000E+03  2.006225E+00
  2.953500E+03  2.066262E+00
  2.954000E+03  2.104060E+00
  2.954500E+03  2.119518E+00
  2.955000E+03  2.112747E+00
  2.955500E+03  2.084070E+00
  2.956000E+03  2.034025E+00
  2.956500E+03  1.963360E+00
  2.957000E+03  1.873032E+00
  2.957500E+03  1.764200E+00
  2.958000E+03  1.638219E+00
  2.958500E+03  1.496626E+00
  2.959000E+03  1.341132E+00
  2.959500E+03  1.173602E+00
  2.960000E+03  9.960399E-01
  2.960500E+03  8.105669E-01
  2.961000E+03  6.193984E-01
  2.961500E+03  4.248188E-01
  2.962000E+03  2.291540E-01
  2.962500E+03  3.474293E-02
  2.963000E+03 -1.560927E-01
  2.963500E+03 -3.410791E-01
  2.964000E+03 -5.180211E-01
  2.964500E+03 -6.848332E-01
  2.965000E+03 -8.395686E-01
  2.965500E+03 -9.804482E-01
  2.966000E+03 -1.105886E+00
  2.966500E+03 -1.214513E+00
  2.967000E+03 -1.305199E+00
  2.967500E+03 -1.377066E+00
  2.968000E+03 -1.429505E+00
  2.968500E+03 -1.462184E+00
  2.969000E+03 -1.475051E+00
  2.969500E+03 -1.468335E+00
  2.970000E+03 -1.442541E+00
  2.970500E+03 -1.398442E+00
  2.971000E+03 -1.337061E+00
  2.971500E+03 -1.259659E+00
  2.972000E+03 -1.167708E+00
  2.972500E+03 -1.062870E+00
  2.973000E+03 -9.469637E-01
  2.973500E+03 -8.219405E-01
  2.974000E+03 -6.898464E-01
  2.974500E+03 -5.527909E-01
  2.975000E+03 -4.129123E-01
  2.975500E+03 -2.723430E-01
  2.976000E+03 -1.331764E-01
  2.976500E+03  2.565907E-03
  2.977000E+03  1.329648E-01
  2.977500E+03  2.562317E-01
  2.978000E+03  3.707343E-01
  2.978500E+03  4.750193E-01
  2.979000E+03  5.678308E-01
  2.979500E+03  6.481263E-01
  2.980000E+03  7.150876E-01
  2.980500E+03  7.681286E-01
  2.981000E+03  8.068990E-01
  2.981500E+03  8.312838E-01
  2.982000E+03  8.413993E-01
  2.982500E+03  8.375855E-01
  2.983000E+03  8.203951E-01
  2.983500E+03  7.905797E-01
  2.984000E+03  7.490728E-01
  2.984500E+03  6.969710E-01
  2.985000E+03  6.355129E-01
  2.985500E+03  5.660561E-01
  2.986000E+03  4.900536E-01
  2.986500E+03  4.090288E-01
  2.987000E+03  3.245505E-01
  2.987500E+03  2.382069E-01
  2.988000E+03  1.515809E-01
  2.988500E+03  6.622542E-02
  2.989000E+03 -1.636088E-02
  2.989500E+03 -9.475594E-02
  2.990000E+03 -1.676358E-01
  2.990500E+03 -2.337944E-01
  2.991000E+03 -2.921614E-01
  2.991500E+03 -3.418182E-01
  2.992000E+03 -3.820116E-01
  2.992500E+03 -4.121650E-01
  2.993000E+03 -4.318876E-01
  2.993500E+03 -4.409802E-01
  2.994000E+03 -4.394389E-01
  2.994500E+03 -4.274558E-01
  2.995000E+03 -4.054163E-01
  2.995500E+03 -3.738944E-01
  2.996000E+03 -3.336444E-01
  2.996500E+03 -2.855895E-01
  2.997000E+03 -2.308083E-01
  2.997500E+03 -1.705175E-01
  2.998000E+03 -1.060528E-01
  2.998500E+03 -3.884702E-02
  2.999000E+03  2.959444E-02
  2.999500E+03  9.771933E-02
  3.000000E+03  1.639565E-01
  3.000500E+03  2.267449E-01
  3.001000E+03  2.845631E-01
  3.001500E+03  3.359598E-01
  3.002000E+03  3.795833E-01
  3.002500E+03  4.142108E-01
  3.003000E+03  4.387760E-01
  3.003500E+03  4.523952E-01
  3.004000E+03  4.543900E-01
  3.004500E+03  4.443080E-01
  3.005000E+03  4.219391E-01
  3.005500E+03  3.873273E-01
  3.006000E+03  3.407794E-01
  3.006500E+03  2.828666E-01
  3.007000E+03  2.144226E-01
  3.007500E+03  1.365354E-01
  3.008000E+03  5.053338E-02
  3.008500E+03 -4.203329E-02
  3.009000E+03 -1.394175E-01
  3.009500E+03 -2.397046E-01
  3.010000E+03 -3.408463E-01
  3.010500E+03 -4.406988E-01
  3.011000E+03 -5.370648E-01
  3.011500E+03 -6.277370E-01
  3.012000E+03 -7.105444E-01
  3.012500E+03 -7.833987E-01
  3.013000E+03 -8.443412E-01
  3.013500E+03 -8.915878E-01
  3.014000E+03 -9.235718E-01
  3.014500E+03 -9.389841E-01
  3.015000E+03 -9.368082E-01
  3.015500E+03 -9.163502E-01
  3.016000E+03 -8.772634E-01
  3.016500E+03 -8.195653E-01
  3.017000E+03 -7.436476E-01
  3.017500E+03 -6.502784E-01
  3.018000E+03 -5.405966E-01
  3.018500E+03 -4.160977E-01
  3.019000E+03 -2.786122E-01
  3.019500E+03 -1.302758E-01
  3.020000E+03  2.650707E-02
  3.020500E+03  1.891065E-01
  3.021000E+03  3.547158E-01
  3.021500E+03  5.204055E-01
  3.022000E+03  6.831794E-01
  3.022500E+03  8.400349E-01
  3.023000E+03  9.880223E-01
  3.023500E+03  1.124305E+00
  3.024000E+03  1.246219E+00
  3.024500E+03  1.351326E+00
  3.025000E+03  1.437466E+00
  3.025500E+03  1.502799E+00
  3.026000E+03  1.545852E+00
  3.026500E+03  1.565540E+00
  3.027000E+03  1.561197E+00
  3.027500E+03  1.532587E+00
  3.028000E+03  1.479911E+00
  3.028500E+03  1.403800E+00
  3.029000E+03  1.305306E+00
  3.029500E+03  1.185877E+00
  3.030000E+03  1.047328E+00
  3.030500E+03  8.918059E-01
  3.031000E+03  7.217405E-01
  3.031500E+03  5.397986E-01
  3.032000E+03  3.488285E-01
  3.032500E+03  1.518034E-01
  3.033000E+03 -4.823784E-02
  3.033500E+03 -2.482491E-01
  3.034000E+03 -4.452352E-01
  3.034500E+03 -6.363073E-01
  3.035000E+03 -8.187343E-01
  3.035500E+03 -9.899902E-01
  3.036000E+03 -1.147795E+00
  3.036500E+03 -1.290148E+00
  3.037000E+03 -1.415356E+00
  3.037500E+03 -1.522053E+00
  3.038000E+03 -1.609209E+00
  3.038500E+03 -1.676137E+00
  3.039000E+03 -1.722485E+00
  3.039500E+03 -1.748225E+00
  3.040000E+03 -1.753636E+00
  3.040500E+03 -1.739278E+00
  3.041000E+03 -1.705963E+00
  3.041500E+03 -1.654722E+00
  3.042000E+03 -1.586767E+00
  3.042500E+03 -1.503453E+00
  3.043000E+03 -1.406243E+00
  3.043500E+03 -1.296663E+00
  3.044000E+03 -1.176275E+00
  3.044500E+03 -1.046637E+00
  3.045000E+03 -9.092752E-01
  3.045500E+03 -7.656596E-01
  3.046000E+03 -6.171841E-01
  3.046500E+03 -4.651514E-01
  3.047000E+03 -3.107640E-01
  3.047500E+03 -1.551216E-01
  3.048000E+03  7.778197E-04
  3.048500E+03  1.560298E-01
  3.049000E+03  3.098126E-01
  3.049500E+03  4.613715E-01
  3.050000E+03  6.100007E-01
  3.050500E+03  7.550233E-01
  3.051000E+03  8.957705E-01
  3.051500E+03  1.031561E+00
  3.052000E+03  1.161681E+00
  3.052500E+03  1.285369E+00
  3.053000E+03  1.401799E+00
  3.053500E+03  1.510074E+00
  3.054000E+03  1.609219E+00
  3.054500E+03  1.698183E+00
  3.055000E+03  1.775845E+00
  3.055500E+03  1.841025E+00
  3.056000E+03  1.892505E+00
  3.056500E+03  1.929049E+00
  3.057000E+03  1.949435E+00
  3.057500E+03  1.952484E+00
  3.058000E+03  1.937102E+00
  3.058500E+03  1.902314E+00
  3.059000E+03  1.847309E+00
  3.059500E+03  1.771476E+00
  3.060000E+03  1.674444E+00
  3.060500E+03  1.556123E+00
  3.061000E+03  1.416729E+00
  3.061500E+03  1.256818E+00
  3.062000E+03  1.077302E+00
  3.062500E+03  8.794666E-01
  3.063000E+03  6.649716E-01
  3.063500E+03  4.358506E-01
  3.064000E+03  1.944960E-01
  3.064500E+03 -5.636295E-02
  3.065000E+03 -3.136930E-01
  3.065500E+03 -5.741977E-01
  3.066000E+03 -8.343674E-01
  3.066500E+03 -1.090536E+00
  3.067000E+03 -1.338947E+00
  3.067500E+03 -1.575818E+00
  3.068000E+03 -1.797417E+00
  3.068500E+03 -2.000135E+00
  3.069000E+03 -2.180563E+00
  3.069500E+03 -2.335561E+00
  3.070000E+03 -2.462331E+00
  3.070500E+03 -2.558479E+00
  3.071000E+03 -2.622075E+00
  3.071500E+03 -2.651701E+00
  3.072000E+03 -2.646487E+00
  3.072500E+03 -2.606146E+00
  3.073000E+03 -2.530983E+00
  3.073500E+03 -2.421906E+00
  3.074000E+03 -2.280408E+00
  3.074500E+03 -2.108556E+00
  3.075000E+03 -1.908948E+00
  3.075500E+03 -1.684670E+00
  3.076000E+03 -1.439238E+00
  3.076500E+03 -1.176534E+00
  3.077000E+03 -9.007258E-01
  3.077500E+03 -6.161888E-01
  3.078000E+03 -3.274179E-01
  3.078500E+03 -3.893819E-02
  3.079000E+03  2.447847E-01
  3.079500E+03  5.194337E-01
  3.080000E+03  7.809251E-01
  3.080500E+03  1.025488E+00
  3.081000E+03  1.249738E+00
  3.081500E+03  1.450738E+00
  3.082000E+03  1.626053E+00
  3.082500E+03  1.773790E+00
  3.083000E+03  1.892625E+00
  3.083500E+03  1.981822E+00
  3.084000E+03  2.041230E+00
  3.084500E+03  2.071271E+00
  3.085000E+03  2.072920E+00
  3.085500E+03  2.047662E+00
  3.086000E+03  1.997443E+00
  3.086500E+03  1.924614E+00
  3.087000E+03  1.831865E+00
  3.087500E+03  1.722143E+00
  3.088000E+03  1.598581E+00
  3.088500E+03  1.464415E+00
  3.089000E+03  1.322896E+00
  3.089500E+03  1.177217E+00
  3.090000E+03  1.030429E+00
  3.090500E+03  8.853728E-01
  3.091000E+03  7.446129E-01
  3.091500E+03  6.103820E-01
  3.092000E+03  4.845348E-01
  3.092500E+03  3.685139E-01
  3.093000E+03  2.633270E-01
  3.093500E+03  1.695372E-01
  3.094000E+03  8.726581E-02
  3.094500E+03  1.620699E-02
  3.095000E+03 -4.434477E-02
  3.095500E+03 -9.545670E-02
  3.096000E+03 -1.385097E-01
  3.096500E+03 -1.751415E-01
  3.097000E+03 -2.071836E-01
  3.097500E+03 -2.365916E-01
  3.098000E+03 -2.653741E-01
  3.098500E+03 -2.955186E-01
  3.099000E+03 -3.289191E-01
  3.099500E+03 -3.673067E-01
  3.100000E+03 -4.121838E-01
  3.100500E+03 -4.647657E-01
  3.101000E+03 -5.259299E-01
  3.101500E+03 -5.961753E-01
  3.102000E+03 -6.755917E-01
  3.102500E+03 -7.638409E-01
  3.103000E+03 -8.601505E-01
  3.103500E+03 -9.633197E-01
  3.104000E+03 -1.071738E+00
  3.104500E+03 -1.183414E+00
  3.105000E+03 -1.296021E+00
  3.105500E+03 -1.406946E+00
  3.106000E+03 -1.513351E+00
  3.106500E+03 -1.612244E+00
  3.107000E+03 -1.700556E+00
  3.107500E+03 -1.775214E+00
  3.108000E+03 -1.833230E+00
  3.108500E+03 -1.871778E+00
  3.109000E+03 -1.888275E+00
  3.109500E+03 -1.880459E+00
  3.110000E+03 -1.846457E+00
  3.110500E+03 -1.784848E+00
  3.111000E+03 -1.694718E+00
  3.111500E+03 -1.575701E+00
  3.112000E+03 -1.428010E+00
  3.112500E+03 -1.252457E+00
  3.113000E+03 -1.050454E+00
  3.113500E+03 -8.240095E-01
  3.114000E+03 -5.757008E-01
  3.114500E+03 -3.086408E-01
  3.115000E+03 -2.642901E-02
  3.115500E+03  2.669088E-01
  3.116000E+03  5.669917E-01
  3.116500E+03  8.691627E-01
  3.117000E+03  1.168577E+00
  3.117500E+03  1.460294E+00
  3.118000E+03  1.739374E+00
  3.118500E+03  2.000977E+00
  3.119000E+03  2.240456E+00
  3.119500E+03  2.453459E+00
  3.120000E+03  2.636012E+00
  3.120500E+03  2.784604E+00
  3.121000E+03  2.896263E+00
  3.121500E+03  2.968621E+00
  3.122000E+03  2.999964E+00
  3.122500E+03  2.989274E+00
  3.123000E+03  2.936255E+00
  3.123500E+03  2.841345E+00
  3.124000E+03  2.705716E+00
  3.124500E+03  2.531253E+00
  3.125000E+03  2.320526E+00
  3.125500E+03  2.076743E+00
  3.126000E+03  1.803696E+00
  3.126500E+03  1.505685E+00
  3.127000E+03  1.187448E+00
  3.127500E+03  8.540638E-01
  3.128000E+03  5.108634E-01
  3.128500E+03  1.633279E-01
  3.129000E+03 -1.830133E-01
  3.129500E+03 -5.226856E-01
  3.130000E+03 -8.503711E-01
  3.130500E+03 -1.161007E+00
  3.131000E+03 -1.449878E+00
  3.131500E+03 -1.712702E+00
  3.132000E+03 -1.945707E+00
  3.132500E+03 -2.145698E+00
  3.133000E+03 -2.310109E+00
  3.133500E+03 -2.437046E+00
  3.134000E+03 -2.525315E+00
  3.134500E+03 -2.574433E+00
  3.135000E+03 -2.584632E+00
  3.135500E+03 -2.556839E+00
  3.136000E+03 -2.492651E+00
  3.136500E+03 -2.394290E+00
  3.137000E+03 -2.264551E+00
  3.137500E+03 -2.106737E+00
  3.138000E+03 -1.924582E+00
  3.138500E+03 -1.722173E+00
  3.139000E+03 -1.503855E+00
  3.139500E+03 -1.274145E+00
  3.140000E+03 -1.037631E+00
  3.140500E+03 -7.988828E-01
  3.141000E+03 -5.623520E-01
  3.141500E+03 -3.322876E-01
  3.142000E+03 -1.126498E-01
  3.142500E+03  9.296585E-02
  3.143000E+03  2.813963E-01
  3.143500E+03  4.499677E-01
  3.144000E+03  5.965409E-01
  3.144500E+03  7.195448E-01
  3.145000E+03  8.179961E-01
  3.145500E+03  8.915061E-01
  3.146000E+03  9.402741E-01
  3.146500E+03  9.650671E-01
  3.147000E+03  9.671879E-01
  3.147500E+03  9.484310E-01
  3.148000E+03  9.110271E-01
  3.148500E+03  8.575799E-01
  3.149000E+03  7.909937E-01
  3.149500E+03  7.143959E-01
  3.150000E+03  6.310546E-01
  3.150500E+03  5.442945E-01
  3.151000E+03  4.574120E-01
  3.151500E+03  3.735922E-01
  3.152000E+03  2.958296E-01
  3.152500E+03  2.268541E-01
  3.153000E+03  1.690640E-01
  3.153500E+03  1.244682E-01
  3.154000E+03  9.463785E-02
  3.154500E+03  8.066956E-02
  3.155000E+03  8.316038E-02
  3.155500E+03  1.021954E-01
  3.156000E+03  1.373480E-01
  3.156500E+03  1.876931E-01
  3.157000E+03  2.518325E-01
  3.157500E+03  3.279320E-01
  3.158000E+03  4.137695E-01
  3.158500E+03  5.067927E-01
  3.159000E+03  6.041848E-01
  3.159500E+03  7.029366E-01
  3.160000E+03  7.999245E-01
  3.160500E+03  8.919900E-01
  3.161000E+03  9.760212E-01
  3.161500E+03  1.049033E+00
  3.162000E+03  1.108243E+00
  3.162500E+03  1.151146E+00
  3.163000E+03  1.175579E+00
  3.163500E+03  1.179778E+00
  3.164000E+03  1.162425E+00
  3.164500E+03  1.122688E+00
  3.165000E+03  1.060244E+00
  3.165500E+03  9.752932E-01
  3.166000E+03  8.685585E-01
  3.166500E+03  7.412745E-01
  3.167000E+03  5.951622E-01
  3.167500E+03  4.323932E-01
  3.168000E+03  2.555425E-01
  3.168500E+03  6.753217E-02
  3.169000E+03 -1.284339E-01
  3.169500E+03 -3.289412E-01
  3.170000E+03 -5.304410E-01
  3.170500E+03 -7.293299E-01
  3.171000E+03 -9.220301E-01
  3.171500E+03 -1.105069E+00
  3.172000E+03 -1.275155E+00
  3.172500E+03 -1.429251E+00
  3.173000E+03 -1.564639E+00
  3.173500E+03 -1.678976E+00
  3.174000E+03 -1.770346E+00
  3.174500E+03 -1.837293E+00
  3.175000E+03 -1.878851E+00
  3.175500E+03 -1.894555E+00
  3.176000E+03 -1.884447E+00
  3.176500E+03 -1.849066E+00
  3.177000E+03 -1.789421E+00
  3.177500E+03 -1.706968E+00
  3.178000E+03 -1.603561E+00
  3.178500E+03 -1.481404E+00
  3.179000E+03 -1.342990E+00
  3.179500E+03 -1.191043E+00
  3.180000E+03 -1.028443E+00
  3.180500E+03 -8.581583E-01
  3.181000E+03 -6.831775E-01
  3.181500E+03 -5.064370E-01
  3.182000E+03 -3.307570E-01
  3.182500E+03 -1.587800E-01
  3.183000E+03  7.082851E-03
  3.183500E+03  1.646985E-01
  3.184000E+03  3.122495E-01
  3.184500E+03  4.482616E-01
  3.185000E+03  5.716211E-01
  3.185500E+03  6.815819E-01
  3.186000E+03  7.777613E-01
  3.186500E+03  8.601265E-01
  3.187000E+03  9.289707E-01
  3.187500E+03  9.848809E-01
  3.188000E+03  1.028698E+00
  3.188500E+03  1.061471E+00
  3.189000E+03  1.084406E+00
  3.189500E+03  1.098812E+00
  3.190000E+03  1.106047E+00
  3.190500E+03  1.107459E+00
  3.191000E+03  1.104340E+00
  3.191500E+03  1.097869E+00
  3.192000E+03  1.089076E+00
  3.192500E+03  1.078798E+00
  3.193000E+03  1.067651E+00
  3.193500E+03  1.056014E+00
  3.194000E+03  1.044008E+00
  3.194500E+03  1.031505E+00
  3.195000E+03  1.018125E+00
  3.195500E+03  1.003263E+00
  3.196000E+03  9.861069E-01
  3.196500E+03  9.656785E-01
  3.197000E+03  9.408710E-01
  3.197500E+03  9.104982E-01
  3.198000E+03  8.733458E-01
  3.198500E+03  8.282262E-01
  3.199000E+03  7.740339E-01
  3.199500E+03  7.098005E-01
  3.200000E+03  6.347465E-01
  3.200500E+03  5.483300E-01
  3.201000E+03  4.502883E-01
  3.201500E+03  3.406728E-01
  3.202000E+03  2.198751E-01
  3.202500E+03  8.864355E-02
  3.203000E+03 -5.191103E-02
  3.203500E+03 -2.003201E-01
  3.204000E+03 -3.547733E-01
  3.204500E+03 -5.131458E-01
  3.205000E+03 -6.730356E-01
  3.205500E+03 -8.318103E-01
  3.206000E+03 -9.866633E-01
  3.206500E+03 -1.134677E+00
  3.207000E+03 -1.272890E+00
  3.207500E+03 -1.398372E+00
  3.208000E+03 -1.508298E+00
  3.208500E+03 -1.600019E+00
  3.209000E+03 -1.671141E+00
  3.209500E+03 -1.719591E+00
  3.210000E+03 -1.743676E+00
  3.210500E+03 -1.742144E+00
  3.211000E+03 -1.714226E+00
  3.211500E+03 -1.659670E+00
  3.212000E+03 -1.578767E+00
  3.212500E+03 -1.472358E+00
  3.213000E+03 -1.341830E+00
  3.213500E+03 -1.189103E+00
  3.214000E+03 -1.016597E+00
  3.214500E+03 -8.271870E-01
  3.215000E+03 -6.241531E-01
  3.215500E+03 -4.111115E-01
  3.216000E+03 -1.919407E-01
  3.216500E+03  2.930069E-02
  3.217000E+03  2.484613E-01
  3.217500E+03  4.613887E-01
  3.218000E+03  6.640208E-01
  3.218500E+03  8.524777E-01
  3.219000E+03  1.023149E+00
  3.219500E+03  1.172776E+00
  3.220000E+03  1.298527E+00
  3.220500E+03  1.398061E+00
  3.221000E+03  1.469583E+00
  3.221500E+03  1.511885E+00
  3.222000E+03  1.524373E+00
  3.222500E+03  1.507083E+00
  3.223000E+03  1.460677E+00
  3.223500E+03  1.386431E+00
  3.224000E+03  1.286200E+00
  3.224500E+03  1.162380E+00
  3.225000E+03  1.017848E+00
  3.225500E+03  8.559001E-01
  3.226000E+03  6.801678E-01
  3.226500E+03  4.945405E-01
  3.227000E+03  3.030737E-01
  3.227500E+03  1.098968E-01
  3.228000E+03 -8.088051E-02
  3.228500E+03 -2.652598E-01
  3.229000E+03 -4.394430E-01
  3.229500E+03 -5.999149E-01
  3.230000E+03 -7.435183E-01
  3.230500E+03 -8.675198E-01
  3.231000E+03 -9.696646E-01
  3.231500E+03 -1.048219E+00
  3.232000E+03 -1.102000E+00
  3.232500E+03 -1.130391E+00
  3.233000E+03 -1.133343E+00
  3.233500E+03 -1.111367E+00
  3.234000E+03 -1.065504E+00
  3.234500E+03 -9.972907E-01
  3.235000E+03 -9.087118E-01
  3.235500E+03 -8.021410E-01
  3.236000E+03 -6.802756E-01
  3.236500E+03 -5.460640E-01
  3.237000E+03 -4.026292E-01
  3.237500E+03 -2.531903E-01
  3.238000E+03 -1.009831E-01
  3.238500E+03  5.081644E-02
  3.239000E+03  1.991654E-01
  3.239500E+03  3.412218E-01
  3.240000E+03  4.744043E-01
  3.240500E+03  5.964439E-01
  3.241000E+03  7.054254E-01
  3.241500E+03  7.998183E-01
  3.242000E+03  8.784962E-01
  3.242500E+03  9.407450E-01
  3.243000E+03  9.862594E-01
  3.243500E+03  1.015128E+00
  3.244000E+03  1.027811E+00
  3.244500E+03  1.025101E+00
  3.245000E+03  1.008087E+00
  3.245500E+03  9.781018E-01
  3.246000E+03  9.366692E-01
  3.246500E+03  8.854470E-01
  3.247000E+03  8.261687E-01
  3.247500E+03  7.605846E-01
  3.248000E+03  6.904056E-01
  3.248500E+03  6.172512E-01
  3.249000E+03  5.426015E-01
  3.249500E+03  4.677567E-01
  3.250000E+03  3.938045E-01
  3.250500E+03  3.215953E-01
  3.251000E+03  2.517278E-01
  3.251500E+03  1.845431E-01
  3.252000E+03  1.201294E-01
  3.252500E+03  5.833573E-02
  3.253000E+03 -1.205742E-03
  3.253500E+03 -5.904872E-02
  3.254000E+03 -1.158953E-01
  3.254500E+03 -1.725526E-01
  3.255000E+03 -2.298850E-01
  3.255500E+03 -2.887639E-01
  3.256000E+03 -3.500166E-01
  3.256500E+03 -4.143751E-01
  3.257000E+03 -4.824287E-01
  3.257500E+03 -5.545788E-01
  3.258000E+03 -6.310013E-01
  3.258500E+03 -7.116143E-01
  3.259000E+03 -7.960546E-01
  3.259500E+03 -8.836633E-01
  3.260000E+03 -9.734812E-01
  3.260500E+03 -1.064254E+00
  3.261000E+03 -1.154448E+00
  3.261500E+03 -1.242275E+00
  3.262000E+03 -1.325731E+00
  3.262500E+03 -1.402636E+00
  3.263000E+03 -1.470688E+00
  3.263500E+03 -1.527522E+00
  3.264000E+03 -1.570773E+00
  3.264500E+03 -1.598142E+00
  3.265000E+03 -1.607465E+00
  3.265500E+03 -1.596782E+00
  3.266000E+03 -1.564400E+00
  3.266500E+03 -1.508958E+00
  3.267000E+03 -1.429480E+00
  3.267500E+03 -1.325425E+00
  3.268000E+03 -1.196725E+00
  3.268500E+03 -1.043815E+00
  3.269000E+03 -8.676507E-01
  3.269500E+03 -6.697110E-01
  3.270000E+03 -4.519942E-01
  3.270500E+03 -2.169961E-01
  3.271000E+03  3.232232E-02
  3.271500E+03  2.925794E-01
  3.272000E+03  5.600287E-01
  3.272500E+03  8.306251E-01
  3.273000E+03  1.100100E+00
  3.273500E+03  1.364041E+00
  3.274000E+03  1.617982E+00
  3.274500E+03  1.857494E+00
  3.275000E+03  2.078272E+00
  3.275500E+03  2.276231E+00
  3.276000E+03  2.447591E+00
  3.276500E+03  2.588962E+00
  3.277000E+03  2.697417E+00
  3.277500E+03  2.770561E+00
  3.278000E+03  2.806586E+00
  3.278500E+03  2.804315E+00
  3.279000E+03  2.763237E+00
  3.279500E+03  2.683520E+00
  3.280000E+03  2.566015E+00
  3.280500E+03  2.412249E+00
  3.281000E+03  2.224396E+00
  3.281500E+03  2.005236E+00
  3.282000E+03  1.758110E+00
  3.282500E+03  1.486849E+00
  3.283000E+03  1.195705E+00
  3.283500E+03  8.892641E-01
  3.284000E+03  5.723617E-01
  3.284500E+03  2.499847E-01
  3.285000E+03 -7.282444E-02
  3.285500E+03 -3.910649E-01
  3.286000E+03 -6.998738E-01
  3.286500E+03 -9.946180E-01
  3.287000E+03 -1.270981E+00
  3.287500E+03 -1.525040E+00
  3.288000E+03 -1.753339E+00
  3.288500E+03 -1.952944E+00
  3.289000E+03 -2.121490E+00
  3.289500E+03 -2.257218E+00
  3.290000E+03 -2.358993E+00
  3.290500E+03 -2.426311E+00
  3.291000E+03 -2.459295E+00
  3.291500E+03 -2.458672E+00
  3.292000E+03 -2.425743E+00
  3.292500E+03 -2.362340E+00
  3.293000E+03 -2.270769E+00
  3.293500E+03 -2.153748E+00
  3.294000E+03 -2.014340E+00
  3.294500E+03 -1.855874E+00
  3.295000E+03 -1.681866E+00
  3.295500E+03 -1.495940E+00
  3.296000E+03 -1.301746E+00
  3.296500E+03 -1.102884E+00
  3.297000E+03 -9.028252E-01
  3.297500E+03 -7.048471E-01
  3.298000E+03 -5.119703E-01
  3.298500E+03 -3.269054E-01
  3.299000E+03 -1.520090E-01
  3.299500E+03  1.074997E-02
  3.300000E+03  1.598132E-01
  3.300500E+03  2.940451E-01
  3.301000E+03  4.127333E-01
  3.301500E+03  5.155800E-01
  3.302000E+03  6.026816E-01
  3.302500E+03  6.745003E-01
  3.303000E+03  7.318270E-01
  3.303500E+03  7.757374E-01
  3.304000E+03  8.075423E-01
  3.304500E+03  8.287343E-01
  3.305000E+03  8.409314E-01
  3.305500E+03  8.458196E-01
  3.306000E+03  8.450969E-01
  3.306500E+03  8.404183E-01
  3.307000E+03  8.333454E-01
  3.307500E+03  8.252999E-01
  3.308000E+03  8.175238E-01
  3.308500E+03  8.110460E-01
  3.309000E+03  8.066572E-01
  3.309500E+03  8.048919E-01
  3.310000E+03  8.060204E-01
  3.310500E+03  8.100475E-01
  3.311000E+03  8.167213E-01
  3.311500E+03  8.255484E-01
  3.312000E+03  8.358174E-01
  3.312500E+03  8.466283E-01
  3.313000E+03  8.569272E-01
  3.313500E+03  8.655465E-01
  3.314000E+03  8.712464E-01
  3.314500E+03  8.727602E-01
  3.315000E+03  8.688385E-01
  3.315500E+03  8.582939E-01
  3.316000E+03  8.400426E-01
  3.316500E+03  8.131439E-01
  3.317000E+03  7.768344E-01
  3.317500E+03  7.305577E-01
  3.318000E+03  6.739875E-01
  3.318500E+03  6.070447E-01
  3.319000E+03  5.299070E-01
  3.319500E+03  4.430113E-01
  3.320000E+03  3.470491E-01
  3.320500E+03  2.429550E-01
  3.321000E+03  1.318877E-01
  3.321500E+03  1.520636E-02
  3.322000E+03 -1.055600E-01
  3.322500E+03 -2.287462E-01
  3.323000E+03 -3.525888E-01
  3.323500E+03 -4.752662E-01
  3.324000E+03 -5.949400E-01
  3.324500E+03 -7.097967E-01
  3.325000E+03 -8.180882E-01
  3.325500E+03 -9.181702E-01
  3.326000E+03 -1.008538E+00
  3.326500E+03 -1.087857E+00
  3.327000E+03 -1.154992E+00
  3.327500E+03 -1.209025E+00
  3.328000E+03 -1.249273E+00
  3.328500E+03 -1.275299E+00
  3.329000E+03 -1.286910E+00
  3.329500E+03 -1.284160E+00
  3.330000E+03 -1.267338E+00
  3.330500E+03 -1.236952E+00
  3.331000E+03 -1.193715E+00
  3.331500E+03 -1.138515E+00
  3.332000E+03 -1.072393E+00
  3.332500E+03 -9.965107E-01
  3.333000E+03 -9.121196E-01
  3.333500E+03 -8.205293E-01
  3.334000E+03 -7.230758E-01
  3.334500E+03 -6.210910E-01
  3.335000E+03 -5.158744E-01
  3.335500E+03 -4.086678E-01
  3.336000E+03 -3.006331E-01
  3.336500E+03 -1.928351E-01
  3.337000E+03 -8.622801E-02
  3.337500E+03  1.835284E-02
  3.338000E+03  1.201944E-01
  3.338500E+03  2.187046E-01
  3.339000E+03  3.134066E-01
  3.339500E+03  4.039287E-01
  3.340000E+03  4.899903E-01
  3.340500E+03  5.713861E-01
  3.341000E+03  6.479661E-01
  3.341500E+03  7.196165E-01
  3.342000E+03  7.862380E-01
  3.342500E+03  8.477258E-01
  3.343000E+03  9.039506E-01
  3.343500E+03  9.547410E-01
  3.344000E+03  9.998702E-01
  3.344500E+03  1.039045E+00
  3.345000E+03  1.071899E+00
  3.345500E+03  1.097992E+00
  3.346000E+03  1.116812E+00
  3.346500E+03  1.127783E+00
  3.347000E+03  1.130281E+00
  3.347500E+03  1.123646E+00
  3.348000E+03  1.107210E+00
  3.348500E+03  1.080318E+00
  3.349000E+03  1.042358E+00
  3.349500E+03  9.927925E-01
  3.350000E+03  9.311901E-01
  3.350500E+03  8.572560E-01
  3.351000E+03  7.708641E-01
  3.351500E+03  6.720854E-01
  3.352000E+03  5.612137E-01
  3.352500E+03  4.387872E-01
  3.353000E+03  3.056045E-01
  3.353500E+03  1.627353E-01
  3.354000E+03  1.152352E-02
  3.354500E+03 -1.464162E-01
  3.355000E+03 -3.092097E-01
  3.355500E+03 -4.747423E-01
  3.356000E+03 -6.406854E-01
  3.356500E+03 -8.045306E-01
  3.357000E+03 -9.636306E-01
  3.357500E+03 -1.115246E+00
  3.358000E+03 -1.256598E+00
  3.358500E+03 -1.384925E+00
  3.359000E+03 -1.497540E+00
  3.359500E+03 -1.591895E+00
  3.360000E+03 -1.665639E+00
  3.360500E+03 -1.716677E+00
  3.361000E+03 -1.743230E+00
  3.361500E+03 -1.743885E+00
  3.362000E+03 -1.717640E+00
  3.362500E+03 -1.663945E+00
  3.363000E+03 -1.582733E+00
  3.363500E+03 -1.474438E+00
  3.364000E+03 -1.340009E+00
  3.364500E+03 -1.180909E+00
  3.365000E+03 -9.991017E-01
  3.365500E+03 -7.970332E-01
  3.366000E+03 -5.775951E-01
  3.366500E+03 -3.440816E-01
  3.367000E+03 -1.001354E-01
  3.367500E+03  1.503149E-01
  3.368000E+03  4.031259E-01
  3.368500E+03  6.540154E-01
  3.369000E+03  8.986444E-01
  3.369500E+03  1.132701E+00
  3.370000E+03  1.351987E+00
  3.370500E+03  1.552499E+00
  3.371000E+03  1.730515E+00
  3.371500E+03  1.882669E+00
  3.372000E+03  2.006022E+00
  3.372500E+03  2.098125E+00
  3.373000E+03  2.157075E+00
  3.373500E+03  2.181555E+00
  3.374000E+03  2.170867E+00
  3.374500E+03  2.124948E+00
  3.375000E+03  2.044380E+00
  3.375500E+03  1.930378E+00
  3.376000E+03  1.784771E+00
  3.376500E+03  1.609971E+00
  3.377000E+03  1.408922E+00
  3.377500E+03  1.185047E+00
  3.378000E+03  9.421804E-01
  3.378500E+03  6.844941E-01
  3.379000E+03  4.164141E-01
  3.379500E+03  1.425351E-01
  3.380000E+03 -1.324705E-01
  3.380500E+03 -4.039422E-01
  3.381000E+03 -6.673228E-01
  3.381500E+03 -9.182446E-01
  3.382000E+03 -1.152613E+00
  3.382500E+03 -1.366681E+00
  3.383000E+03 -1.557120E+00
  3.383500E+03 -1.721076E+00
  3.384000E+03 -1.856219E+00
  3.384500E+03 -1.960778E+00
  3.385000E+03 -2.033569E+00
  3.385500E+03 -2.074000E+00
  3.386000E+03 -2.082078E+00
  3.386500E+03 -2.058393E+00
  3.387000E+03 -2.004089E+00
  3.387500E+03 -1.920834E+00
  3.388000E+03 -1.810770E+00
  3.388500E+03 -1.676461E+00
  3.389000E+03 -1.520826E+00
  3.389500E+03 -1.347076E+00
  3.390000E+03 -1.158640E+00
  3.390500E+03 -9.590864E-01
  3.391000E+03 -7.520545E-01
  3.391500E+03 -5.411740E-01
  3.392000E+03 -3.299963E-01
  3.392500E+03 -1.219262E-01
  3.393000E+03  7.983968E-02
  3.393500E+03  2.723679E-01
  3.394000E+03  4.530348E-01
  3.394500E+03  6.195650E-01
  3.395000E+03  7.700598E-01
  3.395500E+03  9.030161E-01
  3.396000E+03  1.017336E+00
  3.396500E+03  1.112327E+00
  3.397000E+03  1.187689E+00
  3.397500E+03  1.243503E+00
  3.398000E+03  1.280198E+00
  3.398500E+03  1.298522E+00
  3.399000E+03  1.299503E+00
  3.399500E+03  1.284407E+00
  3.400000E+03  1.254689E+00
  3.400500E+03  1.211950E+00
  3.401000E+03  1.157885E+00
  3.401500E+03  1.094240E+00
  3.402000E+03  1.022762E+00
  3.402500E+03  9.451599E-01
  3.403000E+03  8.630690E-01
  3.403500E+03  7.780147E-01
  3.404000E+03  6.913881E-01
  3.404500E+03  6.044246E-01
  3.405000E+03  5.181904E-01
  3.405500E+03  4.335741E-01
  3.406000E+03  3.512864E-01
  3.406500E+03  2.718640E-01
  3.407000E+03  1.956803E-01
  3.407500E+03  1.229609E-01
  3.408000E+03  5.380226E-02
  3.408500E+03 -1.180532E-02
  3.409000E+03 -7.395322E-02
  3.409500E+03 -1.327885E-01
  3.410000E+03 -1.884877E-01
  3.410500E+03 -2.412317E-01
  3.411000E+03 -2.911820E-01
  3.411500E+03 -3.384597E-01
  3.412000E+03 -3.831283E-01
  3.412500E+03 -4.251797E-01
  3.413000E+03 -4.645255E-01
  3.413500E+03 -5.009926E-01
  3.414000E+03 -5.343238E-01
  3.414500E+03 -5.641838E-01
  3.415000E+03 -5.901691E-01
  3.415500E+03 -6.118230E-01
  3.416000E+03 -6.286541E-01
  3.416500E+03 -6.401574E-01
  3.417000E+03 -6.458390E-01
  3.417500E+03 -6.452407E-01
  3.418000E+03 -6.379665E-01
  3.418500E+03 -6.237078E-01
  3.419000E+03 -6.022673E-01
  3.419500E+03 -5.735808E-01
  3.420000E+03 -5.377351E-01
  3.420500E+03 -4.949825E-01
  3.421000E+03 -4.457498E-01
  3.421500E+03 -3.906426E-01
  3.422000E+03 -3.304433E-01
  3.422500E+03 -2.661034E-01
  3.423000E+03 -1.987298E-01
  3.423500E+03 -1.295655E-01
  3.424000E+03 -5.996401E-02
  3.424500E+03  8.640117E-03
  3.425000E+03  7.476571E-02
  3.425500E+03  1.369225E-01
  3.426000E+03  1.936512E-01
  3.426500E+03  2.435645E-01
  3.427000E+03  2.853887E-01
  3.427500E+03  3.180037E-01
  3.428000E+03  3.404811E-01
  3.428500E+03  3.521183E-01
  3.429000E+03  3.524682E-01
  3.429500E+03  3.413634E-01
  3.430000E+03  3.189329E-01
  3.430500E+03  2.856125E-01
  3.431000E+03  2.421463E-01
  3.431500E+03  1.895805E-01
  3.432000E+03  1.292480E-01
  3.432500E+03  6.274580E-02
  3.433000E+03 -8.097217E-03
  3.433500E+03 -8.125877E-02
  3.434000E+03 -1.545690E-01
  3.434500E+03 -2.257621E-01
  3.435000E+03 -2.925320E-01
  3.435500E+03 -3.525920E-01
  3.436000E+03 -4.037358E-01
  3.436500E+03 -4.438988E-01
  3.437000E+03 -4.712180E-01
  3.437500E+03 -4.840891E-01
  3.438000E+03 -4.812187E-01
  3.438500E+03 -4.616710E-01
  3.439000E+03 -4.249062E-01
  3.439500E+03 -3.708110E-01
  3.440000E+03 -2.997184E-01
  3.440500E+03 -2.124179E-01
  3.441000E+03 -1.101540E-01
  3.441500E+03  5.387315E-03
  3.442000E+03  1.321025E-01
  3.442500E+03  2.675063E-01
  3.443000E+03  4.087787E-01
  3.443500E+03  5.528204E-01
  3.444000E+03  6.963185E-01
  3.444500E+03  8.358184E-01
  3.445000E+03  9.678022E-01
  3.445500E+03  1.088771E+00
  3.446000E+03  1.195328E+00
  3.446500E+03  1.284265E+00
  3.447000E+03  1.352644E+00
  3.447500E+03  1.397873E+00
  3.448000E+03  1.417783E+00
  3.448500E+03  1.410689E+00
  3.449000E+03  1.375447E+00
  3.449500E+03  1.311496E+00
  3.450000E+03  1.218891E+00
  3.450500E+03  1.098320E+00
  3.451000E+03  9.511067E-01
  3.451500E+03  7.792012E-01
  3.452000E+03  5.851524E-01
  3.452500E+03  3.720685E-01
  3.453000E+03  1.435635E-01
  3.453500E+03 -9.631021E-02
  3.454000E+03 -3.431396E-01
  3.454500E+03 -5.922390E-01
  3.455000E+03 -8.387466E-01
  3.455500E+03 -1.077726E+00
  3.456000E+03 -1.304271E+00
  3.456500E+03 -1.513614E+00
  3.457000E+03 -1.701231E+00
  3.457500E+03 -1.862944E+00
  3.458000E+03 -1.995018E+00
  3.458500E+03 -2.094247E+00
  3.459000E+03 -2.158034E+00
  3.459500E+03 -2.184454E+00
  3.460000E+03 -2.172308E+00
  3.460500E+03 -2.121160E+00
  3.461000E+03 -2.031354E+00
  3.461500E+03 -1.904020E+00
  3.462000E+03 -1.741059E+00
  3.462500E+03 -1.545113E+00
  3.463000E+03 -1.319518E+00
  3.463500E+03 -1.068242E+00
  3.464000E+03 -7.958068E-01
  3.464500E+03 -5.072007E-01
  3.465000E+03 -2.077768E-01
  3.465500E+03  9.685502E-02
  3.466000E+03  4.009424E-01
  3.466500E+03  6.987095E-01
  3.467000E+03  9.844759E-01
  3.467500E+03  1.252775E+00
  3.468000E+03  1.498469E+00
  3.468500E+03  1.716851E+00
  3.469000E+03  1.903751E+00
  3.469500E+03  2.055615E+00
  3.470000E+03  2.169585E+00
  3.470500E+03  2.243552E+00
  3.471000E+03  2.276204E+00
  3.471500E+03  2.267050E+00
  3.472000E+03  2.216428E+00
  3.472500E+03  2.125497E+00
  3.473000E+03  1.996209E+00
  3.473500E+03  1.831269E+00
  3.474000E+03  1.634075E+00
  3.474500E+03  1.408642E+00
  3.475000E+03  1.159521E+00
  3.475500E+03  8.917003E-01
  3.476000E+03  6.105000E-01
  3.476500E+03  3.214627E-01
  3.477000E+03  3.023787E-02
  3.477500E+03 -2.575341E-01
  3.478000E+03 -5.363366E-01
  3.478500E+03 -8.008872E-01
  3.479000E+03 -1.046243E+00
  3.479500E+03 -1.267897E+00
  3.480000E+03 -1.461864E+00
  3.480500E+03 -1.624754E+00
  3.481000E+03 -1.753837E+00
  3.481500E+03 -1.847082E+00
  3.482000E+03 -1.903196E+00
  3.482500E+03 -1.921633E+00
  3.483000E+03 -1.902599E+00
  3.483500E+03 -1.847033E+00
  3.484000E+03 -1.756575E+00
  3.484500E+03 -1.633525E+00
  3.485000E+03 -1.480786E+00
  3.485500E+03 -1.301791E+00
  3.486000E+03 -1.100431E+00
  3.486500E+03 -8.809641E-01
  3.487000E+03 -6.479299E-01
  3.487500E+03 -4.060500E-01
  3.488000E+03 -1.601345E-01
  3.488500E+03  8.501513E-02
  3.489000E+03  3.246986E-01
  3.489500E+03  5.544063E-01
  3.490000E+03  7.699020E-01
  3.490500E+03  9.672984E-01
  3.491000E+03  1.143124E+00
  3.491500E+03  1.294378E+00
  3.492000E+03  1.418579E+00
  3.492500E+03  1.513796E+00
  3.493000E+03  1.578675E+00
  3.493500E+03  1.612448E+00
  3.494000E+03  1.614931E+00
  3.494500E+03  1.586518E+00
  3.495000E+03  1.528152E+00
  3.495500E+03  1.441303E+00
  3.496000E+03  1.327918E+00
  3.496500E+03  1.190384E+00
  3.497000E+03  1.031467E+00
  3.497500E+03  8.542579E-01
  3.498000E+03  6.621101E-01
  3.498500E+03  4.585748E-01
  3.499000E+03  2.473363E-01
  3.499500E+03  3.214715E-02
  3.500000E+03 -1.832356E-01
  3.500500E+03 -3.951114E-01
  3.501000E+03 -5.998944E-01
  3.501500E+03 -7.941678E-01
  3.502000E+03 -9.747325E-01
  3.502500E+03 -1.138652E+00
  3.503000E+03 -1.283291E+00
  3.503500E+03 -1.406349E+00
  3.504000E+03 -1.505883E+00
  3.504500E+03 -1.580338E+00
  3.505000E+03 -1.628550E+00
  3.505500E+03 -1.649767E+00
  3.506000E+03 -1.643644E+00
  3.506500E+03 -1.610248E+00
  3.507000E+03 -1.550048E+00
  3.507500E+03 -1.463907E+00
  3.508000E+03 -1.353062E+00
  3.508500E+03 -1.219113E+00
  3.509000E+03 -1.063990E+00
  3.509500E+03 -8.899371E-01
  3.510000E+03 -6.994738E-01
  3.510500E+03 -4.953688E-01
  3.511000E+03 -2.806021E-01
  3.511500E+03 -5.832843E-02
  3.512000E+03  1.681625E-01
  3.512500E+03  3.954879E-01
  3.513000E+03  6.202148E-01
  3.513500E+03  8.389051E-01
  3.514000E+03  1.048162E+00
  3.514500E+03  1.244674E+00
  3.515000E+03  1.425265E+00
  3.515500E+03  1.586940E+00
  3.516000E+03  1.726929E+00
  3.516500E+03  1.842735E+00
  3.517000E+03  1.932172E+00
  3.517500E+03  1.993411E+00
  3.518000E+03  2.025010E+00
  3.518500E+03  2.025952E+00
  3.519000E+03  1.995669E+00
  3.519500E+03  1.934064E+00
  3.520000E+03  1.841529E+00
  3.520500E+03  1.718947E+00
  3.521000E+03  1.567702E+00
  3.521500E+03  1.389661E+00
  3.522000E+03  1.187165E+00
  3.522500E+03  9.630033E-01
  3.523000E+03  7.203763E-01
  3.523500E+03  4.628569E-01
  3.524000E+03  1.943386E-01
  3.524500E+03 -8.102214E-02
  3.525000E+03 -3.588710E-01
  3.525500E+03 -6.347270E-01
  3.526000E+03 -9.040579E-01
  3.526500E+03 -1.162360E+00
  3.527000E+03 -1.405241E+00
  3.527500E+03 -1.628499E+00
  3.528000E+03 -1.828207E+00
  3.528500E+03 -2.000788E+00
  3.529000E+03 -2.143091E+00
  3.529500E+03 -2.252459E+00
  3.530000E+03 -2.326784E+00
  3.530500E+03 -2.364562E+00
  3.531000E+03 -2.364930E+00
  3.531500E+03 -2.327691E+00
  3.532000E+03 -2.253334E+00
  3.532500E+03 -2.143028E+00
  3.533000E+03 -1.998614E+00
  3.533500E+03 -1.822572E+00
  3.534000E+03 -1.617986E+00
  3.534500E+03 -1.388485E+00
  3.535000E+03 -1.138176E+00
  3.535500E+03 -8.715689E-01
  3.536000E+03 -5.934856E-01
  3.536500E+03 -3.089664E-01
  3.537000E+03 -2.316759E-02
  3.537500E+03  2.587435E-01
  3.538000E+03  5.316950E-01
  3.538500E+03  7.908165E-01
  3.539000E+03  1.031540E+00
  3.539500E+03  1.249699E+00
  3.540000E+03  1.441613E+00
  3.540500E+03  1.604166E+00
  3.541000E+03  1.734877E+00
  3.541500E+03  1.831947E+00
  3.542000E+03  1.894295E+00
  3.542500E+03  1.921584E+00
  3.543000E+03  1.914219E+00
  3.543500E+03  1.873340E+00
  3.544000E+03  1.800785E+00
  3.544500E+03  1.699049E+00
  3.545000E+03  1.571218E+00
  3.545500E+03  1.420898E+00
  3.546000E+03  1.252124E+00
  3.546500E+03  1.069265E+00
  3.547000E+03  8.769152E-01
  3.547500E+03  6.797857E-01
  3.548000E+03  4.825902E-01
  3.548500E+03  2.899321E-01
  3.549000E+03  1.061941E-01
  3.549500E+03 -6.456616E-02
  3.550000E+03 -2.187127E-01
  3.550500E+03 -3.531166E-01
  3.551000E+03 -4.652288E-01
  3.551500E+03 -5.531386E-01
  3.552000E+03 -6.156154E-01
  3.552500E+03 -6.521340E-01
  3.553000E+03 -6.628812E-01
  3.553500E+03 -6.487454E-01
  3.554000E+03 -6.112875E-01
  3.554500E+03 -5.526954E-01
  3.555000E+03 -4.757223E-01
  3.555500E+03 -3.836105E-01
  3.556000E+03 -2.800030E-01
  3.556500E+03 -1.688450E-01
  3.557000E+03 -5.427720E-02
  3.557500E+03  5.947524E-02
  3.558000E+03  1.682165E-01
  3.558500E+03  2.678929E-01
  3.559000E+03  3.547019E-01
  3.559500E+03  4.251951E-01
  3.560000E+03  4.763720E-01
  3.560500E+03  5.057623E-01
  3.561000E+03  5.114949E-01
  3.561500E+03  4.923512E-01
  3.562000E+03  4.478018E-01
  3.562500E+03  3.780264E-01
  3.563000E+03  2.839144E-01
  3.563500E+03  1.670479E-01
  3.564000E+03  2.966749E-02
  3.564500E+03 -1.253800E-01
  3.565000E+03 -2.947082E-01
  3.565500E+03 -4.744718E-01
  3.566000E+03 -6.604601E-01
  3.566500E+03 -8.481981E-01
  3.567000E+03 -1.033056E+00
  3.567500E+03 -1.210364E+00
  3.568000E+03 -1.375522E+00
  3.568500E+03 -1.524119E+00
  3.569000E+03 -1.652036E+00
  3.569500E+03 -1.755550E+00
  3.570000E+03 -1.831426E+00
  3.570500E+03 -1.876997E+00
  3.571000E+03 -1.890231E+00
  3.571500E+03 -1.869779E+00
  3.572000E+03 -1.815015E+00
  3.572500E+03 -1.726051E+00
  3.573000E+03 -1.603734E+00
  3.573500E+03 -1.449636E+00
  3.574000E+03 -1.266012E+00
  3.574500E+03 -1.055756E+00
  3.575000E+03 -8.223336E-01
  3.575500E+03 -5.697056E-01
  3.576000E+03 -3.022394E-01
  3.576500E+03 -2.461291E-02
  3.577000E+03  2.582882E-01
  3.577500E+03  5.414771E-01
  3.578000E+03  8.199728E-01
  3.578500E+03  1.088906E+00
  3.579000E+03  1.343621E+00
  3.579500E+03  1.579771E+00
  3.580000E+03  1.793402E+00
  3.580500E+03  1.981035E+00
  3.581000E+03  2.139722E+00
  3.581500E+03  2.267103E+00
  3.582000E+03  2.361441E+00
  3.582500E+03  2.421640E+00
  3.583000E+03  2.447256E+00
  3.583500E+03  2.438488E+00
  3.584000E+03  2.396153E+00
  3.584500E+03  2.321656E+00
  3.585000E+03  2.216936E+00
  3.585500E+03  2.084414E+00
  3.586000E+03  1.926925E+00
  3.586500E+03  1.747643E+00
  3.587000E+03  1.550004E+00
  3.587500E+03  1.337628E+00
  3.588000E+03  1.114233E+00
  3.588500E+03  8.835577E-01
  3.589000E+03  6.492857E-01
  3.589500E+03  4.149714E-01
  3.590000E+03  1.839762E-01
  3.590500E+03 -4.058873E-02
  3.591000E+03 -2.559108E-01
  3.591500E+03 -4.595145E-01
  3.592000E+03 -6.492895E-01
  3.592500E+03 -8.235081E-01
  3.593000E+03 -9.808331E-01
  3.593500E+03 -1.120315E+00
  3.594000E+03 -1.241380E+00
  3.594500E+03 -1.343809E+00
  3.595000E+03 -1.427710E+00
  3.595500E+03 -1.493488E+00
  3.596000E+03 -1.541797E+00
  3.596500E+03 -1.573507E+00
  3.597000E+03 -1.589656E+00
  3.597500E+03 -1.591404E+00
  3.598000E+03 -1.579990E+00
  3.598500E+03 -1.556692E+00
  3.599000E+03 -1.522785E+00
  3.599500E+03 -1.479511E+00
  3.600000E+03 -1.428045E+00
  3.600500E+03 -1.369474E+00
  3.601000E+03 -1.304779E+00
  3.601500E+03 -1.234826E+00
  3.602000E+03 -1.160354E+00
  3.602500E+03 -1.081984E+00
  3.603000E+03 -1.000220E+00
  3.603500E+03 -9.154632E-01
  3.604000E+03 -8.280236E-01
  3.604500E+03 -7.381421E-01
  3.605000E+03 -6.460099E-01
  3.605500E+03 -5.517906E-01
  3.606000E+03 -4.556430E-01
  3.606500E+03 -3.577429E-01
  3.607000E+03 -2.583035E-01
  3.607500E+03 -1.575929E-01
  3.608000E+03 -5.594908E-02
  3.608500E+03  4.620926E-02
  3.609000E+03  1.483761E-01
  3.609500E+03  2.499559E-01
  3.610000E+03  3.502658E-01
  3.610500E+03  4.485428E-01
  3.611000E+03  5.439547E-01
  3.611500E+03  6.356158E-01
  3.612000E+03  7.226046E-01
  3.612500E+03  8.039862E-01
  3.613000E+03  8.788344E-01
  3.613500E+03  9.462574E-01
  3.614000E+03  1.005422E+00
  3.614500E+03  1.055577E+00
  3.615000E+03  1.096078E+00
  3.615500E+03  1.126407E+00
  3.616000E+03  1.146189E+00
  3.616500E+03  1.155209E+00
  3.617000E+03  1.153418E+00
  3.617500E+03  1.140942E+00
  3.618000E+03  1.118080E+00
  3.618500E+03  1.085303E+00
  3.619000E+03  1.043239E+00
  3.619500E+03  9.926683E-01
  3.620000E+03  9.344969E-01
  3.620500E+03  8.697409E-01
  3.621000E+03  7.994997E-01
  3.621500E+03  7.249300E-01
  3.622000E+03  6.472169E-01
  3.622500E+03  5.675456E-01
  3.623000E+03  4.870725E-01
  3.623500E+03  4.068973E-01
  3.624000E+03  3.280379E-01
  3.624500E+03  2.514069E-01
  3.625000E+03  1.777923E-01
  3.625500E+03  1.078420E-01
  3.626000E+03  4.205260E-02
  3.626500E+03 -1.923700E-02
  3.627000E+03 -7.584685E-02
  3.627500E+03 -1.277524E-01
  3.628000E+03 -1.750760E-01
  3.628500E+03 -2.180741E-01
  3.629000E+03 -2.571200E-01
  3.629500E+03 -2.926829E-01
  3.630000E+03 -3.253050E-01
  3.630500E+03 -3.555752E-01
  3.631000E+03 -3.841023E-01
  3.631500E+03 -4.114877E-01
  3.632000E+03 -4.382981E-01
  3.632500E+03 -4.650400E-01
  3.633000E+03 -4.921362E-01
  3.633500E+03 -5.199052E-01
  3.634000E+03 -5.485442E-01
  3.634500E+03 -5.781161E-01
  3.635000E+03 -6.085416E-01
  3.635500E+03 -6.395957E-01
  3.636000E+03 -6.709094E-01
  3.636500E+03 -7.019771E-01
  3.637000E+03 -7.321677E-01
  3.637500E+03 -7.607412E-01
  3.638000E+03 -7.868695E-01
  3.638500E+03 -8.096602E-01
  3.639000E+03 -8.281836E-01
  3.639500E+03 -8.415019E-01
  3.640000E+03 -8.486991E-01
  3.640500E+03 -8.489122E-01
  3.641000E+03 -8.413607E-01
  3.641500E+03 -8.253754E-01
  3.642000E+03 -8.004245E-01
  3.642500E+03 -7.661365E-01
  3.643000E+03 -7.223197E-01
  3.643500E+03 -6.689761E-01
  3.644000E+03 -6.063115E-01
  3.644500E+03 -5.347396E-01
  3.645000E+03 -4.548805E-01
  3.645500E+03 -3.675539E-01
  3.646000E+03 -2.737665E-01
  3.646500E+03 -1.746944E-01
  3.647000E+03 -7.166035E-02
  3.647500E+03  3.389267E-02
  3.648000E+03  1.404322E-01
  3.648500E+03  2.463693E-01
  3.649000E+03  3.500937E-01
  3.649500E+03  4.500103E-01
  3.650000E+03  5.445748E-01
  3.650500E+03  6.323299E-01
  3.651000E+03  7.119384E-01
  3.651500E+03  7.822142E-01
  3.652000E+03  8.421497E-01
  3.652500E+03  8.909392E-01
  3.653000E+03  9.279967E-01
  3.653500E+03  9.529691E-01
  3.654000E+03  9.657435E-01
  3.654500E+03  9.664480E-01
  3.655000E+03  9.554478E-01
  3.655500E+03  9.333338E-01
  3.656000E+03  9.009076E-01
  3.656500E+03  8.591592E-01
  3.657000E+03  8.092420E-01
  3.657500E+03  7.524426E-01
  3.658000E+03  6.901483E-01
  3.658500E+03  6.238113E-01
  3.659000E+03  5.549126E-01
  3.659500E+03  4.849247E-01
  3.660000E+03  4.152750E-01
  3.660500E+03  3.473108E-01
  3.661000E+03  2.822663E-01
  3.661500E+03  2.212329E-01
  3.662000E+03  1.651339E-01
  3.662500E+03  1.147029E-01
  3.663000E+03  7.046817E-02
  3.663500E+03  3.274184E-02
  3.664000E+03  1.615396E-03
  3.664500E+03 -2.303929E-02
  3.665000E+03 -4.156291E-02
  3.665500E+03 -5.449604E-02
  3.666000E+03 -6.256118E-02
  3.666500E+03 -6.663991E-02
  3.667000E+03 -6.774569E-02
  3.667500E+03 -6.699316E-02
  3.668000E+03 -6.556460E-02
  3.668500E+03 -6.467436E-02
  3.669000E+03 -6.553229E-02
  3.669500E+03 -6.930699E-02
  3.670000E+03 -7.708980E-02
  3.670500E+03 -8.986052E-02
  3.671000E+03 -1.084556E-01
  3.671500E+03 -1.335398E-01
  3.672000E+03 -1.655817E-01
  3.672500E+03 -2.048339E-01
  3.673000E+03 -2.513189E-01
  3.673500E+03 -3.048198E-01
  3.674000E+03 -3.648774E-01
  3.674500E+03 -4.307930E-01
  3.675000E+03 -5.016374E-01
  3.675500E+03 -5.762653E-01
  3.676000E+03 -6.533356E-01
  3.676500E+03 -7.313365E-01
  3.677000E+03 -8.086155E-01
  3.677500E+03 -8.834126E-01
  3.678000E+03 -9.538978E-01
  3.678500E+03 -1.018210E+00
  3.679000E+03 -1.074499E+00
  3.679500E+03 -1.120963E+00
  3.680000E+03 -1.155898E+00
  3.680500E+03 -1.177729E+00
  3.681000E+03 -1.185054E+00
  3.681500E+03 -1.176677E+00
  3.682000E+03 -1.151642E+00
  3.682500E+03 -1.109259E+00
  3.683000E+03 -1.049126E+00
  3.683500E+03 -9.711481E-01
  3.684000E+03 -8.755494E-01
  3.684500E+03 -7.628765E-01
  3.685000E+03 -6.339992E-01
  3.685500E+03 -4.901036E-01
  3.686000E+03 -3.326789E-01
  3.686500E+03 -1.634988E-01
  3.687000E+03  1.540350E-02
  3.687500E+03  2.017642E-01
  3.688000E+03  3.931235E-01
  3.688500E+03  5.868635E-01
  3.689000E+03  7.802499E-01
  3.689500E+03  9.704754E-01
  3.690000E+03  1.154706E+00
  3.690500E+03  1.330126E+00
  3.691000E+03  1.493986E+00
  3.691500E+03  1.643650E+00
  3.692000E+03  1.776634E+00
  3.692500E+03  1.890654E+00
  3.693000E+03  1.983662E+00
  3.693500E+03  2.053880E+00
  3.694000E+03  2.099831E+00
  3.694500E+03  2.120366E+00
  3.695000E+03  2.114685E+00
  3.695500E+03  2.082347E+00
  3.696000E+03  2.023286E+00
  3.696500E+03  1.937810E+00
  3.697000E+03  1.826599E+00
  3.697500E+03  1.690698E+00
  3.698000E+03  1.531503E+00
  3.698500E+03  1.350741E+00
  3.699000E+03  1.150446E+00
  3.699500E+03  9.329342E-01
  3.700000E+03  7.007659E-01
  3.700500E+03  4.567151E-01
  3.701000E+03  2.037291E-01
  3.701500E+03 -5.511139E-02
  3.702000E+03 -3.166340E-01
  3.702500E+03 -5.776173E-01
  3.703000E+03 -8.348329E-01
  3.703500E+03 -1.085088E+00
  3.704000E+03 -1.325268E+00
  3.704500E+03 -1.552372E+00
  3.705000E+03 -1.763554E+00
  3.705500E+03 -1.956156E+00
  3.706000E+03 -2.127739E+00
  3.706500E+03 -2.276116E+00
  3.707000E+03 -2.399370E+00
  3.707500E+03 -2.495879E+00
  3.708000E+03 -2.564336E+00
  3.708500E+03 -2.603758E+00
  3.709000E+03 -2.613496E+00
  3.709500E+03 -2.593245E+00
  3.710000E+03 -2.543039E+00
  3.710500E+03 -2.463257E+00
  3.711000E+03 -2.354610E+00
  3.711500E+03 -2.218136E+00
  3.712000E+03 -2.055190E+00
  3.712500E+03 -1.867425E+00
  3.713000E+03 -1.656777E+00
  3.713500E+03 -1.425443E+00
  3.714000E+03 -1.175863E+00
  3.714500E+03 -9.106883E-01
  3.715000E+03 -6.327636E-01
  3.715500E+03 -3.450932E-01
  3.716000E+03 -5.081389E-02
  3.716500E+03  2.468359E-01
  3.717000E+03  5.445479E-01
  3.717500E+03  8.389771E-01
  3.718000E+03  1.126775E+00
  3.718500E+03  1.404623E+00
  3.719000E+03  1.669269E+00
  3.719500E+03  1.917561E+00
  3.720000E+03  2.146479E+00
  3.720500E+03  2.353178E+00
  3.721000E+03  2.535010E+00
  3.721500E+03  2.689569E+00
  3.722000E+03  2.814713E+00
  3.722500E+03  2.908603E+00
  3.723000E+03  2.969724E+00
  3.723500E+03  2.996917E+00
  3.724000E+03  2.989396E+00
  3.724500E+03  2.946773E+00
  3.725000E+03  2.869072E+00
  3.725500E+03  2.756741E+00
  3.726000E+03  2.610655E+00
  3.726500E+03  2.432125E+00
  3.727000E+03  2.222888E+00
  3.727500E+03  1.985101E+00
  3.728000E+03  1.721323E+00
  3.728500E+03  1.434495E+00
  3.729000E+03  1.127910E+00
  3.729500E+03  8.051797E-01
  3.730000E+03  4.701957E-01
  3.730500E+03  1.270806E-01
  3.731000E+03 -2.198619E-01
  3.731500E+03 -5.662028E-01
  3.732000E+03 -9.074483E-01
  3.732500E+03 -1.239103E+00
  3.733000E+03 -1.556734E+00
  3.733500E+03 -1.856041E+00
  3.734000E+03 -2.132919E+00
  3.734500E+03 -2.383527E+00
  3.735000E+03 -2.604350E+00
  3.735500E+03 -2.792261E+00
  3.736000E+03 -2.944572E+00
  3.736500E+03 -3.059090E+00
  3.737000E+03 -3.134153E+00
  3.737500E+03 -3.168667E+00
  3.738000E+03 -3.162133E+00
  3.738500E+03 -3.114661E+00
  3.739000E+03 -3.026973E+00
  3.739500E+03 -2.900404E+00
  3.740000E+03 -2.736879E+00
  3.740500E+03 -2.538892E+00
  3.741000E+03 -2.309462E+00
  3.741500E+03 -2.052093E+00
  3.742000E+03 -1.770710E+00
  3.742500E+03 -1.469599E+00
  3.743000E+03 -1.153331E+00
  3.743500E+03 -8.266839E-01
  3.744000E+03 -4.945617E-01
  3.744500E+03 -1.619060E-01
  3.745000E+03  1.663900E-01
  3.745500E+03  4.855681E-01
  3.746000E+03  7.910891E-01
  3.746500E+03  1.078713E+00
  3.747000E+03  1.344572E+00
  3.747500E+03  1.585240E+00
  3.748000E+03  1.797785E+00
  3.748500E+03  1.979824E+00
  3.749000E+03  2.129551E+00
  3.749500E+03  2.245770E+00
  3.750000E+03  2.327898E+00
  3.750500E+03  2.375970E+00
  3.751000E+03  2.390623E+00
  3.751500E+03  2.373069E+00
  3.752000E+03  2.325055E+00
  3.752500E+03  2.248818E+00
  3.753000E+03  2.147021E+00
  3.753500E+03  2.022687E+00
  3.754000E+03  1.879125E+00
  3.754500E+03  1.719848E+00
  3.755000E+03  1.548492E+00
  3.755500E+03  1.368732E+00
  3.756000E+03  1.184194E+00
  3.756500E+03  9.983816E-01
  3.757000E+03  8.145949E-01
  3.757500E+03  6.358622E-01
  3.758000E+03  4.648795E-01
  3.758500E+03  3.039587E-01
  3.759000E+03  1.549866E-01
  3.759500E+03  1.939673E-02
  3.760000E+03 -1.018478E-01
  3.760500E+03 -2.082576E-01
  3.761000E+03 -2.998079E-01
  3.761500E+03 -3.769171E-01
  3.762000E+03 -4.404139E-01
  3.762500E+03 -4.914928E-01
  3.763000E+03 -5.316613E-01
  3.763500E+03 -5.626777E-01
  3.764000E+03 -5.864839E-01
  3.764500E+03 -6.051332E-01
  3.765000E+03 -6.207153E-01
  3.765500E+03 -6.352819E-01
  3.766000E+03 -6.507734E-01
  3.766500E+03 -6.689496E-01
  3.767000E+03 -6.913262E-01
  3.767500E+03 -7.191188E-01
  3.768000E+03 -7.531961E-01
  3.768500E+03 -7.940439E-01
  3.769000E+03 -8.417399E-01
  3.769500E+03 -8.959421E-01
  3.770000E+03 -9.558890E-01
  3.770500E+03 -1.020413E+00
  3.771000E+03 -1.087968E+00
  3.771500E+03 -1.156664E+00
  3.772000E+03 -1.224321E+00
  3.772500E+03 -1.288526E+00
  3.773000E+03 -1.346700E+00
  3.773500E+03 -1.396175E+00
  3.774000E+03 -1.434269E+00
  3.774500E+03 -1.458370E+00
  3.775000E+03 -1.466019E+00
  3.775500E+03 -1.454985E+00
  3.776000E+03 -1.423346E+00
  3.776500E+03 -1.369557E+00
  3.777000E+03 -1.292509E+00
  3.777500E+03 -1.191584E+00
  3.778000E+03 -1.066691E+00
  3.778500E+03 -9.182985E-01
  3.779000E+03 -7.474425E-01
  3.779500E+03 -5.557298E-01
  3.780000E+03 -3.453207E-01
  3.780500E+03 -1.189006E-01
  3.781000E+03  1.203642E-01
  3.781500E+03  3.688817E-01
  3.782000E+03  6.227030E-01
  3.782500E+03  8.775999E-01
  3.783000E+03  1.129151E+00
  3.783500E+03  1.372837E+00
  3.784000E+03  1.604133E+00
  3.784500E+03  1.818612E+00
  3.785000E+03  2.012041E+00
  3.785500E+03  2.180477E+00
  3.786000E+03  2.320356E+00
  3.786500E+03  2.428578E+00
  3.787000E+03  2.502580E+00
  3.787500E+03  2.540397E+00
  3.788000E+03  2.540711E+00
  3.788500E+03  2.502890E+00
  3.789000E+03  2.427005E+00
  3.789500E+03  2.313837E+00
  3.790000E+03  2.164868E+00
  3.790500E+03  1.982252E+00
  3.791000E+03  1.768779E+00
  3.791500E+03  1.527819E+00
  3.792000E+03  1.263256E+00
  3.792500E+03  9.794115E-01
  3.793000E+03  6.809578E-01
  3.793500E+03  3.728247E-01
  3.794000E+03  6.010095E-02
  3.794500E+03 -2.520658E-01
  3.795000E+03 -5.585709E-01
  3.795500E+03 -8.544516E-01
  3.796000E+03 -1.134983E+00
  3.796500E+03 -1.395765E+00
  3.797000E+03 -1.632805E+00
  3.797500E+03 -1.842589E+00
  3.798000E+03 -2.022139E+00
  3.798500E+03 -2.169064E+00
  3.799000E+03 -2.281590E+00
  3.799500E+03 -2.358582E+00
  3.800000E+03 -2.399554E+00
  3.800500E+03 -2.404656E+00
  3.801000E+03 -2.374660E+00
  3.801500E+03 -2.310921E+00
  3.802000E+03 -2.215341E+00
  3.802500E+03 -2.090307E+00
  3.803000E+03 -1.938636E+00
  3.803500E+03 -1.763503E+00
  3.804000E+03 -1.568368E+00
  3.804500E+03 -1.356898E+00
  3.805000E+03 -1.132889E+00
  3.805500E+03 -9.001937E-01
  3.806000E+03 -6.626388E-01
  3.806500E+03 -4.239593E-01
  3.807000E+03 -1.877319E-01
  3.807500E+03  4.268440E-02
  3.808000E+03  2.641984E-01
  3.808500E+03  4.740293E-01
  3.809000E+03  6.697395E-01
  3.809500E+03  8.492586E-01
  3.810000E+03  1.010897E+00
  3.810500E+03  1.153351E+00
  3.811000E+03  1.275699E+00
  3.811500E+03  1.377389E+00
  3.812000E+03  1.458220E+00
  3.812500E+03  1.518314E+00
  3.813000E+03  1.558088E+00
  3.813500E+03  1.578218E+00
  3.814000E+03  1.579599E+00
  3.814500E+03  1.563311E+00
  3.815000E+03  1.530575E+00
  3.815500E+03  1.482716E+00
  3.816000E+03  1.421129E+00
  3.816500E+03  1.347241E+00
  3.817000E+03  1.262484E+00
  3.817500E+03  1.168270E+00
  3.818000E+03  1.065968E+00
  3.818500E+03  9.568890E-01
  3.819000E+03  8.422753E-01
  3.819500E+03  7.232936E-01
  3.820000E+03  6.010339E-01
  3.820500E+03  4.765120E-01
  3.821000E+03  3.506753E-01
  3.821500E+03  2.244121E-01
  3.822000E+03  9.856219E-02
  3.822500E+03 -2.607091E-02
  3.823000E+03 -1.487071E-01
  3.823500E+03 -2.685778E-01
  3.824000E+03 -3.849146E-01
  3.824500E+03 -4.969403E-01
  3.825000E+03 -6.038627E-01
  3.825500E+03 -7.048703E-01
  3.826000E+03 -7.991328E-01
  3.826500E+03 -8.858042E-01
  3.827000E+03 -9.640300E-01
  3.827500E+03 -1.032958E+00
  3.828000E+03 -1.091753E+00
  3.828500E+03 -1.139612E+00
  3.829000E+03 -1.175786E+00
  3.829500E+03 -1.199601E+00
  3.830000E+03 -1.210477E+00
  3.830500E+03 -1.207957E+00
  3.831000E+03 -1.191725E+00
  3.831500E+03 -1.161626E+00
  3.832000E+03 -1.117687E+00
  3.832500E+03 -1.060133E+00
  3.833000E+03 -9.893967E-01
  3.833500E+03 -9.061268E-01
  3.834000E+03 -8.111910E-01
  3.834500E+03 -7.056727E-01
  3.835000E+03 -5.908632E-01
  3.835500E+03 -4.682474E-01
  3.836000E+03 -3.394849E-01
  3.836500E+03 -2.063854E-01
  3.837000E+03 -7.087954E-02
  3.837500E+03  6.501478E-02
  3.838000E+03  1.992289E-01
  3.838500E+03  3.296832E-01
  3.839000E+03  4.543281E-01
  3.839500E+03  5.711859E-01
  3.840000E+03  6.783923E-01
  3.840500E+03  7.742364E-01
  3.841000E+03  8.571982E-01
  3.841500E+03  9.259827E-01
  3.842000E+03  9.795492E-01
  3.842500E+03  1.017136E+00
  3.843000E+03  1.038279E+00
  3.843500E+03  1.042823E+00
  3.844000E+03  1.030926E+00
  3.844500E+03  1.003061E+00
  3.845000E+03  9.600014E-01
  3.845500E+03  9.028084E-01
  3.846000E+03  8.328077E-01
  3.846500E+03  7.515603E-01
  3.847000E+03  6.608283E-01
  3.847500E+03  5.625362E-01
  3.848000E+03  4.587283E-01
  3.848500E+03  3.515235E-01
  3.849000E+03  2.430689E-01
  3.849500E+03  1.354925E-01
  3.850000E+03  3.085680E-02
  3.850500E+03 -6.888504E-02
  3.851000E+03 -1.619310E-01
  3.851500E+03 -2.466676E-01
  3.852000E+03 -3.217021E-01
  3.852500E+03 -3.858895E-01
  3.853000E+03 -4.383534E-01
  3.853500E+03 -4.784996E-01
  3.854000E+03 -5.060230E-01
  3.854500E+03 -5.209081E-01
  3.855000E+03 -5.234212E-01
  3.855500E+03 -5.140971E-01
  3.856000E+03 -4.937191E-01
  3.856500E+03 -4.632936E-01
  3.857000E+03 -4.240194E-01
  3.857500E+03 -3.772536E-01
  3.858000E+03 -3.244740E-01
  3.858500E+03 -2.672395E-01
  3.859000E+03 -2.071502E-01
  3.859500E+03 -1.458064E-01
  3.860000E+03 -8.477004E-02
  3.860500E+03 -2.552746E-02
  3.861000E+03  3.054438E-02
  3.861500E+03  8.220785E-02
  3.862000E+03  1.283900E-01
  3.862500E+03  1.682027E-01
  3.863000E+03  2.009571E-01
  3.863500E+03  2.261727E-01
  3.864000E+03  2.435797E-01
  3.864500E+03  2.531163E-01
  3.865000E+03  2.549201E-01
  3.865500E+03  2.493142E-01
  3.866000E+03  2.367892E-01
  3.866500E+03  2.179804E-01
  3.867000E+03  1.936427E-01
  3.867500E+03  1.646226E-01
  3.868000E+03  1.318289E-01
  3.868500E+03  9.620302E-02
  3.869000E+03  5.868923E-02
  3.869500E+03  2.020682E-02
  3.870000E+03 -1.837615E-02
  3.870500E+03 -5.626601E-02
  3.871000E+03 -9.276324E-02
  3.871500E+03 -1.272781E-01
  3.872000E+03 -1.593418E-01
  3.872500E+03 -1.886134E-01
  3.873000E+03 -2.148809E-01
  3.873500E+03 -2.380589E-01
  3.874000E+03 -2.581806E-01
  3.874500E+03 -2.753864E-01
  3.875000E+03 -2.899081E-01
  3.875500E+03 -3.020505E-01
  3.876000E+03 -3.121703E-01
  3.876500E+03 -3.206529E-01
  3.877000E+03 -3.278896E-01
  3.877500E+03 -3.342531E-01
  3.878000E+03 -3.400752E-01
  3.878500E+03 -3.456250E-01
  3.879000E+03 -3.510909E-01
  3.879500E+03 -3.565640E-01
  3.880000E+03 -3.620268E-01
  3.880500E+03 -3.673451E-01
  3.881000E+03 -3.722645E-01
  3.881500E+03 -3.764124E-01
  3.882000E+03 -3.793040E-01
  3.882500E+03 -3.803537E-01
  3.883000E+03 -3.788902E-01
  3.883500E+03 -3.741767E-01
  3.884000E+03 -3.654341E-01
  3.884500E+03 -3.518671E-01
  3.885000E+03 -3.326929E-01
  3.885500E+03 -3.071709E-01
  3.886000E+03 -2.746333E-01
  3.886500E+03 -2.345149E-01
  3.887000E+03 -1.863818E-01
  3.887500E+03 -1.299574E-01
  3.888000E+03 -6.514591E-02
  3.888500E+03  7.948421E-03
  3.889000E+03  8.900695E-02
  3.889500E+03  1.774871E-01
  3.890000E+03  2.726186E-01
  3.890500E+03  3.734058E-01
  3.891000E+03  4.786360E-01
  3.891500E+03  5.868940E-01
  3.892000E+03  6.965822E-01
  3.892500E+03  8.059465E-01
  3.893000E+03  9.131071E-01
  3.893500E+03  1.016094E+00
  3.894000E+03  1.112886E+00
  3.894500E+03  1.201450E+00
  3.895000E+03  1.279788E+00
  3.895500E+03  1.345979E+00
  3.896000E+03  1.398220E+00
  3.896500E+03  1.434872E+00
  3.897000E+03  1.454498E+00
  3.897500E+03  1.455899E+00
  3.898000E+03  1.438146E+00
  3.898500E+03  1.400603E+00
  3.899000E+03  1.342956E+00
  3.899500E+03  1.265216E+00
  3.900000E+03  1.167737E+00
  3.900500E+03  1.051210E+00
  3.901000E+03  9.166552E-01
  3.901500E+03  7.654154E-01
  3.902000E+03  5.991296E-01
  3.902500E+03  4.197097E-01
  3.903000E+03  2.293077E-01
  3.903500E+03  3.028022E-02
  3.904000E+03 -1.748523E-01
  3.904500E+03 -3.834484E-01
  3.905000E+03 -5.927913E-01
  3.905500E+03 -8.001338E-01
  3.906000E+03 -1.002745E+00
  3.906500E+03 -1.197955E+00
  3.907000E+03 -1.383197E+00
  3.907500E+03 -1.556044E+00
  3.908000E+03 -1.714253E+00
  3.908500E+03 -1.855784E+00
  3.909000E+03 -1.978836E+00
  3.909500E+03 -2.081865E+00
  3.910000E+03 -2.163596E+00
  3.910500E+03 -2.223038E+00
  3.911000E+03 -2.259483E+00
  3.911500E+03 -2.272508E+00
  3.912000E+03 -2.261967E+00
  3.912500E+03 -2.227982E+00
  3.913000E+03 -2.170928E+00
  3.913500E+03 -2.091413E+00
  3.914000E+03 -1.990261E+00
  3.914500E+03 -1.868492E+00
  3.915000E+03 -1.727294E+00
  3.915500E+03 -1.568007E+00
  3.916000E+03 -1.392094E+00
  3.916500E+03 -1.201131E+00
  3.917000E+03 -9.967757E-01
  3.917500E+03 -7.807627E-01
  3.918000E+03 -5.548822E-01
  3.918500E+03 -3.209721E-01
  3.919000E+03 -8.090844E-02
  3.919500E+03  1.633999E-01
  3.920000E+03  4.100153E-01
  3.920500E+03  6.569727E-01
  3.921000E+03  9.022804E-01
  3.921500E+03  1.143919E+00
  3.922000E+03  1.379843E+00
  3.922500E+03  1.607977E+00
  3.923000E+03  1.826223E+00
  3.923500E+03  2.032456E+00
  3.924000E+03  2.224541E+00
  3.924500E+03  2.400334E+00
  3.925000E+03  2.557697E+00
  3.925500E+03  2.694522E+00
  3.926000E+03  2.808747E+00
  3.926500E+03  2.898382E+00
  3.927000E+03  2.961547E+00
  3.927500E+03  2.996500E+00
  3.928000E+03  3.001677E+00
  3.928500E+03  2.975734E+00
  3.929000E+03  2.917591E+00
  3.929500E+03  2.826469E+00
  3.930000E+03  2.701940E+00
  3.930500E+03  2.543963E+00
  3.931000E+03  2.352922E+00
  3.931500E+03  2.129661E+00
  3.932000E+03  1.875506E+00
  3.932500E+03  1.592289E+00
  3.933000E+03  1.282358E+00
  3.933500E+03  9.485734E-01
  3.934000E+03  5.943031E-01
  3.934500E+03  2.233987E-01
  3.935000E+03 -1.598361E-01
  3.935500E+03 -5.506914E-01
  3.936000E+03 -9.441067E-01
  3.936500E+03 -1.334739E+00
  3.937000E+03 -1.717041E+00
  3.937500E+03 -2.085347E+00
  3.938000E+03 -2.433971E+00
  3.938500E+03 -2.757305E+00
  3.939000E+03 -3.049927E+00
  3.939500E+03 -3.306705E+00
  3.940000E+03 -3.522907E+00
  3.940500E+03 -3.694305E+00
  3.941000E+03 -3.817273E+00
  3.941500E+03 -3.888874E+00
  3.942000E+03 -3.906950E+00
  3.942500E+03 -3.870180E+00
  3.943000E+03 -3.778141E+00
  3.943500E+03 -3.631342E+00
  3.944000E+03 -3.431244E+00
  3.944500E+03 -3.180258E+00
  3.945000E+03 -2.881731E+00
  3.945500E+03 -2.539901E+00
  3.946000E+03 -2.159843E+00
  3.946500E+03 -1.747387E+00
  3.947000E+03 -1.309026E+00
  3.947500E+03 -8.518000E-01
  3.948000E+03 -3.831745E-01
  3.948500E+03  8.910108E-02
  3.949000E+03  5.571386E-01
  3.949500E+03  1.013064E+00
  3.950000E+03  1.449172E+00
  3.950500E+03  1.858082E+00
  3.951000E+03  2.232887E+00
  3.951500E+03  2.567294E+00
  3.952000E+03  2.855758E+00
  3.952500E+03  3.093600E+00
  3.953000E+03  3.277101E+00
  3.953500E+03  3.403587E+00
  3.954000E+03  3.471485E+00
  3.954500E+03  3.480360E+00
  3.955000E+03  3.430921E+00
  3.955500E+03  3.325012E+00
  3.956000E+03  3.165569E+00
  3.956500E+03  2.956557E+00
  3.957000E+03  2.702883E+00
  3.957500E+03  2.410290E+00
  3.958000E+03  2.085231E+00
  3.958500E+03  1.734721E+00
  3.959000E+03  1.366190E+00
  3.959500E+03  9.873110E-01
  3.960000E+03  6.058370E-01
  3.960500E+03  2.294252E-01
  3.961000E+03 -1.345293E-01
  3.961500E+03 -4.790551E-01
  3.962000E+03 -7.977561E-01
  3.962500E+03 -1.084948E+00
  3.963000E+03 -1.335779E+00
  3.963500E+03 -1.546326E+00
  3.964000E+03 -1.713674E+00
  3.964500E+03 -1.835967E+00
  3.965000E+03 -1.912434E+00
  3.965500E+03 -1.943389E+00
  3.966000E+03 -1.930205E+00
  3.966500E+03 -1.875260E+00
  3.967000E+03 -1.781863E+00
  3.967500E+03 -1.654157E+00
  3.968000E+03 -1.496996E+00
  3.968500E+03 -1.315815E+00
  3.969000E+03 -1.116482E+00
  3.969500E+03 -9.051380E-01
  3.970000E+03 -6.880380E-01
  3.970500E+03 -4.713856E-01
  3.971000E+03 -2.611734E-01
  3.971500E+03 -6.302939E-02
  3.972000E+03  1.179247E-01
  3.972500E+03  2.772011E-01
  3.973000E+03  4.110555E-01
  3.973500E+03  5.165753E-01
  3.974000E+03  5.917462E-01
  3.974500E+03  6.354927E-01
  3.975000E+03  6.476940E-01
  3.975500E+03  6.291740E-01
  3.976000E+03  5.816657E-01
  3.976500E+03  5.077511E-01
  3.977000E+03  4.107787E-01
  3.977500E+03  2.947603E-01
  3.978000E+03  1.642507E-01
  3.978500E+03  2.421239E-02
  3.979000E+03 -1.201293E-01
  3.979500E+03 -2.634387E-01
  3.980000E+03 -4.004241E-01
  3.980500E+03 -5.259908E-01
  3.981000E+03 -6.353880E-01
  3.981500E+03 -7.243462E-01
  3.982000E+03 -7.892009E-01
  3.982500E+03 -8.269994E-01
  3.983000E+03 -8.355885E-01
  3.983500E+03 -8.136790E-01
  3.984000E+03 -7.608875E-01
  3.984500E+03 -6.777523E-01
  3.985000E+03 -5.657250E-01
  3.985500E+03 -4.271356E-01
  3.986000E+03 -2.651346E-01
  3.986500E+03 -8.361155E-02
  3.987000E+03  1.129062E-01
  3.987500E+03  3.193730E-01
  3.988000E+03  5.303589E-01
  3.988500E+03  7.401942E-01
  3.989000E+03  9.431217E-01
  3.989500E+03  1.133451E+00
  3.990000E+03  1.305714E+00
  3.990500E+03  1.454809E+00
  3.991000E+03  1.576148E+00
  3.991500E+03  1.665773E+00
  3.992000E+03  1.720474E+00
  3.992500E+03  1.737876E+00
  3.993000E+03  1.716509E+00
  3.993500E+03  1.655852E+00
  3.994000E+03  1.556357E+00
  3.994500E+03  1.419442E+00
  3.995000E+03  1.247462E+00
  3.995500E+03  1.043656E+00
  3.996000E+03  8.120697E-01
  3.996500E+03  5.574592E-01
  3.997000E+03  2.851739E-01
  3.997500E+03  1.027242E-03
  3.998000E+03 -2.888467E-01
  3.998500E+03 -5.781428E-01
  3.999000E+03 -8.605393E-01
  3.999500E+03 -1.129852E+00
  4.000000E+03 -1.380185E+00
  4.000500E+03 -1.606072E+00
  4.001000E+03 -1.802606E+00
  4.001500E+03 -1.965557E+00
  4.002000E+03 -2.091471E+00
  4.002500E+03 -2.177744E+00
  4.003000E+03 -2.222679E+00
  4.003500E+03 -2.225520E+00
  4.004000E+03 -2.186462E+00
  4.004500E+03 -2.106630E+00
  4.005000E+03 -1.988045E+00
  4.005500E+03 -1.833565E+00
  4.006000E+03 -1.646798E+00
  4.006500E+03 -1.432012E+00
  4.007000E+03 -1.194014E+00
  4.007500E+03 -9.380307E-01
  4.008000E+03 -6.695714E-01
  4.008500E+03 -3.942921E-01
  4.009000E+03 -1.178552E-01
  4.009500E+03  1.542070E-01
  4.010000E+03  4.166221E-01
  4.010500E+03  6.644990E-01
  4.011000E+03  8.934358E-01
  4.011500E+03  1.099613E+00
  4.012000E+03  1.279869E+00
  4.012500E+03  1.431757E+00
  4.013000E+03  1.553581E+00
  4.013500E+03  1.644410E+00
  4.014000E+03  1.704076E+00
  4.014500E+03  1.733146E+00
  4.015000E+03  1.732878E+00
  4.015500E+03  1.705159E+00
  4.016000E+03  1.652431E+00
  4.016500E+03  1.577595E+00
  4.017000E+03  1.483919E+00
  4.017500E+03  1.374924E+00
  4.018000E+03  1.254278E+00
  4.018500E+03  1.125685E+00
  4.019000E+03  9.927736E-01
  4.019500E+03  8.589986E-01
  4.020000E+03  7.275444E-01
  4.020500E+03  6.012431E-01
  4.021000E+03  4.825050E-01
  4.021500E+03  3.732645E-01
  4.022000E+03  2.749415E-01
  4.022500E+03  1.884210E-01
  4.023000E+03  1.140496E-01
  4.023500E+03  5.164895E-02
  4.024000E+03  5.460556E-04
  4.024500E+03 -4.038124E-02
  4.025000E+03 -7.264538E-02
  4.025500E+03 -9.807851E-02
  4.026000E+03 -1.187527E-01
  4.026500E+03 -1.368937E-01
  4.027000E+03 -1.547903E-01
  4.027500E+03 -1.747034E-01
  4.028000E+03 -1.987760E-01
  4.028500E+03 -2.289486E-01
  4.029000E+03 -2.668810E-01
  4.029500E+03 -3.138840E-01
  4.030000E+03 -3.708621E-01
  4.030500E+03 -4.382706E-01
  4.031000E+03 -5.160856E-01
  4.031500E+03 -6.037906E-01
  4.032000E+03 -7.003786E-01
  4.032500E+03 -8.043693E-01
  4.033000E+03 -9.138423E-01
  4.033500E+03 -1.026484E+00
  4.034000E+03 -1.139647E+00
  4.034500E+03 -1.250422E+00
  4.035000E+03 -1.355716E+00
  4.035500E+03 -1.452341E+00
  4.036000E+03 -1.537104E+00
  4.036500E+03 -1.606897E+00
  4.037000E+03 -1.658792E+00
  4.037500E+03 -1.690129E+00
  4.038000E+03 -1.698593E+00
  4.038500E+03 -1.682292E+00
  4.039000E+03 -1.639819E+00
  4.039500E+03 -1.570301E+00
  4.040000E+03 -1.473441E+00
  4.040500E+03 -1.349532E+00
  4.041000E+03 -1.199475E+00
  4.041500E+03 -1.024765E+00
  4.042000E+03 -8.274675E-01
  4.042500E+03 -6.101863E-01
  4.043000E+03 -3.760082E-01
  4.043500E+03 -1.284424E-01
  4.044000E+03  1.286531E-01
  4.044500E+03  3.911530E-01
  4.045000E+03  6.547523E-01
  4.045500E+03  9.150580E-01
  4.046000E+03  1.167683E+00
  4.046500E+03  1.408338E+00
  4.047000E+03  1.632922E+00
  4.047500E+03  1.837606E+00
  4.048000E+03  2.018911E+00
  4.048500E+03  2.173778E+00
  4.049000E+03  2.299620E+00
  4.049500E+03  2.394378E+00
  4.050000E+03  2.456544E+00
  4.050500E+03  2.485193E+00
  4.051000E+03  2.479982E+00
  4.051500E+03  2.441149E+00
  4.052000E+03  2.369496E+00
  4.052500E+03  2.266358E+00
  4.053000E+03  2.133566E+00
  4.053500E+03  1.973398E+00
  4.054000E+03  1.788521E+00
  4.054500E+03  1.581931E+00
  4.055000E+03  1.356889E+00
  4.055500E+03  1.116846E+00
  4.056000E+03  8.653843E-01
  4.056500E+03  6.061402E-01
  4.057000E+03  3.427451E-01
  4.057500E+03  7.876212E-02
  4.058000E+03 -1.823687E-01
  4.058500E+03 -4.373795E-01
  4.059000E+03 -6.832169E-01
  4.059500E+03 -9.170763E-01
  4.060000E+03 -1.136428E+00
  4.060500E+03 -1.339037E+00
  4.061000E+03 -1.522974E+00
  4.061500E+03 -1.686619E+00
  4.062000E+03 -1.828657E+00
  4.062500E+03 -1.948076E+00
  4.063000E+03 -2.044148E+00
  4.063500E+03 -2.116417E+00
  4.064000E+03 -2.164677E+00
  4.064500E+03 -2.188956E+00
  4.065000E+03 -2.189492E+00
  4.065500E+03 -2.166713E+00
  4.066000E+03 -2.121218E+00
  4.066500E+03 -2.053763E+00
  4.067000E+03 -1.965244E+00
  4.067500E+03 -1.856685E+00
  4.068000E+03 -1.729231E+00
  4.068500E+03 -1.584143E+00
  4.069000E+03 -1.422792E+00
  4.069500E+03 -1.246662E+00
  4.070000E+03 -1.057352E+00
  4.070500E+03 -8.565728E-01
  4.071000E+03 -6.461565E-01
  4.071500E+03 -4.280543E-01
  4.072000E+03 -2.043387E-01
  4.072500E+03  2.279824E-02
  4.073000E+03  2.510494E-01
  4.073500E+03  4.780017E-01
  4.074000E+03  7.011483E-01
  4.074500E+03  9.179072E-01
  4.075000E+03  1.125644E+00
  4.075500E+03  1.321701E+00
  4.076000E+03  1.503428E+00
  4.076500E+03  1.668226E+00
  4.077000E+03  1.813581E+00
  4.077500E+03  1.937121E+00
  4.078000E+03  2.036652E+00
  4.078500E+03  2.110219E+00
  4.079000E+03  2.156145E+00
  4.079500E+03  2.173087E+00
  4.080000E+03  2.160079E+00
  4.080500E+03  2.116567E+00
  4.081000E+03  2.042456E+00
  4.081500E+03  1.938124E+00
  4.082000E+03  1.804454E+00
  4.082500E+03  1.642836E+00
  4.083000E+03  1.455170E+00
  4.083500E+03  1.243854E+00
  4.084000E+03  1.011764E+00
  4.084500E+03  7.622166E-01
  4.085000E+03  4.989252E-01
  4.085500E+03  2.259459E-01
  4.086000E+03 -5.238926E-02
  4.086500E+03 -3.315462E-01
  4.087000E+03 -6.068700E-01
  4.087500E+03 -8.736717E-01
  4.088000E+03 -1.127319E+00
  4.088500E+03 -1.363331E+00
  4.089000E+03 -1.577464E+00
  4.089500E+03 -1.765811E+00
  4.090000E+03 -1.924878E+00
  4.090500E+03 -2.051665E+00
  4.091000E+03 -2.143739E+00
  4.091500E+03 -2.199287E+00
  4.092000E+03 -2.217167E+00
  4.092500E+03 -2.196940E+00
  4.093000E+03 -2.138886E+00
  4.093500E+03 -2.044010E+00
  4.094000E+03 -1.914028E+00
  4.094500E+03 -1.751339E+00
  4.095000E+03 -1.558983E+00
  4.095500E+03 -1.340580E+00
  4.096000E+03 -1.100260E+00
  4.096500E+03 -8.425816E-01
  4.097000E+03 -5.724383E-01
  4.097500E+03 -2.949563E-01
  4.098000E+03 -1.538916E-02
  4.098500E+03  2.609923E-01
  4.099000E+03  5.290106E-01
  4.099500E+03  7.836905E-01
  4.100000E+03  1.020363E+00
  4.100500E+03  1.234763E+00
  4.101000E+03  1.423118E+00
  4.101500E+03  1.582227E+00
  4.102000E+03  1.709521E+00
  4.102500E+03  1.803116E+00
  4.103000E+03  1.861848E+00
  4.103500E+03  1.885288E+00
  4.104000E+03  1.873748E+00
  4.104500E+03  1.828259E+00
  4.105000E+03  1.750546E+00
  4.105500E+03  1.642975E+00
  4.106000E+03  1.508496E+00
  4.106500E+03  1.350565E+00
  4.107000E+03  1.173064E+00
  4.107500E+03  9.802008E-01
  4.108000E+03  7.764121E-01
  4.108500E+03  5.662591E-01
  4.109000E+03  3.543205E-01
  4.109500E+03  1.450878E-01
  4.110000E+03 -5.713609E-02
  4.110500E+03 -2.483323E-01
  4.111000E+03 -4.248535E-01
  4.111500E+03 -5.835011E-01
  4.112000E+03 -7.215900E-01
  4.112500E+03 -8.370011E-01
  4.113000E+03 -9.282180E-01
  4.113500E+03 -9.943493E-01
  4.114000E+03 -1.035135E+00
  4.114500E+03 -1.050939E+00
  4.115000E+03 -1.042721E+00
  4.115500E+03 -1.012004E+00
  4.116000E+03 -9.608169E-01
  4.116500E+03 -8.916361E-01
  4.117000E+03 -8.073088E-01
  4.117500E+03 -7.109737E-01
  4.118000E+03 -6.059729E-01
  4.118500E+03 -4.957619E-01
  4.119000E+03 -3.838171E-01
  4.119500E+03 -2.735449E-01
  4.120000E+03 -1.681938E-01
  4.120500E+03 -7.077264E-02
  4.121000E+03  1.602484E-02
  4.121500E+03  8.988514E-02
  4.122000E+03  1.489300E-01
  4.122500E+03  1.917590E-01
  4.123000E+03  2.174796E-01
  4.123500E+03  2.257234E-01
  4.124000E+03  2.166484E-01
  4.124500E+03  1.909282E-01
  4.125000E+03  1.497274E-01
  4.125500E+03  9.466492E-02
  4.126000E+03  2.776569E-02
  4.126500E+03 -4.859742E-02
  4.127000E+03 -1.317703E-01
  4.127500E+03 -2.188908E-01
  4.128000E+03 -3.069668E-01
  4.128500E+03 -3.929569E-01
  4.129000E+03 -4.738515E-01
  4.129500E+03 -5.467533E-01
  4.130000E+03 -6.089531E-01
  4.130500E+03 -6.580014E-01
  4.131000E+03 -6.917728E-01
  4.131500E+03 -7.085212E-01
  4.132000E+03 -7.069258E-01
  4.132500E+03 -6.861259E-01
  4.133000E+03 -6.457443E-01
  4.133500E+03 -5.858982E-01
  4.134000E+03 -5.071978E-01
  4.134500E+03 -4.107336E-01
  4.135000E+03 -2.980509E-01
  4.135500E+03 -1.711138E-01
  4.136000E+03 -3.225967E-02
  4.136500E+03  1.158560E-01
  4.137000E+03  2.703211E-01
  4.137500E+03  4.280351E-01
  4.138000E+03  5.857807E-01
  4.138500E+03  7.402977E-01
  4.139000E+03  8.883578E-01
  4.139500E+03  1.026838E+00
  4.140000E+03  1.152789E+00
  4.140500E+03  1.263505E+00
  4.141000E+03  1.356579E+00
  4.141500E+03  1.429953E+00
  4.142000E+03  1.481969E+00
  4.142500E+03  1.511394E+00
  4.143000E+03  1.517449E+00
  4.143500E+03  1.499819E+00
  4.144000E+03  1.458657E+00
  4.144500E+03  1.394574E+00
  4.145000E+03  1.308624E+00
  4.145500E+03  1.202270E+00
  4.146000E+03  1.077354E+00
  4.146500E+03  9.360471E-01
  4.147000E+03  7.808013E-01
  4.147500E+03  6.142924E-01
  4.148000E+03  4.393604E-01
  4.148500E+03  2.589474E-01
  4.149000E+03  7.603454E-02
  4.149500E+03 -1.064200E-01
  4.150000E+03 -2.855411E-01
  4.150500E+03 -4.585925E-01
  4.151000E+03 -6.230291E-01
  4.151500E+03 -7.765420E-01
  4.152000E+03 -9.170975E-01
  4.152500E+03 -1.042968E+00
  4.153000E+03 -1.152757E+00
  4.153500E+03 -1.245411E+00
  4.154000E+03 -1.320226E+00
  4.154500E+03 -1.376851E+00
  4.155000E+03 -1.415269E+00
  4.155500E+03 -1.435786E+00
  4.156000E+03 -1.439005E+00
  4.156500E+03 -1.425795E+00
  4.157000E+03 -1.397255E+00
  4.157500E+03 -1.354676E+00
  4.158000E+03 -1.299499E+00
  4.158500E+03 -1.233271E+00
  4.159000E+03 -1.157603E+00
  4.159500E+03 -1.074124E+00
  4.160000E+03 -9.844411E-01
  4.160500E+03 -8.901043E-01
  4.161000E+03 -7.925697E-01
  4.161500E+03 -6.931714E-01
  4.162000E+03 -5.930980E-01
  4.162500E+03 -4.933749E-01
  4.163000E+03 -3.948524E-01
  4.163500E+03 -2.982012E-01
  4.164000E+03 -2.039127E-01
  4.164500E+03 -1.123070E-01
  4.165000E+03 -2.354537E-02
  4.165500E+03  6.235203E-02
  4.166000E+03  1.454836E-01
  4.166500E+03  2.260408E-01
  4.167000E+03  3.042793E-01
  4.167500E+03  3.804893E-01
  4.168000E+03  4.549650E-01
  4.168500E+03  5.279735E-01
  4.169000E+03  5.997270E-01
  4.169500E+03  6.703555E-01
  4.170000E+03  7.398841E-01
  4.170500E+03  8.082137E-01
  4.171000E+03  8.751065E-01
  4.171500E+03  9.401775E-01
  4.172000E+03  1.002890E+00
  4.172500E+03  1.062560E+00
  4.173000E+03  1.118361E+00
  4.173500E+03  1.169343E+00
  4.174000E+03  1.214447E+00
  4.174500E+03  1.252534E+00
  4.175000E+03  1.282412E+00
  4.175500E+03  1.302868E+00
  4.176000E+03  1.312703E+00
  4.176500E+03  1.310774E+00
  4.177000E+03  1.296026E+00
  4.177500E+03  1.267532E+00
  4.178000E+03  1.224532E+00
  4.178500E+03  1.166462E+00
  4.179000E+03  1.092990E+00
  4.179500E+03  1.004037E+00
  4.180000E+03  8.998033E-01
  4.180500E+03  7.807799E-01
  4.181000E+03  6.477582E-01
  4.181500E+03  5.018322E-01
  4.182000E+03  3.443921E-01
  4.182500E+03  1.771127E-01
  4.183000E+03  1.932621E-03
  4.183500E+03 -1.789720E-01
  4.184000E+03 -3.632207E-01
  4.184500E+03 -5.482674E-01
  4.185000E+03 -7.314443E-01
  4.185500E+03 -9.100098E-01
  4.186000E+03 -1.081199E+00
  4.186500E+03 -1.242279E+00
  4.187000E+03 -1.390596E+00
  4.187500E+03 -1.523638E+00
  4.188000E+03 -1.639077E+00
  4.188500E+03 -1.734824E+00
  4.189000E+03 -1.809071E+00
  4.189500E+03 -1.860331E+00
  4.190000E+03 -1.887472E+00
  4.190500E+03 -1.889745E+00
  4.191000E+03 -1.866803E+00
  4.191500E+03 -1.818710E+00
  4.192000E+03 -1.745952E+00
  4.192500E+03 -1.649424E+00
  4.193000E+03 -1.530423E+00
  4.193500E+03 -1.390626E+00
  4.194000E+03 -1.232060E+00
  4.194500E+03 -1.057069E+00
  4.195000E+03 -8.682696E-01
  4.195500E+03 -6.685071E-01
  4.196000E+03 -4.608027E-01
  4.196500E+03 -2.482993E-01
  4.197000E+03 -3.420481E-02
  4.197500E+03  1.782656E-01
  4.198000E+03  3.859467E-01
  4.198500E+03  5.857795E-01
  4.199000E+03  7.748643E-01
  4.199500E+03  9.505110E-01
  4.200000E+03  1.110284E+00
  4.200500E+03  1.252044E+00
  4.201000E+03  1.373978E+00
  4.201500E+03  1.474630E+00
  4.202000E+03  1.552920E+00
  4.202500E+03  1.608155E+00
  4.203000E+03  1.640035E+00
  4.203500E+03  1.648653E+00
  4.204000E+03  1.634480E+00
  4.204500E+03  1.598352E+00
  4.205000E+03  1.541448E+00
  4.205500E+03  1.465257E+00
  4.206000E+03  1.371546E+00
  4.206500E+03  1.262322E+00
  4.207000E+03  1.139791E+00
  4.207500E+03  1.006311E+00
  4.208000E+03  8.643487E-01
  4.208500E+03  7.164296E-01
  4.209000E+03  5.650950E-01
  4.209500E+03  4.128544E-01
  4.210000E+03  2.621429E-01
  4.210500E+03  1.152796E-01
  4.211000E+03 -2.556909E-02
  4.211500E+03 -1.584235E-01
  4.212000E+03 -2.815198E-01
  4.212500E+03 -3.933344E-01
  4.213000E+03 -4.926032E-01
  4.213500E+03 -5.783361E-01
  4.214000E+03 -6.498253E-01
  4.214500E+03 -7.066493E-01
  4.215000E+03 -7.486711E-01
  4.215500E+03 -7.760318E-01
  4.216000E+03 -7.891395E-01
  4.216500E+03 -7.886536E-01
  4.217000E+03 -7.754656E-01
  4.217500E+03 -7.506759E-01
  4.218000E+03 -7.155682E-01
  4.218500E+03 -6.715805E-01
  4.219000E+03 -6.202751E-01
  4.219500E+03 -5.633064E-01
  4.220000E+03 -5.023878E-01
  4.220500E+03 -4.392580E-01
  4.221000E+03 -3.756480E-01
  4.221500E+03 -3.132478E-01
  4.222000E+03 -2.536744E-01
  4.222500E+03 -1.984411E-01
  4.223000E+03 -1.489289E-01
  4.223500E+03 -1.063598E-01
  4.224000E+03 -7.177307E-02
  4.224500E+03 -4.600402E-02
  4.225000E+03 -2.966656E-02
  4.225500E+03 -2.313908E-02
  4.226000E+03 -2.655427E-02
  4.226500E+03 -3.979302E-02
  4.227000E+03 -6.248262E-02
  4.227500E+03 -9.399947E-02
  4.228000E+03 -1.334762E-01
  4.228500E+03 -1.798137E-01
  4.229000E+03 -2.316972E-01
  4.229500E+03 -2.876176E-01
  4.230000E+03 -3.458965E-01
  4.230500E+03 -4.047160E-01
  4.231000E+03 -4.621518E-01
  4.231500E+03 -5.162100E-01
  4.232000E+03 -5.648672E-01
  4.232500E+03 -6.061126E-01
  4.233000E+03 -6.379918E-01
  4.233500E+03 -6.586522E-01
  4.234000E+03 -6.663880E-01
  4.234500E+03 -6.596852E-01
  4.235000E+03 -6.372646E-01
  4.235500E+03 -5.981221E-01
  4.236000E+03 -5.415665E-01
  4.236500E+03 -4.672516E-01
  4.237000E+03 -3.752040E-01
  4.237500E+03 -2.658438E-01
  4.238000E+03 -1.399991E-01
  4.238500E+03  1.088549E-03
  4.239000E+03  1.557659E-01
  4.239500E+03  3.219792E-01
  4.240000E+03  4.972947E-01
  4.240500E+03  6.789281E-01
  4.241000E+03  8.637833E-01
  4.241500E+03  1.048500E+00
  4.242000E+03  1.229508E+00
  4.242500E+03  1.403095E+00
  4.243000E+03  1.565472E+00
  4.243500E+03  1.712849E+00
  4.244000E+03  1.841518E+00
  4.244500E+03  1.947931E+00
  4.245000E+03  2.028785E+00
  4.245500E+03  2.081103E+00
  4.246000E+03  2.102312E+00
  4.246500E+03  2.090319E+00
  4.247000E+03  2.043575E+00
  4.247500E+03  1.961137E+00
  4.248000E+03  1.842715E+00
  4.248500E+03  1.688710E+00
  4.249000E+03  1.500234E+00
  4.249500E+03  1.279125E+00
  4.250000E+03  1.027936E+00
  4.250500E+03  7.499166E-01
  4.251000E+03  4.489725E-01
  4.251500E+03  1.296149E-01
  4.252000E+03 -2.031092E-01
  4.252500E+03 -5.436999E-01
  4.253000E+03 -8.862999E-01
  4.253500E+03 -1.224802E+00
  4.254000E+03 -1.552966E+00
  4.254500E+03 -1.864541E+00
  4.255000E+03 -2.153395E+00
  4.255500E+03 -2.413647E+00
  4.256000E+03 -2.639792E+00
  4.256500E+03 -2.826829E+00
  4.257000E+03 -2.970382E+00
  4.257500E+03 -3.066803E+00
  4.258000E+03 -3.113274E+00
  4.258500E+03 -3.107887E+00
  4.259000E+03 -3.049705E+00
  4.259500E+03 -2.938811E+00
  4.260000E+03 -2.776330E+00
  4.260500E+03 -2.564430E+00
  4.261000E+03 -2.306304E+00
  4.261500E+03 -2.006123E+00
  4.262000E+03 -1.668973E+00
  4.262500E+03 -1.300769E+00
  4.263000E+03 -9.081417E-01
  4.263500E+03 -4.983184E-01
  4.264000E+03 -7.897867E-02
  4.264500E+03  3.418988E-01
  4.265000E+03  7.561999E-01
  4.265500E+03  1.155845E+00
  4.266000E+03  1.532961E+00
  4.266500E+03  1.880051E+00
  4.267000E+03  2.190162E+00
  4.267500E+03  2.457041E+00
  4.268000E+03  2.675275E+00
  4.268500E+03  2.840421E+00
  4.269000E+03  2.949115E+00
  4.269500E+03  2.999152E+00
  4.270000E+03  2.989551E+00
  4.270500E+03  2.920589E+00
  4.271000E+03  2.793803E+00
  4.271500E+03  2.611974E+00
  4.272000E+03  2.379073E+00
  4.272500E+03  2.100190E+00
  4.273000E+03  1.781424E+00
  4.273500E+03  1.429761E+00
  4.274000E+03  1.052926E+00
  4.274500E+03  6.592168E-01
  4.275000E+03  2.573230E-01
  4.275500E+03 -1.438638E-01
  4.276000E+03 -5.354469E-01
  4.276500E+03 -9.087234E-01
  4.277000E+03 -1.255380E+00
  4.277500E+03 -1.567681E+00
  4.278000E+03 -1.838645E+00
  4.278500E+03 -2.062207E+00
  4.279000E+03 -2.233355E+00
  4.279500E+03 -2.348254E+00
  4.280000E+03 -2.404331E+00
  4.280500E+03 -2.400345E+00
  4.281000E+03 -2.336415E+00
  4.281500E+03 -2.214023E+00
  4.282000E+03 -2.035988E+00
  4.282500E+03 -1.806406E+00
  4.283000E+03 -1.530558E+00
  4.283500E+03 -1.214797E+00
  4.284000E+03 -8.664074E-01
  4.284500E+03 -4.934382E-01
  4.285000E+03 -1.045265E-01
  4.285500E+03  2.912990E-01
  4.286000E+03  6.848219E-01
  4.286500E+03  1.066846E+00
  4.287000E+03  1.428405E+00
  4.287500E+03  1.760964E+00
  4.288000E+03  2.056614E+00
  4.288500E+03  2.308251E+00
  4.289000E+03  2.509739E+00
  4.289500E+03  2.656044E+00
  4.290000E+03  2.743354E+00
  4.290500E+03  2.769159E+00
  4.291000E+03  2.732310E+00
  4.291500E+03  2.633044E+00
  4.292000E+03  2.472974E+00
  4.292500E+03  2.255055E+00
  4.293000E+03  1.983516E+00
  4.293500E+03  1.663760E+00
  4.294000E+03  1.302241E+00
  4.294500E+03  9.063227E-01
  4.295000E+03  4.841085E-01
  4.295500E+03  4.426124E-02
  4.296000E+03 -4.041892E-01
  4.296500E+03 -8.520462E-01
  4.297000E+03 -1.290148E+00
  4.297500E+03 -1.709566E+00
  4.298000E+03 -2.101801E+00
  4.298500E+03 -2.458958E+00
  4.299000E+03 -2.773915E+00
  4.299500E+03 -3.040471E+00
  4.300000E+03 -3.253467E+00
  4.300500E+03 -3.408883E+00
  4.301000E+03 -3.503915E+00
  4.301500E+03 -3.537017E+00
  4.302000E+03 -3.507913E+00
  4.302500E+03 -3.417588E+00
  4.303000E+03 -3.268243E+00
  4.303500E+03 -3.063231E+00
  4.304000E+03 -2.806959E+00
  4.304500E+03 -2.504780E+00
  4.305000E+03 -2.162854E+00
  4.305500E+03 -1.788004E+00
  4.306000E+03 -1.387555E+00
  4.306500E+03 -9.691686E-01
  4.307000E+03 -5.406671E-01
  4.307500E+03 -1.098692E-01
  4.308000E+03  3.155778E-01
  4.308500E+03  7.283543E-01
  4.309000E+03  1.121613E+00
  4.309500E+03  1.489109E+00
  4.310000E+03  1.825310E+00
  4.310500E+03  2.125491E+00
  4.311000E+03  2.385803E+00
  4.311500E+03  2.603318E+00
  4.312000E+03  2.776058E+00
  4.312500E+03  2.902995E+00
  4.313000E+03  2.984027E+00
  4.313500E+03  3.019942E+00
  4.314000E+03  3.012352E+00
  4.314500E+03  2.963620E+00
  4.315000E+03  2.876760E+00
  4.315500E+03  2.755344E+00
  4.316000E+03  2.603379E+00
  4.316500E+03  2.425198E+00
  4.317000E+03  2.225335E+00
  4.317500E+03  2.008408E+00
  4.318000E+03  1.779007E+00
  4.318500E+03  1.541586E+00
  4.319000E+03  1.300365E+00
  4.319500E+03  1.059249E+00
  4.320000E+03  8.217488E-01
  4.320500E+03  5.909345E-01
  4.321000E+03  3.693887E-01
  4.321500E+03  1.591859E-01
  4.322000E+03 -3.811555E-02
  4.322500E+03 -2.214642E-01
  4.323000E+03 -3.902921E-01
  4.323500E+03 -5.444773E-01
  4.324000E+03 -6.842948E-01
  4.324500E+03 -8.103579E-01
  4.325000E+03 -9.235515E-01
  4.325500E+03 -1.024961E+00
  4.326000E+03 -1.115797E+00
  4.326500E+03 -1.197324E+00
  4.327000E+03 -1.270785E+00
  4.327500E+03 -1.337338E+00
  4.328000E+03 -1.397991E+00
  4.328500E+03 -1.453556E+00
  4.329000E+03 -1.504604E+00
  4.329500E+03 -1.551437E+00
  4.330000E+03 -1.594070E+00
  4.330500E+03 -1.632224E+00
  4.331000E+03 -1.665337E+00
  4.331500E+03 -1.692582E+00
  4.332000E+03 -1.712900E+00
  4.332500E+03 -1.725041E+00
  4.333000E+03 -1.727614E+00
  4.333500E+03 -1.719147E+00
  4.334000E+03 -1.698148E+00
  4.334500E+03 -1.663175E+00
  4.335000E+03 -1.612896E+00
  4.335500E+03 -1.546165E+00
  4.336000E+03 -1.462074E+00
  4.336500E+03 -1.360018E+00
  4.337000E+03 -1.239738E+00
  4.337500E+03 -1.101365E+00
  4.338000E+03 -9.454452E-01
  4.338500E+03 -7.729619E-01
  4.339000E+03 -5.853367E-01
  4.339500E+03 -3.844228E-01
  4.340000E+03 -1.724837E-01
  4.340500E+03  4.784081E-02
  4.341000E+03  2.735801E-01
  4.341500E+03  5.014889E-01
  4.342000E+03  7.281136E-01
  4.342500E+03  9.498648E-01
  4.343000E+03  1.163097E+00
  4.343500E+03  1.364193E+00
  4.344000E+03  1.549644E+00
  4.344500E+03  1.716138E+00
  4.345000E+03  1.860637E+00
  4.345500E+03  1.980453E+00
  4.346000E+03  2.073316E+00
  4.346500E+03  2.137433E+00
  4.347000E+03  2.171536E+00
  4.347500E+03  2.174916E+00
  4.348000E+03  2.147447E+00
  4.348500E+03  2.089596E+00
  4.349000E+03  2.002414E+00
  4.349500E+03  1.887520E+00
  4.350000E+03  1.747065E+00
  4.350500E+03  1.583690E+00
  4.351000E+03  1.400463E+00
  4.351500E+03  1.200816E+00
  4.352000E+03  9.884674E-01
  4.352500E+03  7.673375E-01
  4.353000E+03  5.414632E-01
  4.353500E+03  3.149077E-01
  4.354000E+03  9.167089E-02
  4.354500E+03 -1.243978E-01
  4.355000E+03 -3.296823E-01
  4.355500E+03 -5.208761E-01
  4.356000E+03 -6.950508E-01
  4.356500E+03 -8.497137E-01
  4.357000E+03 -9.828551E-01
  4.357500E+03 -1.092982E+00
  4.358000E+03 -1.179141E+00
  4.358500E+03 -1.240924E+00
  4.359000E+03 -1.278464E+00
  4.359500E+03 -1.292418E+00
  4.360000E+03 -1.283931E+00
  4.360500E+03 -1.254600E+00
  4.361000E+03 -1.206414E+00
  4.361500E+03 -1.141698E+00
  4.362000E+03 -1.063044E+00
  4.362500E+03 -9.732339E-01
  4.363000E+03 -8.751671E-01
  4.363500E+03 -7.717811E-01
  4.364000E+03 -6.659753E-01
  4.364500E+03 -5.605383E-01
  4.365000E+03 -4.580791E-01
  4.365500E+03 -3.609657E-01
  4.366000E+03 -2.712710E-01
  4.366500E+03 -1.907295E-01
  4.367000E+03 -1.207025E-01
  4.367500E+03 -6.215628E-02
  4.368000E+03 -1.565048E-02
  4.368500E+03  1.866163E-02
  4.369000E+03  4.102153E-02
  4.369500E+03  5.204322E-02
  4.370000E+03  5.268114E-02
  4.370500E+03  4.418927E-02
  4.371000E+03  2.807283E-02
  4.371500E+03  6.034078E-03
  4.372000E+03 -2.008631E-02
  4.372500E+03 -4.837032E-02
  4.373000E+03 -7.688451E-02
  4.373500E+03 -1.037410E-01
  4.374000E+03 -1.271556E-01
  4.374500E+03 -1.455022E-01
  4.375000E+03 -1.573604E-01
  4.375500E+03 -1.615573E-01
  4.376000E+03 -1.572006E-01
  4.376500E+03 -1.437024E-01
  4.377000E+03 -1.207950E-01
  4.377500E+03 -8.853532E-02
  4.378000E+03 -4.730075E-02
  4.378500E+03  2.224689E-03
  4.379000E+03  5.907317E-02
  4.379500E+03  1.220238E-01
  4.380000E+03  1.896404E-01
  4.380500E+03  2.603154E-01
  4.381000E+03  3.323177E-01
  4.381500E+03  4.038443E-01
  4.382000E+03  4.730730E-01
  4.382500E+03  5.382150E-01
  4.383000E+03  5.975662E-01
  4.383500E+03  6.495559E-01
  4.384000E+03  6.927899E-01
  4.384500E+03  7.260894E-01
  4.385000E+03  7.485228E-01
  4.385500E+03  7.594292E-01
  4.386000E+03  7.584357E-01
  4.386500E+03  7.454641E-01
  4.387000E+03  7.207309E-01
  4.387500E+03  6.847377E-01
  4.388000E+03  6.382543E-01
  4.388500E+03  5.822935E-01
  4.389000E+03  5.180803E-01
  4.389500E+03  4.470144E-01
  4.390000E+03  3.706292E-01
  4.390500E+03  2.905466E-01
  4.391000E+03  2.084306E-01
  4.391500E+03  1.259404E-01
  4.392000E+03  4.468393E-02
  4.392500E+03 -3.382604E-02
  4.393000E+03 -1.082121E-01
  4.393500E+03 -1.772681E-01
  4.394000E+03 -2.399887E-01
  4.394500E+03 -2.955931E-01
  4.395000E+03 -3.435408E-01
  4.395500E+03 -3.835404E-01
  4.396000E+03 -4.155499E-01
  4.396500E+03 -4.397698E-01
  4.397000E+03 -4.566280E-01
  4.397500E+03 -4.667585E-01
  4.398000E+03 -4.709728E-01
  4.398500E+03 -4.702263E-01
  4.399000E+03 -4.655807E-01
  4.399500E+03 -4.581623E-01
  4.400000E+03 -4.491188E-01
  4.400500E+03 -4.395760E-01
  4.401000E+03 -4.305938E-01
  4.401500E+03 -4.231259E-01
  4.402000E+03 -4.179821E-01
  4.402500E+03 -4.157948E-01
  4.403000E+03 -4.169921E-01
  4.403500E+03 -4.217764E-01
  4.404000E+03 -4.301112E-01
  4.404500E+03 -4.417151E-01
  4.405000E+03 -4.560642E-01
  4.405500E+03 -4.724019E-01
  4.406000E+03 -4.897582E-01
  4.406500E+03 -5.069748E-01
  4.407000E+03 -5.227380E-01
  4.407500E+03 -5.356183E-01
  4.408000E+03 -5.441133E-01
  4.408500E+03 -5.466965E-01
  4.409000E+03 -5.418673E-01
  4.409500E+03 -5.282027E-01
  4.410000E+03 -5.044086E-01
  4.410500E+03 -4.693694E-01
  4.411000E+03 -4.221946E-01
  4.411500E+03 -3.622605E-01
  4.412000E+03 -2.892459E-01
  4.412500E+03 -2.031615E-01
  4.413000E+03 -1.043707E-01
  4.413500E+03  6.398172E-03
  4.414000E+03  1.280493E-01
  4.414500E+03  2.591256E-01
  4.415000E+03  3.978260E-01
  4.415500E+03  5.420309E-01
  4.416000E+03  6.893377E-01
  4.416500E+03  8.371050E-01
  4.417000E+03  9.825033E-01
  4.417500E+03  1.122573E+00
  4.418000E+03  1.254289E+00
  4.418500E+03  1.374626E+00
  4.419000E+03  1.480626E+00
  4.419500E+03  1.569473E+00
  4.420000E+03  1.638558E+00
  4.420500E+03  1.685547E+00
  4.421000E+03  1.708441E+00
  4.421500E+03  1.705631E+00
  4.422000E+03  1.675953E+00
  4.422500E+03  1.618718E+00
  4.423000E+03  1.533751E+00
  4.423500E+03  1.421407E+00
  4.424000E+03  1.282578E+00
  4.424500E+03  1.118694E+00
  4.425000E+03  9.317059E-01
  4.425500E+03  7.240593E-01
  4.426000E+03  4.986582E-01
  4.426500E+03  2.588172E-01
  4.427000E+03  8.203550E-03
  4.427500E+03 -2.492275E-01
  4.428000E+03 -5.093058E-01
  4.428500E+03 -7.677245E-01
  4.429000E+03 -1.020122E+00
  4.429500E+03 -1.262166E+00
  4.430000E+03 -1.489638E+00
  4.430500E+03 -1.698517E+00
  4.431000E+03 -1.885060E+00
  4.431500E+03 -2.045876E+00
  4.432000E+03 -2.177993E+00
  4.432500E+03 -2.278924E+00
  4.433000E+03 -2.346711E+00
  4.433500E+03 -2.379971E+00
  4.434000E+03 -2.377923E+00
  4.434500E+03 -2.340408E+00
  4.435000E+03 -2.267889E+00
  4.435500E+03 -2.161451E+00
  4.436000E+03 -2.022774E+00
  4.436500E+03 -1.854108E+00
  4.437000E+03 -1.658225E+00
  4.437500E+03 -1.438369E+00
  4.438000E+03 -1.198196E+00
  4.438500E+03 -9.416972E-01
  4.439000E+03 -6.731295E-01
  4.439500E+03 -3.969305E-01
  4.440000E+03 -1.176352E-01
  4.440500E+03  1.602096E-01
  4.441000E+03  4.321308E-01
  4.441500E+03  6.938120E-01
  4.442000E+03  9.411731E-01
  4.442500E+03  1.170444E+00
  4.443000E+03  1.378230E+00
  4.443500E+03  1.561575E+00
  4.444000E+03  1.718006E+00
  4.444500E+03  1.845575E+00
  4.445000E+03  1.942886E+00
  4.445500E+03  2.009113E+00
  4.446000E+03  2.044007E+00
  4.446500E+03  2.047883E+00
  4.447000E+03  2.021612E+00
  4.447500E+03  1.966584E+00
  4.448000E+03  1.884675E+00
  4.448500E+03  1.778198E+00
  4.449000E+03  1.649847E+00
  4.449500E+03  1.502636E+00
  4.450000E+03  1.339830E+00
  4.450500E+03  1.164876E+00
  4.451000E+03  9.813285E-01
  4.451500E+03  7.927736E-01
  4.452000E+03  6.027588E-01
  4.452500E+03  4.147203E-01
  4.453000E+03  2.319170E-01
  4.453500E+03  5.736837E-02
  4.454000E+03 -1.062001E-01
  4.454500E+03 -2.564050E-01
  4.455000E+03 -3.912438E-01
  4.455500E+03 -5.091249E-01
  4.456000E+03 -6.088880E-01
  4.456500E+03 -6.898146E-01
  4.457000E+03 -7.516287E-01
  4.457500E+03 -7.944876E-01
  4.458000E+03 -8.189632E-01
  4.458500E+03 -8.260147E-01
  4.459000E+03 -8.169538E-01
  4.459500E+03 -7.934013E-01
  4.460000E+03 -7.572398E-01
  4.460500E+03 -7.105596E-01
  4.461000E+03 -6.556025E-01
  4.461500E+03 -5.947030E-01
  4.462000E+03 -5.302281E-01
  4.462500E+03 -4.645188E-01
  4.463000E+03 -3.998329E-01
  4.463500E+03 -3.382908E-01
  4.464000E+03 -2.818264E-01
  4.464500E+03 -2.321428E-01
  4.465000E+03 -1.906753E-01
  4.465500E+03 -1.585603E-01
  4.466000E+03 -1.366137E-01
  4.466500E+03 -1.253157E-01
  4.467000E+03 -1.248057E-01
  4.467500E+03 -1.348845E-01
  4.468000E+03 -1.550256E-01
  4.468500E+03 -1.843935E-01
  4.469000E+03 -2.218705E-01
  4.469500E+03 -2.660893E-01
  4.470000E+03 -3.154714E-01
  4.470500E+03 -3.682711E-01
  4.471000E+03 -4.226222E-01
  4.471500E+03 -4.765880E-01
  4.472000E+03 -5.282118E-01
  4.472500E+03 -5.755683E-01
  4.473000E+03 -6.168134E-01
  4.473500E+03 -6.502314E-01
  4.474000E+03 -6.742791E-01
  4.474500E+03 -6.876253E-01
  4.475000E+03 -6.891846E-01
  4.475500E+03 -6.781451E-01
  4.476000E+03 -6.539894E-01
  4.476500E+03 -6.165081E-01
  4.477000E+03 -5.658059E-01
  4.477500E+03 -5.022997E-01
  4.478000E+03 -4.267096E-01
  4.478500E+03 -3.400425E-01
  4.479000E+03 -2.435685E-01
  4.479500E+03 -1.387920E-01
  4.480000E+03 -2.741618E-02
  4.480500E+03  8.869584E-02
  4.481000E+03  2.075641E-01
  4.481500E+03  3.271372E-01
  4.482000E+03  4.453386E-01
  4.482500E+03  5.601137E-01
  4.483000E+03  6.694752E-01
  4.483500E+03  7.715473E-01
  4.484000E+03  8.646056E-01
  4.484500E+03  9.471138E-01
  4.485000E+03  1.017755E+00
  4.485500E+03  1.075457E+00
  4.486000E+03  1.119413E+00
  4.486500E+03  1.149092E+00
  4.487000E+03  1.164247E+00
  4.487500E+03  1.164915E+00
  4.488000E+03  1.151403E+00
  4.488500E+03  1.124283E+00
  4.489000E+03  1.084363E+00
  4.489500E+03  1.032667E+00
  4.490000E+03  9.704034E-01
  4.490500E+03  8.989281E-01
  4.491000E+03  8.197114E-01
  4.491500E+03  7.342971E-01
  4.492000E+03  6.442636E-01
  4.492500E+03  5.511849E-01
  4.493000E+03  4.565926E-01
  4.493500E+03  3.619409E-01
  4.494000E+03  2.685740E-01
  4.494500E+03  1.776988E-01
  4.495000E+03  9.036114E-02
  4.495500E+03  7.428313E-03
  4.496000E+03 -7.042310E-02
  4.496500E+03 -1.427133E-01
  4.497000E+03 -2.091592E-01
  4.497500E+03 -2.696688E-01
  4.498000E+03 -3.243294E-01
  4.498500E+03 -3.733910E-01
  4.499000E+03 -4.172448E-01
  4.499500E+03 -4.563982E-01
  4.500000E+03 -4.914461E-01
  4.500500E+03 -5.230409E-01
  4.501000E+03 -5.518606E-01
  4.501500E+03 -5.785768E-01
  4.502000E+03 -6.038239E-01
  4.502500E+03 -6.281701E-01
  4.503000E+03 -6.520903E-01
  4.503500E+03 -6.759437E-01
  4.504000E+03 -6.999551E-01
  4.504500E+03 -7.242008E-01
  4.505000E+03 -7.486006E-01
  4.505500E+03 -7.729145E-01
  4.506000E+03 -7.967463E-01
  4.506500E+03 -8.195519E-01
  4.507000E+03 -8.406534E-01
  4.507500E+03 -8.592586E-01
  4.508000E+03 -8.744848E-01
  4.508500E+03 -8.853860E-01
  4.509000E+03 -8.909843E-01
  4.509500E+03 -8.903021E-01
  4.510000E+03 -8.823967E-01
  4.510500E+03 -8.663936E-01
  4.511000E+03 -8.415204E-01
  4.511500E+03 -8.071378E-01
  4.512000E+03 -7.627677E-01
  4.512500E+03 -7.081179E-01
  4.513000E+03 -6.431019E-01
  4.513500E+03 -5.678534E-01
  4.514000E+03 -4.827353E-01
  4.514500E+03 -3.883419E-01
  4.515000E+03 -2.854955E-01
  4.515500E+03 -1.752358E-01
  4.516000E+03 -5.880424E-02
  4.516500E+03  6.237873E-02
  4.517000E+03  1.867405E-01
  4.517500E+03  3.125886E-01
  4.518000E+03  4.381459E-01
  4.518500E+03  5.615892E-01
  4.519000E+03  6.810894E-01
  4.519500E+03  7.948521E-01
  4.520000E+03  9.011578E-01
  4.520500E+03  9.984008E-01
  4.521000E+03  1.085125E+00
  4.521500E+03  1.160055E+00
  4.522000E+03  1.222126E+00
  4.522500E+03  1.270505E+00
  4.523000E+03  1.304607E+00
  4.523500E+03  1.324104E+00
  4.524000E+03  1.328929E+00
  4.524500E+03  1.319274E+00
  4.525000E+03  1.295576E+00
  4.525500E+03  1.258505E+00
  4.526000E+03  1.208939E+00
  4.526500E+03  1.147934E+00
  4.527000E+03  1.076699E+00
  4.527500E+03  9.965556E-01
  4.528000E+03  9.089021E-01
  4.528500E+03  8.151764E-01
  4.529000E+03  7.168169E-01
  4.529500E+03  6.152260E-01
  4.530000E+03  5.117352E-01
  4.530500E+03  4.075745E-01
  4.531000E+03  3.038457E-01
  4.531500E+03  2.015014E-01
  4.532000E+03  1.013289E-01
  4.532500E+03  3.941894E-03
  4.533000E+03 -9.022244E-02
  4.533500E+03 -1.808989E-01
  4.534000E+03 -2.679833E-01
  4.534500E+03 -3.515160E-01
  4.535000E+03 -4.316589E-01
  4.535500E+03 -5.086683E-01
  4.536000E+03 -5.828639E-01
  4.536500E+03 -6.545945E-01
  4.537000E+03 -7.242031E-01
  4.537500E+03 -7.919910E-01
  4.538000E+03 -8.581830E-01
  4.538500E+03 -9.228951E-01
  4.539000E+03 -9.861062E-01
  4.539500E+03 -1.047634E+00
  4.540000E+03 -1.107116E+00
  4.540500E+03 -1.164001E+00
  4.541000E+03 -1.217540E+00
  4.541500E+03 -1.266798E+00
  4.542000E+03 -1.310657E+00
  4.542500E+03 -1.347843E+00
  4.543000E+03 -1.376951E+00
  4.543500E+03 -1.396483E+00
  4.544000E+03 -1.404884E+00
  4.544500E+03 -1.400597E+00
  4.545000E+03 -1.382108E+00
  4.545500E+03 -1.348004E+00
  4.546000E+03 -1.297028E+00
  4.546500E+03 -1.228133E+00
  4.547000E+03 -1.140538E+00
  4.547500E+03 -1.033772E+00
  4.548000E+03 -9.077254E-01
  4.548500E+03 -7.626801E-01
  4.549000E+03 -5.993421E-01
  4.549500E+03 -4.188584E-01
  4.550000E+03 -2.228259E-01
  4.550500E+03 -1.328754E-02
  4.551000E+03  2.072831E-01
  4.551500E+03  4.360089E-01
  4.552000E+03  6.696490E-01
  4.552500E+03  9.046487E-01
  4.553000E+03  1.137202E+00
  4.553500E+03  1.363320E+00
  4.554000E+03  1.578912E+00
  4.554500E+03  1.779868E+00
  4.555000E+03  1.962149E+00
  4.555500E+03  2.121878E+00
  4.556000E+03  2.255432E+00
  4.556500E+03  2.359528E+00
  4.557000E+03  2.431310E+00
  4.557500E+03  2.468427E+00
  4.558000E+03  2.469100E+00
  4.558500E+03  2.432181E+00
  4.559000E+03  2.357198E+00
  4.559500E+03  2.244385E+00
  4.560000E+03  2.094701E+00
  4.560500E+03  1.909829E+00
  4.561000E+03  1.692158E+00
  4.561500E+03  1.444756E+00
  4.562000E+03  1.171318E+00
  4.562500E+03  8.761047E-01
  4.563000E+03  5.638651E-01
  4.563500E+03  2.397491E-01
  4.564000E+03 -9.079245E-02
  4.564500E+03 -4.221153E-01
  4.565000E+03 -7.484944E-01
  4.565500E+03 -1.064241E+00
  4.566000E+03 -1.363817E+00
  4.566500E+03 -1.641955E+00
  4.567000E+03 -1.893763E+00
  4.567500E+03 -2.114829E+00
  4.568000E+03 -2.301314E+00
  4.568500E+03 -2.450032E+00
  4.569000E+03 -2.558516E+00
  4.569500E+03 -2.625072E+00
  4.570000E+03 -2.648811E+00
  4.570500E+03 -2.629663E+00
  4.571000E+03 -2.568382E+00
  4.571500E+03 -2.466521E+00
  4.572000E+03 -2.326397E+00
  4.572500E+03 -2.151038E+00
  4.573000E+03 -1.944113E+00
  4.573500E+03 -1.709849E+00
  4.574000E+03 -1.452937E+00
  4.574500E+03 -1.178430E+00
  4.575000E+03 -8.916275E-01
  4.575500E+03 -5.979647E-01
  4.576000E+03 -3.028935E-01
  4.576500E+03 -1.176730E-02
  4.577000E+03  2.702705E-01
  4.577500E+03  5.383922E-01
  4.578000E+03  7.881818E-01
  4.578500E+03  1.015721E+00
  4.579000E+03  1.217661E+00
  4.579500E+03  1.391280E+00
  4.580000E+03  1.534528E+00
  4.580500E+03  1.646049E+00
  4.581000E+03  1.725195E+00
  4.581500E+03  1.772014E+00
  4.582000E+03  1.787229E+00
  4.582500E+03  1.772198E+00
  4.583000E+03  1.728862E+00
  4.583500E+03  1.659680E+00
  4.584000E+03  1.567551E+00
  4.584500E+03  1.455733E+00
  4.585000E+03  1.327749E+00
  4.585500E+03  1.187294E+00
  4.586000E+03  1.038141E+00
  4.586500E+03  8.840445E-01
  4.587000E+03  7.286508E-01
  4.587500E+03  5.754119E-01
  4.588000E+03  4.275085E-01
  4.588500E+03  2.877820E-01
  4.589000E+03  1.586779E-01
  4.589500E+03  4.220094E-02
  4.590000E+03 -6.011620E-02
  4.590500E+03 -1.472311E-01
  4.591000E+03 -2.185957E-01
  4.591500E+03 -2.741473E-01
  4.592000E+03 -3.142870E-01
  4.592500E+03 -3.398454E-01
  4.593000E+03 -3.520391E-01
  4.593500E+03 -3.524166E-01
  4.594000E+03 -3.427981E-01
  4.594500E+03 -3.252090E-01
  4.595000E+03 -3.018100E-01
  4.595500E+03 -2.748259E-01
  4.596000E+03 -2.464743E-01
  4.596500E+03 -2.188979E-01
  4.597000E+03 -1.940992E-01
  4.597500E+03 -1.738832E-01
  4.598000E+03 -1.598062E-01
  4.598500E+03 -1.531334E-01
  4.599000E+03 -1.548067E-01
  4.599500E+03 -1.654224E-01
  4.600000E+03 -1.852190E-01
  4.600500E+03 -2.140772E-01
  4.601000E+03 -2.515286E-01
  4.601500E+03 -2.967759E-01
  4.602000E+03 -3.487211E-01
  4.602500E+03 -4.060024E-01
  4.603000E+03 -4.670378E-01
  4.603500E+03 -5.300748E-01
  4.604000E+03 -5.932425E-01
  4.604500E+03 -6.546080E-01
  4.605000E+03 -7.122325E-01
  4.605500E+03 -7.642262E-01
  4.606000E+03 -8.088019E-01
  4.606500E+03 -8.443241E-01
  4.607000E+03 -8.693530E-01
  4.607500E+03 -8.826826E-01
  4.608000E+03 -8.833714E-01
  4.608500E+03 -8.707658E-01
  4.609000E+03 -8.445147E-01
  4.609500E+03 -8.045760E-01
  4.610000E+03 -7.512152E-01
  4.610500E+03 -6.849949E-01
  4.611000E+03 -6.067579E-01
  4.611500E+03 -5.176027E-01
  4.612000E+03 -4.188536E-01
  4.612500E+03 -3.120255E-01
  4.613000E+03 -1.987849E-01
  4.613500E+03 -8.090882E-02
  4.614000E+03  3.975812E-02
  4.614500E+03  1.613465E-01
  4.615000E+03  2.820039E-01
  4.615500E+03  3.999343E-01
  4.616000E+03  5.134346E-01
  4.616500E+03  6.209270E-01
  4.617000E+03  7.209861E-01
  4.617500E+03  8.123614E-01
  4.618000E+03  8.939938E-01
  4.618500E+03  9.650261E-01
  4.619000E+03  1.024808E+00
  4.619500E+03  1.072895E+00
  4.620000E+03  1.109043E+00
  4.620500E+03  1.133197E+00
  4.621000E+03  1.145477E+00
  4.621500E+03  1.146157E+00
  4.622000E+03  1.135650E+00
  4.622500E+03  1.114481E+00
  4.623000E+03  1.083264E+00
  4.623500E+03  1.042681E+00
  4.624000E+03  9.934617E-01
  4.624500E+03  9.363573E-01
  4.625000E+03  8.721275E-01
  4.625500E+03  8.015233E-01
  4.626000E+03  7.252750E-01
  4.626500E+03  6.440836E-01
  4.627000E+03  5.586161E-01
  4.627500E+03  4.695031E-01
  4.628000E+03  3.773413E-01
  4.628500E+03  2.826977E-01
  4.629000E+03  1.861169E-01
  4.629500E+03  8.813048E-02
  4.630000E+03 -1.073277E-02
  4.630500E+03 -1.099355E-01
  4.631000E+03 -2.089207E-01
  4.631500E+03 -3.071013E-01
  4.632000E+03 -4.038510E-01
  4.632500E+03 -4.984978E-01
  4.633000E+03 -5.903189E-01
  4.633500E+03 -6.785404E-01
  4.634000E+03 -7.623385E-01
  4.634500E+03 -8.408458E-01
  4.635000E+03 -9.131602E-01
  4.635500E+03 -9.783581E-01
  4.636000E+03 -1.035510E+00
  4.636500E+03 -1.083702E+00
  4.637000E+03 -1.122052E+00
  4.637500E+03 -1.149740E+00
  4.638000E+03 -1.166027E+00
  4.638500E+03 -1.170284E+00
  4.639000E+03 -1.162014E+00
  4.639500E+03 -1.140873E+00
  4.640000E+03 -1.106698E+00
  4.640500E+03 -1.059517E+00
  4.641000E+03 -9.995668E-01
  4.641500E+03 -9.273023E-01
  4.642000E+03 -8.434010E-01
  4.642500E+03 -7.487624E-01
  4.643000E+03 -6.445010E-01
  4.643500E+03 -5.319353E-01
  4.644000E+03 -4.125692E-01
  4.644500E+03 -2.880692E-01
  4.645000E+03 -1.602365E-01
  4.645500E+03 -3.097423E-02
  4.646000E+03  9.774884E-02
  4.646500E+03  2.239372E-01
  4.647000E+03  3.456096E-01
  4.647500E+03  4.608412E-01
  4.648000E+03  5.678048E-01
  4.648500E+03  6.648116E-01
  4.649000E+03  7.503492E-01
  4.649500E+03  8.231156E-01
  4.650000E+03  8.820504E-01
  4.650500E+03  9.263589E-01
  4.651000E+03  9.555313E-01
  4.651500E+03  9.693555E-01
  4.652000E+03  9.679221E-01
  4.652500E+03  9.516231E-01
  4.653000E+03  9.211427E-01
  4.653500E+03  8.774415E-01
  4.654000E+03  8.217338E-01
  4.654500E+03  7.554591E-01
  4.655000E+03  6.802475E-01
  4.655500E+03  5.978812E-01
  4.656000E+03  5.102520E-01
  4.656500E+03  4.193169E-01
  4.657000E+03  3.270511E-01
  4.657500E+03  2.354027E-01
  4.658000E+03  1.462467E-01
  4.658500E+03  6.134242E-02
  4.659000E+03 -1.770622E-02
  4.659500E+03 -8.948588E-02
  4.660000E+03 -1.528038E-01
  4.660500E+03 -2.067119E-01
  4.661000E+03 -2.505238E-01
  4.661500E+03 -2.838253E-01
  4.662000E+03 -3.064776E-01
  4.662500E+03 -3.186132E-01
  4.663000E+03 -3.206246E-01
  4.663500E+03 -3.131467E-01
  4.664000E+03 -2.970331E-01
  4.664500E+03 -2.733266E-01
  4.665000E+03 -2.432259E-01
  4.665500E+03 -2.080485E-01
  4.666000E+03 -1.691912E-01
  4.666500E+03 -1.280894E-01
  4.667000E+03 -8.617608E-02
  4.667500E+03 -4.484253E-02
  4.668000E+03 -5.400374E-03
  4.668500E+03  3.095266E-02
  4.669000E+03  6.316302E-02
  4.669500E+03  9.034662E-02
  4.670000E+03  1.118087E-01
  4.670500E+03  1.270573E-01
  4.671000E+03  1.358110E-01
  4.671500E+03  1.379996E-01
  4.672000E+03  1.337586E-01
  4.672500E+03  1.234180E-01
  4.673000E+03  1.074850E-01
  4.673500E+03  8.662183E-02
  4.674000E+03  6.161940E-02
  4.674500E+03  3.336764E-02
  4.675000E+03  2.823305E-03
  4.675500E+03 -2.902351E-02
  4.676000E+03 -6.118309E-02
  4.676500E+03 -9.269911E-02
  4.677000E+03 -1.226797E-01
  4.677500E+03 -1.503260E-01
  4.678000E+03 -1.749565E-01
  4.678500E+03 -1.960275E-01
  4.679000E+03 -2.131484E-01
  4.679500E+03 -2.260910E-01
  4.680000E+03 -2.347939E-01
  4.680500E+03 -2.393601E-01
  4.681000E+03 -2.400495E-01
  4.681500E+03 -2.372654E-01
  4.682000E+03 -2.315364E-01
  4.682500E+03 -2.234936E-01
  4.683000E+03 -2.138437E-01
  4.683500E+03 -2.033400E-01
  4.684000E+03 -1.927512E-01
  4.684500E+03 -1.828293E-01
  4.685000E+03 -1.742776E-01
  4.685500E+03 -1.677208E-01
  4.686000E+03 -1.636759E-01
  4.686500E+03 -1.625284E-01
  4.687000E+03 -1.645110E-01
  4.687500E+03 -1.696883E-01
  4.688000E+03 -1.779464E-01
  4.688500E+03 -1.889893E-01
  4.689000E+03 -2.023406E-01
  4.689500E+03 -2.173527E-01
  4.690000E+03 -2.332214E-01
  4.690500E+03 -2.490067E-01
  4.691000E+03 -2.636595E-01
  4.691500E+03 -2.760524E-01
  4.692000E+03 -2.850149E-01
  4.692500E+03 -2.893715E-01
  4.693000E+03 -2.879820E-01
  4.693500E+03 -2.797816E-01
  4.694000E+03 -2.638221E-01
  4.694500E+03 -2.393099E-01
  4.695000E+03 -2.056420E-01
  4.695500E+03 -1.624383E-01
  4.696000E+03 -1.095676E-01
  4.696500E+03 -4.716883E-02
  4.697000E+03  2.433524E-02
  4.697500E+03  1.042313E-01
  4.698000E+03  1.915169E-01
  4.698500E+03  2.849101E-01
  4.699000E+03  3.828666E-01
  4.699500E+03  4.836053E-01
  4.700000E+03  5.851412E-01
  4.700500E+03  6.853251E-01
  4.701000E+03  7.818890E-01
  4.701500E+03  8.724969E-01
  4.702000E+03  9.547990E-01
  4.702500E+03  1.026489E+00
  4.703000E+03  1.085362E+00
  4.703500E+03  1.129371E+00
  4.704000E+03  1.156686E+00
  4.704500E+03  1.165743E+00
  4.705000E+03  1.155294E+00
  4.705500E+03  1.124452E+00
  4.706000E+03  1.072719E+00
  4.706500E+03  1.000019E+00
  4.707000E+03  9.067160E-01
  4.707500E+03  7.936180E-01
  4.708000E+03  6.619789E-01
  4.708500E+03  5.134854E-01
  4.709000E+03  3.502348E-01
  4.709500E+03  1.747035E-01
  4.710000E+03 -1.029511E-02
  4.710500E+03 -2.016599E-01
  4.711000E+03 -3.960598E-01
  4.711500E+03 -5.899978E-01
  4.712000E+03 -7.798793E-01
  4.712500E+03 -9.620855E-01
  4.713000E+03 -1.133047E+00
  4.713500E+03 -1.289321E+00
  4.714000E+03 -1.427660E+00
  4.714500E+03 -1.545089E+00
  4.715000E+03 -1.638966E+00
  4.715500E+03 -1.707047E+00
  4.716000E+03 -1.747532E+00
  4.716500E+03 -1.759119E+00
  4.717000E+03 -1.741028E+00
  4.717500E+03 -1.693031E+00
  4.718000E+03 -1.615463E+00
  4.718500E+03 -1.509224E+00
  4.719000E+03 -1.375766E+00
  4.719500E+03 -1.217074E+00
  4.720000E+03 -1.035632E+00
  4.720500E+03 -8.343783E-01
  4.721000E+03 -6.166541E-01
  4.721500E+03 -3.861414E-01
  4.722000E+03 -1.467944E-01
  4.722500E+03  9.723535E-02
  4.723000E+03  3.416773E-01
  4.723500E+03  5.822240E-01
  4.724000E+03  8.146126E-01
  4.724500E+03  1.034708E+00
  4.725000E+03  1.238579E+00
  4.725500E+03  1.422578E+00
  4.726000E+03  1.583407E+00
  4.726500E+03  1.718182E+00
  4.727000E+03  1.824485E+00
  4.727500E+03  1.900412E+00
  4.728000E+03  1.944606E+00
  4.728500E+03  1.956281E+00
  4.729000E+03  1.935236E+00
  4.729500E+03  1.881853E+00
  4.730000E+03  1.797092E+00
  4.730500E+03  1.682463E+00
  4.731000E+03  1.540001E+00
  4.731500E+03  1.372219E+00
  4.732000E+03  1.182060E+00
  4.732500E+03  9.728392E-01
  4.733000E+03  7.481767E-01
  4.733500E+03  5.119295E-01
  4.734000E+03  2.681174E-01
  4.734500E+03  2.084717E-02
  4.735000E+03 -2.257640E-01
  4.735500E+03 -4.676633E-01
  4.736000E+03 -7.009357E-01
  4.736500E+03 -9.218726E-01
  4.737000E+03 -1.127035E+00
  4.737500E+03 -1.313313E+00
  4.738000E+03 -1.477972E+00
  4.738500E+03 -1.618698E+00
  4.739000E+03 -1.733628E+00
  4.739500E+03 -1.821372E+00
  4.740000E+03 -1.881031E+00
  4.740500E+03 -1.912194E+00
  4.741000E+03 -1.914939E+00
  4.741500E+03 -1.889811E+00
  4.742000E+03 -1.837802E+00
  4.742500E+03 -1.760321E+00
  4.743000E+03 -1.659147E+00
  4.743500E+03 -1.536394E+00
  4.744000E+03 -1.394452E+00
  4.744500E+03 -1.235937E+00
  4.745000E+03 -1.063637E+00
  4.745500E+03 -8.804479E-01
  4.746000E+03 -6.893216E-01
  4.746500E+03 -4.932067E-01
  4.747000E+03 -2.949955E-01
  4.747500E+03 -9.747351E-02
  4.748000E+03  9.672633E-02
  4.748500E+03  2.851639E-01
  4.749000E+03  4.656259E-01
  4.749500E+03  6.361537E-01
  4.750000E+03  7.950635E-01
  4.750500E+03  9.409596E-01
  4.751000E+03  1.072740E+00
  4.751500E+03  1.189596E+00
  4.752000E+03  1.291002E+00
  4.752500E+03  1.376704E+00
  4.753000E+03  1.446699E+00
  4.753500E+03  1.501208E+00
  4.754000E+03  1.540647E+00
  4.754500E+03  1.565599E+00
  4.755000E+03  1.576776E+00
  4.755500E+03  1.574985E+00
  4.756000E+03  1.561092E+00
  4.756500E+03  1.535991E+00
  4.757000E+03  1.500566E+00
  4.757500E+03  1.455670E+00
  4.758000E+03  1.402091E+00
  4.758500E+03  1.340537E+00
  4.759000E+03  1.271619E+00
  4.759500E+03  1.195840E+00
  4.760000E+03  1.113588E+00
  4.760500E+03  1.025140E+00
  4.761000E+03  9.306700E-01
  4.761500E+03  8.302558E-01
  4.762000E+03  7.239010E-01
  4.762500E+03  6.115547E-01
  4.763000E+03  4.931374E-01
  4.763500E+03  3.685690E-01
  4.764000E+03  2.377997E-01
  4.764500E+03  1.008413E-01
  4.765000E+03 -4.220149E-02
  4.765500E+03 -1.911003E-01
  4.766000E+03 -3.454750E-01
  4.766500E+03 -5.047686E-01
  4.767000E+03 -6.682261E-01
  4.767500E+03 -8.348789E-01
  4.768000E+03 -1.003534E+00
  4.768500E+03 -1.172770E+00
  4.769000E+03 -1.340942E+00
  4.769500E+03 -1.506189E+00
  4.770000E+03 -1.666454E+00
  4.770500E+03 -1.819505E+00
  4.771000E+03 -1.962972E+00
  4.771500E+03 -2.094381E+00
  4.772000E+03 -2.211197E+00
  4.772500E+03 -2.310878E+00
  4.773000E+03 -2.390923E+00
  4.773500E+03 -2.448928E+00
  4.774000E+03 -2.482648E+00
  4.774500E+03 -2.490048E+00
  4.775000E+03 -2.469365E+00
  4.775500E+03 -2.419160E+00
  4.776000E+03 -2.338369E+00
  4.776500E+03 -2.226348E+00
  4.777000E+03 -2.082912E+00
  4.777500E+03 -1.908366E+00
  4.778000E+03 -1.703528E+00
  4.778500E+03 -1.469741E+00
  4.779000E+03 -1.208879E+00
  4.779500E+03 -9.233370E-01
  4.780000E+03 -6.160136E-01
  4.780500E+03 -2.902820E-01
  4.781000E+03  5.004926E-02
  4.781500E+03  4.007858E-01
  4.782000E+03  7.574060E-01
  4.782500E+03  1.115128E+00
  4.783000E+03  1.468986E+00
  4.783500E+03  1.813904E+00
  4.784000E+03  2.144788E+00
  4.784500E+03  2.456608E+00
  4.785000E+03  2.744489E+00
  4.785500E+03  3.003794E+00
  4.786000E+03  3.230213E+00
  4.786500E+03  3.419844E+00
  4.787000E+03  3.569264E+00
  4.787500E+03  3.675597E+00
  4.788000E+03  3.736575E+00
  4.788500E+03  3.750585E+00
  4.789000E+03  3.716704E+00
  4.789500E+03  3.634725E+00
  4.790000E+03  3.505168E+00
  4.790500E+03  3.329283E+00
  4.791000E+03  3.109029E+00
  4.791500E+03  2.847055E+00
  4.792000E+03  2.546653E+00
  4.792500E+03  2.211715E+00
  4.793000E+03  1.846664E+00
  4.793500E+03  1.456387E+00
  4.794000E+03  1.046157E+00
  4.794500E+03  6.215426E-01
  4.795000E+03  1.883218E-01
  4.795500E+03 -2.476136E-01
  4.796000E+03 -6.803531E-01
  4.796500E+03 -1.104061E+00
  4.797000E+03 -1.513071E+00
  4.797500E+03 -1.901970E+00
  4.798000E+03 -2.265684E+00
  4.798500E+03 -2.599556E+00
  4.799000E+03 -2.899404E+00
  4.799500E+03 -3.161588E+00
  4.800000E+03 -3.383053E+00
  4.800500E+03 -3.561362E+00
  4.801000E+03 -3.694726E+00
  4.801500E+03 -3.782014E+00
  4.802000E+03 -3.822753E+00
  4.802500E+03 -3.817122E+00
  4.803000E+03 -3.765926E+00
  4.803500E+03 -3.670571E+00
  4.804000E+03 -3.533022E+00
  4.804500E+03 -3.355756E+00
  4.805000E+03 -3.141710E+00
  4.805500E+03 -2.894218E+00
  4.806000E+03 -2.616953E+00
  4.806500E+03 -2.313860E+00
  4.807000E+03 -1.989090E+00
  4.807500E+03 -1.646930E+00
  4.808000E+03 -1.291746E+00
  4.808500E+03 -9.279143E-01
  4.809000E+03 -5.597682E-01
  4.809500E+03 -1.915410E-01
  4.810000E+03  1.726805E-01
  4.810500E+03  5.289989E-01
  4.811000E+03  8.737428E-01
  4.811500E+03  1.203497E+00
  4.812000E+03  1.515124E+00
  4.812500E+03  1.805788E+00
  4.813000E+03  2.072959E+00
  4.813500E+03  2.314425E+00
  4.814000E+03  2.528291E+00
  4.814500E+03  2.712982E+00
  4.815000E+03  2.867230E+00
  4.815500E+03  2.990073E+00
  4.816000E+03  3.080842E+00
  4.816500E+03  3.139153E+00
  4.817000E+03  3.164892E+00
  4.817500E+03  3.158205E+00
  4.818000E+03  3.119493E+00
  4.818500E+03  3.049393E+00
  4.819000E+03  2.948779E+00
  4.819500E+03  2.818749E+00
  4.820000E+03  2.660621E+00
  4.820500E+03  2.475930E+00
  4.821000E+03  2.266423E+00
  4.821500E+03  2.034055E+00
  4.822000E+03  1.780988E+00
  4.822500E+03  1.509583E+00
  4.823000E+03  1.222400E+00
  4.823500E+03  9.221869E-01
  4.824000E+03  6.118700E-01
  4.824500E+03  2.945428E-01
  4.825000E+03 -2.655196E-02
  4.825500E+03 -3.480423E-01
  4.826000E+03 -6.664529E-01
  4.826500E+03 -9.782344E-01
  4.827000E+03 -1.279799E+00
  4.827500E+03 -1.567558E+00
  4.828000E+03 -1.837968E+00
  4.828500E+03 -2.087574E+00
  4.829000E+03 -2.313066E+00
  4.829500E+03 -2.511325E+00
  4.830000E+03 -2.679481E+00
  4.830500E+03 -2.814969E+00
  4.831000E+03 -2.915574E+00
  4.831500E+03 -2.979494E+00
  4.832000E+03 -3.005375E+00
  4.832500E+03 -2.992361E+00
  4.833000E+03 -2.940127E+00
  4.833500E+03 -2.848907E+00
  4.834000E+03 -2.719515E+00
  4.834500E+03 -2.553349E+00
  4.835000E+03 -2.352400E+00
  4.835500E+03 -2.119228E+00
  4.836000E+03 -1.856948E+00
  4.836500E+03 -1.569188E+00
  4.837000E+03 -1.260049E+00
  4.837500E+03 -9.340395E-01
  4.838000E+03 -5.960137E-01
  4.838500E+03 -2.510920E-01
  4.839000E+03  9.542286E-02
  4.839500E+03  4.381376E-01
  4.840000E+03  7.716634E-01
  4.840500E+03  1.090715E+00
  4.841000E+03  1.390207E+00
  4.841500E+03  1.665356E+00
  4.842000E+03  1.911770E+00
  4.842500E+03  2.125537E+00
  4.843000E+03  2.303305E+00
  4.843500E+03  2.442353E+00
  4.844000E+03  2.540650E+00
  4.844500E+03  2.596895E+00
  4.845000E+03  2.610555E+00
  4.845500E+03  2.581874E+00
  4.846000E+03  2.511878E+00
  4.846500E+03  2.402352E+00
  4.847000E+03  2.255813E+00
  4.847500E+03  2.075456E+00
  4.848000E+03  1.865092E+00
  4.848500E+03  1.629074E+00
  4.849000E+03  1.372204E+00
  4.849500E+03  1.099634E+00
  4.850000E+03  8.167609E-01
  4.850500E+03  5.291109E-01
  4.851000E+03  2.422258E-01
  4.851500E+03 -3.845481E-02
  4.852000E+03 -3.077080E-01
  4.852500E+03 -5.606367E-01
  4.853000E+03 -7.927723E-01
  4.853500E+03 -1.000167E+00
  4.854000E+03 -1.179475E+00
  4.854500E+03 -1.328019E+00
  4.855000E+03 -1.443842E+00
  4.855500E+03 -1.525739E+00
  4.856000E+03 -1.573282E+00
  4.856500E+03 -1.586811E+00
  4.857000E+03 -1.567420E+00
  4.857500E+03 -1.516920E+00
  4.858000E+03 -1.437786E+00
  4.858500E+03 -1.333093E+00
  4.859000E+03 -1.206426E+00
  4.859500E+03 -1.061796E+00
  4.860000E+03 -9.035310E-01
  4.860500E+03 -7.361703E-01
  4.861000E+03 -5.643481E-01
  4.861500E+03 -3.926794E-01
  4.862000E+03 -2.256464E-01
  4.862500E+03 -6.748804E-02
  4.863000E+03  7.790200E-02
  4.863500E+03  2.070691E-01
  4.864000E+03  3.170793E-01
  4.864500E+03  4.055871E-01
  4.865000E+03  4.708885E-01
  4.865500E+03  5.119569E-01
  4.866000E+03  5.284616E-01
  4.866500E+03  5.207687E-01
  4.867000E+03  4.899244E-01
  4.867500E+03  4.376202E-01
  4.868000E+03  3.661423E-01
  4.868500E+03  2.783063E-01
  4.869000E+03  1.773776E-01
  4.869500E+03  6.698106E-02
  4.870000E+03 -4.899791E-02
  4.870500E+03 -1.665194E-01
  4.871000E+03 -2.814983E-01
  4.871500E+03 -3.899145E-01
  4.872000E+03 -4.879211E-01
  4.872500E+03 -5.719482E-01
  4.873000E+03 -6.387994E-01
  4.873500E+03 -6.857376E-01
  4.874000E+03 -7.105605E-01
  4.874500E+03 -7.116607E-01
  4.875000E+03 -6.880713E-01
  4.875500E+03 -6.394949E-01
  4.876000E+03 -5.663155E-01
  4.876500E+03 -4.695926E-01
  4.877000E+03 -3.510387E-01
  4.877500E+03 -2.129796E-01
  4.878000E+03 -5.829937E-02
  4.878500E+03  1.096285E-01
  4.879000E+03  2.870232E-01
  4.879500E+03  4.697877E-01
  4.880000E+03  6.536091E-01
  4.880500E+03  8.340635E-01
  4.881000E+03  1.006724E+00
  4.881500E+03  1.167269E+00
  4.882000E+03  1.311586E+00
  4.882500E+03  1.435875E+00
  4.883000E+03  1.536739E+00
  4.883500E+03  1.611264E+00
  4.884000E+03  1.657096E+00
  4.884500E+03  1.672492E+00
  4.885000E+03  1.656367E+00
  4.885500E+03  1.608319E+00
  4.886000E+03  1.528638E+00
  4.886500E+03  1.418301E+00
  4.887000E+03  1.278952E+00
  4.887500E+03  1.112861E+00
  4.888000E+03  9.228764E-01
  4.888500E+03  7.123556E-01
  4.889000E+03  4.850934E-01
  4.889500E+03  2.452353E-01
  4.890000E+03 -2.813974E-03
  4.890500E+03 -2.544876E-01
  4.891000E+03 -5.051552E-01
  4.891500E+03 -7.502219E-01
  4.892000E+03 -9.852248E-01
  4.892500E+03 -1.205925E+00
  4.893000E+03 -1.408392E+00
  4.893500E+03 -1.589083E+00
  4.894000E+03 -1.744904E+00
  4.894500E+03 -1.873270E+00
  4.895000E+03 -1.972144E+00
  4.895500E+03 -2.040068E+00
  4.896000E+03 -2.076176E+00
  4.896500E+03 -2.080202E+00
  4.897000E+03 -2.052460E+00
  4.897500E+03 -1.993830E+00
  4.898000E+03 -1.905717E+00
  4.898500E+03 -1.790012E+00
  4.899000E+03 -1.649032E+00
  4.899500E+03 -1.485464E+00
  4.900000E+03 -1.302299E+00
  4.900500E+03 -1.102762E+00
  4.901000E+03 -8.902402E-01
  4.901500E+03 -6.682147E-01
  4.902000E+03 -4.401895E-01
  4.902500E+03 -2.096271E-01
  4.903000E+03  2.011237E-02
  4.903500E+03  2.458253E-01
  4.904000E+03  4.645124E-01
  4.904500E+03  6.734182E-01
  4.905000E+03  8.700622E-01
  4.905500E+03  1.052263E+00
  4.906000E+03  1.218150E+00
  4.906500E+03  1.366174E+00
  4.907000E+03  1.495102E+00
  4.907500E+03  1.604014E+00
  4.908000E+03  1.692282E+00
  4.908500E+03  1.759558E+00
  4.909000E+03  1.805748E+00
  4.909500E+03  1.830987E+00
  4.910000E+03  1.835613E+00
  4.910500E+03  1.820139E+00
  4.911000E+03  1.785225E+00
  4.911500E+03  1.731658E+00
  4.912000E+03  1.660325E+00
  4.912500E+03  1.572197E+00
  4.913000E+03  1.468312E+00
  4.913500E+03  1.349765E+00
  4.914000E+03  1.217701E+00
  4.914500E+03  1.073308E+00
  4.915000E+03  9.178222E-01
  4.915500E+03  7.525297E-01
  4.916000E+03  5.787707E-01
  4.916500E+03  3.979486E-01
  4.917000E+03  2.115375E-01
  4.917500E+03  2.109138E-02
  4.918000E+03 -1.717499E-01
  4.918500E+03 -3.652548E-01
  4.919000E+03 -5.575984E-01
  4.919500E+03 -7.468638E-01
  4.920000E+03 -9.310483E-01
  4.920500E+03 -1.108074E+00
  4.921000E+03 -1.275806E+00
  4.921500E+03 -1.432069E+00
  4.922000E+03 -1.574683E+00
  4.922500E+03 -1.701485E+00
  4.923000E+03 -1.810377E+00
  4.923500E+03 -1.899355E+00
  4.924000E+03 -1.966562E+00
  4.924500E+03 -2.010330E+00
  4.925000E+03 -2.029223E+00
  4.925500E+03 -2.022090E+00
  4.926000E+03 -1.988099E+00
  4.926500E+03 -1.926784E+00
  4.927000E+03 -1.838079E+00
  4.927500E+03 -1.722342E+00
  4.928000E+03 -1.580382E+00
  4.928500E+03 -1.413468E+00
  4.929000E+03 -1.223335E+00
  4.929500E+03 -1.012174E+00
  4.930000E+03 -7.826168E-01
  4.930500E+03 -5.377064E-01
  4.931000E+03 -2.808592E-01
  4.931500E+03 -1.581485E-02
  4.932000E+03  2.534213E-01
  4.932500E+03  5.226460E-01
  4.933000E+03  7.875319E-01
  4.933500E+03  1.043708E+00
  4.934000E+03  1.286842E+00
  4.934500E+03  1.512730E+00
  4.935000E+03  1.717380E+00
  4.935500E+03  1.897097E+00
  4.936000E+03  2.048564E+00
  4.936500E+03  2.168918E+00
  4.937000E+03  2.255815E+00
  4.937500E+03  2.307490E+00
  4.938000E+03  2.322802E+00
  4.938500E+03  2.301265E+00
  4.939000E+03  2.243076E+00
  4.939500E+03  2.149112E+00
  4.940000E+03  2.020928E+00
  4.940500E+03  1.860732E+00
  4.941000E+03  1.671343E+00
  4.941500E+03  1.456146E+00
  4.942000E+03  1.219022E+00
  4.942500E+03  9.642759E-01
  4.943000E+03  6.965467E-01
  4.943500E+03  4.207167E-01
  4.944000E+03  1.418106E-01
  4.944500E+03 -1.351082E-01
  4.945000E+03 -4.050424E-01
  4.945500E+03 -6.631644E-01
  4.946000E+03 -9.049166E-01
  4.946500E+03 -1.126106E+00
  4.947000E+03 -1.322991E+00
  4.947500E+03 -1.492358E+00
  4.948000E+03 -1.631586E+00
  4.948500E+03 -1.738696E+00
  4.949000E+03 -1.812392E+00
  4.949500E+03 -1.852081E+00
  4.950000E+03 -1.857878E+00
  4.950500E+03 -1.830596E+00
  4.951000E+03 -1.771721E+00
  4.951500E+03 -1.683372E+00
  4.952000E+03 -1.568247E+00
  4.952500E+03 -1.429552E+00
  4.953000E+03 -1.270929E+00
  4.953500E+03 -1.096361E+00
  4.954000E+03 -9.100853E-01
  4.954500E+03 -7.164898E-01
  4.955000E+03 -5.200127E-01
  4.955500E+03 -3.250410E-01
  4.956000E+03 -1.358116E-01
  4.956500E+03  4.368367E-02
  4.957000E+03  2.097855E-01
  4.957500E+03  3.592458E-01
  4.958000E+03  4.892965E-01
  4.958500E+03  5.977049E-01
  4.959000E+03  6.828175E-01
  4.959500E+03  7.435881E-01
  4.960000E+03  7.795922E-01
  4.960500E+03  7.910263E-01
  4.961000E+03  7.786925E-01
  4.961500E+03  7.439693E-01
  4.962000E+03  6.887686E-01
  4.962500E+03  6.154811E-01
  4.963000E+03  5.269114E-01
  4.963500E+03  4.262029E-01
  4.964000E+03  3.167573E-01
  4.964500E+03  2.021474E-01
  4.965000E+03  8.602829E-02
  4.965500E+03 -2.795360E-02
  4.966000E+03 -1.362491E-01
  4.966500E+03 -2.354921E-01
  4.967000E+03 -3.225803E-01
  4.967500E+03 -3.947481E-01
  4.968000E+03 -4.496317E-01
  4.968500E+03 -4.853235E-01
  4.969000E+03 -5.004155E-01
  4.969500E+03 -4.940310E-01
  4.970000E+03 -4.658428E-01
  4.970500E+03 -4.160797E-01
  4.971000E+03 -3.455193E-01
  4.971500E+03 -2.554687E-01
  4.972000E+03 -1.477334E-01
  4.972500E+03 -2.457499E-02
  4.973000E+03  1.113412E-01
  4.973500E+03  2.570064E-01
  4.974000E+03  4.091369E-01
  4.974500E+03  5.642470E-01
  4.975000E+03  7.187265E-01
  4.975500E+03  8.689202E-01
  4.976000E+03  1.011208E+00
  4.976500E+03  1.142082E+00
  4.977000E+03  1.258225E+00
  4.977500E+03  1.356578E+00
  4.978000E+03  1.434408E+00
  4.978500E+03  1.489363E+00
  4.979000E+03  1.519525E+00
  4.979500E+03  1.523446E+00
  4.980000E+03  1.500183E+00
  4.980500E+03  1.449315E+00
  4.981000E+03  1.370953E+00
  4.981500E+03  1.265739E+00
  4.982000E+03  1.134835E+00
  4.982500E+03  9.799012E-01
  4.983000E+03  8.030659E-01
  4.983500E+03  6.068847E-01
  4.984000E+03  3.942943E-01
  4.984500E+03  1.685582E-01
  4.985000E+03 -6.679282E-02
  4.985500E+03 -3.080244E-01
  4.986000E+03 -5.512656E-01
  4.986500E+03 -7.925782E-01
  4.987000E+03 -1.028025E+00
  4.987500E+03 -1.253741E+00
  4.988000E+03 -1.465997E+00
  4.988500E+03 -1.661264E+00
  4.989000E+03 -1.836278E+00
  4.989500E+03 -1.988085E+00
  4.990000E+03 -2.114100E+00
  4.990500E+03 -2.212143E+00
  4.991000E+03 -2.280473E+00
  4.991500E+03 -2.317819E+00
  4.992000E+03 -2.323399E+00
  4.992500E+03 -2.296928E+00
  4.993000E+03 -2.238621E+00
  4.993500E+03 -2.149189E+00
  4.994000E+03 -2.029826E+00
  4.994500E+03 -1.882186E+00
  4.995000E+03 -1.708354E+00
  4.995500E+03 -1.510813E+00
  4.996000E+03 -1.292402E+00
  4.996500E+03 -1.056267E+00
  4.997000E+03 -8.058161E-01
  4.997500E+03 -5.446569E-01
  4.998000E+03 -2.765446E-01
  4.998500E+03 -5.320467E-03
  4.999000E+03  2.651483E-01
  4.999500E+03  5.310287E-01
  5.000000E+03  7.885814E-01
