 Variables = "t (s)" "<greek>z</greek> (m)" 
  5.000000E-01  0.000000E+00
  1.000000E+00  4.519844E-04
  1.500000E+00  1.314452E-03
  2.000000E+00  1.803055E-03
  2.500000E+00  1.138768E-03
  3.000000E+00 -1.367177E-03
  3.500000E+00 -6.228412E-03
  4.000000E+00 -1.370635E-02
  4.500000E+00 -2.374924E-02
  5.000000E+00 -3.595551E-02
  5.500000E+00 -4.956824E-02
  6.000000E+00 -6.350541E-02
  6.500000E+00 -7.642767E-02
  7.000000E+00 -8.684121E-02
  7.500000E+00 -9.322993E-02
  8.000000E+00 -9.420654E-02
  8.500000E+00 -8.866945E-02
  9.000000E+00 -7.594993E-02
  9.500000E+00 -5.593308E-02
  1.000000E+01 -2.913757E-02
  1.050000E+01  3.258797E-03
  1.100000E+01  3.945550E-02
  1.150000E+01  7.713043E-02
  1.200000E+01  1.136012E-01
  1.250000E+01  1.460361E-01
  1.300000E+01  1.716965E-01
  1.350000E+01  1.881902E-01
  1.400000E+01  1.937090E-01
  1.450000E+01  1.872263E-01
  1.500000E+01  1.686307E-01
  1.550000E+01  1.387778E-01
  1.600000E+01  9.944927E-02
  1.650000E+01  5.321722E-02
  1.700000E+01  3.221812E-03
  1.750000E+01 -4.712014E-02
  1.800000E+01 -9.444935E-02
  1.850000E+01 -1.358087E-01
  1.900000E+01 -1.689627E-01
  1.950000E+01 -1.926568E-01
  2.000000E+01 -2.067853E-01
  2.050000E+01 -2.124444E-01
  2.100000E+01 -2.118590E-01
  2.150000E+01 -2.081808E-01
  2.200000E+01 -2.051727E-01
  2.250000E+01 -2.068043E-01
  2.300000E+01 -2.167947E-01
  2.350000E+01 -2.381457E-01
  2.400000E+01 -2.727127E-01
  2.450000E+01 -3.208582E-01
  2.500000E+01 -3.812275E-01
  2.550000E+01 -4.506754E-01
  2.600000E+01 -5.243592E-01
  2.650000E+01 -5.959993E-01
  2.700000E+01 -6.582902E-01
  2.750000E+01 -7.034317E-01
  2.800000E+01 -7.237368E-01
  2.850000E+01 -7.122663E-01
  2.900000E+01 -6.634324E-01
  2.950000E+01 -5.735208E-01
  3.000000E+01 -4.410833E-01
  3.050000E+01 -2.671653E-01
  3.100000E+01 -5.534967E-02
  3.150000E+01  1.883893E-01
  3.200000E+01  4.560067E-01
  3.250000E+01  7.378550E-01
  3.300000E+01  1.023258E+00
  3.350000E+01  1.301138E+00
  3.400000E+01  1.560652E+00
  3.450000E+01  1.791770E+00
  3.500000E+01  1.985764E+00
  3.550000E+01  2.135572E+00
  3.600000E+01  2.236011E+00
  3.650000E+01  2.283834E+00
  3.700000E+01  2.277656E+00
  3.750000E+01  2.217755E+00
  3.800000E+01  2.105795E+00
  3.850000E+01  1.944506E+00
  3.900000E+01  1.737374E+00
  3.950000E+01  1.488360E+00
  4.000000E+01  1.201707E+00
  4.050000E+01  8.818257E-01
  4.100000E+01  5.332942E-01
  4.150000E+01  1.609401E-01
  4.200000E+01 -2.300015E-01
  4.250000E+01 -6.336898E-01
  4.300000E+01 -1.043481E+00
  4.350000E+01 -1.451771E+00
  4.400000E+01 -1.849919E+00
  4.450000E+01 -2.228284E+00
  4.500000E+01 -2.576399E+00
  4.550000E+01 -2.883286E+00
  4.600000E+01 -3.137911E+00
  4.650000E+01 -3.329744E+00
  4.700000E+01 -3.449401E+00
  4.750000E+01 -3.489308E+00
  4.800000E+01 -3.444334E+00
  4.850000E+01 -3.312333E+00
  4.900000E+01 -3.094554E+00
  4.950000E+01 -2.795846E+00
  5.000000E+01 -2.424657E+00
  5.050000E+01 -1.992785E+00
  5.100000E+01 -1.515280E+00
  5.150000E+01 -1.008874E+00
  5.200000E+01 -4.909824E-01
  5.250000E+01  2.059332E-02
  5.300000E+01  5.085962E-01
  5.350000E+01  9.572432E-01
  5.400000E+01  1.353078E+00
  5.450000E+01  1.685690E+00
  5.500000E+01  1.948250E+00
  5.550000E+01  2.137826E+00
  5.600000E+01  2.255443E+00
  5.650000E+01  2.305903E+00
  5.700000E+01  2.297353E+00
  5.750000E+01  2.240643E+00
  5.800000E+01  2.148516E+00
  5.850000E+01  2.034678E+00
  5.900000E+01  1.912823E+00
  5.950000E+01  1.795667E+00
  6.000000E+01  1.694070E+00
  6.050000E+01  1.616289E+00
  6.100000E+01  1.567432E+00
  6.150000E+01  1.549131E+00
  6.200000E+01  1.559459E+00
  6.250000E+01  1.593102E+00
  6.300000E+01  1.641758E+00
  6.350000E+01  1.694733E+00
  6.400000E+01  1.739707E+00
  6.450000E+01  1.763588E+00
  6.500000E+01  1.753418E+00
  6.550000E+01  1.697252E+00
  6.600000E+01  1.584964E+00
  6.650000E+01  1.408925E+00
  6.700000E+01  1.164508E+00
  6.750000E+01  8.504023E-01
  6.800000E+01  4.687283E-01
  6.850000E+01  2.494447E-02
  6.900000E+01 -4.724193E-01
  6.950000E+01 -1.012179E+00
  7.000000E+01 -1.581023E+00
  7.050000E+01 -2.164099E+00
  7.100000E+01 -2.745625E+00
  7.150000E+01 -3.309465E+00
  7.200000E+01 -3.839656E+00
  7.250000E+01 -4.320840E+00
  7.300000E+01 -4.738602E+00
  7.350000E+01 -5.079705E+00
  7.400000E+01 -5.332241E+00
  7.450000E+01 -5.485710E+00
  7.500000E+01 -5.531065E+00
  7.550000E+01 -5.460754E+00
  7.600000E+01 -5.268791E+00
  7.650000E+01 -4.950881E+00
  7.700000E+01 -4.504624E+00
  7.750000E+01 -3.929805E+00
  7.800000E+01 -3.228761E+00
  7.850000E+01 -2.406805E+00
  7.900000E+01 -1.472678E+00
  7.950000E+01 -4.389761E-01
  8.000000E+01  6.775015E-01
  8.050000E+01  1.855535E+00
  8.100000E+01  3.069459E+00
  8.150000E+01  4.289385E+00
  8.200000E+01  5.481689E+00
  8.250000E+01  6.609809E+00
  8.300000E+01  7.635332E+00
  8.350000E+01  8.519354E+00
  8.400000E+01  9.224060E+00
  8.450000E+01  9.714467E+00
  8.500000E+01  9.960224E+00
  8.550000E+01  9.937381E+00
  8.600000E+01  9.630012E+00
  8.650000E+01  9.031589E+00
  8.700000E+01  8.145996E+00
  8.750000E+01  6.988110E+00
  8.800000E+01  5.583875E+00
  8.850000E+01  3.969831E+00
  8.900000E+01  2.192108E+00
  8.950000E+01  3.048810E-01
  9.000000E+01 -1.631617E+00
  9.050000E+01 -3.553474E+00
  9.100000E+01 -5.395727E+00
  9.150000E+01 -7.095125E+00
  9.200000E+01 -8.592882E+00
  9.250000E+01 -9.837263E+00
  9.300000E+01 -1.078588E+01
  9.350000E+01 -1.140756E+01
  9.400000E+01 -1.168371E+01
  9.450000E+01 -1.160904E+01
  9.500000E+01 -1.119171E+01
  9.550000E+01 -1.045278E+01
  9.600000E+01 -9.425088E+00
  9.650000E+01 -8.151546E+00
  9.700000E+01 -6.683013E+00
  9.750000E+01 -5.075825E+00
  9.800000E+01 -3.389123E+00
  9.850000E+01 -1.682139E+00
  9.900000E+01 -1.156991E-02
  9.950000E+01  1.570806E+00
  1.000000E+02  3.020164E+00
  1.005000E+02  4.300210E+00
  1.010000E+02  5.384226E+00
  1.015000E+02  6.255559E+00
  1.020000E+02  6.907533E+00
  1.025000E+02  7.342832E+00
  1.030000E+02  7.572393E+00
  1.035000E+02  7.613925E+00
  1.040000E+02  7.490148E+00
  1.045000E+02  7.226873E+00
  1.050000E+02  6.851077E+00
  1.055000E+02  6.389081E+00
  1.060000E+02  5.864956E+00
  1.065000E+02  5.299257E+00
  1.070000E+02  4.708170E+00
  1.075000E+02  4.103089E+00
  1.080000E+02  3.490662E+00
  1.085000E+02  2.873268E+00
  1.090000E+02  2.249873E+00
  1.095000E+02  1.617183E+00
  1.100000E+02  9.709814E-01
  1.105000E+02  3.075421E-01
  1.110000E+02 -3.750176E-01
  1.115000E+02 -1.075561E+00
  1.120000E+02 -1.789046E+00
  1.125000E+02 -2.506006E+00
  1.130000E+02 -3.212471E+00
  1.135000E+02 -3.890338E+00
  1.140000E+02 -4.518183E+00
  1.145000E+02 -5.072469E+00
  1.150000E+02 -5.529055E+00
  1.155000E+02 -5.864913E+00
  1.160000E+02 -6.059901E+00
  1.165000E+02 -6.098468E+00
  1.170000E+02 -5.971147E+00
  1.175000E+02 -5.675698E+00
  1.180000E+02 -5.217812E+00
  1.185000E+02 -4.611288E+00
  1.190000E+02 -3.877659E+00
  1.195000E+02 -3.045259E+00
  1.200000E+02 -2.147797E+00
  1.205000E+02 -1.222507E+00
  1.210000E+02 -3.080136E-01
  1.215000E+02  5.579483E-01
  1.220000E+02  1.340799E+00
  1.225000E+02  2.011199E+00
  1.230000E+02  2.546798E+00
  1.235000E+02  2.933526E+00
  1.240000E+02  3.166321E+00
  1.245000E+02  3.249251E+00
  1.250000E+02  3.194999E+00
  1.255000E+02  3.023774E+00
  1.260000E+02  2.761710E+00
  1.265000E+02  2.438880E+00
  1.270000E+02  2.087075E+00
  1.275000E+02  1.737509E+00
  1.280000E+02  1.418623E+00
  1.285000E+02  1.154151E+00
  1.290000E+02  9.615798E-01
  1.295000E+02  8.511240E-01
  1.300000E+02  8.252659E-01
  1.305000E+02  8.788957E-01
  1.310000E+02  1.000019E+00
  1.315000E+02  1.170967E+00
  1.320000E+02  1.369999E+00
  1.325000E+02  1.573161E+00
  1.330000E+02  1.756259E+00
  1.335000E+02  1.896772E+00
  1.340000E+02  1.975568E+00
  1.345000E+02  1.978293E+00
  1.350000E+02  1.896329E+00
  1.355000E+02  1.727265E+00
  1.360000E+02  1.474860E+00
  1.365000E+02  1.148521E+00
  1.370000E+02  7.623516E-01
  1.375000E+02  3.338828E-01
  1.380000E+02 -1.174163E-01
  1.385000E+02 -5.716978E-01
  1.390000E+02 -1.010239E+00
  1.395000E+02 -1.416766E+00
  1.400000E+02 -1.778480E+00
  1.405000E+02 -2.086736E+00
  1.410000E+02 -2.337297E+00
  1.415000E+02 -2.530185E+00
  1.420000E+02 -2.669155E+00
  1.425000E+02 -2.760836E+00
  1.430000E+02 -2.813664E+00
  1.435000E+02 -2.836680E+00
  1.440000E+02 -2.838330E+00
  1.445000E+02 -2.825381E+00
  1.450000E+02 -2.802042E+00
  1.455000E+02 -2.769384E+00
  1.460000E+02 -2.725106E+00
  1.465000E+02 -2.663667E+00
  1.470000E+02 -2.576789E+00
  1.475000E+02 -2.454256E+00
  1.480000E+02 -2.284981E+00
  1.485000E+02 -2.058206E+00
  1.490000E+02 -1.764769E+00
  1.495000E+02 -1.398297E+00
  1.500000E+02 -9.562483E-01
  1.505000E+02 -4.406855E-01
  1.510000E+02  1.412643E-01
  1.515000E+02  7.773274E-01
  1.520000E+02  1.450385E+00
  1.525000E+02  2.139144E+00
  1.530000E+02  2.819141E+00
  1.535000E+02  3.464000E+00
  1.540000E+02  4.046875E+00
  1.545000E+02  4.541957E+00
  1.550000E+02  4.925971E+00
  1.555000E+02  5.179535E+00
  1.560000E+02  5.288313E+00
  1.565000E+02  5.243879E+00
  1.570000E+02  5.044249E+00
  1.575000E+02  4.694049E+00
  1.580000E+02  4.204308E+00
  1.585000E+02  3.591920E+00
  1.590000E+02  2.878794E+00
  1.595000E+02  2.090763E+00
  1.600000E+02  1.256325E+00
  1.605000E+02  4.052848E-01
  1.610000E+02 -4.326171E-01
  1.615000E+02 -1.229012E+00
  1.620000E+02 -1.958092E+00
  1.625000E+02 -2.597613E+00
  1.630000E+02 -3.129688E+00
  1.635000E+02 -3.541334E+00
  1.640000E+02 -3.824772E+00
  1.645000E+02 -3.977484E+00
  1.650000E+02 -4.002045E+00
  1.655000E+02 -3.905758E+00
  1.660000E+02 -3.700121E+00
  1.665000E+02 -3.400167E+00
  1.670000E+02 -3.023713E+00
  1.675000E+02 -2.590550E+00
  1.680000E+02 -2.121603E+00
  1.685000E+02 -1.638107E+00
  1.690000E+02 -1.160789E+00
  1.695000E+02 -7.091155E-01
  1.700000E+02 -3.005899E-01
  1.705000E+02  4.987068E-02
  1.710000E+02  3.304658E-01
  1.715000E+02  5.329410E-01
  1.720000E+02  6.528999E-01
  1.725000E+02  6.899874E-01
  1.730000E+02  6.479303E-01
  1.735000E+02  5.344256E-01
  1.740000E+02  3.608678E-01
  1.745000E+02  1.419128E-01
  1.750000E+02 -1.051186E-01
  1.755000E+02 -3.609858E-01
  1.760000E+02 -6.054018E-01
  1.765000E+02 -8.180045E-01
  1.770000E+02 -9.793867E-01
  1.775000E+02 -1.072137E+00
  1.780000E+02 -1.081840E+00
  1.785000E+02 -9.979744E-01
  1.790000E+02 -8.146617E-01
  1.795000E+02 -5.312051E-01
  1.800000E+02 -1.523803E-01
  1.805000E+02  3.115524E-01
  1.810000E+02  8.451332E-01
  1.815000E+02  1.428281E+00
  1.820000E+02  2.037147E+00
  1.825000E+02  2.645198E+00
  1.830000E+02  3.224490E+00
  1.835000E+02  3.747044E+00
  1.840000E+02  4.186258E+00
  1.845000E+02  4.518280E+00
  1.850000E+02  4.723238E+00
  1.855000E+02  4.786279E+00
  1.860000E+02  4.698341E+00
  1.865000E+02  4.456621E+00
  1.870000E+02  4.064699E+00
  1.875000E+02  3.532346E+00
  1.880000E+02  2.874997E+00
  1.885000E+02  2.112958E+00
  1.890000E+02  1.270387E+00
  1.895000E+02  3.741297E-01
  1.900000E+02 -5.475291E-01
  1.905000E+02 -1.466107E+00
  1.910000E+02 -2.354090E+00
  1.915000E+02 -3.185969E+00
  1.920000E+02 -3.939074E+00
  1.925000E+02 -4.594209E+00
  1.930000E+02 -5.136042E+00
  1.935000E+02 -5.553280E+00
  1.940000E+02 -5.838630E+00
  1.945000E+02 -5.988604E+00
  1.950000E+02 -6.003196E+00
  1.955000E+02 -5.885483E+00
  1.960000E+02 -5.641203E+00
  1.965000E+02 -5.278341E+00
  1.970000E+02 -4.806767E+00
  1.975000E+02 -4.237929E+00
  1.980000E+02 -3.584626E+00
  1.985000E+02 -2.860836E+00
  1.990000E+02 -2.081584E+00
  1.995000E+02 -1.262837E+00
  2.000000E+02 -4.213710E-01
  2.005000E+02  4.253962E-01
  2.010000E+02  1.259646E+00
  2.015000E+02  2.063482E+00
  2.020000E+02  2.819345E+00
  2.025000E+02  3.510498E+00
  2.030000E+02  4.121572E+00
  2.035000E+02  4.639127E+00
  2.040000E+02  5.052186E+00
  2.045000E+02  5.352702E+00
  2.050000E+02  5.535903E+00
  2.055000E+02  5.600478E+00
  2.060000E+02  5.548579E+00
  2.065000E+02  5.385626E+00
  2.070000E+02  5.119917E+00
  2.075000E+02  4.762076E+00
  2.080000E+02  4.324364E+00
  2.085000E+02  3.819932E+00
  2.090000E+02  3.262063E+00
  2.095000E+02  2.663478E+00
  2.100000E+02  2.035775E+00
  2.105000E+02  1.389041E+00
  2.110000E+02  7.316990E-01
  2.115000E+02  7.057843E-02
  2.120000E+02 -5.887799E-01
  2.125000E+02 -1.241624E+00
  2.130000E+02 -1.883348E+00
  2.135000E+02 -2.508791E+00
  2.140000E+02 -3.111538E+00
  2.145000E+02 -3.683347E+00
  2.150000E+02 -4.213754E+00
  2.155000E+02 -4.689944E+00
  2.160000E+02 -5.096936E+00
  2.165000E+02 -5.418096E+00
  2.170000E+02 -5.635969E+00
  2.175000E+02 -5.733398E+00
  2.180000E+02 -5.694841E+00
  2.185000E+02 -5.507791E+00
  2.190000E+02 -5.164193E+00
  2.195000E+02 -4.661716E+00
  2.200000E+02 -4.004771E+00
  2.205000E+02 -3.205155E+00
  2.210000E+02 -2.282249E+00
  2.215000E+02 -1.262696E+00
  2.220000E+02 -1.795749E-01
  2.225000E+02  9.289395E-01
  2.230000E+02  2.021329E+00
  2.235000E+02  3.054815E+00
  2.240000E+02  3.987636E+00
  2.245000E+02  4.781354E+00
  2.250000E+02  5.403050E+00
  2.255000E+02  5.827243E+00
  2.260000E+02  6.037394E+00
  2.265000E+02  6.026893E+00
  2.270000E+02  5.799455E+00
  2.275000E+02  5.368891E+00
  2.280000E+02  4.758283E+00
  2.285000E+02  3.998601E+00
  2.290000E+02  3.126889E+00
  2.295000E+02  2.184111E+00
  2.300000E+02  1.212845E+00
  2.305000E+02  2.549473E-01
  2.310000E+02 -6.506372E-01
  2.315000E+02 -1.469791E+00
  2.320000E+02 -2.174751E+00
  2.325000E+02 -2.745170E+00
  2.330000E+02 -3.168660E+00
  2.335000E+02 -3.440827E+00
  2.340000E+02 -3.564817E+00
  2.345000E+02 -3.550447E+00
  2.350000E+02 -3.413008E+00
  2.355000E+02 -3.171847E+00
  2.360000E+02 -2.848849E+00
  2.365000E+02 -2.466919E+00
  2.370000E+02 -2.048580E+00
  2.375000E+02 -1.614764E+00
  2.380000E+02 -1.183857E+00
  2.385000E+02 -7.710403E-01
  2.390000E+02 -3.879313E-01
  2.395000E+02 -4.251484E-02
  2.400000E+02  2.606695E-01
  2.405000E+02  5.201331E-01
  2.410000E+02  7.368955E-01
  2.415000E+02  9.138544E-01
  2.420000E+02  1.055128E+00
  2.425000E+02  1.165424E+00
  2.430000E+02  1.249471E+00
  2.435000E+02  1.311559E+00
  2.440000E+02  1.355184E+00
  2.445000E+02  1.382824E+00
  2.450000E+02  1.395837E+00
  2.455000E+02  1.394456E+00
  2.460000E+02  1.377891E+00
  2.465000E+02  1.344496E+00
  2.470000E+02  1.292002E+00
  2.475000E+02  1.217780E+00
  2.480000E+02  1.119140E+00
  2.485000E+02  9.936415E-01
  2.490000E+02  8.394070E-01
  2.495000E+02  6.554294E-01
  2.500000E+02  4.418632E-01
  2.505000E+02  2.002853E-01
  2.510000E+02 -6.608957E-02
  2.515000E+02 -3.522559E-01
  2.520000E+02 -6.513469E-01
  2.525000E+02 -9.546645E-01
  2.530000E+02 -1.251829E+00
  2.535000E+02 -1.531061E+00
  2.540000E+02 -1.779598E+00
  2.545000E+02 -1.984243E+00
  2.550000E+02 -2.132041E+00
  2.555000E+02 -2.211029E+00
  2.560000E+02 -2.211052E+00
  2.565000E+02 -2.124572E+00
  2.570000E+02 -1.947427E+00
  2.575000E+02 -1.679470E+00
  2.580000E+02 -1.325036E+00
  2.585000E+02 -8.931828E-01
  2.590000E+02 -3.976632E-01
  2.595000E+02  1.433944E-01
  2.600000E+02  7.081042E-01
  2.605000E+02  1.271722E+00
  2.610000E+02  1.807789E+00
  2.615000E+02  2.289463E+00
  2.620000E+02  2.690957E+00
  2.625000E+02  2.989009E+00
  2.630000E+02  3.164279E+00
  2.635000E+02  3.202586E+00
  2.640000E+02  3.095907E+00
  2.645000E+02  2.843048E+00
  2.650000E+02  2.449964E+00
  2.655000E+02  1.929673E+00
  2.660000E+02  1.301782E+00
  2.665000E+02  5.916369E-01
  2.670000E+02 -1.708548E-01
  2.675000E+02 -9.526520E-01
  2.680000E+02 -1.719186E+00
  2.685000E+02 -2.436045E+00
  2.690000E+02 -3.070641E+00
  2.695000E+02 -3.593773E+00
  2.700000E+02 -3.980997E+00
  2.705000E+02 -4.213731E+00
  2.710000E+02 -4.280061E+00
  2.715000E+02 -4.175199E+00
  2.720000E+02 -3.901597E+00
  2.725000E+02 -3.468721E+00
  2.730000E+02 -2.892509E+00
  2.735000E+02 -2.194570E+00
  2.740000E+02 -1.401160E+00
  2.745000E+02 -5.419978E-01
  2.750000E+02  3.510093E-01
  2.755000E+02  1.245086E+00
  2.760000E+02  2.107886E+00
  2.765000E+02  2.908724E+00
  2.770000E+02  3.619693E+00
  2.775000E+02  4.216643E+00
  2.780000E+02  4.679978E+00
  2.785000E+02  4.995269E+00
  2.790000E+02  5.153646E+00
  2.795000E+02  5.151988E+00
  2.800000E+02  4.992889E+00
  2.805000E+02  4.684412E+00
  2.810000E+02  4.239636E+00
  2.815000E+02  3.676022E+00
  2.820000E+02  3.014611E+00
  2.825000E+02  2.279088E+00
  2.830000E+02  1.494751E+00
  2.835000E+02  6.874240E-01
  2.840000E+02 -1.176307E-01
  2.845000E+02 -8.967508E-01
  2.850000E+02 -1.628813E+00
  2.855000E+02 -2.296015E+00
  2.860000E+02 -2.884465E+00
  2.865000E+02 -3.384533E+00
  2.870000E+02 -3.790949E+00
  2.875000E+02 -4.102639E+00
  2.880000E+02 -4.322312E+00
  2.885000E+02 -4.455818E+00
  2.890000E+02 -4.511334E+00
  2.895000E+02 -4.498426E+00
  2.900000E+02 -4.427066E+00
  2.905000E+02 -4.306669E+00
  2.910000E+02 -4.145236E+00
  2.915000E+02 -3.948667E+00
  2.920000E+02 -3.720296E+00
  2.925000E+02 -3.460701E+00
  2.930000E+02 -3.167801E+00
  2.935000E+02 -2.837239E+00
  2.940000E+02 -2.463028E+00
  2.945000E+02 -2.038410E+00
  2.950000E+02 -1.556860E+00
  2.955000E+02 -1.013165E+00
  2.960000E+02 -4.044791E-01
  2.965000E+02  2.687276E-01
  2.970000E+02  1.001907E+00
  2.975000E+02  1.785929E+00
  2.980000E+02  2.606890E+00
  2.985000E+02  3.446254E+00
  2.990000E+02  4.281340E+00
  2.995000E+02  5.086128E+00
  3.000000E+02  5.832346E+00
  3.005000E+02  6.490768E+00
  3.010000E+02  7.032652E+00
  3.015000E+02  7.431220E+00
  3.020000E+02  7.663098E+00
  3.025000E+02  7.709628E+00
  3.030000E+02  7.557970E+00
  3.035000E+02  7.201937E+00
  3.040000E+02  6.642520E+00
  3.045000E+02  5.888065E+00
  3.050000E+02  4.954120E+00
  3.055000E+02  3.862952E+00
  3.060000E+02  2.642772E+00
  3.065000E+02  1.326714E+00
  3.070000E+02 -4.837510E-02
  3.075000E+02 -1.443273E+00
  3.080000E+02 -2.817787E+00
  3.085000E+02 -4.132159E+00
  3.090000E+02 -5.348428E+00
  3.095000E+02 -6.431693E+00
  3.100000E+02 -7.351232E+00
  3.105000E+02 -8.081469E+00
  3.110000E+02 -8.602735E+00
  3.115000E+02 -8.901840E+00
  3.120000E+02 -8.972419E+00
  3.125000E+02 -8.815071E+00
  3.130000E+02 -8.437274E+00
  3.135000E+02 -7.853094E+00
  3.140000E+02 -7.082680E+00
  3.145000E+02 -6.151574E+00
  3.150000E+02 -5.089839E+00
  3.155000E+02 -3.931031E+00
  3.160000E+02 -2.711044E+00
  3.165000E+02 -1.466861E+00
  3.170000E+02 -2.352523E-01
  3.175000E+02  9.485298E-01
  3.180000E+02  2.052010E+00
  3.185000E+02  3.046646E+00
  3.190000E+02  3.908830E+00
  3.195000E+02  4.620686E+00
  3.200000E+02  5.170610E+00
  3.205000E+02  5.553535E+00
  3.210000E+02  5.770894E+00
  3.215000E+02  5.830277E+00
  3.220000E+02  5.744801E+00
  3.225000E+02  5.532220E+00
  3.230000E+02  5.213830E+00
  3.235000E+02  4.813223E+00
  3.240000E+02  4.354962E+00
  3.245000E+02  3.863266E+00
  3.250000E+02  3.360762E+00
  3.255000E+02  2.867391E+00
  3.260000E+02  2.399527E+00
  3.265000E+02  1.969354E+00
  3.270000E+02  1.584530E+00
  3.275000E+02  1.248157E+00
  3.280000E+02  9.590368E-01
  3.285000E+02  7.121945E-01
  3.290000E+02  4.996134E-01
  3.295000E+02  3.111352E-01
  3.300000E+02  1.354497E-01
  3.305000E+02 -3.889152E-02
  3.310000E+02 -2.225086E-01
  3.315000E+02 -4.243353E-01
  3.320000E+02 -6.509221E-01
  3.325000E+02 -9.059390E-01
  3.330000E+02 -1.189900E+00
  3.335000E+02 -1.500117E+00
  3.340000E+02 -1.830871E+00
  3.345000E+02 -2.173785E+00
  3.350000E+02 -2.518349E+00
  3.355000E+02 -2.852569E+00
  3.360000E+02 -3.163682E+00
  3.365000E+02 -3.438894E+00
  3.370000E+02 -3.666090E+00
  3.375000E+02 -3.834474E+00
  3.380000E+02 -3.935117E+00
  3.385000E+02 -3.961369E+00
  3.390000E+02 -3.909143E+00
  3.395000E+02 -3.777048E+00
  3.400000E+02 -3.566382E+00
  3.405000E+02 -3.281008E+00
  3.410000E+02 -2.927104E+00
  3.415000E+02 -2.512841E+00
  3.420000E+02 -2.047985E+00
  3.425000E+02 -1.543468E+00
  3.430000E+02 -1.010943E+00
  3.435000E+02 -4.623375E-01
  3.440000E+02  9.055152E-02
  3.445000E+02  6.364333E-01
  3.450000E+02  1.164837E+00
  3.455000E+02  1.666362E+00
  3.460000E+02  2.132860E+00
  3.465000E+02  2.557540E+00
  3.470000E+02  2.935006E+00
  3.475000E+02  3.261223E+00
  3.480000E+02  3.533427E+00
  3.485000E+02  3.749972E+00
  3.490000E+02  3.910155E+00
  3.495000E+02  4.013999E+00
  3.500000E+02  4.062038E+00
  3.505000E+02  4.055108E+00
  3.510000E+02  3.994158E+00
  3.515000E+02  3.880107E+00
  3.520000E+02  3.713757E+00
  3.525000E+02  3.495762E+00
  3.530000E+02  3.226680E+00
  3.535000E+02  2.907081E+00
  3.540000E+02  2.537736E+00
  3.545000E+02  2.119846E+00
  3.550000E+02  1.655317E+00
  3.555000E+02  1.147049E+00
  3.560000E+02  5.992094E-01
  3.565000E+02  1.747889E-02
  3.570000E+02 -5.907696E-01
  3.575000E+02 -1.216375E+00
  3.580000E+02 -1.848398E+00
  3.585000E+02 -2.474244E+00
  3.590000E+02 -3.079908E+00
  3.595000E+02 -3.650338E+00
  3.600000E+02 -4.169900E+00
  3.605000E+02 -4.622930E+00
  3.610000E+02 -4.994335E+00
  3.615000E+02 -5.270229E+00
  3.620000E+02 -5.438550E+00
  3.625000E+02 -5.489638E+00
  3.630000E+02 -5.416730E+00
  3.635000E+02 -5.216358E+00
  3.640000E+02 -4.888611E+00
  3.645000E+02 -4.437264E+00
  3.650000E+02 -3.869763E+00
  3.655000E+02 -3.197069E+00
  3.660000E+02 -2.433370E+00
  3.665000E+02 -1.595688E+00
  3.670000E+02 -7.033931E-01
  3.675000E+02  2.223418E-01
  3.680000E+02  1.159128E+00
  3.685000E+02  2.083960E+00
  3.690000E+02  2.973808E+00
  3.695000E+02  3.806193E+00
  3.700000E+02  4.559723E+00
  3.705000E+02  5.214593E+00
  3.710000E+02  5.753039E+00
  3.715000E+02  6.159759E+00
  3.720000E+02  6.422280E+00
  3.725000E+02  6.531300E+00
  3.730000E+02  6.480978E+00
  3.735000E+02  6.269188E+00
  3.740000E+02  5.897722E+00
  3.745000E+02  5.372426E+00
  3.750000E+02  4.703266E+00
  3.755000E+02  3.904294E+00
  3.760000E+02  2.993509E+00
  3.765000E+02  1.992590E+00
  3.770000E+02  9.264839E-01
  3.775000E+02 -1.771383E-01
  3.780000E+02 -1.288580E+00
  3.785000E+02 -2.376941E+00
  3.790000E+02 -3.411053E+00
  3.795000E+02 -4.360494E+00
  3.800000E+02 -5.196642E+00
  3.805000E+02 -5.893722E+00
  3.810000E+02 -6.429798E+00
  3.815000E+02 -6.787653E+00
  3.820000E+02 -6.955527E+00
  3.825000E+02 -6.927636E+00
  3.830000E+02 -6.704482E+00
  3.835000E+02 -6.292899E+00
  3.840000E+02 -5.705843E+00
  3.845000E+02 -4.961937E+00
  3.850000E+02 -4.084774E+00
  3.855000E+02 -3.102036E+00
  3.860000E+02 -2.044454E+00
  3.865000E+02 -9.446733E-01
  3.870000E+02  1.639318E-01
  3.875000E+02  1.248424E+00
  3.880000E+02  2.277409E+00
  3.885000E+02  3.222028E+00
  3.890000E+02  4.056809E+00
  3.895000E+02  4.760337E+00
  3.900000E+02  5.315749E+00
  3.905000E+02  5.711035E+00
  3.910000E+02  5.939160E+00
  3.915000E+02  5.998029E+00
  3.920000E+02  5.890306E+00
  3.925000E+02  5.623125E+00
  3.930000E+02  5.207714E+00
  3.935000E+02  4.658949E+00
  3.940000E+02  3.994880E+00
  3.945000E+02  3.236212E+00
  3.950000E+02  2.405781E+00
  3.955000E+02  1.528009E+00
  3.960000E+02  6.283420E-01
  3.965000E+02 -2.673319E-01
  3.970000E+02 -1.133285E+00
  3.975000E+02 -1.944579E+00
  3.980000E+02 -2.677727E+00
  3.985000E+02 -3.311353E+00
  3.990000E+02 -3.826876E+00
  3.995000E+02 -4.209155E+00
  4.000000E+02 -4.447100E+00
  4.005000E+02 -4.534192E+00
  4.010000E+02 -4.468893E+00
  4.015000E+02 -4.254899E+00
  4.020000E+02 -3.901212E+00
  4.025000E+02 -3.421995E+00
  4.030000E+02 -2.836207E+00
  4.035000E+02 -2.167002E+00
  4.040000E+02 -1.440914E+00
  4.045000E+02 -6.868451E-01
  4.050000E+02  6.510349E-02
  4.055000E+02  7.848997E-01
  4.060000E+02  1.443892E+00
  4.065000E+02  2.016095E+00
  4.070000E+02  2.479375E+00
  4.075000E+02  2.816483E+00
  4.080000E+02  3.015851E+00
  4.085000E+02  3.072134E+00
  4.090000E+02  2.986435E+00
  4.095000E+02  2.766226E+00
  4.100000E+02  2.424942E+00
  4.105000E+02  1.981289E+00
  4.110000E+02  1.458290E+00
  4.115000E+02  8.821393E-01
  4.120000E+02  2.809050E-01
  4.125000E+02 -3.168271E-01
  4.130000E+02 -8.833092E-01
  4.135000E+02 -1.392912E+00
  4.140000E+02 -1.823269E+00
  4.145000E+02 -2.156226E+00
  4.150000E+02 -2.378564E+00
  4.155000E+02 -2.482461E+00
  4.160000E+02 -2.465692E+00
  4.165000E+02 -2.331557E+00
  4.170000E+02 -2.088571E+00
  4.175000E+02 -1.749929E+00
  4.180000E+02 -1.332797E+00
  4.185000E+02 -8.574511E-01
  4.190000E+02 -3.463320E-01
  4.195000E+02  1.769607E-01
  4.200000E+02  6.886824E-01
  4.205000E+02  1.165930E+00
  4.210000E+02  1.587572E+00
  4.215000E+02  1.935084E+00
  4.220000E+02  2.193286E+00
  4.225000E+02  2.350936E+00
  4.230000E+02  2.401192E+00
  4.235000E+02  2.341912E+00
  4.240000E+02  2.175787E+00
  4.245000E+02  1.910304E+00
  4.250000E+02  1.557529E+00
  4.255000E+02  1.133706E+00
  4.260000E+02  6.586852E-01
  4.265000E+02  1.551706E-01
  4.270000E+02 -3.521814E-01
  4.275000E+02 -8.378006E-01
  4.280000E+02 -1.276341E+00
  4.285000E+02 -1.643882E+00
  4.290000E+02 -1.919138E+00
  4.295000E+02 -2.084620E+00
  4.300000E+02 -2.127697E+00
  4.305000E+02 -2.041477E+00
  4.310000E+02 -1.825462E+00
  4.315000E+02 -1.485909E+00
  4.320000E+02 -1.035872E+00
  4.325000E+02 -4.948735E-01
  4.330000E+02  1.117769E-01
  4.335000E+02  7.540291E-01
  4.340000E+02  1.398450E+00
  4.345000E+02  2.009845E+00
  4.350000E+02  2.553058E+00
  4.355000E+02  2.994867E+00
  4.360000E+02  3.305853E+00
  4.365000E+02  3.462150E+00
  4.370000E+02  3.446951E+00
  4.375000E+02  3.251681E+00
  4.380000E+02  2.876752E+00
  4.385000E+02  2.331839E+00
  4.390000E+02  1.635638E+00
  4.395000E+02  8.151215E-01
  4.400000E+02 -9.569517E-02
  4.405000E+02 -1.057408E+00
  4.410000E+02 -2.027210E+00
  4.415000E+02 -2.961093E+00
  4.420000E+02 -3.816146E+00
  4.425000E+02 -4.552809E+00
  4.430000E+02 -5.136950E+00
  4.435000E+02 -5.541638E+00
  4.440000E+02 -5.748512E+00
  4.445000E+02 -5.748659E+00
  4.450000E+02 -5.542958E+00
  4.455000E+02 -5.141866E+00
  4.460000E+02 -4.564667E+00
  4.465000E+02 -3.838238E+00
  4.470000E+02 -2.995418E+00
  4.475000E+02 -2.073067E+00
  4.480000E+02 -1.109971E+00
  4.485000E+02 -1.446854E-01
  4.490000E+02  7.865140E-01
  4.495000E+02  1.651474E+00
  4.500000E+02  2.423679E+00
  4.505000E+02  3.083368E+00
  4.510000E+02  3.618173E+00
  4.515000E+02  4.023282E+00
  4.520000E+02  4.301113E+00
  4.525000E+02  4.460541E+00
  4.530000E+02  4.515746E+00
  4.535000E+02  4.484768E+00
  4.540000E+02  4.387873E+00
  4.545000E+02  4.245843E+00
  4.550000E+02  4.078308E+00
  4.555000E+02  3.902233E+00
  4.560000E+02  3.730654E+00
  4.565000E+02  3.571743E+00
  4.570000E+02  3.428265E+00
  4.575000E+02  3.297457E+00
  4.580000E+02  3.171330E+00
  4.585000E+02  3.037371E+00
  4.590000E+02  2.879607E+00
  4.595000E+02  2.679941E+00
  4.600000E+02  2.419697E+00
  4.605000E+02  2.081245E+00
  4.610000E+02  1.649632E+00
  4.615000E+02  1.114082E+00
  4.620000E+02  4.692931E-01
  4.625000E+02 -2.835763E-01
  4.630000E+02 -1.136289E+00
  4.635000E+02 -2.073328E+00
  4.640000E+02 -3.072146E+00
  4.645000E+02 -4.103842E+00
  4.650000E+02 -5.134267E+00
  4.655000E+02 -6.125474E+00
  4.660000E+02 -7.037464E+00
  4.665000E+02 -7.830119E+00
  4.670000E+02 -8.465230E+00
  4.675000E+02 -8.908493E+00
  4.680000E+02 -9.131377E+00
  4.685000E+02 -9.112752E+00
  4.690000E+02 -8.840170E+00
  4.695000E+02 -8.310752E+00
  4.700000E+02 -7.531593E+00
  4.705000E+02 -6.519681E+00
  4.710000E+02 -5.301326E+00
  4.715000E+02 -3.911116E+00
  4.720000E+02 -2.390468E+00
  4.725000E+02 -7.858421E-01
  4.730000E+02  8.532713E-01
  4.735000E+02  2.476494E+00
  4.740000E+02  4.034705E+00
  4.745000E+02  5.482070E+00
  4.750000E+02  6.777858E+00
  4.755000E+02  7.887937E+00
  4.760000E+02  8.785878E+00
  4.765000E+02  9.453636E+00
  4.770000E+02  9.881758E+00
  4.775000E+02  1.006916E+01
  4.780000E+02  1.002249E+01
  4.785000E+02  9.755123E+00
  4.790000E+02  9.285958E+00
  4.795000E+02  8.637964E+00
  4.800000E+02  7.836737E+00
  4.805000E+02  6.909060E+00
  4.810000E+02  5.881622E+00
  4.815000E+02  4.779947E+00
  4.820000E+02  3.627605E+00
  4.825000E+02  2.445734E+00
  4.830000E+02  1.252879E+00
  4.835000E+02  6.513483E-02
  4.840000E+02 -1.103462E+00
  4.845000E+02 -2.240356E+00
  4.850000E+02 -3.333783E+00
  4.855000E+02 -4.372073E+00
  4.860000E+02 -5.343024E+00
  4.865000E+02 -6.233422E+00
  4.870000E+02 -7.028802E+00
  4.875000E+02 -7.713461E+00
  4.880000E+02 -8.270775E+00
  4.885000E+02 -8.683798E+00
  4.890000E+02 -8.936118E+00
  4.895000E+02 -9.012905E+00
  4.900000E+02 -8.902080E+00
  4.905000E+02 -8.595513E+00
  4.910000E+02 -8.090141E+00
  4.915000E+02 -7.388908E+00
  4.920000E+02 -6.501446E+00
  4.925000E+02 -5.444407E+00
  4.930000E+02 -4.241403E+00
  4.935000E+02 -2.922533E+00
  4.940000E+02 -1.523484E+00
  4.945000E+02 -8.426873E-02
  4.950000E+02  1.352361E+00
  4.955000E+02  2.742723E+00
  4.960000E+02  4.044134E+00
  4.965000E+02  5.216838E+00
  4.970000E+02  6.225826E+00
  4.975000E+02  7.042418E+00
  4.980000E+02  7.645527E+00
  4.985000E+02  8.022510E+00
  4.990000E+02  8.169571E+00
  4.995000E+02  8.091685E+00
  5.000000E+02  7.802060E+00
  5.005000E+02  7.321180E+00
  5.010000E+02  6.675489E+00
  5.015000E+02  5.895813E+00
  5.020000E+02  5.015625E+00
  5.025000E+02  4.069268E+00
  5.030000E+02  3.090237E+00
  5.035000E+02  2.109637E+00
  5.040000E+02  1.154902E+00
  5.045000E+02  2.488333E-01
  5.050000E+02 -5.909823E-01
  5.055000E+02 -1.352379E+00
  5.060000E+02 -2.028442E+00
  5.065000E+02 -2.617001E+00
  5.070000E+02 -3.119851E+00
  5.075000E+02 -3.541770E+00
  5.080000E+02 -3.889424E+00
  5.085000E+02 -4.170244E+00
  5.090000E+02 -4.391374E+00
  5.095000E+02 -4.558750E+00
  5.100000E+02 -4.676394E+00
  5.105000E+02 -4.745958E+00
  5.110000E+02 -4.766543E+00
  5.115000E+02 -4.734803E+00
  5.120000E+02 -4.645321E+00
  5.125000E+02 -4.491203E+00
  5.130000E+02 -4.264867E+00
  5.135000E+02 -3.958943E+00
  5.140000E+02 -3.567218E+00
  5.145000E+02 -3.085572E+00
  5.150000E+02 -2.512816E+00
  5.155000E+02 -1.851387E+00
  5.160000E+02 -1.107845E+00
  5.165000E+02 -2.931339E-01
  5.170000E+02  5.774091E-01
  5.175000E+02  1.484304E+00
  5.180000E+02  2.404433E+00
  5.185000E+02  3.311768E+00
  5.190000E+02  4.178298E+00
  5.195000E+02  4.975100E+00
  5.200000E+02  5.673511E+00
  5.205000E+02  6.246343E+00
  5.210000E+02  6.669088E+00
  5.215000E+02  6.921056E+00
  5.220000E+02  6.986387E+00
  5.225000E+02  6.854915E+00
  5.230000E+02  6.522809E+00
  5.235000E+02  5.992998E+00
  5.240000E+02  5.275325E+00
  5.245000E+02  4.386436E+00
  5.250000E+02  3.349401E+00
  5.255000E+02  2.193057E+00
  5.260000E+02  9.511183E-01
  5.265000E+02 -3.389415E-01
  5.270000E+02 -1.637188E+00
  5.275000E+02 -2.902659E+00
  5.280000E+02 -4.094871E+00
  5.285000E+02 -5.175359E+00
  5.290000E+02 -6.109159E+00
  5.295000E+02 -6.866186E+00
  5.300000E+02 -7.422435E+00
  5.305000E+02 -7.760953E+00
  5.310000E+02 -7.872523E+00
  5.315000E+02 -7.756023E+00
  5.320000E+02 -7.418440E+00
  5.325000E+02 -6.874529E+00
  5.330000E+02 -6.146117E+00
  5.335000E+02 -5.261098E+00
  5.340000E+02 -4.252158E+00
  5.345000E+02 -3.155284E+00
  5.350000E+02 -2.008148E+00
  5.355000E+02 -8.484529E-01
  5.360000E+02  2.876944E-01
  5.365000E+02  1.367260E+00
  5.370000E+02  2.361554E+00
  5.375000E+02  3.247219E+00
  5.380000E+02  4.006880E+00
  5.385000E+02  4.629435E+00
  5.390000E+02  5.109970E+00
  5.395000E+02  5.449322E+00
  5.400000E+02  5.653338E+00
  5.405000E+02  5.731871E+00
  5.410000E+02  5.697621E+00
  5.415000E+02  5.564888E+00
  5.420000E+02  5.348342E+00
  5.425000E+02  5.061900E+00
  5.430000E+02  4.717801E+00
  5.435000E+02  4.325931E+00
  5.440000E+02  3.893454E+00
  5.445000E+02  3.424779E+00
  5.450000E+02  2.921836E+00
  5.455000E+02  2.384650E+00
  5.460000E+02  1.812155E+00
  5.465000E+02  1.203155E+00
  5.470000E+02  5.573699E-01
  5.475000E+02 -1.235516E-01
  5.480000E+02 -8.351428E-01
  5.485000E+02 -1.569436E+00
  5.490000E+02 -2.314565E+00
  5.495000E+02 -3.054704E+00
  5.500000E+02 -3.770364E+00
  5.505000E+02 -4.439054E+00
  5.510000E+02 -5.036259E+00
  5.515000E+02 -5.536703E+00
  5.520000E+02 -5.915790E+00
  5.525000E+02 -6.151143E+00
  5.530000E+02 -6.224127E+00
  5.535000E+02 -6.121255E+00
  5.540000E+02 -5.835362E+00
  5.545000E+02 -5.366474E+00
  5.550000E+02 -4.722289E+00
  5.555000E+02 -3.918241E+00
  5.560000E+02 -2.977123E+00
  5.565000E+02 -1.928286E+00
  5.570000E+02 -8.064668E-01
  5.575000E+02  3.497062E-01
  5.580000E+02  1.499422E+00
  5.585000E+02  2.601520E+00
  5.590000E+02  3.616346E+00
  5.595000E+02  4.507504E+00
  5.600000E+02  5.243441E+00
  5.605000E+02  5.798749E+00
  5.610000E+02  6.155143E+00
  5.615000E+02  6.302079E+00
  5.620000E+02  6.236978E+00
  5.625000E+02  5.965091E+00
  5.630000E+02  5.499012E+00
  5.635000E+02  4.857913E+00
  5.640000E+02  4.066536E+00
  5.645000E+02  3.154041E+00
  5.650000E+02  2.152752E+00
  5.655000E+02  1.096893E+00
  5.660000E+02  2.135746E-02
  5.665000E+02 -1.039434E+00
  5.670000E+02 -2.052551E+00
  5.675000E+02 -2.987433E+00
  5.680000E+02 -3.816620E+00
  5.685000E+02 -4.516331E+00
  5.690000E+02 -5.066923E+00
  5.695000E+02 -5.453219E+00
  5.700000E+02 -5.664757E+00
  5.705000E+02 -5.695945E+00
  5.710000E+02 -5.546152E+00
  5.715000E+02 -5.219738E+00
  5.720000E+02 -4.726009E+00
  5.725000E+02 -4.079095E+00
  5.730000E+02 -3.297734E+00
  5.735000E+02 -2.404940E+00
  5.740000E+02 -1.427531E+00
  5.745000E+02 -3.955133E-01
  5.750000E+02  6.586986E-01
  5.755000E+02  1.701216E+00
  5.760000E+02  2.697754E+00
  5.765000E+02  3.614821E+00
  5.770000E+02  4.420975E+00
  5.775000E+02  5.088103E+00
  5.780000E+02  5.592642E+00
  5.785000E+02  5.916682E+00
  5.790000E+02  6.048881E+00
  5.795000E+02  5.985122E+00
  5.800000E+02  5.728858E+00
  5.805000E+02  5.291108E+00
  5.810000E+02  4.690079E+00
  5.815000E+02  3.950425E+00
  5.820000E+02  3.102153E+00
  5.825000E+02  2.179245E+00
  5.830000E+02  1.218045E+00
  5.835000E+02  2.555140E-01
  5.840000E+02 -6.725614E-01
  5.845000E+02 -1.533294E+00
  5.850000E+02 -2.298260E+00
  5.855000E+02 -2.944805E+00
  5.860000E+02 -3.457013E+00
  5.865000E+02 -3.826286E+00
  5.870000E+02 -4.051495E+00
  5.875000E+02 -4.138695E+00
  5.880000E+02 -4.100439E+00
  5.885000E+02 -3.954715E+00
  5.890000E+02 -3.723596E+00
  5.895000E+02 -3.431686E+00
  5.900000E+02 -3.104457E+00
  5.905000E+02 -2.766587E+00
  5.910000E+02 -2.440405E+00
  5.915000E+02 -2.144534E+00
  5.920000E+02 -1.892817E+00
  5.925000E+02 -1.693585E+00
  5.930000E+02 -1.549307E+00
  5.935000E+02 -1.456633E+00
  5.940000E+02 -1.406823E+00
  5.945000E+02 -1.386520E+00
  5.950000E+02 -1.378815E+00
  5.955000E+02 -1.364537E+00
  5.960000E+02 -1.323671E+00
  5.965000E+02 -1.236825E+00
  5.970000E+02 -1.086658E+00
  5.975000E+02 -8.591739E-01
  5.980000E+02 -5.448189E-01
  5.985000E+02 -1.393168E-01
  5.990000E+02  3.558032E-01
  5.995000E+02  9.330073E-01
  6.000000E+02  1.578897E+00
  6.005000E+02  2.274674E+00
  6.010000E+02  2.996906E+00
  6.015000E+02  3.718550E+00
  6.020000E+02  4.410180E+00
  6.025000E+02  5.041355E+00
  6.030000E+02  5.582072E+00
  6.035000E+02  6.004219E+00
  6.040000E+02  6.282980E+00
  6.045000E+02  6.398107E+00
  6.050000E+02  6.335021E+00
  6.055000E+02  6.085681E+00
  6.060000E+02  5.649177E+00
  6.065000E+02  5.032025E+00
  6.070000E+02  4.248147E+00
  6.075000E+02  3.318512E+00
  6.080000E+02  2.270466E+00
  6.085000E+02  1.136763E+00
  6.090000E+02 -4.567505E-02
  6.095000E+02 -1.237219E+00
  6.100000E+02 -2.397151E+00
  6.105000E+02 -3.485386E+00
  6.110000E+02 -4.464207E+00
  6.115000E+02 -5.299946E+00
  6.120000E+02 -5.964519E+00
  6.125000E+02 -6.436745E+00
  6.130000E+02 -6.703369E+00
  6.135000E+02 -6.759731E+00
  6.140000E+02 -6.610036E+00
  6.145000E+02 -6.267194E+00
  6.150000E+02 -5.752227E+00
  6.155000E+02 -5.093255E+00
  6.160000E+02 -4.324112E+00
  6.165000E+02 -3.482639E+00
  6.170000E+02 -2.608758E+00
  6.175000E+02 -1.742413E+00
  6.180000E+02 -9.214864E-01
  6.185000E+02 -1.798244E-01
  6.190000E+02  4.545348E-01
  6.195000E+02  9.608123E-01
  6.200000E+02  1.326536E+00
  6.205000E+02  1.548116E+00
  6.210000E+02  1.630908E+00
  6.215000E+02  1.588756E+00
  6.220000E+02  1.443031E+00
  6.225000E+02  1.221225E+00
  6.230000E+02  9.551754E-01
  6.235000E+02  6.790231E-01
  6.240000E+02  4.270277E-01
  6.245000E+02  2.313694E-01
  6.250000E+02  1.200688E-01
  6.255000E+02  1.151533E-01
  6.260000E+02  2.311791E-01
  6.265000E+02  4.742002E-01
  6.270000E+02  8.412476E-01
  6.275000E+02  1.320351E+00
  6.280000E+02  1.891102E+00
  6.285000E+02  2.525727E+00
  6.290000E+02  3.190604E+00
  6.295000E+02  3.848137E+00
  6.300000E+02  4.458878E+00
  6.305000E+02  4.983771E+00
  6.310000E+02  5.386383E+00
  6.315000E+02  5.635014E+00
  6.320000E+02  5.704542E+00
  6.325000E+02  5.577916E+00
  6.330000E+02  5.247213E+00
  6.335000E+02  4.714200E+00
  6.340000E+02  3.990382E+00
  6.345000E+02  3.096522E+00
  6.350000E+02  2.061684E+00
  6.355000E+02  9.218409E-01
  6.360000E+02 -2.818678E-01
  6.365000E+02 -1.505133E+00
  6.370000E+02 -2.702617E+00
  6.375000E+02 -3.830128E+00
  6.380000E+02 -4.846702E+00
  6.385000E+02 -5.716503E+00
  6.390000E+02 -6.410424E+00
  6.395000E+02 -6.907320E+00
  6.400000E+02 -7.194816E+00
  6.405000E+02 -7.269641E+00
  6.410000E+02 -7.137492E+00
  6.415000E+02 -6.812437E+00
  6.420000E+02 -6.315895E+00
  6.425000E+02 -5.675254E+00
  6.430000E+02 -4.922221E+00
  6.435000E+02 -4.090986E+00
  6.440000E+02 -3.216314E+00
  6.445000E+02 -2.331682E+00
  6.450000E+02 -1.467551E+00
  6.455000E+02 -6.499008E-01
  6.460000E+02  1.009143E-01
  6.465000E+02  7.709050E-01
  6.470000E+02  1.352748E+00
  6.475000E+02  1.845632E+00
  6.480000E+02  2.254666E+00
  6.485000E+02  2.589888E+00
  6.490000E+02  2.864952E+00
  6.495000E+02  3.095576E+00
  6.500000E+02  3.297876E+00
  6.505000E+02  3.486688E+00
  6.510000E+02  3.674011E+00
  6.515000E+02  3.867691E+00
  6.520000E+02  4.070441E+00
  6.525000E+02  4.279280E+00
  6.530000E+02  4.485447E+00
  6.535000E+02  4.674805E+00
  6.540000E+02  4.828720E+00
  6.545000E+02  4.925378E+00
  6.550000E+02  4.941427E+00
  6.555000E+02  4.853868E+00
  6.560000E+02  4.642035E+00
  6.565000E+02  4.289544E+00
  6.570000E+02  3.786041E+00
  6.575000E+02  3.128641E+00
  6.580000E+02  2.322917E+00
  6.585000E+02  1.383364E+00
  6.590000E+02  3.332809E-01
  6.595000E+02 -7.959454E-01
  6.600000E+02 -1.966130E+00
  6.605000E+02 -3.134080E+00
  6.610000E+02 -4.253776E+00
  6.615000E+02 -5.278833E+00
  6.620000E+02 -6.165053E+00
  6.625000E+02 -6.872935E+00
  6.630000E+02 -7.369964E+00
  6.635000E+02 -7.632524E+00
  6.640000E+02 -7.647334E+00
  6.645000E+02 -7.412272E+00
  6.650000E+02 -6.936578E+00
  6.655000E+02 -6.240386E+00
  6.660000E+02 -5.353638E+00
  6.665000E+02 -4.314441E+00
  6.670000E+02 -3.166982E+00
  6.675000E+02 -1.959133E+00
  6.680000E+02 -7.398879E-01
  6.685000E+02  4.431856E-01
  6.690000E+02  1.546344E+00
  6.695000E+02  2.531767E+00
  6.700000E+02  3.369233E+00
  6.705000E+02  4.037294E+00
  6.710000E+02  4.523897E+00
  6.715000E+02  4.826426E+00
  6.720000E+02  4.951204E+00
  6.725000E+02  4.912506E+00
  6.730000E+02  4.731164E+00
  6.735000E+02  4.432885E+00
  6.740000E+02  4.046383E+00
  6.745000E+02  3.601476E+00
  6.750000E+02  3.127249E+00
  6.755000E+02  2.650395E+00
  6.760000E+02  2.193841E+00
  6.765000E+02  1.775703E+00
  6.770000E+02  1.408630E+00
  6.775000E+02  1.099545E+00
  6.780000E+02  8.497655E-01
  6.785000E+02  6.554796E-01
  6.790000E+02  5.085160E-01
  6.795000E+02  3.973394E-01
  6.800000E+02  3.081959E-01
  6.805000E+02  2.263255E-01
  6.810000E+02  1.371639E-01
  6.815000E+02  2.745927E-02
  6.820000E+02 -1.137568E-01
  6.825000E+02 -2.943941E-01
  6.830000E+02 -5.187589E-01
  6.835000E+02 -7.872577E-01
  6.840000E+02 -1.096354E+00
  6.845000E+02 -1.438767E+00
  6.850000E+02 -1.803894E+00
  6.855000E+02 -2.178413E+00
  6.860000E+02 -2.547041E+00
  6.865000E+02 -2.893386E+00
  6.870000E+02 -3.200859E+00
  6.875000E+02 -3.453584E+00
  6.880000E+02 -3.637265E+00
  6.885000E+02 -3.739973E+00
  6.890000E+02 -3.752795E+00
  6.895000E+02 -3.670340E+00
  6.900000E+02 -3.491053E+00
  6.905000E+02 -3.217341E+00
  6.910000E+02 -2.855494E+00
  6.915000E+02 -2.415419E+00
  6.920000E+02 -1.910180E+00
  6.925000E+02 -1.355395E+00
  6.930000E+02 -7.684963E-01
  6.935000E+02 -1.679123E-01
  6.940000E+02  4.277985E-01
  6.945000E+02  1.000807E+00
  6.950000E+02  1.534826E+00
  6.955000E+02  2.015821E+00
  6.960000E+02  2.432597E+00
  6.965000E+02  2.777209E+00
  6.970000E+02  3.045195E+00
  6.975000E+02  3.235597E+00
  6.980000E+02  3.350790E+00
  6.985000E+02  3.396130E+00
  6.990000E+02  3.379429E+00
  6.995000E+02  3.310307E+00
  7.000000E+02  3.199464E+00
  7.005000E+02  3.057911E+00
  7.010000E+02  2.896205E+00
  7.015000E+02  2.723762E+00
  7.020000E+02  2.548256E+00
  7.025000E+02  2.375169E+00
  7.030000E+02  2.207511E+00
  7.035000E+02  2.045715E+00
  7.040000E+02  1.887725E+00
  7.045000E+02  1.729266E+00
  7.050000E+02  1.564264E+00
  7.055000E+02  1.385401E+00
  7.060000E+02  1.184759E+00
  7.065000E+02  9.545154E-01
  7.070000E+02  6.876389E-01
  7.075000E+02  3.785490E-01
  7.080000E+02  2.369511E-02
  7.085000E+02 -3.779778E-01
  7.090000E+02 -8.247031E-01
  7.095000E+02 -1.311725E+00
  7.100000E+02 -1.831295E+00
  7.105000E+02 -2.372835E+00
  7.110000E+02 -2.923250E+00
  7.115000E+02 -3.467383E+00
  7.120000E+02 -3.988576E+00
  7.125000E+02 -4.469317E+00
  7.130000E+02 -4.891941E+00
  7.135000E+02 -5.239345E+00
  7.140000E+02 -5.495698E+00
  7.145000E+02 -5.647103E+00
  7.150000E+02 -5.682200E+00
  7.155000E+02 -5.592668E+00
  7.160000E+02 -5.373623E+00
  7.165000E+02 -5.023902E+00
  7.170000E+02 -4.546202E+00
  7.175000E+02 -3.947097E+00
  7.180000E+02 -3.236919E+00
  7.185000E+02 -2.429511E+00
  7.190000E+02 -1.541863E+00
  7.195000E+02 -5.936450E-01
  7.200000E+02  3.933523E-01
  7.205000E+02  1.395841E+00
  7.210000E+02  2.389714E+00
  7.215000E+02  3.350740E+00
  7.220000E+02  4.255277E+00
  7.225000E+02  5.080944E+00
  7.230000E+02  5.807272E+00
  7.235000E+02  6.416274E+00
  7.240000E+02  6.892944E+00
  7.245000E+02  7.225655E+00
  7.250000E+02  7.406449E+00
  7.255000E+02  7.431210E+00
  7.260000E+02  7.299727E+00
  7.265000E+02  7.015628E+00
  7.270000E+02  6.586214E+00
  7.275000E+02  6.022191E+00
  7.280000E+02  5.337309E+00
  7.285000E+02  4.547933E+00
  7.290000E+02  3.672561E+00
  7.295000E+02  2.731298E+00
  7.300000E+02  1.745317E+00
  7.305000E+02  7.363070E-01
  7.310000E+02 -2.740542E-01
  7.315000E+02 -1.264613E+00
  7.320000E+02 -2.215212E+00
  7.325000E+02 -3.107110E+00
  7.330000E+02 -3.923359E+00
  7.335000E+02 -4.649111E+00
  7.340000E+02 -5.271872E+00
  7.345000E+02 -5.781680E+00
  7.350000E+02 -6.171234E+00
  7.355000E+02 -6.435942E+00
  7.360000E+02 -6.573917E+00
  7.365000E+02 -6.585917E+00
  7.370000E+02 -6.475220E+00
  7.375000E+02 -6.247462E+00
  7.380000E+02 -5.910427E+00
  7.385000E+02 -5.473798E+00
  7.390000E+02 -4.948895E+00
  7.395000E+02 -4.348373E+00
  7.400000E+02 -3.685933E+00
  7.405000E+02 -2.976008E+00
  7.410000E+02 -2.233470E+00
  7.415000E+02 -1.473334E+00
  7.420000E+02 -7.104830E-01
  7.425000E+02  4.059353E-02
  7.430000E+02  7.660455E-01
  7.435000E+02  1.452890E+00
  7.440000E+02  2.089225E+00
  7.445000E+02  2.664428E+00
  7.450000E+02  3.169348E+00
  7.455000E+02  3.596474E+00
  7.460000E+02  3.940105E+00
  7.465000E+02  4.196487E+00
  7.470000E+02  4.363937E+00
  7.475000E+02  4.442927E+00
  7.480000E+02  4.436124E+00
  7.485000E+02  4.348379E+00
  7.490000E+02  4.186639E+00
  7.495000E+02  3.959783E+00
  7.500000E+02  3.678374E+00
  7.505000E+02  3.354314E+00
  7.510000E+02  3.000416E+00
  7.515000E+02  2.629897E+00
  7.520000E+02  2.255806E+00
  7.525000E+02  1.890418E+00
  7.530000E+02  1.544624E+00
  7.535000E+02  1.227350E+00
  7.540000E+02  9.450378E-01
  7.545000E+02  7.012445E-01
  7.550000E+02  4.963789E-01
  7.555000E+02  3.276144E-01
  7.560000E+02  1.889984E-01
  7.565000E+02  7.176712E-02
  7.570000E+02 -3.513506E-02
  7.575000E+02 -1.443505E-01
  7.580000E+02 -2.692478E-01
  7.585000E+02 -4.229512E-01
  7.590000E+02 -6.173137E-01
  7.595000E+02 -8.618986E-01
  7.600000E+02 -1.163036E+00
  7.605000E+02 -1.523018E+00
  7.610000E+02 -1.939502E+00
  7.615000E+02 -2.405161E+00
  7.620000E+02 -2.907635E+00
  7.625000E+02 -3.429787E+00
  7.630000E+02 -3.950287E+00
  7.635000E+02 -4.444487E+00
  7.640000E+02 -4.885564E+00
  7.645000E+02 -5.245874E+00
  7.650000E+02 -5.498439E+00
  7.655000E+02 -5.618507E+00
  7.660000E+02 -5.585068E+00
  7.665000E+02 -5.382272E+00
  7.670000E+02 -5.000637E+00
  7.675000E+02 -4.437989E+00
  7.680000E+02 -3.700063E+00
  7.685000E+02 -2.800723E+00
  7.690000E+02 -1.761782E+00
  7.695000E+02 -6.124016E-01
  7.700000E+02  6.118913E-01
  7.705000E+02  1.870545E+00
  7.710000E+02  3.119619E+00
  7.715000E+02  4.313638E+00
  7.720000E+02  5.407588E+00
  7.725000E+02  6.358941E+00
  7.730000E+02  7.129635E+00
  7.735000E+02  7.687879E+00
  7.740000E+02  8.009730E+00
  7.745000E+02  8.080325E+00
  7.750000E+02  7.894719E+00
  7.755000E+02  7.458283E+00
  7.760000E+02  6.786618E+00
  7.765000E+02  5.904992E+00
  7.770000E+02  4.847314E+00
  7.775000E+02  3.654677E+00
  7.780000E+02  2.373548E+00
  7.785000E+02  1.053672E+00
  7.790000E+02 -2.542036E-01
  7.795000E+02 -1.500669E+00
  7.800000E+02 -2.639952E+00
  7.805000E+02 -3.632045E+00
  7.810000E+02 -4.444554E+00
  7.815000E+02 -5.054168E+00
  7.820000E+02 -5.447655E+00
  7.825000E+02 -5.622335E+00
  7.830000E+02 -5.585997E+00
  7.835000E+02 -5.356240E+00
  7.840000E+02 -4.959296E+00
  7.845000E+02 -4.428371E+00
  7.850000E+02 -3.801611E+00
  7.855000E+02 -3.119799E+00
  7.860000E+02 -2.423925E+00
  7.865000E+02 -1.752771E+00
  7.870000E+02 -1.140659E+00
  7.875000E+02 -6.154936E-01
  7.880000E+02 -1.972424E-01
  7.885000E+02  1.030721E-01
  7.890000E+02  2.837854E-01
  7.895000E+02  3.523889E-01
  7.900000E+02  3.247230E-01
  7.905000E+02  2.236166E-01
  7.910000E+02  7.706416E-02
  7.915000E+02 -8.393887E-02
  7.920000E+02 -2.277567E-01
  7.925000E+02 -3.245092E-01
  7.930000E+02 -3.483397E-01
  7.935000E+02 -2.793992E-01
  7.940000E+02 -1.054095E-01
  7.945000E+02  1.773024E-01
  7.950000E+02  5.633719E-01
  7.955000E+02  1.038595E+00
  7.960000E+02  1.580746E+00
  7.965000E+02  2.160955E+00
  7.970000E+02  2.745555E+00
  7.975000E+02  3.298268E+00
  7.980000E+02  3.782581E+00
  7.985000E+02  4.164148E+00
  7.990000E+02  4.413064E+00
  7.995000E+02  4.505850E+00
  8.000000E+02  4.427021E+00
  8.005000E+02  4.170150E+00
  8.010000E+02  3.738348E+00
  8.015000E+02  3.144150E+00
  8.020000E+02  2.408823E+00
  8.025000E+02  1.561157E+00
  8.030000E+02  6.358240E-01
  8.035000E+02 -3.285769E-01
  8.040000E+02 -1.291647E+00
  8.045000E+02 -2.213360E+00
  8.050000E+02 -3.056132E+00
  8.055000E+02 -3.786677E+00
  8.060000E+02 -4.377531E+00
  8.065000E+02 -4.808192E+00
  8.070000E+02 -5.065802E+00
  8.075000E+02 -5.145393E+00
  8.080000E+02 -5.049682E+00
  8.085000E+02 -4.788494E+00
  8.090000E+02 -4.377850E+00
  8.095000E+02 -3.838823E+00
  8.100000E+02 -3.196249E+00
  8.105000E+02 -2.477372E+00
  8.110000E+02 -1.710525E+00
  8.115000E+02 -9.239021E-01
  8.120000E+02 -1.444874E-01
  8.125000E+02  6.028232E-01
  8.130000E+02  1.295896E+00
  8.135000E+02  1.915824E+00
  8.140000E+02  2.447200E+00
  8.145000E+02  2.878226E+00
  8.150000E+02  3.200698E+00
  8.155000E+02  3.409891E+00
  8.160000E+02  3.504392E+00
  8.165000E+02  3.485911E+00
  8.170000E+02  3.359073E+00
  8.175000E+02  3.131228E+00
  8.180000E+02  2.812252E+00
  8.185000E+02  2.414355E+00
  8.190000E+02  1.951861E+00
  8.195000E+02  1.440952E+00
  8.200000E+02  8.993457E-01
  8.205000E+02  3.459033E-01
  8.210000E+02 -1.998609E-01
  8.215000E+02 -7.183558E-01
  8.220000E+02 -1.190575E+00
  8.225000E+02 -1.598822E+00
  8.230000E+02 -1.927463E+00
  8.235000E+02 -2.163683E+00
  8.240000E+02 -2.298170E+00
  8.245000E+02 -2.325718E+00
  8.250000E+02 -2.245656E+00
  8.255000E+02 -2.062099E+00
  8.260000E+02 -1.783961E+00
  8.265000E+02 -1.424718E+00
  8.270000E+02 -1.001923E+00
  8.275000E+02 -5.364631E-01
  8.280000E+02 -5.160609E-02
  8.285000E+02  4.281292E-01
  8.290000E+02  8.782214E-01
  8.295000E+02  1.275444E+00
  8.300000E+02  1.599136E+00
  8.305000E+02  1.832375E+00
  8.310000E+02  1.962970E+00
  8.315000E+02  1.984219E+00
  8.320000E+02  1.895377E+00
  8.325000E+02  1.701784E+00
  8.330000E+02  1.414662E+00
  8.335000E+02  1.050558E+00
  8.340000E+02  6.304783E-01
  8.345000E+02  1.787385E-01
  8.350000E+02 -2.783896E-01
  8.355000E+02 -7.141729E-01
  8.360000E+02 -1.102963E+00
  8.365000E+02 -1.421700E+00
  8.370000E+02 -1.651294E+00
  8.375000E+02 -1.777794E+00
  8.380000E+02 -1.793265E+00
  8.385000E+02 -1.696344E+00
  8.390000E+02 -1.492403E+00
  8.395000E+02 -1.193336E+00
  8.400000E+02 -8.169498E-01
  8.405000E+02 -3.860185E-01
  8.410000E+02  7.297413E-02
  8.415000E+02  5.313155E-01
  8.420000E+02  9.596934E-01
  8.425000E+02  1.329879E+00
  8.430000E+02  1.616365E+00
  8.435000E+02  1.797870E+00
  8.440000E+02  1.858617E+00
  8.445000E+02  1.789314E+00
  8.450000E+02  1.587787E+00
  8.455000E+02  1.259219E+00
  8.460000E+02  8.159901E-01
  8.465000E+02  2.771251E-01
  8.470000E+02 -3.326156E-01
  8.475000E+02 -9.839552E-01
  8.480000E+02 -1.644556E+00
  8.485000E+02 -2.280630E+00
  8.490000E+02 -2.858625E+00
  8.495000E+02 -3.346880E+00
  8.500000E+02 -3.717178E+00
  8.505000E+02 -3.946113E+00
  8.510000E+02 -4.016203E+00
  8.515000E+02 -3.916706E+00
  8.520000E+02 -3.644098E+00
  8.525000E+02 -3.202215E+00
  8.530000E+02 -2.602050E+00
  8.535000E+02 -1.861240E+00
  8.540000E+02 -1.003280E+00
  8.545000E+02 -5.650948E-02
  8.550000E+02  9.470701E-01
  8.555000E+02  1.973076E+00
  8.560000E+02  2.986076E+00
  8.565000E+02  3.950897E+00
  8.570000E+02  4.833873E+00
  8.575000E+02  5.603978E+00
  8.580000E+02  6.233812E+00
  8.585000E+02  6.700428E+00
  8.590000E+02  6.985962E+00
  8.595000E+02  7.078085E+00
  8.600000E+02  6.970270E+00
  8.605000E+02  6.661883E+00
  8.610000E+02  6.158103E+00
  8.615000E+02  5.469706E+00
  8.620000E+02  4.612708E+00
  8.625000E+02  3.607897E+00
  8.630000E+02  2.480255E+00
  8.635000E+02  1.258302E+00
  8.640000E+02 -2.664598E-02
  8.645000E+02 -1.341274E+00
  8.650000E+02 -2.651119E+00
  8.655000E+02 -3.921461E+00
  8.660000E+02 -5.118228E+00
  8.665000E+02 -6.208906E+00
  8.670000E+02 -7.163435E+00
  8.675000E+02 -7.955056E+00
  8.680000E+02 -8.561094E+00
  8.685000E+02 -8.963650E+00
  8.690000E+02 -9.150173E+00
  8.695000E+02 -9.113887E+00
  8.700000E+02 -8.854053E+00
  8.705000E+02 -8.376063E+00
  8.710000E+02 -7.691327E+00
  8.715000E+02 -6.816988E+00
  8.720000E+02 -5.775435E+00
  8.725000E+02 -4.593653E+00
  8.730000E+02 -3.302413E+00
  8.735000E+02 -1.935348E+00
  8.740000E+02 -5.279229E-01
  8.745000E+02  8.836413E-01
  8.750000E+02  2.263462E+00
  8.755000E+02  3.577068E+00
  8.760000E+02  4.792406E+00
  8.765000E+02  5.880758E+00
  8.770000E+02  6.817519E+00
  8.775000E+02  7.582837E+00
  8.780000E+02  8.162063E+00
  8.785000E+02  8.546034E+00
  8.790000E+02  8.731155E+00
  8.795000E+02  8.719304E+00
  8.800000E+02  8.517551E+00
  8.805000E+02  8.137730E+00
  8.810000E+02  7.595852E+00
  8.815000E+02  6.911420E+00
  8.820000E+02  6.106648E+00
  8.825000E+02  5.205629E+00
  8.830000E+02  4.233479E+00
  8.835000E+02  3.215497E+00
  8.840000E+02  2.176364E+00
  8.845000E+02  1.139420E+00
  8.850000E+02  1.260416E-01
  8.855000E+02 -8.448602E-01
  8.860000E+02 -1.757198E+00
  8.865000E+02 -2.597916E+00
  8.870000E+02 -3.357050E+00
  8.875000E+02 -4.027627E+00
  8.880000E+02 -4.605447E+00
  8.885000E+02 -5.088727E+00
  8.890000E+02 -5.477678E+00
  8.895000E+02 -5.774007E+00
  8.900000E+02 -5.980409E+00
  8.905000E+02 -6.100072E+00
  8.910000E+02 -6.136229E+00
  8.915000E+02 -6.091808E+00
  8.920000E+02 -5.969187E+00
  8.925000E+02 -5.770083E+00
  8.930000E+02 -5.495593E+00
  8.935000E+02 -5.146373E+00
  8.940000E+02 -4.722951E+00
  8.945000E+02 -4.226153E+00
  8.950000E+02 -3.657600E+00
  8.955000E+02 -3.020249E+00
  8.960000E+02 -2.318916E+00
  8.965000E+02 -1.560739E+00
  8.970000E+02 -7.555414E-01
  8.975000E+02  8.396601E-02
  8.980000E+02  9.421643E-01
  8.985000E+02  1.800717E+00
  8.990000E+02  2.638983E+00
  8.995000E+02  3.434639E+00
  9.000000E+02  4.164505E+00
  9.005000E+02  4.805518E+00
  9.010000E+02  5.335819E+00
  9.015000E+02  5.735884E+00
  9.020000E+02  5.989637E+00
  9.025000E+02  6.085463E+00
  9.030000E+02  6.017071E+00
  9.035000E+02  5.784117E+00
  9.040000E+02  5.392569E+00
  9.045000E+02  4.854741E+00
  9.050000E+02  4.189012E+00
  9.055000E+02  3.419202E+00
  9.060000E+02  2.573644E+00
  9.065000E+02  1.683994E+00
  9.070000E+02  7.838176E-01
  9.075000E+02 -9.294253E-02
  9.080000E+02 -9.135627E-01
  9.085000E+02 -1.648093E+00
  9.090000E+02 -2.270789E+00
  9.095000E+02 -2.761336E+00
  9.100000E+02 -3.105800E+00
  9.105000E+02 -3.297240E+00
  9.110000E+02 -3.335956E+00
  9.115000E+02 -3.229360E+00
  9.120000E+02 -2.991460E+00
  9.125000E+02 -2.642018E+00
  9.130000E+02 -2.205401E+00
  9.135000E+02 -1.709220E+00
  9.140000E+02 -1.182819E+00
  9.145000E+02 -6.557149E-01
  9.150000E+02 -1.560684E-01
  9.155000E+02  2.907192E-01
  9.160000E+02  6.632104E-01
  9.165000E+02  9.448733E-01
  9.170000E+02  1.124714E+00
  9.175000E+02  1.197577E+00
  9.180000E+02  1.164103E+00
  9.185000E+02  1.030373E+00
  9.190000E+02  8.072685E-01
  9.195000E+02  5.095957E-01
  9.200000E+02  1.550563E-01
  9.205000E+02 -2.368776E-01
  9.210000E+02 -6.460991E-01
  9.215000E+02 -1.052944E+00
  9.220000E+02 -1.439143E+00
  9.225000E+02 -1.788599E+00
  9.230000E+02 -2.087950E+00
  9.235000E+02 -2.326899E+00
  9.240000E+02 -2.498317E+00
  9.245000E+02 -2.598122E+00
  9.250000E+02 -2.624990E+00
  9.255000E+02 -2.579914E+00
  9.260000E+02 -2.465696E+00
  9.265000E+02 -2.286403E+00
  9.270000E+02 -2.046858E+00
  9.275000E+02 -1.752215E+00
  9.280000E+02 -1.407649E+00
  9.285000E+02 -1.018192E+00
  9.290000E+02 -5.887224E-01
  9.295000E+02 -1.241088E-01
  9.300000E+02  3.705297E-01
  9.305000E+02  8.894698E-01
  9.310000E+02  1.425991E+00
  9.315000E+02  1.971996E+00
  9.320000E+02  2.517699E+00
  9.325000E+02  3.051431E+00
  9.330000E+02  3.559618E+00
  9.335000E+02  4.026944E+00
  9.340000E+02  4.436727E+00
  9.345000E+02  4.771508E+00
  9.350000E+02  5.013816E+00
  9.355000E+02  5.147087E+00
  9.360000E+02  5.156671E+00
  9.365000E+02  5.030865E+00
  9.370000E+02  4.761899E+00
  9.375000E+02  4.346801E+00
  9.380000E+02  3.788063E+00
  9.385000E+02  3.094062E+00
  9.390000E+02  2.279171E+00
  9.395000E+02  1.363551E+00
  9.400000E+02  3.726031E-01
  9.405000E+02 -6.638998E-01
  9.410000E+02 -1.712958E+00
  9.415000E+02 -2.739720E+00
  9.420000E+02 -3.709001E+00
  9.425000E+02 -4.586881E+00
  9.430000E+02 -5.342266E+00
  9.435000E+02 -5.948346E+00
  9.440000E+02 -6.383849E+00
  9.445000E+02 -6.634033E+00
  9.450000E+02 -6.691344E+00
  9.455000E+02 -6.555722E+00
  9.460000E+02 -6.234527E+00
  9.465000E+02 -5.742100E+00
  9.470000E+02 -5.098991E+00
  9.475000E+02 -4.330894E+00
  9.480000E+02 -3.467370E+00
  9.485000E+02 -2.540412E+00
  9.490000E+02 -1.582957E+00
  9.495000E+02 -6.274095E-01
  9.500000E+02  2.957407E-01
  9.505000E+02  1.159133E+00
  9.510000E+02  1.939531E+00
  9.515000E+02  2.618565E+00
  9.520000E+02  3.183177E+00
  9.525000E+02  3.625791E+00
  9.530000E+02  3.944199E+00
  9.535000E+02  4.141190E+00
  9.540000E+02  4.223968E+00
  9.545000E+02  4.203400E+00
  9.550000E+02  4.093146E+00
  9.555000E+02  3.908721E+00
  9.560000E+02  3.666557E+00
  9.565000E+02  3.383094E+00
  9.570000E+02  3.073959E+00
  9.575000E+02  2.753259E+00
  9.580000E+02  2.433019E+00
  9.585000E+02  2.122779E+00
  9.590000E+02  1.829361E+00
  9.595000E+02  1.556801E+00
  9.600000E+02  1.306439E+00
  9.605000E+02  1.077154E+00
  9.610000E+02  8.657169E-01
  9.615000E+02  6.672439E-01
  9.620000E+02  4.757188E-01
  9.625000E+02  2.845527E-01
  9.630000E+02  8.715567E-02
  9.635000E+02 -1.225132E-01
  9.640000E+02 -3.494417E-01
  9.645000E+02 -5.971342E-01
  9.650000E+02 -8.672750E-01
  9.655000E+02 -1.159503E+00
  9.660000E+02 -1.471306E+00
  9.665000E+02 -1.798051E+00
  9.670000E+02 -2.133126E+00
  9.675000E+02 -2.468214E+00
  9.680000E+02 -2.793663E+00
  9.685000E+02 -3.098930E+00
  9.690000E+02 -3.373093E+00
  9.695000E+02 -3.605376E+00
  9.700000E+02 -3.785668E+00
  9.705000E+02 -3.905002E+00
  9.710000E+02 -3.955964E+00
  9.715000E+02 -3.933004E+00
  9.720000E+02 -3.832640E+00
  9.725000E+02 -3.653536E+00
  9.730000E+02 -3.396458E+00
  9.735000E+02 -3.064126E+00
  9.740000E+02 -2.660969E+00
  9.745000E+02 -2.192821E+00
  9.750000E+02 -1.666585E+00
  9.755000E+02 -1.089908E+00
  9.760000E+02 -4.708912E-01
  9.765000E+02  1.821148E-01
  9.770000E+02  8.606288E-01
  9.775000E+02  1.556039E+00
  9.780000E+02  2.259494E+00
  9.785000E+02  2.961697E+00
  9.790000E+02  3.652623E+00
  9.795000E+02  4.321207E+00
  9.800000E+02  4.955047E+00
  9.805000E+02  5.540169E+00
  9.810000E+02  6.060924E+00
  9.815000E+02  6.500045E+00
  9.820000E+02  6.838922E+00
  9.825000E+02  7.058112E+00
  9.830000E+02  7.138083E+00
  9.835000E+02  7.060193E+00
  9.840000E+02  6.807849E+00
  9.845000E+02  6.367791E+00
  9.850000E+02  5.731436E+00
  9.855000E+02  4.896160E+00
  9.860000E+02  3.866453E+00
  9.865000E+02  2.654809E+00
  9.870000E+02  1.282289E+00
  9.875000E+02 -2.213481E-01
  9.880000E+02 -1.817986E+00
  9.885000E+02 -3.462006E+00
  9.890000E+02 -5.101641E+00
  9.895000E+02 -6.680800E+00
  9.900000E+02 -8.141289E+00
  9.905000E+02 -9.425318E+00
  9.910000E+02 -1.047819E+01
  9.915000E+02 -1.125099E+01
  9.920000E+02 -1.170316E+01
  9.925000E+02 -1.180479E+01
  9.930000E+02 -1.153847E+01
  9.935000E+02 -1.090061E+01
  9.940000E+02 -9.902119E+00
  9.945000E+02 -8.568389E+00
  9.950000E+02 -6.938607E+00
  9.955000E+02 -5.064350E+00
  9.960000E+02 -3.007588E+00
  9.965000E+02 -8.381729E-01
  9.970000E+02  1.369055E+00
  9.975000E+02  3.537397E+00
  9.980000E+02  5.591488E+00
  9.985000E+02  7.460416E+00
  9.990000E+02  9.080582E+00
  9.995000E+02  1.039820E+01
  1.000000E+03  1.137129E+01
  1.000500E+03  1.197116E+01
  1.001000E+03  1.218319E+01
  1.001500E+03  1.200708E+01
  1.002000E+03  1.145644E+01
  1.002500E+03  1.055789E+01
  1.003000E+03  9.349588E+00
  1.003500E+03  7.879473E+00
  1.004000E+03  6.203143E+00
  1.004500E+03  4.381595E+00
  1.005000E+03  2.478865E+00
  1.005500E+03  5.596904E-01
  1.006000E+03 -1.312729E+00
  1.006500E+03 -3.078806E+00
  1.007000E+03 -4.684408E+00
  1.007500E+03 -6.082440E+00
  1.008000E+03 -7.234132E+00
  1.008500E+03 -8.110020E+00
  1.009000E+03 -8.690600E+00
  1.009500E+03 -8.966681E+00
  1.010000E+03 -8.939409E+00
  1.010500E+03 -8.619997E+00
  1.011000E+03 -8.029156E+00
  1.011500E+03 -7.196251E+00
  1.012000E+03 -6.158193E+00
  1.012500E+03 -4.958097E+00
  1.013000E+03 -3.643736E+00
  1.013500E+03 -2.265826E+00
  1.014000E+03 -8.761953E-01
  1.014500E+03  4.741076E-01
  1.015000E+03  1.736702E+00
  1.015500E+03  2.867688E+00
  1.016000E+03  3.829301E+00
  1.016500E+03  4.591349E+00
  1.017000E+03  5.132342E+00
  1.017500E+03  5.440271E+00
  1.018000E+03  5.512973E+00
  1.018500E+03  5.358067E+00
  1.019000E+03  4.992449E+00
  1.019500E+03  4.441355E+00
  1.020000E+03  3.737045E+00
  1.020500E+03  2.917166E+00
  1.021000E+03  2.022872E+00
  1.021500E+03  1.096806E+00
  1.022000E+03  1.810508E-01
  1.022500E+03 -6.848425E-01
  1.023000E+03 -1.465645E+00
  1.023500E+03 -2.131954E+00
  1.024000E+03 -2.661347E+00
  1.024500E+03 -3.039115E+00
  1.025000E+03 -3.258554E+00
  1.025500E+03 -3.320817E+00
  1.026000E+03 -3.234338E+00
  1.026500E+03 -3.013898E+00
  1.027000E+03 -2.679386E+00
  1.027500E+03 -2.254360E+00
  1.028000E+03 -1.764503E+00
  1.028500E+03 -1.236065E+00
  1.029000E+03 -6.944052E-01
  1.029500E+03 -1.627100E-01
  1.030000E+03  3.390419E-01
  1.030500E+03  7.948127E-01
  1.031000E+03  1.192914E+00
  1.031500E+03  1.526089E+00
  1.032000E+03  1.791281E+00
  1.032500E+03  1.989148E+00
  1.033000E+03  2.123352E+00
  1.033500E+03  2.199729E+00
  1.034000E+03  2.225379E+00
  1.034500E+03  2.207782E+00
  1.035000E+03  2.153992E+00
  1.035500E+03  2.069981E+00
  1.036000E+03  1.960165E+00
  1.036500E+03  1.827165E+00
  1.037000E+03  1.671780E+00
  1.037500E+03  1.493195E+00
  1.038000E+03  1.289377E+00
  1.038500E+03  1.057628E+00
  1.039000E+03  7.952369E-01
  1.039500E+03  5.001739E-01
  1.040000E+03  1.717655E-01
  1.040500E+03 -1.887153E-01
  1.041000E+03 -5.775913E-01
  1.041500E+03 -9.885040E-01
  1.042000E+03 -1.412345E+00
  1.042500E+03 -1.837411E+00
  1.043000E+03 -2.249782E+00
  1.043500E+03 -2.633905E+00
  1.044000E+03 -2.973342E+00
  1.044500E+03 -3.251656E+00
  1.045000E+03 -3.453351E+00
  1.045500E+03 -3.564834E+00
  1.046000E+03 -3.575312E+00
  1.046500E+03 -3.477576E+00
  1.047000E+03 -3.268613E+00
  1.047500E+03 -2.950002E+00
  1.048000E+03 -2.528063E+00
  1.048500E+03 -2.013745E+00
  1.049000E+03 -1.422250E+00
  1.049500E+03 -7.724136E-01
  1.050000E+03 -8.587734E-02
  1.050500E+03  6.139031E-01
  1.051000E+03  1.302755E+00
  1.051500E+03  1.956922E+00
  1.052000E+03  2.554178E+00
  1.052500E+03  3.074832E+00
  1.053000E+03  3.502598E+00
  1.053500E+03  3.825246E+00
  1.054000E+03  4.035021E+00
  1.054500E+03  4.128806E+00
  1.055000E+03  4.108017E+00
  1.055500E+03  3.978261E+00
  1.056000E+03  3.748767E+00
  1.056500E+03  3.431666E+00
  1.057000E+03  3.041140E+00
  1.057500E+03  2.592533E+00
  1.058000E+03  2.101469E+00
  1.058500E+03  1.583051E+00
  1.059000E+03  1.051182E+00
  1.059500E+03  5.180584E-01
  1.060000E+03 -6.131977E-03
  1.060500E+03 -5.133137E-01
  1.061000E+03 -9.974181E-01
  1.061500E+03 -1.454101E+00
  1.062000E+03 -1.880320E+00
  1.062500E+03 -2.273814E+00
  1.063000E+03 -2.632554E+00
  1.063500E+03 -2.954212E+00
  1.064000E+03 -3.235711E+00
  1.064500E+03 -3.472902E+00
  1.065000E+03 -3.660411E+00
  1.065500E+03 -3.791680E+00
  1.066000E+03 -3.859208E+00
  1.066500E+03 -3.854975E+00
  1.067000E+03 -3.771045E+00
  1.067500E+03 -3.600278E+00
  1.068000E+03 -3.337121E+00
  1.068500E+03 -2.978404E+00
  1.069000E+03 -2.524078E+00
  1.069500E+03 -1.977836E+00
  1.070000E+03 -1.347555E+00
  1.070500E+03 -6.455109E-01
  1.071000E+03  1.116570E-01
  1.071500E+03  9.032643E-01
  1.072000E+03  1.705167E+00
  1.072500E+03  2.490605E+00
  1.073000E+03  3.231257E+00
  1.073500E+03  3.898469E+00
  1.074000E+03  4.464581E+00
  1.074500E+03  4.904292E+00
  1.075000E+03  5.195978E+00
  1.075500E+03  5.322897E+00
  1.076000E+03  5.274215E+00
  1.076500E+03  5.045785E+00
  1.077000E+03  4.640632E+00
  1.077500E+03  4.069118E+00
  1.078000E+03  3.348764E+00
  1.078500E+03  2.503733E+00
  1.079000E+03  1.563979E+00
  1.079500E+03  5.641208E-01
  1.080000E+03 -4.579448E-01
  1.080500E+03 -1.462600E+00
  1.081000E+03 -2.410184E+00
  1.081500E+03 -3.262711E+00
  1.082000E+03 -3.985544E+00
  1.082500E+03 -4.548954E+00
  1.083000E+03 -4.929495E+00
  1.083500E+03 -5.111116E+00
  1.084000E+03 -5.085964E+00
  1.084500E+03 -4.854846E+00
  1.085000E+03 -4.427296E+00
  1.085500E+03 -3.821272E+00
  1.086000E+03 -3.062467E+00
  1.086500E+03 -2.183266E+00
  1.087000E+03 -1.221399E+00
  1.087500E+03 -2.183395E-01
  1.088000E+03  7.824775E-01
  1.088500E+03  1.737539E+00
  1.089000E+03  2.605157E+00
  1.089500E+03  3.347294E+00
  1.090000E+03  3.931244E+00
  1.090500E+03  4.331078E+00
  1.091000E+03  4.528788E+00
  1.091500E+03  4.515090E+00
  1.092000E+03  4.289841E+00
  1.092500E+03  3.862047E+00
  1.093000E+03  3.249485E+00
  1.093500E+03  2.477934E+00
  1.094000E+03  1.580073E+00
  1.094500E+03  5.940854E-01
  1.095000E+03 -4.379530E-01
  1.095500E+03 -1.471848E+00
  1.096000E+03 -2.463128E+00
  1.096500E+03 -3.368885E+00
  1.097000E+03 -4.149532E+00
  1.097500E+03 -4.770424E+00
  1.098000E+03 -5.203256E+00
  1.098500E+03 -5.427213E+00
  1.099000E+03 -5.429814E+00
  1.099500E+03 -5.207434E+00
  1.100000E+03 -4.765484E+00
  1.100500E+03 -4.118244E+00
  1.101000E+03 -3.288358E+00
  1.101500E+03 -2.306013E+00
  1.102000E+03 -1.207817E+00
  1.102500E+03 -3.543075E-02
  1.103000E+03  1.166022E+00
  1.103500E+03  2.349697E+00
  1.104000E+03  3.468878E+00
  1.104500E+03  4.478854E+00
  1.105000E+03  5.338767E+00
  1.105500E+03  6.013343E+00
  1.106000E+03  6.474443E+00
  1.106500E+03  6.702360E+00
  1.107000E+03  6.686783E+00
  1.107500E+03  6.427385E+00
  1.108000E+03  5.933983E+00
  1.108500E+03  5.226242E+00
  1.109000E+03  4.332918E+00
  1.109500E+03  3.290659E+00
  1.110000E+03  2.142397E+00
  1.110500E+03  9.354097E-01
  1.111000E+03 -2.808713E-01
  1.111500E+03 -1.457190E+00
  1.112000E+03 -2.546817E+00
  1.112500E+03 -3.507789E+00
  1.113000E+03 -4.304912E+00
  1.113500E+03 -4.911408E+00
  1.114000E+03 -5.310112E+00
  1.114500E+03 -5.494132E+00
  1.115000E+03 -5.466939E+00
  1.115500E+03 -5.241880E+00
  1.116000E+03 -4.841135E+00
  1.116500E+03 -4.294195E+00
  1.117000E+03 -3.635950E+00
  1.117500E+03 -2.904527E+00
  1.118000E+03 -2.139003E+00
  1.118500E+03 -1.377154E+00
  1.119000E+03 -6.533834E-01
  1.119500E+03  3.032710E-03
  1.120000E+03  5.692875E-01
  1.120500E+03  1.029885E+00
  1.121000E+03  1.376952E+00
  1.121500E+03  1.610016E+00
  1.122000E+03  1.735301E+00
  1.122500E+03  1.764608E+00
  1.123000E+03  1.713897E+00
  1.123500E+03  1.601686E+00
  1.124000E+03  1.447414E+00
  1.124500E+03  1.269892E+00
  1.125000E+03  1.085958E+00
  1.125500E+03  9.094438E-01
  1.126000E+03  7.505052E-01
  1.126500E+03  6.153541E-01
  1.127000E+03  5.063812E-01
  1.127500E+03  4.226298E-01
  1.128000E+03  3.605475E-01
  1.128500E+03  3.149239E-01
  1.129000E+03  2.799056E-01
  1.129500E+03  2.499812E-01
  1.130000E+03  2.208332E-01
  1.130500E+03  1.899754E-01
  1.131000E+03  1.571133E-01
  1.131500E+03  1.242023E-01
  1.132000E+03  9.520254E-02
  1.132500E+03  7.556762E-02
  1.133000E+03  7.152548E-02
  1.133500E+03  8.923355E-02
  1.134000E+03  1.339009E-01
  1.134500E+03  2.089727E-01
  1.135000E+03  3.154657E-01
  1.135500E+03  4.515272E-01
  1.136000E+03  6.122670E-01
  1.136500E+03  7.898857E-01
  1.137000E+03  9.740909E-01
  1.137500E+03  1.152767E+00
  1.138000E+03  1.312840E+00
  1.138500E+03  1.441251E+00
  1.139000E+03  1.525962E+00
  1.139500E+03  1.556893E+00
  1.140000E+03  1.526708E+00
  1.140500E+03  1.431383E+00
  1.141000E+03  1.270512E+00
  1.141500E+03  1.047319E+00
  1.142000E+03  7.683957E-01
  1.142500E+03  4.431846E-01
  1.143000E+03  8.326961E-02
  1.143500E+03 -2.984558E-01
  1.144000E+03 -6.886649E-01
  1.144500E+03 -1.074434E+00
  1.145000E+03 -1.443966E+00
  1.145500E+03 -1.787141E+00
  1.146000E+03 -2.095856E+00
  1.146500E+03 -2.364133E+00
  1.147000E+03 -2.588006E+00
  1.147500E+03 -2.765228E+00
  1.148000E+03 -2.894834E+00
  1.148500E+03 -2.976633E+00
  1.149000E+03 -3.010702E+00
  1.149500E+03 -2.996946E+00
  1.150000E+03 -2.934792E+00
  1.150500E+03 -2.823051E+00
  1.151000E+03 -2.659981E+00
  1.151500E+03 -2.443550E+00
  1.152000E+03 -2.171871E+00
  1.152500E+03 -1.843772E+00
  1.153000E+03 -1.459429E+00
  1.153500E+03 -1.021002E+00
  1.154000E+03 -5.331818E-01
  1.154500E+03 -3.585241E-03
  1.155000E+03  5.570621E-01
  1.155500E+03  1.135005E+00
  1.156000E+03  1.713813E+00
  1.156500E+03  2.275008E+00
  1.157000E+03  2.798928E+00
  1.157500E+03  3.265777E+00
  1.158000E+03  3.656782E+00
  1.158500E+03  3.955368E+00
  1.159000E+03  4.148264E+00
  1.159500E+03  4.226444E+00
  1.160000E+03  4.185826E+00
  1.160500E+03  4.027663E+00
  1.161000E+03  3.758600E+00
  1.161500E+03  3.390373E+00
  1.162000E+03  2.939171E+00
  1.162500E+03  2.424706E+00
  1.163000E+03  1.869053E+00
  1.163500E+03  1.295355E+00
  1.164000E+03  7.264614E-01
  1.164500E+03  1.836317E-01
  1.165000E+03 -3.146354E-01
  1.165500E+03 -7.535476E-01
  1.166000E+03 -1.122686E+00
  1.166500E+03 -1.416355E+00
  1.167000E+03 -1.633593E+00
  1.167500E+03 -1.777872E+00
  1.168000E+03 -1.856503E+00
  1.168500E+03 -1.879812E+00
  1.169000E+03 -1.860165E+00
  1.169500E+03 -1.810900E+00
  1.170000E+03 -1.745272E+00
  1.170500E+03 -1.675477E+00
  1.171000E+03 -1.611813E+00
  1.171500E+03 -1.562060E+00
  1.172000E+03 -1.531082E+00
  1.172500E+03 -1.520689E+00
  1.173000E+03 -1.529739E+00
  1.173500E+03 -1.554469E+00
  1.174000E+03 -1.589004E+00
  1.174500E+03 -1.625999E+00
  1.175000E+03 -1.657356E+00
  1.175500E+03 -1.674943E+00
  1.176000E+03 -1.671278E+00
  1.176500E+03 -1.640106E+00
  1.177000E+03 -1.576839E+00
  1.177500E+03 -1.478828E+00
  1.178000E+03 -1.345463E+00
  1.178500E+03 -1.178090E+00
  1.179000E+03 -9.797791E-01
  1.179500E+03 -7.549581E-01
  1.180000E+03 -5.089677E-01
  1.180500E+03 -2.475702E-01
  1.181000E+03  2.353178E-02
  1.181500E+03  2.991244E-01
  1.182000E+03  5.748165E-01
  1.182500E+03  8.472482E-01
  1.183000E+03  1.114154E+00
  1.183500E+03  1.374274E+00
  1.184000E+03  1.627119E+00
  1.184500E+03  1.872612E+00
  1.185000E+03  2.110644E+00
  1.185500E+03  2.340574E+00
  1.186000E+03  2.560742E+00
  1.186500E+03  2.768034E+00
  1.187000E+03  2.957558E+00
  1.187500E+03  3.122471E+00
  1.188000E+03  3.254001E+00
  1.188500E+03  3.341680E+00
  1.189000E+03  3.373797E+00
  1.189500E+03  3.338062E+00
  1.190000E+03  3.222445E+00
  1.190500E+03  3.016146E+00
  1.191000E+03  2.710641E+00
  1.191500E+03  2.300710E+00
  1.192000E+03  1.785396E+00
  1.192500E+03  1.168782E+00
  1.193000E+03  4.605409E-01
  1.193500E+03 -3.238320E-01
  1.194000E+03 -1.163133E+00
  1.194500E+03 -2.030946E+00
  1.195000E+03 -2.896518E+00
  1.195500E+03 -3.725986E+00
  1.196000E+03 -4.483909E+00
  1.196500E+03 -5.135021E+00
  1.197000E+03 -5.646111E+00
  1.197500E+03 -5.987919E+00
  1.198000E+03 -6.136930E+00
  1.198500E+03 -6.076949E+00
  1.199000E+03 -5.800341E+00
  1.199500E+03 -5.308855E+00
  1.200000E+03 -4.613965E+00
  1.200500E+03 -3.736675E+00
  1.201000E+03 -2.706809E+00
  1.201500E+03 -1.561781E+00
  1.202000E+03 -3.449478E-01
  1.202500E+03  8.964033E-01
  1.203000E+03  2.113293E+00
  1.203500E+03  3.257395E+00
  1.204000E+03  4.283350E+00
  1.204500E+03  5.150914E+00
  1.205000E+03  5.826818E+00
  1.205500E+03  6.286244E+00
  1.206000E+03  6.513824E+00
  1.206500E+03  6.504137E+00
  1.207000E+03  6.261673E+00
  1.207500E+03  5.800302E+00
  1.208000E+03  5.142284E+00
  1.208500E+03  4.316910E+00
  1.209000E+03  3.358865E+00
  1.209500E+03  2.306423E+00
  1.210000E+03  1.199589E+00
  1.210500E+03  7.830042E-02
  1.211000E+03 -1.019227E+00
  1.211500E+03 -2.057910E+00
  1.212000E+03 -3.006922E+00
  1.212500E+03 -3.840495E+00
  1.213000E+03 -4.538383E+00
  1.213500E+03 -5.086012E+00
  1.214000E+03 -5.474349E+00
  1.214500E+03 -5.699537E+00
  1.215000E+03 -5.762366E+00
  1.215500E+03 -5.667636E+00
  1.216000E+03 -5.423485E+00
  1.216500E+03 -5.040735E+00
  1.217000E+03 -4.532301E+00
  1.217500E+03 -3.912692E+00
  1.218000E+03 -3.197637E+00
  1.218500E+03 -2.403811E+00
  1.219000E+03 -1.548673E+00
  1.219500E+03 -6.503710E-01
  1.220000E+03  2.723022E-01
  1.220500E+03  1.199950E+00
  1.221000E+03  2.112641E+00
  1.221500E+03  2.990043E+00
  1.222000E+03  3.811639E+00
  1.222500E+03  4.557054E+00
  1.223000E+03  5.206481E+00
  1.223500E+03  5.741211E+00
  1.224000E+03  6.144241E+00
  1.224500E+03  6.400930E+00
  1.225000E+03  6.499670E+00
  1.225500E+03  6.432523E+00
  1.226000E+03  6.195786E+00
  1.226500E+03  5.790443E+00
  1.227000E+03  5.222455E+00
  1.227500E+03  4.502871E+00
  1.228000E+03  3.647739E+00
  1.228500E+03  2.677789E+00
  1.229000E+03  1.617921E+00
  1.229500E+03  4.964855E-01
  1.230000E+03 -6.555966E-01
  1.230500E+03 -1.805853E+00
  1.231000E+03 -2.921364E+00
  1.231500E+03 -3.969908E+00
  1.232000E+03 -4.921090E+00
  1.232500E+03 -5.747405E+00
  1.233000E+03 -6.425194E+00
  1.233500E+03 -6.935433E+00
  1.234000E+03 -7.264337E+00
  1.234500E+03 -7.403750E+00
  1.235000E+03 -7.351307E+00
  1.235500E+03 -7.110367E+00
  1.236000E+03 -6.689733E+00
  1.236500E+03 -6.103182E+00
  1.237000E+03 -5.368829E+00
  1.237500E+03 -4.508375E+00
  1.238000E+03 -3.546278E+00
  1.238500E+03 -2.508882E+00
  1.239000E+03 -1.423568E+00
  1.239500E+03 -3.179423E-01
  1.240000E+03  7.808918E-01
  1.240500E+03  1.846966E+00
  1.241000E+03  2.855964E+00
  1.241500E+03  3.785636E+00
  1.242000E+03  4.616092E+00
  1.242500E+03  5.330032E+00
  1.243000E+03  5.912887E+00
  1.243500E+03  6.352933E+00
  1.244000E+03  6.641383E+00
  1.244500E+03  6.772479E+00
  1.245000E+03  6.743599E+00
  1.245500E+03  6.555375E+00
  1.246000E+03  6.211835E+00
  1.246500E+03  5.720523E+00
  1.247000E+03  5.092600E+00
  1.247500E+03  4.342878E+00
  1.248000E+03  3.489756E+00
  1.248500E+03  2.555021E+00
  1.249000E+03  1.563497E+00
  1.249500E+03  5.424984E-01
  1.250000E+03 -4.788875E-01
  1.250500E+03 -1.470711E+00
  1.251000E+03 -2.403212E+00
  1.251500E+03 -3.247989E+00
  1.252000E+03 -3.979208E+00
  1.252500E+03 -4.574796E+00
  1.253000E+03 -5.017537E+00
  1.253500E+03 -5.295981E+00
  1.254000E+03 -5.405114E+00
  1.254500E+03 -5.346708E+00
  1.255000E+03 -5.129316E+00
  1.255500E+03 -4.767902E+00
  1.256000E+03 -4.283091E+00
  1.256500E+03 -3.700089E+00
  1.257000E+03 -3.047331E+00
  1.257500E+03 -2.354925E+00
  1.258000E+03 -1.653010E+00
  1.258500E+03 -9.701164E-01
  1.259000E+03 -3.316528E-01
  1.259500E+03  2.413806E-01
  1.260000E+03  7.333702E-01
  1.260500E+03  1.134686E+00
  1.261000E+03  1.441866E+00
  1.261500E+03  1.657372E+00
  1.262000E+03  1.788953E+00
  1.262500E+03  1.848666E+00
  1.263000E+03  1.851630E+00
  1.263500E+03  1.814620E+00
  1.264000E+03  1.754610E+00
  1.264500E+03  1.687376E+00
  1.265000E+03  1.626259E+00
  1.265500E+03  1.581196E+00
  1.266000E+03  1.558059E+00
  1.266500E+03  1.558371E+00
  1.267000E+03  1.579388E+00
  1.267500E+03  1.614536E+00
  1.268000E+03  1.654158E+00
  1.268500E+03  1.686490E+00
  1.269000E+03  1.698793E+00
  1.269500E+03  1.678533E+00
  1.270000E+03  1.614527E+00
  1.270500E+03  1.497952E+00
  1.271000E+03  1.323159E+00
  1.271500E+03  1.088219E+00
  1.272000E+03  7.951992E-01
  1.272500E+03  4.501240E-01
  1.273000E+03  6.267656E-02
  1.273500E+03 -3.543498E-01
  1.274000E+03 -7.857855E-01
  1.274500E+03 -1.214944E+00
  1.275000E+03 -1.624542E+00
  1.275500E+03 -1.997610E+00
  1.276000E+03 -2.318348E+00
  1.276500E+03 -2.572862E+00
  1.277000E+03 -2.749776E+00
  1.277500E+03 -2.840670E+00
  1.278000E+03 -2.840369E+00
  1.278500E+03 -2.747073E+00
  1.279000E+03 -2.562357E+00
  1.279500E+03 -2.291052E+00
  1.280000E+03 -1.941042E+00
  1.280500E+03 -1.522987E+00
  1.281000E+03 -1.049996E+00
  1.281500E+03 -5.372595E-01
  1.282000E+03 -1.638957E-03
  1.282500E+03  5.387816E-01
  1.283000E+03  1.065190E+00
  1.283500E+03  1.558595E+00
  1.284000E+03  2.000424E+00
  1.284500E+03  2.373179E+00
  1.285000E+03  2.661130E+00
  1.285500E+03  2.851028E+00
  1.286000E+03  2.932812E+00
  1.286500E+03  2.900257E+00
  1.287000E+03  2.751531E+00
  1.287500E+03  2.489599E+00
  1.288000E+03  2.122442E+00
  1.288500E+03  1.663026E+00
  1.289000E+03  1.129020E+00
  1.289500E+03  5.422277E-01
  1.290000E+03 -7.225050E-02
  1.290500E+03 -6.870984E-01
  1.291000E+03 -1.274065E+00
  1.291500E+03 -1.805377E+00
  1.292000E+03 -2.255197E+00
  1.292500E+03 -2.601052E+00
  1.293000E+03 -2.825122E+00
  1.293500E+03 -2.915313E+00
  1.294000E+03 -2.866032E+00
  1.294500E+03 -2.678610E+00
  1.295000E+03 -2.361336E+00
  1.295500E+03 -1.929079E+00
  1.296000E+03 -1.402544E+00
  1.296500E+03 -8.071736E-01
  1.297000E+03 -1.717866E-01
  1.297500E+03  4.729739E-01
  1.298000E+03  1.096280E+00
  1.298500E+03  1.668744E+00
  1.299000E+03  2.163934E+00
  1.299500E+03  2.559678E+00
  1.300000E+03  2.839100E+00
  1.300500E+03  2.991321E+00
  1.301000E+03  3.011797E+00
  1.301500E+03  2.902303E+00
  1.302000E+03  2.670564E+00
  1.302500E+03  2.329589E+00
  1.303000E+03  1.896760E+00
  1.303500E+03  1.392744E+00
  1.304000E+03  8.403136E-01
  1.304500E+03  2.631395E-01
  1.305000E+03 -3.153636E-01
  1.305500E+03 -8.730802E-01
  1.306000E+03 -1.390079E+00
  1.306500E+03 -1.849303E+00
  1.307000E+03 -2.237053E+00
  1.307500E+03 -2.543259E+00
  1.308000E+03 -2.761544E+00
  1.308500E+03 -2.889119E+00
  1.309000E+03 -2.926522E+00
  1.309500E+03 -2.877242E+00
  1.310000E+03 -2.747266E+00
  1.310500E+03 -2.544583E+00
  1.311000E+03 -2.278664E+00
  1.311500E+03 -1.959968E+00
  1.312000E+03 -1.599473E+00
  1.312500E+03 -1.208260E+00
  1.313000E+03 -7.971586E-01
  1.313500E+03 -3.764601E-01
  1.314000E+03  4.430203E-02
  1.314500E+03  4.564983E-01
  1.315000E+03  8.524840E-01
  1.315500E+03  1.225617E+00
  1.316000E+03  1.570222E+00
  1.316500E+03  1.881502E+00
  1.317000E+03  2.155421E+00
  1.317500E+03  2.388559E+00
  1.318000E+03  2.577962E+00
  1.318500E+03  2.720991E+00
  1.319000E+03  2.815212E+00
  1.319500E+03  2.858312E+00
  1.320000E+03  2.848083E+00
  1.320500E+03  2.782464E+00
  1.321000E+03  2.659669E+00
  1.321500E+03  2.478377E+00
  1.322000E+03  2.237998E+00
  1.322500E+03  1.938979E+00
  1.323000E+03  1.583145E+00
  1.323500E+03  1.174030E+00
  1.324000E+03  7.171736E-01
  1.324500E+03  2.203397E-01
  1.325000E+03 -3.063761E-01
  1.325500E+03 -8.505772E-01
  1.326000E+03 -1.397762E+00
  1.326500E+03 -1.931690E+00
  1.327000E+03 -2.434928E+00
  1.327500E+03 -2.889536E+00
  1.328000E+03 -3.277888E+00
  1.328500E+03 -3.583565E+00
  1.329000E+03 -3.792267E+00
  1.329500E+03 -3.892685E+00
  1.330000E+03 -3.877277E+00
  1.330500E+03 -3.742864E+00
  1.331000E+03 -3.491026E+00
  1.331500E+03 -3.128224E+00
  1.332000E+03 -2.665663E+00
  1.332500E+03 -2.118865E+00
  1.333000E+03 -1.506981E+00
  1.333500E+03 -8.518933E-01
  1.334000E+03 -1.771368E-01
  1.334500E+03  4.932632E-01
  1.335000E+03  1.135978E+00
  1.335500E+03  1.729501E+00
  1.336000E+03  2.255136E+00
  1.336500E+03  2.697789E+00
  1.337000E+03  3.046510E+00
  1.337500E+03  3.294757E+00
  1.338000E+03  3.440380E+00
  1.338500E+03  3.485334E+00
  1.339000E+03  3.435157E+00
  1.339500E+03  3.298276E+00
  1.340000E+03  3.085195E+00
  1.340500E+03  2.807643E+00
  1.341000E+03  2.477755E+00
  1.341500E+03  2.107352E+00
  1.342000E+03  1.707373E+00
  1.342500E+03  1.287499E+00
  1.343000E+03  8.559766E-01
  1.343500E+03  4.196610E-01
  1.344000E+03 -1.577381E-02
  1.344500E+03 -4.454756E-01
  1.345000E+03 -8.649709E-01
  1.345500E+03 -1.269698E+00
  1.346000E+03 -1.654576E+00
  1.346500E+03 -2.013678E+00
  1.347000E+03 -2.340045E+00
  1.347500E+03 -2.625688E+00
  1.348000E+03 -2.861776E+00
  1.348500E+03 -3.039027E+00
  1.349000E+03 -3.148249E+00
  1.349500E+03 -3.181022E+00
  1.350000E+03 -3.130425E+00
  1.350500E+03 -2.991772E+00
  1.351000E+03 -2.763282E+00
  1.351500E+03 -2.446595E+00
  1.352000E+03 -2.047118E+00
  1.352500E+03 -1.574112E+00
  1.353000E+03 -1.040545E+00
  1.353500E+03 -4.626643E-01
  1.354000E+03  1.406535E-01
  1.354500E+03  7.487655E-01
  1.355000E+03  1.340262E+00
  1.355500E+03  1.894043E+00
  1.356000E+03  2.390394E+00
  1.356500E+03  2.811978E+00
  1.357000E+03  3.144692E+00
  1.357500E+03  3.378307E+00
  1.358000E+03  3.506865E+00
  1.358500E+03  3.528805E+00
  1.359000E+03  3.446820E+00
  1.359500E+03  3.267463E+00
  1.360000E+03  3.000546E+00
  1.360500E+03  2.658383E+00
  1.361000E+03  2.254943E+00
  1.361500E+03  1.804991E+00
  1.362000E+03  1.323271E+00
  1.362500E+03  8.238130E-01
  1.363000E+03  3.193926E-01
  1.363500E+03 -1.788108E-01
  1.364000E+03 -6.613509E-01
  1.364500E+03 -1.120454E+00
  1.365000E+03 -1.549785E+00
  1.365500E+03 -1.944090E+00
  1.366000E+03 -2.298758E+00
  1.366500E+03 -2.609387E+00
  1.367000E+03 -2.871392E+00
  1.367500E+03 -3.079733E+00
  1.368000E+03 -3.228799E+00
  1.368500E+03 -3.312486E+00
  1.369000E+03 -3.324476E+00
  1.369500E+03 -3.258701E+00
  1.370000E+03 -3.109977E+00
  1.370500E+03 -2.874743E+00
  1.371000E+03 -2.551836E+00
  1.371500E+03 -2.143241E+00
  1.372000E+03 -1.654718E+00
  1.372500E+03 -1.096237E+00
  1.373000E+03 -4.821588E-01
  1.373500E+03  1.689015E-01
  1.374000E+03  8.345456E-01
  1.374500E+03  1.489401E+00
  1.375000E+03  2.106246E+00
  1.375500E+03  2.657386E+00
  1.376000E+03  3.116222E+00
  1.376500E+03  3.458887E+00
  1.377000E+03  3.665862E+00
  1.377500E+03  3.723437E+00
  1.378000E+03  3.624915E+00
  1.378500E+03  3.371449E+00
  1.379000E+03  2.972438E+00
  1.379500E+03  2.445417E+00
  1.380000E+03  1.815443E+00
  1.380500E+03  1.113958E+00
  1.381000E+03  3.772110E-01
  1.381500E+03 -3.556928E-01
  1.382000E+03 -1.044999E+00
  1.382500E+03 -1.652635E+00
  1.383000E+03 -2.144510E+00
  1.383500E+03 -2.492643E+00
  1.384000E+03 -2.676972E+00
  1.384500E+03 -2.686716E+00
  1.385000E+03 -2.521203E+00
  1.385500E+03 -2.190084E+00
  1.386000E+03 -1.712926E+00
  1.386500E+03 -1.118186E+00
  1.387000E+03 -4.416243E-01
  1.387500E+03  2.757326E-01
  1.388000E+03  9.899840E-01
  1.388500E+03  1.656929E+00
  1.389000E+03  2.234677E+00
  1.389500E+03  2.686129E+00
  1.390000E+03  2.981175E+00
  1.390500E+03  3.098479E+00
  1.391000E+03  3.026738E+00
  1.391500E+03  2.765343E+00
  1.392000E+03  2.324414E+00
  1.392500E+03  1.724211E+00
  1.393000E+03  9.939598E-01
  1.393500E+03  1.701808E-01
  1.394000E+03 -7.053763E-01
  1.394500E+03 -1.588060E+00
  1.395000E+03 -2.432765E+00
  1.395500E+03 -3.196358E+00
  1.396000E+03 -3.839937E+00
  1.396500E+03 -4.330809E+00
  1.397000E+03 -4.644075E+00
  1.397500E+03 -4.763753E+00
  1.398000E+03 -4.683398E+00
  1.398500E+03 -4.406193E+00
  1.399000E+03 -3.944549E+00
  1.399500E+03 -3.319241E+00
  1.400000E+03 -2.558155E+00
  1.400500E+03 -1.694746E+00
  1.401000E+03 -7.662728E-01
  1.401500E+03  1.880507E-01
  1.402000E+03  1.128919E+00
  1.402500E+03  2.018703E+00
  1.403000E+03  2.823045E+00
  1.403500E+03  3.512222E+00
  1.404000E+03  4.062218E+00
  1.404500E+03  4.455492E+00
  1.405000E+03  4.681410E+00
  1.405500E+03  4.736370E+00
  1.406000E+03  4.623616E+00
  1.406500E+03  4.352793E+00
  1.407000E+03  3.939266E+00
  1.407500E+03  3.403263E+00
  1.408000E+03  2.768875E+00
  1.408500E+03  2.062970E+00
  1.409000E+03  1.314070E+00
  1.409500E+03  5.512204E-01
  1.410000E+03 -1.970997E-01
  1.410500E+03 -9.039967E-01
  1.411000E+03 -1.545083E+00
  1.411500E+03 -2.099278E+00
  1.412000E+03 -2.549466E+00
  1.412500E+03 -2.883000E+00
  1.413000E+03 -3.092048E+00
  1.413500E+03 -3.173755E+00
  1.414000E+03 -3.130245E+00
  1.414500E+03 -2.968439E+00
  1.415000E+03 -2.699711E+00
  1.415500E+03 -2.339382E+00
  1.416000E+03 -1.906075E+00
  1.416500E+03 -1.420939E+00
  1.417000E+03 -9.067737E-01
  1.417500E+03 -3.870901E-01
  1.418000E+03  1.148764E-01
  1.418500E+03  5.771462E-01
  1.419000E+03  9.799389E-01
  1.419500E+03  1.306535E+00
  1.420000E+03  1.544020E+00
  1.420500E+03  1.683867E+00
  1.421000E+03  1.722338E+00
  1.421500E+03  1.660665E+00
  1.422000E+03  1.505002E+00
  1.422500E+03  1.266148E+00
  1.423000E+03  9.590266E-01
  1.423500E+03  6.019685E-01
  1.424000E+03  2.157986E-01
  1.424500E+03 -1.772145E-01
  1.425000E+03 -5.545030E-01
  1.425500E+03 -8.943803E-01
  1.426000E+03 -1.177197E+00
  1.426500E+03 -1.386405E+00
  1.427000E+03 -1.509478E+00
  1.427500E+03 -1.538627E+00
  1.428000E+03 -1.471263E+00
  1.428500E+03 -1.310188E+00
  1.429000E+03 -1.063487E+00
  1.429500E+03 -7.441190E-01
  1.430000E+03 -3.692355E-01
  1.430500E+03  4.074992E-02
  1.431000E+03  4.632839E-01
  1.431500E+03  8.749286E-01
  1.432000E+03  1.252676E+00
  1.432500E+03  1.575244E+00
  1.433000E+03  1.824281E+00
  1.433500E+03  1.985401E+00
  1.434000E+03  2.048989E+00
  1.434500E+03  2.010735E+00
  1.435000E+03  1.871850E+00
  1.435500E+03  1.638971E+00
  1.436000E+03  1.323740E+00
  1.436500E+03  9.421125E-01
  1.437000E+03  5.134126E-01
  1.437500E+03  5.921743E-02
  1.438000E+03 -3.978700E-01
  1.438500E+03 -8.354800E-01
  1.439000E+03 -1.232690E+00
  1.439500E+03 -1.571120E+00
  1.440000E+03 -1.835850E+00
  1.440500E+03 -2.016109E+00
  1.441000E+03 -2.105696E+00
  1.441500E+03 -2.103135E+00
  1.442000E+03 -2.011549E+00
  1.442500E+03 -1.838283E+00
  1.443000E+03 -1.594319E+00
  1.443500E+03 -1.293508E+00
  1.444000E+03 -9.517094E-01
  1.444500E+03 -5.858534E-01
  1.445000E+03 -2.130247E-01
  1.445500E+03  1.504073E-01
  1.446000E+03  4.895532E-01
  1.446500E+03  7.916337E-01
  1.447000E+03  1.046450E+00
  1.447500E+03  1.246687E+00
  1.448000E+03  1.388039E+00
  1.448500E+03  1.469189E+00
  1.449000E+03  1.491632E+00
  1.449500E+03  1.459394E+00
  1.450000E+03  1.378645E+00
  1.450500E+03  1.257259E+00
  1.451000E+03  1.104329E+00
  1.451500E+03  9.296712E-01
  1.452000E+03  7.433239E-01
  1.452500E+03  5.550819E-01
  1.453000E+03  3.740568E-01
  1.453500E+03  2.082882E-01
  1.454000E+03  6.441110E-02
  1.454500E+03 -5.261198E-02
  1.455000E+03 -1.396845E-01
  1.455500E+03 -1.956891E-01
  1.456000E+03 -2.215120E-01
  1.456500E+03 -2.199743E-01
  1.457000E+03 -1.956666E-01
  1.457500E+03 -1.546865E-01
  1.458000E+03 -1.042865E-01
  1.458500E+03 -5.244072E-02
  1.459000E+03 -7.350732E-03
  1.459500E+03  2.308768E-02
  1.460000E+03  3.182595E-02
  1.460500E+03  1.317917E-02
  1.461000E+03 -3.671837E-02
  1.461500E+03 -1.195534E-01
  1.462000E+03 -2.346011E-01
  1.462500E+03 -3.786439E-01
  1.463000E+03 -5.460564E-01
  1.463500E+03 -7.290609E-01
  1.464000E+03 -9.181411E-01
  1.464500E+03 -1.102595E+00
  1.465000E+03 -1.271188E+00
  1.465500E+03 -1.412867E+00
  1.466000E+03 -1.517480E+00
  1.466500E+03 -1.576449E+00
  1.467000E+03 -1.583350E+00
  1.467500E+03 -1.534345E+00
  1.468000E+03 -1.428449E+00
  1.468500E+03 -1.267594E+00
  1.469000E+03 -1.056501E+00
  1.469500E+03 -8.023601E-01
  1.470000E+03 -5.143611E-01
  1.470500E+03 -2.031034E-01
  1.471000E+03  1.200575E-01
  1.471500E+03  4.436742E-01
  1.472000E+03  7.568266E-01
  1.472500E+03  1.049649E+00
  1.473000E+03  1.313725E+00
  1.473500E+03  1.542330E+00
  1.474000E+03  1.730511E+00
  1.474500E+03  1.875013E+00
  1.475000E+03  1.974082E+00
  1.475500E+03  2.027176E+00
  1.476000E+03  2.034642E+00
  1.476500E+03  1.997388E+00
  1.477000E+03  1.916628E+00
  1.477500E+03  1.793712E+00
  1.478000E+03  1.630080E+00
  1.478500E+03  1.427352E+00
  1.479000E+03  1.187539E+00
  1.479500E+03  9.133600E-01
  1.480000E+03  6.086049E-01
  1.480500E+03  2.785122E-01
  1.481000E+03 -6.991609E-02
  1.481500E+03 -4.277136E-01
  1.482000E+03 -7.839168E-01
  1.482500E+03 -1.125741E+00
  1.483000E+03 -1.438986E+00
  1.483500E+03 -1.708660E+00
  1.484000E+03 -1.919820E+00
  1.484500E+03 -2.058542E+00
  1.485000E+03 -2.112988E+00
  1.485500E+03 -2.074464E+00
  1.486000E+03 -1.938379E+00
  1.486500E+03 -1.705020E+00
  1.487000E+03 -1.380055E+00
  1.487500E+03 -9.747022E-01
  1.488000E+03 -5.055165E-01
  1.488500E+03  6.208081E-03
  1.489000E+03  5.354109E-01
  1.489500E+03  1.054557E+00
  1.490000E+03  1.535172E+00
  1.490500E+03  1.949517E+00
  1.491000E+03  2.272290E+00
  1.491500E+03  2.482230E+00
  1.492000E+03  2.563511E+00
  1.492500E+03  2.506812E+00
  1.493000E+03  2.309998E+00
  1.493500E+03  1.978348E+00
  1.494000E+03  1.524312E+00
  1.494500E+03  9.668320E-01
  1.495000E+03  3.302487E-01
  1.495500E+03 -3.570989E-01
  1.496000E+03 -1.064494E+00
  1.496500E+03 -1.760564E+00
  1.497000E+03 -2.414977E+00
  1.497500E+03 -3.000006E+00
  1.498000E+03 -3.491855E+00
  1.498500E+03 -3.871670E+00
  1.499000E+03 -4.126184E+00
  1.499500E+03 -4.247975E+00
  1.500000E+03 -4.235351E+00
  1.500500E+03 -4.091894E+00
  1.501000E+03 -3.825733E+00
  1.501500E+03 -3.448629E+00
  1.502000E+03 -2.974952E+00
  1.502500E+03 -2.420641E+00
  1.503000E+03 -1.802254E+00
  1.503500E+03 -1.136140E+00
  1.504000E+03 -4.378221E-01
  1.504500E+03  2.784009E-01
  1.505000E+03  9.996242E-01
  1.505500E+03  1.714291E+00
  1.506000E+03  2.411972E+00
  1.506500E+03  3.083016E+00
  1.507000E+03  3.718148E+00
  1.507500E+03  4.308052E+00
  1.508000E+03  4.843030E+00
  1.508500E+03  5.312769E+00
  1.509000E+03  5.706260E+00
  1.509500E+03  6.011904E+00
  1.510000E+03  6.217792E+00
  1.510500E+03  6.312157E+00
  1.511000E+03  6.283977E+00
  1.511500E+03  6.123673E+00
  1.512000E+03  5.823864E+00
  1.512500E+03  5.380115E+00
  1.513000E+03  4.791632E+00
  1.513500E+03  4.061836E+00
  1.514000E+03  3.198787E+00
  1.514500E+03  2.215409E+00
  1.515000E+03  1.129495E+00
  1.515500E+03 -3.652222E-02
  1.516000E+03 -1.256024E+00
  1.516500E+03 -2.498890E+00
  1.517000E+03 -3.732375E+00
  1.517500E+03 -4.922150E+00
  1.518000E+03 -6.033468E+00
  1.518500E+03 -7.032410E+00
  1.519000E+03 -7.887157E+00
  1.519500E+03 -8.569234E+00
  1.520000E+03 -9.054683E+00
  1.520500E+03 -9.325093E+00
  1.521000E+03 -9.368460E+00
  1.521500E+03 -9.179818E+00
  1.522000E+03 -8.761605E+00
  1.522500E+03 -8.123741E+00
  1.523000E+03 -7.283406E+00
  1.523500E+03 -6.264497E+00
  1.524000E+03 -5.096793E+00
  1.524500E+03 -3.814852E+00
  1.525000E+03 -2.456670E+00
  1.525500E+03 -1.062183E+00
  1.526000E+03  3.283462E-01
  1.526500E+03  1.675952E+00
  1.527000E+03  2.944529E+00
  1.527500E+03  4.102243E+00
  1.528000E+03  5.122720E+00
  1.528500E+03  5.985927E+00
  1.529000E+03  6.678708E+00
  1.529500E+03  7.194941E+00
  1.530000E+03  7.535295E+00
  1.530500E+03  7.706627E+00
  1.531000E+03  7.721051E+00
  1.531500E+03  7.594742E+00
  1.532000E+03  7.346573E+00
  1.532500E+03  6.996675E+00
  1.533000E+03  6.565037E+00
  1.533500E+03  6.070225E+00
  1.534000E+03  5.528342E+00
  1.534500E+03  4.952280E+00
  1.535000E+03  4.351327E+00
  1.535500E+03  3.731143E+00
  1.536000E+03  3.094100E+00
  1.536500E+03  2.439950E+00
  1.537000E+03  1.766744E+00
  1.537500E+03  1.071924E+00
  1.538000E+03  3.534870E-01
  1.538500E+03 -3.889043E-01
  1.539000E+03 -1.152948E+00
  1.539500E+03 -1.932976E+00
  1.540000E+03 -2.719539E+00
  1.540500E+03 -3.499353E+00
  1.541000E+03 -4.255622E+00
  1.541500E+03 -4.968720E+00
  1.542000E+03 -5.617184E+00
  1.542500E+03 -6.178949E+00
  1.543000E+03 -6.632720E+00
  1.543500E+03 -6.959381E+00
  1.544000E+03 -7.143324E+00
  1.544500E+03 -7.173596E+00
  1.545000E+03 -7.044765E+00
  1.545500E+03 -6.757447E+00
  1.546000E+03 -6.318439E+00
  1.546500E+03 -5.740456E+00
  1.547000E+03 -5.041492E+00
  1.547500E+03 -4.243845E+00
  1.548000E+03 -3.372904E+00
  1.548500E+03 -2.455756E+00
  1.549000E+03 -1.519756E+00
  1.549500E+03 -5.911339E-01
  1.550000E+03  3.062440E-01
  1.550500E+03  1.151887E+00
  1.551000E+03  1.929392E+00
  1.551500E+03  2.626830E+00
  1.552000E+03  3.236782E+00
  1.552500E+03  3.756066E+00
  1.553000E+03  4.185165E+00
  1.553500E+03  4.527457E+00
  1.554000E+03  4.788294E+00
  1.554500E+03  4.974040E+00
  1.555000E+03  5.091130E+00
  1.555500E+03  5.145258E+00
  1.556000E+03  5.140742E+00
  1.556500E+03  5.080114E+00
  1.557000E+03  4.963976E+00
  1.557500E+03  4.791122E+00
  1.558000E+03  4.558896E+00
  1.558500E+03  4.263775E+00
  1.559000E+03  3.902097E+00
  1.559500E+03  3.470886E+00
  1.560000E+03  2.968697E+00
  1.560500E+03  2.396399E+00
  1.561000E+03  1.757850E+00
  1.561500E+03  1.060377E+00
  1.562000E+03  3.150367E-01
  1.562500E+03 -4.633824E-01
  1.563000E+03 -1.256627E+00
  1.563500E+03 -2.043510E+00
  1.564000E+03 -2.800677E+00
  1.564500E+03 -3.503582E+00
  1.565000E+03 -4.127600E+00
  1.565500E+03 -4.649238E+00
  1.566000E+03 -5.047361E+00
  1.566500E+03 -5.304364E+00
  1.567000E+03 -5.407237E+00
  1.567500E+03 -5.348438E+00
  1.568000E+03 -5.126538E+00
  1.568500E+03 -4.746583E+00
  1.569000E+03 -4.220149E+00
  1.569500E+03 -3.565082E+00
  1.570000E+03 -2.804902E+00
  1.570500E+03 -1.967927E+00
  1.571000E+03 -1.086114E+00
  1.571500E+03 -1.936922E-01
  1.572000E+03  6.743560E-01
  1.572500E+03  1.483897E+00
  1.573000E+03  2.203244E+00
  1.573500E+03  2.804675E+00
  1.574000E+03  3.265784E+00
  1.574500E+03  3.570592E+00
  1.575000E+03  3.710354E+00
  1.575500E+03  3.684010E+00
  1.576000E+03  3.498250E+00
  1.576500E+03  3.167181E+00
  1.577000E+03  2.711600E+00
  1.577500E+03  2.157921E+00
  1.578000E+03  1.536797E+00
  1.578500E+03  8.815074E-01
  1.579000E+03  2.262190E-01
  1.579500E+03 -3.958107E-01
  1.580000E+03 -9.539648E-01
  1.580500E+03 -1.421846E+00
  1.581000E+03 -1.778607E+00
  1.581500E+03 -2.009966E+00
  1.582000E+03 -2.108833E+00
  1.582500E+03 -2.075535E+00
  1.583000E+03 -1.917619E+00
  1.583500E+03 -1.649242E+00
  1.584000E+03 -1.290216E+00
  1.584500E+03 -8.647370E-01
  1.585000E+03 -3.999093E-01
  1.585500E+03  7.586540E-02
  1.586000E+03  5.345232E-01
  1.586500E+03  9.499057E-01
  1.587000E+03  1.299169E+00
  1.587500E+03  1.563955E+00
  1.588000E+03  1.731267E+00
  1.588500E+03  1.794005E+00
  1.589000E+03  1.751149E+00
  1.589500E+03  1.607586E+00
  1.590000E+03  1.373619E+00
  1.590500E+03  1.064184E+00
  1.591000E+03  6.978520E-01
  1.591500E+03  2.956740E-01
  1.592000E+03 -1.200567E-01
  1.592500E+03 -5.270442E-01
  1.593000E+03 -9.041672E-01
  1.593500E+03 -1.232529E+00
  1.594000E+03 -1.496331E+00
  1.594500E+03 -1.683531E+00
  1.595000E+03 -1.786271E+00
  1.595500E+03 -1.801056E+00
  1.596000E+03 -1.728703E+00
  1.596500E+03 -1.574073E+00
  1.597000E+03 -1.345619E+00
  1.597500E+03 -1.054789E+00
  1.598000E+03 -7.153177E-01
  1.598500E+03 -3.424687E-01
  1.599000E+03  4.774611E-02
  1.599500E+03  4.393188E-01
  1.600000E+03  8.169356E-01
  1.600500E+03  1.166576E+00
  1.601000E+03  1.476000E+00
  1.601500E+03  1.735101E+00
  1.602000E+03  1.936132E+00
  1.602500E+03  2.073799E+00
  1.603000E+03  2.145223E+00
  1.603500E+03  2.149806E+00
  1.604000E+03  2.089000E+00
  1.604500E+03  1.966021E+00
  1.605000E+03  1.785516E+00
  1.605500E+03  1.553232E+00
  1.606000E+03  1.275684E+00
  1.606500E+03  9.598723E-01
  1.607000E+03  6.130425E-01
  1.607500E+03  2.425171E-01
  1.608000E+03 -1.444068E-01
  1.608500E+03 -5.404915E-01
  1.609000E+03 -9.385333E-01
  1.609500E+03 -1.331294E+00
  1.610000E+03 -1.711406E+00
  1.610500E+03 -2.071283E+00
  1.611000E+03 -2.403047E+00
  1.611500E+03 -2.698512E+00
  1.612000E+03 -2.949227E+00
  1.612500E+03 -3.146614E+00
  1.613000E+03 -3.282187E+00
  1.613500E+03 -3.347869E+00
  1.614000E+03 -3.336384E+00
  1.614500E+03 -3.241711E+00
  1.615000E+03 -3.059570E+00
  1.615500E+03 -2.787906E+00
  1.616000E+03 -2.427324E+00
  1.616500E+03 -1.981452E+00
  1.617000E+03 -1.457177E+00
  1.617500E+03 -8.647331E-01
  1.618000E+03 -2.176120E-01
  1.618500E+03  4.677144E-01
  1.619000E+03  1.172256E+00
  1.619500E+03  1.875144E+00
  1.620000E+03  2.554407E+00
  1.620500E+03  3.187866E+00
  1.621000E+03  3.754076E+00
  1.621500E+03  4.233275E+00
  1.622000E+03  4.608280E+00
  1.622500E+03  4.865274E+00
  1.623000E+03  4.994438E+00
  1.623500E+03  4.990382E+00
  1.624000E+03  4.852366E+00
  1.624500E+03  4.584279E+00
  1.625000E+03  4.194398E+00
  1.625500E+03  3.694934E+00
  1.626000E+03  3.101412E+00
  1.626500E+03  2.431908E+00
  1.627000E+03  1.706221E+00
  1.627500E+03  9.450050E-01
  1.628000E+03  1.689418E-01
  1.628500E+03 -6.020196E-01
  1.629000E+03 -1.349303E+00
  1.629500E+03 -2.056200E+00
  1.630000E+03 -2.708208E+00
  1.630500E+03 -3.293203E+00
  1.631000E+03 -3.801461E+00
  1.631500E+03 -4.225545E+00
  1.632000E+03 -4.560102E+00
  1.632500E+03 -4.801584E+00
  1.633000E+03 -4.947951E+00
  1.633500E+03 -4.998387E+00
  1.634000E+03 -4.953054E+00
  1.634500E+03 -4.812924E+00
  1.635000E+03 -4.579691E+00
  1.635500E+03 -4.255784E+00
  1.636000E+03 -3.844462E+00
  1.636500E+03 -3.349987E+00
  1.637000E+03 -2.777857E+00
  1.637500E+03 -2.135054E+00
  1.638000E+03 -1.430294E+00
  1.638500E+03 -6.742341E-01
  1.639000E+03  1.203876E-01
  1.639500E+03  9.387145E-01
  1.640000E+03  1.763849E+00
  1.640500E+03  2.577066E+00
  1.641000E+03  3.358163E+00
  1.641500E+03  4.085942E+00
  1.642000E+03  4.738826E+00
  1.642500E+03  5.295562E+00
  1.643000E+03  5.736008E+00
  1.643500E+03  6.041966E+00
  1.644000E+03  6.198008E+00
  1.644500E+03  6.192281E+00
  1.645000E+03  6.017226E+00
  1.645500E+03  5.670192E+00
  1.646000E+03  5.153896E+00
  1.646500E+03  4.476701E+00
  1.647000E+03  3.652688E+00
  1.647500E+03  2.701506E+00
  1.648000E+03  1.647981E+00
  1.648500E+03  5.214986E-01
  1.649000E+03 -6.448449E-01
  1.649500E+03 -1.815284E+00
  1.650000E+03 -2.952596E+00
  1.650500E+03 -4.019442E+00
  1.651000E+03 -4.979771E+00
  1.651500E+03 -5.800248E+00
  1.652000E+03 -6.451622E+00
  1.652500E+03 -6.909984E+00
  1.653000E+03 -7.157844E+00
  1.653500E+03 -7.184968E+00
  1.654000E+03 -6.988932E+00
  1.654500E+03 -6.575349E+00
  1.655000E+03 -5.957749E+00
  1.655500E+03 -5.157116E+00
  1.656000E+03 -4.201085E+00
  1.656500E+03 -3.122834E+00
  1.657000E+03 -1.959733E+00
  1.657500E+03 -7.517938E-01
  1.658000E+03  4.599780E-01
  1.658500E+03  1.635271E+00
  1.659000E+03  2.736091E+00
  1.659500E+03  3.728247E+00
  1.660000E+03  4.582625E+00
  1.660500E+03  5.276187E+00
  1.661000E+03  5.792653E+00
  1.661500E+03  6.122844E+00
  1.662000E+03  6.264674E+00
  1.662500E+03  6.222821E+00
  1.663000E+03  6.008096E+00
  1.663500E+03  5.636582E+00
  1.664000E+03  5.128581E+00
  1.664500E+03  4.507458E+00
  1.665000E+03  3.798457E+00
  1.665500E+03  3.027534E+00
  1.666000E+03  2.220293E+00
  1.666500E+03  1.401067E+00
  1.667000E+03  5.921680E-01
  1.667500E+03 -1.866510E-01
  1.668000E+03 -9.185452E-01
  1.668500E+03 -1.589728E+00
  1.669000E+03 -2.189455E+00
  1.669500E+03 -2.709875E+00
  1.670000E+03 -3.145779E+00
  1.670500E+03 -3.494293E+00
  1.671000E+03 -3.754555E+00
  1.671500E+03 -3.927397E+00
  1.672000E+03 -4.015067E+00
  1.672500E+03 -4.020998E+00
  1.673000E+03 -3.949641E+00
  1.673500E+03 -3.806343E+00
  1.674000E+03 -3.597270E+00
  1.674500E+03 -3.329353E+00
  1.675000E+03 -3.010243E+00
  1.675500E+03 -2.648243E+00
  1.676000E+03 -2.252221E+00
  1.676500E+03 -1.831469E+00
  1.677000E+03 -1.395522E+00
  1.677500E+03 -9.539294E-01
  1.678000E+03 -5.159897E-01
  1.678500E+03 -9.046716E-02
  1.679000E+03  3.146916E-01
  1.679500E+03  6.926174E-01
  1.680000E+03  1.037731E+00
  1.680500E+03  1.345889E+00
  1.681000E+03  1.614449E+00
  1.681500E+03  1.842241E+00
  1.682000E+03  2.029452E+00
  1.682500E+03  2.177422E+00
  1.683000E+03  2.288377E+00
  1.683500E+03  2.365110E+00
  1.684000E+03  2.410652E+00
  1.684500E+03  2.427943E+00
  1.685000E+03  2.419549E+00
  1.685500E+03  2.387439E+00
  1.686000E+03  2.332846E+00
  1.686500E+03  2.256228E+00
  1.687000E+03  2.157325E+00
  1.687500E+03  2.035314E+00
  1.688000E+03  1.889039E+00
  1.688500E+03  1.717307E+00
  1.689000E+03  1.519212E+00
  1.689500E+03  1.294457E+00
  1.690000E+03  1.043650E+00
  1.690500E+03  7.685387E-01
  1.691000E+03  4.721579E-01
  1.691500E+03  1.588831E-01
  1.692000E+03 -1.656311E-01
  1.692500E+03 -4.946186E-01
  1.693000E+03 -8.204676E-01
  1.693500E+03 -1.135066E+00
  1.694000E+03 -1.430201E+00
  1.694500E+03 -1.697979E+00
  1.695000E+03 -1.931241E+00
  1.695500E+03 -2.123930E+00
  1.696000E+03 -2.271393E+00
  1.696500E+03 -2.370590E+00
  1.697000E+03 -2.420192E+00
  1.697500E+03 -2.420566E+00
  1.698000E+03 -2.373654E+00
  1.698500E+03 -2.282747E+00
  1.699000E+03 -2.152192E+00
  1.699500E+03 -1.987039E+00
  1.700000E+03 -1.792683E+00
  1.700500E+03 -1.574505E+00
  1.701000E+03 -1.337573E+00
  1.701500E+03 -1.086403E+00
  1.702000E+03 -8.248189E-01
  1.702500E+03 -5.559065E-01
  1.703000E+03 -2.820793E-01
  1.703500E+03 -5.234508E-03
  1.704000E+03  2.730117E-01
  1.704500E+03  5.510370E-01
  1.705000E+03  8.269047E-01
  1.705500E+03  1.098069E+00
  1.706000E+03  1.361131E+00
  1.706500E+03  1.611667E+00
  1.707000E+03  1.844176E+00
  1.707500E+03  2.052138E+00
  1.708000E+03  2.228208E+00
  1.708500E+03  2.364540E+00
  1.709000E+03  2.453219E+00
  1.709500E+03  2.486777E+00
  1.710000E+03  2.458762E+00
  1.710500E+03  2.364311E+00
  1.711000E+03  2.200691E+00
  1.711500E+03  1.967753E+00
  1.712000E+03  1.668264E+00
  1.712500E+03  1.308077E+00
  1.713000E+03  8.961248E-01
  1.713500E+03  4.442116E-01
  1.714000E+03 -3.338079E-02
  1.714500E+03 -5.204679E-01
  1.715000E+03 -9.996814E-01
  1.715500E+03 -1.453294E+00
  1.716000E+03 -1.864099E+00
  1.716500E+03 -2.216289E+00
  1.717000E+03 -2.496276E+00
  1.717500E+03 -2.693404E+00
  1.718000E+03 -2.800498E+00
  1.718500E+03 -2.814225E+00
  1.719000E+03 -2.735226E+00
  1.719500E+03 -2.568031E+00
  1.720000E+03 -2.320752E+00
  1.720500E+03 -2.004573E+00
  1.721000E+03 -1.633086E+00
  1.721500E+03 -1.221509E+00
  1.722000E+03 -7.858411E-01
  1.722500E+03 -3.420187E-01
  1.723000E+03  9.488206E-02
  1.723500E+03  5.113370E-01
  1.724000E+03  8.959232E-01
  1.724500E+03  1.239694E+00
  1.725000E+03  1.536364E+00
  1.725500E+03  1.782305E+00
  1.726000E+03  1.976361E+00
  1.726500E+03  2.119513E+00
  1.727000E+03  2.214424E+00
  1.727500E+03  2.264916E+00
  1.728000E+03  2.275415E+00
  1.728500E+03  2.250419E+00
  1.729000E+03  2.194028E+00
  1.729500E+03  2.109577E+00
  1.730000E+03  1.999383E+00
  1.730500E+03  1.864646E+00
  1.731000E+03  1.705478E+00
  1.731500E+03  1.521083E+00
  1.732000E+03  1.310034E+00
  1.732500E+03  1.070657E+00
  1.733000E+03  8.014523E-01
  1.733500E+03  5.015504E-01
  1.734000E+03  1.711362E-01
  1.734500E+03 -1.881714E-01
  1.735000E+03 -5.730266E-01
  1.735500E+03 -9.781686E-01
  1.736000E+03 -1.396356E+00
  1.736500E+03 -1.818432E+00
  1.737000E+03 -2.233515E+00
  1.737500E+03 -2.629319E+00
  1.738000E+03 -2.992570E+00
  1.738500E+03 -3.309521E+00
  1.739000E+03 -3.566524E+00
  1.739500E+03 -3.750643E+00
  1.740000E+03 -3.850279E+00
  1.740500E+03 -3.855773E+00
  1.741000E+03 -3.759976E+00
  1.741500E+03 -3.558736E+00
  1.742000E+03 -3.251302E+00
  1.742500E+03 -2.840607E+00
  1.743000E+03 -2.333418E+00
  1.743500E+03 -1.740340E+00
  1.744000E+03 -1.075653E+00
  1.744500E+03 -3.569879E-01
  1.745000E+03  3.951668E-01
  1.745500E+03  1.158113E+00
  1.746000E+03  1.907737E+00
  1.746500E+03  2.619420E+00
  1.747000E+03  3.269031E+00
  1.747500E+03  3.833972E+00
  1.748000E+03  4.294202E+00
  1.748500E+03  4.633221E+00
  1.749000E+03  4.838927E+00
  1.749500E+03  4.904306E+00
  1.750000E+03  4.827904E+00
  1.750500E+03  4.614037E+00
  1.751000E+03  4.272703E+00
  1.751500E+03  3.819201E+00
  1.752000E+03  3.273437E+00
  1.752500E+03  2.658960E+00
  1.753000E+03  2.001765E+00
  1.753500E+03  1.328922E+00
  1.754000E+03  6.671161E-01
  1.754500E+03  4.118220E-02
  1.755000E+03 -5.272748E-01
  1.755500E+03 -1.021074E+00
  1.756000E+03 -1.428389E+00
  1.756500E+03 -1.743340E+00
  1.757000E+03 -1.966199E+00
  1.757500E+03 -2.103186E+00
  1.758000E+03 -2.165849E+00
  1.758500E+03 -2.170080E+00
  1.759000E+03 -2.134799E+00
  1.759500E+03 -2.080422E+00
  1.760000E+03 -2.027187E+00
  1.760500E+03 -1.993480E+00
  1.761000E+03 -1.994270E+00
  1.761500E+03 -2.039770E+00
  1.762000E+03 -2.134435E+00
  1.762500E+03 -2.276368E+00
  1.763000E+03 -2.457199E+00
  1.763500E+03 -2.662464E+00
  1.764000E+03 -2.872454E+00
  1.764500E+03 -3.063499E+00
  1.765000E+03 -3.209616E+00
  1.765500E+03 -3.284389E+00
  1.766000E+03 -3.262984E+00
  1.766500E+03 -3.124137E+00
  1.767000E+03 -2.851991E+00
  1.767500E+03 -2.437647E+00
  1.768000E+03 -1.880303E+00
  1.768500E+03 -1.187915E+00
  1.769000E+03 -3.772988E-01
  1.769500E+03  5.263324E-01
  1.770000E+03  1.490384E+00
  1.770500E+03  2.476398E+00
  1.771000E+03  3.441986E+00
  1.771500E+03  4.343060E+00
  1.772000E+03  5.136238E+00
  1.772500E+03  5.781269E+00
  1.773000E+03  6.243338E+00
  1.773500E+03  6.495110E+00
  1.774000E+03  6.518392E+00
  1.774500E+03  6.305315E+00
  1.775000E+03  5.858958E+00
  1.775500E+03  5.193394E+00
  1.776000E+03  4.333132E+00
  1.776500E+03  3.312015E+00
  1.777000E+03  2.171614E+00
  1.777500E+03  9.592225E-01
  1.778000E+03 -2.744492E-01
  1.778500E+03 -1.477736E+00
  1.779000E+03 -2.600524E+00
  1.779500E+03 -3.596653E+00
  1.780000E+03 -4.426106E+00
  1.780500E+03 -5.056859E+00
  1.781000E+03 -5.466321E+00
  1.781500E+03 -5.642286E+00
  1.782000E+03 -5.583360E+00
  1.782500E+03 -5.298851E+00
  1.783000E+03 -4.808149E+00
  1.783500E+03 -4.139620E+00
  1.784000E+03 -3.329086E+00
  1.784500E+03 -2.417978E+00
  1.785000E+03 -1.451258E+00
  1.785500E+03 -4.752018E-01
  1.786000E+03  4.648202E-01
  1.786500E+03  1.326486E+00
  1.787000E+03  2.072462E+00
  1.787500E+03  2.672070E+00
  1.788000E+03  3.102589E+00
  1.788500E+03  3.350149E+00
  1.789000E+03  3.410175E+00
  1.789500E+03  3.287367E+00
  1.790000E+03  2.995235E+00
  1.790500E+03  2.555204E+00
  1.791000E+03  1.995355E+00
  1.791500E+03  1.348869E+00
  1.792000E+03  6.522435E-01
  1.792500E+03 -5.661072E-02
  1.793000E+03 -7.403008E-01
  1.793500E+03 -1.363818E+00
  1.794000E+03 -1.896241E+00
  1.794500E+03 -2.312195E+00
  1.795000E+03 -2.592996E+00
  1.795500E+03 -2.727428E+00
  1.796000E+03 -2.712123E+00
  1.796500E+03 -2.551525E+00
  1.797000E+03 -2.257454E+00
  1.797500E+03 -1.848298E+00
  1.798000E+03 -1.347879E+00
  1.798500E+03 -7.840674E-01
  1.799000E+03 -1.872158E-01
  1.799500E+03  4.115036E-01
  1.800000E+03  9.817590E-01
  1.800500E+03  1.495635E+00
  1.801000E+03  1.929043E+00
  1.801500E+03  2.262888E+00
  1.802000E+03  2.483937E+00
  1.802500E+03  2.585361E+00
  1.803000E+03  2.566898E+00
  1.803500E+03  2.434674E+00
  1.804000E+03  2.200667E+00
  1.804500E+03  1.881872E+00
  1.805000E+03  1.499202E+00
  1.805500E+03  1.076209E+00
  1.806000E+03  6.376739E-01
  1.806500E+03  2.081766E-01
  1.807000E+03 -1.893068E-01
  1.807500E+03 -5.346784E-01
  1.808000E+03 -8.118076E-01
  1.808500E+03 -1.009373E+00
  1.809000E+03 -1.121417E+00
  1.809500E+03 -1.147575E+00
  1.810000E+03 -1.092988E+00
  1.810500E+03 -9.678899E-01
  1.811000E+03 -7.868970E-01
  1.811500E+03 -5.680547E-01
  1.812000E+03 -3.316801E-01
  1.812500E+03 -9.907676E-02
  1.813000E+03  1.088086E-01
  1.813500E+03  2.727112E-01
  1.814000E+03  3.762790E-01
  1.814500E+03  4.071385E-01
  1.815000E+03  3.577360E-01
  1.815500E+03  2.259024E-01
  1.816000E+03  1.511051E-02
  1.816500E+03 -2.655952E-01
  1.817000E+03 -6.019927E-01
  1.817500E+03 -9.753834E-01
  1.818000E+03 -1.363563E+00
  1.818500E+03 -1.742012E+00
  1.819000E+03 -2.085238E+00
  1.819500E+03 -2.368209E+00
  1.820000E+03 -2.567780E+00
  1.820500E+03 -2.664057E+00
  1.821000E+03 -2.641614E+00
  1.821500E+03 -2.490486E+00
  1.822000E+03 -2.206910E+00
  1.822500E+03 -1.793740E+00
  1.823000E+03 -1.260542E+00
  1.823500E+03 -6.233392E-01
  1.824000E+03  9.596528E-02
  1.824500E+03  8.704742E-01
  1.825000E+03  1.669436E+00
  1.825500E+03  2.459591E+00
  1.826000E+03  3.206655E+00
  1.826500E+03  3.876869E+00
  1.827000E+03  4.438550E+00
  1.827500E+03  4.863559E+00
  1.828000E+03  5.128625E+00
  1.828500E+03  5.216472E+00
  1.829000E+03  5.116685E+00
  1.829500E+03  4.826296E+00
  1.830000E+03  4.350052E+00
  1.830500E+03  3.700355E+00
  1.831000E+03  2.896889E+00
  1.831500E+03  1.965934E+00
  1.832000E+03  9.394082E-01
  1.832500E+03 -1.463380E-01
  1.833000E+03 -1.251916E+00
  1.833500E+03 -2.336434E+00
  1.834000E+03 -3.359118E+00
  1.834500E+03 -4.280946E+00
  1.835000E+03 -5.066241E+00
  1.835500E+03 -5.684152E+00
  1.836000E+03 -6.109968E+00
  1.836500E+03 -6.326208E+00
  1.837000E+03 -6.323427E+00
  1.837500E+03 -6.100716E+00
  1.838000E+03 -5.665851E+00
  1.838500E+03 -5.035075E+00
  1.839000E+03 -4.232520E+00
  1.839500E+03 -3.289276E+00
  1.840000E+03 -2.242136E+00
  1.840500E+03 -1.132067E+00
  1.841000E+03 -2.464700E-03
  1.841500E+03  1.102728E+00
  1.842000E+03  2.140962E+00
  1.842500E+03  3.072979E+00
  1.843000E+03  3.864577E+00
  1.843500E+03  4.488155E+00
  1.844000E+03  4.923944E+00
  1.844500E+03  5.160862E+00
  1.845000E+03  5.196937E+00
  1.845500E+03  5.039275E+00
  1.846000E+03  4.703553E+00
  1.846500E+03  4.213080E+00
  1.847000E+03  3.597456E+00
  1.847500E+03  2.890906E+00
  1.848000E+03  2.130396E+00
  1.848500E+03  1.353611E+00
  1.849000E+03  5.969429E-01
  1.849500E+03 -1.064172E-01
  1.850000E+03 -7.281548E-01
  1.850500E+03 -1.246184E+00
  1.851000E+03 -1.645594E+00
  1.851500E+03 -1.919140E+00
  1.852000E+03 -2.067249E+00
  1.852500E+03 -2.097556E+00
  1.853000E+03 -2.024005E+00
  1.853500E+03 -1.865581E+00
  1.854000E+03 -1.644769E+00
  1.854500E+03 -1.385847E+00
  1.855000E+03 -1.113129E+00
  1.855500E+03 -8.492831E-01
  1.856000E+03 -6.138359E-01
  1.856500E+03 -4.219643E-01
  1.857000E+03 -2.836486E-01
  1.857500E+03 -2.032402E-01
  1.858000E+03 -1.794620E-01
  1.858500E+03 -2.058304E-01
  1.859000E+03 -2.714569E-01
  1.859500E+03 -3.621607E-01
  1.860000E+03 -4.618027E-01
  1.860500E+03 -5.537362E-01
  1.861000E+03 -6.222639E-01
  1.861500E+03 -6.539906E-01
  1.862000E+03 -6.389735E-01
  1.862500E+03 -5.715863E-01
  1.863000E+03 -4.510357E-01
  1.863500E+03 -2.814977E-01
  1.864000E+03 -7.186730E-02
  1.864500E+03  1.648566E-01
  1.865000E+03  4.125012E-01
  1.865500E+03  6.528955E-01
  1.866000E+03  8.672045E-01
  1.866500E+03  1.037325E+00
  1.867000E+03  1.147247E+00
  1.867500E+03  1.184280E+00
  1.868000E+03  1.140064E+00
  1.868500E+03  1.011307E+00
  1.869000E+03  8.001774E-01
  1.869500E+03  5.143597E-01
  1.870000E+03  1.667451E-01
  1.870500E+03 -2.252024E-01
  1.871000E+03 -6.403694E-01
  1.871500E+03 -1.055144E+00
  1.872000E+03 -1.444723E+00
  1.872500E+03 -1.784495E+00
  1.873000E+03 -2.051422E+00
  1.873500E+03 -2.225339E+00
  1.874000E+03 -2.290108E+00
  1.874500E+03 -2.234553E+00
  1.875000E+03 -2.053156E+00
  1.875500E+03 -1.746463E+00
  1.876000E+03 -1.321195E+00
  1.876500E+03 -7.900626E-01
  1.877000E+03 -1.713118E-01
  1.877500E+03  5.119963E-01
  1.878000E+03  1.232912E+00
  1.878500E+03  1.961697E+00
  1.879000E+03  2.667057E+00
  1.879500E+03  3.317431E+00
  1.880000E+03  3.882323E+00
  1.880500E+03  4.333591E+00
  1.881000E+03  4.646669E+00
  1.881500E+03  4.801667E+00
  1.882000E+03  4.784312E+00
  1.882500E+03  4.586692E+00
  1.883000E+03  4.207775E+00
  1.883500E+03  3.653680E+00
  1.884000E+03  2.937679E+00
  1.884500E+03  2.079919E+00
  1.885000E+03  1.106875E+00
  1.885500E+03  5.052526E-02
  1.886000E+03 -1.052713E+00
  1.886500E+03 -2.163275E+00
  1.887000E+03 -3.239913E+00
  1.887500E+03 -4.241289E+00
  1.888000E+03 -5.127633E+00
  1.888500E+03 -5.862402E+00
  1.889000E+03 -6.413869E+00
  1.889500E+03 -6.756563E+00
  1.890000E+03 -6.872497E+00
  1.890500E+03 -6.752121E+00
  1.891000E+03 -6.394930E+00
  1.891500E+03 -5.809714E+00
  1.892000E+03 -5.014399E+00
  1.892500E+03 -4.035487E+00
  1.893000E+03 -2.907107E+00
  1.893500E+03 -1.669717E+00
  1.894000E+03 -3.684960E-01
  1.894500E+03  9.484909E-01
  1.895000E+03  2.232278E+00
  1.895500E+03  3.435040E+00
  1.896000E+03  4.512100E+00
  1.896500E+03  5.423795E+00
  1.897000E+03  6.137134E+00
  1.897500E+03  6.627142E+00
  1.898000E+03  6.877855E+00
  1.898500E+03  6.882903E+00
  1.899000E+03  6.645671E+00
  1.899500E+03  6.179022E+00
  1.900000E+03  5.504616E+00
  1.900500E+03  4.651853E+00
  1.901000E+03  3.656504E+00
  1.901500E+03  2.559090E+00
  1.902000E+03  1.403103E+00
  1.902500E+03  2.331363E-01
  1.903000E+03 -9.069715E-01
  1.903500E+03 -1.975913E+00
  1.904000E+03 -2.936518E+00
  1.904500E+03 -3.757141E+00
  1.905000E+03 -4.412756E+00
  1.905500E+03 -4.885744E+00
  1.906000E+03 -5.166335E+00
  1.906500E+03 -5.252700E+00
  1.907000E+03 -5.150710E+00
  1.907500E+03 -4.873379E+00
  1.908000E+03 -4.440017E+00
  1.908500E+03 -3.875163E+00
  1.909000E+03 -3.207319E+00
  1.909500E+03 -2.467576E+00
  1.910000E+03 -1.688172E+00
  1.910500E+03 -9.010584E-01
  1.911000E+03 -1.365295E-01
  1.911500E+03  5.780176E-01
  1.912000E+03  1.219150E+00
  1.912500E+03  1.768239E+00
  1.913000E+03  2.212050E+00
  1.913500E+03  2.543046E+00
  1.914000E+03  2.759405E+00
  1.914500E+03  2.864753E+00
  1.915000E+03  2.867623E+00
  1.915500E+03  2.780685E+00
  1.916000E+03  2.619773E+00
  1.916500E+03  2.402778E+00
  1.917000E+03  2.148469E+00
  1.917500E+03  1.875292E+00
  1.918000E+03  1.600246E+00
  1.918500E+03  1.337876E+00
  1.919000E+03  1.099467E+00
  1.919500E+03  8.924665E-01
  1.920000E+03  7.201992E-01
  1.920500E+03  5.818664E-01
  1.921000E+03  4.728523E-01
  1.921500E+03  3.853061E-01
  1.922000E+03  3.089672E-01
  1.922500E+03  2.321746E-01
  1.923000E+03  1.429928E-01
  1.923500E+03  3.037294E-02
  1.924000E+03 -1.147364E-01
  1.924500E+03 -2.984110E-01
  1.925000E+03 -5.229844E-01
  1.925500E+03 -7.865546E-01
  1.926000E+03 -1.082812E+00
  1.926500E+03 -1.401213E+00
  1.927000E+03 -1.727492E+00
  1.927500E+03 -2.044501E+00
  1.928000E+03 -2.333308E+00
  1.928500E+03 -2.574493E+00
  1.929000E+03 -2.749558E+00
  1.929500E+03 -2.842329E+00
  1.930000E+03 -2.840280E+00
  1.930500E+03 -2.735642E+00
  1.931000E+03 -2.526237E+00
  1.931500E+03 -2.215954E+00
  1.932000E+03 -1.814815E+00
  1.932500E+03 -1.338621E+00
  1.933000E+03 -8.081849E-01
  1.933500E+03 -2.481929E-01
  1.934000E+03  3.142380E-01
  1.934500E+03  8.512118E-01
  1.935000E+03  1.335806E+00
  1.935500E+03  1.743804E+00
  1.936000E+03  2.055290E+00
  1.936500E+03  2.255986E+00
  1.937000E+03  2.338243E+00
  1.937500E+03  2.301606E+00
  1.938000E+03  2.152908E+00
  1.938500E+03  1.905884E+00
  1.939000E+03  1.580319E+00
  1.939500E+03  1.200796E+00
  1.940000E+03  7.951116E-01
  1.940500E+03  3.924740E-01
  1.941000E+03  2.160601E-02
  1.941500E+03 -2.911245E-01
  1.942000E+03 -5.234162E-01
  1.942500E+03 -6.584732E-01
  1.943000E+03 -6.860776E-01
  1.943500E+03 -6.032233E-01
  1.944000E+03 -4.142749E-01
  1.944500E+03 -1.306458E-01
  1.945000E+03  2.299767E-01
  1.945500E+03  6.447982E-01
  1.946000E+03  1.087392E+00
  1.946500E+03  1.529377E+00
  1.947000E+03  1.942176E+00
  1.947500E+03  2.298747E+00
  1.948000E+03  2.575159E+00
  1.948500E+03  2.751925E+00
  1.949000E+03  2.815003E+00
  1.949500E+03  2.756424E+00
  1.950000E+03  2.574514E+00
  1.950500E+03  2.273723E+00
  1.951000E+03  1.864091E+00
  1.951500E+03  1.360420E+00
  1.952000E+03  7.812132E-01
  1.952500E+03  1.474967E-01
  1.953000E+03 -5.184087E-01
  1.953500E+03 -1.194055E+00
  1.954000E+03 -1.857907E+00
  1.954500E+03 -2.490182E+00
  1.955000E+03 -3.073456E+00
  1.955500E+03 -3.593021E+00
  1.956000E+03 -4.036989E+00
  1.956500E+03 -4.396187E+00
  1.957000E+03 -4.663881E+00
  1.957500E+03 -4.835398E+00
  1.958000E+03 -4.907703E+00
  1.958500E+03 -4.879014E+00
  1.959000E+03 -4.748505E+00
  1.959500E+03 -4.516140E+00
  1.960000E+03 -4.182679E+00
  1.960500E+03 -3.749856E+00
  1.961000E+03 -3.220709E+00
  1.961500E+03 -2.600033E+00
  1.962000E+03 -1.894900E+00
  1.962500E+03 -1.115167E+00
  1.963000E+03 -2.739220E-01
  1.963500E+03  6.122420E-01
  1.964000E+03  1.523155E+00
  1.964500E+03  2.435277E+00
  1.965000E+03  3.322204E+00
  1.965500E+03  4.155476E+00
  1.966000E+03  4.905676E+00
  1.966500E+03  5.543758E+00
  1.967000E+03  6.042543E+00
  1.967500E+03  6.378281E+00
  1.968000E+03  6.532179E+00
  1.968500E+03  6.491775E+00
  1.969000E+03  6.252064E+00
  1.969500E+03  5.816262E+00
  1.970000E+03  5.196154E+00
  1.970500E+03  4.411950E+00
  1.971000E+03  3.491656E+00
  1.971500E+03  2.469966E+00
  1.972000E+03  1.386719E+00
  1.972500E+03  2.850140E-01
  1.973000E+03 -7.909150E-01
  1.973500E+03 -1.797941E+00
  1.974000E+03 -2.696261E+00
  1.974500E+03 -3.451458E+00
  1.975000E+03 -4.036271E+00
  1.975500E+03 -4.431972E+00
  1.976000E+03 -4.629263E+00
  1.976500E+03 -4.628632E+00
  1.977000E+03 -4.440166E+00
  1.977500E+03 -4.082813E+00
  1.978000E+03 -3.583174E+00
  1.978500E+03 -2.973878E+00
  1.979000E+03 -2.291664E+00
  1.979500E+03 -1.575283E+00
  1.980000E+03 -8.633500E-01
  1.980500E+03 -1.922753E-01
  1.981000E+03  4.056051E-01
  1.981500E+03  9.035991E-01
  1.982000E+03  1.281848E+00
  1.982500E+03  1.528081E+00
  1.983000E+03  1.637918E+00
  1.983500E+03  1.614709E+00
  1.984000E+03  1.468964E+00
  1.984500E+03  1.217411E+00
  1.985000E+03  8.817584E-01
  1.985500E+03  4.872566E-01
  1.986000E+03  6.113599E-02
  1.986500E+03 -3.689739E-01
  1.987000E+03 -7.765649E-01
  1.987500E+03 -1.137630E+00
  1.988000E+03 -1.431838E+00
  1.988500E+03 -1.643463E+00
  1.989000E+03 -1.762020E+00
  1.989500E+03 -1.782610E+00
  1.990000E+03 -1.705969E+00
  1.990500E+03 -1.538220E+00
  1.991000E+03 -1.290384E+00
  1.991500E+03 -9.776558E-01
  1.992000E+03 -6.184997E-01
  1.992500E+03 -2.336111E-01
  1.993000E+03  1.552100E-01
  1.993500E+03  5.262239E-01
  1.994000E+03  8.589022E-01
  1.994500E+03  1.135019E+00
  1.995000E+03  1.339634E+00
  1.995500E+03  1.461923E+00
  1.996000E+03  1.495821E+00
  1.996500E+03  1.440442E+00
  1.997000E+03  1.300240E+00
  1.997500E+03  1.084915E+00
  1.998000E+03  8.090332E-01
  1.998500E+03  4.913799E-01
  1.999000E+03  1.540588E-01
  1.999500E+03 -1.786306E-01
  2.000000E+03 -4.814905E-01
  2.000500E+03 -7.298406E-01
  2.001000E+03 -9.009809E-01
  2.001500E+03 -9.756243E-01
  2.002000E+03 -9.392172E-01
  2.002500E+03 -7.830667E-01
  2.003000E+03 -5.051982E-01
  2.003500E+03 -1.108774E-01
  2.004000E+03  3.872505E-01
  2.004500E+03  9.694376E-01
  2.005000E+03  1.609529E+00
  2.005500E+03  2.276060E+00
  2.006000E+03  2.933713E+00
  2.006500E+03  3.545061E+00
  2.007000E+03  4.072518E+00
  2.007500E+03  4.480375E+00
  2.008000E+03  4.736830E+00
  2.008500E+03  4.815873E+00
  2.009000E+03  4.698925E+00
  2.009500E+03  4.376131E+00
  2.010000E+03  3.847206E+00
  2.010500E+03  3.121802E+00
  2.011000E+03  2.219340E+00
  2.011500E+03  1.168324E+00
  2.012000E+03  5.155498E-03
  2.012500E+03 -1.227482E+00
  2.013000E+03 -2.482595E+00
  2.013500E+03 -3.711085E+00
  2.014000E+03 -4.864088E+00
  2.014500E+03 -5.895301E+00
  2.015000E+03 -6.763184E+00
  2.015500E+03 -7.432911E+00
  2.016000E+03 -7.877974E+00
  2.016500E+03 -8.081353E+00
  2.017000E+03 -8.036197E+00
  2.017500E+03 -7.745991E+00
  2.018000E+03 -7.224211E+00
  2.018500E+03 -6.493486E+00
  2.019000E+03 -5.584337E+00
  2.019500E+03 -4.533561E+00
  2.020000E+03 -3.382355E+00
  2.020500E+03 -2.174288E+00
  2.021000E+03 -9.532296E-01
  2.021500E+03  2.386527E-01
  2.022000E+03  1.362733E+00
  2.022500E+03  2.385504E+00
  2.023000E+03  3.279833E+00
  2.023500E+03  4.025823E+00
  2.024000E+03  4.611282E+00
  2.024500E+03  5.031758E+00
  2.025000E+03  5.290186E+00
  2.025500E+03  5.396171E+00
  2.026000E+03  5.364958E+00
  2.026500E+03  5.216175E+00
  2.027000E+03  4.972418E+00
  2.027500E+03  4.657771E+00
  2.028000E+03  4.296341E+00
  2.028500E+03  3.910898E+00
  2.029000E+03  3.521693E+00
  2.029500E+03  3.145512E+00
  2.030000E+03  2.795005E+00
  2.030500E+03  2.478333E+00
  2.031000E+03  2.199116E+00
  2.031500E+03  1.956690E+00
  2.032000E+03  1.746624E+00
  2.032500E+03  1.561457E+00
  2.033000E+03  1.391599E+00
  2.033500E+03  1.226310E+00
  2.034000E+03  1.054708E+00
  2.034500E+03  8.667105E-01
  2.035000E+03  6.538666E-01
  2.035500E+03  4.100120E-01
  2.036000E+03  1.317138E-01
  2.036500E+03 -1.815168E-01
  2.037000E+03 -5.272484E-01
  2.037500E+03 -9.003725E-01
  2.038000E+03 -1.293535E+00
  2.038500E+03 -1.697711E+00
  2.039000E+03 -2.102861E+00
  2.039500E+03 -2.498620E+00
  2.040000E+03 -2.874944E+00
  2.040500E+03 -3.222666E+00
  2.041000E+03 -3.533927E+00
  2.041500E+03 -3.802426E+00
  2.042000E+03 -4.023506E+00
  2.042500E+03 -4.194055E+00
  2.043000E+03 -4.312271E+00
  2.043500E+03 -4.377297E+00
  2.044000E+03 -4.388805E+00
  2.044500E+03 -4.346573E+00
  2.045000E+03 -4.250115E+00
  2.045500E+03 -4.098410E+00
  2.046000E+03 -3.889794E+00
  2.046500E+03 -3.622020E+00
  2.047000E+03 -3.292512E+00
  2.047500E+03 -2.898798E+00
  2.048000E+03 -2.439086E+00
  2.048500E+03 -1.912940E+00
  2.049000E+03 -1.321987E+00
  2.049500E+03 -6.705864E-01
  2.050000E+03  3.362013E-02
  2.050500E+03  7.793510E-01
  2.051000E+03  1.551575E+00
  2.051500E+03  2.331694E+00
  2.052000E+03  3.098046E+00
  2.052500E+03  3.826710E+00
  2.053000E+03  4.492586E+00
  2.053500E+03  5.070694E+00
  2.054000E+03  5.537601E+00
  2.054500E+03  5.872888E+00
  2.055000E+03  6.060538E+00
  2.055500E+03  6.090145E+00
  2.056000E+03  5.957840E+00
  2.056500E+03  5.666846E+00
  2.057000E+03  5.227609E+00
  2.057500E+03  4.657477E+00
  2.058000E+03  3.979913E+00
  2.058500E+03  3.223307E+00
  2.059000E+03  2.419433E+00
  2.059500E+03  1.601663E+00
  2.060000E+03  8.030545E-01
  2.060500E+03  5.443195E-02
  2.061000E+03 -6.173846E-01
  2.061500E+03 -1.191098E+00
  2.062000E+03 -1.652083E+00
  2.062500E+03 -1.993079E+00
  2.063000E+03 -2.214398E+00
  2.063500E+03 -2.323602E+00
  2.064000E+03 -2.334710E+00
  2.064500E+03 -2.266968E+00
  2.065000E+03 -2.143294E+00
  2.065500E+03 -1.988487E+00
  2.066000E+03 -1.827369E+00
  2.066500E+03 -1.682955E+00
  2.067000E+03 -1.574812E+00
  2.067500E+03 -1.517703E+00
  2.068000E+03 -1.520625E+00
  2.068500E+03 -1.586287E+00
  2.069000E+03 -1.711066E+00
  2.069500E+03 -1.885426E+00
  2.070000E+03 -2.094767E+00
  2.070500E+03 -2.320618E+00
  2.071000E+03 -2.542092E+00
  2.071500E+03 -2.737471E+00
  2.072000E+03 -2.885826E+00
  2.072500E+03 -2.968526E+00
  2.073000E+03 -2.970553E+00
  2.073500E+03 -2.881523E+00
  2.074000E+03 -2.696355E+00
  2.074500E+03 -2.415547E+00
  2.075000E+03 -2.045073E+00
  2.075500E+03 -1.595905E+00
  2.076000E+03 -1.083232E+00
  2.076500E+03 -5.254324E-01
  2.077000E+03  5.710131E-02
  2.077500E+03  6.431991E-01
  2.078000E+03  1.212116E+00
  2.078500E+03  1.744623E+00
  2.079000E+03  2.223904E+00
  2.079500E+03  2.636235E+00
  2.080000E+03  2.971388E+00
  2.080500E+03  3.222784E+00
  2.081000E+03  3.387395E+00
  2.081500E+03  3.465444E+00
  2.082000E+03  3.459947E+00
  2.082500E+03  3.376160E+00
  2.083000E+03  3.221000E+00
  2.083500E+03  3.002484E+00
  2.084000E+03  2.729249E+00
  2.084500E+03  2.410186E+00
  2.085000E+03  2.054199E+00
  2.085500E+03  1.670104E+00
  2.086000E+03  1.266640E+00
  2.086500E+03  8.525667E-01
  2.087000E+03  4.368116E-01
  2.087500E+03  2.860872E-02
  2.088000E+03 -3.624097E-01
  2.088500E+03 -7.262172E-01
  2.089000E+03 -1.052523E+00
  2.089500E+03 -1.331049E+00
  2.090000E+03 -1.551952E+00
  2.090500E+03 -1.706371E+00
  2.091000E+03 -1.787076E+00
  2.091500E+03 -1.789149E+00
  2.092000E+03 -1.710649E+00
  2.092500E+03 -1.553188E+00
  2.093000E+03 -1.322345E+00
  2.093500E+03 -1.027865E+00
  2.094000E+03 -6.835826E-01
  2.094500E+03 -3.070597E-01
  2.095000E+03  8.109464E-02
  2.095500E+03  4.581823E-01
  2.096000E+03  8.006202E-01
  2.096500E+03  1.085320E+00
  2.097000E+03  1.291158E+00
  2.097500E+03  1.400432E+00
  2.098000E+03  1.400210E+00
  2.098500E+03  1.283444E+00
  2.099000E+03  1.049783E+00
  2.099500E+03  7.059874E-01
  2.100000E+03  2.659048E-01
  2.100500E+03 -2.500214E-01
  2.101000E+03 -8.156903E-01
  2.101500E+03 -1.400693E+00
  2.102000E+03 -1.971990E+00
  2.102500E+03 -2.495825E+00
  2.103000E+03 -2.939742E+00
  2.103500E+03 -3.274583E+00
  2.104000E+03 -3.476332E+00
  2.104500E+03 -3.527675E+00
  2.105000E+03 -3.419172E+00
  2.105500E+03 -3.149965E+00
  2.106000E+03 -2.727957E+00
  2.106500E+03 -2.169465E+00
  2.107000E+03 -1.498353E+00
  2.107500E+03 -7.447118E-01
  2.108000E+03  5.682644E-02
  2.108500E+03  8.690366E-01
  2.109000E+03  1.654173E+00
  2.109500E+03  2.376041E+00
  2.110000E+03  3.001929E+00
  2.110500E+03  3.504292E+00
  2.111000E+03  3.862080E+00
  2.111500E+03  4.061654E+00
  2.112000E+03  4.097231E+00
  2.112500E+03  3.970880E+00
  2.113000E+03  3.692066E+00
  2.113500E+03  3.276818E+00
  2.114000E+03  2.746586E+00
  2.114500E+03  2.126887E+00
  2.115000E+03  1.445832E+00
  2.115500E+03  7.326434E-01
  2.116000E+03  1.625135E-02
  2.116500E+03 -6.759584E-01
  2.117000E+03 -1.319180E+00
  2.117500E+03 -1.891973E+00
  2.118000E+03 -2.376790E+00
  2.118500E+03 -2.760242E+00
  2.119000E+03 -3.033150E+00
  2.119500E+03 -3.190400E+00
  2.120000E+03 -3.230672E+00
  2.120500E+03 -3.156079E+00
  2.121000E+03 -2.971774E+00
  2.121500E+03 -2.685563E+00
  2.122000E+03 -2.307546E+00
  2.122500E+03 -1.849816E+00
  2.123000E+03 -1.326196E+00
  2.123500E+03 -7.520246E-01
  2.124000E+03 -1.439435E-01
  2.124500E+03  4.803157E-01
  2.125000E+03  1.102193E+00
  2.125500E+03  1.702629E+00
  2.126000E+03  2.262475E+00
  2.126500E+03  2.763002E+00
  2.127000E+03  3.186495E+00
  2.127500E+03  3.516911E+00
  2.128000E+03  3.740573E+00
  2.128500E+03  3.846855E+00
  2.129000E+03  3.828809E+00
  2.129500E+03  3.683676E+00
  2.130000E+03  3.413241E+00
  2.130500E+03  3.023983E+00
  2.131000E+03  2.526996E+00
  2.131500E+03  1.937666E+00
  2.132000E+03  1.275110E+00
  2.132500E+03  5.613998E-01
  2.133000E+03 -1.793849E-01
  2.133500E+03 -9.222280E-01
  2.134000E+03 -1.642299E+00
  2.134500E+03 -2.316062E+00
  2.135000E+03 -2.922295E+00
  2.135500E+03 -3.442969E+00
  2.136000E+03 -3.863917E+00
  2.136500E+03 -4.175277E+00
  2.137000E+03 -4.371668E+00
  2.137500E+03 -4.452116E+00
  2.138000E+03 -4.419746E+00
  2.138500E+03 -4.281265E+00
  2.139000E+03 -4.046297E+00
  2.139500E+03 -3.726621E+00
  2.140000E+03 -3.335374E+00
  2.140500E+03 -2.886281E+00
  2.141000E+03 -2.392960E+00
  2.141500E+03 -1.868352E+00
  2.142000E+03 -1.324299E+00
  2.142500E+03 -7.712931E-01
  2.143000E+03 -2.183857E-01
  2.143500E+03  3.267472E-01
  2.144000E+03  8.576184E-01
  2.144500E+03  1.368653E+00
  2.145000E+03  1.854862E+00
  2.145500E+03  2.311515E+00
  2.146000E+03  2.733839E+00
  2.146500E+03  3.116784E+00
  2.147000E+03  3.454890E+00
  2.147500E+03  3.742245E+00
  2.148000E+03  3.972566E+00
  2.148500E+03  4.139377E+00
  2.149000E+03  4.236285E+00
  2.149500E+03  4.257322E+00
  2.150000E+03  4.197326E+00
  2.150500E+03  4.052351E+00
  2.151000E+03  3.820050E+00
  2.151500E+03  3.500036E+00
  2.152000E+03  3.094171E+00
  2.152500E+03  2.606789E+00
  2.153000E+03  2.044830E+00
  2.153500E+03  1.417873E+00
  2.154000E+03  7.380802E-01
  2.154500E+03  2.003708E-02
  2.155000E+03 -7.194998E-01
  2.155500E+03 -1.461947E+00
  2.156000E+03 -2.187324E+00
  2.156500E+03 -2.874760E+00
  2.157000E+03 -3.503076E+00
  2.157500E+03 -4.051429E+00
  2.158000E+03 -4.499997E+00
  2.158500E+03 -4.830719E+00
  2.159000E+03 -5.028026E+00
  2.159500E+03 -5.079582E+00
  2.160000E+03 -4.976979E+00
  2.160500E+03 -4.716359E+00
  2.161000E+03 -4.298933E+00
  2.161500E+03 -3.731355E+00
  2.162000E+03 -3.025909E+00
  2.162500E+03 -2.200494E+00
  2.163000E+03 -1.278361E+00
  2.163500E+03 -2.876115E-01
  2.164000E+03  7.395703E-01
  2.164500E+03  1.767918E+00
  2.165000E+03  2.760299E+00
  2.165500E+03  3.679107E+00
  2.166000E+03  4.487761E+00
  2.166500E+03  5.152264E+00
  2.167000E+03  5.642723E+00
  2.167500E+03  5.934779E+00
  2.168000E+03  6.010838E+00
  2.168500E+03  5.861069E+00
  2.169000E+03  5.484070E+00
  2.169500E+03  4.887195E+00
  2.170000E+03  4.086488E+00
  2.170500E+03  3.106227E+00
  2.171000E+03  1.978098E+00
  2.171500E+03  7.400316E-01
  2.172000E+03 -5.652520E-01
  2.172500E+03 -1.891906E+00
  2.173000E+03 -3.192761E+00
  2.173500E+03 -4.421173E+00
  2.174000E+03 -5.532835E+00
  2.174500E+03 -6.487470E+00
  2.175000E+03 -7.250322E+00
  2.175500E+03 -7.793391E+00
  2.176000E+03 -8.096363E+00
  2.176500E+03 -8.147209E+00
  2.177000E+03 -7.942431E+00
  2.177500E+03 -7.486982E+00
  2.178000E+03 -6.793862E+00
  2.178500E+03 -5.883437E+00
  2.179000E+03 -4.782531E+00
  2.179500E+03 -3.523334E+00
  2.180000E+03 -2.142193E+00
  2.180500E+03 -6.783402E-01
  2.181000E+03  8.273923E-01
  2.181500E+03  2.333816E+00
  2.182000E+03  3.800553E+00
  2.182500E+03  5.189088E+00
  2.183000E+03  6.463697E+00
  2.183500E+03  7.592218E+00
  2.184000E+03  8.546682E+00
  2.184500E+03  9.303792E+00
  2.185000E+03  9.845264E+00
  2.185500E+03  1.015804E+01
  2.186000E+03  1.023438E+01
  2.186500E+03  1.007189E+01
  2.187000E+03  9.673418E+00
  2.187500E+03  9.046909E+00
  2.188000E+03  8.205205E+00
  2.188500E+03  7.165769E+00
  2.189000E+03  5.950369E+00
  2.189500E+03  4.584709E+00
  2.190000E+03  3.098002E+00
  2.190500E+03  1.522483E+00
  2.191000E+03 -1.071378E-01
  2.191500E+03 -1.754299E+00
  2.192000E+03 -3.381279E+00
  2.192500E+03 -4.949957E+00
  2.193000E+03 -6.422649E+00
  2.193500E+03 -7.762996E+00
  2.194000E+03 -8.936896E+00
  2.194500E+03 -9.913456E+00
  2.195000E+03 -1.066594E+01
  2.195500E+03 -1.117268E+01
  2.196000E+03 -1.141788E+01
  2.196500E+03 -1.139239E+01
  2.197000E+03 -1.109420E+01
  2.197500E+03 -1.052883E+01
  2.198000E+03 -9.709498E+00
  2.198500E+03 -8.656935E+00
  2.199000E+03 -7.399047E+00
  2.199500E+03 -5.970219E+00
  2.200000E+03 -4.410370E+00
  2.200500E+03 -2.763752E+00
  2.201000E+03 -1.077538E+00
  2.201500E+03  5.997703E-01
  2.202000E+03  2.220033E+00
  2.202500E+03  3.737211E+00
  2.203000E+03  5.109059E+00
  2.203500E+03  6.298707E+00
  2.204000E+03  7.276054E+00
  2.204500E+03  8.018892E+00
  2.205000E+03  8.513711E+00
  2.205500E+03  8.756142E+00
  2.206000E+03  8.750999E+00
  2.206500E+03  8.511924E+00
  2.207000E+03  8.060633E+00
  2.207500E+03  7.425814E+00
  2.208000E+03  6.641714E+00
  2.208500E+03  5.746488E+00
  2.209000E+03  4.780393E+00
  2.209500E+03  3.783920E+00
  2.210000E+03  2.795944E+00
  2.210500E+03  1.852010E+00
  2.211000E+03  9.828186E-01
  2.211500E+03  2.129911E-01
  2.212000E+03 -4.398109E-01
  2.212500E+03 -9.653891E-01
  2.213000E+03 -1.361103E+00
  2.213500E+03 -1.631559E+00
  2.214000E+03 -1.787920E+00
  2.214500E+03 -1.846874E+00
  2.215000E+03 -1.829321E+00
  2.215500E+03 -1.758871E+00
  2.216000E+03 -1.660214E+00
  2.216500E+03 -1.557475E+00
  2.217000E+03 -1.472638E+00
  2.217500E+03 -1.424135E+00
  2.218000E+03 -1.425678E+00
  2.218500E+03 -1.485390E+00
  2.219000E+03 -1.605313E+00
  2.219500E+03 -1.781296E+00
  2.220000E+03 -2.003283E+00
  2.220500E+03 -2.255993E+00
  2.221000E+03 -2.519939E+00
  2.221500E+03 -2.772751E+00
  2.222000E+03 -2.990701E+00
  2.222500E+03 -3.150368E+00
  2.223000E+03 -3.230318E+00
  2.223500E+03 -3.212714E+00
  2.224000E+03 -3.084744E+00
  2.224500E+03 -2.839778E+00
  2.225000E+03 -2.478165E+00
  2.225500E+03 -2.007623E+00
  2.226000E+03 -1.443162E+00
  2.226500E+03 -8.065549E-01
  2.227000E+03 -1.253417E-01
  2.227500E+03  5.685575E-01
  2.228000E+03  1.240571E+00
  2.228500E+03  1.855440E+00
  2.229000E+03  2.379309E+00
  2.229500E+03  2.781811E+00
  2.230000E+03  3.038028E+00
  2.230500E+03  3.130192E+00
  2.231000E+03  3.049016E+00
  2.231500E+03  2.794556E+00
  2.232000E+03  2.376551E+00
  2.232500E+03  1.814187E+00
  2.233000E+03  1.135296E+00
  2.233500E+03  3.750255E-01
  2.234000E+03 -4.259606E-01
  2.234500E+03 -1.223636E+00
  2.235000E+03 -1.973007E+00
  2.235500E+03 -2.630596E+00
  2.236000E+03 -3.156875E+00
  2.236500E+03 -3.518493E+00
  2.237000E+03 -3.690158E+00
  2.237500E+03 -3.656080E+00
  2.238000E+03 -3.410858E+00
  2.238500E+03 -2.959789E+00
  2.239000E+03 -2.318571E+00
  2.239500E+03 -1.512424E+00
  2.240000E+03 -5.747059E-01
  2.240500E+03  4.549051E-01
  2.241000E+03  1.532523E+00
  2.241500E+03  2.612337E+00
  2.242000E+03  3.648924E+00
  2.242500E+03  4.599444E+00
  2.243000E+03  5.425606E+00
  2.243500E+03  6.095286E+00
  2.244000E+03  6.583728E+00
  2.244500E+03  6.874285E+00
  2.245000E+03  6.958676E+00
  2.245500E+03  6.836796E+00
  2.246000E+03  6.516108E+00
  2.246500E+03  6.010717E+00
  2.247000E+03  5.340186E+00
  2.247500E+03  4.528220E+00
  2.248000E+03  3.601296E+00
  2.248500E+03  2.587355E+00
  2.249000E+03  1.514606E+00
  2.249500E+03  4.105305E-01
  2.250000E+03 -6.988929E-01
  2.250500E+03 -1.789727E+00
  2.251000E+03 -2.840378E+00
  2.251500E+03 -3.831701E+00
  2.252000E+03 -4.746942E+00
  2.252500E+03 -5.571569E+00
  2.253000E+03 -6.293061E+00
  2.253500E+03 -6.900689E+00
  2.254000E+03 -7.385351E+00
  2.254500E+03 -7.739480E+00
  2.255000E+03 -7.957058E+00
  2.255500E+03 -8.033726E+00
  2.256000E+03 -7.966973E+00
  2.256500E+03 -7.756397E+00
  2.257000E+03 -7.403975E+00
  2.257500E+03 -6.914324E+00
  2.258000E+03 -6.294884E+00
  2.258500E+03 -5.556015E+00
  2.259000E+03 -4.710949E+00
  2.259500E+03 -3.775602E+00
  2.260000E+03 -2.768226E+00
  2.260500E+03 -1.708927E+00
  2.261000E+03 -6.190624E-01
  2.261500E+03  4.794406E-01
  2.262000E+03  1.564800E+00
  2.262500E+03  2.616078E+00
  2.263000E+03  3.613821E+00
  2.263500E+03  4.540591E+00
  2.264000E+03  5.381357E+00
  2.264500E+03  6.123735E+00
  2.265000E+03  6.758052E+00
  2.265500E+03  7.277260E+00
  2.266000E+03  7.676708E+00
  2.266500E+03  7.953823E+00
  2.267000E+03  8.107723E+00
  2.267500E+03  8.138824E+00
  2.268000E+03  8.048482E+00
  2.268500E+03  7.838709E+00
  2.269000E+03  7.512001E+00
  2.269500E+03  7.071295E+00
  2.270000E+03  6.520062E+00
  2.270500E+03  5.862530E+00
  2.271000E+03  5.104007E+00
  2.271500E+03  4.251275E+00
  2.272000E+03  3.313008E+00
  2.272500E+03  2.300156E+00
  2.273000E+03  1.226258E+00
  2.273500E+03  1.076211E-01
  2.274000E+03 -1.036670E+00
  2.274500E+03 -2.184933E+00
  2.275000E+03 -3.313286E+00
  2.275500E+03 -4.396246E+00
  2.276000E+03 -5.407518E+00
  2.276500E+03 -6.320938E+00
  2.277000E+03 -7.111515E+00
  2.277500E+03 -7.756524E+00
  2.278000E+03 -8.236573E+00
  2.278500E+03 -8.536587E+00
  2.279000E+03 -8.646642E+00
  2.279500E+03 -8.562585E+00
  2.280000E+03 -8.286417E+00
  2.280500E+03 -7.826383E+00
  2.281000E+03 -7.196767E+00
  2.281500E+03 -6.417409E+00
  2.282000E+03 -5.512934E+00
  2.282500E+03 -4.511765E+00
  2.283000E+03 -3.444944E+00
  2.283500E+03 -2.344835E+00
  2.284000E+03 -1.243782E+00
  2.284500E+03 -1.727705E-01
  2.285000E+03  8.398061E-01
  2.285500E+03  1.769242E+00
  2.286000E+03  2.595402E+00
  2.286500E+03  3.303355E+00
  2.287000E+03  3.883736E+00
  2.287500E+03  4.332811E+00
  2.288000E+03  4.652261E+00
  2.288500E+03  4.848694E+00
  2.289000E+03  4.932928E+00
  2.289500E+03  4.919080E+00
  2.290000E+03  4.823528E+00
  2.290500E+03  4.663800E+00
  2.291000E+03  4.457457E+00
  2.291500E+03  4.221036E+00
  2.292000E+03  3.969115E+00
  2.292500E+03  3.713547E+00
  2.293000E+03  3.462906E+00
  2.293500E+03  3.222184E+00
  2.294000E+03  2.992731E+00
  2.294500E+03  2.772465E+00
  2.295000E+03  2.556311E+00
  2.295500E+03  2.336848E+00
  2.296000E+03  2.105121E+00
  2.296500E+03  1.851558E+00
  2.297000E+03  1.566936E+00
  2.297500E+03  1.243326E+00
  2.298000E+03  8.749637E-01
  2.298500E+03  4.589719E-01
  2.299000E+03 -4.100267E-03
  2.299500E+03 -5.099672E-01
  2.300000E+03 -1.050547E+00
  2.300500E+03 -1.614159E+00
  2.301000E+03 -2.185969E+00
  2.301500E+03 -2.748660E+00
  2.302000E+03 -3.283281E+00
  2.302500E+03 -3.770230E+00
  2.303000E+03 -4.190307E+00
  2.303500E+03 -4.525769E+00
  2.304000E+03 -4.761330E+00
  2.304500E+03 -4.885037E+00
  2.305000E+03 -4.888974E+00
  2.305500E+03 -4.769748E+00
  2.306000E+03 -4.528737E+00
  2.306500E+03 -4.172082E+00
  2.307000E+03 -3.710427E+00
  2.307500E+03 -3.158427E+00
  2.308000E+03 -2.534069E+00
  2.308500E+03 -1.857821E+00
  2.309000E+03 -1.151701E+00
  2.309500E+03 -4.382768E-01
  2.310000E+03  2.603071E-01
  2.310500E+03  9.232514E-01
  2.311000E+03  1.531915E+00
  2.311500E+03  2.070485E+00
  2.312000E+03  2.526479E+00
  2.312500E+03  2.891063E+00
  2.313000E+03  3.159191E+00
  2.313500E+03  3.329558E+00
  2.314000E+03  3.404400E+00
  2.314500E+03  3.389155E+00
  2.315000E+03  3.292010E+00
  2.315500E+03  3.123382E+00
  2.316000E+03  2.895331E+00
  2.316500E+03  2.620970E+00
  2.317000E+03  2.313864E+00
  2.317500E+03  1.987467E+00
  2.318000E+03  1.654592E+00
  2.318500E+03  1.326946E+00
  2.319000E+03  1.014725E+00
  2.319500E+03  7.262885E-01
  2.320000E+03  4.679164E-01
  2.320500E+03  2.436481E-01
  2.321000E+03  5.521785E-02
  2.321500E+03 -9.791713E-02
  2.322000E+03 -2.184512E-01
  2.322500E+03 -3.110067E-01
  2.323000E+03 -3.818156E-01
  2.323500E+03 -4.383125E-01
  2.324000E+03 -4.886506E-01
  2.324500E+03 -5.411581E-01
  2.325000E+03 -6.037570E-01
  2.325500E+03 -6.833746E-01
  2.326000E+03 -7.853791E-01
  2.326500E+03 -9.130753E-01
  2.327000E+03 -1.067298E+00
  2.327500E+03 -1.246136E+00
  2.328000E+03 -1.444817E+00
  2.328500E+03 -1.655776E+00
  2.329000E+03 -1.868912E+00
  2.329500E+03 -2.072042E+00
  2.330000E+03 -2.251527E+00
  2.330500E+03 -2.393046E+00
  2.331000E+03 -2.482476E+00
  2.331500E+03 -2.506827E+00
  2.332000E+03 -2.455170E+00
  2.332500E+03 -2.319495E+00
  2.333000E+03 -2.095443E+00
  2.333500E+03 -1.782849E+00
  2.334000E+03 -1.386055E+00
  2.334500E+03 -9.139628E-01
  2.335000E+03 -3.798121E-01
  2.335500E+03  1.993155E-01
  2.336000E+03  8.032361E-01
  2.336500E+03  1.409610E+00
  2.337000E+03  1.995033E+00
  2.337500E+03  2.536219E+00
  2.338000E+03  3.011178E+00
  2.338500E+03  3.400334E+00
  2.339000E+03  3.687513E+00
  2.339500E+03  3.860727E+00
  2.340000E+03  3.912722E+00
  2.340500E+03  3.841261E+00
  2.341000E+03  3.649125E+00
  2.341500E+03  3.343856E+00
  2.342000E+03  2.937253E+00
  2.342500E+03  2.444679E+00
  2.343000E+03  1.884227E+00
  2.343500E+03  1.275805E+00
  2.344000E+03  6.402021E-01
  2.344500E+03 -1.806727E-03
  2.345000E+03 -6.302668E-01
  2.345500E+03 -1.226725E+00
  2.346000E+03 -1.774758E+00
  2.346500E+03 -2.260347E+00
  2.347000E+03 -2.672094E+00
  2.347500E+03 -3.001302E+00
  2.348000E+03 -3.241943E+00
  2.348500E+03 -3.390550E+00
  2.349000E+03 -3.446065E+00
  2.349500E+03 -3.409660E+00
  2.350000E+03 -3.284577E+00
  2.350500E+03 -3.075988E+00
  2.351000E+03 -2.790882E+00
  2.351500E+03 -2.437970E+00
  2.352000E+03 -2.027608E+00
  2.352500E+03 -1.571695E+00
  2.353000E+03 -1.083540E+00
  2.353500E+03 -5.776511E-01
  2.354000E+03 -6.945249E-02
  2.354500E+03  4.251115E-01
  2.355000E+03  8.900708E-01
  2.355500E+03  1.310020E+00
  2.356000E+03  1.670778E+00
  2.356500E+03  1.960088E+00
  2.357000E+03  2.168301E+00
  2.357500E+03  2.289003E+00
  2.358000E+03  2.319516E+00
  2.358500E+03  2.261243E+00
  2.359000E+03  2.119783E+00
  2.359500E+03  1.904818E+00
  2.360000E+03  1.629726E+00
  2.360500E+03  1.310950E+00
  2.361000E+03  9.671372E-01
  2.361500E+03  6.180921E-01
  2.362000E+03  2.836116E-01
  2.362500E+03 -1.772479E-02
  2.363000E+03 -2.697264E-01
  2.363500E+03 -4.596382E-01
  2.364000E+03 -5.789855E-01
  2.364500E+03 -6.241469E-01
  2.365000E+03 -5.966076E-01
  2.365500E+03 -5.028641E-01
  2.366000E+03 -3.539791E-01
  2.366500E+03 -1.648103E-01
  2.367000E+03  4.703826E-02
  2.367500E+03  2.624716E-01
  2.368000E+03  4.622770E-01
  2.368500E+03  6.285183E-01
  2.369000E+03  7.458485E-01
  2.369500E+03  8.026445E-01
  2.370000E+03  7.918782E-01
  2.370500E+03  7.116577E-01
  2.371000E+03  5.653956E-01
  2.371500E+03  3.615895E-01
  2.372000E+03  1.132263E-01
  2.372500E+03 -1.631468E-01
  2.373000E+03 -4.486214E-01
  2.373500E+03 -7.233076E-01
  2.374000E+03 -9.677979E-01
  2.374500E+03 -1.164607E+00
  2.375000E+03 -1.299481E+00
  2.375500E+03 -1.362486E+00
  2.376000E+03 -1.348788E+00
  2.376500E+03 -1.259072E+00
  2.377000E+03 -1.099565E+00
  2.377500E+03 -8.816642E-01
  2.378000E+03 -6.211884E-01
  2.378500E+03 -3.373079E-01
  2.379000E+03 -5.122619E-02
  2.379500E+03  2.152950E-01
  2.380000E+03  4.414662E-01
  2.380500E+03  6.089498E-01
  2.381000E+03  7.031875E-01
  2.381500E+03  7.144849E-01
  2.382000E+03  6.387791E-01
  2.382500E+03  4.780375E-01
  2.383000E+03  2.402616E-01
  2.383500E+03 -6.090516E-02
  2.384000E+03 -4.069387E-01
  2.384500E+03 -7.755153E-01
  2.385000E+03 -1.141841E+00
  2.385500E+03 -1.480147E+00
  2.386000E+03 -1.765249E+00
  2.386500E+03 -1.974085E+00
  2.387000E+03 -2.087123E+00
  2.387500E+03 -2.089565E+00
  2.388000E+03 -1.972278E+00
  2.388500E+03 -1.732388E+00
  2.389000E+03 -1.373526E+00
  2.389500E+03 -9.057021E-01
  2.390000E+03 -3.448361E-01
  2.390500E+03  2.880280E-01
  2.391000E+03  9.677675E-01
  2.391500E+03  1.666421E+00
  2.392000E+03  2.354549E+00
  2.392500E+03  3.002632E+00
  2.393000E+03  3.582441E+00
  2.393500E+03  4.068296E+00
  2.394000E+03  4.438163E+00
  2.394500E+03  4.674537E+00
  2.395000E+03  4.765081E+00
  2.395500E+03  4.703007E+00
  2.396000E+03  4.487193E+00
  2.396500E+03  4.122058E+00
  2.397000E+03  3.617215E+00
  2.397500E+03  2.986938E+00
  2.398000E+03  2.249487E+00
  2.398500E+03  1.426334E+00
  2.399000E+03  5.413312E-01
  2.399500E+03 -3.801320E-01
  2.400000E+03 -1.311960E+00
  2.400500E+03 -2.228129E+00
  2.401000E+03 -3.103403E+00
  2.401500E+03 -3.913964E+00
  2.402000E+03 -4.637962E+00
  2.402500E+03 -5.255983E+00
  2.403000E+03 -5.751422E+00
  2.403500E+03 -6.110801E+00
  2.404000E+03 -6.324002E+00
  2.404500E+03 -6.384445E+00
  2.405000E+03 -6.289211E+00
  2.405500E+03 -6.039103E+00
  2.406000E+03 -5.638645E+00
  2.406500E+03 -5.096027E+00
  2.407000E+03 -4.422967E+00
  2.407500E+03 -3.634509E+00
  2.408000E+03 -2.748724E+00
  2.408500E+03 -1.786341E+00
  2.409000E+03 -7.702708E-01
  2.409500E+03  2.749311E-01
  2.410000E+03  1.323690E+00
  2.410500E+03  2.350088E+00
  2.411000E+03  3.328575E+00
  2.411500E+03  4.234697E+00
  2.412000E+03  5.045807E+00
  2.412500E+03  5.741735E+00
  2.413000E+03  6.305382E+00
  2.413500E+03  6.723228E+00
  2.414000E+03  6.985712E+00
  2.414500E+03  7.087486E+00
  2.415000E+03  7.027524E+00
  2.415500E+03  6.809084E+00
  2.416000E+03  6.439531E+00
  2.416500E+03  5.930022E+00
  2.417000E+03  5.295088E+00
  2.417500E+03  4.552104E+00
  2.418000E+03  3.720698E+00
  2.418500E+03  2.822109E+00
  2.419000E+03  1.878517E+00
  2.419500E+03  9.123814E-01
  2.420000E+03 -5.420615E-02
  2.420500E+03 -1.000120E+00
  2.421000E+03 -1.905742E+00
  2.421500E+03 -2.753427E+00
  2.422000E+03 -3.527888E+00
  2.422500E+03 -4.216482E+00
  2.423000E+03 -4.809395E+00
  2.423500E+03 -5.299735E+00
  2.424000E+03 -5.683503E+00
  2.424500E+03 -5.959480E+00
  2.425000E+03 -6.129003E+00
  2.425500E+03 -6.195661E+00
  2.426000E+03 -6.164911E+00
  2.426500E+03 -6.043635E+00
  2.427000E+03 -5.839661E+00
  2.427500E+03 -5.561267E+00
  2.428000E+03 -5.216693E+00
  2.428500E+03 -4.813704E+00
  2.429000E+03 -4.359216E+00
  2.429500E+03 -3.859023E+00
  2.430000E+03 -3.317642E+00
  2.430500E+03 -2.738297E+00
  2.431000E+03 -2.123051E+00
  2.431500E+03 -1.473080E+00
  2.432000E+03 -7.890819E-01
  2.432500E+03 -7.179666E-02
  2.433000E+03  6.774007E-01
  2.433500E+03  1.455871E+00
  2.434000E+03  2.259098E+00
  2.434500E+03  3.080146E+00
  2.435000E+03  3.909234E+00
  2.435500E+03  4.733484E+00
  2.436000E+03  5.536867E+00
  2.436500E+03  6.300396E+00
  2.437000E+03  7.002551E+00
  2.437500E+03  7.619960E+00
  2.438000E+03  8.128282E+00
  2.438500E+03  8.503288E+00
  2.439000E+03  8.722051E+00
  2.439500E+03  8.764203E+00
  2.440000E+03  8.613180E+00
  2.440500E+03  8.257373E+00
  2.441000E+03  7.691113E+00
  2.441500E+03  6.915436E+00
  2.442000E+03  5.938554E+00
  2.442500E+03  4.776019E+00
  2.443000E+03  3.450537E+00
  2.443500E+03  1.991454E+00
  2.444000E+03  4.339176E-01
  2.444500E+03 -1.182235E+00
  2.445000E+03 -2.813817E+00
  2.445500E+03 -4.415788E+00
  2.446000E+03 -5.942846E+00
  2.446500E+03 -7.351030E+00
  2.447000E+03 -8.599266E+00
  2.447500E+03 -9.650799E+00
  2.448000E+03 -1.047444E+01
  2.448500E+03 -1.104561E+01
  2.449000E+03 -1.134710E+01
  2.449500E+03 -1.136962E+01
  2.450000E+03 -1.111202E+01
  2.450500E+03 -1.058127E+01
  2.451000E+03 -9.792201E+00
  2.451500E+03 -8.766971E+00
  2.452000E+03 -7.534379E+00
  2.452500E+03 -6.128960E+00
  2.453000E+03 -4.589938E+00
  2.453500E+03 -2.960060E+00
  2.454000E+03 -1.284339E+00
  2.454500E+03  3.912749E-01
  2.455000E+03  2.021252E+00
  2.455500E+03  3.561838E+00
  2.456000E+03  4.972381E+00
  2.456500E+03  6.216578E+00
  2.457000E+03  7.263614E+00
  2.457500E+03  8.089141E+00
  2.458000E+03  8.676066E+00
  2.458500E+03  9.015098E+00
  2.459000E+03  9.105032E+00
  2.459500E+03  8.952737E+00
  2.460000E+03  8.572840E+00
  2.460500E+03  7.987101E+00
  2.461000E+03  7.223506E+00
  2.461500E+03  6.315099E+00
  2.462000E+03  5.298600E+00
  2.462500E+03  4.212888E+00
  2.463000E+03  3.097397E+00
  2.463500E+03  1.990521E+00
  2.464000E+03  9.281036E-01
  2.464500E+03 -5.791947E-02
  2.465000E+03 -9.406425E-01
  2.465500E+03 -1.699038E+00
  2.466000E+03 -2.318485E+00
  2.466500E+03 -2.790966E+00
  2.467000E+03 -3.114941E+00
  2.467500E+03 -3.294908E+00
  2.468000E+03 -3.340715E+00
  2.468500E+03 -3.266667E+00
  2.469000E+03 -3.090492E+00
  2.469500E+03 -2.832248E+00
  2.470000E+03 -2.513230E+00
  2.470500E+03 -2.154946E+00
  2.471000E+03 -1.778208E+00
  2.471500E+03 -1.402376E+00
  2.472000E+03 -1.044782E+00
  2.472500E+03 -7.203280E-01
  2.473000E+03 -4.412547E-01
  2.473500E+03 -2.170590E-01
  2.474000E+03 -5.452544E-02
  2.474500E+03  4.216138E-02
  2.475000E+03  7.125793E-02
  2.475500E+03  3.328769E-02
  2.476000E+03 -6.912564E-02
  2.476500E+03 -2.314043E-01
  2.477000E+03 -4.471397E-01
  2.477500E+03 -7.081999E-01
  2.478000E+03 -1.004838E+00
  2.478500E+03 -1.325822E+00
  2.479000E+03 -1.658610E+00
  2.479500E+03 -1.989588E+00
  2.480000E+03 -2.304398E+00
  2.480500E+03 -2.588343E+00
  2.481000E+03 -2.826886E+00
  2.481500E+03 -3.006211E+00
  2.482000E+03 -3.113832E+00
  2.482500E+03 -3.139210E+00
  2.483000E+03 -3.074323E+00
  2.483500E+03 -2.914175E+00
  2.484000E+03 -2.657174E+00
  2.484500E+03 -2.305354E+00
  2.485000E+03 -1.864421E+00
  2.485500E+03 -1.343606E+00
  2.486000E+03 -7.553250E-01
  2.486500E+03 -1.146735E-01
  2.487000E+03  5.612248E-01
  2.487500E+03  1.253960E+00
  2.488000E+03  1.944625E+00
  2.488500E+03  2.614600E+00
  2.489000E+03  3.246271E+00
  2.489500E+03  3.823656E+00
  2.490000E+03  4.332875E+00
  2.490500E+03  4.762484E+00
  2.491000E+03  5.103622E+00
  2.491500E+03  5.350021E+00
  2.492000E+03  5.497869E+00
  2.492500E+03  5.545583E+00
  2.493000E+03  5.493517E+00
  2.493500E+03  5.343655E+00
  2.494000E+03  5.099324E+00
  2.494500E+03  4.764963E+00
  2.495000E+03  4.345968E+00
  2.495500E+03  3.848625E+00
  2.496000E+03  3.280124E+00
  2.496500E+03  2.648644E+00
  2.497000E+03  1.963472E+00
  2.497500E+03  1.235131E+00
  2.498000E+03  4.754729E-01
  2.498500E+03 -3.022971E-01
  2.499000E+03 -1.083700E+00
  2.499500E+03 -1.853182E+00
  2.500000E+03 -2.594447E+00
  2.500500E+03 -3.290913E+00
  2.501000E+03 -3.926274E+00
  2.501500E+03 -4.485140E+00
  2.502000E+03 -4.953702E+00
  2.502500E+03 -5.320379E+00
  2.503000E+03 -5.576402E+00
  2.503500E+03 -5.716277E+00
  2.504000E+03 -5.738091E+00
  2.504500E+03 -5.643638E+00
  2.505000E+03 -5.438349E+00
  2.505500E+03 -5.131025E+00
  2.506000E+03 -4.733394E+00
  2.506500E+03 -4.259525E+00
  2.507000E+03 -3.725138E+00
  2.507500E+03 -3.146864E+00
  2.508000E+03 -2.541500E+00
  2.508500E+03 -1.925318E+00
  2.509000E+03 -1.313461E+00
  2.509500E+03 -7.194642E-01
  2.510000E+03 -1.549183E-01
  2.510500E+03  3.707146E-01
  2.511000E+03  8.501470E-01
  2.511500E+03  1.278186E+00
  2.512000E+03  1.651561E+00
  2.512500E+03  1.968686E+00
  2.513000E+03  2.229398E+00
  2.513500E+03  2.434696E+00
  2.514000E+03  2.586519E+00
  2.514500E+03  2.687565E+00
  2.515000E+03  2.741170E+00
  2.515500E+03  2.751244E+00
  2.516000E+03  2.722246E+00
  2.516500E+03  2.659190E+00
  2.517000E+03  2.567646E+00
  2.517500E+03  2.453723E+00
  2.518000E+03  2.324009E+00
  2.518500E+03  2.185447E+00
  2.519000E+03  2.045143E+00
  2.519500E+03  1.910112E+00
  2.520000E+03  1.786957E+00
  2.520500E+03  1.681517E+00
  2.521000E+03  1.598497E+00
  2.521500E+03  1.541127E+00
  2.522000E+03  1.510857E+00
  2.522500E+03  1.507147E+00
  2.523000E+03  1.527357E+00
  2.523500E+03  1.566758E+00
  2.524000E+03  1.618679E+00
  2.524500E+03  1.674779E+00
  2.525000E+03  1.725436E+00
  2.525500E+03  1.760223E+00
  2.526000E+03  1.768451E+00
  2.526500E+03  1.739746E+00
  2.527000E+03  1.664612E+00
  2.527500E+03  1.534960E+00
  2.528000E+03  1.344574E+00
  2.528500E+03  1.089483E+00
  2.529000E+03  7.682310E-01
  2.529500E+03  3.820360E-01
  2.530000E+03 -6.515910E-02
  2.530500E+03 -5.667426E-01
  2.531000E+03 -1.113582E+00
  2.531500E+03 -1.694252E+00
  2.532000E+03 -2.295334E+00
  2.532500E+03 -2.901763E+00
  2.533000E+03 -3.497231E+00
  2.533500E+03 -4.064627E+00
  2.534000E+03 -4.586506E+00
  2.534500E+03 -5.045609E+00
  2.535000E+03 -5.425392E+00
  2.535500E+03 -5.710598E+00
  2.536000E+03 -5.887834E+00
  2.536500E+03 -5.946156E+00
  2.537000E+03 -5.877627E+00
  2.537500E+03 -5.677828E+00
  2.538000E+03 -5.346295E+00
  2.538500E+03 -4.886824E+00
  2.539000E+03 -4.307637E+00
  2.539500E+03 -3.621350E+00
  2.540000E+03 -2.844731E+00
  2.540500E+03 -1.998233E+00
  2.541000E+03 -1.105297E+00
  2.541500E+03 -1.914458E-01
  2.542000E+03  7.167907E-01
  2.542500E+03  1.593083E+00
  2.543000E+03  2.412555E+00
  2.543500E+03  3.153021E+00
  2.544000E+03  3.796115E+00
  2.544500E+03  4.328231E+00
  2.545000E+03  4.741203E+00
  2.545500E+03  5.032668E+00
  2.546000E+03  5.206060E+00
  2.546500E+03  5.270238E+00
  2.547000E+03  5.238746E+00
  2.547500E+03  5.128752E+00
  2.548000E+03  4.959740E+00
  2.548500E+03  4.752027E+00
  2.549000E+03  4.525222E+00
  2.549500E+03  4.296738E+00
  2.550000E+03  4.080462E+00
  2.550500E+03  3.885692E+00
  2.551000E+03  3.716417E+00
  2.551500E+03  3.571012E+00
  2.552000E+03  3.442363E+00
  2.552500E+03  3.318430E+00
  2.553000E+03  3.183210E+00
  2.553500E+03  3.018034E+00
  2.554000E+03  2.803103E+00
  2.554500E+03  2.519168E+00
  2.555000E+03  2.149212E+00
  2.555500E+03  1.680033E+00
  2.556000E+03  1.103612E+00
  2.556500E+03  4.181542E-01
  2.557000E+03 -3.712469E-01
  2.557500E+03 -1.252392E+00
  2.558000E+03 -2.206205E+00
  2.558500E+03 -3.207397E+00
  2.559000E+03 -4.225532E+00
  2.559500E+03 -5.226409E+00
  2.560000E+03 -6.173689E+00
  2.560500E+03 -7.030660E+00
  2.561000E+03 -7.762042E+00
  2.561500E+03 -8.335721E+00
  2.562000E+03 -8.724331E+00
  2.562500E+03 -8.906593E+00
  2.563000E+03 -8.868366E+00
  2.563500E+03 -8.603345E+00
  2.564000E+03 -8.113406E+00
  2.564500E+03 -7.408588E+00
  2.565000E+03 -6.506727E+00
  2.565500E+03 -5.432765E+00
  2.566000E+03 -4.217801E+00
  2.566500E+03 -2.897898E+00
  2.567000E+03 -1.512726E+00
  2.567500E+03 -1.040949E-01
  2.568000E+03  1.285584E+00
  2.568500E+03  2.614833E+00
  2.569000E+03  3.844600E+00
  2.569500E+03  4.939656E+00
  2.570000E+03  5.869843E+00
  2.570500E+03  6.611151E+00
  2.571000E+03  7.146558E+00
  2.571500E+03  7.466623E+00
  2.572000E+03  7.569791E+00
  2.572500E+03  7.462393E+00
  2.573000E+03  7.158332E+00
  2.573500E+03  6.678451E+00
  2.574000E+03  6.049608E+00
  2.574500E+03  5.303478E+00
  2.575000E+03  4.475119E+00
  2.575500E+03  3.601387E+00
  2.576000E+03  2.719241E+00
  2.576500E+03  1.864041E+00
  2.577000E+03  1.067919E+00
  2.577500E+03  3.583045E-01
  2.578000E+03 -2.432934E-01
  2.578500E+03 -7.221965E-01
  2.579000E+03 -1.071088E+00
  2.579500E+03 -1.290136E+00
  2.580000E+03 -1.386695E+00
  2.580500E+03 -1.374603E+00
  2.581000E+03 -1.273118E+00
  2.581500E+03 -1.105549E+00
  2.582000E+03 -8.976830E-01
  2.582500E+03 -6.761001E-01
  2.583000E+03 -4.664815E-01
  2.583500E+03 -2.920281E-01
  2.584000E+03 -1.720844E-01
  2.584500E+03 -1.210542E-01
  2.585000E+03 -1.476749E-01
  2.585500E+03 -2.546859E-01
  2.586000E+03 -4.389036E-01
  2.586500E+03 -6.916839E-01
  2.587000E+03 -9.997253E-01
  2.587500E+03 -1.346146E+00
  2.588000E+03 -1.711745E+00
  2.588500E+03 -2.076357E+00
  2.589000E+03 -2.420196E+00
  2.589500E+03 -2.725093E+00
  2.590000E+03 -2.975549E+00
  2.590500E+03 -3.159541E+00
  2.591000E+03 -3.269029E+00
  2.591500E+03 -3.300154E+00
  2.592000E+03 -3.253133E+00
  2.592500E+03 -3.131884E+00
  2.593000E+03 -2.943421E+00
  2.593500E+03 -2.697097E+00
  2.594000E+03 -2.403754E+00
  2.594500E+03 -2.074873E+00
  2.595000E+03 -1.721765E+00
  2.595500E+03 -1.354901E+00
  2.596000E+03 -9.833901E-01
  2.596500E+03 -6.146606E-01
  2.597000E+03 -2.543343E-01
  2.597500E+03  9.370410E-02
  2.598000E+03  4.270768E-01
  2.598500E+03  7.445582E-01
  2.599000E+03  1.045647E+00
  2.599500E+03  1.330116E+00
  2.600000E+03  1.597597E+00
  2.600500E+03  1.847236E+00
  2.601000E+03  2.077468E+00
  2.601500E+03  2.285920E+00
  2.602000E+03  2.469463E+00
  2.602500E+03  2.624399E+00
  2.603000E+03  2.746755E+00
  2.603500E+03  2.832673E+00
  2.604000E+03  2.878824E+00
  2.604500E+03  2.882834E+00
  2.605000E+03  2.843647E+00
  2.605500E+03  2.761807E+00
  2.606000E+03  2.639615E+00
  2.606500E+03  2.481133E+00
  2.607000E+03  2.292049E+00
  2.607500E+03  2.079381E+00
  2.608000E+03  1.851056E+00
  2.608500E+03  1.615391E+00
  2.609000E+03  1.380514E+00
  2.609500E+03  1.153771E+00
  2.610000E+03  9.411716E-01
  2.610500E+03  7.469214E-01
  2.611000E+03  5.730730E-01
  2.611500E+03  4.193434E-01
  2.612000E+03  2.831081E-01
  2.612500E+03  1.595848E-01
  2.613000E+03  4.219921E-02
  2.613500E+03 -7.688848E-02
  2.614000E+03 -2.061293E-01
  2.614500E+03 -3.538482E-01
  2.615000E+03 -5.274751E-01
  2.615500E+03 -7.328015E-01
  2.616000E+03 -9.733169E-01
  2.616500E+03 -1.249678E+00
  2.617000E+03 -1.559357E+00
  2.617500E+03 -1.896493E+00
  2.618000E+03 -2.251984E+00
  2.618500E+03 -2.613799E+00
  2.619000E+03 -2.967524E+00
  2.619500E+03 -3.297092E+00
  2.620000E+03 -3.585669E+00
  2.620500E+03 -3.816640E+00
  2.621000E+03 -3.974636E+00
  2.621500E+03 -4.046519E+00
  2.622000E+03 -4.022294E+00
  2.622500E+03 -3.895848E+00
  2.623000E+03 -3.665488E+00
  2.623500E+03 -3.334232E+00
  2.624000E+03 -2.909826E+00
  2.624500E+03 -2.404470E+00
  2.625000E+03 -1.834282E+00
  2.625500E+03 -1.218515E+00
  2.626000E+03 -5.785652E-01
  2.626500E+03  6.315339E-02
  2.627000E+03  6.844133E-01
  2.627500E+03  1.264380E+00
  2.628000E+03  1.784740E+00
  2.628500E+03  2.230688E+00
  2.629000E+03  2.591700E+00
  2.629500E+03  2.862046E+00
  2.630000E+03  3.041007E+00
  2.630500E+03  3.132784E+00
  2.631000E+03  3.146092E+00
  2.631500E+03  3.093473E+00
  2.632000E+03  2.990365E+00
  2.632500E+03  2.853985E+00
  2.633000E+03  2.702096E+00
  2.633500E+03  2.551745E+00
  2.634000E+03  2.418035E+00
  2.634500E+03  2.313039E+00
  2.635000E+03  2.244902E+00
  2.635500E+03  2.217206E+00
  2.636000E+03  2.228646E+00
  2.636500E+03  2.273033E+00
  2.637000E+03  2.339640E+00
  2.637500E+03  2.413862E+00
  2.638000E+03  2.478174E+00
  2.638500E+03  2.513303E+00
  2.639000E+03  2.499577E+00
  2.639500E+03  2.418330E+00
  2.640000E+03  2.253317E+00
  2.640500E+03  1.992006E+00
  2.641000E+03  1.626700E+00
  2.641500E+03  1.155382E+00
  2.642000E+03  5.822455E-01
  2.642500E+03 -8.214696E-02
  2.643000E+03 -8.210866E-01
  2.643500E+03 -1.612329E+00
  2.644000E+03 -2.429061E+00
  2.644500E+03 -3.241172E+00
  2.645000E+03 -4.016771E+00
  2.645500E+03 -4.723844E+00
  2.646000E+03 -5.331986E+00
  2.646500E+03 -5.814065E+00
  2.647000E+03 -6.147754E+00
  2.647500E+03 -6.316809E+00
  2.648000E+03 -6.312030E+00
  2.648500E+03 -6.131818E+00
  2.649000E+03 -5.782322E+00
  2.649500E+03 -5.277124E+00
  2.650000E+03 -4.636501E+00
  2.650500E+03 -3.886301E+00
  2.651000E+03 -3.056483E+00
  2.651500E+03 -2.179437E+00
  2.652000E+03 -1.288160E+00
  2.652500E+03 -4.144219E-01
  2.653000E+03  4.129659E-01
  2.653500E+03  1.169672E+00
  2.654000E+03  1.837053E+00
  2.654500E+03  2.402963E+00
  2.655000E+03  2.862128E+00
  2.655500E+03  3.216034E+00
  2.656000E+03  3.472363E+00
  2.656500E+03  3.643999E+00
  2.657000E+03  3.747680E+00
  2.657500E+03  3.802391E+00
  2.658000E+03  3.827615E+00
  2.658500E+03  3.841561E+00
  2.659000E+03  3.859505E+00
  2.659500E+03  3.892370E+00
  2.660000E+03  3.945639E+00
  2.660500E+03  4.018707E+00
  2.661000E+03  4.104707E+00
  2.661500E+03  4.190849E+00
  2.662000E+03  4.259246E+00
  2.662500E+03  4.288186E+00
  2.663000E+03  4.253762E+00
  2.663500E+03  4.131755E+00
  2.664000E+03  3.899641E+00
  2.664500E+03  3.538580E+00
  2.665000E+03  3.035249E+00
  2.665500E+03  2.383385E+00
  2.666000E+03  1.584927E+00
  2.666500E+03  6.506596E-01
  2.667000E+03 -3.996827E-01
  2.667500E+03 -1.537888E+00
  2.668000E+03 -2.728288E+00
  2.668500E+03 -3.929278E+00
  2.669000E+03 -5.095251E+00
  2.669500E+03 -6.178831E+00
  2.670000E+03 -7.133281E+00
  2.670500E+03 -7.914929E+00
  2.671000E+03 -8.485490E+00
  2.671500E+03 -8.814129E+00
  2.672000E+03 -8.879163E+00
  2.672500E+03 -8.669298E+00
  2.673000E+03 -8.184340E+00
  2.673500E+03 -7.435341E+00
  2.674000E+03 -6.444193E+00
  2.674500E+03 -5.242681E+00
  2.675000E+03 -3.871081E+00
  2.675500E+03 -2.376361E+00
  2.676000E+03 -8.101148E-01
  2.676500E+03  7.736874E-01
  2.677000E+03  2.320985E+00
  2.677500E+03  3.779856E+00
  2.678000E+03  5.102579E+00
  2.678500E+03  6.247429E+00
  2.679000E+03  7.180152E+00
  2.679500E+03  7.875052E+00
  2.680000E+03  8.315670E+00
  2.680500E+03  8.495055E+00
  2.681000E+03  8.415619E+00
  2.681500E+03  8.088641E+00
  2.682000E+03  7.533434E+00
  2.682500E+03  6.776253E+00
  2.683000E+03  5.848999E+00
  2.683500E+03  4.787794E+00
  2.684000E+03  3.631481E+00
  2.684500E+03  2.420130E+00
  2.685000E+03  1.193587E+00
  2.685500E+03 -9.861648E-03
  2.686000E+03 -1.154686E+00
  2.686500E+03 -2.209133E+00
  2.687000E+03 -3.146045E+00
  2.687500E+03 -3.943469E+00
  2.688000E+03 -4.585050E+00
  2.688500E+03 -5.060216E+00
  2.689000E+03 -5.364156E+00
  2.689500E+03 -5.497624E+00
  2.690000E+03 -5.466567E+00
  2.690500E+03 -5.281628E+00
  2.691000E+03 -4.957526E+00
  2.691500E+03 -4.512352E+00
  2.692000E+03 -3.966810E+00
  2.692500E+03 -3.343428E+00
  2.693000E+03 -2.665759E+00
  2.693500E+03 -1.957606E+00
  2.694000E+03 -1.242283E+00
  2.694500E+03 -5.419344E-01
  2.695000E+03  1.230679E-01
  2.695500E+03  7.346468E-01
  2.696000E+03  1.277444E+00
  2.696500E+03  1.739142E+00
  2.697000E+03  2.110684E+00
  2.697500E+03  2.386387E+00
  2.698000E+03  2.563947E+00
  2.698500E+03  2.644349E+00
  2.699000E+03  2.631677E+00
  2.699500E+03  2.532843E+00
  2.700000E+03  2.357234E+00
  2.700500E+03  2.116291E+00
  2.701000E+03  1.823043E+00
  2.701500E+03  1.491594E+00
  2.702000E+03  1.136596E+00
  2.702500E+03  7.727123E-01
  2.703000E+03  4.141016E-01
  2.703500E+03  7.392760E-02
  2.704000E+03 -2.360744E-01
  2.704500E+03 -5.059660E-01
  2.705000E+03 -7.278919E-01
  2.705500E+03 -8.962732E-01
  2.706000E+03 -1.007901E+00
  2.706500E+03 -1.061928E+00
  2.707000E+03 -1.059758E+00
  2.707500E+03 -1.004848E+00
  2.708000E+03 -9.024266E-01
  2.708500E+03 -7.591503E-01
  2.709000E+03 -5.827219E-01
  2.709500E+03 -3.814845E-01
  2.710000E+03 -1.640215E-01
  2.710500E+03  6.121817E-02
  2.711000E+03  2.862486E-01
  2.711500E+03  5.038132E-01
  2.712000E+03  7.075767E-01
  2.712500E+03  8.922372E-01
  2.713000E+03  1.053558E+00
  2.713500E+03  1.188326E+00
  2.714000E+03  1.294244E+00
  2.714500E+03  1.369775E+00
  2.715000E+03  1.413962E+00
  2.715500E+03  1.426228E+00
  2.716000E+03  1.406198E+00
  2.716500E+03  1.353541E+00
  2.717000E+03  1.267863E+00
  2.717500E+03  1.148656E+00
  2.718000E+03  9.953145E-01
  2.718500E+03  8.072161E-01
  2.719000E+03  5.838706E-01
  2.719500E+03  3.251239E-01
  2.720000E+03  3.140651E-02
  2.720500E+03 -2.959904E-01
  2.721000E+03 -6.546308E-01
  2.721500E+03 -1.040664E+00
  2.722000E+03 -1.448587E+00
  2.722500E+03 -1.871072E+00
  2.723000E+03 -2.298862E+00
  2.723500E+03 -2.720771E+00
  2.724000E+03 -3.123791E+00
  2.724500E+03 -3.493328E+00
  2.725000E+03 -3.813554E+00
  2.725500E+03 -4.067900E+00
  2.726000E+03 -4.239662E+00
  2.726500E+03 -4.312711E+00
  2.727000E+03 -4.272291E+00
  2.727500E+03 -4.105872E+00
  2.728000E+03 -3.804011E+00
  2.728500E+03 -3.361198E+00
  2.729000E+03 -2.776615E+00
  2.729500E+03 -2.054778E+00
  2.730000E+03 -1.205997E+00
  2.730500E+03 -2.466090E-01
  2.731000E+03  8.010540E-01
  2.731500E+03  1.908993E+00
  2.732000E+03  3.044190E+00
  2.732500E+03  4.169572E+00
  2.733000E+03  5.245271E+00
  2.733500E+03  6.230145E+00
  2.734000E+03  7.083507E+00
  2.734500E+03  7.766971E+00
  2.735000E+03  8.246337E+00
  2.735500E+03  8.493414E+00
  2.736000E+03  8.487659E+00
  2.736500E+03  8.217547E+00
  2.737000E+03  7.681562E+00
  2.737500E+03  6.888738E+00
  2.738000E+03  5.858701E+00
  2.738500E+03  4.621159E+00
  2.739000E+03  3.214881E+00
  2.739500E+03  1.686173E+00
  2.740000E+03  8.693139E-02
  2.740500E+03 -1.527620E+00
  2.741000E+03 -3.101400E+00
  2.741500E+03 -4.580008E+00
  2.742000E+03 -5.913165E+00
  2.742500E+03 -7.056956E+00
  2.743000E+03 -7.975699E+00
  2.743500E+03 -8.643373E+00
  2.744000E+03 -9.044510E+00
  2.744500E+03 -9.174505E+00
  2.745000E+03 -9.039360E+00
  2.745500E+03 -8.654875E+00
  2.746000E+03 -8.045370E+00
  2.746500E+03 -7.242038E+00
  2.747000E+03 -6.281035E+00
  2.747500E+03 -5.201456E+00
  2.748000E+03 -4.043329E+00
  2.748500E+03 -2.845743E+00
  2.749000E+03 -1.645235E+00
  2.749500E+03 -4.745006E-01
  2.750000E+03  6.384967E-01
  2.750500E+03  1.671023E+00
  2.751000E+03  2.605672E+00
  2.751500E+03  3.430122E+00
  2.752000E+03  4.136614E+00
  2.752500E+03  4.721235E+00
  2.753000E+03  5.183112E+00
  2.753500E+03  5.523595E+00
  2.754000E+03  5.745527E+00
  2.754500E+03  5.852659E+00
  2.755000E+03  5.849258E+00
  2.755500E+03  5.739924E+00
  2.756000E+03  5.529614E+00
  2.756500E+03  5.223831E+00
  2.757000E+03  4.828941E+00
  2.757500E+03  4.352540E+00
  2.758000E+03  3.803804E+00
  2.758500E+03  3.193753E+00
  2.759000E+03  2.535381E+00
  2.759500E+03  1.843586E+00
  2.760000E+03  1.134898E+00
  2.760500E+03  4.270010E-01
  2.761000E+03 -2.619304E-01
  2.761500E+03 -9.140275E-01
  2.762000E+03 -1.512596E+00
  2.762500E+03 -2.042985E+00
  2.763000E+03 -2.493372E+00
  2.763500E+03 -2.855398E+00
  2.764000E+03 -3.124595E+00
  2.764500E+03 -3.300545E+00
  2.765000E+03 -3.386773E+00
  2.765500E+03 -3.390362E+00
  2.766000E+03 -3.321318E+00
  2.766500E+03 -3.191753E+00
  2.767000E+03 -3.014926E+00
  2.767500E+03 -2.804250E+00
  2.768000E+03 -2.572327E+00
  2.768500E+03 -2.330103E+00
  2.769000E+03 -2.086214E+00
  2.769500E+03 -1.846563E+00
  2.770000E+03 -1.614170E+00
  2.770500E+03 -1.389299E+00
  2.771000E+03 -1.169844E+00
  2.771500E+03 -9.519235E-01
  2.772000E+03 -7.306398E-01
  2.772500E+03 -5.009185E-01
  2.773000E+03 -2.583507E-01
  2.773500E+03  3.907300E-05
  2.774000E+03  2.751709E-01
  2.774500E+03  5.654906E-01
  2.775000E+03  8.667927E-01
  2.775500E+03  1.172299E+00
  2.776000E+03  1.472990E+00
  2.776500E+03  1.758153E+00
  2.777000E+03  2.016112E+00
  2.777500E+03  2.235060E+00
  2.778000E+03  2.403934E+00
  2.778500E+03  2.513263E+00
  2.779000E+03  2.555901E+00
  2.779500E+03  2.527605E+00
  2.780000E+03  2.427404E+00
  2.780500E+03  2.257727E+00
  2.781000E+03  2.024290E+00
  2.781500E+03  1.735755E+00
  2.782000E+03  1.403179E+00
  2.782500E+03  1.039324E+00
  2.783000E+03  6.578529E-01
  2.783500E+03  2.725037E-01
  2.784000E+03 -1.037114E-01
  2.784500E+03 -4.592154E-01
  2.785000E+03 -7.844361E-01
  2.785500E+03 -1.072196E+00
  2.786000E+03 -1.317900E+00
  2.786500E+03 -1.519518E+00
  2.787000E+03 -1.677362E+00
  2.787500E+03 -1.793703E+00
  2.788000E+03 -1.872241E+00
  2.788500E+03 -1.917495E+00
  2.789000E+03 -1.934163E+00
  2.789500E+03 -1.926498E+00
  2.790000E+03 -1.897768E+00
  2.790500E+03 -1.849834E+00
  2.791000E+03 -1.782888E+00
  2.791500E+03 -1.695378E+00
  2.792000E+03 -1.584132E+00
  2.792500E+03 -1.444665E+00
  2.793000E+03 -1.271669E+00
  2.793500E+03 -1.059640E+00
  2.794000E+03 -8.036003E-01
  2.794500E+03 -4.998695E-01
  2.795000E+03 -1.468175E-01
  2.795500E+03  2.544567E-01
  2.796000E+03  6.995804E-01
  2.796500E+03  1.180548E+00
  2.797000E+03  1.685595E+00
  2.797500E+03  2.199323E+00
  2.798000E+03  2.703108E+00
  2.798500E+03  3.175770E+00
  2.799000E+03  3.594489E+00
  2.799500E+03  3.935930E+00
  2.800000E+03  4.177513E+00
  2.800500E+03  4.298759E+00
  2.801000E+03  4.282638E+00
  2.801500E+03  4.116822E+00
  2.802000E+03  3.794763E+00
  2.802500E+03  3.316521E+00
  2.803000E+03  2.689270E+00
  2.803500E+03  1.927425E+00
  2.804000E+03  1.052383E+00
  2.804500E+03  9.184489E-02
  2.805000E+03 -9.212332E-01
  2.805500E+03 -1.950035E+00
  2.806000E+03 -2.955536E+00
  2.806500E+03 -3.898342E+00
  2.807000E+03 -4.740588E+00
  2.807500E+03 -5.447813E+00
  2.808000E+03 -5.990672E+00
  2.808500E+03 -6.346409E+00
  2.809000E+03 -6.499985E+00
  2.809500E+03 -6.444793E+00
  2.810000E+03 -6.182935E+00
  2.810500E+03 -5.725030E+00
  2.811000E+03 -5.089572E+00
  2.811500E+03 -4.301903E+00
  2.812000E+03 -3.392834E+00
  2.812500E+03 -2.397041E+00
  2.813000E+03 -1.351310E+00
  2.813500E+03 -2.927559E-01
  2.814000E+03  7.428874E-01
  2.814500E+03  1.722808E+00
  2.815000E+03  2.618404E+00
  2.815500E+03  3.406260E+00
  2.816000E+03  4.068781E+00
  2.816500E+03  4.594466E+00
  2.817000E+03  4.977836E+00
  2.817500E+03  5.219052E+00
  2.818000E+03  5.323288E+00
  2.818500E+03  5.299896E+00
  2.819000E+03  5.161460E+00
  2.819500E+03  4.922808E+00
  2.820000E+03  4.600029E+00
  2.820500E+03  4.209576E+00
  2.821000E+03  3.767492E+00
  2.821500E+03  3.288775E+00
  2.822000E+03  2.786922E+00
  2.822500E+03  2.273631E+00
  2.823000E+03  1.758660E+00
  2.823500E+03  1.249827E+00
  2.824000E+03  7.531114E-01
  2.824500E+03  2.728468E-01
  2.825000E+03 -1.880380E-01
  2.825500E+03 -6.277399E-01
  2.826000E+03 -1.045292E+00
  2.826500E+03 -1.440275E+00
  2.827000E+03 -1.812538E+00
  2.827500E+03 -2.161932E+00
  2.828000E+03 -2.488073E+00
  2.828500E+03 -2.790117E+00
  2.829000E+03 -3.066571E+00
  2.829500E+03 -3.315137E+00
  2.830000E+03 -3.532606E+00
  2.830500E+03 -3.714809E+00
  2.831000E+03 -3.856645E+00
  2.831500E+03 -3.952193E+00
  2.832000E+03 -3.994936E+00
  2.832500E+03 -3.978070E+00
  2.833000E+03 -3.894937E+00
  2.833500E+03 -3.739530E+00
  2.834000E+03 -3.507075E+00
  2.834500E+03 -3.194638E+00
  2.835000E+03 -2.801725E+00
  2.835500E+03 -2.330812E+00
  2.836000E+03 -1.787770E+00
  2.836500E+03 -1.182111E+00
  2.837000E+03 -5.270323E-01
  2.837500E+03  1.607898E-01
  2.838000E+03  8.616621E-01
  2.838500E+03  1.553595E+00
  2.839000E+03  2.213253E+00
  2.839500E+03  2.817092E+00
  2.840000E+03  3.342617E+00
  2.840500E+03  3.769677E+00
  2.841000E+03  4.081712E+00
  2.841500E+03  4.266858E+00
  2.842000E+03  4.318816E+00
  2.842500E+03  4.237419E+00
  2.843000E+03  4.028830E+00
  2.843500E+03  3.705355E+00
  2.844000E+03  3.284845E+00
  2.844500E+03  2.789736E+00
  2.845000E+03  2.245772E+00
  2.845500E+03  1.680488E+00
  2.846000E+03  1.121567E+00
  2.846500E+03  5.951717E-01
  2.847000E+03  1.243786E-01
  2.847500E+03 -2.721878E-01
  2.848000E+03 -5.814096E-01
  2.848500E+03 -7.963532E-01
  2.849000E+03 -9.165211E-01
  2.849500E+03 -9.476620E-01
  2.850000E+03 -9.011595E-01
  2.850500E+03 -7.930472E-01
  2.851000E+03 -6.427282E-01
  2.851500E+03 -4.714972E-01
  2.852000E+03 -3.009752E-01
  2.852500E+03 -1.515737E-01
  2.853000E+03 -4.109782E-02
  2.853500E+03  1.641393E-02
  2.854000E+03  1.153765E-02
  2.854500E+03 -6.005121E-02
  2.855000E+03 -1.974770E-01
  2.855500E+03 -3.949376E-01
  2.856000E+03 -6.423159E-01
  2.856500E+03 -9.260670E-01
  2.857000E+03 -1.230302E+00
  2.857500E+03 -1.537975E+00
  2.858000E+03 -1.832081E+00
  2.858500E+03 -2.096777E+00
  2.859000E+03 -2.318335E+00
  2.859500E+03 -2.485879E+00
  2.860000E+03 -2.591860E+00
  2.860500E+03 -2.632249E+00
  2.861000E+03 -2.606455E+00
  2.861500E+03 -2.516997E+00
  2.862000E+03 -2.368981E+00
  2.862500E+03 -2.169433E+00
  2.863000E+03 -1.926563E+00
  2.863500E+03 -1.649022E+00
  2.864000E+03 -1.345226E+00
  2.864500E+03 -1.022797E+00
  2.865000E+03 -6.881589E-01
  2.865500E+03 -3.463268E-01
  2.866000E+03 -8.818590E-04
  2.866500E+03  3.458672E-01
  2.867000E+03  6.925675E-01
  2.867500E+03  1.038388E+00
  2.868000E+03  1.382515E+00
  2.868500E+03  1.723640E+00
  2.869000E+03  2.059475E+00
  2.869500E+03  2.386374E+00
  2.870000E+03  2.699074E+00
  2.870500E+03  2.990609E+00
  2.871000E+03  3.252404E+00
  2.871500E+03  3.474557E+00
  2.872000E+03  3.646295E+00
  2.872500E+03  3.756575E+00
  2.873000E+03  3.794805E+00
  2.873500E+03  3.751620E+00
  2.874000E+03  3.619674E+00
  2.874500E+03  3.394374E+00
  2.875000E+03  3.074526E+00
  2.875500E+03  2.662809E+00
  2.876000E+03  2.166058E+00
  2.876500E+03  1.595319E+00
  2.877000E+03  9.656493E-01
  2.877500E+03  2.956618E-01
  2.878000E+03 -3.931637E-01
  2.878500E+03 -1.077388E+00
  2.879000E+03 -1.732685E+00
  2.879500E+03 -2.335036E+00
  2.880000E+03 -2.861961E+00
  2.880500E+03 -3.293737E+00
  2.881000E+03 -3.614514E+00
  2.881500E+03 -3.813263E+00
  2.882000E+03 -3.884497E+00
  2.882500E+03 -3.828699E+00
  2.883000E+03 -3.652431E+00
  2.883500E+03 -3.368103E+00
  2.884000E+03 -2.993396E+00
  2.884500E+03 -2.550366E+00
  2.885000E+03 -2.064277E+00
  2.885500E+03 -1.562211E+00
  2.886000E+03 -1.071548E+00
  2.886500E+03 -6.183904E-01
  2.887000E+03 -2.260362E-01
  2.887500E+03  8.640805E-02
  2.888000E+03  3.051885E-01
  2.888500E+03  4.227596E-01
  2.889000E+03  4.382780E-01
  2.889500E+03  3.576958E-01
  2.890000E+03  1.934420E-01
  2.890500E+03 -3.629555E-02
  2.891000E+03 -3.086480E-01
  2.891500E+03 -5.974418E-01
  2.892000E+03 -8.747913E-01
  2.892500E+03 -1.112811E+00
  2.893000E+03 -1.285347E+00
  2.893500E+03 -1.369612E+00
  2.894000E+03 -1.347641E+00
  2.894500E+03 -1.207456E+00
  2.895000E+03 -9.438962E-01
  2.895500E+03 -5.590388E-01
  2.896000E+03 -6.220627E-02
  2.896500E+03  5.304472E-01
  2.897000E+03  1.196738E+00
  2.897500E+03  1.909593E+00
  2.898000E+03  2.638458E+00
  2.898500E+03  3.350884E+00
  2.899000E+03  4.014201E+00
  2.899500E+03  4.597178E+00
  2.900000E+03  5.071583E+00
  2.900500E+03  5.413544E+00
  2.901000E+03  5.604658E+00
  2.901500E+03  5.632782E+00
  2.902000E+03  5.492482E+00
  2.902500E+03  5.185129E+00
  2.903000E+03  4.718643E+00
  2.903500E+03  4.106934E+00
  2.904000E+03  3.369070E+00
  2.904500E+03  2.528241E+00
  2.905000E+03  1.610582E+00
  2.905500E+03  6.439334E-01
  2.906000E+03 -3.433926E-01
  2.906500E+03 -1.323773E+00
  2.907000E+03 -2.271300E+00
  2.907500E+03 -3.162637E+00
  2.908000E+03 -3.977650E+00
  2.908500E+03 -4.699822E+00
  2.909000E+03 -5.316431E+00
  2.909500E+03 -5.818511E+00
  2.910000E+03 -6.200623E+00
  2.910500E+03 -6.460465E+00
  2.911000E+03 -6.598376E+00
  2.911500E+03 -6.616783E+00
  2.912000E+03 -6.519628E+00
  2.912500E+03 -6.311844E+00
  2.913000E+03 -5.998909E+00
  2.913500E+03 -5.586522E+00
  2.914000E+03 -5.080412E+00
  2.914500E+03 -4.486314E+00
  2.915000E+03 -3.810080E+00
  2.915500E+03 -3.057943E+00
  2.916000E+03 -2.236870E+00
  2.916500E+03 -1.354999E+00
  2.917000E+03 -4.220891E-01
  2.917500E+03  5.500589E-01
  2.918000E+03  1.547265E+00
  2.918500E+03  2.552763E+00
  2.919000E+03  3.547176E+00
  2.919500E+03  4.508690E+00
  2.920000E+03  5.413465E+00
  2.920500E+03  6.236262E+00
  2.921000E+03  6.951290E+00
  2.921500E+03  7.533231E+00
  2.922000E+03  7.958393E+00
  2.922500E+03  8.205935E+00
  2.923000E+03  8.259088E+00
  2.923500E+03  8.106294E+00
  2.924000E+03  7.742191E+00
  2.924500E+03  7.168372E+00
  2.925000E+03  6.393844E+00
  2.925500E+03  5.435164E+00
  2.926000E+03  4.316196E+00
  2.926500E+03  3.067514E+00
  2.927000E+03  1.725434E+00
  2.927500E+03  3.307416E-01
  2.928000E+03 -1.072852E+00
  2.928500E+03 -2.440431E+00
  2.929000E+03 -3.727704E+00
  2.929500E+03 -4.892840E+00
  2.930000E+03 -5.898215E+00
  2.930500E+03 -6.711987E+00
  2.931000E+03 -7.309423E+00
  2.931500E+03 -7.673900E+00
  2.932000E+03 -7.797544E+00
  2.932500E+03 -7.681478E+00
  2.933000E+03 -7.335672E+00
  2.933500E+03 -6.778414E+00
  2.934000E+03 -6.035422E+00
  2.934500E+03 -5.138668E+00
  2.935000E+03 -4.124959E+00
  2.935500E+03 -3.034348E+00
  2.936000E+03 -1.908461E+00
  2.936500E+03 -7.887962E-01
  2.937000E+03  2.849064E-01
  2.937500E+03  1.276188E+00
  2.938000E+03  2.153207E+00
  2.938500E+03  2.889848E+00
  2.939000E+03  3.466574E+00
  2.939500E+03  3.870986E+00
  2.940000E+03  4.098085E+00
  2.940500E+03  4.150229E+00
  2.941000E+03  4.036804E+00
  2.941500E+03  3.773606E+00
  2.942000E+03  3.381992E+00
  2.942500E+03  2.887803E+00
  2.943000E+03  2.320126E+00
  2.943500E+03  1.709940E+00
  2.944000E+03  1.088683E+00
  2.944500E+03  4.868363E-01
  2.945000E+03 -6.745692E-02
  2.945500E+03 -5.496370E-01
  2.946000E+03 -9.398055E-01
  2.946500E+03 -1.223569E+00
  2.947000E+03 -1.392606E+00
  2.947500E+03 -1.444929E+00
  2.948000E+03 -1.384818E+00
  2.948500E+03 -1.222423E+00
  2.949000E+03 -9.730631E-01
  2.949500E+03 -6.562383E-01
  2.950000E+03 -2.944278E-01
  2.950500E+03  8.827393E-02
  2.951000E+03  4.675954E-01
  2.951500E+03  8.205165E-01
  2.952000E+03  1.126599E+00
  2.952500E+03  1.369136E+00
  2.953000E+03  1.536044E+00
  2.953500E+03  1.620447E+00
  2.954000E+03  1.620903E+00
  2.954500E+03  1.541277E+00
  2.955000E+03  1.390254E+00
  2.955500E+03  1.180540E+00
  2.956000E+03  9.278099E-01
  2.956500E+03  6.494706E-01
  2.957000E+03  3.633420E-01
  2.957500E+03  8.634547E-02
  2.958000E+03 -1.667013E-01
  2.958500E+03 -3.840954E-01
  2.959000E+03 -5.579923E-01
  2.959500E+03 -6.848298E-01
  2.960000E+03 -7.654051E-01
  2.960500E+03 -8.046018E-01
  2.961000E+03 -8.107957E-01
  2.961500E+03 -7.949865E-01
  2.962000E+03 -7.697289E-01
  2.962500E+03 -7.479483E-01
  2.963000E+03 -7.417345E-01
  2.963500E+03 -7.612090E-01
  2.964000E+03 -8.135547E-01
  2.964500E+03 -9.022819E-01
  2.965000E+03 -1.026787E+00
  2.965500E+03 -1.182239E+00
  2.966000E+03 -1.359796E+00
  2.966500E+03 -1.547145E+00
  2.967000E+03 -1.729313E+00
  2.967500E+03 -1.889696E+00
  2.968000E+03 -2.011231E+00
  2.968500E+03 -2.077623E+00
  2.969000E+03 -2.074546E+00
  2.969500E+03 -1.990726E+00
  2.970000E+03 -1.818847E+00
  2.970500E+03 -1.556208E+00
  2.971000E+03 -1.205097E+00
  2.971500E+03 -7.728651E-01
  2.972000E+03 -2.716880E-01
  2.972500E+03  2.819498E-01
  2.973000E+03  8.680249E-01
  2.973500E+03  1.463941E+00
  2.974000E+03  2.045635E+00
  2.974500E+03  2.588755E+00
  2.975000E+03  3.069850E+00
  2.975500E+03  3.467497E+00
  2.976000E+03  3.763322E+00
  2.976500E+03  3.942861E+00
  2.977000E+03  3.996219E+00
  2.977500E+03  3.918517E+00
  2.978000E+03  3.710100E+00
  2.978500E+03  3.376514E+00
  2.979000E+03  2.928255E+00
  2.979500E+03  2.380319E+00
  2.980000E+03  1.751566E+00
  2.980500E+03  1.063939E+00
  2.981000E+03  3.415710E-01
  2.981500E+03 -3.901786E-01
  2.982000E+03 -1.105727E+00
  2.982500E+03 -1.780258E+00
  2.983000E+03 -2.390674E+00
  2.983500E+03 -2.916457E+00
  2.984000E+03 -3.340427E+00
  2.984500E+03 -3.649350E+00
  2.985000E+03 -3.834381E+00
  2.985500E+03 -3.891332E+00
  2.986000E+03 -3.820737E+00
  2.986500E+03 -3.627733E+00
  2.987000E+03 -3.321754E+00
  2.987500E+03 -2.916051E+00
  2.988000E+03 -2.427068E+00
  2.988500E+03 -1.873704E+00
  2.989000E+03 -1.276488E+00
  2.989500E+03 -6.567242E-01
  2.990000E+03 -3.562850E-02
  2.990500E+03  5.664823E-01
  2.991000E+03  1.130926E+00
  2.991500E+03  1.641272E+00
  2.992000E+03  2.083826E+00
  2.992500E+03  2.447951E+00
  2.993000E+03  2.726235E+00
  2.993500E+03  2.914495E+00
  2.994000E+03  3.011642E+00
  2.994500E+03  3.019420E+00
  2.995000E+03  2.942052E+00
  2.995500E+03  2.785819E+00
  2.996000E+03  2.558619E+00
  2.996500E+03  2.269513E+00
  2.997000E+03  1.928318E+00
  2.997500E+03  1.545237E+00
  2.998000E+03  1.130569E+00
  2.998500E+03  6.944910E-01
  2.999000E+03  2.469110E-01
  2.999500E+03 -2.026057E-01
  3.000000E+03 -6.448619E-01
  3.000500E+03 -1.071018E+00
  3.001000E+03 -1.472568E+00
  3.001500E+03 -1.841327E+00
  3.002000E+03 -2.169438E+00
  3.002500E+03 -2.449429E+00
  3.003000E+03 -2.674314E+00
  3.003500E+03 -2.837752E+00
  3.004000E+03 -2.934252E+00
  3.004500E+03 -2.959420E+00
  3.005000E+03 -2.910233E+00
  3.005500E+03 -2.785303E+00
  3.006000E+03 -2.585142E+00
  3.006500E+03 -2.312364E+00
  3.007000E+03 -1.971832E+00
  3.007500E+03 -1.570720E+00
  3.008000E+03 -1.118468E+00
  3.008500E+03 -6.266360E-01
  3.009000E+03 -1.086361E-01
  3.009500E+03  4.206364E-01
  3.010000E+03  9.452741E-01
  3.010500E+03  1.448909E+00
  3.011000E+03  1.915324E+00
  3.011500E+03  2.329092E+00
  3.012000E+03  2.676228E+00
  3.012500E+03  2.944805E+00
  3.013000E+03  3.125509E+00
  3.013500E+03  3.212117E+00
  3.014000E+03  3.201848E+00
  3.014500E+03  3.095583E+00
  3.015000E+03  2.897928E+00
  3.015500E+03  2.617114E+00
  3.016000E+03  2.264724E+00
  3.016500E+03  1.855264E+00
  3.017000E+03  1.405578E+00
  3.017500E+03  9.341355E-01
  3.018000E+03  4.602149E-01
  3.018500E+03  3.024196E-03
  3.019000E+03 -4.192058E-01
  3.019500E+03 -7.901087E-01
  3.020000E+03 -1.096005E+00
  3.020500E+03 -1.326615E+00
  3.021000E+03 -1.475617E+00
  3.021500E+03 -1.541020E+00
  3.022000E+03 -1.525314E+00
  3.022500E+03 -1.435394E+00
  3.023000E+03 -1.282236E+00
  3.023500E+03 -1.080349E+00
  3.024000E+03 -8.470098E-01
  3.024500E+03 -6.013278E-01
  3.025000E+03 -3.631807E-01
  3.025500E+03 -1.520764E-01
  3.026000E+03  1.399409E-02
  3.026500E+03  1.196480E-01
  3.027000E+03  1.530824E-01
  3.027500E+03  1.068662E-01
  3.028000E+03 -2.149851E-02
  3.028500E+03 -2.292829E-01
  3.029000E+03 -5.085296E-01
  3.029500E+03 -8.463498E-01
  3.030000E+03 -1.225507E+00
  3.030500E+03 -1.625257E+00
  3.031000E+03 -2.022413E+00
  3.031500E+03 -2.392552E+00
  3.032000E+03 -2.711329E+00
  3.032500E+03 -2.955803E+00
  3.033000E+03 -3.105706E+00
  3.033500E+03 -3.144590E+00
  3.034000E+03 -3.060784E+00
  3.034500E+03 -2.848106E+00
  3.035000E+03 -2.506300E+00
  3.035500E+03 -2.041165E+00
  3.036000E+03 -1.464373E+00
  3.036500E+03 -7.929965E-01
  3.037000E+03 -4.875869E-02
  3.037500E+03  7.429397E-01
  3.038000E+03  1.554171E+00
  3.038500E+03  2.355743E+00
  3.039000E+03  3.118511E+00
  3.039500E+03  3.814664E+00
  3.040000E+03  4.418933E+00
  3.040500E+03  4.909649E+00
  3.041000E+03  5.269614E+00
  3.041500E+03  5.486738E+00
  3.042000E+03  5.554418E+00
  3.042500E+03  5.471653E+00
  3.043000E+03  5.242895E+00
  3.043500E+03  4.877653E+00
  3.044000E+03  4.389873E+00
  3.044500E+03  3.797152E+00
  3.045000E+03  3.119809E+00
  3.045500E+03  2.379894E+00
  3.046000E+03  1.600162E+00
  3.046500E+03  8.030957E-01
  3.047000E+03  1.000984E-02
  3.047500E+03 -7.597127E-01
  3.048000E+03 -1.489215E+00
  3.048500E+03 -2.164566E+00
  3.049000E+03 -2.774963E+00
  3.049500E+03 -3.312722E+00
  3.050000E+03 -3.773094E+00
  3.050500E+03 -4.153905E+00
  3.051000E+03 -4.455092E+00
  3.051500E+03 -4.678146E+00
  3.052000E+03 -4.825541E+00
  3.052500E+03 -4.900174E+00
  3.053000E+03 -4.904890E+00
  3.053500E+03 -4.842104E+00
  3.054000E+03 -4.713579E+00
  3.054500E+03 -4.520358E+00
  3.055000E+03 -4.262866E+00
  3.055500E+03 -3.941167E+00
  3.056000E+03 -3.555350E+00
  3.056500E+03 -3.106018E+00
  3.057000E+03 -2.594813E+00
  3.057500E+03 -2.024945E+00
  3.058000E+03 -1.401658E+00
  3.058500E+03 -7.325879E-01
  3.059000E+03 -2.796156E-02
  3.059500E+03  6.993885E-01
  3.060000E+03  1.434215E+00
  3.060500E+03  2.159257E+00
  3.061000E+03  2.855825E+00
  3.061500E+03  3.504556E+00
  3.062000E+03  4.086276E+00
  3.062500E+03  4.582917E+00
  3.063000E+03  4.978432E+00
  3.063500E+03  5.259643E+00
  3.064000E+03  5.416950E+00
  3.064500E+03  5.444863E+00
  3.065000E+03  5.342322E+00
  3.065500E+03  5.112769E+00
  3.066000E+03  4.763974E+00
  3.066500E+03  4.307649E+00
  3.067000E+03  3.758845E+00
  3.067500E+03  3.135212E+00
  3.068000E+03  2.456158E+00
  3.068500E+03  1.741971E+00
  3.069000E+03  1.012967E+00
  3.069500E+03  2.887139E-01
  3.070000E+03 -4.126238E-01
  3.070500E+03 -1.074788E+00
  3.071000E+03 -1.683762E+00
  3.071500E+03 -2.227943E+00
  3.072000E+03 -2.698159E+00
  3.072500E+03 -3.087576E+00
  3.073000E+03 -3.391509E+00
  3.073500E+03 -3.607202E+00
  3.074000E+03 -3.733604E+00
  3.074500E+03 -3.771180E+00
  3.075000E+03 -3.721791E+00
  3.075500E+03 -3.588641E+00
  3.076000E+03 -3.376310E+00
  3.076500E+03 -3.090846E+00
  3.077000E+03 -2.739892E+00
  3.077500E+03 -2.332819E+00
  3.078000E+03 -1.880812E+00
  3.078500E+03 -1.396877E+00
  3.079000E+03 -8.957220E-01
  3.079500E+03 -3.934980E-01
  3.080000E+03  9.263280E-02
  3.080500E+03  5.450841E-01
  3.081000E+03  9.465773E-01
  3.081500E+03  1.280979E+00
  3.082000E+03  1.534194E+00
  3.082500E+03  1.695051E+00
  3.083000E+03  1.756114E+00
  3.083500E+03  1.714349E+00
  3.084000E+03  1.571588E+00
  3.084500E+03  1.334740E+00
  3.085000E+03  1.015706E+00
  3.085500E+03  6.309968E-01
  3.086000E+03  2.010605E-01
  3.086500E+03 -2.506592E-01
  3.087000E+03 -6.988715E-01
  3.087500E+03 -1.117732E+00
  3.088000E+03 -1.482199E+00
  3.088500E+03 -1.769375E+00
  3.089000E+03 -1.959735E+00
  3.089500E+03 -2.038186E+00
  3.090000E+03 -1.994874E+00
  3.090500E+03 -1.825713E+00
  3.091000E+03 -1.532592E+00
  3.091500E+03 -1.123274E+00
  3.092000E+03 -6.109924E-01
  3.092500E+03 -1.378809E-02
  3.093000E+03  6.463630E-01
  3.093500E+03  1.344572E+00
  3.094000E+03  2.054139E+00
  3.094500E+03  2.747678E+00
  3.095000E+03  3.398195E+00
  3.095500E+03  3.980078E+00
  3.096000E+03  4.469962E+00
  3.096500E+03  4.847441E+00
  3.097000E+03  5.095625E+00
  3.097500E+03  5.201545E+00
  3.098000E+03  5.156411E+00
  3.098500E+03  4.955763E+00
  3.099000E+03  4.599510E+00
  3.099500E+03  4.091904E+00
  3.100000E+03  3.441449E+00
  3.100500E+03  2.660761E+00
  3.101000E+03  1.766381E+00
  3.101500E+03  7.785362E-01
  3.102000E+03 -2.791722E-01
  3.102500E+03 -1.380158E+00
  3.103000E+03 -2.495347E+00
  3.103500E+03 -3.593786E+00
  3.104000E+03 -4.643385E+00
  3.104500E+03 -5.611783E+00
  3.105000E+03 -6.467332E+00
  3.105500E+03 -7.180173E+00
  3.106000E+03 -7.723361E+00
  3.106500E+03 -8.073999E+00
  3.107000E+03 -8.214313E+00
  3.107500E+03 -8.132615E+00
  3.108000E+03 -7.824074E+00
  3.108500E+03 -7.291261E+00
  3.109000E+03 -6.544386E+00
  3.109500E+03 -5.601229E+00
  3.110000E+03 -4.486716E+00
  3.110500E+03 -3.232162E+00
  3.111000E+03 -1.874205E+00
  3.111500E+03 -4.534670E-01
  3.112000E+03  9.869883E-01
  3.112500E+03  2.403326E+00
  3.113000E+03  3.752654E+00
  3.113500E+03  4.994686E+00
  3.114000E+03  6.093279E+00
  3.114500E+03  7.017755E+00
  3.115000E+03  7.743942E+00
  3.115500E+03  8.254906E+00
  3.116000E+03  8.541320E+00
  3.116500E+03  8.601488E+00
  3.117000E+03  8.441022E+00
  3.117500E+03  8.072229E+00
  3.118000E+03  7.513231E+00
  3.118500E+03  6.786914E+00
  3.119000E+03  5.919744E+00
  3.119500E+03  4.940552E+00
  3.120000E+03  3.879331E+00
  3.120500E+03  2.766129E+00
  3.121000E+03  1.630070E+00
  3.121500E+03  4.985520E-01
  3.122000E+03 -6.033634E-01
  3.122500E+03 -1.653366E+00
  3.123000E+03 -2.632121E+00
  3.123500E+03 -3.523327E+00
  3.124000E+03 -4.313636E+00
  3.124500E+03 -4.992482E+00
  3.125000E+03 -5.551845E+00
  3.125500E+03 -5.985996E+00
  3.126000E+03 -6.291265E+00
  3.126500E+03 -6.465844E+00
  3.127000E+03 -6.509653E+00
  3.127500E+03 -6.424284E+00
  3.128000E+03 -6.212999E+00
  3.128500E+03 -5.880802E+00
  3.129000E+03 -5.434537E+00
  3.129500E+03 -4.883006E+00
  3.130000E+03 -4.237066E+00
  3.130500E+03 -3.509685E+00
  3.131000E+03 -2.715921E+00
  3.131500E+03 -1.872813E+00
  3.132000E+03 -9.991458E-01
  3.132500E+03 -1.151112E-01
  3.133000E+03  7.581627E-01
  3.133500E+03  1.599183E+00
  3.134000E+03  2.386752E+00
  3.134500E+03  3.100686E+00
  3.135000E+03  3.722558E+00
  3.135500E+03  4.236420E+00
  3.136000E+03  4.629475E+00
  3.136500E+03  4.892638E+00
  3.137000E+03  5.020980E+00
  3.137500E+03  5.013984E+00
  3.138000E+03  4.875635E+00
  3.138500E+03  4.614293E+00
  3.139000E+03  4.242374E+00
  3.139500E+03  3.775837E+00
  3.140000E+03  3.233509E+00
  3.140500E+03  2.636265E+00
  3.141000E+03  2.006123E+00
  3.141500E+03  1.365289E+00
  3.142000E+03  7.351996E-01
  3.142500E+03  1.356278E-01
  3.143000E+03 -4.161151E-01
  3.143500E+03 -9.058310E-01
  3.144000E+03 -1.322909E+00
  3.144500E+03 -1.660598E+00
  3.145000E+03 -1.916066E+00
  3.145500E+03 -2.090252E+00
  3.146000E+03 -2.187513E+00
  3.146500E+03 -2.215117E+00
  3.147000E+03 -2.182584E+00
  3.147500E+03 -2.100948E+00
  3.148000E+03 -1.981977E+00
  3.148500E+03 -1.837398E+00
  3.149000E+03 -1.678177E+00
  3.149500E+03 -1.513908E+00
  3.150000E+03 -1.352327E+00
  3.150500E+03 -1.198999E+00
  3.151000E+03 -1.057170E+00
  3.151500E+03 -9.278067E-01
  3.152000E+03 -8.098039E-01
  3.152500E+03 -7.003373E-01
  3.153000E+03 -5.953381E-01
  3.153500E+03 -4.900473E-01
  3.154000E+03 -3.796092E-01
  3.154500E+03 -2.596599E-01
  3.155000E+03 -1.268686E-01
  3.155500E+03  2.060700E-02
  3.156000E+03  1.827837E-01
  3.156500E+03  3.576574E-01
  3.157000E+03  5.411635E-01
  3.157500E+03  7.272974E-01
  3.158000E+03  9.083877E-01
  3.158500E+03  1.075506E+00
  3.159000E+03  1.218990E+00
  3.159500E+03  1.329041E+00
  3.160000E+03  1.396377E+00
  3.160500E+03  1.412875E+00
  3.161000E+03  1.372189E+00
  3.161500E+03  1.270296E+00
  3.162000E+03  1.105928E+00
  3.162500E+03  8.808756E-01
  3.163000E+03  6.001389E-01
  3.163500E+03  2.719061E-01
  3.164000E+03 -9.263752E-02
  3.164500E+03 -4.796668E-01
  3.165000E+03 -8.732292E-01
  3.165500E+03 -1.255889E+00
  3.166000E+03 -1.609479E+00
  3.166500E+03 -1.915917E+00
  3.167000E+03 -2.158066E+00
  3.167500E+03 -2.320578E+00
  3.168000E+03 -2.390696E+00
  3.168500E+03 -2.358970E+00
  3.169000E+03 -2.219844E+00
  3.169500E+03 -1.972097E+00
  3.170000E+03 -1.619095E+00
  3.170500E+03 -1.168853E+00
  3.171000E+03 -6.338869E-01
  3.171500E+03 -3.086257E-02
  3.172000E+03  6.199515E-01
  3.172500E+03  1.295405E+00
  3.173000E+03  1.970334E+00
  3.173500E+03  2.618541E+00
  3.174000E+03  3.213841E+00
  3.174500E+03  3.731135E+00
  3.175000E+03  4.147462E+00
  3.175500E+03  4.442972E+00
  3.176000E+03  4.601796E+00
  3.176500E+03  4.612757E+00
  3.177000E+03  4.469901E+00
  3.177500E+03  4.172815E+00
  3.178000E+03  3.726728E+00
  3.178500E+03  3.142387E+00
  3.179000E+03  2.435707E+00
  3.179500E+03  1.627226E+00
  3.180000E+03  7.413755E-01
  3.180500E+03 -1.944006E-01
  3.181000E+03 -1.150630E+00
  3.181500E+03 -2.096877E+00
  3.182000E+03 -3.002827E+00
  3.182500E+03 -3.839370E+00
  3.183000E+03 -4.579618E+00
  3.183500E+03 -5.199843E+00
  3.184000E+03 -5.680287E+00
  3.184500E+03 -6.005821E+00
  3.185000E+03 -6.166441E+00
  3.185500E+03 -6.157565E+00
  3.186000E+03 -5.980150E+00
  3.186500E+03 -5.640602E+00
  3.187000E+03 -5.150496E+00
  3.187500E+03 -4.526125E+00
  3.188000E+03 -3.787865E+00
  3.188500E+03 -2.959418E+00
  3.189000E+03 -2.066927E+00
  3.189500E+03 -1.138006E+00
  3.190000E+03 -2.007324E-01
  3.190500E+03  7.173820E-01
  3.191000E+03  1.590384E+00
  3.191500E+03  2.394804E+00
  3.192000E+03  3.110469E+00
  3.192500E+03  3.721175E+00
  3.193000E+03  4.215174E+00
  3.193500E+03  4.585472E+00
  3.194000E+03  4.829901E+00
  3.194500E+03  4.950973E+00
  3.195000E+03  4.955519E+00
  3.195500E+03  4.854131E+00
  3.196000E+03  4.660431E+00
  3.196500E+03  4.390211E+00
  3.197000E+03  4.060492E+00
  3.197500E+03  3.688550E+00
  3.198000E+03  3.290971E+00
  3.198500E+03  2.882786E+00
  3.199000E+03  2.476744E+00
  3.199500E+03  2.082750E+00
  3.200000E+03  1.707528E+00
  3.200500E+03  1.354504E+00
  3.201000E+03  1.023916E+00
  3.201500E+03  7.131547E-01
  3.202000E+03  4.172926E-01
  3.202500E+03  1.297665E-01
  3.203000E+03 -1.568366E-01
  3.203500E+03 -4.499489E-01
  3.204000E+03 -7.562073E-01
  3.204500E+03 -1.080714E+00
  3.205000E+03 -1.426423E+00
  3.205500E+03 -1.793701E+00
  3.206000E+03 -2.180083E+00
  3.206500E+03 -2.580247E+00
  3.207000E+03 -2.986195E+00
  3.207500E+03 -3.387633E+00
  3.208000E+03 -3.772506E+00
  3.208500E+03 -4.127657E+00
  3.209000E+03 -4.439542E+00
  3.209500E+03 -4.694969E+00
  3.210000E+03 -4.881780E+00
  3.210500E+03 -4.989461E+00
  3.211000E+03 -5.009609E+00
  3.211500E+03 -4.936263E+00
  3.212000E+03 -4.766060E+00
  3.212500E+03 -4.498252E+00
  3.213000E+03 -4.134564E+00
  3.213500E+03 -3.678969E+00
  3.214000E+03 -3.137371E+00
  3.214500E+03 -2.517280E+00
  3.215000E+03 -1.827491E+00
  3.215500E+03 -1.077820E+00
  3.216000E+03 -2.789174E-01
  3.216500E+03  5.578191E-01
  3.217000E+03  1.420240E+00
  3.217500E+03  2.295354E+00
  3.218000E+03  3.169185E+00
  3.218500E+03  4.026608E+00
  3.219000E+03  4.851220E+00
  3.219500E+03  5.625289E+00
  3.220000E+03  6.329827E+00
  3.220500E+03  6.944826E+00
  3.221000E+03  7.449697E+00
  3.221500E+03  7.823894E+00
  3.222000E+03  8.047742E+00
  3.222500E+03  8.103422E+00
  3.223000E+03  7.976068E+00
  3.223500E+03  7.654908E+00
  3.224000E+03  7.134366E+00
  3.224500E+03  6.415048E+00
  3.225000E+03  5.504509E+00
  3.225500E+03  4.417733E+00
  3.226000E+03  3.177254E+00
  3.226500E+03  1.812865E+00
  3.227000E+03  3.609099E-01
  3.227500E+03 -1.136853E+00
  3.228000E+03 -2.634766E+00
  3.228500E+03 -4.085105E+00
  3.229000E+03 -5.440134E+00
  3.229500E+03 -6.654274E+00
  3.230000E+03 -7.686256E+00
  3.230500E+03 -8.501131E+00
  3.231000E+03 -9.072007E+00
  3.231500E+03 -9.381404E+00
  3.232000E+03 -9.422141E+00
  3.232500E+03 -9.197671E+00
  3.233000E+03 -8.721869E+00
  3.233500E+03 -8.018254E+00
  3.234000E+03 -7.118692E+00
  3.234500E+03 -6.061678E+00
  3.235000E+03 -4.890273E+00
  3.235500E+03 -3.649857E+00
  3.236000E+03 -2.385808E+00
  3.236500E+03 -1.141276E+00
  3.237000E+03  4.482973E-02
  3.237500E+03  1.139502E+00
  3.238000E+03  2.116868E+00
  3.238500E+03  2.958917E+00
  3.239000E+03  3.655699E+00
  3.239500E+03  4.205001E+00
  3.240000E+03  4.611557E+00
  3.240500E+03  4.885848E+00
  3.241000E+03  5.042624E+00
  3.241500E+03  5.099242E+00
  3.242000E+03  5.073978E+00
  3.242500E+03  4.984416E+00
  3.243000E+03  4.846058E+00
  3.243500E+03  4.671238E+00
  3.244000E+03  4.468424E+00
  3.244500E+03  4.241939E+00
  3.245000E+03  3.992116E+00
  3.245500E+03  3.715857E+00
  3.246000E+03  3.407536E+00
  3.246500E+03  3.060159E+00
  3.247000E+03  2.666675E+00
  3.247500E+03  2.221324E+00
  3.248000E+03  1.720894E+00
  3.248500E+03  1.165788E+00
  3.249000E+03  5.607900E-01
  3.249500E+03 -8.452870E-02
  3.250000E+03 -7.558199E-01
  3.250500E+03 -1.434386E+00
  3.251000E+03 -2.098007E+00
  3.251500E+03 -2.722122E+00
  3.252000E+03 -3.281263E+00
  3.252500E+03 -3.750666E+00
  3.253000E+03 -4.107924E+00
  3.253500E+03 -4.334566E+00
  3.254000E+03 -4.417456E+00
  3.254500E+03 -4.349883E+00
  3.255000E+03 -4.132289E+00
  3.255500E+03 -3.772552E+00
  3.256000E+03 -3.285806E+00
  3.256500E+03 -2.693801E+00
  3.257000E+03 -2.023843E+00
  3.257500E+03 -1.307371E+00
  3.258000E+03 -5.782691E-01
  3.258500E+03  1.289906E-01
  3.259000E+03  7.812426E-01
  3.259500E+03  1.348453E+00
  3.260000E+03  1.805353E+00
  3.260500E+03  2.132792E+00
  3.261000E+03  2.318712E+00
  3.261500E+03  2.358712E+00
  3.262000E+03  2.256156E+00
  3.262500E+03  2.021838E+00
  3.263000E+03  1.673231E+00
  3.263500E+03  1.233374E+00
  3.264000E+03  7.294831E-01
  3.264500E+03  1.913585E-01
  3.265000E+03 -3.502873E-01
  3.265500E+03 -8.654982E-01
  3.266000E+03 -1.326634E+00
  3.266500E+03 -1.709735E+00
  3.267000E+03 -1.995628E+00
  3.267500E+03 -2.170712E+00
  3.268000E+03 -2.227408E+00
  3.268500E+03 -2.164256E+00
  3.269000E+03 -1.985687E+00
  3.269500E+03 -1.701487E+00
  3.270000E+03 -1.326021E+00
  3.270500E+03 -8.772694E-01
  3.271000E+03 -3.757443E-01
  3.271500E+03  1.566413E-01
  3.272000E+03  6.976848E-01
  3.272500E+03  1.225928E+00
  3.273000E+03  1.721560E+00
  3.273500E+03  2.167161E+00
  3.274000E+03  2.548252E+00
  3.274500E+03  2.853645E+00
  3.275000E+03  3.075611E+00
  3.275500E+03  3.209849E+00
  3.276000E+03  3.255322E+00
  3.276500E+03  3.213953E+00
  3.277000E+03  3.090237E+00
  3.277500E+03  2.890799E+00
  3.278000E+03  2.623926E+00
  3.278500E+03  2.299105E+00
  3.279000E+03  1.926601E+00
  3.279500E+03  1.517065E+00
  3.280000E+03  1.081215E+00
  3.280500E+03  6.295683E-01
  3.281000E+03  1.722394E-01
  3.281500E+03 -2.812105E-01
  3.282000E+03 -7.218794E-01
  3.282500E+03 -1.141596E+00
  3.283000E+03 -1.532967E+00
  3.283500E+03 -1.889412E+00
  3.284000E+03 -2.205194E+00
  3.284500E+03 -2.475446E+00
  3.285000E+03 -2.696205E+00
  3.285500E+03 -2.864449E+00
  3.286000E+03 -2.978128E+00
  3.286500E+03 -3.036204E+00
  3.287000E+03 -3.038671E+00
  3.287500E+03 -2.986568E+00
  3.288000E+03 -2.881974E+00
  3.288500E+03 -2.727979E+00
  3.289000E+03 -2.528627E+00
  3.289500E+03 -2.288843E+00
  3.290000E+03 -2.014321E+00
  3.290500E+03 -1.711398E+00
  3.291000E+03 -1.386907E+00
  3.291500E+03 -1.048004E+00
  3.292000E+03 -7.019974E-01
  3.292500E+03 -3.561608E-01
  3.293000E+03 -1.754512E-02
  3.293500E+03  3.072042E-01
  3.294000E+03  6.120240E-01
  3.294500E+03  8.915990E-01
  3.295000E+03  1.141510E+00
  3.295500E+03  1.358364E+00
  3.296000E+03  1.539895E+00
  3.296500E+03  1.685035E+00
  3.297000E+03  1.793956E+00
  3.297500E+03  1.868055E+00
  3.298000E+03  1.909908E+00
  3.298500E+03  1.923166E+00
  3.299000E+03  1.912395E+00
  3.299500E+03  1.882868E+00
  3.300000E+03  1.840305E+00
  3.300500E+03  1.790567E+00
  3.301000E+03  1.739319E+00
  3.301500E+03  1.691670E+00
  3.302000E+03  1.651813E+00
  3.302500E+03  1.622690E+00
  3.303000E+03  1.605690E+00
  3.303500E+03  1.600418E+00
  3.304000E+03  1.604561E+00
  3.304500E+03  1.613845E+00
  3.305000E+03  1.622131E+00
  3.305500E+03  1.621634E+00
  3.306000E+03  1.603275E+00
  3.306500E+03  1.557156E+00
  3.307000E+03  1.473141E+00
  3.307500E+03  1.341512E+00
  3.308000E+03  1.153675E+00
  3.308500E+03  9.028609E-01
  3.309000E+03  5.847947E-01
  3.309500E+03  1.982721E-01
  3.310000E+03 -2.543895E-01
  3.310500E+03 -7.670676E-01
  3.311000E+03 -1.329747E+00
  3.311500E+03 -1.928649E+00
  3.312000E+03 -2.546579E+00
  3.312500E+03 -3.163493E+00
  3.313000E+03 -3.757253E+00
  3.313500E+03 -4.304546E+00
  3.314000E+03 -4.781915E+00
  3.314500E+03 -5.166852E+00
  3.315000E+03 -5.438893E+00
  3.315500E+03 -5.580659E+00
  3.316000E+03 -5.578771E+00
  3.316500E+03 -5.424610E+00
  3.317000E+03 -5.114855E+00
  3.317500E+03 -4.651786E+00
  3.318000E+03 -4.043329E+00
  3.318500E+03 -3.302840E+00
  3.319000E+03 -2.448645E+00
  3.319500E+03 -1.503362E+00
  3.320000E+03 -4.930371E-01
  3.320500E+03  5.538453E-01
  3.321000E+03  1.607437E+00
  3.321500E+03  2.637628E+00
  3.322000E+03  3.615116E+00
  3.322500E+03  4.512407E+00
  3.323000E+03  5.304700E+00
  3.323500E+03  5.970617E+00
  3.324000E+03  6.492781E+00
  3.324500E+03  6.858202E+00
  3.325000E+03  7.058496E+00
  3.325500E+03  7.089942E+00
  3.326000E+03  6.953377E+00
  3.326500E+03  6.653983E+00
  3.327000E+03  6.200954E+00
  3.327500E+03  5.607102E+00
  3.328000E+03  4.888399E+00
  3.328500E+03  4.063489E+00
  3.329000E+03  3.153181E+00
  3.329500E+03  2.179937E+00
  3.330000E+03  1.167352E+00
  3.330500E+03  1.396419E-01
  3.331000E+03 -8.788750E-01
  3.331500E+03 -1.864289E+00
  3.332000E+03 -2.793618E+00
  3.332500E+03 -3.645320E+00
  3.333000E+03 -4.399802E+00
  3.333500E+03 -5.039917E+00
  3.334000E+03 -5.551431E+00
  3.334500E+03 -5.923444E+00
  3.335000E+03 -6.148755E+00
  3.335500E+03 -6.224135E+00
  3.336000E+03 -6.150501E+00
  3.336500E+03 -5.932959E+00
  3.337000E+03 -5.580710E+00
  3.337500E+03 -5.106814E+00
  3.338000E+03 -4.527795E+00
  3.338500E+03 -3.863103E+00
  3.339000E+03 -3.134452E+00
  3.339500E+03 -2.365048E+00
  3.340000E+03 -1.578741E+00
  3.340500E+03 -7.991380E-01
  3.341000E+03 -4.872073E-02
  3.341500E+03  6.519980E-01
  3.342000E+03  1.285230E+00
  3.342500E+03  1.836548E+00
  3.343000E+03  2.295362E+00
  3.343500E+03  2.655224E+00
  3.344000E+03  2.913935E+00
  3.344500E+03  3.073454E+00
  3.345000E+03  3.139613E+00
  3.345500E+03  3.121665E+00
  3.346000E+03  3.031667E+00
  3.346500E+03  2.883756E+00
  3.347000E+03  2.693345E+00
  3.347500E+03  2.476279E+00
  3.348000E+03  2.248004E+00
  3.348500E+03  2.022783E+00
  3.349000E+03  1.813007E+00
  3.349500E+03  1.628617E+00
  3.350000E+03  1.476693E+00
  3.350500E+03  1.361192E+00
  3.351000E+03  1.282876E+00
  3.351500E+03  1.239403E+00
  3.352000E+03  1.225586E+00
  3.352500E+03  1.233806E+00
  3.353000E+03  1.254533E+00
  3.353500E+03  1.276946E+00
  3.354000E+03  1.289608E+00
  3.354500E+03  1.281158E+00
  3.355000E+03  1.240988E+00
  3.355500E+03  1.159869E+00
  3.356000E+03  1.030499E+00
  3.356500E+03  8.479371E-01
  3.357000E+03  6.099224E-01
  3.357500E+03  3.170450E-01
  3.358000E+03 -2.721875E-02
  3.358500E+03 -4.166142E-01
  3.359000E+03 -8.423459E-01
  3.359500E+03 -1.293432E+00
  3.360000E+03 -1.757149E+00
  3.360500E+03 -2.219557E+00
  3.361000E+03 -2.666054E+00
  3.361500E+03 -3.081964E+00
  3.362000E+03 -3.453099E+00
  3.362500E+03 -3.766301E+00
  3.363000E+03 -4.009915E+00
  3.363500E+03 -4.174201E+00
  3.364000E+03 -4.251648E+00
  3.364500E+03 -4.237204E+00
  3.365000E+03 -4.128405E+00
  3.365500E+03 -3.925408E+00
  3.366000E+03 -3.630941E+00
  3.366500E+03 -3.250167E+00
  3.367000E+03 -2.790486E+00
  3.367500E+03 -2.261280E+00
  3.368000E+03 -1.673623E+00
  3.368500E+03 -1.039954E+00
  3.369000E+03 -3.737478E-01
  3.369500E+03  3.108236E-01
  3.370000E+03  9.992243E-01
  3.370500E+03  1.676872E+00
  3.371000E+03  2.329438E+00
  3.371500E+03  2.943130E+00
  3.372000E+03  3.504949E+00
  3.372500E+03  4.002927E+00
  3.373000E+03  4.426340E+00
  3.373500E+03  4.765900E+00
  3.374000E+03  5.013934E+00
  3.374500E+03  5.164526E+00
  3.375000E+03  5.213658E+00
  3.375500E+03  5.159306E+00
  3.376000E+03  5.001529E+00
  3.376500E+03  4.742515E+00
  3.377000E+03  4.386595E+00
  3.377500E+03  3.940226E+00
  3.378000E+03  3.411920E+00
  3.378500E+03  2.812130E+00
  3.379000E+03  2.153084E+00
  3.379500E+03  1.448565E+00
  3.380000E+03  7.136366E-01
  3.380500E+03 -3.568632E-02
  3.381000E+03 -7.828105E-01
  3.381500E+03 -1.510983E+00
  3.382000E+03 -2.203738E+00
  3.382500E+03 -2.845366E+00
  3.383000E+03 -3.421377E+00
  3.383500E+03 -3.918960E+00
  3.384000E+03 -4.327394E+00
  3.384500E+03 -4.638413E+00
  3.385000E+03 -4.846490E+00
  3.385500E+03 -4.949029E+00
  3.386000E+03 -4.946447E+00
  3.386500E+03 -4.842132E+00
  3.387000E+03 -4.642285E+00
  3.387500E+03 -4.355631E+00
  3.388000E+03 -3.993018E+00
  3.388500E+03 -3.566920E+00
  3.389000E+03 -3.090868E+00
  3.389500E+03 -2.578834E+00
  3.390000E+03 -2.044616E+00
  3.390500E+03 -1.501245E+00
  3.391000E+03 -9.604665E-01
  3.391500E+03 -4.323225E-01
  3.392000E+03  7.513236E-02
  3.392500E+03  5.559610E-01
  3.393000E+03  1.006310E+00
  3.393500E+03  1.424215E+00
  3.394000E+03  1.809255E+00
  3.394500E+03  2.162094E+00
  3.395000E+03  2.483936E+00
  3.395500E+03  2.775947E+00
  3.396000E+03  3.038708E+00
  3.396500E+03  3.271723E+00
  3.397000E+03  3.473073E+00
  3.397500E+03  3.639222E+00
  3.398000E+03  3.765024E+00
  3.398500E+03  3.843950E+00
  3.399000E+03  3.868509E+00
  3.399500E+03  3.830863E+00
  3.400000E+03  3.723583E+00
  3.400500E+03  3.540485E+00
  3.401000E+03  3.277490E+00
  3.401500E+03  2.933409E+00
  3.402000E+03  2.510604E+00
  3.402500E+03  2.015428E+00
  3.403000E+03  1.458404E+00
  3.403500E+03  8.540911E-01
  3.404000E+03  2.206299E-01
  3.404500E+03 -4.210248E-01
  3.405000E+03 -1.048151E+00
  3.405500E+03 -1.637519E+00
  3.406000E+03 -2.166780E+00
  3.406500E+03 -2.615888E+00
  3.407000E+03 -2.968441E+00
  3.407500E+03 -3.212839E+00
  3.408000E+03 -3.343154E+00
  3.408500E+03 -3.359639E+00
  3.409000E+03 -3.268818E+00
  3.409500E+03 -3.083130E+00
  3.410000E+03 -2.820140E+00
  3.410500E+03 -2.501367E+00
  3.411000E+03 -2.150796E+00
  3.411500E+03 -1.793186E+00
  3.412000E+03 -1.452303E+00
  3.412500E+03 -1.149198E+00
  3.413000E+03 -9.006756E-01
  3.413500E+03 -7.180685E-01
  3.414000E+03 -6.064233E-01
  3.414500E+03 -5.641598E-01
  3.415000E+03 -5.832435E-01
  3.415500E+03 -6.498597E-01
  3.416000E+03 -7.455452E-01
  3.416500E+03 -8.486918E-01
  3.417000E+03 -9.363092E-01
  3.417500E+03 -9.859102E-01
  3.418000E+03 -9.773731E-01
  3.418500E+03 -8.946360E-01
  3.419000E+03 -7.270900E-01
  3.419500E+03 -4.705636E-01
  3.420000E+03 -1.278202E-01
  3.420500E+03  2.914681E-01
  3.421000E+03  7.712680E-01
  3.421500E+03  1.290210E+00
  3.422000E+03  1.823011E+00
  3.422500E+03  2.342180E+00
  3.423000E+03  2.819880E+00
  3.423500E+03  3.229807E+00
  3.424000E+03  3.548931E+00
  3.424500E+03  3.758996E+00
  3.425000E+03  3.847652E+00
  3.425500E+03  3.809161E+00
  3.426000E+03  3.644630E+00
  3.426500E+03  3.361774E+00
  3.427000E+03  2.974242E+00
  3.427500E+03  2.500576E+00
  3.428000E+03  1.962900E+00
  3.428500E+03  1.385431E+00
  3.429000E+03  7.929530E-01
  3.429500E+03  2.093515E-01
  3.430000E+03 -3.436896E-01
  3.430500E+03 -8.477385E-01
  3.431000E+03 -1.288364E+00
  3.431500E+03 -1.655553E+00
  3.432000E+03 -1.943790E+00
  3.432500E+03 -2.151846E+00
  3.433000E+03 -2.282295E+00
  3.433500E+03 -2.340859E+00
  3.434000E+03 -2.335629E+00
  3.434500E+03 -2.276249E+00
  3.435000E+03 -2.173137E+00
  3.435500E+03 -2.036794E+00
  3.436000E+03 -1.877248E+00
  3.436500E+03 -1.703651E+00
  3.437000E+03 -1.524042E+00
  3.437500E+03 -1.345257E+00
  3.438000E+03 -1.172956E+00
  3.438500E+03 -1.011735E+00
  3.439000E+03 -8.652802E-01
  3.439500E+03 -7.365162E-01
  3.440000E+03 -6.277237E-01
  3.440500E+03 -5.405945E-01
  3.441000E+03 -4.762141E-01
  3.441500E+03 -4.349726E-01
  3.442000E+03 -4.164199E-01
  3.442500E+03 -4.190894E-01
  3.443000E+03 -4.403246E-01
  3.443500E+03 -4.761448E-01
  3.444000E+03 -5.211855E-01
  3.444500E+03 -5.687421E-01
  3.445000E+03 -6.109374E-01
  3.445500E+03 -6.390206E-01
  3.446000E+03 -6.437893E-01
  3.446500E+03 -6.161158E-01
  3.447000E+03 -5.475438E-01
  3.447500E+03 -4.309136E-01
  3.448000E+03 -2.609681E-01
  3.448500E+03 -3.489032E-02
  3.449000E+03  2.472733E-01
  3.449500E+03  5.823410E-01
  3.450000E+03  9.639015E-01
  3.450500E+03  1.382412E+00
  3.451000E+03  1.825486E+00
  3.451500E+03  2.278352E+00
  3.452000E+03  2.724458E+00
  3.452500E+03  3.146188E+00
  3.453000E+03  3.525627E+00
  3.453500E+03  3.845351E+00
  3.454000E+03  4.089180E+00
  3.454500E+03  4.242860E+00
  3.455000E+03  4.294644E+00
  3.455500E+03  4.235740E+00
  3.456000E+03  4.060634E+00
  3.456500E+03  3.767272E+00
  3.457000E+03  3.357113E+00
  3.457500E+03  2.835080E+00
  3.458000E+03  2.209415E+00
  3.458500E+03  1.491467E+00
  3.459000E+03  6.954302E-01
  3.459500E+03 -1.619499E-01
  3.460000E+03 -1.061698E+00
  3.460500E+03 -1.982954E+00
  3.461000E+03 -2.903338E+00
  3.461500E+03 -3.799359E+00
  3.462000E+03 -4.646861E+00
  3.462500E+03 -5.421524E+00
  3.463000E+03 -6.099438E+00
  3.463500E+03 -6.657731E+00
  3.464000E+03 -7.075271E+00
  3.464500E+03 -7.333406E+00
  3.465000E+03 -7.416735E+00
  3.465500E+03 -7.313866E+00
  3.466000E+03 -7.018134E+00
  3.466500E+03 -6.528214E+00
  3.467000E+03 -5.848610E+00
  3.467500E+03 -4.989948E+00
  3.468000E+03 -3.969061E+00
  3.468500E+03 -2.808815E+00
  3.469000E+03 -1.537682E+00
  3.469500E+03 -1.890342E-01
  3.470000E+03  1.199797E+00
  3.470500E+03  2.588698E+00
  3.471000E+03  3.936112E+00
  3.471500E+03  5.200514E+00
  3.472000E+03  6.341928E+00
  3.472500E+03  7.323445E+00
  3.473000E+03  8.112648E+00
  3.473500E+03  8.682895E+00
  3.474000E+03  9.014393E+00
  3.474500E+03  9.095014E+00
  3.475000E+03  8.920823E+00
  3.475500E+03  8.496281E+00
  3.476000E+03  7.834138E+00
  3.476500E+03  6.954998E+00
  3.477000E+03  5.886597E+00
  3.477500E+03  4.662812E+00
  3.478000E+03  3.322451E+00
  3.478500E+03  1.907863E+00
  3.479000E+03  4.634354E-01
  3.479500E+03 -9.659745E-01
  3.480000E+03 -2.336612E+00
  3.480500E+03 -3.607345E+00
  3.481000E+03 -4.741080E+00
  3.481500E+03 -5.706014E+00
  3.482000E+03 -6.476693E+00
  3.482500E+03 -7.034827E+00
  3.483000E+03 -7.369828E+00
  3.483500E+03 -7.479063E+00
  3.484000E+03 -7.367799E+00
  3.484500E+03 -7.048845E+00
  3.485000E+03 -6.541890E+00
  3.485500E+03 -5.872585E+00
  3.486000E+03 -5.071378E+00
  3.486500E+03 -4.172167E+00
  3.487000E+03 -3.210819E+00
  3.487500E+03 -2.223629E+00
  3.488000E+03 -1.245783E+00
  3.488500E+03 -3.099062E-01
  3.489000E+03  5.552384E-01
  3.489500E+03  1.325833E+00
  3.490000E+03  1.983811E+00
  3.490500E+03  2.517351E+00
  3.491000E+03  2.921029E+00
  3.491500E+03  3.195626E+00
  3.492000E+03  3.347615E+00
  3.492500E+03  3.388351E+00
  3.493000E+03  3.333029E+00
  3.493500E+03  3.199470E+00
  3.494000E+03  3.006833E+00
  3.494500E+03  2.774318E+00
  3.495000E+03  2.519954E+00
  3.495500E+03  2.259558E+00
  3.496000E+03  2.005917E+00
  3.496500E+03  1.768245E+00
  3.497000E+03  1.551953E+00
  3.497500E+03  1.358720E+00
  3.498000E+03  1.186864E+00
  3.498500E+03  1.031949E+00
  3.499000E+03  8.876031E-01
  3.499500E+03  7.464387E-01
  3.500000E+03  6.010222E-01
  3.500500E+03  4.447969E-01
  3.501000E+03  2.728880E-01
  3.501500E+03  8.272194E-02
  3.502000E+03 -1.255868E-01
  3.502500E+03 -3.491121E-01
  3.503000E+03 -5.822606E-01
  3.503500E+03 -8.171679E-01
  3.504000E+03 -1.044309E+00
  3.504500E+03 -1.253268E+00
  3.505000E+03 -1.433598E+00
  3.505500E+03 -1.575695E+00
  3.506000E+03 -1.671613E+00
  3.506500E+03 -1.715750E+00
  3.507000E+03 -1.705339E+00
  3.507500E+03 -1.640716E+00
  3.508000E+03 -1.525335E+00
  3.508500E+03 -1.365530E+00
  3.509000E+03 -1.170051E+00
  3.509500E+03 -9.494118E-01
  3.510000E+03 -7.151126E-01
  3.510500E+03 -4.787950E-01
  3.511000E+03 -2.514138E-01
  3.511500E+03 -4.249001E-02
  3.512000E+03  1.404909E-01
  3.512500E+03  2.924848E-01
  3.513000E+03  4.110688E-01
  3.513500E+03  4.963817E-01
  3.514000E+03  5.508389E-01
  3.514500E+03  5.786498E-01
  3.515000E+03  5.851889E-01
  3.515500E+03  5.762827E-01
  3.516000E+03  5.574823E-01
  3.516500E+03  5.333959E-01
  3.517000E+03  5.071465E-01
  3.517500E+03  4.800127E-01
  3.518000E+03  4.512911E-01
  3.518500E+03  4.184015E-01
  3.519000E+03  3.772302E-01
  3.519500E+03  3.226860E-01
  3.520000E+03  2.494220E-01
  3.520500E+03  1.526578E-01
  3.521000E+03  2.902610E-02
  3.521500E+03 -1.226414E-01
  3.522000E+03 -3.006687E-01
  3.522500E+03 -5.001053E-01
  3.523000E+03 -7.125700E-01
  3.523500E+03 -9.264049E-01
  3.524000E+03 -1.127154E+00
  3.524500E+03 -1.298352E+00
  3.525000E+03 -1.422579E+00
  3.525500E+03 -1.482720E+00
  3.526000E+03 -1.463336E+00
  3.526500E+03 -1.352057E+00
  3.527000E+03 -1.140871E+00
  3.527500E+03 -8.272188E-01
  3.528000E+03 -4.147912E-01
  3.528500E+03  8.605373E-02
  3.529000E+03  6.583035E-01
  3.529500E+03  1.278763E+00
  3.530000E+03  1.918978E+00
  3.530500E+03  2.546568E+00
  3.531000E+03  3.126906E+00
  3.531500E+03  3.625037E+00
  3.532000E+03  4.007727E+00
  3.532500E+03  4.245509E+00
  3.533000E+03  4.314595E+00
  3.533500E+03  4.198525E+00
  3.534000E+03  3.889440E+00
  3.534500E+03  3.388897E+00
  3.535000E+03  2.708159E+00
  3.535500E+03  1.867934E+00
  3.536000E+03  8.975789E-01
  3.536500E+03 -1.661917E-01
  3.537000E+03 -1.281023E+00
  3.537500E+03 -2.400950E+00
  3.538000E+03 -3.478632E+00
  3.538500E+03 -4.467656E+00
  3.539000E+03 -5.324772E+00
  3.539500E+03 -6.011951E+00
  3.540000E+03 -6.498137E+00
  3.540500E+03 -6.760626E+00
  3.541000E+03 -6.785988E+00
  3.541500E+03 -6.570525E+00
  3.542000E+03 -6.120244E+00
  3.542500E+03 -5.450384E+00
  3.543000E+03 -4.584539E+00
  3.543500E+03 -3.553453E+00
  3.544000E+03 -2.393573E+00
  3.544500E+03 -1.145436E+00
  3.545000E+03  1.480071E-01
  3.545500E+03  1.443048E+00
  3.546000E+03  2.696799E+00
  3.546500E+03  3.868621E+00
  3.547000E+03  4.921368E+00
  3.547500E+03  5.822424E+00
  3.548000E+03  6.544515E+00
  3.548500E+03  7.066317E+00
  3.549000E+03  7.372856E+00
  3.549500E+03  7.455725E+00
  3.550000E+03  7.313146E+00
  3.550500E+03  6.949884E+00
  3.551000E+03  6.377040E+00
  3.551500E+03  5.611720E+00
  3.552000E+03  4.676597E+00
  3.552500E+03  3.599358E+00
  3.553000E+03  2.412028E+00
  3.553500E+03  1.150172E+00
  3.554000E+03 -1.480212E-01
  3.554500E+03 -1.442787E+00
  3.555000E+03 -2.693937E+00
  3.555500E+03 -3.862095E+00
  3.556000E+03 -4.909994E+00
  3.556500E+03 -5.803775E+00
  3.557000E+03 -6.514244E+00
  3.557500E+03 -7.018026E+00
  3.558000E+03 -7.298548E+00
  3.558500E+03 -7.346802E+00
  3.559000E+03 -7.161825E+00
  3.559500E+03 -6.750863E+00
  3.560000E+03 -6.129189E+00
  3.560500E+03 -5.319569E+00
  3.561000E+03 -4.351394E+00
  3.561500E+03 -3.259512E+00
  3.562000E+03 -2.082806E+00
  3.562500E+03 -8.625959E-01
  3.563000E+03  3.590551E-01
  3.563500E+03  1.541048E+00
  3.564000E+03  2.644878E+00
  3.564500E+03  3.636102E+00
  3.565000E+03  4.485574E+00
  3.565500E+03  5.170401E+00
  3.566000E+03  5.674556E+00
  3.566500E+03  5.989169E+00
  3.567000E+03  6.112460E+00
  3.567500E+03  6.049373E+00
  3.568000E+03  5.810928E+00
  3.568500E+03  5.413353E+00
  3.569000E+03  4.877070E+00
  3.569500E+03  4.225579E+00
  3.570000E+03  3.484337E+00
  3.570500E+03  2.679656E+00
  3.571000E+03  1.837710E+00
  3.571500E+03  9.836619E-01
  3.572000E+03  1.409472E-01
  3.572500E+03 -6.692685E-01
  3.573000E+03 -1.428466E+00
  3.573500E+03 -2.120989E+00
  3.574000E+03 -2.734124E+00
  3.574500E+03 -3.258062E+00
  3.575000E+03 -3.685778E+00
  3.575500E+03 -4.012854E+00
  3.576000E+03 -4.237258E+00
  3.576500E+03 -4.359125E+00
  3.577000E+03 -4.380530E+00
  3.577500E+03 -4.305275E+00
  3.578000E+03 -4.138700E+00
  3.578500E+03 -3.887496E+00
  3.579000E+03 -3.559548E+00
  3.579500E+03 -3.163775E+00
  3.580000E+03 -2.709976E+00
  3.580500E+03 -2.208670E+00
  3.581000E+03 -1.670935E+00
  3.581500E+03 -1.108235E+00
  3.582000E+03 -5.322341E-01
  3.582500E+03  4.538236E-02
  3.583000E+03  6.131035E-01
  3.583500E+03  1.159778E+00
  3.584000E+03  1.674800E+00
  3.584500E+03  2.148280E+00
  3.585000E+03  2.571213E+00
  3.585500E+03  2.935630E+00
  3.586000E+03  3.234740E+00
  3.586500E+03  3.463060E+00
  3.587000E+03  3.616531E+00
  3.587500E+03  3.692626E+00
  3.588000E+03  3.690435E+00
  3.588500E+03  3.610738E+00
  3.589000E+03  3.456047E+00
  3.589500E+03  3.230609E+00
  3.590000E+03  2.940373E+00
  3.590500E+03  2.592896E+00
  3.591000E+03  2.197189E+00
  3.591500E+03  1.763498E+00
  3.592000E+03  1.303011E+00
  3.592500E+03  8.275046E-01
  3.593000E+03  3.489382E-01
  3.593500E+03 -1.209925E-01
  3.594000E+03 -5.713144E-01
  3.594500E+03 -9.922231E-01
  3.595000E+03 -1.375487E+00
  3.595500E+03 -1.714775E+00
  3.596000E+03 -2.005890E+00
  3.596500E+03 -2.246867E+00
  3.597000E+03 -2.437941E+00
  3.597500E+03 -2.581364E+00
  3.598000E+03 -2.681083E+00
  3.598500E+03 -2.742294E+00
  3.599000E+03 -2.770905E+00
  3.599500E+03 -2.772940E+00
  3.600000E+03 -2.753935E+00
  3.600500E+03 -2.718368E+00
  3.601000E+03 -2.669176E+00
  3.601500E+03 -2.607410E+00
  3.602000E+03 -2.532041E+00
  3.602500E+03 -2.439974E+00
  3.603000E+03 -2.326244E+00
  3.603500E+03 -2.184416E+00
  3.604000E+03 -2.007152E+00
  3.604500E+03 -1.786910E+00
  3.605000E+03 -1.516726E+00
  3.605500E+03 -1.191026E+00
  3.606000E+03 -8.063979E-01
  3.606500E+03 -3.622633E-01
  3.607000E+03  1.386010E-01
  3.607500E+03  6.897446E-01
  3.608000E+03  1.280957E+00
  3.608500E+03  1.898428E+00
  3.609000E+03  2.525159E+00
  3.609500E+03  3.141596E+00
  3.610000E+03  3.726456E+00
  3.610500E+03  4.257692E+00
  3.611000E+03  4.713549E+00
  3.611500E+03  5.073627E+00
  3.612000E+03  5.319910E+00
  3.612500E+03  5.437682E+00
  3.613000E+03  5.416295E+00
  3.613500E+03  5.249732E+00
  3.614000E+03  4.936956E+00
  3.614500E+03  4.482023E+00
  3.615000E+03  3.893966E+00
  3.615500E+03  3.186472E+00
  3.616000E+03  2.377364E+00
  3.616500E+03  1.487950E+00
  3.617000E+03  5.422533E-01
  3.617500E+03 -4.338236E-01
  3.618000E+03 -1.413355E+00
  3.618500E+03 -2.369248E+00
  3.619000E+03 -3.275055E+00
  3.619500E+03 -4.105734E+00
  3.620000E+03 -4.838329E+00
  3.620500E+03 -5.452571E+00
  3.621000E+03 -5.931394E+00
  3.621500E+03 -6.261360E+00
  3.622000E+03 -6.433003E+00
  3.622500E+03 -6.441082E+00
  3.623000E+03 -6.284752E+00
  3.623500E+03 -5.967643E+00
  3.624000E+03 -5.497837E+00
  3.624500E+03 -4.887751E+00
  3.625000E+03 -4.153896E+00
  3.625500E+03 -3.316525E+00
  3.626000E+03 -2.399142E+00
  3.626500E+03 -1.427897E+00
  3.627000E+03 -4.308513E-01
  3.627500E+03  5.628606E-01
  3.628000E+03  1.523957E+00
  3.628500E+03  2.423989E+00
  3.629000E+03  3.236342E+00
  3.629500E+03  3.937212E+00
  3.630000E+03  4.506517E+00
  3.630500E+03  4.928687E+00
  3.631000E+03  5.193307E+00
  3.631500E+03  5.295562E+00
  3.632000E+03  5.236457E+00
  3.632500E+03  5.022802E+00
  3.633000E+03  4.666947E+00
  3.633500E+03  4.186286E+00
  3.634000E+03  3.602532E+00
  3.634500E+03  2.940816E+00
  3.635000E+03  2.228628E+00
  3.635500E+03  1.494667E+00
  3.636000E+03  7.676445E-01
  3.636500E+03  7.509661E-02
  3.637000E+03 -5.577459E-01
  3.637500E+03 -1.108971E+00
  3.638000E+03 -1.560850E+00
  3.638500E+03 -1.900505E+00
  3.639000E+03 -2.120374E+00
  3.639500E+03 -2.218430E+00
  3.640000E+03 -2.198171E+00
  3.640500E+03 -2.068378E+00
  3.641000E+03 -1.842636E+00
  3.641500E+03 -1.538669E+00
  3.642000E+03 -1.177495E+00
  3.642500E+03 -7.824329E-01
  3.643000E+03 -3.780231E-01
  3.643500E+03  1.112144E-02
  3.644000E+03  3.614680E-01
  3.644500E+03  6.516818E-01
  3.645000E+03  8.636571E-01
  3.645500E+03  9.834154E-01
  3.646000E+03  1.001826E+00
  3.646500E+03  9.151126E-01
  3.647000E+03  7.251126E-01
  3.647500E+03  4.392705E-01
  3.648000E+03  7.035331E-02
  3.648500E+03 -3.641053E-01
  3.649000E+03 -8.426172E-01
  3.649500E+03 -1.340773E+00
  3.650000E+03 -1.832450E+00
  3.650500E+03 -2.291141E+00
  3.651000E+03 -2.691325E+00
  3.651500E+03 -3.009817E+00
  3.652000E+03 -3.227010E+00
  3.652500E+03 -3.327945E+00
  3.653000E+03 -3.303139E+00
  3.653500E+03 -3.149115E+00
  3.654000E+03 -2.868604E+00
  3.654500E+03 -2.470405E+00
  3.655000E+03 -1.968899E+00
  3.655500E+03 -1.383258E+00
  3.656000E+03 -7.363880E-01
  3.656500E+03 -5.367682E-02
  3.657000E+03  6.383698E-01
  3.657500E+03  1.313522E+00
  3.658000E+03  1.947158E+00
  3.658500E+03  2.517445E+00
  3.659000E+03  3.006312E+00
  3.659500E+03  3.400135E+00
  3.660000E+03  3.690124E+00
  3.660500E+03  3.872382E+00
  3.661000E+03  3.947669E+00
  3.661500E+03  3.920879E+00
  3.662000E+03  3.800317E+00
  3.662500E+03  3.596822E+00
  3.663000E+03  3.322823E+00
  3.663500E+03  2.991414E+00
  3.664000E+03  2.615507E+00
  3.664500E+03  2.207144E+00
  3.665000E+03  1.776999E+00
  3.665500E+03  1.334109E+00
  3.666000E+03  8.858256E-01
  3.666500E+03  4.379752E-01
  3.667000E+03 -4.806108E-03
  3.667500E+03 -4.386264E-01
  3.668000E+03 -8.598372E-01
  3.668500E+03 -1.264548E+00
  3.669000E+03 -1.648220E+00
  3.669500E+03 -2.005391E+00
  3.670000E+03 -2.329584E+00
  3.670500E+03 -2.613396E+00
  3.671000E+03 -2.848798E+00
  3.671500E+03 -3.027603E+00
  3.672000E+03 -3.142066E+00
  3.672500E+03 -3.185572E+00
  3.673000E+03 -3.153327E+00
  3.673500E+03 -3.043000E+00
  3.674000E+03 -2.855236E+00
  3.674500E+03 -2.593989E+00
  3.675000E+03 -2.266627E+00
  3.675500E+03 -1.883787E+00
  3.676000E+03 -1.458980E+00
  3.676500E+03 -1.007959E+00
  3.677000E+03 -5.479018E-01
  3.677500E+03 -9.645380E-02
  3.678000E+03  3.292850E-01
  3.678500E+03  7.137611E-01
  3.679000E+03  1.043874E+00
  3.679500E+03  1.309722E+00
  3.680000E+03  1.505124E+00
  3.680500E+03  1.627890E+00
  3.681000E+03  1.679802E+00
  3.681500E+03  1.666339E+00
  3.682000E+03  1.596138E+00
  3.682500E+03  1.480268E+00
  3.683000E+03  1.331356E+00
  3.683500E+03  1.162647E+00
  3.684000E+03  9.870644E-01
  3.684500E+03  8.163524E-01
  3.685000E+03  6.603489E-01
  3.685500E+03  5.264514E-01
  3.686000E+03  4.192996E-01
  3.686500E+03  3.406907E-01
  3.687000E+03  2.897203E-01
  3.687500E+03  2.631235E-01
  3.688000E+03  2.557774E-01
  3.688500E+03  2.613145E-01
  3.689000E+03  2.727891E-01
  3.689500E+03  2.833413E-01
  3.690000E+03  2.868035E-01
  3.690500E+03  2.782052E-01
  3.691000E+03  2.541437E-01
  3.691500E+03  2.129995E-01
  3.692000E+03  1.549923E-01
  3.692500E+03  8.208633E-02
  3.693000E+03 -2.235406E-03
  3.693500E+03 -9.329875E-02
  3.694000E+03 -1.856327E-01
  3.694500E+03 -2.733948E-01
  3.695000E+03 -3.507913E-01
  3.695500E+03 -4.124646E-01
  3.696000E+03 -4.538212E-01
  3.696500E+03 -4.712882E-01
  3.697000E+03 -4.624897E-01
  3.697500E+03 -4.263453E-01
  3.698000E+03 -3.630975E-01
  3.698500E+03 -2.742810E-01
  3.699000E+03 -1.626466E-01
  3.699500E+03 -3.205469E-02
  3.700000E+03  1.126505E-01
  3.700500E+03  2.657777E-01
  3.701000E+03  4.209324E-01
  3.701500E+03  5.711689E-01
  3.702000E+03  7.091546E-01
  3.702500E+03  8.273537E-01
  3.703000E+03  9.182368E-01
  3.703500E+03  9.745238E-01
  3.704000E+03  9.894624E-01
  3.704500E+03  9.571403E-01
  3.705000E+03  8.728228E-01
  3.705500E+03  7.333044E-01
  3.706000E+03  5.372509E-01
  3.706500E+03  2.855126E-01
  3.707000E+03 -1.862289E-02
  3.707500E+03 -3.692611E-01
  3.708000E+03 -7.578431E-01
  3.708500E+03 -1.173217E+00
  3.709000E+03 -1.601856E+00
  3.709500E+03 -2.028218E+00
  3.710000E+03 -2.435256E+00
  3.710500E+03 -2.805046E+00
  3.711000E+03 -3.119523E+00
  3.711500E+03 -3.361277E+00
  3.712000E+03 -3.514380E+00
  3.712500E+03 -3.565190E+00
  3.713000E+03 -3.503102E+00
  3.713500E+03 -3.321189E+00
  3.714000E+03 -3.016709E+00
  3.714500E+03 -2.591439E+00
  3.715000E+03 -2.051824E+00
  3.715500E+03 -1.408931E+00
  3.716000E+03 -6.782016E-01
  3.716500E+03  1.209811E-01
  3.717000E+03  9.658906E-01
  3.717500E+03  1.831200E+00
  3.718000E+03  2.689835E+00
  3.718500E+03  3.513901E+00
  3.719000E+03  4.275657E+00
  3.719500E+03  4.948492E+00
  3.720000E+03  5.507871E+00
  3.720500E+03  5.932229E+00
  3.721000E+03  6.203775E+00
  3.721500E+03  6.309182E+00
  3.722000E+03  6.240144E+00
  3.722500E+03  5.993782E+00
  3.723000E+03  5.572882E+00
  3.723500E+03  4.985947E+00
  3.724000E+03  4.247070E+00
  3.724500E+03  3.375602E+00
  3.725000E+03  2.395636E+00
  3.725500E+03  1.335304E+00
  3.726000E+03  2.258994E-01
  3.726500E+03 -8.991436E-01
  3.727000E+03 -2.005395E+00
  3.727500E+03 -3.058652E+00
  3.728000E+03 -4.026196E+00
  3.728500E+03 -4.878038E+00
  3.729000E+03 -5.588083E+00
  3.729500E+03 -6.135179E+00
  3.730000E+03 -6.503973E+00
  3.730500E+03 -6.685545E+00
  3.731000E+03 -6.677765E+00
  3.731500E+03 -6.485364E+00
  3.732000E+03 -6.119691E+00
  3.732500E+03 -5.598167E+00
  3.733000E+03 -4.943468E+00
  3.733500E+03 -4.182451E+00
  3.734000E+03 -3.344911E+00
  3.734500E+03 -2.462194E+00
  3.735000E+03 -1.565780E+00
  3.735500E+03 -6.858814E-01
  3.736000E+03  1.498512E-01
  3.736500E+03  9.174544E-01
  3.737000E+03  1.597545E+00
  3.737500E+03  2.175940E+00
  3.738000E+03  2.643981E+00
  3.738500E+03  2.998545E+00
  3.739000E+03  3.241765E+00
  3.739500E+03  3.380483E+00
  3.740000E+03  3.425480E+00
  3.740500E+03  3.390534E+00
  3.741000E+03  3.291390E+00
  3.741500E+03  3.144676E+00
  3.742000E+03  2.966862E+00
  3.742500E+03  2.773297E+00
  3.743000E+03  2.577398E+00
  3.743500E+03  2.390005E+00
  3.744000E+03  2.218944E+00
  3.744500E+03  2.068806E+00
  3.745000E+03  1.940938E+00
  3.745500E+03  1.833625E+00
  3.746000E+03  1.742448E+00
  3.746500E+03  1.660785E+00
  3.747000E+03  1.580404E+00
  3.747500E+03  1.492124E+00
  3.748000E+03  1.386502E+00
  3.748500E+03  1.254499E+00
  3.749000E+03  1.088104E+00
  3.749500E+03  8.808916E-01
  3.750000E+03  6.284760E-01
  3.750500E+03  3.288687E-01
  3.751000E+03 -1.728753E-02
  3.751500E+03 -4.066031E-01
  3.752000E+03 -8.329484E-01
  3.752500E+03 -1.287578E+00
  3.753000E+03 -1.759368E+00
  3.753500E+03 -2.235155E+00
  3.754000E+03 -2.700170E+00
  3.754500E+03 -3.138551E+00
  3.755000E+03 -3.533917E+00
  3.755500E+03 -3.869996E+00
  3.756000E+03 -4.131270E+00
  3.756500E+03 -4.303634E+00
  3.757000E+03 -4.375034E+00
  3.757500E+03 -4.336054E+00
  3.758000E+03 -4.180446E+00
  3.758500E+03 -3.905561E+00
  3.759000E+03 -3.512661E+00
  3.759500E+03 -3.007108E+00
  3.760000E+03 -2.398394E+00
  3.760500E+03 -1.700020E+00
  3.761000E+03 -9.292168E-01
  3.761500E+03 -1.065084E-01
  3.762000E+03  7.448639E-01
  3.762500E+03  1.599644E+00
  3.763000E+03  2.431365E+00
  3.763500E+03  3.213226E+00
  3.764000E+03  3.919009E+00
  3.764500E+03  4.524014E+00
  3.765000E+03  5.005959E+00
  3.765500E+03  5.345834E+00
  3.766000E+03  5.528665E+00
  3.766500E+03  5.544166E+00
  3.767000E+03  5.387254E+00
  3.767500E+03  5.058410E+00
  3.768000E+03  4.563863E+00
  3.768500E+03  3.915592E+00
  3.769000E+03  3.131140E+00
  3.769500E+03  2.233229E+00
  3.770000E+03  1.249188E+00
  3.770500E+03  2.101946E-01
  3.771000E+03 -8.496532E-01
  3.771500E+03 -1.894412E+00
  3.772000E+03 -2.887498E+00
  3.772500E+03 -3.792970E+00
  3.773000E+03 -4.576874E+00
  3.773500E+03 -5.208580E+00
  3.774000E+03 -5.662065E+00
  3.774500E+03 -5.917096E+00
  3.775000E+03 -5.960235E+00
  3.775500E+03 -5.785636E+00
  3.776000E+03 -5.395562E+00
  3.776500E+03 -4.800588E+00
  3.777000E+03 -4.019469E+00
  3.777500E+03 -3.078643E+00
  3.778000E+03 -2.011386E+00
  3.778500E+03 -8.566332E-01
  3.779000E+03  3.424870E-01
  3.779500E+03  1.540357E+00
  3.780000E+03  2.690726E+00
  3.780500E+03  3.748640E+00
  3.781000E+03  4.672352E+00
  3.781500E+03  5.425113E+00
  3.782000E+03  5.976763E+00
  3.782500E+03  6.305032E+00
  3.783000E+03  6.396487E+00
  3.783500E+03  6.247085E+00
  3.784000E+03  5.862302E+00
  3.784500E+03  5.256833E+00
  3.785000E+03  4.453894E+00
  3.785500E+03  3.484157E+00
  3.786000E+03  2.384397E+00
  3.786500E+03  1.195906E+00
  3.787000E+03 -3.723026E-02
  3.787500E+03 -1.269911E+00
  3.788000E+03 -2.457769E+00
  3.788500E+03 -3.558811E+00
  3.789000E+03 -4.534895E+00
  3.789500E+03 -5.352981E+00
  3.790000E+03 -5.986132E+00
  3.790500E+03 -6.414241E+00
  3.791000E+03 -6.624479E+00
  3.791500E+03 -6.611488E+00
  3.792000E+03 -6.377312E+00
  3.792500E+03 -5.931123E+00
  3.793000E+03 -5.288746E+00
  3.793500E+03 -4.472026E+00
  3.794000E+03 -3.508061E+00
  3.794500E+03 -2.428331E+00
  3.795000E+03 -1.267730E+00
  3.795500E+03 -6.354088E-02
  3.796000E+03  1.145656E+00
  3.796500E+03  2.321101E+00
  3.797000E+03  3.425000E+00
  3.797500E+03  4.421669E+00
  3.798000E+03  5.278648E+00
  3.798500E+03  5.967765E+00
  3.799000E+03  6.466104E+00
  3.799500E+03  6.756839E+00
  3.800000E+03  6.829901E+00
  3.800500E+03  6.682429E+00
  3.801000E+03  6.318976E+00
  3.801500E+03  5.751445E+00
  3.802000E+03  4.998733E+00
  3.802500E+03  4.086098E+00
  3.803000E+03  3.044247E+00
  3.803500E+03  1.908202E+00
  3.804000E+03  7.159632E-01
  3.804500E+03 -4.929443E-01
  3.805000E+03 -1.678979E+00
  3.805500E+03 -2.804078E+00
  3.806000E+03 -3.833048E+00
  3.806500E+03 -4.734804E+00
  3.807000E+03 -5.483375E+00
  3.807500E+03 -6.058656E+00
  3.808000E+03 -6.446862E+00
  3.808500E+03 -6.640689E+00
  3.809000E+03 -6.639200E+00
  3.809500E+03 -6.447449E+00
  3.810000E+03 -6.075905E+00
  3.810500E+03 -5.539721E+00
  3.811000E+03 -4.857911E+00
  3.811500E+03 -4.052488E+00
  3.812000E+03 -3.147617E+00
  3.812500E+03 -2.168831E+00
  3.813000E+03 -1.142324E+00
  3.813500E+03 -9.435573E-02
  3.814000E+03  9.492467E-01
  3.814500E+03  1.963496E+00
  3.815000E+03  2.924582E+00
  3.815500E+03  3.810164E+00
  3.816000E+03  4.599653E+00
  3.816500E+03  5.274498E+00
  3.817000E+03  5.818506E+00
  3.817500E+03  6.218188E+00
  3.818000E+03  6.463144E+00
  3.818500E+03  6.546446E+00
  3.819000E+03  6.465014E+00
  3.819500E+03  6.219935E+00
  3.820000E+03  5.816682E+00
  3.820500E+03  5.265208E+00
  3.821000E+03  4.579856E+00
  3.821500E+03  3.779090E+00
  3.822000E+03  2.885003E+00
  3.822500E+03  1.922643E+00
  3.823000E+03  9.191466E-01
  3.823500E+03 -9.725513E-02
  3.824000E+03 -1.098319E+00
  3.824500E+03 -2.056887E+00
  3.825000E+03 -2.947944E+00
  3.825500E+03 -3.749545E+00
  3.826000E+03 -4.443576E+00
  3.826500E+03 -5.016286E+00
  3.827000E+03 -5.458563E+00
  3.827500E+03 -5.765941E+00
  3.828000E+03 -5.938354E+00
  3.828500E+03 -5.979662E+00
  3.829000E+03 -5.896997E+00
  3.829500E+03 -5.699996E+00
  3.830000E+03 -5.399989E+00
  3.830500E+03 -5.009207E+00
  3.831000E+03 -4.540078E+00
  3.831500E+03 -4.004670E+00
  3.832000E+03 -3.414314E+00
  3.832500E+03 -2.779422E+00
  3.833000E+03 -2.109503E+00
  3.833500E+03 -1.413353E+00
  3.834000E+03 -6.993723E-01
  3.834500E+03  2.403420E-02
  3.835000E+03  7.480490E-01
  3.835500E+03  1.463079E+00
  3.836000E+03  2.158501E+00
  3.836500E+03  2.822567E+00
  3.837000E+03  3.442486E+00
  3.837500E+03  4.004720E+00
  3.838000E+03  4.495453E+00
  3.838500E+03  4.901231E+00
  3.839000E+03  5.209708E+00
  3.839500E+03  5.410442E+00
  3.840000E+03  5.495673E+00
  3.840500E+03  5.461003E+00
  3.841000E+03  5.305927E+00
  3.841500E+03  5.034142E+00
  3.842000E+03  4.653611E+00
  3.842500E+03  4.176349E+00
  3.843000E+03  3.617951E+00
  3.843500E+03  2.996875E+00
  3.844000E+03  2.333532E+00
  3.844500E+03  1.649243E+00
  3.845000E+03  9.651443E-01
  3.845500E+03  3.011077E-01
  3.846000E+03 -3.252394E-01
  3.846500E+03 -8.993270E-01
  3.847000E+03 -1.410234E+00
  3.847500E+03 -1.851021E+00
  3.848000E+03 -2.218786E+00
  3.848500E+03 -2.514449E+00
  3.849000E+03 -2.742293E+00
  3.849500E+03 -2.909295E+00
  3.850000E+03 -3.024324E+00
  3.850500E+03 -3.097246E+00
  3.851000E+03 -3.138027E+00
  3.851500E+03 -3.155894E+00
  3.852000E+03 -3.158611E+00
  3.852500E+03 -3.151925E+00
  3.853000E+03 -3.139203E+00
  3.853500E+03 -3.121296E+00
  3.854000E+03 -3.096612E+00
  3.854500E+03 -3.061386E+00
  3.855000E+03 -3.010119E+00
  3.855500E+03 -2.936148E+00
  3.856000E+03 -2.832290E+00
  3.856500E+03 -2.691510E+00
  3.857000E+03 -2.507576E+00
  3.857500E+03 -2.275642E+00
  3.858000E+03 -1.992726E+00
  3.858500E+03 -1.658065E+00
  3.859000E+03 -1.273312E+00
  3.859500E+03 -8.425917E-01
  3.860000E+03 -3.724033E-01
  3.860500E+03  1.286083E-01
  3.861000E+03  6.499926E-01
  3.861500E+03  1.179920E+00
  3.862000E+03  1.705664E+00
  3.862500E+03  2.214114E+00
  3.863000E+03  2.692286E+00
  3.863500E+03  3.127811E+00
  3.864000E+03  3.509375E+00
  3.864500E+03  3.827101E+00
  3.865000E+03  4.072857E+00
  3.865500E+03  4.240479E+00
  3.866000E+03  4.325925E+00
  3.866500E+03  4.327330E+00
  3.867000E+03  4.245005E+00
  3.867500E+03  4.081349E+00
  3.868000E+03  3.840712E+00
  3.868500E+03  3.529208E+00
  3.869000E+03  3.154484E+00
  3.869500E+03  2.725469E+00
  3.870000E+03  2.252104E+00
  3.870500E+03  1.745062E+00
  3.871000E+03  1.215485E+00
  3.871500E+03  6.747194E-01
  3.872000E+03  1.340752E-01
  3.872500E+03 -3.953909E-01
  3.873000E+03 -9.030746E-01
  3.873500E+03 -1.378999E+00
  3.874000E+03 -1.813971E+00
  3.874500E+03 -2.199724E+00
  3.875000E+03 -2.529053E+00
  3.875500E+03 -2.795946E+00
  3.876000E+03 -2.995718E+00
  3.876500E+03 -3.125147E+00
  3.877000E+03 -3.182615E+00
  3.877500E+03 -3.168249E+00
  3.878000E+03 -3.084046E+00
  3.878500E+03 -2.933988E+00
  3.879000E+03 -2.724103E+00
  3.879500E+03 -2.462474E+00
  3.880000E+03 -2.159176E+00
  3.880500E+03 -1.826111E+00
  3.881000E+03 -1.476725E+00
  3.881500E+03 -1.125620E+00
  3.882000E+03 -7.880282E-01
  3.882500E+03 -4.791824E-01
  3.883000E+03 -2.135844E-01
  3.883500E+03 -4.212616E-03
  3.884000E+03  1.382961E-01
  3.884500E+03  2.064398E-01
  3.885000E+03  1.965637E-01
  3.885500E+03  1.094344E-01
  3.886000E+03 -4.937974E-02
  3.886500E+03 -2.693736E-01
  3.887000E+03 -5.352520E-01
  3.887500E+03 -8.273835E-01
  3.888000E+03 -1.122565E+00
  3.888500E+03 -1.395084E+00
  3.889000E+03 -1.618031E+00
  3.889500E+03 -1.764824E+00
  3.890000E+03 -1.810837E+00
  3.890500E+03 -1.735064E+00
  3.891000E+03 -1.521711E+00
  3.891500E+03 -1.161594E+00
  3.892000E+03 -6.532678E-01
  3.892500E+03 -3.764341E-03
  3.893000E+03  7.711034E-01
  3.893500E+03  1.646942E+00
  3.894000E+03  2.591490E+00
  3.894500E+03  3.565840E+00
  3.895000E+03  4.526113E+00
  3.895500E+03  5.425520E+00
  3.896000E+03  6.216707E+00
  3.896500E+03  6.854249E+00
  3.897000E+03  7.297157E+00
  3.897500E+03  7.511259E+00
  3.898000E+03  7.471301E+00
  3.898500E+03  7.162635E+00
  3.899000E+03  6.582399E+00
  3.899500E+03  5.740091E+00
  3.900000E+03  4.657497E+00
  3.900500E+03  3.367965E+00
  3.901000E+03  1.915045E+00
  3.901500E+03  3.505799E-01
  3.902000E+03 -1.267668E+00
  3.902500E+03 -2.878720E+00
  3.903000E+03 -4.421258E+00
  3.903500E+03 -5.836527E+00
  3.904000E+03 -7.071089E+00
  3.904500E+03 -8.079292E+00
  3.905000E+03 -8.825300E+00
  3.905500E+03 -9.284605E+00
  3.906000E+03 -9.444925E+00
  3.906500E+03 -9.306452E+00
  3.907000E+03 -8.881478E+00
  3.907500E+03 -8.193404E+00
  3.908000E+03 -7.275234E+00
  3.908500E+03 -6.167643E+00
  3.909000E+03 -4.916755E+00
  3.909500E+03 -3.571758E+00
  3.910000E+03 -2.182508E+00
  3.910500E+03 -7.972550E-01
  3.911000E+03  5.393890E-01
  3.911500E+03  1.788131E+00
  3.912000E+03  2.916266E+00
  3.912500E+03  3.898477E+00
  3.913000E+03  4.717166E+00
  3.913500E+03  5.362339E+00
  3.914000E+03  5.831079E+00
  3.914500E+03  6.126700E+00
  3.915000E+03  6.257661E+00
  3.915500E+03  6.236337E+00
  3.916000E+03  6.077762E+00
  3.916500E+03  5.798418E+00
  3.917000E+03  5.415179E+00
  3.917500E+03  4.944449E+00
  3.918000E+03  4.401555E+00
  3.918500E+03  3.800404E+00
  3.919000E+03  3.153400E+00
  3.919500E+03  2.471593E+00
  3.920000E+03  1.765010E+00
  3.920500E+03  1.043109E+00
  3.921000E+03  3.152902E-01
  3.921500E+03 -4.086221E-01
  3.922000E+03 -1.117972E+00
  3.922500E+03 -1.801011E+00
  3.923000E+03 -2.444825E+00
  3.923500E+03 -3.035458E+00
  3.924000E+03 -3.558256E+00
  3.924500E+03 -3.998398E+00
  3.925000E+03 -4.341590E+00
  3.925500E+03 -4.574864E+00
  3.926000E+03 -4.687425E+00
  3.926500E+03 -4.671481E+00
  3.927000E+03 -4.522981E+00
  3.927500E+03 -4.242204E+00
  3.928000E+03 -3.834145E+00
  3.928500E+03 -3.308655E+00
  3.929000E+03 -2.680325E+00
  3.929500E+03 -1.968089E+00
  3.930000E+03 -1.194581E+00
  3.930500E+03 -3.852719E-01
  3.931000E+03  4.325789E-01
  3.931500E+03  1.231077E+00
  3.932000E+03  1.982903E+00
  3.932500E+03  2.662509E+00
  3.933000E+03  3.247219E+00
  3.933500E+03  3.718200E+00
  3.934000E+03  4.061229E+00
  3.934500E+03  4.267225E+00
  3.935000E+03  4.332533E+00
  3.935500E+03  4.258933E+00
  3.936000E+03  4.053397E+00
  3.936500E+03  3.727606E+00
  3.937000E+03  3.297260E+00
  3.937500E+03  2.781232E+00
  3.938000E+03  2.200603E+00
  3.938500E+03  1.577647E+00
  3.939000E+03  9.348010E-01
  3.939500E+03  2.936932E-01
  3.940000E+03 -3.257405E-01
  3.940500E+03 -9.060030E-01
  3.941000E+03 -1.432616E+00
  3.941500E+03 -1.894512E+00
  3.942000E+03 -2.284225E+00
  3.942500E+03 -2.597889E+00
  3.943000E+03 -2.835036E+00
  3.943500E+03 -2.998233E+00
  3.944000E+03 -3.092576E+00
  3.944500E+03 -3.125072E+00
  3.945000E+03 -3.103963E+00
  3.945500E+03 -3.038017E+00
  3.946000E+03 -2.935847E+00
  3.946500E+03 -2.805287E+00
  3.947000E+03 -2.652873E+00
  3.947500E+03 -2.483451E+00
  3.948000E+03 -2.299947E+00
  3.948500E+03 -2.103302E+00
  3.949000E+03 -1.892586E+00
  3.949500E+03 -1.665273E+00
  3.950000E+03 -1.417663E+00
  3.950500E+03 -1.145421E+00
  3.951000E+03 -8.441946E-01
  3.951500E+03 -5.102636E-01
  3.952000E+03 -1.411740E-01
  3.952500E+03  2.636887E-01
  3.953000E+03  7.026356E-01
  3.953500E+03  1.171357E+00
  3.954000E+03  1.662779E+00
  3.954500E+03  2.167115E+00
  3.955000E+03  2.672110E+00
  3.955500E+03  3.163475E+00
  3.956000E+03  3.625476E+00
  3.956500E+03  4.041658E+00
  3.957000E+03  4.395639E+00
  3.957500E+03  4.671946E+00
  3.958000E+03  4.856811E+00
  3.958500E+03  4.938903E+00
  3.959000E+03  4.909933E+00
  3.959500E+03  4.765096E+00
  3.960000E+03  4.503334E+00
  3.960500E+03  4.127399E+00
  3.961000E+03  3.643732E+00
  3.961500E+03  3.062155E+00
  3.962000E+03  2.395431E+00
  3.962500E+03  1.658706E+00
  3.963000E+03  8.688914E-01
  3.963500E+03  4.403165E-02
  3.964000E+03 -7.973115E-01
  3.964500E+03 -1.636609E+00
  3.965000E+03 -2.455828E+00
  3.965500E+03 -3.237794E+00
  3.966000E+03 -3.966448E+00
  3.966500E+03 -4.626999E+00
  3.967000E+03 -5.206010E+00
  3.967500E+03 -5.691420E+00
  3.968000E+03 -6.072560E+00
  3.968500E+03 -6.340164E+00
  3.969000E+03 -6.486437E+00
  3.969500E+03 -6.505167E+00
  3.970000E+03 -6.391923E+00
  3.970500E+03 -6.144311E+00
  3.971000E+03 -5.762294E+00
  3.971500E+03 -5.248544E+00
  3.972000E+03 -4.608782E+00
  3.972500E+03 -3.852078E+00
  3.973000E+03 -2.991061E+00
  3.973500E+03 -2.041992E+00
  3.974000E+03 -1.024668E+00
  3.974500E+03  3.786655E-02
  3.975000E+03  1.119823E+00
  3.975500E+03  2.193366E+00
  3.976000E+03  3.229502E+00
  3.976500E+03  4.199110E+00
  3.977000E+03  5.074062E+00
  3.977500E+03  5.828384E+00
  3.978000E+03  6.439371E+00
  3.978500E+03  6.888604E+00
  3.979000E+03  7.162790E+00
  3.979500E+03  7.254382E+00
  3.980000E+03  7.161923E+00
  3.980500E+03  6.890106E+00
  3.981000E+03  6.449536E+00
  3.981500E+03  5.856202E+00
  3.982000E+03  5.130710E+00
  3.982500E+03  4.297312E+00
  3.983000E+03  3.382800E+00
  3.983500E+03  2.415325E+00
  3.984000E+03  1.423226E+00
  3.984500E+03  4.339233E-01
  3.985000E+03 -5.270527E-01
  3.985500E+03 -1.436861E+00
  3.986000E+03 -2.275935E+00
  3.986500E+03 -3.028342E+00
  3.987000E+03 -3.681920E+00
  3.987500E+03 -4.228210E+00
  3.988000E+03 -4.662203E+00
  3.988500E+03 -4.981967E+00
  3.989000E+03 -5.188179E+00
  3.989500E+03 -5.283621E+00
  3.990000E+03 -5.272691E+00
  3.990500E+03 -5.160962E+00
  3.991000E+03 -4.954827E+00
  3.991500E+03 -4.661241E+00
  3.992000E+03 -4.287586E+00
  3.992500E+03 -3.841624E+00
  3.993000E+03 -3.331559E+00
  3.993500E+03 -2.766147E+00
  3.994000E+03 -2.154847E+00
  3.994500E+03 -1.507971E+00
  3.995000E+03 -8.367945E-01
  3.995500E+03 -1.536042E-01
  3.996000E+03  5.283430E-01
  3.996500E+03  1.194968E+00
  3.997000E+03  1.831625E+00
  3.997500E+03  2.423463E+00
  3.998000E+03  2.955878E+00
  3.998500E+03  3.415028E+00
  3.999000E+03  3.788389E+00
  3.999500E+03  4.065305E+00
  4.000000E+03  4.237510E+00
  4.000500E+03  4.299573E+00
  4.001000E+03  4.249245E+00
  4.001500E+03  4.087679E+00
  4.002000E+03  3.819496E+00
  4.002500E+03  3.452710E+00
  4.003000E+03  2.998486E+00
  4.003500E+03  2.470766E+00
  4.004000E+03  1.885763E+00
  4.004500E+03  1.261358E+00
  4.005000E+03  6.164259E-01
  4.005500E+03 -2.986170E-02
  4.006000E+03 -6.587453E-01
  4.006500E+03 -1.252540E+00
  4.007000E+03 -1.795234E+00
  4.007500E+03 -2.272993E+00
  4.008000E+03 -2.674548E+00
  4.008500E+03 -2.991457E+00
  4.009000E+03 -3.218241E+00
  4.009500E+03 -3.352380E+00
  4.010000E+03 -3.394198E+00
  4.010500E+03 -3.346643E+00
  4.011000E+03 -3.214978E+00
  4.011500E+03 -3.006418E+00
  4.012000E+03 -2.729728E+00
  4.012500E+03 -2.394808E+00
  4.013000E+03 -2.012291E+00
  4.013500E+03 -1.593168E+00
  4.014000E+03 -1.148456E+00
  4.014500E+03 -6.889232E-01
  4.015000E+03 -2.248637E-01
  4.015500E+03  2.340615E-01
  4.016000E+03  6.789376E-01
  4.016500E+03  1.101662E+00
  4.017000E+03  1.494974E+00
  4.017500E+03  1.852464E+00
  4.018000E+03  2.168567E+00
  4.018500E+03  2.438550E+00
  4.019000E+03  2.658504E+00
  4.019500E+03  2.825340E+00
  4.020000E+03  2.936796E+00
  4.020500E+03  2.991441E+00
  4.021000E+03  2.988686E+00
  4.021500E+03  2.928793E+00
  4.022000E+03  2.812866E+00
  4.022500E+03  2.642833E+00
  4.023000E+03  2.421412E+00
  4.023500E+03  2.152050E+00
  4.024000E+03  1.838857E+00
  4.024500E+03  1.486511E+00
  4.025000E+03  1.100177E+00
  4.025500E+03  6.854110E-01
  4.026000E+03  2.480867E-01
  4.026500E+03 -2.056610E-01
  4.027000E+03 -6.694668E-01
  4.027500E+03 -1.136736E+00
  4.028000E+03 -1.600620E+00
  4.028500E+03 -2.053966E+00
  4.029000E+03 -2.489261E+00
  4.029500E+03 -2.898578E+00
  4.030000E+03 -3.273545E+00
  4.030500E+03 -3.605353E+00
  4.031000E+03 -3.884826E+00
  4.031500E+03 -4.102562E+00
  4.032000E+03 -4.249167E+00
  4.032500E+03 -4.315565E+00
  4.033000E+03 -4.293397E+00
  4.033500E+03 -4.175492E+00
  4.034000E+03 -3.956371E+00
  4.034500E+03 -3.632783E+00
  4.035000E+03 -3.204201E+00
  4.035500E+03 -2.673267E+00
  4.036000E+03 -2.046131E+00
  4.036500E+03 -1.332654E+00
  4.037000E+03 -5.464332E-01
  4.037500E+03  2.953515E-01
  4.038000E+03  1.172300E+00
  4.038500E+03  2.061344E+00
  4.039000E+03  2.937474E+00
  4.039500E+03  3.774621E+00
  4.040000E+03  4.546622E+00
  4.040500E+03  5.228259E+00
  4.041000E+03  5.796280E+00
  4.041500E+03  6.230359E+00
  4.042000E+03  6.513957E+00
  4.042500E+03  6.635005E+00
  4.043000E+03  6.586410E+00
  4.043500E+03  6.366332E+00
  4.044000E+03  5.978245E+00
  4.044500E+03  5.430774E+00
  4.045000E+03  4.737331E+00
  4.045500E+03  3.915580E+00
  4.046000E+03  2.986772E+00
  4.046500E+03  1.974981E+00
  4.047000E+03  9.062946E-01
  4.047500E+03 -1.920070E-01
  4.048000E+03 -1.292248E+00
  4.048500E+03 -2.367100E+00
  4.049000E+03 -3.390257E+00
  4.049500E+03 -4.337031E+00
  4.050000E+03 -5.184863E+00
  4.050500E+03 -5.913754E+00
  4.051000E+03 -6.506634E+00
  4.051500E+03 -6.949657E+00
  4.052000E+03 -7.232453E+00
  4.052500E+03 -7.348326E+00
  4.053000E+03 -7.294401E+00
  4.053500E+03 -7.071722E+00
  4.054000E+03 -6.685283E+00
  4.054500E+03 -6.143983E+00
  4.055000E+03 -5.460493E+00
  4.055500E+03 -4.651013E+00
  4.056000E+03 -3.734922E+00
  4.056500E+03 -2.734311E+00
  4.057000E+03 -1.673397E+00
  4.057500E+03 -5.778523E-01
  4.058000E+03  5.259497E-01
  4.058500E+03  1.611722E+00
  4.059000E+03  2.654059E+00
  4.059500E+03  3.629182E+00
  4.060000E+03  4.515618E+00
  4.060500E+03  5.294742E+00
  4.061000E+03  5.951185E+00
  4.061500E+03  6.473069E+00
  4.062000E+03  6.852072E+00
  4.062500E+03  7.083338E+00
  4.063000E+03  7.165242E+00
  4.063500E+03  7.099058E+00
  4.064000E+03  6.888572E+00
  4.064500E+03  6.539678E+00
  4.065000E+03  6.060020E+00
  4.065500E+03  5.458696E+00
  4.066000E+03  4.746084E+00
  4.066500E+03  3.933777E+00
  4.067000E+03  3.034636E+00
  4.067500E+03  2.062947E+00
  4.068000E+03  1.034626E+00
  4.068500E+03 -3.255637E-02
  4.069000E+03 -1.118799E+00
  4.069500E+03 -2.202208E+00
  4.070000E+03 -3.258893E+00
  4.070500E+03 -4.263270E+00
  4.071000E+03 -5.188608E+00
  4.071500E+03 -6.007804E+00
  4.072000E+03 -6.694386E+00
  4.072500E+03 -7.223695E+00
  4.073000E+03 -7.574175E+00
  4.073500E+03 -7.728679E+00
  4.074000E+03 -7.675721E+00
  4.074500E+03 -7.410532E+00
  4.075000E+03 -6.935856E+00
  4.075500E+03 -6.262389E+00
  4.076000E+03 -5.408792E+00
  4.076500E+03 -4.401263E+00
  4.077000E+03 -3.272647E+00
  4.077500E+03 -2.061134E+00
  4.078000E+03 -8.085918E-01
  4.078500E+03  4.413458E-01
  4.079000E+03  1.645345E+00
  4.079500E+03  2.762443E+00
  4.080000E+03  3.756001E+00
  4.080500E+03  4.595408E+00
  4.081000E+03  5.257428E+00
  4.081500E+03  5.727110E+00
  4.082000E+03  5.998200E+00
  4.082500E+03  6.073062E+00
  4.083000E+03  5.962097E+00
  4.083500E+03  5.682750E+00
  4.084000E+03  5.258163E+00
  4.084500E+03  4.715600E+00
  4.085000E+03  4.084746E+00
  4.085500E+03  3.396019E+00
  4.086000E+03  2.678984E+00
  4.086500E+03  1.960996E+00
  4.087000E+03  1.266119E+00
  4.087500E+03  6.143763E-01
  4.088000E+03  2.135049E-02
  4.088500E+03 -5.018875E-01
  4.089000E+03 -9.485604E-01
  4.089500E+03 -1.315737E+00
  4.090000E+03 -1.603730E+00
  4.090500E+03 -1.815416E+00
  4.091000E+03 -1.955559E+00
  4.091500E+03 -2.030192E+00
  4.092000E+03 -2.046118E+00
  4.092500E+03 -2.010550E+00
  4.093000E+03 -1.930892E+00
  4.093500E+03 -1.814667E+00
  4.094000E+03 -1.669535E+00
  4.094500E+03 -1.503373E+00
  4.095000E+03 -1.324363E+00
  4.095500E+03 -1.141035E+00
  4.096000E+03 -9.622273E-01
  4.096500E+03 -7.969279E-01
  4.097000E+03 -6.539876E-01
  4.097500E+03 -5.417097E-01
  4.098000E+03 -4.673405E-01
  4.098500E+03 -4.365039E-01
  4.099000E+03 -4.526316E-01
  4.099500E+03 -5.164537E-01
  4.100000E+03 -6.256101E-01
  4.100500E+03 -7.744392E-01
  4.101000E+03 -9.539870E-01
  4.101500E+03 -1.152263E+00
  4.102000E+03 -1.354747E+00
  4.102500E+03 -1.545127E+00
  4.103000E+03 -1.706229E+00
  4.103500E+03 -1.821083E+00
  4.104000E+03 -1.874039E+00
  4.104500E+03 -1.851864E+00
  4.105000E+03 -1.744732E+00
  4.105500E+03 -1.547024E+00
  4.106000E+03 -1.257886E+00
  4.106500E+03 -8.814834E-01
  4.107000E+03 -4.269467E-01
  4.107500E+03  9.200561E-02
  4.108000E+03  6.577309E-01
  4.108500E+03  1.249570E+00
  4.109000E+03  1.844933E+00
  4.109500E+03  2.420483E+00
  4.110000E+03  2.953342E+00
  4.110500E+03  3.422230E+00
  4.111000E+03  3.808471E+00
  4.111500E+03  4.096809E+00
  4.112000E+03  4.275987E+00
  4.112500E+03  4.339072E+00
  4.113000E+03  4.283533E+00
  4.113500E+03  4.111080E+00
  4.114000E+03  3.827317E+00
  4.114500E+03  3.441236E+00
  4.115000E+03  2.964626E+00
  4.115500E+03  2.411443E+00
  4.116000E+03  1.797186E+00
  4.116500E+03  1.138333E+00
  4.117000E+03  4.518503E-01
  4.117500E+03 -2.451995E-01
  4.118000E+03 -9.359595E-01
  4.118500E+03 -1.604001E+00
  4.119000E+03 -2.233491E+00
  4.119500E+03 -2.809340E+00
  4.120000E+03 -3.317356E+00
  4.120500E+03 -3.744437E+00
  4.121000E+03 -4.078825E+00
  4.121500E+03 -4.310432E+00
  4.122000E+03 -4.431228E+00
  4.122500E+03 -4.435691E+00
  4.123000E+03 -4.321269E+00
  4.123500E+03 -4.088823E+00
  4.124000E+03 -3.743007E+00
  4.124500E+03 -3.292523E+00
  4.125000E+03 -2.750203E+00
  4.125500E+03 -2.132894E+00
  4.126000E+03 -1.461089E+00
  4.126500E+03 -7.583245E-01
  4.127000E+03 -5.032722E-02
  4.127500E+03  6.360470E-01
  4.128000E+03  1.274036E+00
  4.128500E+03  1.838294E+00
  4.129000E+03  2.306228E+00
  4.129500E+03  2.659266E+00
  4.130000E+03  2.883975E+00
  4.130500E+03  2.972931E+00
  4.131000E+03  2.925287E+00
  4.131500E+03  2.746977E+00
  4.132000E+03  2.450529E+00
  4.132500E+03  2.054492E+00
  4.133000E+03  1.582487E+00
  4.133500E+03  1.061938E+00
  4.134000E+03  5.225678E-01
  4.134500E+03 -5.274389E-03
  4.135000E+03 -4.923222E-01
  4.135500E+03 -9.120481E-01
  4.136000E+03 -1.242150E+00
  4.136500E+03 -1.465777E+00
  4.137000E+03 -1.572407E+00
  4.137500E+03 -1.558337E+00
  4.138000E+03 -1.426739E+00
  4.138500E+03 -1.187295E+00
  4.139000E+03 -8.554359E-01
  4.139500E+03 -4.512535E-01
  4.140000E+03  1.852991E-03
  4.140500E+03  4.786801E-01
  4.141000E+03  9.537752E-01
  4.141500E+03  1.402933E+00
  4.142000E+03  1.804531E+00
  4.142500E+03  2.140621E+00
  4.143000E+03  2.397704E+00
  4.143500E+03  2.567154E+00
  4.144000E+03  2.645273E+00
  4.144500E+03  2.633008E+00
  4.145000E+03  2.535347E+00
  4.145500E+03  2.360497E+00
  4.146000E+03  2.118894E+00
  4.146500E+03  1.822162E+00
  4.147000E+03  1.482103E+00
  4.147500E+03  1.109820E+00
  4.148000E+03  7.150330E-01
  4.148500E+03  3.056483E-01
  4.149000E+03 -1.123830E-01
  4.149500E+03 -5.349280E-01
  4.150000E+03 -9.592754E-01
  4.150500E+03 -1.383533E+00
  4.151000E+03 -1.805890E+00
  4.151500E+03 -2.223839E+00
  4.152000E+03 -2.633429E+00
  4.152500E+03 -3.028669E+00
  4.153000E+03 -3.401136E+00
  4.153500E+03 -3.739859E+00
  4.154000E+03 -4.031521E+00
  4.154500E+03 -4.260969E+00
  4.155000E+03 -4.412033E+00
  4.155500E+03 -4.468587E+00
  4.156000E+03 -4.415773E+00
  4.156500E+03 -4.241314E+00
  4.157000E+03 -3.936777E+00
  4.157500E+03 -3.498709E+00
  4.158000E+03 -2.929511E+00
  4.158500E+03 -2.237995E+00
  4.159000E+03 -1.439529E+00
  4.159500E+03 -5.557527E-01
  4.160000E+03  3.861363E-01
  4.160500E+03  1.354508E+00
  4.161000E+03  2.314761E+00
  4.161500E+03  3.231037E+00
  4.162000E+03  4.068068E+00
  4.162500E+03  4.793052E+00
  4.163000E+03  5.377410E+00
  4.163500E+03  5.798320E+00
  4.164000E+03  6.039930E+00
  4.164500E+03  6.094158E+00
  4.165000E+03  5.961047E+00
  4.165500E+03  5.648647E+00
  4.166000E+03  5.172450E+00
  4.166500E+03  4.554419E+00
  4.167000E+03  3.821694E+00
  4.167500E+03  3.005057E+00
  4.168000E+03  2.137275E+00
  4.168500E+03  1.251422E+00
  4.169000E+03  3.792886E-01
  4.169500E+03 -4.500361E-01
  4.170000E+03 -1.211324E+00
  4.170500E+03 -1.884069E+00
  4.171000E+03 -2.453024E+00
  4.171500E+03 -2.908401E+00
  4.172000E+03 -3.245773E+00
  4.172500E+03 -3.465706E+00
  4.173000E+03 -3.573180E+00
  4.173500E+03 -3.576860E+00
  4.174000E+03 -3.488285E+00
  4.174500E+03 -3.321028E+00
  4.175000E+03 -3.089889E+00
  4.175500E+03 -2.810153E+00
  4.176000E+03 -2.496951E+00
  4.176500E+03 -2.164725E+00
  4.177000E+03 -1.826814E+00
  4.177500E+03 -1.495147E+00
  4.178000E+03 -1.180020E+00
  4.178500E+03 -8.899638E-01
  4.179000E+03 -6.316512E-01
  4.179500E+03 -4.098584E-01
  4.180000E+03 -2.274529E-01
  4.180500E+03 -8.540930E-02
  4.181000E+03  1.714670E-02
  4.181500E+03  8.286006E-02
  4.182000E+03  1.160253E-01
  4.182500E+03  1.224127E-01
  4.183000E+03  1.090342E-01
  4.183500E+03  8.384642E-02
  4.184000E+03  5.539128E-02
  4.184500E+03  3.238659E-02
  4.185000E+03  2.328082E-02
  4.185500E+03  3.579610E-02
  4.186000E+03  7.648632E-02
  4.186500E+03  1.503393E-01
  4.187000E+03  2.604511E-01
  4.187500E+03  4.077971E-01
  4.188000E+03  5.911170E-01
  4.188500E+03  8.069225E-01
  4.189000E+03  1.049629E+00
  4.189500E+03  1.311796E+00
  4.190000E+03  1.584468E+00
  4.190500E+03  1.857572E+00
  4.191000E+03  2.120361E+00
  4.191500E+03  2.361861E+00
  4.192000E+03  2.571295E+00
  4.192500E+03  2.738460E+00
  4.193000E+03  2.854051E+00
  4.193500E+03  2.909906E+00
  4.194000E+03  2.899203E+00
  4.194500E+03  2.816586E+00
  4.195000E+03  2.658271E+00
  4.195500E+03  2.422130E+00
  4.196000E+03  2.107777E+00
  4.196500E+03  1.716682E+00
  4.197000E+03  1.252305E+00
  4.197500E+03  7.202694E-01
  4.198000E+03  1.285377E-01
  4.198500E+03 -5.124129E-01
  4.199000E+03 -1.189460E+00
  4.199500E+03 -1.886786E+00
  4.200000E+03 -2.585956E+00
  4.200500E+03 -3.266158E+00
  4.201000E+03 -3.904630E+00
  4.201500E+03 -4.477319E+00
  4.202000E+03 -4.959732E+00
  4.202500E+03 -5.327997E+00
  4.203000E+03 -5.560067E+00
  4.203500E+03 -5.637017E+00
  4.204000E+03 -5.544351E+00
  4.204500E+03 -5.273226E+00
  4.205000E+03 -4.821501E+00
  4.205500E+03 -4.194504E+00
  4.206000E+03 -3.405450E+00
  4.206500E+03 -2.475435E+00
  4.207000E+03 -1.432964E+00
  4.207500E+03 -3.130146E-01
  4.208000E+03  8.443449E-01
  4.208500E+03  1.995716E+00
  4.209000E+03  3.096423E+00
  4.209500E+03  4.102739E+00
  4.210000E+03  4.974147E+00
  4.210500E+03  5.675490E+00
  4.211000E+03  6.178875E+00
  4.211500E+03  6.465195E+00
  4.212000E+03  6.525163E+00
  4.212500E+03  6.359794E+00
  4.213000E+03  5.980282E+00
  4.213500E+03  5.407293E+00
  4.214000E+03  4.669712E+00
  4.214500E+03  3.802928E+00
  4.215000E+03  2.846779E+00
  4.215500E+03  1.843288E+00
  4.216000E+03  8.343461E-01
  4.216500E+03 -1.404993E-01
  4.217000E+03 -1.046022E+00
  4.217500E+03 -1.852928E+00
  4.218000E+03 -2.539003E+00
  4.218500E+03 -3.089763E+00
  4.219000E+03 -3.498558E+00
  4.219500E+03 -3.766180E+00
  4.220000E+03 -3.900016E+00
  4.220500E+03 -3.912841E+00
  4.221000E+03 -3.821360E+00
  4.221500E+03 -3.644630E+00
  4.222000E+03 -3.402482E+00
  4.222500E+03 -3.114062E+00
  4.223000E+03 -2.796603E+00
  4.223500E+03 -2.464499E+00
  4.224000E+03 -2.128735E+00
  4.224500E+03 -1.796685E+00
  4.225000E+03 -1.472278E+00
  4.225500E+03 -1.156464E+00
  4.226000E+03 -8.479400E-01
  4.226500E+03 -5.440290E-01
  4.227000E+03 -2.416296E-01
  4.227500E+03  6.186483E-02
  4.228000E+03  3.677640E-01
  4.228500E+03  6.754703E-01
  4.229000E+03  9.821130E-01
  4.229500E+03  1.282458E+00
  4.230000E+03  1.569097E+00
  4.230500E+03  1.832890E+00
  4.231000E+03  2.063632E+00
  4.231500E+03  2.250858E+00
  4.232000E+03  2.384733E+00
  4.232500E+03  2.456944E+00
  4.233000E+03  2.461499E+00
  4.233500E+03  2.395383E+00
  4.234000E+03  2.258997E+00
  4.234500E+03  2.056355E+00
  4.235000E+03  1.794998E+00
  4.235500E+03  1.485662E+00
  4.236000E+03  1.141683E+00
  4.236500E+03  7.782188E-01
  4.237000E+03  4.113248E-01
  4.237500E+03  5.696012E-02
  4.238000E+03 -2.700030E-01
  4.238500E+03 -5.566938E-01
  4.239000E+03 -7.930156E-01
  4.239500E+03 -9.722209E-01
  4.240000E+03 -1.091250E+00
  4.240500E+03 -1.150810E+00
  4.241000E+03 -1.155197E+00
  4.241500E+03 -1.111866E+00
  4.242000E+03 -1.030806E+00
  4.242500E+03 -9.237333E-01
  4.243000E+03 -8.032051E-01
  4.243500E+03 -6.816811E-01
  4.244000E+03 -5.706236E-01
  4.244500E+03 -4.796892E-01
  4.245000E+03 -4.160703E-01
  4.245500E+03 -3.840284E-01
  4.246000E+03 -3.846495E-01
  4.246500E+03 -4.158321E-01
  4.247000E+03 -4.725056E-01
  4.247500E+03 -5.470578E-01
  4.248000E+03 -6.299382E-01
  4.248500E+03 -7.103907E-01
  4.249000E+03 -7.772646E-01
  4.249500E+03 -8.198454E-01
  4.250000E+03 -8.286508E-01
  4.250500E+03 -7.961384E-01
  4.251000E+03 -7.172813E-01
  4.251500E+03 -5.899783E-01
  4.252000E+03 -4.152744E-01
  4.252500E+03 -1.973855E-01
  4.253000E+03  5.647222E-02
  4.253500E+03  3.364293E-01
  4.254000E+03  6.304636E-01
  4.254500E+03  9.250191E-01
  4.255000E+03  1.205706E+00
  4.255500E+03  1.458041E+00
  4.256000E+03  1.668186E+00
  4.256500E+03  1.823657E+00
  4.257000E+03  1.913951E+00
  4.257500E+03  1.931094E+00
  4.258000E+03  1.870062E+00
  4.258500E+03  1.729078E+00
  4.259000E+03  1.509775E+00
  4.259500E+03  1.217222E+00
  4.260000E+03  8.598180E-01
  4.260500E+03  4.490512E-01
  4.261000E+03 -8.514234E-04
  4.261500E+03 -4.733916E-01
  4.262000E+03 -9.503619E-01
  4.262500E+03 -1.412494E+00
  4.263000E+03 -1.840176E+00
  4.263500E+03 -2.214222E+00
  4.264000E+03 -2.516667E+00
  4.264500E+03 -2.731577E+00
  4.265000E+03 -2.845820E+00
  4.265500E+03 -2.849791E+00
  4.266000E+03 -2.738032E+00
  4.266500E+03 -2.509725E+00
  4.267000E+03 -2.169010E+00
  4.267500E+03 -1.725097E+00
  4.268000E+03 -1.192152E+00
  4.268500E+03 -5.889244E-01
  4.269000E+03  6.187238E-02
  4.269500E+03  7.344331E-01
  4.270000E+03  1.400945E+00
  4.270500E+03  2.032854E+00
  4.271000E+03  2.602236E+00
  4.271500E+03  3.083233E+00
  4.272000E+03  3.453428E+00
  4.272500E+03  3.695120E+00
  4.273000E+03  3.796379E+00
  4.273500E+03  3.751824E+00
  4.274000E+03  3.563055E+00
  4.274500E+03  3.238699E+00
  4.275000E+03  2.794042E+00
  4.275500E+03  2.250269E+00
  4.276000E+03  1.633332E+00
  4.276500E+03  9.725163E-01
  4.277000E+03  2.987853E-01
  4.277500E+03 -3.569933E-01
  4.278000E+03 -9.658254E-01
  4.278500E+03 -1.502259E+00
  4.279000E+03 -1.945827E+00
  4.279500E+03 -2.282176E+00
  4.280000E+03 -2.503788E+00
  4.280500E+03 -2.610265E+00
  4.281000E+03 -2.608140E+00
  4.281500E+03 -2.510238E+00
  4.282000E+03 -2.334623E+00
  4.282500E+03 -2.103223E+00
  4.283000E+03 -1.840203E+00
  4.283500E+03 -1.570221E+00
  4.284000E+03 -1.316684E+00
  4.284500E+03 -1.100115E+00
  4.285000E+03 -9.367496E-01
  4.285500E+03 -8.374521E-01
  4.286000E+03 -8.070194E-01
  4.286500E+03 -8.439133E-01
  4.287000E+03 -9.404309E-01
  4.287500E+03 -1.083292E+00
  4.288000E+03 -1.254593E+00
  4.288500E+03 -1.433062E+00
  4.289000E+03 -1.595517E+00
  4.289500E+03 -1.718430E+00
  4.290000E+03 -1.779501E+00
  4.290500E+03 -1.759136E+00
  4.291000E+03 -1.641737E+00
  4.291500E+03 -1.416755E+00
  4.292000E+03 -1.079421E+00
  4.292500E+03 -6.311541E-01
  4.293000E+03 -7.962484E-02
  4.293500E+03  5.615140E-01
  4.294000E+03  1.273195E+00
  4.294500E+03  2.031760E+00
  4.295000E+03  2.809987E+00
  4.295500E+03  3.578262E+00
  4.296000E+03  4.305830E+00
  4.296500E+03  4.962079E+00
  4.297000E+03  5.517791E+00
  4.297500E+03  5.946322E+00
  4.298000E+03  6.224674E+00
  4.298500E+03  6.334419E+00
  4.299000E+03  6.262463E+00
  4.299500E+03  6.001625E+00
  4.300000E+03  5.551021E+00
  4.300500E+03  4.916241E+00
  4.301000E+03  4.109323E+00
  4.301500E+03  3.148514E+00
  4.302000E+03  2.057815E+00
  4.302500E+03  8.663400E-01
  4.303000E+03 -3.925352E-01
  4.303500E+03 -1.682185E+00
  4.304000E+03 -2.963900E+00
  4.304500E+03 -4.198172E+00
  4.305000E+03 -5.346049E+00
  4.305500E+03 -6.370525E+00
  4.306000E+03 -7.237900E+00
  4.306500E+03 -7.919065E+00
  4.307000E+03 -8.390640E+00
  4.307500E+03 -8.635924E+00
  4.308000E+03 -8.645599E+00
  4.308500E+03 -8.418159E+00
  4.309000E+03 -7.960019E+00
  4.309500E+03 -7.285317E+00
  4.310000E+03 -6.415390E+00
  4.310500E+03 -5.377959E+00
  4.311000E+03 -4.206055E+00
  4.311500E+03 -2.936735E+00
  4.312000E+03 -1.609647E+00
  4.312500E+03 -2.655153E-01
  4.313000E+03  1.055387E+00
  4.313500E+03  2.314707E+00
  4.314000E+03  3.477362E+00
  4.314500E+03  4.512703E+00
  4.315000E+03  5.395469E+00
  4.315500E+03  6.106474E+00
  4.316000E+03  6.633029E+00
  4.316500E+03  6.969086E+00
  4.317000E+03  7.115113E+00
  4.317500E+03  7.077724E+00
  4.318000E+03  6.869085E+00
  4.318500E+03  6.506143E+00
  4.319000E+03  6.009711E+00
  4.319500E+03  5.403457E+00
  4.320000E+03  4.712836E+00
  4.320500E+03  3.964013E+00
  4.321000E+03  3.182821E+00
  4.321500E+03  2.393786E+00
  4.322000E+03  1.619254E+00
  4.322500E+03  8.786569E-01
  4.323000E+03  1.879438E-01
  4.323500E+03 -4.408137E-01
  4.324000E+03 -9.996129E-01
  4.324500E+03 -1.484509E+00
  4.325000E+03 -1.895403E+00
  4.325500E+03 -2.235630E+00
  4.326000E+03 -2.511380E+00
  4.326500E+03 -2.730971E+00
  4.327000E+03 -2.904011E+00
  4.327500E+03 -3.040509E+00
  4.328000E+03 -3.149973E+00
  4.328500E+03 -3.240562E+00
  4.329000E+03 -3.318344E+00
  4.329500E+03 -3.386725E+00
  4.330000E+03 -3.446075E+00
  4.330500E+03 -3.493609E+00
  4.331000E+03 -3.523530E+00
  4.331500E+03 -3.527434E+00
  4.332000E+03 -3.494971E+00
  4.332500E+03 -3.414710E+00
  4.333000E+03 -3.275168E+00
  4.333500E+03 -3.065920E+00
  4.334000E+03 -2.778717E+00
  4.334500E+03 -2.408525E+00
  4.335000E+03 -1.954395E+00
  4.335500E+03 -1.420101E+00
  4.336000E+03 -8.144659E-01
  4.336500E+03 -1.513490E-01
  4.337000E+03  5.507276E-01
  4.337500E+03  1.269308E+00
  4.338000E+03  1.979046E+00
  4.338500E+03  2.653008E+00
  4.339000E+03  3.264147E+00
  4.339500E+03  3.786854E+00
  4.340000E+03  4.198481E+00
  4.340500E+03  4.480733E+00
  4.341000E+03  4.620821E+00
  4.341500E+03  4.612302E+00
  4.342000E+03  4.455542E+00
  4.342500E+03  4.157764E+00
  4.343000E+03  3.732681E+00
  4.343500E+03  3.199737E+00
  4.344000E+03  2.583007E+00
  4.344500E+03  1.909825E+00
  4.345000E+03  1.209255E+00
  4.345500E+03  5.104857E-01
  4.346000E+03 -1.587286E-01
  4.346500E+03 -7.734885E-01
  4.347000E+03 -1.312935E+00
  4.347500E+03 -1.761135E+00
  4.348000E+03 -2.107629E+00
  4.348500E+03 -2.347601E+00
  4.349000E+03 -2.481707E+00
  4.349500E+03 -2.515572E+00
  4.350000E+03 -2.459022E+00
  4.350500E+03 -2.325126E+00
  4.351000E+03 -2.129111E+00
  4.351500E+03 -1.887257E+00
  4.352000E+03 -1.615835E+00
  4.352500E+03 -1.330172E+00
  4.353000E+03 -1.043885E+00
  4.353500E+03 -7.683403E-01
  4.354000E+03 -5.123347E-01
  4.354500E+03 -2.820190E-01
  4.355000E+03 -8.102458E-02
  4.355500E+03  8.923118E-02
  4.356000E+03  2.291135E-01
  4.356500E+03  3.402646E-01
  4.357000E+03  4.250800E-01
  4.357500E+03  4.862189E-01
  4.358000E+03  5.261931E-01
  4.358500E+03  5.470677E-01
  4.359000E+03  5.502950E-01
  4.359500E+03  5.366858E-01
  4.360000E+03  5.065138E-01
  4.360500E+03  4.597291E-01
  4.361000E+03  3.962533E-01
  4.361500E+03  3.163182E-01
  4.362000E+03  2.208064E-01
  4.362500E+03  1.115542E-01
  4.363000E+03 -8.420989E-03
  4.363500E+03 -1.347991E-01
  4.364000E+03 -2.619635E-01
  4.364500E+03 -3.831454E-01
  4.365000E+03 -4.907050E-01
  4.365500E+03 -5.765387E-01
  4.366000E+03 -6.325872E-01
  4.366500E+03 -6.514139E-01
  4.367000E+03 -6.268123E-01
  4.367500E+03 -5.544001E-01
  4.368000E+03 -4.321541E-01
  4.368500E+03 -2.608405E-01
  4.369000E+03 -4.430320E-02
  4.369500E+03  2.104238E-01
  4.370000E+03  4.932019E-01
  4.370500E+03  7.910820E-01
  4.371000E+03  1.088805E+00
  4.371500E+03  1.369496E+00
  4.372000E+03  1.615516E+00
  4.372500E+03  1.809437E+00
  4.373000E+03  1.935087E+00
  4.373500E+03  1.978600E+00
  4.374000E+03  1.929413E+00
  4.374500E+03  1.781135E+00
  4.375000E+03  1.532244E+00
  4.375500E+03  1.186529E+00
  4.376000E+03  7.532630E-01
  4.376500E+03  2.470589E-01
  4.377000E+03 -3.125936E-01
  4.377500E+03 -9.021018E-01
  4.378000E+03 -1.494825E+00
  4.378500E+03 -2.062361E+00
  4.379000E+03 -2.576000E+00
  4.379500E+03 -3.008261E+00
  4.380000E+03 -3.334422E+00
  4.380500E+03 -3.533961E+00
  4.381000E+03 -3.591801E+00
  4.381500E+03 -3.499288E+00
  4.382000E+03 -3.254839E+00
  4.382500E+03 -2.864202E+00
  4.383000E+03 -2.340308E+00
  4.383500E+03 -1.702728E+00
  4.384000E+03 -9.767409E-01
  4.384500E+03 -1.920864E-01
  4.385000E+03  6.185341E-01
  4.385500E+03  1.421119E+00
  4.386000E+03  2.182083E+00
  4.386500E+03  2.869935E+00
  4.387000E+03  3.456807E+00
  4.387500E+03  3.919750E+00
  4.388000E+03  4.241726E+00
  4.388500E+03  4.412244E+00
  4.389000E+03  4.427614E+00
  4.389500E+03  4.290821E+00
  4.390000E+03  4.011043E+00
  4.390500E+03  3.602869E+00
  4.391000E+03  3.085272E+00
  4.391500E+03  2.480423E+00
  4.392000E+03  1.812439E+00
  4.392500E+03  1.106132E+00
  4.393000E+03  3.858510E-01
  4.393500E+03 -3.255187E-01
  4.394000E+03 -1.007360E+00
  4.394500E+03 -1.641894E+00
  4.395000E+03 -2.214513E+00
  4.395500E+03 -2.713887E+00
  4.396000E+03 -3.131864E+00
  4.396500E+03 -3.463225E+00
  4.397000E+03 -3.705321E+00
  4.397500E+03 -3.857658E+00
  4.398000E+03 -3.921482E+00
  4.398500E+03 -3.899399E+00
  4.399000E+03 -3.795069E+00
  4.399500E+03 -3.612998E+00
  4.400000E+03 -3.358417E+00
  4.400500E+03 -3.037270E+00
  4.401000E+03 -2.656249E+00
  4.401500E+03 -2.222893E+00
  4.402000E+03 -1.745677E+00
  4.402500E+03 -1.234078E+00
  4.403000E+03 -6.985841E-01
  4.403500E+03 -1.506060E-01
  4.404000E+03  3.977020E-01
  4.404500E+03  9.337323E-01
  4.405000E+03  1.444809E+00
  4.405500E+03  1.918649E+00
  4.406000E+03  2.343859E+00
  4.406500E+03  2.710453E+00
  4.407000E+03  3.010315E+00
  4.407500E+03  3.237601E+00
  4.408000E+03  3.389012E+00
  4.408500E+03  3.463935E+00
  4.409000E+03  3.464419E+00
  4.409500E+03  3.394982E+00
  4.410000E+03  3.262276E+00
  4.410500E+03  3.074600E+00
  4.411000E+03  2.841328E+00
  4.411500E+03  2.572275E+00
  4.412000E+03  2.277055E+00
  4.412500E+03  1.964476E+00
  4.413000E+03  1.642030E+00
  4.413500E+03  1.315504E+00
  4.414000E+03  9.887556E-01
  4.414500E+03  6.636598E-01
  4.415000E+03  3.402443E-01
  4.415500E+03  1.699292E-02
  4.416000E+03 -3.087006E-01
  4.416500E+03 -6.399633E-01
  4.417000E+03 -9.798029E-01
  4.417500E+03 -1.330448E+00
  4.418000E+03 -1.692718E+00
  4.418500E+03 -2.065475E+00
  4.419000E+03 -2.445205E+00
  4.419500E+03 -2.825764E+00
  4.420000E+03 -3.198310E+00
  4.420500E+03 -3.551452E+00
  4.421000E+03 -3.871594E+00
  4.421500E+03 -4.143479E+00
  4.422000E+03 -4.350899E+00
  4.422500E+03 -4.477539E+00
  4.423000E+03 -4.507897E+00
  4.423500E+03 -4.428259E+00
  4.424000E+03 -4.227632E+00
  4.424500E+03 -3.898619E+00
  4.425000E+03 -3.438165E+00
  4.425500E+03 -2.848130E+00
  4.426000E+03 -2.135665E+00
  4.426500E+03 -1.313342E+00
  4.427000E+03 -3.990440E-01
  4.427500E+03  5.843970E-01
  4.428000E+03  1.609812E+00
  4.428500E+03  2.646526E+00
  4.429000E+03  3.661383E+00
  4.429500E+03  4.619924E+00
  4.430000E+03  5.487674E+00
  4.430500E+03  6.231481E+00
  4.431000E+03  6.820858E+00
  4.431500E+03  7.229269E+00
  4.432000E+03  7.435303E+00
  4.432500E+03  7.423703E+00
  4.433000E+03  7.186176E+00
  4.433500E+03  6.721977E+00
  4.434000E+03  6.038224E+00
  4.434500E+03  5.149925E+00
  4.435000E+03  4.079713E+00
  4.435500E+03  2.857293E+00
  4.436000E+03  1.518603E+00
  4.436500E+03  1.047229E-01
  4.437000E+03 -1.339445E+00
  4.437500E+03 -2.766673E+00
  4.438000E+03 -4.129051E+00
  4.438500E+03 -5.379699E+00
  4.439000E+03 -6.474511E+00
  4.439500E+03 -7.373843E+00
  4.440000E+03 -8.044109E+00
  4.440500E+03 -8.459189E+00
  4.441000E+03 -8.601614E+00
  4.441500E+03 -8.463458E+00
  4.442000E+03 -8.046886E+00
  4.442500E+03 -7.364334E+00
  4.443000E+03 -6.438283E+00
  4.443500E+03 -5.300623E+00
  4.444000E+03 -3.991608E+00
  4.444500E+03 -2.558440E+00
  4.445000E+03 -1.053505E+00
  4.445500E+03  4.676518E-01
  4.446000E+03  1.948560E+00
  4.446500E+03  3.334158E+00
  4.447000E+03  4.573122E+00
  4.447500E+03  5.620103E+00
  4.448000E+03  6.437732E+00
  4.448500E+03  6.998315E+00
  4.449000E+03  7.285108E+00
  4.449500E+03  7.293112E+00
  4.450000E+03  7.029314E+00
  4.450500E+03  6.512365E+00
  4.451000E+03  5.771693E+00
  4.451500E+03  4.846075E+00
  4.452000E+03  3.781748E+00
  4.452500E+03  2.630137E+00
  4.453000E+03  1.445319E+00
  4.453500E+03  2.813612E-01
  4.454000E+03 -8.103330E-01
  4.454500E+03 -1.783526E+00
  4.455000E+03 -2.599354E+00
  4.455500E+03 -3.228122E+00
  4.456000E+03 -3.650598E+00
  4.456500E+03 -3.858722E+00
  4.457000E+03 -3.855710E+00
  4.457500E+03 -3.655549E+00
  4.458000E+03 -3.281923E+00
  4.458500E+03 -2.766639E+00
  4.459000E+03 -2.147650E+00
  4.459500E+03 -1.466813E+00
  4.460000E+03 -7.674898E-01
  4.460500E+03 -9.215839E-02
  4.461000E+03  5.198483E-01
  4.461500E+03  1.034343E+00
  4.462000E+03  1.423926E+00
  4.462500E+03  1.669188E+00
  4.463000E+03  1.759426E+00
  4.463500E+03  1.692866E+00
  4.464000E+03  1.476391E+00
  4.464500E+03  1.124831E+00
  4.465000E+03  6.598737E-01
  4.465500E+03  1.086892E-01
  4.466000E+03 -4.976540E-01
  4.466500E+03 -1.125865E+00
  4.467000E+03 -1.742116E+00
  4.467500E+03 -2.313644E+00
  4.468000E+03 -2.810203E+00
  4.468500E+03 -3.205304E+00
  4.469000E+03 -3.477211E+00
  4.469500E+03 -3.609672E+00
  4.470000E+03 -3.592379E+00
  4.470500E+03 -3.421181E+00
  4.471000E+03 -3.098049E+00
  4.471500E+03 -2.630850E+00
  4.472000E+03 -2.032938E+00
  4.472500E+03 -1.322602E+00
  4.473000E+03 -5.224058E-01
  4.473500E+03  3.415704E-01
  4.474000E+03  1.240557E+00
  4.474500E+03  2.143982E+00
  4.475000E+03  3.020399E+00
  4.475500E+03  3.838460E+00
  4.476000E+03  4.567904E+00
  4.476500E+03  5.180558E+00
  4.477000E+03  5.651326E+00
  4.477500E+03  5.959141E+00
  4.478000E+03  6.087847E+00
  4.478500E+03  6.026970E+00
  4.479000E+03  5.772346E+00
  4.479500E+03  5.326553E+00
  4.480000E+03  4.699114E+00
  4.480500E+03  3.906445E+00
  4.481000E+03  2.971507E+00
  4.481500E+03  1.923176E+00
  4.482000E+03  7.953173E-01
  4.482500E+03 -3.743956E-01
  4.483000E+03 -1.545890E+00
  4.483500E+03 -2.678265E+00
  4.484000E+03 -3.731460E+00
  4.484500E+03 -4.667935E+00
  4.485000E+03 -5.454289E+00
  4.485500E+03 -6.062718E+00
  4.486000E+03 -6.472243E+00
  4.486500E+03 -6.669646E+00
  4.487000E+03 -6.650039E+00
  4.487500E+03 -6.417065E+00
  4.488000E+03 -5.982684E+00
  4.488500E+03 -5.366585E+00
  4.489000E+03 -4.595231E+00
  4.489500E+03 -3.700602E+00
  4.490000E+03 -2.718702E+00
  4.490500E+03 -1.687895E+00
  4.491000E+03 -6.471830E-01
  4.491500E+03  3.655093E-01
  4.492000E+03  1.314945E+00
  4.492500E+03  2.170006E+00
  4.493000E+03  2.904875E+00
  4.493500E+03  3.499923E+00
  4.494000E+03  3.942266E+00
  4.494500E+03  4.225979E+00
  4.495000E+03  4.351964E+00
  4.495500E+03  4.327505E+00
  4.496000E+03  4.165544E+00
  4.496500E+03  3.883718E+00
  4.497000E+03  3.503239E+00
  4.497500E+03  3.047656E+00
  4.498000E+03  2.541597E+00
  4.498500E+03  2.009527E+00
  4.499000E+03  1.474612E+00
  4.499500E+03  9.577257E-01
  4.500000E+03  4.766444E-01
  4.500500E+03  4.546916E-02
  4.501000E+03 -3.257150E-01
  4.501500E+03 -6.309349E-01
  4.502000E+03 -8.681912E-01
  4.502500E+03 -1.039109E+00
  4.503000E+03 -1.148411E+00
  4.503500E+03 -1.203254E+00
  4.504000E+03 -1.212479E+00
  4.504500E+03 -1.185829E+00
  4.505000E+03 -1.133178E+00
  4.505500E+03 -1.063837E+00
  4.506000E+03 -9.859580E-01
  4.506500E+03 -9.060871E-01
  4.507000E+03 -8.288861E-01
  4.507500E+03 -7.570280E-01
  4.508000E+03 -6.912713E-01
  4.508500E+03 -6.306942E-01
  4.509000E+03 -5.730650E-01
  4.509500E+03 -5.153112E-01
  4.510000E+03 -4.540455E-01
  4.510500E+03 -3.861019E-01
  4.511000E+03 -3.090342E-01
  4.511500E+03 -2.215350E-01
  4.512000E+03 -1.237377E-01
  4.512500E+03 -1.737475E-02
  4.513000E+03  9.422253E-02
  4.513500E+03  2.062847E-01
  4.514000E+03  3.129130E-01
  4.514500E+03  4.075133E-01
  4.515000E+03  4.833183E-01
  4.515500E+03  5.339570E-01
  4.516000E+03  5.540235E-01
  4.516500E+03  5.395959E-01
  4.517000E+03  4.886632E-01
  4.517500E+03  4.014207E-01
  4.518000E+03  2.804077E-01
  4.518500E+03  1.304723E-01
  4.519000E+03 -4.143809E-02
  4.519500E+03 -2.266463E-01
  4.520000E+03 -4.152511E-01
  4.520500E+03 -5.967317E-01
  4.521000E+03 -7.606062E-01
  4.521500E+03 -8.970974E-01
  4.522000E+03 -9.977555E-01
  4.522500E+03 -1.055994E+00
  4.523000E+03 -1.067500E+00
  4.523500E+03 -1.030492E+00
  4.524000E+03 -9.458110E-01
  4.524500E+03 -8.168374E-01
  4.525000E+03 -6.492481E-01
  4.525500E+03 -4.506356E-01
  4.526000E+03 -2.300167E-01
  4.526500E+03  2.727455E-03
  4.527000E+03  2.374413E-01
  4.527500E+03  4.642726E-01
  4.528000E+03  6.741999E-01
  4.528500E+03  8.594775E-01
  4.529000E+03  1.013975E+00
  4.529500E+03  1.133395E+00
  4.530000E+03  1.215366E+00
  4.530500E+03  1.259410E+00
  4.531000E+03  1.266810E+00
  4.531500E+03  1.240378E+00
  4.532000E+03  1.184159E+00
  4.532500E+03  1.103098E+00
  4.533000E+03  1.002686E+00
  4.533500E+03  8.886095E-01
  4.534000E+03  7.664324E-01
  4.534500E+03  6.413122E-01
  4.535000E+03  5.177690E-01
  4.535500E+03  3.995087E-01
  4.536000E+03  2.893043E-01
  4.536500E+03  1.889322E-01
  4.537000E+03  9.916081E-02
  4.537500E+03  1.978642E-02
  4.538000E+03 -5.028800E-02
  4.538500E+03 -1.129356E-01
  4.539000E+03 -1.706539E-01
  4.539500E+03 -2.263821E-01
  4.540000E+03 -2.832914E-01
  4.540500E+03 -3.445527E-01
  4.541000E+03 -4.130881E-01
  4.541500E+03 -4.913152E-01
  4.542000E+03 -5.808946E-01
  4.542500E+03 -6.824949E-01
  4.543000E+03 -7.955918E-01
  4.543500E+03 -9.183181E-01
  4.544000E+03 -1.047382E+00
  4.544500E+03 -1.178071E+00
  4.545000E+03 -1.304351E+00
  4.545500E+03 -1.419070E+00
  4.546000E+03 -1.514269E+00
  4.546500E+03 -1.581583E+00
  4.547000E+03 -1.612725E+00
  4.547500E+03 -1.600030E+00
  4.548000E+03 -1.537017E+00
  4.548500E+03 -1.418936E+00
  4.549000E+03 -1.243273E+00
  4.549500E+03 -1.010147E+00
  4.550000E+03 -7.225960E-01
  4.550500E+03 -3.866865E-01
  4.551000E+03 -1.145893E-02
  4.551500E+03  3.913211E-01
  4.552000E+03  8.075923E-01
  4.552500E+03  1.221591E+00
  4.553000E+03  1.616580E+00
  4.553500E+03  1.975669E+00
  4.554000E+03  2.282680E+00
  4.554500E+03  2.523006E+00
  4.555000E+03  2.684397E+00
  4.555500E+03  2.757649E+00
  4.556000E+03  2.737122E+00
  4.556500E+03  2.621078E+00
  4.557000E+03  2.411807E+00
  4.557500E+03  2.115549E+00
  4.558000E+03  1.742202E+00
  4.558500E+03  1.304857E+00
  4.559000E+03  8.191844E-01
  4.559500E+03  3.027162E-01
  4.560000E+03 -2.259343E-01
  4.560500E+03 -7.478620E-01
  4.561000E+03 -1.244630E+00
  4.561500E+03 -1.698959E+00
  4.562000E+03 -2.095322E+00
  4.562500E+03 -2.420421E+00
  4.563000E+03 -2.663537E+00
  4.563500E+03 -2.816766E+00
  4.564000E+03 -2.875132E+00
  4.564500E+03 -2.836610E+00
  4.565000E+03 -2.702077E+00
  4.565500E+03 -2.475201E+00
  4.566000E+03 -2.162293E+00
  4.566500E+03 -1.772138E+00
  4.567000E+03 -1.315803E+00
  4.567500E+03 -8.064307E-01
  4.568000E+03 -2.590044E-01
  4.568500E+03  3.099159E-01
  4.569000E+03  8.825127E-01
  4.569500E+03  1.440091E+00
  4.570000E+03  1.963536E+00
  4.570500E+03  2.433845E+00
  4.571000E+03  2.832747E+00
  4.571500E+03  3.143378E+00
  4.572000E+03  3.351006E+00
  4.572500E+03  3.443764E+00
  4.573000E+03  3.413350E+00
  4.573500E+03  3.255652E+00
  4.574000E+03  2.971238E+00
  4.574500E+03  2.565682E+00
  4.575000E+03  2.049667E+00
  4.575500E+03  1.438841E+00
  4.576000E+03  7.534162E-01
  4.576500E+03  1.750362E-02
  4.577000E+03 -7.417927E-01
  4.577500E+03 -1.495489E+00
  4.578000E+03 -2.213987E+00
  4.578500E+03 -2.868424E+00
  4.579000E+03 -3.432033E+00
  4.579500E+03 -3.881439E+00
  4.580000E+03 -4.197800E+00
  4.580500E+03 -4.367735E+00
  4.581000E+03 -4.383977E+00
  4.581500E+03 -4.245710E+00
  4.582000E+03 -3.958568E+00
  4.582500E+03 -3.534298E+00
  4.583000E+03 -2.990112E+00
  4.583500E+03 -2.347772E+00
  4.584000E+03 -1.632456E+00
  4.584500E+03 -8.714958E-01
  4.585000E+03 -9.305136E-02
  4.585500E+03  6.751930E-01
  4.586000E+03  1.407235E+00
  4.586500E+03  2.079796E+00
  4.587000E+03  2.673153E+00
  4.587500E+03  3.171715E+00
  4.588000E+03  3.564340E+00
  4.588500E+03  3.844392E+00
  4.589000E+03  4.009560E+00
  4.589500E+03  4.061471E+00
  4.590000E+03  4.005161E+00
  4.590500E+03  3.848435E+00
  4.591000E+03  3.601198E+00
  4.591500E+03  3.274789E+00
  4.592000E+03  2.881379E+00
  4.592500E+03  2.433459E+00
  4.593000E+03  1.943452E+00
  4.593500E+03  1.423445E+00
  4.594000E+03  8.850463E-01
  4.594500E+03  3.393440E-01
  4.595000E+03 -2.030534E-01
  4.595500E+03 -7.319338E-01
  4.596000E+03 -1.237388E+00
  4.596500E+03 -1.709742E+00
  4.597000E+03 -2.139543E+00
  4.597500E+03 -2.517619E+00
  4.598000E+03 -2.835234E+00
  4.598500E+03 -3.084324E+00
  4.599000E+03 -3.257815E+00
  4.599500E+03 -3.350000E+00
  4.600000E+03 -3.356938E+00
  4.600500E+03 -3.276849E+00
  4.601000E+03 -3.110464E+00
  4.601500E+03 -2.861287E+00
  4.602000E+03 -2.535741E+00
  4.602500E+03 -2.143176E+00
  4.603000E+03 -1.695703E+00
  4.603500E+03 -1.207875E+00
  4.604000E+03 -6.961976E-01
  4.604500E+03 -1.784987E-01
  4.605000E+03  3.268154E-01
  4.605500E+03  8.015815E-01
  4.606000E+03  1.228733E+00
  4.606500E+03  1.593134E+00
  4.607000E+03  1.882354E+00
  4.607500E+03  2.087320E+00
  4.608000E+03  2.202822E+00
  4.608500E+03  2.227827E+00
  4.609000E+03  2.165574E+00
  4.609500E+03  2.023462E+00
  4.610000E+03  1.812693E+00
  4.610500E+03  1.547718E+00
  4.611000E+03  1.245498E+00
  4.611500E+03  9.246008E-01
  4.612000E+03  6.042116E-01
  4.612500E+03  3.030749E-01
  4.613000E+03  3.844706E-02
  4.613500E+03 -1.748935E-01
  4.614000E+03 -3.255195E-01
  4.614500E+03 -4.060604E-01
  4.615000E+03 -4.136967E-01
  4.615500E+03 -3.504070E-01
  4.616000E+03 -2.229471E-01
  4.616500E+03 -4.255231E-02
  4.617000E+03  1.756324E-01
  4.617500E+03  4.133700E-01
  4.618000E+03  6.503636E-01
  4.618500E+03  8.654500E-01
  4.619000E+03  1.037895E+00
  4.619500E+03  1.148721E+00
  4.620000E+03  1.181982E+00
  4.620500E+03  1.125929E+00
  4.621000E+03  9.739614E-01
  4.621500E+03  7.253270E-01
  4.622000E+03  3.854992E-01
  4.622500E+03 -3.380343E-02
  4.623000E+03 -5.149722E-01
  4.623500E+03 -1.035237E+00
  4.624000E+03 -1.567744E+00
  4.624500E+03 -2.082929E+00
  4.625000E+03 -2.550128E+00
  4.625500E+03 -2.939331E+00
  4.626000E+03 -3.222977E+00
  4.626500E+03 -3.377696E+00
  4.627000E+03 -3.385878E+00
  4.627500E+03 -3.236976E+00
  4.628000E+03 -2.928446E+00
  4.628500E+03 -2.466266E+00
  4.629000E+03 -1.864968E+00
  4.629500E+03 -1.147186E+00
  4.630000E+03 -3.427198E-01
  4.630500E+03  5.128488E-01
  4.631000E+03  1.379905E+00
  4.631500E+03  2.216831E+00
  4.632000E+03  2.982199E+00
  4.632500E+03  3.637008E+00
  4.633000E+03  4.146819E+00
  4.633500E+03  4.483689E+00
  4.634000E+03  4.627757E+00
  4.634500E+03  4.568418E+00
  4.635000E+03  4.304990E+00
  4.635500E+03  3.846850E+00
  4.636000E+03  3.213027E+00
  4.636500E+03  2.431264E+00
  4.637000E+03  1.536629E+00
  4.637500E+03  5.697375E-01
  4.638000E+03 -4.253110E-01
  4.638500E+03 -1.403146E+00
  4.639000E+03 -2.319384E+00
  4.639500E+03 -3.132794E+00
  4.640000E+03 -3.807263E+00
  4.640500E+03 -4.313455E+00
  4.641000E+03 -4.630093E+00
  4.641500E+03 -4.744799E+00
  4.642000E+03 -4.654472E+00
  4.642500E+03 -4.365204E+00
  4.643000E+03 -3.891756E+00
  4.643500E+03 -3.256642E+00
  4.644000E+03 -2.488889E+00
  4.644500E+03 -1.622554E+00
  4.645000E+03 -6.950804E-01
  4.645500E+03  2.544173E-01
  4.646000E+03  1.186852E+00
  4.646500E+03  2.064776E+00
  4.647000E+03  2.853832E+00
  4.647500E+03  3.524001E+00
  4.648000E+03  4.050607E+00
  4.648500E+03  4.415060E+00
  4.649000E+03  4.605315E+00
  4.649500E+03  4.616084E+00
  4.650000E+03  4.448781E+00
  4.650500E+03  4.111245E+00
  4.651000E+03  3.617263E+00
  4.651500E+03  2.985915E+00
  4.652000E+03  2.240795E+00
  4.652500E+03  1.409107E+00
  4.653000E+03  5.206949E-01
  4.653500E+03 -3.929781E-01
  4.654000E+03 -1.299876E+00
  4.654500E+03 -2.168427E+00
  4.655000E+03 -2.968534E+00
  4.655500E+03 -3.672528E+00
  4.656000E+03 -4.256043E+00
  4.656500E+03 -4.698786E+00
  4.657000E+03 -4.985179E+00
  4.657500E+03 -5.104857E+00
  4.658000E+03 -5.052987E+00
  4.658500E+03 -4.830422E+00
  4.659000E+03 -4.443647E+00
  4.659500E+03 -3.904550E+00
  4.660000E+03 -3.229990E+00
  4.660500E+03 -2.441206E+00
  4.661000E+03 -1.563066E+00
  4.661500E+03 -6.231975E-01
  4.662000E+03  3.489667E-01
  4.662500E+03  1.323196E+00
  4.663000E+03  2.269471E+00
  4.663500E+03  3.158958E+00
  4.664000E+03  3.964907E+00
  4.664500E+03  4.663449E+00
  4.665000E+03  5.234251E+00
  4.665500E+03  5.661018E+00
  4.666000E+03  5.931835E+00
  4.666500E+03  6.039346E+00
  4.667000E+03  5.980769E+00
  4.667500E+03  5.757779E+00
  4.668000E+03  5.376270E+00
  4.668500E+03  4.846020E+00
  4.669000E+03  4.180290E+00
  4.669500E+03  3.395377E+00
  4.670000E+03  2.510154E+00
  4.670500E+03  1.545603E+00
  4.671000E+03  5.243546E-01
  4.671500E+03 -5.297427E-01
  4.672000E+03 -1.592047E+00
  4.672500E+03 -2.637523E+00
  4.673000E+03 -3.641144E+00
  4.673500E+03 -4.578291E+00
  4.674000E+03 -5.425166E+00
  4.674500E+03 -6.159234E+00
  4.675000E+03 -6.759684E+00
  4.675500E+03 -7.207929E+00
  4.676000E+03 -7.488125E+00
  4.676500E+03 -7.587700E+00
  4.677000E+03 -7.497884E+00
  4.677500E+03 -7.214210E+00
  4.678000E+03 -6.736952E+00
  4.678500E+03 -6.071487E+00
  4.679000E+03 -5.228531E+00
  4.679500E+03 -4.224229E+00
  4.680000E+03 -3.080075E+00
  4.680500E+03 -1.822631E+00
  4.681000E+03 -4.830427E-01
  4.681500E+03  9.036539E-01
  4.682000E+03  2.299431E+00
  4.682500E+03  3.664350E+00
  4.683000E+03  4.957799E+00
  4.683500E+03  6.139839E+00
  4.684000E+03  7.172627E+00
  4.684500E+03  8.021836E+00
  4.685000E+03  8.658031E+00
  4.685500E+03  9.057930E+00
  4.686000E+03  9.205482E+00
  4.686500E+03  9.092724E+00
  4.687000E+03  8.720332E+00
  4.687500E+03  8.097866E+00
  4.688000E+03  7.243648E+00
  4.688500E+03  6.184279E+00
  4.689000E+03  4.953797E+00
  4.689500E+03  3.592494E+00
  4.690000E+03  2.145433E+00
  4.690500E+03  6.607278E-01
  4.691000E+03 -8.123525E-01
  4.691500E+03 -2.225363E+00
  4.692000E+03 -3.532662E+00
  4.692500E+03 -4.693288E+00
  4.693000E+03 -5.672648E+00
  4.693500E+03 -6.443925E+00
  4.694000E+03 -6.989134E+00
  4.694500E+03 -7.299764E+00
  4.695000E+03 -7.376966E+00
  4.695500E+03 -7.231279E+00
  4.696000E+03 -6.881899E+00
  4.696500E+03 -6.355522E+00
  4.697000E+03 -5.684833E+00
  4.697500E+03 -4.906710E+00
  4.698000E+03 -4.060246E+00
  4.698500E+03 -3.184707E+00
  4.699000E+03 -2.317527E+00
  4.699500E+03 -1.492466E+00
  4.700000E+03 -7.380292E-01
  4.700500E+03 -7.623705E-02
  4.701000E+03  4.781778E-01
  4.701500E+03  9.181182E-01
  4.702000E+03  1.243993E+00
  4.702500E+03  1.463130E+00
  4.703000E+03  1.588785E+00
  4.703500E+03  1.638805E+00
  4.704000E+03  1.634066E+00
  4.704500E+03  1.596764E+00
  4.705000E+03  1.548706E+00
  4.705500E+03  1.509701E+00
  4.706000E+03  1.496165E+00
  4.706500E+03  1.520031E+00
  4.707000E+03  1.588037E+00
  4.707500E+03  1.701423E+00
  4.708000E+03  1.856067E+00
  4.708500E+03  2.043016E+00
  4.709000E+03  2.249379E+00
  4.709500E+03  2.459504E+00
  4.710000E+03  2.656332E+00
  4.710500E+03  2.822829E+00
  4.711000E+03  2.943386E+00
  4.711500E+03  3.005067E+00
  4.712000E+03  2.998616E+00
  4.712500E+03  2.919146E+00
  4.713000E+03  2.766458E+00
  4.713500E+03  2.544977E+00
  4.714000E+03  2.263297E+00
  4.714500E+03  1.933405E+00
  4.715000E+03  1.569623E+00
  4.715500E+03  1.187381E+00
  4.716000E+03  8.019139E-01
  4.716500E+03  4.269979E-01
  4.717000E+03  7.383145E-02
  4.717500E+03 -2.498378E-01
  4.718000E+03 -5.402674E-01
  4.718500E+03 -7.979029E-01
  4.719000E+03 -1.027168E+00
  4.719500E+03 -1.235878E+00
  4.720000E+03 -1.434313E+00
  4.720500E+03 -1.634032E+00
  4.721000E+03 -1.846523E+00
  4.721500E+03 -2.081795E+00
  4.722000E+03 -2.347040E+00
  4.722500E+03 -2.645479E+00
  4.723000E+03 -2.975499E+00
  4.723500E+03 -3.330158E+00
  4.724000E+03 -3.697131E+00
  4.724500E+03 -4.059109E+00
  4.725000E+03 -4.394637E+00
  4.725500E+03 -4.679361E+00
  4.726000E+03 -4.887585E+00
  4.726500E+03 -4.994047E+00
  4.727000E+03 -4.975777E+00
  4.727500E+03 -4.813912E+00
  4.728000E+03 -4.495324E+00
  4.728500E+03 -4.013942E+00
  4.729000E+03 -3.371660E+00
  4.729500E+03 -2.578756E+00
  4.730000E+03 -1.653783E+00
  4.730500E+03 -6.229188E-01
  4.731000E+03  4.811762E-01
  4.731500E+03  1.620939E+00
  4.732000E+03  2.755811E+00
  4.732500E+03  3.844343E+00
  4.733000E+03  4.846374E+00
  4.733500E+03  5.725127E+00
  4.734000E+03  6.449087E+00
  4.734500E+03  6.993553E+00
  4.735000E+03  7.341750E+00
  4.735500E+03  7.485461E+00
  4.736000E+03  7.425127E+00
  4.736500E+03  7.169454E+00
  4.737000E+03  6.734541E+00
  4.737500E+03  6.142637E+00
  4.738000E+03  5.420606E+00
  4.738500E+03  4.598227E+00
  4.739000E+03  3.706458E+00
  4.739500E+03  2.775772E+00
  4.740000E+03  1.834687E+00
  4.740500E+03  9.085699E-01
  4.741000E+03  1.878178E-02
  4.741500E+03 -8.178062E-01
  4.742000E+03 -1.588925E+00
  4.742500E+03 -2.286673E+00
  4.743000E+03 -2.906999E+00
  4.743500E+03 -3.448960E+00
  4.744000E+03 -3.913856E+00
  4.744500E+03 -4.304328E+00
  4.745000E+03 -4.623505E+00
  4.745500E+03 -4.874274E+00
  4.746000E+03 -5.058739E+00
  4.746500E+03 -5.177901E+00
  4.747000E+03 -5.231576E+00
  4.747500E+03 -5.218538E+00
  4.748000E+03 -5.136854E+00
  4.748500E+03 -4.984373E+00
  4.749000E+03 -4.759287E+00
  4.749500E+03 -4.460724E+00
  4.750000E+03 -4.089286E+00
  4.750500E+03 -3.647481E+00
  4.751000E+03 -3.140017E+00
  4.751500E+03 -2.573904E+00
  4.752000E+03 -1.958378E+00
  4.752500E+03 -1.304648E+00
  4.753000E+03 -6.254822E-01
  4.753500E+03  6.530643E-02
  4.754000E+03  7.534460E-01
  4.754500E+03  1.424796E+00
  4.755000E+03  2.065897E+00
  4.755500E+03  2.664438E+00
  4.756000E+03  3.209598E+00
  4.756500E+03  3.692256E+00
  4.757000E+03  4.105059E+00
  4.757500E+03  4.442364E+00
  4.758000E+03  4.700073E+00
  4.758500E+03  4.875410E+00
  4.759000E+03  4.966669E+00
  4.759500E+03  4.972988E+00
  4.760000E+03  4.894176E+00
  4.760500E+03  4.730635E+00
  4.761000E+03  4.483382E+00
  4.761500E+03  4.154191E+00
  4.762000E+03  3.745821E+00
  4.762500E+03  3.262328E+00
  4.763000E+03  2.709400E+00
  4.763500E+03  2.094684E+00
  4.764000E+03  1.428049E+00
  4.764500E+03  7.217342E-01
  4.765000E+03 -9.646766E-03
  4.765500E+03 -7.492924E-01
  4.766000E+03 -1.478588E+00
  4.766500E+03 -2.177675E+00
  4.767000E+03 -2.826186E+00
  4.767500E+03 -3.404118E+00
  4.768000E+03 -3.892775E+00
  4.768500E+03 -4.275736E+00
  4.769000E+03 -4.539760E+00
  4.769500E+03 -4.675585E+00
  4.770000E+03 -4.678539E+00
  4.770500E+03 -4.548924E+00
  4.771000E+03 -4.292147E+00
  4.771500E+03 -3.918559E+00
  4.772000E+03 -3.443041E+00
  4.772500E+03 -2.884327E+00
  4.773000E+03 -2.264129E+00
  4.773500E+03 -1.606109E+00
  4.774000E+03 -9.347605E-01
  4.774500E+03 -2.742770E-01
  4.775000E+03  3.525345E-01
  4.775500E+03  9.252274E-01
  4.776000E+03  1.426526E+00
  4.776500E+03  1.842940E+00
  4.777000E+03  2.165146E+00
  4.777500E+03  2.388155E+00
  4.778000E+03  2.511240E+00
  4.778500E+03  2.537680E+00
  4.779000E+03  2.474331E+00
  4.779500E+03  2.331065E+00
  4.780000E+03  2.120127E+00
  4.780500E+03  1.855452E+00
  4.781000E+03  1.551970E+00
  4.781500E+03  1.224940E+00
  4.782000E+03  8.893422E-01
  4.782500E+03  5.593334E-01
  4.783000E+03  2.477887E-01
  4.783500E+03 -3.407505E-02
  4.784000E+03 -2.769919E-01
  4.784500E+03 -4.738601E-01
  4.785000E+03 -6.198811E-01
  4.785500E+03 -7.126298E-01
  4.786000E+03 -7.520568E-01
  4.786500E+03 -7.404262E-01
  4.787000E+03 -6.821844E-01
  4.787500E+03 -5.837599E-01
  4.788000E+03 -4.532895E-01
  4.788500E+03 -3.002711E-01
  4.789000E+03 -1.351441E-01
  4.789500E+03  3.119410E-02
  4.790000E+03  1.879235E-01
  4.790500E+03  3.248686E-01
  4.791000E+03  4.330704E-01
  4.791500E+03  5.053337E-01
  4.792000E+03  5.367125E-01
  4.792500E+03  5.248984E-01
  4.793000E+03  4.704782E-01
  4.793500E+03  3.770301E-01
  4.794000E+03  2.510381E-01
  4.794500E+03  1.016133E-01
  4.795000E+03 -5.997568E-02
  4.795500E+03 -2.209478E-01
  4.796000E+03 -3.678004E-01
  4.796500E+03 -4.872034E-01
  4.797000E+03 -5.669446E-01
  4.797500E+03 -5.968660E-01
  4.798000E+03 -5.697251E-01
  4.798500E+03 -4.819220E-01
  4.799000E+03 -3.340303E-01
  4.799500E+03 -1.310866E-01
  4.800000E+03  1.173972E-01
  4.800500E+03  3.977169E-01
  4.801000E+03  6.925532E-01
  4.801500E+03  9.818250E-01
  4.802000E+03  1.243777E+00
  4.802500E+03  1.456252E+00
  4.803000E+03  1.598067E+00
  4.803500E+03  1.650432E+00
  4.804000E+03  1.598299E+00
  4.804500E+03  1.431587E+00
  4.805000E+03  1.146174E+00
  4.805500E+03  7.446016E-01
  4.806000E+03  2.364305E-01
  4.806500E+03 -3.617940E-01
  4.807000E+03 -1.026978E+00
  4.807500E+03 -1.730314E+00
  4.808000E+03 -2.438493E+00
  4.808500E+03 -3.115222E+00
  4.809000E+03 -3.723005E+00
  4.809500E+03 -4.225072E+00
  4.810000E+03 -4.587380E+00
  4.810500E+03 -4.780554E+00
  4.811000E+03 -4.781682E+00
  4.811500E+03 -4.575852E+00
  4.812000E+03 -4.157326E+00
  4.812500E+03 -3.530298E+00
  4.813000E+03 -2.709158E+00
  4.813500E+03 -1.718239E+00
  4.814000E+03 -5.910507E-01
  4.814500E+03  6.309945E-01
  4.815000E+03  1.900289E+00
  4.815500E+03  3.165113E+00
  4.816000E+03  4.371977E+00
  4.816500E+03  5.468118E+00
  4.817000E+03  6.404017E+00
  4.817500E+03  7.135806E+00
  4.818000E+03  7.627439E+00
  4.818500E+03  7.852503E+00
  4.819000E+03  7.795591E+00
  4.819500E+03  7.453132E+00
  4.820000E+03  6.833659E+00
  4.820500E+03  5.957487E+00
  4.821000E+03  4.855822E+00
  4.821500E+03  3.569349E+00
  4.822000E+03  2.146381E+00
  4.822500E+03  6.406609E-01
  4.823000E+03 -8.910559E-01
  4.823500E+03 -2.391515E+00
  4.824000E+03 -3.805446E+00
  4.824500E+03 -5.081883E+00
  4.825000E+03 -6.176219E+00
  4.825500E+03 -7.051897E+00
  4.826000E+03 -7.681676E+00
  4.826500E+03 -8.048425E+00
  4.827000E+03 -8.145428E+00
  4.827500E+03 -7.976233E+00
  4.828000E+03 -7.554057E+00
  4.828500E+03 -6.900823E+00
  4.829000E+03 -6.045896E+00
  4.829500E+03 -5.024604E+00
  4.830000E+03 -3.876618E+00
  4.830500E+03 -2.644286E+00
  4.831000E+03 -1.370992E+00
  4.831500E+03 -9.959841E-02
  4.832000E+03  1.128971E+00
  4.832500E+03  2.276976E+00
  4.833000E+03  3.310902E+00
  4.833500E+03  4.202307E+00
  4.834000E+03  4.928449E+00
  4.834500E+03  5.472723E+00
  4.835000E+03  5.824907E+00
  4.835500E+03  5.981230E+00
  4.836000E+03  5.944275E+00
  4.836500E+03  5.722728E+00
  4.837000E+03  5.330980E+00
  4.837500E+03  4.788579E+00
  4.838000E+03  4.119552E+00
  4.838500E+03  3.351586E+00
  4.839000E+03  2.515094E+00
  4.839500E+03  1.642165E+00
  4.840000E+03  7.654431E-01
  4.840500E+03 -8.305782E-02
  4.841000E+03 -8.731437E-01
  4.841500E+03 -1.577595E+00
  4.842000E+03 -2.173236E+00
  4.842500E+03 -2.641857E+00
  4.843000E+03 -2.970943E+00
  4.843500E+03 -3.154169E+00
  4.844000E+03 -3.191606E+00
  4.844500E+03 -3.089640E+00
  4.845000E+03 -2.860584E+00
  4.845500E+03 -2.522006E+00
  4.846000E+03 -2.095796E+00
  4.846500E+03 -1.607028E+00
  4.847000E+03 -1.082682E+00
  4.847500E+03 -5.502875E-01
  4.848000E+03 -3.658211E-02
  4.848500E+03  4.337512E-01
  4.849000E+03  8.391918E-01
  4.849500E+03  1.162277E+00
  4.850000E+03  1.390244E+00
  4.850500E+03  1.515392E+00
  4.851000E+03  1.535161E+00
  4.851500E+03  1.451949E+00
  4.852000E+03  1.272687E+00
  4.852500E+03  1.008228E+00
  4.853000E+03  6.726086E-01
  4.853500E+03  2.822273E-01
  4.854000E+03 -1.449860E-01
  4.854500E+03 -5.903681E-01
  4.855000E+03 -1.035244E+00
  4.855500E+03 -1.461543E+00
  4.856000E+03 -1.852298E+00
  4.856500E+03 -2.192027E+00
  4.857000E+03 -2.467011E+00
  4.857500E+03 -2.665490E+00
  4.858000E+03 -2.777810E+00
  4.858500E+03 -2.796533E+00
  4.859000E+03 -2.716563E+00
  4.859500E+03 -2.535281E+00
  4.860000E+03 -2.252705E+00
  4.860500E+03 -1.871680E+00
  4.861000E+03 -1.398062E+00
  4.861500E+03 -8.408876E-01
  4.862000E+03 -2.124798E-01
  4.862500E+03  4.715383E-01
  4.863000E+03  1.192371E+00
  4.863500E+03  1.928346E+00
  4.864000E+03  2.655401E+00
  4.864500E+03  3.347774E+00
  4.865000E+03  3.978887E+00
  4.865500E+03  4.522396E+00
  4.866000E+03  4.953363E+00
  4.866500E+03  5.249491E+00
  4.867000E+03  5.392348E+00
  4.867500E+03  5.368505E+00
  4.868000E+03  5.170505E+00
  4.868500E+03  4.797590E+00
  4.869000E+03  4.256118E+00
  4.869500E+03  3.559638E+00
  4.870000E+03  2.728581E+00
  4.870500E+03  1.789575E+00
  4.871000E+03  7.744137E-01
  4.871500E+03 -2.812927E-01
  4.872000E+03 -1.339691E+00
  4.872500E+03 -2.362416E+00
  4.873000E+03 -3.312378E+00
  4.873500E+03 -4.155497E+00
  4.874000E+03 -4.862301E+00
  4.874500E+03 -5.409279E+00
  4.875000E+03 -5.779923E+00
  4.875500E+03 -5.965409E+00
  4.876000E+03 -5.964862E+00
  4.876500E+03 -5.785209E+00
  4.877000E+03 -5.440639E+00
  4.877500E+03 -4.951684E+00
  4.878000E+03 -4.344009E+00
  4.878500E+03 -3.646958E+00
  4.879000E+03 -2.891957E+00
  4.879500E+03 -2.110860E+00
  4.880000E+03 -1.334330E+00
  4.880500E+03 -5.903473E-01
  4.881000E+03  9.708097E-02
  4.881500E+03  7.089433E-01
  4.882000E+03  1.231926E+00
  4.882500E+03  1.658764E+00
  4.883000E+03  1.988241E+00
  4.883500E+03  2.224821E+00
  4.884000E+03  2.377977E+00
  4.884500E+03  2.461227E+00
  4.885000E+03  2.490960E+00
  4.885500E+03  2.485115E+00
  4.886000E+03  2.461800E+00
  4.886500E+03  2.437925E+00
  4.887000E+03  2.427943E+00
  4.887500E+03  2.442767E+00
  4.888000E+03  2.488945E+00
  4.888500E+03  2.568127E+00
  4.889000E+03  2.676884E+00
  4.889500E+03  2.806875E+00
  4.890000E+03  2.945375E+00
  4.890500E+03  3.076122E+00
  4.891000E+03  3.180441E+00
  4.891500E+03  3.238583E+00
  4.892000E+03  3.231179E+00
  4.892500E+03  3.140729E+00
  4.893000E+03  2.953018E+00
  4.893500E+03  2.658367E+00
  4.894000E+03  2.252621E+00
  4.894500E+03  1.737801E+00
  4.895000E+03  1.122371E+00
  4.895500E+03  4.210809E-01
  4.896000E+03 -3.456073E-01
  4.896500E+03 -1.152489E+00
  4.897000E+03 -1.970923E+00
  4.897500E+03 -2.770384E+00
  4.898000E+03 -3.520181E+00
  4.898500E+03 -4.191197E+00
  4.899000E+03 -4.757561E+00
  4.899500E+03 -5.198109E+00
  4.900000E+03 -5.497553E+00
  4.900500E+03 -5.647260E+00
  4.901000E+03 -5.645599E+00
  4.901500E+03 -5.497818E+00
  4.902000E+03 -5.215482E+00
  4.902500E+03 -4.815498E+00
  4.903000E+03 -4.318816E+00
  4.903500E+03 -3.748904E+00
  4.904000E+03 -3.130108E+00
  4.904500E+03 -2.486037E+00
  4.905000E+03 -1.838080E+00
  4.905500E+03 -1.204179E+00
  4.906000E+03 -5.979468E-01
  4.906500E+03 -2.818890E-02
  4.907000E+03  5.011427E-01
  4.907500E+03  9.905633E-01
  4.908000E+03  1.444285E+00
  4.908500E+03  1.869134E+00
  4.909000E+03  2.273251E+00
  4.909500E+03  2.664694E+00
  4.910000E+03  3.050072E+00
  4.910500E+03  3.433319E+00
  4.911000E+03  3.814726E+00
  4.911500E+03  4.190319E+00
  4.912000E+03  4.551641E+00
  4.912500E+03  4.885954E+00
  4.913000E+03  5.176874E+00
  4.913500E+03  5.405371E+00
  4.914000E+03  5.551079E+00
  4.914500E+03  5.593812E+00
  4.915000E+03  5.515166E+00
  4.915500E+03  5.300093E+00
  4.916000E+03  4.938330E+00
  4.916500E+03  4.425564E+00
  4.917000E+03  3.764254E+00
  4.917500E+03  2.964044E+00
  4.918000E+03  2.041734E+00
  4.918500E+03  1.020805E+00
  4.919000E+03 -6.946768E-02
  4.919500E+03 -1.195265E+00
  4.920000E+03 -2.319753E+00
  4.920500E+03 -3.404790E+00
  4.921000E+03 -4.412728E+00
  4.921500E+03 -5.308178E+00
  4.922000E+03 -6.059654E+00
  4.922500E+03 -6.641004E+00
  4.923000E+03 -7.032559E+00
  4.923500E+03 -7.221944E+00
  4.924000E+03 -7.204527E+00
  4.924500E+03 -6.983487E+00
  4.925000E+03 -6.569538E+00
  4.925500E+03 -5.980310E+00
  4.926000E+03 -5.239453E+00
  4.926500E+03 -4.375511E+00
  4.927000E+03 -3.420634E+00
  4.927500E+03 -2.409181E+00
  4.928000E+03 -1.376297E+00
  4.928500E+03 -3.565025E-01
  4.929000E+03  6.176280E-01
  4.929500E+03  1.516664E+00
  4.930000E+03  2.315345E+00
  4.930500E+03  2.993405E+00
  4.931000E+03  3.536171E+00
  4.931500E+03  3.934911E+00
  4.932000E+03  4.186939E+00
  4.932500E+03  4.295458E+00
  4.933000E+03  4.269170E+00
  4.933500E+03  4.121652E+00
  4.934000E+03  3.870544E+00
  4.934500E+03  3.536561E+00
  4.935000E+03  3.142402E+00
  4.935500E+03  2.711577E+00
  4.936000E+03  2.267226E+00
  4.936500E+03  1.830989E+00
  4.937000E+03  1.421967E+00
  4.937500E+03  1.055860E+00
  4.938000E+03  7.442898E-01
  4.938500E+03  4.943890E-01
  4.939000E+03  3.086433E-01
  4.939500E+03  1.850181E-01
  4.940000E+03  1.173526E-01
  4.940500E+03  9.599547E-02
  4.941000E+03  1.086430E-01
  4.941500E+03  1.413207E-01
  4.942000E+03  1.794448E-01
  4.942500E+03  2.088902E-01
  4.943000E+03  2.169938E-01
  4.943500E+03  1.934245E-01
  4.944000E+03  1.308637E-01
  4.944500E+03  2.545112E-02
  4.945000E+03 -1.230278E-01
  4.945500E+03 -3.112216E-01
  4.946000E+03 -5.325434E-01
  4.946500E+03 -7.777222E-01
  4.947000E+03 -1.035526E+00
  4.947500E+03 -1.293594E+00
  4.948000E+03 -1.539319E+00
  4.948500E+03 -1.760703E+00
  4.949000E+03 -1.947127E+00
  4.949500E+03 -2.089981E+00
  4.950000E+03 -2.183112E+00
  4.950500E+03 -2.223075E+00
  4.951000E+03 -2.209159E+00
  4.951500E+03 -2.143231E+00
  4.952000E+03 -2.029398E+00
  4.952500E+03 -1.873541E+00
  4.953000E+03 -1.682773E+00
  4.953500E+03 -1.464861E+00
  4.954000E+03 -1.227670E+00
  4.954500E+03 -9.786854E-01
  4.955000E+03 -7.246266E-01
  4.955500E+03 -4.711928E-01
  4.956000E+03 -2.229439E-01
  4.956500E+03  1.668924E-02
  4.957000E+03  2.452818E-01
  4.957500E+03  4.612074E-01
  4.958000E+03  6.633814E-01
  4.958500E+03  8.509905E-01
  4.959000E+03  1.023246E+00
  4.959500E+03  1.179193E+00
  4.960000E+03  1.317590E+00
  4.960500E+03  1.436882E+00
  4.961000E+03  1.535259E+00
  4.961500E+03  1.610795E+00
  4.962000E+03  1.661640E+00
  4.962500E+03  1.686248E+00
  4.963000E+03  1.683606E+00
  4.963500E+03  1.653433E+00
  4.964000E+03  1.596324E+00
  4.964500E+03  1.513820E+00
  4.965000E+03  1.408385E+00
  4.965500E+03  1.283300E+00
  4.966000E+03  1.142479E+00
  4.966500E+03  9.902138E-01
  4.967000E+03  8.308927E-01
  4.967500E+03  6.687055E-01
  4.968000E+03  5.073759E-01
  4.968500E+03  3.499458E-01
  4.969000E+03  1.986345E-01
  4.969500E+03  5.478926E-02
  4.970000E+03 -8.106935E-02
  4.970500E+03 -2.091116E-01
  4.971000E+03 -3.299884E-01
  4.971500E+03 -4.445713E-01
  4.972000E+03 -5.536712E-01
  4.972500E+03 -6.577706E-01
  4.973000E+03 -7.568002E-01
  4.973500E+03 -8.499885E-01
  4.974000E+03 -9.358048E-01
  4.974500E+03 -1.012008E+00
  4.975000E+03 -1.075797E+00
  4.975500E+03 -1.124059E+00
  4.976000E+03 -1.153684E+00
  4.976500E+03 -1.161925E+00
  4.977000E+03 -1.146753E+00
  4.977500E+03 -1.107193E+00
  4.978000E+03 -1.043575E+00
  4.978500E+03 -9.576930E-01
  4.979000E+03 -8.528317E-01
  4.979500E+03 -7.336654E-01
  4.980000E+03 -6.060163E-01
  4.980500E+03 -4.764940E-01
  4.981000E+03 -3.520394E-01
  4.981500E+03 -2.394086E-01
  4.982000E+03 -1.446386E-01
  4.982500E+03 -7.254017E-02
  4.983000E+03 -2.626152E-02
  4.983500E+03 -6.962316E-03
  4.984000E+03 -1.362841E-02
  4.984500E+03 -4.304721E-02
  4.985000E+03 -8.995025E-02
  4.985500E+03 -1.473166E-01
  4.986000E+03 -2.068168E-01
  4.986500E+03 -2.593682E-01
  4.987000E+03 -2.957596E-01
  4.987500E+03 -3.073031E-01
  4.988000E+03 -2.864658E-01
  4.988500E+03 -2.274362E-01
  4.989000E+03 -1.265876E-01
  4.989500E+03  1.719209E-02
  4.990000E+03  2.023255E-01
  4.990500E+03  4.245335E-01
  4.991000E+03  6.769831E-01
  4.991500E+03  9.505832E-01
  4.992000E+03  1.234405E+00
  4.992500E+03  1.516196E+00
  4.993000E+03  1.782963E+00
  4.993500E+03  2.021576E+00
  4.994000E+03  2.219375E+00
  4.994500E+03  2.364736E+00
  4.995000E+03  2.447586E+00
  4.995500E+03  2.459838E+00
  4.996000E+03  2.395733E+00
  4.996500E+03  2.252096E+00
  4.997000E+03  2.028490E+00
  4.997500E+03  1.727283E+00
  4.998000E+03  1.353620E+00
  4.998500E+03  9.153274E-01
  4.999000E+03  4.227309E-01
  4.999500E+03 -1.115831E-01
  5.000000E+03 -6.730740E-01
