 Variables = "t (s)" "<greek>z</greek> (m)" 
  5.000000E-01  0.000000E+00
  1.000000E+00  1.696656E-04
  1.500000E+00  1.115018E-03
  2.000000E+00  3.444247E-03
  2.500000E+00  7.651062E-03
  3.000000E+00  1.405355E-02
  3.500000E+00  2.274297E-02
  4.000000E+00  3.354700E-02
  4.500000E+00  4.601123E-02
  5.000000E+00  5.940140E-02
  5.500000E+00  7.272782E-02
  6.000000E+00  8.479139E-02
  6.500000E+00  9.424971E-02
  7.000000E+00  9.969966E-02
  7.500000E+00  9.977172E-02
  8.000000E+00  9.323050E-02
  8.500000E+00  7.907458E-02
  9.000000E+00  5.662922E-02
  9.500000E+00  2.562505E-02
  1.000000E+01 -1.374319E-02
  1.050000E+01 -6.078281E-02
  1.100000E+01 -1.142979E-01
  1.150000E+01 -1.726145E-01
  1.200000E+01 -2.336359E-01
  1.250000E+01 -2.949266E-01
  1.300000E+01 -3.538205E-01
  1.350000E+01 -4.075486E-01
  1.400000E+01 -4.533780E-01
  1.450000E+01 -4.887560E-01
  1.500000E+01 -5.114490E-01
  1.550000E+01 -5.196697E-01
  1.600000E+01 -5.121834E-01
  1.650000E+01 -4.883871E-01
  1.700000E+01 -4.483560E-01
  1.750000E+01 -3.928545E-01
  1.800000E+01 -3.233095E-01
  1.850000E+01 -2.417477E-01
  1.900000E+01 -1.507000E-01
  1.950000E+01 -5.307751E-02
  2.000000E+01  4.797278E-02
  2.050000E+01  1.492250E-01
  2.100000E+01  2.475345E-01
  2.150000E+01  3.399919E-01
  2.200000E+01  4.240610E-01
  2.250000E+01  4.976935E-01
  2.300000E+01  5.594119E-01
  2.350000E+01  6.083573E-01
  2.400000E+01  6.442981E-01
  2.450000E+01  6.675989E-01
  2.500000E+01  6.791532E-01
  2.550000E+01  6.802830E-01
  2.600000E+01  6.726122E-01
  2.650000E+01  6.579225E-01
  2.700000E+01  6.380009E-01
  2.750000E+01  6.144904E-01
  2.800000E+01  5.887511E-01
  2.850000E+01  5.617453E-01
  2.900000E+01  5.339510E-01
  2.950000E+01  5.053130E-01
  3.000000E+01  4.752343E-01
  3.050000E+01  4.426100E-01
  3.100000E+01  4.059019E-01
  3.150000E+01  3.632508E-01
  3.200000E+01  3.126203E-01
  3.250000E+01  2.519624E-01
  3.300000E+01  1.793969E-01
  3.350000E+01  9.339216E-02
  3.400000E+01 -7.063236E-03
  3.450000E+01 -1.223094E-01
  3.500000E+01 -2.518942E-01
  3.550000E+01 -3.944905E-01
  3.600000E+01 -5.478586E-01
  3.650000E+01 -7.088570E-01
  3.700000E+01 -8.735026E-01
  3.750000E+01 -1.037079E+00
  3.800000E+01 -1.194287E+00
  3.850000E+01 -1.339435E+00
  3.900000E+01 -1.466658E+00
  3.950000E+01 -1.570149E+00
  4.000000E+01 -1.644406E+00
  4.050000E+01 -1.684476E+00
  4.100000E+01 -1.686178E+00
  4.150000E+01 -1.646310E+00
  4.200000E+01 -1.562821E+00
  4.250000E+01 -1.434947E+00
  4.300000E+01 -1.263295E+00
  4.350000E+01 -1.049892E+00
  4.400000E+01 -7.981788E-01
  4.450000E+01 -5.129527E-01
  4.500000E+01 -2.002740E-01
  4.550000E+01  1.326773E-01
  4.600000E+01  4.777785E-01
  4.650000E+01  8.261752E-01
  4.700000E+01  1.168518E+00
  4.750000E+01  1.495219E+00
  4.800000E+01  1.796724E+00
  4.850000E+01  2.063793E+00
  4.900000E+01  2.287774E+00
  4.950000E+01  2.460884E+00
  5.000000E+01  2.576465E+00
  5.050000E+01  2.629231E+00
  5.100000E+01  2.616123E+00
  5.150000E+01  2.535771E+00
  5.200000E+01  2.387871E+00
  5.250000E+01  2.173925E+00
  5.300000E+01  1.897294E+00
  5.350000E+01  1.563207E+00
  5.400000E+01  1.178723E+00
  5.450000E+01  7.526283E-01
  5.500000E+01  2.952856E-01
  5.550000E+01 -1.815865E-01
  5.600000E+01 -6.651861E-01
  5.650000E+01 -1.141958E+00
  5.700000E+01 -1.597973E+00
  5.750000E+01 -2.019343E+00
  5.800000E+01 -2.392669E+00
  5.850000E+01 -2.705496E+00
  5.900000E+01 -2.946771E+00
  5.950000E+01 -3.107276E+00
  6.000000E+01 -3.180021E+00
  6.050000E+01 -3.160578E+00
  6.100000E+01 -3.047348E+00
  6.150000E+01 -2.841721E+00
  6.200000E+01 -2.548152E+00
  6.250000E+01 -2.174108E+00
  6.300000E+01 -1.729909E+00
  6.350000E+01 -1.228454E+00
  6.400000E+01 -6.848310E-01
  6.450000E+01 -1.158381E-01
  6.500000E+01  4.605840E-01
  6.550000E+01  1.025975E+00
  6.600000E+01  1.562018E+00
  6.650000E+01  2.051209E+00
  6.700000E+01  2.477508E+00
  6.750000E+01  2.826947E+00
  6.800000E+01  3.088159E+00
  6.850000E+01  3.252812E+00
  6.900000E+01  3.315927E+00
  6.950000E+01  3.276059E+00
  7.000000E+01  3.135338E+00
  7.050000E+01  2.899371E+00
  7.100000E+01  2.576994E+00
  7.150000E+01  2.179904E+00
  7.200000E+01  1.722176E+00
  7.250000E+01  1.219686E+00
  7.300000E+01  6.894755E-01
  7.350000E+01  1.490799E-01
  7.400000E+01 -3.841492E-01
  7.450000E+01 -8.936916E-01
  7.500000E+01 -1.364453E+00
  7.550000E+01 -1.783277E+00
  7.600000E+01 -2.139355E+00
  7.650000E+01 -2.424521E+00
  7.700000E+01 -2.633414E+00
  7.750000E+01 -2.763518E+00
  7.800000E+01 -2.815068E+00
  7.850000E+01 -2.790845E+00
  7.900000E+01 -2.695874E+00
  7.950000E+01 -2.537039E+00
  8.000000E+01 -2.322645E+00
  8.050000E+01 -2.061951E+00
  8.100000E+01 -1.764704E+00
  8.150000E+01 -1.440688E+00
  8.200000E+01 -1.099334E+00
  8.250000E+01 -7.493801E-01
  8.300000E+01 -3.986225E-01
  8.350000E+01 -5.375112E-02
  8.400000E+01  2.797208E-01
  8.450000E+01  5.974390E-01
  8.500000E+01  8.961092E-01
  8.550000E+01  1.173331E+00
  8.600000E+01  1.427381E+00
  8.650000E+01  1.656973E+00
  8.700000E+01  1.861000E+00
  8.750000E+01  2.038301E+00
  8.800000E+01  2.187462E+00
  8.850000E+01  2.306666E+00
  8.900000E+01  2.393616E+00
  8.950000E+01  2.445531E+00
  9.000000E+01  2.459227E+00
  9.050000E+01  2.431276E+00
  9.100000E+01  2.358231E+00
  9.150000E+01  2.236919E+00
  9.200000E+01  2.064766E+00
  9.250000E+01  1.840149E+00
  9.300000E+01  1.562733E+00
  9.350000E+01  1.233793E+00
  9.400000E+01  8.564692E-01
  9.450000E+01  4.359585E-01
  9.500000E+01 -2.039612E-02
  9.550000E+01 -5.031203E-01
  9.600000E+01 -1.000741E+00
  9.650000E+01 -1.500040E+00
  9.700000E+01 -1.986420E+00
  9.750000E+01 -2.444372E+00
  9.800000E+01 -2.858043E+00
  9.850000E+01 -3.211850E+00
  9.900000E+01 -3.491142E+00
  9.950000E+01 -3.682871E+00
  1.000000E+02 -3.776229E+00
  1.005000E+02 -3.763235E+00
  1.010000E+02 -3.639230E+00
  1.015000E+02 -3.403260E+00
  1.020000E+02 -3.058313E+00
  1.025000E+02 -2.611408E+00
  1.030000E+02 -2.073514E+00
  1.035000E+02 -1.459295E+00
  1.040000E+02 -7.866997E-01
  1.045000E+02 -7.638871E-02
  1.050000E+02  6.489630E-01
  1.055000E+02  1.365474E+00
  1.060000E+02  2.048936E+00
  1.065000E+02  2.675734E+00
  1.070000E+02  3.223768E+00
  1.075000E+02  3.673326E+00
  1.080000E+02  4.007898E+00
  1.085000E+02  4.214858E+00
  1.090000E+02  4.286020E+00
  1.095000E+02  4.218011E+00
  1.100000E+02  4.012472E+00
  1.105000E+02  3.676047E+00
  1.110000E+02  3.220187E+00
  1.115000E+02  2.660751E+00
  1.120000E+02  2.017435E+00
  1.125000E+02  1.313042E+00
  1.130000E+02  5.726278E-01
  1.135000E+02 -1.774491E-01
  1.140000E+02 -9.105280E-01
  1.145000E+02 -1.600662E+00
  1.150000E+02 -2.223606E+00
  1.155000E+02 -2.757735E+00
  1.160000E+02 -3.184862E+00
  1.165000E+02 -3.490911E+00
  1.170000E+02 -3.666431E+00
  1.175000E+02 -3.706925E+00
  1.180000E+02 -3.612980E+00
  1.185000E+02 -3.390196E+00
  1.190000E+02 -3.048928E+00
  1.195000E+02 -2.603830E+00
  1.200000E+02 -2.073250E+00
  1.205000E+02 -1.478477E+00
  1.210000E+02 -8.428917E-01
  1.215000E+02 -1.910398E-01
  1.220000E+02  4.523204E-01
  1.225000E+02  1.063167E+00
  1.230000E+02  1.619115E+00
  1.235000E+02  2.100247E+00
  1.240000E+02  2.489816E+00
  1.245000E+02  2.774830E+00
  1.250000E+02  2.946467E+00
  1.255000E+02  3.000327E+00
  1.260000E+02  2.936506E+00
  1.265000E+02  2.759496E+00
  1.270000E+02  2.477924E+00
  1.275000E+02  2.104132E+00
  1.280000E+02  1.653634E+00
  1.285000E+02  1.144467E+00
  1.290000E+02  5.964600E-01
  1.295000E+02  3.046454E-02
  1.300000E+02 -5.324381E-01
  1.305000E+02 -1.071709E+00
  1.310000E+02 -1.568082E+00
  1.315000E+02 -2.004225E+00
  1.320000E+02 -2.365307E+00
  1.325000E+02 -2.639455E+00
  1.330000E+02 -2.818098E+00
  1.335000E+02 -2.896166E+00
  1.340000E+02 -2.872176E+00
  1.345000E+02 -2.748169E+00
  1.350000E+02 -2.529549E+00
  1.355000E+02 -2.224792E+00
  1.360000E+02 -1.845073E+00
  1.365000E+02 -1.403813E+00
  1.370000E+02 -9.161688E-01
  1.375000E+02 -3.984793E-01
  1.380000E+02  1.322958E-01
  1.385000E+02  6.591424E-01
  1.390000E+02  1.165536E+00
  1.395000E+02  1.635949E+00
  1.400000E+02  2.056305E+00
  1.405000E+02  2.414373E+00
  1.410000E+02  2.700089E+00
  1.415000E+02  2.905795E+00
  1.420000E+02  3.026400E+00
  1.425000E+02  3.059458E+00
  1.430000E+02  3.005161E+00
  1.435000E+02  2.866255E+00
  1.440000E+02  2.647884E+00
  1.445000E+02  2.357369E+00
  1.450000E+02  2.003932E+00
  1.455000E+02  1.598368E+00
  1.460000E+02  1.152690E+00
  1.465000E+02  6.797429E-01
  1.470000E+02  1.928130E-01
  1.475000E+02 -2.947700E-01
  1.480000E+02 -7.700129E-01
  1.485000E+02 -1.220620E+00
  1.490000E+02 -1.635316E+00
  1.495000E+02 -2.004135E+00
  1.500000E+02 -2.318650E+00
  1.505000E+02 -2.572151E+00
  1.510000E+02 -2.759767E+00
  1.515000E+02 -2.878516E+00
  1.520000E+02 -2.927309E+00
  1.525000E+02 -2.906878E+00
  1.530000E+02 -2.819663E+00
  1.535000E+02 -2.669649E+00
  1.540000E+02 -2.462158E+00
  1.545000E+02 -2.203625E+00
  1.550000E+02 -1.901340E+00
  1.555000E+02 -1.563201E+00
  1.560000E+02 -1.197454E+00
  1.565000E+02 -8.124663E-01
  1.570000E+02 -4.165067E-01
  1.575000E+02 -1.756953E-02
  1.580000E+02  3.767702E-01
  1.585000E+02  7.594608E-01
  1.590000E+02  1.124039E+00
  1.595000E+02  1.464656E+00
  1.600000E+02  1.776076E+00
  1.605000E+02  2.053644E+00
  1.610000E+02  2.293244E+00
  1.615000E+02  2.491244E+00
  1.620000E+02  2.644450E+00
  1.625000E+02  2.750073E+00
  1.630000E+02  2.805714E+00
  1.635000E+02  2.809382E+00
  1.640000E+02  2.759538E+00
  1.645000E+02  2.655182E+00
  1.650000E+02  2.495960E+00
  1.655000E+02  2.282300E+00
  1.660000E+02  2.015569E+00
  1.665000E+02  1.698230E+00
  1.670000E+02  1.333986E+00
  1.675000E+02  9.279130E-01
  1.680000E+02  4.865392E-01
  1.685000E+02  1.788332E-02
  1.690000E+02 -4.685804E-01
  1.695000E+02 -9.620298E-01
  1.700000E+02 -1.450484E+00
  1.705000E+02 -1.921075E+00
  1.710000E+02 -2.360399E+00
  1.715000E+02 -2.754938E+00
  1.720000E+02 -3.091534E+00
  1.725000E+02 -3.357904E+00
  1.730000E+02 -3.543171E+00
  1.735000E+02 -3.638377E+00
  1.740000E+02 -3.636968E+00
  1.745000E+02 -3.535208E+00
  1.750000E+02 -3.332501E+00
  1.755000E+02 -3.031609E+00
  1.760000E+02 -2.638734E+00
  1.765000E+02 -2.163452E+00
  1.770000E+02 -1.618511E+00
  1.775000E+02 -1.019471E+00
  1.780000E+02 -3.842145E-01
  1.785000E+02  2.676669E-01
  1.790000E+02  9.155817E-01
  1.795000E+02  1.538713E+00
  1.800000E+02  2.116827E+00
  1.805000E+02  2.631077E+00
  1.810000E+02  3.064762E+00
  1.815000E+02  3.404014E+00
  1.820000E+02  3.638367E+00
  1.825000E+02  3.761184E+00
  1.830000E+02  3.769926E+00
  1.835000E+02  3.666240E+00
  1.840000E+02  3.455862E+00
  1.845000E+02  3.148346E+00
  1.850000E+02  2.756615E+00
  1.855000E+02  2.296381E+00
  1.860000E+02  1.785432E+00
  1.865000E+02  1.242846E+00
  1.870000E+02  6.881535E-01
  1.875000E+02  1.405049E-01
  1.880000E+02 -3.821351E-01
  1.885000E+02 -8.637096E-01
  1.890000E+02 -1.290684E+00
  1.895000E+02 -1.652523E+00
  1.900000E+02 -1.942003E+00
  1.905000E+02 -2.155362E+00
  1.910000E+02 -2.292264E+00
  1.915000E+02 -2.355603E+00
  1.920000E+02 -2.351148E+00
  1.925000E+02 -2.287063E+00
  1.930000E+02 -2.173323E+00
  1.935000E+02 -2.021061E+00
  1.940000E+02 -1.841890E+00
  1.945000E+02 -1.647233E+00
  1.950000E+02 -1.447694E+00
  1.955000E+02 -1.252514E+00
  1.960000E+02 -1.069127E+00
  1.965000E+02 -9.028473E-01
  1.970000E+02 -7.566999E-01
  1.975000E+02 -6.313953E-01
  1.980000E+02 -5.254507E-01
  1.985000E+02 -4.354432E-01
  1.990000E+02 -3.563787E-01
  1.995000E+02 -2.821512E-01
  2.000000E+02 -2.060626E-01
  2.005000E+02 -1.213721E-01
  2.010000E+02 -2.184188E-02
  2.015000E+02  9.775384E-02
  2.020000E+02  2.411850E-01
  2.025000E+02  4.104131E-01
  2.030000E+02  6.053486E-01
  2.035000E+02  8.237333E-01
  2.040000E+02  1.061151E+00
  2.045000E+02  1.311166E+00
  2.050000E+02  1.565587E+00
  2.055000E+02  1.814827E+00
  2.060000E+02  2.048356E+00
  2.065000E+02  2.255212E+00
  2.070000E+02  2.424542E+00
  2.075000E+02  2.546154E+00
  2.080000E+02  2.611041E+00
  2.085000E+02  2.611857E+00
  2.090000E+02  2.543320E+00
  2.095000E+02  2.402521E+00
  2.100000E+02  2.189134E+00
  2.105000E+02  1.905505E+00
  2.110000E+02  1.556628E+00
  2.115000E+02  1.150007E+00
  2.120000E+02  6.954110E-01
  2.125000E+02  2.045451E-01
  2.130000E+02 -3.093636E-01
  2.135000E+02 -8.320292E-01
  2.140000E+02 -1.348607E+00
  2.145000E+02 -1.844205E+00
  2.150000E+02 -2.304391E+00
  2.155000E+02 -2.715667E+00
  2.160000E+02 -3.065905E+00
  2.165000E+02 -3.344721E+00
  2.170000E+02 -3.543782E+00
  2.175000E+02 -3.657034E+00
  2.180000E+02 -3.680851E+00
  2.185000E+02 -3.614106E+00
  2.190000E+02 -3.458161E+00
  2.195000E+02 -3.216785E+00
  2.200000E+02 -2.896008E+00
  2.205000E+02 -2.503917E+00
  2.210000E+02 -2.050403E+00
  2.215000E+02 -1.546872E+00
  2.220000E+02 -1.005930E+00
  2.225000E+02 -4.410438E-01
  2.230000E+02  1.338043E-01
  2.235000E+02  7.044644E-01
  2.240000E+02  1.256964E+00
  2.245000E+02  1.777841E+00
  2.250000E+02  2.254462E+00
  2.255000E+02  2.675317E+00
  2.260000E+02  3.030289E+00
  2.265000E+02  3.310898E+00
  2.270000E+02  3.510505E+00
  2.275000E+02  3.624478E+00
  2.280000E+02  3.650320E+00
  2.285000E+02  3.587748E+00
  2.290000E+02  3.438718E+00
  2.295000E+02  3.207403E+00
  2.300000E+02  2.900114E+00
  2.305000E+02  2.525161E+00
  2.310000E+02  2.092659E+00
  2.315000E+02  1.614285E+00
  2.320000E+02  1.102971E+00
  2.325000E+02  5.725721E-01
  2.330000E+02  3.747430E-02
  2.335000E+02 -4.878061E-01
  2.340000E+02 -9.890486E-01
  2.345000E+02 -1.452755E+00
  2.350000E+02 -1.866564E+00
  2.355000E+02 -2.219640E+00
  2.360000E+02 -2.503023E+00
  2.365000E+02 -2.709920E+00
  2.370000E+02 -2.835936E+00
  2.375000E+02 -2.879222E+00
  2.380000E+02 -2.840542E+00
  2.385000E+02 -2.723248E+00
  2.390000E+02 -2.533165E+00
  2.395000E+02 -2.278390E+00
  2.400000E+02 -1.969000E+00
  2.405000E+02 -1.616695E+00
  2.410000E+02 -1.234375E+00
  2.415000E+02 -8.356730E-01
  2.420000E+02 -4.344611E-01
  2.425000E+02 -4.434343E-02
  2.430000E+02  3.218358E-01
  2.435000E+02  6.524561E-01
  2.440000E+02  9.375352E-01
  2.445000E+02  1.169078E+00
  2.450000E+02  1.341347E+00
  2.455000E+02  1.451040E+00
  2.460000E+02  1.497370E+00
  2.465000E+02  1.482048E+00
  2.470000E+02  1.409163E+00
  2.475000E+02  1.284964E+00
  2.480000E+02  1.117564E+00
  2.485000E+02  9.165684E-01
  2.490000E+02  6.926432E-01
  2.495000E+02  4.570525E-01
  2.500000E+02  2.211721E-01
  2.505000E+02 -3.991923E-03
  2.510000E+02 -2.082631E-01
  2.515000E+02 -3.827114E-01
  2.520000E+02 -5.200113E-01
  2.525000E+02 -6.147261E-01
  2.530000E+02 -6.635058E-01
  2.535000E+02 -6.651936E-01
  2.540000E+02 -6.208347E-01
  2.545000E+02 -5.335900E-01
  2.550000E+02 -4.085598E-01
  2.555000E+02 -2.525242E-01
  2.560000E+02 -7.361562E-02
  2.565000E+02  1.190639E-01
  2.570000E+02  3.158618E-01
  2.575000E+02  5.070123E-01
  2.580000E+02  6.830720E-01
  2.585000E+02  8.353346E-01
  2.590000E+02  9.562082E-01
  2.595000E+02  1.039537E+00
  2.600000E+02  1.080855E+00
  2.605000E+02  1.077566E+00
  2.610000E+02  1.029032E+00
  2.615000E+02  9.365814E-01
  2.620000E+02  8.034282E-01
  2.625000E+02  6.345132E-01
  2.630000E+02  4.362705E-01
  2.635000E+02  2.163367E-01
  2.640000E+02 -1.678821E-02
  2.645000E+02 -2.541089E-01
  2.650000E+02 -4.865172E-01
  2.655000E+02 -7.051707E-01
  2.660000E+02 -9.018520E-01
  2.665000E+02 -1.069294E+00
  2.670000E+02 -1.201455E+00
  2.675000E+02 -1.293741E+00
  2.680000E+02 -1.343157E+00
  2.685000E+02 -1.348388E+00
  2.690000E+02 -1.309816E+00
  2.695000E+02 -1.229464E+00
  2.700000E+02 -1.110870E+00
  2.705000E+02 -9.589152E-01
  2.710000E+02 -7.796000E-01
  2.715000E+02 -5.797848E-01
  2.720000E+02 -3.669093E-01
  2.725000E+02 -1.486994E-01
  2.730000E+02  6.712278E-02
  2.735000E+02  2.731174E-01
  2.740000E+02  4.623820E-01
  2.745000E+02  6.287757E-01
  2.750000E+02  7.671063E-01
  2.755000E+02  8.732757E-01
  2.760000E+02  9.443812E-01
  2.765000E+02  9.787730E-01
  2.770000E+02  9.760697E-01
  2.775000E+02  9.371325E-01
  2.780000E+02  8.640059E-01
  2.785000E+02  7.598252E-01
  2.790000E+02  6.287000E-01
  2.795000E+02  4.755752E-01
  2.800000E+02  3.060773E-01
  2.805000E+02  1.263478E-01
  2.810000E+02 -5.713017E-02
  2.815000E+02 -2.377111E-01
  2.820000E+02 -4.087675E-01
  2.825000E+02 -5.638715E-01
  2.830000E+02 -6.969728E-01
  2.835000E+02 -8.025741E-01
  2.840000E+02 -8.758999E-01
  2.845000E+02 -9.130562E-01
  2.850000E+02 -9.111782E-01
  2.855000E+02 -8.685628E-01
  2.860000E+02 -7.847798E-01
  2.865000E+02 -6.607572E-01
  2.870000E+02 -4.988355E-01
  2.875000E+02 -3.027848E-01
  2.880000E+02 -7.777873E-02
  2.885000E+02  1.696787E-01
  2.890000E+02  4.318771E-01
  2.895000E+02  7.000768E-01
  2.900000E+02  9.647383E-01
  2.905000E+02  1.215801E+00
  2.910000E+02  1.443008E+00
  2.915000E+02  1.636264E+00
  2.920000E+02  1.786020E+00
  2.925000E+02  1.883667E+00
  2.930000E+02  1.921932E+00
  2.935000E+02  1.895239E+00
  2.940000E+02  1.800048E+00
  2.945000E+02  1.635118E+00
  2.950000E+02  1.401712E+00
  2.955000E+02  1.103708E+00
  2.960000E+02  7.476041E-01
  2.965000E+02  3.424290E-01
  2.970000E+02 -1.004678E-01
  2.975000E+02 -5.677289E-01
  2.980000E+02 -1.044403E+00
  2.985000E+02 -1.514450E+00
  2.990000E+02 -1.961309E+00
  2.995000E+02 -2.368524E+00
  3.000000E+02 -2.720389E+00
  3.005000E+02 -3.002588E+00
  3.010000E+02 -3.202802E+00
  3.015000E+02 -3.311260E+00
  3.020000E+02 -3.321193E+00
  3.025000E+02 -3.229194E+00
  3.030000E+02 -3.035426E+00
  3.035000E+02 -2.743710E+00
  3.040000E+02 -2.361447E+00
  3.045000E+02 -1.899399E+00
  3.050000E+02 -1.371323E+00
  3.055000E+02 -7.934821E-01
  3.060000E+02 -1.840405E-01
  3.065000E+02  4.376174E-01
  3.070000E+02  1.051626E+00
  3.075000E+02  1.638394E+00
  3.080000E+02  2.179353E+00
  3.085000E+02  2.657652E+00
  3.090000E+02  3.058783E+00
  3.095000E+02  3.371097E+00
  3.100000E+02  3.586196E+00
  3.105000E+02  3.699181E+00
  3.110000E+02  3.708758E+00
  3.115000E+02  3.617175E+00
  3.120000E+02  3.430031E+00
  3.125000E+02  3.155936E+00
  3.130000E+02  2.806069E+00
  3.135000E+02  2.393637E+00
  3.140000E+02  1.933274E+00
  3.145000E+02  1.440410E+00
  3.150000E+02  9.306399E-01
  3.155000E+02  4.191151E-01
  3.160000E+02 -8.000249E-02
  3.165000E+02 -5.540100E-01
  3.170000E+02 -9.920343E-01
  3.175000E+02 -1.385292E+00
  3.180000E+02 -1.727236E+00
  3.185000E+02 -2.013579E+00
  3.190000E+02 -2.242219E+00
  3.195000E+02 -2.413053E+00
  3.200000E+02 -2.527727E+00
  3.205000E+02 -2.589310E+00
  3.210000E+02 -2.601946E+00
  3.215000E+02 -2.570476E+00
  3.220000E+02 -2.500089E+00
  3.225000E+02 -2.395982E+00
  3.230000E+02 -2.263089E+00
  3.235000E+02 -2.105854E+00
  3.240000E+02 -1.928090E+00
  3.245000E+02 -1.732903E+00
  3.250000E+02 -1.522697E+00
  3.255000E+02 -1.299244E+00
  3.260000E+02 -1.063815E+00
  3.265000E+02 -8.173585E-01
  3.270000E+02 -5.606987E-01
  3.275000E+02 -2.947564E-01
  3.280000E+02 -2.075641E-02
  3.285000E+02  2.595852E-01
  3.290000E+02  5.439128E-01
  3.295000E+02  8.291328E-01
  3.300000E+02  1.111374E+00
  3.305000E+02  1.386010E+00
  3.310000E+02  1.647748E+00
  3.315000E+02  1.890774E+00
  3.320000E+02  2.108951E+00
  3.325000E+02  2.296062E+00
  3.330000E+02  2.446077E+00
  3.335000E+02  2.553436E+00
  3.340000E+02  2.613324E+00
  3.345000E+02  2.621936E+00
  3.350000E+02  2.576703E+00
  3.355000E+02  2.476470E+00
  3.360000E+02  2.321627E+00
  3.365000E+02  2.114168E+00
  3.370000E+02  1.857686E+00
  3.375000E+02  1.557303E+00
  3.380000E+02  1.219534E+00
  3.385000E+02  8.520907E-01
  3.390000E+02  4.636428E-01
  3.395000E+02  6.353436E-02
  3.400000E+02 -3.385209E-01
  3.405000E+02 -7.327574E-01
  3.410000E+02 -1.109674E+00
  3.415000E+02 -1.460336E+00
  3.420000E+02 -1.776648E+00
  3.425000E+02 -2.051595E+00
  3.430000E+02 -2.279433E+00
  3.435000E+02 -2.455833E+00
  3.440000E+02 -2.577965E+00
  3.445000E+02 -2.644531E+00
  3.450000E+02 -2.655742E+00
  3.455000E+02 -2.613239E+00
  3.460000E+02 -2.519974E+00
  3.465000E+02 -2.380048E+00
  3.470000E+02 -2.198514E+00
  3.475000E+02 -1.981166E+00
  3.480000E+02 -1.734303E+00
  3.485000E+02 -1.464498E+00
  3.490000E+02 -1.178367E+00
  3.495000E+02 -8.823555E-01
  3.500000E+02 -5.825410E-01
  3.505000E+02 -2.844711E-01
  3.510000E+02  6.968589E-03
  3.515000E+02  2.876462E-01
  3.520000E+02  5.542342E-01
  3.525000E+02  8.042171E-01
  3.530000E+02  1.035858E+00
  3.535000E+02  1.248126E+00
  3.540000E+02  1.440588E+00
  3.545000E+02  1.613271E+00
  3.550000E+02  1.766505E+00
  3.555000E+02  1.900751E+00
  3.560000E+02  2.016429E+00
  3.565000E+02  2.113747E+00
  3.570000E+02  2.192559E+00
  3.575000E+02  2.252240E+00
  3.580000E+02  2.291606E+00
  3.585000E+02  2.308877E+00
  3.590000E+02  2.301695E+00
  3.595000E+02  2.267191E+00
  3.600000E+02  2.202117E+00
  3.605000E+02  2.103025E+00
  3.610000E+02  1.966496E+00
  3.615000E+02  1.789408E+00
  3.620000E+02  1.569236E+00
  3.625000E+02  1.304350E+00
  3.630000E+02  9.943253E-01
  3.635000E+02  6.402163E-01
  3.640000E+02  2.447948E-01
  3.645000E+02 -1.872748E-01
  3.650000E+02 -6.493357E-01
  3.655000E+02 -1.132731E+00
  3.660000E+02 -1.626892E+00
  3.665000E+02 -2.119543E+00
  3.670000E+02 -2.596998E+00
  3.675000E+02 -3.044567E+00
  3.680000E+02 -3.447053E+00
  3.685000E+02 -3.789314E+00
  3.690000E+02 -4.056881E+00
  3.695000E+02 -4.236598E+00
  3.700000E+02 -4.317256E+00
  3.705000E+02 -4.290193E+00
  3.710000E+02 -4.149822E+00
  3.715000E+02 -3.894068E+00
  3.720000E+02 -3.524675E+00
  3.725000E+02 -3.047369E+00
  3.730000E+02 -2.471860E+00
  3.735000E+02 -1.811675E+00
  3.740000E+02 -1.083817E+00
  3.745000E+02 -3.082610E-01
  3.750000E+02  4.926895E-01
  3.755000E+02  1.295180E+00
  3.760000E+02  2.074665E+00
  3.765000E+02  2.806829E+00
  3.770000E+02  3.468523E+00
  3.775000E+02  4.038667E+00
  3.780000E+02  4.499094E+00
  3.785000E+02  4.835283E+00
  3.790000E+02  5.036943E+00
  3.795000E+02  5.098433E+00
  3.800000E+02  5.018987E+00
  3.805000E+02  4.802734E+00
  3.810000E+02  4.458511E+00
  3.815000E+02  3.999479E+00
  3.820000E+02  3.442557E+00
  3.825000E+02  2.807703E+00
  3.830000E+02  2.117072E+00
  3.835000E+02  1.394090E+00
  3.840000E+02  6.624990E-01
  3.845000E+02 -5.459817E-02
  3.850000E+02 -7.356411E-01
  3.855000E+02 -1.361420E+00
  3.860000E+02 -1.915755E+00
  3.865000E+02 -2.386020E+00
  3.870000E+02 -2.763487E+00
  3.875000E+02 -3.043478E+00
  3.880000E+02 -3.225324E+00
  3.885000E+02 -3.312147E+00
  3.890000E+02 -3.310466E+00
  3.895000E+02 -3.229666E+00
  3.900000E+02 -3.081357E+00
  3.905000E+02 -2.878655E+00
  3.910000E+02 -2.635439E+00
  3.915000E+02 -2.365599E+00
  3.920000E+02 -2.082344E+00
  3.925000E+02 -1.797578E+00
  3.930000E+02 -1.521390E+00
  3.935000E+02 -1.261670E+00
  3.940000E+02 -1.023885E+00
  3.945000E+02 -8.109858E-01
  3.950000E+02 -6.234890E-01
  3.955000E+02 -4.596805E-01
  3.960000E+02 -3.159534E-01
  3.965000E+02 -1.872400E-01
  3.970000E+02 -6.751725E-02
  3.975000E+02  4.965070E-02
  3.980000E+02  1.705625E-01
  3.985000E+02  3.008561E-01
  3.990000E+02  4.450413E-01
  3.995000E+02  6.061137E-01
  4.000000E+02  7.852719E-01
  4.005000E+02  9.817517E-01
  4.010000E+02  1.192784E+00
  4.015000E+02  1.413681E+00
  4.020000E+02  1.638037E+00
  4.025000E+02  1.858039E+00
  4.030000E+02  2.064865E+00
  4.035000E+02  2.249144E+00
  4.040000E+02  2.401462E+00
  4.045000E+02  2.512873E+00
  4.050000E+02  2.575399E+00
  4.055000E+02  2.582487E+00
  4.060000E+02  2.529400E+00
  4.065000E+02  2.413524E+00
  4.070000E+02  2.234571E+00
  4.075000E+02  1.994674E+00
  4.080000E+02  1.698372E+00
  4.085000E+02  1.352469E+00
  4.090000E+02  9.658025E-01
  4.095000E+02  5.489069E-01
  4.100000E+02  1.136050E-01
  4.105000E+02 -3.274588E-01
  4.110000E+02 -7.613212E-01
  4.115000E+02 -1.175214E+00
  4.120000E+02 -1.557064E+00
  4.125000E+02 -1.895965E+00
  4.130000E+02 -2.182588E+00
  4.135000E+02 -2.409523E+00
  4.140000E+02 -2.571534E+00
  4.145000E+02 -2.665720E+00
  4.150000E+02 -2.691571E+00
  4.155000E+02 -2.650931E+00
  4.160000E+02 -2.547853E+00
  4.165000E+02 -2.388377E+00
  4.170000E+02 -2.180220E+00
  4.175000E+02 -1.932412E+00
  4.180000E+02 -1.654887E+00
  4.185000E+02 -1.358044E+00
  4.190000E+02 -1.052308E+00
  4.195000E+02 -7.477010E-01
  4.200000E+02 -4.534510E-01
  4.205000E+02 -1.776431E-01
  4.210000E+02  7.306039E-02
  4.215000E+02  2.936274E-01
  4.220000E+02  4.807819E-01
  4.225000E+02  6.330432E-01
  4.230000E+02  7.506809E-01
  4.235000E+02  8.355871E-01
  4.240000E+02  8.910766E-01
  4.245000E+02  9.216234E-01
  4.250000E+02  9.325488E-01
  4.255000E+02  9.296766E-01
  4.260000E+02  9.189718E-01
  4.265000E+02  9.061827E-01
  4.270000E+02  8.965010E-01
  4.275000E+02  8.942596E-01
  4.280000E+02  9.026800E-01
  4.285000E+02  9.236841E-01
  4.290000E+02  9.577774E-01
  4.295000E+02  1.004011E+00
  4.300000E+02  1.060024E+00
  4.305000E+02  1.122161E+00
  4.310000E+02  1.185668E+00
  4.315000E+02  1.244945E+00
  4.320000E+02  1.293851E+00
  4.325000E+02  1.326049E+00
  4.330000E+02  1.335360E+00
  4.335000E+02  1.316129E+00
  4.340000E+02  1.263567E+00
  4.345000E+02  1.174056E+00
  4.350000E+02  1.045413E+00
  4.355000E+02  8.770827E-01
  4.360000E+02  6.702565E-01
  4.365000E+02  4.279140E-01
  4.370000E+02  1.547775E-01
  4.375000E+02 -1.428159E-01
  4.380000E+02 -4.571194E-01
  4.385000E+02 -7.792527E-01
  4.390000E+02 -1.099534E+00
  4.395000E+02 -1.407854E+00
  4.400000E+02 -1.694079E+00
  4.405000E+02 -1.948455E+00
  4.410000E+02 -2.162008E+00
  4.415000E+02 -2.326909E+00
  4.420000E+02 -2.436799E+00
  4.425000E+02 -2.487054E+00
  4.430000E+02 -2.474975E+00
  4.435000E+02 -2.399904E+00
  4.440000E+02 -2.263259E+00
  4.445000E+02 -2.068477E+00
  4.450000E+02 -1.820890E+00
  4.455000E+02 -1.527515E+00
  4.460000E+02 -1.196794E+00
  4.465000E+02 -8.382747E-01
  4.470000E+02 -4.622575E-01
  4.475000E+02 -7.942690E-02
  4.480000E+02  2.995253E-01
  4.485000E+02  6.642638E-01
  4.490000E+02  1.005147E+00
  4.495000E+02  1.313528E+00
  4.500000E+02  1.581999E+00
  4.505000E+02  1.804593E+00
  4.510000E+02  1.976906E+00
  4.515000E+02  2.096173E+00
  4.520000E+02  2.161270E+00
  4.525000E+02  2.172665E+00
  4.530000E+02  2.132311E+00
  4.535000E+02  2.043501E+00
  4.540000E+02  1.910682E+00
  4.545000E+02  1.739248E+00
  4.550000E+02  1.535319E+00
  4.555000E+02  1.305511E+00
  4.560000E+02  1.056713E+00
  4.565000E+02  7.958756E-01
  4.570000E+02  5.298209E-01
  4.575000E+02  2.650706E-01
  4.580000E+02  7.704747E-03
  4.585000E+02 -2.367529E-01
  4.590000E+02 -4.634215E-01
  4.595000E+02 -6.681233E-01
  4.600000E+02 -8.474196E-01
  4.605000E+02 -9.986258E-01
  4.610000E+02 -1.119809E+00
  4.615000E+02 -1.209774E+00
  4.620000E+02 -1.268033E+00
  4.625000E+02 -1.294774E+00
  4.630000E+02 -1.290823E+00
  4.635000E+02 -1.257600E+00
  4.640000E+02 -1.197070E+00
  4.645000E+02 -1.111703E+00
  4.650000E+02 -1.004416E+00
  4.655000E+02 -8.785196E-01
  4.660000E+02 -7.376592E-01
  4.665000E+02 -5.857473E-01
  4.670000E+02 -4.268901E-01
  4.675000E+02 -2.653065E-01
  4.680000E+02 -1.052390E-01
  4.685000E+02  4.914137E-02
  4.690000E+02  1.938362E-01
  4.695000E+02  3.251227E-01
  4.700000E+02  4.396575E-01
  4.705000E+02  5.345757E-01
  4.710000E+02  6.075829E-01
  4.715000E+02  6.570345E-01
  4.720000E+02  6.819996E-01
  4.725000E+02  6.823041E-01
  4.730000E+02  6.585516E-01
  4.735000E+02  6.121179E-01
  4.740000E+02  5.451193E-01
  4.745000E+02  4.603530E-01
  4.750000E+02  3.612124E-01
  4.755000E+02  2.515775E-01
  4.760000E+02  1.356853E-01
  4.765000E+02  1.798375E-02
  4.770000E+02 -9.702397E-02
  4.775000E+02 -2.049412E-01
  4.780000E+02 -3.016369E-01
  4.785000E+02 -3.833973E-01
  4.790000E+02 -4.470634E-01
  4.795000E+02 -4.901482E-01
  4.800000E+02 -5.109297E-01
  4.805000E+02 -5.085163E-01
  4.810000E+02 -4.828797E-01
  4.815000E+02 -4.348574E-01
  4.820000E+02 -3.661216E-01
  4.825000E+02 -2.791188E-01
  4.830000E+02 -1.769802E-01
  4.835000E+02 -6.340831E-02
  4.840000E+02  5.745587E-02
  4.845000E+02  1.811807E-01
  4.850000E+02  3.032003E-01
  4.855000E+02  4.189736E-01
  4.860000E+02  5.241411E-01
  4.865000E+02  6.146732E-01
  4.870000E+02  6.870057E-01
  4.875000E+02  7.381580E-01
  4.880000E+02  7.658314E-01
  4.885000E+02  7.684835E-01
  4.890000E+02  7.453794E-01
  4.895000E+02  6.966168E-01
  4.900000E+02  6.231265E-01
  4.905000E+02  5.266485E-01
  4.910000E+02  4.096852E-01
  4.915000E+02  2.754335E-01
  4.920000E+02  1.276981E-01
  4.925000E+02 -2.921190E-02
  4.930000E+02 -1.905997E-01
  4.935000E+02 -3.515096E-01
  4.940000E+02 -5.068637E-01
  4.945000E+02 -6.516045E-01
  4.950000E+02 -7.808406E-01
  4.955000E+02 -8.899921E-01
  4.960000E+02 -9.749335E-01
  4.965000E+02 -1.032130E+00
  4.970000E+02 -1.058764E+00
  4.975000E+02 -1.052850E+00
  4.980000E+02 -1.013330E+00
  4.985000E+02 -9.401519E-01
  4.990000E+02 -8.343191E-01
  4.995000E+02 -6.979179E-01
  5.000000E+02 -5.341093E-01
  5.005000E+02 -3.470892E-01
  5.010000E+02 -1.420130E-01
  5.015000E+02  7.511593E-02
  5.020000E+02  2.975940E-01
  5.025000E+02  5.181985E-01
  5.030000E+02  7.293998E-01
  5.035000E+02  9.235986E-01
  5.040000E+02  1.093383E+00
  5.045000E+02  1.231797E+00
  5.050000E+02  1.332610E+00
  5.055000E+02  1.390579E+00
  5.060000E+02  1.401691E+00
  5.065000E+02  1.363379E+00
  5.070000E+02  1.274695E+00
  5.075000E+02  1.136430E+00
  5.080000E+02  9.511843E-01
  5.085000E+02  7.233676E-01
  5.090000E+02  4.591302E-01
  5.095000E+02  1.662276E-01
  5.100000E+02 -1.461859E-01
  5.105000E+02 -4.678260E-01
  5.110000E+02 -7.876045E-01
  5.115000E+02 -1.094001E+00
  5.120000E+02 -1.375470E+00
  5.125000E+02 -1.620862E+00
  5.130000E+02 -1.819855E+00
  5.135000E+02 -1.963365E+00
  5.140000E+02 -2.043926E+00
  5.145000E+02 -2.056030E+00
  5.150000E+02 -1.996395E+00
  5.155000E+02 -1.864163E+00
  5.160000E+02 -1.661016E+00
  5.165000E+02 -1.391196E+00
  5.170000E+02 -1.061431E+00
  5.175000E+02 -6.807750E-01
  5.180000E+02 -2.603444E-01
  5.185000E+02  1.870127E-01
  5.190000E+02  6.471250E-01
  5.195000E+02  1.104960E+00
  5.200000E+02  1.545126E+00
  5.205000E+02  1.952394E+00
  5.210000E+02  2.312225E+00
  5.215000E+02  2.611277E+00
  5.220000E+02  2.837879E+00
  5.225000E+02  2.982458E+00
  5.230000E+02  3.037890E+00
  5.235000E+02  2.999782E+00
  5.240000E+02  2.866660E+00
  5.245000E+02  2.640061E+00
  5.250000E+02  2.324537E+00
  5.255000E+02  1.927548E+00
  5.260000E+02  1.459273E+00
  5.265000E+02  9.323248E-01
  5.270000E+02  3.613961E-01
  5.275000E+02 -2.371721E-01
  5.280000E+02 -8.458679E-01
  5.285000E+02 -1.446529E+00
  5.290000E+02 -2.020884E+00
  5.295000E+02 -2.551107E+00
  5.300000E+02 -3.020358E+00
  5.305000E+02 -3.413303E+00
  5.310000E+02 -3.716599E+00
  5.315000E+02 -3.919316E+00
  5.320000E+02 -4.013312E+00
  5.325000E+02 -3.993511E+00
  5.330000E+02 -3.858118E+00
  5.335000E+02 -3.608727E+00
  5.340000E+02 -3.250340E+00
  5.345000E+02 -2.791281E+00
  5.350000E+02 -2.243023E+00
  5.355000E+02 -1.619904E+00
  5.360000E+02 -9.387632E-01
  5.365000E+02 -2.184865E-01
  5.370000E+02  5.205133E-01
  5.375000E+02  1.256881E+00
  5.380000E+02  1.968943E+00
  5.385000E+02  2.635363E+00
  5.390000E+02  3.235796E+00
  5.395000E+02  3.751536E+00
  5.400000E+02  4.166125E+00
  5.405000E+02  4.465910E+00
  5.410000E+02  4.640520E+00
  5.415000E+02  4.683255E+00
  5.420000E+02  4.591361E+00
  5.425000E+02  4.366188E+00
  5.430000E+02  4.013209E+00
  5.435000E+02  3.541912E+00
  5.440000E+02  2.965551E+00
  5.445000E+02  2.300772E+00
  5.450000E+02  1.567111E+00
  5.455000E+02  7.863922E-01
  5.460000E+02 -1.795664E-02
  5.465000E+02 -8.216609E-01
  5.470000E+02 -1.600385E+00
  5.475000E+02 -2.330532E+00
  5.480000E+02 -2.990020E+00
  5.485000E+02 -3.559014E+00
  5.490000E+02 -4.020581E+00
  5.495000E+02 -4.361244E+00
  5.500000E+02 -4.571424E+00
  5.505000E+02 -4.645732E+00
  5.510000E+02 -4.583128E+00
  5.515000E+02 -4.386923E+00
  5.520000E+02 -4.064626E+00
  5.525000E+02 -3.627651E+00
  5.530000E+02 -3.090895E+00
  5.535000E+02 -2.472192E+00
  5.540000E+02 -1.791682E+00
  5.545000E+02 -1.071112E+00
  5.550000E+02 -3.330855E-01
  5.555000E+02  3.996888E-01
  5.560000E+02  1.105143E+00
  5.565000E+02  1.762551E+00
  5.570000E+02  2.353167E+00
  5.575000E+02  2.860781E+00
  5.580000E+02  3.272166E+00
  5.585000E+02  3.577416E+00
  5.590000E+02  3.770163E+00
  5.595000E+02  3.847669E+00
  5.600000E+02  3.810794E+00
  5.605000E+02  3.663851E+00
  5.610000E+02  3.414357E+00
  5.615000E+02  3.072690E+00
  5.620000E+02  2.651671E+00
  5.625000E+02  2.166092E+00
  5.630000E+02  1.632197E+00
  5.635000E+02  1.067145E+00
  5.640000E+02  4.884730E-01
  5.645000E+02 -8.643280E-02
  5.650000E+02 -6.408385E-01
  5.655000E+02 -1.159120E+00
  5.660000E+02 -1.627172E+00
  5.665000E+02 -2.032757E+00
  5.670000E+02 -2.365784E+00
  5.675000E+02 -2.618531E+00
  5.680000E+02 -2.785778E+00
  5.685000E+02 -2.864886E+00
  5.690000E+02 -2.855796E+00
  5.695000E+02 -2.760963E+00
  5.700000E+02 -2.585235E+00
  5.705000E+02 -2.335662E+00
  5.710000E+02 -2.021267E+00
  5.715000E+02 -1.652760E+00
  5.720000E+02 -1.242223E+00
  5.725000E+02 -8.027579E-01
  5.730000E+02 -3.481171E-01
  5.735000E+02  1.076826E-01
  5.740000E+02  5.507509E-01
  5.745000E+02  9.677098E-01
  5.750000E+02  1.346067E+00
  5.755000E+02  1.674563E+00
  5.760000E+02  1.943494E+00
  5.765000E+02  2.144985E+00
  5.770000E+02  2.273215E+00
  5.775000E+02  2.324596E+00
  5.780000E+02  2.297877E+00
  5.785000E+02  2.194190E+00
  5.790000E+02  2.017023E+00
  5.795000E+02  1.772129E+00
  5.800000E+02  1.467358E+00
  5.805000E+02  1.112437E+00
  5.810000E+02  7.186793E-01
  5.815000E+02  2.986529E-01
  5.820000E+02 -1.341964E-01
  5.825000E+02 -5.659508E-01
  5.830000E+02 -9.826440E-01
  5.835000E+02 -1.370689E+00
  5.840000E+02 -1.717295E+00
  5.845000E+02 -2.010869E+00
  5.850000E+02 -2.241372E+00
  5.855000E+02 -2.400645E+00
  5.860000E+02 -2.482661E+00
  5.865000E+02 -2.483730E+00
  5.870000E+02 -2.402628E+00
  5.875000E+02 -2.240645E+00
  5.880000E+02 -2.001572E+00
  5.885000E+02 -1.691604E+00
  5.890000E+02 -1.319171E+00
  5.895000E+02 -8.947078E-01
  5.900000E+02 -4.303604E-01
  5.905000E+02  6.035996E-02
  5.910000E+02  5.629612E-01
  5.915000E+02  1.062388E+00
  5.920000E+02  1.543456E+00
  5.925000E+02  1.991298E+00
  5.930000E+02  2.391796E+00
  5.935000E+02  2.732004E+00
  5.940000E+02  3.000536E+00
  5.945000E+02  3.187919E+00
  5.950000E+02  3.286889E+00
  5.955000E+02  3.292631E+00
  5.960000E+02  3.202956E+00
  5.965000E+02  3.018397E+00
  5.970000E+02  2.742239E+00
  5.975000E+02  2.380457E+00
  5.980000E+02  1.941592E+00
  5.985000E+02  1.436534E+00
  5.990000E+02  8.782484E-01
  5.995000E+02  2.814249E-01
  6.000000E+02 -3.379193E-01
  6.005000E+02 -9.628884E-01
  6.010000E+02 -1.576186E+00
  6.015000E+02 -2.160611E+00
  6.020000E+02 -2.699563E+00
  6.025000E+02 -3.177525E+00
  6.030000E+02 -3.580530E+00
  6.035000E+02 -3.896576E+00
  6.040000E+02 -4.115991E+00
  6.045000E+02 -4.231726E+00
  6.050000E+02 -4.239569E+00
  6.055000E+02 -4.138273E+00
  6.060000E+02 -3.929598E+00
  6.065000E+02 -3.618249E+00
  6.070000E+02 -3.211738E+00
  6.075000E+02 -2.720152E+00
  6.080000E+02 -2.155845E+00
  6.085000E+02 -1.533069E+00
  6.090000E+02 -8.675503E-01
  6.095000E+02 -1.760273E-01
  6.100000E+02  5.242286E-01
  6.105000E+02  1.215898E+00
  6.110000E+02  1.882087E+00
  6.115000E+02  2.506768E+00
  6.120000E+02  3.075185E+00
  6.125000E+02  3.574203E+00
  6.130000E+02  3.992593E+00
  6.135000E+02  4.321255E+00
  6.140000E+02  4.553368E+00
  6.145000E+02  4.684467E+00
  6.150000E+02  4.712456E+00
  6.155000E+02  4.637562E+00
  6.160000E+02  4.462226E+00
  6.165000E+02  4.190963E+00
  6.170000E+02  3.830169E+00
  6.175000E+02  3.387921E+00
  6.180000E+02  2.873745E+00
  6.185000E+02  2.298390E+00
  6.190000E+02  1.673596E+00
  6.195000E+02  1.011863E+00
  6.200000E+02  3.262434E-01
  6.205000E+02 -3.698719E-01
  6.210000E+02 -1.062944E+00
  6.215000E+02 -1.739473E+00
  6.220000E+02 -2.386179E+00
  6.225000E+02 -2.990180E+00
  6.230000E+02 -3.539170E+00
  6.235000E+02 -4.021605E+00
  6.240000E+02 -4.426894E+00
  6.245000E+02 -4.745596E+00
  6.250000E+02 -4.969630E+00
  6.255000E+02 -5.092482E+00
  6.260000E+02 -5.109418E+00
  6.265000E+02 -5.017680E+00
  6.270000E+02 -4.816677E+00
  6.275000E+02 -4.508134E+00
  6.280000E+02 -4.096215E+00
  6.285000E+02 -3.587587E+00
  6.290000E+02 -2.991427E+00
  6.295000E+02 -2.319357E+00
  6.300000E+02 -1.585296E+00
  6.305000E+02 -8.052436E-01
  6.310000E+02  3.040627E-03
  6.315000E+02  8.204222E-01
  6.320000E+02  1.626860E+00
  6.325000E+02  2.401938E+00
  6.330000E+02  3.125441E+00
  6.335000E+02  3.777968E+00
  6.340000E+02  4.341551E+00
  6.345000E+02  4.800262E+00
  6.350000E+02  5.140780E+00
  6.355000E+02  5.352899E+00
  6.360000E+02  5.429951E+00
  6.365000E+02  5.369120E+00
  6.370000E+02  5.171631E+00
  6.375000E+02  4.842814E+00
  6.380000E+02  4.392009E+00
  6.385000E+02  3.832333E+00
  6.390000E+02  3.180305E+00
  6.395000E+02  2.455334E+00
  6.400000E+02  1.679097E+00
  6.405000E+02  8.748178E-01
  6.410000E+02  6.647832E-02
  6.415000E+02 -7.220053E-01
  6.420000E+02 -1.467617E+00
  6.425000E+02 -2.149046E+00
  6.430000E+02 -2.747435E+00
  6.435000E+02 -3.247031E+00
  6.440000E+02 -3.635729E+00
  6.445000E+02 -3.905468E+00
  6.450000E+02 -4.052466E+00
  6.455000E+02 -4.077296E+00
  6.460000E+02 -3.984780E+00
  6.465000E+02 -3.783722E+00
  6.470000E+02 -3.486480E+00
  6.475000E+02 -3.108399E+00
  6.480000E+02 -2.667132E+00
  6.485000E+02 -2.181877E+00
  6.490000E+02 -1.672554E+00
  6.495000E+02 -1.158978E+00
  6.500000E+02 -6.600431E-01
  6.505000E+02 -1.929659E-01
  6.510000E+02  2.273820E-01
  6.515000E+02  5.890248E-01
  6.520000E+02  8.832908E-01
  6.525000E+02  1.105064E+00
  6.530000E+02  1.252867E+00
  6.535000E+02  1.328775E+00
  6.540000E+02  1.338163E+00
  6.545000E+02  1.289311E+00
  6.550000E+02  1.192872E+00
  6.555000E+02  1.061243E+00
  6.560000E+02  9.078618E-01
  6.565000E+02  7.464735E-01
  6.570000E+02  5.903907E-01
  6.575000E+02  4.517952E-01
  6.580000E+02  3.411085E-01
  6.585000E+02  2.664643E-01
  6.590000E+02  2.333073E-01
  6.595000E+02  2.441380E-01
  6.600000E+02  2.984152E-01
  6.605000E+02  3.926200E-01
  6.610000E+02  5.204773E-01
  6.615000E+02  6.733220E-01
  6.620000E+02  8.405924E-01
  6.625000E+02  1.010423E+00
  6.630000E+02  1.170307E+00
  6.635000E+02  1.307798E+00
  6.640000E+02  1.411203E+00
  6.645000E+02  1.470251E+00
  6.650000E+02  1.476684E+00
  6.655000E+02  1.424746E+00
  6.660000E+02  1.311555E+00
  6.665000E+02  1.137317E+00
  6.670000E+02  9.053947E-01
  6.675000E+02  6.222107E-01
  6.680000E+02  2.969911E-01
  6.685000E+02 -5.863188E-02
  6.690000E+02 -4.311432E-01
  6.695000E+02 -8.057693E-01
  6.700000E+02 -1.167171E+00
  6.705000E+02 -1.500172E+00
  6.710000E+02 -1.790483E+00
  6.715000E+02 -2.025398E+00
  6.720000E+02 -2.194407E+00
  6.725000E+02 -2.289720E+00
  6.730000E+02 -2.306654E+00
  6.735000E+02 -2.243882E+00
  6.740000E+02 -2.103516E+00
  6.745000E+02 -1.891031E+00
  6.750000E+02 -1.615033E+00
  6.755000E+02 -1.286872E+00
  6.760000E+02 -9.201288E-01
  6.765000E+02 -5.300003E-01
  6.770000E+02 -1.326046E-01
  6.775000E+02  2.557527E-01
  6.780000E+02  6.193200E-01
  6.785000E+02  9.436118E-01
  6.790000E+02  1.216060E+00
  6.795000E+02  1.426569E+00
  6.800000E+02  1.567959E+00
  6.805000E+02  1.636261E+00
  6.810000E+02  1.630866E+00
  6.815000E+02  1.554517E+00
  6.820000E+02  1.413139E+00
  6.825000E+02  1.215524E+00
  6.830000E+02  9.728870E-01
  6.835000E+02  6.983063E-01
  6.840000E+02  4.060891E-01
  6.845000E+02  1.110788E-01
  6.850000E+02 -1.720523E-01
  6.855000E+02 -4.294967E-01
  6.860000E+02 -6.489569E-01
  6.865000E+02 -8.202130E-01
  6.870000E+02 -9.355855E-01
  6.875000E+02 -9.902732E-01
  6.880000E+02 -9.825503E-01
  6.885000E+02 -9.138149E-01
  6.890000E+02 -7.884877E-01
  6.895000E+02 -6.137670E-01
  6.900000E+02 -3.992518E-01
  6.905000E+02 -1.564532E-01
  6.910000E+02  1.017824E-01
  6.915000E+02  3.619106E-01
  6.920000E+02  6.103556E-01
  6.925000E+02  8.341733E-01
  6.930000E+02  1.021681E+00
  6.935000E+02  1.163020E+00
  6.940000E+02  1.250631E+00
  6.945000E+02  1.279611E+00
  6.950000E+02  1.247941E+00
  6.955000E+02  1.156579E+00
  6.960000E+02  1.009392E+00
  6.965000E+02  8.129662E-01
  6.970000E+02  5.762721E-01
  6.975000E+02  3.102179E-01
  6.980000E+02  2.711164E-02
  6.985000E+02 -2.599454E-01
  6.990000E+02 -5.377012E-01
  6.995000E+02 -7.934012E-01
  7.000000E+02 -1.015411E+00
  7.005000E+02 -1.193779E+00
  7.010000E+02 -1.320720E+00
  7.015000E+02 -1.390985E+00
  7.020000E+02 -1.402104E+00
  7.025000E+02 -1.354496E+00
  7.030000E+02 -1.251429E+00
  7.035000E+02 -1.098838E+00
  7.040000E+02 -9.050132E-01
  7.045000E+02 -6.801688E-01
  7.050000E+02 -4.359138E-01
  7.055000E+02 -1.846562E-01
  7.060000E+02  6.103300E-02
  7.065000E+02  2.890631E-01
  7.070000E+02  4.884409E-01
  7.075000E+02  6.498312E-01
  7.080000E+02  7.660301E-01
  7.085000E+02  8.323289E-01
  7.090000E+02  8.467475E-01
  7.095000E+02  8.101262E-01
  7.100000E+02  7.260704E-01
  7.105000E+02  6.007501E-01
  7.110000E+02  4.425648E-01
  7.115000E+02  2.616906E-01
  7.120000E+02  6.953187E-02
  7.125000E+02 -1.218930E-01
  7.130000E+02 -3.006014E-01
  7.135000E+02 -4.552966E-01
  7.140000E+02 -5.759853E-01
  7.145000E+02 -6.545295E-01
  7.150000E+02 -6.851030E-01
  7.155000E+02 -6.645290E-01
  7.160000E+02 -5.924797E-01
  7.165000E+02 -4.715263E-01
  7.170000E+02 -3.070367E-01
  7.175000E+02 -1.069239E-01
  7.180000E+02  1.187407E-01
  7.185000E+02  3.582320E-01
  7.190000E+02  5.987676E-01
  7.195000E+02  8.271641E-01
  7.200000E+02  1.030522E+00
  7.205000E+02  1.196903E+00
  7.210000E+02  1.315962E+00
  7.215000E+02  1.379504E+00
  7.220000E+02  1.381942E+00
  7.225000E+02  1.320614E+00
  7.230000E+02  1.195964E+00
  7.235000E+02  1.011568E+00
  7.240000E+02  7.739901E-01
  7.245000E+02  4.925061E-01
  7.250000E+02  1.786740E-01
  7.255000E+02 -1.542019E-01
  7.260000E+02 -4.916989E-01
  7.265000E+02 -8.189610E-01
  7.270000E+02 -1.121407E+00
  7.275000E+02 -1.385426E+00
  7.280000E+02 -1.599026E+00
  7.285000E+02 -1.752406E+00
  7.290000E+02 -1.838419E+00
  7.295000E+02 -1.852905E+00
  7.300000E+02 -1.794885E+00
  7.305000E+02 -1.666597E+00
  7.310000E+02 -1.473379E+00
  7.315000E+02 -1.223410E+00
  7.320000E+02 -9.273125E-01
  7.325000E+02 -5.976500E-01
  7.330000E+02 -2.483339E-01
  7.335000E+02  1.060224E-01
  7.340000E+02  4.507747E-01
  7.345000E+02  7.719101E-01
  7.350000E+02  1.056668E+00
  7.355000E+02  1.294094E+00
  7.360000E+02  1.475494E+00
  7.365000E+02  1.594781E+00
  7.370000E+02  1.648689E+00
  7.375000E+02  1.636851E+00
  7.380000E+02  1.561744E+00
  7.385000E+02  1.428499E+00
  7.390000E+02  1.244601E+00
  7.395000E+02  1.019479E+00
  7.400000E+02  7.640280E-01
  7.405000E+02  4.900679E-01
  7.410000E+02  2.097852E-01
  7.415000E+02 -6.482983E-02
  7.420000E+02 -3.225164E-01
  7.425000E+02 -5.532244E-01
  7.430000E+02 -7.485233E-01
  7.435000E+02 -9.019217E-01
  7.440000E+02 -1.009085E+00
  7.445000E+02 -1.067944E+00
  7.450000E+02 -1.078700E+00
  7.455000E+02 -1.043715E+00
  7.460000E+02 -9.673133E-01
  7.465000E+02 -8.554975E-01
  7.470000E+02 -7.155970E-01
  7.475000E+02 -5.558684E-01
  7.480000E+02 -3.850685E-01
  7.485000E+02 -2.120213E-01
  7.490000E+02 -4.519725E-02
  7.495000E+02  1.076738E-01
  7.500000E+02  2.399412E-01
  7.505000E+02  3.463088E-01
  7.510000E+02  4.230371E-01
  7.515000E+02  4.680655E-01
  7.520000E+02  4.810520E-01
  7.525000E+02  4.633308E-01
  7.530000E+02  4.177933E-01
  7.535000E+02  3.486993E-01
  7.540000E+02  2.614299E-01
  7.545000E+02  1.621934E-01
  7.550000E+02  5.770058E-02
  7.555000E+02 -4.517822E-02
  7.560000E+02 -1.397563E-01
  7.565000E+02 -2.198607E-01
  7.570000E+02 -2.801346E-01
  7.575000E+02 -3.162991E-01
  7.580000E+02 -3.253642E-01
  7.585000E+02 -3.057803E-01
  7.590000E+02 -2.575242E-01
  7.595000E+02 -1.821160E-01
  7.600000E+02 -8.256691E-02
  7.605000E+02  3.674065E-02
  7.610000E+02  1.702351E-01
  7.615000E+02  3.113938E-01
  7.620000E+02  4.530266E-01
  7.625000E+02  5.875952E-01
  7.630000E+02  7.075538E-01
  7.635000E+02  8.056993E-01
  7.640000E+02  8.755139E-01
  7.645000E+02  9.114895E-01
  7.650000E+02  9.094158E-01
  7.655000E+02  8.666215E-01
  7.660000E+02  7.821568E-01
  7.665000E+02  6.569065E-01
  7.670000E+02  4.936271E-01
  7.675000E+02  2.969044E-01
  7.680000E+02  7.302902E-02
  7.685000E+02 -1.702072E-01
  7.690000E+02 -4.237880E-01
  7.695000E+02 -6.778140E-01
  7.700000E+02 -9.218964E-01
  7.705000E+02 -1.145587E+00
  7.710000E+02 -1.338830E+00
  7.715000E+02 -1.492411E+00
  7.720000E+02 -1.598389E+00
  7.725000E+02 -1.650488E+00
  7.730000E+02 -1.644432E+00
  7.735000E+02 -1.578198E+00
  7.740000E+02 -1.452189E+00
  7.745000E+02 -1.269293E+00
  7.750000E+02 -1.034842E+00
  7.755000E+02 -7.564614E-01
  7.760000E+02 -4.438026E-01
  7.765000E+02 -1.081880E-01
  7.770000E+02  2.378365E-01
  7.775000E+02  5.810145E-01
  7.780000E+02  9.079380E-01
  7.785000E+02  1.205628E+00
  7.790000E+02  1.462108E+00
  7.795000E+02  1.666946E+00
  7.800000E+02  1.811739E+00
  7.805000E+02  1.890507E+00
  7.810000E+02  1.899991E+00
  7.815000E+02  1.839826E+00
  7.820000E+02  1.712580E+00
  7.825000E+02  1.523665E+00
  7.830000E+02  1.281107E+00
  7.835000E+02  9.951951E-01
  7.840000E+02  6.780215E-01
  7.845000E+02  3.429341E-01
  7.850000E+02  3.927303E-03
  7.855000E+02 -3.249991E-01
  7.860000E+02 -6.304813E-01
  7.865000E+02 -9.004013E-01
  7.870000E+02 -1.124435E+00
  7.875000E+02 -1.294508E+00
  7.880000E+02 -1.405146E+00
  7.885000E+02 -1.453682E+00
  7.890000E+02 -1.440337E+00
  7.895000E+02 -1.368148E+00
  7.900000E+02 -1.242759E+00
  7.905000E+02 -1.072082E+00
  7.910000E+02 -8.658568E-01
  7.915000E+02 -6.351159E-01
  7.920000E+02 -3.916033E-01
  7.925000E+02 -1.471645E-01
  7.930000E+02  8.685205E-02
  7.935000E+02  3.001527E-01
  7.940000E+02  4.839845E-01
  7.945000E+02  6.315257E-01
  7.950000E+02  7.381595E-01
  7.955000E+02  8.016194E-01
  7.960000E+02  8.220006E-01
  7.965000E+02  8.016390E-01
  7.970000E+02  7.448694E-01
  7.975000E+02  6.576778E-01
  7.980000E+02  5.472721E-01
  7.985000E+02  4.215974E-01
  7.990000E+02  2.888262E-01
  7.995000E+02  1.568557E-01
  8.000000E+02  3.283938E-02
  8.005000E+02 -7.721526E-02
  8.010000E+02 -1.687637E-01
  8.015000E+02 -2.389355E-01
  8.020000E+02 -2.866305E-01
  8.025000E+02 -3.124949E-01
  8.030000E+02 -3.187827E-01
  8.035000E+02 -3.091118E-01
  8.040000E+02 -2.881329E-01
  8.045000E+02 -2.611345E-01
  8.050000E+02 -2.336090E-01
  8.055000E+02 -2.108102E-01
  8.060000E+02 -1.973297E-01
  8.065000E+02 -1.967217E-01
  8.070000E+02 -2.111994E-01
  8.075000E+02 -2.414238E-01
  8.080000E+02 -2.863985E-01
  8.085000E+02 -3.434792E-01
  8.090000E+02 -4.084963E-01
  8.095000E+02 -4.759863E-01
  8.100000E+02 -5.395169E-01
  8.105000E+02 -5.920876E-01
  8.110000E+02 -6.265817E-01
  8.115000E+02 -6.362423E-01
  8.120000E+02 -6.151447E-01
  8.125000E+02 -5.586357E-01
  8.130000E+02 -4.637143E-01
  8.135000E+02 -3.293290E-01
  8.140000E+02 -1.565744E-01
  8.145000E+02  5.122577E-02
  8.150000E+02  2.885573E-01
  8.155000E+02  5.478734E-01
  8.160000E+02  8.198670E-01
  8.165000E+02  1.093843E+00
  8.170000E+02  1.358173E+00
  8.175000E+02  1.600810E+00
  8.180000E+02  1.809839E+00
  8.185000E+02  1.974031E+00
  8.190000E+02  2.083380E+00
  8.195000E+02  2.129595E+00
  8.200000E+02  2.106522E+00
  8.205000E+02  2.010479E+00
  8.210000E+02  1.840484E+00
  8.215000E+02  1.598379E+00
  8.220000E+02  1.288827E+00
  8.225000E+02  9.192007E-01
  8.230000E+02  4.993564E-01
  8.235000E+02  4.131314E-02
  8.240000E+02 -4.411566E-01
  8.245000E+02 -9.330016E-01
  8.250000E+02 -1.418415E+00
  8.255000E+02 -1.881385E+00
  8.260000E+02 -2.306250E+00
  8.265000E+02 -2.678248E+00
  8.270000E+02 -2.984022E+00
  8.275000E+02 -3.212090E+00
  8.280000E+02 -3.353242E+00
  8.285000E+02 -3.400870E+00
  8.290000E+02 -3.351211E+00
  8.295000E+02 -3.203500E+00
  8.300000E+02 -2.960031E+00
  8.305000E+02 -2.626126E+00
  8.310000E+02 -2.210008E+00
  8.315000E+02 -1.722586E+00
  8.320000E+02 -1.177157E+00
  8.325000E+02 -5.890316E-01
  8.330000E+02  2.490743E-02
  8.335000E+02  6.467002E-01
  8.340000E+02  1.257850E+00
  8.345000E+02  1.839890E+00
  8.350000E+02  2.374965E+00
  8.355000E+02  2.846406E+00
  8.360000E+02  3.239288E+00
  8.365000E+02  3.540942E+00
  8.370000E+02  3.741414E+00
  8.375000E+02  3.833846E+00
  8.380000E+02  3.814766E+00
  8.385000E+02  3.684272E+00
  8.390000E+02  3.446099E+00
  8.395000E+02  3.107559E+00
  8.400000E+02  2.679357E+00
  8.405000E+02  2.175273E+00
  8.410000E+02  1.611733E+00
  8.415000E+02  1.007257E+00
  8.420000E+02  3.818312E-01
  8.425000E+02 -2.438059E-01
  8.430000E+02 -8.489110E-01
  8.435000E+02 -1.413504E+00
  8.440000E+02 -1.919123E+00
  8.445000E+02 -2.349523E+00
  8.450000E+02 -2.691311E+00
  8.455000E+02 -2.934462E+00
  8.460000E+02 -3.072711E+00
  8.465000E+02 -3.103795E+00
  8.470000E+02 -3.029529E+00
  8.475000E+02 -2.855713E+00
  8.480000E+02 -2.591874E+00
  8.485000E+02 -2.250849E+00
  8.490000E+02 -1.848227E+00
  8.495000E+02 -1.401674E+00
  8.500000E+02 -9.301757E-01
  8.505000E+02 -4.532190E-01
  8.510000E+02  1.003184E-02
  8.515000E+02  4.415443E-01
  8.520000E+02  8.251642E-01
  8.525000E+02  1.147270E+00
  8.530000E+02  1.397303E+00
  8.535000E+02  1.568156E+00
  8.540000E+02  1.656395E+00
  8.545000E+02  1.662313E+00
  8.550000E+02  1.589812E+00
  8.555000E+02  1.446129E+00
  8.560000E+02  1.241415E+00
  8.565000E+02  9.881833E-01
  8.570000E+02  7.006800E-01
  8.575000E+02  3.941824E-01
  8.580000E+02  8.427538E-02
  8.585000E+02 -2.138632E-01
  8.590000E+02 -4.861350E-01
  8.595000E+02 -7.201210E-01
  8.600000E+02 -9.055819E-01
  8.605000E+02 -1.034840E+00
  8.610000E+02 -1.103030E+00
  8.615000E+02 -1.108211E+00
  8.620000E+02 -1.051340E+00
  8.625000E+02 -9.361173E-01
  8.630000E+02 -7.687155E-01
  8.635000E+02 -5.574102E-01
  8.640000E+02 -3.121365E-01
  8.645000E+02 -4.399407E-02
  8.650000E+02  2.352709E-01
  8.655000E+02  5.137838E-01
  8.660000E+02  7.800352E-01
  8.665000E+02  1.023329E+00
  8.670000E+02  1.234168E+00
  8.675000E+02  1.404568E+00
  8.680000E+02  1.528283E+00
  8.685000E+02  1.600956E+00
  8.690000E+02  1.620170E+00
  8.695000E+02  1.585439E+00
  8.700000E+02  1.498111E+00
  8.705000E+02  1.361224E+00
  8.710000E+02  1.179313E+00
  8.715000E+02  9.581784E-01
  8.720000E+02  7.046428E-01
  8.725000E+02  4.262922E-01
  8.730000E+02  1.312240E-01
  8.735000E+02 -1.721959E-01
  8.740000E+02 -4.755587E-01
  8.745000E+02 -7.706171E-01
  8.750000E+02 -1.049467E+00
  8.755000E+02 -1.304707E+00
  8.760000E+02 -1.529574E+00
  8.765000E+02 -1.718065E+00
  8.770000E+02 -1.865038E+00
  8.775000E+02 -1.966299E+00
  8.780000E+02 -2.018683E+00
  8.785000E+02 -2.020118E+00
  8.790000E+02 -1.969687E+00
  8.795000E+02 -1.867668E+00
  8.800000E+02 -1.715575E+00
  8.805000E+02 -1.516165E+00
  8.810000E+02 -1.273441E+00
  8.815000E+02 -9.926132E-01
  8.820000E+02 -6.800463E-01
  8.825000E+02 -3.431593E-01
  8.830000E+02  9.704100E-03
  8.835000E+02  3.694443E-01
  8.840000E+02  7.264131E-01
  8.845000E+02  1.070655E+00
  8.850000E+02  1.392178E+00
  8.855000E+02  1.681250E+00
  8.860000E+02  1.928707E+00
  8.865000E+02  2.126265E+00
  8.870000E+02  2.266823E+00
  8.875000E+02  2.344752E+00
  8.880000E+02  2.356137E+00
  8.885000E+02  2.298989E+00
  8.890000E+02  2.173386E+00
  8.895000E+02  1.981558E+00
  8.900000E+02  1.727895E+00
  8.905000E+02  1.418877E+00
  8.910000E+02  1.062926E+00
  8.915000E+02  6.701852E-01
  8.920000E+02  2.522242E-01
  8.925000E+02 -1.783181E-01
  8.930000E+02 -6.081385E-01
  8.935000E+02 -1.023712E+00
  8.940000E+02 -1.411752E+00
  8.945000E+02 -1.759678E+00
  8.950000E+02 -2.056062E+00
  8.955000E+02 -2.291042E+00
  8.960000E+02 -2.456691E+00
  8.965000E+02 -2.547309E+00
  8.970000E+02 -2.559651E+00
  8.975000E+02 -2.493048E+00
  8.980000E+02 -2.349453E+00
  8.985000E+02 -2.133372E+00
  8.990000E+02 -1.851710E+00
  8.995000E+02 -1.513521E+00
  9.000000E+02 -1.129683E+00
  9.005000E+02 -7.124934E-01
  9.010000E+02 -2.752289E-01
  9.015000E+02  1.683442E-01
  9.020000E+02  6.044641E-01
  9.025000E+02  1.019864E+00
  9.030000E+02  1.402234E+00
  9.035000E+02  1.740641E+00
  9.040000E+02  2.025878E+00
  9.045000E+02  2.250745E+00
  9.050000E+02  2.410232E+00
  9.055000E+02  2.501618E+00
  9.060000E+02  2.524466E+00
  9.065000E+02  2.480526E+00
  9.070000E+02  2.373554E+00
  9.075000E+02  2.209053E+00
  9.080000E+02  1.993954E+00
  9.085000E+02  1.736255E+00
  9.090000E+02  1.444637E+00
  9.095000E+02  1.128073E+00
  9.100000E+02  7.954592E-01
  9.105000E+02  4.552819E-01
  9.110000E+02  1.153312E-01
  9.115000E+02 -2.175140E-01
  9.120000E+02 -5.374299E-01
  9.125000E+02 -8.397122E-01
  9.130000E+02 -1.120763E+00
  9.135000E+02 -1.378005E+00
  9.140000E+02 -1.609733E+00
  9.145000E+02 -1.814917E+00
  9.150000E+02 -1.992975E+00
  9.155000E+02 -2.143530E+00
  9.160000E+02 -2.266179E+00
  9.165000E+02 -2.360287E+00
  9.170000E+02 -2.424825E+00
  9.175000E+02 -2.458272E+00
  9.180000E+02 -2.458587E+00
  9.185000E+02 -2.423251E+00
  9.190000E+02 -2.349403E+00
  9.195000E+02 -2.234033E+00
  9.200000E+02 -2.074250E+00
  9.205000E+02 -1.867596E+00
  9.210000E+02 -1.612380E+00
  9.215000E+02 -1.308034E+00
  9.220000E+02 -9.554339E-01
  9.225000E+02 -5.571924E-01
  9.230000E+02 -1.178741E-01
  9.235000E+02  3.558705E-01
  9.240000E+02  8.552772E-01
  9.245000E+02  1.369555E+00
  9.250000E+02  1.886093E+00
  9.255000E+02  2.390786E+00
  9.260000E+02  2.868471E+00
  9.265000E+02  3.303453E+00
  9.270000E+02  3.680109E+00
  9.275000E+02  3.983533E+00
  9.280000E+02  4.200195E+00
  9.285000E+02  4.318588E+00
  9.290000E+02  4.329814E+00
  9.295000E+02  4.228091E+00
  9.300000E+02  4.011157E+00
  9.305000E+02  3.680519E+00
  9.310000E+02  3.241573E+00
  9.315000E+02  2.703542E+00
  9.320000E+02  2.079262E+00
  9.325000E+02  1.384804E+00
  9.330000E+02  6.389555E-01
  9.335000E+02 -1.374235E-01
  9.340000E+02 -9.221341E-01
  9.345000E+02 -1.692438E+00
  9.350000E+02 -2.425882E+00
  9.355000E+02 -3.101108E+00
  9.360000E+02 -3.698624E+00
  9.365000E+02 -4.201486E+00
  9.370000E+02 -4.595873E+00
  9.375000E+02 -4.871534E+00
  9.380000E+02 -5.022072E+00
  9.385000E+02 -5.045084E+00
  9.390000E+02 -4.942126E+00
  9.395000E+02 -4.718540E+00
  9.400000E+02 -4.383121E+00
  9.405000E+02 -3.947686E+00
  9.410000E+02 -3.426532E+00
  9.415000E+02 -2.835834E+00
  9.420000E+02 -2.193007E+00
  9.425000E+02 -1.516067E+00
  9.430000E+02 -8.230033E-01
  9.435000E+02 -1.312175E-01
  9.440000E+02  5.429794E-01
  9.445000E+02  1.184775E+00
  9.450000E+02  1.781167E+00
  9.455000E+02  2.321171E+00
  9.460000E+02  2.795928E+00
  9.465000E+02  3.198718E+00
  9.470000E+02  3.524888E+00
  9.475000E+02  3.771720E+00
  9.480000E+02  3.938239E+00
  9.485000E+02  4.025004E+00
  9.490000E+02  4.033879E+00
  9.495000E+02  3.967811E+00
  9.500000E+02  3.830634E+00
  9.505000E+02  3.626896E+00
  9.510000E+02  3.361737E+00
  9.515000E+02  3.040793E+00
  9.520000E+02  2.670157E+00
  9.525000E+02  2.256358E+00
  9.530000E+02  1.806378E+00
  9.535000E+02  1.327676E+00
  9.540000E+02  8.282116E-01
  9.545000E+02  3.164594E-01
  9.550000E+02 -1.986082E-01
  9.555000E+02 -7.075723E-01
  9.560000E+02 -1.200665E+00
  9.565000E+02 -1.667922E+00
  9.570000E+02 -2.099376E+00
  9.575000E+02 -2.485316E+00
  9.580000E+02 -2.816564E+00
  9.585000E+02 -3.084801E+00
  9.590000E+02 -3.282889E+00
  9.595000E+02 -3.405202E+00
  9.600000E+02 -3.447918E+00
  9.605000E+02 -3.409281E+00
  9.610000E+02 -3.289791E+00
  9.615000E+02 -3.092322E+00
  9.620000E+02 -2.822147E+00
  9.625000E+02 -2.486861E+00
  9.630000E+02 -2.096207E+00
  9.635000E+02 -1.661793E+00
  9.640000E+02 -1.196724E+00
  9.645000E+02 -7.151530E-01
  9.650000E+02 -2.317624E-01
  9.655000E+02  2.387826E-01
  9.660000E+02  6.824025E-01
  9.665000E+02  1.086157E+00
  9.670000E+02  1.438757E+00
  9.675000E+02  1.731016E+00
  9.680000E+02  1.956204E+00
  9.685000E+02  2.110299E+00
  9.690000E+02  2.192117E+00
  9.695000E+02  2.203305E+00
  9.700000E+02  2.148211E+00
  9.705000E+02  2.033619E+00
  9.710000E+02  1.868373E+00
  9.715000E+02  1.662914E+00
  9.720000E+02  1.428733E+00
  9.725000E+02  1.177786E+00
  9.730000E+02  9.219004E-01
  9.735000E+02  6.721946E-01
  9.740000E+02  4.385484E-01
  9.745000E+02  2.291529E-01
  9.750000E+02  5.016157E-02
  9.755000E+02 -9.453832E-02
  9.760000E+02 -2.034206E-01
  9.765000E+02 -2.772785E-01
  9.770000E+02 -3.190483E-01
  9.775000E+02 -3.335109E-01
  9.780000E+02 -3.268868E-01
  9.785000E+02 -3.063522E-01
  9.790000E+02 -2.795031E-01
  9.795000E+02 -2.538005E-01
  9.800000E+02 -2.360314E-01
  9.805000E+02 -2.318178E-01
  9.810000E+02 -2.452060E-01
  9.815000E+02 -2.783606E-01
  9.820000E+02 -3.313849E-01
  9.825000E+02 -4.022804E-01
  9.830000E+02 -4.870485E-01
  9.835000E+02 -5.799323E-01
  9.840000E+02 -6.737837E-01
  9.845000E+02 -7.605362E-01
  9.850000E+02 -8.317550E-01
  9.855000E+02 -8.792305E-01
  9.860000E+02 -8.955807E-01
  9.865000E+02 -8.748218E-01
  9.870000E+02 -8.128722E-01
  9.875000E+02 -7.079546E-01
  9.880000E+02 -5.608688E-01
  9.885000E+02 -3.751135E-01
  9.890000E+02 -1.568443E-01
  9.895000E+02  8.533454E-02
  9.900000E+02  3.407379E-01
  9.905000E+02  5.971099E-01
  9.910000E+02  8.412516E-01
  9.915000E+02  1.059731E+00
  9.920000E+02  1.239639E+00
  9.925000E+02  1.369341E+00
  9.930000E+02  1.439194E+00
  9.935000E+02  1.442171E+00
  9.940000E+02  1.374364E+00
  9.945000E+02  1.235329E+00
  9.950000E+02  1.028256E+00
  9.955000E+02  7.599346E-01
  9.960000E+02  4.405331E-01
  9.965000E+02  8.318301E-02
  9.970000E+02 -2.966061E-01
  9.975000E+02 -6.816715E-01
  9.980000E+02 -1.054026E+00
  9.985000E+02 -1.395748E+00
  9.990000E+02 -1.689881E+00
  9.995000E+02 -1.921299E+00
  1.000000E+03 -2.077490E+00
  1.000500E+03 -2.149211E+00
  1.001000E+03 -2.130982E+00
  1.001500E+03 -2.021395E+00
  1.002000E+03 -1.823211E+00
  1.002500E+03 -1.543257E+00
  1.003000E+03 -1.192108E+00
  1.003500E+03 -7.835943E-01
  1.004000E+03 -3.341375E-01
  1.004500E+03  1.380254E-01
  1.005000E+03  6.137046E-01
  1.005500E+03  1.073653E+00
  1.006000E+03  1.499451E+00
  1.006500E+03  1.874330E+00
  1.007000E+03  2.183900E+00
  1.007500E+03  2.416743E+00
  1.008000E+03  2.564847E+00
  1.008500E+03  2.623854E+00
  1.009000E+03  2.593137E+00
  1.009500E+03  2.475685E+00
  1.010000E+03  2.277824E+00
  1.010500E+03  2.008797E+00
  1.011000E+03  1.680219E+00
  1.011500E+03  1.305457E+00
  1.012000E+03  8.989620E-01
  1.012500E+03  4.755928E-01
  1.013000E+03  4.997124E-02
  1.013500E+03 -3.641050E-01
  1.014000E+03 -7.541616E-01
  1.014500E+03 -1.109440E+00
  1.015000E+03 -1.421173E+00
  1.015500E+03 -1.682735E+00
  1.016000E+03 -1.889676E+00
  1.016500E+03 -2.039649E+00
  1.017000E+03 -2.132239E+00
  1.017500E+03 -2.168736E+00
  1.018000E+03 -2.151845E+00
  1.018500E+03 -2.085383E+00
  1.019000E+03 -1.973974E+00
  1.019500E+03 -1.822767E+00
  1.020000E+03 -1.637188E+00
  1.020500E+03 -1.422746E+00
  1.021000E+03 -1.184891E+00
  1.021500E+03 -9.289330E-01
  1.022000E+03 -6.600092E-01
  1.022500E+03 -3.830970E-01
  1.023000E+03 -1.030567E-01
  1.023500E+03  1.753101E-01
  1.024000E+03  4.472015E-01
  1.024500E+03  7.077716E-01
  1.025000E+03  9.521145E-01
  1.025500E+03  1.175286E+00
  1.026000E+03  1.372368E+00
  1.026500E+03  1.538580E+00
  1.027000E+03  1.669433E+00
  1.027500E+03  1.760909E+00
  1.028000E+03  1.809675E+00
  1.028500E+03  1.813293E+00
  1.029000E+03  1.770427E+00
  1.029500E+03  1.681020E+00
  1.030000E+03  1.546429E+00
  1.030500E+03  1.369498E+00
  1.031000E+03  1.154574E+00
  1.031500E+03  9.074302E-01
  1.032000E+03  6.351306E-01
  1.032500E+03  3.458063E-01
  1.033000E+03  4.837552E-02
  1.033500E+03 -2.477924E-01
  1.034000E+03 -5.332470E-01
  1.034500E+03 -7.988418E-01
  1.035000E+03 -1.036115E+00
  1.035500E+03 -1.237643E+00
  1.036000E+03 -1.397344E+00
  1.036500E+03 -1.510727E+00
  1.037000E+03 -1.575052E+00
  1.037500E+03 -1.589414E+00
  1.038000E+03 -1.554731E+00
  1.038500E+03 -1.473652E+00
  1.039000E+03 -1.350381E+00
  1.039500E+03 -1.190430E+00
  1.040000E+03 -1.000329E+00
  1.040500E+03 -7.872943E-01
  1.041000E+03 -5.588870E-01
  1.041500E+03 -3.226793E-01
  1.042000E+03 -8.594435E-02
  1.042500E+03  1.446097E-01
  1.043000E+03  3.630512E-01
  1.043500E+03  5.643726E-01
  1.044000E+03  7.445690E-01
  1.044500E+03  9.006509E-01
  1.045000E+03  1.030595E+00
  1.045500E+03  1.133245E+00
  1.046000E+03  1.208169E+00
  1.046500E+03  1.255501E+00
  1.047000E+03  1.275770E+00
  1.047500E+03  1.269740E+00
  1.048000E+03  1.238274E+00
  1.048500E+03  1.182232E+00
  1.049000E+03  1.102417E+00
  1.049500E+03  9.995693E-01
  1.050000E+03  8.744030E-01
  1.050500E+03  7.276978E-01
  1.051000E+03  5.604190E-01
  1.051500E+03  3.738657E-01
  1.052000E+03  1.698268E-01
  1.052500E+03 -4.926853E-02
  1.053000E+03 -2.802235E-01
  1.053500E+03 -5.189844E-01
  1.054000E+03 -7.606037E-01
  1.054500E+03 -9.992638E-01
  1.055000E+03 -1.228371E+00
  1.055500E+03 -1.440715E+00
  1.056000E+03 -1.628705E+00
  1.056500E+03 -1.784648E+00
  1.057000E+03 -1.901089E+00
  1.057500E+03 -1.971172E+00
  1.058000E+03 -1.989016E+00
  1.058500E+03 -1.950070E+00
  1.059000E+03 -1.851453E+00
  1.059500E+03 -1.692224E+00
  1.060000E+03 -1.473589E+00
  1.060500E+03 -1.199015E+00
  1.061000E+03 -8.742561E-01
  1.061500E+03 -5.072561E-01
  1.062000E+03 -1.079625E-01
  1.062500E+03  3.119715E-01
  1.063000E+03  7.395720E-01
  1.063500E+03  1.161006E+00
  1.064000E+03  1.562102E+00
  1.064500E+03  1.928897E+00
  1.065000E+03  2.248203E+00
  1.065500E+03  2.508147E+00
  1.066000E+03  2.698671E+00
  1.066500E+03  2.811970E+00
  1.067000E+03  2.842835E+00
  1.067500E+03  2.788904E+00
  1.068000E+03  2.650783E+00
  1.068500E+03  2.432057E+00
  1.069000E+03  2.139175E+00
  1.069500E+03  1.781209E+00
  1.070000E+03  1.369520E+00
  1.070500E+03  9.173177E-01
  1.071000E+03  4.391526E-01
  1.071500E+03 -4.964030E-02
  1.072000E+03 -5.335282E-01
  1.072500E+03 -9.973658E-01
  1.073000E+03 -1.426957E+00
  1.073500E+03 -1.809566E+00
  1.074000E+03 -2.134362E+00
  1.074500E+03 -2.392773E+00
  1.075000E+03 -2.578743E+00
  1.075500E+03 -2.688873E+00
  1.076000E+03 -2.722460E+00
  1.076500E+03 -2.681409E+00
  1.077000E+03 -2.570058E+00
  1.077500E+03 -2.394893E+00
  1.078000E+03 -2.164200E+00
  1.078500E+03 -1.887649E+00
  1.079000E+03 -1.575840E+00
  1.079500E+03 -1.239837E+00
  1.080000E+03 -8.907081E-01
  1.080500E+03 -5.390870E-01
  1.081000E+03 -1.947884E-01
  1.081500E+03  1.335164E-01
  1.082000E+03  4.385485E-01
  1.082500E+03  7.145840E-01
  1.083000E+03  9.575301E-01
  1.083500E+03  1.164912E+00
  1.084000E+03  1.335779E+00
  1.084500E+03  1.470538E+00
  1.085000E+03  1.570727E+00
  1.085500E+03  1.638749E+00
  1.086000E+03  1.677575E+00
  1.086500E+03  1.690453E+00
  1.087000E+03  1.680615E+00
  1.087500E+03  1.651033E+00
  1.088000E+03  1.604207E+00
  1.088500E+03  1.542021E+00
  1.089000E+03  1.465660E+00
  1.089500E+03  1.375606E+00
  1.090000E+03  1.271697E+00
  1.090500E+03  1.153254E+00
  1.091000E+03  1.019267E+00
  1.091500E+03  8.686189E-01
  1.092000E+03  7.003365E-01
  1.092500E+03  5.138518E-01
  1.093000E+03  3.092501E-01
  1.093500E+03  8.748884E-02
  1.094000E+03 -1.494309E-01
  1.094500E+03 -3.983544E-01
  1.095000E+03 -6.549365E-01
  1.095500E+03 -9.136844E-01
  1.096000E+03 -1.168082E+00
  1.096500E+03 -1.410794E+00
  1.097000E+03 -1.633936E+00
  1.097500E+03 -1.829410E+00
  1.098000E+03 -1.989276E+00
  1.098500E+03 -2.106139E+00
  1.099000E+03 -2.173553E+00
  1.099500E+03 -2.186381E+00
  1.100000E+03 -2.141131E+00
  1.100500E+03 -2.036209E+00
  1.101000E+03 -1.872113E+00
  1.101500E+03 -1.651511E+00
  1.102000E+03 -1.379240E+00
  1.102500E+03 -1.062186E+00
  1.103000E+03 -7.090776E-01
  1.103500E+03 -3.301799E-01
  1.104000E+03  6.308153E-02
  1.104500E+03  4.585586E-01
  1.105000E+03  8.438539E-01
  1.105500E+03  1.206810E+00
  1.106000E+03  1.535986E+00
  1.106500E+03  1.821105E+00
  1.107000E+03  2.053448E+00
  1.107500E+03  2.226169E+00
  1.108000E+03  2.334535E+00
  1.108500E+03  2.376061E+00
  1.109000E+03  2.350554E+00
  1.109500E+03  2.260050E+00
  1.110000E+03  2.108671E+00
  1.110500E+03  1.902391E+00
  1.111000E+03  1.648737E+00
  1.111500E+03  1.356448E+00
  1.112000E+03  1.035096E+00
  1.112500E+03  6.946991E-01
  1.113000E+03  3.453463E-01
  1.113500E+03 -3.157695E-03
  1.114000E+03 -3.416018E-01
  1.114500E+03 -6.616289E-01
  1.115000E+03 -9.559357E-01
  1.115500E+03 -1.218409E+00
  1.116000E+03 -1.444198E+00
  1.116500E+03 -1.629732E+00
  1.117000E+03 -1.772677E+00
  1.117500E+03 -1.871858E+00
  1.118000E+03 -1.927147E+00
  1.118500E+03 -1.939327E+00
  1.119000E+03 -1.909953E+00
  1.119500E+03 -1.841207E+00
  1.120000E+03 -1.735778E+00
  1.120500E+03 -1.596741E+00
  1.121000E+03 -1.427477E+00
  1.121500E+03 -1.231601E+00
  1.122000E+03 -1.012923E+00
  1.122500E+03 -7.754284E-01
  1.123000E+03 -5.232668E-01
  1.123500E+03 -2.607571E-01
  1.124000E+03  7.609226E-03
  1.124500E+03  2.771690E-01
  1.125000E+03  5.430994E-01
  1.125500E+03  8.004474E-01
  1.126000E+03  1.044178E+00
  1.126500E+03  1.269248E+00
  1.127000E+03  1.470697E+00
  1.127500E+03  1.643763E+00
  1.128000E+03  1.784010E+00
  1.128500E+03  1.887468E+00
  1.129000E+03  1.950778E+00
  1.129500E+03  1.971329E+00
  1.130000E+03  1.947384E+00
  1.130500E+03  1.878192E+00
  1.131000E+03  1.764070E+00
  1.131500E+03  1.606453E+00
  1.132000E+03  1.407915E+00
  1.132500E+03  1.172150E+00
  1.133000E+03  9.039168E-01
  1.133500E+03  6.089450E-01
  1.134000E+03  2.938147E-01
  1.134500E+03 -3.419833E-02
  1.135000E+03 -3.672989E-01
  1.135500E+03 -6.973670E-01
  1.136000E+03 -1.016164E+00
  1.136500E+03 -1.315544E+00
  1.137000E+03 -1.587667E+00
  1.137500E+03 -1.825204E+00
  1.138000E+03 -2.021531E+00
  1.138500E+03 -2.170910E+00
  1.139000E+03 -2.268653E+00
  1.139500E+03 -2.311255E+00
  1.140000E+03 -2.296514E+00
  1.140500E+03 -2.223615E+00
  1.141000E+03 -2.093189E+00
  1.141500E+03 -1.907343E+00
  1.142000E+03 -1.669647E+00
  1.142500E+03 -1.385100E+00
  1.143000E+03 -1.060052E+00
  1.143500E+03 -7.020916E-01
  1.144000E+03 -3.198962E-01
  1.144500E+03  7.695094E-02
  1.145000E+03  4.781812E-01
  1.145500E+03  8.730902E-01
  1.146000E+03  1.250816E+00
  1.146500E+03  1.600635E+00
  1.147000E+03  1.912277E+00
  1.147500E+03  2.176240E+00
  1.148000E+03  2.384102E+00
  1.148500E+03  2.528813E+00
  1.149000E+03  2.604968E+00
  1.149500E+03  2.609031E+00
  1.150000E+03  2.539515E+00
  1.150500E+03  2.397102E+00
  1.151000E+03  2.184694E+00
  1.151500E+03  1.907392E+00
  1.152000E+03  1.572402E+00
  1.152500E+03  1.188858E+00
  1.153000E+03  7.675832E-01
  1.153500E+03  3.207739E-01
  1.154000E+03 -1.383641E-01
  1.154500E+03 -5.960292E-01
  1.155000E+03 -1.038266E+00
  1.155500E+03 -1.451420E+00
  1.156000E+03 -1.822598E+00
  1.156500E+03 -2.140094E+00
  1.157000E+03 -2.393796E+00
  1.157500E+03 -2.575531E+00
  1.158000E+03 -2.679352E+00
  1.158500E+03 -2.701744E+00
  1.159000E+03 -2.641755E+00
  1.159500E+03 -2.501040E+00
  1.160000E+03 -2.283809E+00
  1.160500E+03 -1.996700E+00
  1.161000E+03 -1.648566E+00
  1.161500E+03 -1.250191E+00
  1.162000E+03 -8.139470E-01
  1.162500E+03 -3.533971E-01
  1.163000E+03  1.171345E-01
  1.163500E+03  5.830131E-01
  1.164000E+03  1.029753E+00
  1.164500E+03  1.443470E+00
  1.165000E+03  1.811309E+00
  1.165500E+03  2.121841E+00
  1.166000E+03  2.365419E+00
  1.166500E+03  2.534468E+00
  1.167000E+03  2.623725E+00
  1.167500E+03  2.630400E+00
  1.168000E+03  2.554272E+00
  1.168500E+03  2.397700E+00
  1.169000E+03  2.165561E+00
  1.169500E+03  1.865117E+00
  1.170000E+03  1.505797E+00
  1.170500E+03  1.098925E+00
  1.171000E+03  6.573742E-01
  1.171500E+03  1.951761E-01
  1.172000E+03 -2.729168E-01
  1.172500E+03 -7.318964E-01
  1.173000E+03 -1.166983E+00
  1.173500E+03 -1.564110E+00
  1.174000E+03 -1.910395E+00
  1.174500E+03 -2.194581E+00
  1.175000E+03 -2.407431E+00
  1.175500E+03 -2.542063E+00
  1.176000E+03 -2.594206E+00
  1.176500E+03 -2.562373E+00
  1.177000E+03 -2.447929E+00
  1.177500E+03 -2.255069E+00
  1.178000E+03 -1.990680E+00
  1.178500E+03 -1.664106E+00
  1.179000E+03 -1.286815E+00
  1.179500E+03 -8.719856E-01
  1.180000E+03 -4.340162E-01
  1.180500E+03  1.201004E-02
  1.181000E+03  4.508940E-01
  1.181500E+03  8.678944E-01
  1.182000E+03  1.249284E+00
  1.182500E+03  1.582861E+00
  1.183000E+03  1.858405E+00
  1.183500E+03  2.068031E+00
  1.184000E+03  2.206464E+00
  1.184500E+03  2.271181E+00
  1.185000E+03  2.262451E+00
  1.185500E+03  2.183244E+00
  1.186000E+03  2.039031E+00
  1.186500E+03  1.837479E+00
  1.187000E+03  1.588063E+00
  1.187500E+03  1.301602E+00
  1.188000E+03  9.897597E-01
  1.188500E+03  6.645217E-01
  1.189000E+03  3.376781E-01
  1.189500E+03  2.034078E-02
  1.190000E+03 -2.774880E-01
  1.190500E+03 -5.472726E-01
  1.191000E+03 -7.822137E-01
  1.191500E+03 -9.774207E-01
  1.192000E+03 -1.129982E+00
  1.192500E+03 -1.238936E+00
  1.193000E+03 -1.305147E+00
  1.193500E+03 -1.331102E+00
  1.194000E+03 -1.320641E+00
  1.194500E+03 -1.278638E+00
  1.195000E+03 -1.210655E+00
  1.195500E+03 -1.122597E+00
  1.196000E+03 -1.020366E+00
  1.196500E+03 -9.095639E-01
  1.197000E+03 -7.952268E-01
  1.197500E+03 -6.816282E-01
  1.198000E+03 -5.721414E-01
  1.198500E+03 -4.691723E-01
  1.199000E+03 -3.741571E-01
  1.199500E+03 -2.876215E-01
  1.200000E+03 -2.092908E-01
  1.200500E+03 -1.382408E-01
  1.201000E+03 -7.307441E-02
  1.201500E+03 -1.211245E-02
  1.202000E+03  4.641723E-02
  1.202500E+03  1.042032E-01
  1.203000E+03  1.626978E-01
  1.203500E+03  2.229953E-01
  1.204000E+03  2.857479E-01
  1.204500E+03  3.511191E-01
  1.205000E+03  4.187763E-01
  1.205500E+03  4.879173E-01
  1.206000E+03  5.573260E-01
  1.206500E+03  6.254513E-01
  1.207000E+03  6.905000E-01
  1.207500E+03  7.505362E-01
  1.208000E+03  8.035811E-01
  1.208500E+03  8.477055E-01
  1.209000E+03  8.811102E-01
  1.209500E+03  9.021925E-01
  1.210000E+03  9.095959E-01
  1.210500E+03  9.022442E-01
  1.211000E+03  8.793619E-01
  1.211500E+03  8.404827E-01
  1.212000E+03  7.854514E-01
  1.212500E+03  7.144211E-01
  1.213000E+03  6.278492E-01
  1.213500E+03  5.264963E-01
  1.214000E+03  4.114269E-01
  1.214500E+03  2.840142E-01
  1.215000E+03  1.459460E-01
  1.215500E+03 -7.688746E-04
  1.216000E+03 -1.537992E-01
  1.216500E+03 -3.104972E-01
  1.217000E+03 -4.679165E-01
  1.217500E+03 -6.228465E-01
  1.218000E+03 -7.718645E-01
  1.218500E+03 -9.114098E-01
  1.219000E+03 -1.037876E+00
  1.219500E+03 -1.147723E+00
  1.220000E+03 -1.237605E+00
  1.220500E+03 -1.304502E+00
  1.221000E+03 -1.345859E+00
  1.221500E+03 -1.359715E+00
  1.222000E+03 -1.344819E+00
  1.222500E+03 -1.300718E+00
  1.223000E+03 -1.227818E+00
  1.223500E+03 -1.127409E+00
  1.224000E+03 -1.001639E+00
  1.224500E+03 -8.534581E-01
  1.225000E+03 -6.865110E-01
  1.225500E+03 -5.049986E-01
  1.226000E+03 -3.135071E-01
  1.226500E+03 -1.168178E-01
  1.227000E+03  8.029241E-02
  1.227500E+03  2.732478E-01
  1.228000E+03  4.578546E-01
  1.228500E+03  6.304542E-01
  1.229000E+03  7.880406E-01
  1.229500E+03  9.283310E-01
  1.230000E+03  1.049789E+00
  1.230500E+03  1.151597E+00
  1.231000E+03  1.233580E+00
  1.231500E+03  1.296087E+00
  1.232000E+03  1.339848E+00
  1.232500E+03  1.365799E+00
  1.233000E+03  1.374915E+00
  1.233500E+03  1.368041E+00
  1.234000E+03  1.345756E+00
  1.234500E+03  1.308266E+00
  1.235000E+03  1.255353E+00
  1.235500E+03  1.186370E+00
  1.236000E+03  1.100304E+00
  1.236500E+03  9.958846E-01
  1.237000E+03  8.717568E-01
  1.237500E+03  7.266822E-01
  1.238000E+03  5.597749E-01
  1.238500E+03  3.707444E-01
  1.239000E+03  1.601293E-01
  1.239500E+03 -7.049620E-02
  1.240000E+03 -3.183646E-01
  1.240500E+03 -5.794198E-01
  1.241000E+03 -8.482995E-01
  1.241500E+03 -1.118403E+00
  1.242000E+03 -1.382047E+00
  1.242500E+03 -1.630710E+00
  1.243000E+03 -1.855353E+00
  1.243500E+03 -2.046808E+00
  1.244000E+03 -2.196206E+00
  1.244500E+03 -2.295438E+00
  1.245000E+03 -2.337604E+00
  1.245500E+03 -2.317441E+00
  1.246000E+03 -2.231693E+00
  1.246500E+03 -2.079406E+00
  1.247000E+03 -1.862121E+00
  1.247500E+03 -1.583958E+00
  1.248000E+03 -1.251569E+00
  1.248500E+03 -8.739813E-01
  1.249000E+03 -4.622996E-01
  1.249500E+03 -2.931404E-02
  1.250000E+03  4.109919E-01
  1.250500E+03  8.440020E-01
  1.251000E+03  1.255070E+00
  1.251500E+03  1.630136E+00
  1.252000E+03  1.956327E+00
  1.252500E+03  2.222506E+00
  1.253000E+03  2.419756E+00
  1.253500E+03  2.541750E+00
  1.254000E+03  2.585025E+00
  1.254500E+03  2.549105E+00
  1.255000E+03  2.436511E+00
  1.255500E+03  2.252618E+00
  1.256000E+03  2.005400E+00
  1.256500E+03  1.705060E+00
  1.257000E+03  1.363564E+00
  1.257500E+03  9.941131E-01
  1.258000E+03  6.105695E-01
  1.258500E+03  2.268687E-01
  1.259000E+03 -1.435538E-01
  1.259500E+03 -4.882978E-01
  1.260000E+03 -7.964713E-01
  1.260500E+03 -1.059081E+00
  1.261000E+03 -1.269330E+00
  1.261500E+03 -1.422804E+00
  1.262000E+03 -1.517552E+00
  1.262500E+03 -1.554062E+00
  1.263000E+03 -1.535126E+00
  1.263500E+03 -1.465617E+00
  1.264000E+03 -1.352193E+00
  1.264500E+03 -1.202930E+00
  1.265000E+03 -1.026920E+00
  1.265500E+03 -8.338417E-01
  1.266000E+03 -6.335242E-01
  1.266500E+03 -4.355290E-01
  1.267000E+03 -2.487564E-01
  1.267500E+03 -8.109714E-02
  1.268000E+03  6.086093E-02
  1.268500E+03  1.720623E-01
  1.269000E+03  2.491436E-01
  1.269500E+03  2.905203E-01
  1.270000E+03  2.963999E-01
  1.270500E+03  2.687237E-01
  1.271000E+03  2.110413E-01
  1.271500E+03  1.283240E-01
  1.272000E+03  2.672533E-02
  1.272500E+03 -8.670250E-02
  1.273000E+03 -2.043252E-01
  1.273500E+03 -3.182653E-01
  1.274000E+03 -4.207502E-01
  1.274500E+03 -5.044588E-01
  1.275000E+03 -5.628517E-01
  1.275500E+03 -5.904753E-01
  1.276000E+03 -5.832254E-01
  1.276500E+03 -5.385614E-01
  1.277000E+03 -4.556600E-01
  1.277500E+03 -3.355012E-01
  1.278000E+03 -1.808814E-01
  1.278500E+03  3.651655E-03
  1.279000E+03  2.119394E-01
  1.279500E+03  4.364286E-01
  1.280000E+03  6.684546E-01
  1.280500E+03  8.985838E-01
  1.281000E+03  1.117002E+00
  1.281500E+03  1.313934E+00
  1.282000E+03  1.480075E+00
  1.282500E+03  1.607017E+00
  1.283000E+03  1.687652E+00
  1.283500E+03  1.716524E+00
  1.284000E+03  1.690126E+00
  1.284500E+03  1.607107E+00
  1.285000E+03  1.468397E+00
  1.285500E+03  1.277224E+00
  1.286000E+03  1.039030E+00
  1.286500E+03  7.612817E-01
  1.287000E+03  4.531813E-01
  1.287500E+03  1.252956E-01
  1.288000E+03 -2.108871E-01
  1.288500E+03 -5.434492E-01
  1.289000E+03 -8.605615E-01
  1.289500E+03 -1.151002E+00
  1.290000E+03 -1.404650E+00
  1.290500E+03 -1.612929E+00
  1.291000E+03 -1.769178E+00
  1.291500E+03 -1.868931E+00
  1.292000E+03 -1.910091E+00
  1.292500E+03 -1.892986E+00
  1.293000E+03 -1.820309E+00
  1.293500E+03 -1.696944E+00
  1.294000E+03 -1.529683E+00
  1.294500E+03 -1.326858E+00
  1.295000E+03 -1.097901E+00
  1.295500E+03 -8.528547E-01
  1.296000E+03 -6.018732E-01
  1.296500E+03 -3.547188E-01
  1.297000E+03 -1.203018E-01
  1.297500E+03  9.372423E-02
  1.298000E+03  2.812877E-01
  1.298500E+03  4.381271E-01
  1.299000E+03  5.619130E-01
  1.299500E+03  6.522593E-01
  1.300000E+03  7.106248E-01
  1.300500E+03  7.401144E-01
  1.301000E+03  7.451922E-01
  1.301500E+03  7.313271E-01
  1.302000E+03  7.045904E-01
  1.302500E+03  6.712326E-01
  1.303000E+03  6.372625E-01
  1.303500E+03  6.080552E-01
  1.304000E+03  5.880090E-01
  1.304500E+03  5.802736E-01
  1.305000E+03  5.865613E-01
  1.305500E+03  6.070531E-01
  1.306000E+03  6.404017E-01
  1.306500E+03  6.838312E-01
  1.307000E+03  7.333252E-01
  1.307500E+03  7.838900E-01
  1.308000E+03  8.298790E-01
  1.308500E+03  8.653554E-01
  1.309000E+03  8.844739E-01
  1.309500E+03  8.818586E-01
  1.310000E+03  8.529548E-01
  1.310500E+03  7.943369E-01
  1.311000E+03  7.039538E-01
  1.311500E+03  5.813004E-01
  1.312000E+03  4.275055E-01
  1.312500E+03  2.453346E-01
  1.313000E+03  3.910539E-02
  1.313500E+03 -1.854749E-01
  1.314000E+03 -4.215435E-01
  1.314500E+03 -6.613720E-01
  1.315000E+03 -8.966988E-01
  1.315500E+03 -1.119085E+00
  1.316000E+03 -1.320277E+00
  1.316500E+03 -1.492558E+00
  1.317000E+03 -1.629074E+00
  1.317500E+03 -1.724117E+00
  1.318000E+03 -1.773353E+00
  1.318500E+03 -1.774001E+00
  1.319000E+03 -1.724930E+00
  1.319500E+03 -1.626699E+00
  1.320000E+03 -1.481532E+00
  1.320500E+03 -1.293223E+00
  1.321000E+03 -1.066995E+00
  1.321500E+03 -8.093037E-01
  1.322000E+03 -5.276119E-01
  1.322500E+03 -2.301308E-01
  1.323000E+03  7.445048E-02
  1.323500E+03  3.772447E-01
  1.324000E+03  6.694414E-01
  1.324500E+03  9.425711E-01
  1.325000E+03  1.188751E+00
  1.325500E+03  1.400909E+00
  1.326000E+03  1.572972E+00
  1.326500E+03  1.700033E+00
  1.327000E+03  1.778478E+00
  1.327500E+03  1.806077E+00
  1.328000E+03  1.782044E+00
  1.328500E+03  1.707056E+00
  1.329000E+03  1.583242E+00
  1.329500E+03  1.414134E+00
  1.330000E+03  1.204580E+00
  1.330500E+03  9.606288E-01
  1.331000E+03  6.893841E-01
  1.331500E+03  3.988200E-01
  1.332000E+03  9.757640E-02
  1.332500E+03 -2.052741E-01
  1.333000E+03 -5.004785E-01
  1.333500E+03 -7.788714E-01
  1.334000E+03 -1.031652E+00
  1.334500E+03 -1.250660E+00
  1.335000E+03 -1.428652E+00
  1.335500E+03 -1.559549E+00
  1.336000E+03 -1.638670E+00
  1.336500E+03 -1.662927E+00
  1.337000E+03 -1.630969E+00
  1.337500E+03 -1.543285E+00
  1.338000E+03 -1.402236E+00
  1.338500E+03 -1.212028E+00
  1.339000E+03 -9.786176E-01
  1.339500E+03 -7.095490E-01
  1.340000E+03 -4.137264E-01
  1.340500E+03 -1.011272E-01
  1.341000E+03  2.175340E-01
  1.341500E+03  5.311810E-01
  1.342000E+03  8.287760E-01
  1.342500E+03  1.099730E+00
  1.343000E+03  1.334305E+00
  1.343500E+03  1.523992E+00
  1.344000E+03  1.661851E+00
  1.344500E+03  1.742787E+00
  1.345000E+03  1.763767E+00
  1.345500E+03  1.723945E+00
  1.346000E+03  1.624707E+00
  1.346500E+03  1.469623E+00
  1.347000E+03  1.264304E+00
  1.347500E+03  1.016179E+00
  1.348000E+03  7.341920E-01
  1.348500E+03  4.284327E-01
  1.349000E+03  1.097260E-01
  1.349500E+03 -2.108142E-01
  1.350000E+03 -5.222370E-01
  1.350500E+03 -8.141959E-01
  1.351000E+03 -1.077357E+00
  1.351500E+03 -1.303759E+00
  1.352000E+03 -1.487098E+00
  1.352500E+03 -1.622942E+00
  1.353000E+03 -1.708843E+00
  1.353500E+03 -1.744365E+00
  1.354000E+03 -1.731007E+00
  1.354500E+03 -1.672044E+00
  1.355000E+03 -1.572283E+00
  1.355500E+03 -1.437751E+00
  1.356000E+03 -1.275340E+00
  1.356500E+03 -1.092419E+00
  1.357000E+03 -8.964332E-01
  1.357500E+03 -6.945261E-01
  1.358000E+03 -4.931896E-01
  1.358500E+03 -2.979694E-01
  1.359000E+03 -1.132398E-01
  1.359500E+03  5.794136E-02
  1.360000E+03  2.138896E-01
  1.360500E+03  3.542605E-01
  1.361000E+03  4.799305E-01
  1.361500E+03  5.927980E-01
  1.362000E+03  6.955207E-01
  1.362500E+03  7.912029E-01
  1.363000E+03  8.830557E-01
  1.363500E+03  9.740492E-01
  1.364000E+03  1.066581E+00
  1.364500E+03  1.162182E+00
  1.365000E+03  1.261277E+00
  1.365500E+03  1.363024E+00
  1.366000E+03  1.465232E+00
  1.366500E+03  1.564379E+00
  1.367000E+03  1.655721E+00
  1.367500E+03  1.733490E+00
  1.368000E+03  1.791186E+00
  1.368500E+03  1.821919E+00
  1.369000E+03  1.818817E+00
  1.369500E+03  1.775455E+00
  1.370000E+03  1.686285E+00
  1.370500E+03  1.547048E+00
  1.371000E+03  1.355144E+00
  1.371500E+03  1.109930E+00
  1.372000E+03  8.129358E-01
  1.372500E+03  4.679773E-01
  1.373000E+03  8.116295E-02
  1.373500E+03 -3.392140E-01
  1.374000E+03 -7.828932E-01
  1.374500E+03 -1.237966E+00
  1.375000E+03 -1.691284E+00
  1.375500E+03 -2.128934E+00
  1.376000E+03 -2.536769E+00
  1.376500E+03 -2.900950E+00
  1.377000E+03 -3.208496E+00
  1.377500E+03 -3.447804E+00
  1.378000E+03 -3.609114E+00
  1.378500E+03 -3.684910E+00
  1.379000E+03 -3.670219E+00
  1.379500E+03 -3.562823E+00
  1.380000E+03 -3.363351E+00
  1.380500E+03 -3.075267E+00
  1.381000E+03 -2.704746E+00
  1.381500E+03 -2.260454E+00
  1.382000E+03 -1.753240E+00
  1.382500E+03 -1.195761E+00
  1.383000E+03 -6.020504E-01
  1.383500E+03  1.294031E-02
  1.384000E+03  6.338159E-01
  1.384500E+03  1.245201E+00
  1.385000E+03  1.832183E+00
  1.385500E+03  2.380708E+00
  1.386000E+03  2.877937E+00
  1.386500E+03  3.312532E+00
  1.387000E+03  3.674885E+00
  1.387500E+03  3.957280E+00
  1.388000E+03  4.153996E+00
  1.388500E+03  4.261346E+00
  1.389000E+03  4.277672E+00
  1.389500E+03  4.203289E+00
  1.390000E+03  4.040402E+00
  1.390500E+03  3.792988E+00
  1.391000E+03  3.466661E+00
  1.391500E+03  3.068527E+00
  1.392000E+03  2.607021E+00
  1.392500E+03  2.091743E+00
  1.393000E+03  1.533283E+00
  1.393500E+03  9.430462E-01
  1.394000E+03  3.330593E-01
  1.394500E+03 -2.842212E-01
  1.395000E+03 -8.961198E-01
  1.395500E+03 -1.489964E+00
  1.396000E+03 -2.053316E+00
  1.396500E+03 -2.574223E+00
  1.397000E+03 -3.041468E+00
  1.397500E+03 -3.444830E+00
  1.398000E+03 -3.775336E+00
  1.398500E+03 -4.025508E+00
  1.399000E+03 -4.189582E+00
  1.399500E+03 -4.263701E+00
  1.400000E+03 -4.246064E+00
  1.400500E+03 -4.137025E+00
  1.401000E+03 -3.939132E+00
  1.401500E+03 -3.657107E+00
  1.402000E+03 -3.297748E+00
  1.402500E+03 -2.869772E+00
  1.403000E+03 -2.383591E+00
  1.403500E+03 -1.851023E+00
  1.404000E+03 -1.284958E+00
  1.404500E+03 -6.989892E-01
  1.405000E+03 -1.070122E-01
  1.405500E+03  4.771761E-01
  1.406000E+03  1.040275E+00
  1.406500E+03  1.569851E+00
  1.407000E+03  2.054674E+00
  1.407500E+03  2.484995E+00
  1.408000E+03  2.852770E+00
  1.408500E+03  3.151807E+00
  1.409000E+03  3.377852E+00
  1.409500E+03  3.528592E+00
  1.410000E+03  3.603593E+00
  1.410500E+03  3.604185E+00
  1.411000E+03  3.533285E+00
  1.411500E+03  3.395189E+00
  1.412000E+03  3.195334E+00
  1.412500E+03  2.940048E+00
  1.413000E+03  2.636307E+00
  1.413500E+03  2.291499E+00
  1.414000E+03  1.913217E+00
  1.414500E+03  1.509078E+00
  1.415000E+03  1.086587E+00
  1.415500E+03  6.530347E-01
  1.416000E+03  2.154331E-01
  1.416500E+03 -2.195128E-01
  1.417000E+03 -6.454064E-01
  1.417500E+03 -1.056141E+00
  1.418000E+03 -1.445868E+00
  1.418500E+03 -1.808972E+00
  1.419000E+03 -2.140041E+00
  1.419500E+03 -2.433868E+00
  1.420000E+03 -2.685463E+00
  1.420500E+03 -2.890100E+00
  1.421000E+03 -3.043395E+00
  1.421500E+03 -3.141405E+00
  1.422000E+03 -3.180765E+00
  1.422500E+03 -3.158830E+00
  1.423000E+03 -3.073848E+00
  1.423500E+03 -2.925116E+00
  1.424000E+03 -2.713143E+00
  1.424500E+03 -2.439789E+00
  1.425000E+03 -2.108371E+00
  1.425500E+03 -1.723733E+00
  1.426000E+03 -1.292270E+00
  1.426500E+03 -8.218901E-01
  1.427000E+03 -3.219273E-01
  1.427500E+03  1.970121E-01
  1.428000E+03  7.232581E-01
  1.428500E+03  1.244340E+00
  1.429000E+03  1.747298E+00
  1.429500E+03  2.219026E+00
  1.430000E+03  2.646655E+00
  1.430500E+03  3.017932E+00
  1.431000E+03  3.321615E+00
  1.431500E+03  3.547849E+00
  1.432000E+03  3.688513E+00
  1.432500E+03  3.737533E+00
  1.433000E+03  3.691136E+00
  1.433500E+03  3.548048E+00
  1.434000E+03  3.309623E+00
  1.434500E+03  2.979889E+00
  1.435000E+03  2.565518E+00
  1.435500E+03  2.075719E+00
  1.436000E+03  1.522042E+00
  1.436500E+03  9.181106E-01
  1.437000E+03  2.792885E-01
  1.437500E+03 -3.777240E-01
  1.438000E+03 -1.035338E+00
  1.438500E+03 -1.675567E+00
  1.439000E+03 -2.280536E+00
  1.439500E+03 -2.833010E+00
  1.440000E+03 -3.316908E+00
  1.440500E+03 -3.717803E+00
  1.441000E+03 -4.023371E+00
  1.441500E+03 -4.223803E+00
  1.442000E+03 -4.312137E+00
  1.442500E+03 -4.284516E+00
  1.443000E+03 -4.140354E+00
  1.443500E+03 -3.882400E+00
  1.444000E+03 -3.516711E+00
  1.444500E+03 -3.052504E+00
  1.445000E+03 -2.501922E+00
  1.445500E+03 -1.879692E+00
  1.446000E+03 -1.202704E+00
  1.446500E+03 -4.895115E-01
  1.447000E+03  2.402226E-01
  1.447500E+03  9.663245E-01
  1.448000E+03  1.668724E+00
  1.448500E+03  2.328070E+00
  1.449000E+03  2.926319E+00
  1.449500E+03  3.447290E+00
  1.450000E+03  3.877139E+00
  1.450500E+03  4.204772E+00
  1.451000E+03  4.422150E+00
  1.451500E+03  4.524495E+00
  1.452000E+03  4.510381E+00
  1.452500E+03  4.381719E+00
  1.453000E+03  4.143625E+00
  1.453500E+03  3.804187E+00
  1.454000E+03  3.374141E+00
  1.454500E+03  2.866469E+00
  1.455000E+03  2.295932E+00
  1.455500E+03  1.678572E+00
  1.456000E+03  1.031182E+00
  1.456500E+03  3.707816E-01
  1.457000E+03 -2.858934E-01
  1.457500E+03 -9.228597E-01
  1.458000E+03 -1.525310E+00
  1.458500E+03 -2.079971E+00
  1.459000E+03 -2.575387E+00
  1.459500E+03 -3.002133E+00
  1.460000E+03 -3.352940E+00
  1.460500E+03 -3.622756E+00
  1.461000E+03 -3.808720E+00
  1.461500E+03 -3.910089E+00
  1.462000E+03 -3.928095E+00
  1.462500E+03 -3.865771E+00
  1.463000E+03 -3.727732E+00
  1.463500E+03 -3.519947E+00
  1.464000E+03 -3.249488E+00
  1.464500E+03 -2.924291E+00
  1.465000E+03 -2.552906E+00
  1.465500E+03 -2.144275E+00
  1.466000E+03 -1.707523E+00
  1.466500E+03 -1.251759E+00
  1.467000E+03 -7.859146E-01
  1.467500E+03 -3.185893E-01
  1.468000E+03  1.420741E-01
  1.468500E+03  5.884993E-01
  1.469000E+03  1.013766E+00
  1.469500E+03  1.411684E+00
  1.470000E+03  1.776849E+00
  1.470500E+03  2.104687E+00
  1.471000E+03  2.391475E+00
  1.471500E+03  2.634356E+00
  1.472000E+03  2.831326E+00
  1.472500E+03  2.981215E+00
  1.473000E+03  3.083637E+00
  1.473500E+03  3.138933E+00
  1.474000E+03  3.148091E+00
  1.474500E+03  3.112653E+00
  1.475000E+03  3.034614E+00
  1.475500E+03  2.916305E+00
  1.476000E+03  2.760286E+00
  1.476500E+03  2.569237E+00
  1.477000E+03  2.345862E+00
  1.477500E+03  2.092814E+00
  1.478000E+03  1.812646E+00
  1.478500E+03  1.507788E+00
  1.479000E+03  1.180564E+00
  1.479500E+03  8.332375E-01
  1.480000E+03  4.681007E-01
  1.480500E+03  8.758368E-02
  1.481000E+03 -3.056064E-01
  1.481500E+03 -7.083342E-01
  1.482000E+03 -1.116883E+00
  1.482500E+03 -1.526813E+00
  1.483000E+03 -1.932843E+00
  1.483500E+03 -2.328778E+00
  1.484000E+03 -2.707482E+00
  1.484500E+03 -3.060922E+00
  1.485000E+03 -3.380282E+00
  1.485500E+03 -3.656155E+00
  1.486000E+03 -3.878817E+00
  1.486500E+03 -4.038560E+00
  1.487000E+03 -4.126106E+00
  1.487500E+03 -4.133049E+00
  1.488000E+03 -4.052338E+00
  1.488500E+03 -3.878750E+00
  1.489000E+03 -3.609352E+00
  1.489500E+03 -3.243902E+00
  1.490000E+03 -2.785178E+00
  1.490500E+03 -2.239199E+00
  1.491000E+03 -1.615322E+00
  1.491500E+03 -9.262006E-01
  1.492000E+03 -1.875849E-01
  1.492500E+03  5.820306E-01
  1.493000E+03  1.361911E+00
  1.493500E+03  2.129719E+00
  1.494000E+03  2.862278E+00
  1.494500E+03  3.536410E+00
  1.495000E+03  4.129833E+00
  1.495500E+03  4.622077E+00
  1.496000E+03  4.995356E+00
  1.496500E+03  5.235383E+00
  1.497000E+03  5.332063E+00
  1.497500E+03  5.280036E+00
  1.498000E+03  5.079040E+00
  1.498500E+03  4.734066E+00
  1.499000E+03  4.255291E+00
  1.499500E+03  3.657791E+00
  1.500000E+03  2.961030E+00
  1.500500E+03  2.188152E+00
  1.501000E+03  1.365100E+00
  1.501500E+03  5.196012E-01
  1.502000E+03 -3.199379E-01
  1.502500E+03 -1.125581E+00
  1.503000E+03 -1.870995E+00
  1.503500E+03 -2.532519E+00
  1.504000E+03 -3.090117E+00
  1.504500E+03 -3.528172E+00
  1.505000E+03 -3.836075E+00
  1.505500E+03 -4.008596E+00
  1.506000E+03 -4.045995E+00
  1.506500E+03 -3.953899E+00
  1.507000E+03 -3.742922E+00
  1.507500E+03 -3.428066E+00
  1.508000E+03 -3.027926E+00
  1.508500E+03 -2.563744E+00
  1.509000E+03 -2.058351E+00
  1.509500E+03 -1.535059E+00
  1.510000E+03 -1.016555E+00
  1.510500E+03 -5.238480E-01
  1.511000E+03 -7.533265E-02
  1.511500E+03  3.140002E-01
  1.512000E+03  6.331550E-01
  1.512500E+03  8.755042E-01
  1.513000E+03  1.038925E+00
  1.513500E+03  1.125698E+00
  1.514000E+03  1.142170E+00
  1.514500E+03  1.098219E+00
  1.515000E+03  1.006529E+00
  1.515500E+03  8.817420E-01
  1.516000E+03  7.395156E-01
  1.516500E+03  5.955475E-01
  1.517000E+03  4.646216E-01
  1.517500E+03  3.597234E-01
  1.518000E+03  2.912776E-01
  1.518500E+03  2.665452E-01
  1.519000E+03  2.892153E-01
  1.519500E+03  3.592107E-01
  1.520000E+03  4.727189E-01
  1.520500E+03  6.224432E-01
  1.521000E+03  7.980607E-01
  1.521500E+03  9.868593E-01
  1.522000E+03  1.174518E+00
  1.522500E+03  1.345987E+00
  1.523000E+03  1.486414E+00
  1.523500E+03  1.582072E+00
  1.524000E+03  1.621227E+00
  1.524500E+03  1.594902E+00
  1.525000E+03  1.497498E+00
  1.525500E+03  1.327220E+00
  1.526000E+03  1.086309E+00
  1.526500E+03  7.810359E-01
  1.527000E+03  4.214823E-01
  1.527500E+03  2.110070E-02
  1.528000E+03 -4.039146E-01
  1.528500E+03 -8.354169E-01
  1.529000E+03 -1.254213E+00
  1.529500E+03 -1.641041E+00
  1.530000E+03 -1.977560E+00
  1.530500E+03 -2.247313E+00
  1.531000E+03 -2.436597E+00
  1.531500E+03 -2.535200E+00
  1.532000E+03 -2.536966E+00
  1.532500E+03 -2.440159E+00
  1.533000E+03 -2.247597E+00
  1.533500E+03 -1.966563E+00
  1.534000E+03 -1.608482E+00
  1.534500E+03 -1.188392E+00
  1.535000E+03 -7.242295E-01
  1.535500E+03 -2.359681E-01
  1.536000E+03  2.553403E-01
  1.536500E+03  7.285812E-01
  1.537000E+03  1.163590E+00
  1.537500E+03  1.542116E+00
  1.538000E+03  1.848678E+00
  1.538500E+03  2.071288E+00
  1.539000E+03  2.201980E+00
  1.539500E+03  2.237151E+00
  1.540000E+03  2.177665E+00
  1.540500E+03  2.028747E+00
  1.541000E+03  1.799653E+00
  1.541500E+03  1.503151E+00
  1.542000E+03  1.154832E+00
  1.542500E+03  7.722970E-01
  1.543000E+03  3.742488E-01
  1.543500E+03 -2.044031E-02
  1.544000E+03 -3.936589E-01
  1.544500E+03 -7.289260E-01
  1.545000E+03 -1.012159E+00
  1.545500E+03 -1.232304E+00
  1.546000E+03 -1.381797E+00
  1.546500E+03 -1.456840E+00
  1.547000E+03 -1.457474E+00
  1.547500E+03 -1.387461E+00
  1.548000E+03 -1.253981E+00
  1.548500E+03 -1.067152E+00
  1.549000E+03 -8.394263E-01
  1.549500E+03 -5.848778E-01
  1.550000E+03 -3.184245E-01
  1.550500E+03 -5.503259E-02
  1.551000E+03  1.910608E-01
  1.551500E+03  4.070657E-01
  1.552000E+03  5.822627E-01
  1.552500E+03  7.085021E-01
  1.553000E+03  7.805562E-01
  1.553500E+03  7.963123E-01
  1.554000E+03  7.567993E-01
  1.554500E+03  6.660512E-01
  1.555000E+03  5.308210E-01
  1.555500E+03  3.601613E-01
  1.556000E+03  1.648987E-01
  1.556500E+03 -4.296997E-02
  1.557000E+03 -2.509251E-01
  1.557500E+03 -4.465832E-01
  1.558000E+03 -6.183332E-01
  1.558500E+03 -7.559185E-01
  1.559000E+03 -8.509384E-01
  1.559500E+03 -8.972455E-01
  1.560000E+03 -8.912236E-01
  1.560500E+03 -8.319348E-01
  1.561000E+03 -7.211328E-01
  1.561500E+03 -5.631462E-01
  1.562000E+03 -3.646408E-01
  1.562500E+03 -1.342753E-01
  1.563000E+03  1.177291E-01
  1.563500E+03  3.800835E-01
  1.564000E+03  6.409648E-01
  1.564500E+03  8.885619E-01
  1.565000E+03  1.111610E+00
  1.565500E+03  1.299888E+00
  1.566000E+03  1.444658E+00
  1.566500E+03  1.539030E+00
  1.567000E+03  1.578234E+00
  1.567500E+03  1.559797E+00
  1.568000E+03  1.483615E+00
  1.568500E+03  1.351917E+00
  1.569000E+03  1.169139E+00
  1.569500E+03  9.416981E-01
  1.570000E+03  6.776990E-01
  1.570500E+03  3.865699E-01
  1.571000E+03  7.865703E-02
  1.571500E+03 -2.352070E-01
  1.572000E+03 -5.441432E-01
  1.572500E+03 -8.376544E-01
  1.573000E+03 -1.106024E+00
  1.573500E+03 -1.340672E+00
  1.574000E+03 -1.534447E+00
  1.574500E+03 -1.681860E+00
  1.575000E+03 -1.779229E+00
  1.575500E+03 -1.824757E+00
  1.576000E+03 -1.818520E+00
  1.576500E+03 -1.762386E+00
  1.577000E+03 -1.659857E+00
  1.577500E+03 -1.515856E+00
  1.578000E+03 -1.336460E+00
  1.578500E+03 -1.128605E+00
  1.579000E+03 -8.997574E-01
  1.579500E+03 -6.575961E-01
  1.580000E+03 -4.096918E-01
  1.580500E+03 -1.632180E-01
  1.581000E+03  7.530376E-02
  1.581500E+03  3.002097E-01
  1.582000E+03  5.068444E-01
  1.582500E+03  6.916503E-01
  1.583000E+03  8.521952E-01
  1.583500E+03  9.871395E-01
  1.584000E+03  1.096147E+00
  1.584500E+03  1.179750E+00
  1.585000E+03  1.239177E+00
  1.585500E+03  1.276155E+00
  1.586000E+03  1.292701E+00
  1.586500E+03  1.290923E+00
  1.587000E+03  1.272829E+00
  1.587500E+03  1.240172E+00
  1.588000E+03  1.194336E+00
  1.588500E+03  1.136263E+00
  1.589000E+03  1.066445E+00
  1.589500E+03  9.849517E-01
  1.590000E+03  8.915270E-01
  1.590500E+03  7.857145E-01
  1.591000E+03  6.670252E-01
  1.591500E+03  5.351235E-01
  1.592000E+03  3.900201E-01
  1.592500E+03  2.322560E-01
  1.593000E+03  6.306235E-02
  1.593500E+03 -1.155196E-01
  1.594000E+03 -3.005703E-01
  1.594500E+03 -4.882859E-01
  1.595000E+03 -6.740383E-01
  1.595500E+03 -8.525061E-01
  1.596000E+03 -1.017870E+00
  1.596500E+03 -1.164068E+00
  1.597000E+03 -1.285094E+00
  1.597500E+03 -1.375328E+00
  1.598000E+03 -1.429880E+00
  1.598500E+03 -1.444915E+00
  1.599000E+03 -1.417960E+00
  1.599500E+03 -1.348144E+00
  1.600000E+03 -1.236381E+00
  1.600500E+03 -1.085454E+00
  1.601000E+03 -9.000108E-01
  1.601500E+03 -6.864515E-01
  1.602000E+03 -4.527169E-01
  1.602500E+03 -2.079771E-01
  1.603000E+03  3.776053E-02
  1.603500E+03  2.741109E-01
  1.604000E+03  4.908129E-01
  1.604500E+03  6.782476E-01
  1.605000E+03  8.279457E-01
  1.605500E+03  9.330542E-01
  1.606000E+03  9.887363E-01
  1.606500E+03  9.924787E-01
  1.607000E+03  9.442879E-01
  1.607500E+03  8.467595E-01
  1.608000E+03  7.050146E-01
  1.608500E+03  5.265016E-01
  1.609000E+03  3.206719E-01
  1.609500E+03  9.854313E-02
  1.610000E+03 -1.278293E-01
  1.610500E+03 -3.459447E-01
  1.611000E+03 -5.434842E-01
  1.611500E+03 -7.089393E-01
  1.612000E+03 -8.322092E-01
  1.612500E+03 -9.051334E-01
  1.613000E+03 -9.219324E-01
  1.613500E+03 -8.795328E-01
  1.614000E+03 -7.777565E-01
  1.614500E+03 -6.193679E-01
  1.615000E+03 -4.099717E-01
  1.615500E+03 -1.577706E-01
  1.616000E+03  1.268072E-01
  1.616500E+03  4.315891E-01
  1.617000E+03  7.432234E-01
  1.617500E+03  1.047799E+00
  1.618000E+03  1.331488E+00
  1.618500E+03  1.581176E+00
  1.619000E+03  1.785053E+00
  1.619500E+03  1.933134E+00
  1.620000E+03  2.017678E+00
  1.620500E+03  2.033507E+00
  1.621000E+03  1.978188E+00
  1.621500E+03  1.852088E+00
  1.622000E+03  1.658306E+00
  1.622500E+03  1.402482E+00
  1.623000E+03  1.092497E+00
  1.623500E+03  7.381019E-01
  1.624000E+03  3.504691E-01
  1.624500E+03 -5.828189E-02
  1.625000E+03 -4.755745E-01
  1.625500E+03 -8.888512E-01
  1.626000E+03 -1.286015E+00
  1.626500E+03 -1.655818E+00
  1.627000E+03 -1.988183E+00
  1.627500E+03 -2.274448E+00
  1.628000E+03 -2.507538E+00
  1.628500E+03 -2.682051E+00
  1.629000E+03 -2.794280E+00
  1.629500E+03 -2.842165E+00
  1.630000E+03 -2.825209E+00
  1.630500E+03 -2.744344E+00
  1.631000E+03 -2.601787E+00
  1.631500E+03 -2.400880E+00
  1.632000E+03 -2.145944E+00
  1.632500E+03 -1.842138E+00
  1.633000E+03 -1.495343E+00
  1.633500E+03 -1.112066E+00
  1.634000E+03 -6.993641E-01
  1.634500E+03 -2.647890E-01
  1.635000E+03  1.836600E-01
  1.635500E+03  6.375811E-01
  1.636000E+03  1.088223E+00
  1.636500E+03  1.526554E+00
  1.637000E+03  1.943358E+00
  1.637500E+03  2.329362E+00
  1.638000E+03  2.675397E+00
  1.638500E+03  2.972601E+00
  1.639000E+03  3.212649E+00
  1.639500E+03  3.388014E+00
  1.640000E+03  3.492241E+00
  1.640500E+03  3.520227E+00
  1.641000E+03  3.468489E+00
  1.641500E+03  3.335404E+00
  1.642000E+03  3.121407E+00
  1.642500E+03  2.829129E+00
  1.643000E+03  2.463464E+00
  1.643500E+03  2.031556E+00
  1.644000E+03  1.542695E+00
  1.644500E+03  1.008128E+00
  1.645000E+03  4.407812E-01
  1.645500E+03 -1.450946E-01
  1.646000E+03 -7.343472E-01
  1.646500E+03 -1.311394E+00
  1.647000E+03 -1.860725E+00
  1.647500E+03 -2.367418E+00
  1.648000E+03 -2.817639E+00
  1.648500E+03 -3.199112E+00
  1.649000E+03 -3.501535E+00
  1.649500E+03 -3.716920E+00
  1.650000E+03 -3.839855E+00
  1.650500E+03 -3.867663E+00
  1.651000E+03 -3.800463E+00
  1.651500E+03 -3.641126E+00
  1.652000E+03 -3.395133E+00
  1.652500E+03 -3.070344E+00
  1.653000E+03 -2.676685E+00
  1.653500E+03 -2.225772E+00
  1.654000E+03 -1.730496E+00
  1.654500E+03 -1.204568E+00
  1.655000E+03 -6.620689E-01
  1.655500E+03 -1.170010E-01
  1.656000E+03  4.171312E-01
  1.656500E+03  9.276979E-01
  1.657000E+03  1.403269E+00
  1.657500E+03  1.833878E+00
  1.658000E+03  2.211216E+00
  1.658500E+03  2.528763E+00
  1.659000E+03  2.781847E+00
  1.659500E+03  2.967639E+00
  1.660000E+03  3.085093E+00
  1.660500E+03  3.134839E+00
  1.661000E+03  3.119027E+00
  1.661500E+03  3.041150E+00
  1.662000E+03  2.905838E+00
  1.662500E+03  2.718645E+00
  1.663000E+03  2.485828E+00
  1.663500E+03  2.214136E+00
  1.664000E+03  1.910601E+00
  1.664500E+03  1.582356E+00
  1.665000E+03  1.236460E+00
  1.665500E+03  8.797532E-01
  1.666000E+03  5.187350E-01
  1.666500E+03  1.594652E-01
  1.667000E+03 -1.925085E-01
  1.667500E+03 -5.321978E-01
  1.668000E+03 -8.551979E-01
  1.668500E+03 -1.157689E+00
  1.669000E+03 -1.436418E+00
  1.669500E+03 -1.688661E+00
  1.670000E+03 -1.912170E+00
  1.670500E+03 -2.105113E+00
  1.671000E+03 -2.265998E+00
  1.671500E+03 -2.393606E+00
  1.672000E+03 -2.486916E+00
  1.672500E+03 -2.545039E+00
  1.673000E+03 -2.567176E+00
  1.673500E+03 -2.552575E+00
  1.674000E+03 -2.500533E+00
  1.674500E+03 -2.410406E+00
  1.675000E+03 -2.281656E+00
  1.675500E+03 -2.113932E+00
  1.676000E+03 -1.907166E+00
  1.676500E+03 -1.661711E+00
  1.677000E+03 -1.378480E+00
  1.677500E+03 -1.059111E+00
  1.678000E+03 -7.061255E-01
  1.678500E+03 -3.230747E-01
  1.679000E+03  8.533076E-02
  1.679500E+03  5.131315E-01
  1.680000E+03  9.530781E-01
  1.680500E+03  1.396648E+00
  1.681000E+03  1.834134E+00
  1.681500E+03  2.254802E+00
  1.682000E+03  2.647134E+00
  1.682500E+03  2.999138E+00
  1.683000E+03  3.298733E+00
  1.683500E+03  3.534188E+00
  1.684000E+03  3.694603E+00
  1.684500E+03  3.770413E+00
  1.685000E+03  3.753895E+00
  1.685500E+03  3.639637E+00
  1.686000E+03  3.424973E+00
  1.686500E+03  3.110322E+00
  1.687000E+03  2.699436E+00
  1.687500E+03  2.199524E+00
  1.688000E+03  1.621235E+00
  1.688500E+03  9.784968E-01
  1.689000E+03  2.881967E-01
  1.689500E+03 -4.302762E-01
  1.690000E+03 -1.155630E+00
  1.690500E+03 -1.865384E+00
  1.691000E+03 -2.536666E+00
  1.691500E+03 -3.147081E+00
  1.692000E+03 -3.675584E+00
  1.692500E+03 -4.103346E+00
  1.693000E+03 -4.414560E+00
  1.693500E+03 -4.597145E+00
  1.694000E+03 -4.643325E+00
  1.694500E+03 -4.550036E+00
  1.695000E+03 -4.319151E+00
  1.695500E+03 -3.957503E+00
  1.696000E+03 -3.476700E+00
  1.696500E+03 -2.892729E+00
  1.697000E+03 -2.225375E+00
  1.697500E+03 -1.497474E+00
  1.698000E+03 -7.340214E-01
  1.698500E+03  3.881185E-02
  1.699000E+03  7.947174E-01
  1.699500E+03  1.508298E+00
  1.700000E+03  2.156077E+00
  1.700500E+03  2.717415E+00
  1.701000E+03  3.175310E+00
  1.701500E+03  3.517027E+00
  1.702000E+03  3.734537E+00
  1.702500E+03  3.824750E+00
  1.703000E+03  3.789523E+00
  1.703500E+03  3.635457E+00
  1.704000E+03  3.373489E+00
  1.704500E+03  3.018299E+00
  1.705000E+03  2.587573E+00
  1.705500E+03  2.101140E+00
  1.706000E+03  1.580055E+00
  1.706500E+03  1.045642E+00
  1.707000E+03  5.185674E-01
  1.707500E+03  1.796919E-02
  1.708000E+03 -4.393025E-01
  1.708500E+03 -8.393127E-01
  1.709000E+03 -1.171505E+00
  1.709500E+03 -1.428983E+00
  1.710000E+03 -1.608610E+00
  1.710500E+03 -1.710918E+00
  1.711000E+03 -1.739849E+00
  1.711500E+03 -1.702337E+00
  1.712000E+03 -1.607776E+00
  1.712500E+03 -1.467380E+00
  1.713000E+03 -1.293503E+00
  1.713500E+03 -1.098931E+00
  1.714000E+03 -8.961948E-01
  1.714500E+03 -6.969435E-01
  1.715000E+03 -5.113965E-01
  1.715500E+03 -3.479100E-01
  1.716000E+03 -2.126711E-01
  1.716500E+03 -1.095293E-01
  1.717000E+03 -3.996936E-02
  1.717500E+03 -3.217700E-03
  1.718000E+03  3.529082E-03
  1.718500E+03 -1.522597E-02
  1.719000E+03 -5.368817E-02
  1.719500E+03 -1.052292E-01
  1.720000E+03 -1.628660E-01
  1.720500E+03 -2.197308E-01
  1.721000E+03 -2.695052E-01
  1.721500E+03 -3.067946E-01
  1.722000E+03 -3.274220E-01
  1.722500E+03 -3.286285E-01
  1.723000E+03 -3.091720E-01
  1.723500E+03 -2.693240E-01
  1.724000E+03 -2.107669E-01
  1.724500E+03 -1.364064E-01
  1.725000E+03 -5.011115E-02
  1.725500E+03  4.359801E-02
  1.726000E+03  1.398884E-01
  1.726500E+03  2.339617E-01
  1.727000E+03  3.213832E-01
  1.727500E+03  3.983724E-01
  1.728000E+03  4.620384E-01
  1.728500E+03  5.105435E-01
  1.729000E+03  5.431888E-01
  1.729500E+03  5.604155E-01
  1.730000E+03  5.637249E-01
  1.730500E+03  5.555243E-01
  1.731000E+03  5.389088E-01
  1.731500E+03  5.173970E-01
  1.732000E+03  4.946365E-01
  1.732500E+03  4.741017E-01
  1.733000E+03  4.588032E-01
  1.733500E+03  4.510287E-01
  1.734000E+03  4.521332E-01
  1.734500E+03  4.623940E-01
  1.735000E+03  4.809381E-01
  1.735500E+03  5.057518E-01
  1.736000E+03  5.337690E-01
  1.736500E+03  5.610377E-01
  1.737000E+03  5.829520E-01
  1.737500E+03  5.945399E-01
  1.738000E+03  5.907865E-01
  1.738500E+03  5.669770E-01
  1.739000E+03  5.190355E-01
  1.739500E+03  4.438423E-01
  1.740000E+03  3.395075E-01
  1.740500E+03  2.055858E-01
  1.741000E+03  4.321757E-02
  1.741500E+03 -1.448140E-01
  1.742000E+03 -3.541140E-01
  1.742500E+03 -5.787961E-01
  1.743000E+03 -8.116875E-01
  1.743500E+03 -1.044609E+00
  1.744000E+03 -1.268717E+00
  1.744500E+03 -1.474891E+00
  1.745000E+03 -1.654146E+00
  1.745500E+03 -1.798050E+00
  1.746000E+03 -1.899129E+00
  1.746500E+03 -1.951228E+00
  1.747000E+03 -1.949827E+00
  1.747500E+03 -1.892281E+00
  1.748000E+03 -1.777980E+00
  1.748500E+03 -1.608420E+00
  1.749000E+03 -1.387177E+00
  1.749500E+03 -1.119800E+00
  1.750000E+03 -8.136029E-01
  1.750500E+03 -4.773973E-01
  1.751000E+03 -1.211484E-01
  1.751500E+03  2.444058E-01
  1.752000E+03  6.081686E-01
  1.752500E+03  9.591066E-01
  1.753000E+03  1.286663E+00
  1.753500E+03  1.581143E+00
  1.754000E+03  1.834058E+00
  1.754500E+03  2.038411E+00
  1.755000E+03  2.188916E+00
  1.755500E+03  2.282143E+00
  1.756000E+03  2.316584E+00
  1.756500E+03  2.292642E+00
  1.757000E+03  2.212548E+00
  1.757500E+03  2.080209E+00
  1.758000E+03  1.900998E+00
  1.758500E+03  1.681497E+00
  1.759000E+03  1.429210E+00
  1.759500E+03  1.152254E+00
  1.760000E+03  8.590442E-01
  1.760500E+03  5.579854E-01
  1.761000E+03  2.571869E-01
  1.761500E+03 -3.579675E-02
  1.762000E+03 -3.141844E-01
  1.762500E+03 -5.721423E-01
  1.763000E+03 -8.049092E-01
  1.763500E+03 -1.008870E+00
  1.764000E+03 -1.181581E+00
  1.764500E+03 -1.321741E+00
  1.765000E+03 -1.429130E+00
  1.765500E+03 -1.504500E+00
  1.766000E+03 -1.549438E+00
  1.766500E+03 -1.566210E+00
  1.767000E+03 -1.557587E+00
  1.767500E+03 -1.526663E+00
  1.768000E+03 -1.476680E+00
  1.768500E+03 -1.410861E+00
  1.769000E+03 -1.332255E+00
  1.769500E+03 -1.243608E+00
  1.770000E+03 -1.147266E+00
  1.770500E+03 -1.045096E+00
  1.771000E+03 -9.384520E-01
  1.771500E+03 -8.281672E-01
  1.772000E+03 -7.145821E-01
  1.772500E+03 -5.976018E-01
  1.773000E+03 -4.767821E-01
  1.773500E+03 -3.514381E-01
  1.774000E+03 -2.207705E-01
  1.774500E+03 -8.400333E-02
  1.775000E+03  5.947420E-02
  1.775500E+03  2.099685E-01
  1.776000E+03  3.673533E-01
  1.776500E+03  5.309590E-01
  1.777000E+03  6.994869E-01
  1.777500E+03  8.709536E-01
  1.778000E+03  1.042671E+00
  1.778500E+03  1.211267E+00
  1.779000E+03  1.372744E+00
  1.779500E+03  1.522576E+00
  1.780000E+03  1.655857E+00
  1.780500E+03  1.767464E+00
  1.781000E+03  1.852268E+00
  1.781500E+03  1.905350E+00
  1.782000E+03  1.922243E+00
  1.782500E+03  1.899161E+00
  1.783000E+03  1.833234E+00
  1.783500E+03  1.722704E+00
  1.784000E+03  1.567105E+00
  1.784500E+03  1.367392E+00
  1.785000E+03  1.126021E+00
  1.785500E+03  8.469719E-01
  1.786000E+03  5.357070E-01
  1.786500E+03  1.990715E-01
  1.787000E+03 -1.548746E-01
  1.787500E+03 -5.170794E-01
  1.788000E+03 -8.777748E-01
  1.788500E+03 -1.226793E+00
  1.789000E+03 -1.553912E+00
  1.789500E+03 -1.849220E+00
  1.790000E+03 -2.103476E+00
  1.790500E+03 -2.308462E+00
  1.791000E+03 -2.457301E+00
  1.791500E+03 -2.544734E+00
  1.792000E+03 -2.567340E+00
  1.792500E+03 -2.523693E+00
  1.793000E+03 -2.414443E+00
  1.793500E+03 -2.242320E+00
  1.794000E+03 -2.012060E+00
  1.794500E+03 -1.730259E+00
  1.795000E+03 -1.405149E+00
  1.795500E+03 -1.046320E+00
  1.796000E+03 -6.643924E-01
  1.796500E+03 -2.706496E-01
  1.797000E+03  1.233499E-01
  1.797500E+03  5.061645E-01
  1.798000E+03  8.668543E-01
  1.798500E+03  1.195341E+00
  1.799000E+03  1.482730E+00
  1.799500E+03  1.721590E+00
  1.800000E+03  1.906163E+00
  1.800500E+03  2.032526E+00
  1.801000E+03  2.098676E+00
  1.801500E+03  2.104544E+00
  1.802000E+03  2.051957E+00
  1.802500E+03  1.944522E+00
  1.803000E+03  1.787466E+00
  1.803500E+03  1.587422E+00
  1.804000E+03  1.352178E+00
  1.804500E+03  1.090400E+00
  1.805000E+03  8.113316E-01
  1.805500E+03  5.244897E-01
  1.806000E+03  2.393572E-01
  1.806500E+03 -3.491246E-02
  1.807000E+03 -2.897730E-01
  1.807500E+03 -5.175396E-01
  1.808000E+03 -7.116117E-01
  1.808500E+03 -8.666613E-01
  1.809000E+03 -9.787816E-01
  1.809500E+03 -1.045594E+00
  1.810000E+03 -1.066313E+00
  1.810500E+03 -1.041759E+00
  1.811000E+03 -9.743352E-01
  1.811500E+03 -8.679506E-01
  1.812000E+03 -7.279011E-01
  1.812500E+03 -5.607073E-01
  1.813000E+03 -3.739112E-01
  1.813500E+03 -1.758360E-01
  1.814000E+03  2.468584E-02
  1.814500E+03  2.186105E-01
  1.815000E+03  3.969992E-01
  1.815500E+03  5.513440E-01
  1.816000E+03  6.738929E-01
  1.816500E+03  7.579640E-01
  1.817000E+03  7.982358E-01
  1.817500E+03  7.910025E-01
  1.818000E+03  7.343826E-01
  1.818500E+03  6.284687E-01
  1.819000E+03  4.754102E-01
  1.819500E+03  2.794199E-01
  1.820000E+03  4.669962E-02
  1.820500E+03 -2.147161E-01
  1.821000E+03 -4.951995E-01
  1.821500E+03 -7.838443E-01
  1.822000E+03 -1.068850E+00
  1.822500E+03 -1.337961E+00
  1.823000E+03 -1.578945E+00
  1.823500E+03 -1.780095E+00
  1.824000E+03 -1.930730E+00
  1.824500E+03 -2.021676E+00
  1.825000E+03 -2.045706E+00
  1.825500E+03 -1.997912E+00
  1.826000E+03 -1.875999E+00
  1.826500E+03 -1.680475E+00
  1.827000E+03 -1.414734E+00
  1.827500E+03 -1.085017E+00
  1.828000E+03 -7.002550E-01
  1.828500E+03 -2.717877E-01
  1.829000E+03  1.870184E-01
  1.829500E+03  6.612527E-01
  1.830000E+03  1.135018E+00
  1.830500E+03  1.592038E+00
  1.831000E+03  2.016298E+00
  1.831500E+03  2.392676E+00
  1.832000E+03  2.707552E+00
  1.832500E+03  2.949358E+00
  1.833000E+03  3.109049E+00
  1.833500E+03  3.180463E+00
  1.834000E+03  3.160579E+00
  1.834500E+03  3.049622E+00
  1.835000E+03  2.851054E+00
  1.835500E+03  2.571413E+00
  1.836000E+03  2.220037E+00
  1.836500E+03  1.808667E+00
  1.837000E+03  1.350959E+00
  1.837500E+03  8.619202E-01
  1.838000E+03  3.573050E-01
  1.838500E+03 -1.470135E-01
  1.839000E+03 -6.356578E-01
  1.839500E+03 -1.094324E+00
  1.840000E+03 -1.510295E+00
  1.840500E+03 -1.872875E+00
  1.841000E+03 -2.173716E+00
  1.841500E+03 -2.407034E+00
  1.842000E+03 -2.569709E+00
  1.842500E+03 -2.661263E+00
  1.843000E+03 -2.683722E+00
  1.843500E+03 -2.641383E+00
  1.844000E+03 -2.540484E+00
  1.844500E+03 -2.388819E+00
  1.845000E+03 -2.195292E+00
  1.845500E+03 -1.969458E+00
  1.846000E+03 -1.721063E+00
  1.846500E+03 -1.459603E+00
  1.847000E+03 -1.193929E+00
  1.847500E+03 -9.319088E-01
  1.848000E+03 -6.801651E-01
  1.848500E+03 -4.438931E-01
  1.849000E+03 -2.267647E-01
  1.849500E+03 -3.091972E-02
  1.850000E+03  1.429626E-01
  1.850500E+03  2.955189E-01
  1.851000E+03  4.284958E-01
  1.851500E+03  5.444986E-01
  1.852000E+03  6.467088E-01
  1.852500E+03  7.385886E-01
  1.853000E+03  8.235886E-01
  1.853500E+03  9.048746E-01
  1.854000E+03  9.850871E-01
  1.854500E+03  1.066145E+00
  1.855000E+03  1.149104E+00
  1.855500E+03  1.234069E+00
  1.856000E+03  1.320175E+00
  1.856500E+03  1.405618E+00
  1.857000E+03  1.487751E+00
  1.857500E+03  1.563221E+00
  1.858000E+03  1.628156E+00
  1.858500E+03  1.678369E+00
  1.859000E+03  1.709595E+00
  1.859500E+03  1.717719E+00
  1.860000E+03  1.699019E+00
  1.860500E+03  1.650368E+00
  1.861000E+03  1.569435E+00
  1.861500E+03  1.454833E+00
  1.862000E+03  1.306237E+00
  1.862500E+03  1.124453E+00
  1.863000E+03  9.114400E-01
  1.863500E+03  6.702870E-01
  1.864000E+03  4.051392E-01
  1.864500E+03  1.210873E-01
  1.865000E+03 -1.759828E-01
  1.865500E+03 -4.795706E-01
  1.866000E+03 -7.827642E-01
  1.866500E+03 -1.078458E+00
  1.867000E+03 -1.359580E+00
  1.867500E+03 -1.619312E+00
  1.868000E+03 -1.851304E+00
  1.868500E+03 -2.049871E+00
  1.869000E+03 -2.210164E+00
  1.869500E+03 -2.328314E+00
  1.870000E+03 -2.401538E+00
  1.870500E+03 -2.428212E+00
  1.871000E+03 -2.407904E+00
  1.871500E+03 -2.341364E+00
  1.872000E+03 -2.230485E+00
  1.872500E+03 -2.078221E+00
  1.873000E+03 -1.888471E+00
  1.873500E+03 -1.665950E+00
  1.874000E+03 -1.416021E+00
  1.874500E+03 -1.144526E+00
  1.875000E+03 -8.576010E-01
  1.875500E+03 -5.614957E-01
  1.876000E+03 -2.623927E-01
  1.876500E+03  3.375608E-02
  1.877000E+03  3.213783E-01
  1.877500E+03  5.954066E-01
  1.878000E+03  8.513785E-01
  1.878500E+03  1.085509E+00
  1.879000E+03  1.294730E+00
  1.879500E+03  1.476712E+00
  1.880000E+03  1.629841E+00
  1.880500E+03  1.753192E+00
  1.881000E+03  1.846467E+00
  1.881500E+03  1.909924E+00
  1.882000E+03  1.944301E+00
  1.882500E+03  1.950725E+00
  1.883000E+03  1.930628E+00
  1.883500E+03  1.885675E+00
  1.884000E+03  1.817683E+00
  1.884500E+03  1.728575E+00
  1.885000E+03  1.620328E+00
  1.885500E+03  1.494949E+00
  1.886000E+03  1.354459E+00
  1.886500E+03  1.200890E+00
  1.887000E+03  1.036289E+00
  1.887500E+03  8.627306E-01
  1.888000E+03  6.823302E-01
  1.888500E+03  4.972509E-01
  1.889000E+03  3.097078E-01
  1.889500E+03  1.219605E-01
  1.890000E+03 -6.370599E-02
  1.890500E+03 -2.450131E-01
  1.891000E+03 -4.197335E-01
  1.891500E+03 -5.857462E-01
  1.892000E+03 -7.411001E-01
  1.892500E+03 -8.840803E-01
  1.893000E+03 -1.013273E+00
  1.893500E+03 -1.127623E+00
  1.894000E+03 -1.226479E+00
  1.894500E+03 -1.309619E+00
  1.895000E+03 -1.377250E+00
  1.895500E+03 -1.429991E+00
  1.896000E+03 -1.468818E+00
  1.896500E+03 -1.494984E+00
  1.897000E+03 -1.509921E+00
  1.897500E+03 -1.515112E+00
  1.898000E+03 -1.511959E+00
  1.898500E+03 -1.501636E+00
  1.899000E+03 -1.484958E+00
  1.899500E+03 -1.462256E+00
  1.900000E+03 -1.433280E+00
  1.900500E+03 -1.397141E+00
  1.901000E+03 -1.352285E+00
  1.901500E+03 -1.296531E+00
  1.902000E+03 -1.227148E+00
  1.902500E+03 -1.140991E+00
  1.903000E+03 -1.034689E+00
  1.903500E+03 -9.048693E-01
  1.904000E+03 -7.484199E-01
  1.904500E+03 -5.627704E-01
  1.905000E+03 -3.461781E-01
  1.905500E+03 -9.800153E-02
  1.906000E+03  1.810548E-01
  1.906500E+03  4.887433E-01
  1.907000E+03  8.211385E-01
  1.907500E+03  1.172579E+00
  1.908000E+03  1.535697E+00
  1.908500E+03  1.901540E+00
  1.909000E+03  2.259783E+00
  1.909500E+03  2.599041E+00
  1.910000E+03  2.907252E+00
  1.910500E+03  3.172136E+00
  1.911000E+03  3.381697E+00
  1.911500E+03  3.524762E+00
  1.912000E+03  3.591509E+00
  1.912500E+03  3.573988E+00
  1.913000E+03  3.466579E+00
  1.913500E+03  3.266389E+00
  1.914000E+03  2.973540E+00
  1.914500E+03  2.591352E+00
  1.915000E+03  2.126393E+00
  1.915500E+03  1.588397E+00
  1.916000E+03  9.900420E-01
  1.916500E+03  3.465969E-01
  1.917000E+03 -3.245520E-01
  1.917500E+03 -1.004476E+00
  1.918000E+03 -1.673361E+00
  1.918500E+03 -2.311215E+00
  1.919000E+03 -2.898599E+00
  1.919500E+03 -3.417355E+00
  1.920000E+03 -3.851284E+00
  1.920500E+03 -4.186767E+00
  1.921000E+03 -4.413281E+00
  1.921500E+03 -4.523798E+00
  1.922000E+03 -4.515058E+00
  1.922500E+03 -4.387682E+00
  1.923000E+03 -4.146142E+00
  1.923500E+03 -3.798582E+00
  1.924000E+03 -3.356500E+00
  1.924500E+03 -2.834301E+00
  1.925000E+03 -2.248750E+00
  1.925500E+03 -1.618338E+00
  1.926000E+03 -9.626047E-01
  1.926500E+03 -3.014243E-01
  1.927000E+03  3.456951E-01
  1.927500E+03  9.602836E-01
  1.928000E+03  1.525523E+00
  1.928500E+03  2.026778E+00
  1.929000E+03  2.452029E+00
  1.929500E+03  2.792192E+00
  1.930000E+03  3.041320E+00
  1.930500E+03  3.196672E+00
  1.931000E+03  3.258672E+00
  1.931500E+03  3.230745E+00
  1.932000E+03  3.119052E+00
  1.932500E+03  2.932139E+00
  1.933000E+03  2.680515E+00
  1.933500E+03  2.376178E+00
  1.934000E+03  2.032112E+00
  1.934500E+03  1.661775E+00
  1.935000E+03  1.278600E+00
  1.935500E+03  8.955180E-01
  1.936000E+03  5.245330E-01
  1.936500E+03  1.763514E-01
  1.937000E+03 -1.399191E-01
  1.937500E+03 -4.169948E-01
  1.938000E+03 -6.495608E-01
  1.938500E+03 -8.343356E-01
  1.939000E+03 -9.700569E-01
  1.939500E+03 -1.057393E+00
  1.940000E+03 -1.098788E+00
  1.940500E+03 -1.098250E+00
  1.941000E+03 -1.061090E+00
  1.941500E+03 -9.936278E-01
  1.942000E+03 -9.028768E-01
  1.942500E+03 -7.962141E-01
  1.943000E+03 -6.810570E-01
  1.943500E+03 -5.645533E-01
  1.944000E+03 -4.532956E-01
  1.944500E+03 -3.530729E-01
  1.945000E+03 -2.686637E-01
  1.945500E+03 -2.036800E-01
  1.946000E+03 -1.604654E-01
  1.946500E+03 -1.400493E-01
  1.947000E+03 -1.421581E-01
  1.947500E+03 -1.652813E-01
  1.948000E+03 -2.067878E-01
  1.948500E+03 -2.630873E-01
  1.949000E+03 -3.298283E-01
  1.949500E+03 -4.021243E-01
  1.950000E+03 -4.747975E-01
  1.950500E+03 -5.426296E-01
  1.951000E+03 -6.006090E-01
  1.951500E+03 -6.441631E-01
  1.952000E+03 -6.693668E-01
  1.952500E+03 -6.731177E-01
  1.953000E+03 -6.532724E-01
  1.953500E+03 -6.087367E-01
  1.954000E+03 -5.395091E-01
  1.954500E+03 -4.466759E-01
  1.955000E+03 -3.323583E-01
  1.955500E+03 -1.996179E-01
  1.956000E+03 -5.232404E-02
  1.956500E+03  1.050095E-01
  1.957000E+03  2.674092E-01
  1.957500E+03  4.296395E-01
  1.958000E+03  5.864049E-01
  1.958500E+03  7.325468E-01
  1.959000E+03  8.632270E-01
  1.959500E+03  9.740922E-01
  1.960000E+03  1.061412E+00
  1.960500E+03  1.122192E+00
  1.961000E+03  1.154247E+00
  1.961500E+03  1.156257E+00
  1.962000E+03  1.127782E+00
  1.962500E+03  1.069255E+00
  1.963000E+03  9.819488E-01
  1.963500E+03  8.679309E-01
  1.964000E+03  7.299935E-01
  1.964500E+03  5.715788E-01
  1.965000E+03  3.966947E-01
  1.965500E+03  2.098254E-01
  1.966000E+03  1.583800E-02
  1.966500E+03 -1.801135E-01
  1.967000E+03 -3.726887E-01
  1.967500E+03 -5.564663E-01
  1.968000E+03 -7.260551E-01
  1.968500E+03 -8.762140E-01
  1.969000E+03 -1.001981E+00
  1.969500E+03 -1.098811E+00
  1.970000E+03 -1.162724E+00
  1.970500E+03 -1.190454E+00
  1.971000E+03 -1.179608E+00
  1.971500E+03 -1.128812E+00
  1.972000E+03 -1.037849E+00
  1.972500E+03 -9.077801E-01
  1.973000E+03 -7.410260E-01
  1.973500E+03 -5.414162E-01
  1.974000E+03 -3.141851E-01
  1.974500E+03 -6.591181E-02
  1.975000E+03  1.956039E-01
  1.975500E+03  4.615306E-01
  1.976000E+03  7.222607E-01
  1.976500E+03  9.677260E-01
  1.977000E+03  1.187766E+00
  1.977500E+03  1.372536E+00
  1.978000E+03  1.512939E+00
  1.978500E+03  1.601061E+00
  1.979000E+03  1.630589E+00
  1.979500E+03  1.597191E+00
  1.980000E+03  1.498829E+00
  1.980500E+03  1.335998E+00
  1.981000E+03  1.111852E+00
  1.981500E+03  8.322221E-01
  1.982000E+03  5.055125E-01
  1.982500E+03  1.424650E-01
  1.983000E+03 -2.441950E-01
  1.983500E+03 -6.402245E-01
  1.984000E+03 -1.030422E+00
  1.984500E+03 -1.399257E+00
  1.985000E+03 -1.731541E+00
  1.985500E+03 -2.013109E+00
  1.986000E+03 -2.231474E+00
  1.986500E+03 -2.376431E+00
  1.987000E+03 -2.440564E+00
  1.987500E+03 -2.419637E+00
  1.988000E+03 -2.312848E+00
  1.988500E+03 -2.122922E+00
  1.989000E+03 -1.856042E+00
  1.989500E+03 -1.521611E+00
  1.990000E+03 -1.131863E+00
  1.990500E+03 -7.013360E-01
  1.991000E+03 -2.462258E-01
  1.991500E+03  2.163330E-01
  1.992000E+03  6.690377E-01
  1.992500E+03  1.095193E+00
  1.993000E+03  1.479453E+00
  1.993500E+03  1.808494E+00
  1.994000E+03  2.071585E+00
  1.994500E+03  2.261017E+00
  1.995000E+03  2.372392E+00
  1.995500E+03  2.404730E+00
  1.996000E+03  2.360419E+00
  1.996500E+03  2.244989E+00
  1.997000E+03  2.066743E+00
  1.997500E+03  1.836252E+00
  1.998000E+03  1.565760E+00
  1.998500E+03  1.268515E+00
  1.999000E+03  9.580733E-01
  1.999500E+03  6.476185E-01
  2.000000E+03  3.493173E-01
  2.000500E+03  7.376135E-02
  2.001000E+03 -1.704884E-01
  2.001500E+03 -3.772271E-01
  2.002000E+03 -5.427908E-01
  2.002500E+03 -6.660930E-01
  2.003000E+03 -7.485184E-01
  2.003500E+03 -7.936818E-01
  2.004000E+03 -8.070728E-01
  2.004500E+03 -7.956094E-01
  2.005000E+03 -7.671274E-01
  2.005500E+03 -7.298391E-01
  2.006000E+03 -6.917904E-01
  2.006500E+03 -6.603486E-01
  2.007000E+03 -6.417471E-01
  2.007500E+03 -6.407119E-01
  2.008000E+03 -6.601870E-01
  2.008500E+03 -7.011712E-01
  2.009000E+03 -7.626717E-01
  2.009500E+03 -8.417721E-01
  2.010000E+03 -9.338100E-01
  2.010500E+03 -1.032649E+00
  2.011000E+03 -1.131026E+00
  2.011500E+03 -1.220966E+00
  2.012000E+03 -1.294214E+00
  2.012500E+03 -1.342698E+00
  2.013000E+03 -1.358968E+00
  2.013500E+03 -1.336610E+00
  2.014000E+03 -1.270603E+00
  2.014500E+03 -1.157621E+00
  2.015000E+03 -9.962508E-01
  2.015500E+03 -7.871291E-01
  2.016000E+03 -5.329940E-01
  2.016500E+03 -2.386496E-01
  2.017000E+03  8.915160E-02
  2.017500E+03  4.419024E-01
  2.018000E+03  8.096012E-01
  2.018500E+03  1.181071E+00
  2.019000E+03  1.544321E+00
  2.019500E+03  1.886946E+00
  2.020000E+03  2.196548E+00
  2.020500E+03  2.461162E+00
  2.021000E+03  2.669684E+00
  2.021500E+03  2.812290E+00
  2.022000E+03  2.880816E+00
  2.022500E+03  2.869118E+00
  2.023000E+03  2.773373E+00
  2.023500E+03  2.592325E+00
  2.024000E+03  2.327464E+00
  2.024500E+03  1.983124E+00
  2.025000E+03  1.566496E+00
  2.025500E+03  1.087547E+00
  2.026000E+03  5.588387E-01
  2.026500E+03 -4.752123E-03
  2.027000E+03 -5.864169E-01
  2.027500E+03 -1.167890E+00
  2.028000E+03 -1.730011E+00
  2.028500E+03 -2.253359E+00
  2.029000E+03 -2.718938E+00
  2.029500E+03 -3.108896E+00
  2.030000E+03 -3.407246E+00
  2.030500E+03 -3.600565E+00
  2.031000E+03 -3.678635E+00
  2.031500E+03 -3.634994E+00
  2.032000E+03 -3.467378E+00
  2.032500E+03 -3.178008E+00
  2.033000E+03 -2.773718E+00
  2.033500E+03 -2.265897E+00
  2.034000E+03 -1.670234E+00
  2.034500E+03 -1.006281E+00
  2.035000E+03 -2.968175E-01
  2.035500E+03  4.329360E-01
  2.036000E+03  1.156255E+00
  2.036500E+03  1.845942E+00
  2.037000E+03  2.475425E+00
  2.037500E+03  3.019866E+00
  2.038000E+03  3.457229E+00
  2.038500E+03  3.769269E+00
  2.039000E+03  3.942375E+00
  2.039500E+03  3.968245E+00
  2.040000E+03  3.844332E+00
  2.040500E+03  3.574060E+00
  2.041000E+03  3.166774E+00
  2.041500E+03  2.637426E+00
  2.042000E+03  2.006018E+00
  2.042500E+03  1.296803E+00
  2.043000E+03  5.372905E-01
  2.043500E+03 -2.428958E-01
  2.044000E+03 -1.013272E+00
  2.044500E+03 -1.743788E+00
  2.045000E+03 -2.406104E+00
  2.045500E+03 -2.974801E+00
  2.046000E+03 -3.428446E+00
  2.046500E+03 -3.750485E+00
  2.047000E+03 -3.929910E+00
  2.047500E+03 -3.961666E+00
  2.048000E+03 -3.846797E+00
  2.048500E+03 -3.592304E+00
  2.049000E+03 -3.210742E+00
  2.049500E+03 -2.719575E+00
  2.050000E+03 -2.140313E+00
  2.050500E+03 -1.497488E+00
  2.051000E+03 -8.175152E-01
  2.051500E+03 -1.274979E-01
  2.052000E+03  5.459723E-01
  2.052500E+03  1.177953E+00
  2.053000E+03  1.746177E+00
  2.053500E+03  2.231929E+00
  2.054000E+03  2.620714E+00
  2.054500E+03  2.902723E+00
  2.055000E+03  3.073046E+00
  2.055500E+03  3.131664E+00
  2.056000E+03  3.083196E+00
  2.056500E+03  2.936458E+00
  2.057000E+03  2.703827E+00
  2.057500E+03  2.400480E+00
  2.058000E+03  2.043531E+00
  2.058500E+03  1.651125E+00
  2.059000E+03  1.241531E+00
  2.059500E+03  8.322749E-01
  2.060000E+03  4.393640E-01
  2.060500E+03  7.663090E-02
  2.061000E+03 -2.447769E-01
  2.061500E+03 -5.167412E-01
  2.062000E+03 -7.343428E-01
  2.062500E+03 -8.958591E-01
  2.063000E+03 -1.002597E+00
  2.063500E+03 -1.058583E+00
  2.064000E+03 -1.070129E+00
  2.064500E+03 -1.045305E+00
  2.065000E+03 -9.933621E-01
  2.065500E+03 -9.241162E-01
  2.066000E+03 -8.473506E-01
  2.066500E+03 -7.722527E-01
  2.067000E+03 -7.069178E-01
  2.067500E+03 -6.579416E-01
  2.068000E+03 -6.301174E-01
  2.068500E+03 -6.262481E-01
  2.069000E+03 -6.470759E-01
  2.069500E+03 -6.913278E-01
  2.070000E+03 -7.558679E-01
  2.070500E+03 -8.359414E-01
  2.071000E+03 -9.254954E-01
  2.071500E+03 -1.017554E+00
  2.072000E+03 -1.104624E+00
  2.072500E+03 -1.179119E+00
  2.073000E+03 -1.233762E+00
  2.073500E+03 -1.261964E+00
  2.074000E+03 -1.258157E+00
  2.074500E+03 -1.218063E+00
  2.075000E+03 -1.138893E+00
  2.075500E+03 -1.019469E+00
  2.076000E+03 -8.602747E-01
  2.076500E+03 -6.634249E-01
  2.077000E+03 -4.325664E-01
  2.077500E+03 -1.727208E-01
  2.078000E+03  1.099255E-01
  2.078500E+03  4.082683E-01
  2.079000E+03  7.145570E-01
  2.079500E+03  1.020678E+00
  2.080000E+03  1.318438E+00
  2.080500E+03  1.599832E+00
  2.081000E+03  1.857291E+00
  2.081500E+03  2.083901E+00
  2.082000E+03  2.273580E+00
  2.082500E+03  2.421219E+00
  2.083000E+03  2.522782E+00
  2.083500E+03  2.575366E+00
  2.084000E+03  2.577213E+00
  2.084500E+03  2.527708E+00
  2.085000E+03  2.427323E+00
  2.085500E+03  2.277563E+00
  2.086000E+03  2.080873E+00
  2.086500E+03  1.840552E+00
  2.087000E+03  1.560650E+00
  2.087500E+03  1.245875E+00
  2.088000E+03  9.014913E-01
  2.088500E+03  5.332401E-01
  2.089000E+03  1.472538E-01
  2.089500E+03 -2.500139E-01
  2.090000E+03 -6.518535E-01
  2.090500E+03 -1.051361E+00
  2.091000E+03 -1.441499E+00
  2.091500E+03 -1.815160E+00
  2.092000E+03 -2.165233E+00
  2.092500E+03 -2.484689E+00
  2.093000E+03 -2.766669E+00
  2.093500E+03 -3.004600E+00
  2.094000E+03 -3.192314E+00
  2.094500E+03 -3.324197E+00
  2.095000E+03 -3.395341E+00
  2.095500E+03 -3.401716E+00
  2.096000E+03 -3.340343E+00
  2.096500E+03 -3.209461E+00
  2.097000E+03 -3.008696E+00
  2.097500E+03 -2.739201E+00
  2.098000E+03 -2.403771E+00
  2.098500E+03 -2.006924E+00
  2.099000E+03 -1.554937E+00
  2.099500E+03 -1.055819E+00
  2.100000E+03 -5.192364E-01
  2.100500E+03  4.362859E-02
  2.101000E+03  6.202873E-01
  2.101500E+03  1.197212E+00
  2.102000E+03  1.760162E+00
  2.102500E+03  2.294564E+00
  2.103000E+03  2.785926E+00
  2.103500E+03  3.220283E+00
  2.104000E+03  3.584657E+00
  2.104500E+03  3.867506E+00
  2.105000E+03  4.059156E+00
  2.105500E+03  4.152194E+00
  2.106000E+03  4.141802E+00
  2.106500E+03  4.026020E+00
  2.107000E+03  3.805927E+00
  2.107500E+03  3.485719E+00
  2.108000E+03  3.072691E+00
  2.108500E+03  2.577106E+00
  2.109000E+03  2.011958E+00
  2.109500E+03  1.392637E+00
  2.110000E+03  7.364967E-01
  2.110500E+03  6.233718E-02
  2.111000E+03 -6.101691E-01
  2.111500E+03 -1.261105E+00
  2.112000E+03 -1.870959E+00
  2.112500E+03 -2.421279E+00
  2.113000E+03 -2.895306E+00
  2.113500E+03 -3.278563E+00
  2.114000E+03 -3.559379E+00
  2.114500E+03 -3.729329E+00
  2.115000E+03 -3.783566E+00
  2.115500E+03 -3.721038E+00
  2.116000E+03 -3.544577E+00
  2.116500E+03 -3.260850E+00
  2.117000E+03 -2.880180E+00
  2.117500E+03 -2.416226E+00
  2.118000E+03 -1.885547E+00
  2.118500E+03 -1.307048E+00
  2.119000E+03 -7.013366E-01
  2.119500E+03 -9.000036E-02
  2.120000E+03  5.051579E-01
  2.120500E+03  1.062912E+00
  2.121000E+03  1.563396E+00
  2.121500E+03  1.988852E+00
  2.122000E+03  2.324315E+00
  2.122500E+03  2.558201E+00
  2.123000E+03  2.682790E+00
  2.123500E+03  2.694555E+00
  2.124000E+03  2.594351E+00
  2.124500E+03  2.387426E+00
  2.125000E+03  2.083272E+00
  2.125500E+03  1.695292E+00
  2.126000E+03  1.240322E+00
  2.126500E+03  7.379852E-01
  2.127000E+03  2.099405E-01
  2.127500E+03 -3.209822E-01
  2.128000E+03 -8.317048E-01
  2.128500E+03 -1.299855E+00
  2.129000E+03 -1.704711E+00
  2.129500E+03 -2.028095E+00
  2.130000E+03 -2.255174E+00
  2.130500E+03 -2.375145E+00
  2.131000E+03 -2.381742E+00
  2.131500E+03 -2.273577E+00
  2.132000E+03 -2.054261E+00
  2.132500E+03 -1.732316E+00
  2.133000E+03 -1.320867E+00
  2.133500E+03 -8.371266E-01
  2.134000E+03 -3.016855E-01
  2.134500E+03  2.623528E-01
  2.135000E+03  8.303697E-01
  2.135500E+03  1.377309E+00
  2.136000E+03  1.878792E+00
  2.136500E+03  2.312212E+00
  2.137000E+03  2.657770E+00
  2.137500E+03  2.899384E+00
  2.138000E+03  3.025445E+00
  2.138500E+03  3.029369E+00
  2.139000E+03  2.909924E+00
  2.139500E+03  2.671309E+00
  2.140000E+03  2.322983E+00
  2.140500E+03  1.879241E+00
  2.141000E+03  1.358570E+00
  2.141500E+03  7.828009E-01
  2.142000E+03  1.761006E-01
  2.142500E+03 -4.361431E-01
  2.143000E+03 -1.028495E+00
  2.143500E+03 -1.576646E+00
  2.144000E+03 -2.058524E+00
  2.144500E+03 -2.455295E+00
  2.145000E+03 -2.752196E+00
  2.145500E+03 -2.939173E+00
  2.146000E+03 -3.011268E+00
  2.146500E+03 -2.968768E+00
  2.147000E+03 -2.817084E+00
  2.147500E+03 -2.566384E+00
  2.148000E+03 -2.230994E+00
  2.148500E+03 -1.828603E+00
  2.149000E+03 -1.379313E+00
  2.149500E+03 -9.045895E-01
  2.150000E+03 -4.261614E-01
  2.150500E+03  3.506131E-02
  2.151000E+03  4.600061E-01
  2.151500E+03  8.323322E-01
  2.152000E+03  1.139158E+00
  2.152500E+03  1.371586E+00
  2.153000E+03  1.525001E+00
  2.153500E+03  1.599125E+00
  2.154000E+03  1.597844E+00
  2.154500E+03  1.528804E+00
  2.155000E+03  1.402811E+00
  2.155500E+03  1.233084E+00
  2.156000E+03  1.034383E+00
  2.156500E+03  8.220827E-01
  2.157000E+03  6.112398E-01
  2.157500E+03  4.157028E-01
  2.158000E+03  2.473218E-01
  2.158500E+03  1.152974E-01
  2.159000E+03  2.570482E-02
  2.159500E+03 -1.878230E-02
  2.160000E+03 -1.895541E-02
  2.160500E+03  2.107755E-02
  2.161000E+03  9.424134E-02
  2.161500E+03  1.910193E-01
  2.162000E+03  3.001229E-01
  2.162500E+03  4.092627E-01
  2.163000E+03  5.059756E-01
  2.163500E+03  5.784570E-01
  2.164000E+03  6.163501E-01
  2.164500E+03  6.114456E-01
  2.165000E+03  5.582509E-01
  2.165500E+03  4.543967E-01
  2.166000E+03  3.008570E-01
  2.166500E+03  1.019713E-01
  2.167000E+03 -1.347338E-01
  2.167500E+03 -3.989104E-01
  2.168000E+03 -6.779251E-01
  2.168500E+03 -9.575313E-01
  2.169000E+03 -1.222642E+00
  2.169500E+03 -1.458161E+00
  2.170000E+03 -1.649822E+00
  2.170500E+03 -1.784998E+00
  2.171000E+03 -1.853427E+00
  2.171500E+03 -1.847821E+00
  2.172000E+03 -1.764324E+00
  2.172500E+03 -1.602798E+00
  2.173000E+03 -1.366909E+00
  2.173500E+03 -1.064030E+00
  2.174000E+03 -7.049444E-01
  2.174500E+03 -3.033824E-01
  2.175000E+03  1.245984E-01
  2.175500E+03  5.613472E-01
  2.176000E+03  9.884367E-01
  2.176500E+03  1.387520E+00
  2.177000E+03  1.741187E+00
  2.177500E+03  2.033770E+00
  2.178000E+03  2.252079E+00
  2.178500E+03  2.386004E+00
  2.179000E+03  2.428986E+00
  2.179500E+03  2.378312E+00
  2.180000E+03  2.235237E+00
  2.180500E+03  2.004923E+00
  2.181000E+03  1.696199E+00
  2.181500E+03  1.321160E+00
  2.182000E+03  8.946284E-01
  2.182500E+03  4.334889E-01
  2.183000E+03 -4.404730E-02
  2.183500E+03 -5.192341E-01
  2.184000E+03 -9.735911E-01
  2.184500E+03 -1.389680E+00
  2.185000E+03 -1.751820E+00
  2.185500E+03 -2.046720E+00
  2.186000E+03 -2.263986E+00
  2.186500E+03 -2.396503E+00
  2.187000E+03 -2.440661E+00
  2.187500E+03 -2.396425E+00
  2.188000E+03 -2.267261E+00
  2.188500E+03 -2.059901E+00
  2.189000E+03 -1.783982E+00
  2.189500E+03 -1.451576E+00
  2.190000E+03 -1.076617E+00
  2.190500E+03 -6.742794E-01
  2.191000E+03 -2.603142E-01
  2.191500E+03  1.496153E-01
  2.192000E+03  5.405725E-01
  2.192500E+03  8.989336E-01
  2.193000E+03  1.212898E+00
  2.193500E+03  1.472900E+00
  2.194000E+03  1.671912E+00
  2.194500E+03  1.805625E+00
  2.195000E+03  1.872502E+00
  2.195500E+03  1.873715E+00
  2.196000E+03  1.812960E+00
  2.196500E+03  1.696175E+00
  2.197000E+03  1.531168E+00
  2.197500E+03  1.327180E+00
  2.198000E+03  1.094410E+00
  2.198500E+03  8.435119E-01
  2.199000E+03  5.851064E-01
  2.199500E+03  3.293137E-01
  2.200000E+03  8.533799E-02
  2.200500E+03 -1.388817E-01
  2.201000E+03 -3.369408E-01
  2.201500E+03 -5.041475E-01
  2.202000E+03 -6.376080E-01
  2.202500E+03 -7.362153E-01
  2.203000E+03 -8.005508E-01
  2.203500E+03 -8.327050E-01
  2.204000E+03 -8.360313E-01
  2.204500E+03 -8.148509E-01
  2.205000E+03 -7.741246E-01
  2.205500E+03 -7.191134E-01
  2.206000E+03 -6.550451E-01
  2.206500E+03 -5.868077E-01
  2.207000E+03 -5.186838E-01
  2.207500E+03 -4.541416E-01
  2.208000E+03 -3.956900E-01
  2.208500E+03 -3.448057E-01
  2.209000E+03 -3.019333E-01
  2.209500E+03 -2.665545E-01
  2.210000E+03 -2.373207E-01
  2.210500E+03 -2.122381E-01
  2.211000E+03 -1.888911E-01
  2.211500E+03 -1.646897E-01
  2.212000E+03 -1.371228E-01
  2.212500E+03 -1.040010E-01
  2.213000E+03 -6.367251E-02
  2.213500E+03 -1.519870E-02
  2.214000E+03  4.152380E-02
  2.214500E+03  1.057015E-01
  2.215000E+03  1.756479E-01
  2.215500E+03  2.488535E-01
  2.216000E+03  3.221170E-01
  2.216500E+03  3.917316E-01
  2.217000E+03  4.537139E-01
  2.217500E+03  5.040623E-01
  2.218000E+03  5.390284E-01
  2.218500E+03  5.553848E-01
  2.219000E+03  5.506723E-01
  2.219500E+03  5.234102E-01
  2.220000E+03  4.732558E-01
  2.220500E+03  4.011021E-01
  2.221000E+03  3.091051E-01
  2.221500E+03  2.006377E-01
  2.222000E+03  8.016987E-02
  2.222500E+03 -4.691939E-02
  2.223000E+03 -1.745908E-01
  2.223500E+03 -2.964406E-01
  2.224000E+03 -4.060290E-01
  2.224500E+03 -4.972236E-01
  2.225000E+03 -5.645390E-01
  2.225500E+03 -6.034540E-01
  2.226000E+03 -6.106883E-01
  2.226500E+03 -5.844228E-01
  2.227000E+03 -5.244503E-01
  2.227500E+03 -4.322464E-01
  2.228000E+03 -3.109551E-01
  2.228500E+03 -1.652888E-01
  2.229000E+03 -1.343723E-03
  2.229500E+03  1.736585E-01
  2.230000E+03  3.516940E-01
  2.230500E+03  5.243071E-01
  2.231000E+03  6.830115E-01
  2.231500E+03  8.197020E-01
  2.232000E+03  9.270551E-01
  2.232500E+03  9.988993E-01
  2.233000E+03  1.030537E+00
  2.233500E+03  1.018996E+00
  2.234000E+03  9.632078E-01
  2.234500E+03  8.640896E-01
  2.235000E+03  7.245350E-01
  2.235500E+03  5.493086E-01
  2.236000E+03  3.448504E-01
  2.236500E+03  1.189970E-01
  2.237000E+03 -1.193655E-01
  2.237500E+03 -3.607012E-01
  2.238000E+03 -5.952572E-01
  2.238500E+03 -8.135085E-01
  2.239000E+03 -1.006593E+00
  2.239500E+03 -1.166718E+00
  2.240000E+03 -1.287508E+00
  2.240500E+03 -1.364297E+00
  2.241000E+03 -1.394325E+00
  2.241500E+03 -1.376855E+00
  2.242000E+03 -1.313181E+00
  2.242500E+03 -1.206545E+00
  2.243000E+03 -1.061962E+00
  2.243500E+03 -8.859570E-01
  2.244000E+03 -6.862335E-01
  2.244500E+03 -4.712888E-01
  2.245000E+03 -2.499963E-01
  2.245500E+03 -3.117626E-02
  2.246000E+03  1.768246E-01
  2.246500E+03  3.665202E-01
  2.247000E+03  5.316222E-01
  2.247500E+03  6.673080E-01
  2.248000E+03  7.704076E-01
  2.248500E+03  8.395001E-01
  2.249000E+03  8.749164E-01
  2.249500E+03  8.786475E-01
  2.250000E+03  8.541673E-01
  2.250500E+03  8.061783E-01
  2.251000E+03  7.402960E-01
  2.251500E+03  6.626911E-01
  2.252000E+03  5.797084E-01
  2.252500E+03  4.974854E-01
  2.253000E+03  4.215916E-01
  2.253500E+03  3.567083E-01
  2.254000E+03  3.063680E-01
  2.254500E+03  2.727670E-01
  2.255000E+03  2.566607E-01
  2.255500E+03  2.573485E-01
  2.256000E+03  2.727470E-01
  2.256500E+03  2.995469E-01
  2.257000E+03  3.334440E-01
  2.257500E+03  3.694299E-01
  2.258000E+03  4.021239E-01
  2.258500E+03  4.261280E-01
  2.259000E+03  4.363813E-01
  2.259500E+03  4.284941E-01
  2.260000E+03  3.990419E-01
  2.260500E+03  3.458001E-01
  2.261000E+03  2.679075E-01
  2.261500E+03  1.659480E-01
  2.262000E+03  4.194606E-02
  2.262500E+03 -1.007230E-01
  2.263000E+03 -2.575030E-01
  2.263500E+03 -4.228952E-01
  2.264000E+03 -5.907508E-01
  2.264500E+03 -7.546004E-01
  2.265000E+03 -9.079982E-01
  2.265500E+03 -1.044862E+00
  2.266000E+03 -1.159789E+00
  2.266500E+03 -1.248323E+00
  2.267000E+03 -1.307168E+00
  2.267500E+03 -1.334325E+00
  2.268000E+03 -1.329150E+00
  2.268500E+03 -1.292333E+00
  2.269000E+03 -1.225800E+00
  2.269500E+03 -1.132541E+00
  2.270000E+03 -1.016381E+00
  2.270500E+03 -8.817147E-01
  2.271000E+03 -7.332144E-01
  2.271500E+03 -5.755375E-01
  2.272000E+03 -4.130515E-01
  2.272500E+03 -2.495958E-01
  2.273000E+03 -8.829648E-02
  2.273500E+03  6.855407E-02
  2.274000E+03  2.195443E-01
  2.274500E+03  3.641149E-01
  2.275000E+03  5.024574E-01
  2.275500E+03  6.353475E-01
  2.276000E+03  7.639253E-01
  2.276500E+03  8.894403E-01
  2.277000E+03  1.012979E+00
  2.277500E+03  1.135198E+00
  2.278000E+03  1.256080E+00
  2.278500E+03  1.374739E+00
  2.279000E+03  1.489284E+00
  2.279500E+03  1.596766E+00
  2.280000E+03  1.693200E+00
  2.280500E+03  1.773684E+00
  2.281000E+03  1.832600E+00
  2.281500E+03  1.863895E+00
  2.282000E+03  1.861419E+00
  2.282500E+03  1.819317E+00
  2.283000E+03  1.732436E+00
  2.283500E+03  1.596733E+00
  2.284000E+03  1.409657E+00
  2.284500E+03  1.170477E+00
  2.285000E+03  8.805369E-01
  2.285500E+03  5.434140E-01
  2.286000E+03  1.649746E-01
  2.286500E+03 -2.466901E-01
  2.287000E+03 -6.814444E-01
  2.287500E+03 -1.127403E+00
  2.288000E+03 -1.571328E+00
  2.288500E+03 -1.999109E+00
  2.289000E+03 -2.396315E+00
  2.289500E+03 -2.748775E+00
  2.290000E+03 -3.043174E+00
  2.290500E+03 -3.267633E+00
  2.291000E+03 -3.412236E+00
  2.291500E+03 -3.469492E+00
  2.292000E+03 -3.434691E+00
  2.292500E+03 -3.306159E+00
  2.293000E+03 -3.085378E+00
  2.293500E+03 -2.776985E+00
  2.294000E+03 -2.388629E+00
  2.294500E+03 -1.930711E+00
  2.295000E+03 -1.416019E+00
  2.295500E+03 -8.592533E-01
  2.296000E+03 -2.765002E-01
  2.296500E+03  3.153575E-01
  2.297000E+03  8.992413E-01
  2.297500E+03  1.458476E+00
  2.298000E+03  1.977360E+00
  2.298500E+03  2.441676E+00
  2.299000E+03  2.839143E+00
  2.299500E+03  3.159763E+00
  2.300000E+03  3.396091E+00
  2.300500E+03  3.543385E+00
  2.301000E+03  3.599663E+00
  2.301500E+03  3.565658E+00
  2.302000E+03  3.444676E+00
  2.302500E+03  3.242385E+00
  2.303000E+03  2.966531E+00
  2.303500E+03  2.626597E+00
  2.304000E+03  2.233442E+00
  2.304500E+03  1.798909E+00
  2.305000E+03  1.335438E+00
  2.305500E+03  8.556784E-01
  2.306000E+03  3.721372E-01
  2.306500E+03 -1.031526E-01
  2.307000E+03 -5.589198E-01
  2.307500E+03 -9.849022E-01
  2.308000E+03 -1.372048E+00
  2.308500E+03 -1.712670E+00
  2.309000E+03 -2.000561E+00
  2.309500E+03 -2.231060E+00
  2.310000E+03 -2.401084E+00
  2.310500E+03 -2.509125E+00
  2.311000E+03 -2.555212E+00
  2.311500E+03 -2.540849E+00
  2.312000E+03 -2.468928E+00
  2.312500E+03 -2.343613E+00
  2.313000E+03 -2.170210E+00
  2.313500E+03 -1.955021E+00
  2.314000E+03 -1.705173E+00
  2.314500E+03 -1.428440E+00
  2.315000E+03 -1.133048E+00
  2.315500E+03 -8.274694E-01
  2.316000E+03 -5.202137E-01
  2.316500E+03 -2.196090E-01
  2.317000E+03  6.641261E-02
  2.317500E+03  3.305260E-01
  2.318000E+03  5.662127E-01
  2.318500E+03  7.679438E-01
  2.319000E+03  9.313401E-01
  2.319500E+03  1.053304E+00
  2.320000E+03  1.132114E+00
  2.320500E+03  1.167485E+00
  2.321000E+03  1.160582E+00
  2.321500E+03  1.113985E+00
  2.322000E+03  1.031615E+00
  2.322500E+03  9.186081E-01
  2.323000E+03  7.811463E-01
  2.323500E+03  6.262519E-01
  2.324000E+03  4.615444E-01
  2.324500E+03  2.949738E-01
  2.325000E+03  1.345337E-01
  2.325500E+03 -1.203277E-02
  2.326000E+03 -1.375259E-01
  2.326500E+03 -2.355706E-01
  2.327000E+03 -3.008752E-01
  2.327500E+03 -3.294582E-01
  2.328000E+03 -3.188340E-01
  2.328500E+03 -2.681497E-01
  2.329000E+03 -1.782667E-01
  2.329500E+03 -5.178214E-02
  2.330000E+03  1.070121E-01
  2.330500E+03  2.922343E-01
  2.331000E+03  4.965798E-01
  2.331500E+03  7.115463E-01
  2.332000E+03  9.277122E-01
  2.332500E+03  1.135060E+00
  2.333000E+03  1.323335E+00
  2.333500E+03  1.482429E+00
  2.334000E+03  1.602775E+00
  2.334500E+03  1.675738E+00
  2.335000E+03  1.693995E+00
  2.335500E+03  1.651878E+00
  2.336000E+03  1.545673E+00
  2.336500E+03  1.373869E+00
  2.337000E+03  1.137323E+00
  2.337500E+03  8.393593E-01
  2.338000E+03  4.857705E-01
  2.338500E+03  8.473459E-02
  2.339000E+03 -3.533655E-01
  2.339500E+03 -8.162121E-01
  2.340000E+03 -1.289908E+00
  2.340500E+03 -1.759406E+00
  2.341000E+03 -2.209005E+00
  2.341500E+03 -2.622888E+00
  2.342000E+03 -2.985689E+00
  2.342500E+03 -3.283066E+00
  2.343000E+03 -3.502265E+00
  2.343500E+03 -3.632635E+00
  2.344000E+03 -3.666089E+00
  2.344500E+03 -3.597488E+00
  2.345000E+03 -3.424924E+00
  2.345500E+03 -3.149886E+00
  2.346000E+03 -2.777309E+00
  2.346500E+03 -2.315497E+00
  2.347000E+03 -1.775912E+00
  2.347500E+03 -1.172839E+00
  2.348000E+03 -5.229475E-01
  2.348500E+03  1.552519E-01
  2.349000E+03  8.420278E-01
  2.349500E+03  1.517098E+00
  2.350000E+03  2.160330E+00
  2.350500E+03  2.752439E+00
  2.351000E+03  3.275664E+00
  2.351500E+03  3.714377E+00
  2.352000E+03  4.055627E+00
  2.352500E+03  4.289576E+00
  2.353000E+03  4.409816E+00
  2.353500E+03  4.413561E+00
  2.354000E+03  4.301705E+00
  2.354500E+03  4.078736E+00
  2.355000E+03  3.752532E+00
  2.355500E+03  3.334028E+00
  2.356000E+03  2.836784E+00
  2.356500E+03  2.276468E+00
  2.357000E+03  1.670279E+00
  2.357500E+03  1.036331E+00
  2.358000E+03  3.930294E-01
  2.358500E+03 -2.415405E-01
  2.359000E+03 -8.501914E-01
  2.359500E+03 -1.417151E+00
  2.360000E+03 -1.928509E+00
  2.360500E+03 -2.372572E+00
  2.361000E+03 -2.740129E+00
  2.361500E+03 -3.024617E+00
  2.362000E+03 -3.222183E+00
  2.362500E+03 -3.331660E+00
  2.363000E+03 -3.354448E+00
  2.363500E+03 -3.294331E+00
  2.364000E+03 -3.157219E+00
  2.364500E+03 -2.950853E+00
  2.365000E+03 -2.684470E+00
  2.365500E+03 -2.368451E+00
  2.366000E+03 -2.013962E+00
  2.366500E+03 -1.632603E+00
  2.367000E+03 -1.236065E+00
  2.367500E+03 -8.358176E-01
  2.368000E+03 -4.428223E-01
  2.368500E+03 -6.727606E-02
  2.369000E+03  2.816089E-01
  2.369500E+03  5.957912E-01
  2.370000E+03  8.685517E-01
  2.370500E+03  1.094611E+00
  2.371000E+03  1.270216E+00
  2.371500E+03  1.393188E+00
  2.372000E+03  1.462949E+00
  2.372500E+03  1.480508E+00
  2.373000E+03  1.448417E+00
  2.373500E+03  1.370693E+00
  2.374000E+03  1.252711E+00
  2.374500E+03  1.101052E+00
  2.375000E+03  9.233204E-01
  2.375500E+03  7.279308E-01
  2.376000E+03  5.238536E-01
  2.376500E+03  3.203379E-01
  2.377000E+03  1.266088E-01
  2.377500E+03 -4.845011E-02
  2.378000E+03 -1.966202E-01
  2.378500E+03 -3.106665E-01
  2.379000E+03 -3.846384E-01
  2.379500E+03 -4.141398E-01
  2.380000E+03 -3.965558E-01
  2.380500E+03 -3.312226E-01
  2.381000E+03 -2.195303E-01
  2.381500E+03 -6.494976E-02
  2.382000E+03  1.270234E-01
  2.382500E+03  3.490091E-01
  2.383000E+03  5.919674E-01
  2.383500E+03  8.455014E-01
  2.384000E+03  1.098230E+00
  2.384500E+03  1.338216E+00
  2.385000E+03  1.553438E+00
  2.385500E+03  1.732279E+00
  2.386000E+03  1.864020E+00
  2.386500E+03  1.939311E+00
  2.387000E+03  1.950601E+00
  2.387500E+03  1.892507E+00
  2.388000E+03  1.762104E+00
  2.388500E+03  1.559119E+00
  2.389000E+03  1.286023E+00
  2.389500E+03  9.480155E-01
  2.390000E+03  5.528950E-01
  2.390500E+03  1.108254E-01
  2.391000E+03 -3.659945E-01
  2.391500E+03 -8.637452E-01
  2.392000E+03 -1.367467E+00
  2.392500E+03 -1.861588E+00
  2.393000E+03 -2.330470E+00
  2.393500E+03 -2.758965E+00
  2.394000E+03 -3.132946E+00
  2.394500E+03 -3.439788E+00
  2.395000E+03 -3.668805E+00
  2.395500E+03 -3.811591E+00
  2.396000E+03 -3.862287E+00
  2.396500E+03 -3.817747E+00
  2.397000E+03 -3.677603E+00
  2.397500E+03 -3.444235E+00
  2.398000E+03 -3.122655E+00
  2.398500E+03 -2.720295E+00
  2.399000E+03 -2.246738E+00
  2.399500E+03 -1.713388E+00
  2.400000E+03 -1.133095E+00
  2.400500E+03 -5.197639E-01
  2.401000E+03  1.120510E-01
  2.401500E+03  7.475451E-01
  2.402000E+03  1.372043E+00
  2.402500E+03  1.971352E+00
  2.403000E+03  2.532073E+00
  2.403500E+03  3.041882E+00
  2.404000E+03  3.489754E+00
  2.404500E+03  3.866152E+00
  2.405000E+03  4.163169E+00
  2.405500E+03  4.374634E+00
  2.406000E+03  4.496179E+00
  2.406500E+03  4.525281E+00
  2.407000E+03  4.461267E+00
  2.407500E+03  4.305310E+00
  2.408000E+03  4.060392E+00
  2.408500E+03  3.731258E+00
  2.409000E+03  3.324340E+00
  2.409500E+03  2.847670E+00
  2.410000E+03  2.310767E+00
  2.410500E+03  1.724498E+00
  2.411000E+03  1.100912E+00
  2.411500E+03  4.530397E-01
  2.412000E+03 -2.053341E-01
  2.412500E+03 -8.599375E-01
  2.413000E+03 -1.496307E+00
  2.413500E+03 -2.100111E+00
  2.414000E+03 -2.657502E+00
  2.414500E+03 -3.155472E+00
  2.415000E+03 -3.582225E+00
  2.415500E+03 -3.927527E+00
  2.416000E+03 -4.183047E+00
  2.416500E+03 -4.342653E+00
  2.417000E+03 -4.402654E+00
  2.417500E+03 -4.361986E+00
  2.418000E+03 -4.222309E+00
  2.418500E+03 -3.988026E+00
  2.419000E+03 -3.666205E+00
  2.419500E+03 -3.266402E+00
  2.420000E+03 -2.800391E+00
  2.420500E+03 -2.281813E+00
  2.421000E+03 -1.725733E+00
  2.421500E+03 -1.148146E+00
  2.422000E+03 -5.654338E-01
  2.422500E+03  6.200214E-03
  2.423000E+03  5.512988E-01
  2.423500E+03  1.055692E+00
  2.424000E+03  1.506991E+00
  2.424500E+03  1.895015E+00
  2.425000E+03  2.212121E+00
  2.425500E+03  2.453439E+00
  2.426000E+03  2.616979E+00
  2.426500E+03  2.703625E+00
  2.427000E+03  2.717000E+00
  2.427500E+03  2.663216E+00
  2.428000E+03  2.550521E+00
  2.428500E+03  2.388851E+00
  2.429000E+03  2.189318E+00
  2.429500E+03  1.963659E+00
  2.430000E+03  1.723659E+00
  2.430500E+03  1.480590E+00
  2.431000E+03  1.244698E+00
  2.431500E+03  1.024735E+00
  2.432000E+03  8.275979E-01
  2.432500E+03  6.580594E-01
  2.433000E+03  5.186211E-01
  2.433500E+03  4.094903E-01
  2.434000E+03  3.286810E-01
  2.434500E+03  2.722325E-01
  2.435000E+03  2.345344E-01
  2.435500E+03  2.087395E-01
  2.436000E+03  1.872409E-01
  2.436500E+03  1.621898E-01
  2.437000E+03  1.260232E-01
  2.437500E+03  7.197486E-02
  2.438000E+03 -5.460567E-03
  2.438500E+03 -1.101333E-01
  2.439000E+03 -2.439379E-01
  2.439500E+03 -4.066228E-01
  2.440000E+03 -5.957211E-01
  2.440500E+03 -8.066062E-01
  2.441000E+03 -1.032673E+00
  2.441500E+03 -1.265634E+00
  2.442000E+03 -1.495915E+00
  2.442500E+03 -1.713131E+00
  2.443000E+03 -1.906620E+00
  2.443500E+03 -2.066006E+00
  2.444000E+03 -2.181751E+00
  2.444500E+03 -2.245692E+00
  2.445000E+03 -2.251504E+00
  2.445500E+03 -2.195089E+00
  2.446000E+03 -2.074852E+00
  2.446500E+03 -1.891867E+00
  2.447000E+03 -1.649899E+00
  2.447500E+03 -1.355305E+00
  2.448000E+03 -1.016803E+00
  2.448500E+03 -6.451169E-01
  2.449000E+03 -2.525301E-01
  2.449500E+03  1.476484E-01
  2.450000E+03  5.416660E-01
  2.450500E+03  9.159354E-01
  2.451000E+03  1.257637E+00
  2.451500E+03  1.555285E+00
  2.452000E+03  1.799232E+00
  2.452500E+03  1.982087E+00
  2.453000E+03  2.099017E+00
  2.453500E+03  2.147941E+00
  2.454000E+03  2.129576E+00
  2.454500E+03  2.047365E+00
  2.455000E+03  1.907271E+00
  2.455500E+03  1.717449E+00
  2.456000E+03  1.487834E+00
  2.456500E+03  1.229633E+00
  2.457000E+03  9.547829E-01
  2.457500E+03  6.753716E-01
  2.458000E+03  4.030703E-01
  2.458500E+03  1.485973E-01
  2.459000E+03 -7.875890E-02
  2.459500E+03 -2.715346E-01
  2.460000E+03 -4.243856E-01
  2.460500E+03 -5.342686E-01
  2.461000E+03 -6.005022E-01
  2.461500E+03 -6.247072E-01
  2.462000E+03 -6.106305E-01
  2.462500E+03 -5.638658E-01
  2.463000E+03 -4.914845E-01
  2.463500E+03 -4.016006E-01
  2.464000E+03 -3.028911E-01
  2.464500E+03 -2.040986E-01
  2.465000E+03 -1.135418E-01
  2.465500E+03 -3.865974E-02
  2.466000E+03  1.438735E-02
  2.466500E+03  4.104095E-02
  2.467000E+03  3.857436E-02
  2.467500E+03  6.220077E-03
  2.468000E+03 -5.481108E-02
  2.468500E+03 -1.414186E-01
  2.469000E+03 -2.488026E-01
  2.469500E+03 -3.707444E-01
  2.470000E+03 -4.999624E-01
  2.470500E+03 -6.285221E-01
  2.471000E+03 -7.482805E-01
  2.471500E+03 -8.513390E-01
  2.472000E+03 -9.304832E-01
  2.472500E+03 -9.795845E-01
  2.473000E+03 -9.939450E-01
  2.473500E+03 -9.705664E-01
  2.474000E+03 -9.083311E-01
  2.474500E+03 -8.080840E-01
  2.475000E+03 -6.726149E-01
  2.475500E+03 -5.065388E-01
  2.476000E+03 -3.160841E-01
  2.476500E+03 -1.087971E-01
  2.477000E+03  1.068199E-01
  2.477500E+03  3.217199E-01
  2.478000E+03  5.267505E-01
  2.478500E+03  7.130983E-01
  2.479000E+03  8.727181E-01
  2.479500E+03  9.987239E-01
  2.480000E+03  1.085723E+00
  2.480500E+03  1.130076E+00
  2.481000E+03  1.130075E+00
  2.481500E+03  1.086023E+00
  2.482000E+03  1.000219E+00
  2.482500E+03  8.768456E-01
  2.483000E+03  7.217687E-01
  2.483500E+03  5.422543E-01
  2.484000E+03  3.466229E-01
  2.484500E+03  1.438544E-01
  2.485000E+03 -5.683588E-02
  2.485500E+03 -2.464277E-01
  2.486000E+03 -4.165150E-01
  2.486500E+03 -5.596906E-01
  2.487000E+03 -6.698804E-01
  2.487500E+03 -7.426103E-01
  2.488000E+03 -7.751944E-01
  2.488500E+03 -7.668364E-01
  2.489000E+03 -7.186396E-01
  2.489500E+03 -6.335280E-01
  2.490000E+03 -5.160814E-01
  2.490500E+03 -3.722962E-01
  2.491000E+03 -2.092819E-01
  2.491500E+03 -3.491191E-02
  2.492000E+03  1.425559E-01
  2.492500E+03  3.148689E-01
  2.493000E+03  4.741607E-01
  2.493500E+03  6.133058E-01
  2.494000E+03  7.262301E-01
  2.494500E+03  8.081642E-01
  2.495000E+03  8.558285E-01
  2.495500E+03  8.675414E-01
  2.496000E+03  8.432499E-01
  2.496500E+03  7.844801E-01
  2.497000E+03  6.942150E-01
  2.497500E+03  5.767063E-01
  2.498000E+03  4.372324E-01
  2.498500E+03  2.818154E-01
  2.499000E+03  1.169138E-01
  2.499500E+03 -5.089299E-02
  2.500000E+03 -2.152137E-01
  2.500500E+03 -3.701294E-01
  2.501000E+03 -5.104423E-01
  2.501500E+03 -6.318760E-01
  2.502000E+03 -7.312188E-01
  2.502500E+03 -8.064068E-01
  2.503000E+03 -8.565430E-01
  2.503500E+03 -8.818554E-01
  2.504000E+03 -8.835996E-01
  2.504500E+03 -8.639128E-01
  2.505000E+03 -8.256307E-01
  2.505500E+03 -7.720776E-01
  2.506000E+03 -7.068450E-01
  2.506500E+03 -6.335697E-01
  2.507000E+03 -5.557248E-01
  2.507500E+03 -4.764353E-01
  2.508000E+03 -3.983268E-01
  2.508500E+03 -3.234154E-01
  2.509000E+03 -2.530418E-01
  2.509500E+03 -1.878534E-01
  2.510000E+03 -1.278305E-01
  2.510500E+03 -7.235505E-02
  2.511000E+03 -2.031487E-02
  2.511500E+03  2.976496E-02
  2.512000E+03  7.957190E-02
  2.512500E+03  1.308474E-01
  2.513000E+03  1.852297E-01
  2.513500E+03  2.441074E-01
  2.514000E+03  3.084921E-01
  2.514500E+03  3.789165E-01
  2.515000E+03  4.553638E-01
  2.515500E+03  5.372296E-01
  2.516000E+03  6.233181E-01
  2.516500E+03  7.118718E-01
  2.517000E+03  8.006297E-01
  2.517500E+03  8.869115E-01
  2.518000E+03  9.677204E-01
  2.518500E+03  1.039860E+00
  2.519000E+03  1.100058E+00
  2.519500E+03  1.145090E+00
  2.520000E+03  1.171900E+00
  2.520500E+03  1.177710E+00
  2.521000E+03  1.160122E+00
  2.521500E+03  1.117201E+00
  2.522000E+03  1.047546E+00
  2.522500E+03  9.503509E-01
  2.523000E+03  8.254412E-01
  2.523500E+03  6.733119E-01
  2.524000E+03  4.951483E-01
  2.524500E+03  2.928408E-01
  2.525000E+03  6.899192E-02
  2.525500E+03 -1.730831E-01
  2.526000E+03 -4.293645E-01
  2.526500E+03 -6.951463E-01
  2.527000E+03 -9.650677E-01
  2.527500E+03 -1.233162E+00
  2.528000E+03 -1.492925E+00
  2.528500E+03 -1.737415E+00
  2.529000E+03 -1.959370E+00
  2.529500E+03 -2.151375E+00
  2.530000E+03 -2.306044E+00
  2.530500E+03 -2.416248E+00
  2.531000E+03 -2.475366E+00
  2.531500E+03 -2.477558E+00
  2.532000E+03 -2.418059E+00
  2.532500E+03 -2.293466E+00
  2.533000E+03 -2.102018E+00
  2.533500E+03 -1.843857E+00
  2.534000E+03 -1.521231E+00
  2.534500E+03 -1.138647E+00
  2.535000E+03 -7.029538E-01
  2.535500E+03 -2.233221E-01
  2.536000E+03  2.888605E-01
  2.536500E+03  8.202059E-01
  2.537000E+03  1.355647E+00
  2.537500E+03  1.878859E+00
  2.538000E+03  2.372777E+00
  2.538500E+03  2.820188E+00
  2.539000E+03  3.204375E+00
  2.539500E+03  3.509800E+00
  2.540000E+03  3.722783E+00
  2.540500E+03  3.832147E+00
  2.541000E+03  3.829809E+00
  2.541500E+03  3.711272E+00
  2.542000E+03  3.475993E+00
  2.542500E+03  3.127607E+00
  2.543000E+03  2.673983E+00
  2.543500E+03  2.127105E+00
  2.544000E+03  1.502769E+00
  2.544500E+03  8.201061E-01
  2.545000E+03  1.009429E-01
  2.545500E+03 -6.309745E-01
  2.546000E+03 -1.350867E+00
  2.546500E+03 -2.033882E+00
  2.547000E+03 -2.656078E+00
  2.547500E+03 -3.195405E+00
  2.548000E+03 -3.632613E+00
  2.548500E+03 -3.952070E+00
  2.549000E+03 -4.142432E+00
  2.549500E+03 -4.197142E+00
  2.550000E+03 -4.114720E+00
  2.550500E+03 -3.898849E+00
  2.551000E+03 -3.558229E+00
  2.551500E+03 -3.106215E+00
  2.552000E+03 -2.560253E+00
  2.552500E+03 -1.941138E+00
  2.553000E+03 -1.272135E+00
  2.553500E+03 -5.779853E-01
  2.554000E+03  1.161279E-01
  2.554500E+03  7.856299E-01
  2.555000E+03  1.407557E+00
  2.555500E+03  1.961473E+00
  2.556000E+03  2.430250E+00
  2.556500E+03  2.800685E+00
  2.557000E+03  3.063922E+00
  2.557500E+03  3.215667E+00
  2.558000E+03  3.256184E+00
  2.558500E+03  3.190086E+00
  2.559000E+03  3.025929E+00
  2.559500E+03  2.775637E+00
  2.560000E+03  2.453801E+00
  2.560500E+03  2.076872E+00
  2.561000E+03  1.662314E+00
  2.561500E+03  1.227742E+00
  2.562000E+03  7.901111E-01
  2.562500E+03  3.649711E-01
  2.563000E+03 -3.415131E-02
  2.563500E+03 -3.962339E-01
  2.564000E+03 -7.130752E-01
  2.564500E+03 -9.794392E-01
  2.565000E+03 -1.193028E+00
  2.565500E+03 -1.354293E+00
  2.566000E+03 -1.466101E+00
  2.566500E+03 -1.533285E+00
  2.567000E+03 -1.562112E+00
  2.567500E+03 -1.559698E+00
  2.568000E+03 -1.533414E+00
  2.568500E+03 -1.490321E+00
  2.569000E+03 -1.436666E+00
  2.569500E+03 -1.377462E+00
  2.570000E+03 -1.316190E+00
  2.570500E+03 -1.254631E+00
  2.571000E+03 -1.192829E+00
  2.571500E+03 -1.129200E+00
  2.572000E+03 -1.060757E+00
  2.572500E+03 -9.834540E-01
  2.573000E+03 -8.926102E-01
  2.573500E+03 -7.833905E-01
  2.574000E+03 -6.513115E-01
  2.574500E+03 -4.927362E-01
  2.575000E+03 -3.053259E-01
  2.575500E+03 -8.841959E-02
  2.576000E+03  1.566867E-01
  2.576500E+03  4.265790E-01
  2.577000E+03  7.156973E-01
  2.577500E+03  1.016444E+00
  2.578000E+03  1.319426E+00
  2.578500E+03  1.613824E+00
  2.579000E+03  1.887860E+00
  2.579500E+03  2.129357E+00
  2.580000E+03  2.326338E+00
  2.580500E+03  2.467660E+00
  2.581000E+03  2.543619E+00
  2.581500E+03  2.546521E+00
  2.582000E+03  2.471171E+00
  2.582500E+03  2.315250E+00
  2.583000E+03  2.079578E+00
  2.583500E+03  1.768224E+00
  2.584000E+03  1.388466E+00
  2.584500E+03  9.506061E-01
  2.585000E+03  4.676327E-01
  2.585500E+03 -4.524476E-02
  2.586000E+03 -5.711715E-01
  2.586500E+03 -1.092309E+00
  2.587000E+03 -1.590549E+00
  2.587500E+03 -2.048253E+00
  2.588000E+03 -2.448976E+00
  2.588500E+03 -2.778150E+00
  2.589000E+03 -3.023686E+00
  2.589500E+03 -3.176483E+00
  2.590000E+03 -3.230803E+00
  2.590500E+03 -3.184510E+00
  2.591000E+03 -3.039157E+00
  2.591500E+03 -2.799919E+00
  2.592000E+03 -2.475378E+00
  2.592500E+03 -2.077165E+00
  2.593000E+03 -1.619482E+00
  2.593500E+03 -1.118522E+00
  2.594000E+03 -5.918169E-01
  2.594500E+03 -5.753666E-02
  2.595000E+03  4.662261E-01
  2.595500E+03  9.621552E-01
  2.596000E+03  1.414366E+00
  2.596500E+03  1.808986E+00
  2.597000E+03  2.134646E+00
  2.597500E+03  2.382851E+00
  2.598000E+03  2.548223E+00
  2.598500E+03  2.628617E+00
  2.599000E+03  2.625089E+00
  2.599500E+03  2.541740E+00
  2.600000E+03  2.385434E+00
  2.600500E+03  2.165412E+00
  2.601000E+03  1.892815E+00
  2.601500E+03  1.580149E+00
  2.602000E+03  1.240711E+00
  2.602500E+03  8.879996E-01
  2.603000E+03  5.351490E-01
  2.603500E+03  1.943978E-01
  2.604000E+03 -1.233745E-01
  2.604500E+03 -4.090289E-01
  2.605000E+03 -6.554498E-01
  2.605500E+03 -8.577197E-01
  2.606000E+03 -1.013182E+00
  2.606500E+03 -1.121391E+00
  2.607000E+03 -1.183959E+00
  2.607500E+03 -1.204313E+00
  2.608000E+03 -1.187366E+00
  2.608500E+03 -1.139142E+00
  2.609000E+03 -1.066361E+00
  2.609500E+03 -9.760157E-01
  2.610000E+03 -8.749551E-01
  2.610500E+03 -7.695121E-01
  2.611000E+03 -6.651800E-01
  2.611500E+03 -5.663626E-01
  2.612000E+03 -4.762091E-01
  2.612500E+03 -3.965387E-01
  2.613000E+03 -3.278586E-01
  2.613500E+03 -2.694711E-01
  2.614000E+03 -2.196599E-01
  2.614500E+03 -1.759424E-01
  2.615000E+03 -1.353692E-01
  2.615500E+03 -9.485160E-02
  2.616000E+03 -5.149219E-02
  2.616500E+03 -2.897356E-03
  2.617000E+03  5.255087E-02
  2.617500E+03  1.154831E-01
  2.618000E+03  1.854066E-01
  2.618500E+03  2.606570E-01
  2.619000E+03  3.384420E-01
  2.619500E+03  4.149779E-01
  2.620000E+03  4.857126E-01
  2.620500E+03  5.456221E-01
  2.621000E+03  5.895639E-01
  2.621500E+03  6.126645E-01
  2.622000E+03  6.107180E-01
  2.622500E+03  5.805669E-01
  2.623000E+03  5.204412E-01
  2.623500E+03  4.302288E-01
  2.624000E+03  3.116569E-01
  2.624500E+03  1.683668E-01
  2.625000E+03  5.871972E-03
  2.625500E+03 -1.686072E-01
  2.626000E+03 -3.464256E-01
  2.626500E+03 -5.179053E-01
  2.627000E+03 -6.728177E-01
  2.627500E+03 -8.009328E-01
  2.628000E+03 -8.926068E-01
  2.628500E+03 -9.393751E-01
  2.629000E+03 -9.345174E-01
  2.629500E+03 -8.735595E-01
  2.630000E+03 -7.546801E-01
  2.630500E+03 -5.789959E-01
  2.631000E+03 -3.507005E-01
  2.631500E+03 -7.704467E-02
  2.632000E+03  2.318501E-01
  2.632500E+03  5.633413E-01
  2.633000E+03  9.027671E-01
  2.633500E+03  1.234079E+00
  2.634000E+03  1.540579E+00
  2.634500E+03  1.805717E+00
  2.635000E+03  2.013930E+00
  2.635500E+03  2.151451E+00
  2.636000E+03  2.207071E+00
  2.636500E+03  2.172795E+00
  2.637000E+03  2.044369E+00
  2.637500E+03  1.821633E+00
  2.638000E+03  1.508687E+00
  2.638500E+03  1.113859E+00
  2.639000E+03  6.494616E-01
  2.639500E+03  1.313521E-01
  2.640000E+03 -4.216871E-01
  2.640500E+03 -9.887199E-01
  2.641000E+03 -1.547546E+00
  2.641500E+03 -2.075666E+00
  2.642000E+03 -2.551272E+00
  2.642500E+03 -2.954224E+00
  2.643000E+03 -3.266956E+00
  2.643500E+03 -3.475272E+00
  2.644000E+03 -3.568996E+00
  2.644500E+03 -3.542433E+00
  2.645000E+03 -3.394643E+00
  2.645500E+03 -3.129481E+00
  2.646000E+03 -2.755439E+00
  2.646500E+03 -2.285268E+00
  2.647000E+03 -1.735426E+00
  2.647500E+03 -1.125354E+00
  2.648000E+03 -4.766448E-01
  2.648500E+03  1.878789E-01
  2.649000E+03  8.451196E-01
  2.649500E+03  1.472649E+00
  2.650000E+03  2.049601E+00
  2.650500E+03  2.557468E+00
  2.651000E+03  2.980773E+00
  2.651500E+03  3.307585E+00
  2.652000E+03  3.529860E+00
  2.652500E+03  3.643601E+00
  2.653000E+03  3.648839E+00
  2.653500E+03  3.549430E+00
  2.654000E+03  3.352714E+00
  2.654500E+03  3.069025E+00
  2.655000E+03  2.711114E+00
  2.655500E+03  2.293497E+00
  2.656000E+03  1.831776E+00
  2.656500E+03  1.341955E+00
  2.657000E+03  8.398029E-01
  2.657500E+03  3.402681E-01
  2.658000E+03 -1.430110E-01
  2.658500E+03 -5.980954E-01
  2.659000E+03 -1.015018E+00
  2.659500E+03 -1.385940E+00
  2.660000E+03 -1.705189E+00
  2.660500E+03 -1.969200E+00
  2.661000E+03 -2.176355E+00
  2.661500E+03 -2.326762E+00
  2.662000E+03 -2.421979E+00
  2.662500E+03 -2.464708E+00
  2.663000E+03 -2.458490E+00
  2.663500E+03 -2.407410E+00
  2.664000E+03 -2.315835E+00
  2.664500E+03 -2.188196E+00
  2.665000E+03 -2.028828E+00
  2.665500E+03 -1.841865E+00
  2.666000E+03 -1.631195E+00
  2.666500E+03 -1.400465E+00
  2.667000E+03 -1.153134E+00
  2.667500E+03 -8.925550E-01
  2.668000E+03 -6.220768E-01
  2.668500E+03 -3.451493E-01
  2.669000E+03 -6.541851E-02
  2.669500E+03  2.132009E-01
  2.670000E+03  4.864877E-01
  2.670500E+03  7.499173E-01
  2.671000E+03  9.987100E-01
  2.671500E+03  1.227925E+00
  2.672000E+03  1.432599E+00
  2.672500E+03  1.607913E+00
  2.673000E+03  1.749394E+00
  2.673500E+03  1.853125E+00
  2.674000E+03  1.915950E+00
  2.674500E+03  1.935674E+00
  2.675000E+03  1.911226E+00
  2.675500E+03  1.842787E+00
  2.676000E+03  1.731864E+00
  2.676500E+03  1.581308E+00
  2.677000E+03  1.395269E+00
  2.677500E+03  1.179091E+00
  2.678000E+03  9.391460E-01
  2.678500E+03  6.826148E-01
  2.679000E+03  4.172313E-01
  2.679500E+03  1.509911E-01
  2.680000E+03 -1.081533E-01
  2.680500E+03 -3.525989E-01
  2.681000E+03 -5.753849E-01
  2.681500E+03 -7.704574E-01
  2.682000E+03 -9.328940E-01
  2.682500E+03 -1.059077E+00
  2.683000E+03 -1.146809E+00
  2.683500E+03 -1.195363E+00
  2.684000E+03 -1.205475E+00
  2.684500E+03 -1.179264E+00
  2.685000E+03 -1.120103E+00
  2.685500E+03 -1.032437E+00
  2.686000E+03 -9.215636E-01
  2.686500E+03 -7.933789E-01
  2.687000E+03 -6.541146E-01
  2.687500E+03 -5.100671E-01
  2.688000E+03 -3.673364E-01
  2.688500E+03 -2.315844E-01
  2.689000E+03 -1.078230E-01
  2.689500E+03 -2.386620E-04
  2.690000E+03  8.793875E-02
  2.690500E+03  1.545223E-01
  2.691000E+03  1.984057E-01
  2.691500E+03  2.195557E-01
  2.692000E+03  2.189599E-01
  2.692500E+03  1.985373E-01
  2.693000E+03  1.610153E-01
  2.693500E+03  1.097809E-01
  2.694000E+03  4.871452E-02
  2.694500E+03 -1.798819E-02
  2.695000E+03 -8.599691E-02
  2.695500E+03 -1.510244E-01
  2.696000E+03 -2.089944E-01
  2.696500E+03 -2.561949E-01
  2.697000E+03 -2.894122E-01
  2.697500E+03 -3.060429E-01
  2.698000E+03 -3.041812E-01
  2.698500E+03 -2.826800E-01
  2.699000E+03 -2.411865E-01
  2.699500E+03 -1.801509E-01
  2.700000E+03 -1.008098E-01
  2.700500E+03 -5.146255E-03
  2.701000E+03  1.041729E-01
  2.701500E+03  2.238799E-01
  2.702000E+03  3.502060E-01
  2.702500E+03  4.789974E-01
  2.703000E+03  6.058428E-01
  2.703500E+03  7.262104E-01
  2.704000E+03  8.355903E-01
  2.704500E+03  9.296400E-01
  2.705000E+03  1.004327E+00
  2.705500E+03  1.056070E+00
  2.706000E+03  1.081862E+00
  2.706500E+03  1.079393E+00
  2.707000E+03  1.047144E+00
  2.707500E+03  9.844664E-01
  2.708000E+03  8.916351E-01
  2.708500E+03  7.698773E-01
  2.709000E+03  6.213693E-01
  2.709500E+03  4.492057E-01
  2.710000E+03  2.573375E-01
  2.710500E+03  5.047983E-02
  2.711000E+03 -1.660071E-01
  2.711500E+03 -3.862635E-01
  2.712000E+03 -6.040958E-01
  2.712500E+03 -8.131611E-01
  2.713000E+03 -1.007162E+00
  2.713500E+03 -1.180045E+00
  2.714000E+03 -1.326205E+00
  2.714500E+03 -1.440673E+00
  2.715000E+03 -1.519296E+00
  2.715500E+03 -1.558895E+00
  2.716000E+03 -1.557394E+00
  2.716500E+03 -1.513924E+00
  2.717000E+03 -1.428883E+00
  2.717500E+03 -1.303961E+00
  2.718000E+03 -1.142125E+00
  2.718500E+03 -9.475590E-01
  2.719000E+03 -7.255642E-01
  2.719500E+03 -4.824168E-01
  2.720000E+03 -2.251920E-01
  2.720500E+03  3.844697E-02
  2.721000E+03  3.004850E-01
  2.721500E+03  5.528124E-01
  2.722000E+03  7.874936E-01
  2.722500E+03  9.970407E-01
  2.723000E+03  1.174681E+00
  2.723500E+03  1.314608E+00
  2.724000E+03  1.412215E+00
  2.724500E+03  1.464286E+00
  2.725000E+03  1.469147E+00
  2.725500E+03  1.426778E+00
  2.726000E+03  1.338849E+00
  2.726500E+03  1.208712E+00
  2.727000E+03  1.041325E+00
  2.727500E+03  8.431012E-01
  2.728000E+03  6.217109E-01
  2.728500E+03  3.858145E-01
  2.729000E+03  1.447495E-01
  2.729500E+03 -9.182590E-02
  2.730000E+03 -3.143161E-01
  2.730500E+03 -5.135868E-01
  2.731000E+03 -6.813621E-01
  2.731500E+03 -8.106018E-01
  2.732000E+03 -8.958438E-01
  2.732500E+03 -9.334919E-01
  2.733000E+03 -9.220353E-01
  2.733500E+03 -8.621848E-01
  2.734000E+03 -7.569155E-01
  2.734500E+03 -6.114086E-01
  2.735000E+03 -4.328899E-01
  2.735500E+03 -2.303656E-01
  2.736000E+03 -1.426412E-02
  2.736500E+03  2.040053E-01
  2.737000E+03  4.125610E-01
  2.737500E+03  5.996026E-01
  2.738000E+03  7.539856E-01
  2.738500E+03  8.657920E-01
  2.739000E+03  9.268662E-01
  2.739500E+03  9.312907E-01
  2.740000E+03  8.757744E-01
  2.740500E+03  7.599304E-01
  2.741000E+03  5.864238E-01
  2.741500E+03  3.609769E-01
  2.742000E+03  9.222499E-02
  2.742500E+03 -2.085785E-01
  2.743000E+03 -5.279973E-01
  2.743500E+03 -8.509744E-01
  2.744000E+03 -1.161498E+00
  2.744500E+03 -1.443340E+00
  2.745000E+03 -1.680844E+00
  2.745500E+03 -1.859704E+00
  2.746000E+03 -1.967720E+00
  2.746500E+03 -1.995478E+00
  2.747000E+03 -1.936911E+00
  2.747500E+03 -1.789736E+00
  2.748000E+03 -1.555702E+00
  2.748500E+03 -1.240668E+00
  2.749000E+03 -8.544781E-01
  2.749500E+03 -4.106380E-01
  2.750000E+03  7.418967E-02
  2.750500E+03  5.808606E-01
  2.751000E+03  1.088562E+00
  2.751500E+03  1.575726E+00
  2.752000E+03  2.021008E+00
  2.752500E+03  2.404275E+00
  2.753000E+03  2.707559E+00
  2.753500E+03  2.915933E+00
  2.754000E+03  3.018260E+00
  2.754500E+03  3.007775E+00
  2.755000E+03  2.882475E+00
  2.755500E+03  2.645289E+00
  2.756000E+03  2.304019E+00
  2.756500E+03  1.871055E+00
  2.757000E+03  1.362867E+00
  2.757500E+03  7.993044E-01
  2.758000E+03  2.027304E-01
  2.758500E+03 -4.029674E-01
  2.759000E+03 -9.934419E-01
  2.759500E+03 -1.544979E+00
  2.760000E+03 -2.035560E+00
  2.760500E+03 -2.445850E+00
  2.761000E+03 -2.760059E+00
  2.761500E+03 -2.966632E+00
  2.762000E+03 -3.058747E+00
  2.762500E+03 -3.034583E+00
  2.763000E+03 -2.897355E+00
  2.763500E+03 -2.655112E+00
  2.764000E+03 -2.320315E+00
  2.764500E+03 -1.909204E+00
  2.765000E+03 -1.441001E+00
  2.765500E+03 -9.369805E-01
  2.766000E+03 -4.194560E-01
  2.766500E+03  8.926770E-02
  2.767000E+03  5.679259E-01
  2.767500E+03  9.972588E-01
  2.768000E+03  1.360864E+00
  2.768500E+03  1.645898E+00
  2.769000E+03  1.843593E+00
  2.769500E+03  1.949569E+00
  2.770000E+03  1.963931E+00
  2.770500E+03  1.891143E+00
  2.771000E+03  1.739700E+00
  2.771500E+03  1.521606E+00
  2.772000E+03  1.251696E+00
  2.772500E+03  9.468348E-01
  2.773000E+03  6.250292E-01
  2.773500E+03  3.045073E-01
  2.774000E+03  2.802106E-03
  2.774500E+03 -2.641113E-01
  2.775000E+03 -4.825868E-01
  2.775500E+03 -6.419493E-01
  2.776000E+03 -7.349804E-01
  2.776500E+03 -7.582267E-01
  2.777000E+03 -7.121178E-01
  2.777500E+03 -6.008944E-01
  2.778000E+03 -4.323504E-01
  2.778500E+03 -2.174056E-01
  2.779000E+03  3.046857E-02
  2.779500E+03  2.959400E-01
  2.780000E+03  5.625909E-01
  2.780500E+03  8.137387E-01
  2.781000E+03  1.033264E+00
  2.781500E+03  1.206406E+00
  2.782000E+03  1.320494E+00
  2.782500E+03  1.365579E+00
  2.783000E+03  1.334930E+00
  2.783500E+03  1.225398E+00
  2.784000E+03  1.037598E+00
  2.784500E+03  7.759364E-01
  2.785000E+03  4.484633E-01
  2.785500E+03  6.655956E-02
  2.786000E+03 -3.555180E-01
  2.786500E+03 -8.012214E-01
  2.787000E+03 -1.252396E+00
  2.787500E+03 -1.690040E+00
  2.788000E+03 -2.095098E+00
  2.788500E+03 -2.449268E+00
  2.789000E+03 -2.735778E+00
  2.789500E+03 -2.940101E+00
  2.790000E+03 -3.050592E+00
  2.790500E+03 -3.059002E+00
  2.791000E+03 -2.960863E+00
  2.791500E+03 -2.755725E+00
  2.792000E+03 -2.447230E+00
  2.792500E+03 -2.043028E+00
  2.793000E+03 -1.554537E+00
  2.793500E+03 -9.965443E-01
  2.794000E+03 -3.866888E-01
  2.794500E+03  2.551838E-01
  2.795000E+03  9.077467E-01
  2.795500E+03  1.548980E+00
  2.796000E+03  2.156988E+00
  2.796500E+03  2.710818E+00
  2.797000E+03  3.191237E+00
  2.797500E+03  3.581459E+00
  2.798000E+03  3.867761E+00
  2.798500E+03  4.040002E+00
  2.799000E+03  4.091990E+00
  2.799500E+03  4.021708E+00
  2.800000E+03  3.831376E+00
  2.800500E+03  3.527354E+00
  2.801000E+03  3.119882E+00
  2.801500E+03  2.622678E+00
  2.802000E+03  2.052407E+00
  2.802500E+03  1.428034E+00
  2.803000E+03  7.701021E-01
  2.803500E+03  9.995464E-02
  2.804000E+03 -5.610644E-01
  2.804500E+03 -1.192397E+00
  2.805000E+03 -1.775012E+00
  2.805500E+03 -2.292080E+00
  2.806000E+03 -2.729538E+00
  2.806500E+03 -3.076538E+00
  2.807000E+03 -3.325756E+00
  2.807500E+03 -3.473551E+00
  2.808000E+03 -3.519968E+00
  2.808500E+03 -3.468592E+00
  2.809000E+03 -3.326265E+00
  2.809500E+03 -3.102668E+00
  2.810000E+03 -2.809810E+00
  2.810500E+03 -2.461431E+00
  2.811000E+03 -2.072357E+00
  2.811500E+03 -1.657839E+00
  2.812000E+03 -1.232897E+00
  2.812500E+03 -8.117116E-01
  2.813000E+03 -4.070813E-01
  2.813500E+03 -2.997050E-02
  2.814000E+03  3.108314E-01
  2.814500E+03  6.089299E-01
  2.815000E+03  8.604173E-01
  2.815500E+03  1.063837E+00
  2.816000E+03  1.220026E+00
  2.816500E+03  1.331854E+00
  2.817000E+03  1.403869E+00
  2.817500E+03  1.441875E+00
  2.818000E+03  1.452475E+00
  2.818500E+03  1.442590E+00
  2.819000E+03  1.418997E+00
  2.819500E+03  1.387899E+00
  2.820000E+03  1.354559E+00
  2.820500E+03  1.323011E+00
  2.821000E+03  1.295864E+00
  2.821500E+03  1.274209E+00
  2.822000E+03  1.257627E+00
  2.822500E+03  1.244302E+00
  2.823000E+03  1.231221E+00
  2.823500E+03  1.214451E+00
  2.824000E+03  1.189479E+00
  2.824500E+03  1.151585E+00
  2.825000E+03  1.096226E+00
  2.825500E+03  1.019413E+00
  2.826000E+03  9.180551E-01
  2.826500E+03  7.902410E-01
  2.827000E+03  6.354576E-01
  2.827500E+03  4.547168E-01
  2.828000E+03  2.505909E-01
  2.828500E+03  2.715181E-02
  2.829000E+03 -2.101822E-01
  2.829500E+03 -4.548839E-01
  2.830000E+03 -6.996245E-01
  2.830500E+03 -9.366335E-01
  2.831000E+03 -1.158091E+00
  2.831500E+03 -1.356529E+00
  2.832000E+03 -1.525217E+00
  2.832500E+03 -1.658513E+00
  2.833000E+03 -1.752158E+00
  2.833500E+03 -1.803496E+00
  2.834000E+03 -1.811606E+00
  2.834500E+03 -1.777345E+00
  2.835000E+03 -1.703290E+00
  2.835500E+03 -1.593585E+00
  2.836000E+03 -1.453712E+00
  2.836500E+03 -1.290182E+00
  2.837000E+03 -1.110180E+00
  2.837500E+03 -9.211674E-01
  2.838000E+03 -7.304839E-01
  2.838500E+03 -5.449565E-01
  2.839000E+03 -3.705440E-01
  2.839500E+03 -2.120371E-01
  2.840000E+03 -7.283029E-02
  2.840500E+03  4.522108E-02
  2.841000E+03  1.418511E-01
  2.841500E+03  2.183373E-01
  2.842000E+03  2.773628E-01
  2.842500E+03  3.227926E-01
  2.843000E+03  3.593791E-01
  2.843500E+03  3.924127E-01
  2.844000E+03  4.273386E-01
  2.844500E+03  4.693609E-01
  2.845000E+03  5.230582E-01
  2.845500E+03  5.920325E-01
  2.846000E+03  6.786123E-01
  2.846500E+03  7.836265E-01
  2.847000E+03  9.062650E-01
  2.847500E+03  1.044032E+00
  2.848000E+03  1.192799E+00
  2.848500E+03  1.346951E+00
  2.849000E+03  1.499628E+00
  2.849500E+03  1.643039E+00
  2.850000E+03  1.768841E+00
  2.850500E+03  1.868556E+00
  2.851000E+03  1.934017E+00
  2.851500E+03  1.957808E+00
  2.852000E+03  1.933675E+00
  2.852500E+03  1.856902E+00
  2.853000E+03  1.724613E+00
  2.853500E+03  1.536001E+00
  2.854000E+03  1.292459E+00
  2.854500E+03  9.976185E-01
  2.855000E+03  6.572853E-01
  2.855500E+03  2.792749E-01
  2.856000E+03 -1.268379E-01
  2.856500E+03 -5.500509E-01
  2.857000E+03 -9.783287E-01
  2.857500E+03 -1.399043E+00
  2.858000E+03 -1.799438E+00
  2.858500E+03 -2.167103E+00
  2.859000E+03 -2.490433E+00
  2.859500E+03 -2.759051E+00
  2.860000E+03 -2.964182E+00
  2.860500E+03 -3.098970E+00
  2.861000E+03 -3.158711E+00
  2.861500E+03 -3.141011E+00
  2.862000E+03 -3.045851E+00
  2.862500E+03 -2.875572E+00
  2.863000E+03 -2.634776E+00
  2.863500E+03 -2.330146E+00
  2.864000E+03 -1.970207E+00
  2.864500E+03 -1.565022E+00
  2.865000E+03 -1.125847E+00
  2.865500E+03 -6.647606E-01
  2.866000E+03 -1.942683E-01
  2.866500E+03  2.730891E-01
  2.867000E+03  7.251208E-01
  2.867500E+03  1.150349E+00
  2.868000E+03  1.538339E+00
  2.868500E+03  1.879987E+00
  2.869000E+03  2.167761E+00
  2.869500E+03  2.395886E+00
  2.870000E+03  2.560468E+00
  2.870500E+03  2.659563E+00
  2.871000E+03  2.693176E+00
  2.871500E+03  2.663208E+00
  2.872000E+03  2.573341E+00
  2.872500E+03  2.428865E+00
  2.873000E+03  2.236468E+00
  2.873500E+03  2.003970E+00
  2.874000E+03  1.740036E+00
  2.874500E+03  1.453857E+00
  2.875000E+03  1.154821E+00
  2.875500E+03  8.521836E-01
  2.876000E+03  5.547379E-01
  2.876500E+03  2.705169E-01
  2.877000E+03  6.519986E-03
  2.877500E+03 -2.315145E-01
  2.878000E+03 -4.392849E-01
  2.878500E+03 -6.140403E-01
  2.879000E+03 -7.546292E-01
  2.879500E+03 -8.614763E-01
  2.880000E+03 -9.364901E-01
  2.880500E+03 -9.829015E-01
  2.881000E+03 -1.005041E+00
  2.881500E+03 -1.008061E+00
  2.882000E+03 -9.976211E-01
  2.882500E+03 -9.795408E-01
  2.883000E+03 -9.594488E-01
  2.883500E+03 -9.424359E-01
  2.884000E+03 -9.327366E-01
  2.884500E+03 -9.334537E-01
  2.885000E+03 -9.463431E-01
  2.885500E+03 -9.716734E-01
  2.886000E+03 -1.008168E+00
  2.886500E+03 -1.053039E+00
  2.887000E+03 -1.102112E+00
  2.887500E+03 -1.150040E+00
  2.888000E+03 -1.190595E+00
  2.888500E+03 -1.217027E+00
  2.889000E+03 -1.222477E+00
  2.889500E+03 -1.200405E+00
  2.890000E+03 -1.145041E+00
  2.890500E+03 -1.051795E+00
  2.891000E+03 -9.176423E-01
  2.891500E+03 -7.414247E-01
  2.892000E+03 -5.240754E-01
  2.892500E+03 -2.687347E-01
  2.893000E+03  1.924772E-02
  2.893500E+03  3.324295E-01
  2.894000E+03  6.615103E-01
  2.894500E+03  9.956761E-01
  2.895000E+03  1.323039E+00
  2.895500E+03  1.631154E+00
  2.896000E+03  1.907581E+00
  2.896500E+03  2.140480E+00
  2.897000E+03  2.319183E+00
  2.897500E+03  2.434747E+00
  2.898000E+03  2.480423E+00
  2.898500E+03  2.452040E+00
  2.899000E+03  2.348278E+00
  2.899500E+03  2.170798E+00
  2.900000E+03  1.924248E+00
  2.900500E+03  1.616112E+00
  2.901000E+03  1.256435E+00
  2.901500E+03  8.574180E-01
  2.902000E+03  4.329077E-01
  2.902500E+03 -2.186882E-03
  2.903000E+03 -4.325338E-01
  2.903500E+03 -8.430344E-01
  2.904000E+03 -1.219465E+00
  2.904500E+03 -1.549076E+00
  2.905000E+03 -1.821112E+00
  2.905500E+03 -2.027237E+00
  2.906000E+03 -2.161841E+00
  2.906500E+03 -2.222212E+00
  2.907000E+03 -2.208574E+00
  2.907500E+03 -2.123990E+00
  2.908000E+03 -1.974134E+00
  2.908500E+03 -1.766961E+00
  2.909000E+03 -1.512272E+00
  2.909500E+03 -1.221224E+00
  2.910000E+03 -9.058003E-01
  2.910500E+03 -5.782606E-01
  2.911000E+03 -2.506209E-01
  2.911500E+03  6.583185E-02
  2.912000E+03  3.609569E-01
  2.912500E+03  6.260954E-01
  2.913000E+03  8.543108E-01
  2.913500E+03  1.040530E+00
  2.914000E+03  1.181584E+00
  2.914500E+03  1.276156E+00
  2.915000E+03  1.324640E+00
  2.915500E+03  1.328946E+00
  2.916000E+03  1.292238E+00
  2.916500E+03  1.218657E+00
  2.917000E+03  1.113027E+00
  2.917500E+03  9.805721E-01
  2.918000E+03  8.266653E-01
  2.918500E+03  6.566105E-01
  2.919000E+03  4.754793E-01
  2.919500E+03  2.880005E-01
  2.920000E+03  9.850467E-02
  2.920500E+03 -8.908062E-02
  2.921000E+03 -2.711940E-01
  2.921500E+03 -4.445726E-01
  2.922000E+03 -6.061674E-01
  2.922500E+03 -7.530561E-01
  2.923000E+03 -8.823688E-01
  2.923500E+03 -9.912382E-01
  2.924000E+03 -1.076786E+00
  2.924500E+03 -1.136150E+00
  2.925000E+03 -1.166564E+00
  2.925500E+03 -1.165471E+00
  2.926000E+03 -1.130690E+00
  2.926500E+03 -1.060597E+00
  2.927000E+03 -9.543383E-01
  2.927500E+03 -8.120320E-01
  2.928000E+03 -6.349589E-01
  2.928500E+03 -4.257174E-01
  2.929000E+03 -1.883278E-01
  2.929500E+03  7.172958E-02
  2.930000E+03  3.475537E-01
  2.930500E+03  6.309453E-01
  2.931000E+03  9.126162E-01
  2.931500E+03  1.182481E+00
  2.932000E+03  1.430020E+00
  2.932500E+03  1.644710E+00
  2.933000E+03  1.816481E+00
  2.933500E+03  1.936210E+00
  2.934000E+03  1.996189E+00
  2.934500E+03  1.990577E+00
  2.935000E+03  1.915784E+00
  2.935500E+03  1.770776E+00
  2.936000E+03  1.557277E+00
  2.936500E+03  1.279852E+00
  2.937000E+03  9.458651E-01
  2.937500E+03  5.652937E-01
  2.938000E+03  1.504265E-01
  2.938500E+03 -2.845693E-01
  2.939000E+03 -7.241807E-01
  2.939500E+03 -1.152164E+00
  2.940000E+03 -1.552218E+00
  2.940500E+03 -1.908675E+00
  2.941000E+03 -2.207193E+00
  2.941500E+03 -2.435398E+00
  2.942000E+03 -2.583460E+00
  2.942500E+03 -2.644566E+00
  2.943000E+03 -2.615263E+00
  2.943500E+03 -2.495662E+00
  2.944000E+03 -2.289483E+00
  2.944500E+03 -2.003943E+00
  2.945000E+03 -1.649477E+00
  2.945500E+03 -1.239325E+00
  2.946000E+03 -7.889830E-01
  2.946500E+03 -3.155509E-01
  2.947000E+03  1.629927E-01
  2.947500E+03  6.285573E-01
  2.948000E+03  1.063713E+00
  2.948500E+03  1.452433E+00
  2.949000E+03  1.780773E+00
  2.949500E+03  2.037452E+00
  2.950000E+03  2.214312E+00
  2.950500E+03  2.306637E+00
  2.951000E+03  2.313307E+00
  2.951500E+03  2.236797E+00
  2.952000E+03  2.083005E+00
  2.952500E+03  1.860928E+00
  2.953000E+03  1.582206E+00
  2.953500E+03  1.260544E+00
  2.954000E+03  9.110496E-01
  2.954500E+03  5.495173E-01
  2.955000E+03  1.916930E-01
  2.955500E+03 -1.474482E-01
  2.956000E+03 -4.543739E-01
  2.956500E+03 -7.175850E-01
  2.957000E+03 -9.280986E-01
  2.957500E+03 -1.079801E+00
  2.958000E+03 -1.169653E+00
  2.958500E+03 -1.197748E+00
  2.959000E+03 -1.167206E+00
  2.959500E+03 -1.083930E+00
  2.960000E+03 -9.562264E-01
  2.960500E+03 -7.943086E-01
  2.961000E+03 -6.097225E-01
  2.961500E+03 -4.147098E-01
  2.962000E+03 -2.215500E-01
  2.962500E+03 -4.191158E-02
  2.963000E+03  1.137539E-01
  2.963500E+03  2.367455E-01
  2.964000E+03  3.205470E-01
  2.964500E+03  3.611407E-01
  2.965000E+03  3.571863E-01
  2.965500E+03  3.100561E-01
  2.966000E+03  2.237259E-01
  2.966500E+03  1.045296E-01
  2.967000E+03 -3.921081E-02
  2.967500E+03 -1.976587E-01
  2.968000E+03 -3.600149E-01
  2.968500E+03 -5.151200E-01
  2.969000E+03 -6.520738E-01
  2.969500E+03 -7.608419E-01
  2.970000E+03 -8.328161E-01
  2.970500E+03 -8.613001E-01
  2.971000E+03 -8.418961E-01
  2.971500E+03 -7.727711E-01
  2.972000E+03 -6.547900E-01
  2.972500E+03 -4.915087E-01
  2.973000E+03 -2.890261E-01
  2.973500E+03 -5.570460E-02
  2.974000E+03  1.982283E-01
  2.974500E+03  4.611767E-01
  2.975000E+03  7.207457E-01
  2.975500E+03  9.643549E-01
  2.976000E+03  1.179865E+00
  2.976500E+03  1.356187E+00
  2.977000E+03  1.483838E+00
  2.977500E+03  1.555430E+00
  2.978000E+03  1.566042E+00
  2.978500E+03  1.513493E+00
  2.979000E+03  1.398460E+00
  2.979500E+03  1.224477E+00
  2.980000E+03  9.977897E-01
  2.980500E+03  7.270748E-01
  2.981000E+03  4.230558E-01
  2.981500E+03  9.801496E-02
  2.982000E+03 -2.347616E-01
  2.982500E+03 -5.615844E-01
  2.983000E+03 -8.689743E-01
  2.983500E+03 -1.144262E+00
  2.984000E+03 -1.376143E+00
  2.984500E+03 -1.555168E+00
  2.985000E+03 -1.674134E+00
  2.985500E+03 -1.728380E+00
  2.986000E+03 -1.715954E+00
  2.986500E+03 -1.637659E+00
  2.987000E+03 -1.496983E+00
  2.987500E+03 -1.299902E+00
  2.988000E+03 -1.054586E+00
  2.988500E+03 -7.710195E-01
  2.989000E+03 -4.605469E-01
  2.989500E+03 -1.353829E-01
  2.990000E+03  1.919029E-01
  2.990500E+03  5.088961E-01
  2.991000E+03  8.038225E-01
  2.991500E+03  1.065987E+00
  2.992000E+03  1.286149E+00
  2.992500E+03  1.456824E+00
  2.993000E+03  1.572502E+00
  2.993500E+03  1.629774E+00
  2.994000E+03  1.627374E+00
  2.994500E+03  1.566141E+00
  2.995000E+03  1.448899E+00
  2.995500E+03  1.280281E+00
  2.996000E+03  1.066494E+00
  2.996500E+03  8.150550E-01
  2.997000E+03  5.344940E-01
  2.997500E+03  2.340558E-01
  2.998000E+03 -7.660252E-02
  2.998500E+03 -3.876991E-01
  2.999000E+03 -6.895965E-01
  2.999500E+03 -9.730455E-01
  3.000000E+03 -1.229401E+00
  3.000500E+03 -1.450808E+00
  3.001000E+03 -1.630363E+00
  3.001500E+03 -1.762246E+00
  3.002000E+03 -1.841830E+00
  3.002500E+03 -1.865779E+00
  3.003000E+03 -1.832116E+00
  3.003500E+03 -1.740290E+00
  3.004000E+03 -1.591216E+00
  3.004500E+03 -1.387310E+00
  3.005000E+03 -1.132496E+00
  3.005500E+03 -8.321984E-01
  3.006000E+03 -4.932982E-01
  3.006500E+03 -1.240612E-01
  3.007000E+03  2.659777E-01
  3.007500E+03  6.661754E-01
  3.008000E+03  1.064991E+00
  3.008500E+03  1.450247E+00
  3.009000E+03  1.809446E+00
  3.009500E+03  2.130126E+00
  3.010000E+03  2.400262E+00
  3.010500E+03  2.608692E+00
  3.011000E+03  2.745559E+00
  3.011500E+03  2.802745E+00
  3.012000E+03  2.774285E+00
  3.012500E+03  2.656735E+00
  3.013000E+03  2.449475E+00
  3.013500E+03  2.154921E+00
  3.014000E+03  1.778644E+00
  3.014500E+03  1.329359E+00
  3.015000E+03  8.187924E-01
  3.015500E+03  2.614180E-01
  3.016000E+03 -3.259413E-01
  3.016500E+03 -9.246300E-01
  3.017000E+03 -1.514784E+00
  3.017500E+03 -2.076041E+00
  3.018000E+03 -2.588301E+00
  3.018500E+03 -3.032530E+00
  3.019000E+03 -3.391532E+00
  3.019500E+03 -3.650700E+00
  3.020000E+03 -3.798674E+00
  3.020500E+03 -3.827889E+00
  3.021000E+03 -3.734981E+00
  3.021500E+03 -3.521034E+00
  3.022000E+03 -3.191633E+00
  3.022500E+03 -2.756738E+00
  3.023000E+03 -2.230363E+00
  3.023500E+03 -1.630075E+00
  3.024000E+03 -9.763376E-01
  3.024500E+03 -2.917132E-01
  3.025000E+03  4.000284E-01
  3.025500E+03  1.074865E+00
  3.026000E+03  1.709492E+00
  3.026500E+03  2.282272E+00
  3.027000E+03  2.774102E+00
  3.027500E+03  3.169181E+00
  3.028000E+03  3.455625E+00
  3.028500E+03  3.625907E+00
  3.029000E+03  3.677101E+00
  3.029500E+03  3.610925E+00
  3.030000E+03  3.433572E+00
  3.030500E+03  3.155345E+00
  3.031000E+03  2.790119E+00
  3.031500E+03  2.354648E+00
  3.032000E+03  1.867763E+00
  3.032500E+03  1.349493E+00
  3.033000E+03  8.201575E-01
  3.033500E+03  2.994719E-01
  3.034000E+03 -1.942862E-01
  3.034500E+03 -6.450182E-01
  3.035000E+03 -1.039411E+00
  3.035500E+03 -1.367392E+00
  3.036000E+03 -1.622402E+00
  3.036500E+03 -1.801494E+00
  3.037000E+03 -1.905247E+00
  3.037500E+03 -1.937509E+00
  3.038000E+03 -1.904992E+00
  3.038500E+03 -1.816747E+00
  3.039000E+03 -1.683539E+00
  3.039500E+03 -1.517179E+00
  3.040000E+03 -1.329835E+00
  3.040500E+03 -1.133365E+00
  3.041000E+03 -9.387078E-01
  3.041500E+03 -7.553646E-01
  3.042000E+03 -5.909874E-01
  3.042500E+03 -4.511023E-01
  3.043000E+03 -3.389702E-01
  3.043500E+03 -2.555873E-01
  3.044000E+03 -1.998201E-01
  3.044500E+03 -1.686581E-01
  3.045000E+03 -1.575654E-01
  3.045500E+03 -1.609042E-01
  3.046000E+03 -1.724014E-01
  3.046500E+03 -1.856296E-01
  3.047000E+03 -1.944693E-01
  3.047500E+03 -1.935286E-01
  3.048000E+03 -1.784929E-01
  3.048500E+03 -1.463881E-01
  3.049000E+03 -9.574396E-02
  3.049500E+03 -2.665017E-02
  3.050000E+03  5.929201E-02
  3.050500E+03  1.591173E-01
  3.051000E+03  2.687295E-01
  3.051500E+03  3.832017E-01
  3.052000E+03  4.971237E-01
  3.052500E+03  6.049715E-01
  3.053000E+03  7.014751E-01
  3.053500E+03  7.819614E-01
  3.054000E+03  8.426512E-01
  3.054500E+03  8.808919E-01
  3.055000E+03  8.953132E-01
  3.055500E+03  8.858982E-01
  3.056000E+03  8.539668E-01
  3.056500E+03  8.020739E-01
  3.057000E+03  7.338320E-01
  3.057500E+03  6.536692E-01
  3.058000E+03  5.665396E-01
  3.058500E+03  4.776042E-01
  3.059000E+03  3.919032E-01
  3.059500E+03  3.140385E-01
  3.060000E+03  2.478859E-01
  3.060500E+03  1.963543E-01
  3.061000E+03  1.612037E-01
  3.061500E+03  1.429341E-01
  3.062000E+03  1.407488E-01
  3.062500E+03  1.525948E-01
  3.063000E+03  1.752753E-01
  3.063500E+03  2.046295E-01
  3.064000E+03  2.357667E-01
  3.064500E+03  2.633430E-01
  3.065000E+03  2.818649E-01
  3.065500E+03  2.860038E-01
  3.066000E+03  2.709045E-01
  3.066500E+03  2.324735E-01
  3.067000E+03  1.676319E-01
  3.067500E+03  7.452249E-02
  3.068000E+03 -4.733944E-02
  3.068500E+03 -1.969770E-01
  3.069000E+03 -3.719277E-01
  3.069500E+03 -5.682844E-01
  3.070000E+03 -7.808000E-01
  3.070500E+03 -1.003049E+00
  3.071000E+03 -1.227639E+00
  3.071500E+03 -1.446467E+00
  3.072000E+03 -1.651003E+00
  3.072500E+03 -1.832601E+00
  3.073000E+03 -1.982813E+00
  3.073500E+03 -2.093708E+00
  3.074000E+03 -2.158181E+00
  3.074500E+03 -2.170233E+00
  3.075000E+03 -2.125236E+00
  3.075500E+03 -2.020142E+00
  3.076000E+03 -1.853665E+00
  3.076500E+03 -1.626401E+00
  3.077000E+03 -1.340899E+00
  3.077500E+03 -1.001668E+00
  3.078000E+03 -6.151333E-01
  3.078500E+03 -1.895175E-01
  3.079000E+03  2.653254E-01
  3.079500E+03  7.381427E-01
  3.080000E+03  1.216567E+00
  3.080500E+03  1.687449E+00
  3.081000E+03  2.137231E+00
  3.081500E+03  2.552353E+00
  3.082000E+03  2.919674E+00
  3.082500E+03  3.226910E+00
  3.083000E+03  3.463058E+00
  3.083500E+03  3.618798E+00
  3.084000E+03  3.686866E+00
  3.084500E+03  3.662368E+00
  3.085000E+03  3.543032E+00
  3.085500E+03  3.329381E+00
  3.086000E+03  3.024817E+00
  3.086500E+03  2.635608E+00
  3.087000E+03  2.170777E+00
  3.087500E+03  1.641891E+00
  3.088000E+03  1.062746E+00
  3.088500E+03  4.489708E-01
  3.089000E+03 -1.824515E-01
  3.089500E+03 -8.137193E-01
  3.090000E+03 -1.426795E+00
  3.090500E+03 -2.004006E+00
  3.091000E+03 -2.528648E+00
  3.091500E+03 -2.985554E+00
  3.092000E+03 -3.361628E+00
  3.092500E+03 -3.646299E+00
  3.093000E+03 -3.831888E+00
  3.093500E+03 -3.913873E+00
  3.094000E+03 -3.891036E+00
  3.094500E+03 -3.765491E+00
  3.095000E+03 -3.542582E+00
  3.095500E+03 -3.230673E+00
  3.096000E+03 -2.840813E+00
  3.096500E+03 -2.386319E+00
  3.097000E+03 -1.882272E+00
  3.097500E+03 -1.344958E+00
  3.098000E+03 -7.912770E-01
  3.098500E+03 -2.381369E-01
  3.099000E+03  2.981306E-01
  3.099500E+03  8.023215E-01
  3.100000E+03  1.260851E+00
  3.100500E+03  1.662167E+00
  3.101000E+03  1.997076E+00
  3.101500E+03  2.258965E+00
  3.102000E+03  2.443920E+00
  3.102500E+03  2.550738E+00
  3.103000E+03  2.580841E+00
  3.103500E+03  2.538089E+00
  3.104000E+03  2.428520E+00
  3.104500E+03  2.260018E+00
  3.105000E+03  2.041928E+00
  3.105500E+03  1.784647E+00
  3.106000E+03  1.499192E+00
  3.106500E+03  1.196777E+00
  3.107000E+03  8.884032E-01
  3.107500E+03  5.844856E-01
  3.108000E+03  2.945277E-01
  3.108500E+03  2.684586E-02
  3.109000E+03 -2.116428E-01
  3.109500E+03 -4.155680E-01
  3.110000E+03 -5.811893E-01
  3.110500E+03 -7.064149E-01
  3.111000E+03 -7.907614E-01
  3.111500E+03 -8.352596E-01
  3.112000E+03 -8.423136E-01
  3.112500E+03 -8.155223E-01
  3.113000E+03 -7.594701E-01
  3.113500E+03 -6.794988E-01
  3.114000E+03 -5.814658E-01
  3.114500E+03 -4.715012E-01
  3.115000E+03 -3.557684E-01
  3.115500E+03 -2.402371E-01
  3.116000E+03 -1.304750E-01
  3.116500E+03 -3.146324E-02
  3.117000E+03  5.255972E-02
  3.117500E+03  1.182218E-01
  3.118000E+03  1.631064E-01
  3.118500E+03  1.858048E-01
  3.119000E+03  1.859316E-01
  3.119500E+03  1.641031E-01
  3.120000E+03  1.218798E-01
  3.120500E+03  6.167617E-02
  3.121000E+03 -1.335952E-02
  3.121500E+03 -9.949110E-02
  3.122000E+03 -1.925601E-01
  3.122500E+03 -2.881657E-01
  3.123000E+03 -3.818510E-01
  3.123500E+03 -4.692903E-01
  3.124000E+03 -5.464676E-01
  3.124500E+03 -6.098408E-01
  3.125000E+03 -6.564837E-01
  3.125500E+03 -6.842001E-01
  3.126000E+03 -6.916043E-01
  3.126500E+03 -6.781653E-01
  3.127000E+03 -6.442116E-01
  3.127500E+03 -5.908973E-01
  3.128000E+03 -5.201308E-01
  3.128500E+03 -4.344694E-01
  3.129000E+03 -3.369858E-01
  3.129500E+03 -2.311129E-01
  3.130000E+03 -1.204751E-01
  3.130500E+03 -8.715594E-03
  3.131000E+03  1.006727E-01
  3.131500E+03  2.045016E-01
  3.132000E+03  3.000208E-01
  3.132500E+03  3.850222E-01
  3.133000E+03  4.579097E-01
  3.133500E+03  5.177317E-01
  3.134000E+03  5.641755E-01
  3.134500E+03  5.975238E-01
  3.135000E+03  6.185778E-01
  3.135500E+03  6.285524E-01
  3.136000E+03  6.289510E-01
  3.136500E+03  6.214282E-01
  3.137000E+03  6.076506E-01
  3.137500E+03  5.891646E-01
  3.138000E+03  5.672816E-01
  3.138500E+03  5.429870E-01
  3.139000E+03  5.168808E-01
  3.139500E+03  4.891538E-01
  3.140000E+03  4.596011E-01
  3.140500E+03  4.276715E-01
  3.141000E+03  3.925512E-01
  3.141500E+03  3.532739E-01
  3.142000E+03  3.088508E-01
  3.142500E+03  2.584104E-01
  3.143000E+03  2.013365E-01
  3.143500E+03  1.373961E-01
  3.144000E+03  6.684269E-02
  3.144500E+03 -9.510102E-03
  3.145000E+03 -9.025596E-02
  3.145500E+03 -1.734070E-01
  3.146000E+03 -2.564521E-01
  3.146500E+03 -3.364610E-01
  3.147000E+03 -4.102311E-01
  3.147500E+03 -4.744677E-01
  3.148000E+03 -5.259907E-01
  3.148500E+03 -5.619529E-01
  3.149000E+03 -5.800575E-01
  3.149500E+03 -5.787600E-01
  3.150000E+03 -5.574399E-01
  3.150500E+03 -5.165292E-01
  3.151000E+03 -4.575857E-01
  3.151500E+03 -3.833024E-01
  3.152000E+03 -2.974483E-01
  3.152500E+03 -2.047386E-01
  3.153000E+03 -1.106371E-01
  3.153500E+03 -2.109742E-02
  3.154000E+03  5.774483E-02
  3.154500E+03  1.199155E-01
  3.155000E+03  1.599631E-01
  3.155500E+03  1.733176E-01
  3.156000E+03  1.566276E-01
  3.156500E+03  1.080539E-01
  3.157000E+03  2.750034E-02
  3.157500E+03 -8.323309E-02
  3.158000E+03 -2.203915E-01
  3.158500E+03 -3.783074E-01
  3.159000E+03 -5.495493E-01
  3.159500E+03 -7.251751E-01
  3.160000E+03 -8.950841E-01
  3.160500E+03 -1.048454E+00
  3.161000E+03 -1.174244E+00
  3.161500E+03 -1.261751E+00
  3.162000E+03 -1.301175E+00
  3.162500E+03 -1.284188E+00
  3.163000E+03 -1.204460E+00
  3.163500E+03 -1.058126E+00
  3.164000E+03 -8.441561E-01
  3.164500E+03 -5.646172E-01
  3.165000E+03 -2.247985E-01
  3.165500E+03  1.668076E-01
  3.166000E+03  5.986759E-01
  3.166500E+03  1.056573E+00
  3.167000E+03  1.524021E+00
  3.167500E+03  1.982898E+00
  3.168000E+03  2.414135E+00
  3.168500E+03  2.798501E+00
  3.169000E+03  3.117431E+00
  3.169500E+03  3.353865E+00
  3.170000E+03  3.493057E+00
  3.170500E+03  3.523329E+00
  3.171000E+03  3.436710E+00
  3.171500E+03  3.229454E+00
  3.172000E+03  2.902384E+00
  3.172500E+03  2.461066E+00
  3.173000E+03  1.915775E+00
  3.173500E+03  1.281262E+00
  3.174000E+03  5.763286E-01
  3.174500E+03 -1.767954E-01
  3.175000E+03 -9.532277E-01
  3.175500E+03 -1.726351E+00
  3.176000E+03 -2.468826E+00
  3.176500E+03 -3.153663E+00
  3.177000E+03 -3.755308E+00
  3.177500E+03 -4.250691E+00
  3.178000E+03 -4.620193E+00
  3.178500E+03 -4.848502E+00
  3.179000E+03 -4.925287E+00
  3.179500E+03 -4.845700E+00
  3.180000E+03 -4.610639E+00
  3.180500E+03 -4.226796E+00
  3.181000E+03 -3.706456E+00
  3.181500E+03 -3.067066E+00
  3.182000E+03 -2.330588E+00
  3.182500E+03 -1.522664E+00
  3.183000E+03 -6.716229E-01
  3.183500E+03  1.926339E-01
  3.184000E+03  1.039804E+00
  3.184500E+03  1.840381E+00
  3.185000E+03  2.566817E+00
  3.185500E+03  3.194604E+00
  3.186000E+03  3.703220E+00
  3.186500E+03  4.076913E+00
  3.187000E+03  4.305277E+00
  3.187500E+03  4.383606E+00
  3.188000E+03  4.313003E+00
  3.188500E+03  4.100246E+00
  3.189000E+03  3.757426E+00
  3.189500E+03  3.301353E+00
  3.190000E+03  2.752788E+00
  3.190500E+03  2.135508E+00
  3.191000E+03  1.475274E+00
  3.191500E+03  7.987186E-01
  3.192000E+03  1.322361E-01
  3.192500E+03 -4.991054E-01
  3.193000E+03 -1.072565E+00
  3.193500E+03 -1.568604E+00
  3.194000E+03 -1.971609E+00
  3.194500E+03 -2.270414E+00
  3.195000E+03 -2.458628E+00
  3.195500E+03 -2.534738E+00
  3.196000E+03 -2.502000E+00
  3.196500E+03 -2.368125E+00
  3.197000E+03 -2.144781E+00
  3.197500E+03 -1.846936E+00
  3.198000E+03 -1.492077E+00
  3.198500E+03 -1.099353E+00
  3.199000E+03 -6.886648E-01
  3.199500E+03 -2.797629E-01
  3.200000E+03  1.086183E-01
  3.200500E+03  4.595469E-01
  3.201000E+03  7.585685E-01
  3.201500E+03  9.942452E-01
  3.202000E+03  1.158537E+00
  3.202500E+03  1.247018E+00
  3.203000E+03  1.258919E+00
  3.203500E+03  1.197009E+00
  3.204000E+03  1.067320E+00
  3.204500E+03  8.787414E-01
  3.205000E+03  6.425043E-01
  3.205500E+03  3.715812E-01
  3.206000E+03  8.003993E-02
  3.206500E+03 -2.176249E-01
  3.207000E+03 -5.071473E-01
  3.207500E+03 -7.751060E-01
  3.208000E+03 -1.009474E+00
  3.208500E+03 -1.200082E+00
  3.209000E+03 -1.338980E+00
  3.209500E+03 -1.420684E+00
  3.210000E+03 -1.442308E+00
  3.210500E+03 -1.403574E+00
  3.211000E+03 -1.306717E+00
  3.211500E+03 -1.156289E+00
  3.212000E+03 -9.588664E-01
  3.212500E+03 -7.227061E-01
  3.213000E+03 -4.573350E-01
  3.213500E+03 -1.731180E-01
  3.214000E+03  1.191868E-01
  3.214500E+03  4.088654E-01
  3.215000E+03  6.856590E-01
  3.215500E+03  9.401346E-01
  3.216000E+03  1.164004E+00
  3.216500E+03  1.350380E+00
  3.217000E+03  1.493967E+00
  3.217500E+03  1.591175E+00
  3.218000E+03  1.640174E+00
  3.218500E+03  1.640867E+00
  3.219000E+03  1.594811E+00
  3.219500E+03  1.505074E+00
  3.220000E+03  1.376050E+00
  3.220500E+03  1.213235E+00
  3.221000E+03  1.022970E+00
  3.221500E+03  8.121757E-01
  3.222000E+03  5.880729E-01
  3.222500E+03  3.579115E-01
  3.223000E+03  1.287105E-01
  3.223500E+03 -9.297979E-02
  3.224000E+03 -3.012855E-01
  3.224500E+03 -4.911816E-01
  3.225000E+03 -6.586236E-01
  3.225500E+03 -8.006338E-01
  3.226000E+03 -9.153429E-01
  3.226500E+03 -1.001984E+00
  3.227000E+03 -1.060840E+00
  3.227500E+03 -1.093156E+00
  3.228000E+03 -1.101001E+00
  3.228500E+03 -1.087114E+00
  3.229000E+03 -1.054716E+00
  3.229500E+03 -1.007307E+00
  3.230000E+03 -9.484676E-01
  3.230500E+03 -8.816517E-01
  3.231000E+03 -8.100026E-01
  3.231500E+03 -7.361898E-01
  3.232000E+03 -6.622785E-01
  3.232500E+03 -5.896388E-01
  3.233000E+03 -5.189010E-01
  3.233500E+03 -4.499587E-01
  3.234000E+03 -3.820222E-01
  3.234500E+03 -3.137191E-01
  3.235000E+03 -2.432387E-01
  3.235500E+03 -1.685124E-01
  3.236000E+03 -8.742102E-02
  3.236500E+03  1.983302E-03
  3.237000E+03  1.012523E-01
  3.237500E+03  2.113289E-01
  3.238000E+03  3.323602E-01
  3.238500E+03  4.635492E-01
  3.239000E+03  6.030571E-01
  3.239500E+03  7.479660E-01
  3.240000E+03  8.943081E-01
  3.240500E+03  1.037165E+00
  3.241000E+03  1.170835E+00
  3.241500E+03  1.289067E+00
  3.242000E+03  1.385346E+00
  3.242500E+03  1.453225E+00
  3.243000E+03  1.486682E+00
  3.243500E+03  1.480485E+00
  3.244000E+03  1.430550E+00
  3.244500E+03  1.334260E+00
  3.245000E+03  1.190741E+00
  3.245500E+03  1.001064E+00
  3.246000E+03  7.683601E-01
  3.246500E+03  4.978426E-01
  3.247000E+03  1.967254E-01
  3.247500E+03 -1.259660E-01
  3.248000E+03 -4.596841E-01
  3.248500E+03 -7.927419E-01
  3.249000E+03 -1.112772E+00
  3.249500E+03 -1.407246E+00
  3.250000E+03 -1.664028E+00
  3.250500E+03 -1.871935E+00
  3.251000E+03 -2.021287E+00
  3.251500E+03 -2.104400E+00
  3.252000E+03 -2.116013E+00
  3.252500E+03 -2.053622E+00
  3.253000E+03 -1.917688E+00
  3.253500E+03 -1.711728E+00
  3.254000E+03 -1.442255E+00
  3.254500E+03 -1.118587E+00
  3.255000E+03 -7.525195E-01
  3.255500E+03 -3.578689E-01
  3.256000E+03  5.007946E-02
  3.256500E+03  4.552102E-01
  3.257000E+03  8.412665E-01
  3.257500E+03  1.192560E+00
  3.258000E+03  1.494670E+00
  3.258500E+03  1.735094E+00
  3.259000E+03  1.903824E+00
  3.259500E+03  1.993822E+00
  3.260000E+03  2.001360E+00
  3.260500E+03  1.926221E+00
  3.261000E+03  1.771739E+00
  3.261500E+03  1.544687E+00
  3.262000E+03  1.254998E+00
  3.262500E+03  9.153550E-01
  3.263000E+03  5.406421E-01
  3.263500E+03  1.473041E-01
  3.264000E+03 -2.473719E-01
  3.264500E+03 -6.260136E-01
  3.265000E+03 -9.719271E-01
  3.265500E+03 -1.269832E+00
  3.266000E+03 -1.506532E+00
  3.266500E+03 -1.671499E+00
  3.267000E+03 -1.757335E+00
  3.267500E+03 -1.760096E+00
  3.268000E+03 -1.679463E+00
  3.268500E+03 -1.518759E+00
  3.269000E+03 -1.284797E+00
  3.269500E+03 -9.875890E-01
  3.270000E+03 -6.399026E-01
  3.270500E+03 -2.567134E-01
  3.271000E+03  1.454432E-01
  3.271500E+03  5.491802E-01
  3.272000E+03  9.370008E-01
  3.272500E+03  1.292039E+00
  3.273000E+03  1.598769E+00
  3.273500E+03  1.843651E+00
  3.274000E+03  2.015688E+00
  3.274500E+03  2.106875E+00
  3.275000E+03  2.112511E+00
  3.275500E+03  2.031376E+00
  3.276000E+03  1.865765E+00
  3.276500E+03  1.621364E+00
  3.277000E+03  1.307005E+00
  3.277500E+03  9.342785E-01
  3.278000E+03  5.170544E-01
  3.278500E+03  7.090463E-02
  3.279000E+03 -3.875277E-01
  3.279500E+03 -8.411942E-01
  3.280000E+03 -1.273313E+00
  3.280500E+03 -1.668018E+00
  3.281000E+03 -2.010958E+00
  3.281500E+03 -2.289832E+00
  3.282000E+03 -2.494819E+00
  3.282500E+03 -2.618915E+00
  3.283000E+03 -2.658146E+00
  3.283500E+03 -2.611653E+00
  3.284000E+03 -2.481661E+00
  3.284500E+03 -2.273323E+00
  3.285000E+03 -1.994455E+00
  3.285500E+03 -1.655178E+00
  3.286000E+03 -1.267473E+00
  3.286500E+03 -8.446883E-01
  3.287000E+03 -4.010007E-01
  3.287500E+03  4.913145E-02
  3.288000E+03  4.915083E-01
  3.288500E+03  9.126969E-01
  3.289000E+03  1.300489E+00
  3.289500E+03  1.644289E+00
  3.290000E+03  1.935428E+00
  3.290500E+03  2.167376E+00
  3.291000E+03  2.335865E+00
  3.291500E+03  2.438918E+00
  3.292000E+03  2.476775E+00
  3.292500E+03  2.451743E+00
  3.293000E+03  2.367966E+00
  3.293500E+03  2.231136E+00
  3.294000E+03  2.048159E+00
  3.294500E+03  1.826797E+00
  3.295000E+03  1.575299E+00
  3.295500E+03  1.302041E+00
  3.296000E+03  1.015201E+00
  3.296500E+03  7.224593E-01
  3.297000E+03  4.307657E-01
  3.297500E+03  1.461602E-01
  3.298000E+03 -1.263393E-01
  3.298500E+03 -3.827818E-01
  3.299000E+03 -6.202650E-01
  3.299500E+03 -8.368578E-01
  3.300000E+03 -1.031476E+00
  3.300500E+03 -1.203718E+00
  3.301000E+03 -1.353683E+00
  3.301500E+03 -1.481770E+00
  3.302000E+03 -1.588493E+00
  3.302500E+03 -1.674307E+00
  3.303000E+03 -1.739466E+00
  3.303500E+03 -1.783928E+00
  3.304000E+03 -1.807296E+00
  3.304500E+03 -1.808818E+00
  3.305000E+03 -1.787436E+00
  3.305500E+03 -1.741882E+00
  3.306000E+03 -1.670816E+00
  3.306500E+03 -1.572991E+00
  3.307000E+03 -1.447445E+00
  3.307500E+03 -1.293692E+00
  3.308000E+03 -1.111909E+00
  3.308500E+03 -9.031039E-01
  3.309000E+03 -6.692401E-01
  3.309500E+03 -4.133235E-01
  3.310000E+03 -1.394303E-01
  3.310500E+03  1.473241E-01
  3.311000E+03  4.408790E-01
  3.311500E+03  7.343829E-01
  3.312000E+03  1.020404E+00
  3.312500E+03  1.291187E+00
  3.313000E+03  1.538946E+00
  3.313500E+03  1.756175E+00
  3.314000E+03  1.935972E+00
  3.314500E+03  2.072341E+00
  3.315000E+03  2.160475E+00
  3.315500E+03  2.196994E+00
  3.316000E+03  2.180125E+00
  3.316500E+03  2.109820E+00
  3.317000E+03  1.987794E+00
  3.317500E+03  1.817495E+00
  3.318000E+03  1.603989E+00
  3.318500E+03  1.353775E+00
  3.319000E+03  1.074542E+00
  3.319500E+03  7.748659E-01
  3.320000E+03  4.638742E-01
  3.320500E+03  1.508842E-01
  3.321000E+03 -1.549589E-01
  3.321500E+03 -4.450336E-01
  3.322000E+03 -7.115636E-01
  3.322500E+03 -9.478939E-01
  3.323000E+03 -1.148711E+00
  3.323500E+03 -1.310198E+00
  3.324000E+03 -1.430111E+00
  3.324500E+03 -1.507791E+00
  3.325000E+03 -1.544097E+00
  3.325500E+03 -1.541272E+00
  3.326000E+03 -1.502756E+00
  3.326500E+03 -1.432945E+00
  3.327000E+03 -1.336928E+00
  3.327500E+03 -1.220199E+00
  3.328000E+03 -1.088371E+00
  3.328500E+03 -9.469017E-01
  3.329000E+03 -8.008531E-01
  3.329500E+03 -6.546831E-01
  3.330000E+03 -5.120928E-01
  3.330500E+03 -3.759278E-01
  3.331000E+03 -2.481382E-01
  3.331500E+03 -1.297981E-01
  3.332000E+03 -2.117884E-02
  3.332500E+03  7.812861E-02
  3.333000E+03  1.690541E-01
  3.333500E+03  2.528615E-01
  3.334000E+03  3.309481E-01
  3.334500E+03  4.046444E-01
  3.335000E+03  4.750265E-01
  3.335500E+03  5.427545E-01
  3.336000E+03  6.079479E-01
  3.336500E+03  6.701050E-01
  3.337000E+03  7.280736E-01
  3.337500E+03  7.800759E-01
  3.338000E+03  8.237852E-01
  3.338500E+03  8.564527E-01
  3.339000E+03  8.750772E-01
  3.339500E+03  8.766076E-01
  3.340000E+03  8.581676E-01
  3.340500E+03  8.172890E-01
  3.341000E+03  7.521409E-01
  3.341500E+03  6.617384E-01
  3.342000E+03  5.461208E-01
  3.342500E+03  4.064840E-01
  3.343000E+03  2.452599E-01
  3.343500E+03  6.613321E-02
  3.344000E+03 -1.260068E-01
  3.344500E+03 -3.251826E-01
  3.345000E+03 -5.245089E-01
  3.345500E+03 -7.164326E-01
  3.346000E+03 -8.930229E-01
  3.346500E+03 -1.046300E+00
  3.347000E+03 -1.168590E+00
  3.347500E+03 -1.252886E+00
  3.348000E+03 -1.293204E+00
  3.348500E+03 -1.284913E+00
  3.349000E+03 -1.225026E+00
  3.349500E+03 -1.112434E+00
  3.350000E+03 -9.480695E-01
  3.350500E+03 -7.349913E-01
  3.351000E+03 -4.783863E-01
  3.351500E+03 -1.854762E-01
  3.352000E+03  1.346630E-01
  3.352500E+03  4.713680E-01
  3.353000E+03  8.127328E-01
  3.353500E+03  1.146020E+00
  3.354000E+03  1.458122E+00
  3.354500E+03  1.736059E+00
  3.355000E+03  1.967491E+00
  3.355500E+03  2.141221E+00
  3.356000E+03  2.247679E+00
  3.356500E+03  2.279355E+00
  3.357000E+03  2.231166E+00
  3.357500E+03  2.100743E+00
  3.358000E+03  1.888629E+00
  3.358500E+03  1.598358E+00
  3.359000E+03  1.236437E+00
  3.359500E+03  8.122030E-01
  3.360000E+03  3.375778E-01
  3.360500E+03 -1.732872E-01
  3.361000E+03 -7.044554E-01
  3.361500E+03 -1.238728E+00
  3.362000E+03 -1.758225E+00
  3.362500E+03 -2.245011E+00
  3.363000E+03 -2.681725E+00
  3.363500E+03 -3.052217E+00
  3.364000E+03 -3.342142E+00
  3.364500E+03 -3.539506E+00
  3.365000E+03 -3.635138E+00
  3.365500E+03 -3.623061E+00
  3.366000E+03 -3.500768E+00
  3.366500E+03 -3.269367E+00
  3.367000E+03 -2.933606E+00
  3.367500E+03 -2.501767E+00
  3.368000E+03 -1.985436E+00
  3.368500E+03 -1.399151E+00
  3.369000E+03 -7.599485E-01
  3.369500E+03 -8.681055E-02
  3.370000E+03  5.999548E-01
  3.370500E+03  1.279387E+00
  3.371000E+03  1.930576E+00
  3.371500E+03  2.533360E+00
  3.372000E+03  3.069013E+00
  3.372500E+03  3.520877E+00
  3.373000E+03  3.874926E+00
  3.373500E+03  4.120247E+00
  3.374000E+03  4.249401E+00
  3.374500E+03  4.258682E+00
  3.375000E+03  4.148230E+00
  3.375500E+03  3.922022E+00
  3.376000E+03  3.587722E+00
  3.376500E+03  3.156408E+00
  3.377000E+03  2.642180E+00
  3.377500E+03  2.061659E+00
  3.378000E+03  1.433406E+00
  3.378500E+03  7.772722E-01
  3.379000E+03  1.137105E-01
  3.379500E+03 -5.369335E-01
  3.380000E+03 -1.155117E+00
  3.380500E+03 -1.722763E+00
  3.381000E+03 -2.223860E+00
  3.381500E+03 -2.644988E+00
  3.382000E+03 -2.975735E+00
  3.382500E+03 -3.209007E+00
  3.383000E+03 -3.341204E+00
  3.383500E+03 -3.372270E+00
  3.384000E+03 -3.305605E+00
  3.384500E+03 -3.147858E+00
  3.385000E+03 -2.908588E+00
  3.385500E+03 -2.599833E+00
  3.386000E+03 -2.235588E+00
  3.386500E+03 -1.831214E+00
  3.387000E+03 -1.402816E+00
  3.387500E+03 -9.665992E-01
  3.388000E+03 -5.382410E-01
  3.388500E+03 -1.322970E-01
  3.389000E+03  2.383300E-01
  3.389500E+03  5.628411E-01
  3.390000E+03  8.328921E-01
  3.390500E+03  1.042835E+00
  3.391000E+03  1.189836E+00
  3.391500E+03  1.273879E+00
  3.392000E+03  1.297640E+00
  3.392500E+03  1.266258E+00
  3.393000E+03  1.187002E+00
  3.393500E+03  1.068861E+00
  3.394000E+03  9.220665E-01
  3.394500E+03  7.575798E-01
  3.395000E+03  5.865602E-01
  3.395500E+03  4.198441E-01
  3.396000E+03  2.674535E-01
  3.396500E+03  1.381576E-01
  3.397000E+03  3.910414E-02
  3.397500E+03 -2.446411E-02
  3.398000E+03 -4.939780E-02
  3.398500E+03 -3.472902E-02
  3.399000E+03  1.834240E-02
  3.399500E+03  1.065602E-01
  3.400000E+03  2.248124E-01
  3.400500E+03  3.664106E-01
  3.401000E+03  5.234307E-01
  3.401500E+03  6.871004E-01
  3.402000E+03  8.482130E-01
  3.402500E+03  9.975495E-01
  3.403000E+03  1.126290E+00
  3.403500E+03  1.226396E+00
  3.404000E+03  1.290955E+00
  3.404500E+03  1.314459E+00
  3.405000E+03  1.293029E+00
  3.405500E+03  1.224564E+00
  3.406000E+03  1.108811E+00
  3.406500E+03  9.473686E-01
  3.407000E+03  7.436165E-01
  3.407500E+03  5.025789E-01
  3.408000E+03  2.307339E-01
  3.408500E+03 -6.422529E-02
  3.409000E+03 -3.736650E-01
  3.409500E+03 -6.883117E-01
  3.410000E+03 -9.985652E-01
  3.410500E+03 -1.294816E+00
  3.411000E+03 -1.567756E+00
  3.411500E+03 -1.808671E+00
  3.412000E+03 -2.009713E+00
  3.412500E+03 -2.164140E+00
  3.413000E+03 -2.266518E+00
  3.413500E+03 -2.312890E+00
  3.414000E+03 -2.300892E+00
  3.414500E+03 -2.229834E+00
  3.415000E+03 -2.100728E+00
  3.415500E+03 -1.916269E+00
  3.416000E+03 -1.680779E+00
  3.416500E+03 -1.400089E+00
  3.417000E+03 -1.081399E+00
  3.417500E+03 -7.330737E-01
  3.418000E+03 -3.644256E-01
  3.418500E+03  1.455252E-02
  3.419000E+03  3.934705E-01
  3.419500E+03  7.618460E-01
  3.420000E+03  1.109420E+00
  3.420500E+03  1.426471E+00
  3.421000E+03  1.704128E+00
  3.421500E+03  1.934653E+00
  3.422000E+03  2.111705E+00
  3.422500E+03  2.230555E+00
  3.423000E+03  2.288261E+00
  3.423500E+03  2.283775E+00
  3.424000E+03  2.217994E+00
  3.424500E+03  2.093738E+00
  3.425000E+03  1.915663E+00
  3.425500E+03  1.690103E+00
  3.426000E+03  1.424845E+00
  3.426500E+03  1.128857E+00
  3.427000E+03  8.119592E-01
  3.427500E+03  4.844709E-01
  3.428000E+03  1.568323E-01
  3.428500E+03 -1.607744E-01
  3.429000E+03 -4.587908E-01
  3.429500E+03 -7.286207E-01
  3.430000E+03 -9.629241E-01
  3.430500E+03 -1.155856E+00
  3.431000E+03 -1.303240E+00
  3.431500E+03 -1.402667E+00
  3.432000E+03 -1.453522E+00
  3.432500E+03 -1.456931E+00
  3.433000E+03 -1.415642E+00
  3.433500E+03 -1.333839E+00
  3.434000E+03 -1.216905E+00
  3.434500E+03 -1.071147E+00
  3.435000E+03 -9.034927E-01
  3.435500E+03 -7.211851E-01
  3.436000E+03 -5.314744E-01
  3.436500E+03 -3.413368E-01
  3.437000E+03 -1.572242E-01
  3.437500E+03  1.514355E-02
  3.438000E+03  1.709363E-01
  3.438500E+03  3.063173E-01
  3.439000E+03  4.184930E-01
  3.439500E+03  5.057116E-01
  3.440000E+03  5.672154E-01
  3.440500E+03  6.031558E-01
  3.441000E+03  6.144788E-01
  3.441500E+03  6.027929E-01
  3.442000E+03  5.702294E-01
  3.442500E+03  5.193038E-01
  3.443000E+03  4.527884E-01
  3.443500E+03  3.736011E-01
  3.444000E+03  2.847157E-01
  3.444500E+03  1.890953E-01
  3.445000E+03  8.964725E-02
  3.445500E+03 -1.080146E-02
  3.446000E+03 -1.095148E-01
  3.446500E+03 -2.038489E-01
  3.447000E+03 -2.912516E-01
  3.447500E+03 -3.692659E-01
  3.448000E+03 -4.355432E-01
  3.448500E+03 -4.878727E-01
  3.449000E+03 -5.242261E-01
  3.449500E+03 -5.428217E-01
  3.450000E+03 -5.422039E-01
  3.450500E+03 -5.213341E-01
  3.451000E+03 -4.796877E-01
  3.451500E+03 -4.173488E-01
  3.452000E+03 -3.350931E-01
  3.452500E+03 -2.344517E-01
  3.453000E+03 -1.177449E-01
  3.453500E+03  1.191962E-02
  3.454000E+03  1.506910E-01
  3.454500E+03  2.940641E-01
  3.455000E+03  4.370128E-01
  3.455500E+03  5.741659E-01
  3.456000E+03  7.000174E-01
  3.456500E+03  8.091635E-01
  3.457000E+03  8.965535E-01
  3.457500E+03  9.577416E-01
  3.458000E+03  9.891251E-01
  3.458500E+03  9.881541E-01
  3.459000E+03  9.534999E-01
  3.459500E+03  8.851694E-01
  3.460000E+03  7.845576E-01
  3.460500E+03  6.544316E-01
  3.461000E+03  4.988459E-01
  3.461500E+03  3.229896E-01
  3.462000E+03  1.329737E-01
  3.462500E+03 -6.443189E-02
  3.463000E+03 -2.620983E-01
  3.463500E+03 -4.528584E-01
  3.464000E+03 -6.298307E-01
  3.464500E+03 -7.867297E-01
  3.465000E+03 -9.181440E-01
  3.465500E+03 -1.019769E+00
  3.466000E+03 -1.088580E+00
  3.466500E+03 -1.122938E+00
  3.467000E+03 -1.122623E+00
  3.467500E+03 -1.088792E+00
  3.468000E+03 -1.023872E+00
  3.468500E+03 -9.313891E-01
  3.469000E+03 -8.157482E-01
  3.469500E+03 -6.819775E-01
  3.470000E+03 -5.354548E-01
  3.470500E+03 -3.816309E-01
  3.471000E+03 -2.257671E-01
  3.471500E+03 -7.270260E-02
  3.472000E+03  7.333664E-02
  3.472500E+03  2.088774E-01
  3.473000E+03  3.312816E-01
  3.473500E+03  4.387689E-01
  3.474000E+03  5.303840E-01
  3.474500E+03  6.059123E-01
  3.475000E+03  6.657544E-01
  3.475500E+03  7.107718E-01
  3.476000E+03  7.421159E-01
  3.476500E+03  7.610561E-01
  3.477000E+03  7.688192E-01
  3.477500E+03  7.664539E-01
  3.478000E+03  7.547290E-01
  3.478500E+03  7.340742E-01
  3.479000E+03  7.045657E-01
  3.479500E+03  6.659582E-01
  3.480000E+03  6.177588E-01
  3.480500E+03  5.593362E-01
  3.481000E+03  4.900566E-01
  3.481500E+03  4.094336E-01
  3.482000E+03  3.172794E-01
  3.482500E+03  2.138459E-01
  3.483000E+03  9.994022E-02
  3.483500E+03 -2.299212E-02
  3.484000E+03 -1.528285E-01
  3.484500E+03 -2.867780E-01
  3.485000E+03 -4.214401E-01
  3.485500E+03 -5.529128E-01
  3.486000E+03 -6.769436E-01
  3.486500E+03 -7.891171E-01
  3.487000E+03 -8.850666E-01
  3.487500E+03 -9.606989E-01
  3.488000E+03 -1.012417E+00
  3.488500E+03 -1.037329E+00
  3.489000E+03 -1.033429E+00
  3.489500E+03 -9.997350E-01
  3.490000E+03 -9.363859E-01
  3.490500E+03 -8.446759E-01
  3.491000E+03 -7.270356E-01
  3.491500E+03 -5.869541E-01
  3.492000E+03 -4.288482E-01
  3.492500E+03 -2.578840E-01
  3.493000E+03 -7.976104E-02
  3.493500E+03  9.952897E-02
  3.494000E+03  2.739580E-01
  3.494500E+03  4.377172E-01
  3.495000E+03  5.854602E-01
  3.495500E+03  7.125215E-01
  3.496000E+03  8.151011E-01
  3.496500E+03  8.904051E-01
  3.497000E+03  9.367396E-01
  3.497500E+03  9.535516E-01
  3.498000E+03  9.414201E-01
  3.498500E+03  9.019975E-01
  3.499000E+03  8.379073E-01
  3.499500E+03  7.526038E-01
  3.500000E+03  6.502032E-01
  3.500500E+03  5.352931E-01
  3.501000E+03  4.127324E-01
  3.501500E+03  2.874472E-01
  3.502000E+03  1.642351E-01
  3.502500E+03  4.758209E-02
  3.503000E+03 -5.849899E-02
  3.503500E+03 -1.506056E-01
  3.504000E+03 -2.260529E-01
  3.504500E+03 -2.829509E-01
  3.505000E+03 -3.202493E-01
  3.505500E+03 -3.377515E-01
  3.506000E+03 -3.360983E-01
  3.506500E+03 -3.167238E-01
  3.507000E+03 -2.817865E-01
  3.507500E+03 -2.340771E-01
  3.508000E+03 -1.769087E-01
  3.508500E+03 -1.139907E-01
  3.509000E+03 -4.929044E-02
  3.509500E+03  1.311301E-02
  3.510000E+03  6.918032E-02
  3.510500E+03  1.150642E-01
  3.511000E+03  1.472589E-01
  3.511500E+03  1.627423E-01
  3.512000E+03  1.591072E-01
  3.512500E+03  1.346765E-01
  3.513000E+03  8.859860E-02
  3.513500E+03  2.091872E-02
  3.514000E+03 -6.737800E-02
  3.514500E+03 -1.743542E-01
  3.515000E+03 -2.971415E-01
  3.515500E+03 -4.319971E-01
  3.516000E+03 -5.743947E-01
  3.516500E+03 -7.191493E-01
  3.517000E+03 -8.605737E-01
  3.517500E+03 -9.926607E-01
  3.518000E+03 -1.109288E+00
  3.518500E+03 -1.204435E+00
  3.519000E+03 -1.272410E+00
  3.519500E+03 -1.308072E+00
  3.520000E+03 -1.307045E+00
  3.520500E+03 -1.265910E+00
  3.521000E+03 -1.182375E+00
  3.521500E+03 -1.055404E+00
  3.522000E+03 -8.853161E-01
  3.522500E+03 -6.738323E-01
  3.523000E+03 -4.240807E-01
  3.523500E+03 -1.405551E-01
  3.524000E+03  1.709715E-01
  3.524500E+03  5.035756E-01
  3.525000E+03  8.493479E-01
  3.525500E+03  1.199591E+00
  3.526000E+03  1.545040E+00
  3.526500E+03  1.876104E+00
  3.527000E+03  2.183115E+00
  3.527500E+03  2.456583E+00
  3.528000E+03  2.687445E+00
  3.528500E+03  2.867317E+00
  3.529000E+03  2.988716E+00
  3.529500E+03  3.045281E+00
  3.530000E+03  3.031961E+00
  3.530500E+03  2.945196E+00
  3.531000E+03  2.783052E+00
  3.531500E+03  2.545347E+00
  3.532000E+03  2.233741E+00
  3.532500E+03  1.851786E+00
  3.533000E+03  1.404954E+00
  3.533500E+03  9.006193E-01
  3.534000E+03  3.479971E-01
  3.534500E+03 -2.419580E-01
  3.535000E+03 -8.567069E-01
  3.535500E+03 -1.482331E+00
  3.536000E+03 -2.103794E+00
  3.536500E+03 -2.705250E+00
  3.537000E+03 -3.270416E+00
  3.537500E+03 -3.782982E+00
  3.538000E+03 -4.227064E+00
  3.538500E+03 -4.587692E+00
  3.539000E+03 -4.851308E+00
  3.539500E+03 -5.006272E+00
  3.540000E+03 -5.043339E+00
  3.540500E+03 -4.956114E+00
  3.541000E+03 -4.741434E+00
  3.541500E+03 -4.399676E+00
  3.542000E+03 -3.934960E+00
  3.542500E+03 -3.355245E+00
  3.543000E+03 -2.672282E+00
  3.543500E+03 -1.901433E+00
  3.544000E+03 -1.061349E+00
  3.544500E+03 -1.734991E-01
  3.545000E+03  7.384184E-01
  3.545500E+03  1.649191E+00
  3.546000E+03  2.532890E+00
  3.546500E+03  3.363740E+00
  3.547000E+03  4.117007E+00
  3.547500E+03  4.769892E+00
  3.548000E+03  5.302376E+00
  3.548500E+03  5.697984E+00
  3.549000E+03  5.944435E+00
  3.549500E+03  6.034141E+00
  3.550000E+03  5.964542E+00
  3.550500E+03  5.738236E+00
  3.551000E+03  5.362924E+00
  3.551500E+03  4.851139E+00
  3.552000E+03  4.219790E+00
  3.552500E+03  3.489525E+00
  3.553000E+03  2.683949E+00
  3.553500E+03  1.828719E+00
  3.554000E+03  9.505662E-01
  3.554500E+03  7.627930E-02
  3.555000E+03 -7.682974E-01
  3.555500E+03 -1.559215E+00
  3.556000E+03 -2.275272E+00
  3.556500E+03 -2.898735E+00
  3.557000E+03 -3.415895E+00
  3.557500E+03 -3.817434E+00
  3.558000E+03 -4.098599E+00
  3.558500E+03 -4.259165E+00
  3.559000E+03 -4.303210E+00
  3.559500E+03 -4.238703E+00
  3.560000E+03 -4.076940E+00
  3.560500E+03 -3.831857E+00
  3.561000E+03 -3.519253E+00
  3.561500E+03 -3.155973E+00
  3.562000E+03 -2.759079E+00
  3.562500E+03 -2.345063E+00
  3.563000E+03 -1.929136E+00
  3.563500E+03 -1.524621E+00
  3.564000E+03 -1.142481E+00
  3.564500E+03 -7.909965E-01
  3.565000E+03 -4.756135E-01
  3.565500E+03 -1.989431E-01
  3.566000E+03  3.907569E-02
  3.566500E+03  2.408772E-01
  3.567000E+03  4.108537E-01
  3.567500E+03  5.548513E-01
  3.568000E+03  6.796109E-01
  3.568500E+03  7.921865E-01
  3.569000E+03  8.993772E-01
  3.569500E+03  1.007203E+00
  3.570000E+03  1.120454E+00
  3.570500E+03  1.242341E+00
  3.571000E+03  1.374252E+00
  3.571500E+03  1.515645E+00
  3.572000E+03  1.664062E+00
  3.572500E+03  1.815270E+00
  3.573000E+03  1.963514E+00
  3.573500E+03  2.101868E+00
  3.574000E+03  2.222660E+00
  3.574500E+03  2.317943E+00
  3.575000E+03  2.379985E+00
  3.575500E+03  2.401762E+00
  3.576000E+03  2.377398E+00
  3.576500E+03  2.302563E+00
  3.577000E+03  2.174778E+00
  3.577500E+03  1.993627E+00
  3.578000E+03  1.760867E+00
  3.578500E+03  1.480416E+00
  3.579000E+03  1.158238E+00
  3.579500E+03  8.021265E-01
  3.580000E+03  4.213897E-01
  3.580500E+03  2.647038E-02
  3.581000E+03 -3.714908E-01
  3.581500E+03 -7.611215E-01
  3.582000E+03 -1.131291E+00
  3.582500E+03 -1.471565E+00
  3.583000E+03 -1.772626E+00
  3.583500E+03 -2.026630E+00
  3.584000E+03 -2.227496E+00
  3.584500E+03 -2.371107E+00
  3.585000E+03 -2.455418E+00
  3.585500E+03 -2.480474E+00
  3.586000E+03 -2.448332E+00
  3.586500E+03 -2.362900E+00
  3.587000E+03 -2.229703E+00
  3.587500E+03 -2.055584E+00
  3.588000E+03 -1.848367E+00
  3.588500E+03 -1.616488E+00
  3.589000E+03 -1.368621E+00
  3.589500E+03 -1.113313E+00
  3.590000E+03 -8.586400E-01
  3.590500E+03 -6.119089E-01
  3.591000E+03 -3.794063E-01
  3.591500E+03 -1.662089E-01
  3.592000E+03  2.394021E-02
  3.592500E+03  1.886888E-01
  3.593000E+03  3.270663E-01
  3.593500E+03  4.394128E-01
  3.594000E+03  5.272525E-01
  3.594500E+03  5.931218E-01
  3.595000E+03  6.403607E-01
  3.595500E+03  6.728808E-01
  3.596000E+03  6.949197E-01
  3.596500E+03  7.107948E-01
  3.597000E+03  7.246663E-01
  3.597500E+03  7.403191E-01
  3.598000E+03  7.609722E-01
  3.598500E+03  7.891218E-01
  3.599000E+03  8.264216E-01
  3.599500E+03  8.736055E-01
  3.600000E+03  9.304514E-01
  3.600500E+03  9.957869E-01
  3.601000E+03  1.067534E+00
  3.601500E+03  1.142794E+00
  3.602000E+03  1.217955E+00
  3.602500E+03  1.288844E+00
  3.603000E+03  1.350884E+00
  3.603500E+03  1.399280E+00
  3.604000E+03  1.429214E+00
  3.604500E+03  1.436043E+00
  3.605000E+03  1.415502E+00
  3.605500E+03  1.363895E+00
  3.606000E+03  1.278287E+00
  3.606500E+03  1.156665E+00
  3.607000E+03  9.980861E-01
  3.607500E+03  8.027996E-01
  3.608000E+03  5.723300E-01
  3.608500E+03  3.095289E-01
  3.609000E+03  1.858407E-02
  3.609500E+03 -2.950169E-01
  3.610000E+03 -6.245682E-01
  3.610500E+03 -9.622769E-01
  3.611000E+03 -1.299441E+00
  3.611500E+03 -1.626674E+00
  3.612000E+03 -1.934173E+00
  3.612500E+03 -2.212014E+00
  3.613000E+03 -2.450494E+00
  3.613500E+03 -2.640468E+00
  3.614000E+03 -2.773708E+00
  3.614500E+03 -2.843252E+00
  3.615000E+03 -2.843729E+00
  3.615500E+03 -2.771647E+00
  3.616000E+03 -2.625637E+00
  3.616500E+03 -2.406629E+00
  3.617000E+03 -2.117950E+00
  3.617500E+03 -1.765344E+00
  3.618000E+03 -1.356898E+00
  3.618500E+03 -9.028666E-01
  3.619000E+03 -4.154182E-01
  3.619500E+03  9.171953E-02
  3.620000E+03  6.036849E-01
  3.620500E+03  1.104973E+00
  3.621000E+03  1.579976E+00
  3.621500E+03  2.013543E+00
  3.622000E+03  2.391552E+00
  3.622500E+03  2.701458E+00
  3.623000E+03  2.932796E+00
  3.623500E+03  3.077616E+00
  3.624000E+03  3.130841E+00
  3.624500E+03  3.090505E+00
  3.625000E+03  2.957884E+00
  3.625500E+03  2.737495E+00
  3.626000E+03  2.436967E+00
  3.626500E+03  2.066787E+00
  3.627000E+03  1.639923E+00
  3.627500E+03  1.171348E+00
  3.628000E+03  6.774797E-01
  3.628500E+03  1.755506E-01
  3.629000E+03 -3.170477E-01
  3.629500E+03 -7.834347E-01
  3.630000E+03 -1.207888E+00
  3.630500E+03 -1.576442E+00
  3.631000E+03 -1.877414E+00
  3.631500E+03 -2.101834E+00
  3.632000E+03 -2.243758E+00
  3.632500E+03 -2.300463E+00
  3.633000E+03 -2.272495E+00
  3.633500E+03 -2.163600E+00
  3.634000E+03 -1.980510E+00
  3.634500E+03 -1.732623E+00
  3.635000E+03 -1.431574E+00
  3.635500E+03 -1.090724E+00
  3.636000E+03 -7.245926E-01
  3.636500E+03 -3.482569E-01
  3.637000E+03  2.326210E-02
  3.637500E+03  3.755895E-01
  3.638000E+03  6.955468E-01
  3.638500E+03  9.716382E-01
  3.639000E+03  1.194454E+00
  3.639500E+03  1.356977E+00
  3.640000E+03  1.454787E+00
  3.640500E+03  1.486151E+00
  3.641000E+03  1.452004E+00
  3.641500E+03  1.355829E+00
  3.642000E+03  1.203434E+00
  3.642500E+03  1.002654E+00
  3.643000E+03  7.629766E-01
  3.643500E+03  4.951221E-01
  3.644000E+03  2.105906E-01
  3.644500E+03 -7.880427E-02
  3.645000E+03 -3.613967E-01
  3.645500E+03 -6.261068E-01
  3.646000E+03 -8.628400E-01
  3.646500E+03 -1.062836E+00
  3.647000E+03 -1.218955E+00
  3.647500E+03 -1.325891E+00
  3.648000E+03 -1.380317E+00
  3.648500E+03 -1.380947E+00
  3.649000E+03 -1.328521E+00
  3.649500E+03 -1.225726E+00
  3.650000E+03 -1.077039E+00
  3.650500E+03 -8.885183E-01
  3.651000E+03 -6.675437E-01
  3.651500E+03 -4.225147E-01
  3.652000E+03 -1.625243E-01
  3.652500E+03  1.029839E-01
  3.653000E+03  3.645624E-01
  3.653500E+03  6.130963E-01
  3.654000E+03  8.401212E-01
  3.654500E+03  1.038109E+00
  3.655000E+03  1.200715E+00
  3.655500E+03  1.322976E+00
  3.656000E+03  1.401453E+00
  3.656500E+03  1.434319E+00
  3.657000E+03  1.421386E+00
  3.657500E+03  1.364063E+00
  3.658000E+03  1.265269E+00
  3.658500E+03  1.129282E+00
  3.659000E+03  9.615463E-01
  3.659500E+03  7.684337E-01
  3.660000E+03  5.569844E-01
  3.660500E+03  3.346223E-01
  3.661000E+03  1.088677E-01
  3.661500E+03 -1.129467E-01
  3.662000E+03 -3.239413E-01
  3.662500E+03 -5.179277E-01
  3.663000E+03 -6.896089E-01
  3.663500E+03 -8.347345E-01
  3.664000E+03 -9.502050E-01
  3.664500E+03 -1.034122E+00
  3.665000E+03 -1.085785E+00
  3.665500E+03 -1.105633E+00
  3.666000E+03 -1.095148E+00
  3.666500E+03 -1.056703E+00
  3.667000E+03 -9.933985E-01
  3.667500E+03 -9.088616E-01
  3.668000E+03 -8.070472E-01
  3.668500E+03 -6.920365E-01
  3.669000E+03 -5.678507E-01
  3.669500E+03 -4.382872E-01
  3.670000E+03 -3.067876E-01
  3.670500E+03 -1.763417E-01
  3.671000E+03 -4.943320E-02
  3.671500E+03  7.197465E-02
  3.672000E+03  1.864144E-01
  3.672500E+03  2.928553E-01
  3.673000E+03  3.906175E-01
  3.673500E+03  4.792669E-01
  3.674000E+03  5.585026E-01
  3.674500E+03  6.280445E-01
  3.675000E+03  6.875333E-01
  3.675500E+03  7.364518E-01
  3.676000E+03  7.740734E-01
  3.676500E+03  7.994459E-01
  3.677000E+03  8.114105E-01
  3.677500E+03  8.086595E-01
  3.678000E+03  7.898268E-01
  3.678500E+03  7.536079E-01
  3.679000E+03  6.989008E-01
  3.679500E+03  6.249585E-01
  3.680000E+03  5.315404E-01
  3.680500E+03  4.190538E-01
  3.681000E+03  2.886708E-01
  3.681500E+03  1.424120E-01
  3.682000E+03 -1.681240E-02
  3.682500E+03 -1.852120E-01
  3.683000E+03 -3.581783E-01
  3.683500E+03 -5.304013E-01
  3.684000E+03 -6.960386E-01
  3.684500E+03 -8.489292E-01
  3.685000E+03 -9.828463E-01
  3.685500E+03 -1.091774E+00
  3.686000E+03 -1.170200E+00
  3.686500E+03 -1.213399E+00
  3.687000E+03 -1.217707E+00
  3.687500E+03 -1.180757E+00
  3.688000E+03 -1.101668E+00
  3.688500E+03 -9.811831E-01
  3.689000E+03 -8.217260E-01
  3.689500E+03 -6.273971E-01
  3.690000E+03 -4.038843E-01
  3.690500E+03 -1.583005E-01
  3.691000E+03  1.010505E-01
  3.691500E+03  3.649704E-01
  3.692000E+03  6.237155E-01
  3.692500E+03  8.673813E-01
  3.693000E+03  1.086310E+00
  3.693500E+03  1.271499E+00
  3.694000E+03  1.414996E+00
  3.694500E+03  1.510262E+00
  3.695000E+03  1.552485E+00
  3.695500E+03  1.538825E+00
  3.696000E+03  1.468589E+00
  3.696500E+03  1.343318E+00
  3.697000E+03  1.166777E+00
  3.697500E+03  9.448644E-01
  3.698000E+03  6.854133E-01
  3.698500E+03  3.979226E-01
  3.699000E+03  9.320279E-02
  3.699500E+03 -2.170376E-01
  3.700000E+03 -5.206533E-01
  3.700500E+03 -8.055525E-01
  3.701000E+03 -1.060197E+00
  3.701500E+03 -1.274088E+00
  3.702000E+03 -1.438228E+00
  3.702500E+03 -1.545519E+00
  3.703000E+03 -1.591104E+00
  3.703500E+03 -1.572609E+00
  3.704000E+03 -1.490302E+00
  3.704500E+03 -1.347129E+00
  3.705000E+03 -1.148649E+00
  3.705500E+03 -9.028517E-01
  3.706000E+03 -6.198660E-01
  3.706500E+03 -3.115718E-01
  3.707000E+03  8.875192E-03
  3.707500E+03  3.275860E-01
  3.708000E+03  6.305272E-01
  3.708500E+03  9.041315E-01
  3.709000E+03  1.135905E+00
  3.709500E+03  1.315004E+00
  3.710000E+03  1.432753E+00
  3.710500E+03  1.483082E+00
  3.711000E+03  1.462859E+00
  3.711500E+03  1.372097E+00
  3.712000E+03  1.214034E+00
  3.712500E+03  9.950538E-01
  3.713000E+03  7.244766E-01
  3.713500E+03  4.141996E-01
  3.714000E+03  7.821410E-02
  3.714500E+03 -2.679885E-01
  3.715000E+03 -6.080965E-01
  3.715500E+03 -9.257133E-01
  3.716000E+03 -1.205118E+00
  3.716500E+03 -1.432012E+00
  3.717000E+03 -1.594224E+00
  3.717500E+03 -1.682328E+00
  3.718000E+03 -1.690153E+00
  3.718500E+03 -1.615150E+00
  3.719000E+03 -1.458599E+00
  3.719500E+03 -1.225644E+00
  3.720000E+03 -9.251378E-01
  3.720500E+03 -5.693204E-01
  3.721000E+03 -1.733205E-01
  3.721500E+03  2.454850E-01
  3.722000E+03  6.682335E-01
  3.722500E+03  1.075425E+00
  3.723000E+03  1.447816E+00
  3.723500E+03  1.767325E+00
  3.724000E+03  2.017890E+00
  3.724500E+03  2.186260E+00
  3.725000E+03  2.262657E+00
  3.725500E+03  2.241294E+00
  3.726000E+03  2.120712E+00
  3.726500E+03  1.903921E+00
  3.727000E+03  1.598334E+00
  3.727500E+03  1.215495E+00
  3.728000E+03  7.706169E-01
  3.728500E+03  2.819392E-01
  3.729000E+03 -2.300601E-01
  3.729500E+03 -7.435607E-01
  3.730000E+03 -1.236368E+00
  3.730500E+03 -1.686903E+00
  3.731000E+03 -2.075177E+00
  3.731500E+03 -2.383693E+00
  3.732000E+03 -2.598242E+00
  3.732500E+03 -2.708554E+00
  3.733000E+03 -2.708775E+00
  3.733500E+03 -2.597746E+00
  3.734000E+03 -2.379067E+00
  3.734500E+03 -2.060963E+00
  3.735000E+03 -1.655926E+00
  3.735500E+03 -1.180186E+00
  3.736000E+03 -6.530084E-01
  3.736500E+03 -9.586438E-02
  3.737000E+03  4.684927E-01
  3.737500E+03  1.017001E+00
  3.738000E+03  1.527272E+00
  3.738500E+03  1.978533E+00
  3.739000E+03  2.352499E+00
  3.739500E+03  2.634124E+00
  3.740000E+03  2.812205E+00
  3.740500E+03  2.879824E+00
  3.741000E+03  2.834595E+00
  3.741500E+03  2.678720E+00
  3.742000E+03  2.418848E+00
  3.742500E+03  2.065753E+00
  3.743000E+03  1.633841E+00
  3.743500E+03  1.140515E+00
  3.744000E+03  6.054214E-01
  3.744500E+03  4.962266E-02
  3.745000E+03 -5.052789E-01
  3.745500E+03 -1.038022E+00
  3.746000E+03 -1.528533E+00
  3.746500E+03 -1.958716E+00
  3.747000E+03 -2.313131E+00
  3.747500E+03 -2.579560E+00
  3.748000E+03 -2.749428E+00
  3.748500E+03 -2.818054E+00
  3.749000E+03 -2.784755E+00
  3.749500E+03 -2.652767E+00
  3.750000E+03 -2.429018E+00
  3.750500E+03 -2.123755E+00
  3.751000E+03 -1.750040E+00
  3.751500E+03 -1.323156E+00
  3.752000E+03 -8.599259E-01
  3.752500E+03 -3.780016E-01
  3.753000E+03  1.048667E-01
  3.753500E+03  5.715381E-01
  3.754000E+03  1.006139E+00
  3.754500E+03  1.394645E+00
  3.755000E+03  1.725368E+00
  3.755500E+03  1.989316E+00
  3.756000E+03  2.180440E+00
  3.756500E+03  2.295730E+00
  3.757000E+03  2.335189E+00
  3.757500E+03  2.301668E+00
  3.758000E+03  2.200592E+00
  3.758500E+03  2.039584E+00
  3.759000E+03  1.828007E+00
  3.759500E+03  1.576460E+00
  3.760000E+03  1.296234E+00
  3.760500E+03  9.987789E-01
  3.761000E+03  6.951887E-01
  3.761500E+03  3.957365E-01
  3.762000E+03  1.094800E-01
  3.762500E+03 -1.560463E-01
  3.763000E+03 -3.950421E-01
  3.763500E+03 -6.035461E-01
  3.764000E+03 -7.794377E-01
  3.764500E+03 -9.223379E-01
  3.765000E+03 -1.033421E+00
  3.765500E+03 -1.115154E+00
  3.766000E+03 -1.170974E+00
  3.766500E+03 -1.204943E+00
  3.767000E+03 -1.221376E+00
  3.767500E+03 -1.224491E+00
  3.768000E+03 -1.218088E+00
  3.768500E+03 -1.205276E+00
  3.769000E+03 -1.188269E+00
  3.769500E+03 -1.168255E+00
  3.770000E+03 -1.145354E+00
  3.770500E+03 -1.118656E+00
  3.771000E+03 -1.086332E+00
  3.771500E+03 -1.045829E+00
  3.772000E+03 -9.941061E-01
  3.772500E+03 -9.279213E-01
  3.773000E+03 -8.441326E-01
  3.773500E+03 -7.400023E-01
  3.774000E+03 -6.134820E-01
  3.774500E+03 -4.634602E-01
  3.775000E+03 -2.899565E-01
  3.775500E+03 -9.425092E-02
  3.776000E+03  1.210605E-01
  3.776500E+03  3.520877E-01
  3.777000E+03  5.937434E-01
  3.777500E+03  8.399123E-01
  3.778000E+03  1.083679E+00
  3.778500E+03  1.317605E+00
  3.779000E+03  1.534040E+00
  3.779500E+03  1.725442E+00
  3.780000E+03  1.884705E+00
  3.780500E+03  2.005462E+00
  3.781000E+03  2.082355E+00
  3.781500E+03  2.111266E+00
  3.782000E+03  2.089480E+00
  3.782500E+03  2.015806E+00
  3.783000E+03  1.890617E+00
  3.783500E+03  1.715839E+00
  3.784000E+03  1.494883E+00
  3.784500E+03  1.232523E+00
  3.785000E+03  9.347353E-01
  3.785500E+03  6.085085E-01
  3.786000E+03  2.616300E-01
  3.786500E+03 -9.753484E-02
  3.787000E+03 -4.602677E-01
  3.787500E+03 -8.177151E-01
  3.788000E+03 -1.161097E+00
  3.788500E+03 -1.481901E+00
  3.789000E+03 -1.772060E+00
  3.789500E+03 -2.024121E+00
  3.790000E+03 -2.231393E+00
  3.790500E+03 -2.388089E+00
  3.791000E+03 -2.489460E+00
  3.791500E+03 -2.531916E+00
  3.792000E+03 -2.513146E+00
  3.792500E+03 -2.432223E+00
  3.793000E+03 -2.289704E+00
  3.793500E+03 -2.087703E+00
  3.794000E+03 -1.829944E+00
  3.794500E+03 -1.521781E+00
  3.795000E+03 -1.170177E+00
  3.795500E+03 -7.836251E-01
  3.796000E+03 -3.720203E-01
  3.796500E+03  5.353927E-02
  3.797000E+03  4.810143E-01
  3.797500E+03  8.977519E-01
  3.798000E+03  1.290874E+00
  3.798500E+03  1.647712E+00
  3.799000E+03  1.956281E+00
  3.799500E+03  2.205768E+00
  3.800000E+03  2.387011E+00
  3.800500E+03  2.492956E+00
  3.801000E+03  2.519049E+00
  3.801500E+03  2.463556E+00
  3.802000E+03  2.327775E+00
  3.802500E+03  2.116123E+00
  3.803000E+03  1.836095E+00
  3.803500E+03  1.498072E+00
  3.804000E+03  1.114986E+00
  3.804500E+03  7.018490E-01
  3.805000E+03  2.751650E-01
  3.805500E+03 -1.477622E-01
  3.806000E+03 -5.495838E-01
  3.806500E+03 -9.136944E-01
  3.807000E+03 -1.225014E+00
  3.807500E+03 -1.470722E+00
  3.808000E+03 -1.640909E+00
  3.808500E+03 -1.729097E+00
  3.809000E+03 -1.732615E+00
  3.809500E+03 -1.652789E+00
  3.810000E+03 -1.494942E+00
  3.810500E+03 -1.268193E+00
  3.811000E+03 -9.850609E-01
  3.811500E+03 -6.608941E-01
  3.812000E+03 -3.131408E-01
  3.812500E+03  3.949430E-02
  3.813000E+03  3.779721E-01
  3.813500E+03  6.838724E-01
  3.814000E+03  9.403285E-01
  3.814500E+03  1.132896E+00
  3.815000E+03  1.250311E+00
  3.815500E+03  1.285090E+00
  3.816000E+03  1.233955E+00
  3.816500E+03  1.098044E+00
  3.817000E+03  8.828972E-01
  3.817500E+03  5.982351E-01
  3.818000E+03  2.575130E-01
  3.818500E+03 -1.227061E-01
  3.819000E+03 -5.235381E-01
  3.819500E+03 -9.246828E-01
  3.820000E+03 -1.305401E+00
  3.820500E+03 -1.645518E+00
  3.821000E+03 -1.926394E+00
  3.821500E+03 -2.131836E+00
  3.822000E+03 -2.248874E+00
  3.822500E+03 -2.268401E+00
  3.823000E+03 -2.185615E+00
  3.823500E+03 -2.000271E+00
  3.824000E+03 -1.716713E+00
  3.824500E+03 -1.343704E+00
  3.825000E+03 -8.940478E-01
  3.825500E+03 -3.840437E-01
  3.826000E+03  1.672126E-01
  3.826500E+03  7.386412E-01
  3.827000E+03  1.308064E+00
  3.827500E+03  1.853125E+00
  3.828000E+03  2.352202E+00
  3.828500E+03  2.785272E+00
  3.829000E+03  3.134695E+00
  3.829500E+03  3.385888E+00
  3.830000E+03  3.527856E+00
  3.830500E+03  3.553580E+00
  3.831000E+03  3.460237E+00
  3.831500E+03  3.249258E+00
  3.832000E+03  2.926231E+00
  3.832500E+03  2.500648E+00
  3.833000E+03  1.985527E+00
  3.833500E+03  1.396920E+00
  3.834000E+03  7.533294E-01
  3.834500E+03  7.506123E-02
  3.835000E+03 -6.164661E-01
  3.835500E+03 -1.299426E+00
  3.836000E+03 -1.952287E+00
  3.836500E+03 -2.554483E+00
  3.837000E+03 -3.087048E+00
  3.837500E+03 -3.533179E+00
  3.838000E+03 -3.878738E+00
  3.838500E+03 -4.112657E+00
  3.839000E+03 -4.227258E+00
  3.839500E+03 -4.218470E+00
  3.840000E+03 -4.085949E+00
  3.840500E+03 -3.833087E+00
  3.841000E+03 -3.466917E+00
  3.841500E+03 -2.997921E+00
  3.842000E+03 -2.439733E+00
  3.842500E+03 -1.808751E+00
  3.843000E+03 -1.123660E+00
  3.843500E+03 -4.048906E-01
  3.844000E+03  3.259979E-01
  3.844500E+03  1.046971E+00
  3.845000E+03  1.736204E+00
  3.845500E+03  2.372779E+00
  3.846000E+03  2.937362E+00
  3.846500E+03  3.412852E+00
  3.847000E+03  3.784962E+00
  3.847500E+03  4.042727E+00
  3.848000E+03  4.178902E+00
  3.848500E+03  4.190239E+00
  3.849000E+03  4.077633E+00
  3.849500E+03  3.846111E+00
  3.850000E+03  3.504676E+00
  3.850500E+03  3.065999E+00
  3.851000E+03  2.545962E+00
  3.851500E+03  1.963080E+00
  3.852000E+03  1.337806E+00
  3.852500E+03  6.917598E-01
  3.853000E+03  4.690202E-02
  3.853500E+03 -5.753131E-01
  3.854000E+03 -1.154762E+00
  3.854500E+03 -1.673427E+00
  3.855000E+03 -2.116078E+00
  3.855500E+03 -2.470838E+00
  3.856000E+03 -2.729604E+00
  3.856500E+03 -2.888295E+00
  3.857000E+03 -2.946933E+00
  3.857500E+03 -2.909525E+00
  3.858000E+03 -2.783788E+00
  3.858500E+03 -2.580690E+00
  3.859000E+03 -2.313859E+00
  3.859500E+03 -1.998877E+00
  3.860000E+03 -1.652490E+00
  3.860500E+03 -1.291783E+00
  3.861000E+03 -9.333453E-01
  3.861500E+03 -5.924882E-01
  3.862000E+03 -2.825334E-01
  3.862500E+03 -1.422116E-02
  3.863000E+03  2.047390E-01
  3.863500E+03  3.699513E-01
  3.864000E+03  4.804365E-01
  3.864500E+03  5.385522E-01
  3.865000E+03  5.497343E-01
  3.865500E+03  5.220755E-01
  3.866000E+03  4.657640E-01
  3.866500E+03  3.924124E-01
  3.867000E+03  3.143149E-01
  3.867500E+03  2.436711E-01
  3.868000E+03  1.918205E-01
  3.868500E+03  1.685280E-01
  3.869000E+03  1.813601E-01
  3.869500E+03  2.351865E-01
  3.870000E+03  3.318336E-01
  3.870500E+03  4.699116E-01
  3.871000E+03  6.448241E-01
  3.871500E+03  8.489623E-01
  3.872000E+03  1.072074E+00
  3.872500E+03  1.301790E+00
  3.873000E+03  1.524282E+00
  3.873500E+03  1.725011E+00
  3.874000E+03  1.889545E+00
  3.874500E+03  2.004374E+00
  3.875000E+03  2.057710E+00
  3.875500E+03  2.040207E+00
  3.876000E+03  1.945573E+00
  3.876500E+03  1.771030E+00
  3.877000E+03  1.517608E+00
  3.877500E+03  1.190244E+00
  3.878000E+03  7.976866E-01
  3.878500E+03  3.521967E-01
  3.879000E+03 -1.309317E-01
  3.879500E+03 -6.340162E-01
  3.880000E+03 -1.137764E+00
  3.880500E+03 -1.622143E+00
  3.881000E+03 -2.067313E+00
  3.881500E+03 -2.454555E+00
  3.882000E+03 -2.767167E+00
  3.882500E+03 -2.991272E+00
  3.883000E+03 -3.116507E+00
  3.883500E+03 -3.136543E+00
  3.884000E+03 -3.049422E+00
  3.884500E+03 -2.857689E+00
  3.885000E+03 -2.568310E+00
  3.885500E+03 -2.192377E+00
  3.886000E+03 -1.744622E+00
  3.886500E+03 -1.242754E+00
  3.887000E+03 -7.066567E-01
  3.887500E+03 -1.574835E-01
  3.888000E+03  3.833005E-01
  3.888500E+03  8.948903E-01
  3.889000E+03  1.358073E+00
  3.889500E+03  1.756073E+00
  3.890000E+03  2.075282E+00
  3.890500E+03  2.305812E+00
  3.891000E+03  2.441882E+00
  3.891500E+03  2.481988E+00
  3.892000E+03  2.428869E+00
  3.892500E+03  2.289268E+00
  3.893000E+03  2.073501E+00
  3.893500E+03  1.794865E+00
  3.894000E+03  1.468912E+00
  3.894500E+03  1.112624E+00
  3.895000E+03  7.435451E-01
  3.895500E+03  3.789071E-01
  3.896000E+03  3.479334E-02
  3.896500E+03 -2.746124E-01
  3.897000E+03 -5.376582E-01
  3.897500E+03 -7.457060E-01
  3.898000E+03 -8.934418E-01
  3.898500E+03 -9.790026E-01
  3.899000E+03 -1.003916E+00
  3.899500E+03 -9.728649E-01
  3.900000E+03 -8.932858E-01
  3.900500E+03 -7.748392E-01
  3.901000E+03 -6.287716E-01
  3.901500E+03 -4.672153E-01
  3.902000E+03 -3.024615E-01
  3.902500E+03 -1.462490E-01
  3.903000E+03 -9.107307E-03
  3.903500E+03  1.002126E-01
  3.904000E+03  1.751884E-01
  3.904500E+03  2.118378E-01
  3.905000E+03  2.088753E-01
  3.905500E+03  1.677115E-01
  3.906000E+03  9.229772E-02
  3.906500E+03 -1.117093E-02
  3.907000E+03 -1.346743E-01
  3.907500E+03 -2.688809E-01
  3.908000E+03 -4.037264E-01
  3.908500E+03 -5.290222E-01
  3.909000E+03 -6.350605E-01
  3.909500E+03 -7.131823E-01
  3.910000E+03 -7.562773E-01
  3.910500E+03 -7.591908E-01
  3.911000E+03 -7.190171E-01
  3.911500E+03 -6.352657E-01
  3.912000E+03 -5.098961E-01
  3.912500E+03 -3.472202E-01
  3.913000E+03 -1.536825E-01
  3.913500E+03  6.246793E-02
  3.914000E+03  2.915945E-01
  3.914500E+03  5.231538E-01
  3.915000E+03  7.462160E-01
  3.915500E+03  9.499953E-01
  3.916000E+03  1.124366E+00
  3.916500E+03  1.260339E+00
  3.917000E+03  1.350477E+00
  3.917500E+03  1.389227E+00
  3.918000E+03  1.373169E+00
  3.918500E+03  1.301160E+00
  3.919000E+03  1.174376E+00
  3.919500E+03  9.962576E-01
  3.920000E+03  7.723643E-01
  3.920500E+03  5.101406E-01
  3.921000E+03  2.186195E-01
  3.921500E+03 -9.193010E-02
  3.922000E+03 -4.103936E-01
  3.922500E+03 -7.252214E-01
  3.923000E+03 -1.024845E+00
  3.923500E+03 -1.298084E+00
  3.924000E+03 -1.534532E+00
  3.924500E+03 -1.724905E+00
  3.925000E+03 -1.861358E+00
  3.925500E+03 -1.937739E+00
  3.926000E+03 -1.949803E+00
  3.926500E+03 -1.895358E+00
  3.927000E+03 -1.774362E+00
  3.927500E+03 -1.588950E+00
  3.928000E+03 -1.343407E+00
  3.928500E+03 -1.044082E+00
  3.929000E+03 -6.992400E-01
  3.929500E+03 -3.188587E-01
  3.930000E+03  8.562946E-02
  3.930500E+03  5.016449E-01
  3.931000E+03  9.158152E-01
  3.931500E+03  1.314369E+00
  3.932000E+03  1.683563E+00
  3.932500E+03  2.010125E+00
  3.933000E+03  2.281717E+00
  3.933500E+03  2.487382E+00
  3.934000E+03  2.617980E+00
  3.934500E+03  2.666584E+00
  3.935000E+03  2.628820E+00
  3.935500E+03  2.503145E+00
  3.936000E+03  2.291025E+00
  3.936500E+03  1.997019E+00
  3.937000E+03  1.628758E+00
  3.937500E+03  1.196788E+00
  3.938000E+03  7.143093E-01
  3.938500E+03  1.967838E-01
  3.939000E+03 -3.385575E-01
  3.939500E+03 -8.733076E-01
  3.940000E+03 -1.388550E+00
  3.940500E+03 -1.865577E+00
  3.941000E+03 -2.286625E+00
  3.941500E+03 -2.635608E+00
  3.942000E+03 -2.898801E+00
  3.942500E+03 -3.065451E+00
  3.943000E+03 -3.128285E+00
  3.943500E+03 -3.083881E+00
  3.944000E+03 -2.932890E+00
  3.944500E+03 -2.680087E+00
  3.945000E+03 -2.334245E+00
  3.945500E+03 -1.907835E+00
  3.946000E+03 -1.416563E+00
  3.946500E+03 -8.787533E-01
  3.947000E+03 -3.146121E-01
  3.947500E+03  2.545981E-01
  3.948000E+03  8.074416E-01
  3.948500E+03  1.323205E+00
  3.949000E+03  1.782766E+00
  3.949500E+03  2.169393E+00
  3.950000E+03  2.469443E+00
  3.950500E+03  2.672915E+00
  3.951000E+03  2.773851E+00
  3.951500E+03  2.770537E+00
  3.952000E+03  2.665532E+00
  3.952500E+03  2.465491E+00
  3.953000E+03  2.180816E+00
  3.953500E+03  1.825136E+00
  3.954000E+03  1.414657E+00
  3.954500E+03  9.674035E-01
  3.955000E+03  5.023962E-01
  3.955500E+03  3.879913E-02
  3.956000E+03 -4.049145E-01
  3.956500E+03 -8.117455E-01
  3.957000E+03 -1.166862E+00
  3.957500E+03 -1.458172E+00
  3.958000E+03 -1.676754E+00
  3.958500E+03 -1.817129E+00
  3.959000E+03 -1.877361E+00
  3.959500E+03 -1.858994E+00
  3.960000E+03 -1.766837E+00
  3.960500E+03 -1.608600E+00
  3.961000E+03 -1.394420E+00
  3.961500E+03 -1.136297E+00
  3.962000E+03 -8.474693E-01
  3.962500E+03 -5.417668E-01
  3.963000E+03 -2.329723E-01
  3.963500E+03  6.578204E-02
  3.964000E+03  3.425520E-01
  3.964500E+03  5.870329E-01
  3.965000E+03  7.909081E-01
  3.965500E+03  9.480850E-01
  3.966000E+03  1.054815E+00
  3.966500E+03  1.109700E+00
  3.967000E+03  1.113591E+00
  3.967500E+03  1.069398E+00
  3.968000E+03  9.818196E-01
  3.968500E+03  8.570212E-01
  3.969000E+03  7.022705E-01
  3.969500E+03  5.255622E-01
  3.970000E+03  3.352428E-01
  3.970500E+03  1.396573E-01
  3.971000E+03 -5.317096E-02
  3.971500E+03 -2.358152E-01
  3.972000E+03 -4.016690E-01
  3.972500E+03 -5.451151E-01
  3.973000E+03 -6.616396E-01
  3.973500E+03 -7.478955E-01
  3.974000E+03 -8.017204E-01
  3.974500E+03 -8.221159E-01
  3.975000E+03 -8.091957E-01
  3.975500E+03 -7.641122E-01
  3.976000E+03 -6.889669E-01
  3.976500E+03 -5.867115E-01
  3.977000E+03 -4.610445E-01
  3.977500E+03 -3.163056E-01
  3.978000E+03 -1.573685E-01
  3.978500E+03  1.046694E-02
  3.979000E+03  1.815875E-01
  3.979500E+03  3.501841E-01
  3.980000E+03  5.103791E-01
  3.980500E+03  6.563635E-01
  3.981000E+03  7.825474E-01
  3.981500E+03  8.837214E-01
  3.982000E+03  9.552287E-01
  3.982500E+03  9.931426E-01
  3.983000E+03  9.944441E-01
  3.983500E+03  9.571914E-01
  3.984000E+03  8.806718E-01
  3.984500E+03  7.655264E-01
  3.985000E+03  6.138366E-01
  3.985500E+03  4.291626E-01
  3.986000E+03  2.165262E-01
  3.986500E+03 -1.766931E-02
  3.987000E+03 -2.657858E-01
  3.987500E+03 -5.191624E-01
  3.988000E+03 -7.683912E-01
  3.988500E+03 -1.003647E+00
  3.989000E+03 -1.215064E+00
  3.989500E+03 -1.393138E+00
  3.990000E+03 -1.529143E+00
  3.990500E+03 -1.615543E+00
  3.991000E+03 -1.646372E+00
  3.991500E+03 -1.617571E+00
  3.992000E+03 -1.527254E+00
  3.992500E+03 -1.375896E+00
  3.993000E+03 -1.166419E+00
  3.993500E+03 -9.041802E-01
  3.994000E+03 -5.968420E-01
  3.994500E+03 -2.541435E-01
  3.995000E+03  1.124349E-01
  3.995500E+03  4.900933E-01
  3.996000E+03  8.652060E-01
  3.996500E+03  1.223865E+00
  3.997000E+03  1.552453E+00
  3.997500E+03  1.838208E+00
  3.998000E+03  2.069777E+00
  3.998500E+03  2.237697E+00
  3.999000E+03  2.334823E+00
  3.999500E+03  2.356638E+00
  4.000000E+03  2.301467E+00
  4.000500E+03  2.170561E+00
  4.001000E+03  1.968056E+00
  4.001500E+03  1.700803E+00
  4.002000E+03  1.378087E+00
  4.002500E+03  1.011231E+00
  4.003000E+03  6.131213E-01
  4.003500E+03  1.976664E-01
  4.004000E+03 -2.207846E-01
  4.004500E+03 -6.280340E-01
  4.005000E+03 -1.010612E+00
  4.005500E+03 -1.356310E+00
  4.006000E+03 -1.654651E+00
  4.006500E+03 -1.897270E+00
  4.007000E+03 -2.078192E+00
  4.007500E+03 -2.193999E+00
  4.008000E+03 -2.243874E+00
  4.008500E+03 -2.229531E+00
  4.009000E+03 -2.155033E+00
  4.009500E+03 -2.026501E+00
  4.010000E+03 -1.851756E+00
  4.010500E+03 -1.639879E+00
  4.011000E+03 -1.400740E+00
  4.011500E+03 -1.144511E+00
  4.012000E+03 -8.811758E-01
  4.012500E+03 -6.200818E-01
  4.013000E+03 -3.695368E-01
  4.013500E+03 -1.364780E-01
  4.014000E+03  7.377419E-02
  4.014500E+03  2.576686E-01
  4.015000E+03  4.134757E-01
  4.015500E+03  5.412412E-01
  4.016000E+03  6.426450E-01
  4.016500E+03  7.207759E-01
  4.017000E+03  7.798355E-01
  4.017500E+03  8.247884E-01
  4.018000E+03  8.609783E-01
  4.018500E+03  8.937308E-01
  4.019000E+03  9.279649E-01
  4.019500E+03  9.678329E-01
  4.020000E+03  1.016409E+00
  4.020500E+03  1.075444E+00
  4.021000E+03  1.145195E+00
  4.021500E+03  1.224346E+00
  4.022000E+03  1.310020E+00
  4.022500E+03  1.397883E+00
  4.023000E+03  1.482339E+00
  4.023500E+03  1.556805E+00
  4.024000E+03  1.614048E+00
  4.024500E+03  1.646584E+00
  4.025000E+03  1.647097E+00
  4.025500E+03  1.608879E+00
  4.026000E+03  1.526251E+00
  4.026500E+03  1.394962E+00
  4.027000E+03  1.212526E+00
  4.027500E+03  9.784904E-01
  4.028000E+03  6.946234E-01
  4.028500E+03  3.649945E-01
  4.029000E+03 -4.044947E-03
  4.029500E+03 -4.039912E-01
  4.030000E+03 -8.244226E-01
  4.030500E+03 -1.253333E+00
  4.031000E+03 -1.677547E+00
  4.031500E+03 -2.083214E+00
  4.032000E+03 -2.456335E+00
  4.032500E+03 -2.783331E+00
  4.033000E+03 -3.051603E+00
  4.033500E+03 -3.250070E+00
  4.034000E+03 -3.369660E+00
  4.034500E+03 -3.403725E+00
  4.035000E+03 -3.348368E+00
  4.035500E+03 -3.202662E+00
  4.036000E+03 -2.968743E+00
  4.036500E+03 -2.651790E+00
  4.037000E+03 -2.259866E+00
  4.037500E+03 -1.803649E+00
  4.038000E+03 -1.296049E+00
  4.038500E+03 -7.517329E-01
  4.039000E+03 -1.865775E-01
  4.039500E+03  3.829218E-01
  4.040000E+03  9.402683E-01
  4.040500E+03  1.469572E+00
  4.041000E+03  1.956126E+00
  4.041500E+03  2.386922E+00
  4.042000E+03  2.751088E+00
  4.042500E+03  3.040223E+00
  4.043000E+03  3.248622E+00
  4.043500E+03  3.373381E+00
  4.044000E+03  3.414379E+00
  4.044500E+03  3.374141E+00
  4.045000E+03  3.257601E+00
  4.045500E+03  3.071767E+00
  4.046000E+03  2.825320E+00
  4.046500E+03  2.528160E+00
  4.047000E+03  2.190929E+00
  4.047500E+03  1.824541E+00
  4.048000E+03  1.439730E+00
  4.048500E+03  1.046651E+00
  4.049000E+03  6.545445E-01
  4.049500E+03  2.714823E-01
  4.050000E+03 -9.579727E-02
  4.050500E+03 -4.419628E-01
  4.051000E+03 -7.630733E-01
  4.051500E+03 -1.056480E+00
  4.052000E+03 -1.320656E+00
  4.052500E+03 -1.554982E+00
  4.053000E+03 -1.759486E+00
  4.053500E+03 -1.934580E+00
  4.054000E+03 -2.080804E+00
  4.054500E+03 -2.198596E+00
  4.055000E+03 -2.288108E+00
  4.055500E+03 -2.349086E+00
  4.056000E+03 -2.380813E+00
  4.056500E+03 -2.382129E+00
  4.057000E+03 -2.351520E+00
  4.057500E+03 -2.287277E+00
  4.058000E+03 -2.187702E+00
  4.058500E+03 -2.051359E+00
  4.059000E+03 -1.877340E+00
  4.059500E+03 -1.665533E+00
  4.060000E+03 -1.416868E+00
  4.060500E+03 -1.133520E+00
  4.061000E+03 -8.190505E-01
  4.061500E+03 -4.784776E-01
  4.062000E+03 -1.182587E-01
  4.062500E+03  2.538162E-01
  4.063000E+03  6.288210E-01
  4.063500E+03  9.969727E-01
  4.064000E+03  1.347982E+00
  4.064500E+03  1.671460E+00
  4.065000E+03  1.957356E+00
  4.065500E+03  2.196410E+00
  4.066000E+03  2.380588E+00
  4.066500E+03  2.503484E+00
  4.067000E+03  2.560656E+00
  4.067500E+03  2.549880E+00
  4.068000E+03  2.471316E+00
  4.068500E+03  2.327551E+00
  4.069000E+03  2.123542E+00
  4.069500E+03  1.866438E+00
  4.070000E+03  1.565302E+00
  4.070500E+03  1.230739E+00
  4.071000E+03  8.744522E-01
  4.071500E+03  5.087400E-01
  4.072000E+03  1.459777E-01
  4.072500E+03 -2.019103E-01
  4.073000E+03 -5.239483E-01
  4.073500E+03 -8.105572E-01
  4.074000E+03 -1.053929E+00
  4.074500E+03 -1.248313E+00
  4.075000E+03 -1.390193E+00
  4.075500E+03 -1.478358E+00
  4.076000E+03 -1.513861E+00
  4.076500E+03 -1.499868E+00
  4.077000E+03 -1.441408E+00
  4.077500E+03 -1.345050E+00
  4.078000E+03 -1.218505E+00
  4.078500E+03 -1.070199E+00
  4.079000E+03 -9.088205E-01
  4.079500E+03 -7.428860E-01
  4.080000E+03 -5.803239E-01
  4.080500E+03 -4.281175E-01
  4.081000E+03 -2.920125E-01
  4.081500E+03 -1.763054E-01
  4.082000E+03 -8.372043E-02
  4.082500E+03 -1.537741E-02
  4.083000E+03  2.915220E-02
  4.083500E+03  5.170767E-02
  4.084000E+03  5.533169E-02
  4.084500E+03  4.400832E-02
  4.085000E+03  2.236337E-02
  4.085500E+03 -4.653971E-03
  4.086000E+03 -3.208940E-02
  4.086500E+03 -5.528373E-02
  4.087000E+03 -7.013889E-02
  4.087500E+03 -7.333650E-02
  4.088000E+03 -6.249909E-02
  4.088500E+03 -3.628798E-02
  4.089000E+03  5.564184E-03
  4.089500E+03  6.228418E-02
  4.090000E+03  1.321467E-01
  4.090500E+03  2.126118E-01
  4.091000E+03  3.004999E-01
  4.091500E+03  3.921918E-01
  4.092000E+03  4.838406E-01
  4.092500E+03  5.715804E-01
  4.093000E+03  6.517223E-01
  4.093500E+03  7.209243E-01
  4.094000E+03  7.763285E-01
  4.094500E+03  8.156601E-01
  4.095000E+03  8.372843E-01
  4.095500E+03  8.402235E-01
  4.096000E+03  8.241370E-01
  4.096500E+03  7.892679E-01
  4.097000E+03  7.363671E-01
  4.097500E+03  6.666006E-01
  4.098000E+03  5.814512E-01
  4.098500E+03  4.826216E-01
  4.099000E+03  3.719494E-01
  4.099500E+03  2.513378E-01
  4.100000E+03  1.227085E-01
  4.100500E+03 -1.202221E-02
  4.101000E+03 -1.509434E-01
  4.101500E+03 -2.921297E-01
  4.102000E+03 -4.336045E-01
  4.102500E+03 -5.732953E-01
  4.103000E+03 -7.089862E-01
  4.103500E+03 -8.382777E-01
  4.104000E+03 -9.585618E-01
  4.104500E+03 -1.067019E+00
  4.105000E+03 -1.160641E+00
  4.105500E+03 -1.236291E+00
  4.106000E+03 -1.290789E+00
  4.106500E+03 -1.321033E+00
  4.107000E+03 -1.324145E+00
  4.107500E+03 -1.297638E+00
  4.108000E+03 -1.239594E+00
  4.108500E+03 -1.148835E+00
  4.109000E+03 -1.025088E+00
  4.109500E+03 -8.691243E-01
  4.110000E+03 -6.828546E-01
  4.110500E+03 -4.693845E-01
  4.111000E+03 -2.330104E-01
  4.111500E+03  2.084550E-02
  4.112000E+03  2.857607E-01
  4.112500E+03  5.545000E-01
  4.113000E+03  8.192564E-01
  4.113500E+03  1.071937E+00
  4.114000E+03  1.304482E+00
  4.114500E+03  1.509195E+00
  4.115000E+03  1.679082E+00
  4.115500E+03  1.808161E+00
  4.116000E+03  1.891742E+00
  4.116500E+03  1.926650E+00
  4.117000E+03  1.911388E+00
  4.117500E+03  1.846213E+00
  4.118000E+03  1.733137E+00
  4.118500E+03  1.575843E+00
  4.119000E+03  1.379512E+00
  4.119500E+03  1.150587E+00
  4.120000E+03  8.964715E-01
  4.120500E+03  6.251791E-01
  4.121000E+03  3.449683E-01
  4.121500E+03  6.396492E-02
  4.122000E+03 -2.101945E-01
  4.122500E+03 -4.706821E-01
  4.123000E+03 -7.117424E-01
  4.123500E+03 -9.288836E-01
  4.124000E+03 -1.118988E+00
  4.124500E+03 -1.280333E+00
  4.125000E+03 -1.412528E+00
  4.125500E+03 -1.516365E+00
  4.126000E+03 -1.593601E+00
  4.126500E+03 -1.646684E+00
  4.127000E+03 -1.678442E+00
  4.127500E+03 -1.691761E+00
  4.128000E+03 -1.689268E+00
  4.128500E+03 -1.673050E+00
  4.129000E+03 -1.644426E+00
  4.129500E+03 -1.603789E+00
  4.130000E+03 -1.550530E+00
  4.130500E+03 -1.483062E+00
  4.131000E+03 -1.398931E+00
  4.131500E+03 -1.295017E+00
  4.132000E+03 -1.167820E+00
  4.132500E+03 -1.013800E+00
  4.133000E+03 -8.297584E-01
  4.133500E+03 -6.132405E-01
  4.134000E+03 -3.629178E-01
  4.134500E+03 -7.893669E-02
  4.135000E+03  2.368008E-01
  4.135500E+03  5.804434E-01
  4.136000E+03  9.461036E-01
  4.136500E+03  1.325889E+00
  4.137000E+03  1.710060E+00
  4.137500E+03  2.087302E+00
  4.138000E+03  2.445124E+00
  4.138500E+03  2.770337E+00
  4.139000E+03  3.049621E+00
  4.139500E+03  3.270126E+00
  4.140000E+03  3.420097E+00
  4.140500E+03  3.489473E+00
  4.141000E+03  3.470443E+00
  4.141500E+03  3.357914E+00
  4.142000E+03  3.149874E+00
  4.142500E+03  2.847627E+00
  4.143000E+03  2.455879E+00
  4.143500E+03  1.982679E+00
  4.144000E+03  1.439208E+00
  4.144500E+03  8.394229E-01
  4.145000E+03  1.995785E-01
  4.145500E+03 -4.623525E-01
  4.146000E+03 -1.127337E+00
  4.146500E+03 -1.775984E+00
  4.147000E+03 -2.389252E+00
  4.147500E+03 -2.949146E+00
  4.148000E+03 -3.439348E+00
  4.148500E+03 -3.845782E+00
  4.149000E+03 -4.157066E+00
  4.149500E+03 -4.364852E+00
  4.150000E+03 -4.464030E+00
  4.150500E+03 -4.452809E+00
  4.151000E+03 -4.332666E+00
  4.151500E+03 -4.108171E+00
  4.152000E+03 -3.786720E+00
  4.152500E+03 -3.378172E+00
  4.153000E+03 -2.894431E+00
  4.153500E+03 -2.348983E+00
  4.154000E+03 -1.756421E+00
  4.154500E+03 -1.131967E+00
  4.155000E+03 -4.910237E-01
  4.155500E+03  1.512412E-01
  4.156000E+03  7.802596E-01
  4.156500E+03  1.382372E+00
  4.157000E+03  1.945080E+00
  4.157500E+03  2.457234E+00
  4.158000E+03  2.909183E+00
  4.158500E+03  3.292857E+00
  4.159000E+03  3.601829E+00
  4.159500E+03  3.831336E+00
  4.160000E+03  3.978280E+00
  4.160500E+03  4.041212E+00
  4.161000E+03  4.020304E+00
  4.161500E+03  3.917313E+00
  4.162000E+03  3.735539E+00
  4.162500E+03  3.479760E+00
  4.163000E+03  3.156170E+00
  4.163500E+03  2.772279E+00
  4.164000E+03  2.336807E+00
  4.164500E+03  1.859531E+00
  4.165000E+03  1.351111E+00
  4.165500E+03  8.228753E-01
  4.166000E+03  2.865771E-01
  4.166500E+03 -2.458855E-01
  4.167000E+03 -7.627675E-01
  4.167500E+03 -1.252791E+00
  4.168000E+03 -1.705462E+00
  4.168500E+03 -2.111370E+00
  4.169000E+03 -2.462471E+00
  4.169500E+03 -2.752315E+00
  4.170000E+03 -2.976237E+00
  4.170500E+03 -3.131464E+00
  4.171000E+03 -3.217160E+00
  4.171500E+03 -3.234392E+00
  4.172000E+03 -3.186011E+00
  4.172500E+03 -3.076470E+00
  4.173000E+03 -2.911571E+00
  4.173500E+03 -2.698167E+00
  4.174000E+03 -2.443824E+00
  4.174500E+03 -2.156481E+00
  4.175000E+03 -1.844100E+00
  4.175500E+03 -1.514357E+00
  4.176000E+03 -1.174369E+00
  4.176500E+03 -8.304795E-01
  4.177000E+03 -4.881224E-01
  4.177500E+03 -1.517582E-01
  4.178000E+03  1.751089E-01
  4.178500E+03  4.898387E-01
  4.179000E+03  7.904985E-01
  4.179500E+03  1.075655E+00
  4.180000E+03  1.344137E+00
  4.180500E+03  1.594782E+00
  4.181000E+03  1.826200E+00
  4.181500E+03  2.036566E+00
  4.182000E+03  2.223470E+00
  4.182500E+03  2.383832E+00
  4.183000E+03  2.513902E+00
  4.183500E+03  2.609345E+00
  4.184000E+03  2.665418E+00
  4.184500E+03  2.677219E+00
  4.185000E+03  2.640011E+00
  4.185500E+03  2.549591E+00
  4.186000E+03  2.402685E+00
  4.186500E+03  2.197341E+00
  4.187000E+03  1.933294E+00
  4.187500E+03  1.612276E+00
  4.188000E+03  1.238240E+00
  4.188500E+03  8.174833E-01
  4.189000E+03  3.586530E-01
  4.189500E+03 -1.273822E-01
  4.190000E+03 -6.277878E-01
  4.190500E+03 -1.128146E+00
  4.191000E+03 -1.612948E+00
  4.191500E+03 -2.066186E+00
  4.192000E+03 -2.471995E+00
  4.192500E+03 -2.815346E+00
  4.193000E+03 -3.082724E+00
  4.193500E+03 -3.262778E+00
  4.194000E+03 -3.346899E+00
  4.194500E+03 -3.329696E+00
  4.195000E+03 -3.209339E+00
  4.195500E+03 -2.987762E+00
  4.196000E+03 -2.670692E+00
  4.196500E+03 -2.267520E+00
  4.197000E+03 -1.791002E+00
  4.197500E+03 -1.256805E+00
  4.198000E+03 -6.829301E-01
  4.198500E+03 -8.901336E-02
  4.199000E+03  5.044360E-01
  4.199500E+03  1.076846E+00
  4.200000E+03  1.608397E+00
  4.200500E+03  2.080797E+00
  4.201000E+03  2.478001E+00
  4.201500E+03  2.786826E+00
  4.202000E+03  2.997441E+00
  4.202500E+03  3.103716E+00
  4.203000E+03  3.103416E+00
  4.203500E+03  2.998229E+00
  4.204000E+03  2.793638E+00
  4.204500E+03  2.498641E+00
  4.205000E+03  2.125336E+00
  4.205500E+03  1.688395E+00
  4.206000E+03  1.204450E+00
  4.206500E+03  6.914144E-01
  4.207000E+03  1.677787E-01
  4.207500E+03 -3.480921E-01
  4.208000E+03 -8.386380E-01
  4.208500E+03 -1.287725E+00
  4.209000E+03 -1.681190E+00
  4.209500E+03 -2.007292E+00
  4.210000E+03 -2.257051E+00
  4.210500E+03 -2.424470E+00
  4.211000E+03 -2.506640E+00
  4.211500E+03 -2.503717E+00
  4.212000E+03 -2.418799E+00
  4.212500E+03 -2.257684E+00
  4.213000E+03 -2.028553E+00
  4.213500E+03 -1.741573E+00
  4.214000E+03 -1.408447E+00
  4.214500E+03 -1.041926E+00
  4.215000E+03 -6.553173E-01
  4.215500E+03 -2.619797E-01
  4.216000E+03  1.251445E-01
  4.216500E+03  4.939660E-01
  4.217000E+03  8.336293E-01
  4.217500E+03  1.134829E+00
  4.218000E+03  1.390053E+00
  4.218500E+03  1.593742E+00
  4.219000E+03  1.742376E+00
  4.219500E+03  1.834470E+00
  4.220000E+03  1.870495E+00
  4.220500E+03  1.852733E+00
  4.221000E+03  1.785065E+00
  4.221500E+03  1.672712E+00
  4.222000E+03  1.521938E+00
  4.222500E+03  1.339732E+00
  4.223000E+03  1.133480E+00
  4.223500E+03  9.106495E-01
  4.224000E+03  6.784899E-01
  4.224500E+03  4.437708E-01
  4.225000E+03  2.125637E-01
  4.225500E+03 -9.922883E-03
  4.226000E+03 -2.194496E-01
  4.226500E+03 -4.127915E-01
  4.227000E+03 -5.877234E-01
  4.227500E+03 -7.429505E-01
  4.228000E+03 -8.779893E-01
  4.228500E+03 -9.930111E-01
  4.229000E+03 -1.088659E+00
  4.229500E+03 -1.165850E+00
  4.230000E+03 -1.225582E+00
  4.230500E+03 -1.268751E+00
  4.231000E+03 -1.295998E+00
  4.231500E+03 -1.307593E+00
  4.232000E+03 -1.303373E+00
  4.232500E+03 -1.282720E+00
  4.233000E+03 -1.244607E+00
  4.233500E+03 -1.187688E+00
  4.234000E+03 -1.110439E+00
  4.234500E+03 -1.011342E+00
  4.235000E+03 -8.890882E-01
  4.235500E+03 -7.428021E-01
  4.236000E+03 -5.722611E-01
  4.236500E+03 -3.780968E-01
  4.237000E+03 -1.619651E-01
  4.237500E+03  7.333302E-02
  4.238000E+03  3.237880E-01
  4.238500E+03  5.841872E-01
  4.239000E+03  8.481921E-01
  4.239500E+03  1.108490E+00
  4.240000E+03  1.357012E+00
  4.240500E+03  1.585222E+00
  4.241000E+03  1.784444E+00
  4.241500E+03  1.946233E+00
  4.242000E+03  2.062763E+00
  4.242500E+03  2.127212E+00
  4.243000E+03  2.134126E+00
  4.243500E+03  2.079742E+00
  4.244000E+03  1.962256E+00
  4.244500E+03  1.782017E+00
  4.245000E+03  1.541630E+00
  4.245500E+03  1.245975E+00
  4.246000E+03  9.021229E-01
  4.246500E+03  5.191564E-01
  4.247000E+03  1.079060E-01
  4.247500E+03 -3.193996E-01
  4.248000E+03 -7.495456E-01
  4.248500E+03 -1.168794E+00
  4.249000E+03 -1.563376E+00
  4.249500E+03 -1.919994E+00
  4.250000E+03 -2.226315E+00
  4.250500E+03 -2.471430E+00
  4.251000E+03 -2.646268E+00
  4.251500E+03 -2.743942E+00
  4.252000E+03 -2.760018E+00
  4.252500E+03 -2.692695E+00
  4.253000E+03 -2.542892E+00
  4.253500E+03 -2.314238E+00
  4.254000E+03 -2.012966E+00
  4.254500E+03 -1.647715E+00
  4.255000E+03 -1.229257E+00
  4.255500E+03 -7.701467E-01
  4.256000E+03 -2.843122E-01
  4.256500E+03  2.133932E-01
  4.257000E+03  7.076708E-01
  4.257500E+03  1.183267E+00
  4.258000E+03  1.625459E+00
  4.258500E+03  2.020525E+00
  4.259000E+03  2.356178E+00
  4.259500E+03  2.621950E+00
  4.260000E+03  2.809525E+00
  4.260500E+03  2.912999E+00
  4.261000E+03  2.929069E+00
  4.261500E+03  2.857135E+00
  4.262000E+03  2.699328E+00
  4.262500E+03  2.460443E+00
  4.263000E+03  2.147800E+00
  4.263500E+03  1.771017E+00
  4.264000E+03  1.341717E+00
  4.264500E+03  8.731668E-01
  4.265000E+03  3.798622E-01
  4.265500E+03 -1.229245E-01
  4.266000E+03 -6.196295E-01
  4.266500E+03 -1.094893E+00
  4.267000E+03 -1.534049E+00
  4.267500E+03 -1.923605E+00
  4.268000E+03 -2.251672E+00
  4.268500E+03 -2.508358E+00
  4.269000E+03 -2.686089E+00
  4.269500E+03 -2.779856E+00
  4.270000E+03 -2.787377E+00
  4.270500E+03 -2.709165E+00
  4.271000E+03 -2.548505E+00
  4.271500E+03 -2.311326E+00
  4.272000E+03 -2.005995E+00
  4.272500E+03 -1.643013E+00
  4.273000E+03 -1.234648E+00
  4.273500E+03 -7.945022E-01
  4.274000E+03 -3.370392E-01
  4.274500E+03  1.229189E-01
  4.275000E+03  5.706980E-01
  4.275500E+03  9.922683E-01
  4.276000E+03  1.374710E+00
  4.276500E+03  1.706631E+00
  4.277000E+03  1.978524E+00
  4.277500E+03  2.183049E+00
  4.278000E+03  2.315229E+00
  4.278500E+03  2.372561E+00
  4.279000E+03  2.355037E+00
  4.279500E+03  2.265073E+00
  4.280000E+03  2.107357E+00
  4.280500E+03  1.888627E+00
  4.281000E+03  1.617376E+00
  4.281500E+03  1.303519E+00
  4.282000E+03  9.580124E-01
  4.282500E+03  5.924675E-01
  4.283000E+03  2.187449E-01
  4.283500E+03 -1.514325E-01
  4.284000E+03 -5.068476E-01
  4.284500E+03 -8.371224E-01
  4.285000E+03 -1.133008E+00
  4.285500E+03 -1.386623E+00
  4.286000E+03 -1.591639E+00
  4.286500E+03 -1.743406E+00
  4.287000E+03 -1.839022E+00
  4.287500E+03 -1.877344E+00
  4.288000E+03 -1.858944E+00
  4.288500E+03 -1.786027E+00
  4.289000E+03 -1.662293E+00
  4.289500E+03 -1.492777E+00
  4.290000E+03 -1.283645E+00
  4.290500E+03 -1.041985E+00
  4.291000E+03 -7.755687E-01
  4.291500E+03 -4.926172E-01
  4.292000E+03 -2.015571E-01
  4.292500E+03  8.921479E-02
  4.293000E+03  3.715566E-01
  4.293500E+03  6.377922E-01
  4.294000E+03  8.809023E-01
  4.294500E+03  1.094691E+00
  4.295000E+03  1.273926E+00
  4.295500E+03  1.414451E+00
  4.296000E+03  1.513262E+00
  4.296500E+03  1.568557E+00
  4.297000E+03  1.579749E+00
  4.297500E+03  1.547447E+00
  4.298000E+03  1.473404E+00
  4.298500E+03  1.360440E+00
  4.299000E+03  1.212335E+00
  4.299500E+03  1.033702E+00
  4.300000E+03  8.298358E-01
  4.300500E+03  6.065610E-01
  4.301000E+03  3.700577E-01
  4.301500E+03  1.266932E-01
  4.302000E+03 -1.171469E-01
  4.302500E+03 -3.552205E-01
  4.303000E+03 -5.815792E-01
  4.303500E+03 -7.907047E-01
  4.304000E+03 -9.776270E-01
  4.304500E+03 -1.138024E+00
  4.305000E+03 -1.268301E+00
  4.305500E+03 -1.365651E+00
  4.306000E+03 -1.428095E+00
  4.306500E+03 -1.454506E+00
  4.307000E+03 -1.444610E+00
  4.307500E+03 -1.398985E+00
  4.308000E+03 -1.319032E+00
  4.308500E+03 -1.206942E+00
  4.309000E+03 -1.065652E+00
  4.309500E+03 -8.987846E-01
  4.310000E+03 -7.105806E-01
  4.310500E+03 -5.058182E-01
  4.311000E+03 -2.897192E-01
  4.311500E+03 -6.784205E-02
  4.312000E+03  1.540392E-01
  4.312500E+03  3.700693E-01
  4.313000E+03  5.744593E-01
  4.313500E+03  7.616453E-01
  4.314000E+03  9.264537E-01
  4.314500E+03  1.064270E+00
  4.315000E+03  1.171206E+00
  4.315500E+03  1.244251E+00
  4.316000E+03  1.281416E+00
  4.316500E+03  1.281841E+00
  4.317000E+03  1.245874E+00
  4.317500E+03  1.175108E+00
  4.318000E+03  1.072369E+00
  4.318500E+03  9.416542E-01
  4.319000E+03  7.880146E-01
  4.319500E+03  6.173859E-01
  4.320000E+03  4.363705E-01
  4.320500E+03  2.519785E-01
  4.321000E+03  7.133584E-02
  4.321500E+03 -9.862523E-02
  4.322000E+03 -2.514809E-01
  4.322500E+03 -3.816185E-01
  4.323000E+03 -4.845107E-01
  4.323500E+03 -5.569464E-01
  4.324000E+03 -5.972029E-01
  4.324500E+03 -6.051477E-01
  4.325000E+03 -5.822627E-01
  4.325500E+03 -5.315847E-01
  4.326000E+03 -4.575637E-01
  4.326500E+03 -3.658439E-01
  4.327000E+03 -2.629761E-01
  4.327500E+03 -1.560768E-01
  4.328000E+03 -5.245046E-02
  4.328500E+03  4.080465E-02
  4.329000E+03  1.171851E-01
  4.329500E+03  1.711441E-01
  4.330000E+03  1.984047E-01
  4.330500E+03  1.962077E-01
  4.331000E+03  1.634776E-01
  4.331500E+03  1.008969E-01
  4.332000E+03  1.088531E-02
  4.332500E+03 -1.025186E-01
  4.333000E+03 -2.338638E-01
  4.333500E+03 -3.765721E-01
  4.334000E+03 -5.232841E-01
  4.334500E+03 -6.662475E-01
  4.335000E+03 -7.977239E-01
  4.335500E+03 -9.103919E-01
  4.336000E+03 -9.977220E-01
  4.336500E+03 -1.054304E+00
  4.337000E+03 -1.076106E+00
  4.337500E+03 -1.060655E+00
  4.338000E+03 -1.007132E+00
  4.338500E+03 -9.163663E-01
  4.339000E+03 -7.907506E-01
  4.339500E+03 -6.340739E-01
  4.340000E+03 -4.512856E-01
  4.340500E+03 -2.482124E-01
  4.341000E+03 -3.124389E-02
  4.341500E+03  1.929886E-01
  4.342000E+03  4.179230E-01
  4.342500E+03  6.373447E-01
  4.343000E+03  8.456190E-01
  4.343500E+03  1.037863E+00
  4.344000E+03  1.210054E+00
  4.344500E+03  1.359063E+00
  4.345000E+03  1.482633E+00
  4.345500E+03  1.579294E+00
  4.346000E+03  1.648234E+00
  4.346500E+03  1.689147E+00
  4.347000E+03  1.702062E+00
  4.347500E+03  1.687188E+00
  4.348000E+03  1.644776E+00
  4.348500E+03  1.575022E+00
  4.349000E+03  1.478018E+00
  4.349500E+03  1.353763E+00
  4.350000E+03  1.202227E+00
  4.350500E+03  1.023466E+00
  4.351000E+03  8.177895E-01
  4.351500E+03  5.859502E-01
  4.352000E+03  3.293498E-01
  4.352500E+03  5.023948E-02
  4.353000E+03 -2.481069E-01
  4.353500E+03 -5.612658E-01
  4.354000E+03 -8.836007E-01
  4.354500E+03 -1.208274E+00
  4.355000E+03 -1.527349E+00
  4.355500E+03 -1.831973E+00
  4.356000E+03 -2.112653E+00
  4.356500E+03 -2.359604E+00
  4.357000E+03 -2.563158E+00
  4.357500E+03 -2.714212E+00
  4.358000E+03 -2.804689E+00
  4.358500E+03 -2.827996E+00
  4.359000E+03 -2.779431E+00
  4.359500E+03 -2.656534E+00
  4.360000E+03 -2.459344E+00
  4.360500E+03 -2.190550E+00
  4.361000E+03 -1.855520E+00
  4.361500E+03 -1.462202E+00
  4.362000E+03 -1.020896E+00
  4.362500E+03 -5.439141E-01
  4.363000E+03 -4.512809E-02
  4.363500E+03  4.605600E-01
  4.364000E+03  9.578042E-01
  4.364500E+03  1.431428E+00
  4.365000E+03  1.867029E+00
  4.365500E+03  2.251558E+00
  4.366000E+03  2.573814E+00
  4.366500E+03  2.824871E+00
  4.367000E+03  2.998382E+00
  4.367500E+03  3.090761E+00
  4.368000E+03  3.101239E+00
  4.368500E+03  3.031793E+00
  4.369000E+03  2.886953E+00
  4.369500E+03  2.673506E+00
  4.370000E+03  2.400112E+00
  4.370500E+03  2.076863E+00
  4.371000E+03  1.714810E+00
  4.371500E+03  1.325476E+00
  4.372000E+03  9.203968E-01
  4.372500E+03  5.106940E-01
  4.373000E+03  1.067213E-01
  4.373500E+03 -2.822212E-01
  4.374000E+03 -6.480850E-01
  4.374500E+03 -9.841846E-01
  4.375000E+03 -1.285225E+00
  4.375500E+03 -1.547257E+00
  4.376000E+03 -1.767565E+00
  4.376500E+03 -1.944518E+00
  4.377000E+03 -2.077389E+00
  4.377500E+03 -2.166170E+00
  4.378000E+03 -2.211393E+00
  4.378500E+03 -2.213986E+00
  4.379000E+03 -2.175157E+00
  4.379500E+03 -2.096334E+00
  4.380000E+03 -1.979146E+00
  4.380500E+03 -1.825459E+00
  4.381000E+03 -1.637445E+00
  4.381500E+03 -1.417690E+00
  4.382000E+03 -1.169311E+00
  4.382500E+03 -8.960757E-01
  4.383000E+03 -6.025060E-01
  4.383500E+03 -2.939490E-01
  4.384000E+03  2.340050E-02
  4.384500E+03  3.425350E-01
  4.385000E+03  6.557355E-01
  4.385500E+03  9.547405E-01
  4.386000E+03  1.230981E+00
  4.386500E+03  1.475876E+00
  4.387000E+03  1.681166E+00
  4.387500E+03  1.839285E+00
  4.388000E+03  1.943739E+00
  4.388500E+03  1.989462E+00
  4.389000E+03  1.973157E+00
  4.389500E+03  1.893559E+00
  4.390000E+03  1.751640E+00
  4.390500E+03  1.550708E+00
  4.391000E+03  1.296415E+00
  4.391500E+03  9.966466E-01
  4.392000E+03  6.613046E-01
  4.392500E+03  3.019877E-01
  4.393000E+03 -6.842404E-02
  4.393500E+03 -4.362587E-01
  4.394000E+03 -7.875971E-01
  4.394500E+03 -1.108848E+00
  4.395000E+03 -1.387324E+00
  4.395500E+03 -1.611800E+00
  4.396000E+03 -1.773010E+00
  4.396500E+03 -1.864077E+00
  4.397000E+03 -1.880843E+00
  4.397500E+03 -1.822082E+00
  4.398000E+03 -1.689592E+00
  4.398500E+03 -1.488154E+00
  4.399000E+03 -1.225360E+00
  4.399500E+03 -9.113174E-01
  4.400000E+03 -5.582437E-01
  4.400500E+03 -1.799686E-01
  4.401000E+03  2.086361E-01
  4.401500E+03  5.922709E-01
  4.402000E+03  9.558412E-01
  4.402500E+03  1.285079E+00
  4.403000E+03  1.567128E+00
  4.403500E+03  1.791064E+00
  4.404000E+03  1.948330E+00
  4.404500E+03  2.033067E+00
  4.405000E+03  2.042328E+00
  4.405500E+03  1.976163E+00
  4.406000E+03  1.837581E+00
  4.406500E+03  1.632381E+00
  4.407000E+03  1.368875E+00
  4.407500E+03  1.057498E+00
  4.408000E+03  7.103484E-01
  4.408500E+03  3.406585E-01
  4.409000E+03 -3.777175E-02
  4.409500E+03 -4.111480E-01
  4.410000E+03 -7.662434E-01
  4.410500E+03 -1.090920E+00
  4.411000E+03 -1.374591E+00
  4.411500E+03 -1.608598E+00
  4.412000E+03 -1.786494E+00
  4.412500E+03 -1.904225E+00
  4.413000E+03 -1.960194E+00
  4.413500E+03 -1.955214E+00
  4.414000E+03 -1.892359E+00
  4.414500E+03 -1.776719E+00
  4.415000E+03 -1.615069E+00
  4.415500E+03 -1.415483E+00
  4.416000E+03 -1.186899E+00
  4.416500E+03 -9.386754E-01
  4.417000E+03 -6.801416E-01
  4.417500E+03 -4.201824E-01
  4.418000E+03 -1.668664E-01
  4.418500E+03  7.285864E-02
  4.419000E+03  2.933934E-01
  4.419500E+03  4.906261E-01
  4.420000E+03  6.619794E-01
  4.420500E+03  8.063675E-01
  4.421000E+03  9.240674E-01
  4.421500E+03  1.016517E+00
  4.422000E+03  1.086052E+00
  4.422500E+03  1.135608E+00
  4.423000E+03  1.168395E+00
  4.423500E+03  1.187573E+00
  4.424000E+03  1.195960E+00
  4.424500E+03  1.195769E+00
  4.425000E+03  1.188407E+00
  4.425500E+03  1.174357E+00
  4.426000E+03  1.153122E+00
  4.426500E+03  1.123271E+00
  4.427000E+03  1.082558E+00
  4.427500E+03  1.028121E+00
  4.428000E+03  9.567462E-01
  4.428500E+03  8.651777E-01
  4.429000E+03  7.504569E-01
  4.429500E+03  6.102691E-01
  4.430000E+03  4.432725E-01
  4.430500E+03  2.493874E-01
  4.431000E+03  3.002622E-02
  4.431500E+03 -2.117568E-01
  4.432000E+03 -4.712072E-01
  4.432500E+03 -7.419147E-01
  4.433000E+03 -1.015962E+00
  4.433500E+03 -1.284174E+00
  4.434000E+03 -1.536467E+00
  4.434500E+03 -1.762268E+00
  4.435000E+03 -1.950998E+00
  4.435500E+03 -2.092596E+00
  4.436000E+03 -2.178042E+00
  4.436500E+03 -2.199874E+00
  4.437000E+03 -2.152651E+00
  4.437500E+03 -2.033345E+00
  4.438000E+03 -1.841645E+00
  4.438500E+03 -1.580136E+00
  4.439000E+03 -1.254361E+00
  4.439500E+03 -8.727374E-01
  4.440000E+03 -4.463463E-01
  4.440500E+03  1.141569E-02
  4.441000E+03  4.852986E-01
  4.441500E+03  9.587634E-01
  4.442000E+03  1.414621E+00
  4.442500E+03  1.835722E+00
  4.443000E+03  2.205662E+00
  4.443500E+03  2.509477E+00
  4.444000E+03  2.734292E+00
  4.444500E+03  2.869895E+00
  4.445000E+03  2.909214E+00
  4.445500E+03  2.848667E+00
  4.446000E+03  2.688376E+00
  4.446500E+03  2.432227E+00
  4.447000E+03  2.087779E+00
  4.447500E+03  1.666019E+00
  4.448000E+03  1.180981E+00
  4.448500E+03  6.492271E-01
  4.449000E+03  8.923412E-02
  4.449500E+03 -4.793058E-01
  4.450000E+03 -1.036235E+00
  4.450500E+03 -1.561703E+00
  4.451000E+03 -2.036923E+00
  4.451500E+03 -2.444893E+00
  4.452000E+03 -2.771044E+00
  4.452500E+03 -3.003793E+00
  4.453000E+03 -3.134973E+00
  4.453500E+03 -3.160140E+00
  4.454000E+03 -3.078720E+00
  4.454500E+03 -2.894012E+00
  4.455000E+03 -2.613045E+00
  4.455500E+03 -2.246285E+00
  4.456000E+03 -1.807214E+00
  4.456500E+03 -1.311795E+00
  4.457000E+03 -7.778512E-01
  4.457500E+03 -2.243723E-01
  4.458000E+03  3.292103E-01
  4.458500E+03  8.637600E-01
  4.459000E+03  1.361150E+00
  4.459500E+03  1.804930E+00
  4.460000E+03  2.180918E+00
  4.460500E+03  2.477696E+00
  4.461000E+03  2.686989E+00
  4.461500E+03  2.803914E+00
  4.462000E+03  2.827099E+00
  4.462500E+03  2.758646E+00
  4.463000E+03  2.603974E+00
  4.463500E+03  2.371525E+00
  4.464000E+03  2.072352E+00
  4.464500E+03  1.719619E+00
  4.465000E+03  1.328019E+00
  4.465500E+03  9.131505E-01
  4.466000E+03  4.908644E-01
  4.466500E+03  7.662209E-02
  4.467000E+03 -3.151167E-01
  4.467500E+03 -6.714471E-01
  4.468000E+03 -9.814925E-01
  4.468500E+03 -1.236778E+00
  4.469000E+03 -1.431490E+00
  4.469500E+03 -1.562615E+00
  4.470000E+03 -1.629952E+00
  4.470500E+03 -1.635995E+00
  4.471000E+03 -1.585713E+00
  4.471500E+03 -1.486210E+00
  4.472000E+03 -1.346312E+00
  4.472500E+03 -1.176084E+00
  4.473000E+03 -9.863033E-01
  4.473500E+03 -7.879207E-01
  4.474000E+03 -5.915303E-01
  4.474500E+03 -4.068719E-01
  4.475000E+03 -2.423911E-01
  4.475500E+03 -1.048751E-01
  4.476000E+03  8.188879E-04
  4.476500E+03  7.193333E-02
  4.477000E+03  1.078709E-01
  4.477500E+03  1.101464E-01
  4.478000E+03  8.223342E-02
  4.478500E+03  2.931750E-02
  4.479000E+03 -4.203236E-02
  4.479500E+03 -1.242547E-01
  4.480000E+03 -2.092290E-01
  4.480500E+03 -2.887301E-01
  4.481000E+03 -3.548794E-01
  4.481500E+03 -4.005727E-01
  4.482000E+03 -4.198618E-01
  4.482500E+03 -4.082746E-01
  4.483000E+03 -3.630558E-01
  4.483500E+03 -2.833202E-01
  4.484000E+03 -1.701114E-01
  4.484500E+03 -2.636346E-02
  4.485000E+03  1.432299E-01
  4.485500E+03  3.324323E-01
  4.486000E+03  5.337560E-01
  4.486500E+03  7.388131E-01
  4.487000E+03  9.387089E-01
  4.487500E+03  1.124459E+00
  4.488000E+03  1.287410E+00
  4.488500E+03  1.419644E+00
  4.489000E+03  1.514347E+00
  4.489500E+03  1.566131E+00
  4.490000E+03  1.571282E+00
  4.490500E+03  1.527940E+00
  4.491000E+03  1.436187E+00
  4.491500E+03  1.298056E+00
  4.492000E+03  1.117450E+00
  4.492500E+03  8.999700E-01
  4.493000E+03  6.526874E-01
  4.493500E+03  3.838368E-01
  4.494000E+03  1.024697E-01
  4.494500E+03 -1.819267E-01
  4.495000E+03 -4.598254E-01
  4.495500E+03 -7.220520E-01
  4.496000E+03 -9.601567E-01
  4.496500E+03 -1.166749E+00
  4.497000E+03 -1.335780E+00
  4.497500E+03 -1.462763E+00
  4.498000E+03 -1.544918E+00
  4.498500E+03 -1.581239E+00
  4.499000E+03 -1.572485E+00
  4.499500E+03 -1.521084E+00
  4.500000E+03 -1.430971E+00
  4.500500E+03 -1.307365E+00
  4.501000E+03 -1.156480E+00
  4.501500E+03 -9.852179E-01
  4.502000E+03 -8.008236E-01
  4.502500E+03 -6.105453E-01
  4.503000E+03 -4.213042E-01
  4.503500E+03 -2.393932E-01
  4.504000E+03 -7.022004E-02
  4.504500E+03  8.189442E-02
  4.505000E+03  2.138525E-01
  4.505500E+03  3.238456E-01
  4.506000E+03  4.113467E-01
  4.506500E+03  4.770337E-01
  4.507000E+03  5.226468E-01
  4.507500E+03  5.507922E-01
  4.508000E+03  5.647022E-01
  4.508500E+03  5.679687E-01
  4.509000E+03  5.642649E-01
  4.509500E+03  5.570730E-01
  4.510000E+03  5.494346E-01
  4.510500E+03  5.437386E-01
  4.511000E+03  5.415594E-01
  4.511500E+03  5.435563E-01
  4.512000E+03  5.494390E-01
  4.512500E+03  5.580028E-01
  4.513000E+03  5.672295E-01
  4.513500E+03  5.744500E-01
  4.514000E+03  5.765567E-01
  4.514500E+03  5.702531E-01
  4.515000E+03  5.523245E-01
  4.515500E+03  5.199129E-01
  4.516000E+03  4.707775E-01
  4.516500E+03  4.035241E-01
  4.517000E+03  3.177873E-01
  4.517500E+03  2.143532E-01
  4.518000E+03  9.521245E-02
  4.518500E+03 -3.646127E-02
  4.519000E+03 -1.764085E-01
  4.519500E+03 -3.194529E-01
  4.520000E+03 -4.597341E-01
  4.520500E+03 -5.909923E-01
  4.521000E+03 -7.068886E-01
  4.521500E+03 -8.013447E-01
  4.522000E+03 -8.688816E-01
  4.522500E+03 -9.049384E-01
  4.523000E+03 -9.061536E-01
  4.523500E+03 -8.705914E-01
  4.524000E+03 -7.979009E-01
  4.524500E+03 -6.893979E-01
  4.525000E+03 -5.480643E-01
  4.525500E+03 -3.784641E-01
  4.526000E+03 -1.865810E-01
  4.526500E+03  2.041595E-02
  4.527000E+03  2.344654E-01
  4.527500E+03  4.469514E-01
  4.528000E+03  6.490683E-01
  4.528500E+03  8.321948E-01
  4.529000E+03  9.882605E-01
  4.529500E+03  1.110085E+00
  4.530000E+03  1.191679E+00
  4.530500E+03  1.228488E+00
  4.531000E+03  1.217577E+00
  4.531500E+03  1.157747E+00
  4.532000E+03  1.049577E+00
  4.532500E+03  8.953999E-01
  4.533000E+03  6.992156E-01
  4.533500E+03  4.665406E-01
  4.534000E+03  2.042139E-01
  4.534500E+03 -7.983716E-02
  4.535000E+03 -3.768585E-01
  4.535500E+03 -6.775474E-01
  4.536000E+03 -9.723371E-01
  4.536500E+03 -1.251679E+00
  4.537000E+03 -1.506317E+00
  4.537500E+03 -1.727542E+00
  4.538000E+03 -1.907431E+00
  4.538500E+03 -2.039064E+00
  4.539000E+03 -2.116710E+00
  4.539500E+03 -2.135995E+00
  4.540000E+03 -2.094037E+00
  4.540500E+03 -1.989558E+00
  4.541000E+03 -1.822963E+00
  4.541500E+03 -1.596388E+00
  4.542000E+03 -1.313716E+00
  4.542500E+03 -9.805523E-01
  4.543000E+03 -6.041582E-01
  4.543500E+03 -1.933399E-01
  4.544000E+03  2.417123E-01
  4.544500E+03  6.896354E-01
  4.545000E+03  1.138158E+00
  4.545500E+03  1.574411E+00
  4.546000E+03  1.985292E+00
  4.546500E+03  2.357853E+00
  4.547000E+03  2.679732E+00
  4.547500E+03  2.939584E+00
  4.548000E+03  3.127515E+00
  4.548500E+03  3.235497E+00
  4.549000E+03  3.257733E+00
  4.549500E+03  3.190975E+00
  4.550000E+03  3.034750E+00
  4.550500E+03  2.791500E+00
  4.551000E+03  2.466609E+00
  4.551500E+03  2.068315E+00
  4.552000E+03  1.607507E+00
  4.552500E+03  1.097397E+00
  4.553000E+03  5.530914E-01
  4.553500E+03 -8.935603E-03
  4.554000E+03 -5.714375E-01
  4.554500E+03 -1.117041E+00
  4.555000E+03 -1.628913E+00
  4.555500E+03 -2.091409E+00
  4.556000E+03 -2.490691E+00
  4.556500E+03 -2.815265E+00
  4.557000E+03 -3.056424E+00
  4.557500E+03 -3.208567E+00
  4.558000E+03 -3.269393E+00
  4.558500E+03 -3.239930E+00
  4.559000E+03 -3.124436E+00
  4.559500E+03 -2.930143E+00
  4.560000E+03 -2.666875E+00
  4.560500E+03 -2.346563E+00
  4.561000E+03 -1.982668E+00
  4.561500E+03 -1.589551E+00
  4.562000E+03 -1.181824E+00
  4.562500E+03 -7.737073E-01
  4.563000E+03 -3.784330E-01
  4.563500E+03 -7.716802E-03
  4.564000E+03  3.286723E-01
  4.564500E+03  6.232286E-01
  4.565000E+03  8.708990E-01
  4.565500E+03  1.069141E+00
  4.566000E+03  1.217853E+00
  4.566500E+03  1.319180E+00
  4.567000E+03  1.377225E+00
  4.567500E+03  1.397667E+00
  4.568000E+03  1.387325E+00
  4.568500E+03  1.353689E+00
  4.569000E+03  1.304449E+00
  4.569500E+03  1.247036E+00
  4.570000E+03  1.188220E+00
  4.570500E+03  1.133757E+00
  4.571000E+03  1.088129E+00
  4.571500E+03  1.054359E+00
  4.572000E+03  1.033931E+00
  4.572500E+03  1.026789E+00
  4.573000E+03  1.031430E+00
  4.573500E+03  1.045063E+00
  4.574000E+03  1.063833E+00
  4.574500E+03  1.083090E+00
  4.575000E+03  1.097676E+00
  4.575500E+03  1.102235E+00
  4.576000E+03  1.091507E+00
  4.576500E+03  1.060608E+00
  4.577000E+03  1.005275E+00
  4.577500E+03  9.220849E-01
  4.578000E+03  8.086109E-01
  4.578500E+03  6.635516E-01
  4.579000E+03  4.868051E-01
  4.579500E+03  2.795037E-01
  4.580000E+03  4.400982E-02
  4.580500E+03 -2.161222E-01
  4.581000E+03 -4.962147E-01
  4.581500E+03 -7.905598E-01
  4.582000E+03 -1.092537E+00
  4.582500E+03 -1.394748E+00
  4.583000E+03 -1.689177E+00
  4.583500E+03 -1.967366E+00
  4.584000E+03 -2.220612E+00
  4.584500E+03 -2.440186E+00
  4.585000E+03 -2.617573E+00
  4.585500E+03 -2.744736E+00
  4.586000E+03 -2.814388E+00
  4.586500E+03 -2.820288E+00
  4.587000E+03 -2.757532E+00
  4.587500E+03 -2.622846E+00
  4.588000E+03 -2.414852E+00
  4.588500E+03 -2.134314E+00
  4.589000E+03 -1.784320E+00
  4.589500E+03 -1.370413E+00
  4.590000E+03 -9.006306E-01
  4.590500E+03 -3.854609E-01
  4.591000E+03  1.623157E-01
  4.591500E+03  7.278873E-01
  4.592000E+03  1.294786E+00
  4.592500E+03  1.845371E+00
  4.593000E+03  2.361399E+00
  4.593500E+03  2.824685E+00
  4.594000E+03  3.217801E+00
  4.594500E+03  3.524815E+00
  4.595000E+03  3.732013E+00
  4.595500E+03  3.828583E+00
  4.596000E+03  3.807219E+00
  4.596500E+03  3.664621E+00
  4.597000E+03  3.401842E+00
  4.597500E+03  3.024475E+00
  4.598000E+03  2.542653E+00
  4.598500E+03  1.970846E+00
  4.599000E+03  1.327468E+00
  4.599500E+03  6.342839E-01
  4.600000E+03 -8.434673E-02
  4.600500E+03 -8.023759E-01
  4.601000E+03 -1.493081E+00
  4.601500E+03 -2.130143E+00
  4.602000E+03 -2.688749E+00
  4.602500E+03 -3.146662E+00
  4.603000E+03 -3.485206E+00
  4.603500E+03 -3.690133E+00
  4.604000E+03 -3.752314E+00
  4.604500E+03 -3.668224E+00
  4.605000E+03 -3.440201E+00
  4.605500E+03 -3.076446E+00
  4.606000E+03 -2.590778E+00
  4.606500E+03 -2.002141E+00
  4.607000E+03 -1.333879E+00
  4.607500E+03 -6.128094E-01
  4.608000E+03  1.318544E-01
  4.608500E+03  8.697075E-01
  4.609000E+03  1.570413E+00
  4.609500E+03  2.204973E+00
  4.610000E+03  2.746949E+00
  4.610500E+03  3.173583E+00
  4.611000E+03  3.466766E+00
  4.611500E+03  3.613814E+00
  4.612000E+03  3.608012E+00
  4.612500E+03  3.448914E+00
  4.613000E+03  3.142370E+00
  4.613500E+03  2.700294E+00
  4.614000E+03  2.140175E+00
  4.614500E+03  1.484348E+00
  4.615000E+03  7.590799E-01
  4.615500E+03 -6.526237E-03
  4.616000E+03 -7.817251E-01
  4.616500E+03 -1.535394E+00
  4.617000E+03 -2.237306E+00
  4.617500E+03 -2.859354E+00
  4.618000E+03 -3.376687E+00
  4.618500E+03 -3.768692E+00
  4.619000E+03 -4.019809E+00
  4.619500E+03 -4.120117E+00
  4.620000E+03 -4.065688E+00
  4.620500E+03 -3.858697E+00
  4.621000E+03 -3.507277E+00
  4.621500E+03 -3.025128E+00
  4.622000E+03 -2.430914E+00
  4.622500E+03 -1.747460E+00
  4.623000E+03 -1.000790E+00
  4.623500E+03 -2.190545E-01
  4.624000E+03  5.686165E-01
  4.624500E+03  1.333277E+00
  4.625000E+03  2.047301E+00
  4.625500E+03  2.685447E+00
  4.626000E+03  3.225801E+00
  4.626500E+03  3.650565E+00
  4.627000E+03  3.946664E+00
  4.627500E+03  4.106147E+00
  4.628000E+03  4.126368E+00
  4.628500E+03  4.009949E+00
  4.629000E+03  3.764532E+00
  4.629500E+03  3.402328E+00
  4.630000E+03  2.939502E+00
  4.630500E+03  2.395411E+00
  4.631000E+03  1.791737E+00
  4.631500E+03  1.151555E+00
  4.632000E+03  4.983854E-01
  4.632500E+03 -1.447491E-01
  4.633000E+03 -7.561959E-01
  4.633500E+03 -1.316459E+00
  4.634000E+03 -1.808859E+00
  4.634500E+03 -2.220049E+00
  4.635000E+03 -2.540364E+00
  4.635500E+03 -2.764005E+00
  4.636000E+03 -2.889047E+00
  4.636500E+03 -2.917290E+00
  4.637000E+03 -2.853961E+00
  4.637500E+03 -2.707288E+00
  4.638000E+03 -2.487980E+00
  4.638500E+03 -2.208632E+00
  4.639000E+03 -1.883094E+00
  4.639500E+03 -1.525828E+00
  4.640000E+03 -1.151293E+00
  4.640500E+03 -7.733711E-01
  4.641000E+03 -4.048711E-01
  4.641500E+03 -5.711446E-02
  4.642000E+03  2.603746E-01
  4.642500E+03  5.400745E-01
  4.643000E+03  7.765652E-01
  4.643500E+03  9.665265E-01
  4.644000E+03  1.108644E+00
  4.644500E+03  1.203441E+00
  4.645000E+03  1.253043E+00
  4.645500E+03  1.260909E+00
  4.646000E+03  1.231528E+00
  4.646500E+03  1.170119E+00
  4.647000E+03  1.082328E+00
  4.647500E+03  9.739634E-01
  4.648000E+03  8.507520E-01
  4.648500E+03  7.181412E-01
  4.649000E+03  5.811455E-01
  4.649500E+03  4.442380E-01
  4.650000E+03  3.112843E-01
  4.650500E+03  1.855145E-01
  4.651000E+03  6.952744E-02
  4.651500E+03 -3.468103E-02
  4.652000E+03 -1.256728E-01
  4.652500E+03 -2.025127E-01
  4.653000E+03 -2.647108E-01
  4.653500E+03 -3.121658E-01
  4.654000E+03 -3.451140E-01
  4.654500E+03 -3.640851E-01
  4.655000E+03 -3.698648E-01
  4.655500E+03 -3.634635E-01
  4.656000E+03 -3.460882E-01
  4.656500E+03 -3.191157E-01
  4.657000E+03 -2.840640E-01
  4.657500E+03 -2.425589E-01
  4.658000E+03 -1.962952E-01
  4.658500E+03 -1.469910E-01
  4.659000E+03 -9.633569E-02
  4.659500E+03 -4.593411E-02
  4.660000E+03  2.750857E-03
  4.660500E+03  4.845301E-02
  4.661000E+03  9.015076E-02
  4.661500E+03  1.271035E-01
  4.662000E+03  1.588727E-01
  4.662500E+03  1.853238E-01
  4.663000E+03  2.066079E-01
  4.663500E+03  2.231217E-01
  4.664000E+03  2.354479E-01
  4.664500E+03  2.442788E-01
  4.665000E+03  2.503281E-01
  4.665500E+03  2.542370E-01
  4.666000E+03  2.564830E-01
  4.666500E+03  2.572975E-01
  4.667000E+03  2.566013E-01
  4.667500E+03  2.539647E-01
  4.668000E+03  2.485975E-01
  4.668500E+03  2.393724E-01
  4.669000E+03  2.248844E-01
  4.669500E+03  2.035423E-01
  4.670000E+03  1.736917E-01
  4.670500E+03  1.337593E-01
  4.671000E+03  8.241300E-02
  4.671500E+03  1.872424E-02
  4.672000E+03 -5.767700E-02
  4.672500E+03 -1.464677E-01
  4.673000E+03 -2.465287E-01
  4.673500E+03 -3.558837E-01
  4.674000E+03 -4.716875E-01
  4.674500E+03 -5.902693E-01
  4.675000E+03 -7.072325E-01
  4.675500E+03 -8.176096E-01
  4.676000E+03 -9.160658E-01
  4.676500E+03 -9.971440E-01
  4.677000E+03 -1.055537E+00
  4.677500E+03 -1.086377E+00
  4.678000E+03 -1.085517E+00
  4.678500E+03 -1.049802E+00
  4.679000E+03 -9.773013E-01
  4.679500E+03 -8.674903E-01
  4.680000E+03 -7.213757E-01
  4.680500E+03 -5.415457E-01
  4.681000E+03 -3.321457E-01
  4.681500E+03 -9.877584E-02
  4.682000E+03  1.516862E-01
  4.682500E+03  4.113308E-01
  4.683000E+03  6.715186E-01
  4.683500E+03  9.232258E-01
  4.684000E+03  1.157417E+00
  4.684500E+03  1.365423E+00
  4.685000E+03  1.539315E+00
  4.685500E+03  1.672247E+00
  4.686000E+03  1.758750E+00
  4.686500E+03  1.794977E+00
  4.687000E+03  1.778872E+00
  4.687500E+03  1.710259E+00
  4.688000E+03  1.590864E+00
  4.688500E+03  1.424237E+00
  4.689000E+03  1.215618E+00
  4.689500E+03  9.717192E-01
  4.690000E+03  7.004604E-01
  4.690500E+03  4.106534E-01
  4.691000E+03  1.116608E-01
  4.691500E+03 -1.869620E-01
  4.692000E+03 -4.758225E-01
  4.692500E+03 -7.460316E-01
  4.693000E+03 -9.895151E-01
  4.693500E+03 -1.199285E+00
  4.694000E+03 -1.369661E+00
  4.694500E+03 -1.496437E+00
  4.695000E+03 -1.576987E+00
  4.695500E+03 -1.610307E+00
  4.696000E+03 -1.597005E+00
  4.696500E+03 -1.539222E+00
  4.697000E+03 -1.440511E+00
  4.697500E+03 -1.305668E+00
  4.698000E+03 -1.140521E+00
  4.698500E+03 -9.516982E-01
  4.699000E+03 -7.463678E-01
  4.699500E+03 -5.319750E-01
  4.700000E+03 -3.159726E-01
  4.700500E+03 -1.055615E-01
  4.701000E+03  9.255404E-02
  4.701500E+03  2.723867E-01
  4.702000E+03  4.288569E-01
  4.702500E+03  5.579469E-01
  4.703000E+03  6.568143E-01
  4.703500E+03  7.238613E-01
  4.704000E+03  7.587576E-01
  4.704500E+03  7.624159E-01
  4.705000E+03  7.369221E-01
  4.705500E+03  6.854217E-01
  4.706000E+03  6.119669E-01
  4.706500E+03  5.213311E-01
  4.707000E+03  4.187964E-01
  4.707500E+03  3.099247E-01
  4.708000E+03  2.003195E-01
  4.708500E+03  9.539072E-02
  4.709000E+03  1.308798E-04
  4.709500E+03 -8.108652E-02
  4.710000E+03 -1.446779E-01
  4.710500E+03 -1.879822E-01
  4.711000E+03 -2.093491E-01
  4.711500E+03 -2.081798E-01
  4.712000E+03 -1.849187E-01
  4.712500E+03 -1.409976E-01
  4.713000E+03 -7.873621E-02
  4.713500E+03 -1.205480E-03
  4.714000E+03  8.793804E-02
  4.714500E+03  1.846372E-01
  4.715000E+03  2.846273E-01
  4.715500E+03  3.836272E-01
  4.716000E+03  4.775168E-01
  4.716500E+03  5.624923E-01
  4.717000E+03  6.351918E-01
  4.717500E+03  6.927851E-01
  4.718000E+03  7.330268E-01
  4.718500E+03  7.542709E-01
  4.719000E+03  7.554528E-01
  4.719500E+03  7.360410E-01
  4.720000E+03  6.959697E-01
  4.720500E+03  6.355595E-01
  4.721000E+03  5.554361E-01
  4.721500E+03  4.564588E-01
  4.722000E+03  3.396647E-01
  4.722500E+03  2.062390E-01
  4.723000E+03  5.751221E-02
  4.723500E+03 -1.050107E-01
  4.724000E+03 -2.795935E-01
  4.724500E+03 -4.641888E-01
  4.725000E+03 -6.563422E-01
  4.725500E+03 -8.530939E-01
  4.726000E+03 -1.050887E+00
  4.726500E+03 -1.245501E+00
  4.727000E+03 -1.432018E+00
  4.727500E+03 -1.604839E+00
  4.728000E+03 -1.757760E+00
  4.728500E+03 -1.884104E+00
  4.729000E+03 -1.976932E+00
  4.729500E+03 -2.029304E+00
  4.730000E+03 -2.034604E+00
  4.730500E+03 -1.986902E+00
  4.731000E+03 -1.881343E+00
  4.731500E+03 -1.714537E+00
  4.732000E+03 -1.484929E+00
  4.732500E+03 -1.193123E+00
  4.733000E+03 -8.421383E-01
  4.733500E+03 -4.375642E-01
  4.734000E+03  1.238625E-02
  4.734500E+03  4.969565E-01
  4.735000E+03  1.003057E+00
  4.735500E+03  1.515608E+00
  4.736000E+03  2.018014E+00
  4.736500E+03  2.492741E+00
  4.737000E+03  2.921992E+00
  4.737500E+03  3.288436E+00
  4.738000E+03  3.575967E+00
  4.738500E+03  3.770455E+00
  4.739000E+03  3.860446E+00
  4.739500E+03  3.837781E+00
  4.740000E+03  3.698094E+00
  4.740500E+03  3.441166E+00
  4.741000E+03  3.071102E+00
  4.741500E+03  2.596328E+00
  4.742000E+03  2.029398E+00
  4.742500E+03  1.386610E+00
  4.743000E+03  6.874561E-01
  4.743500E+03 -4.608640E-02
  4.744000E+03 -7.903761E-01
  4.744500E+03 -1.521017E+00
  4.745000E+03 -2.213807E+00
  4.745500E+03 -2.845692E+00
  4.746000E+03 -3.395667E+00
  4.746500E+03 -3.845598E+00
  4.747000E+03 -4.180924E+00
  4.747500E+03 -4.391198E+00
  4.748000E+03 -4.470460E+00
  4.748500E+03 -4.417417E+00
  4.749000E+03 -4.235430E+00
  4.749500E+03 -3.932301E+00
  4.750000E+03 -3.519897E+00
  4.750500E+03 -3.013605E+00
  4.751000E+03 -2.431664E+00
  4.751500E+03 -1.794400E+00
  4.752000E+03 -1.123398E+00
  4.752500E+03 -4.406610E-01
  4.753000E+03  2.322232E-01
  4.753500E+03  8.748624E-01
  4.754000E+03  1.468757E+00
  4.754500E+03  1.997890E+00
  4.755000E+03  2.449190E+00
  4.755500E+03  2.812856E+00
  4.756000E+03  3.082530E+00
  4.756500E+03  3.255329E+00
  4.757000E+03  3.331741E+00
  4.757500E+03  3.315390E+00
  4.758000E+03  3.212699E+00
  4.758500E+03  3.032464E+00
  4.759000E+03  2.785369E+00
  4.759500E+03  2.483459E+00
  4.760000E+03  2.139601E+00
  4.760500E+03  1.766958E+00
  4.761000E+03  1.378483E+00
  4.761500E+03  9.864775E-01
  4.762000E+03  6.021941E-01
  4.762500E+03  2.355279E-01
  4.763000E+03 -1.052192E-01
  4.763500E+03 -4.134889E-01
  4.764000E+03 -6.845326E-01
  4.764500E+03 -9.154002E-01
  4.765000E+03 -1.104854E+00
  4.765500E+03 -1.253222E+00
  4.766000E+03 -1.362194E+00
  4.766500E+03 -1.434584E+00
  4.767000E+03 -1.474058E+00
  4.767500E+03 -1.484857E+00
  4.768000E+03 -1.471509E+00
  4.768500E+03 -1.438563E+00
  4.769000E+03 -1.390341E+00
  4.769500E+03 -1.330726E+00
  4.770000E+03 -1.262991E+00
  4.770500E+03 -1.189682E+00
  4.771000E+03 -1.112544E+00
  4.771500E+03 -1.032516E+00
  4.772000E+03 -9.497631E-01
  4.772500E+03 -8.637781E-01
  4.773000E+03 -7.735128E-01
  4.773500E+03 -6.775548E-01
  4.774000E+03 -5.743291E-01
  4.774500E+03 -4.623146E-01
  4.775000E+03 -3.402641E-01
  4.775500E+03 -2.074132E-01
  4.776000E+03 -6.366486E-02
  4.776500E+03  9.026140E-02
  4.777000E+03  2.527286E-01
  4.777500E+03  4.211367E-01
  4.778000E+03  5.919388E-01
  4.778500E+03  7.607220E-01
  4.779000E+03  9.223521E-01
  4.779500E+03  1.071176E+00
  4.780000E+03  1.201277E+00
  4.780500E+03  1.306765E+00
  4.781000E+03  1.382097E+00
  4.781500E+03  1.422396E+00
  4.782000E+03  1.423772E+00
  4.782500E+03  1.383601E+00
  4.783000E+03  1.300765E+00
  4.783500E+03  1.175826E+00
  4.784000E+03  1.011130E+00
  4.784500E+03  8.108125E-01
  4.785000E+03  5.807299E-01
  4.785500E+03  3.282859E-01
  4.786000E+03  6.217924E-02
  4.786500E+03 -2.079284E-01
  4.787000E+03 -4.718063E-01
  4.787500E+03 -7.190939E-01
  4.788000E+03 -9.397633E-01
  4.788500E+03 -1.124583E+00
  4.789000E+03 -1.265559E+00
  4.789500E+03 -1.356328E+00
  4.790000E+03 -1.392488E+00
  4.790500E+03 -1.371842E+00
  4.791000E+03 -1.294543E+00
  4.791500E+03 -1.163132E+00
  4.792000E+03 -9.824668E-01
  4.792500E+03 -7.595424E-01
  4.793000E+03 -5.032112E-01
  4.793500E+03 -2.238154E-01
  4.794000E+03  6.724877E-02
  4.794500E+03  3.580165E-01
  4.795000E+03  6.364648E-01
  4.795500E+03  8.910239E-01
  4.796000E+03  1.111066E+00
  4.796500E+03  1.287347E+00
  4.797000E+03  1.412388E+00
  4.797500E+03  1.480766E+00
  4.798000E+03  1.489320E+00
  4.798500E+03  1.437255E+00
  4.799000E+03  1.326139E+00
  4.799500E+03  1.159809E+00
  4.800000E+03  9.441785E-01
  4.800500E+03  6.869706E-01
  4.801000E+03  3.973852E-01
  4.801500E+03  8.571838E-02
  4.802000E+03 -2.370459E-01
  4.802500E+03 -5.596551E-01
  4.803000E+03 -8.709990E-01
  4.803500E+03 -1.160497E+00
  4.804000E+03 -1.418447E+00
  4.804500E+03 -1.636325E+00
  4.805000E+03 -1.807029E+00
  4.805500E+03 -1.925057E+00
  4.806000E+03 -1.986627E+00
  4.806500E+03 -1.989730E+00
  4.807000E+03 -1.934127E+00
  4.807500E+03 -1.821292E+00
  4.808000E+03 -1.654309E+00
  4.808500E+03 -1.437732E+00
  4.809000E+03 -1.177416E+00
  4.809500E+03 -8.803220E-01
  4.810000E+03 -5.543104E-01
  4.810500E+03 -2.079271E-01
  4.811000E+03  1.498166E-01
  4.811500E+03  5.096619E-01
  4.812000E+03  8.623162E-01
  4.812500E+03  1.198661E+00
  4.813000E+03  1.509951E+00
  4.813500E+03  1.788005E+00
  4.814000E+03  2.025388E+00
  4.814500E+03  2.215574E+00
  4.815000E+03  2.353109E+00
  4.815500E+03  2.433744E+00
  4.816000E+03  2.454558E+00
  4.816500E+03  2.414062E+00
  4.817000E+03  2.312263E+00
  4.817500E+03  2.150722E+00
  4.818000E+03  1.932553E+00
  4.818500E+03  1.662406E+00
  4.819000E+03  1.346402E+00
  4.819500E+03  9.920221E-01
  4.820000E+03  6.079634E-01
  4.820500E+03  2.039464E-01
  4.821000E+03 -2.095144E-01
  4.821500E+03 -6.213752E-01
  4.822000E+03 -1.020359E+00
  4.822500E+03 -1.395270E+00
  4.823000E+03 -1.735331E+00
  4.823500E+03 -2.030509E+00
  4.824000E+03 -2.271850E+00
  4.824500E+03 -2.451787E+00
  4.825000E+03 -2.564414E+00
  4.825500E+03 -2.605730E+00
  4.826000E+03 -2.573823E+00
  4.826500E+03 -2.468994E+00
  4.827000E+03 -2.293821E+00
  4.827500E+03 -2.053139E+00
  4.828000E+03 -1.753952E+00
  4.828500E+03 -1.405261E+00
  4.829000E+03 -1.017827E+00
  4.829500E+03 -6.038514E-01
  4.830000E+03 -1.766060E-01
  4.830500E+03  2.499952E-01
  4.831000E+03  6.618608E-01
  4.831500E+03  1.045210E+00
  4.832000E+03  1.387066E+00
  4.832500E+03  1.675741E+00
  4.833000E+03  1.901287E+00
  4.833500E+03  2.055900E+00
  4.834000E+03  2.134258E+00
  4.834500E+03  2.133774E+00
  4.835000E+03  2.054756E+00
  4.835500E+03  1.900455E+00
  4.836000E+03  1.677011E+00
  4.836500E+03  1.393267E+00
  4.837000E+03  1.060487E+00
  4.837500E+03  6.919572E-01
  4.838000E+03  3.024978E-01
  4.838500E+03 -9.210021E-02
  4.839000E+03 -4.756946E-01
  4.839500E+03 -8.324413E-01
  4.840000E+03 -1.147448E+00
  4.840500E+03 -1.407400E+00
  4.841000E+03 -1.601140E+00
  4.841500E+03 -1.720158E+00
  4.842000E+03 -1.758986E+00
  4.842500E+03 -1.715466E+00
  4.843000E+03 -1.590876E+00
  4.843500E+03 -1.389912E+00
  4.844000E+03 -1.120521E+00
  4.844500E+03 -7.935840E-01
  4.845000E+03 -4.224757E-01
  4.845500E+03 -2.250213E-02
  4.846000E+03  3.897456E-01
  4.846500E+03  7.970981E-01
  4.847000E+03  1.182541E+00
  4.847500E+03  1.529941E+00
  4.848000E+03  1.824730E+00
  4.848500E+03  2.054514E+00
  4.849000E+03  2.209581E+00
  4.849500E+03  2.283281E+00
  4.850000E+03  2.272266E+00
  4.850500E+03  2.176574E+00
  4.851000E+03  1.999563E+00
  4.851500E+03  1.747692E+00
  4.852000E+03  1.430176E+00
  4.852500E+03  1.058525E+00
  4.853000E+03  6.459928E-01
  4.853500E+03  2.069764E-01
  4.854000E+03 -2.436108E-01
  4.854500E+03 -6.909577E-01
  4.855000E+03 -1.120933E+00
  4.855500E+03 -1.520598E+00
  4.856000E+03 -1.878622E+00
  4.856500E+03 -2.185606E+00
  4.857000E+03 -2.434274E+00
  4.857500E+03 -2.619560E+00
  4.858000E+03 -2.738580E+00
  4.858500E+03 -2.790502E+00
  4.859000E+03 -2.776338E+00
  4.859500E+03 -2.698672E+00
  4.860000E+03 -2.561358E+00
  4.860500E+03 -2.369205E+00
  4.861000E+03 -2.127671E+00
  4.861500E+03 -1.842604E+00
  4.862000E+03 -1.520021E+00
  4.862500E+03 -1.165961E+00
  4.863000E+03 -7.864039E-01
  4.863500E+03 -3.872527E-01
  4.864000E+03  2.561634E-02
  4.864500E+03  4.462628E-01
  4.865000E+03  8.685596E-01
  4.865500E+03  1.286063E+00
  4.866000E+03  1.691894E+00
  4.866500E+03  2.078661E+00
  4.867000E+03  2.438432E+00
  4.867500E+03  2.762782E+00
  4.868000E+03  3.042922E+00
  4.868500E+03  3.269910E+00
  4.869000E+03  3.434950E+00
  4.869500E+03  3.529760E+00
  4.870000E+03  3.546993E+00
  4.870500E+03  3.480701E+00
  4.871000E+03  3.326786E+00
  4.871500E+03  3.083443E+00
  4.872000E+03  2.751533E+00
  4.872500E+03  2.334874E+00
  4.873000E+03  1.840417E+00
  4.873500E+03  1.278280E+00
  4.874000E+03  6.616435E-01
  4.874500E+03  6.469841E-03
  4.875000E+03 -6.689187E-01
  4.875500E+03 -1.344414E+00
  4.876000E+03 -1.998818E+00
  4.876500E+03 -2.610637E+00
  4.877000E+03 -3.158933E+00
  4.877500E+03 -3.624198E+00
  4.878000E+03 -3.989209E+00
  4.878500E+03 -4.239814E+00
  4.879000E+03 -4.365613E+00
  4.879500E+03 -4.360498E+00
  4.880000E+03 -4.223019E+00
  4.880500E+03 -3.956554E+00
  4.881000E+03 -3.569271E+00
  4.881500E+03 -3.073883E+00
  4.882000E+03 -2.487195E+00
  4.882500E+03 -1.829471E+00
  4.883000E+03 -1.123646E+00
  4.883500E+03 -3.944102E-01
  4.884000E+03  3.327798E-01
  4.884500E+03  1.032728E+00
  4.885000E+03  1.681515E+00
  4.885500E+03  2.257450E+00
  4.886000E+03  2.741930E+00
  4.886500E+03  3.120153E+00
  4.887000E+03  3.381664E+00
  4.887500E+03  3.520709E+00
  4.888000E+03  3.536381E+00
  4.888500E+03  3.432559E+00
  4.889000E+03  3.217642E+00
  4.889500E+03  2.904092E+00
  4.890000E+03  2.507822E+00
  4.890500E+03  2.047440E+00
  4.891000E+03  1.543401E+00
  4.891500E+03  1.017098E+00
  4.892000E+03  4.899408E-01
  4.892500E+03 -1.754620E-02
  4.893000E+03 -4.865613E-01
  4.893500E+03 -9.007638E-01
  4.894000E+03 -1.246886E+00
  4.894500E+03 -1.515191E+00
  4.895000E+03 -1.699768E+00
  4.895500E+03 -1.798645E+00
  4.896000E+03 -1.813727E+00
  4.896500E+03 -1.750567E+00
  4.897000E+03 -1.617977E+00
  4.897500E+03 -1.427506E+00
  4.898000E+03 -1.192806E+00
  4.898500E+03 -9.289264E-01
  4.899000E+03 -6.515500E-01
  4.899500E+03 -3.762301E-01
  4.900000E+03 -1.176433E-01
  4.900500E+03  1.110988E-01
  4.901000E+03  2.990518E-01
  4.901500E+03  4.379277E-01
  4.902000E+03  5.224496E-01
  4.902500E+03  5.505573E-01
  4.903000E+03  5.234542E-01
  4.903500E+03  4.454954E-01
  4.904000E+03  3.239204E-01
  4.904500E+03  1.684455E-01
  4.905000E+03 -9.267968E-03
  4.905500E+03 -1.962419E-01
  4.906000E+03 -3.788792E-01
  4.906500E+03 -5.436958E-01
  4.907000E+03 -6.780540E-01
  4.907500E+03 -7.708597E-01
  4.908000E+03 -8.131892E-01
  4.908500E+03 -7.988150E-01
  4.909000E+03 -7.246017E-01
  4.909500E+03 -5.907504E-01
  4.910000E+03 -4.008778E-01
  4.910500E+03 -1.619212E-01
  4.911000E+03  1.161277E-01
  4.911500E+03  4.206513E-01
  4.912000E+03  7.369788E-01
  4.912500E+03  1.049077E+00
  4.913000E+03  1.340330E+00
  4.913500E+03  1.594361E+00
  4.914000E+03  1.795873E+00
  4.914500E+03  1.931451E+00
  4.915000E+03  1.990291E+00
  4.915500E+03  1.964816E+00
  4.916000E+03  1.851156E+00
  4.916500E+03  1.649446E+00
  4.917000E+03  1.363942E+00
  4.917500E+03  1.002942E+00
  4.918000E+03  5.785004E-01
  4.918500E+03  1.059675E-01
  4.919000E+03 -3.966431E-01
  4.919500E+03 -9.094200E-01
  4.920000E+03 -1.411422E+00
  4.920500E+03 -1.881603E+00
  4.921000E+03 -2.299755E+00
  4.921500E+03 -2.647414E+00
  4.922000E+03 -2.908699E+00
  4.922500E+03 -3.071032E+00
  4.923000E+03 -3.125710E+00
  4.923500E+03 -3.068302E+00
  4.924000E+03 -2.898854E+00
  4.924500E+03 -2.621892E+00
  4.925000E+03 -2.246227E+00
  4.925500E+03 -1.784572E+00
  4.926000E+03 -1.252995E+00
  4.926500E+03 -6.702328E-01
  4.927000E+03 -5.690271E-02
  4.927500E+03  5.653503E-01
  4.928000E+03  1.174730E+00
  4.928500E+03  1.750149E+00
  4.929000E+03  2.272032E+00
  4.929500E+03  2.723031E+00
  4.930000E+03  3.088627E+00
  4.930500E+03  3.357586E+00
  4.931000E+03  3.522269E+00
  4.931500E+03  3.578784E+00
  4.932000E+03  3.526981E+00
  4.932500E+03  3.370303E+00
  4.933000E+03  3.115512E+00
  4.933500E+03  2.772299E+00
  4.934000E+03  2.352818E+00
  4.934500E+03  1.871155E+00
  4.935000E+03  1.342777E+00
  4.935500E+03  7.839614E-01
  4.936000E+03  2.112547E-01
  4.936500E+03 -3.590384E-01
  4.937000E+03 -9.113128E-01
  4.937500E+03 -1.431057E+00
  4.938000E+03 -1.905180E+00
  4.938500E+03 -2.322265E+00
  4.939000E+03 -2.672761E+00
  4.939500E+03 -2.949101E+00
  4.940000E+03 -3.145773E+00
  4.940500E+03 -3.259334E+00
  4.941000E+03 -3.288392E+00
  4.941500E+03 -3.233550E+00
  4.942000E+03 -3.097327E+00
  4.942500E+03 -2.884053E+00
  4.943000E+03 -2.599754E+00
  4.943500E+03 -2.252016E+00
  4.944000E+03 -1.849830E+00
  4.944500E+03 -1.403421E+00
  4.945000E+03 -9.240558E-01
  4.945500E+03 -4.238258E-01
  4.946000E+03  8.459396E-02
  4.946500E+03  5.882120E-01
  4.947000E+03  1.074010E+00
  4.947500E+03  1.529256E+00
  4.948000E+03  1.941825E+00
  4.948500E+03  2.300534E+00
  4.949000E+03  2.595465E+00
  4.949500E+03  2.818278E+00
  4.950000E+03  2.962491E+00
  4.950500E+03  3.023720E+00
  4.951000E+03  2.999863E+00
  4.951500E+03  2.891222E+00
  4.952000E+03  2.700550E+00
  4.952500E+03  2.433018E+00
  4.953000E+03  2.096103E+00
  4.953500E+03  1.699390E+00
  4.954000E+03  1.254311E+00
  4.954500E+03  7.738007E-01
  4.955000E+03  2.719128E-01
  4.955500E+03 -2.366150E-01
  4.956000E+03 -7.368149E-01
  4.956500E+03 -1.213953E+00
  4.957000E+03 -1.653981E+00
  4.957500E+03 -2.043968E+00
  4.958000E+03 -2.372479E+00
  4.958500E+03 -2.629917E+00
  4.959000E+03 -2.808783E+00
  4.959500E+03 -2.903879E+00
  4.960000E+03 -2.912433E+00
  4.960500E+03 -2.834143E+00
  4.961000E+03 -2.671158E+00
  4.961500E+03 -2.427983E+00
  4.962000E+03 -2.111327E+00
  4.962500E+03 -1.729897E+00
  4.963000E+03 -1.294144E+00
  4.963500E+03 -8.159804E-01
  4.964000E+03 -3.084641E-01
  4.964500E+03  2.145333E-01
  4.965000E+03  7.386689E-01
  4.965500E+03  1.249476E+00
  4.966000E+03  1.732711E+00
  4.966500E+03  2.174695E+00
  4.967000E+03  2.562642E+00
  4.967500E+03  2.884982E+00
  4.968000E+03  3.131651E+00
  4.968500E+03  3.294376E+00
  4.969000E+03  3.366915E+00
  4.969500E+03  3.345272E+00
  4.970000E+03  3.227874E+00
  4.970500E+03  3.015687E+00
  4.971000E+03  2.712290E+00
  4.971500E+03  2.323877E+00
  4.972000E+03  1.859195E+00
  4.972500E+03  1.329400E+00
  4.973000E+03  7.478441E-01
  4.973500E+03  1.297758E-01
  4.974000E+03 -5.080304E-01
  4.974500E+03 -1.147717E+00
  4.975000E+03 -1.770848E+00
  4.975500E+03 -2.358954E+00
  4.976000E+03 -2.894119E+00
  4.976500E+03 -3.359565E+00
  4.977000E+03 -3.740235E+00
  4.977500E+03 -4.023338E+00
  4.978000E+03 -4.198832E+00
  4.978500E+03 -4.259838E+00
  4.979000E+03 -4.202943E+00
  4.979500E+03 -4.028391E+00
  4.980000E+03 -3.740147E+00
  4.980500E+03 -3.345816E+00
  4.981000E+03 -2.856436E+00
  4.981500E+03 -2.286129E+00
  4.982000E+03 -1.651634E+00
  4.982500E+03 -9.717337E-01
  4.983000E+03 -2.665979E-01
  4.983500E+03  4.429277E-01
  4.984000E+03  1.136062E+00
  4.984500E+03  1.792824E+00
  4.985000E+03  2.394735E+00
  4.985500E+03  2.925452E+00
  4.986000E+03  3.371313E+00
  4.986500E+03  3.721764E+00
  4.987000E+03  3.969658E+00
  4.987500E+03  4.111404E+00
  4.988000E+03  4.146971E+00
  4.988500E+03  4.079751E+00
  4.989000E+03  3.916274E+00
  4.989500E+03  3.665818E+00
  4.990000E+03  3.339903E+00
  4.990500E+03  2.951730E+00
  4.991000E+03  2.515560E+00
  4.991500E+03  2.046088E+00
  4.992000E+03  1.557831E+00
  4.992500E+03  1.064561E+00
  4.993000E+03  5.788115E-01
  4.993500E+03  1.114735E-01
  4.994000E+03 -3.284972E-01
  4.994500E+03 -7.342542E-01
  4.995000E+03 -1.101112E+00
  4.995500E+03 -1.426479E+00
  4.996000E+03 -1.709678E+00
  4.996500E+03 -1.951675E+00
  4.997000E+03 -2.154731E+00
  4.997500E+03 -2.322000E+00
  4.998000E+03 -2.457111E+00
  4.998500E+03 -2.563740E+00
  4.999000E+03 -2.645218E+00
  4.999500E+03 -2.704187E+00
  5.000000E+03 -2.742335E+00
