 Variables = "t (s)" "<greek>z</greek> (m)" 
  5.000000E-01  0.000000E+00
  1.000000E+00 -1.655849E-04
  1.500000E+00 -7.061328E-04
  2.000000E+00 -1.655550E-03
  2.500000E+00 -3.005163E-03
  3.000000E+00 -4.705000E-03
  3.500000E+00 -6.666862E-03
  4.000000E+00 -8.769085E-03
  4.500000E+00 -1.086283E-02
  5.000000E+00 -1.277971E-02
  5.500000E+00 -1.434048E-02
  6.000000E+00 -1.536449E-02
  6.500000E+00 -1.567963E-02
  7.000000E+00 -1.513234E-02
  7.500000E+00 -1.359734E-02
  8.000000E+00 -1.098670E-02
  8.500000E+00 -7.257912E-03
  9.000000E+00 -2.420577E-03
  9.500000E+00  3.458629E-03
  1.000000E+01  1.025292E-02
  1.050000E+01  1.777456E-02
  1.100000E+01  2.577638E-02
  1.150000E+01  3.395565E-02
  1.200000E+01  4.196039E-02
  1.250000E+01  4.939796E-02
  1.300000E+01  5.584577E-02
  1.350000E+01  6.086386E-02
  1.400000E+01  6.400898E-02
  1.450000E+01  6.484978E-02
  1.500000E+01  6.298265E-02
  1.550000E+01  5.804774E-02
  1.600000E+01  4.974454E-02
  1.650000E+01  3.784663E-02
  1.700000E+01  2.221494E-02
  1.750000E+01  2.809155E-03
  1.800000E+01 -2.030325E-02
  1.850000E+01 -4.694065E-02
  1.900000E+01 -7.680394E-02
  1.950000E+01 -1.094765E-01
  2.000000E+01 -1.444272E-01
  2.050000E+01 -1.810171E-01
  2.100000E+01 -2.185095E-01
  2.150000E+01 -2.560823E-01
  2.200000E+01 -2.928442E-01
  2.250000E+01 -3.278524E-01
  2.300000E+01 -3.601335E-01
  2.350000E+01 -3.887046E-01
  2.400000E+01 -4.125967E-01
  2.450000E+01 -4.308778E-01
  2.500000E+01 -4.426763E-01
  2.550000E+01 -4.472037E-01
  2.600000E+01 -4.437762E-01
  2.650000E+01 -4.318345E-01
  2.700000E+01 -4.109614E-01
  2.750000E+01 -3.808970E-01
  2.800000E+01 -3.415507E-01
  2.850000E+01 -2.930096E-01
  2.900000E+01 -2.355439E-01
  2.950000E+01 -1.696078E-01
  3.000000E+01 -9.583668E-02
  3.050000E+01 -1.504082E-02
  3.100000E+01  7.180575E-02
  3.150000E+01  1.635795E-01
  3.200000E+01  2.590257E-01
  3.250000E+01  3.567792E-01
  3.300000E+01  4.553897E-01
  3.350000E+01  5.533475E-01
  3.400000E+01  6.491125E-01
  3.450000E+01  7.411442E-01
  3.500000E+01  8.279320E-01
  3.550000E+01  9.080254E-01
  3.600000E+01  9.800637E-01
  3.650000E+01  1.042804E+00
  3.700000E+01  1.095145E+00
  3.750000E+01  1.136153E+00
  3.800000E+01  1.165077E+00
  3.850000E+01  1.181364E+00
  3.900000E+01  1.184668E+00
  3.950000E+01  1.174859E+00
  4.000000E+01  1.152014E+00
  4.050000E+01  1.116419E+00
  4.100000E+01  1.068553E+00
  4.150000E+01  1.009074E+00
  4.200000E+01  9.387987E-01
  4.250000E+01  8.586788E-01
  4.300000E+01  7.697749E-01
  4.350000E+01  6.732283E-01
  4.400000E+01  5.702318E-01
  4.450000E+01  4.620014E-01
  4.500000E+01  3.497487E-01
  4.550000E+01  2.346562E-01
  4.600000E+01  1.178550E-01
  4.650000E+01  4.073764E-04
  4.700000E+01 -1.167068E-01
  4.750000E+01 -2.325981E-01
  4.800000E+01 -3.464706E-01
  4.850000E+01 -4.576198E-01
  4.900000E+01 -5.654261E-01
  4.950000E+01 -6.693434E-01
  5.000000E+01 -7.688848E-01
  5.050000E+01 -8.636054E-01
  5.100000E+01 -9.533194E-01
  5.150000E+01 -1.037929E+00
  5.200000E+01 -1.117118E+00
  5.250000E+01 -1.190524E+00
  5.300000E+01 -1.257724E+00
  5.350000E+01 -1.318224E+00
  5.400000E+01 -1.371454E+00
  5.450000E+01 -1.416766E+00
  5.500000E+01 -1.453441E+00
  5.550000E+01 -1.480698E+00
  5.600000E+01 -1.497710E+00
  5.650000E+01 -1.503631E+00
  5.700000E+01 -1.497616E+00
  5.750000E+01 -1.478855E+00
  5.800000E+01 -1.446608E+00
  5.850000E+01 -1.400240E+00
  5.900000E+01 -1.339255E+00
  5.950000E+01 -1.263335E+00
  6.000000E+01 -1.172372E+00
  6.050000E+01 -1.066498E+00
  6.100000E+01 -9.461095E-01
  6.150000E+01 -8.118863E-01
  6.200000E+01 -6.648025E-01
  6.250000E+01 -5.061303E-01
  6.300000E+01 -3.374340E-01
  6.350000E+01 -1.605560E-01
  6.400000E+01  2.240669E-02
  6.450000E+01  2.091348E-01
  6.500000E+01  3.971261E-01
  6.550000E+01  5.837433E-01
  6.600000E+01  7.662661E-01
  6.650000E+01  9.419493E-01
  6.700000E+01  1.108083E+00
  6.750000E+01  1.262052E+00
  6.800000E+01  1.401400E+00
  6.850000E+01  1.523886E+00
  6.900000E+01  1.627534E+00
  6.950000E+01  1.710687E+00
  7.000000E+01  1.772046E+00
  7.050000E+01  1.810697E+00
  7.100000E+01  1.826138E+00
  7.150000E+01  1.818289E+00
  7.200000E+01  1.787492E+00
  7.250000E+01  1.734501E+00
  7.300000E+01  1.660465E+00
  7.350000E+01  1.566895E+00
  7.400000E+01  1.455625E+00
  7.450000E+01  1.328768E+00
  7.500000E+01  1.188665E+00
  7.550000E+01  1.037825E+00
  7.600000E+01  8.788664E-01
  7.650000E+01  7.144602E-01
  7.700000E+01  5.472669E-01
  7.750000E+01  3.798815E-01
  7.800000E+01  2.147804E-01
  7.850000E+01  5.427437E-02
  7.900000E+01 -9.953226E-02
  7.950000E+01 -2.447746E-01
  8.000000E+01 -3.798523E-01
  8.050000E+01 -5.034458E-01
  8.100000E+01 -6.145250E-01
  8.150000E+01 -7.123488E-01
  8.200000E+01 -7.964575E-01
  8.250000E+01 -8.666585E-01
  8.300000E+01 -9.230058E-01
  8.350000E+01 -9.657748E-01
  8.400000E+01 -9.954337E-01
  8.450000E+01 -1.012613E+00
  8.500000E+01 -1.018072E+00
  8.550000E+01 -1.012669E+00
  8.600000E+01 -9.973318E-01
  8.650000E+01 -9.730254E-01
  8.700000E+01 -9.407316E-01
  8.750000E+01 -9.014259E-01
  8.800000E+01 -8.560612E-01
  8.850000E+01 -8.055547E-01
  8.900000E+01 -7.507803E-01
  8.950000E+01 -6.925640E-01
  9.000000E+01 -6.316835E-01
  9.050000E+01 -5.688709E-01
  9.100000E+01 -5.048174E-01
  9.150000E+01 -4.401802E-01
  9.200000E+01 -3.755894E-01
  9.250000E+01 -3.116558E-01
  9.300000E+01 -2.489769E-01
  9.350000E+01 -1.881423E-01
  9.400000E+01 -1.297363E-01
  9.450000E+01 -7.433836E-02
  9.500000E+01 -2.252050E-02
  9.550000E+01  2.515810E-02
  9.600000E+01  6.815945E-02
  9.650000E+01  1.059778E-01
  9.700000E+01  1.381529E-01
  9.750000E+01  1.642851E-01
  9.800000E+01  1.840509E-01
  9.850000E+01  1.972201E-01
  9.900000E+01  2.036709E-01
  9.950000E+01  2.034047E-01
  1.000000E+02  1.965580E-01
  1.005000E+02  1.834126E-01
  1.010000E+02  1.644003E-01
  1.015000E+02  1.401053E-01
  1.020000E+02  1.112610E-01
  1.025000E+02  7.874229E-02
  1.030000E+02  4.355267E-02
  1.035000E+02  6.807188E-03
  1.040000E+02 -3.028961E-02
  1.045000E+02 -6.646951E-02
  1.050000E+02 -1.004299E-01
  1.055000E+02 -1.308656E-01
  1.060000E+02 -1.565024E-01
  1.065000E+02 -1.761314E-01
  1.070000E+02 -1.886431E-01
  1.075000E+02 -1.930602E-01
  1.080000E+02 -1.885682E-01
  1.085000E+02 -1.745423E-01
  1.090000E+02 -1.505711E-01
  1.095000E+02 -1.164747E-01
  1.100000E+02 -7.231737E-02
  1.105000E+02 -1.841488E-02
  1.110000E+02  4.466490E-02
  1.115000E+02  1.161075E-01
  1.120000E+02  1.948636E-01
  1.125000E+02  2.796665E-01
  1.130000E+02  3.690557E-01
  1.135000E+02  4.614048E-01
  1.140000E+02  5.549540E-01
  1.145000E+02  6.478459E-01
  1.150000E+02  7.381643E-01
  1.155000E+02  8.239738E-01
  1.160000E+02  9.033609E-01
  1.165000E+02  9.744740E-01
  1.170000E+02  1.035563E+00
  1.175000E+02  1.085016E+00
  1.180000E+02  1.121392E+00
  1.185000E+02  1.143454E+00
  1.190000E+02  1.150194E+00
  1.195000E+02  1.140851E+00
  1.200000E+02  1.114931E+00
  1.205000E+02  1.072218E+00
  1.210000E+02  1.012774E+00
  1.215000E+02  9.369461E-01
  1.220000E+02  8.453557E-01
  1.225000E+02  7.388901E-01
  1.230000E+02  6.186876E-01
  1.235000E+02  4.861178E-01
  1.240000E+02  3.427592E-01
  1.245000E+02  1.903729E-01
  1.250000E+02  3.087425E-02
  1.255000E+02 -1.336976E-01
  1.260000E+02 -3.012114E-01
  1.265000E+02 -4.694760E-01
  1.270000E+02 -6.362733E-01
  1.275000E+02 -7.993899E-01
  1.280000E+02 -9.566489E-01
  1.285000E+02 -1.105940E+00
  1.290000E+02 -1.245245E+00
  1.295000E+02 -1.372671E+00
  1.300000E+02 -1.486465E+00
  1.305000E+02 -1.585043E+00
  1.310000E+02 -1.667004E+00
  1.315000E+02 -1.731150E+00
  1.320000E+02 -1.776497E+00
  1.325000E+02 -1.802284E+00
  1.330000E+02 -1.807985E+00
  1.335000E+02 -1.793311E+00
  1.340000E+02 -1.758212E+00
  1.345000E+02 -1.702882E+00
  1.350000E+02 -1.627747E+00
  1.355000E+02 -1.533472E+00
  1.360000E+02 -1.420942E+00
  1.365000E+02 -1.291263E+00
  1.370000E+02 -1.145743E+00
  1.375000E+02 -9.858859E-01
  1.380000E+02 -8.133695E-01
  1.385000E+02 -6.300341E-01
  1.390000E+02 -4.378618E-01
  1.395000E+02 -2.389570E-01
  1.400000E+02 -3.552520E-02
  1.405000E+02  1.701498E-01
  1.410000E+02  3.757302E-01
  1.415000E+02  5.788490E-01
  1.420000E+02  7.771363E-01
  1.425000E+02  9.682462E-01
  1.430000E+02  1.149884E+00
  1.435000E+02  1.319835E+00
  1.440000E+02  1.475991E+00
  1.445000E+02  1.616378E+00
  1.450000E+02  1.739184E+00
  1.455000E+02  1.842784E+00
  1.460000E+02  1.925764E+00
  1.465000E+02  1.986947E+00
  1.470000E+02  2.025410E+00
  1.475000E+02  2.040500E+00
  1.480000E+02  2.031853E+00
  1.485000E+02  1.999406E+00
  1.490000E+02  1.943396E+00
  1.495000E+02  1.864374E+00
  1.500000E+02  1.763195E+00
  1.505000E+02  1.641015E+00
  1.510000E+02  1.499284E+00
  1.515000E+02  1.339723E+00
  1.520000E+02  1.164312E+00
  1.525000E+02  9.752574E-01
  1.530000E+02  7.749707E-01
  1.535000E+02  5.660304E-01
  1.540000E+02  3.511484E-01
  1.545000E+02  1.331306E-01
  1.550000E+02 -8.516453E-02
  1.555000E+02 -3.008681E-01
  1.560000E+02 -5.111445E-01
  1.565000E+02 -7.132346E-01
  1.570000E+02 -9.044979E-01
  1.575000E+02 -1.082454E+00
  1.580000E+02 -1.244821E+00
  1.585000E+02 -1.389550E+00
  1.590000E+02 -1.514856E+00
  1.595000E+02 -1.619247E+00
  1.600000E+02 -1.701545E+00
  1.605000E+02 -1.760901E+00
  1.610000E+02 -1.796808E+00
  1.615000E+02 -1.809105E+00
  1.620000E+02 -1.797975E+00
  1.625000E+02 -1.763943E+00
  1.630000E+02 -1.707855E+00
  1.635000E+02 -1.630871E+00
  1.640000E+02 -1.534432E+00
  1.645000E+02 -1.420240E+00
  1.650000E+02 -1.290226E+00
  1.655000E+02 -1.146511E+00
  1.660000E+02 -9.913765E-01
  1.665000E+02 -8.272202E-01
  1.670000E+02 -6.565198E-01
  1.675000E+02 -4.817925E-01
  1.680000E+02 -3.055549E-01
  1.685000E+02 -1.302857E-01
  1.690000E+02  4.161182E-02
  1.695000E+02  2.078435E-01
  1.700000E+02  3.662564E-01
  1.705000E+02  5.148671E-01
  1.710000E+02  6.518868E-01
  1.715000E+02  7.757423E-01
  1.720000E+02  8.850937E-01
  1.725000E+02  9.788469E-01
  1.730000E+02  1.056163E+00
  1.735000E+02  1.116465E+00
  1.740000E+02  1.159434E+00
  1.745000E+02  1.185013E+00
  1.750000E+02  1.193394E+00
  1.755000E+02  1.185011E+00
  1.760000E+02  1.160528E+00
  1.765000E+02  1.120820E+00
  1.770000E+02  1.066956E+00
  1.775000E+02  1.000176E+00
  1.780000E+02  9.218715E-01
  1.785000E+02  8.335564E-01
  1.790000E+02  7.368447E-01
  1.795000E+02  6.334225E-01
  1.800000E+02  5.250210E-01
  1.805000E+02  4.133895E-01
  1.810000E+02  3.002686E-01
  1.815000E+02  1.873645E-01
  1.820000E+02  7.632368E-02
  1.825000E+02 -3.128994E-02
  1.830000E+02 -1.340168E-01
  1.835000E+02 -2.305209E-01
  1.840000E+02 -3.196064E-01
  1.845000E+02 -4.002320E-01
  1.850000E+02 -4.715216E-01
  1.855000E+02 -5.327724E-01
  1.860000E+02 -5.834595E-01
  1.865000E+02 -6.232374E-01
  1.870000E+02 -6.519381E-01
  1.875000E+02 -6.695660E-01
  1.880000E+02 -6.762903E-01
  1.885000E+02 -6.724342E-01
  1.890000E+02 -6.584616E-01
  1.895000E+02 -6.349626E-01
  1.900000E+02 -6.026369E-01
  1.905000E+02 -5.622753E-01
  1.910000E+02 -5.147422E-01
  1.915000E+02 -4.609568E-01
  1.920000E+02 -4.018746E-01
  1.925000E+02 -3.384703E-01
  1.930000E+02 -2.717215E-01
  1.935000E+02 -2.025943E-01
  1.940000E+02 -1.320303E-01
  1.945000E+02 -6.093622E-02
  1.950000E+02  9.824284E-03
  1.955000E+02  7.943695E-02
  1.960000E+02  1.471404E-01
  1.965000E+02  2.122281E-01
  1.970000E+02  2.740475E-01
  1.975000E+02  3.319991E-01
  1.980000E+02  3.855326E-01
  1.985000E+02  4.341436E-01
  1.990000E+02  4.773693E-01
  1.995000E+02  5.147844E-01
  2.000000E+02  5.459973E-01
  2.005000E+02  5.706483E-01
  2.010000E+02  5.884075E-01
  2.015000E+02  5.989755E-01
  2.020000E+02  6.020858E-01
  2.025000E+02  5.975083E-01
  2.030000E+02  5.850557E-01
  2.035000E+02  5.645909E-01
  2.040000E+02  5.360364E-01
  2.045000E+02  4.993846E-01
  2.050000E+02  4.547092E-01
  2.055000E+02  4.021765E-01
  2.060000E+02  3.420568E-01
  2.065000E+02  2.747344E-01
  2.070000E+02  2.007167E-01
  2.075000E+02  1.206405E-01
  2.080000E+02  3.527627E-02
  2.085000E+02 -5.447146E-02
  2.090000E+02 -1.475667E-01
  2.095000E+02 -2.428491E-01
  2.100000E+02 -3.390444E-01
  2.105000E+02 -4.347802E-01
  2.110000E+02 -5.286043E-01
  2.115000E+02 -6.190080E-01
  2.120000E+02 -7.044519E-01
  2.125000E+02 -7.833954E-01
  2.130000E+02 -8.543270E-01
  2.135000E+02 -9.157975E-01
  2.140000E+02 -9.664522E-01
  2.145000E+02 -1.005064E+00
  2.150000E+02 -1.030563E+00
  2.155000E+02 -1.042068E+00
  2.160000E+02 -1.038909E+00
  2.165000E+02 -1.020650E+00
  2.170000E+02 -9.871060E-01
  2.175000E+02 -9.383555E-01
  2.180000E+02 -8.747439E-01
  2.185000E+02 -7.968847E-01
  2.190000E+02 -7.056530E-01
  2.195000E+02 -6.021730E-01
  2.200000E+02 -4.877997E-01
  2.205000E+02 -3.640955E-01
  2.210000E+02 -2.328014E-01
  2.215000E+02 -9.580534E-02
  2.220000E+02  4.489441E-02
  2.225000E+02  1.872266E-01
  2.230000E+02  3.290868E-01
  2.235000E+02  4.683768E-01
  2.240000E+02  6.030440E-01
  2.245000E+02  7.311191E-01
  2.250000E+02  8.507507E-01
  2.255000E+02  9.602376E-01
  2.260000E+02  1.058057E+00
  2.265000E+02  1.142887E+00
  2.270000E+02  1.213625E+00
  2.275000E+02  1.269404E+00
  2.280000E+02  1.309597E+00
  2.285000E+02  1.333820E+00
  2.290000E+02  1.341935E+00
  2.295000E+02  1.334036E+00
  2.300000E+02  1.310444E+00
  2.305000E+02  1.271689E+00
  2.310000E+02  1.218493E+00
  2.315000E+02  1.151748E+00
  2.320000E+02  1.072496E+00
  2.325000E+02  9.819056E-01
  2.330000E+02  8.812452E-01
  2.335000E+02  7.718610E-01
  2.340000E+02  6.551532E-01
  2.345000E+02  5.325534E-01
  2.350000E+02  4.055037E-01
  2.355000E+02  2.754379E-01
  2.360000E+02  1.437638E-01
  2.365000E+02  1.184868E-02
  2.370000E+02 -1.189936E-01
  2.375000E+02 -2.475134E-01
  2.380000E+02 -3.725337E-01
  2.385000E+02 -4.929566E-01
  2.390000E+02 -6.077682E-01
  2.395000E+02 -7.160421E-01
  2.400000E+02 -8.169406E-01
  2.405000E+02 -9.097161E-01
  2.410000E+02 -9.937108E-01
  2.415000E+02 -1.068356E+00
  2.420000E+02 -1.133170E+00
  2.425000E+02 -1.187759E+00
  2.430000E+02 -1.231812E+00
  2.435000E+02 -1.265100E+00
  2.440000E+02 -1.287477E+00
  2.445000E+02 -1.298872E+00
  2.450000E+02 -1.299295E+00
  2.455000E+02 -1.288827E+00
  2.460000E+02 -1.267623E+00
  2.465000E+02 -1.235909E+00
  2.470000E+02 -1.193980E+00
  2.475000E+02 -1.142196E+00
  2.480000E+02 -1.080982E+00
  2.485000E+02 -1.010824E+00
  2.490000E+02 -9.322664E-01
  2.495000E+02 -8.459081E-01
  2.500000E+02 -7.524005E-01
  2.505000E+02 -6.524426E-01
  2.510000E+02 -5.467783E-01
  2.515000E+02 -4.361915E-01
  2.520000E+02 -3.215026E-01
  2.525000E+02 -2.035637E-01
  2.530000E+02 -8.325439E-02
  2.535000E+02  3.852249E-02
  2.540000E+02  1.608459E-01
  2.545000E+02  2.827811E-01
  2.550000E+02  4.033846E-01
  2.555000E+02  5.217090E-01
  2.560000E+02  6.368084E-01
  2.565000E+02  7.477436E-01
  2.570000E+02  8.535881E-01
  2.575000E+02  9.534337E-01
  2.580000E+02  1.046397E+00
  2.585000E+02  1.131628E+00
  2.590000E+02  1.208311E+00
  2.595000E+02  1.275683E+00
  2.600000E+02  1.333028E+00
  2.605000E+02  1.379698E+00
  2.610000E+02  1.415111E+00
  2.615000E+02  1.438767E+00
  2.620000E+02  1.450250E+00
  2.625000E+02  1.449240E+00
  2.630000E+02  1.435519E+00
  2.635000E+02  1.408978E+00
  2.640000E+02  1.369623E+00
  2.645000E+02  1.317582E+00
  2.650000E+02  1.253103E+00
  2.655000E+02  1.176565E+00
  2.660000E+02  1.088472E+00
  2.665000E+02  9.894542E-01
  2.670000E+02  8.802662E-01
  2.675000E+02  7.617821E-01
  2.680000E+02  6.349892E-01
  2.685000E+02  5.009798E-01
  2.690000E+02  3.609416E-01
  2.695000E+02  2.161462E-01
  2.700000E+02  6.793660E-02
  2.705000E+02 -8.228755E-02
  2.710000E+02 -2.330845E-01
  2.715000E+02 -3.829863E-01
  2.720000E+02 -5.305158E-01
  2.725000E+02 -6.742024E-01
  2.730000E+02 -8.125998E-01
  2.735000E+02 -9.443015E-01
  2.740000E+02 -1.067957E+00
  2.745000E+02 -1.182288E+00
  2.750000E+02 -1.286101E+00
  2.755000E+02 -1.378301E+00
  2.760000E+02 -1.457905E+00
  2.765000E+02 -1.524051E+00
  2.770000E+02 -1.576007E+00
  2.775000E+02 -1.613183E+00
  2.780000E+02 -1.635132E+00
  2.785000E+02 -1.641557E+00
  2.790000E+02 -1.632317E+00
  2.795000E+02 -1.607427E+00
  2.800000E+02 -1.567057E+00
  2.805000E+02 -1.511538E+00
  2.810000E+02 -1.441352E+00
  2.815000E+02 -1.357135E+00
  2.820000E+02 -1.259669E+00
  2.825000E+02 -1.149879E+00
  2.830000E+02 -1.028824E+00
  2.835000E+02 -8.976872E-01
  2.840000E+02 -7.577702E-01
  2.845000E+02 -6.104785E-01
  2.850000E+02 -4.573095E-01
  2.855000E+02 -2.998390E-01
  2.860000E+02 -1.397048E-01
  2.865000E+02  2.140944E-02
  2.870000E+02  1.817930E-01
  2.875000E+02  3.397271E-01
  2.880000E+02  4.935054E-01
  2.885000E+02  6.414553E-01
  2.890000E+02  7.819591E-01
  2.895000E+02  9.134769E-01
  2.900000E+02  1.034567E+00
  2.905000E+02  1.143910E+00
  2.910000E+02  1.240324E+00
  2.915000E+02  1.322790E+00
  2.920000E+02  1.390466E+00
  2.925000E+02  1.442702E+00
  2.930000E+02  1.479051E+00
  2.935000E+02  1.499283E+00
  2.940000E+02  1.503387E+00
  2.945000E+02  1.491576E+00
  2.950000E+02  1.464283E+00
  2.955000E+02  1.422157E+00
  2.960000E+02  1.366054E+00
  2.965000E+02  1.297020E+00
  2.970000E+02  1.216278E+00
  2.975000E+02  1.125202E+00
  2.980000E+02  1.025297E+00
  2.985000E+02  9.181672E-01
  2.990000E+02  8.054875E-01
  2.995000E+02  6.889730E-01
  3.000000E+02  5.703449E-01
  3.005000E+02  4.512980E-01
  3.010000E+02  3.334676E-01
  3.015000E+02  2.183978E-01
  3.020000E+02  1.075127E-01
  3.025000E+02  2.088597E-03
  3.030000E+02 -9.676934E-02
  3.035000E+02 -1.881465E-01
  3.040000E+02 -2.713341E-01
  3.045000E+02 -3.458394E-01
  3.050000E+02 -4.113905E-01
  3.055000E+02 -4.679358E-01
  3.060000E+02 -5.156379E-01
  3.065000E+02 -5.548625E-01
  3.070000E+02 -5.861612E-01
  3.075000E+02 -6.102506E-01
  3.080000E+02 -6.279863E-01
  3.085000E+02 -6.403332E-01
  3.090000E+02 -6.483337E-01
  3.095000E+02 -6.530729E-01
  3.100000E+02 -6.556426E-01
  3.105000E+02 -6.571058E-01
  3.110000E+02 -6.584612E-01
  3.115000E+02 -6.606097E-01
  3.120000E+02 -6.643228E-01
  3.125000E+02 -6.702163E-01
  3.130000E+02 -6.787260E-01
  3.135000E+02 -6.900905E-01
  3.140000E+02 -7.043383E-01
  3.145000E+02 -7.212818E-01
  3.150000E+02 -7.405175E-01
  3.155000E+02 -7.614326E-01
  3.160000E+02 -7.832181E-01
  3.165000E+02 -8.048886E-01
  3.170000E+02 -8.253071E-01
  3.175000E+02 -8.432162E-01
  3.180000E+02 -8.572732E-01
  3.185000E+02 -8.660884E-01
  3.190000E+02 -8.682671E-01
  3.195000E+02 -8.624528E-01
  3.200000E+02 -8.473701E-01
  3.205000E+02 -8.218682E-01
  3.210000E+02 -7.849610E-01
  3.215000E+02 -7.358650E-01
  3.220000E+02 -6.740326E-01
  3.225000E+02 -5.991801E-01
  3.230000E+02 -5.113097E-01
  3.235000E+02 -4.107245E-01
  3.240000E+02 -2.980361E-01
  3.245000E+02 -1.741644E-01
  3.250000E+02 -4.032988E-02
  3.255000E+02  1.019628E-01
  3.260000E+02  2.509478E-01
  3.265000E+02  4.046290E-01
  3.270000E+02  5.608165E-01
  3.275000E+02  7.171688E-01
  3.280000E+02  8.712402E-01
  3.285000E+02  1.020530E+00
  3.290000E+02  1.162534E+00
  3.295000E+02  1.294800E+00
  3.300000E+02  1.414976E+00
  3.305000E+02  1.520862E+00
  3.310000E+02  1.610456E+00
  3.315000E+02  1.682001E+00
  3.320000E+02  1.734013E+00
  3.325000E+02  1.765322E+00
  3.330000E+02  1.775087E+00
  3.335000E+02  1.762820E+00
  3.340000E+02  1.728388E+00
  3.345000E+02  1.672019E+00
  3.350000E+02  1.594295E+00
  3.355000E+02  1.496135E+00
  3.360000E+02  1.378777E+00
  3.365000E+02  1.243753E+00
  3.370000E+02  1.092854E+00
  3.375000E+02  9.280992E-01
  3.380000E+02  7.516925E-01
  3.385000E+02  5.659857E-01
  3.390000E+02  3.734354E-01
  3.395000E+02  1.765616E-01
  3.400000E+02 -2.209236E-02
  3.405000E+02 -2.199987E-01
  3.410000E+02 -4.146811E-01
  3.415000E+02 -6.037480E-01
  3.420000E+02 -7.849213E-01
  3.425000E+02 -9.560627E-01
  3.430000E+02 -1.115195E+00
  3.435000E+02 -1.260518E+00
  3.440000E+02 -1.390428E+00
  3.445000E+02 -1.503520E+00
  3.450000E+02 -1.598605E+00
  3.455000E+02 -1.674705E+00
  3.460000E+02 -1.731063E+00
  3.465000E+02 -1.767144E+00
  3.470000E+02 -1.782628E+00
  3.475000E+02 -1.777419E+00
  3.480000E+02 -1.751633E+00
  3.485000E+02 -1.705606E+00
  3.490000E+02 -1.639885E+00
  3.495000E+02 -1.555228E+00
  3.500000E+02 -1.452602E+00
  3.505000E+02 -1.333177E+00
  3.510000E+02 -1.198327E+00
  3.515000E+02 -1.049615E+00
  3.520000E+02 -8.887934E-01
  3.525000E+02 -7.177911E-01
  3.530000E+02 -5.386990E-01
  3.535000E+02 -3.537549E-01
  3.540000E+02 -1.653234E-01
  3.545000E+02  2.412818E-02
  3.550000E+02  2.120580E-01
  3.555000E+02  3.958813E-01
  3.560000E+02  5.730067E-01
  3.565000E+02  7.408749E-01
  3.570000E+02  8.970007E-01
  3.575000E+02  1.039017E+00
  3.580000E+02  1.164721E+00
  3.585000E+02  1.272117E+00
  3.590000E+02  1.359462E+00
  3.595000E+02  1.425308E+00
  3.600000E+02  1.468539E+00
  3.605000E+02  1.488404E+00
  3.610000E+02  1.484544E+00
  3.615000E+02  1.457014E+00
  3.620000E+02  1.406290E+00
  3.625000E+02  1.333278E+00
  3.630000E+02  1.239300E+00
  3.635000E+02  1.126086E+00
  3.640000E+02  9.957384E-01
  3.645000E+02  8.507051E-01
  3.650000E+02  6.937298E-01
  3.655000E+02  5.278014E-01
  3.660000E+02  3.560944E-01
  3.665000E+02  1.819045E-01
  3.670000E+02  8.579581E-03
  3.675000E+02 -1.605514E-01
  3.680000E+02 -3.222496E-01
  3.685000E+02 -4.734369E-01
  3.690000E+02 -6.112625E-01
  3.695000E+02 -7.331655E-01
  3.700000E+02 -8.369299E-01
  3.705000E+02 -9.207327E-01
  3.710000E+02 -9.831821E-01
  3.715000E+02 -1.023345E+00
  3.720000E+02 -1.040767E+00
  3.725000E+02 -1.035473E+00
  3.730000E+02 -1.007967E+00
  3.735000E+02 -9.592140E-01
  3.740000E+02 -8.906113E-01
  3.745000E+02 -8.039537E-01
  3.750000E+02 -7.013873E-01
  3.755000E+02 -5.853563E-01
  3.760000E+02 -4.585450E-01
  3.765000E+02 -3.238140E-01
  3.770000E+02 -1.841352E-01
  3.775000E+02 -4.252457E-02
  3.780000E+02  9.802324E-02
  3.785000E+02  2.345990E-01
  3.790000E+02  3.644384E-01
  3.795000E+02  4.849774E-01
  3.800000E+02  5.939002E-01
  3.805000E+02  6.891814E-01
  3.810000E+02  7.691193E-01
  3.815000E+02  8.323617E-01
  3.820000E+02  8.779232E-01
  3.825000E+02  9.051932E-01
  3.830000E+02  9.139370E-01
  3.835000E+02  9.042881E-01
  3.840000E+02  8.767337E-01
  3.845000E+02  8.320934E-01
  3.850000E+02  7.714925E-01
  3.855000E+02  6.963303E-01
  3.860000E+02  6.082445E-01
  3.865000E+02  5.090725E-01
  3.870000E+02  4.008110E-01
  3.875000E+02  2.855743E-01
  3.880000E+02  1.655521E-01
  3.885000E+02  4.296803E-02
  3.890000E+02 -7.996042E-02
  3.895000E+02 -2.010609E-01
  3.900000E+02 -3.182422E-01
  3.905000E+02 -4.295280E-01
  3.910000E+02 -5.330872E-01
  3.915000E+02 -6.272613E-01
  3.920000E+02 -7.105876E-01
  3.925000E+02 -7.818194E-01
  3.930000E+02 -8.399416E-01
  3.935000E+02 -8.841831E-01
  3.940000E+02 -9.140247E-01
  3.945000E+02 -9.292032E-01
  3.950000E+02 -9.297116E-01
  3.955000E+02 -9.157954E-01
  3.960000E+02 -8.879447E-01
  3.965000E+02 -8.468830E-01
  3.970000E+02 -7.935519E-01
  3.975000E+02 -7.290928E-01
  3.980000E+02 -6.548245E-01
  3.985000E+02 -5.722188E-01
  3.990000E+02 -4.828726E-01
  3.995000E+02 -3.884782E-01
  4.000000E+02 -2.907914E-01
  4.005000E+02 -1.915983E-01
  4.010000E+02 -9.268161E-02
  4.015000E+02  4.213595E-03
  4.020000E+02  9.741354E-02
  4.025000E+02  1.853481E-01
  4.030000E+02  2.665815E-01
  4.035000E+02  3.398404E-01
  4.040000E+02  4.040386E-01
  4.045000E+02  4.582985E-01
  4.050000E+02  5.019675E-01
  4.055000E+02  5.346304E-01
  4.060000E+02  5.561158E-01
  4.065000E+02  5.664979E-01
  4.070000E+02  5.660924E-01
  4.075000E+02  5.554470E-01
  4.080000E+02  5.353270E-01
  4.085000E+02  5.066953E-01
  4.090000E+02  4.706885E-01
  4.095000E+02  4.285884E-01
  4.100000E+02  3.817913E-01
  4.105000E+02  3.317735E-01
  4.110000E+02  2.800558E-01
  4.115000E+02  2.281673E-01
  4.120000E+02  1.776088E-01
  4.125000E+02  1.298174E-01
  4.130000E+02  8.613263E-02
  4.135000E+02  4.776551E-02
  4.140000E+02  1.577039E-02
  4.145000E+02 -8.979082E-03
  4.150000E+02 -2.580964E-02
  4.155000E+02 -3.426347E-02
  4.160000E+02 -3.410822E-02
  4.165000E+02 -2.534193E-02
  4.170000E+02 -8.192804E-03
  4.175000E+02  1.688592E-02
  4.180000E+02  4.922594E-02
  4.185000E+02  8.795831E-02
  4.190000E+02  1.320318E-01
  4.195000E+02  1.802350E-01
  4.200000E+02  2.312211E-01
  4.205000E+02  2.835361E-01
  4.210000E+02  3.356475E-01
  4.215000E+02  3.859758E-01
  4.220000E+02  4.329261E-01
  4.225000E+02  4.749201E-01
  4.230000E+02  5.104282E-01
  4.235000E+02  5.380003E-01
  4.240000E+02  5.562963E-01
  4.245000E+02  5.641144E-01
  4.250000E+02  5.604182E-01
  4.255000E+02  5.443607E-01
  4.260000E+02  5.153065E-01
  4.265000E+02  4.728509E-01
  4.270000E+02  4.168358E-01
  4.275000E+02  3.473617E-01
  4.280000E+02  2.647972E-01
  4.285000E+02  1.697832E-01
  4.290000E+02  6.323366E-02
  4.295000E+02 -5.366834E-02
  4.300000E+02 -1.794791E-01
  4.305000E+02 -3.125076E-01
  4.310000E+02 -4.508338E-01
  4.315000E+02 -5.923319E-01
  4.320000E+02 -7.346980E-01
  4.325000E+02 -8.754832E-01
  4.330000E+02 -1.012131E+00
  4.335000E+02 -1.142019E+00
  4.340000E+02 -1.262502E+00
  4.345000E+02 -1.370964E+00
  4.350000E+02 -1.464866E+00
  4.355000E+02 -1.541797E+00
  4.360000E+02 -1.599530E+00
  4.365000E+02 -1.636070E+00
  4.370000E+02 -1.649706E+00
  4.375000E+02 -1.639060E+00
  4.380000E+02 -1.603126E+00
  4.385000E+02 -1.541310E+00
  4.390000E+02 -1.453459E+00
  4.395000E+02 -1.339888E+00
  4.400000E+02 -1.201391E+00
  4.405000E+02 -1.039249E+00
  4.410000E+02 -8.552250E-01
  4.415000E+02 -6.515461E-01
  4.420000E+02 -4.308824E-01
  4.425000E+02 -1.963086E-01
  4.430000E+02  4.874151E-02
  4.435000E+02  3.005302E-01
  4.440000E+02  5.550797E-01
  4.445000E+02  8.082429E-01
  4.450000E+02  1.055781E+00
  4.455000E+02  1.293442E+00
  4.460000E+02  1.517051E+00
  4.465000E+02  1.722586E+00
  4.470000E+02  1.906266E+00
  4.475000E+02  2.064633E+00
  4.480000E+02  2.194619E+00
  4.485000E+02  2.293622E+00
  4.490000E+02  2.359560E+00
  4.495000E+02  2.390921E+00
  4.500000E+02  2.386801E+00
  4.505000E+02  2.346928E+00
  4.510000E+02  2.271672E+00
  4.515000E+02  2.162048E+00
  4.520000E+02  2.019695E+00
  4.525000E+02  1.846848E+00
  4.530000E+02  1.646301E+00
  4.535000E+02  1.421345E+00
  4.540000E+02  1.175710E+00
  4.545000E+02  9.134907E-01
  4.550000E+02  6.390615E-01
  4.555000E+02  3.569938E-01
  4.560000E+02  7.196351E-02
  4.565000E+02 -2.113408E-01
  4.570000E+02 -4.883095E-01
  4.575000E+02 -7.545010E-01
  4.580000E+02 -1.005727E+00
  4.585000E+02 -1.238130E+00
  4.590000E+02 -1.448254E+00
  4.595000E+02 -1.633107E+00
  4.600000E+02 -1.790211E+00
  4.605000E+02 -1.917636E+00
  4.610000E+02 -2.014033E+00
  4.615000E+02 -2.078646E+00
  4.620000E+02 -2.111310E+00
  4.625000E+02 -2.112443E+00
  4.630000E+02 -2.083019E+00
  4.635000E+02 -2.024537E+00
  4.640000E+02 -1.938975E+00
  4.645000E+02 -1.828733E+00
  4.650000E+02 -1.696575E+00
  4.655000E+02 -1.545562E+00
  4.660000E+02 -1.378975E+00
  4.665000E+02 -1.200244E+00
  4.670000E+02 -1.012874E+00
  4.675000E+02 -8.203654E-01
  4.680000E+02 -6.261452E-01
  4.685000E+02 -4.334970E-01
  4.690000E+02 -2.454988E-01
  4.695000E+02 -6.496622E-02
  4.700000E+02  1.055951E-01
  4.705000E+02  2.640292E-01
  4.710000E+02  4.085600E-01
  4.715000E+02  5.378108E-01
  4.720000E+02  6.508142E-01
  4.725000E+02  7.470122E-01
  4.730000E+02  8.262455E-01
  4.735000E+02  8.887342E-01
  4.740000E+02  9.350498E-01
  4.745000E+02  9.660789E-01
  4.750000E+02  9.829812E-01
  4.755000E+02  9.871409E-01
  4.760000E+02  9.801157E-01
  4.765000E+02  9.635815E-01
  4.770000E+02  9.392773E-01
  4.775000E+02  9.089497E-01
  4.780000E+02  8.742999E-01
  4.785000E+02  8.369336E-01
  4.790000E+02  7.983157E-01
  4.795000E+02  7.597308E-01
  4.800000E+02  7.222504E-01
  4.805000E+02  6.867076E-01
  4.810000E+02  6.536809E-01
  4.815000E+02  6.234851E-01
  4.820000E+02  5.961726E-01
  4.825000E+02  5.715422E-01
  4.830000E+02  5.491564E-01
  4.835000E+02  5.283670E-01
  4.840000E+02  5.083469E-01
  4.845000E+02  4.881278E-01
  4.850000E+02  4.666431E-01
  4.855000E+02  4.427738E-01
  4.860000E+02  4.153960E-01
  4.865000E+02  3.834297E-01
  4.870000E+02  3.458860E-01
  4.875000E+02  3.019114E-01
  4.880000E+02  2.508294E-01
  4.885000E+02  1.921755E-01
  4.890000E+02  1.257269E-01
  4.895000E+02  5.152435E-02
  4.900000E+02 -3.011398E-02
  4.905000E+02 -1.185869E-01
  4.910000E+02 -2.130135E-01
  4.915000E+02 -3.122459E-01
  4.920000E+02 -4.148891E-01
  4.925000E+02 -5.193304E-01
  4.930000E+02 -6.237746E-01
  4.935000E+02 -7.262870E-01
  4.940000E+02 -8.248398E-01
  4.945000E+02 -9.173638E-01
  4.950000E+02 -1.001801E+00
  4.955000E+02 -1.076161E+00
  4.960000E+02 -1.138569E+00
  4.965000E+02 -1.187326E+00
  4.970000E+02 -1.220947E+00
  4.975000E+02 -1.238211E+00
  4.980000E+02 -1.238194E+00
  4.985000E+02 -1.220298E+00
  4.990000E+02 -1.184277E+00
  4.995000E+02 -1.130243E+00
  5.000000E+02 -1.058675E+00
  5.005000E+02 -9.704142E-01
  5.010000E+02 -8.666458E-01
  5.015000E+02 -7.488809E-01
  5.020000E+02 -6.189244E-01
  5.025000E+02 -4.788381E-01
  5.030000E+02 -3.308972E-01
  5.035000E+02 -1.775423E-01
  5.040000E+02 -2.132707E-02
  5.045000E+02  1.351358E-01
  5.050000E+02  2.892300E-01
  5.055000E+02  4.383906E-01
  5.060000E+02  5.801574E-01
  5.065000E+02  7.122254E-01
  5.070000E+02  8.324910E-01
  5.075000E+02  9.390932E-01
  5.080000E+02  1.030449E+00
  5.085000E+02  1.105282E+00
  5.090000E+02  1.162644E+00
  5.095000E+02  1.201927E+00
  5.100000E+02  1.222872E+00
  5.105000E+02  1.225567E+00
  5.110000E+02  1.210434E+00
  5.115000E+02  1.178219E+00
  5.120000E+02  1.129964E+00
  5.125000E+02  1.066980E+00
  5.130000E+02  9.908157E-01
  5.135000E+02  9.032145E-01
  5.140000E+02  8.060767E-01
  5.145000E+02  7.014144E-01
  5.150000E+02  5.913065E-01
  5.155000E+02  4.778533E-01
  5.160000E+02  3.631316E-01
  5.165000E+02  2.491520E-01
  5.170000E+02  1.378179E-01
  5.175000E+02  3.088905E-02
  5.180000E+02 -7.005190E-02
  5.185000E+02 -1.636272E-01
  5.190000E+02 -2.486866E-01
  5.195000E+02 -3.243246E-01
  5.200000E+02 -3.898912E-01
  5.205000E+02 -4.449964E-01
  5.210000E+02 -4.895087E-01
  5.215000E+02 -5.235477E-01
  5.220000E+02 -5.474703E-01
  5.225000E+02 -5.618514E-01
  5.230000E+02 -5.674606E-01
  5.235000E+02 -5.652334E-01
  5.240000E+02 -5.562393E-01
  5.245000E+02 -5.416469E-01
  5.250000E+02 -5.226876E-01
  5.255000E+02 -5.006175E-01
  5.260000E+02 -4.766799E-01
  5.265000E+02 -4.520681E-01
  5.270000E+02 -4.278912E-01
  5.275000E+02 -4.051413E-01
  5.280000E+02 -3.846655E-01
  5.285000E+02 -3.671421E-01
  5.290000E+02 -3.530612E-01
  5.295000E+02 -3.427123E-01
  5.300000E+02 -3.361767E-01
  5.305000E+02 -3.333271E-01
  5.310000E+02 -3.338328E-01
  5.315000E+02 -3.371720E-01
  5.320000E+02 -3.426491E-01
  5.325000E+02 -3.494184E-01
  5.330000E+02 -3.565121E-01
  5.335000E+02 -3.628727E-01
  5.340000E+02 -3.673881E-01
  5.345000E+02 -3.689299E-01
  5.350000E+02 -3.663914E-01
  5.355000E+02 -3.587269E-01
  5.360000E+02 -3.449892E-01
  5.365000E+02 -3.243645E-01
  5.370000E+02 -2.962044E-01
  5.375000E+02 -2.600538E-01
  5.380000E+02 -2.156725E-01
  5.385000E+02 -1.630519E-01
  5.390000E+02 -1.024252E-01
  5.395000E+02 -3.426946E-02
  5.400000E+02  4.069742E-02
  5.405000E+02  1.215283E-01
  5.410000E+02  2.070641E-01
  5.415000E+02  2.959579E-01
  5.420000E+02  3.867044E-01
  5.425000E+02  4.776740E-01
  5.430000E+02  5.671508E-01
  5.435000E+02  6.533739E-01
  5.440000E+02  7.345793E-01
  5.445000E+02  8.090431E-01
  5.450000E+02  8.751236E-01
  5.455000E+02  9.313014E-01
  5.460000E+02  9.762168E-01
  5.465000E+02  1.008703E+00
  5.470000E+02  1.027814E+00
  5.475000E+02  1.032849E+00
  5.480000E+02  1.023367E+00
  5.485000E+02  9.991981E-01
  5.490000E+02  9.604491E-01
  5.495000E+02  9.074978E-01
  5.500000E+02  8.409857E-01
  5.505000E+02  7.618025E-01
  5.510000E+02  6.710661E-01
  5.515000E+02  5.700973E-01
  5.520000E+02  4.603912E-01
  5.525000E+02  3.435853E-01
  5.530000E+02  2.214251E-01
  5.535000E+02  9.572951E-02
  5.540000E+02 -3.164497E-02
  5.545000E+02 -1.588390E-01
  5.550000E+02 -2.840237E-01
  5.555000E+02 -4.054322E-01
  5.560000E+02 -5.213879E-01
  5.565000E+02 -6.303302E-01
  5.570000E+02 -7.308359E-01
  5.575000E+02 -8.216376E-01
  5.580000E+02 -9.016372E-01
  5.585000E+02 -9.699167E-01
  5.590000E+02 -1.025744E+00
  5.595000E+02 -1.068576E+00
  5.600000E+02 -1.098057E+00
  5.605000E+02 -1.114018E+00
  5.610000E+02 -1.116466E+00
  5.615000E+02 -1.105583E+00
  5.620000E+02 -1.081706E+00
  5.625000E+02 -1.045326E+00
  5.630000E+02 -9.970680E-01
  5.635000E+02 -9.376822E-01
  5.640000E+02 -8.680292E-01
  5.645000E+02 -7.890665E-01
  5.650000E+02 -7.018353E-01
  5.655000E+02 -6.074469E-01
  5.660000E+02 -5.070701E-01
  5.665000E+02 -4.019174E-01
  5.670000E+02 -2.932336E-01
  5.675000E+02 -1.822826E-01
  5.680000E+02 -7.033541E-02
  5.685000E+02  4.134124E-02
  5.690000E+02  1.514973E-01
  5.695000E+02  2.589108E-01
  5.700000E+02  3.623994E-01
  5.705000E+02  4.608316E-01
  5.710000E+02  5.531384E-01
  5.715000E+02  6.383235E-01
  5.720000E+02  7.154742E-01
  5.725000E+02  7.837708E-01
  5.730000E+02  8.424963E-01
  5.735000E+02  8.910443E-01
  5.740000E+02  9.289264E-01
  5.745000E+02  9.557777E-01
  5.750000E+02  9.713622E-01
  5.755000E+02  9.755750E-01
  5.760000E+02  9.684445E-01
  5.765000E+02  9.501316E-01
  5.770000E+02  9.209279E-01
  5.775000E+02  8.812519E-01
  5.780000E+02  8.316436E-01
  5.785000E+02  7.727575E-01
  5.790000E+02  7.053536E-01
  5.795000E+02  6.302881E-01
  5.800000E+02  5.485020E-01
  5.805000E+02  4.610090E-01
  5.810000E+02  3.688826E-01
  5.815000E+02  2.732431E-01
  5.820000E+02  1.752436E-01
  5.825000E+02  7.605608E-02
  5.830000E+02 -2.314196E-02
  5.835000E+02 -1.211814E-01
  5.840000E+02 -2.169146E-01
  5.845000E+02 -3.092279E-01
  5.850000E+02 -3.970539E-01
  5.855000E+02 -4.793825E-01
  5.860000E+02 -5.552718E-01
  5.865000E+02 -6.238579E-01
  5.870000E+02 -6.843640E-01
  5.875000E+02 -7.361082E-01
  5.880000E+02 -7.785112E-01
  5.885000E+02 -8.111028E-01
  5.890000E+02 -8.335269E-01
  5.895000E+02 -8.455467E-01
  5.900000E+02 -8.470476E-01
  5.905000E+02 -8.380401E-01
  5.910000E+02 -8.186605E-01
  5.915000E+02 -7.891717E-01
  5.920000E+02 -7.499610E-01
  5.925000E+02 -7.015376E-01
  5.930000E+02 -6.445286E-01
  5.935000E+02 -5.796722E-01
  5.940000E+02 -5.078111E-01
  5.945000E+02 -4.298826E-01
  5.950000E+02 -3.469076E-01
  5.955000E+02 -2.599788E-01
  5.960000E+02 -1.702459E-01
  5.965000E+02 -7.890055E-02
  5.970000E+02  1.283984E-02
  5.975000E+02  1.037499E-01
  5.980000E+02  1.926142E-01
  5.985000E+02  2.782453E-01
  5.990000E+02  3.595025E-01
  5.995000E+02  4.353092E-01
  6.000000E+02  5.046701E-01
  6.005000E+02  5.666873E-01
  6.010000E+02  6.205742E-01
  6.015000E+02  6.656683E-01
  6.020000E+02  7.014413E-01
  6.025000E+02  7.275072E-01
  6.030000E+02  7.436276E-01
  6.035000E+02  7.497141E-01
  6.040000E+02  7.458285E-01
  6.045000E+02  7.321796E-01
  6.050000E+02  7.091178E-01
  6.055000E+02  6.771271E-01
  6.060000E+02  6.368145E-01
  6.065000E+02  5.888977E-01
  6.070000E+02  5.341911E-01
  6.075000E+02  4.735901E-01
  6.080000E+02  4.080545E-01
  6.085000E+02  3.385914E-01
  6.090000E+02  2.662379E-01
  6.095000E+02  1.920430E-01
  6.100000E+02  1.170517E-01
  6.105000E+02  4.228776E-02
  6.110000E+02 -3.126116E-02
  6.115000E+02 -1.026575E-01
  6.120000E+02 -1.710266E-01
  6.125000E+02 -2.355679E-01
  6.130000E+02 -2.955640E-01
  6.135000E+02 -3.503891E-01
  6.140000E+02 -3.995147E-01
  6.145000E+02 -4.425141E-01
  6.150000E+02 -4.790651E-01
  6.155000E+02 -5.089513E-01
  6.160000E+02 -5.320615E-01
  6.165000E+02 -5.483880E-01
  6.170000E+02 -5.580234E-01
  6.175000E+02 -5.611554E-01
  6.180000E+02 -5.580618E-01
  6.185000E+02 -5.491023E-01
  6.190000E+02 -5.347114E-01
  6.195000E+02 -5.153878E-01
  6.200000E+02 -4.916851E-01
  6.205000E+02 -4.641999E-01
  6.210000E+02 -4.335597E-01
  6.215000E+02 -4.004104E-01
  6.220000E+02 -3.654028E-01
  6.225000E+02 -3.291787E-01
  6.230000E+02 -2.923576E-01
  6.235000E+02 -2.555228E-01
  6.240000E+02 -2.192085E-01
  6.245000E+02 -1.838869E-01
  6.250000E+02 -1.499576E-01
  6.255000E+02 -1.177376E-01
  6.260000E+02 -8.745322E-02
  6.265000E+02 -5.923473E-02
  6.270000E+02 -3.311283E-02
  6.275000E+02 -9.018331E-03
  6.280000E+02  1.321533E-02
  6.285000E+02  3.384651E-02
  6.290000E+02  5.321656E-02
  6.295000E+02  7.173795E-02
  6.300000E+02  8.987954E-02
  6.305000E+02  1.081491E-01
  6.310000E+02  1.270737E-01
  6.315000E+02  1.471779E-01
  6.320000E+02  1.689617E-01
  6.325000E+02  1.928766E-01
  6.330000E+02  2.193033E-01
  6.335000E+02  2.485294E-01
  6.340000E+02  2.807289E-01
  6.345000E+02  3.159453E-01
  6.350000E+02  3.540762E-01
  6.355000E+02  3.948640E-01
  6.360000E+02  4.378891E-01
  6.365000E+02  4.825694E-01
  6.370000E+02  5.281648E-01
  6.375000E+02  5.737868E-01
  6.380000E+02  6.184137E-01
  6.385000E+02  6.609111E-01
  6.390000E+02  7.000572E-01
  6.395000E+02  7.345718E-01
  6.400000E+02  7.631498E-01
  6.405000E+02  7.844963E-01
  6.410000E+02  7.973638E-01
  6.415000E+02  8.005903E-01
  6.420000E+02  7.931359E-01
  6.425000E+02  7.741189E-01
  6.430000E+02  7.428478E-01
  6.435000E+02  6.988508E-01
  6.440000E+02  6.418993E-01
  6.445000E+02  5.720264E-01
  6.450000E+02  4.895388E-01
  6.455000E+02  3.950226E-01
  6.460000E+02  2.893409E-01
  6.465000E+02  1.736251E-01
  6.470000E+02  4.925947E-02
  6.475000E+02 -8.214159E-02
  6.480000E+02 -2.187618E-01
  6.485000E+02 -3.586168E-01
  6.490000E+02 -4.995919E-01
  6.495000E+02 -6.394837E-01
  6.500000E+02 -7.760434E-01
  6.505000E+02 -9.070221E-01
  6.510000E+02 -1.030215E+00
  6.515000E+02 -1.143504E+00
  6.520000E+02 -1.244901E+00
  6.525000E+02 -1.332585E+00
  6.530000E+02 -1.404933E+00
  6.535000E+02 -1.460556E+00
  6.540000E+02 -1.498314E+00
  6.545000E+02 -1.517343E+00
  6.550000E+02 -1.517061E+00
  6.555000E+02 -1.497176E+00
  6.560000E+02 -1.457692E+00
  6.565000E+02 -1.398898E+00
  6.570000E+02 -1.321360E+00
  6.575000E+02 -1.225915E+00
  6.580000E+02 -1.113644E+00
  6.585000E+02 -9.858585E-01
  6.590000E+02 -8.440761E-01
  6.595000E+02 -6.899970E-01
  6.600000E+02 -5.254788E-01
  6.605000E+02 -3.525105E-01
  6.610000E+02 -1.731875E-01
  6.615000E+02  1.031446E-02
  6.620000E+02  1.957641E-01
  6.625000E+02  3.808989E-01
  6.630000E+02  5.634487E-01
  6.635000E+02  7.411588E-01
  6.640000E+02  9.118122E-01
  6.645000E+02  1.073251E+00
  6.650000E+02  1.223401E+00
  6.655000E+02  1.360286E+00
  6.660000E+02  1.482059E+00
  6.665000E+02  1.587016E+00
  6.670000E+02  1.673621E+00
  6.675000E+02  1.740528E+00
  6.680000E+02  1.786599E+00
  6.685000E+02  1.810931E+00
  6.690000E+02  1.812870E+00
  6.695000E+02  1.792034E+00
  6.700000E+02  1.748327E+00
  6.705000E+02  1.681955E+00
  6.710000E+02  1.593440E+00
  6.715000E+02  1.483621E+00
  6.720000E+02  1.353660E+00
  6.725000E+02  1.205042E+00
  6.730000E+02  1.039563E+00
  6.735000E+02  8.593146E-01
  6.740000E+02  6.666687E-01
  6.745000E+02  4.642441E-01
  6.750000E+02  2.548756E-01
  6.755000E+02  4.157264E-02
  6.760000E+02 -1.725264E-01
  6.765000E+02 -3.842052E-01
  6.770000E+02 -5.902248E-01
  6.775000E+02 -7.873816E-01
  6.780000E+02 -9.725677E-01
  6.785000E+02 -1.142831E+00
  6.790000E+02 -1.295434E+00
  6.795000E+02 -1.427913E+00
  6.800000E+02 -1.538129E+00
  6.805000E+02 -1.624313E+00
  6.810000E+02 -1.685112E+00
  6.815000E+02 -1.719619E+00
  6.820000E+02 -1.727394E+00
  6.825000E+02 -1.708483E+00
  6.830000E+02 -1.663416E+00
  6.835000E+02 -1.593206E+00
  6.840000E+02 -1.499323E+00
  6.845000E+02 -1.383674E+00
  6.850000E+02 -1.248561E+00
  6.855000E+02 -1.096631E+00
  6.860000E+02 -9.308285E-01
  6.865000E+02 -7.543266E-01
  6.870000E+02 -5.704651E-01
  6.875000E+02 -3.826784E-01
  6.880000E+02 -1.944241E-01
  6.885000E+02 -9.111273E-03
  6.890000E+02  1.699700E-01
  6.895000E+02  3.397153E-01
  6.900000E+02  4.972678E-01
  6.905000E+02  6.400737E-01
  6.910000E+02  7.659300E-01
  6.915000E+02  8.730239E-01
  6.920000E+02  9.599628E-01
  6.925000E+02  1.025793E+00
  6.930000E+02  1.070013E+00
  6.935000E+02  1.092566E+00
  6.940000E+02  1.093837E+00
  6.945000E+02  1.074629E+00
  6.950000E+02  1.036135E+00
  6.955000E+02  9.799027E-01
  6.960000E+02  9.077884E-01
  6.965000E+02  8.219121E-01
  6.970000E+02  7.246027E-01
  6.975000E+02  6.183427E-01
  6.980000E+02  5.057106E-01
  6.985000E+02  3.893241E-01
  6.990000E+02  2.717830E-01
  6.995000E+02  1.556154E-01
  7.000000E+02  4.322731E-02
  7.005000E+02 -6.314456E-02
  7.010000E+02 -1.614735E-01
  7.015000E+02 -2.499783E-01
  7.020000E+02 -3.271529E-01
  7.025000E+02 -3.917884E-01
  7.030000E+02 -4.429889E-01
  7.035000E+02 -4.801803E-01
  7.040000E+02 -5.031126E-01
  7.045000E+02 -5.118547E-01
  7.050000E+02 -5.067844E-01
  7.055000E+02 -4.885712E-01
  7.060000E+02 -4.581551E-01
  7.065000E+02 -4.167197E-01
  7.070000E+02 -3.656616E-01
  7.075000E+02 -3.065570E-01
  7.080000E+02 -2.411248E-01
  7.085000E+02 -1.711879E-01
  7.090000E+02 -9.863350E-02
  7.095000E+02 -2.537296E-02
  7.100000E+02  4.669888E-02
  7.105000E+02  1.157429E-01
  7.110000E+02  1.800139E-01
  7.115000E+02  2.378965E-01
  7.120000E+02  2.879382E-01
  7.125000E+02  3.288800E-01
  7.130000E+02  3.596822E-01
  7.135000E+02  3.795472E-01
  7.140000E+02  3.879366E-01
  7.145000E+02  3.845841E-01
  7.150000E+02  3.695030E-01
  7.155000E+02  3.429881E-01
  7.160000E+02  3.056119E-01
  7.165000E+02  2.582159E-01
  7.170000E+02  2.018948E-01
  7.175000E+02  1.379771E-01
  7.180000E+02  6.799878E-02
  7.185000E+02 -6.326803E-03
  7.190000E+02 -8.314415E-02
  7.195000E+02 -1.604944E-01
  7.200000E+02 -2.363573E-01
  7.205000E+02 -3.086961E-01
  7.210000E+02 -3.755035E-01
  7.215000E+02 -4.348490E-01
  7.220000E+02 -4.849249E-01
  7.225000E+02 -5.240927E-01
  7.230000E+02 -5.509254E-01
  7.235000E+02 -5.642479E-01
  7.240000E+02 -5.631720E-01
  7.245000E+02 -5.471268E-01
  7.250000E+02 -5.158827E-01
  7.255000E+02 -4.695678E-01
  7.260000E+02 -4.086782E-01
  7.265000E+02 -3.340781E-01
  7.270000E+02 -2.469932E-01
  7.275000E+02 -1.489948E-01
  7.280000E+02 -4.197453E-02
  7.285000E+02  7.188759E-02
  7.290000E+02  1.901645E-01
  7.295000E+02  3.102298E-01
  7.300000E+02  4.293122E-01
  7.305000E+02  5.445551E-01
  7.310000E+02  6.530800E-01
  7.315000E+02  7.520534E-01
  7.320000E+02  8.387537E-01
  7.325000E+02  9.106390E-01
  7.330000E+02  9.654120E-01
  7.335000E+02  1.001082E+00
  7.340000E+02  1.016020E+00
  7.345000E+02  1.009011E+00
  7.350000E+02  9.792937E-01
  7.355000E+02  9.265914E-01
  7.360000E+02  8.511367E-01
  7.365000E+02  7.536797E-01
  7.370000E+02  6.354876E-01
  7.375000E+02  4.983300E-01
  7.380000E+02  3.444539E-01
  7.385000E+02  1.765451E-01
  7.390000E+02 -2.320509E-03
  7.395000E+02 -1.887368E-01
  7.400000E+02 -3.790363E-01
  7.405000E+02 -5.693667E-01
  7.410000E+02 -7.557735E-01
  7.415000E+02 -9.342875E-01
  7.420000E+02 -1.101014E+00
  7.425000E+02 -1.252220E+00
  7.430000E+02 -1.384426E+00
  7.435000E+02 -1.494484E+00
  7.440000E+02 -1.579657E+00
  7.445000E+02 -1.637686E+00
  7.450000E+02 -1.666848E+00
  7.455000E+02 -1.666001E+00
  7.460000E+02 -1.634621E+00
  7.465000E+02 -1.572815E+00
  7.470000E+02 -1.481332E+00
  7.475000E+02 -1.361546E+00
  7.480000E+02 -1.215434E+00
  7.485000E+02 -1.045534E+00
  7.490000E+02 -8.548950E-01
  7.495000E+02 -6.470062E-01
  7.500000E+02 -4.257241E-01
  7.505000E+02 -1.951860E-01
  7.510000E+02  4.028175E-02
  7.515000E+02  2.762604E-01
  7.520000E+02  5.083369E-01
  7.525000E+02  7.322020E-01
  7.530000E+02  9.437454E-01
  7.535000E+02  1.139145E+00
  7.540000E+02  1.314948E+00
  7.545000E+02  1.468146E+00
  7.550000E+02  1.596232E+00
  7.555000E+02  1.697252E+00
  7.560000E+02  1.769837E+00
  7.565000E+02  1.813223E+00
  7.570000E+02  1.827253E+00
  7.575000E+02  1.812373E+00
  7.580000E+02  1.769597E+00
  7.585000E+02  1.700478E+00
  7.590000E+02  1.607052E+00
  7.595000E+02  1.491778E+00
  7.600000E+02  1.357470E+00
  7.605000E+02  1.207216E+00
  7.610000E+02  1.044300E+00
  7.615000E+02  8.721191E-01
  7.620000E+02  6.940983E-01
  7.625000E+02  5.136108E-01
  7.630000E+02  3.339014E-01
  7.635000E+02  1.580173E-01
  7.640000E+02 -1.125433E-02
  7.645000E+02 -1.714375E-01
  7.650000E+02 -3.204094E-01
  7.655000E+02 -4.564298E-01
  7.660000E+02 -5.781593E-01
  7.665000E+02 -6.846658E-01
  7.670000E+02 -7.754188E-01
  7.675000E+02 -8.502739E-01
  7.680000E+02 -9.094466E-01
  7.685000E+02 -9.534782E-01
  7.690000E+02 -9.831940E-01
  7.695000E+02 -9.996566E-01
  7.700000E+02 -1.004115E+00
  7.705000E+02 -9.979525E-01
  7.710000E+02 -9.826324E-01
  7.715000E+02 -9.596481E-01
  7.720000E+02 -9.304734E-01
  7.725000E+02 -8.965193E-01
  7.730000E+02 -8.590949E-01
  7.735000E+02 -8.193753E-01
  7.740000E+02 -7.783773E-01
  7.745000E+02 -7.369416E-01
  7.750000E+02 -6.957231E-01
  7.755000E+02 -6.551890E-01
  7.760000E+02 -6.156235E-01
  7.765000E+02 -5.771394E-01
  7.770000E+02 -5.396951E-01
  7.775000E+02 -5.031159E-01
  7.780000E+02 -4.671202E-01
  7.785000E+02 -4.313464E-01
  7.790000E+02 -3.953821E-01
  7.795000E+02 -3.587934E-01
  7.800000E+02 -3.211524E-01
  7.805000E+02 -2.820636E-01
  7.810000E+02 -2.411868E-01
  7.815000E+02 -1.982565E-01
  7.820000E+02 -1.530971E-01
  7.825000E+02 -1.056339E-01
  7.830000E+02 -5.589898E-02
  7.835000E+02 -4.032801E-03
  7.840000E+02  4.971893E-02
  7.845000E+02  1.050123E-01
  7.850000E+02  1.614160E-01
  7.855000E+02  2.184247E-01
  7.860000E+02  2.754756E-01
  7.865000E+02  3.319653E-01
  7.870000E+02  3.872686E-01
  7.875000E+02  4.407567E-01
  7.880000E+02  4.918149E-01
  7.885000E+02  5.398589E-01
  7.890000E+02  5.843493E-01
  7.895000E+02  6.248038E-01
  7.900000E+02  6.608066E-01
  7.905000E+02  6.920151E-01
  7.910000E+02  7.181631E-01
  7.915000E+02  7.390621E-01
  7.920000E+02  7.545986E-01
  7.925000E+02  7.647300E-01
  7.930000E+02  7.694775E-01
  7.935000E+02  7.689179E-01
  7.940000E+02  7.631738E-01
  7.945000E+02  7.524031E-01
  7.950000E+02  7.367886E-01
  7.955000E+02  7.165278E-01
  7.960000E+02  6.918230E-01
  7.965000E+02  6.628734E-01
  7.970000E+02  6.298684E-01
  7.975000E+02  5.929825E-01
  7.980000E+02  5.523729E-01
  7.985000E+02  5.081792E-01
  7.990000E+02  4.605242E-01
  7.995000E+02  4.095190E-01
  8.000000E+02  3.552677E-01
  8.005000E+02  2.978755E-01
  8.010000E+02  2.374578E-01
  8.015000E+02  1.741497E-01
  8.020000E+02  1.081170E-01
  8.025000E+02  3.956674E-02
  8.030000E+02 -3.124217E-02
  8.035000E+02 -1.039896E-01
  8.040000E+02 -1.782856E-01
  8.045000E+02 -2.536641E-01
  8.050000E+02 -3.295780E-01
  8.055000E+02 -4.053974E-01
  8.060000E+02 -4.804105E-01
  8.065000E+02 -5.538266E-01
  8.070000E+02 -6.247835E-01
  8.075000E+02 -6.923570E-01
  8.080000E+02 -7.555741E-01
  8.085000E+02 -8.134285E-01
  8.090000E+02 -8.648995E-01
  8.095000E+02 -9.089728E-01
  8.100000E+02 -9.446631E-01
  8.105000E+02 -9.710391E-01
  8.110000E+02 -9.872479E-01
  8.115000E+02 -9.925414E-01
  8.120000E+02 -9.863008E-01
  8.125000E+02 -9.680610E-01
  8.130000E+02 -9.375330E-01
  8.135000E+02 -8.946236E-01
  8.140000E+02 -8.394519E-01
  8.145000E+02 -7.723627E-01
  8.150000E+02 -6.939341E-01
  8.155000E+02 -6.049818E-01
  8.160000E+02 -5.065567E-01
  8.165000E+02 -3.999376E-01
  8.170000E+02 -2.866179E-01
  8.175000E+02 -1.682861E-01
  8.180000E+02 -4.680106E-02
  8.185000E+02  7.583846E-02
  8.190000E+02  1.975294E-01
  8.195000E+02  3.161045E-01
  8.200000E+02  4.293755E-01
  8.205000E+02  5.351803E-01
  8.210000E+02  6.314308E-01
  8.215000E+02  7.161622E-01
  8.220000E+02  7.875814E-01
  8.225000E+02  8.441138E-01
  8.230000E+02  8.844473E-01
  8.235000E+02  9.075717E-01
  8.240000E+02  9.128128E-01
  8.245000E+02  8.998600E-01
  8.250000E+02  8.687866E-01
  8.255000E+02  8.200610E-01
  8.260000E+02  7.545493E-01
  8.265000E+02  6.735090E-01
  8.270000E+02  5.785720E-01
  8.275000E+02  4.717185E-01
  8.280000E+02  3.552422E-01
  8.285000E+02  2.317052E-01
  8.290000E+02  1.038869E-01
  8.295000E+02 -2.527545E-02
  8.300000E+02 -1.527508E-01
  8.305000E+02 -2.754831E-01
  8.310000E+02 -3.904623E-01
  8.315000E+02 -4.947957E-01
  8.320000E+02 -5.857794E-01
  8.325000E+02 -6.609653E-01
  8.330000E+02 -7.182252E-01
  8.335000E+02 -7.558070E-01
  8.340000E+02 -7.723841E-01
  8.345000E+02 -7.670950E-01
  8.350000E+02 -7.395728E-01
  8.355000E+02 -6.899629E-01
  8.360000E+02 -6.189290E-01
  8.365000E+02 -5.276471E-01
  8.370000E+02 -4.177865E-01
  8.375000E+02 -2.914796E-01
  8.380000E+02 -1.512795E-01
  8.385000E+02 -1.078800E-04
  8.390000E+02  1.588067E-01
  8.395000E+02  3.219983E-01
  8.400000E+02  4.858391E-01
  8.405000E+02  6.466193E-01
  8.410000E+02  8.006297E-01
  8.415000E+02  9.442445E-01
  8.420000E+02  1.074003E+00
  8.425000E+02  1.186686E+00
  8.430000E+02  1.279391E+00
  8.435000E+02  1.349595E+00
  8.440000E+02  1.395216E+00
  8.445000E+02  1.414656E+00
  8.450000E+02  1.406840E+00
  8.455000E+02  1.371240E+00
  8.460000E+02  1.307890E+00
  8.465000E+02  1.217388E+00
  8.470000E+02  1.100880E+00
  8.475000E+02  9.600432E-01
  8.480000E+02  7.970485E-01
  8.485000E+02  6.145186E-01
  8.490000E+02  4.154747E-01
  8.495000E+02  2.032760E-01
  8.500000E+02 -1.844696E-02
  8.505000E+02 -2.458638E-01
  8.510000E+02 -4.750193E-01
  8.515000E+02 -7.019091E-01
  8.520000E+02 -9.225568E-01
  8.525000E+02 -1.133088E+00
  8.530000E+02 -1.329802E+00
  8.535000E+02 -1.509240E+00
  8.540000E+02 -1.668244E+00
  8.545000E+02 -1.804018E+00
  8.550000E+02 -1.914167E+00
  8.555000E+02 -1.996743E+00
  8.560000E+02 -2.050274E+00
  8.565000E+02 -2.073783E+00
  8.570000E+02 -2.066801E+00
  8.575000E+02 -2.029372E+00
  8.580000E+02 -1.962044E+00
  8.585000E+02 -1.865857E+00
  8.590000E+02 -1.742317E+00
  8.595000E+02 -1.593364E+00
  8.600000E+02 -1.421340E+00
  8.605000E+02 -1.228938E+00
  8.610000E+02 -1.019159E+00
  8.615000E+02 -7.952560E-01
  8.620000E+02 -5.606750E-01
  8.625000E+02 -3.190000E-01
  8.630000E+02 -7.389094E-02
  8.635000E+02  1.709771E-01
  8.640000E+02  4.119730E-01
  8.645000E+02  6.455683E-01
  8.650000E+02  8.683923E-01
  8.655000E+02  1.077284E+00
  8.660000E+02  1.269342E+00
  8.665000E+02  1.441963E+00
  8.670000E+02  1.592883E+00
  8.675000E+02  1.720209E+00
  8.680000E+02  1.822440E+00
  8.685000E+02  1.898488E+00
  8.690000E+02  1.947689E+00
  8.695000E+02  1.969803E+00
  8.700000E+02  1.965016E+00
  8.705000E+02  1.933927E+00
  8.710000E+02  1.877530E+00
  8.715000E+02  1.797195E+00
  8.720000E+02  1.694632E+00
  8.725000E+02  1.571864E+00
  8.730000E+02  1.431184E+00
  8.735000E+02  1.275113E+00
  8.740000E+02  1.106354E+00
  8.745000E+02  9.277454E-01
  8.750000E+02  7.422090E-01
  8.755000E+02  5.527017E-01
  8.760000E+02  3.621654E-01
  8.765000E+02  1.734786E-01
  8.770000E+02 -1.059047E-02
  8.775000E+02 -1.874267E-01
  8.780000E+02 -3.546091E-01
  8.785000E+02 -5.099460E-01
  8.790000E+02 -6.515070E-01
  8.795000E+02 -7.776491E-01
  8.800000E+02 -8.870371E-01
  8.805000E+02 -9.786587E-01
  8.810000E+02 -1.051834E+00
  8.815000E+02 -1.106218E+00
  8.820000E+02 -1.141798E+00
  8.825000E+02 -1.158887E+00
  8.830000E+02 -1.158105E+00
  8.835000E+02 -1.140366E+00
  8.840000E+02 -1.106850E+00
  8.845000E+02 -1.058977E+00
  8.850000E+02 -9.983710E-01
  8.855000E+02 -9.268321E-01
  8.860000E+02 -8.462927E-01
  8.865000E+02 -7.587810E-01
  8.870000E+02 -6.663794E-01
  8.875000E+02 -5.711838E-01
  8.880000E+02 -4.752626E-01
  8.885000E+02 -3.806169E-01
  8.890000E+02 -2.891418E-01
  8.895000E+02 -2.025911E-01
  8.900000E+02 -1.225439E-01
  8.905000E+02 -5.037527E-02
  8.910000E+02  1.276902E-02
  8.915000E+02  6.599290E-02
  8.920000E+02  1.086657E-01
  8.925000E+02  1.404320E-01
  8.930000E+02  1.612162E-01
  8.935000E+02  1.712208E-01
  8.940000E+02  1.709190E-01
  8.945000E+02  1.610412E-01
  8.950000E+02  1.425561E-01
  8.955000E+02  1.166459E-01
  8.960000E+02  8.467725E-02
  8.965000E+02  4.816688E-02
  8.970000E+02  8.744091E-03
  8.975000E+02 -3.188997E-02
  8.980000E+02 -7.200520E-02
  8.985000E+02 -1.098865E-01
  8.990000E+02 -1.438780E-01
  8.995000E+02 -1.724264E-01
  9.000000E+02 -1.941219E-01
  9.005000E+02 -2.077373E-01
  9.010000E+02 -2.122612E-01
  9.015000E+02 -2.069281E-01
  9.020000E+02 -1.912414E-01
  9.025000E+02 -1.649904E-01
  9.030000E+02 -1.282598E-01
  9.035000E+02 -8.143244E-02
  9.040000E+02 -2.518344E-02
  9.045000E+02  3.953289E-02
  9.050000E+02  1.115036E-01
  9.055000E+02  1.892849E-01
  9.060000E+02  2.712361E-01
  9.065000E+02  3.555594E-01
  9.070000E+02  4.403442E-01
  9.075000E+02  5.236146E-01
  9.080000E+02  6.033795E-01
  9.085000E+02  6.776826E-01
  9.090000E+02  7.446534E-01
  9.095000E+02  8.025544E-01
  9.100000E+02  8.498261E-01
  9.105000E+02  8.851272E-01
  9.110000E+02  9.073689E-01
  9.115000E+02  9.157426E-01
  9.120000E+02  9.097400E-01
  9.125000E+02  8.891655E-01
  9.130000E+02  8.541395E-01
  9.135000E+02  8.050943E-01
  9.140000E+02  7.427611E-01
  9.145000E+02  6.681489E-01
  9.150000E+02  5.825177E-01
  9.155000E+02  4.873435E-01
  9.160000E+02  3.842801E-01
  9.165000E+02  2.751157E-01
  9.170000E+02  1.617274E-01
  9.175000E+02  4.603472E-02
  9.180000E+02 -7.004702E-02
  9.185000E+02 -1.846513E-01
  9.190000E+02 -2.960024E-01
  9.195000E+02 -4.024529E-01
  9.200000E+02 -5.025164E-01
  9.205000E+02 -5.948938E-01
  9.210000E+02 -6.784934E-01
  9.215000E+02 -7.524439E-01
  9.220000E+02 -8.160998E-01
  9.225000E+02 -8.690407E-01
  9.230000E+02 -9.110632E-01
  9.235000E+02 -9.421669E-01
  9.240000E+02 -9.625355E-01
  9.245000E+02 -9.725128E-01
  9.250000E+02 -9.725763E-01
  9.255000E+02 -9.633077E-01
  9.260000E+02 -9.453631E-01
  9.265000E+02 -9.194436E-01
  9.270000E+02 -8.862663E-01
  9.275000E+02 -8.465387E-01
  9.280000E+02 -8.009361E-01
  9.285000E+02 -7.500830E-01
  9.290000E+02 -6.945393E-01
  9.295000E+02 -6.347916E-01
  9.300000E+02 -5.712497E-01
  9.305000E+02 -5.042483E-01
  9.310000E+02 -4.340533E-01
  9.315000E+02 -3.608734E-01
  9.320000E+02 -2.848743E-01
  9.325000E+02 -2.061971E-01
  9.330000E+02 -1.249781E-01
  9.335000E+02 -4.137008E-02
  9.340000E+02  4.443622E-02
  9.345000E+02  1.321918E-01
  9.350000E+02  2.215707E-01
  9.355000E+02  3.121536E-01
  9.360000E+02  4.034161E-01
  9.365000E+02  4.947198E-01
  9.370000E+02  5.853092E-01
  9.375000E+02  6.743125E-01
  9.380000E+02  7.607489E-01
  9.385000E+02  8.435394E-01
  9.390000E+02  9.215237E-01
  9.395000E+02  9.934809E-01
  9.400000E+02  1.058154E+00
  9.405000E+02  1.114279E+00
  9.410000E+02  1.160611E+00
  9.415000E+02  1.195963E+00
  9.420000E+02  1.219230E+00
  9.425000E+02  1.229426E+00
  9.430000E+02  1.225715E+00
  9.435000E+02  1.207432E+00
  9.440000E+02  1.174118E+00
  9.445000E+02  1.125532E+00
  9.450000E+02  1.061673E+00
  9.455000E+02  9.827895E-01
  9.460000E+02  8.893880E-01
  9.465000E+02  7.822309E-01
  9.470000E+02  6.623338E-01
  9.475000E+02  5.309548E-01
  9.480000E+02  3.895790E-01
  9.485000E+02  2.398983E-01
  9.490000E+02  8.378616E-02
  9.495000E+02 -7.673090E-02
  9.500000E+02 -2.395058E-01
  9.505000E+02 -4.023056E-01
  9.510000E+02 -5.628487E-01
  9.515000E+02 -7.188425E-01
  9.520000E+02 -8.680229E-01
  9.525000E+02 -1.008192E+00
  9.530000E+02 -1.137256E+00
  9.535000E+02 -1.253261E+00
  9.540000E+02 -1.354429E+00
  9.545000E+02 -1.439185E+00
  9.550000E+02 -1.506188E+00
  9.555000E+02 -1.554354E+00
  9.560000E+02 -1.582876E+00
  9.565000E+02 -1.591240E+00
  9.570000E+02 -1.579233E+00
  9.575000E+02 -1.546954E+00
  9.580000E+02 -1.494807E+00
  9.585000E+02 -1.423503E+00
  9.590000E+02 -1.334047E+00
  9.595000E+02 -1.227725E+00
  9.600000E+02 -1.106079E+00
  9.605000E+02 -9.708892E-01
  9.610000E+02 -8.241416E-01
  9.615000E+02 -6.679948E-01
  9.620000E+02 -5.047452E-01
  9.625000E+02 -3.367869E-01
  9.630000E+02 -1.665709E-01
  9.635000E+02  3.437989E-03
  9.640000E+02  1.708044E-01
  9.645000E+02  3.331659E-01
  9.650000E+02  4.882753E-01
  9.655000E+02  6.340410E-01
  9.660000E+02  7.685647E-01
  9.665000E+02  8.901755E-01
  9.670000E+02  9.974597E-01
  9.675000E+02  1.089285E+00
  9.680000E+02  1.164818E+00
  9.685000E+02  1.223538E+00
  9.690000E+02  1.265244E+00
  9.695000E+02  1.290049E+00
  9.700000E+02  1.298372E+00
  9.705000E+02  1.290928E+00
  9.710000E+02  1.268698E+00
  9.715000E+02  1.232905E+00
  9.720000E+02  1.184979E+00
  9.725000E+02  1.126518E+00
  9.730000E+02  1.059245E+00
  9.735000E+02  9.849603E-01
  9.740000E+02  9.054991E-01
  9.745000E+02  8.226799E-01
  9.750000E+02  7.382594E-01
  9.755000E+02  6.538882E-01
  9.760000E+02  5.710695E-01
  9.765000E+02  4.911229E-01
  9.770000E+02  4.151536E-01
  9.775000E+02  3.440286E-01
  9.780000E+02  2.783588E-01
  9.785000E+02  2.184909E-01
  9.790000E+02  1.645050E-01
  9.795000E+02  1.162225E-01
  9.800000E+02  7.321988E-02
  9.805000E+02  3.485157E-02
  9.810000E+02  2.787035E-04
  9.815000E+02 -3.149578E-02
  9.820000E+02 -6.158709E-02
  9.825000E+02 -9.118478E-02
  9.830000E+02 -1.215064E-01
  9.835000E+02 -1.537500E-01
  9.840000E+02 -1.890470E-01
  9.845000E+02 -2.284168E-01
  9.850000E+02 -2.727238E-01
  9.855000E+02 -3.226402E-01
  9.860000E+02 -3.786123E-01
  9.865000E+02 -4.408350E-01
  9.870000E+02 -5.092329E-01
  9.875000E+02 -5.834487E-01
  9.880000E+02 -6.628410E-01
  9.885000E+02 -7.464896E-01
  9.890000E+02 -8.332092E-01
  9.895000E+02 -9.215717E-01
  9.900000E+02 -1.009935E+00
  9.905000E+02 -1.096479E+00
  9.910000E+02 -1.179247E+00
  9.915000E+02 -1.256193E+00
  9.920000E+02 -1.325229E+00
  9.925000E+02 -1.384281E+00
  9.930000E+02 -1.431336E+00
  9.935000E+02 -1.464498E+00
  9.940000E+02 -1.482041E+00
  9.945000E+02 -1.482448E+00
  9.950000E+02 -1.464463E+00
  9.955000E+02 -1.427123E+00
  9.960000E+02 -1.369792E+00
  9.965000E+02 -1.292186E+00
  9.970000E+02 -1.194386E+00
  9.975000E+02 -1.076857E+00
  9.980000E+02 -9.404362E-01
  9.985000E+02 -7.863381E-01
  9.990000E+02 -6.161320E-01
  9.995000E+02 -4.317229E-01
  1.000000E+03 -2.353212E-01
  1.000500E+03 -2.940704E-02
  1.001000E+03  1.833115E-01
  1.001500E+03  3.999443E-01
  1.002000E+03  6.174700E-01
  1.002500E+03  8.327882E-01
  1.003000E+03  1.042775E+00
  1.003500E+03  1.244337E+00
  1.004000E+03  1.434468E+00
  1.004500E+03  1.610302E+00
  1.005000E+03  1.769162E+00
  1.005500E+03  1.908612E+00
  1.006000E+03  2.026493E+00
  1.006500E+03  2.120971E+00
  1.007000E+03  2.190559E+00
  1.007500E+03  2.234149E+00
  1.008000E+03  2.251030E+00
  1.008500E+03  2.240898E+00
  1.009000E+03  2.203861E+00
  1.009500E+03  2.140437E+00
  1.010000E+03  2.051542E+00
  1.010500E+03  1.938472E+00
  1.011000E+03  1.802882E+00
  1.011500E+03  1.646747E+00
  1.012000E+03  1.472336E+00
  1.012500E+03  1.282160E+00
  1.013000E+03  1.078934E+00
  1.013500E+03  8.655233E-01
  1.014000E+03  6.448924E-01
  1.014500E+03  4.200539E-01
  1.015000E+03  1.940142E-01
  1.015500E+03 -3.027850E-02
  1.016000E+03 -2.499839E-01
  1.016500E+03 -4.624171E-01
  1.017000E+03 -6.650914E-01
  1.017500E+03 -8.557566E-01
  1.018000E+03 -1.032431E+00
  1.018500E+03 -1.193430E+00
  1.019000E+03 -1.337379E+00
  1.019500E+03 -1.463234E+00
  1.020000E+03 -1.570278E+00
  1.020500E+03 -1.658124E+00
  1.021000E+03 -1.726701E+00
  1.021500E+03 -1.776240E+00
  1.022000E+03 -1.807246E+00
  1.022500E+03 -1.820474E+00
  1.023000E+03 -1.816893E+00
  1.023500E+03 -1.797649E+00
  1.024000E+03 -1.764023E+00
  1.024500E+03 -1.717393E+00
  1.025000E+03 -1.659188E+00
  1.025500E+03 -1.590852E+00
  1.026000E+03 -1.513799E+00
  1.026500E+03 -1.429385E+00
  1.027000E+03 -1.338870E+00
  1.027500E+03 -1.243393E+00
  1.028000E+03 -1.143957E+00
  1.028500E+03 -1.041407E+00
  1.029000E+03 -9.364275E-01
  1.029500E+03 -8.295421E-01
  1.030000E+03 -7.211168E-01
  1.030500E+03 -6.113745E-01
  1.031000E+03 -5.004124E-01
  1.031500E+03 -3.882258E-01
  1.032000E+03 -2.747355E-01
  1.032500E+03 -1.598190E-01
  1.033000E+03 -4.334285E-02
  1.033500E+03  7.480326E-02
  1.034000E+03  1.946732E-01
  1.034500E+03  3.162326E-01
  1.035000E+03  4.393304E-01
  1.035500E+03  5.636734E-01
  1.036000E+03  6.888069E-01
  1.036500E+03  8.141002E-01
  1.037000E+03  9.387389E-01
  1.037500E+03  1.061724E+00
  1.038000E+03  1.181880E+00
  1.038500E+03  1.297864E+00
  1.039000E+03  1.408192E+00
  1.039500E+03  1.511259E+00
  1.040000E+03  1.605378E+00
  1.040500E+03  1.688814E+00
  1.041000E+03  1.759824E+00
  1.041500E+03  1.816705E+00
  1.042000E+03  1.857837E+00
  1.042500E+03  1.881727E+00
  1.043000E+03  1.887059E+00
  1.043500E+03  1.872731E+00
  1.044000E+03  1.837895E+00
  1.044500E+03  1.781993E+00
  1.045000E+03  1.704779E+00
  1.045500E+03  1.606348E+00
  1.046000E+03  1.487142E+00
  1.046500E+03  1.347961E+00
  1.047000E+03  1.189961E+00
  1.047500E+03  1.014640E+00
  1.048000E+03  8.238246E-01
  1.048500E+03  6.196431E-01
  1.049000E+03  4.044933E-01
  1.049500E+03  1.810051E-01
  1.050000E+03 -4.800211E-02
  1.050500E+03 -2.795670E-01
  1.051000E+03 -5.106355E-01
  1.051500E+03 -7.381128E-01
  1.052000E+03 -9.589152E-01
  1.052500E+03 -1.170022E+00
  1.053000E+03 -1.368524E+00
  1.053500E+03 -1.551673E+00
  1.054000E+03 -1.716924E+00
  1.054500E+03 -1.861973E+00
  1.055000E+03 -1.984793E+00
  1.055500E+03 -2.083663E+00
  1.056000E+03 -2.157190E+00
  1.056500E+03 -2.204324E+00
  1.057000E+03 -2.224373E+00
  1.057500E+03 -2.217007E+00
  1.058000E+03 -2.182256E+00
  1.058500E+03 -2.120505E+00
  1.059000E+03 -2.032485E+00
  1.059500E+03 -1.919258E+00
  1.060000E+03 -1.782200E+00
  1.060500E+03 -1.622979E+00
  1.061000E+03 -1.443529E+00
  1.061500E+03 -1.246030E+00
  1.062000E+03 -1.032875E+00
  1.062500E+03 -8.066449E-01
  1.063000E+03 -5.700796E-01
  1.063500E+03 -3.260463E-01
  1.064000E+03 -7.751086E-02
  1.064500E+03  1.724928E-01
  1.065000E+03  4.208930E-01
  1.065500E+03  6.646106E-01
  1.066000E+03  9.005902E-01
  1.066500E+03  1.125830E+00
  1.067000E+03  1.337416E+00
  1.067500E+03  1.532547E+00
  1.068000E+03  1.708575E+00
  1.068500E+03  1.863029E+00
  1.069000E+03  1.993653E+00
  1.069500E+03  2.098435E+00
  1.070000E+03  2.175637E+00
  1.070500E+03  2.223829E+00
  1.071000E+03  2.241917E+00
  1.071500E+03  2.229168E+00
  1.072000E+03  2.185236E+00
  1.072500E+03  2.110185E+00
  1.073000E+03  2.004503E+00
  1.073500E+03  1.869115E+00
  1.074000E+03  1.705391E+00
  1.074500E+03  1.515144E+00
  1.075000E+03  1.300625E+00
  1.075500E+03  1.064506E+00
  1.076000E+03  8.098597E-01
  1.076500E+03  5.401287E-01
  1.077000E+03  2.590847E-01
  1.077500E+03 -2.921729E-02
  1.078000E+03 -3.204945E-01
  1.078500E+03 -6.102986E-01
  1.079000E+03 -8.940839E-01
  1.079500E+03 -1.167282E+00
  1.080000E+03 -1.425378E+00
  1.080500E+03 -1.663995E+00
  1.081000E+03 -1.878970E+00
  1.081500E+03 -2.066441E+00
  1.082000E+03 -2.222920E+00
  1.082500E+03 -2.345374E+00
  1.083000E+03 -2.431284E+00
  1.083500E+03 -2.478715E+00
  1.084000E+03 -2.486358E+00
  1.084500E+03 -2.453578E+00
  1.085000E+03 -2.380434E+00
  1.085500E+03 -2.267697E+00
  1.086000E+03 -2.116850E+00
  1.086500E+03 -1.930073E+00
  1.087000E+03 -1.710212E+00
  1.087500E+03 -1.460739E+00
  1.088000E+03 -1.185692E+00
  1.088500E+03 -8.896070E-01
  1.089000E+03 -5.774364E-01
  1.089500E+03 -2.544568E-01
  1.090000E+03  7.382872E-02
  1.090500E+03  4.017960E-01
  1.091000E+03  7.238083E-01
  1.091500E+03  1.034326E+00
  1.092000E+03  1.328013E+00
  1.092500E+03  1.599846E+00
  1.093000E+03  1.845207E+00
  1.093500E+03  2.059979E+00
  1.094000E+03  2.240619E+00
  1.094500E+03  2.384233E+00
  1.095000E+03  2.488623E+00
  1.095500E+03  2.552331E+00
  1.096000E+03  2.574655E+00
  1.096500E+03  2.555664E+00
  1.097000E+03  2.496180E+00
  1.097500E+03  2.397757E+00
  1.098000E+03  2.262638E+00
  1.098500E+03  2.093701E+00
  1.099000E+03  1.894392E+00
  1.099500E+03  1.668641E+00
  1.100000E+03  1.420780E+00
  1.100500E+03  1.155447E+00
  1.101000E+03  8.774837E-01
  1.101500E+03  5.918392E-01
  1.102000E+03  3.034646E-01
  1.102500E+03  1.721683E-02
  1.103000E+03 -2.622352E-01
  1.103500E+03 -5.304976E-01
  1.104000E+03 -7.835295E-01
  1.104500E+03 -1.017711E+00
  1.105000E+03 -1.229898E+00
  1.105500E+03 -1.417470E+00
  1.106000E+03 -1.578355E+00
  1.106500E+03 -1.711051E+00
  1.107000E+03 -1.814631E+00
  1.107500E+03 -1.888732E+00
  1.108000E+03 -1.933533E+00
  1.108500E+03 -1.949728E+00
  1.109000E+03 -1.938482E+00
  1.109500E+03 -1.901379E+00
  1.110000E+03 -1.840372E+00
  1.110500E+03 -1.757714E+00
  1.111000E+03 -1.655898E+00
  1.111500E+03 -1.537590E+00
  1.112000E+03 -1.405563E+00
  1.112500E+03 -1.262632E+00
  1.113000E+03 -1.111596E+00
  1.113500E+03 -9.551801E-01
  1.114000E+03 -7.959859E-01
  1.114500E+03 -6.364493E-01
  1.115000E+03 -4.788040E-01
  1.115500E+03 -3.250541E-01
  1.116000E+03 -1.769539E-01
  1.116500E+03 -3.599636E-02
  1.117000E+03  9.659140E-02
  1.117500E+03  2.198448E-01
  1.118000E+03  3.330527E-01
  1.118500E+03  4.357418E-01
  1.119000E+03  5.276570E-01
  1.119500E+03  6.087381E-01
  1.120000E+03  6.790930E-01
  1.120500E+03  7.389699E-01
  1.121000E+03  7.887295E-01
  1.121500E+03  8.288164E-01
  1.122000E+03  8.597330E-01
  1.122500E+03  8.820148E-01
  1.123000E+03  8.962091E-01
  1.123500E+03  9.028565E-01
  1.124000E+03  9.024767E-01
  1.124500E+03  8.955574E-01
  1.125000E+03  8.825480E-01
  1.125500E+03  8.638565E-01
  1.126000E+03  8.398506E-01
  1.126500E+03  8.108611E-01
  1.127000E+03  7.771893E-01
  1.127500E+03  7.391152E-01
  1.128000E+03  6.969085E-01
  1.128500E+03  6.508395E-01
  1.129000E+03  6.011910E-01
  1.129500E+03  5.482691E-01
  1.130000E+03  4.924136E-01
  1.130500E+03  4.340064E-01
  1.131000E+03  3.734776E-01
  1.131500E+03  3.113099E-01
  1.132000E+03  2.480395E-01
  1.132500E+03  1.842546E-01
  1.133000E+03  1.205908E-01
  1.133500E+03  5.772329E-02
  1.134000E+03 -3.642713E-03
  1.134500E+03 -6.278490E-02
  1.135000E+03 -1.189781E-01
  1.135500E+03 -1.715105E-01
  1.136000E+03 -2.197002E-01
  1.136500E+03 -2.629128E-01
  1.137000E+03 -3.005786E-01
  1.137500E+03 -3.322086E-01
  1.138000E+03 -3.574098E-01
  1.138500E+03 -3.758980E-01
  1.139000E+03 -3.875084E-01
  1.139500E+03 -3.922036E-01
  1.140000E+03 -3.900784E-01
  1.140500E+03 -3.813609E-01
  1.141000E+03 -3.664105E-01
  1.141500E+03 -3.457128E-01
  1.142000E+03 -3.198706E-01
  1.142500E+03 -2.895918E-01
  1.143000E+03 -2.556751E-01
  1.143500E+03 -2.189928E-01
  1.144000E+03 -1.804718E-01
  1.144500E+03 -1.410732E-01
  1.145000E+03 -1.017715E-01
  1.145500E+03 -6.353262E-02
  1.146000E+03 -2.729335E-02
  1.146500E+03  6.059080E-03
  1.147000E+03  3.570559E-02
  1.147500E+03  6.091210E-02
  1.148000E+03  8.104408E-02
  1.148500E+03  9.557843E-02
  1.149000E+03  1.041126E-01
  1.149500E+03  1.063708E-01
  1.150000E+03  1.022072E-01
  1.150500E+03  9.160603E-02
  1.151000E+03  7.467933E-02
  1.151500E+03  5.166194E-02
  1.152000E+03  2.290428E-02
  1.152500E+03 -1.113667E-02
  1.153000E+03 -4.990781E-02
  1.153500E+03 -9.277153E-02
  1.154000E+03 -1.390179E-01
  1.154500E+03 -1.878769E-01
  1.155000E+03 -2.385314E-01
  1.155500E+03 -2.901282E-01
  1.156000E+03 -3.417905E-01
  1.156500E+03 -3.926273E-01
  1.157000E+03 -4.417443E-01
  1.157500E+03 -4.882516E-01
  1.158000E+03 -5.312724E-01
  1.158500E+03 -5.699500E-01
  1.159000E+03 -6.034546E-01
  1.159500E+03 -6.309896E-01
  1.160000E+03 -6.517983E-01
  1.160500E+03 -6.651708E-01
  1.161000E+03 -6.704505E-01
  1.161500E+03 -6.670429E-01
  1.162000E+03 -6.544239E-01
  1.162500E+03 -6.321498E-01
  1.163000E+03 -5.998684E-01
  1.163500E+03 -5.573309E-01
  1.164000E+03 -5.044044E-01
  1.164500E+03 -4.410851E-01
  1.165000E+03 -3.675120E-01
  1.165500E+03 -2.839794E-01
  1.166000E+03 -1.909493E-01
  1.166500E+03 -8.906188E-02
  1.167000E+03  2.085651E-02
  1.167500E+03  1.377877E-01
  1.168000E+03  2.605202E-01
  1.168500E+03  3.876513E-01
  1.169000E+03  5.175950E-01
  1.169500E+03  6.485939E-01
  1.170000E+03  7.787376E-01
  1.170500E+03  9.059865E-01
  1.171000E+03  1.028201E+00
  1.171500E+03  1.143177E+00
  1.172000E+03  1.248685E+00
  1.172500E+03  1.342514E+00
  1.173000E+03  1.422520E+00
  1.173500E+03  1.486676E+00
  1.174000E+03  1.533123E+00
  1.174500E+03  1.560219E+00
  1.175000E+03  1.566593E+00
  1.175500E+03  1.551185E+00
  1.176000E+03  1.513293E+00
  1.176500E+03  1.452606E+00
  1.177000E+03  1.369231E+00
  1.177500E+03  1.263715E+00
  1.178000E+03  1.137050E+00
  1.178500E+03  9.906777E-01
  1.179000E+03  8.264712E-01
  1.179500E+03  6.467153E-01
  1.180000E+03  4.540701E-01
  1.180500E+03  2.515263E-01
  1.181000E+03  4.234883E-02
  1.181500E+03 -1.699864E-01
  1.182000E+03 -3.818648E-01
  1.182500E+03 -5.896099E-01
  1.183000E+03 -7.895648E-01
  1.183500E+03 -9.781745E-01
  1.184000E+03 -1.152068E+00
  1.184500E+03 -1.308138E+00
  1.185000E+03 -1.443614E+00
  1.185500E+03 -1.556131E+00
  1.186000E+03 -1.643786E+00
  1.186500E+03 -1.705188E+00
  1.187000E+03 -1.739486E+00
  1.187500E+03 -1.746399E+00
  1.188000E+03 -1.726216E+00
  1.188500E+03 -1.679791E+00
  1.189000E+03 -1.608523E+00
  1.189500E+03 -1.514316E+00
  1.190000E+03 -1.399534E+00
  1.190500E+03 -1.266938E+00
  1.191000E+03 -1.119616E+00
  1.191500E+03 -9.609034E-01
  1.192000E+03 -7.942996E-01
  1.192500E+03 -6.233795E-01
  1.193000E+03 -4.517044E-01
  1.193500E+03 -2.827340E-01
  1.194000E+03 -1.197434E-01
  1.194500E+03  3.425470E-02
  1.195000E+03  1.765785E-01
  1.195500E+03  3.049360E-01
  1.196000E+03  4.174720E-01
  1.196500E+03  5.128017E-01
  1.197000E+03  5.900310E-01
  1.197500E+03  6.487630E-01
  1.198000E+03  6.890900E-01
  1.198500E+03  7.115725E-01
  1.199000E+03  7.172056E-01
  1.199500E+03  7.073742E-01
  1.200000E+03  6.837989E-01
  1.200500E+03  6.484734E-01
  1.201000E+03  6.035970E-01
  1.201500E+03  5.515033E-01
  1.202000E+03  4.945872E-01
  1.202500E+03  4.352338E-01
  1.203000E+03  3.757494E-01
  1.203500E+03  3.182978E-01
  1.204000E+03  2.648437E-01
  1.204500E+03  2.171039E-01
  1.205000E+03  1.765080E-01
  1.205500E+03  1.441695E-01
  1.206000E+03  1.208674E-01
  1.206500E+03  1.070389E-01
  1.207000E+03  1.027820E-01
  1.207500E+03  1.078690E-01
  1.208000E+03  1.217688E-01
  1.208500E+03  1.436766E-01
  1.209000E+03  1.725514E-01
  1.209500E+03  2.071578E-01
  1.210000E+03  2.461117E-01
  1.210500E+03  2.879284E-01
  1.211000E+03  3.310699E-01
  1.211500E+03  3.739926E-01
  1.212000E+03  4.151909E-01
  1.212500E+03  4.532382E-01
  1.213000E+03  4.868220E-01
  1.213500E+03  5.147742E-01
  1.214000E+03  5.360947E-01
  1.214500E+03  5.499683E-01
  1.215000E+03  5.557759E-01
  1.215500E+03  5.530980E-01
  1.216000E+03  5.417137E-01
  1.216500E+03  5.215929E-01
  1.217000E+03  4.928853E-01
  1.217500E+03  4.559042E-01
  1.218000E+03  4.111089E-01
  1.218500E+03  3.590839E-01
  1.219000E+03  3.005185E-01
  1.219500E+03  2.361854E-01
  1.220000E+03  1.669206E-01
  1.220500E+03  9.360424E-02
  1.221000E+03  1.714444E-02
  1.221500E+03 -6.153762E-02
  1.222000E+03 -1.415193E-01
  1.222500E+03 -2.218858E-01
  1.223000E+03 -3.017368E-01
  1.223500E+03 -3.801910E-01
  1.224000E+03 -4.563887E-01
  1.224500E+03 -5.294932E-01
  1.225000E+03 -5.986910E-01
  1.225500E+03 -6.631927E-01
  1.226000E+03 -7.222327E-01
  1.226500E+03 -7.750715E-01
  1.227000E+03 -8.209985E-01
  1.227500E+03 -8.593363E-01
  1.228000E+03 -8.894474E-01
  1.228500E+03 -9.107434E-01
  1.229000E+03 -9.226956E-01
  1.229500E+03 -9.248475E-01
  1.230000E+03 -9.168299E-01
  1.230500E+03 -8.983754E-01
  1.231000E+03 -8.693352E-01
  1.231500E+03 -8.296945E-01
  1.232000E+03 -7.795872E-01
  1.232500E+03 -7.193094E-01
  1.233000E+03 -6.493298E-01
  1.233500E+03 -5.702968E-01
  1.234000E+03 -4.830423E-01
  1.234500E+03 -3.885801E-01
  1.235000E+03 -2.880998E-01
  1.235500E+03 -1.829552E-01
  1.236000E+03 -7.464762E-02
  1.236500E+03  3.519672E-02
  1.237000E+03  1.448537E-01
  1.237500E+03  2.525335E-01
  1.238000E+03  3.564156E-01
  1.238500E+03  4.546886E-01
  1.239000E+03  5.455902E-01
  1.239500E+03  6.274494E-01
  1.240000E+03  6.987279E-01
  1.240500E+03  7.580604E-01
  1.241000E+03  8.042918E-01
  1.241500E+03  8.365107E-01
  1.242000E+03  8.540782E-01
  1.242500E+03  8.566499E-01
  1.243000E+03  8.441922E-01
  1.243500E+03  8.169898E-01
  1.244000E+03  7.756465E-01
  1.244500E+03  7.210771E-01
  1.245000E+03  6.544912E-01
  1.245500E+03  5.773698E-01
  1.246000E+03  4.914339E-01
  1.246500E+03  3.986065E-01
  1.247000E+03  3.009698E-01
  1.247500E+03  2.007167E-01
  1.248000E+03  1.000998E-01
  1.248500E+03  1.378052E-03
  1.249000E+03 -9.323669E-02
  1.249500E+03 -1.816328E-01
  1.250000E+03 -2.618491E-01
  1.250500E+03 -3.321218E-01
  1.251000E+03 -3.909264E-01
  1.251500E+03 -4.370135E-01
  1.252000E+03 -4.694379E-01
  1.252500E+03 -4.875796E-01
  1.253000E+03 -4.911573E-01
  1.253500E+03 -4.802328E-01
  1.254000E+03 -4.552075E-01
  1.254500E+03 -4.168103E-01
  1.255000E+03 -3.660774E-01
  1.255500E+03 -3.043257E-01
  1.256000E+03 -2.331191E-01
  1.256500E+03 -1.542290E-01
  1.257000E+03 -6.959185E-02
  1.257500E+03  1.873831E-02
  1.258000E+03  1.086378E-01
  1.258500E+03  1.979630E-01
  1.259000E+03  2.845985E-01
  1.259500E+03  3.665050E-01
  1.260000E+03  4.417626E-01
  1.260500E+03  5.086124E-01
  1.261000E+03  5.654915E-01
  1.261500E+03  6.110640E-01
  1.262000E+03  6.442458E-01
  1.262500E+03  6.642230E-01
  1.263000E+03  6.704639E-01
  1.263500E+03  6.627248E-01
  1.264000E+03  6.410493E-01
  1.264500E+03  6.057614E-01
  1.265000E+03  5.574534E-01
  1.265500E+03  4.969681E-01
  1.266000E+03  4.253765E-01
  1.266500E+03  3.439523E-01
  1.267000E+03  2.541423E-01
  1.267500E+03  1.575351E-01
  1.268000E+03  5.582751E-02
  1.268500E+03 -4.920956E-02
  1.269000E+03 -1.557657E-01
  1.269500E+03 -2.620250E-01
  1.270000E+03 -3.661993E-01
  1.270500E+03 -4.665600E-01
  1.271000E+03 -5.614668E-01
  1.271500E+03 -6.493957E-01
  1.272000E+03 -7.289624E-01
  1.272500E+03 -7.989441E-01
  1.273000E+03 -8.582965E-01
  1.273500E+03 -9.061688E-01
  1.274000E+03 -9.419136E-01
  1.274500E+03 -9.650944E-01
  1.275000E+03 -9.754882E-01
  1.275500E+03 -9.730853E-01
  1.276000E+03 -9.580853E-01
  1.276500E+03 -9.308889E-01
  1.277000E+03 -8.920872E-01
  1.277500E+03 -8.424472E-01
  1.278000E+03 -7.828949E-01
  1.278500E+03 -7.144950E-01
  1.279000E+03 -6.384288E-01
  1.279500E+03 -5.559702E-01
  1.280000E+03 -4.684593E-01
  1.280500E+03 -3.772761E-01
  1.281000E+03 -2.838124E-01
  1.281500E+03 -1.894448E-01
  1.282000E+03 -9.550710E-02
  1.282500E+03 -3.264778E-03
  1.283000E+03  8.610949E-02
  1.283500E+03  1.715577E-01
  1.284000E+03  2.521555E-01
  1.284500E+03  3.271280E-01
  1.285000E+03  3.958615E-01
  1.285500E+03  4.579108E-01
  1.286000E+03  5.130026E-01
  1.286500E+03  5.610334E-01
  1.287000E+03  6.020634E-01
  1.287500E+03  6.363049E-01
  1.288000E+03  6.641067E-01
  1.288500E+03  6.859347E-01
  1.289000E+03  7.023481E-01
  1.289500E+03  7.139737E-01
  1.290000E+03  7.214769E-01
  1.290500E+03  7.255329E-01
  1.291000E+03  7.267961E-01
  1.291500E+03  7.258711E-01
  1.292000E+03  7.232855E-01
  1.292500E+03  7.194649E-01
  1.293000E+03  7.147121E-01
  1.293500E+03  7.091905E-01
  1.294000E+03  7.029131E-01
  1.294500E+03  6.957373E-01
  1.295000E+03  6.873661E-01
  1.295500E+03  6.773555E-01
  1.296000E+03  6.651291E-01
  1.296500E+03  6.499979E-01
  1.297000E+03  6.311871E-01
  1.297500E+03  6.078668E-01
  1.298000E+03  5.791873E-01
  1.298500E+03  5.443175E-01
  1.299000E+03  5.024851E-01
  1.299500E+03  4.530165E-01
  1.300000E+03  3.953762E-01
  1.300500E+03  3.292038E-01
  1.301000E+03  2.543462E-01
  1.301500E+03  1.708851E-01
  1.302000E+03  7.915790E-02
  1.302500E+03 -2.022941E-02
  1.303000E+03 -1.263973E-01
  1.303500E+03 -2.381971E-01
  1.304000E+03 -3.542240E-01
  1.304500E+03 -4.728399E-01
  1.305000E+03 -5.922044E-01
  1.305500E+03 -7.103140E-01
  1.306000E+03 -8.250485E-01
  1.306500E+03 -9.342227E-01
  1.307000E+03 -1.035643E+00
  1.307500E+03 -1.127165E+00
  1.308000E+03 -1.206756E+00
  1.308500E+03 -1.272549E+00
  1.309000E+03 -1.322902E+00
  1.309500E+03 -1.356444E+00
  1.310000E+03 -1.372124E+00
  1.310500E+03 -1.369242E+00
  1.311000E+03 -1.347477E+00
  1.311500E+03 -1.306900E+00
  1.312000E+03 -1.247984E+00
  1.312500E+03 -1.171590E+00
  1.313000E+03 -1.078954E+00
  1.313500E+03 -9.716539E-01
  1.314000E+03 -8.515728E-01
  1.314500E+03 -7.208497E-01
  1.315000E+03 -5.818242E-01
  1.315500E+03 -4.369752E-01
  1.316000E+03 -2.888560E-01
  1.316500E+03 -1.400280E-01
  1.317000E+03  7.005104E-03
  1.317500E+03  1.498609E-01
  1.318000E+03  2.863365E-01
  1.318500E+03  4.144608E-01
  1.319000E+03  5.325382E-01
  1.319500E+03  6.391827E-01
  1.320000E+03  7.333421E-01
  1.320500E+03  8.143098E-01
  1.321000E+03  8.817265E-01
  1.321500E+03  9.355699E-01
  1.322000E+03  9.761335E-01
  1.322500E+03  1.003996E+00
  1.323000E+03  1.019984E+00
  1.323500E+03  1.025121E+00
  1.324000E+03  1.020583E+00
  1.324500E+03  1.007638E+00
  1.325000E+03  9.875955E-01
  1.325500E+03  9.617497E-01
  1.326000E+03  9.313289E-01
  1.326500E+03  8.974493E-01
  1.327000E+03  8.610760E-01
  1.327500E+03  8.229912E-01
  1.328000E+03  7.837723E-01
  1.328500E+03  7.437797E-01
  1.329000E+03  7.031547E-01
  1.329500E+03  6.618279E-01
  1.330000E+03  6.195377E-01
  1.330500E+03  5.758571E-01
  1.331000E+03  5.302287E-01
  1.331500E+03  4.820058E-01
  1.332000E+03  4.304991E-01
  1.332500E+03  3.750242E-01
  1.333000E+03  3.149522E-01
  1.333500E+03  2.497567E-01
  1.334000E+03  1.790595E-01
  1.334500E+03  1.026696E-01
  1.335000E+03  2.061651E-02
  1.335500E+03 -6.682540E-02
  1.336000E+03 -1.591217E-01
  1.336500E+03 -2.554726E-01
  1.337000E+03 -3.548186E-01
  1.337500E+03 -4.558565E-01
  1.338000E+03 -5.570653E-01
  1.338500E+03 -6.567415E-01
  1.339000E+03 -7.530436E-01
  1.339500E+03 -8.440417E-01
  1.340000E+03 -9.277739E-01
  1.340500E+03 -1.002305E+00
  1.341000E+03 -1.065787E+00
  1.341500E+03 -1.116518E+00
  1.342000E+03 -1.153001E+00
  1.342500E+03 -1.173992E+00
  1.343000E+03 -1.178549E+00
  1.343500E+03 -1.166068E+00
  1.344000E+03 -1.136310E+00
  1.344500E+03 -1.089420E+00
  1.345000E+03 -1.025932E+00
  1.345500E+03 -9.467624E-01
  1.346000E+03 -8.531987E-01
  1.346500E+03 -7.468666E-01
  1.347000E+03 -6.296960E-01
  1.347500E+03 -5.038740E-01
  1.348000E+03 -3.717911E-01
  1.348500E+03 -2.359822E-01
  1.349000E+03 -9.906252E-02
  1.349500E+03  3.633813E-02
  1.350000E+03  1.676412E-01
  1.350500E+03  2.923839E-01
  1.351000E+03  4.082800E-01
  1.351500E+03  5.132754E-01
  1.352000E+03  6.055971E-01
  1.352500E+03  6.837934E-01
  1.353000E+03  7.467660E-01
  1.353500E+03  7.937914E-01
  1.354000E+03  8.245323E-01
  1.354500E+03  8.390385E-01
  1.355000E+03  8.377376E-01
  1.355500E+03  8.214161E-01
  1.356000E+03  7.911905E-01
  1.356500E+03  7.484718E-01
  1.357000E+03  6.949218E-01
  1.357500E+03  6.324045E-01
  1.358000E+03  5.629332E-01
  1.358500E+03  4.886150E-01
  1.359000E+03  4.115943E-01
  1.359500E+03  3.339969E-01
  1.360000E+03  2.578760E-01
  1.360500E+03  1.851611E-01
  1.361000E+03  1.176126E-01
  1.361500E+03  5.678022E-02
  1.362000E+03  3.969977E-03
  1.362500E+03 -3.978333E-02
  1.363000E+03 -7.373510E-02
  1.363500E+03 -9.744234E-02
  1.364000E+03 -1.107670E-01
  1.364500E+03 -1.138716E-01
  1.365000E+03 -1.072075E-01
  1.365500E+03 -9.149607E-02
  1.366000E+03 -6.770360E-02
  1.366500E+03 -3.701115E-02
  1.367000E+03 -7.793761E-04
  1.367500E+03  3.948996E-02
  1.368000E+03  8.219512E-02
  1.368500E+03  1.256770E-01
  1.369000E+03  1.682620E-01
  1.369500E+03  2.083050E-01
  1.370000E+03  2.442299E-01
  1.370500E+03  2.745681E-01
  1.371000E+03  2.979942E-01
  1.371500E+03  3.133570E-01
  1.372000E+03  3.197063E-01
  1.372500E+03  3.163143E-01
  1.373000E+03  3.026922E-01
  1.373500E+03  2.786005E-01
  1.374000E+03  2.440536E-01
  1.374500E+03  1.993191E-01
  1.375000E+03  1.449109E-01
  1.375500E+03  8.157775E-02
  1.376000E+03  1.028585E-02
  1.376500E+03 -6.780203E-02
  1.377000E+03 -1.513519E-01
  1.377500E+03 -2.388869E-01
  1.378000E+03 -3.288184E-01
  1.378500E+03 -4.194787E-01
  1.379000E+03 -5.091552E-01
  1.379500E+03 -5.961242E-01
  1.380000E+03 -6.786853E-01
  1.380500E+03 -7.551936E-01
  1.381000E+03 -8.240911E-01
  1.381500E+03 -8.839352E-01
  1.382000E+03 -9.334245E-01
  1.382500E+03 -9.714211E-01
  1.383000E+03 -9.969699E-01
  1.383500E+03 -1.009313E+00
  1.384000E+03 -1.007903E+00
  1.384500E+03 -9.924046E-01
  1.385000E+03 -9.627053E-01
  1.385500E+03 -9.189088E-01
  1.386000E+03 -8.613333E-01
  1.386500E+03 -7.905040E-01
  1.387000E+03 -7.071421E-01
  1.387500E+03 -6.121527E-01
  1.388000E+03 -5.066095E-01
  1.388500E+03 -3.917383E-01
  1.389000E+03 -2.688991E-01
  1.389500E+03 -1.395674E-01
  1.390000E+03 -5.314917E-03
  1.390500E+03  1.322104E-01
  1.391000E+03  2.713036E-01
  1.391500E+03  4.102229E-01
  1.392000E+03  5.472084E-01
  1.392500E+03  6.805018E-01
  1.393000E+03  8.083650E-01
  1.393500E+03  9.290982E-01
  1.394000E+03  1.041059E+00
  1.394500E+03  1.142680E+00
  1.395000E+03  1.232486E+00
  1.395500E+03  1.309115E+00
  1.396000E+03  1.371332E+00
  1.396500E+03  1.418048E+00
  1.397000E+03  1.448341E+00
  1.397500E+03  1.461467E+00
  1.398000E+03  1.456882E+00
  1.398500E+03  1.434251E+00
  1.399000E+03  1.393469E+00
  1.399500E+03  1.334667E+00
  1.400000E+03  1.258226E+00
  1.400500E+03  1.164781E+00
  1.401000E+03  1.055222E+00
  1.401500E+03  9.306985E-01
  1.402000E+03  7.926118E-01
  1.402500E+03  6.426033E-01
  1.403000E+03  4.825409E-01
  1.403500E+03  3.144977E-01
  1.404000E+03  1.407265E-01
  1.404500E+03 -3.637226E-02
  1.405000E+03 -2.142859E-01
  1.405500E+03 -3.904308E-01
  1.406000E+03 -5.621964E-01
  1.406500E+03 -7.269930E-01
  1.407000E+03 -8.823007E-01
  1.407500E+03 -1.025720E+00
  1.408000E+03 -1.155020E+00
  1.408500E+03 -1.268189E+00
  1.409000E+03 -1.363478E+00
  1.409500E+03 -1.439441E+00
  1.410000E+03 -1.494968E+00
  1.410500E+03 -1.529318E+00
  1.411000E+03 -1.542136E+00
  1.411500E+03 -1.533463E+00
  1.412000E+03 -1.503742E+00
  1.412500E+03 -1.453808E+00
  1.413000E+03 -1.384873E+00
  1.413500E+03 -1.298499E+00
  1.414000E+03 -1.196562E+00
  1.414500E+03 -1.081208E+00
  1.415000E+03 -9.548058E-01
  1.415500E+03 -8.198876E-01
  1.416000E+03 -6.790891E-01
  1.416500E+03 -5.350870E-01
  1.417000E+03 -3.905341E-01
  1.417500E+03 -2.479966E-01
  1.418000E+03 -1.098933E-01
  1.418500E+03  2.156056E-02
  1.419000E+03  1.444028E-01
  1.419500E+03  2.569674E-01
  1.420000E+03  3.579178E-01
  1.420500E+03  4.462714E-01
  1.421000E+03  5.214128E-01
  1.421500E+03  5.830975E-01
  1.422000E+03  6.314441E-01
  1.422500E+03  6.669162E-01
  1.423000E+03  6.902950E-01
  1.423500E+03  7.026431E-01
  1.424000E+03  7.052603E-01
  1.424500E+03  6.996335E-01
  1.425000E+03  6.873825E-01
  1.425500E+03  6.702025E-01
  1.426000E+03  6.498056E-01
  1.426500E+03  6.278636E-01
  1.427000E+03  6.059527E-01
  1.427500E+03  5.855030E-01
  1.428000E+03  5.677534E-01
  1.428500E+03  5.537135E-01
  1.429000E+03  5.441334E-01
  1.429500E+03  5.394828E-01
  1.430000E+03  5.399386E-01
  1.430500E+03  5.453828E-01
  1.431000E+03  5.554091E-01
  1.431500E+03  5.693387E-01
  1.432000E+03  5.862449E-01
  1.432500E+03  6.049844E-01
  1.433000E+03  6.242357E-01
  1.433500E+03  6.425419E-01
  1.434000E+03  6.583584E-01
  1.434500E+03  6.701015E-01
  1.435000E+03  6.761994E-01
  1.435500E+03  6.751416E-01
  1.436000E+03  6.655272E-01
  1.436500E+03  6.461095E-01
  1.437000E+03  6.158366E-01
  1.437500E+03  5.738871E-01
  1.438000E+03  5.196988E-01
  1.438500E+03  4.529916E-01
  1.439000E+03  3.737832E-01
  1.439500E+03  2.823972E-01
  1.440000E+03  1.794638E-01
  1.440500E+03  6.591383E-02
  1.441000E+03 -5.703459E-02
  1.441500E+03 -1.878959E-01
  1.442000E+03 -3.249424E-01
  1.442500E+03 -4.662352E-01
  1.443000E+03 -6.096597E-01
  1.443500E+03 -7.529642E-01
  1.444000E+03 -8.938021E-01
  1.444500E+03 -1.029776E+00
  1.445000E+03 -1.158482E+00
  1.445500E+03 -1.277555E+00
  1.446000E+03 -1.384717E+00
  1.446500E+03 -1.477816E+00
  1.447000E+03 -1.554869E+00
  1.447500E+03 -1.614105E+00
  1.448000E+03 -1.653995E+00
  1.448500E+03 -1.673288E+00
  1.449000E+03 -1.671037E+00
  1.449500E+03 -1.646622E+00
  1.450000E+03 -1.599765E+00
  1.450500E+03 -1.530546E+00
  1.451000E+03 -1.439403E+00
  1.451500E+03 -1.327136E+00
  1.452000E+03 -1.194897E+00
  1.452500E+03 -1.044180E+00
  1.453000E+03 -8.767985E-01
  1.453500E+03 -6.948621E-01
  1.454000E+03 -5.007451E-01
  1.454500E+03 -2.970504E-01
  1.455000E+03 -8.656876E-02
  1.455500E+03  1.277664E-01
  1.456000E+03  3.429270E-01
  1.456500E+03  5.558405E-01
  1.457000E+03  7.634425E-01
  1.457500E+03  9.627284E-01
  1.458000E+03  1.150806E+00
  1.458500E+03  1.324945E+00
  1.459000E+03  1.482624E+00
  1.459500E+03  1.621575E+00
  1.460000E+03  1.739820E+00
  1.460500E+03  1.835708E+00
  1.461000E+03  1.907937E+00
  1.461500E+03  1.955577E+00
  1.462000E+03  1.978078E+00
  1.462500E+03  1.975282E+00
  1.463000E+03  1.947413E+00
  1.463500E+03  1.895069E+00
  1.464000E+03  1.819204E+00
  1.464500E+03  1.721106E+00
  1.465000E+03  1.602364E+00
  1.465500E+03  1.464833E+00
  1.466000E+03  1.310597E+00
  1.466500E+03  1.141926E+00
  1.467000E+03  9.612341E-01
  1.467500E+03  7.710308E-01
  1.468000E+03  5.738825E-01
  1.468500E+03  3.723677E-01
  1.469000E+03  1.690381E-01
  1.469500E+03 -3.361758E-02
  1.470000E+03 -2.332060E-01
  1.470500E+03 -4.274564E-01
  1.471000E+03 -6.142442E-01
  1.471500E+03 -7.916085E-01
  1.472000E+03 -9.577655E-01
  1.472500E+03 -1.111117E+00
  1.473000E+03 -1.250257E+00
  1.473500E+03 -1.373968E+00
  1.474000E+03 -1.481225E+00
  1.474500E+03 -1.571189E+00
  1.475000E+03 -1.643199E+00
  1.475500E+03 -1.696771E+00
  1.476000E+03 -1.731588E+00
  1.476500E+03 -1.747495E+00
  1.477000E+03 -1.744496E+00
  1.477500E+03 -1.722747E+00
  1.478000E+03 -1.682559E+00
  1.478500E+03 -1.624391E+00
  1.479000E+03 -1.548856E+00
  1.479500E+03 -1.456722E+00
  1.480000E+03 -1.348909E+00
  1.480500E+03 -1.226498E+00
  1.481000E+03 -1.090725E+00
  1.481500E+03 -9.429875E-01
  1.482000E+03 -7.848360E-01
  1.482500E+03 -6.179721E-01
  1.483000E+03 -4.442383E-01
  1.483500E+03 -2.656049E-01
  1.484000E+03 -8.415297E-02
  1.484500E+03  9.794711E-02
  1.485000E+03  2.784622E-01
  1.485500E+03  4.551263E-01
  1.486000E+03  6.256746E-01
  1.486500E+03  7.878806E-01
  1.487000E+03  9.395946E-01
  1.487500E+03  1.078785E+00
  1.488000E+03  1.203576E+00
  1.488500E+03  1.312289E+00
  1.489000E+03  1.403478E+00
  1.489500E+03  1.475963E+00
  1.490000E+03  1.528853E+00
  1.490500E+03  1.561573E+00
  1.491000E+03  1.573878E+00
  1.491500E+03  1.565854E+00
  1.492000E+03  1.537924E+00
  1.492500E+03  1.490833E+00
  1.493000E+03  1.425635E+00
  1.493500E+03  1.343665E+00
  1.494000E+03  1.246505E+00
  1.494500E+03  1.135950E+00
  1.495000E+03  1.013962E+00
  1.495500E+03  8.826216E-01
  1.496000E+03  7.440831E-01
  1.496500E+03  6.005215E-01
  1.497000E+03  4.540853E-01
  1.497500E+03  3.068512E-01
  1.498000E+03  1.607820E-01
  1.498500E+03  1.769030E-02
  1.499000E+03 -1.207907E-01
  1.499500E+03 -2.532301E-01
  1.500000E+03 -3.784135E-01
  1.500500E+03 -4.953498E-01
  1.501000E+03 -6.032691E-01
  1.501500E+03 -7.016143E-01
  1.502000E+03 -7.900243E-01
  1.502500E+03 -8.683127E-01
  1.503000E+03 -9.364407E-01
  1.503500E+03 -9.944874E-01
  1.504000E+03 -1.042618E+00
  1.504500E+03 -1.081050E+00
  1.505000E+03 -1.110027E+00
  1.505500E+03 -1.129785E+00
  1.506000E+03 -1.140531E+00
  1.506500E+03 -1.142426E+00
  1.507000E+03 -1.135568E+00
  1.507500E+03 -1.119990E+00
  1.508000E+03 -1.095662E+00
  1.508500E+03 -1.062494E+00
  1.509000E+03 -1.020357E+00
  1.509500E+03 -9.690997E-01
  1.510000E+03 -9.085772E-01
  1.510500E+03 -8.386804E-01
  1.511000E+03 -7.593685E-01
  1.511500E+03 -6.707025E-01
  1.512000E+03 -5.728781E-01
  1.512500E+03 -4.662560E-01
  1.513000E+03 -3.513888E-01
  1.513500E+03 -2.290417E-01
  1.514000E+03 -1.002071E-01
  1.514500E+03  3.388898E-02
  1.515000E+03  1.717888E-01
  1.515500E+03  3.118139E-01
  1.516000E+03  4.520852E-01
  1.516500E+03  5.905521E-01
  1.517000E+03  7.250298E-01
  1.517500E+03  8.532434E-01
  1.518000E+03  9.728796E-01
  1.518500E+03  1.081641E+00
  1.519000E+03  1.177306E+00
  1.519500E+03  1.257786E+00
  1.520000E+03  1.321186E+00
  1.520500E+03  1.365862E+00
  1.521000E+03  1.390467E+00
  1.521500E+03  1.394002E+00
  1.522000E+03  1.375851E+00
  1.522500E+03  1.335808E+00
  1.523000E+03  1.274098E+00
  1.523500E+03  1.191380E+00
  1.524000E+03  1.088747E+00
  1.524500E+03  9.677073E-01
  1.525000E+03  8.301613E-01
  1.525500E+03  6.783624E-01
  1.526000E+03  5.148731E-01
  1.526500E+03  3.425108E-01
  1.527000E+03  1.642883E-01
  1.527500E+03 -1.665100E-02
  1.528000E+03 -1.971008E-01
  1.528500E+03 -3.738602E-01
  1.529000E+03 -5.438021E-01
  1.529500E+03 -7.039384E-01
  1.530000E+03 -8.514813E-01
  1.530500E+03 -9.838989E-01
  1.531000E+03 -1.098964E+00
  1.531500E+03 -1.194796E+00
  1.532000E+03 -1.269889E+00
  1.532500E+03 -1.323141E+00
  1.533000E+03 -1.353862E+00
  1.533500E+03 -1.361779E+00
  1.534000E+03 -1.347031E+00
  1.534500E+03 -1.310160E+00
  1.535000E+03 -1.252080E+00
  1.535500E+03 -1.174057E+00
  1.536000E+03 -1.077672E+00
  1.536500E+03 -9.647803E-01
  1.537000E+03 -8.374722E-01
  1.537500E+03 -6.980257E-01
  1.538000E+03 -5.488616E-01
  1.538500E+03 -3.924973E-01
  1.539000E+03 -2.315012E-01
  1.539500E+03 -6.844927E-02
  1.540000E+03  9.411569E-02
  1.540500E+03  2.537223E-01
  1.541000E+03  4.080047E-01
  1.541500E+03  5.547332E-01
  1.542000E+03  6.918404E-01
  1.542500E+03  8.174434E-01
  1.543000E+03  9.298619E-01
  1.543500E+03  1.027633E+00
  1.544000E+03  1.109519E+00
  1.544500E+03  1.174520E+00
  1.545000E+03  1.221870E+00
  1.545500E+03  1.251045E+00
  1.546000E+03  1.261757E+00
  1.546500E+03  1.253950E+00
  1.547000E+03  1.227799E+00
  1.547500E+03  1.183698E+00
  1.548000E+03  1.122253E+00
  1.548500E+03  1.044270E+00
  1.549000E+03  9.507496E-01
  1.549500E+03  8.428673E-01
  1.550000E+03  7.219655E-01
  1.550500E+03  5.895379E-01
  1.551000E+03  4.472144E-01
  1.551500E+03  2.967459E-01
  1.552000E+03  1.399873E-01
  1.552500E+03 -2.111958E-02
  1.553000E+03 -1.845646E-01
  1.553500E+03 -3.482880E-01
  1.554000E+03 -5.102004E-01
  1.554500E+03 -6.682033E-01
  1.555000E+03 -8.202097E-01
  1.555500E+03 -9.641664E-01
  1.556000E+03 -1.098075E+00
  1.556500E+03 -1.220015E+00
  1.557000E+03 -1.328165E+00
  1.557500E+03 -1.420825E+00
  1.558000E+03 -1.496440E+00
  1.558500E+03 -1.553619E+00
  1.559000E+03 -1.591154E+00
  1.559500E+03 -1.608047E+00
  1.560000E+03 -1.603520E+00
  1.560500E+03 -1.577035E+00
  1.561000E+03 -1.528314E+00
  1.561500E+03 -1.457344E+00
  1.562000E+03 -1.364394E+00
  1.562500E+03 -1.250024E+00
  1.563000E+03 -1.115085E+00
  1.563500E+03 -9.607286E-01
  1.564000E+03 -7.884008E-01
  1.564500E+03 -5.998395E-01
  1.565000E+03 -3.970650E-01
  1.565500E+03 -1.823671E-01
  1.566000E+03  4.171287E-02
  1.566500E+03  2.724044E-01
  1.567000E+03  5.067350E-01
  1.567500E+03  7.415622E-01
  1.568000E+03  9.736105E-01
  1.568500E+03  1.199512E+00
  1.569000E+03  1.415852E+00
  1.569500E+03  1.619219E+00
  1.570000E+03  1.806254E+00
  1.570500E+03  1.973711E+00
  1.571000E+03  2.118504E+00
  1.571500E+03  2.237775E+00
  1.572000E+03  2.328940E+00
  1.572500E+03  2.389751E+00
  1.573000E+03  2.418345E+00
  1.573500E+03  2.413293E+00
  1.574000E+03  2.373643E+00
  1.574500E+03  2.298954E+00
  1.575000E+03  2.189329E+00
  1.575500E+03  2.045430E+00
  1.576000E+03  1.868492E+00
  1.576500E+03  1.660323E+00
  1.577000E+03  1.423291E+00
  1.577500E+03  1.160303E+00
  1.578000E+03  8.747725E-01
  1.578500E+03  5.705751E-01
  1.579000E+03  2.519931E-01
  1.579500E+03 -7.634810E-02
  1.580000E+03 -4.095541E-01
  1.580500E+03 -7.425417E-01
  1.581000E+03 -1.070126E+00
  1.581500E+03 -1.387110E+00
  1.582000E+03 -1.688381E+00
  1.582500E+03 -1.969003E+00
  1.583000E+03 -2.224307E+00
  1.583500E+03 -2.449984E+00
  1.584000E+03 -2.642166E+00
  1.584500E+03 -2.797504E+00
  1.585000E+03 -2.913233E+00
  1.585500E+03 -2.987229E+00
  1.586000E+03 -3.018055E+00
  1.586500E+03 -3.004990E+00
  1.587000E+03 -2.948046E+00
  1.587500E+03 -2.847975E+00
  1.588000E+03 -2.706254E+00
  1.588500E+03 -2.525061E+00
  1.589000E+03 -2.307235E+00
  1.589500E+03 -2.056227E+00
  1.590000E+03 -1.776033E+00
  1.590500E+03 -1.471121E+00
  1.591000E+03 -1.146350E+00
  1.591500E+03 -8.068806E-01
  1.592000E+03 -4.580795E-01
  1.592500E+03 -1.054231E-01
  1.593000E+03  2.456005E-01
  1.593500E+03  5.895886E-01
  1.594000E+03  9.213179E-01
  1.594500E+03  1.235833E+00
  1.595000E+03  1.528530E+00
  1.595500E+03  1.795229E+00
  1.596000E+03  2.032240E+00
  1.596500E+03  2.236420E+00
  1.597000E+03  2.405210E+00
  1.597500E+03  2.536674E+00
  1.598000E+03  2.629514E+00
  1.598500E+03  2.683079E+00
  1.599000E+03  2.697359E+00
  1.599500E+03  2.672974E+00
  1.600000E+03  2.611145E+00
  1.600500E+03  2.513655E+00
  1.601000E+03  2.382813E+00
  1.601500E+03  2.221392E+00
  1.602000E+03  2.032578E+00
  1.602500E+03  1.819901E+00
  1.603000E+03  1.587173E+00
  1.603500E+03  1.338413E+00
  1.604000E+03  1.077780E+00
  1.604500E+03  8.094991E-01
  1.605000E+03  5.377952E-01
  1.605500E+03  2.668243E-01
  1.606000E+03  6.107294E-04
  1.606500E+03 -2.570119E-01
  1.607000E+03 -5.024549E-01
  1.607500E+03 -7.324221E-01
  1.608000E+03 -9.439522E-01
  1.608500E+03 -1.134454E+00
  1.609000E+03 -1.301733E+00
  1.609500E+03 -1.444017E+00
  1.610000E+03 -1.559965E+00
  1.610500E+03 -1.648677E+00
  1.611000E+03 -1.709695E+00
  1.611500E+03 -1.742996E+00
  1.612000E+03 -1.748980E+00
  1.612500E+03 -1.728450E+00
  1.613000E+03 -1.682591E+00
  1.613500E+03 -1.612943E+00
  1.614000E+03 -1.521363E+00
  1.614500E+03 -1.409995E+00
  1.615000E+03 -1.281225E+00
  1.615500E+03 -1.137645E+00
  1.616000E+03 -9.820054E-01
  1.616500E+03 -8.171712E-01
  1.617000E+03 -6.460770E-01
  1.617500E+03 -4.716815E-01
  1.618000E+03 -2.969223E-01
  1.618500E+03 -1.246722E-01
  1.619000E+03  4.230246E-02
  1.619500E+03  2.013823E-01
  1.620000E+03  3.501315E-01
  1.620500E+03  4.863323E-01
  1.621000E+03  6.080154E-01
  1.621500E+03  7.134868E-01
  1.622000E+03  8.013499E-01
  1.622500E+03  8.705238E-01
  1.623000E+03  9.202567E-01
  1.623500E+03  9.501336E-01
  1.624000E+03  9.600801E-01
  1.624500E+03  9.503606E-01
  1.625000E+03  9.215710E-01
  1.625500E+03  8.746273E-01
  1.626000E+03  8.107479E-01
  1.626500E+03  7.314329E-01
  1.627000E+03  6.384371E-01
  1.627500E+03  5.337402E-01
  1.628000E+03  4.195125E-01
  1.628500E+03  2.980775E-01
  1.629000E+03  1.718719E-01
  1.629500E+03  4.340288E-02
  1.630000E+03 -8.479535E-02
  1.630500E+03 -2.102066E-01
  1.631000E+03 -3.303774E-01
  1.631500E+03 -4.429611E-01
  1.632000E+03 -5.457605E-01
  1.632500E+03 -6.367685E-01
  1.633000E+03 -7.142050E-01
  1.633500E+03 -7.765506E-01
  1.634000E+03 -8.225755E-01
  1.634500E+03 -8.513635E-01
  1.635000E+03 -8.623297E-01
  1.635500E+03 -8.552324E-01
  1.636000E+03 -8.301783E-01
  1.636500E+03 -7.876209E-01
  1.637000E+03 -7.283522E-01
  1.637500E+03 -6.534868E-01
  1.638000E+03 -5.644403E-01
  1.638500E+03 -4.629011E-01
  1.639000E+03 -3.507960E-01
  1.639500E+03 -2.302512E-01
  1.640000E+03 -1.035494E-01
  1.640500E+03  2.691771E-02
  1.641000E+03  1.586980E-01
  1.641500E+03  2.893294E-01
  1.642000E+03  4.163903E-01
  1.642500E+03  5.375488E-01
  1.643000E+03  6.506102E-01
  1.643500E+03  7.535602E-01
  1.644000E+03  8.446049E-01
  1.644500E+03  9.222045E-01
  1.645000E+03  9.851017E-01
  1.645500E+03  1.032343E+00
  1.646000E+03  1.063291E+00
  1.646500E+03  1.077634E+00
  1.647000E+03  1.075382E+00
  1.647500E+03  1.056861E+00
  1.648000E+03  1.022695E+00
  1.648500E+03  9.737830E-01
  1.649000E+03  9.112741E-01
  1.649500E+03  8.365315E-01
  1.650000E+03  7.510963E-01
  1.650500E+03  6.566468E-01
  1.651000E+03  5.549567E-01
  1.651500E+03  4.478525E-01
  1.652000E+03  3.371708E-01
  1.652500E+03  2.247188E-01
  1.653000E+03  1.122359E-01
  1.653500E+03  1.360518E-03
  1.654000E+03 -1.063995E-01
  1.654500E+03 -2.096908E-01
  1.655000E+03 -3.073331E-01
  1.655500E+03 -3.983309E-01
  1.656000E+03 -4.818808E-01
  1.656500E+03 -5.573713E-01
  1.657000E+03 -6.243778E-01
  1.657500E+03 -6.826525E-01
  1.658000E+03 -7.321099E-01
  1.658500E+03 -7.728082E-01
  1.659000E+03 -8.049288E-01
  1.659500E+03 -8.287527E-01
  1.660000E+03 -8.446377E-01
  1.660500E+03 -8.529939E-01
  1.661000E+03 -8.542619E-01
  1.661500E+03 -8.488916E-01
  1.662000E+03 -8.373242E-01
  1.662500E+03 -8.199776E-01
  1.663000E+03 -7.972346E-01
  1.663500E+03 -7.694362E-01
  1.664000E+03 -7.368778E-01
  1.664500E+03 -6.998102E-01
  1.665000E+03 -6.584442E-01
  1.665500E+03 -6.129579E-01
  1.666000E+03 -5.635080E-01
  1.666500E+03 -5.102421E-01
  1.667000E+03 -4.533131E-01
  1.667500E+03 -3.928944E-01
  1.668000E+03 -3.291944E-01
  1.668500E+03 -2.624708E-01
  1.669000E+03 -1.930424E-01
  1.669500E+03 -1.212991E-01
  1.670000E+03 -4.770886E-02
  1.670500E+03  2.717866E-02
  1.671000E+03  1.027325E-01
  1.671500E+03  1.782444E-01
  1.672000E+03  2.529365E-01
  1.672500E+03  3.259732E-01
  1.673000E+03  3.964762E-01
  1.673500E+03  4.635421E-01
  1.674000E+03  5.262630E-01
  1.674500E+03  5.837481E-01
  1.675000E+03  6.351472E-01
  1.675500E+03  6.796727E-01
  1.676000E+03  7.166229E-01
  1.676500E+03  7.454018E-01
  1.677000E+03  7.655382E-01
  1.677500E+03  7.767010E-01
  1.678000E+03  7.787114E-01
  1.678500E+03  7.715505E-01
  1.679000E+03  7.553635E-01
  1.679500E+03  7.304586E-01
  1.680000E+03  6.973019E-01
  1.680500E+03  6.565078E-01
  1.681000E+03  6.088251E-01
  1.681500E+03  5.551202E-01
  1.682000E+03  4.963557E-01
  1.682500E+03  4.335685E-01
  1.683000E+03  3.678445E-01
  1.683500E+03  3.002932E-01
  1.684000E+03  2.320217E-01
  1.684500E+03  1.641098E-01
  1.685000E+03  9.758599E-02
  1.685500E+03  3.340553E-02
  1.686000E+03 -2.756850E-02
  1.686500E+03 -8.458123E-02
  1.687000E+03 -1.369984E-01
  1.687500E+03 -1.843151E-01
  1.688000E+03 -2.261601E-01
  1.688500E+03 -2.622970E-01
  1.689000E+03 -2.926208E-01
  1.689500E+03 -3.171518E-01
  1.690000E+03 -3.360254E-01
  1.690500E+03 -3.494801E-01
  1.691000E+03 -3.578432E-01
  1.691500E+03 -3.615143E-01
  1.692000E+03 -3.609490E-01
  1.692500E+03 -3.566413E-01
  1.693000E+03 -3.491070E-01
  1.693500E+03 -3.388680E-01
  1.694000E+03 -3.264370E-01
  1.694500E+03 -3.123055E-01
  1.695000E+03 -2.969327E-01
  1.695500E+03 -2.807371E-01
  1.696000E+03 -2.640909E-01
  1.696500E+03 -2.473164E-01
  1.697000E+03 -2.306849E-01
  1.697500E+03 -2.144176E-01
  1.698000E+03 -1.986887E-01
  1.698500E+03 -1.836299E-01
  1.699000E+03 -1.693357E-01
  1.699500E+03 -1.558699E-01
  1.700000E+03 -1.432723E-01
  1.700500E+03 -1.315646E-01
  1.701000E+03 -1.207567E-01
  1.701500E+03 -1.108513E-01
  1.702000E+03 -1.018481E-01
  1.702500E+03 -9.374544E-02
  1.703000E+03 -8.654174E-02
  1.703500E+03 -8.023448E-02
  1.704000E+03 -7.481809E-02
  1.704500E+03 -7.028048E-02
  1.705000E+03 -6.659842E-02
  1.705500E+03 -6.373230E-02
  1.706000E+03 -6.162042E-02
  1.706500E+03 -6.017344E-02
  1.707000E+03 -5.926922E-02
  1.707500E+03 -5.874869E-02
  1.708000E+03 -5.841308E-02
  1.708500E+03 -5.802285E-02
  1.709000E+03 -5.729876E-02
  1.709500E+03 -5.592521E-02
  1.710000E+03 -5.355602E-02
  1.710500E+03 -4.982269E-02
  1.711000E+03 -4.434510E-02
  1.711500E+03 -3.674433E-02
  1.712000E+03 -2.665740E-02
  1.712500E+03 -1.375339E-02
  1.713000E+03  2.249488E-03
  1.713500E+03  2.156658E-02
  1.714000E+03  4.432986E-02
  1.714500E+03  7.057214E-02
  1.715000E+03  1.002131E-01
  1.715500E+03  1.330478E-01
  1.716000E+03  1.687387E-01
  1.716500E+03  2.068112E-01
  1.717000E+03  2.466536E-01
  1.717500E+03  2.875218E-01
  1.718000E+03  3.285488E-01
  1.718500E+03  3.687593E-01
  1.719000E+03  4.070891E-01
  1.719500E+03  4.424087E-01
  1.720000E+03  4.735519E-01
  1.720500E+03  4.993464E-01
  1.721000E+03  5.186487E-01
  1.721500E+03  5.303790E-01
  1.722000E+03  5.335582E-01
  1.722500E+03  5.273435E-01
  1.723000E+03  5.110625E-01
  1.723500E+03  4.842448E-01
  1.724000E+03  4.466494E-01
  1.724500E+03  3.982870E-01
  1.725000E+03  3.394366E-01
  1.725500E+03  2.706549E-01
  1.726000E+03  1.927785E-01
  1.726500E+03  1.069186E-01
  1.727000E+03  1.444705E-02
  1.727500E+03 -8.302510E-02
  1.728000E+03 -1.836769E-01
  1.728500E+03 -2.855140E-01
  1.729000E+03 -3.864109E-01
  1.729500E+03 -4.841596E-01
  1.730000E+03 -5.765213E-01
  1.730500E+03 -6.612816E-01
  1.731000E+03 -7.363067E-01
  1.731500E+03 -7.995994E-01
  1.732000E+03 -8.493535E-01
  1.732500E+03 -8.840045E-01
  1.733000E+03 -9.022761E-01
  1.733500E+03 -9.032197E-01
  1.734000E+03 -8.862469E-01
  1.734500E+03 -8.511536E-01
  1.735000E+03 -7.981346E-01
  1.735500E+03 -7.277890E-01
  1.736000E+03 -6.411142E-01
  1.736500E+03 -5.394918E-01
  1.737000E+03 -4.246621E-01
  1.737500E+03 -2.986901E-01
  1.738000E+03 -1.639232E-01
  1.738500E+03 -2.294151E-02
  1.739000E+03  1.214980E-01
  1.739500E+03  2.665219E-01
  1.740000E+03  4.092037E-01
  1.740500E+03  5.466287E-01
  1.741000E+03  6.759590E-01
  1.741500E+03  7.944966E-01
  1.742000E+03  8.997428E-01
  1.742500E+03  9.894535E-01
  1.743000E+03  1.061688E+00
  1.743500E+03  1.114850E+00
  1.744000E+03  1.147723E+00
  1.744500E+03  1.159494E+00
  1.745000E+03  1.149770E+00
  1.745500E+03  1.118582E+00
  1.746000E+03  1.066387E+00
  1.746500E+03  9.940515E-01
  1.747000E+03  9.028319E-01
  1.747500E+03  7.943474E-01
  1.748000E+03  6.705432E-01
  1.748500E+03  5.336492E-01
  1.749000E+03  3.861329E-01
  1.749500E+03  2.306488E-01
  1.750000E+03  6.998544E-02
  1.750500E+03 -9.299039E-02
  1.751000E+03 -2.553884E-01
  1.751500E+03 -4.143495E-01
  1.752000E+03 -5.670988E-01
  1.752500E+03 -7.109959E-01
  1.753000E+03 -8.435807E-01
  1.753500E+03 -9.626163E-01
  1.754000E+03 -1.066126E+00
  1.754500E+03 -1.152425E+00
  1.755000E+03 -1.220146E+00
  1.755500E+03 -1.268259E+00
  1.756000E+03 -1.296087E+00
  1.756500E+03 -1.303307E+00
  1.757000E+03 -1.289960E+00
  1.757500E+03 -1.256435E+00
  1.758000E+03 -1.203467E+00
  1.758500E+03 -1.132113E+00
  1.759000E+03 -1.043734E+00
  1.759500E+03 -9.399639E-01
  1.760000E+03 -8.226798E-01
  1.760500E+03 -6.939646E-01
  1.761000E+03 -5.560680E-01
  1.761500E+03 -4.113644E-01
  1.762000E+03 -2.623085E-01
  1.762500E+03 -1.113895E-01
  1.763000E+03  3.891419E-02
  1.763500E+03  1.861814E-01
  1.764000E+03  3.280922E-01
  1.764500E+03  4.624707E-01
  1.765000E+03  5.873240E-01
  1.765500E+03  7.008787E-01
  1.766000E+03  8.016114E-01
  1.766500E+03  8.882750E-01
  1.767000E+03  9.599182E-01
  1.767500E+03  1.015900E+00
  1.768000E+03  1.055893E+00
  1.768500E+03  1.079888E+00
  1.769000E+03  1.088182E+00
  1.769500E+03  1.081364E+00
  1.770000E+03  1.060292E+00
  1.770500E+03  1.026068E+00
  1.771000E+03  9.800017E-01
  1.771500E+03  9.235699E-01
  1.772000E+03  8.583775E-01
  1.772500E+03  7.861097E-01
  1.773000E+03  7.084864E-01
  1.773500E+03  6.272151E-01
  1.774000E+03  5.439461E-01
  1.774500E+03  4.602297E-01
  1.775000E+03  3.774781E-01
  1.775500E+03  2.969322E-01
  1.776000E+03  2.196352E-01
  1.776500E+03  1.464129E-01
  1.777000E+03  7.786215E-02
  1.777500E+03  1.434779E-02
  1.778000E+03 -4.399267E-02
  1.778500E+03 -9.723572E-02
  1.779000E+03 -1.456510E-01
  1.779500E+03 -1.896738E-01
  1.780000E+03 -2.298712E-01
  1.780500E+03 -2.669041E-01
  1.781000E+03 -3.014856E-01
  1.781500E+03 -3.343385E-01
  1.782000E+03 -3.661522E-01
  1.782500E+03 -3.975415E-01
  1.783000E+03 -4.290095E-01
  1.783500E+03 -4.609142E-01
  1.784000E+03 -4.934428E-01
  1.784500E+03 -5.265926E-01
  1.785000E+03 -5.601605E-01
  1.785500E+03 -5.937416E-01
  1.786000E+03 -6.267370E-01
  1.786500E+03 -6.583700E-01
  1.787000E+03 -6.877120E-01
  1.787500E+03 -7.137149E-01
  1.788000E+03 -7.352513E-01
  1.788500E+03 -7.511589E-01
  1.789000E+03 -7.602889E-01
  1.789500E+03 -7.615558E-01
  1.790000E+03 -7.539873E-01
  1.790500E+03 -7.367719E-01
  1.791000E+03 -7.093016E-01
  1.791500E+03 -6.712100E-01
  1.792000E+03 -6.224016E-01
  1.792500E+03 -5.630730E-01
  1.793000E+03 -4.937236E-01
  1.793500E+03 -4.151561E-01
  1.794000E+03 -3.284658E-01
  1.794500E+03 -2.350195E-01
  1.795000E+03 -1.364235E-01
  1.795500E+03 -3.448278E-02
  1.796000E+03  6.884792E-02
  1.796500E+03  1.715196E-01
  1.797000E+03  2.714488E-01
  1.797500E+03  3.665806E-01
  1.798000E+03  4.549504E-01
  1.798500E+03  5.347457E-01
  1.799000E+03  6.043622E-01
  1.799500E+03  6.624542E-01
  1.800000E+03  7.079775E-01
  1.800500E+03  7.402217E-01
  1.801000E+03  7.588327E-01
  1.801500E+03  7.638225E-01
  1.802000E+03  7.555678E-01
  1.802500E+03  7.347959E-01
  1.803000E+03  7.025594E-01
  1.803500E+03  6.601995E-01
  1.804000E+03  6.093008E-01
  1.804500E+03  5.516371E-01
  1.805000E+03  4.891121E-01
  1.805500E+03  4.236958E-01
  1.806000E+03  3.573594E-01
  1.806500E+03  2.920108E-01
  1.807000E+03  2.294331E-01
  1.807500E+03  1.712283E-01
  1.808000E+03  1.187681E-01
  1.808500E+03  7.315268E-02
  1.809000E+03  3.518097E-02
  1.809500E+03  5.330591E-03
  1.810000E+03 -1.624973E-02
  1.810500E+03 -2.973630E-02
  1.811000E+03 -3.561503E-02
  1.811500E+03 -3.465528E-02
  1.812000E+03 -2.787400E-02
  1.812500E+03 -1.649157E-02
  1.813000E+03 -1.881165E-03
  1.813500E+03  1.448656E-02
  1.814000E+03  3.110132E-02
  1.814500E+03  4.647150E-02
  1.815000E+03  5.918078E-02
  1.815500E+03  6.794107E-02
  1.816000E+03  7.163989E-02
  1.816500E+03  6.938068E-02
  1.817000E+03  6.051450E-02
  1.817500E+03  4.466246E-02
  1.818000E+03  2.172790E-02
  1.818500E+03 -8.101650E-03
  1.819000E+03 -4.436274E-02
  1.819500E+03 -8.633400E-02
  1.820000E+03 -1.330629E-01
  1.820500E+03 -1.834004E-01
  1.821000E+03 -2.360417E-01
  1.821500E+03 -2.895717E-01
  1.822000E+03 -3.425139E-01
  1.822500E+03 -3.933798E-01
  1.823000E+03 -4.407186E-01
  1.823500E+03 -4.831638E-01
  1.824000E+03 -5.194764E-01
  1.824500E+03 -5.485828E-01
  1.825000E+03 -5.696065E-01
  1.825500E+03 -5.818917E-01
  1.826000E+03 -5.850200E-01
  1.826500E+03 -5.788183E-01
  1.827000E+03 -5.633582E-01
  1.827500E+03 -5.389483E-01
  1.828000E+03 -5.061183E-01
  1.828500E+03 -4.655971E-01
  1.829000E+03 -4.182849E-01
  1.829500E+03 -3.652211E-01
  1.830000E+03 -3.075492E-01
  1.830500E+03 -2.464799E-01
  1.831000E+03 -1.832533E-01
  1.831500E+03 -1.191028E-01
  1.832000E+03 -5.521988E-02
  1.832500E+03  7.276686E-03
  1.833000E+03  6.736855E-02
  1.833500E+03  1.241603E-01
  1.834000E+03  1.768967E-01
  1.834500E+03  2.249745E-01
  1.835000E+03  2.679484E-01
  1.835500E+03  3.055314E-01
  1.836000E+03  3.375901E-01
  1.836500E+03  3.641348E-01
  1.837000E+03  3.853061E-01
  1.837500E+03  4.013574E-01
  1.838000E+03  4.126351E-01
  1.838500E+03  4.195571E-01
  1.839000E+03  4.225905E-01
  1.839500E+03  4.222288E-01
  1.840000E+03  4.189705E-01
  1.840500E+03  4.132992E-01
  1.841000E+03  4.056649E-01
  1.841500E+03  3.964696E-01
  1.842000E+03  3.860544E-01
  1.842500E+03  3.746911E-01
  1.843000E+03  3.625764E-01
  1.843500E+03  3.498299E-01
  1.844000E+03  3.364959E-01
  1.844500E+03  3.225475E-01
  1.845000E+03  3.078940E-01
  1.845500E+03  2.923906E-01
  1.846000E+03  2.758499E-01
  1.846500E+03  2.580553E-01
  1.847000E+03  2.387749E-01
  1.847500E+03  2.177757E-01
  1.848000E+03  1.948385E-01
  1.848500E+03  1.697714E-01
  1.849000E+03  1.424230E-01
  1.849500E+03  1.126934E-01
  1.850000E+03  8.054447E-02
  1.850500E+03  4.600760E-02
  1.851000E+03  9.189132E-03
  1.851500E+03 -2.972610E-02
  1.852000E+03 -7.047389E-02
  1.852500E+03 -1.127121E-01
  1.853000E+03 -1.560243E-01
  1.853500E+03 -1.999262E-01
  1.854000E+03 -2.438730E-01
  1.854500E+03 -2.872700E-01
  1.855000E+03 -3.294839E-01
  1.855500E+03 -3.698557E-01
  1.856000E+03 -4.077145E-01
  1.856500E+03 -4.423921E-01
  1.857000E+03 -4.732381E-01
  1.857500E+03 -4.996345E-01
  1.858000E+03 -5.210107E-01
  1.858500E+03 -5.368567E-01
  1.859000E+03 -5.467360E-01
  1.859500E+03 -5.502972E-01
  1.860000E+03 -5.472832E-01
  1.860500E+03 -5.375391E-01
  1.861000E+03 -5.210177E-01
  1.861500E+03 -4.977827E-01
  1.862000E+03 -4.680096E-01
  1.862500E+03 -4.319838E-01
  1.863000E+03 -3.900970E-01
  1.863500E+03 -3.428403E-01
  1.864000E+03 -2.907956E-01
  1.864500E+03 -2.346253E-01
  1.865000E+03 -1.750597E-01
  1.865500E+03 -1.128835E-01
  1.866000E+03 -4.892091E-02
  1.866500E+03  1.597991E-02
  1.867000E+03  8.096205E-02
  1.867500E+03  1.451755E-01
  1.868000E+03  2.077919E-01
  1.868500E+03  2.680181E-01
  1.869000E+03  3.251089E-01
  1.869500E+03  3.783775E-01
  1.870000E+03  4.272048E-01
  1.870500E+03  4.710457E-01
  1.871000E+03  5.094342E-01
  1.871500E+03  5.419857E-01
  1.872000E+03  5.683977E-01
  1.872500E+03  5.884484E-01
  1.873000E+03  6.019936E-01
  1.873500E+03  6.089621E-01
  1.874000E+03  6.093505E-01
  1.874500E+03  6.032169E-01
  1.875000E+03  5.906747E-01
  1.875500E+03  5.718860E-01
  1.876000E+03  5.470559E-01
  1.876500E+03  5.164275E-01
  1.877000E+03  4.802779E-01
  1.877500E+03  4.389153E-01
  1.878000E+03  3.926775E-01
  1.878500E+03  3.419321E-01
  1.879000E+03  2.870772E-01
  1.879500E+03  2.285441E-01
  1.880000E+03  1.668000E-01
  1.880500E+03  1.023516E-01
  1.881000E+03  3.574868E-02
  1.881500E+03 -3.241244E-02
  1.882000E+03 -1.014868E-01
  1.882500E+03 -1.707798E-01
  1.883000E+03 -2.395473E-01
  1.883500E+03 -3.069991E-01
  1.884000E+03 -3.723039E-01
  1.884500E+03 -4.345969E-01
  1.885000E+03 -4.929909E-01
  1.885500E+03 -5.465893E-01
  1.886000E+03 -5.945022E-01
  1.886500E+03 -6.358647E-01
  1.887000E+03 -6.698566E-01
  1.887500E+03 -6.957239E-01
  1.888000E+03 -7.128008E-01
  1.888500E+03 -7.205316E-01
  1.889000E+03 -7.184912E-01
  1.889500E+03 -7.064050E-01
  1.890000E+03 -6.841649E-01
  1.890500E+03 -6.518428E-01
  1.891000E+03 -6.097004E-01
  1.891500E+03 -5.581930E-01
  1.892000E+03 -4.979700E-01
  1.892500E+03 -4.298685E-01
  1.893000E+03 -3.549025E-01
  1.893500E+03 -2.742459E-01
  1.894000E+03 -1.892110E-01
  1.894500E+03 -1.012219E-01
  1.895000E+03 -1.178398E-02
  1.895500E+03  7.754951E-02
  1.896000E+03  1.652137E-01
  1.896500E+03  2.496689E-01
  1.897000E+03  3.294381E-01
  1.897500E+03  4.031426E-01
  1.898000E+03  4.695360E-01
  1.898500E+03  5.275347E-01
  1.899000E+03  5.762437E-01
  1.899500E+03  6.149774E-01
  1.900000E+03  6.432749E-01
  1.900500E+03  6.609078E-01
  1.901000E+03  6.678825E-01
  1.901500E+03  6.644351E-01
  1.902000E+03  6.510195E-01
  1.902500E+03  6.282902E-01
  1.903000E+03  5.970785E-01
  1.903500E+03  5.583650E-01
  1.904000E+03  5.132476E-01
  1.904500E+03  4.629073E-01
  1.905000E+03  4.085725E-01
  1.905500E+03  3.514829E-01
  1.906000E+03  2.928545E-01
  1.906500E+03  2.338469E-01
  1.907000E+03  1.755338E-01
  1.907500E+03  1.188773E-01
  1.908000E+03  6.470817E-02
  1.908500E+03  1.371004E-02
  1.909000E+03 -3.358895E-02
  1.909500E+03 -7.681950E-02
  1.910000E+03 -1.157683E-01
  1.910500E+03 -1.503694E-01
  1.911000E+03 -1.806914E-01
  1.911500E+03 -2.069190E-01
  1.912000E+03 -2.293322E-01
  1.912500E+03 -2.482826E-01
  1.913000E+03 -2.641685E-01
  1.913500E+03 -2.774089E-01
  1.914000E+03 -2.884196E-01
  1.914500E+03 -2.975895E-01
  1.915000E+03 -3.052608E-01
  1.915500E+03 -3.117116E-01
  1.916000E+03 -3.171435E-01
  1.916500E+03 -3.216728E-01
  1.917000E+03 -3.253273E-01
  1.917500E+03 -3.280468E-01
  1.918000E+03 -3.296893E-01
  1.918500E+03 -3.300408E-01
  1.919000E+03 -3.288289E-01
  1.919500E+03 -3.257397E-01
  1.920000E+03 -3.204367E-01
  1.920500E+03 -3.125811E-01
  1.921000E+03 -3.018530E-01
  1.921500E+03 -2.879718E-01
  1.922000E+03 -2.707150E-01
  1.922500E+03 -2.499355E-01
  1.923000E+03 -2.255756E-01
  1.923500E+03 -1.976776E-01
  1.924000E+03 -1.663905E-01
  1.924500E+03 -1.319726E-01
  1.925000E+03 -9.478953E-02
  1.925500E+03 -5.530834E-02
  1.926000E+03 -1.408738E-02
  1.926500E+03  2.823733E-02
  1.927000E+03  7.096885E-02
  1.927500E+03  1.133685E-01
  1.928000E+03  1.546766E-01
  1.928500E+03  1.941345E-01
  1.929000E+03  2.310064E-01
  1.929500E+03  2.646005E-01
  1.930000E+03  2.942888E-01
  1.930500E+03  3.195248E-01
  1.931000E+03  3.398586E-01
  1.931500E+03  3.549483E-01
  1.932000E+03  3.645686E-01
  1.932500E+03  3.686150E-01
  1.933000E+03  3.671046E-01
  1.933500E+03  3.601726E-01
  1.934000E+03  3.480664E-01
  1.934500E+03  3.311352E-01
  1.935000E+03  3.098177E-01
  1.935500E+03  2.846273E-01
  1.936000E+03  2.561354E-01
  1.936500E+03  2.249546E-01
  1.937000E+03  1.917204E-01
  1.937500E+03  1.570736E-01
  1.938000E+03  1.216438E-01
  1.938500E+03  8.603421E-02
  1.939000E+03  5.080758E-02
  1.939500E+03  1.647531E-02
  1.940000E+03 -1.651157E-02
  1.940500E+03 -4.776863E-02
  1.941000E+03 -7.698157E-02
  1.941500E+03 -1.039071E-01
  1.942000E+03 -1.283711E-01
  1.942500E+03 -1.502650E-01
  1.943000E+03 -1.695397E-01
  1.943500E+03 -1.861975E-01
  1.944000E+03 -2.002840E-01
  1.944500E+03 -2.118778E-01
  1.945000E+03 -2.210810E-01
  1.945500E+03 -2.280086E-01
  1.946000E+03 -2.327794E-01
  1.946500E+03 -2.355075E-01
  1.947000E+03 -2.362944E-01
  1.947500E+03 -2.352233E-01
  1.948000E+03 -2.323547E-01
  1.948500E+03 -2.277239E-01
  1.949000E+03 -2.213404E-01
  1.949500E+03 -2.131892E-01
  1.950000E+03 -2.032337E-01
  1.950500E+03 -1.914209E-01
  1.951000E+03 -1.776870E-01
  1.951500E+03 -1.619656E-01
  1.952000E+03 -1.441957E-01
  1.952500E+03 -1.243310E-01
  1.953000E+03 -1.023492E-01
  1.953500E+03 -7.826126E-02
  1.954000E+03 -5.212054E-02
  1.954500E+03 -2.403054E-02
  1.955000E+03  5.847986E-03
  1.955500E+03  3.729163E-02
  1.956000E+03  7.001065E-02
  1.956500E+03  1.036472E-01
  1.957000E+03  1.377759E-01
  1.957500E+03  1.719067E-01
  1.958000E+03  2.054901E-01
  1.958500E+03  2.379245E-01
  1.959000E+03  2.685671E-01
  1.959500E+03  2.967451E-01
  1.960000E+03  3.217711E-01
  1.960500E+03  3.429584E-01
  1.961000E+03  3.596390E-01
  1.961500E+03  3.711819E-01
  1.962000E+03  3.770123E-01
  1.962500E+03  3.766311E-01
  1.963000E+03  3.696328E-01
  1.963500E+03  3.557241E-01
  1.964000E+03  3.347392E-01
  1.964500E+03  3.066536E-01
  1.965000E+03  2.715956E-01
  1.965500E+03  2.298537E-01
  1.966000E+03  1.818805E-01
  1.966500E+03  1.282933E-01
  1.967000E+03  6.986922E-02
  1.967500E+03  7.536801E-03
  1.968000E+03 -5.763755E-02
  1.968500E+03 -1.244672E-01
  1.969000E+03 -1.916671E-01
  1.969500E+03 -2.578797E-01
  1.970000E+03 -3.217040E-01
  1.970500E+03 -3.817271E-01
  1.971000E+03 -4.365580E-01
  1.971500E+03 -4.848622E-01
  1.972000E+03 -5.253970E-01
  1.972500E+03 -5.570451E-01
  1.973000E+03 -5.788472E-01
  1.973500E+03 -5.900315E-01
  1.974000E+03 -5.900396E-01
  1.974500E+03 -5.785475E-01
  1.975000E+03 -5.554814E-01
  1.975500E+03 -5.210277E-01
  1.976000E+03 -4.756361E-01
  1.976500E+03 -4.200163E-01
  1.977000E+03 -3.551273E-01
  1.977500E+03 -2.821604E-01
  1.978000E+03 -2.025152E-01
  1.978500E+03 -1.177699E-01
  1.979000E+03 -2.964632E-02
  1.979500E+03  6.003003E-02
  1.980000E+03  1.493726E-01
  1.980500E+03  2.364790E-01
  1.981000E+03  3.194778E-01
  1.981500E+03  3.965738E-01
  1.982000E+03  4.660931E-01
  1.982500E+03  5.265243E-01
  1.983000E+03  5.765562E-01
  1.983500E+03  6.151107E-01
  1.984000E+03  6.413686E-01
  1.984500E+03  6.547897E-01
  1.985000E+03  6.551251E-01
  1.985500E+03  6.424219E-01
  1.986000E+03  6.170201E-01
  1.986500E+03  5.795419E-01
  1.987000E+03  5.308738E-01
  1.987500E+03  4.721423E-01
  1.988000E+03  4.046830E-01
  1.988500E+03  3.300058E-01
  1.989000E+03  2.497554E-01
  1.989500E+03  1.656698E-01
  1.990000E+03  7.953696E-02
  1.990500E+03 -6.848400E-03
  1.991000E+03 -9.172705E-02
  1.991500E+03 -1.734152E-01
  1.992000E+03 -2.503409E-01
  1.992500E+03 -3.210770E-01
  1.993000E+03 -3.843679E-01
  1.993500E+03 -4.391519E-01
  1.994000E+03 -4.845770E-01
  1.994500E+03 -5.200109E-01
  1.995000E+03 -5.450446E-01
  1.995500E+03 -5.594905E-01
  1.996000E+03 -5.633754E-01
  1.996500E+03 -5.569278E-01
  1.997000E+03 -5.405616E-01
  1.997500E+03 -5.148566E-01
  1.998000E+03 -4.805360E-01
  1.998500E+03 -4.384425E-01
  1.999000E+03 -3.895136E-01
  1.999500E+03 -3.347566E-01
  2.000000E+03 -2.752251E-01
  2.000500E+03 -2.119960E-01
  2.001000E+03 -1.461493E-01
  2.001500E+03 -7.874997E-02
  2.002000E+03 -1.083197E-02
  2.002500E+03  5.661388E-02
  2.003000E+03  1.226501E-01
  2.003500E+03  1.863995E-01
  2.004000E+03  2.470504E-01
  2.004500E+03  3.038587E-01
  2.005000E+03  3.561495E-01
  2.005500E+03  4.033160E-01
  2.006000E+03  4.448190E-01
  2.006500E+03  4.801850E-01
  2.007000E+03  5.090048E-01
  2.007500E+03  5.309324E-01
  2.008000E+03  5.456847E-01
  2.008500E+03  5.530419E-01
  2.009000E+03  5.528491E-01
  2.009500E+03  5.450187E-01
  2.010000E+03  5.295341E-01
  2.010500E+03  5.064537E-01
  2.011000E+03  4.759157E-01
  2.011500E+03  4.381429E-01
  2.012000E+03  3.934472E-01
  2.012500E+03  3.422337E-01
  2.013000E+03  2.850034E-01
  2.013500E+03  2.223545E-01
  2.014000E+03  1.549823E-01
  2.014500E+03  8.367608E-02
  2.015000E+03  9.313996E-03
  2.015500E+03 -6.714431E-02
  2.016000E+03 -1.446683E-01
  2.016500E+03 -2.221693E-01
  2.017000E+03 -2.985161E-01
  2.017500E+03 -3.725524E-01
  2.018000E+03 -4.431162E-01
  2.018500E+03 -5.090609E-01
  2.019000E+03 -5.692767E-01
  2.019500E+03 -6.227130E-01
  2.020000E+03 -6.683999E-01
  2.020500E+03 -7.054699E-01
  2.021000E+03 -7.331766E-01
  2.021500E+03 -7.509130E-01
  2.022000E+03 -7.582264E-01
  2.022500E+03 -7.548301E-01
  2.023000E+03 -7.406129E-01
  2.023500E+03 -7.156434E-01
  2.024000E+03 -6.801722E-01
  2.024500E+03 -6.346289E-01
  2.025000E+03 -5.796159E-01
  2.025500E+03 -5.158987E-01
  2.026000E+03 -4.443920E-01
  2.026500E+03 -3.661435E-01
  2.027000E+03 -2.823148E-01
  2.027500E+03 -1.941594E-01
  2.028000E+03 -1.029998E-01
  2.028500E+03 -1.020299E-02
  2.029000E+03  8.284463E-02
  2.029500E+03  1.747625E-01
  2.030000E+03  2.642005E-01
  2.030500E+03  3.498629E-01
  2.031000E+03  4.305305E-01
  2.031500E+03  5.050808E-01
  2.032000E+03  5.725066E-01
  2.032500E+03  6.319313E-01
  2.033000E+03  6.826217E-01
  2.033500E+03  7.239979E-01
  2.034000E+03  7.556397E-01
  2.034500E+03  7.772904E-01
  2.035000E+03  7.888568E-01
  2.035500E+03  7.904072E-01
  2.036000E+03  7.821653E-01
  2.036500E+03  7.645017E-01
  2.037000E+03  7.379239E-01
  2.037500E+03  7.030622E-01
  2.038000E+03  6.606555E-01
  2.038500E+03  6.115339E-01
  2.039000E+03  5.566016E-01
  2.039500E+03  4.968171E-01
  2.040000E+03  4.331746E-01
  2.040500E+03  3.666840E-01
  2.041000E+03  2.983518E-01
  2.041500E+03  2.291627E-01
  2.042000E+03  1.600612E-01
  2.042500E+03  9.193639E-02
  2.043000E+03  2.560632E-02
  2.043500E+03 -3.819392E-02
  2.044000E+03 -9.882282E-02
  2.044500E+03 -1.557403E-01
  2.045000E+03 -2.085129E-01
  2.045500E+03 -2.568165E-01
  2.046000E+03 -3.004360E-01
  2.046500E+03 -3.392620E-01
  2.047000E+03 -3.732859E-01
  2.047500E+03 -4.025911E-01
  2.048000E+03 -4.273433E-01
  2.048500E+03 -4.477777E-01
  2.049000E+03 -4.641855E-01
  2.049500E+03 -4.768990E-01
  2.050000E+03 -4.862758E-01
  2.050500E+03 -4.926828E-01
  2.051000E+03 -4.964809E-01
  2.051500E+03 -4.980102E-01
  2.052000E+03 -4.975760E-01
  2.052500E+03 -4.954376E-01
  2.053000E+03 -4.917981E-01
  2.053500E+03 -4.867971E-01
  2.054000E+03 -4.805065E-01
  2.054500E+03 -4.729282E-01
  2.055000E+03 -4.639959E-01
  2.055500E+03 -4.535788E-01
  2.056000E+03 -4.414884E-01
  2.056500E+03 -4.274888E-01
  2.057000E+03 -4.113075E-01
  2.057500E+03 -3.926499E-01
  2.058000E+03 -3.712138E-01
  2.058500E+03 -3.467059E-01
  2.059000E+03 -3.188577E-01
  2.059500E+03 -2.874419E-01
  2.060000E+03 -2.522878E-01
  2.060500E+03 -2.132951E-01
  2.061000E+03 -1.704459E-01
  2.061500E+03 -1.238152E-01
  2.062000E+03 -7.357746E-02
  2.062500E+03 -2.001135E-02
  2.063000E+03  3.649933E-02
  2.063500E+03  9.546751E-02
  2.064000E+03  1.563081E-01
  2.064500E+03  2.183460E-01
  2.065000E+03  2.808272E-01
  2.065500E+03  3.429324E-01
  2.066000E+03  4.037922E-01
  2.066500E+03  4.625045E-01
  2.067000E+03  5.181527E-01
  2.067500E+03  5.698249E-01
  2.068000E+03  6.166327E-01
  2.068500E+03  6.577303E-01
  2.069000E+03  6.923316E-01
  2.069500E+03  7.197276E-01
  2.070000E+03  7.393009E-01
  2.070500E+03  7.505386E-01
  2.071000E+03  7.530436E-01
  2.071500E+03  7.465425E-01
  2.072000E+03  7.308922E-01
  2.072500E+03  7.060834E-01
  2.073000E+03  6.722426E-01
  2.073500E+03  6.296306E-01
  2.074000E+03  5.786406E-01
  2.074500E+03  5.197929E-01
  2.075000E+03  4.537294E-01
  2.075500E+03  3.812052E-01
  2.076000E+03  3.030804E-01
  2.076500E+03  2.203097E-01
  2.077000E+03  1.339316E-01
  2.077500E+03  4.505638E-02
  2.078000E+03 -4.514596E-02
  2.078500E+03 -1.354594E-01
  2.079000E+03 -2.246360E-01
  2.079500E+03 -3.114101E-01
  2.080000E+03 -3.945148E-01
  2.080500E+03 -4.726974E-01
  2.081000E+03 -5.447371E-01
  2.081500E+03 -6.094630E-01
  2.082000E+03 -6.657722E-01
  2.082500E+03 -7.126497E-01
  2.083000E+03 -7.491873E-01
  2.083500E+03 -7.746041E-01
  2.084000E+03 -7.882650E-01
  2.084500E+03 -7.897003E-01
  2.085000E+03 -7.786230E-01
  2.085500E+03 -7.549447E-01
  2.086000E+03 -7.187896E-01
  2.086500E+03 -6.705045E-01
  2.087000E+03 -6.106669E-01
  2.087500E+03 -5.400874E-01
  2.088000E+03 -4.598081E-01
  2.088500E+03 -3.710964E-01
  2.089000E+03 -2.754321E-01
  2.089500E+03 -1.744894E-01
  2.090000E+03 -7.011365E-02
  2.090500E+03  3.570858E-02
  2.091000E+03  1.408843E-01
  2.091500E+03  2.432539E-01
  2.092000E+03  3.406352E-01
  2.092500E+03  4.308705E-01
  2.093000E+03  5.118769E-01
  2.093500E+03  5.816968E-01
  2.094000E+03  6.385485E-01
  2.094500E+03  6.808756E-01
  2.095000E+03  7.073934E-01
  2.095500E+03  7.171301E-01
  2.096000E+03  7.094636E-01
  2.096500E+03  6.841500E-01
  2.097000E+03  6.413448E-01
  2.097500E+03  5.816146E-01
  2.098000E+03  5.059386E-01
  2.098500E+03  4.157008E-01
  2.099000E+03  3.126702E-01
  2.099500E+03  1.989723E-01
  2.100000E+03  7.704854E-02
  2.100500E+03 -5.039142E-02
  2.101000E+03 -1.804276E-01
  2.101500E+03 -3.099936E-01
  2.102000E+03 -4.359464E-01
  2.102500E+03 -5.551401E-01
  2.103000E+03 -6.645019E-01
  2.103500E+03 -7.611075E-01
  2.104000E+03 -8.422553E-01
  2.104500E+03 -9.055365E-01
  2.105000E+03 -9.488999E-01
  2.105500E+03 -9.707081E-01
  2.106000E+03 -9.697857E-01
  2.106500E+03 -9.454570E-01
  2.107000E+03 -8.975710E-01
  2.107500E+03 -8.265160E-01
  2.108000E+03 -7.332192E-01
  2.108500E+03 -6.191356E-01
  2.109000E+03 -4.862221E-01
  2.109500E+03 -3.369013E-01
  2.110000E+03 -1.740125E-01
  2.110500E+03 -7.532674E-04
  2.111000E+03  1.793877E-01
  2.111500E+03  3.627054E-01
  2.112000E+03  5.453581E-01
  2.112500E+03  7.234512E-01
  2.113000E+03  8.931217E-01
  2.113500E+03  1.050623E+00
  2.114000E+03  1.192406E+00
  2.114500E+03  1.315199E+00
  2.115000E+03  1.416076E+00
  2.115500E+03  1.492526E+00
  2.116000E+03  1.542503E+00
  2.116500E+03  1.564473E+00
  2.117000E+03  1.557451E+00
  2.117500E+03  1.521020E+00
  2.118000E+03  1.455343E+00
  2.118500E+03  1.361163E+00
  2.119000E+03  1.239790E+00
  2.119500E+03  1.093075E+00
  2.120000E+03  9.233765E-01
  2.120500E+03  7.335148E-01
  2.121000E+03  5.267187E-01
  2.121500E+03  3.065641E-01
  2.122000E+03  7.690544E-02
  2.122500E+03 -1.581966E-01
  2.123000E+03 -3.945519E-01
  2.123500E+03 -6.279197E-01
  2.124000E+03 -8.540875E-01
  2.124500E+03 -1.068950E+00
  2.125000E+03 -1.268585E+00
  2.125500E+03 -1.449326E+00
  2.126000E+03 -1.607832E+00
  2.126500E+03 -1.741144E+00
  2.127000E+03 -1.846746E+00
  2.127500E+03 -1.922609E+00
  2.128000E+03 -1.967228E+00
  2.128500E+03 -1.979650E+00
  2.129000E+03 -1.959494E+00
  2.129500E+03 -1.906960E+00
  2.130000E+03 -1.822823E+00
  2.130500E+03 -1.708422E+00
  2.131000E+03 -1.565635E+00
  2.131500E+03 -1.396850E+00
  2.132000E+03 -1.204915E+00
  2.132500E+03 -9.930922E-01
  2.133000E+03 -7.649966E-01
  2.133500E+03 -5.245285E-01
  2.134000E+03 -2.758025E-01
  2.134500E+03 -2.307063E-02
  2.135000E+03  2.293566E-01
  2.135500E+03  4.771916E-01
  2.136000E+03  7.162496E-01
  2.136500E+03  9.425280E-01
  2.137000E+03  1.152281E+00
  2.137500E+03  1.342092E+00
  2.138000E+03  1.508934E+00
  2.138500E+03  1.650227E+00
  2.139000E+03  1.763888E+00
  2.139500E+03  1.848362E+00
  2.140000E+03  1.902650E+00
  2.140500E+03  1.926324E+00
  2.141000E+03  1.919526E+00
  2.141500E+03  1.882958E+00
  2.142000E+03  1.817862E+00
  2.142500E+03  1.725982E+00
  2.143000E+03  1.609521E+00
  2.143500E+03  1.471088E+00
  2.144000E+03  1.313634E+00
  2.144500E+03  1.140383E+00
  2.145000E+03  9.547571E-01
  2.145500E+03  7.602999E-01
  2.146000E+03  5.605972E-01
  2.146500E+03  3.591990E-01
  2.147000E+03  1.595439E-01
  2.147500E+03 -3.511197E-02
  2.148000E+03 -2.217591E-01
  2.148500E+03 -3.976918E-01
  2.149000E+03 -5.605558E-01
  2.149500E+03 -7.083852E-01
  2.150000E+03 -8.396291E-01
  2.150500E+03 -9.531660E-01
  2.151000E+03 -1.048307E+00
  2.151500E+03 -1.124788E+00
  2.152000E+03 -1.182748E+00
  2.152500E+03 -1.222704E+00
  2.153000E+03 -1.245506E+00
  2.153500E+03 -1.252299E+00
  2.154000E+03 -1.244464E+00
  2.154500E+03 -1.223564E+00
  2.155000E+03 -1.191287E+00
  2.155500E+03 -1.149385E+00
  2.156000E+03 -1.099614E+00
  2.156500E+03 -1.043681E+00
  2.157000E+03 -9.831948E-01
  2.157500E+03 -9.196169E-01
  2.158000E+03 -8.542284E-01
  2.158500E+03 -7.880996E-01
  2.159000E+03 -7.220706E-01
  2.159500E+03 -6.567405E-01
  2.160000E+03 -5.924668E-01
  2.160500E+03 -5.293737E-01
  2.161000E+03 -4.673686E-01
  2.161500E+03 -4.061673E-01
  2.162000E+03 -3.453253E-01
  2.162500E+03 -2.842752E-01
  2.163000E+03 -2.223674E-01
  2.163500E+03 -1.589143E-01
  2.164000E+03 -9.323492E-02
  2.164500E+03 -2.469903E-02
  2.165000E+03  4.723087E-02
  2.165500E+03  1.229611E-01
  2.166000E+03  2.027335E-01
  2.166500E+03  2.865976E-01
  2.167000E+03  3.743903E-01
  2.167500E+03  4.657230E-01
  2.168000E+03  5.599762E-01
  2.168500E+03  6.563030E-01
  2.169000E+03  7.536402E-01
  2.169500E+03  8.507265E-01
  2.170000E+03  9.461289E-01
  2.170500E+03  1.038274E+00
  2.171000E+03  1.125485E+00
  2.171500E+03  1.206023E+00
  2.172000E+03  1.278130E+00
  2.172500E+03  1.340076E+00
  2.173000E+03  1.390201E+00
  2.173500E+03  1.426962E+00
  2.174000E+03  1.448974E+00
  2.174500E+03  1.455045E+00
  2.175000E+03  1.444214E+00
  2.175500E+03  1.415779E+00
  2.176000E+03  1.369313E+00
  2.176500E+03  1.304687E+00
  2.177000E+03  1.222074E+00
  2.177500E+03  1.121955E+00
  2.178000E+03  1.005109E+00
  2.178500E+03  8.726070E-01
  2.179000E+03  7.257917E-01
  2.179500E+03  5.662569E-01
  2.180000E+03  3.958194E-01
  2.180500E+03  2.164892E-01
  2.181000E+03  3.043520E-02
  2.181500E+03 -1.600505E-01
  2.182000E+03 -3.525895E-01
  2.182500E+03 -5.447545E-01
  2.183000E+03 -7.341062E-01
  2.183500E+03 -9.182296E-01
  2.184000E+03 -1.094768E+00
  2.184500E+03 -1.261453E+00
  2.185000E+03 -1.416139E+00
  2.185500E+03 -1.556824E+00
  2.186000E+03 -1.681675E+00
  2.186500E+03 -1.789049E+00
  2.187000E+03 -1.877511E+00
  2.187500E+03 -1.945842E+00
  2.188000E+03 -1.993060E+00
  2.188500E+03 -2.018417E+00
  2.189000E+03 -2.021416E+00
  2.189500E+03 -2.001804E+00
  2.190000E+03 -1.959582E+00
  2.190500E+03 -1.894999E+00
  2.191000E+03 -1.808552E+00
  2.191500E+03 -1.700983E+00
  2.192000E+03 -1.573271E+00
  2.192500E+03 -1.426630E+00
  2.193000E+03 -1.262493E+00
  2.193500E+03 -1.082509E+00
  2.194000E+03 -8.885286E-01
  2.194500E+03 -6.825872E-01
  2.195000E+03 -4.668930E-01
  2.195500E+03 -2.438065E-01
  2.196000E+03 -1.581975E-02
  2.196500E+03  2.144667E-01
  2.197000E+03  4.443702E-01
  2.197500E+03  6.711545E-01
  2.198000E+03  8.920611E-01
  2.198500E+03  1.104343E+00
  2.199000E+03  1.305299E+00
  2.199500E+03  1.492314E+00
  2.200000E+03  1.662893E+00
  2.200500E+03  1.814703E+00
  2.201000E+03  1.945611E+00
  2.201500E+03  2.053721E+00
  2.202000E+03  2.137412E+00
  2.202500E+03  2.195368E+00
  2.203000E+03  2.226612E+00
  2.203500E+03  2.230528E+00
  2.204000E+03  2.206883E+00
  2.204500E+03  2.155840E+00
  2.205000E+03  2.077969E+00
  2.205500E+03  1.974246E+00
  2.206000E+03  1.846042E+00
  2.206500E+03  1.695117E+00
  2.207000E+03  1.523590E+00
  2.207500E+03  1.333913E+00
  2.208000E+03  1.128833E+00
  2.208500E+03  9.113471E-01
  2.209000E+03  6.846545E-01
  2.209500E+03  4.520997E-01
  2.210000E+03  2.171144E-01
  2.210500E+03 -1.684405E-02
  2.211000E+03 -2.463560E-01
  2.211500E+03 -4.681024E-01
  2.212000E+03 -6.789265E-01
  2.212500E+03 -8.758928E-01
  2.213000E+03 -1.056341E+00
  2.213500E+03 -1.217936E+00
  2.214000E+03 -1.358707E+00
  2.214500E+03 -1.477085E+00
  2.215000E+03 -1.571929E+00
  2.215500E+03 -1.642535E+00
  2.216000E+03 -1.688651E+00
  2.216500E+03 -1.710468E+00
  2.217000E+03 -1.708607E+00
  2.217500E+03 -1.684096E+00
  2.218000E+03 -1.638340E+00
  2.218500E+03 -1.573076E+00
  2.219000E+03 -1.490331E+00
  2.219500E+03 -1.392367E+00
  2.220000E+03 -1.281622E+00
  2.220500E+03 -1.160652E+00
  2.221000E+03 -1.032069E+00
  2.221500E+03 -8.984818E-01
  2.222000E+03 -7.624331E-01
  2.222500E+03 -6.263480E-01
  2.223000E+03 -4.924816E-01
  2.223500E+03 -3.628751E-01
  2.224000E+03 -2.393190E-01
  2.224500E+03 -1.233240E-01
  2.225000E+03 -1.610091E-02
  2.225500E+03  8.145061E-02
  2.226000E+03  1.687439E-01
  2.226500E+03  2.454986E-01
  2.227000E+03  3.117251E-01
  2.227500E+03  3.677015E-01
  2.228000E+03  4.139437E-01
  2.228500E+03  4.511701E-01
  2.229000E+03  4.802612E-01
  2.229500E+03  5.022170E-01
  2.230000E+03  5.181123E-01
  2.230500E+03  5.290519E-01
  2.231000E+03  5.361278E-01
  2.231500E+03  5.403783E-01
  2.232000E+03  5.427514E-01
  2.232500E+03  5.440738E-01
  2.233000E+03  5.450250E-01
  2.233500E+03  5.461185E-01
  2.234000E+03  5.476903E-01
  2.234500E+03  5.498944E-01
  2.235000E+03  5.527057E-01
  2.235500E+03  5.559300E-01
  2.236000E+03  5.592201E-01
  2.236500E+03  5.620976E-01
  2.237000E+03  5.639802E-01
  2.237500E+03  5.642115E-01
  2.238000E+03  5.620946E-01
  2.238500E+03  5.569256E-01
  2.239000E+03  5.480282E-01
  2.239500E+03  5.347864E-01
  2.240000E+03  5.166751E-01
  2.240500E+03  4.932864E-01
  2.241000E+03  4.643528E-01
  2.241500E+03  4.297632E-01
  2.242000E+03  3.895749E-01
  2.242500E+03  3.440182E-01
  2.243000E+03  2.934948E-01
  2.243500E+03  2.385704E-01
  2.244000E+03  1.799611E-01
  2.244500E+03  1.185140E-01
  2.245000E+03  5.518333E-02
  2.245500E+03 -8.996798E-03
  2.246000E+03 -7.294344E-02
  2.246500E+03 -1.355570E-01
  2.247000E+03 -1.957543E-01
  2.247500E+03 -2.525011E-01
  2.248000E+03 -3.048429E-01
  2.248500E+03 -3.519335E-01
  2.249000E+03 -3.930591E-01
  2.249500E+03 -4.276588E-01
  2.250000E+03 -4.553395E-01
  2.250500E+03 -4.758852E-01
  2.251000E+03 -4.892609E-01
  2.251500E+03 -4.956096E-01
  2.252000E+03 -4.952447E-01
  2.252500E+03 -4.886362E-01
  2.253000E+03 -4.763917E-01
  2.253500E+03 -4.592339E-01
  2.254000E+03 -4.379739E-01
  2.254500E+03 -4.134824E-01
  2.255000E+03 -3.866590E-01
  2.255500E+03 -3.584017E-01
  2.256000E+03 -3.295757E-01
  2.256500E+03 -3.009853E-01
  2.257000E+03 -2.733473E-01
  2.257500E+03 -2.472681E-01
  2.258000E+03 -2.232249E-01
  2.258500E+03 -2.015521E-01
  2.259000E+03 -1.824322E-01
  2.259500E+03 -1.658930E-01
  2.260000E+03 -1.518092E-01
  2.260500E+03 -1.399109E-01
  2.261000E+03 -1.297960E-01
  2.261500E+03 -1.209479E-01
  2.262000E+03 -1.127578E-01
  2.262500E+03 -1.045493E-01
  2.263000E+03 -9.560645E-02
  2.263500E+03 -8.520361E-02
  2.264000E+03 -7.263534E-02
  2.264500E+03 -5.724665E-02
  2.265000E+03 -3.846190E-02
  2.265500E+03 -1.581160E-02
  2.266000E+03  1.104373E-02
  2.266500E+03  4.229347E-02
  2.267000E+03  7.796106E-02
  2.267500E+03  1.178932E-01
  2.268000E+03  1.617543E-01
  2.268500E+03  2.090263E-01
  2.269000E+03  2.590143E-01
  2.269500E+03  3.108577E-01
  2.270000E+03  3.635464E-01
  2.270500E+03  4.159421E-01
  2.271000E+03  4.668042E-01
  2.271500E+03  5.148190E-01
  2.272000E+03  5.586323E-01
  2.272500E+03  5.968841E-01
  2.273000E+03  6.282451E-01
  2.273500E+03  6.514529E-01
  2.274000E+03  6.653482E-01
  2.274500E+03  6.689098E-01
  2.275000E+03  6.612870E-01
  2.275500E+03  6.418285E-01
  2.276000E+03  6.101085E-01
  2.276500E+03  5.659468E-01
  2.277000E+03  5.094248E-01
  2.277500E+03  4.408954E-01
  2.278000E+03  3.609863E-01
  2.278500E+03  2.705982E-01
  2.279000E+03  1.708954E-01
  2.279500E+03  6.329097E-02
  2.280000E+03 -5.057447E-02
  2.280500E+03 -1.688598E-01
  2.281000E+03 -2.895558E-01
  2.281500E+03 -4.105215E-01
  2.282000E+03 -5.295255E-01
  2.282500E+03 -6.442898E-01
  2.283000E+03 -7.525358E-01
  2.283500E+03 -8.520314E-01
  2.284000E+03 -9.406391E-01
  2.284500E+03 -1.016362E+00
  2.285000E+03 -1.077389E+00
  2.285500E+03 -1.122137E+00
  2.286000E+03 -1.149287E+00
  2.286500E+03 -1.157821E+00
  2.287000E+03 -1.147043E+00
  2.287500E+03 -1.116608E+00
  2.288000E+03 -1.066530E+00
  2.288500E+03 -9.971924E-01
  2.289000E+03 -9.093441E-01
  2.289500E+03 -8.040942E-01
  2.290000E+03 -6.828940E-01
  2.290500E+03 -5.475143E-01
  2.291000E+03 -4.000147E-01
  2.291500E+03 -2.427068E-01
  2.292000E+03 -7.811254E-02
  2.292500E+03  9.108306E-02
  2.293000E+03  2.620824E-01
  2.293500E+03  4.320281E-01
  2.294000E+03  5.980578E-01
  2.294500E+03  7.573584E-01
  2.295000E+03  9.072198E-01
  2.295500E+03  1.045086E+00
  2.296000E+03  1.168605E+00
  2.296500E+03  1.275667E+00
  2.297000E+03  1.364451E+00
  2.297500E+03  1.433450E+00
  2.298000E+03  1.481500E+00
  2.298500E+03  1.507798E+00
  2.299000E+03  1.511914E+00
  2.299500E+03  1.493790E+00
  2.300000E+03  1.453743E+00
  2.300500E+03  1.392450E+00
  2.301000E+03  1.310928E+00
  2.301500E+03  1.210517E+00
  2.302000E+03  1.092843E+00
  2.302500E+03  9.597886E-01
  2.303000E+03  8.134559E-01
  2.303500E+03  6.561230E-01
  2.304000E+03  4.902038E-01
  2.304500E+03  3.182041E-01
  2.305000E+03  1.426789E-01
  2.305500E+03 -3.381003E-02
  2.306000E+03 -2.087351E-01
  2.306500E+03 -3.796409E-01
  2.307000E+03 -5.441797E-01
  2.307500E+03 -7.001436E-01
  2.308000E+03 -8.454932E-01
  2.308500E+03 -9.783821E-01
  2.309000E+03 -1.097178E+00
  2.309500E+03 -1.200478E+00
  2.310000E+03 -1.287123E+00
  2.310500E+03 -1.356209E+00
  2.311000E+03 -1.407085E+00
  2.311500E+03 -1.439364E+00
  2.312000E+03 -1.452917E+00
  2.312500E+03 -1.447873E+00
  2.313000E+03 -1.424608E+00
  2.313500E+03 -1.383741E+00
  2.314000E+03 -1.326119E+00
  2.314500E+03 -1.252809E+00
  2.315000E+03 -1.165078E+00
  2.315500E+03 -1.064377E+00
  2.316000E+03 -9.523257E-01
  2.316500E+03 -8.306850E-01
  2.317000E+03 -7.013390E-01
  2.317500E+03 -5.662671E-01
  2.318000E+03 -4.275181E-01
  2.318500E+03 -2.871805E-01
  2.319000E+03 -1.473526E-01
  2.319500E+03 -1.010999E-02
  2.320000E+03  1.225270E-01
  2.320500E+03  2.486271E-01
  2.321000E+03  3.663820E-01
  2.321500E+03  4.741391E-01
  2.322000E+03  5.704334E-01
  2.322500E+03  6.540175E-01
  2.323000E+03  7.238885E-01
  2.323500E+03  7.793111E-01
  2.324000E+03  8.198363E-01
  2.324500E+03  8.453152E-01
  2.325000E+03  8.559060E-01
  2.325500E+03  8.520751E-01
  2.326000E+03  8.345911E-01
  2.326500E+03  8.045111E-01
  2.327000E+03  7.631600E-01
  2.327500E+03  7.121029E-01
  2.328000E+03  6.531096E-01
  2.328500E+03  5.881143E-01
  2.329000E+03  5.191686E-01
  2.329500E+03  4.483912E-01
  2.330000E+03  3.779135E-01
  2.330500E+03  3.098244E-01
  2.331000E+03  2.461142E-01
  2.331500E+03  1.886201E-01
  2.332000E+03  1.389748E-01
  2.332500E+03  9.855935E-02
  2.333000E+03  6.846250E-02
  2.333500E+03  4.944687E-02
  2.334000E+03  4.192425E-02
  2.334500E+03  4.594021E-02
  2.335000E+03  6.116897E-02
  2.335500E+03  8.691885E-02
  2.336000E+03  1.221484E-01
  2.336500E+03  1.654930E-01
  2.337000E+03  2.153008E-01
  2.337500E+03  2.696782E-01
  2.338000E+03  3.265424E-01
  2.338500E+03  3.836797E-01
  2.339000E+03  4.388097E-01
  2.339500E+03  4.896501E-01
  2.340000E+03  5.339835E-01
  2.340500E+03  5.697224E-01
  2.341000E+03  5.949704E-01
  2.341500E+03  6.080793E-01
  2.342000E+03  6.076973E-01
  2.342500E+03  5.928112E-01
  2.343000E+03  5.627768E-01
  2.343500E+03  5.173397E-01
  2.344000E+03  4.566452E-01
  2.344500E+03  3.812359E-01
  2.345000E+03  2.920387E-01
  2.345500E+03  1.903410E-01
  2.346000E+03  7.775661E-02
  2.346500E+03 -4.381639E-02
  2.347000E+03 -1.722460E-01
  2.347500E+03 -3.052218E-01
  2.348000E+03 -4.403144E-01
  2.348500E+03 -5.750372E-01
  2.349000E+03 -7.069081E-01
  2.349500E+03 -8.335096E-01
  2.350000E+03 -9.525454E-01
  2.350500E+03 -1.061892E+00
  2.351000E+03 -1.159643E+00
  2.351500E+03 -1.244149E+00
  2.352000E+03 -1.314043E+00
  2.352500E+03 -1.368263E+00
  2.353000E+03 -1.406062E+00
  2.353500E+03 -1.427013E+00
  2.354000E+03 -1.430997E+00
  2.354500E+03 -1.418190E+00
  2.355000E+03 -1.389046E+00
  2.355500E+03 -1.344262E+00
  2.356000E+03 -1.284753E+00
  2.356500E+03 -1.211610E+00
  2.357000E+03 -1.126070E+00
  2.357500E+03 -1.029470E+00
  2.358000E+03 -9.232198E-01
  2.358500E+03 -8.087591E-01
  2.359000E+03 -6.875311E-01
  2.359500E+03 -5.609537E-01
  2.360000E+03 -4.303967E-01
  2.360500E+03 -2.971642E-01
  2.361000E+03 -1.624824E-01
  2.361500E+03 -2.749194E-02
  2.362000E+03  1.067544E-01
  2.362500E+03  2.392899E-01
  2.363000E+03  3.692288E-01
  2.363500E+03  4.957575E-01
  2.364000E+03  6.181244E-01
  2.364500E+03  7.356284E-01
  2.365000E+03  8.476074E-01
  2.365500E+03  9.534272E-01
  2.366000E+03  1.052472E+00
  2.366500E+03  1.144137E+00
  2.367000E+03  1.227823E+00
  2.367500E+03  1.302936E+00
  2.368000E+03  1.368888E+00
  2.368500E+03  1.425100E+00
  2.369000E+03  1.471014E+00
  2.369500E+03  1.506097E+00
  2.370000E+03  1.529859E+00
  2.370500E+03  1.541864E+00
  2.371000E+03  1.541746E+00
  2.371500E+03  1.529225E+00
  2.372000E+03  1.504120E+00
  2.372500E+03  1.466364E+00
  2.373000E+03  1.416015E+00
  2.373500E+03  1.353266E+00
  2.374000E+03  1.278449E+00
  2.374500E+03  1.192041E+00
  2.375000E+03  1.094659E+00
  2.375500E+03  9.870621E-01
  2.376000E+03  8.701364E-01
  2.376500E+03  7.448896E-01
  2.377000E+03  6.124349E-01
  2.377500E+03  4.739750E-01
  2.378000E+03  3.307838E-01
  2.378500E+03  1.841875E-01
  2.379000E+03  3.554438E-02
  2.379500E+03 -1.137754E-01
  2.380000E+03 -2.624089E-01
  2.380500E+03 -4.090182E-01
  2.381000E+03 -5.523074E-01
  2.381500E+03 -6.910366E-01
  2.382000E+03 -8.240341E-01
  2.382500E+03 -9.502058E-01
  2.383000E+03 -1.068543E+00
  2.383500E+03 -1.178124E+00
  2.384000E+03 -1.278123E+00
  2.384500E+03 -1.367802E+00
  2.385000E+03 -1.446517E+00
  2.385500E+03 -1.513713E+00
  2.386000E+03 -1.568919E+00
  2.386500E+03 -1.611747E+00
  2.387000E+03 -1.641890E+00
  2.387500E+03 -1.659116E+00
  2.388000E+03 -1.663270E+00
  2.388500E+03 -1.654269E+00
  2.389000E+03 -1.632108E+00
  2.389500E+03 -1.596856E+00
  2.390000E+03 -1.548663E+00
  2.390500E+03 -1.487763E+00
  2.391000E+03 -1.414475E+00
  2.391500E+03 -1.329215E+00
  2.392000E+03 -1.232496E+00
  2.392500E+03 -1.124933E+00
  2.393000E+03 -1.007250E+00
  2.393500E+03 -8.802768E-01
  2.394000E+03 -7.449563E-01
  2.394500E+03 -6.023387E-01
  2.395000E+03 -4.535793E-01
  2.395500E+03 -2.999316E-01
  2.396000E+03 -1.427389E-01
  2.396500E+03  1.657807E-02
  2.397000E+03  1.765353E-01
  2.397500E+03  3.356024E-01
  2.398000E+03  4.922214E-01
  2.398500E+03  6.448271E-01
  2.399000E+03  7.918690E-01
  2.399500E+03  9.318339E-01
  2.400000E+03  1.063268E+00
  2.400500E+03  1.184798E+00
  2.401000E+03  1.295154E+00
  2.401500E+03  1.393187E+00
  2.402000E+03  1.477887E+00
  2.402500E+03  1.548397E+00
  2.403000E+03  1.604026E+00
  2.403500E+03  1.644255E+00
  2.404000E+03  1.668747E+00
  2.404500E+03  1.677346E+00
  2.405000E+03  1.670076E+00
  2.405500E+03  1.647140E+00
  2.406000E+03  1.608910E+00
  2.406500E+03  1.555921E+00
  2.407000E+03  1.488860E+00
  2.407500E+03  1.408550E+00
  2.408000E+03  1.315939E+00
  2.408500E+03  1.212087E+00
  2.409000E+03  1.098145E+00
  2.409500E+03  9.753453E-01
  2.410000E+03  8.449838E-01
  2.410500E+03  7.084059E-01
  2.411000E+03  5.669927E-01
  2.411500E+03  4.221475E-01
  2.412000E+03  2.752834E-01
  2.412500E+03  1.278115E-01
  2.413000E+03 -1.886967E-02
  2.413500E+03 -1.633850E-01
  2.414000E+03 -3.043926E-01
  2.414500E+03 -4.405930E-01
  2.415000E+03 -5.707392E-01
  2.415500E+03 -6.936453E-01
  2.416000E+03 -8.081964E-01
  2.416500E+03 -9.133576E-01
  2.417000E+03 -1.008184E+00
  2.417500E+03 -1.091830E+00
  2.418000E+03 -1.163559E+00
  2.418500E+03 -1.222752E+00
  2.419000E+03 -1.268919E+00
  2.419500E+03 -1.301703E+00
  2.420000E+03 -1.320893E+00
  2.420500E+03 -1.326423E+00
  2.421000E+03 -1.318384E+00
  2.421500E+03 -1.297021E+00
  2.422000E+03 -1.262736E+00
  2.422500E+03 -1.216085E+00
  2.423000E+03 -1.157776E+00
  2.423500E+03 -1.088659E+00
  2.424000E+03 -1.009716E+00
  2.424500E+03 -9.220504E-01
  2.425000E+03 -8.268731E-01
  2.425500E+03 -7.254816E-01
  2.426000E+03 -6.192432E-01
  2.426500E+03 -5.095734E-01
  2.427000E+03 -3.979141E-01
  2.427500E+03 -2.857104E-01
  2.428000E+03 -1.743878E-01
  2.428500E+03 -6.532935E-02
  2.429000E+03  4.014602E-02
  2.429500E+03  1.408041E-01
  2.430000E+03  2.355142E-01
  2.430500E+03  3.232651E-01
  2.431000E+03  4.031798E-01
  2.431500E+03  4.745255E-01
  2.432000E+03  5.367222E-01
  2.432500E+03  5.893472E-01
  2.433000E+03  6.321368E-01
  2.433500E+03  6.649848E-01
  2.434000E+03  6.879380E-01
  2.434500E+03  7.011888E-01
  2.435000E+03  7.050660E-01
  2.435500E+03  7.000226E-01
  2.436000E+03  6.866228E-01
  2.436500E+03  6.655268E-01
  2.437000E+03  6.374749E-01
  2.437500E+03  6.032720E-01
  2.438000E+03  5.637700E-01
  2.438500E+03  5.198528E-01
  2.439000E+03  4.724196E-01
  2.439500E+03  4.223705E-01
  2.440000E+03  3.705927E-01
  2.440500E+03  3.179474E-01
  2.441000E+03  2.652591E-01
  2.441500E+03  2.133054E-01
  2.442000E+03  1.628086E-01
  2.442500E+03  1.144292E-01
  2.443000E+03  6.876013E-02
  2.443500E+03  2.632278E-02
  2.444000E+03 -1.243552E-02
  2.444500E+03 -4.714310E-02
  2.445000E+03 -7.750432E-02
  2.445500E+03 -1.032989E-01
  2.446000E+03 -1.243803E-01
  2.446500E+03 -1.406737E-01
  2.447000E+03 -1.521725E-01
  2.447500E+03 -1.589352E-01
  2.448000E+03 -1.610810E-01
  2.448500E+03 -1.587857E-01
  2.449000E+03 -1.522766E-01
  2.449500E+03 -1.418276E-01
  2.450000E+03 -1.277544E-01
  2.450500E+03 -1.104089E-01
  2.451000E+03 -9.017427E-02
  2.451500E+03 -6.745997E-02
  2.452000E+03 -4.269674E-02
  2.452500E+03 -1.633201E-02
  2.453000E+03  1.117450E-02
  2.453500E+03  3.935485E-02
  2.454000E+03  6.773658E-02
  2.454500E+03  9.584610E-02
  2.455000E+03  1.232118E-01
  2.455500E+03  1.493666E-01
  2.456000E+03  1.738507E-01
  2.456500E+03  1.962141E-01
  2.457000E+03  2.160185E-01
  2.457500E+03  2.328402E-01
  2.458000E+03  2.462726E-01
  2.458500E+03  2.559290E-01
  2.459000E+03  2.614466E-01
  2.459500E+03  2.624905E-01
  2.460000E+03  2.587581E-01
  2.460500E+03  2.499854E-01
  2.461000E+03  2.359531E-01
  2.461500E+03  2.164934E-01
  2.462000E+03  1.914986E-01
  2.462500E+03  1.609290E-01
  2.463000E+03  1.248213E-01
  2.463500E+03  8.329796E-02
  2.464000E+03  3.657468E-02
  2.464500E+03 -1.503142E-02
  2.465000E+03 -7.109566E-02
  2.465500E+03 -1.310810E-01
  2.466000E+03 -1.943351E-01
  2.466500E+03 -2.600906E-01
  2.467000E+03 -3.274673E-01
  2.467500E+03 -3.954788E-01
  2.468000E+03 -4.630413E-01
  2.468500E+03 -5.289879E-01
  2.469000E+03 -5.920845E-01
  2.469500E+03 -6.510516E-01
  2.470000E+03 -7.045877E-01
  2.470500E+03 -7.513968E-01
  2.471000E+03 -7.902180E-01
  2.471500E+03 -8.198571E-01
  2.472000E+03 -8.392191E-01
  2.472500E+03 -8.473408E-01
  2.473000E+03 -8.434225E-01
  2.473500E+03 -8.268581E-01
  2.474000E+03 -7.972615E-01
  2.474500E+03 -7.544894E-01
  2.475000E+03 -6.986594E-01
  2.475500E+03 -6.301615E-01
  2.476000E+03 -5.496633E-01
  2.476500E+03 -4.581082E-01
  2.477000E+03 -3.567057E-01
  2.477500E+03 -2.469144E-01
  2.478000E+03 -1.304172E-01
  2.478500E+03 -9.089655E-03
  2.479000E+03  1.150383E-01
  2.479500E+03  2.398263E-01
  2.480000E+03  3.630719E-01
  2.480500E+03  4.825620E-01
  2.481000E+03  5.961262E-01
  2.481500E+03  7.016902E-01
  2.482000E+03  7.973277E-01
  2.482500E+03  8.813095E-01
  2.483000E+03  9.521477E-01
  2.483500E+03  1.008634E+00
  2.484000E+03  1.049870E+00
  2.484500E+03  1.075291E+00
  2.485000E+03  1.084678E+00
  2.485500E+03  1.078162E+00
  2.486000E+03  1.056215E+00
  2.486500E+03  1.019639E+00
  2.487000E+03  9.695355E-01
  2.487500E+03  9.072720E-01
  2.488000E+03  8.344426E-01
  2.488500E+03  7.528187E-01
  2.489000E+03  6.642962E-01
  2.489500E+03  5.708411E-01
  2.490000E+03  4.744324E-01
  2.490500E+03  3.770071E-01
  2.491000E+03  2.804069E-01
  2.491500E+03  1.863299E-01
  2.492000E+03  9.628775E-02
  2.492500E+03  1.157056E-02
  2.493000E+03 -6.678018E-02
  2.493500E+03 -1.379892E-01
  2.494000E+03 -2.015558E-01
  2.494500E+03 -2.572517E-01
  2.495000E+03 -3.051105E-01
  2.495500E+03 -3.454074E-01
  2.496000E+03 -3.786311E-01
  2.496500E+03 -4.054490E-01
  2.497000E+03 -4.266672E-01
  2.497500E+03 -4.431866E-01
  2.498000E+03 -4.559568E-01
  2.498500E+03 -4.659301E-01
  2.499000E+03 -4.740169E-01
  2.499500E+03 -4.810444E-01
  2.500000E+03 -4.877199E-01
  2.500500E+03 -4.946005E-01
  2.501000E+03 -5.020701E-01
  2.501500E+03 -5.103237E-01
  2.502000E+03 -5.193613E-01
  2.502500E+03 -5.289895E-01
  2.503000E+03 -5.388321E-01
  2.503500E+03 -5.483486E-01
  2.504000E+03 -5.568595E-01
  2.504500E+03 -5.635778E-01
  2.505000E+03 -5.676458E-01
  2.505500E+03 -5.681739E-01
  2.506000E+03 -5.642827E-01
  2.506500E+03 -5.551436E-01
  2.507000E+03 -5.400190E-01
  2.507500E+03 -5.182986E-01
  2.508000E+03 -4.895320E-01
  2.508500E+03 -4.534544E-01
  2.509000E+03 -4.100071E-01
  2.509500E+03 -3.593491E-01
  2.510000E+03 -3.018620E-01
  2.510500E+03 -2.381462E-01
  2.511000E+03 -1.690093E-01
  2.511500E+03 -9.544789E-02
  2.512000E+03 -1.862142E-02
  2.512500E+03  6.017848E-02
  2.513000E+03  1.395639E-01
  2.513500E+03  2.180896E-01
  2.514000E+03  2.942939E-01
  2.514500E+03  3.667402E-01
  2.515000E+03  4.340572E-01
  2.515500E+03  4.949770E-01
  2.516000E+03  5.483703E-01
  2.516500E+03  5.932757E-01
  2.517000E+03  6.289251E-01
  2.517500E+03  6.547617E-01
  2.518000E+03  6.704522E-01
  2.518500E+03  6.758918E-01
  2.519000E+03  6.712030E-01
  2.519500E+03  6.567272E-01
  2.520000E+03  6.330113E-01
  2.520500E+03  6.007879E-01
  2.521000E+03  5.609520E-01
  2.521500E+03  5.145338E-01
  2.522000E+03  4.626683E-01
  2.522500E+03  4.065645E-01
  2.523000E+03  3.474728E-01
  2.523500E+03  2.866542E-01
  2.524000E+03  2.253497E-01
  2.524500E+03  1.647524E-01
  2.525000E+03  1.059826E-01
  2.525500E+03  5.006533E-02
  2.526000E+03 -2.086850E-03
  2.526500E+03 -4.968867E-02
  2.527000E+03 -9.209192E-02
  2.527500E+03 -1.287917E-01
  2.528000E+03 -1.594287E-01
  2.528500E+03 -1.837882E-01
  2.529000E+03 -2.017957E-01
  2.529500E+03 -2.135101E-01
  2.530000E+03 -2.191147E-01
  2.530500E+03 -2.189064E-01
  2.531000E+03 -2.132835E-01
  2.531500E+03 -2.027333E-01
  2.532000E+03 -1.878184E-01
  2.532500E+03 -1.691637E-01
  2.533000E+03 -1.474433E-01
  2.533500E+03 -1.233677E-01
  2.534000E+03 -9.767203E-02
  2.534500E+03 -7.110384E-02
  2.535000E+03 -4.441268E-02
  2.535500E+03 -1.833951E-02
  2.536000E+03  6.393201E-03
  2.536500E+03  2.909094E-02
  2.537000E+03  4.909634E-02
  2.537500E+03  6.579812E-02
  2.538000E+03  7.863981E-02
  2.538500E+03  8.712845E-02
  2.539000E+03  9.084292E-02
  2.539500E+03  8.944225E-02
  2.540000E+03  8.267345E-02
  2.540500E+03  7.037893E-02
  2.541000E+03  5.250317E-02
  2.541500E+03  2.909858E-02
  2.542000E+03  3.300503E-04
  2.542500E+03 -3.352176E-02
  2.543000E+03 -7.205896E-02
  2.543500E+03 -1.147668E-01
  2.544000E+03 -1.610164E-01
  2.544500E+03 -2.100695E-01
  2.545000E+03 -2.610858E-01
  2.545500E+03 -3.131332E-01
  2.546000E+03 -3.651999E-01
  2.546500E+03 -4.162096E-01
  2.547000E+03 -4.650385E-01
  2.547500E+03 -5.105345E-01
  2.548000E+03 -5.515386E-01
  2.548500E+03 -5.869071E-01
  2.549000E+03 -6.155349E-01
  2.549500E+03 -6.363796E-01
  2.550000E+03 -6.484858E-01
  2.550500E+03 -6.510077E-01
  2.551000E+03 -6.432322E-01
  2.551500E+03 -6.245996E-01
  2.552000E+03 -5.947219E-01
  2.552500E+03 -5.533994E-01
  2.553000E+03 -5.006335E-01
  2.553500E+03 -4.366366E-01
  2.554000E+03 -3.618380E-01
  2.554500E+03 -2.768859E-01
  2.555000E+03 -1.826451E-01
  2.555500E+03 -8.019069E-02
  2.556000E+03  2.920272E-02
  2.556500E+03  1.440764E-01
  2.557000E+03  2.628063E-01
  2.557500E+03  3.836264E-01
  2.558000E+03  5.046555E-01
  2.558500E+03  6.239271E-01
  2.559000E+03  7.394220E-01
  2.559500E+03  8.491037E-01
  2.560000E+03  9.509551E-01
  2.560500E+03  1.043016E+00
  2.561000E+03  1.123422E+00
  2.561500E+03  1.190442E+00
  2.562000E+03  1.242515E+00
  2.562500E+03  1.278284E+00
  2.563000E+03  1.296632E+00
  2.563500E+03  1.296707E+00
  2.564000E+03  1.277948E+00
  2.564500E+03  1.240106E+00
  2.565000E+03  1.183257E+00
  2.565500E+03  1.107814E+00
  2.566000E+03  1.014524E+00
  2.566500E+03  9.044701E-01
  2.567000E+03  7.790528E-01
  2.567500E+03  6.399773E-01
  2.568000E+03  4.892259E-01
  2.568500E+03  3.290266E-01
  2.569000E+03  1.618152E-01
  2.569500E+03 -9.807970E-03
  2.570000E+03 -1.831260E-01
  2.570500E+03 -3.553572E-01
  2.571000E+03 -5.237092E-01
  2.571500E+03 -6.854352E-01
  2.572000E+03 -8.378891E-01
  2.572500E+03 -9.785807E-01
  2.573000E+03 -1.105228E+00
  2.573500E+03 -1.215803E+00
  2.574000E+03 -1.308580E+00
  2.574500E+03 -1.382165E+00
  2.575000E+03 -1.435531E+00
  2.575500E+03 -1.468033E+00
  2.576000E+03 -1.479427E+00
  2.576500E+03 -1.469865E+00
  2.577000E+03 -1.439891E+00
  2.577500E+03 -1.390425E+00
  2.578000E+03 -1.322735E+00
  2.578500E+03 -1.238405E+00
  2.579000E+03 -1.139292E+00
  2.579500E+03 -1.027476E+00
  2.580000E+03 -9.052083E-01
  2.580500E+03 -7.748563E-01
  2.581000E+03 -6.388410E-01
  2.581500E+03 -4.995798E-01
  2.582000E+03 -3.594288E-01
  2.582500E+03 -2.206281E-01
  2.583000E+03 -8.525206E-02
  2.583500E+03  4.483399E-02
  2.584000E+03  1.680100E-01
  2.584500E+03  2.829290E-01
  2.585000E+03  3.885349E-01
  2.585500E+03  4.840722E-01
  2.586000E+03  5.690847E-01
  2.586500E+03  6.434054E-01
  2.587000E+03  7.071370E-01
  2.587500E+03  7.606250E-01
  2.588000E+03  8.044228E-01
  2.588500E+03  8.392524E-01
  2.589000E+03  8.659594E-01
  2.589500E+03  8.854670E-01
  2.590000E+03  8.987282E-01
  2.590500E+03  9.066793E-01
  2.591000E+03  9.101962E-01
  2.591500E+03  9.100549E-01
  2.592000E+03  9.068974E-01
  2.592500E+03  9.012047E-01
  2.593000E+03  8.932776E-01
  2.593500E+03  8.832262E-01
  2.594000E+03  8.709678E-01
  2.594500E+03  8.562338E-01
  2.595000E+03  8.385855E-01
  2.595500E+03  8.174375E-01
  2.596000E+03  7.920882E-01
  2.596500E+03  7.617564E-01
  2.597000E+03  7.256220E-01
  2.597500E+03  6.828702E-01
  2.598000E+03  6.327371E-01
  2.598500E+03  5.745542E-01
  2.599000E+03  5.077920E-01
  2.599500E+03  4.320993E-01
  2.600000E+03  3.473377E-01
  2.600500E+03  2.536097E-01
  2.601000E+03  1.512793E-01
  2.601500E+03  4.098460E-02
  2.602000E+03 -7.635875E-02
  2.602500E+03 -1.995628E-01
  2.603000E+03 -3.271820E-01
  2.603500E+03 -4.575357E-01
  2.604000E+03 -5.887398E-01
  2.604500E+03 -7.187446E-01
  2.605000E+03 -8.453787E-01
  2.605500E+03 -9.663988E-01
  2.606000E+03 -1.079541E+00
  2.606500E+03 -1.182575E+00
  2.607000E+03 -1.273359E+00
  2.607500E+03 -1.349891E+00
  2.608000E+03 -1.410364E+00
  2.608500E+03 -1.453203E+00
  2.609000E+03 -1.477116E+00
  2.609500E+03 -1.481122E+00
  2.610000E+03 -1.464579E+00
  2.610500E+03 -1.427208E+00
  2.611000E+03 -1.369097E+00
  2.611500E+03 -1.290711E+00
  2.612000E+03 -1.192883E+00
  2.612500E+03 -1.076799E+00
  2.613000E+03 -9.439835E-01
  2.613500E+03 -7.962653E-01
  2.614000E+03 -6.357478E-01
  2.614500E+03 -4.647691E-01
  2.615000E+03 -2.858593E-01
  2.615500E+03 -1.016944E-01
  2.616000E+03  8.495111E-02
  2.616500E+03  2.712539E-01
  2.617000E+03  4.543901E-01
  2.617500E+03  6.315839E-01
  2.618000E+03  8.001531E-01
  2.618500E+03  9.575532E-01
  2.619000E+03  1.101418E+00
  2.619500E+03  1.229595E+00
  2.620000E+03  1.340179E+00
  2.620500E+03  1.431541E+00
  2.621000E+03  1.502348E+00
  2.621500E+03  1.551584E+00
  2.622000E+03  1.578561E+00
  2.622500E+03  1.582928E+00
  2.623000E+03  1.564675E+00
  2.623500E+03  1.524129E+00
  2.624000E+03  1.461949E+00
  2.624500E+03  1.379116E+00
  2.625000E+03  1.276913E+00
  2.625500E+03  1.156914E+00
  2.626000E+03  1.020951E+00
  2.626500E+03  8.710944E-01
  2.627000E+03  7.096216E-01
  2.627500E+03  5.389824E-01
  2.628000E+03  3.617651E-01
  2.628500E+03  1.806588E-01
  2.629000E+03 -1.585915E-03
  2.629500E+03 -1.821978E-01
  2.630000E+03 -3.584260E-01
  2.630500E+03 -5.275820E-01
  2.631000E+03 -6.870811E-01
  2.631500E+03 -8.344830E-01
  2.632000E+03 -9.675311E-01
  2.632500E+03 -1.084190E+00
  2.633000E+03 -1.182678E+00
  2.633500E+03 -1.261502E+00
  2.634000E+03 -1.319481E+00
  2.634500E+03 -1.355770E+00
  2.635000E+03 -1.369879E+00
  2.635500E+03 -1.361682E+00
  2.636000E+03 -1.331426E+00
  2.636500E+03 -1.279729E+00
  2.637000E+03 -1.207574E+00
  2.637500E+03 -1.116297E+00
  2.638000E+03 -1.007565E+00
  2.638500E+03 -8.833502E-01
  2.639000E+03 -7.459016E-01
  2.639500E+03 -5.977034E-01
  2.640000E+03 -4.414338E-01
  2.640500E+03 -2.799184E-01
  2.641000E+03 -1.160790E-01
  2.641500E+03  4.711926E-02
  2.642000E+03  2.067234E-01
  2.642500E+03  3.598476E-01
  2.643000E+03  5.037293E-01
  2.643500E+03  6.357821E-01
  2.644000E+03  7.536473E-01
  2.644500E+03  8.552413E-01
  2.645000E+03  9.387982E-01
  2.645500E+03  1.002906E+00
  2.646000E+03  1.046538E+00
  2.646500E+03  1.069075E+00
  2.647000E+03  1.070320E+00
  2.647500E+03  1.050502E+00
  2.648000E+03  1.010279E+00
  2.648500E+03  9.507220E-01
  2.649000E+03  8.732946E-01
  2.649500E+03  7.798255E-01
  2.650000E+03  6.724701E-01
  2.650500E+03  5.536661E-01
  2.651000E+03  4.260812E-01
  2.651500E+03  2.925563E-01
  2.652000E+03  1.560433E-01
  2.652500E+03  1.954031E-02
  2.653000E+03 -1.139753E-01
  2.653500E+03 -2.416141E-01
  2.654000E+03 -3.606400E-01
  2.654500E+03 -4.685334E-01
  2.655000E+03 -5.630499E-01
  2.655500E+03 -6.422722E-01
  2.656000E+03 -7.046562E-01
  2.656500E+03 -7.490670E-01
  2.657000E+03 -7.748064E-01
  2.657500E+03 -7.816297E-01
  2.658000E+03 -7.697513E-01
  2.658500E+03 -7.398388E-01
  2.659000E+03 -6.929964E-01
  2.659500E+03 -6.307362E-01
  2.660000E+03 -5.549396E-01
  2.660500E+03 -4.678088E-01
  2.661000E+03 -3.718095E-01
  2.661500E+03 -2.696064E-01
  2.662000E+03 -1.639934E-01
  2.662500E+03 -5.781961E-02
  2.663000E+03  4.608617E-02
  2.663500E+03  1.449909E-01
  2.664000E+03  2.363308E-01
  2.664500E+03  3.177795E-01
  2.665000E+03  3.873114E-01
  2.665500E+03  4.432556E-01
  2.666000E+03  4.843410E-01
  2.666500E+03  5.097296E-01
  2.667000E+03  5.190385E-01
  2.667500E+03  5.123481E-01
  2.668000E+03  4.901979E-01
  2.668500E+03  4.535689E-01
  2.669000E+03  4.038530E-01
  2.669500E+03  3.428111E-01
  2.670000E+03  2.725196E-01
  2.670500E+03  1.953085E-01
  2.671000E+03  1.136918E-01
  2.671500E+03  3.029222E-02
  2.672000E+03 -5.223660E-02
  2.672500E+03 -1.312892E-01
  2.673000E+03 -2.043859E-01
  2.673500E+03 -2.692458E-01
  2.674000E+03 -3.238546E-01
  2.674500E+03 -3.665237E-01
  2.675000E+03 -3.959395E-01
  2.675500E+03 -4.112009E-01
  2.676000E+03 -4.118453E-01
  2.676500E+03 -3.978599E-01
  2.677000E+03 -3.696802E-01
  2.677500E+03 -3.281750E-01
  2.678000E+03 -2.746180E-01
  2.678500E+03 -2.106475E-01
  2.679000E+03 -1.382154E-01
  2.679500E+03 -5.952709E-02
  2.680000E+03  2.302631E-02
  2.680500E+03  1.069402E-01
  2.681000E+03  1.896720E-01
  2.681500E+03  2.687168E-01
  2.682000E+03  3.416819E-01
  2.682500E+03  4.063562E-01
  2.683000E+03  4.607743E-01
  2.683500E+03  5.032723E-01
  2.684000E+03  5.325336E-01
  2.684500E+03  5.476247E-01
  2.685000E+03  5.480181E-01
  2.685500E+03  5.336037E-01
  2.686000E+03  5.046878E-01
  2.686500E+03  4.619790E-01
  2.687000E+03  4.065639E-01
  2.687500E+03  3.398716E-01
  2.688000E+03  2.636287E-01
  2.688500E+03  1.798070E-01
  2.689000E+03  9.056540E-02
  2.689500E+03 -1.812401E-03
  2.690000E+03 -9.498268E-02
  2.690500E+03 -1.866061E-01
  2.691000E+03 -2.744107E-01
  2.691500E+03 -3.562512E-01
  2.692000E+03 -4.301635E-01
  2.692500E+03 -4.944120E-01
  2.693000E+03 -5.475304E-01
  2.693500E+03 -5.883526E-01
  2.694000E+03 -6.160360E-01
  2.694500E+03 -6.300740E-01
  2.695000E+03 -6.303008E-01
  2.695500E+03 -6.168852E-01
  2.696000E+03 -5.903181E-01
  2.696500E+03 -5.513905E-01
  2.697000E+03 -5.011655E-01
  2.697500E+03 -4.409449E-01
  2.698000E+03 -3.722305E-01
  2.698500E+03 -2.966830E-01
  2.699000E+03 -2.160781E-01
  2.699500E+03 -1.322621E-01
  2.700000E+03 -4.710816E-02
  2.700500E+03  3.752668E-02
  2.701000E+03  1.198417E-01
  2.701500E+03  1.981298E-01
  2.702000E+03  2.708109E-01
  2.702500E+03  3.364616E-01
  2.703000E+03  3.938391E-01
  2.703500E+03  4.419016E-01
  2.704000E+03  4.798233E-01
  2.704500E+03  5.070039E-01
  2.705000E+03  5.230749E-01
  2.705500E+03  5.278996E-01
  2.706000E+03  5.215705E-01
  2.706500E+03  5.044017E-01
  2.707000E+03  4.769181E-01
  2.707500E+03  4.398414E-01
  2.708000E+03  3.940732E-01
  2.708500E+03  3.406754E-01
  2.709000E+03  2.808483E-01
  2.709500E+03  2.159074E-01
  2.710000E+03  1.472575E-01
  2.710500E+03  7.636674E-02
  2.711000E+03  4.738906E-03
  2.711500E+03 -6.611486E-02
  2.712000E+03 -1.347043E-01
  2.712500E+03 -1.995885E-01
  2.713000E+03 -2.594037E-01
  2.713500E+03 -3.128901E-01
  2.714000E+03 -3.589177E-01
  2.714500E+03 -3.965095E-01
  2.715000E+03 -4.248632E-01
  2.715500E+03 -4.433694E-01
  2.716000E+03 -4.516265E-01
  2.716500E+03 -4.494517E-01
  2.717000E+03 -4.368880E-01
  2.717500E+03 -4.142060E-01
  2.718000E+03 -3.819014E-01
  2.718500E+03 -3.406868E-01
  2.719000E+03 -2.914785E-01
  2.719500E+03 -2.353785E-01
  2.720000E+03 -1.736517E-01
  2.720500E+03 -1.076977E-01
  2.721000E+03 -3.902040E-02
  2.721500E+03  3.080743E-02
  2.722000E+03  1.001807E-01
  2.722500E+03  1.675005E-01
  2.723000E+03  2.312136E-01
  2.723500E+03  2.898504E-01
  2.724000E+03  3.420622E-01
  2.724500E+03  3.866555E-01
  2.725000E+03  4.226220E-01
  2.725500E+03  4.491651E-01
  2.726000E+03  4.657199E-01
  2.726500E+03  4.719679E-01
  2.727000E+03  4.678444E-01
  2.727500E+03  4.535396E-01
  2.728000E+03  4.294923E-01
  2.728500E+03  3.963768E-01
  2.729000E+03  3.550838E-01
  2.729500E+03  3.066946E-01
  2.730000E+03  2.524507E-01
  2.730500E+03  1.937188E-01
  2.731000E+03  1.319527E-01
  2.731500E+03  6.865359E-02
  2.732000E+03  5.328418E-03
  2.732500E+03 -5.655004E-02
  2.733000E+03 -1.155823E-01
  2.733500E+03 -1.704782E-01
  2.734000E+03 -2.200889E-01
  2.734500E+03 -2.634347E-01
  2.735000E+03 -2.997262E-01
  2.735500E+03 -3.283806E-01
  2.736000E+03 -3.490309E-01
  2.736500E+03 -3.615283E-01
  2.737000E+03 -3.659385E-01
  2.737500E+03 -3.625321E-01
  2.738000E+03 -3.517684E-01
  2.738500E+03 -3.342753E-01
  2.739000E+03 -3.108239E-01
  2.739500E+03 -2.823012E-01
  2.740000E+03 -2.496793E-01
  2.740500E+03 -2.139843E-01
  2.741000E+03 -1.762648E-01
  2.741500E+03 -1.375614E-01
  2.742000E+03 -9.887833E-02
  2.742500E+03 -6.115714E-02
  2.743000E+03 -2.525467E-02
  2.743500E+03  8.075560E-03
  2.744000E+03  3.819744E-02
  2.744500E+03  6.460174E-02
  2.745000E+03  8.691105E-02
  2.745500E+03  1.048802E-01
  2.746000E+03  1.183927E-01
  2.746500E+03  1.274530E-01
  2.747000E+03  1.321763E-01
  2.747500E+03  1.327749E-01
  2.748000E+03  1.295437E-01
  2.748500E+03  1.228436E-01
  2.749000E+03  1.130851E-01
  2.749500E+03  1.007122E-01
  2.750000E+03  8.618616E-02
  2.750500E+03  6.997197E-02
  2.751000E+03  5.252572E-02
  2.751500E+03  3.428434E-02
  2.752000E+03  1.565768E-02
  2.752500E+03 -2.977126E-03
  2.753000E+03 -2.127892E-02
  2.753500E+03 -3.894363E-02
  2.754000E+03 -5.570347E-02
  2.754500E+03 -7.132453E-02
  2.755000E+03 -8.560315E-02
  2.755500E+03 -9.836152E-02
  2.756000E+03 -1.094429E-01
  2.756500E+03 -1.187067E-01
  2.757000E+03 -1.260246E-01
  2.757500E+03 -1.312766E-01
  2.758000E+03 -1.343484E-01
  2.758500E+03 -1.351308E-01
  2.759000E+03 -1.335190E-01
  2.759500E+03 -1.294143E-01
  2.760000E+03 -1.227271E-01
  2.760500E+03 -1.133803E-01
  2.761000E+03 -1.013147E-01
  2.761500E+03 -8.649389E-02
  2.762000E+03 -6.891085E-02
  2.762500E+03 -4.859346E-02
  2.763000E+03 -2.561038E-02
  2.763500E+03 -7.605863E-05
  2.764000E+03  2.784511E-02
  2.764500E+03  5.793584E-02
  2.765000E+03  8.992442E-02
  2.765500E+03  1.234847E-01
  2.766000E+03  1.582378E-01
  2.766500E+03  1.937551E-01
  2.767000E+03  2.295635E-01
  2.767500E+03  2.651514E-01
  2.768000E+03  2.999762E-01
  2.768500E+03  3.334732E-01
  2.769000E+03  3.650646E-01
  2.769500E+03  3.941694E-01
  2.770000E+03  4.202135E-01
  2.770500E+03  4.426394E-01
  2.771000E+03  4.609160E-01
  2.771500E+03  4.745471E-01
  2.772000E+03  4.830799E-01
  2.772500E+03  4.861121E-01
  2.773000E+03  4.832980E-01
  2.773500E+03  4.743540E-01
  2.774000E+03  4.590625E-01
  2.774500E+03  4.372751E-01
  2.775000E+03  4.089155E-01
  2.775500E+03  3.739807E-01
  2.776000E+03  3.325429E-01
  2.776500E+03  2.847499E-01
  2.777000E+03  2.308260E-01
  2.777500E+03  1.710726E-01
  2.778000E+03  1.058689E-01
  2.778500E+03  3.567240E-02
  2.779000E+03 -3.898041E-02
  2.779500E+03 -1.174734E-01
  2.780000E+03 -1.991106E-01
  2.780500E+03 -2.831159E-01
  2.781000E+03 -3.686342E-01
  2.781500E+03 -4.547327E-01
  2.782000E+03 -5.404041E-01
  2.782500E+03 -6.245706E-01
  2.783000E+03 -7.060912E-01
  2.783500E+03 -7.837696E-01
  2.784000E+03 -8.563656E-01
  2.784500E+03 -9.226093E-01
  2.785000E+03 -9.812172E-01
  2.785500E+03 -1.030912E+00
  2.786000E+03 -1.070444E+00
  2.786500E+03 -1.098616E+00
  2.787000E+03 -1.114311E+00
  2.787500E+03 -1.116518E+00
  2.788000E+03 -1.104361E+00
  2.788500E+03 -1.077133E+00
  2.789000E+03 -1.034316E+00
  2.789500E+03 -9.756179E-01
  2.790000E+03 -9.009897E-01
  2.790500E+03 -8.106506E-01
  2.791000E+03 -7.051042E-01
  2.791500E+03 -5.851505E-01
  2.792000E+03 -4.518917E-01
  2.792500E+03 -3.067313E-01
  2.793000E+03 -1.513665E-01
  2.793500E+03  1.222726E-02
  2.794000E+03  1.818198E-01
  2.794500E+03  3.549567E-01
  2.795000E+03  5.289975E-01
  2.795500E+03  7.011603E-01
  2.796000E+03  8.685732E-01
  2.796500E+03  1.028329E+00
  2.797000E+03  1.177547E+00
  2.797500E+03  1.313433E+00
  2.798000E+03  1.433342E+00
  2.798500E+03  1.534843E+00
  2.799000E+03  1.615777E+00
  2.799500E+03  1.674315E+00
  2.800000E+03  1.709005E+00
  2.800500E+03  1.718817E+00
  2.801000E+03  1.703179E+00
  2.801500E+03  1.661998E+00
  2.802000E+03  1.595677E+00
  2.802500E+03  1.505114E+00
  2.803000E+03  1.391697E+00
  2.803500E+03  1.257277E+00
  2.804000E+03  1.104136E+00
  2.804500E+03  9.349435E-01
  2.805000E+03  7.527005E-01
  2.805500E+03  5.606750E-01
  2.806000E+03  3.623302E-01
  2.806500E+03  1.612469E-01
  2.807000E+03 -3.895775E-02
  2.807500E+03 -2.347137E-01
  2.808000E+03 -4.225804E-01
  2.808500E+03 -5.993273E-01
  2.809000E+03 -7.620084E-01
  2.809500E+03 -9.080305E-01
  2.810000E+03 -1.035212E+00
  2.810500E+03 -1.141833E+00
  2.811000E+03 -1.226669E+00
  2.811500E+03 -1.289016E+00
  2.812000E+03 -1.328699E+00
  2.812500E+03 -1.346070E+00
  2.813000E+03 -1.341985E+00
  2.813500E+03 -1.317773E+00
  2.814000E+03 -1.275193E+00
  2.814500E+03 -1.216374E+00
  2.815000E+03 -1.143751E+00
  2.815500E+03 -1.059987E+00
  2.816000E+03 -9.678964E-01
  2.816500E+03 -8.703604E-01
  2.817000E+03 -7.702404E-01
  2.817500E+03 -6.702964E-01
  2.818000E+03 -5.731071E-01
  2.818500E+03 -4.809975E-01
  2.819000E+03 -3.959742E-01
  2.819500E+03 -3.196718E-01
  2.820000E+03 -2.533107E-01
  2.820500E+03 -1.976690E-01
  2.821000E+03 -1.530676E-01
  2.821500E+03 -1.193712E-01
  2.822000E+03 -9.600191E-02
  2.822500E+03 -8.196908E-02
  2.823000E+03 -7.591046E-02
  2.823500E+03 -7.614611E-02
  2.824000E+03 -8.074215E-02
  2.824500E+03 -8.758258E-02
  2.825000E+03 -9.444695E-02
  2.825500E+03 -9.909138E-02
  2.826000E+03 -9.933049E-02
  2.826500E+03 -9.311739E-02
  2.827000E+03 -7.861959E-02
  2.827500E+03 -5.428803E-02
  2.828000E+03 -1.891736E-02
  2.828500E+03  2.830459E-02
  2.829000E+03  8.775972E-02
  2.829500E+03  1.593761E-01
  2.830000E+03  2.426186E-01
  2.830500E+03  3.364944E-01
  2.831000E+03  4.395725E-01
  2.831500E+03  5.500174E-01
  2.832000E+03  6.656359E-01
  2.832500E+03  7.839345E-01
  2.833000E+03  9.021871E-01
  2.833500E+03  1.017510E+00
  2.834000E+03  1.126943E+00
  2.834500E+03  1.227531E+00
  2.835000E+03  1.316409E+00
  2.835500E+03  1.390883E+00
  2.836000E+03  1.448506E+00
  2.836500E+03  1.487151E+00
  2.837000E+03  1.505066E+00
  2.837500E+03  1.500930E+00
  2.838000E+03  1.473892E+00
  2.838500E+03  1.423589E+00
  2.839000E+03  1.350166E+00
  2.839500E+03  1.254272E+00
  2.840000E+03  1.137040E+00
  2.840500E+03  1.000065E+00
  2.841000E+03  8.453605E-01
  2.841500E+03  6.753084E-01
  2.842000E+03  4.926004E-01
  2.842500E+03  3.001714E-01
  2.843000E+03  1.011290E-01
  2.843500E+03 -1.013201E-01
  2.844000E+03 -3.039442E-01
  2.844500E+03 -5.035587E-01
  2.845000E+03 -6.970947E-01
  2.845500E+03 -8.816621E-01
  2.846000E+03 -1.054605E+00
  2.846500E+03 -1.213551E+00
  2.847000E+03 -1.356445E+00
  2.847500E+03 -1.481583E+00
  2.848000E+03 -1.587624E+00
  2.848500E+03 -1.673600E+00
  2.849000E+03 -1.738912E+00
  2.849500E+03 -1.783317E+00
  2.850000E+03 -1.806909E+00
  2.850500E+03 -1.810090E+00
  2.851000E+03 -1.793533E+00
  2.851500E+03 -1.758150E+00
  2.852000E+03 -1.705046E+00
  2.852500E+03 -1.635476E+00
  2.853000E+03 -1.550810E+00
  2.853500E+03 -1.452486E+00
  2.854000E+03 -1.341974E+00
  2.854500E+03 -1.220750E+00
  2.855000E+03 -1.090259E+00
  2.855500E+03 -9.519019E-01
  2.856000E+03 -8.070142E-01
  2.856500E+03 -6.568598E-01
  2.857000E+03 -5.026265E-01
  2.857500E+03 -3.454291E-01
  2.858000E+03 -1.863164E-01
  2.858500E+03 -2.628274E-02
  2.859000E+03  1.337170E-01
  2.859500E+03  2.927510E-01
  2.860000E+03  4.498927E-01
  2.860500E+03  6.042039E-01
  2.861000E+03  7.547186E-01
  2.861500E+03  9.004304E-01
  2.862000E+03  1.040282E+00
  2.862500E+03  1.173163E+00
  2.863000E+03  1.297903E+00
  2.863500E+03  1.413285E+00
  2.864000E+03  1.518050E+00
  2.864500E+03  1.610915E+00
  2.865000E+03  1.690595E+00
  2.865500E+03  1.755826E+00
  2.866000E+03  1.805397E+00
  2.866500E+03  1.838183E+00
  2.867000E+03  1.853176E+00
  2.867500E+03  1.849522E+00
  2.868000E+03  1.826554E+00
  2.868500E+03  1.783828E+00
  2.869000E+03  1.721146E+00
  2.869500E+03  1.638588E+00
  2.870000E+03  1.536524E+00
  2.870500E+03  1.415634E+00
  2.871000E+03  1.276912E+00
  2.871500E+03  1.121662E+00
  2.872000E+03  9.514935E-01
  2.872500E+03  7.683003E-01
  2.873000E+03  5.742389E-01
  2.873500E+03  3.716950E-01
  2.874000E+03  1.632455E-01
  2.874500E+03 -4.838582E-02
  2.875000E+03 -2.603770E-01
  2.875500E+03 -4.698604E-01
  2.876000E+03 -6.739763E-01
  2.876500E+03 -8.699287E-01
  2.877000E+03 -1.055038E+00
  2.877500E+03 -1.226795E+00
  2.878000E+03 -1.382907E+00
  2.878500E+03 -1.521340E+00
  2.879000E+03 -1.640361E+00
  2.879500E+03 -1.738562E+00
  2.880000E+03 -1.814888E+00
  2.880500E+03 -1.868646E+00
  2.881000E+03 -1.899515E+00
  2.881500E+03 -1.907542E+00
  2.882000E+03 -1.893128E+00
  2.882500E+03 -1.857015E+00
  2.883000E+03 -1.800252E+00
  2.883500E+03 -1.724169E+00
  2.884000E+03 -1.630336E+00
  2.884500E+03 -1.520522E+00
  2.885000E+03 -1.396650E+00
  2.885500E+03 -1.260754E+00
  2.886000E+03 -1.114928E+00
  2.886500E+03 -9.612862E-01
  2.887000E+03 -8.019186E-01
  2.887500E+03 -6.388542E-01
  2.888000E+03 -4.740269E-01
  2.888500E+03 -3.092478E-01
  2.889000E+03 -1.461834E-01
  2.889500E+03  1.365978E-02
  2.890000E+03  1.689442E-01
  2.890500E+03  3.185036E-01
  2.891000E+03  4.613392E-01
  2.891500E+03  5.966109E-01
  2.892000E+03  7.236233E-01
  2.892500E+03  8.418080E-01
  2.893000E+03  9.507035E-01
  2.893500E+03  1.049933E+00
  2.894000E+03  1.139182E+00
  2.894500E+03  1.218177E+00
  2.895000E+03  1.286667E+00
  2.895500E+03  1.344404E+00
  2.896000E+03  1.391134E+00
  2.896500E+03  1.426585E+00
  2.897000E+03  1.450466E+00
  2.897500E+03  1.462471E+00
  2.898000E+03  1.462283E+00
  2.898500E+03  1.449590E+00
  2.899000E+03  1.424101E+00
  2.899500E+03  1.385572E+00
  2.900000E+03  1.333824E+00
  2.900500E+03  1.268779E+00
  2.901000E+03  1.190482E+00
  2.901500E+03  1.099135E+00
  2.902000E+03  9.951165E-01
  2.902500E+03  8.790124E-01
  2.903000E+03  7.516309E-01
  2.903500E+03  6.140176E-01
  2.904000E+03  4.674623E-01
  2.904500E+03  3.134990E-01
  2.905000E+03  1.538976E-01
  2.905500E+03 -9.352810E-03
  2.906000E+03 -1.740691E-01
  2.906500E+03 -3.379073E-01
  2.907000E+03 -4.984034E-01
  2.907500E+03 -6.530209E-01
  2.908000E+03 -7.992040E-01
  2.908500E+03 -9.344354E-01
  2.909000E+03 -1.056296E+00
  2.909500E+03 -1.162525E+00
  2.910000E+03 -1.251084E+00
  2.910500E+03 -1.320208E+00
  2.911000E+03 -1.368465E+00
  2.911500E+03 -1.394796E+00
  2.912000E+03 -1.398558E+00
  2.912500E+03 -1.379552E+00
  2.913000E+03 -1.338040E+00
  2.913500E+03 -1.274754E+00
  2.914000E+03 -1.190887E+00
  2.914500E+03 -1.088082E+00
  2.915000E+03 -9.683962E-01
  2.915500E+03 -8.342661E-01
  2.916000E+03 -6.884526E-01
  2.916500E+03 -5.339822E-01
  2.917000E+03 -3.740788E-01
  2.917500E+03 -2.120893E-01
  2.918000E+03 -5.140585E-02
  2.918500E+03  1.046142E-01
  2.919000E+03  2.527280E-01
  2.919500E+03  3.898841E-01
  2.920000E+03  5.132951E-01
  2.920500E+03  6.205037E-01
  2.921000E+03  7.094402E-01
  2.921500E+03  7.784702E-01
  2.922000E+03  8.264311E-01
  2.922500E+03  8.526566E-01
  2.923000E+03  8.569885E-01
  2.923500E+03  8.397755E-01
  2.924000E+03  8.018597E-01
  2.924500E+03  7.445504E-01
  2.925000E+03  6.695871E-01
  2.925500E+03  5.790920E-01
  2.926000E+03  4.755142E-01
  2.926500E+03  3.615666E-01
  2.927000E+03  2.401574E-01
  2.927500E+03  1.143188E-01
  2.928000E+03 -1.286641E-02
  2.928500E+03 -1.383367E-01
  2.929000E+03 -2.591221E-01
  2.929500E+03 -3.724101E-01
  2.930000E+03 -4.756055E-01
  2.930500E+03 -5.663838E-01
  2.931000E+03 -6.427357E-01
  2.931500E+03 -7.030037E-01
  2.932000E+03 -7.459081E-01
  2.932500E+03 -7.705640E-01
  2.933000E+03 -7.764884E-01
  2.933500E+03 -7.635982E-01
  2.934000E+03 -7.321987E-01
  2.934500E+03 -6.829649E-01
  2.935000E+03 -6.169148E-01
  2.935500E+03 -5.353771E-01
  2.936000E+03 -4.399540E-01
  2.936500E+03 -3.324800E-01
  2.937000E+03 -2.149787E-01
  2.937500E+03 -8.961727E-02
  2.938000E+03  4.133785E-02
  2.938500E+03  1.755655E-01
  2.939000E+03  3.107322E-01
  2.939500E+03  4.445317E-01
  2.940000E+03  5.747219E-01
  2.940500E+03  6.991578E-01
  2.941000E+03  8.158203E-01
  2.941500E+03  9.228416E-01
  2.942000E+03  1.018525E+00
  2.942500E+03  1.101363E+00
  2.943000E+03  1.170050E+00
  2.943500E+03  1.223488E+00
  2.944000E+03  1.260797E+00
  2.944500E+03  1.281319E+00
  2.945000E+03  1.284611E+00
  2.945500E+03  1.270453E+00
  2.946000E+03  1.238837E+00
  2.946500E+03  1.189968E+00
  2.947000E+03  1.124253E+00
  2.947500E+03  1.042298E+00
  2.948000E+03  9.448996E-01
  2.948500E+03  8.330333E-01
  2.949000E+03  7.078477E-01
  2.949500E+03  5.706532E-01
  2.950000E+03  4.229112E-01
  2.950500E+03  2.662219E-01
  2.951000E+03  1.023122E-01
  2.951500E+03 -6.697906E-02
  2.952000E+03 -2.397160E-01
  2.952500E+03 -4.138826E-01
  2.953000E+03 -5.874008E-01
  2.953500E+03 -7.581501E-01
  2.954000E+03 -9.239888E-01
  2.954500E+03 -1.082777E+00
  2.955000E+03 -1.232398E+00
  2.955500E+03 -1.370789E+00
  2.956000E+03 -1.495959E+00
  2.956500E+03 -1.606020E+00
  2.957000E+03 -1.699216E+00
  2.957500E+03 -1.773943E+00
  2.958000E+03 -1.828778E+00
  2.958500E+03 -1.862507E+00
  2.959000E+03 -1.874145E+00
  2.959500E+03 -1.862957E+00
  2.960000E+03 -1.828482E+00
  2.960500E+03 -1.770547E+00
  2.961000E+03 -1.689279E+00
  2.961500E+03 -1.585120E+00
  2.962000E+03 -1.458829E+00
  2.962500E+03 -1.311487E+00
  2.963000E+03 -1.144495E+00
  2.963500E+03 -9.595631E-01
  2.964000E+03 -7.587038E-01
  2.964500E+03 -5.442125E-01
  2.965000E+03 -3.186467E-01
  2.965500E+03 -8.479906E-02
  2.966000E+03  1.543337E-01
  2.966500E+03  3.955872E-01
  2.967000E+03  6.356692E-01
  2.967500E+03  8.712048E-01
  2.968000E+03  1.098783E+00
  2.968500E+03  1.315010E+00
  2.969000E+03  1.516559E+00
  2.969500E+03  1.700226E+00
  2.970000E+03  1.862987E+00
  2.970500E+03  2.002050E+00
  2.971000E+03  2.114910E+00
  2.971500E+03  2.199400E+00
  2.972000E+03  2.253740E+00
  2.972500E+03  2.276580E+00
  2.973000E+03  2.267035E+00
  2.973500E+03  2.224721E+00
  2.974000E+03  2.149777E+00
  2.974500E+03  2.042878E+00
  2.975000E+03  1.905242E+00
  2.975500E+03  1.738626E+00
  2.976000E+03  1.545313E+00
  2.976500E+03  1.328083E+00
  2.977000E+03  1.090180E+00
  2.977500E+03  8.352657E-01
  2.978000E+03  5.673615E-01
  2.978500E+03  2.907849E-01
  2.979000E+03  1.007552E-02
  2.979500E+03 -2.700855E-01
  2.980000E+03 -5.449611E-01
  2.980500E+03 -8.098476E-01
  2.981000E+03 -1.060166E+00
  2.981500E+03 -1.291555E+00
  2.982000E+03 -1.499956E+00
  2.982500E+03 -1.681702E+00
  2.983000E+03 -1.833595E+00
  2.983500E+03 -1.952975E+00
  2.984000E+03 -2.037782E+00
  2.984500E+03 -2.086603E+00
  2.985000E+03 -2.098705E+00
  2.985500E+03 -2.074063E+00
  2.986000E+03 -2.013357E+00
  2.986500E+03 -1.917970E+00
  2.987000E+03 -1.789955E+00
  2.987500E+03 -1.632003E+00
  2.988000E+03 -1.447382E+00
  2.988500E+03 -1.239872E+00
  2.989000E+03 -1.013684E+00
  2.989500E+03 -7.733703E-01
  2.990000E+03 -5.237291E-01
  2.990500E+03 -2.696984E-01
  2.991000E+03 -1.625141E-02
  2.991500E+03  2.317099E-01
  2.992000E+03  4.694596E-01
  2.992500E+03  6.925475E-01
  2.993000E+03  8.968918E-01
  2.993500E+03  1.078862E+00
  2.994000E+03  1.235351E+00
  2.994500E+03  1.363834E+00
  2.995000E+03  1.462412E+00
  2.995500E+03  1.529844E+00
  2.996000E+03  1.565554E+00
  2.996500E+03  1.569635E+00
  2.997000E+03  1.542826E+00
  2.997500E+03  1.486482E+00
  2.998000E+03  1.402525E+00
  2.998500E+03  1.293384E+00
  2.999000E+03  1.161928E+00
  2.999500E+03  1.011389E+00
  3.000000E+03  8.452722E-01
  3.000500E+03  6.672763E-01
  3.001000E+03  4.811986E-01
  3.001500E+03  2.908495E-01
  3.002000E+03  9.996805E-02
  3.002500E+03 -8.785774E-02
  3.003000E+03 -2.692622E-01
  3.003500E+03 -4.411648E-01
  3.004000E+03 -6.008227E-01
  3.004500E+03 -7.458714E-01
  3.005000E+03 -8.743549E-01
  3.005500E+03 -9.847424E-01
  3.006000E+03 -1.075934E+00
  3.006500E+03 -1.147253E+00
  3.007000E+03 -1.198434E+00
  3.007500E+03 -1.229591E+00
  3.008000E+03 -1.241189E+00
  3.008500E+03 -1.233998E+00
  3.009000E+03 -1.209054E+00
  3.009500E+03 -1.167606E+00
  3.010000E+03 -1.111067E+00
  3.010500E+03 -1.040968E+00
  3.011000E+03 -9.589086E-01
  3.011500E+03 -8.665133E-01
  3.012000E+03 -7.653942E-01
  3.012500E+03 -6.571169E-01
  3.013000E+03 -5.431745E-01
  3.013500E+03 -4.249677E-01
  3.014000E+03 -3.037920E-01
  3.014500E+03 -1.808326E-01
  3.015000E+03 -5.716430E-02
  3.015500E+03  6.624107E-02
  3.016000E+03  1.885036E-01
  3.016500E+03  3.088198E-01
  3.017000E+03  4.264441E-01
  3.017500E+03  5.406693E-01
  3.018000E+03  6.508069E-01
  3.018500E+03  7.561679E-01
  3.019000E+03  8.560460E-01
  3.019500E+03  9.497048E-01
  3.020000E+03  1.036368E+00
  3.020500E+03  1.115216E+00
  3.021000E+03  1.185384E+00
  3.021500E+03  1.245974E+00
  3.022000E+03  1.296061E+00
  3.022500E+03  1.334714E+00
  3.023000E+03  1.361016E+00
  3.023500E+03  1.374092E+00
  3.024000E+03  1.373137E+00
  3.024500E+03  1.357448E+00
  3.025000E+03  1.326455E+00
  3.025500E+03  1.279753E+00
  3.026000E+03  1.217131E+00
  3.026500E+03  1.138603E+00
  3.027000E+03  1.044425E+00
  3.027500E+03  9.351150E-01
  3.028000E+03  8.114643E-01
  3.028500E+03  6.745419E-01
  3.029000E+03  5.256905E-01
  3.029500E+03  3.665162E-01
  3.030000E+03  1.988699E-01
  3.030500E+03  2.482151E-02
  3.031000E+03 -1.533732E-01
  3.031500E+03 -3.333109E-01
  3.032000E+03 -5.124857E-01
  3.032500E+03 -6.883361E-01
  3.033000E+03 -8.582971E-01
  3.033500E+03 -1.019851E+00
  3.034000E+03 -1.170582E+00
  3.034500E+03 -1.308222E+00
  3.035000E+03 -1.430703E+00
  3.035500E+03 -1.536199E+00
  3.036000E+03 -1.623159E+00
  3.036500E+03 -1.690346E+00
  3.037000E+03 -1.736853E+00
  3.037500E+03 -1.762124E+00
  3.038000E+03 -1.765957E+00
  3.038500E+03 -1.748505E+00
  3.039000E+03 -1.710266E+00
  3.039500E+03 -1.652065E+00
  3.040000E+03 -1.575030E+00
  3.040500E+03 -1.480559E+00
  3.041000E+03 -1.370285E+00
  3.041500E+03 -1.246033E+00
  3.042000E+03 -1.109780E+00
  3.042500E+03 -9.636059E-01
  3.043000E+03 -8.096501E-01
  3.043500E+03 -6.500656E-01
  3.044000E+03 -4.869773E-01
  3.044500E+03 -3.224432E-01
  3.045000E+03 -1.584196E-01
  3.045500E+03  3.267838E-03
  3.046000E+03  1.609483E-01
  3.046500E+03  3.131229E-01
  3.047000E+03  4.584764E-01
  3.047500E+03  5.958820E-01
  3.048000E+03  7.244009E-01
  3.048500E+03  8.432765E-01
  3.049000E+03  9.519233E-01
  3.049500E+03  1.049913E+00
  3.050000E+03  1.136955E+00
  3.050500E+03  1.212879E+00
  3.051000E+03  1.277616E+00
  3.051500E+03  1.331170E+00
  3.052000E+03  1.373610E+00
  3.052500E+03  1.405039E+00
  3.053000E+03  1.425591E+00
  3.053500E+03  1.435410E+00
  3.054000E+03  1.434644E+00
  3.054500E+03  1.423441E+00
  3.055000E+03  1.401948E+00
  3.055500E+03  1.370312E+00
  3.056000E+03  1.328685E+00
  3.056500E+03  1.277240E+00
  3.057000E+03  1.216172E+00
  3.057500E+03  1.145723E+00
  3.058000E+03  1.066186E+00
  3.058500E+03  9.779263E-01
  3.059000E+03  8.813929E-01
  3.059500E+03  7.771304E-01
  3.060000E+03  6.657900E-01
  3.060500E+03  5.481360E-01
  3.061000E+03  4.250493E-01
  3.061500E+03  2.975273E-01
  3.062000E+03  1.666791E-01
  3.062500E+03  3.371644E-02
  3.063000E+03 -1.000591E-01
  3.063500E+03 -2.332738E-01
  3.064000E+03 -3.645019E-01
  3.064500E+03 -4.922902E-01
  3.065000E+03 -6.151837E-01
  3.065500E+03 -7.317534E-01
  3.066000E+03 -8.406252E-01
  3.066500E+03 -9.405081E-01
  3.067000E+03 -1.030222E+00
  3.067500E+03 -1.108721E+00
  3.068000E+03 -1.175122E+00
  3.068500E+03 -1.228714E+00
  3.069000E+03 -1.268986E+00
  3.069500E+03 -1.295624E+00
  3.070000E+03 -1.308530E+00
  3.070500E+03 -1.307812E+00
  3.071000E+03 -1.293786E+00
  3.071500E+03 -1.266964E+00
  3.072000E+03 -1.228040E+00
  3.072500E+03 -1.177873E+00
  3.073000E+03 -1.117465E+00
  3.073500E+03 -1.047935E+00
  3.074000E+03 -9.704939E-01
  3.074500E+03 -8.864151E-01
  3.075000E+03 -7.970069E-01
  3.075500E+03 -7.035838E-01
  3.076000E+03 -6.074394E-01
  3.076500E+03 -5.098216E-01
  3.077000E+03 -4.119098E-01
  3.077500E+03 -3.147955E-01
  3.078000E+03 -2.194665E-01
  3.078500E+03 -1.267952E-01
  3.079000E+03 -3.752996E-02
  3.079500E+03  4.770816E-02
  3.080000E+03  1.284259E-01
  3.080500E+03  2.042538E-01
  3.081000E+03  2.749397E-01
  3.081500E+03  3.403383E-01
  3.082000E+03  4.003993E-01
  3.082500E+03  4.551538E-01
  3.083000E+03  5.046985E-01
  3.083500E+03  5.491810E-01
  3.084000E+03  5.887837E-01
  3.084500E+03  6.237095E-01
  3.085000E+03  6.541681E-01
  3.085500E+03  6.803640E-01
  3.086000E+03  7.024868E-01
  3.086500E+03  7.207039E-01
  3.087000E+03  7.351544E-01
  3.087500E+03  7.459475E-01
  3.088000E+03  7.531611E-01
  3.088500E+03  7.568447E-01
  3.089000E+03  7.570227E-01
  3.089500E+03  7.537001E-01
  3.090000E+03  7.468697E-01
  3.090500E+03  7.365196E-01
  3.091000E+03  7.226419E-01
  3.091500E+03  7.052401E-01
  3.092000E+03  6.843380E-01
  3.092500E+03  6.599854E-01
  3.093000E+03  6.322646E-01
  3.093500E+03  6.012944E-01
  3.094000E+03  5.672319E-01
  3.094500E+03  5.302736E-01
  3.095000E+03  4.906533E-01
  3.095500E+03  4.486392E-01
  3.096000E+03  4.045281E-01
  3.096500E+03  3.586386E-01
  3.097000E+03  3.113031E-01
  3.097500E+03  2.628584E-01
  3.098000E+03  2.136357E-01
  3.098500E+03  1.639509E-01
  3.099000E+03  1.140951E-01
  3.099500E+03  6.432537E-02
  3.100000E+03  1.485719E-02
  3.100500E+03 -3.414140E-02
  3.101000E+03 -8.255399E-02
  3.101500E+03 -1.303175E-01
  3.102000E+03 -1.774213E-01
  3.102500E+03 -2.239042E-01
  3.103000E+03 -2.698479E-01
  3.103500E+03 -3.153690E-01
  3.104000E+03 -3.606072E-01
  3.104500E+03 -4.057130E-01
  3.105000E+03 -4.508324E-01
  3.105500E+03 -4.960910E-01
  3.106000E+03 -5.415768E-01
  3.106500E+03 -5.873239E-01
  3.107000E+03 -6.332958E-01
  3.107500E+03 -6.793701E-01
  3.108000E+03 -7.253256E-01
  3.108500E+03 -7.708311E-01
  3.109000E+03 -8.154381E-01
  3.109500E+03 -8.585768E-01
  3.110000E+03 -8.995562E-01
  3.110500E+03 -9.375685E-01
  3.111000E+03 -9.716986E-01
  3.111500E+03 -1.000938E+00
  3.112000E+03 -1.024203E+00
  3.112500E+03 -1.040359E+00
  3.113000E+03 -1.048245E+00
  3.113500E+03 -1.046706E+00
  3.114000E+03 -1.034629E+00
  3.114500E+03 -1.010972E+00
  3.115000E+03 -9.748047E-01
  3.115500E+03 -9.253452E-01
  3.116000E+03 -8.619940E-01
  3.116500E+03 -7.843685E-01
  3.117000E+03 -6.923329E-01
  3.117500E+03 -5.860244E-01
  3.118000E+03 -4.658742E-01
  3.118500E+03 -3.326223E-01
  3.119000E+03 -1.873250E-01
  3.119500E+03 -3.135564E-02
  3.120000E+03  1.336034E-01
  3.120500E+03  3.055761E-01
  3.121000E+03  4.823173E-01
  3.121500E+03  6.613442E-01
  3.122000E+03  8.399760E-01
  3.122500E+03  1.015380E+00
  3.123000E+03  1.184626E+00
  3.123500E+03  1.344738E+00
  3.124000E+03  1.492763E+00
  3.124500E+03  1.625826E+00
  3.125000E+03  1.741198E+00
  3.125500E+03  1.836361E+00
  3.126000E+03  1.909063E+00
  3.126500E+03  1.957377E+00
  3.127000E+03  1.979753E+00
  3.127500E+03  1.975061E+00
  3.128000E+03  1.942625E+00
  3.128500E+03  1.882252E+00
  3.129000E+03  1.794246E+00
  3.129500E+03  1.679416E+00
  3.130000E+03  1.539070E+00
  3.130500E+03  1.374994E+00
  3.131000E+03  1.189432E+00
  3.131500E+03  9.850417E-01
  3.132000E+03  7.648513E-01
  3.132500E+03  5.322011E-01
  3.133000E+03  2.906815E-01
  3.133500E+03  4.406356E-02
  3.134000E+03 -2.037738E-01
  3.134500E+03 -4.489198E-01
  3.135000E+03 -6.875078E-01
  3.135500E+03 -9.157909E-01
  3.136000E+03 -1.130214E+00
  3.136500E+03 -1.327482E+00
  3.137000E+03 -1.504621E+00
  3.137500E+03 -1.659035E+00
  3.138000E+03 -1.788547E+00
  3.138500E+03 -1.891440E+00
  3.139000E+03 -1.966483E+00
  3.139500E+03 -2.012940E+00
  3.140000E+03 -2.030584E+00
  3.140500E+03 -2.019684E+00
  3.141000E+03 -1.980990E+00
  3.141500E+03 -1.915711E+00
  3.142000E+03 -1.825475E+00
  3.142500E+03 -1.712290E+00
  3.143000E+03 -1.578492E+00
  3.143500E+03 -1.426695E+00
  3.144000E+03 -1.259731E+00
  3.144500E+03 -1.080586E+00
  3.145000E+03 -8.923464E-01
  3.145500E+03 -6.981307E-01
  3.146000E+03 -5.010357E-01
  3.146500E+03 -3.040784E-01
  3.147000E+03 -1.101451E-01
  3.147500E+03  7.805542E-02
  3.148000E+03  2.580326E-01
  3.148500E+03  4.275480E-01
  3.149000E+03  5.846427E-01
  3.149500E+03  7.276579E-01
  3.150000E+03  8.552474E-01
  3.150500E+03  9.663843E-01
  3.151000E+03  1.060360E+00
  3.151500E+03  1.136779E+00
  3.152000E+03  1.195542E+00
  3.152500E+03  1.236836E+00
  3.153000E+03  1.261105E+00
  3.153500E+03  1.269028E+00
  3.154000E+03  1.261491E+00
  3.154500E+03  1.239556E+00
  3.155000E+03  1.204430E+00
  3.155500E+03  1.157432E+00
  3.156000E+03  1.099965E+00
  3.156500E+03  1.033479E+00
  3.157000E+03  9.594485E-01
  3.157500E+03  8.793388E-01
  3.158000E+03  7.945855E-01
  3.158500E+03  7.065699E-01
  3.159000E+03  6.165998E-01
  3.159500E+03  5.258935E-01
  3.160000E+03  4.355658E-01
  3.160500E+03  3.466187E-01
  3.161000E+03  2.599343E-01
  3.161500E+03  1.762711E-01
  3.162000E+03  9.626341E-02
  3.162500E+03  2.042322E-02
  3.163000E+03 -5.085508E-02
  3.163500E+03 -1.172878E-01
  3.164000E+03 -1.786934E-01
  3.164500E+03 -2.349816E-01
  3.165000E+03 -2.861420E-01
  3.165500E+03 -3.322311E-01
  3.166000E+03 -3.733596E-01
  3.166500E+03 -4.096784E-01
  3.167000E+03 -4.413659E-01
  3.167500E+03 -4.686151E-01
  3.168000E+03 -4.916222E-01
  3.168500E+03 -5.105760E-01
  3.169000E+03 -5.256491E-01
  3.169500E+03 -5.369911E-01
  3.170000E+03 -5.447227E-01
  3.170500E+03 -5.489339E-01
  3.171000E+03 -5.496822E-01
  3.171500E+03 -5.469949E-01
  3.172000E+03 -5.408721E-01
  3.172500E+03 -5.312932E-01
  3.173000E+03 -5.182236E-01
  3.173500E+03 -5.016245E-01
  3.174000E+03 -4.814628E-01
  3.174500E+03 -4.577228E-01
  3.175000E+03 -4.304172E-01
  3.175500E+03 -3.995989E-01
  3.176000E+03 -3.653719E-01
  3.176500E+03 -3.279010E-01
  3.177000E+03 -2.874204E-01
  3.177500E+03 -2.442394E-01
  3.178000E+03 -1.987468E-01
  3.178500E+03 -1.514118E-01
  3.179000E+03 -1.027819E-01
  3.179500E+03 -5.347827E-02
  3.180000E+03 -4.186896E-03
  3.180500E+03  4.435229E-02
  3.181000E+03  9.136008E-02
  3.181500E+03  1.360350E-01
  3.182000E+03  1.775726E-01
  3.182500E+03  2.151864E-01
  3.183000E+03  2.481305E-01
  3.183500E+03  2.757219E-01
  3.184000E+03  2.973628E-01
  3.184500E+03  3.125628E-01
  3.185000E+03  3.209577E-01
  3.185500E+03  3.223272E-01
  3.186000E+03  3.166090E-01
  3.186500E+03  3.039084E-01
  3.187000E+03  2.845048E-01
  3.187500E+03  2.588526E-01
  3.188000E+03  2.275774E-01
  3.188500E+03  1.914667E-01
  3.189000E+03  1.514566E-01
  3.189500E+03  1.086123E-01
  3.190000E+03  6.410506E-02
  3.190500E+03  1.918479E-02
  3.191000E+03 -2.485055E-02
  3.191500E+03 -6.668806E-02
  3.192000E+03 -1.050348E-01
  3.192500E+03 -1.386529E-01
  3.193000E+03 -1.663953E-01
  3.193500E+03 -1.872386E-01
  3.194000E+03 -2.003155E-01
  3.194500E+03 -2.049418E-01
  3.195000E+03 -2.006409E-01
  3.195500E+03 -1.871625E-01
  3.196000E+03 -1.644958E-01
  3.196500E+03 -1.328766E-01
  3.197000E+03 -9.278779E-02
  3.197500E+03 -4.495396E-02
  3.198000E+03  9.671475E-03
  3.198500E+03  6.992478E-02
  3.199000E+03  1.344565E-01
  3.199500E+03  2.017611E-01
  3.200000E+03  2.702118E-01
  3.200500E+03  3.380981E-01
  3.201000E+03  4.036670E-01
  3.201500E+03  4.651651E-01
  3.202000E+03  5.208817E-01
  3.202500E+03  5.691914E-01
  3.203000E+03  6.085948E-01
  3.203500E+03  6.377566E-01
  3.204000E+03  6.555403E-01
  3.204500E+03  6.610379E-01
  3.205000E+03  6.535949E-01
  3.205500E+03  6.328293E-01
  3.206000E+03  5.986439E-01
  3.206500E+03  5.512325E-01
  3.207000E+03  4.910793E-01
  3.207500E+03  4.189515E-01
  3.208000E+03  3.358859E-01
  3.208500E+03  2.431688E-01
  3.209000E+03  1.423112E-01
  3.209500E+03  3.501827E-02
  3.210000E+03 -7.684468E-02
  3.210500E+03 -1.912899E-01
  3.211000E+03 -3.062472E-01
  3.211500E+03 -4.196060E-01
  3.212000E+03 -5.292573E-01
  3.212500E+03 -6.331359E-01
  3.213000E+03 -7.292617E-01
  3.213500E+03 -8.157783E-01
  3.214000E+03 -8.909898E-01
  3.214500E+03 -9.533936E-01
  3.215000E+03 -1.001710E+00
  3.215500E+03 -1.034905E+00
  3.216000E+03 -1.052212E+00
  3.216500E+03 -1.053148E+00
  3.217000E+03 -1.037518E+00
  3.217500E+03 -1.005422E+00
  3.218000E+03 -9.572556E-01
  3.218500E+03 -8.936984E-01
  3.219000E+03 -8.157066E-01
  3.219500E+03 -7.244939E-01
  3.220000E+03 -6.215117E-01
  3.220500E+03 -5.084235E-01
  3.221000E+03 -3.870761E-01
  3.221500E+03 -2.594680E-01
  3.222000E+03 -1.277151E-01
  3.222500E+03  5.986418E-03
  3.223000E+03  1.393972E-01
  3.223500E+03  2.702741E-01
  3.224000E+03  3.964087E-01
  3.224500E+03  5.156663E-01
  3.225000E+03  6.260234E-01
  3.225500E+03  7.256036E-01
  3.226000E+03  8.127115E-01
  3.226500E+03  8.858638E-01
  3.227000E+03  9.438170E-01
  3.227500E+03  9.855911E-01
  3.228000E+03  1.010490E+00
  3.228500E+03  1.018115E+00
  3.229000E+03  1.008376E+00
  3.229500E+03  9.814953E-01
  3.230000E+03  9.380080E-01
  3.230500E+03  8.787530E-01
  3.231000E+03  8.048625E-01
  3.231500E+03  7.177434E-01
  3.232000E+03  6.190540E-01
  3.232500E+03  5.106759E-01
  3.233000E+03  3.946802E-01
  3.233500E+03  2.732906E-01
  3.234000E+03  1.488422E-01
  3.234500E+03  2.373725E-02
  3.235000E+03 -9.960020E-02
  3.235500E+03 -2.187721E-01
  3.236000E+03 -3.314539E-01
  3.236500E+03 -4.354411E-01
  3.237000E+03 -5.286949E-01
  3.237500E+03 -6.093847E-01
  3.238000E+03 -6.759270E-01
  3.238500E+03 -7.270198E-01
  3.239000E+03 -7.616720E-01
  3.239500E+03 -7.792261E-01
  3.240000E+03 -7.793743E-01
  3.240500E+03 -7.621681E-01
  3.241000E+03 -7.280189E-01
  3.241500E+03 -6.776924E-01
  3.242000E+03 -6.122941E-01
  3.242500E+03 -5.332474E-01
  3.243000E+03 -4.422656E-01
  3.243500E+03 -3.413157E-01
  3.244000E+03 -2.325776E-01
  3.244500E+03 -1.183975E-01
  3.245000E+03 -1.237607E-03
  3.245500E+03  1.163766E-01
  3.246000E+03  2.319115E-01
  3.246500E+03  3.428801E-01
  3.247000E+03  4.468965E-01
  3.247500E+03  5.417271E-01
  3.248000E+03  6.253394E-01
  3.248500E+03  6.959455E-01
  3.249000E+03  7.520394E-01
  3.249500E+03  7.924291E-01
  3.250000E+03  8.162596E-01
  3.250500E+03  8.230288E-01
  3.251000E+03  8.125954E-01
  3.251500E+03  7.851774E-01
  3.252000E+03  7.413430E-01
  3.252500E+03  6.819931E-01
  3.253000E+03  6.083364E-01
  3.253500E+03  5.218579E-01
  3.254000E+03  4.242809E-01
  3.254500E+03  3.175249E-01
  3.255000E+03  2.036596E-01
  3.255500E+03  8.485613E-02
  3.256000E+03 -3.666229E-02
  3.256500E+03 -1.586696E-01
  3.257000E+03 -2.789847E-01
  3.257500E+03 -3.955163E-01
  3.258000E+03 -5.063043E-01
  3.258500E+03 -6.095556E-01
  3.259000E+03 -7.036750E-01
  3.259500E+03 -7.872893E-01
  3.260000E+03 -8.592647E-01
  3.260500E+03 -9.187178E-01
  3.261000E+03 -9.650190E-01
  3.261500E+03 -9.977897E-01
  3.262000E+03 -1.016893E+00
  3.262500E+03 -1.022419E+00
  3.263000E+03 -1.014667E+00
  3.263500E+03 -9.941171E-01
  3.264000E+03 -9.614104E-01
  3.264500E+03 -9.173163E-01
  3.265000E+03 -8.627052E-01
  3.265500E+03 -7.985202E-01
  3.266000E+03 -7.257496E-01
  3.266500E+03 -6.454021E-01
  3.267000E+03 -5.584853E-01
  3.267500E+03 -4.659874E-01
  3.268000E+03 -3.688636E-01
  3.268500E+03 -2.680264E-01
  3.269000E+03 -1.643410E-01
  3.269500E+03 -5.862427E-02
  3.270000E+03  4.835110E-02
  3.270500E+03  1.558500E-01
  3.271000E+03  2.631648E-01
  3.271500E+03  3.696030E-01
  3.272000E+03  4.744742E-01
  3.272500E+03  5.770763E-01
  3.273000E+03  6.766822E-01
  3.273500E+03  7.725288E-01
  3.274000E+03  8.638075E-01
  3.274500E+03  9.496588E-01
  3.275000E+03  1.029170E+00
  3.275500E+03  1.101378E+00
  3.276000E+03  1.165276E+00
  3.276500E+03  1.219825E+00
  3.277000E+03  1.263974E+00
  3.277500E+03  1.296674E+00
  3.278000E+03  1.316910E+00
  3.278500E+03  1.323725E+00
  3.279000E+03  1.316252E+00
  3.279500E+03  1.293745E+00
  3.280000E+03  1.255614E+00
  3.280500E+03  1.201451E+00
  3.281000E+03  1.131065E+00
  3.281500E+03  1.044506E+00
  3.282000E+03  9.420856E-01
  3.282500E+03  8.243947E-01
  3.283000E+03  6.923154E-01
  3.283500E+03  5.470233E-01
  3.284000E+03  3.899846E-01
  3.284500E+03  2.229452E-01
  3.285000E+03  4.791191E-02
  3.285500E+03 -1.328729E-01
  3.286000E+03 -3.169647E-01
  3.286500E+03 -5.017557E-01
  3.287000E+03 -6.845192E-01
  3.287500E+03 -8.624594E-01
  3.288000E+03 -1.032763E+00
  3.288500E+03 -1.192654E+00
  3.289000E+03 -1.339449E+00
  3.289500E+03 -1.470610E+00
  3.290000E+03 -1.583800E+00
  3.290500E+03 -1.676930E+00
  3.291000E+03 -1.748201E+00
  3.291500E+03 -1.796149E+00
  3.292000E+03 -1.819673E+00
  3.292500E+03 -1.818059E+00
  3.293000E+03 -1.791003E+00
  3.293500E+03 -1.738614E+00
  3.294000E+03 -1.661418E+00
  3.294500E+03 -1.560351E+00
  3.295000E+03 -1.436740E+00
  3.295500E+03 -1.292285E+00
  3.296000E+03 -1.129028E+00
  3.296500E+03 -9.493142E-01
  3.297000E+03 -7.557555E-01
  3.297500E+03 -5.511826E-01
  3.298000E+03 -3.385975E-01
  3.298500E+03 -1.211233E-01
  3.299000E+03  9.804748E-02
  3.299500E+03  3.157047E-01
  3.300000E+03  5.286715E-01
  3.300500E+03  7.338533E-01
  3.301000E+03  9.282850E-01
  3.301500E+03  1.109174E+00
  3.302000E+03  1.273941E+00
  3.302500E+03  1.420256E+00
  3.303000E+03  1.546066E+00
  3.303500E+03  1.649629E+00
  3.304000E+03  1.729529E+00
  3.304500E+03  1.784697E+00
  3.305000E+03  1.814418E+00
  3.305500E+03  1.818347E+00
  3.306000E+03  1.796500E+00
  3.306500E+03  1.749262E+00
  3.307000E+03  1.677372E+00
  3.307500E+03  1.581919E+00
  3.308000E+03  1.464321E+00
  3.308500E+03  1.326309E+00
  3.309000E+03  1.169902E+00
  3.309500E+03  9.973837E-01
  3.310000E+03  8.112678E-01
  3.310500E+03  6.142695E-01
  3.311000E+03  4.092667E-01
  3.311500E+03  1.992625E-01
  3.312000E+03 -1.265629E-02
  3.312500E+03 -2.233617E-01
  3.313000E+03 -4.297291E-01
  3.313500E+03 -6.286826E-01
  3.314000E+03 -8.172410E-01
  3.314500E+03 -9.925634E-01
  3.315000E+03 -1.151994E+00
  3.315500E+03 -1.293106E+00
  3.316000E+03 -1.413741E+00
  3.316500E+03 -1.512050E+00
  3.317000E+03 -1.586523E+00
  3.317500E+03 -1.636022E+00
  3.318000E+03 -1.659803E+00
  3.318500E+03 -1.657534E+00
  3.319000E+03 -1.629306E+00
  3.319500E+03 -1.575639E+00
  3.320000E+03 -1.497472E+00
  3.320500E+03 -1.396159E+00
  3.321000E+03 -1.273445E+00
  3.321500E+03 -1.131440E+00
  3.322000E+03 -9.725844E-01
  3.322500E+03 -7.996089E-01
  3.323000E+03 -6.154842E-01
  3.323500E+03 -4.233699E-01
  3.324000E+03 -2.265562E-01
  3.324500E+03 -2.840292E-02
  3.325000E+03  1.677229E-01
  3.325500E+03  3.585113E-01
  3.326000E+03  5.407722E-01
  3.326500E+03  7.114964E-01
  3.327000E+03  8.679133E-01
  3.327500E+03  1.007544E+00
  3.328000E+03  1.128249E+00
  3.328500E+03  1.228266E+00
  3.329000E+03  1.306244E+00
  3.329500E+03  1.361267E+00
  3.330000E+03  1.392865E+00
  3.330500E+03  1.401023E+00
  3.331000E+03  1.386170E+00
  3.331500E+03  1.349167E+00
  3.332000E+03  1.291284E+00
  3.332500E+03  1.214163E+00
  3.333000E+03  1.119779E+00
  3.333500E+03  1.010391E+00
  3.334000E+03  8.884899E-01
  3.334500E+03  7.567381E-01
  3.335000E+03  6.179090E-01
  3.335500E+03  4.748237E-01
  3.336000E+03  3.302881E-01
  3.336500E+03  1.870312E-01
  3.337000E+03  4.764608E-02
  3.337500E+03 -8.546427E-02
  3.338000E+03 -2.101359E-01
  3.338500E+03 -3.244861E-01
  3.339000E+03 -4.269480E-01
  3.339500E+03 -5.162965E-01
  3.340000E+03 -5.916658E-01
  3.340500E+03 -6.525566E-01
  3.341000E+03 -6.988358E-01
  3.341500E+03 -7.307247E-01
  3.342000E+03 -7.487807E-01
  3.342500E+03 -7.538692E-01
  3.343000E+03 -7.471291E-01
  3.343500E+03 -7.299314E-01
  3.344000E+03 -7.038334E-01
  3.344500E+03 -6.705282E-01
  3.345000E+03 -6.317920E-01
  3.345500E+03 -5.894306E-01
  3.346000E+03 -5.452259E-01
  3.346500E+03 -5.008842E-01
  3.347000E+03 -4.579878E-01
  3.347500E+03 -4.179509E-01
  3.348000E+03 -3.819814E-01
  3.348500E+03 -3.510484E-01
  3.349000E+03 -3.258578E-01
  3.349500E+03 -3.068359E-01
  3.350000E+03 -2.941206E-01
  3.350500E+03 -2.875619E-01
  3.351000E+03 -2.867302E-01
  3.351500E+03 -2.909334E-01
  3.352000E+03 -2.992408E-01
  3.352500E+03 -3.105145E-01
  3.353000E+03 -3.234466E-01
  3.353500E+03 -3.366015E-01
  3.354000E+03 -3.484615E-01
  3.354500E+03 -3.574753E-01
  3.355000E+03 -3.621074E-01
  3.355500E+03 -3.608875E-01
  3.356000E+03 -3.524577E-01
  3.356500E+03 -3.356179E-01
  3.357000E+03 -3.093654E-01
  3.357500E+03 -2.729315E-01
  3.358000E+03 -2.258096E-01
  3.358500E+03 -1.677785E-01
  3.359000E+03 -9.891650E-02
  3.359500E+03 -1.960876E-02
  3.360000E+03  6.945378E-02
  3.360500E+03  1.672835E-01
  3.361000E+03  2.726127E-01
  3.361500E+03  3.839175E-01
  3.362000E+03  4.994483E-01
  3.362500E+03  6.172661E-01
  3.363000E+03  7.352830E-01
  3.363500E+03  8.513075E-01
  3.364000E+03  9.630912E-01
  3.364500E+03  1.068378E+00
  3.365000E+03  1.164951E+00
  3.365500E+03  1.250684E+00
  3.366000E+03  1.323585E+00
  3.366500E+03  1.381836E+00
  3.367000E+03  1.423839E+00
  3.367500E+03  1.448242E+00
  3.368000E+03  1.453974E+00
  3.368500E+03  1.440262E+00
  3.369000E+03  1.406651E+00
  3.369500E+03  1.353013E+00
  3.370000E+03  1.279548E+00
  3.370500E+03  1.186787E+00
  3.371000E+03  1.075577E+00
  3.371500E+03  9.470699E-01
  3.372000E+03  8.027026E-01
  3.372500E+03  6.441736E-01
  3.373000E+03  4.734145E-01
  3.373500E+03  2.925595E-01
  3.374000E+03  1.039119E-01
  3.374500E+03 -9.009112E-02
  3.375000E+03 -2.869153E-01
  3.375500E+03 -4.839663E-01
  3.376000E+03 -6.786269E-01
  3.376500E+03 -8.682938E-01
  3.377000E+03 -1.050414E+00
  3.377500E+03 -1.222517E+00
  3.378000E+03 -1.382254E+00
  3.378500E+03 -1.527420E+00
  3.379000E+03 -1.655991E+00
  3.379500E+03 -1.766146E+00
  3.380000E+03 -1.856293E+00
  3.380500E+03 -1.925090E+00
  3.381000E+03 -1.971464E+00
  3.381500E+03 -1.994626E+00
  3.382000E+03 -1.994085E+00
  3.382500E+03 -1.969655E+00
  3.383000E+03 -1.921461E+00
  3.383500E+03 -1.849944E+00
  3.384000E+03 -1.755854E+00
  3.384500E+03 -1.640248E+00
  3.385000E+03 -1.504480E+00
  3.385500E+03 -1.350183E+00
  3.386000E+03 -1.179253E+00
  3.386500E+03 -9.938244E-01
  3.387000E+03 -7.962461E-01
  3.387500E+03 -5.890465E-01
  3.388000E+03 -3.749002E-01
  3.388500E+03 -1.565901E-01
  3.389000E+03  6.303416E-02
  3.389500E+03  2.810988E-01
  3.390000E+03  4.947508E-01
  3.390500E+03  7.012030E-01
  3.391000E+03  8.977789E-01
  3.391500E+03  1.081957E+00
  3.392000E+03  1.251411E+00
  3.392500E+03  1.404051E+00
  3.393000E+03  1.538056E+00
  3.393500E+03  1.651903E+00
  3.394000E+03  1.744395E+00
  3.394500E+03  1.814673E+00
  3.395000E+03  1.862231E+00
  3.395500E+03  1.886919E+00
  3.396000E+03  1.888940E+00
  3.396500E+03  1.868835E+00
  3.397000E+03  1.827471E+00
  3.397500E+03  1.766013E+00
  3.398000E+03  1.685891E+00
  3.398500E+03  1.588770E+00
  3.399000E+03  1.476504E+00
  3.399500E+03  1.351098E+00
  3.400000E+03  1.214658E+00
  3.400500E+03  1.069347E+00
  3.401000E+03  9.173404E-01
  3.401500E+03  7.607826E-01
  3.402000E+03  6.017444E-01
  3.402500E+03  4.421880E-01
  3.403000E+03  2.839353E-01
  3.403500E+03  1.286420E-01
  3.404000E+03 -2.222140E-02
  3.404500E+03 -1.673826E-01
  3.405000E+03 -3.057731E-01
  3.405500E+03 -4.365275E-01
  3.406000E+03 -5.589758E-01
  3.406500E+03 -6.726309E-01
  3.407000E+03 -7.771700E-01
  3.407500E+03 -8.724124E-01
  3.408000E+03 -9.582942E-01
  3.408500E+03 -1.034841E+00
  3.409000E+03 -1.102140E+00
  3.409500E+03 -1.160311E+00
  3.410000E+03 -1.209483E+00
  3.410500E+03 -1.249768E+00
  3.411000E+03 -1.281244E+00
  3.411500E+03 -1.303937E+00
  3.412000E+03 -1.317816E+00
  3.412500E+03 -1.322780E+00
  3.413000E+03 -1.318670E+00
  3.413500E+03 -1.305266E+00
  3.414000E+03 -1.282307E+00
  3.414500E+03 -1.249502E+00
  3.415000E+03 -1.206557E+00
  3.415500E+03 -1.153199E+00
  3.416000E+03 -1.089199E+00
  3.416500E+03 -1.014406E+00
  3.417000E+03 -9.287750E-01
  3.417500E+03 -8.323933E-01
  3.418000E+03 -7.255070E-01
  3.418500E+03 -6.085440E-01
  3.419000E+03 -4.821315E-01
  3.419500E+03 -3.471094E-01
  3.420000E+03 -2.045371E-01
  3.420500E+03 -5.569436E-02
  3.421000E+03  9.792492E-02
  3.421500E+03  2.546255E-01
  3.422000E+03  4.125303E-01
  3.422500E+03  5.696062E-01
  3.423000E+03  7.236961E-01
  3.423500E+03  8.725550E-01
  3.424000E+03  1.013892E+00
  3.424500E+03  1.145412E+00
  3.425000E+03  1.264865E+00
  3.425500E+03  1.370092E+00
  3.426000E+03  1.459070E+00
  3.426500E+03  1.529960E+00
  3.427000E+03  1.581149E+00
  3.427500E+03  1.611287E+00
  3.428000E+03  1.619326E+00
  3.428500E+03  1.604544E+00
  3.429000E+03  1.566571E+00
  3.429500E+03  1.505408E+00
  3.430000E+03  1.421429E+00
  3.430500E+03  1.315393E+00
  3.431000E+03  1.188431E+00
  3.431500E+03  1.042040E+00
  3.432000E+03  8.780610E-01
  3.432500E+03  6.986567E-01
  3.433000E+03  5.062795E-01
  3.433500E+03  3.036362E-01
  3.434000E+03  9.364783E-02
  3.434500E+03 -1.205948E-01
  3.435000E+03 -3.358777E-01
  3.435500E+03 -5.489135E-01
  3.436000E+03 -7.563920E-01
  3.436500E+03 -9.550317E-01
  3.437000E+03 -1.141632E+00
  3.437500E+03 -1.313121E+00
  3.438000E+03 -1.466609E+00
  3.438500E+03 -1.599433E+00
  3.439000E+03 -1.709199E+00
  3.439500E+03 -1.793828E+00
  3.440000E+03 -1.851587E+00
  3.440500E+03 -1.881127E+00
  3.441000E+03 -1.881507E+00
  3.441500E+03 -1.852216E+00
  3.442000E+03 -1.793195E+00
  3.442500E+03 -1.704840E+00
  3.443000E+03 -1.588011E+00
  3.443500E+03 -1.444028E+00
  3.444000E+03 -1.274663E+00
  3.444500E+03 -1.082120E+00
  3.445000E+03 -8.690165E-01
  3.445500E+03 -6.383485E-01
  3.446000E+03 -3.934559E-01
  3.446500E+03 -1.379774E-01
  3.447000E+03  1.241994E-01
  3.447500E+03  3.889941E-01
  3.448000E+03  6.521942E-01
  3.448500E+03  9.095209E-01
  3.449000E+03  1.156697E+00
  3.449500E+03  1.389520E+00
  3.450000E+03  1.603931E+00
  3.450500E+03  1.796090E+00
  3.451000E+03  1.962446E+00
  3.451500E+03  2.099803E+00
  3.452000E+03  2.205387E+00
  3.452500E+03  2.276904E+00
  3.453000E+03  2.312589E+00
  3.453500E+03  2.311253E+00
  3.454000E+03  2.272314E+00
  3.454500E+03  2.195824E+00
  3.455000E+03  2.082479E+00
  3.455500E+03  1.933621E+00
  3.456000E+03  1.751230E+00
  3.456500E+03  1.537894E+00
  3.457000E+03  1.296779E+00
  3.457500E+03  1.031581E+00
  3.458000E+03  7.464646E-01
  3.458500E+03  4.459975E-01
  3.459000E+03  1.350714E-01
  3.459500E+03 -1.811827E-01
  3.460000E+03 -4.974856E-01
  3.460500E+03 -8.085055E-01
  3.461000E+03 -1.108955E+00
  3.461500E+03 -1.393691E+00
  3.462000E+03 -1.657809E+00
  3.462500E+03 -1.896734E+00
  3.463000E+03 -2.106312E+00
  3.463500E+03 -2.282889E+00
  3.464000E+03 -2.423374E+00
  3.464500E+03 -2.525310E+00
  3.465000E+03 -2.586910E+00
  3.465500E+03 -2.607099E+00
  3.466000E+03 -2.585535E+00
  3.466500E+03 -2.522609E+00
  3.467000E+03 -2.419442E+00
  3.467500E+03 -2.277866E+00
  3.468000E+03 -2.100379E+00
  3.468500E+03 -1.890106E+00
  3.469000E+03 -1.650733E+00
  3.469500E+03 -1.386437E+00
  3.470000E+03 -1.101809E+00
  3.470500E+03 -8.017612E-01
  3.471000E+03 -4.914394E-01
  3.471500E+03 -1.761237E-01
  3.472000E+03  1.388684E-01
  3.472500E+03  4.482801E-01
  3.473000E+03  7.470103E-01
  3.473500E+03  1.030205E+00
  3.474000E+03  1.293340E+00
  3.474500E+03  1.532304E+00
  3.475000E+03  1.743462E+00
  3.475500E+03  1.923714E+00
  3.476000E+03  2.070548E+00
  3.476500E+03  2.182067E+00
  3.477000E+03  2.257022E+00
  3.477500E+03  2.294814E+00
  3.478000E+03  2.295499E+00
  3.478500E+03  2.259772E+00
  3.479000E+03  2.188942E+00
  3.479500E+03  2.084898E+00
  3.480000E+03  1.950060E+00
  3.480500E+03  1.787328E+00
  3.481000E+03  1.600019E+00
  3.481500E+03  1.391799E+00
  3.482000E+03  1.166611E+00
  3.482500E+03  9.285975E-01
  3.483000E+03  6.820252E-01
  3.483500E+03  4.312059E-01
  3.484000E+03  1.804199E-01
  3.484500E+03 -6.615779E-02
  3.485000E+03 -3.045278E-01
  3.485500E+03 -5.309318E-01
  3.486000E+03 -7.419117E-01
  3.486500E+03 -9.343620E-01
  3.487000E+03 -1.105575E+00
  3.487500E+03 -1.253276E+00
  3.488000E+03 -1.375652E+00
  3.488500E+03 -1.471373E+00
  3.489000E+03 -1.539598E+00
  3.489500E+03 -1.579977E+00
  3.490000E+03 -1.592647E+00
  3.490500E+03 -1.578212E+00
  3.491000E+03 -1.537722E+00
  3.491500E+03 -1.472643E+00
  3.492000E+03 -1.384817E+00
  3.492500E+03 -1.276422E+00
  3.493000E+03 -1.149925E+00
  3.493500E+03 -1.008027E+00
  3.494000E+03 -8.536175E-01
  3.494500E+03 -6.897102E-01
  3.495000E+03 -5.193929E-01
  3.495500E+03 -3.457696E-01
  3.496000E+03 -1.719064E-01
  3.496500E+03 -7.796827E-04
  3.497000E+03  1.647731E-01
  3.497500E+03  3.220985E-01
  3.498000E+03  4.687676E-01
  3.498500E+03  6.026112E-01
  3.499000E+03  7.217493E-01
  3.499500E+03  8.246144E-01
  3.500000E+03  9.099689E-01
  3.500500E+03  9.769151E-01
  3.501000E+03  1.024899E+00
  3.501500E+03  1.053710E+00
  3.502000E+03  1.063466E+00
  3.502500E+03  1.054609E+00
  3.503000E+03  1.027873E+00
  3.503500E+03  9.842711E-01
  3.504000E+03  9.250570E-01
  3.504500E+03  8.516985E-01
  3.505000E+03  7.658397E-01
  3.505500E+03  6.692650E-01
  3.506000E+03  5.638610E-01
  3.506500E+03  4.515783E-01
  3.507000E+03  3.343938E-01
  3.507500E+03  2.142750E-01
  3.508000E+03  9.314565E-02
  3.508500E+03 -2.714497E-02
  3.509000E+03 -1.448502E-01
  3.509500E+03 -2.583496E-01
  3.510000E+03 -3.661692E-01
  3.510500E+03 -4.669962E-01
  3.511000E+03 -5.596902E-01
  3.511500E+03 -6.432896E-01
  3.512000E+03 -7.170130E-01
  3.512500E+03 -7.802576E-01
  3.513000E+03 -8.325933E-01
  3.513500E+03 -8.737528E-01
  3.514000E+03 -9.036205E-01
  3.514500E+03 -9.222181E-01
  3.515000E+03 -9.296887E-01
  3.515500E+03 -9.262810E-01
  3.516000E+03 -9.123319E-01
  3.516500E+03 -8.882511E-01
  3.517000E+03 -8.545051E-01
  3.517500E+03 -8.116041E-01
  3.518000E+03 -7.600902E-01
  3.518500E+03 -7.005277E-01
  3.519000E+03 -6.334965E-01
  3.519500E+03 -5.595880E-01
  3.520000E+03 -4.794030E-01
  3.520500E+03 -3.935529E-01
  3.521000E+03 -3.026627E-01
  3.521500E+03 -2.073760E-01
  3.522000E+03 -1.083614E-01
  3.522500E+03 -6.319395E-03
  3.523000E+03  9.800924E-02
  3.523500E+03  2.038368E-01
  3.524000E+03  3.103220E-01
  3.524500E+03  4.165650E-01
  3.525000E+03  5.216048E-01
  3.525500E+03  6.244189E-01
  3.526000E+03  7.239260E-01
  3.526500E+03  8.189925E-01
  3.527000E+03  9.084415E-01
  3.527500E+03  9.910664E-01
  3.528000E+03  1.065647E+00
  3.528500E+03  1.130971E+00
  3.529000E+03  1.185853E+00
  3.529500E+03  1.229164E+00
  3.530000E+03  1.259855E+00
  3.530500E+03  1.276984E+00
  3.531000E+03  1.279747E+00
  3.531500E+03  1.267503E+00
  3.532000E+03  1.239800E+00
  3.532500E+03  1.196396E+00
  3.533000E+03  1.137282E+00
  3.533500E+03  1.062692E+00
  3.534000E+03  9.731198E-01
  3.534500E+03  8.693192E-01
  3.535000E+03  7.523039E-01
  3.535500E+03  6.233408E-01
  3.536000E+03  4.839359E-01
  3.536500E+03  3.358140E-01
  3.537000E+03  1.808935E-01
  3.537500E+03  2.125430E-02
  3.538000E+03 -1.408982E-01
  3.538500E+03 -3.032736E-01
  3.539000E+03 -4.635401E-01
  3.539500E+03 -6.193700E-01
  3.540000E+03 -7.684862E-01
  3.540500E+03 -9.087082E-01
  3.541000E+03 -1.037997E+00
  3.541500E+03 -1.154497E+00
  3.542000E+03 -1.256573E+00
  3.542500E+03 -1.342846E+00
  3.543000E+03 -1.412217E+00
  3.543500E+03 -1.463888E+00
  3.544000E+03 -1.497379E+00
  3.544500E+03 -1.512528E+00
  3.545000E+03 -1.509493E+00
  3.545500E+03 -1.488740E+00
  3.546000E+03 -1.451028E+00
  3.546500E+03 -1.397380E+00
  3.547000E+03 -1.329057E+00
  3.547500E+03 -1.247520E+00
  3.548000E+03 -1.154388E+00
  3.548500E+03 -1.051398E+00
  3.549000E+03 -9.403586E-01
  3.549500E+03 -8.231011E-01
  3.550000E+03 -7.014392E-01
  3.550500E+03 -5.771236E-01
  3.551000E+03 -4.518035E-01
  3.551500E+03 -3.269921E-01
  3.552000E+03 -2.040378E-01
  3.552500E+03 -8.410119E-02
  3.553000E+03  3.185966E-02
  3.553500E+03  1.430975E-01
  3.554000E+03  2.490758E-01
  3.554500E+03  3.494618E-01
  3.555000E+03  4.441118E-01
  3.555500E+03  5.330498E-01
  3.556000E+03  6.164411E-01
  3.556500E+03  6.945602E-01
  3.557000E+03  7.677553E-01
  3.557500E+03  8.364112E-01
  3.558000E+03  9.009104E-01
  3.558500E+03  9.615951E-01
  3.559000E+03  1.018731E+00
  3.559500E+03  1.072477E+00
  3.560000E+03  1.122852E+00
  3.560500E+03  1.169720E+00
  3.561000E+03  1.212768E+00
  3.561500E+03  1.251507E+00
  3.562000E+03  1.285263E+00
  3.562500E+03  1.313195E+00
  3.563000E+03  1.334307E+00
  3.563500E+03  1.347477E+00
  3.564000E+03  1.351489E+00
  3.564500E+03  1.345073E+00
  3.565000E+03  1.326952E+00
  3.565500E+03  1.295890E+00
  3.566000E+03  1.250744E+00
  3.566500E+03  1.190519E+00
  3.567000E+03  1.114421E+00
  3.567500E+03  1.021903E+00
  3.568000E+03  9.127141E-01
  3.568500E+03  7.869386E-01
  3.569000E+03  6.450265E-01
  3.569500E+03  4.878170E-01
  3.570000E+03  3.165512E-01
  3.570500E+03  1.328735E-01
  3.571000E+03 -6.117793E-02
  3.571500E+03 -2.631932E-01
  3.572000E+03 -4.704240E-01
  3.572500E+03 -6.798277E-01
  3.573000E+03 -8.881228E-01
  3.573500E+03 -1.091852E+00
  3.574000E+03 -1.287455E+00
  3.574500E+03 -1.471345E+00
  3.575000E+03 -1.639990E+00
  3.575500E+03 -1.789997E+00
  3.576000E+03 -1.918196E+00
  3.576500E+03 -2.021716E+00
  3.577000E+03 -2.098065E+00
  3.577500E+03 -2.145196E+00
  3.578000E+03 -2.161567E+00
  3.578500E+03 -2.146190E+00
  3.579000E+03 -2.098665E+00
  3.579500E+03 -2.019203E+00
  3.580000E+03 -1.908640E+00
  3.580500E+03 -1.768420E+00
  3.581000E+03 -1.600585E+00
  3.581500E+03 -1.407733E+00
  3.582000E+03 -1.192970E+00
  3.582500E+03 -9.598497E-01
  3.583000E+03 -7.123014E-01
  3.583500E+03 -4.545472E-01
  3.584000E+03 -1.910142E-01
  3.584500E+03  7.375925E-02
  3.585000E+03  3.352191E-01
  3.585500E+03  5.888921E-01
  3.586000E+03  8.304790E-01
  3.586500E+03  1.055944E+00
  3.587000E+03  1.261598E+00
  3.587500E+03  1.444168E+00
  3.588000E+03  1.600867E+00
  3.588500E+03  1.729439E+00
  3.589000E+03  1.828200E+00
  3.589500E+03  1.896060E+00
  3.590000E+03  1.932539E+00
  3.590500E+03  1.937757E+00
  3.591000E+03  1.912421E+00
  3.591500E+03  1.857795E+00
  3.592000E+03  1.775657E+00
  3.592500E+03  1.668250E+00
  3.593000E+03  1.538220E+00
  3.593500E+03  1.388547E+00
  3.594000E+03  1.222477E+00
  3.594500E+03  1.043444E+00
  3.595000E+03  8.549931E-01
  3.595500E+03  6.607039E-01
  3.596000E+03  4.641191E-01
  3.596500E+03  2.686736E-01
  3.597000E+03  7.763097E-02
  3.597500E+03 -1.059738E-01
  3.598000E+03 -2.793833E-01
  3.598500E+03 -4.401589E-01
  3.599000E+03 -5.862118E-01
  3.599500E+03 -7.158265E-01
  3.600000E+03 -8.276734E-01
  3.600500E+03 -9.208134E-01
  3.601000E+03 -9.946941E-01
  3.601500E+03 -1.049138E+00
  3.602000E+03 -1.084322E+00
  3.602500E+03 -1.100756E+00
  3.603000E+03 -1.099249E+00
  3.603500E+03 -1.080875E+00
  3.604000E+03 -1.046940E+00
  3.604500E+03 -9.989367E-01
  3.605000E+03 -9.385074E-01
  3.605500E+03 -8.674032E-01
  3.606000E+03 -7.874431E-01
  3.606500E+03 -7.004762E-01
  3.607000E+03 -6.083450E-01
  3.607500E+03 -5.128522E-01
  3.608000E+03 -4.157298E-01
  3.608500E+03 -3.186126E-01
  3.609000E+03 -2.230142E-01
  3.609500E+03 -1.303085E-01
  3.610000E+03 -4.171402E-02
  3.610500E+03  4.171725E-02
  3.611000E+03  1.191071E-01
  3.611500E+03  1.897542E-01
  3.612000E+03  2.531338E-01
  3.612500E+03  3.088935E-01
  3.613000E+03  3.568459E-01
  3.613500E+03  3.969579E-01
  3.614000E+03  4.293375E-01
  3.614500E+03  4.542178E-01
  3.615000E+03  4.719398E-01
  3.615500E+03  4.829324E-01
  3.616000E+03  4.876922E-01
  3.616500E+03  4.867623E-01
  3.617000E+03  4.807112E-01
  3.617500E+03  4.701118E-01
  3.618000E+03  4.555218E-01
  3.618500E+03  4.374655E-01
  3.619000E+03  4.164177E-01
  3.619500E+03  3.927905E-01
  3.620000E+03  3.669229E-01
  3.620500E+03  3.390741E-01
  3.621000E+03  3.094204E-01
  3.621500E+03  2.780567E-01
  3.622000E+03  2.450012E-01
  3.622500E+03  2.102049E-01
  3.623000E+03  1.735647E-01
  3.623500E+03  1.349398E-01
  3.624000E+03  9.417145E-02
  3.624500E+03  5.110454E-02
  3.625000E+03  5.611343E-03
  3.625500E+03 -4.238441E-02
  3.626000E+03 -9.288363E-02
  3.626500E+03 -1.457891E-01
  3.627000E+03 -2.008854E-01
  3.627500E+03 -2.578215E-01
  3.628000E+03 -3.160981E-01
  3.628500E+03 -3.750601E-01
  3.629000E+03 -4.338946E-01
  3.629500E+03 -4.916355E-01
  3.630000E+03 -5.471745E-01
  3.630500E+03 -5.992794E-01
  3.631000E+03 -6.466184E-01
  3.631500E+03 -6.877912E-01
  3.632000E+03 -7.213654E-01
  3.632500E+03 -7.459177E-01
  3.633000E+03 -7.600783E-01
  3.633500E+03 -7.625782E-01
  3.634000E+03 -7.522964E-01
  3.634500E+03 -7.283071E-01
  3.635000E+03 -6.899234E-01
  3.635500E+03 -6.367379E-01
  3.636000E+03 -5.686567E-01
  3.636500E+03 -4.859269E-01
  3.637000E+03 -3.891548E-01
  3.637500E+03 -2.793157E-01
  3.638000E+03 -1.577519E-01
  3.638500E+03 -2.616144E-02
  3.639000E+03  1.134251E-01
  3.639500E+03  2.586782E-01
  3.640000E+03  4.070125E-01
  3.640500E+03  5.556400E-01
  3.641000E+03  7.016305E-01
  3.641500E+03  8.419781E-01
  3.642000E+03  9.736727E-01
  3.642500E+03  1.093774E+00
  3.643000E+03  1.199484E+00
  3.643500E+03  1.288222E+00
  3.644000E+03  1.357692E+00
  3.644500E+03  1.405943E+00
  3.645000E+03  1.431425E+00
  3.645500E+03  1.433035E+00
  3.646000E+03  1.410149E+00
  3.646500E+03  1.362645E+00
  3.647000E+03  1.290911E+00
  3.647500E+03  1.195842E+00
  3.648000E+03  1.078824E+00
  3.648500E+03  9.417033E-01
  3.649000E+03  7.867474E-01
  3.649500E+03  6.165929E-01
  3.650000E+03  4.341866E-01
  3.650500E+03  2.427185E-01
  3.651000E+03  4.555003E-02
  3.651500E+03 -1.538609E-01
  3.652000E+03 -3.520355E-01
  3.652500E+03 -5.455490E-01
  3.653000E+03 -7.311020E-01
  3.653500E+03 -9.055873E-01
  3.654000E+03 -1.066150E+00
  3.654500E+03 -1.210240E+00
  3.655000E+03 -1.335655E+00
  3.655500E+03 -1.440573E+00
  3.656000E+03 -1.523580E+00
  3.656500E+03 -1.583678E+00
  3.657000E+03 -1.620293E+00
  3.657500E+03 -1.633266E+00
  3.658000E+03 -1.622840E+00
  3.658500E+03 -1.589640E+00
  3.659000E+03 -1.534638E+00
  3.659500E+03 -1.459127E+00
  3.660000E+03 -1.364675E+00
  3.660500E+03 -1.253091E+00
  3.661000E+03 -1.126379E+00
  3.661500E+03 -9.866965E-01
  3.662000E+03 -8.363112E-01
  3.662500E+03 -6.775634E-01
  3.663000E+03 -5.128263E-01
  3.663500E+03 -3.444709E-01
  3.664000E+03 -1.748347E-01
  3.664500E+03 -6.191913E-03
  3.665000E+03  1.592711E-01
  3.665500E+03  3.194788E-01
  3.666000E+03  4.724856E-01
  3.666500E+03  6.164927E-01
  3.667000E+03  7.498625E-01
  3.667500E+03  8.711315E-01
  3.668000E+03  9.790208E-01
  3.668500E+03  1.072446E+00
  3.669000E+03  1.150525E+00
  3.669500E+03  1.212585E+00
  3.670000E+03  1.258170E+00
  3.670500E+03  1.287043E+00
  3.671000E+03  1.299191E+00
  3.671500E+03  1.294824E+00
  3.672000E+03  1.274374E+00
  3.672500E+03  1.238496E+00
  3.673000E+03  1.188052E+00
  3.673500E+03  1.124111E+00
  3.674000E+03  1.047925E+00
  3.674500E+03  9.609200E-01
  3.675000E+03  8.646677E-01
  3.675500E+03  7.608633E-01
  3.676000E+03  6.512952E-01
  3.676500E+03  5.378126E-01
  3.677000E+03  4.222909E-01
  3.677500E+03  3.065947E-01
  3.678000E+03  1.925400E-01
  3.678500E+03  8.185719E-02
  3.679000E+03 -2.384570E-02
  3.679500E+03 -1.231168E-01
  3.680000E+03 -2.146910E-01
  3.680500E+03 -2.975159E-01
  3.681000E+03 -3.707726E-01
  3.681500E+03 -4.338899E-01
  3.682000E+03 -4.865516E-01
  3.682500E+03 -5.286971E-01
  3.683000E+03 -5.605138E-01
  3.683500E+03 -5.824229E-01
  3.684000E+03 -5.950574E-01
  3.684500E+03 -5.992351E-01
  3.685000E+03 -5.959249E-01
  3.685500E+03 -5.862100E-01
  3.686000E+03 -5.712469E-01
  3.686500E+03 -5.522239E-01
  3.687000E+03 -5.303194E-01
  3.687500E+03 -5.066604E-01
  3.688000E+03 -4.822858E-01
  3.688500E+03 -4.581127E-01
  3.689000E+03 -4.349086E-01
  3.689500E+03 -4.132699E-01
  3.690000E+03 -3.936083E-01
  3.690500E+03 -3.761442E-01
  3.691000E+03 -3.609086E-01
  3.691500E+03 -3.477526E-01
  3.692000E+03 -3.363641E-01
  3.692500E+03 -3.262916E-01
  3.693000E+03 -3.169727E-01
  3.693500E+03 -3.077682E-01
  3.694000E+03 -2.979976E-01
  3.694500E+03 -2.869775E-01
  3.695000E+03 -2.740586E-01
  3.695500E+03 -2.586613E-01
  3.696000E+03 -2.403083E-01
  3.696500E+03 -2.186517E-01
  3.697000E+03 -1.934950E-01
  3.697500E+03 -1.648074E-01
  3.698000E+03 -1.327317E-01
  3.698500E+03 -9.758290E-02
  3.699000E+03 -5.984032E-02
  3.699500E+03 -2.013119E-02
  3.700000E+03  2.079223E-02
  3.700500E+03  6.208160E-02
  3.701000E+03  1.028263E-01
  3.701500E+03  1.420907E-01
  3.702000E+03  1.789530E-01
  3.702500E+03  2.125446E-01
  3.703000E+03  2.420879E-01
  3.703500E+03  2.669310E-01
  3.704000E+03  2.865779E-01
  3.704500E+03  3.007129E-01
  3.705000E+03  3.092175E-01
  3.705500E+03  3.121807E-01
  3.706000E+03  3.098993E-01
  3.706500E+03  3.028713E-01
  3.707000E+03  2.917798E-01
  3.707500E+03  2.774701E-01
  3.708000E+03  2.609186E-01
  3.708500E+03  2.431970E-01
  3.709000E+03  2.254310E-01
  3.709500E+03  2.087564E-01
  3.710000E+03  1.942737E-01
  3.710500E+03  1.830033E-01
  3.711000E+03  1.758421E-01
  3.711500E+03  1.735245E-01
  3.712000E+03  1.765886E-01
  3.712500E+03  1.853485E-01
  3.713000E+03  1.998747E-01
  3.713500E+03  2.199829E-01
  3.714000E+03  2.452319E-01
  3.714500E+03  2.749305E-01
  3.715000E+03  3.081538E-01
  3.715500E+03  3.437673E-01
  3.716000E+03  3.804599E-01
  3.716500E+03  4.167825E-01
  3.717000E+03  4.511929E-01
  3.717500E+03  4.821040E-01
  3.718000E+03  5.079347E-01
  3.718500E+03  5.271614E-01
  3.719000E+03  5.383684E-01
  3.719500E+03  5.402954E-01
  3.720000E+03  5.318816E-01
  3.720500E+03  5.123030E-01
  3.721000E+03  4.810038E-01
  3.721500E+03  4.377201E-01
  3.722000E+03  3.824945E-01
  3.722500E+03  3.156823E-01
  3.723000E+03  2.379491E-01
  3.723500E+03  1.502590E-01
  3.724000E+03  5.385465E-02
  3.724500E+03 -4.976991E-02
  3.725000E+03 -1.589039E-01
  3.725500E+03 -2.716597E-01
  3.726000E+03 -3.860172E-01
  3.726500E+03 -4.998717E-01
  3.727000E+03 -6.110830E-01
  3.727500E+03 -7.175259E-01
  3.728000E+03 -8.171386E-01
  3.728500E+03 -9.079697E-01
  3.729000E+03 -9.882219E-01
  3.729500E+03 -1.056291E+00
  3.730000E+03 -1.110800E+00
  3.730500E+03 -1.150627E+00
  3.731000E+03 -1.174927E+00
  3.731500E+03 -1.183147E+00
  3.732000E+03 -1.175034E+00
  3.732500E+03 -1.150634E+00
  3.733000E+03 -1.110292E+00
  3.733500E+03 -1.054636E+00
  3.734000E+03 -9.845609E-01
  3.734500E+03 -9.012052E-01
  3.735000E+03 -8.059258E-01
  3.735500E+03 -7.002660E-01
  3.736000E+03 -5.859223E-01
  3.736500E+03 -4.647082E-01
  3.737000E+03 -3.385172E-01
  3.737500E+03 -2.092855E-01
  3.738000E+03 -7.895400E-02
  3.738500E+03  5.056735E-02
  3.739000E+03  1.774346E-01
  3.739500E+03  2.999019E-01
  3.740000E+03  4.163510E-01
  3.740500E+03  5.253168E-01
  3.741000E+03  6.255096E-01
  3.741500E+03  7.158330E-01
  3.742000E+03  7.953970E-01
  3.742500E+03  8.635271E-01
  3.743000E+03  9.197676E-01
  3.743500E+03  9.638815E-01
  3.744000E+03  9.958448E-01
  3.744500E+03  1.015837E+00
  3.745000E+03  1.024226E+00
  3.745500E+03  1.021552E+00
  3.746000E+03  1.008505E+00
  3.746500E+03  9.859022E-01
  3.747000E+03  9.546613E-01
  3.747500E+03  9.157724E-01
  3.748000E+03  8.702709E-01
  3.748500E+03  8.192083E-01
  3.749000E+03  7.636252E-01
  3.749500E+03  7.045251E-01
  3.750000E+03  6.428503E-01
  3.750500E+03  5.794614E-01
  3.751000E+03  5.151196E-01
  3.751500E+03  4.504735E-01
  3.752000E+03  3.860502E-01
  3.752500E+03  3.222508E-01
  3.753000E+03  2.593515E-01
  3.753500E+03  1.975086E-01
  3.754000E+03  1.367687E-01
  3.754500E+03  7.708287E-02
  3.755000E+03  1.832503E-02
  3.755500E+03 -3.968706E-02
  3.756000E+03 -9.716811E-02
  3.756500E+03 -1.543402E-01
  3.757000E+03 -2.114069E-01
  3.757500E+03 -2.685283E-01
  3.758000E+03 -3.257969E-01
  3.758500E+03 -3.832159E-01
  3.759000E+03 -4.406813E-01
  3.759500E+03 -4.979676E-01
  3.760000E+03 -5.547182E-01
  3.760500E+03 -6.104421E-01
  3.761000E+03 -6.645146E-01
  3.761500E+03 -7.161858E-01
  3.762000E+03 -7.645932E-01
  3.762500E+03 -8.087815E-01
  3.763000E+03 -8.477258E-01
  3.763500E+03 -8.803610E-01
  3.764000E+03 -9.056134E-01
  3.764500E+03 -9.224361E-01
  3.765000E+03 -9.298450E-01
  3.765500E+03 -9.269559E-01
  3.766000E+03 -9.130202E-01
  3.766500E+03 -8.874591E-01
  3.767000E+03 -8.498937E-01
  3.767500E+03 -8.001713E-01
  3.768000E+03 -7.383859E-01
  3.768500E+03 -6.648927E-01
  3.769000E+03 -5.803155E-01
  3.769500E+03 -4.855465E-01
  3.770000E+03 -3.817390E-01
  3.770500E+03 -2.702918E-01
  3.771000E+03 -1.528270E-01
  3.771500E+03 -3.116019E-02
  3.772000E+03  9.273469E-02
  3.772500E+03  2.167667E-01
  3.773000E+03  3.387729E-01
  3.773500E+03  4.565661E-01
  3.774000E+03  5.679853E-01
  3.774500E+03  6.709454E-01
  3.775000E+03  7.634868E-01
  3.775500E+03  8.438219E-01
  3.776000E+03  9.103788E-01
  3.776500E+03  9.618398E-01
  3.777000E+03  9.971740E-01
  3.777500E+03  1.015664E+00
  3.778000E+03  1.016924E+00
  3.778500E+03  1.000911E+00
  3.779000E+03  9.679291E-01
  3.779500E+03  9.186240E-01
  3.780000E+03  8.539689E-01
  3.780500E+03  7.752461E-01
  3.781000E+03  6.840184E-01
  3.781500E+03  5.820966E-01
  3.782000E+03  4.715003E-01
  3.782500E+03  3.544144E-01
  3.783000E+03  2.331434E-01
  3.783500E+03  1.100621E-01
  3.784000E+03 -1.243408E-02
  3.784500E+03 -1.319786E-01
  3.785000E+03 -2.462827E-01
  3.785500E+03 -3.531813E-01
  3.786000E+03 -4.506768E-01
  3.786500E+03 -5.369779E-01
  3.787000E+03 -6.105343E-01
  3.787500E+03 -6.700658E-01
  3.788000E+03 -7.145853E-01
  3.788500E+03 -7.434162E-01
  3.789000E+03 -7.562024E-01
  3.789500E+03 -7.529124E-01
  3.790000E+03 -7.338368E-01
  3.790500E+03 -6.995789E-01
  3.791000E+03 -6.510400E-01
  3.791500E+03 -5.893980E-01
  3.792000E+03 -5.160815E-01
  3.792500E+03 -4.327385E-01
  3.793000E+03 -3.412021E-01
  3.793500E+03 -2.434513E-01
  3.794000E+03 -1.415706E-01
  3.794500E+03 -3.770671E-02
  3.795000E+03  6.597472E-02
  3.795500E+03  1.673334E-01
  3.796000E+03  2.642974E-01
  3.796500E+03  3.549049E-01
  3.797000E+03  4.373433E-01
  3.797500E+03  5.099850E-01
  3.798000E+03  5.714202E-01
  3.798500E+03  6.204837E-01
  3.799000E+03  6.562773E-01
  3.799500E+03  6.781870E-01
  3.800000E+03  6.858932E-01
  3.800500E+03  6.793749E-01
  3.801000E+03  6.589081E-01
  3.801500E+03  6.250568E-01
  3.802000E+03  5.786585E-01
  3.802500E+03  5.208037E-01
  3.803000E+03  4.528092E-01
  3.803500E+03  3.761874E-01
  3.804000E+03  2.926109E-01
  3.804500E+03  2.038736E-01
  3.805000E+03  1.118497E-01
  3.805500E+03  1.845118E-02
  3.806000E+03 -7.441581E-02
  3.806500E+03 -1.648931E-01
  3.807000E+03 -2.512114E-01
  3.807500E+03 -3.317289E-01
  3.808000E+03 -4.049655E-01
  3.808500E+03 -4.696335E-01
  3.809000E+03 -5.246622E-01
  3.809500E+03 -5.692178E-01
  3.810000E+03 -6.027160E-01
  3.810500E+03 -6.248292E-01
  3.811000E+03 -6.354864E-01
  3.811500E+03 -6.348675E-01
  3.812000E+03 -6.233903E-01
  3.812500E+03 -6.016933E-01
  3.813000E+03 -5.706126E-01
  3.813500E+03 -5.311545E-01
  3.814000E+03 -4.844648E-01
  3.814500E+03 -4.317961E-01
  3.815000E+03 -3.744730E-01
  3.815500E+03 -3.138567E-01
  3.816000E+03 -2.513111E-01
  3.816500E+03 -1.881693E-01
  3.817000E+03 -1.257030E-01
  3.817500E+03 -6.509486E-02
  3.818000E+03 -7.415064E-03
  3.818500E+03  4.639853E-02
  3.819000E+03  9.555504E-02
  3.819500E+03  1.394206E-01
  3.820000E+03  1.775233E-01
  3.820500E+03  2.095540E-01
  3.821000E+03  2.353619E-01
  3.821500E+03  2.549463E-01
  3.822000E+03  2.684455E-01
  3.822500E+03  2.761216E-01
  3.823000E+03  2.783444E-01
  3.823500E+03  2.755724E-01
  3.824000E+03  2.683341E-01
  3.824500E+03  2.572082E-01
  3.825000E+03  2.428054E-01
  3.825500E+03  2.257503E-01
  3.826000E+03  2.066653E-01
  3.826500E+03  1.861565E-01
  3.827000E+03  1.648015E-01
  3.827500E+03  1.431405E-01
  3.828000E+03  1.216685E-01
  3.828500E+03  1.008311E-01
  3.829000E+03  8.102197E-02
  3.829500E+03  6.258262E-02
  3.830000E+03  4.580356E-02
  3.830500E+03  3.092713E-02
  3.831000E+03  1.815110E-02
  3.831500E+03  7.632911E-03
  3.832000E+03 -5.059157E-04
  3.832500E+03 -6.175545E-03
  3.833000E+03 -9.314094E-03
  3.833500E+03 -9.884639E-03
  3.834000E+03 -7.873148E-03
  3.834500E+03 -3.287455E-03
  3.835000E+03  3.842692E-03
  3.835500E+03  1.346457E-02
  3.836000E+03  2.550050E-02
  3.836500E+03  3.984513E-02
  3.837000E+03  5.636227E-02
  3.837500E+03  7.488142E-02
  3.838000E+03  9.519446E-02
  3.838500E+03  1.170526E-01
  3.839000E+03  1.401643E-01
  3.839500E+03  1.641934E-01
  3.840000E+03  1.887595E-01
  3.840500E+03  2.134389E-01
  3.841000E+03  2.377674E-01
  3.841500E+03  2.612442E-01
  3.842000E+03  2.833384E-01
  3.842500E+03  3.034960E-01
  3.843000E+03  3.211489E-01
  3.843500E+03  3.357247E-01
  3.844000E+03  3.466582E-01
  3.844500E+03  3.534026E-01
  3.845000E+03  3.554424E-01
  3.845500E+03  3.523050E-01
  3.846000E+03  3.435733E-01
  3.846500E+03  3.288971E-01
  3.847000E+03  3.080038E-01
  3.847500E+03  2.807080E-01
  3.848000E+03  2.469199E-01
  3.848500E+03  2.066521E-01
  3.849000E+03  1.600243E-01
  3.849500E+03  1.072669E-01
  3.850000E+03  4.872205E-02
  3.850500E+03 -1.515650E-02
  3.851000E+03 -8.380613E-02
  3.851500E+03 -1.565593E-01
  3.852000E+03 -2.326496E-01
  3.852500E+03 -3.112192E-01
  3.853000E+03 -3.913277E-01
  3.853500E+03 -4.719630E-01
  3.854000E+03 -5.520522E-01
  3.854500E+03 -6.304748E-01
  3.855000E+03 -7.060762E-01
  3.855500E+03 -7.776820E-01
  3.856000E+03 -8.441135E-01
  3.856500E+03 -9.042032E-01
  3.857000E+03 -9.568109E-01
  3.857500E+03 -1.000841E+00
  3.858000E+03 -1.035258E+00
  3.858500E+03 -1.059104E+00
  3.859000E+03 -1.071517E+00
  3.859500E+03 -1.071744E+00
  3.860000E+03 -1.059159E+00
  3.860500E+03 -1.033279E+00
  3.861000E+03 -9.937770E-01
  3.861500E+03 -9.404938E-01
  3.862000E+03 -8.734518E-01
  3.862500E+03 -7.928629E-01
  3.863000E+03 -6.991360E-01
  3.863500E+03 -5.928818E-01
  3.864000E+03 -4.749144E-01
  3.864500E+03 -3.462500E-01
  3.865000E+03 -2.081023E-01
  3.865500E+03 -6.187383E-02
  3.866000E+03  9.085559E-02
  3.866500E+03  2.483449E-01
  3.867000E+03  4.087110E-01
  3.867500E+03  5.699519E-01
  3.868000E+03  7.299727E-01
  3.868500E+03  8.866151E-01
  3.869000E+03  1.037689E+00
  3.869500E+03  1.181007E+00
  3.870000E+03  1.314418E+00
  3.870500E+03  1.435846E+00
  3.871000E+03  1.543323E+00
  3.871500E+03  1.635026E+00
  3.872000E+03  1.709313E+00
  3.872500E+03  1.764749E+00
  3.873000E+03  1.800142E+00
  3.873500E+03  1.814560E+00
  3.874000E+03  1.807359E+00
  3.874500E+03  1.778195E+00
  3.875000E+03  1.727032E+00
  3.875500E+03  1.654154E+00
  3.876000E+03  1.560157E+00
  3.876500E+03  1.445948E+00
  3.877000E+03  1.312728E+00
  3.877500E+03  1.161979E+00
  3.878000E+03  9.954381E-01
  3.878500E+03  8.150708E-01
  3.879000E+03  6.230414E-01
  3.879500E+03  4.216772E-01
  3.880000E+03  2.134327E-01
  3.880500E+03  8.506842E-04
  3.881000E+03 -2.134764E-01
  3.881500E+03 -4.269459E-01
  3.882000E+03 -6.369824E-01
  3.882500E+03 -8.410750E-01
  3.883000E+03 -1.036811E+00
  3.883500E+03 -1.221906E+00
  3.884000E+03 -1.394233E+00
  3.884500E+03 -1.551846E+00
  3.885000E+03 -1.693000E+00
  3.885500E+03 -1.816164E+00
  3.886000E+03 -1.920034E+00
  3.886500E+03 -2.003541E+00
  3.887000E+03 -2.065851E+00
  3.887500E+03 -2.106370E+00
  3.888000E+03 -2.124732E+00
  3.888500E+03 -2.120802E+00
  3.889000E+03 -2.094660E+00
  3.889500E+03 -2.046597E+00
  3.890000E+03 -1.977099E+00
  3.890500E+03 -1.886839E+00
  3.891000E+03 -1.776662E+00
  3.891500E+03 -1.647578E+00
  3.892000E+03 -1.500749E+00
  3.892500E+03 -1.337478E+00
  3.893000E+03 -1.159204E+00
  3.893500E+03 -9.674899E-01
  3.894000E+03 -7.640218E-01
  3.894500E+03 -5.505979E-01
  3.895000E+03 -3.291260E-01
  3.895500E+03 -1.016180E-01
  3.896000E+03  1.298162E-01
  3.896500E+03  3.629745E-01
  3.897000E+03  5.955705E-01
  3.897500E+03  8.252435E-01
  3.898000E+03  1.049570E+00
  3.898500E+03  1.266080E+00
  3.899000E+03  1.472273E+00
  3.899500E+03  1.665642E+00
  3.900000E+03  1.843699E+00
  3.900500E+03  2.004003E+00
  3.901000E+03  2.144194E+00
  3.901500E+03  2.262026E+00
  3.902000E+03  2.355413E+00
  3.902500E+03  2.422463E+00
  3.903000E+03  2.461522E+00
  3.903500E+03  2.471219E+00
  3.904000E+03  2.450507E+00
  3.904500E+03  2.398703E+00
  3.905000E+03  2.315523E+00
  3.905500E+03  2.201118E+00
  3.906000E+03  2.056097E+00
  3.906500E+03  1.881550E+00
  3.907000E+03  1.679060E+00
  3.907500E+03  1.450702E+00
  3.908000E+03  1.199038E+00
  3.908500E+03  9.271001E-01
  3.909000E+03  6.383603E-01
  3.909500E+03  3.366913E-01
  3.910000E+03  2.631569E-02
  3.910500E+03 -2.882547E-01
  3.911000E+03 -6.022893E-01
  3.911500E+03 -9.109176E-01
  3.912000E+03 -1.209215E+00
  3.912500E+03 -1.492294E+00
  3.913000E+03 -1.755397E+00
  3.913500E+03 -1.993997E+00
  3.914000E+03 -2.203887E+00
  3.914500E+03 -2.381274E+00
  3.915000E+03 -2.522867E+00
  3.915500E+03 -2.625951E+00
  3.916000E+03 -2.688461E+00
  3.916500E+03 -2.709035E+00
  3.917000E+03 -2.687056E+00
  3.917500E+03 -2.622682E+00
  3.918000E+03 -2.516855E+00
  3.918500E+03 -2.371296E+00
  3.919000E+03 -2.188482E+00
  3.919500E+03 -1.971603E+00
  3.920000E+03 -1.724509E+00
  3.920500E+03 -1.451633E+00
  3.921000E+03 -1.157906E+00
  3.921500E+03 -8.486578E-01
  3.922000E+03 -5.295065E-01
  3.922500E+03 -2.062431E-01
  3.923000E+03  1.152913E-01
  3.923500E+03  4.293279E-01
  3.924000E+03  7.302933E-01
  3.924500E+03  1.012927E+00
  3.925000E+03  1.272391E+00
  3.925500E+03  1.504374E+00
  3.926000E+03  1.705176E+00
  3.926500E+03  1.871785E+00
  3.927000E+03  2.001932E+00
  3.927500E+03  2.094131E+00
  3.928000E+03  2.147701E+00
  3.928500E+03  2.162764E+00
  3.929000E+03  2.140231E+00
  3.929500E+03  2.081762E+00
  3.930000E+03  1.989715E+00
  3.930500E+03  1.867073E+00
  3.931000E+03  1.717362E+00
  3.931500E+03  1.544559E+00
  3.932000E+03  1.352981E+00
  3.932500E+03  1.147181E+00
  3.933000E+03  9.318315E-01
  3.933500E+03  7.116123E-01
  3.934000E+03  4.911001E-01
  3.934500E+03  2.746637E-01
  3.935000E+03  6.636823E-02
  3.935500E+03 -1.301107E-01
  3.936000E+03 -3.115591E-01
  3.936500E+03 -4.752832E-01
  3.937000E+03 -6.191516E-01
  3.937500E+03 -7.416220E-01
  3.938000E+03 -8.417506E-01
  3.938500E+03 -9.191858E-01
  3.939000E+03 -9.741462E-01
  3.939500E+03 -1.007384E+00
  3.940000E+03 -1.020135E+00
  3.940500E+03 -1.014058E+00
  3.941000E+03 -9.911672E-01
  3.941500E+03 -9.537520E-01
  3.942000E+03 -9.042992E-01
  3.942500E+03 -8.454093E-01
  3.943000E+03 -7.797148E-01
  3.943500E+03 -7.098009E-01
  3.944000E+03 -6.381318E-01
  3.944500E+03 -5.669843E-01
  3.945000E+03 -4.983892E-01
  3.945500E+03 -4.340841E-01
  3.946000E+03 -3.754763E-01
  3.946500E+03 -3.236190E-01
  3.947000E+03 -2.791976E-01
  3.947500E+03 -2.425301E-01
  3.948000E+03 -2.135781E-01
  3.948500E+03 -1.919685E-01
  3.949000E+03 -1.770252E-01
  3.949500E+03 -1.678099E-01
  3.950000E+03 -1.631688E-01
  3.950500E+03 -1.617848E-01
  3.951000E+03 -1.622340E-01
  3.951500E+03 -1.630424E-01
  3.952000E+03 -1.627436E-01
  3.952500E+03 -1.599342E-01
  3.953000E+03 -1.533250E-01
  3.953500E+03 -1.417884E-01
  3.954000E+03 -1.243981E-01
  3.954500E+03 -1.004625E-01
  3.955000E+03 -6.954895E-02
  3.955500E+03 -3.150019E-02
  3.956000E+03  1.355911E-02
  3.956500E+03  6.522434E-02
  3.957000E+03  1.228219E-01
  3.957500E+03  1.854285E-01
  3.958000E+03  2.518977E-01
  3.958500E+03  3.208939E-01
  3.959000E+03  3.909306E-01
  3.959500E+03  4.604144E-01
  3.960000E+03  5.276910E-01
  3.960500E+03  5.910933E-01
  3.961000E+03  6.489898E-01
  3.961500E+03  6.998316E-01
  3.962000E+03  7.421972E-01
  3.962500E+03  7.748334E-01
  3.963000E+03  7.966920E-01
  3.963500E+03  8.069601E-01
  3.964000E+03  8.050843E-01
  3.964500E+03  7.907874E-01
  3.965000E+03  7.640783E-01
  3.965500E+03  7.252529E-01
  3.966000E+03  6.748890E-01
  3.966500E+03  6.138317E-01
  3.967000E+03  5.431735E-01
  3.967500E+03  4.642267E-01
  3.968000E+03  3.784906E-01
  3.968500E+03  2.876135E-01
  3.969000E+03  1.933512E-01
  3.969500E+03  9.752305E-02
  3.970000E+03  1.965643E-03
  3.970500E+03 -9.151269E-02
  3.971000E+03 -1.811770E-01
  3.971500E+03 -2.654085E-01
  3.972000E+03 -3.427439E-01
  3.972500E+03 -4.119103E-01
  3.973000E+03 -4.718551E-01
  3.973500E+03 -5.217691E-01
  3.974000E+03 -5.611036E-01
  3.974500E+03 -5.895797E-01
  3.975000E+03 -6.071904E-01
  3.975500E+03 -6.141955E-01
  3.976000E+03 -6.111086E-01
  3.976500E+03 -5.986776E-01
  3.977000E+03 -5.778587E-01
  3.977500E+03 -5.497850E-01
  3.978000E+03 -5.157301E-01
  3.978500E+03 -4.770680E-01
  3.979000E+03 -4.352310E-01
  3.979500E+03 -3.916661E-01
  3.980000E+03 -3.477908E-01
  3.980500E+03 -3.049512E-01
  3.981000E+03 -2.643823E-01
  3.981500E+03 -2.271712E-01
  3.982000E+03 -1.942264E-01
  3.982500E+03 -1.662518E-01
  3.983000E+03 -1.437274E-01
  3.983500E+03 -1.268978E-01
  3.984000E+03 -1.157668E-01
  3.984500E+03 -1.101009E-01
  3.985000E+03 -1.094391E-01
  3.985500E+03 -1.131114E-01
  3.986000E+03 -1.202625E-01
  3.986500E+03 -1.298825E-01
  3.987000E+03 -1.408421E-01
  3.987500E+03 -1.519324E-01
  3.988000E+03 -1.619070E-01
  3.988500E+03 -1.695258E-01
  3.989000E+03 -1.735992E-01
  3.989500E+03 -1.730308E-01
  3.990000E+03 -1.668581E-01
  3.990500E+03 -1.542891E-01
  3.991000E+03 -1.347338E-01
  3.991500E+03 -1.078308E-01
  3.992000E+03 -7.346554E-02
  3.992500E+03 -3.178262E-02
  3.993000E+03  1.681060E-02
  3.993500E+03  7.164822E-02
  3.994000E+03  1.318180E-01
  3.994500E+03  1.961816E-01
  3.995000E+03  2.634017E-01
  3.995500E+03  3.319758E-01
  3.996000E+03  4.002762E-01
  3.996500E+03  4.665938E-01
  3.997000E+03  5.291853E-01
  3.997500E+03  5.863231E-01
  3.998000E+03  6.363451E-01
  3.998500E+03  6.777043E-01
  3.999000E+03  7.090151E-01
  3.999500E+03  7.290976E-01
  4.000000E+03  7.370153E-01
  4.000500E+03  7.321082E-01
  4.001000E+03  7.140182E-01
  4.001500E+03  6.827066E-01
  4.002000E+03  6.384635E-01
  4.002500E+03  5.819081E-01
  4.003000E+03  5.139806E-01
  4.003500E+03  4.359245E-01
  4.004000E+03  3.492615E-01
  4.004500E+03  2.557572E-01
  4.005000E+03  1.573809E-01
  4.005500E+03  5.625894E-02
  4.006000E+03 -4.537746E-02
  4.006500E+03 -1.452470E-01
  4.007000E+03 -2.410758E-01
  4.007500E+03 -3.306559E-01
  4.008000E+03 -4.119020E-01
  4.008500E+03 -4.829069E-01
  4.009000E+03 -5.419922E-01
  4.009500E+03 -5.877547E-01
  4.010000E+03 -6.191053E-01
  4.010500E+03 -6.353011E-01
  4.011000E+03 -6.359689E-01
  4.011500E+03 -6.211187E-01
  4.012000E+03 -5.911487E-01
  4.012500E+03 -5.468396E-01
  4.013000E+03 -4.893390E-01
  4.013500E+03 -4.201363E-01
  4.014000E+03 -3.410289E-01
  4.014500E+03 -2.540795E-01
  4.015000E+03 -1.615663E-01
  4.015500E+03 -6.592791E-02
  4.016000E+03  3.029781E-02
  4.016500E+03  1.245368E-01
  4.017000E+03  2.142437E-01
  4.017500E+03  2.969673E-01
  4.018000E+03  3.704125E-01
  4.018500E+03  4.325005E-01
  4.019000E+03  4.814227E-01
  4.019500E+03  5.156881E-01
  4.020000E+03  5.341634E-01
  4.020500E+03  5.361035E-01
  4.021000E+03  5.211725E-01
  4.021500E+03  4.894539E-01
  4.022000E+03  4.414506E-01
  4.022500E+03  3.780734E-01
  4.023000E+03  3.006199E-01
  4.023500E+03  2.107426E-01
  4.024000E+03  1.104085E-01
  4.024500E+03  1.850537E-03
  4.025000E+03 -1.124877E-01
  4.025500E+03 -2.300122E-01
  4.026000E+03 -3.480424E-01
  4.026500E+03 -4.638765E-01
  4.027000E+03 -5.748573E-01
  4.027500E+03 -6.784353E-01
  4.028000E+03 -7.722291E-01
  4.028500E+03 -8.540801E-01
  4.029000E+03 -9.221008E-01
  4.029500E+03 -9.747153E-01
  4.030000E+03 -1.010691E+00
  4.030500E+03 -1.029159E+00
  4.031000E+03 -1.029631E+00
  4.031500E+03 -1.011996E+00
  4.032000E+03 -9.765153E-01
  4.032500E+03 -9.238071E-01
  4.033000E+03 -8.548182E-01
  4.033500E+03 -7.707930E-01
  4.034000E+03 -6.732338E-01
  4.034500E+03 -5.638572E-01
  4.035000E+03 -4.445461E-01
  4.035500E+03 -3.173015E-01
  4.036000E+03 -1.841923E-01
  4.036500E+03 -4.730801E-02
  4.037000E+03  9.128682E-02
  4.037500E+03  2.295939E-01
  4.038000E+03  3.657172E-01
  4.038500E+03  4.978934E-01
  4.039000E+03  6.245155E-01
  4.039500E+03  7.441501E-01
  4.040000E+03  8.555468E-01
  4.040500E+03  9.576424E-01
  4.041000E+03  1.049558E+00
  4.041500E+03  1.130590E+00
  4.042000E+03  1.200198E+00
  4.042500E+03  1.257989E+00
  4.043000E+03  1.303698E+00
  4.043500E+03  1.337167E+00
  4.044000E+03  1.358329E+00
  4.044500E+03  1.367182E+00
  4.045000E+03  1.363781E+00
  4.045500E+03  1.348217E+00
  4.046000E+03  1.320610E+00
  4.046500E+03  1.281106E+00
  4.047000E+03  1.229870E+00
  4.047500E+03  1.167093E+00
  4.048000E+03  1.092998E+00
  4.048500E+03  1.007851E+00
  4.049000E+03  9.119779E-01
  4.049500E+03  8.057754E-01
  4.050000E+03  6.897329E-01
  4.050500E+03  5.644484E-01
  4.051000E+03  4.306454E-01
  4.051500E+03  2.891872E-01
  4.052000E+03  1.410880E-01
  4.052500E+03 -1.248007E-02
  4.053000E+03 -1.701851E-01
  4.053500E+03 -3.305391E-01
  4.054000E+03 -4.919076E-01
  4.054500E+03 -6.525256E-01
  4.055000E+03 -8.105196E-01
  4.055500E+03 -9.639350E-01
  4.056000E+03 -1.110769E+00
  4.056500E+03 -1.249007E+00
  4.057000E+03 -1.376663E+00
  4.057500E+03 -1.491821E+00
  4.058000E+03 -1.592679E+00
  4.058500E+03 -1.677590E+00
  4.059000E+03 -1.745100E+00
  4.059500E+03 -1.793988E+00
  4.060000E+03 -1.823295E+00
  4.060500E+03 -1.832351E+00
  4.061000E+03 -1.820794E+00
  4.061500E+03 -1.788581E+00
  4.062000E+03 -1.735993E+00
  4.062500E+03 -1.663631E+00
  4.063000E+03 -1.572407E+00
  4.063500E+03 -1.463518E+00
  4.064000E+03 -1.338429E+00
  4.064500E+03 -1.198834E+00
  4.065000E+03 -1.046622E+00
  4.065500E+03 -8.838386E-01
  4.066000E+03 -7.126403E-01
  4.066500E+03 -5.352514E-01
  4.067000E+03 -3.539209E-01
  4.067500E+03 -1.708796E-01
  4.068000E+03  1.169854E-02
  4.068500E+03  1.917326E-01
  4.069000E+03  3.672655E-01
  4.069500E+03  5.364900E-01
  4.070000E+03  6.977684E-01
  4.070500E+03  8.496473E-01
  4.071000E+03  9.908655E-01
  4.071500E+03  1.120357E+00
  4.072000E+03  1.237249E+00
  4.072500E+03  1.340854E+00
  4.073000E+03  1.430661E+00
  4.073500E+03  1.506320E+00
  4.074000E+03  1.567629E+00
  4.074500E+03  1.614516E+00
  4.075000E+03  1.647024E+00
  4.075500E+03  1.665292E+00
  4.076000E+03  1.669547E+00
  4.076500E+03  1.660084E+00
  4.077000E+03  1.637263E+00
  4.077500E+03  1.601498E+00
  4.078000E+03  1.553253E+00
  4.078500E+03  1.493040E+00
  4.079000E+03  1.421421E+00
  4.079500E+03  1.339010E+00
  4.080000E+03  1.246474E+00
  4.080500E+03  1.144539E+00
  4.081000E+03  1.033996E+00
  4.081500E+03  9.157044E-01
  4.082000E+03  7.905908E-01
  4.082500E+03  6.596541E-01
  4.083000E+03  5.239618E-01
  4.083500E+03  3.846460E-01
  4.084000E+03  2.428957E-01
  4.084500E+03  9.994685E-02
  4.085000E+03 -4.293114E-02
  4.085500E+03 -1.844511E-01
  4.086000E+03 -3.233263E-01
  4.086500E+03 -4.582899E-01
  4.087000E+03 -5.881157E-01
  4.087500E+03 -7.116390E-01
  4.088000E+03 -8.277767E-01
  4.088500E+03 -9.355465E-01
  4.089000E+03 -1.034083E+00
  4.089500E+03 -1.122652E+00
  4.090000E+03 -1.200661E+00
  4.090500E+03 -1.267666E+00
  4.091000E+03 -1.323372E+00
  4.091500E+03 -1.367634E+00
  4.092000E+03 -1.400447E+00
  4.092500E+03 -1.421940E+00
  4.093000E+03 -1.432359E+00
  4.093500E+03 -1.432049E+00
  4.094000E+03 -1.421438E+00
  4.094500E+03 -1.401015E+00
  4.095000E+03 -1.371307E+00
  4.095500E+03 -1.332860E+00
  4.096000E+03 -1.286218E+00
  4.096500E+03 -1.231905E+00
  4.097000E+03 -1.170412E+00
  4.097500E+03 -1.102186E+00
  4.098000E+03 -1.027621E+00
  4.098500E+03 -9.470569E-01
  4.099000E+03 -8.607822E-01
  4.099500E+03 -7.690402E-01
  4.100000E+03 -6.720407E-01
  4.100500E+03 -5.699744E-01
  4.101000E+03 -4.630315E-01
  4.101500E+03 -3.514217E-01
  4.102000E+03 -2.353968E-01
  4.102500E+03 -1.152726E-01
  4.103000E+03  8.549445E-03
  4.103500E+03  1.355621E-01
  4.104000E+03  2.651356E-01
  4.104500E+03  3.965041E-01
  4.105000E+03  5.287571E-01
  4.105500E+03  6.608363E-01
  4.106000E+03  7.915377E-01
  4.106500E+03  9.195205E-01
  4.107000E+03  1.043322E+00
  4.107500E+03  1.161377E+00
  4.108000E+03  1.272047E+00
  4.108500E+03  1.373649E+00
  4.109000E+03  1.464493E+00
  4.109500E+03  1.542917E+00
  4.110000E+03  1.607336E+00
  4.110500E+03  1.656273E+00
  4.111000E+03  1.688412E+00
  4.111500E+03  1.702628E+00
  4.112000E+03  1.698032E+00
  4.112500E+03  1.673996E+00
  4.113000E+03  1.630188E+00
  4.113500E+03  1.566589E+00
  4.114000E+03  1.483510E+00
  4.114500E+03  1.381595E+00
  4.115000E+03  1.261826E+00
  4.115500E+03  1.125512E+00
  4.116000E+03  9.742682E-01
  4.116500E+03  8.099988E-01
  4.117000E+03  6.348614E-01
  4.117500E+03  4.512307E-01
  4.118000E+03  2.616560E-01
  4.118500E+03  6.881368E-02
  4.119000E+03 -1.245428E-01
  4.119500E+03 -3.156355E-01
  4.120000E+03 -5.017144E-01
  4.120500E+03 -6.801105E-01
  4.121000E+03 -8.482857E-01
  4.121500E+03 -1.003881E+00
  4.122000E+03 -1.144760E+00
  4.122500E+03 -1.269045E+00
  4.123000E+03 -1.375156E+00
  4.123500E+03 -1.461828E+00
  4.124000E+03 -1.528139E+00
  4.124500E+03 -1.573513E+00
  4.125000E+03 -1.597734E+00
  4.125500E+03 -1.600934E+00
  4.126000E+03 -1.583589E+00
  4.126500E+03 -1.546500E+00
  4.127000E+03 -1.490769E+00
  4.127500E+03 -1.417773E+00
  4.128000E+03 -1.329125E+00
  4.128500E+03 -1.226642E+00
  4.129000E+03 -1.112301E+00
  4.129500E+03 -9.881999E-01
  4.130000E+03 -8.565078E-01
  4.130500E+03 -7.194265E-01
  4.131000E+03 -5.791450E-01
  4.131500E+03 -4.377994E-01
  4.132000E+03 -2.974339E-01
  4.132500E+03 -1.599664E-01
  4.133000E+03 -2.715786E-02
  4.133500E+03  9.941385E-02
  4.134000E+03  2.183743E-01
  4.134500E+03  3.285676E-01
  4.135000E+03  4.290658E-01
  4.135500E+03  5.191724E-01
  4.136000E+03  5.984203E-01
  4.136500E+03  6.665644E-01
  4.137000E+03  7.235687E-01
  4.137500E+03  7.695899E-01
  4.138000E+03  8.049557E-01
  4.138500E+03  8.301417E-01
  4.139000E+03  8.457440E-01
  4.139500E+03  8.524519E-01
  4.140000E+03  8.510191E-01
  4.140500E+03  8.422350E-01
  4.141000E+03  8.268981E-01
  4.141500E+03  8.057900E-01
  4.142000E+03  7.796534E-01
  4.142500E+03  7.491724E-01
  4.143000E+03  7.149573E-01
  4.143500E+03  6.775339E-01
  4.144000E+03  6.373365E-01
  4.144500E+03  5.947068E-01
  4.145000E+03  5.498962E-01
  4.145500E+03  5.030738E-01
  4.146000E+03  4.543374E-01
  4.146500E+03  4.037288E-01
  4.147000E+03  3.512513E-01
  4.147500E+03  2.968897E-01
  4.148000E+03  2.406317E-01
  4.148500E+03  1.824895E-01
  4.149000E+03  1.225204E-01
  4.149500E+03  6.084645E-02
  4.150000E+03 -2.328523E-03
  4.150500E+03 -6.670505E-02
  4.151000E+03 -1.318782E-01
  4.151500E+03 -1.973321E-01
  4.152000E+03 -2.624395E-01
  4.152500E+03 -3.264661E-01
  4.153000E+03 -3.885810E-01
  4.153500E+03 -4.478705E-01
  4.154000E+03 -5.033587E-01
  4.154500E+03 -5.540303E-01
  4.155000E+03 -5.988582E-01
  4.155500E+03 -6.368334E-01
  4.156000E+03 -6.669958E-01
  4.156500E+03 -6.884667E-01
  4.157000E+03 -7.004805E-01
  4.157500E+03 -7.024139E-01
  4.158000E+03 -6.938137E-01
  4.158500E+03 -6.744199E-01
  4.159000E+03 -6.441849E-01
  4.159500E+03 -6.032861E-01
  4.160000E+03 -5.521340E-01
  4.160500E+03 -4.913723E-01
  4.161000E+03 -4.218724E-01
  4.161500E+03 -3.447206E-01
  4.162000E+03 -2.611990E-01
  4.162500E+03 -1.727606E-01
  4.163000E+03 -8.099835E-02
  4.163500E+03  1.238970E-02
  4.164000E+03  1.056390E-01
  4.164500E+03  1.969599E-01
  4.165000E+03  2.845800E-01
  4.165500E+03  3.667866E-01
  4.166000E+03  4.419684E-01
  4.166500E+03  5.086539E-01
  4.167000E+03  5.655477E-01
  4.167500E+03  6.115605E-01
  4.168000E+03  6.458357E-01
  4.168500E+03  6.677679E-01
  4.169000E+03  6.770164E-01
  4.169500E+03  6.735108E-01
  4.170000E+03  6.574504E-01
  4.170500E+03  6.292958E-01
  4.171000E+03  5.897548E-01
  4.171500E+03  5.397618E-01
  4.172000E+03  4.804520E-01
  4.172500E+03  4.131314E-01
  4.173000E+03  3.392424E-01
  4.173500E+03  2.603281E-01
  4.174000E+03  1.779939E-01
  4.174500E+03  9.386961E-02
  4.175000E+03  9.571761E-03
  4.175500E+03 -7.333216E-02
  4.176000E+03 -1.533570E-01
  4.176500E+03 -2.291300E-01
  4.177000E+03 -2.994164E-01
  4.177500E+03 -3.631408E-01
  4.178000E+03 -4.194034E-01
  4.178500E+03 -4.674913E-01
  4.179000E+03 -5.068843E-01
  4.179500E+03 -5.372561E-01
  4.180000E+03 -5.584696E-01
  4.180500E+03 -5.705692E-01
  4.181000E+03 -5.737682E-01
  4.181500E+03 -5.684327E-01
  4.182000E+03 -5.550634E-01
  4.182500E+03 -5.342747E-01
  4.183000E+03 -5.067725E-01
  4.183500E+03 -4.733322E-01
  4.184000E+03 -4.347750E-01
  4.184500E+03 -3.919467E-01
  4.185000E+03 -3.456959E-01
  4.185500E+03 -2.968558E-01
  4.186000E+03 -2.462263E-01
  4.186500E+03 -1.945598E-01
  4.187000E+03 -1.425492E-01
  4.187500E+03 -9.081868E-02
  4.188000E+03 -3.991803E-02
  4.188500E+03  9.681113E-03
  4.189000E+03  5.758554E-02
  4.189500E+03  1.034784E-01
  4.190000E+03  1.471148E-01
  4.190500E+03  1.883153E-01
  4.191000E+03  2.269579E-01
  4.191500E+03  2.629686E-01
  4.192000E+03  2.963112E-01
  4.192500E+03  3.269761E-01
  4.193000E+03  3.549702E-01
  4.193500E+03  3.803059E-01
  4.194000E+03  4.029914E-01
  4.194500E+03  4.230225E-01
  4.195000E+03  4.403751E-01
  4.195500E+03  4.549995E-01
  4.196000E+03  4.668172E-01
  4.196500E+03  4.757192E-01
  4.197000E+03  4.815666E-01
  4.197500E+03  4.841931E-01
  4.198000E+03  4.834105E-01
  4.198500E+03  4.790148E-01
  4.199000E+03  4.707956E-01
  4.199500E+03  4.585460E-01
  4.200000E+03  4.420737E-01
  4.200500E+03  4.212138E-01
  4.201000E+03  3.958412E-01
  4.201500E+03  3.658827E-01
  4.202000E+03  3.313298E-01
  4.202500E+03  2.922488E-01
  4.203000E+03  2.487905E-01
  4.203500E+03  2.011976E-01
  4.204000E+03  1.498091E-01
  4.204500E+03  9.506316E-02
  4.205000E+03  3.749532E-02
  4.205500E+03 -2.226519E-02
  4.206000E+03 -8.350322E-02
  4.206500E+03 -1.454285E-01
  4.207000E+03 -2.071896E-01
  4.207500E+03 -2.678909E-01
  4.208000E+03 -3.266117E-01
  4.208500E+03 -3.824278E-01
  4.209000E+03 -4.344336E-01
  4.209500E+03 -4.817660E-01
  4.210000E+03 -5.236276E-01
  4.210500E+03 -5.593084E-01
  4.211000E+03 -5.882073E-01
  4.211500E+03 -6.098499E-01
  4.212000E+03 -6.239040E-01
  4.212500E+03 -6.301907E-01
  4.213000E+03 -6.286913E-01
  4.213500E+03 -6.195498E-01
  4.214000E+03 -6.030701E-01
  4.214500E+03 -5.797083E-01
  4.215000E+03 -5.500597E-01
  4.215500E+03 -5.148415E-01
  4.216000E+03 -4.748712E-01
  4.216500E+03 -4.310412E-01
  4.217000E+03 -3.842912E-01
  4.217500E+03 -3.355781E-01
  4.218000E+03 -2.858452E-01
  4.218500E+03 -2.359926E-01
  4.219000E+03 -1.868476E-01
  4.219500E+03 -1.391389E-01
  4.220000E+03 -9.347352E-02
  4.220500E+03 -5.031860E-02
  4.221000E+03 -9.988558E-03
  4.221500E+03  2.736199E-02
  4.222000E+03  6.173884E-02
  4.222500E+03  9.330231E-02
  4.223000E+03  1.223549E-01
  4.223500E+03  1.493228E-01
  4.224000E+03  1.747316E-01
  4.224500E+03  1.991778E-01
  4.225000E+03  2.232958E-01
  4.225500E+03  2.477228E-01
  4.226000E+03  2.730621E-01
  4.226500E+03  2.998469E-01
  4.227000E+03  3.285058E-01
  4.227500E+03  3.593303E-01
  4.228000E+03  3.924486E-01
  4.228500E+03  4.278031E-01
  4.229000E+03  4.651358E-01
  4.229500E+03  5.039815E-01
  4.230000E+03  5.436681E-01
  4.230500E+03  5.833261E-01
  4.231000E+03  6.219070E-01
  4.231500E+03  6.582086E-01
  4.232000E+03  6.909090E-01
  4.232500E+03  7.186063E-01
  4.233000E+03  7.398646E-01
  4.233500E+03  7.532625E-01
  4.234000E+03  7.574457E-01
  4.234500E+03  7.511784E-01
  4.235000E+03  7.333946E-01
  4.235500E+03  7.032460E-01
  4.236000E+03  6.601444E-01
  4.236500E+03  6.037987E-01
  4.237000E+03  5.342429E-01
  4.237500E+03  4.518559E-01
  4.238000E+03  3.573698E-01
  4.238500E+03  2.518694E-01
  4.239000E+03  1.367788E-01
  4.239500E+03  1.383880E-02
  4.240000E+03 -1.149274E-01
  4.240500E+03 -2.472568E-01
  4.241000E+03 -3.806988E-01
  4.241500E+03 -5.126732E-01
  4.242000E+03 -6.405342E-01
  4.242500E+03 -7.616373E-01
  4.243000E+03 -8.734080E-01
  4.243500E+03 -9.734093E-01
  4.244000E+03 -1.059407E+00
  4.244500E+03 -1.129430E+00
  4.245000E+03 -1.181823E+00
  4.245500E+03 -1.215294E+00
  4.246000E+03 -1.228949E+00
  4.246500E+03 -1.222318E+00
  4.247000E+03 -1.195367E+00
  4.247500E+03 -1.148506E+00
  4.248000E+03 -1.082572E+00
  4.248500E+03 -9.988157E-01
  4.249000E+03 -8.988645E-01
  4.249500E+03 -7.846846E-01
  4.250000E+03 -6.585303E-01
  4.250500E+03 -5.228880E-01
  4.251000E+03 -3.804143E-01
  4.251500E+03 -2.338711E-01
  4.252000E+03 -8.605927E-02
  4.252500E+03  6.024781E-02
  4.253000E+03  2.023678E-01
  4.253500E+03  3.377696E-01
  4.254000E+03  4.641276E-01
  4.254500E+03  5.793699E-01
  4.255000E+03  6.817174E-01
  4.255500E+03  7.697153E-01
  4.256000E+03  8.422546E-01
  4.256500E+03  8.985844E-01
  4.257000E+03  9.383145E-01
  4.257500E+03  9.614089E-01
  4.258000E+03  9.681710E-01
  4.258500E+03  9.592201E-01
  4.259000E+03  9.354623E-01
  4.259500E+03  8.980547E-01
  4.260000E+03  8.483655E-01
  4.260500E+03  7.879314E-01
  4.261000E+03  7.184127E-01
  4.261500E+03  6.415483E-01
  4.262000E+03  5.591113E-01
  4.262500E+03  4.728666E-01
  4.263000E+03  3.845317E-01
  4.263500E+03  2.957417E-01
  4.264000E+03  2.080177E-01
  4.264500E+03  1.227421E-01
  4.265000E+03  4.113817E-02
  4.265500E+03 -3.574453E-02
  4.266000E+03 -1.070385E-01
  4.266500E+03 -1.720616E-01
  4.267000E+03 -2.303154E-01
  4.267500E+03 -2.814781E-01
  4.268000E+03 -3.253940E-01
  4.268500E+03 -3.620594E-01
  4.269000E+03 -3.916052E-01
  4.269500E+03 -4.142782E-01
  4.270000E+03 -4.304203E-01
  4.270500E+03 -4.404483E-01
  4.271000E+03 -4.448320E-01
  4.271500E+03 -4.440751E-01
  4.272000E+03 -4.386959E-01
  4.272500E+03 -4.292106E-01
  4.273000E+03 -4.161182E-01
  4.273500E+03 -3.998886E-01
  4.274000E+03 -3.809526E-01
  4.274500E+03 -3.596954E-01
  4.275000E+03 -3.364526E-01
  4.275500E+03 -3.115083E-01
  4.276000E+03 -2.850973E-01
  4.276500E+03 -2.574077E-01
  4.277000E+03 -2.285869E-01
  4.277500E+03 -1.987490E-01
  4.278000E+03 -1.679830E-01
  4.278500E+03 -1.363624E-01
  4.279000E+03 -1.039550E-01
  4.279500E+03 -7.083290E-02
  4.280000E+03 -3.708201E-02
  4.280500E+03 -2.810957E-03
  4.281000E+03  3.184122E-02
  4.281500E+03  6.669880E-02
  4.282000E+03  1.015447E-01
  4.282500E+03  1.361178E-01
  4.283000E+03  1.701120E-01
  4.283500E+03  2.031781E-01
  4.284000E+03  2.349267E-01
  4.284500E+03  2.649344E-01
  4.285000E+03  2.927507E-01
  4.285500E+03  3.179078E-01
  4.286000E+03  3.399311E-01
  4.286500E+03  3.583514E-01
  4.287000E+03  3.727175E-01
  4.287500E+03  3.826095E-01
  4.288000E+03  3.876527E-01
  4.288500E+03  3.875299E-01
  4.289000E+03  3.819941E-01
  4.289500E+03  3.708798E-01
  4.290000E+03  3.541118E-01
  4.290500E+03  3.317135E-01
  4.291000E+03  3.038119E-01
  4.291500E+03  2.706407E-01
  4.292000E+03  2.325404E-01
  4.292500E+03  1.899564E-01
  4.293000E+03  1.434332E-01
  4.293500E+03  9.360691E-02
  4.294000E+03  4.119507E-02
  4.294500E+03 -1.301628E-02
  4.295000E+03 -6.818717E-02
  4.295500E+03 -1.234399E-01
  4.296000E+03 -1.778769E-01
  4.296500E+03 -2.305987E-01
  4.297000E+03 -2.807227E-01
  4.297500E+03 -3.274019E-01
  4.298000E+03 -3.698426E-01
  4.298500E+03 -4.073209E-01
  4.299000E+03 -4.391981E-01
  4.299500E+03 -4.649337E-01
  4.300000E+03 -4.840967E-01
  4.300500E+03 -4.963736E-01
  4.301000E+03 -5.015739E-01
  4.301500E+03 -4.996338E-01
  4.302000E+03 -4.906151E-01
  4.302500E+03 -4.747033E-01
  4.303000E+03 -4.522017E-01
  4.303500E+03 -4.235236E-01
  4.304000E+03 -3.891821E-01
  4.304500E+03 -3.497785E-01
  4.305000E+03 -3.059884E-01
  4.305500E+03 -2.585472E-01
  4.306000E+03 -2.082350E-01
  4.306500E+03 -1.558604E-01
  4.307000E+03 -1.022451E-01
  4.307500E+03 -4.820834E-02
  4.308000E+03  5.447560E-03
  4.308500E+03  5.795117E-02
  4.309000E+03  1.085744E-01
  4.309500E+03  1.566436E-01
  4.310000E+03  2.015494E-01
  4.310500E+03  2.427547E-01
  4.311000E+03  2.798012E-01
  4.311500E+03  3.123141E-01
  4.312000E+03  3.400057E-01
  4.312500E+03  3.626768E-01
  4.313000E+03  3.802173E-01
  4.313500E+03  3.926052E-01
  4.314000E+03  3.999041E-01
  4.314500E+03  4.022600E-01
  4.315000E+03  3.998967E-01
  4.315500E+03  3.931106E-01
  4.316000E+03  3.822640E-01
  4.316500E+03  3.677781E-01
  4.317000E+03  3.501251E-01
  4.317500E+03  3.298193E-01
  4.318000E+03  3.074076E-01
  4.318500E+03  2.834595E-01
  4.319000E+03  2.585565E-01
  4.319500E+03  2.332808E-01
  4.320000E+03  2.082036E-01
  4.320500E+03  1.838734E-01
  4.321000E+03  1.608040E-01
  4.321500E+03  1.394627E-01
  4.322000E+03  1.202584E-01
  4.322500E+03  1.035311E-01
  4.323000E+03  8.954131E-02
  4.323500E+03  7.846157E-02
  4.324000E+03  7.036854E-02
  4.324500E+03  6.523756E-02
  4.325000E+03  6.293899E-02
  4.325500E+03  6.323693E-02
  4.326000E+03  6.579061E-02
  4.326500E+03  7.015845E-02
  4.327000E+03  7.580506E-02
  4.327500E+03  8.211114E-02
  4.328000E+03  8.838623E-02
  4.328500E+03  9.388423E-02
  4.329000E+03  9.782138E-02
  4.329500E+03  9.939648E-02
  4.330000E+03  9.781286E-02
  4.330500E+03  9.230160E-02
  4.331000E+03  8.214559E-02
  4.331500E+03  6.670359E-02
  4.332000E+03  4.543382E-02
  4.332500E+03  1.791632E-02
  4.333000E+03 -1.612661E-02
  4.333500E+03 -5.681245E-02
  4.334000E+03 -1.040837E-01
  4.334500E+03 -1.576971E-01
  4.335000E+03 -2.172162E-01
  4.335500E+03 -2.820097E-01
  4.336000E+03 -3.512540E-01
  4.336500E+03 -4.239404E-01
  4.337000E+03 -4.988878E-01
  4.337500E+03 -5.747606E-01
  4.338000E+03 -6.500902E-01
  4.338500E+03 -7.233019E-01
  4.339000E+03 -7.927450E-01
  4.339500E+03 -8.567257E-01
  4.340000E+03 -9.135434E-01
  4.340500E+03 -9.615283E-01
  4.341000E+03 -9.990791E-01
  4.341500E+03 -1.024702E+00
  4.342000E+03 -1.037049E+00
  4.342500E+03 -1.034950E+00
  4.343000E+03 -1.017452E+00
  4.343500E+03 -9.838440E-01
  4.344000E+03 -9.336832E-01
  4.344500E+03 -8.668179E-01
  4.345000E+03 -7.834013E-01
  4.345500E+03 -6.839017E-01
  4.346000E+03 -5.691058E-01
  4.346500E+03 -4.401158E-01
  4.347000E+03 -2.983403E-01
  4.347500E+03 -1.454781E-01
  4.348000E+03  1.650338E-02
  4.348500E+03  1.853961E-01
  4.349000E+03  3.587851E-01
  4.349500E+03  5.340870E-01
  4.350000E+03  7.085926E-01
  4.350500E+03  8.795138E-01
  4.351000E+03  1.044033E+00
  4.351500E+03  1.199354E+00
  4.352000E+03  1.342755E+00
  4.352500E+03  1.471642E+00
  4.353000E+03  1.583598E+00
  4.353500E+03  1.676433E+00
  4.354000E+03  1.748233E+00
  4.354500E+03  1.797400E+00
  4.355000E+03  1.822690E+00
  4.355500E+03  1.823245E+00
  4.356000E+03  1.798616E+00
  4.356500E+03  1.748784E+00
  4.357000E+03  1.674166E+00
  4.357500E+03  1.575616E+00
  4.358000E+03  1.454419E+00
  4.358500E+03  1.312274E+00
  4.359000E+03  1.151267E+00
  4.359500E+03  9.738354E-01
  4.360000E+03  7.827300E-01
  4.360500E+03  5.809618E-01
  4.361000E+03  3.717468E-01
  4.361500E+03  1.584445E-01
  4.362000E+03 -5.550805E-02
  4.362500E+03 -2.666653E-01
  4.363000E+03 -4.716428E-01
  4.363500E+03 -6.671870E-01
  4.364000E+03 -8.502431E-01
  4.364500E+03 -1.018019E+00
  4.365000E+03 -1.168044E+00
  4.365500E+03 -1.298222E+00
  4.366000E+03 -1.406873E+00
  4.366500E+03 -1.492769E+00
  4.367000E+03 -1.555157E+00
  4.367500E+03 -1.593774E+00
  4.368000E+03 -1.608844E+00
  4.368500E+03 -1.601068E+00
  4.369000E+03 -1.571602E+00
  4.369500E+03 -1.522023E+00
  4.370000E+03 -1.454281E+00
  4.370500E+03 -1.370648E+00
  4.371000E+03 -1.273654E+00
  4.371500E+03 -1.166019E+00
  4.372000E+03 -1.050579E+00
  4.372500E+03 -9.302110E-01
  4.373000E+03 -8.077559E-01
  4.373500E+03 -6.859462E-01
  4.374000E+03 -5.673344E-01
  4.374500E+03 -4.542290E-01
  4.375000E+03 -3.486381E-01
  4.375500E+03 -2.522223E-01
  4.376000E+03 -1.662582E-01
  4.376500E+03 -9.161419E-02
  4.377000E+03 -2.873841E-02
  4.377500E+03  2.234068E-02
  4.378000E+03  6.200084E-02
  4.378500E+03  9.100061E-02
  4.379000E+03  1.104427E-01
  4.379500E+03  1.217271E-01
  4.380000E+03  1.264966E-01
  4.380500E+03  1.265744E-01
  4.381000E+03  1.238984E-01
  4.381500E+03  1.204522E-01
  4.382000E+03  1.181965E-01
  4.382500E+03  1.190017E-01
  4.383000E+03  1.245853E-01
  4.383500E+03  1.364545E-01
  4.384000E+03  1.558574E-01
  4.384500E+03  1.837423E-01
  4.385000E+03  2.207281E-01
  4.385500E+03  2.670849E-01
  4.386000E+03  3.227268E-01
  4.386500E+03  3.872152E-01
  4.387000E+03  4.597737E-01
  4.387500E+03  5.393125E-01
  4.388000E+03  6.244625E-01
  4.388500E+03  7.136169E-01
  4.389000E+03  8.049786E-01
  4.389500E+03  8.966130E-01
  4.390000E+03  9.865021E-01
  4.390500E+03  1.072600E+00
  4.391000E+03  1.152888E+00
  4.391500E+03  1.225426E+00
  4.392000E+03  1.288397E+00
  4.392500E+03  1.340154E+00
  4.393000E+03  1.379249E+00
  4.393500E+03  1.404464E+00
  4.394000E+03  1.414831E+00
  4.394500E+03  1.409640E+00
  4.395000E+03  1.388445E+00
  4.395500E+03  1.351061E+00
  4.396000E+03  1.297551E+00
  4.396500E+03  1.228214E+00
  4.397000E+03  1.143562E+00
  4.397500E+03  1.044297E+00
  4.398000E+03  9.312852E-01
  4.398500E+03  8.055339E-01
  4.399000E+03  6.681628E-01
  4.399500E+03  5.203820E-01
  4.400000E+03  3.634713E-01
  4.400500E+03  1.987624E-01
  4.401000E+03  2.762585E-02
  4.401500E+03 -1.485390E-01
  4.402000E+03 -3.283085E-01
  4.402500E+03 -5.102369E-01
  4.403000E+03 -6.928537E-01
  4.403500E+03 -8.746603E-01
  4.404000E+03 -1.054123E+00
  4.404500E+03 -1.229668E+00
  4.405000E+03 -1.399674E+00
  4.405500E+03 -1.562470E+00
  4.406000E+03 -1.716331E+00
  4.406500E+03 -1.859484E+00
  4.407000E+03 -1.990115E+00
  4.407500E+03 -2.106378E+00
  4.408000E+03 -2.206419E+00
  4.408500E+03 -2.288396E+00
  4.409000E+03 -2.350512E+00
  4.409500E+03 -2.391050E+00
  4.410000E+03 -2.408410E+00
  4.410500E+03 -2.401160E+00
  4.411000E+03 -2.368074E+00
  4.411500E+03 -2.308187E+00
  4.412000E+03 -2.220835E+00
  4.412500E+03 -2.105701E+00
  4.413000E+03 -1.962859E+00
  4.413500E+03 -1.792801E+00
  4.414000E+03 -1.596471E+00
  4.414500E+03 -1.375278E+00
  4.415000E+03 -1.131105E+00
  4.415500E+03 -8.663056E-01
  4.416000E+03 -5.836906E-01
  4.416500E+03 -2.864985E-01
  4.417000E+03  2.164197E-02
  4.417500E+03  3.367630E-01
  4.418000E+03  6.546186E-01
  4.418500E+03  9.707558E-01
  4.419000E+03  1.280593E+00
  4.419500E+03  1.579505E+00
  4.420000E+03  1.862912E+00
  4.420500E+03  2.126374E+00
  4.421000E+03  2.365676E+00
  4.421500E+03  2.576922E+00
  4.422000E+03  2.756615E+00
  4.422500E+03  2.901737E+00
  4.423000E+03  3.009813E+00
  4.423500E+03  3.078969E+00
  4.424000E+03  3.107976E+00
  4.424500E+03  3.096278E+00
  4.425000E+03  3.044014E+00
  4.425500E+03  2.952008E+00
  4.426000E+03  2.821765E+00
  4.426500E+03  2.655434E+00
  4.427000E+03  2.455770E+00
  4.427500E+03  2.226074E+00
  4.428000E+03  1.970126E+00
  4.428500E+03  1.692109E+00
  4.429000E+03  1.396520E+00
  4.429500E+03  1.088083E+00
  4.430000E+03  7.716495E-01
  4.430500E+03  4.521053E-01
  4.431000E+03  1.342744E-01
  4.431500E+03 -1.771731E-01
  4.432000E+03 -4.778069E-01
  4.432500E+03 -7.635164E-01
  4.433000E+03 -1.030580E+00
  4.433500E+03 -1.275727E+00
  4.434000E+03 -1.496181E+00
  4.434500E+03 -1.689701E+00
  4.435000E+03 -1.854603E+00
  4.435500E+03 -1.989766E+00
  4.436000E+03 -2.094636E+00
  4.436500E+03 -2.169203E+00
  4.437000E+03 -2.213982E+00
  4.437500E+03 -2.229969E+00
  4.438000E+03 -2.218602E+00
  4.438500E+03 -2.181698E+00
  4.439000E+03 -2.121403E+00
  4.439500E+03 -2.040119E+00
  4.440000E+03 -1.940444E+00
  4.440500E+03 -1.825100E+00
  4.441000E+03 -1.696866E+00
  4.441500E+03 -1.558520E+00
  4.442000E+03 -1.412772E+00
  4.442500E+03 -1.262211E+00
  4.443000E+03 -1.109261E+00
  4.443500E+03 -9.561357E-01
  4.444000E+03 -8.048094E-01
  4.444500E+03 -6.569913E-01
  4.445000E+03 -5.141115E-01
  4.445500E+03 -3.773145E-01
  4.446000E+03 -2.474622E-01
  4.446500E+03 -1.251429E-01
  4.447000E+03 -1.069015E-02
  4.447500E+03  9.579468E-02
  4.448000E+03  1.944126E-01
  4.448500E+03  2.854343E-01
  4.449000E+03  3.692636E-01
  4.449500E+03  4.464006E-01
  4.450000E+03  5.174027E-01
  4.450500E+03  5.828483E-01
  4.451000E+03  6.433015E-01
  4.451500E+03  6.992800E-01
  4.452000E+03  7.512278E-01
  4.452500E+03  7.994918E-01
  4.453000E+03  8.443045E-01
  4.453500E+03  8.857724E-01
  4.454000E+03  9.238709E-01
  4.454500E+03  9.584442E-01
  4.455000E+03  9.892127E-01
  4.455500E+03  1.015785E+00
  4.456000E+03  1.037675E+00
  4.456500E+03  1.054323E+00
  4.457000E+03  1.065122E+00
  4.457500E+03  1.069445E+00
  4.458000E+03  1.066675E+00
  4.458500E+03  1.056232E+00
  4.459000E+03  1.037606E+00
  4.459500E+03  1.010383E+00
  4.460000E+03  9.742688E-01
  4.460500E+03  9.291148E-01
  4.461000E+03  8.749323E-01
  4.461500E+03  8.119070E-01
  4.462000E+03  7.404062E-01
  4.462500E+03  6.609812E-01
  4.463000E+03  5.743639E-01
  4.463500E+03  4.814576E-01
  4.464000E+03  3.833226E-01
  4.464500E+03  2.811569E-01
  4.465000E+03  1.762722E-01
  4.465500E+03  7.006718E-02
  4.466000E+03 -3.600359E-02
  4.466500E+03 -1.404613E-01
  4.467000E+03 -2.418366E-01
  4.467500E+03 -3.387023E-01
  4.468000E+03 -4.297063E-01
  4.468500E+03 -5.136021E-01
  4.469000E+03 -5.892761E-01
  4.469500E+03 -6.557724E-01
  4.470000E+03 -7.123126E-01
  4.470500E+03 -7.583117E-01
  4.471000E+03 -7.933879E-01
  4.471500E+03 -8.173684E-01
  4.472000E+03 -8.302886E-01
  4.472500E+03 -8.323869E-01
  4.473000E+03 -8.240944E-01
  4.473500E+03 -8.060199E-01
  4.474000E+03 -7.789303E-01
  4.474500E+03 -7.437289E-01
  4.475000E+03 -7.014296E-01
  4.475500E+03 -6.531300E-01
  4.476000E+03 -5.999831E-01
  4.476500E+03 -5.431689E-01
  4.477000E+03 -4.838661E-01
  4.477500E+03 -4.232254E-01
  4.478000E+03 -3.623449E-01
  4.478500E+03 -3.022476E-01
  4.479000E+03 -2.438624E-01
  4.479500E+03 -1.880085E-01
  4.480000E+03 -1.353835E-01
  4.480500E+03 -8.655546E-02
  4.481000E+03 -4.195886E-02
  4.481500E+03 -1.894604E-03
  4.482000E+03  3.346653E-02
  4.482500E+03  6.407701E-02
  4.483000E+03  9.000277E-02
  4.483500E+03  1.114109E-01
  4.484000E+03  1.285556E-01
  4.484500E+03  1.417623E-01
  4.485000E+03  1.514117E-01
  4.485500E+03  1.579225E-01
  4.486000E+03  1.617360E-01
  4.486500E+03  1.632999E-01
  4.487000E+03  1.630542E-01
  4.487500E+03  1.614188E-01
  4.488000E+03  1.587829E-01
  4.488500E+03  1.554964E-01
  4.489000E+03  1.518637E-01
  4.489500E+03  1.481401E-01
  4.490000E+03  1.445301E-01
  4.490500E+03  1.411881E-01
  4.491000E+03  1.382212E-01
  4.491500E+03  1.356932E-01
  4.492000E+03  1.336308E-01
  4.492500E+03  1.320297E-01
  4.493000E+03  1.308627E-01
  4.493500E+03  1.300871E-01
  4.494000E+03  1.296523E-01
  4.494500E+03  1.295070E-01
  4.495000E+03  1.296056E-01
  4.495500E+03  1.299135E-01
  4.496000E+03  1.304106E-01
  4.496500E+03  1.310948E-01
  4.497000E+03  1.319817E-01
  4.497500E+03  1.331050E-01
  4.498000E+03  1.345133E-01
  4.498500E+03  1.362671E-01
  4.499000E+03  1.384333E-01
  4.499500E+03  1.410795E-01
  4.500000E+03  1.442669E-01
  4.500500E+03  1.480432E-01
  4.501000E+03  1.524352E-01
  4.501500E+03  1.574418E-01
  4.502000E+03  1.630273E-01
  4.502500E+03  1.691165E-01
  4.503000E+03  1.755900E-01
  4.503500E+03  1.822820E-01
  4.504000E+03  1.889797E-01
  4.504500E+03  1.954244E-01
  4.505000E+03  2.013150E-01
  4.505500E+03  2.063135E-01
  4.506000E+03  2.100526E-01
  4.506500E+03  2.121450E-01
  4.507000E+03  2.121948E-01
  4.507500E+03  2.098095E-01
  4.508000E+03  2.046139E-01
  4.508500E+03  1.962638E-01
  4.509000E+03  1.844605E-01
  4.509500E+03  1.689639E-01
  4.510000E+03  1.496059E-01
  4.510500E+03  1.263014E-01
  4.511000E+03  9.905832E-02
  4.511500E+03  6.798428E-02
  4.512000E+03  3.329156E-02
  4.512500E+03 -4.701384E-03
  4.513000E+03 -4.557142E-02
  4.513500E+03 -8.879552E-02
  4.514000E+03 -1.337588E-01
  4.514500E+03 -1.797655E-01
  4.515000E+03 -2.260533E-01
  4.515500E+03 -2.718097E-01
  4.516000E+03 -3.161907E-01
  4.516500E+03 -3.583415E-01
  4.517000E+03 -3.974172E-01
  4.517500E+03 -4.326052E-01
  4.518000E+03 -4.631462E-01
  4.518500E+03 -4.883550E-01
  4.519000E+03 -5.076391E-01
  4.519500E+03 -5.205153E-01
  4.520000E+03 -5.266240E-01
  4.520500E+03 -5.257391E-01
  4.521000E+03 -5.177755E-01
  4.521500E+03 -5.027919E-01
  4.522000E+03 -4.809898E-01
  4.522500E+03 -4.527089E-01
  4.523000E+03 -4.184180E-01
  4.523500E+03 -3.787029E-01
  4.524000E+03 -3.342511E-01
  4.524500E+03 -2.858330E-01
  4.525000E+03 -2.342829E-01
  4.525500E+03 -1.804764E-01
  4.526000E+03 -1.253091E-01
  4.526500E+03 -6.967410E-02
  4.527000E+03 -1.444102E-02
  4.527500E+03  3.956392E-02
  4.528000E+03  9.157539E-02
  4.528500E+03  1.409040E-01
  4.529000E+03  1.869482E-01
  4.529500E+03  2.292027E-01
  4.530000E+03  2.672639E-01
  4.530500E+03  3.008309E-01
  4.531000E+03  3.297040E-01
  4.531500E+03  3.537795E-01
  4.532000E+03  3.730419E-01
  4.532500E+03  3.875537E-01
  4.533000E+03  3.974438E-01
  4.533500E+03  4.028947E-01
  4.534000E+03  4.041288E-01
  4.534500E+03  4.013958E-01
  4.535000E+03  3.949605E-01
  4.535500E+03  3.850915E-01
  4.536000E+03  3.720532E-01
  4.536500E+03  3.560988E-01
  4.537000E+03  3.374664E-01
  4.537500E+03  3.163779E-01
  4.538000E+03  2.930401E-01
  4.538500E+03  2.676483E-01
  4.539000E+03  2.403926E-01
  4.539500E+03  2.114652E-01
  4.540000E+03  1.810690E-01
  4.540500E+03  1.494267E-01
  4.541000E+03  1.167900E-01
  4.541500E+03  8.344742E-02
  4.542000E+03  4.973112E-02
  4.542500E+03  1.602099E-02
  4.543000E+03 -1.725359E-02
  4.543500E+03 -4.961530E-02
  4.544000E+03 -8.054379E-02
  4.544500E+03 -1.094842E-01
  4.545000E+03 -1.358592E-01
  4.545500E+03 -1.590842E-01
  4.546000E+03 -1.785857E-01
  4.546500E+03 -1.938212E-01
  4.547000E+03 -2.043021E-01
  4.547500E+03 -2.096156E-01
  4.548000E+03 -2.094474E-01
  4.548500E+03 -2.036032E-01
  4.549000E+03 -1.920274E-01
  4.549500E+03 -1.748188E-01
  4.550000E+03 -1.522424E-01
  4.550500E+03 -1.247356E-01
  4.551000E+03 -9.290967E-02
  4.551500E+03 -5.754404E-02
  4.552000E+03 -1.957521E-02
  4.552500E+03  1.992121E-02
  4.553000E+03  5.975442E-02
  4.553500E+03  9.864798E-02
  4.554000E+03  1.352743E-01
  4.554500E+03  1.682930E-01
  4.555000E+03  1.963922E-01
  4.555500E+03  2.183314E-01
  4.556000E+03  2.329839E-01
  4.556500E+03  2.393789E-01
  4.557000E+03  2.367396E-01
  4.557500E+03  2.245178E-01
  4.558000E+03  2.024222E-01
  4.558500E+03  1.704404E-01
  4.559000E+03  1.288528E-01
  4.559500E+03  7.823744E-02
  4.560000E+03  1.946658E-02
  4.560500E+03 -4.630699E-02
  4.561000E+03 -1.176722E-01
  4.561500E+03 -1.929909E-01
  4.562000E+03 -2.704373E-01
  4.562500E+03 -3.480438E-01
  4.563000E+03 -4.237534E-01
  4.563500E+03 -4.954753E-01
  4.564000E+03 -5.611440E-01
  4.564500E+03 -6.187781E-01
  4.565000E+03 -6.665389E-01
  4.565500E+03 -7.027856E-01
  4.566000E+03 -7.261255E-01
  4.566500E+03 -7.354585E-01
  4.567000E+03 -7.300132E-01
  4.567500E+03 -7.093743E-01
  4.568000E+03 -6.735001E-01
  4.568500E+03 -6.227291E-01
  4.569000E+03 -5.577763E-01
  4.569500E+03 -4.797179E-01
  4.570000E+03 -3.899665E-01
  4.570500E+03 -2.902361E-01
  4.571000E+03 -1.824985E-01
  4.571500E+03 -6.893256E-02
  4.572000E+03  4.813253E-02
  4.572500E+03  1.662780E-01
  4.573000E+03  2.830584E-01
  4.573500E+03  3.960655E-01
  4.574000E+03  5.029897E-01
  4.574500E+03  6.016790E-01
  4.575000E+03  6.901927E-01
  4.575500E+03  7.668487E-01
  4.576000E+03  8.302625E-01
  4.576500E+03  8.793781E-01
  4.577000E+03  9.134883E-01
  4.577500E+03  9.322461E-01
  4.578000E+03  9.356646E-01
  4.578500E+03  9.241077E-01
  4.579000E+03  8.982709E-01
  4.579500E+03  8.591531E-01
  4.580000E+03  8.080209E-01
  4.580500E+03  7.463662E-01
  4.581000E+03  6.758583E-01
  4.581500E+03  5.982928E-01
  4.582000E+03  5.155380E-01
  4.582500E+03  4.294815E-01
  4.583000E+03  3.419771E-01
  4.583500E+03  2.547951E-01
  4.584000E+03  1.695767E-01
  4.584500E+03  8.779377E-02
  4.585000E+03  1.071463E-02
  4.585500E+03 -6.062198E-02
  4.586000E+03 -1.254255E-01
  4.586500E+03 -1.831639E-01
  4.587000E+03 -2.335650E-01
  4.587500E+03 -2.766104E-01
  4.588000E+03 -3.125205E-01
  4.588500E+03 -3.417334E-01
  4.589000E+03 -3.648761E-01
  4.589500E+03 -3.827312E-01
  4.590000E+03 -3.961990E-01
  4.590500E+03 -4.062567E-01
  4.591000E+03 -4.139153E-01
  4.591500E+03 -4.201770E-01
  4.592000E+03 -4.259930E-01
  4.592500E+03 -4.322242E-01
  4.593000E+03 -4.396046E-01
  4.593500E+03 -4.487102E-01
  4.594000E+03 -4.599330E-01
  4.594500E+03 -4.734621E-01
  4.595000E+03 -4.892710E-01
  4.595500E+03 -5.071132E-01
  4.596000E+03 -5.265250E-01
  4.596500E+03 -5.468364E-01
  4.597000E+03 -5.671889E-01
  4.597500E+03 -5.865605E-01
  4.598000E+03 -6.037973E-01
  4.598500E+03 -6.176504E-01
  4.599000E+03 -6.268164E-01
  4.599500E+03 -6.299829E-01
  4.600000E+03 -6.258740E-01
  4.600500E+03 -6.132980E-01
  4.601000E+03 -5.911934E-01
  4.601500E+03 -5.586733E-01
  4.602000E+03 -5.150661E-01
  4.602500E+03 -4.599510E-01
  4.603000E+03 -3.931881E-01
  4.603500E+03 -3.149411E-01
  4.604000E+03 -2.256920E-01
  4.604500E+03 -1.262474E-01
  4.605000E+03 -1.773567E-02
  4.605500E+03  9.840511E-02
  4.606000E+03  2.204486E-01
  4.606500E+03  3.464102E-01
  4.607000E+03  4.740857E-01
  4.607500E+03  6.010970E-01
  4.608000E+03  7.249446E-01
  4.608500E+03  8.430650E-01
  4.609000E+03  9.528923E-01
  4.609500E+03  1.051921E+00
  4.610000E+03  1.137771E+00
  4.610500E+03  1.208247E+00
  4.611000E+03  1.261403E+00
  4.611500E+03  1.295593E+00
  4.612000E+03  1.309522E+00
  4.612500E+03  1.302284E+00
  4.613000E+03  1.273398E+00
  4.613500E+03  1.222826E+00
  4.614000E+03  1.150986E+00
  4.614500E+03  1.058751E+00
  4.615000E+03  9.474410E-01
  4.615500E+03  8.187936E-01
  4.616000E+03  6.749364E-01
  4.616500E+03  5.183411E-01
  4.617000E+03  3.517715E-01
  4.617500E+03  1.782240E-01
  4.618000E+03  8.611774E-04
  4.618500E+03 -1.770578E-01
  4.619000E+03 -3.522504E-01
  4.619500E+03 -5.214833E-01
  4.620000E+03 -6.816447E-01
  4.620500E+03 -8.298127E-01
  4.621000E+03 -9.633187E-01
  4.621500E+03 -1.079805E+00
  4.622000E+03 -1.177271E+00
  4.622500E+03 -1.254118E+00
  4.623000E+03 -1.309174E+00
  4.623500E+03 -1.341713E+00
  4.624000E+03 -1.351466E+00
  4.624500E+03 -1.338614E+00
  4.625000E+03 -1.303775E+00
  4.625500E+03 -1.247984E+00
  4.626000E+03 -1.172654E+00
  4.626500E+03 -1.079541E+00
  4.627000E+03 -9.706910E-01
  4.627500E+03 -8.483932E-01
  4.628000E+03 -7.151195E-01
  4.628500E+03 -5.734684E-01
  4.629000E+03 -4.261062E-01
  4.629500E+03 -2.757096E-01
  4.630000E+03 -1.249113E-01
  4.630500E+03  2.375134E-02
  4.631000E+03  1.678814E-01
  4.631500E+03  3.052631E-01
  4.632000E+03  4.338947E-01
  4.632500E+03  5.520156E-01
  4.633000E+03  6.581252E-01
  4.633500E+03  7.509957E-01
  4.634000E+03  8.296774E-01
  4.634500E+03  8.934979E-01
  4.635000E+03  9.420551E-01
  4.635500E+03  9.752063E-01
  4.636000E+03  9.930511E-01
  4.636500E+03  9.959133E-01
  4.637000E+03  9.843180E-01
  4.637500E+03  9.589690E-01
  4.638000E+03  9.207244E-01
  4.638500E+03  8.705720E-01
  4.639000E+03  8.096063E-01
  4.639500E+03  7.390055E-01
  4.640000E+03  6.600108E-01
  4.640500E+03  5.739070E-01
  4.641000E+03  4.820055E-01
  4.641500E+03  3.856287E-01
  4.642000E+03  2.860969E-01
  4.642500E+03  1.847162E-01
  4.643000E+03  8.276874E-02
  4.643500E+03 -1.849678E-02
  4.644000E+03 -1.178730E-01
  4.644500E+03 -2.142015E-01
  4.645000E+03 -3.063799E-01
  4.645500E+03 -3.933688E-01
  4.646000E+03 -4.741991E-01
  4.646500E+03 -5.479789E-01
  4.647000E+03 -6.139011E-01
  4.647500E+03 -6.712504E-01
  4.648000E+03 -7.194113E-01
  4.648500E+03 -7.578749E-01
  4.649000E+03 -7.862458E-01
  4.649500E+03 -8.042479E-01
  4.650000E+03 -8.117298E-01
  4.650500E+03 -8.086682E-01
  4.651000E+03 -7.951699E-01
  4.651500E+03 -7.714722E-01
  4.652000E+03 -7.379413E-01
  4.652500E+03 -6.950679E-01
  4.653000E+03 -6.434611E-01
  4.653500E+03 -5.838405E-01
  4.654000E+03 -5.170249E-01
  4.654500E+03 -4.439207E-01
  4.655000E+03 -3.655073E-01
  4.655500E+03 -2.828220E-01
  4.656000E+03 -1.969437E-01
  4.656500E+03 -1.089759E-01
  4.657000E+03 -2.003011E-02
  4.657500E+03  6.879114E-02
  4.658000E+03  1.564099E-01
  4.658500E+03  2.417877E-01
  4.659000E+03  3.239386E-01
  4.659500E+03  4.019410E-01
  4.660000E+03  4.749474E-01
  4.660500E+03  5.421918E-01
  4.661000E+03  6.029958E-01
  4.661500E+03  6.567717E-01
  4.662000E+03  7.030251E-01
  4.662500E+03  7.413546E-01
  4.663000E+03  7.714507E-01
  4.663500E+03  7.930935E-01
  4.664000E+03  8.061496E-01
  4.664500E+03  8.105680E-01
  4.665000E+03  8.063767E-01
  4.665500E+03  7.936780E-01
  4.666000E+03  7.726454E-01
  4.666500E+03  7.435196E-01
  4.667000E+03  7.066060E-01
  4.667500E+03  6.622718E-01
  4.668000E+03  6.109445E-01
  4.668500E+03  5.531098E-01
  4.669000E+03  4.893103E-01
  4.669500E+03  4.201443E-01
  4.670000E+03  3.462637E-01
  4.670500E+03  2.683721E-01
  4.671000E+03  1.872218E-01
  4.671500E+03  1.036101E-01
  4.672000E+03  1.837386E-02
  4.672500E+03 -6.761633E-02
  4.673000E+03 -1.534643E-01
  4.673500E+03 -2.382573E-01
  4.674000E+03 -3.210767E-01
  4.674500E+03 -4.010096E-01
  4.675000E+03 -4.771616E-01
  4.675500E+03 -5.486704E-01
  4.676000E+03 -6.147199E-01
  4.676500E+03 -6.745533E-01
  4.677000E+03 -7.274875E-01
  4.677500E+03 -7.729247E-01
  4.678000E+03 -8.103640E-01
  4.678500E+03 -8.394106E-01
  4.679000E+03 -8.597831E-01
  4.679500E+03 -8.713183E-01
  4.680000E+03 -8.739734E-01
  4.680500E+03 -8.678254E-01
  4.681000E+03 -8.530676E-01
  4.681500E+03 -8.300036E-01
  4.682000E+03 -7.990384E-01
  4.682500E+03 -7.606677E-01
  4.683000E+03 -7.154647E-01
  4.683500E+03 -6.640660E-01
  4.684000E+03 -6.071559E-01
  4.684500E+03 -5.454510E-01
  4.685000E+03 -4.796841E-01
  4.685500E+03 -4.105894E-01
  4.686000E+03 -3.388886E-01
  4.686500E+03 -2.652781E-01
  4.687000E+03 -1.904192E-01
  4.687500E+03 -1.149300E-01
  4.688000E+03 -3.937945E-02
  4.688500E+03  3.571541E-02
  4.689000E+03  1.098899E-01
  4.689500E+03  1.827297E-01
  4.690000E+03  2.538668E-01
  4.690500E+03  3.229737E-01
  4.691000E+03  3.897555E-01
  4.691500E+03  4.539418E-01
  4.692000E+03  5.152778E-01
  4.692500E+03  5.735149E-01
  4.693000E+03  6.284032E-01
  4.693500E+03  6.796833E-01
  4.694000E+03  7.270807E-01
  4.694500E+03  7.703017E-01
  4.695000E+03  8.090310E-01
  4.695500E+03  8.429319E-01
  4.696000E+03  8.716486E-01
  4.696500E+03  8.948110E-01
  4.697000E+03  9.120409E-01
  4.697500E+03  9.229609E-01
  4.698000E+03  9.272043E-01
  4.698500E+03  9.244263E-01
  4.699000E+03  9.143160E-01
  4.699500E+03  8.966083E-01
  4.700000E+03  8.710960E-01
  4.700500E+03  8.376409E-01
  4.701000E+03  7.961839E-01
  4.701500E+03  7.467535E-01
  4.702000E+03  6.894724E-01
  4.702500E+03  6.245622E-01
  4.703000E+03  5.523457E-01
  4.703500E+03  4.732470E-01
  4.704000E+03  3.877893E-01
  4.704500E+03  2.965905E-01
  4.705000E+03  2.003572E-01
  4.705500E+03  9.987644E-02
  4.706000E+03 -3.993757E-03
  4.706500E+03 -1.103345E-01
  4.707000E+03 -2.181775E-01
  4.707500E+03 -3.265163E-01
  4.708000E+03 -4.343180E-01
  4.708500E+03 -5.405342E-01
  4.709000E+03 -6.441125E-01
  4.709500E+03 -7.440056E-01
  4.710000E+03 -8.391815E-01
  4.710500E+03 -9.286313E-01
  4.711000E+03 -1.011378E+00
  4.711500E+03 -1.086481E+00
  4.712000E+03 -1.153046E+00
  4.712500E+03 -1.210228E+00
  4.713000E+03 -1.257241E+00
  4.713500E+03 -1.293359E+00
  4.714000E+03 -1.317926E+00
  4.714500E+03 -1.330362E+00
  4.715000E+03 -1.330172E+00
  4.715500E+03 -1.316948E+00
  4.716000E+03 -1.290389E+00
  4.716500E+03 -1.250298E+00
  4.717000E+03 -1.196603E+00
  4.717500E+03 -1.129362E+00
  4.718000E+03 -1.048772E+00
  4.718500E+03 -9.551844E-01
  4.719000E+03 -8.491106E-01
  4.719500E+03 -7.312305E-01
  4.720000E+03 -6.023988E-01
  4.720500E+03 -4.636484E-01
  4.721000E+03 -3.161912E-01
  4.721500E+03 -1.614155E-01
  4.722000E+03 -8.790176E-04
  4.722500E+03  1.637012E-01
  4.723000E+03  3.304638E-01
  4.723500E+03  4.974225E-01
  4.724000E+03  6.624893E-01
  4.724500E+03  8.235023E-01
  4.725000E+03  9.782569E-01
  4.725500E+03  1.124540E+00
  4.726000E+03  1.260169E+00
  4.726500E+03  1.383027E+00
  4.727000E+03  1.491106E+00
  4.727500E+03  1.582548E+00
  4.728000E+03  1.655679E+00
  4.728500E+03  1.709053E+00
  4.729000E+03  1.741481E+00
  4.729500E+03  1.752066E+00
  4.730000E+03  1.740225E+00
  4.730500E+03  1.705713E+00
  4.731000E+03  1.648638E+00
  4.731500E+03  1.569463E+00
  4.732000E+03  1.469014E+00
  4.732500E+03  1.348472E+00
  4.733000E+03  1.209355E+00
  4.733500E+03  1.053502E+00
  4.734000E+03  8.830473E-01
  4.734500E+03  7.003804E-01
  4.735000E+03  5.081132E-01
  4.735500E+03  3.090335E-01
  4.736000E+03  1.060580E-01
  4.736500E+03 -9.781847E-02
  4.737000E+03 -2.995748E-01
  4.737500E+03 -4.962170E-01
  4.738000E+03 -6.848307E-01
  4.738500E+03 -8.626325E-01
  4.739000E+03 -1.027019E+00
  4.739500E+03 -1.175610E+00
  4.740000E+03 -1.306292E+00
  4.740500E+03 -1.417254E+00
  4.741000E+03 -1.507013E+00
  4.741500E+03 -1.574445E+00
  4.742000E+03 -1.618793E+00
  4.742500E+03 -1.639683E+00
  4.743000E+03 -1.637125E+00
  4.743500E+03 -1.611510E+00
  4.744000E+03 -1.563592E+00
  4.744500E+03 -1.494481E+00
  4.745000E+03 -1.405610E+00
  4.745500E+03 -1.298708E+00
  4.746000E+03 -1.175769E+00
  4.746500E+03 -1.039008E+00
  4.747000E+03 -8.908224E-01
  4.747500E+03 -7.337469E-01
  4.748000E+03 -5.704058E-01
  4.748500E+03 -4.034672E-01
  4.749000E+03 -2.355960E-01
  4.749500E+03 -6.940763E-02
  4.750000E+03  9.257587E-02
  4.750500E+03  2.479670E-01
  4.751000E+03  3.945507E-01
  4.751500E+03  5.303186E-01
  4.752000E+03  6.534979E-01
  4.752500E+03  7.625757E-01
  4.753000E+03  8.563177E-01
  4.753500E+03  9.337813E-01
  4.754000E+03  9.943228E-01
  4.754500E+03  1.037599E+00
  4.755000E+03  1.063563E+00
  4.755500E+03  1.072453E+00
  4.756000E+03  1.064783E+00
  4.756500E+03  1.041316E+00
  4.757000E+03  1.003047E+00
  4.757500E+03  9.511724E-01
  4.758000E+03  8.870634E-01
  4.758500E+03  8.122331E-01
  4.759000E+03  7.283046E-01
  4.759500E+03  6.369777E-01
  4.760000E+03  5.399964E-01
  4.760500E+03  4.391168E-01
  4.761000E+03  3.360772E-01
  4.761500E+03  2.325702E-01
  4.762000E+03  1.302169E-01
  4.762500E+03  3.054504E-02
  4.763000E+03 -6.503041E-02
  4.763500E+03 -1.552225E-01
  4.764000E+03 -2.388845E-01
  4.764500E+03 -3.150186E-01
  4.765000E+03 -3.827808E-01
  4.765500E+03 -4.414837E-01
  4.766000E+03 -4.905956E-01
  4.766500E+03 -5.297379E-01
  4.767000E+03 -5.586801E-01
  4.767500E+03 -5.773339E-01
  4.768000E+03 -5.857454E-01
  4.768500E+03 -5.840873E-01
  4.769000E+03 -5.726506E-01
  4.769500E+03 -5.518361E-01
  4.770000E+03 -5.221468E-01
  4.770500E+03 -4.841794E-01
  4.771000E+03 -4.386181E-01
  4.771500E+03 -3.862271E-01
  4.772000E+03 -3.278447E-01
  4.772500E+03 -2.643771E-01
  4.773000E+03 -1.967921E-01
  4.773500E+03 -1.261132E-01
  4.774000E+03 -5.341207E-02
  4.774500E+03  2.019889E-02
  4.775000E+03  9.357572E-02
  4.775500E+03  1.655532E-01
  4.776000E+03  2.349570E-01
  4.776500E+03  3.006173E-01
  4.777000E+03  3.613842E-01
  4.777500E+03  4.161451E-01
  4.778000E+03  4.638431E-01
  4.778500E+03  5.034967E-01
  4.779000E+03  5.342209E-01
  4.779500E+03  5.552474E-01
  4.780000E+03  5.659453E-01
  4.780500E+03  5.658411E-01
  4.781000E+03  5.546358E-01
  4.781500E+03  5.322210E-01
  4.782000E+03  4.986912E-01
  4.782500E+03  4.543523E-01
  4.783000E+03  3.997262E-01
  4.783500E+03  3.355507E-01
  4.784000E+03  2.627736E-01
  4.784500E+03  1.825423E-01
  4.785000E+03  9.618793E-02
  4.785500E+03  5.203548E-03
  4.786000E+03 -8.878149E-02
  4.786500E+03 -1.840322E-01
  4.787000E+03 -2.787424E-01
  4.787500E+03 -3.710715E-01
  4.788000E+03 -4.591840E-01
  4.788500E+03 -5.412897E-01
  4.789000E+03 -6.156837E-01
  4.789500E+03 -6.807857E-01
  4.790000E+03 -7.351761E-01
  4.790500E+03 -7.776302E-01
  4.791000E+03 -8.071469E-01
  4.791500E+03 -8.229727E-01
  4.792000E+03 -8.246205E-01
  4.792500E+03 -8.118810E-01
  4.793000E+03 -7.848285E-01
  4.793500E+03 -7.438196E-01
  4.794000E+03 -6.894845E-01
  4.794500E+03 -6.227134E-01
  4.795000E+03 -5.446352E-01
  4.795500E+03 -4.565924E-01
  4.796000E+03 -3.601108E-01
  4.796500E+03 -2.568651E-01
  4.797000E+03 -1.486427E-01
  4.797500E+03 -3.730569E-02
  4.798000E+03  7.524849E-02
  4.798500E+03  1.871249E-01
  4.799000E+03  2.964683E-01
  4.799500E+03  4.014978E-01
  4.800000E+03  5.005383E-01
  4.800500E+03  5.920488E-01
  4.801000E+03  6.746460E-01
  4.801500E+03  7.471240E-01
  4.802000E+03  8.084684E-01
  4.802500E+03  8.578671E-01
  4.803000E+03  8.947156E-01
  4.803500E+03  9.186181E-01
  4.804000E+03  9.293856E-01
  4.804500E+03  9.270291E-01
  4.805000E+03  9.117513E-01
  4.805500E+03  8.839350E-01
  4.806000E+03  8.441296E-01
  4.806500E+03  7.930370E-01
  4.807000E+03  7.314957E-01
  4.807500E+03  6.604647E-01
  4.808000E+03  5.810076E-01
  4.808500E+03  4.942763E-01
  4.809000E+03  4.014952E-01
  4.809500E+03  3.039461E-01
  4.810000E+03  2.029524E-01
  4.810500E+03  9.986538E-02
  4.811000E+03 -3.951111E-03
  4.811500E+03 -1.071343E-01
  4.812000E+03 -2.083369E-01
  4.812500E+03 -3.062413E-01
  4.813000E+03 -3.995740E-01
  4.813500E+03 -4.871201E-01
  4.814000E+03 -5.677381E-01
  4.814500E+03 -6.403745E-01
  4.815000E+03 -7.040785E-01
  4.815500E+03 -7.580167E-01
  4.816000E+03 -8.014859E-01
  4.816500E+03 -8.339269E-01
  4.817000E+03 -8.549348E-01
  4.817500E+03 -8.642693E-01
  4.818000E+03 -8.618614E-01
  4.818500E+03 -8.478183E-01
  4.819000E+03 -8.224248E-01
  4.819500E+03 -7.861417E-01
  4.820000E+03 -7.396006E-01
  4.820500E+03 -6.835947E-01
  4.821000E+03 -6.190667E-01
  4.821500E+03 -5.470922E-01
  4.822000E+03 -4.688609E-01
  4.822500E+03 -3.856538E-01
  4.823000E+03 -2.988192E-01
  4.823500E+03 -2.097459E-01
  4.824000E+03 -1.198357E-01
  4.824500E+03 -3.047584E-02
  4.825000E+03  5.698843E-02
  4.825500E+03  1.412803E-01
  4.826000E+03  2.212152E-01
  4.826500E+03  2.957227E-01
  4.827000E+03  3.638646E-01
  4.827500E+03  4.248491E-01
  4.828000E+03  4.780418E-01
  4.828500E+03  5.229707E-01
  4.829000E+03  5.593287E-01
  4.829500E+03  5.869698E-01
  4.830000E+03  6.059029E-01
  4.830500E+03  6.162809E-01
  4.831000E+03  6.183868E-01
  4.831500E+03  6.126179E-01
  4.832000E+03  5.994671E-01
  4.832500E+03  5.795043E-01
  4.833000E+03  5.533567E-01
  4.833500E+03  5.216899E-01
  4.834000E+03  4.851903E-01
  4.834500E+03  4.445490E-01
  4.835000E+03  4.004479E-01
  4.835500E+03  3.535494E-01
  4.836000E+03  3.044872E-01
  4.836500E+03  2.538623E-01
  4.837000E+03  2.022398E-01
  4.837500E+03  1.501498E-01
  4.838000E+03  9.809001E-02
  4.838500E+03  4.653010E-02
  4.839000E+03 -4.082336E-03
  4.839500E+03 -5.331550E-02
  4.840000E+03 -1.007470E-01
  4.840500E+03 -1.459583E-01
  4.841000E+03 -1.885300E-01
  4.841500E+03 -2.280396E-01
  4.842000E+03 -2.640609E-01
  4.842500E+03 -2.961664E-01
  4.843000E+03 -3.239320E-01
  4.843500E+03 -3.469444E-01
  4.844000E+03 -3.648114E-01
  4.844500E+03 -3.771741E-01
  4.845000E+03 -3.837208E-01
  4.845500E+03 -3.842020E-01
  4.846000E+03 -3.784461E-01
  4.846500E+03 -3.663747E-01
  4.847000E+03 -3.480162E-01
  4.847500E+03 -3.235186E-01
  4.848000E+03 -2.931583E-01
  4.848500E+03 -2.573467E-01
  4.849000E+03 -2.166322E-01
  4.849500E+03 -1.716979E-01
  4.850000E+03 -1.233550E-01
  4.850500E+03 -7.253107E-02
  4.851000E+03 -2.025392E-02
  4.851500E+03  3.236870E-02
  4.852000E+03  8.417342E-02
  4.852500E+03  1.339686E-01
  4.853000E+03  1.805643E-01
  4.853500E+03  2.228029E-01
  4.854000E+03  2.595913E-01
  4.854500E+03  2.899318E-01
  4.855000E+03  3.129507E-01
  4.855500E+03  3.279259E-01
  4.856000E+03  3.343090E-01
  4.856500E+03  3.317445E-01
  4.857000E+03  3.200827E-01
  4.857500E+03  2.993878E-01
  4.858000E+03  2.699398E-01
  4.858500E+03  2.322302E-01
  4.859000E+03  1.869524E-01
  4.859500E+03  1.349862E-01
  4.860000E+03  7.737688E-02
  4.860500E+03  1.531067E-02
  4.861000E+03 -4.991382E-02
  4.861500E+03 -1.169167E-01
  4.862000E+03 -1.842695E-01
  4.862500E+03 -2.505286E-01
  4.863000E+03 -3.142681E-01
  4.863500E+03 -3.741117E-01
  4.864000E+03 -4.287620E-01
  4.864500E+03 -4.770270E-01
  4.865000E+03 -5.178430E-01
  4.865500E+03 -5.502937E-01
  4.866000E+03 -5.736244E-01
  4.866500E+03 -5.872526E-01
  4.867000E+03 -5.907730E-01
  4.867500E+03 -5.839596E-01
  4.868000E+03 -5.667634E-01
  4.868500E+03 -5.393058E-01
  4.869000E+03 -5.018711E-01
  4.869500E+03 -4.548945E-01
  4.870000E+03 -3.989502E-01
  4.870500E+03 -3.347375E-01
  4.871000E+03 -2.630664E-01
  4.871500E+03 -1.848438E-01
  4.872000E+03 -1.010589E-01
  4.872500E+03 -1.277087E-02
  4.873000E+03  7.890404E-02
  4.873500E+03  1.728037E-01
  4.874000E+03  2.677306E-01
  4.874500E+03  3.624617E-01
  4.875000E+03  4.557573E-01
  4.875500E+03  5.463706E-01
  4.876000E+03  6.330562E-01
  4.876500E+03  7.145802E-01
  4.877000E+03  7.897301E-01
  4.877500E+03  8.573263E-01
  4.878000E+03  9.162350E-01
  4.878500E+03  9.653818E-01
  4.879000E+03  1.003768E+00
  4.879500E+03  1.030485E+00
  4.880000E+03  1.044736E+00
  4.880500E+03  1.045851E+00
  4.881000E+03  1.033307E+00
  4.881500E+03  1.006746E+00
  4.882000E+03  9.659936E-01
  4.882500E+03  9.110717E-01
  4.883000E+03  8.422143E-01
  4.883500E+03  7.598765E-01
  4.884000E+03  6.647406E-01
  4.884500E+03  5.577177E-01
  4.885000E+03  4.399450E-01
  4.885500E+03  3.127767E-01
  4.886000E+03  1.777705E-01
  4.886500E+03  3.666824E-02
  4.887000E+03 -1.086289E-01
  4.887500E+03 -2.560896E-01
  4.888000E+03 -4.035865E-01
  4.888500E+03 -5.489330E-01
  4.889000E+03 -6.899240E-01
  4.889500E+03 -8.243773E-01
  4.890000E+03 -9.501762E-01
  4.890500E+03 -1.065312E+00
  4.891000E+03 -1.167922E+00
  4.891500E+03 -1.256332E+00
  4.892000E+03 -1.329086E+00
  4.892500E+03 -1.384976E+00
  4.893000E+03 -1.423068E+00
  4.893500E+03 -1.442717E+00
  4.894000E+03 -1.443583E+00
  4.894500E+03 -1.425630E+00
  4.895000E+03 -1.389125E+00
  4.895500E+03 -1.334635E+00
  4.896000E+03 -1.263005E+00
  4.896500E+03 -1.175340E+00
  4.897000E+03 -1.072982E+00
  4.897500E+03 -9.574763E-01
  4.898000E+03 -8.305435E-01
  4.898500E+03 -6.940409E-01
  4.899000E+03 -5.499282E-01
  4.899500E+03 -4.002310E-01
  4.900000E+03 -2.470045E-01
  4.900500E+03 -9.230018E-02
  4.901000E+03  6.186709E-02
  4.901500E+03  2.135479E-01
  4.902000E+03  3.608844E-01
  4.902500E+03  5.021333E-01
  4.903000E+03  6.356843E-01
  4.903500E+03  7.600760E-01
  4.904000E+03  8.740070E-01
  4.904500E+03  9.763451E-01
  4.905000E+03  1.066132E+00
  4.905500E+03  1.142587E+00
  4.906000E+03  1.205106E+00
  4.906500E+03  1.253262E+00
  4.907000E+03  1.286802E+00
  4.907500E+03  1.305641E+00
  4.908000E+03  1.309859E+00
  4.908500E+03  1.299698E+00
  4.909000E+03  1.275548E+00
  4.909500E+03  1.237952E+00
  4.910000E+03  1.187590E+00
  4.910500E+03  1.125274E+00
  4.911000E+03  1.051941E+00
  4.911500E+03  9.686450E-01
  4.912000E+03  8.765424E-01
  4.912500E+03  7.768839E-01
  4.913000E+03  6.709996E-01
  4.913500E+03  5.602847E-01
  4.914000E+03  4.461822E-01
  4.914500E+03  3.301649E-01
  4.915000E+03  2.137148E-01
  4.915500E+03  9.830212E-02
  4.916000E+03 -1.463740E-02
  4.916500E+03 -1.237258E-01
  4.917000E+03 -2.276661E-01
  4.917500E+03 -3.252648E-01
  4.918000E+03 -4.154537E-01
  4.918500E+03 -4.973099E-01
  4.919000E+03 -5.700723E-01
  4.919500E+03 -6.331565E-01
  4.920000E+03 -6.861646E-01
  4.920500E+03 -7.288916E-01
  4.921000E+03 -7.613270E-01
  4.921500E+03 -7.836511E-01
  4.922000E+03 -7.962273E-01
  4.922500E+03 -7.995884E-01
  4.923000E+03 -7.944199E-01
  4.923500E+03 -7.815374E-01
  4.924000E+03 -7.618620E-01
  4.924500E+03 -7.363919E-01
  4.925000E+03 -7.061724E-01
  4.925500E+03 -6.722653E-01
  4.926000E+03 -6.357173E-01
  4.926500E+03 -5.975307E-01
  4.927000E+03 -5.586345E-01
  4.927500E+03 -5.198599E-01
  4.928000E+03 -4.819190E-01
  4.928500E+03 -4.453871E-01
  4.929000E+03 -4.106915E-01
  4.929500E+03 -3.781046E-01
  4.930000E+03 -3.477429E-01
  4.930500E+03 -3.195712E-01
  4.931000E+03 -2.934129E-01
  4.931500E+03 -2.689643E-01
  4.932000E+03 -2.458134E-01
  4.932500E+03 -2.234629E-01
  4.933000E+03 -2.013549E-01
  4.933500E+03 -1.788979E-01
  4.934000E+03 -1.554946E-01
  4.934500E+03 -1.305694E-01
  4.935000E+03 -1.035940E-01
  4.935500E+03 -7.411206E-02
  4.936000E+03 -4.175943E-02
  4.936500E+03 -6.281854E-03
  4.937000E+03  3.245216E-02
  4.937500E+03  7.444292E-02
  4.938000E+03  1.195559E-01
  4.938500E+03  1.675227E-01
  4.939000E+03  2.179471E-01
  4.939500E+03  2.703146E-01
  4.940000E+03  3.240063E-01
  4.940500E+03  3.783159E-01
  4.941000E+03  4.324685E-01
  4.941500E+03  4.856418E-01
  4.942000E+03  5.369878E-01
  4.942500E+03  5.856544E-01
  4.943000E+03  6.308064E-01
  4.943500E+03  6.716455E-01
  4.944000E+03  7.074278E-01
  4.944500E+03  7.374790E-01
  4.945000E+03  7.612067E-01
  4.945500E+03  7.781104E-01
  4.946000E+03  7.877874E-01
  4.946500E+03  7.899365E-01
  4.947000E+03  7.843586E-01
  4.947500E+03  7.709550E-01
  4.948000E+03  7.497234E-01
  4.948500E+03  7.207527E-01
  4.949000E+03  6.842162E-01
  4.949500E+03  6.403646E-01
  4.950000E+03  5.895185E-01
  4.950500E+03  5.320614E-01
  4.951000E+03  4.684337E-01
  4.951500E+03  3.991265E-01
  4.952000E+03  3.246784E-01
  4.952500E+03  2.456714E-01
  4.953000E+03  1.627295E-01
  4.953500E+03  7.651797E-02
  4.954000E+03 -1.225724E-02
  4.954500E+03 -1.028487E-01
  4.955000E+03 -1.944673E-01
  4.955500E+03 -2.862818E-01
  4.956000E+03 -3.774197E-01
  4.956500E+03 -4.669689E-01
  4.957000E+03 -5.539813E-01
  4.957500E+03 -6.374774E-01
  4.958000E+03 -7.164548E-01
  4.958500E+03 -7.898967E-01
  4.959000E+03 -8.567852E-01
  4.959500E+03 -9.161147E-01
  4.960000E+03 -9.669091E-01
  4.960500E+03 -1.008239E+00
  4.961000E+03 -1.039244E+00
  4.961500E+03 -1.059148E+00
  4.962000E+03 -1.067286E+00
  4.962500E+03 -1.063119E+00
  4.963000E+03 -1.046257E+00
  4.963500E+03 -1.016474E+00
  4.964000E+03 -9.737234E-01
  4.964500E+03 -9.181516E-01
  4.965000E+03 -8.501039E-01
  4.965500E+03 -7.701302E-01
  4.966000E+03 -6.789844E-01
  4.966500E+03 -5.776205E-01
  4.967000E+03 -4.671826E-01
  4.967500E+03 -3.489923E-01
  4.968000E+03 -2.245299E-01
  4.968500E+03 -9.541290E-02
  4.969000E+03  3.662903E-02
  4.969500E+03  1.697827E-01
  4.970000E+03  3.021814E-01
  4.970500E+03  4.319372E-01
  4.971000E+03  5.571735E-01
  4.971500E+03  6.760578E-01
  4.972000E+03  7.868340E-01
  4.972500E+03  8.878524E-01
  4.973000E+03  9.775989E-01
  4.973500E+03  1.054721E+00
  4.974000E+03  1.118048E+00
  4.974500E+03  1.166615E+00
  4.975000E+03  1.199674E+00
  4.975500E+03  1.216706E+00
  4.976000E+03  1.217429E+00
  4.976500E+03  1.201800E+00
  4.977000E+03  1.170016E+00
  4.977500E+03  1.122505E+00
  4.978000E+03  1.059921E+00
  4.978500E+03  9.831322E-01
  4.979000E+03  8.932028E-01
  4.979500E+03  7.913792E-01
  4.980000E+03  6.790685E-01
  4.980500E+03  5.578176E-01
  4.981000E+03  4.292896E-01
  4.981500E+03  2.952406E-01
  4.982000E+03  1.574938E-01
  4.982500E+03  1.791493E-02
  4.983000E+03 -1.216138E-01
  4.983500E+03 -2.592187E-01
  4.984000E+03 -3.930601E-01
  4.984500E+03 -5.213562E-01
  4.985000E+03 -6.424070E-01
  4.985500E+03 -7.546166E-01
  4.986000E+03 -8.565140E-01
  4.986500E+03 -9.467730E-01
  4.987000E+03 -1.024230E+00
  4.987500E+03 -1.087898E+00
  4.988000E+03 -1.136983E+00
  4.988500E+03 -1.170893E+00
  4.989000E+03 -1.189244E+00
  4.989500E+03 -1.191871E+00
  4.990000E+03 -1.178823E+00
  4.990500E+03 -1.150369E+00
  4.991000E+03 -1.106989E+00
  4.991500E+03 -1.049369E+00
  4.992000E+03 -9.783867E-01
  4.992500E+03 -8.951033E-01
  4.993000E+03 -8.007420E-01
  4.993500E+03 -6.966703E-01
  4.994000E+03 -5.843779E-01
  4.994500E+03 -4.654527E-01
  4.995000E+03 -3.415556E-01
  4.995500E+03 -2.143934E-01
  4.996000E+03 -8.569263E-02
  4.996500E+03  4.282813E-02
  4.997000E+03  1.694843E-01
  4.997500E+03  2.926510E-01
  4.998000E+03  4.107860E-01
  4.998500E+03  5.224523E-01
  4.999000E+03  6.263364E-01
  4.999500E+03  7.212647E-01
  5.000000E+03  8.062171E-01
