 Variables = "t (s)" "<greek>z</greek> (m)" 
  5.000000E-01  0.000000E+00
  1.000000E+00  6.780412E-05
  1.500000E+00  1.472423E-03
  2.000000E+00  5.971451E-03
  2.500000E+00  1.520900E-02
  3.000000E+00  3.065012E-02
  3.500000E+00  5.351978E-02
  4.000000E+00  8.474814E-02
  4.500000E+00  1.249235E-01
  5.000000E+00  1.742542E-01
  5.500000E+00  2.325412E-01
  6.000000E+00  2.991610E-01
  6.500000E+00  3.730604E-01
  7.000000E+00  4.527641E-01
  7.500000E+00  5.363930E-01
  8.000000E+00  6.216956E-01
  8.500000E+00  7.060896E-01
  9.000000E+00  7.867152E-01
  9.500000E+00  8.604969E-01
  1.000000E+01  9.242139E-01
  1.050000E+01  9.745777E-01
  1.100000E+01  1.008313E+00
  1.150000E+01  1.022246E+00
  1.200000E+01  1.013387E+00
  1.250000E+01  9.790193E-01
  1.300000E+01  9.167822E-01
  1.350000E+01  8.247494E-01
  1.400000E+01  7.015010E-01
  1.450000E+01  5.461880E-01
  1.500000E+01  3.585858E-01
  1.550000E+01  1.391370E-01
  1.600000E+01 -1.110190E-01
  1.650000E+01 -3.900296E-01
  1.700000E+01 -6.953275E-01
  1.750000E+01 -1.023643E+00
  1.800000E+01 -1.371034E+00
  1.850000E+01 -1.732924E+00
  1.900000E+01 -2.104166E+00
  1.950000E+01 -2.479107E+00
  2.000000E+01 -2.851674E+00
  2.050000E+01 -3.215466E+00
  2.100000E+01 -3.563861E+00
  2.150000E+01 -3.890123E+00
  2.200000E+01 -4.187523E+00
  2.250000E+01 -4.449457E+00
  2.300000E+01 -4.669570E+00
  2.350000E+01 -4.841877E+00
  2.400000E+01 -4.960880E+00
  2.450000E+01 -5.021683E+00
  2.500000E+01 -5.020097E+00
  2.550000E+01 -4.952738E+00
  2.600000E+01 -4.817105E+00
  2.650000E+01 -4.611659E+00
  2.700000E+01 -4.335876E+00
  2.750000E+01 -3.990288E+00
  2.800000E+01 -3.576504E+00
  2.850000E+01 -3.097222E+00
  2.900000E+01 -2.556212E+00
  2.950000E+01 -1.958289E+00
  3.000000E+01 -1.309262E+00
  3.050000E+01 -6.158731E-01
  3.100000E+01  1.142876E-01
  3.150000E+01  8.728759E-01
  3.200000E+01  1.650905E+00
  3.250000E+01  2.438868E+00
  3.300000E+01  3.226868E+00
  3.350000E+01  4.004764E+00
  3.400000E+01  4.762311E+00
  3.450000E+01  5.489314E+00
  3.500000E+01  6.175779E+00
  3.550000E+01  6.812061E+00
  3.600000E+01  7.389014E+00
  3.650000E+01  7.898127E+00
  3.700000E+01  8.331661E+00
  3.750000E+01  8.682764E+00
  3.800000E+01  8.945590E+00
  3.850000E+01  9.115385E+00
  3.900000E+01  9.188573E+00
  3.950000E+01  9.162817E+00
  4.000000E+01  9.037062E+00
  4.050000E+01  8.811566E+00
  4.100000E+01  8.487902E+00
  4.150000E+01  8.068948E+00
  4.200000E+01  7.558857E+00
  4.250000E+01  6.963005E+00
  4.300000E+01  6.287924E+00
  4.350000E+01  5.541218E+00
  4.400000E+01  4.731459E+00
  4.450000E+01  3.868076E+00
  4.500000E+01  2.961228E+00
  4.550000E+01  2.021662E+00
  4.600000E+01  1.060571E+00
  4.650000E+01  8.943801E-02
  4.700000E+01 -8.801169E-01
  4.750000E+01 -1.836499E+00
  4.800000E+01 -2.768293E+00
  4.850000E+01 -3.664423E+00
  4.900000E+01 -4.514298E+00
  4.950000E+01 -5.307955E+00
  5.000000E+01 -6.036197E+00
  5.050000E+01 -6.690708E+00
  5.100000E+01 -7.265959E+00
  5.150000E+01 -7.757993E+00
  5.200000E+01 -8.162269E+00
  5.250000E+01 -8.475196E+00
  5.300000E+01 -8.694164E+00
  5.350000E+01 -8.817565E+00
  5.400000E+01 -8.844809E+00
  5.450000E+01 -8.776320E+00
  5.500000E+01 -8.613531E+00
  5.550000E+01 -8.358866E+00
  5.600000E+01 -8.015705E+00
  5.650000E+01 -7.588352E+00
  5.700000E+01 -7.081983E+00
  5.750000E+01 -6.502588E+00
  5.800000E+01 -5.856908E+00
  5.850000E+01 -5.152363E+00
  5.900000E+01 -4.396969E+00
  5.950000E+01 -3.599253E+00
  6.000000E+01 -2.768163E+00
  6.050000E+01 -1.912971E+00
  6.100000E+01 -1.043177E+00
  6.150000E+01 -1.684041E-01
  6.200000E+01  7.017013E-01
  6.250000E+01  1.557573E+00
  6.300000E+01  2.389827E+00
  6.350000E+01  3.189362E+00
  6.400000E+01  3.947453E+00
  6.450000E+01  4.655849E+00
  6.500000E+01  5.306859E+00
  6.550000E+01  5.893435E+00
  6.600000E+01  6.409245E+00
  6.650000E+01  6.848745E+00
  6.700000E+01  7.207234E+00
  6.750000E+01  7.480908E+00
  6.800000E+01  7.666898E+00
  6.850000E+01  7.763305E+00
  6.900000E+01  7.769215E+00
  6.950000E+01  7.684712E+00
  7.000000E+01  7.510876E+00
  7.050000E+01  7.249768E+00
  7.100000E+01  6.904411E+00
  7.150000E+01  6.478756E+00
  7.200000E+01  5.977633E+00
  7.250000E+01  5.406702E+00
  7.300000E+01  4.772389E+00
  7.350000E+01  4.081811E+00
  7.400000E+01  3.342701E+00
  7.450000E+01  2.563318E+00
  7.500000E+01  1.752355E+00
  7.550000E+01  9.188425E-01
  7.600000E+01  7.204501E-02
  7.650000E+01 -7.786413E-01
  7.700000E+01 -1.623796E+00
  7.750000E+01 -2.454079E+00
  7.800000E+01 -3.260337E+00
  7.850000E+01 -4.033708E+00
  7.900000E+01 -4.765716E+00
  7.950000E+01 -5.448374E+00
  8.000000E+01 -6.074267E+00
  8.050000E+01 -6.636637E+00
  8.100000E+01 -7.129461E+00
  8.150000E+01 -7.547515E+00
  8.200000E+01 -7.886430E+00
  8.250000E+01 -8.142743E+00
  8.300000E+01 -8.313933E+00
  8.350000E+01 -8.398444E+00
  8.400000E+01 -8.395700E+00
  8.450000E+01 -8.306109E+00
  8.500000E+01 -8.131054E+00
  8.550000E+01 -7.872872E+00
  8.600000E+01 -7.534820E+00
  8.650000E+01 -7.121037E+00
  8.700000E+01 -6.636487E+00
  8.750000E+01 -6.086900E+00
  8.800000E+01 -5.478700E+00
  8.850000E+01 -4.818922E+00
  8.900000E+01 -4.115134E+00
  8.950000E+01 -3.375335E+00
  9.000000E+01 -2.607868E+00
  9.050000E+01 -1.821312E+00
  9.100000E+01 -1.024387E+00
  9.150000E+01 -2.258434E-01
  9.200000E+01  5.656363E-01
  9.250000E+01  1.341540E+00
  9.300000E+01  2.093625E+00
  9.350000E+01  2.814013E+00
  9.400000E+01  3.495276E+00
  9.450000E+01  4.130525E+00
  9.500000E+01  4.713479E+00
  9.550000E+01  5.238538E+00
  9.600000E+01  5.700838E+00
  9.650000E+01  6.096299E+00
  9.700000E+01  6.421669E+00
  9.750000E+01  6.674545E+00
  9.800000E+01  6.853393E+00
  9.850000E+01  6.957555E+00
  9.900000E+01  6.987245E+00
  9.950000E+01  6.943529E+00
  1.000000E+02  6.828302E+00
  1.005000E+02  6.644254E+00
  1.010000E+02  6.394821E+00
  1.015000E+02  6.084132E+00
  1.020000E+02  5.716949E+00
  1.025000E+02  5.298593E+00
  1.030000E+02  4.834878E+00
  1.035000E+02  4.332020E+00
  1.040000E+02  3.796564E+00
  1.045000E+02  3.235289E+00
  1.050000E+02  2.655125E+00
  1.055000E+02  2.063065E+00
  1.060000E+02  1.466075E+00
  1.065000E+02  8.710100E-01
  1.070000E+02  2.845311E-01
  1.075000E+02 -2.869715E-01
  1.080000E+02 -8.374528E-01
  1.085000E+02 -1.361280E+00
  1.090000E+02 -1.853292E+00
  1.095000E+02 -2.308855E+00
  1.100000E+02 -2.723905E+00
  1.105000E+02 -3.094985E+00
  1.110000E+02 -3.419275E+00
  1.115000E+02 -3.694608E+00
  1.120000E+02 -3.919482E+00
  1.125000E+02 -4.093060E+00
  1.130000E+02 -4.215163E+00
  1.135000E+02 -4.286254E+00
  1.140000E+02 -4.307412E+00
  1.145000E+02 -4.280300E+00
  1.150000E+02 -4.207130E+00
  1.155000E+02 -4.090614E+00
  1.160000E+02 -3.933913E+00
  1.165000E+02 -3.740585E+00
  1.170000E+02 -3.514524E+00
  1.175000E+02 -3.259896E+00
  1.180000E+02 -2.981081E+00
  1.185000E+02 -2.682602E+00
  1.190000E+02 -2.369062E+00
  1.195000E+02 -2.045083E+00
  1.200000E+02 -1.715238E+00
  1.205000E+02 -1.383997E+00
  1.210000E+02 -1.055665E+00
  1.215000E+02 -7.343340E-01
  1.220000E+02 -4.238326E-01
  1.225000E+02 -1.276839E-01
  1.230000E+02  1.509315E-01
  1.235000E+02  4.092062E-01
  1.240000E+02  6.447311E-01
  1.245000E+02  8.555134E-01
  1.250000E+02  1.039988E+00
  1.255000E+02  1.197025E+00
  1.260000E+02  1.325924E+00
  1.265000E+02  1.426410E+00
  1.270000E+02  1.498622E+00
  1.275000E+02  1.543090E+00
  1.280000E+02  1.560715E+00
  1.285000E+02  1.552737E+00
  1.290000E+02  1.520707E+00
  1.295000E+02  1.466450E+00
  1.300000E+02  1.392025E+00
  1.305000E+02  1.299687E+00
  1.310000E+02  1.191843E+00
  1.315000E+02  1.071014E+00
  1.320000E+02  9.397852E-01
  1.325000E+02  8.007722E-01
  1.330000E+02  6.565743E-01
  1.335000E+02  5.097380E-01
  1.340000E+02  3.627198E-01
  1.345000E+02  2.178520E-01
  1.350000E+02  7.731243E-02
  1.355000E+02 -5.690333E-02
  1.360000E+02 -1.830051E-01
  1.365000E+02 -2.994276E-01
  1.370000E+02 -4.048456E-01
  1.375000E+02 -4.981848E-01
  1.380000E+02 -5.786282E-01
  1.385000E+02 -6.456187E-01
  1.390000E+02 -6.988573E-01
  1.395000E+02 -7.382967E-01
  1.400000E+02 -7.641326E-01
  1.405000E+02 -7.767897E-01
  1.410000E+02 -7.769064E-01
  1.415000E+02 -7.653152E-01
  1.420000E+02 -7.430216E-01
  1.425000E+02 -7.111806E-01
  1.430000E+02 -6.710721E-01
  1.435000E+02 -6.240745E-01
  1.440000E+02 -5.716380E-01
  1.445000E+02 -5.152582E-01
  1.450000E+02 -4.564488E-01
  1.455000E+02 -3.967156E-01
  1.460000E+02 -3.375315E-01
  1.465000E+02 -2.803126E-01
  1.470000E+02 -2.263958E-01
  1.475000E+02 -1.770191E-01
  1.480000E+02 -1.333031E-01
  1.485000E+02 -9.623548E-02
  1.490000E+02 -6.665817E-02
  1.495000E+02 -4.525663E-02
  1.500000E+02 -3.255239E-02
  1.505000E+02 -2.889811E-02
  1.510000E+02 -3.447547E-02
  1.515000E+02 -4.929573E-02
  1.520000E+02 -7.320296E-02
  1.525000E+02 -1.058797E-01
  1.530000E+02 -1.468549E-01
  1.535000E+02 -1.955140E-01
  1.540000E+02 -2.511113E-01
  1.545000E+02 -3.127832E-01
  1.550000E+02 -3.795636E-01
  1.555000E+02 -4.504002E-01
  1.560000E+02 -5.241717E-01
  1.565000E+02 -5.997057E-01
  1.570000E+02 -6.757966E-01
  1.575000E+02 -7.512243E-01
  1.580000E+02 -8.247721E-01
  1.585000E+02 -8.952443E-01
  1.590000E+02 -9.614834E-01
  1.595000E+02 -1.022386E+00
  1.600000E+02 -1.076919E+00
  1.605000E+02 -1.124132E+00
  1.610000E+02 -1.163169E+00
  1.615000E+02 -1.193284E+00
  1.620000E+02 -1.213844E+00
  1.625000E+02 -1.224342E+00
  1.630000E+02 -1.224399E+00
  1.635000E+02 -1.213771E+00
  1.640000E+02 -1.192350E+00
  1.645000E+02 -1.160164E+00
  1.650000E+02 -1.117376E+00
  1.655000E+02 -1.064284E+00
  1.660000E+02 -1.001312E+00
  1.665000E+02 -9.290060E-01
  1.670000E+02 -8.480272E-01
  1.675000E+02 -7.591425E-01
  1.680000E+02 -6.632145E-01
  1.685000E+02 -5.611907E-01
  1.690000E+02 -4.540918E-01
  1.695000E+02 -3.429986E-01
  1.700000E+02 -2.290394E-01
  1.705000E+02 -1.133759E-01
  1.710000E+02  2.810703E-03
  1.715000E+02  1.183332E-01
  1.720000E+02  2.320130E-01
  1.725000E+02  3.426936E-01
  1.730000E+02  4.492539E-01
  1.735000E+02  5.506217E-01
  1.740000E+02  6.457854E-01
  1.745000E+02  7.338063E-01
  1.750000E+02  8.138287E-01
  1.755000E+02  8.850903E-01
  1.760000E+02  9.469304E-01
  1.765000E+02  9.987981E-01
  1.770000E+02  1.040258E+00
  1.775000E+02  1.070995E+00
  1.780000E+02  1.090820E+00
  1.785000E+02  1.099669E+00
  1.790000E+02  1.097607E+00
  1.795000E+02  1.084824E+00
  1.800000E+02  1.061637E+00
  1.805000E+02  1.028484E+00
  1.810000E+02  9.859179E-01
  1.815000E+02  9.346047E-01
  1.820000E+02  8.753113E-01
  1.825000E+02  8.088989E-01
  1.830000E+02  7.363131E-01
  1.835000E+02  6.585722E-01
  1.840000E+02  5.767557E-01
  1.845000E+02  4.919914E-01
  1.850000E+02  4.054420E-01
  1.855000E+02  3.182910E-01
  1.860000E+02  2.317283E-01
  1.865000E+02  1.469357E-01
  1.870000E+02  6.507224E-02
  1.875000E+02 -1.274051E-02
  1.880000E+02 -8.543253E-02
  1.885000E+02 -1.519992E-01
  1.890000E+02 -2.115144E-01
  1.895000E+02 -2.631429E-01
  1.900000E+02 -3.061515E-01
  1.905000E+02 -3.399193E-01
  1.910000E+02 -3.639466E-01
  1.915000E+02 -3.778624E-01
  1.920000E+02 -3.814300E-01
  1.925000E+02 -3.745517E-01
  1.930000E+02 -3.572709E-01
  1.935000E+02 -3.297729E-01
  1.940000E+02 -2.923841E-01
  1.945000E+02 -2.455685E-01
  1.950000E+02 -1.899234E-01
  1.955000E+02 -1.261722E-01
  1.960000E+02 -5.515677E-02
  1.965000E+02  2.217336E-02
  1.970000E+02  1.047721E-01
  1.975000E+02  1.915101E-01
  1.980000E+02  2.811888E-01
  1.985000E+02  3.725560E-01
  1.990000E+02  4.643220E-01
  1.995000E+02  5.551765E-01
  2.000000E+02  6.438062E-01
  2.005000E+02  7.289123E-01
  2.010000E+02  8.092277E-01
  2.015000E+02  8.835349E-01
  2.020000E+02  9.506822E-01
  2.025000E+02  1.009600E+00
  2.030000E+02  1.059315E+00
  2.035000E+02  1.098966E+00
  2.040000E+02  1.127814E+00
  2.045000E+02  1.145250E+00
  2.050000E+02  1.150813E+00
  2.055000E+02  1.144187E+00
  2.060000E+02  1.125209E+00
  2.065000E+02  1.093874E+00
  2.070000E+02  1.050332E+00
  2.075000E+02  9.948884E-01
  2.080000E+02  9.279962E-01
  2.085000E+02  8.502534E-01
  2.090000E+02  7.623924E-01
  2.095000E+02  6.652695E-01
  2.100000E+02  5.598528E-01
  2.105000E+02  4.472080E-01
  2.110000E+02  3.284825E-01
  2.115000E+02  2.048889E-01
  2.120000E+02  7.768716E-02
  2.125000E+02 -5.183406E-02
  2.130000E+02 -1.823761E-01
  2.135000E+02 -3.126495E-01
  2.140000E+02 -4.413924E-01
  2.145000E+02 -5.673891E-01
  2.150000E+02 -6.894875E-01
  2.155000E+02 -8.066152E-01
  2.160000E+02 -9.177947E-01
  2.165000E+02 -1.022157E+00
  2.170000E+02 -1.118951E+00
  2.175000E+02 -1.207557E+00
  2.180000E+02 -1.287489E+00
  2.185000E+02 -1.358404E+00
  2.190000E+02 -1.420100E+00
  2.195000E+02 -1.472519E+00
  2.200000E+02 -1.515744E+00
  2.205000E+02 -1.549991E+00
  2.210000E+02 -1.575604E+00
  2.215000E+02 -1.593044E+00
  2.220000E+02 -1.602877E+00
  2.225000E+02 -1.605762E+00
  2.230000E+02 -1.602431E+00
  2.235000E+02 -1.593673E+00
  2.240000E+02 -1.580321E+00
  2.245000E+02 -1.563224E+00
  2.250000E+02 -1.543236E+00
  2.255000E+02 -1.521189E+00
  2.260000E+02 -1.497879E+00
  2.265000E+02 -1.474045E+00
  2.270000E+02 -1.450350E+00
  2.275000E+02 -1.427368E+00
  2.280000E+02 -1.405564E+00
  2.285000E+02 -1.385287E+00
  2.290000E+02 -1.366756E+00
  2.295000E+02 -1.350051E+00
  2.300000E+02 -1.335111E+00
  2.305000E+02 -1.321729E+00
  2.310000E+02 -1.309555E+00
  2.315000E+02 -1.298095E+00
  2.320000E+02 -1.286725E+00
  2.325000E+02 -1.274693E+00
  2.330000E+02 -1.261137E+00
  2.335000E+02 -1.245098E+00
  2.340000E+02 -1.225540E+00
  2.345000E+02 -1.201368E+00
  2.350000E+02 -1.171453E+00
  2.355000E+02 -1.134653E+00
  2.360000E+02 -1.089841E+00
  2.365000E+02 -1.035933E+00
  2.370000E+02 -9.719072E-01
  2.375000E+02 -8.968400E-01
  2.380000E+02 -8.099259E-01
  2.385000E+02 -7.105051E-01
  2.390000E+02 -5.980867E-01
  2.395000E+02 -4.723706E-01
  2.400000E+02 -3.332669E-01
  2.405000E+02 -1.809122E-01
  2.410000E+02 -1.568320E-02
  2.415000E+02  1.617935E-01
  2.420000E+02  3.506356E-01
  2.425000E+02  5.497033E-01
  2.430000E+02  7.576017E-01
  2.435000E+02  9.726877E-01
  2.440000E+02  1.193081E+00
  2.445000E+02  1.416681E+00
  2.450000E+02  1.641186E+00
  2.455000E+02  1.864116E+00
  2.460000E+02  2.082846E+00
  2.465000E+02  2.294632E+00
  2.470000E+02  2.496651E+00
  2.475000E+02  2.686037E+00
  2.480000E+02  2.859920E+00
  2.485000E+02  3.015472E+00
  2.490000E+02  3.149948E+00
  2.495000E+02  3.260732E+00
  2.500000E+02  3.345377E+00
  2.505000E+02  3.401655E+00
  2.510000E+02  3.427593E+00
  2.515000E+02  3.421517E+00
  2.520000E+02  3.382086E+00
  2.525000E+02  3.308329E+00
  2.530000E+02  3.199671E+00
  2.535000E+02  3.055962E+00
  2.540000E+02  2.877494E+00
  2.545000E+02  2.665017E+00
  2.550000E+02  2.419748E+00
  2.555000E+02  2.143371E+00
  2.560000E+02  1.838035E+00
  2.565000E+02  1.506341E+00
  2.570000E+02  1.151326E+00
  2.575000E+02  7.764365E-01
  2.580000E+02  3.855014E-01
  2.585000E+02 -1.730977E-02
  2.590000E+02 -4.275271E-01
  2.595000E+02 -8.404301E-01
  2.600000E+02 -1.251101E+00
  2.605000E+02 -1.654482E+00
  2.610000E+02 -2.045440E+00
  2.615000E+02 -2.418827E+00
  2.620000E+02 -2.769550E+00
  2.625000E+02 -3.092638E+00
  2.630000E+02 -3.383312E+00
  2.635000E+02 -3.637051E+00
  2.640000E+02 -3.849657E+00
  2.645000E+02 -4.017323E+00
  2.650000E+02 -4.136692E+00
  2.655000E+02 -4.204911E+00
  2.660000E+02 -4.219684E+00
  2.665000E+02 -4.179318E+00
  2.670000E+02 -4.082758E+00
  2.675000E+02 -3.929620E+00
  2.680000E+02 -3.720214E+00
  2.685000E+02 -3.455559E+00
  2.690000E+02 -3.137383E+00
  2.695000E+02 -2.768126E+00
  2.700000E+02 -2.350924E+00
  2.705000E+02 -1.889583E+00
  2.710000E+02 -1.388551E+00
  2.715000E+02 -8.528776E-01
  2.720000E+02 -2.881596E-01
  2.725000E+02  2.995134E-01
  2.730000E+02  9.036259E-01
  2.735000E+02  1.517309E+00
  2.740000E+02  2.133421E+00
  2.745000E+02  2.744629E+00
  2.750000E+02  3.343497E+00
  2.755000E+02  3.922580E+00
  2.760000E+02  4.474518E+00
  2.765000E+02  4.992125E+00
  2.770000E+02  5.468488E+00
  2.775000E+02  5.897056E+00
  2.780000E+02  6.271732E+00
  2.785000E+02  6.586957E+00
  2.790000E+02  6.837787E+00
  2.795000E+02  7.019970E+00
  2.800000E+02  7.130011E+00
  2.805000E+02  7.165229E+00
  2.810000E+02  7.123802E+00
  2.815000E+02  7.004810E+00
  2.820000E+02  6.808257E+00
  2.825000E+02  6.535089E+00
  2.830000E+02  6.187197E+00
  2.835000E+02  5.767408E+00
  2.840000E+02  5.279464E+00
  2.845000E+02  4.727992E+00
  2.850000E+02  4.118457E+00
  2.855000E+02  3.457107E+00
  2.860000E+02  2.750908E+00
  2.865000E+02  2.007466E+00
  2.870000E+02  1.234940E+00
  2.875000E+02  4.419524E-01
  2.880000E+02 -3.625181E-01
  2.885000E+02 -1.169239E+00
  2.890000E+02 -1.968837E+00
  2.895000E+02 -2.751916E+00
  2.900000E+02 -3.509167E+00
  2.905000E+02 -4.231494E+00
  2.910000E+02 -4.910122E+00
  2.915000E+02 -5.536715E+00
  2.920000E+02 -6.103481E+00
  2.925000E+02 -6.603280E+00
  2.930000E+02 -7.029714E+00
  2.935000E+02 -7.377219E+00
  2.940000E+02 -7.641142E+00
  2.945000E+02 -7.817806E+00
  2.950000E+02 -7.904566E+00
  2.955000E+02 -7.899854E+00
  2.960000E+02 -7.803205E+00
  2.965000E+02 -7.615274E+00
  2.970000E+02 -7.337837E+00
  2.975000E+02 -6.973780E+00
  2.980000E+02 -6.527068E+00
  2.985000E+02 -6.002706E+00
  2.990000E+02 -5.406684E+00
  2.995000E+02 -4.745910E+00
  3.000000E+02 -4.028126E+00
  3.005000E+02 -3.261822E+00
  3.010000E+02 -2.456130E+00
  3.015000E+02 -1.620715E+00
  3.020000E+02 -7.656574E-01
  3.025000E+02  9.867387E-02
  3.030000E+02  9.617471E-01
  3.035000E+02  1.813001E+00
  3.040000E+02  2.641979E+00
  3.045000E+02  3.438458E+00
  3.050000E+02  4.192582E+00
  3.055000E+02  4.894986E+00
  3.060000E+02  5.536917E+00
  3.065000E+02  6.110348E+00
  3.070000E+02  6.608080E+00
  3.075000E+02  7.023839E+00
  3.080000E+02  7.352355E+00
  3.085000E+02  7.589434E+00
  3.090000E+02  7.732017E+00
  3.095000E+02  7.778216E+00
  3.100000E+02  7.727345E+00
  3.105000E+02  7.579930E+00
  3.110000E+02  7.337708E+00
  3.115000E+02  7.003601E+00
  3.120000E+02  6.581686E+00
  3.125000E+02  6.077144E+00
  3.130000E+02  5.496194E+00
  3.135000E+02  4.846015E+00
  3.140000E+02  4.134658E+00
  3.145000E+02  3.370939E+00
  3.150000E+02  2.564333E+00
  3.155000E+02  1.724847E+00
  3.160000E+02  8.628979E-01
  3.165000E+02 -1.082511E-02
  3.170000E+02 -8.854943E-01
  3.175000E+02 -1.750283E+00
  3.180000E+02 -2.594505E+00
  3.185000E+02 -3.407749E+00
  3.190000E+02 -4.180013E+00
  3.195000E+02 -4.901831E+00
  3.200000E+02 -5.564396E+00
  3.205000E+02 -6.159665E+00
  3.210000E+02 -6.680469E+00
  3.215000E+02 -7.120597E+00
  3.220000E+02 -7.474874E+00
  3.225000E+02 -7.739227E+00
  3.230000E+02 -7.910732E+00
  3.235000E+02 -7.987647E+00
  3.240000E+02 -7.969432E+00
  3.245000E+02 -7.856752E+00
  3.250000E+02 -7.651461E+00
  3.255000E+02 -7.356576E+00
  3.260000E+02 -6.976230E+00
  3.265000E+02 -6.515618E+00
  3.270000E+02 -5.980920E+00
  3.275000E+02 -5.379220E+00
  3.280000E+02 -4.718410E+00
  3.285000E+02 -4.007079E+00
  3.290000E+02 -3.254404E+00
  3.295000E+02 -2.470025E+00
  3.300000E+02 -1.663920E+00
  3.305000E+02 -8.462688E-01
  3.310000E+02 -2.732720E-02
  3.315000E+02  7.827112E-01
  3.320000E+02  1.573844E+00
  3.325000E+02  2.336389E+00
  3.330000E+02  3.061106E+00
  3.335000E+02  3.739312E+00
  3.340000E+02  4.362993E+00
  3.345000E+02  4.924898E+00
  3.350000E+02  5.418625E+00
  3.355000E+02  5.838704E+00
  3.360000E+02  6.180650E+00
  3.365000E+02  6.441018E+00
  3.370000E+02  6.617438E+00
  3.375000E+02  6.708629E+00
  3.380000E+02  6.714412E+00
  3.385000E+02  6.635696E+00
  3.390000E+02  6.474459E+00
  3.395000E+02  6.233705E+00
  3.400000E+02  5.917421E+00
  3.405000E+02  5.530508E+00
  3.410000E+02  5.078710E+00
  3.415000E+02  4.568529E+00
  3.420000E+02  4.007132E+00
  3.425000E+02  3.402250E+00
  3.430000E+02  2.762070E+00
  3.435000E+02  2.095124E+00
  3.440000E+02  1.410174E+00
  3.445000E+02  7.160935E-01
  3.450000E+02  2.175412E-02
  3.455000E+02 -6.640909E-01
  3.460000E+02 -1.332918E+00
  3.465000E+02 -1.976540E+00
  3.470000E+02 -2.587208E+00
  3.475000E+02 -3.157702E+00
  3.480000E+02 -3.681421E+00
  3.485000E+02 -4.152453E+00
  3.490000E+02 -4.565645E+00
  3.495000E+02 -4.916654E+00
  3.500000E+02 -5.201993E+00
  3.505000E+02 -5.419057E+00
  3.510000E+02 -5.566144E+00
  3.515000E+02 -5.642464E+00
  3.520000E+02 -5.648126E+00
  3.525000E+02 -5.584129E+00
  3.530000E+02 -5.452323E+00
  3.535000E+02 -5.255380E+00
  3.540000E+02 -4.996734E+00
  3.545000E+02 -4.680532E+00
  3.550000E+02 -4.311557E+00
  3.555000E+02 -3.895164E+00
  3.560000E+02 -3.437191E+00
  3.565000E+02 -2.943884E+00
  3.570000E+02 -2.421798E+00
  3.575000E+02 -1.877719E+00
  3.580000E+02 -1.318564E+00
  3.585000E+02 -7.512954E-01
  3.590000E+02 -1.828293E-01
  3.595000E+02  3.800476E-01
  3.600000E+02  9.307618E-01
  3.605000E+02  1.463030E+00
  3.610000E+02  1.970930E+00
  3.615000E+02  2.448967E+00
  3.620000E+02  2.892126E+00
  3.625000E+02  3.295928E+00
  3.630000E+02  3.656466E+00
  3.635000E+02  3.970441E+00
  3.640000E+02  4.235180E+00
  3.645000E+02  4.448657E+00
  3.650000E+02  4.609493E+00
  3.655000E+02  4.716957E+00
  3.660000E+02  4.770955E+00
  3.665000E+02  4.772005E+00
  3.670000E+02  4.721219E+00
  3.675000E+02  4.620262E+00
  3.680000E+02  4.471320E+00
  3.685000E+02  4.277049E+00
  3.690000E+02  4.040531E+00
  3.695000E+02  3.765219E+00
  3.700000E+02  3.454883E+00
  3.705000E+02  3.113554E+00
  3.710000E+02  2.745463E+00
  3.715000E+02  2.354986E+00
  3.720000E+02  1.946587E+00
  3.725000E+02  1.524761E+00
  3.730000E+02  1.093979E+00
  3.735000E+02  6.586421E-01
  3.740000E+02  2.230311E-01
  3.745000E+02 -2.087359E-01
  3.750000E+02 -6.327417E-01
  3.755000E+02 -1.045304E+00
  3.760000E+02 -1.443004E+00
  3.765000E+02 -1.822711E+00
  3.770000E+02 -2.181600E+00
  3.775000E+02 -2.517164E+00
  3.780000E+02 -2.827225E+00
  3.785000E+02 -3.109937E+00
  3.790000E+02 -3.363780E+00
  3.795000E+02 -3.587562E+00
  3.800000E+02 -3.780405E+00
  3.805000E+02 -3.941731E+00
  3.810000E+02 -4.071252E+00
  3.815000E+02 -4.168945E+00
  3.820000E+02 -4.235034E+00
  3.825000E+02 -4.269972E+00
  3.830000E+02 -4.274411E+00
  3.835000E+02 -4.249184E+00
  3.840000E+02 -4.195282E+00
  3.845000E+02 -4.113826E+00
  3.850000E+02 -4.006051E+00
  3.855000E+02 -3.873282E+00
  3.860000E+02 -3.716915E+00
  3.865000E+02 -3.538401E+00
  3.870000E+02 -3.339230E+00
  3.875000E+02 -3.120917E+00
  3.880000E+02 -2.884993E+00
  3.885000E+02 -2.632996E+00
  3.890000E+02 -2.366465E+00
  3.895000E+02 -2.086933E+00
  3.900000E+02 -1.795931E+00
  3.905000E+02 -1.494981E+00
  3.910000E+02 -1.185604E+00
  3.915000E+02 -8.693188E-01
  3.920000E+02 -5.476463E-01
  3.925000E+02 -2.221164E-01
  3.930000E+02  1.057282E-01
  3.935000E+02  4.343271E-01
  3.940000E+02  7.620962E-01
  3.945000E+02  1.087424E+00
  3.950000E+02  1.408668E+00
  3.955000E+02  1.724152E+00
  3.960000E+02  2.032167E+00
  3.965000E+02  2.330968E+00
  3.970000E+02  2.618783E+00
  3.975000E+02  2.893812E+00
  3.980000E+02  3.154238E+00
  3.985000E+02  3.398234E+00
  3.990000E+02  3.623975E+00
  3.995000E+02  3.829655E+00
  4.000000E+02  4.013495E+00
  4.005000E+02  4.173769E+00
  4.010000E+02  4.308816E+00
  4.015000E+02  4.417066E+00
  4.020000E+02  4.497060E+00
  4.025000E+02  4.547471E+00
  4.030000E+02  4.567127E+00
  4.035000E+02  4.555036E+00
  4.040000E+02  4.510409E+00
  4.045000E+02  4.432679E+00
  4.050000E+02  4.321521E+00
  4.055000E+02  4.176874E+00
  4.060000E+02  3.998958E+00
  4.065000E+02  3.788285E+00
  4.070000E+02  3.545673E+00
  4.075000E+02  3.272252E+00
  4.080000E+02  2.969474E+00
  4.085000E+02  2.639108E+00
  4.090000E+02  2.283243E+00
  4.095000E+02  1.904276E+00
  4.100000E+02  1.504906E+00
  4.105000E+02  1.088116E+00
  4.110000E+02  6.571543E-01
  4.115000E+02  2.155123E-01
  4.120000E+02 -2.331032E-01
  4.125000E+02 -6.848009E-01
  4.130000E+02 -1.135539E+00
  4.135000E+02 -1.581164E+00
  4.140000E+02 -2.017447E+00
  4.145000E+02 -2.440129E+00
  4.150000E+02 -2.844967E+00
  4.155000E+02 -3.227775E+00
  4.160000E+02 -3.584470E+00
  4.165000E+02 -3.911126E+00
  4.170000E+02 -4.204010E+00
  4.175000E+02 -4.459634E+00
  4.180000E+02 -4.674796E+00
  4.185000E+02 -4.846623E+00
  4.190000E+02 -4.972609E+00
  4.195000E+02 -5.050650E+00
  4.200000E+02 -5.079076E+00
  4.205000E+02 -5.056683E+00
  4.210000E+02 -4.982749E+00
  4.215000E+02 -4.857058E+00
  4.220000E+02 -4.679913E+00
  4.225000E+02 -4.452138E+00
  4.230000E+02 -4.175088E+00
  4.235000E+02 -3.850635E+00
  4.240000E+02 -3.481169E+00
  4.245000E+02 -3.069572E+00
  4.250000E+02 -2.619204E+00
  4.255000E+02 -2.133872E+00
  4.260000E+02 -1.617794E+00
  4.265000E+02 -1.075571E+00
  4.270000E+02 -5.121320E-01
  4.275000E+02  6.730312E-02
  4.280000E+02  6.572797E-01
  4.285000E+02  1.252161E+00
  4.290000E+02  1.846185E+00
  4.295000E+02  2.433525E+00
  4.300000E+02  3.008348E+00
  4.305000E+02  3.564876E+00
  4.310000E+02  4.097451E+00
  4.315000E+02  4.600593E+00
  4.320000E+02  5.069059E+00
  4.325000E+02  5.497905E+00
  4.330000E+02  5.882536E+00
  4.335000E+02  6.218762E+00
  4.340000E+02  6.502842E+00
  4.345000E+02  6.731533E+00
  4.350000E+02  6.902122E+00
  4.355000E+02  7.012467E+00
  4.360000E+02  7.061016E+00
  4.365000E+02  7.046832E+00
  4.370000E+02  6.969611E+00
  4.375000E+02  6.829681E+00
  4.380000E+02  6.628011E+00
  4.385000E+02  6.366201E+00
  4.390000E+02  6.046470E+00
  4.395000E+02  5.671636E+00
  4.400000E+02  5.245088E+00
  4.405000E+02  4.770757E+00
  4.410000E+02  4.253074E+00
  4.415000E+02  3.696926E+00
  4.420000E+02  3.107606E+00
  4.425000E+02  2.490761E+00
  4.430000E+02  1.852331E+00
  4.435000E+02  1.198487E+00
  4.440000E+02  5.355688E-01
  4.445000E+02 -1.299837E-01
  4.450000E+02 -7.916982E-01
  4.455000E+02 -1.443138E+00
  4.460000E+02 -2.077971E+00
  4.465000E+02 -2.690035E+00
  4.470000E+02 -3.273408E+00
  4.475000E+02 -3.822465E+00
  4.480000E+02 -4.331943E+00
  4.485000E+02 -4.796995E+00
  4.490000E+02 -5.213241E+00
  4.495000E+02 -5.576815E+00
  4.500000E+02 -5.884407E+00
  4.505000E+02 -6.133294E+00
  4.510000E+02 -6.321373E+00
  4.515000E+02 -6.447179E+00
  4.520000E+02 -6.509900E+00
  4.525000E+02 -6.509382E+00
  4.530000E+02 -6.446135E+00
  4.535000E+02 -6.321318E+00
  4.540000E+02 -6.136729E+00
  4.545000E+02 -5.894780E+00
  4.550000E+02 -5.598471E+00
  4.555000E+02 -5.251355E+00
  4.560000E+02 -4.857494E+00
  4.565000E+02 -4.421416E+00
  4.570000E+02 -3.948061E+00
  4.575000E+02 -3.442728E+00
  4.580000E+02 -2.911010E+00
  4.585000E+02 -2.358740E+00
  4.590000E+02 -1.791918E+00
  4.595000E+02 -1.216648E+00
  4.600000E+02 -6.390724E-01
  4.605000E+02 -6.530326E-02
  4.610000E+02  4.986438E-01
  4.615000E+02  1.046914E+00
  4.620000E+02  1.573875E+00
  4.625000E+02  2.074177E+00
  4.630000E+02  2.542808E+00
  4.635000E+02  2.975144E+00
  4.640000E+02  3.366998E+00
  4.645000E+02  3.714658E+00
  4.650000E+02  4.014923E+00
  4.655000E+02  4.265134E+00
  4.660000E+02  4.463193E+00
  4.665000E+02  4.607582E+00
  4.670000E+02  4.697372E+00
  4.675000E+02  4.732224E+00
  4.680000E+02  4.712387E+00
  4.685000E+02  4.638684E+00
  4.690000E+02  4.512498E+00
  4.695000E+02  4.335748E+00
  4.700000E+02  4.110861E+00
  4.705000E+02  3.840735E+00
  4.710000E+02  3.528704E+00
  4.715000E+02  3.178493E+00
  4.720000E+02  2.794169E+00
  4.725000E+02  2.380097E+00
  4.730000E+02  1.940884E+00
  4.735000E+02  1.481323E+00
  4.740000E+02  1.006344E+00
  4.745000E+02  5.209527E-01
  4.750000E+02  3.018000E-02
  4.755000E+02 -4.609754E-01
  4.760000E+02 -9.475983E-01
  4.765000E+02 -1.424908E+00
  4.770000E+02 -1.888306E+00
  4.775000E+02 -2.333420E+00
  4.780000E+02 -2.756149E+00
  4.785000E+02 -3.152694E+00
  4.790000E+02 -3.519597E+00
  4.795000E+02 -3.853767E+00
  4.800000E+02 -4.152503E+00
  4.805000E+02 -4.413513E+00
  4.810000E+02 -4.634931E+00
  4.815000E+02 -4.815321E+00
  4.820000E+02 -4.953683E+00
  4.825000E+02 -5.049455E+00
  4.830000E+02 -5.102502E+00
  4.835000E+02 -5.113113E+00
  4.840000E+02 -5.081980E+00
  4.845000E+02 -5.010186E+00
  4.850000E+02 -4.899181E+00
  4.855000E+02 -4.750760E+00
  4.860000E+02 -4.567034E+00
  4.865000E+02 -4.350402E+00
  4.870000E+02 -4.103520E+00
  4.875000E+02 -3.829268E+00
  4.880000E+02 -3.530719E+00
  4.885000E+02 -3.211102E+00
  4.890000E+02 -2.873771E+00
  4.895000E+02 -2.522166E+00
  4.900000E+02 -2.159787E+00
  4.905000E+02 -1.790153E+00
  4.910000E+02 -1.416776E+00
  4.915000E+02 -1.043130E+00
  4.920000E+02 -6.726183E-01
  4.925000E+02 -3.085510E-01
  4.930000E+02  4.588279E-02
  4.935000E+02  3.876381E-01
  4.940000E+02  7.138350E-01
  4.945000E+02  1.021778E+00
  4.950000E+02  1.308975E+00
  4.955000E+02  1.573149E+00
  4.960000E+02  1.812255E+00
  4.965000E+02  2.024488E+00
  4.970000E+02  2.208296E+00
  4.975000E+02  2.362385E+00
  4.980000E+02  2.485724E+00
  4.985000E+02  2.577553E+00
  4.990000E+02  2.637381E+00
  4.995000E+02  2.664991E+00
  5.000000E+02  2.660436E+00
  5.005000E+02  2.624040E+00
  5.010000E+02  2.556395E+00
  5.015000E+02  2.458353E+00
  5.020000E+02  2.331026E+00
  5.025000E+02  2.175774E+00
  5.030000E+02  1.994199E+00
  5.035000E+02  1.788135E+00
  5.040000E+02  1.559638E+00
  5.045000E+02  1.310972E+00
  5.050000E+02  1.044596E+00
  5.055000E+02  7.631498E-01
  5.060000E+02  4.694353E-01
  5.065000E+02  1.663996E-01
  5.070000E+02 -1.428854E-01
  5.075000E+02 -4.552444E-01
  5.080000E+02 -7.674217E-01
  5.085000E+02 -1.076106E+00
  5.090000E+02 -1.377957E+00
  5.095000E+02 -1.669632E+00
  5.100000E+02 -1.947815E+00
  5.105000E+02 -2.209247E+00
  5.110000E+02 -2.450757E+00
  5.115000E+02 -2.669294E+00
  5.120000E+02 -2.861957E+00
  5.125000E+02 -3.026032E+00
  5.130000E+02 -3.159017E+00
  5.135000E+02 -3.258661E+00
  5.140000E+02 -3.322989E+00
  5.145000E+02 -3.350336E+00
  5.150000E+02 -3.339371E+00
  5.155000E+02 -3.289124E+00
  5.160000E+02 -3.199007E+00
  5.165000E+02 -3.068838E+00
  5.170000E+02 -2.898854E+00
  5.175000E+02 -2.689721E+00
  5.180000E+02 -2.442549E+00
  5.185000E+02 -2.158889E+00
  5.190000E+02 -1.840734E+00
  5.195000E+02 -1.490513E+00
  5.200000E+02 -1.111079E+00
  5.205000E+02 -7.056878E-01
  5.210000E+02 -2.779820E-01
  5.215000E+02  1.680434E-01
  5.220000E+02  6.280728E-01
  5.225000E+02  1.097509E+00
  5.230000E+02  1.571516E+00
  5.235000E+02  2.045072E+00
  5.240000E+02  2.513016E+00
  5.245000E+02  2.970109E+00
  5.250000E+02  3.411091E+00
  5.255000E+02  3.830743E+00
  5.260000E+02  4.223953E+00
  5.265000E+02  4.585774E+00
  5.270000E+02  4.911496E+00
  5.275000E+02  5.196705E+00
  5.280000E+02  5.437345E+00
  5.285000E+02  5.629776E+00
  5.290000E+02  5.770836E+00
  5.295000E+02  5.857883E+00
  5.300000E+02  5.888850E+00
  5.305000E+02  5.862276E+00
  5.310000E+02  5.777350E+00
  5.315000E+02  5.633928E+00
  5.320000E+02  5.432556E+00
  5.325000E+02  5.174478E+00
  5.330000E+02  4.861636E+00
  5.335000E+02  4.496665E+00
  5.340000E+02  4.082871E+00
  5.345000E+02  3.624207E+00
  5.350000E+02  3.125239E+00
  5.355000E+02  2.591095E+00
  5.360000E+02  2.027418E+00
  5.365000E+02  1.440301E+00
  5.370000E+02  8.362198E-01
  5.375000E+02  2.219574E-01
  5.380000E+02 -3.954770E-01
  5.385000E+02 -1.008934E+00
  5.390000E+02 -1.611212E+00
  5.395000E+02 -2.195151E+00
  5.400000E+02 -2.753724E+00
  5.405000E+02 -3.280132E+00
  5.410000E+02 -3.767895E+00
  5.415000E+02 -4.210939E+00
  5.420000E+02 -4.603687E+00
  5.425000E+02 -4.941135E+00
  5.430000E+02 -5.218927E+00
  5.435000E+02 -5.433423E+00
  5.440000E+02 -5.581758E+00
  5.445000E+02 -5.661887E+00
  5.450000E+02 -5.672627E+00
  5.455000E+02 -5.613683E+00
  5.460000E+02 -5.485663E+00
  5.465000E+02 -5.290084E+00
  5.470000E+02 -5.029361E+00
  5.475000E+02 -4.706788E+00
  5.480000E+02 -4.326503E+00
  5.485000E+02 -3.893444E+00
  5.490000E+02 -3.413293E+00
  5.495000E+02 -2.892405E+00
  5.500000E+02 -2.337734E+00
  5.505000E+02 -1.756744E+00
  5.510000E+02 -1.157313E+00
  5.515000E+02 -5.476329E-01
  5.520000E+02  6.390029E-02
  5.525000E+02  6.687976E-01
  5.530000E+02  1.258592E+00
  5.535000E+02  1.824953E+00
  5.540000E+02  2.359805E+00
  5.545000E+02  2.855438E+00
  5.550000E+02  3.304615E+00
  5.555000E+02  3.700683E+00
  5.560000E+02  4.037663E+00
  5.565000E+02  4.310345E+00
  5.570000E+02  4.514362E+00
  5.575000E+02  4.646265E+00
  5.580000E+02  4.703574E+00
  5.585000E+02  4.684826E+00
  5.590000E+02  4.589605E+00
  5.595000E+02  4.418556E+00
  5.600000E+02  4.173391E+00
  5.605000E+02  3.856872E+00
  5.610000E+02  3.472786E+00
  5.615000E+02  3.025903E+00
  5.620000E+02  2.521920E+00
  5.625000E+02  1.967389E+00
  5.630000E+02  1.369642E+00
  5.635000E+02  7.366898E-01
  5.640000E+02  7.712513E-02
  5.645000E+02 -5.999940E-01
  5.650000E+02 -1.285263E+00
  5.655000E+02 -1.969054E+00
  5.660000E+02 -2.641653E+00
  5.665000E+02 -3.293383E+00
  5.670000E+02 -3.914743E+00
  5.675000E+02 -4.496540E+00
  5.680000E+02 -5.030016E+00
  5.685000E+02 -5.506972E+00
  5.690000E+02 -5.919886E+00
  5.695000E+02 -6.262022E+00
  5.700000E+02 -6.527531E+00
  5.705000E+02 -6.711536E+00
  5.710000E+02 -6.810210E+00
  5.715000E+02 -6.820840E+00
  5.720000E+02 -6.741867E+00
  5.725000E+02 -6.572927E+00
  5.730000E+02 -6.314860E+00
  5.735000E+02 -5.969716E+00
  5.740000E+02 -5.540733E+00
  5.745000E+02 -5.032307E+00
  5.750000E+02 -4.449945E+00
  5.755000E+02 -3.800200E+00
  5.760000E+02 -3.090591E+00
  5.765000E+02 -2.329514E+00
  5.770000E+02 -1.526137E+00
  5.775000E+02 -6.902837E-01
  5.780000E+02  1.676883E-01
  5.785000E+02  1.037023E+00
  5.790000E+02  1.906702E+00
  5.795000E+02  2.765592E+00
  5.800000E+02  3.602582E+00
  5.805000E+02  4.406739E+00
  5.810000E+02  5.167445E+00
  5.815000E+02  5.874541E+00
  5.820000E+02  6.518461E+00
  5.825000E+02  7.090364E+00
  5.830000E+02  7.582248E+00
  5.835000E+02  7.987065E+00
  5.840000E+02  8.298813E+00
  5.845000E+02  8.512626E+00
  5.850000E+02  8.624834E+00
  5.855000E+02  8.633028E+00
  5.860000E+02  8.536089E+00
  5.865000E+02  8.334212E+00
  5.870000E+02  8.028913E+00
  5.875000E+02  7.623010E+00
  5.880000E+02  7.120599E+00
  5.885000E+02  6.527002E+00
  5.890000E+02  5.848708E+00
  5.895000E+02  5.093294E+00
  5.900000E+02  4.269332E+00
  5.905000E+02  3.386285E+00
  5.910000E+02  2.454390E+00
  5.915000E+02  1.484528E+00
  5.920000E+02  4.880952E-01
  5.925000E+02 -5.231468E-01
  5.930000E+02 -1.537213E+00
  5.935000E+02 -2.542048E+00
  5.940000E+02 -3.525675E+00
  5.945000E+02 -4.476347E+00
  5.950000E+02 -5.382696E+00
  5.955000E+02 -6.233871E+00
  5.960000E+02 -7.019680E+00
  5.965000E+02 -7.730711E+00
  5.970000E+02 -8.358455E+00
  5.975000E+02 -8.895408E+00
  5.980000E+02 -9.335169E+00
  5.985000E+02 -9.672513E+00
  5.990000E+02 -9.903459E+00
  5.995000E+02 -1.002532E+01
  6.000000E+02 -1.003672E+01
  6.005000E+02 -9.937649E+00
  6.010000E+02 -9.729401E+00
  6.015000E+02 -9.414604E+00
  6.020000E+02 -8.997166E+00
  6.025000E+02 -8.482226E+00
  6.030000E+02 -7.876084E+00
  6.035000E+02 -7.186124E+00
  6.040000E+02 -6.420717E+00
  6.045000E+02 -5.589117E+00
  6.050000E+02 -4.701337E+00
  6.055000E+02 -3.768032E+00
  6.060000E+02 -2.800357E+00
  6.065000E+02 -1.809829E+00
  6.070000E+02 -8.081868E-01
  6.075000E+02  1.927583E-01
  6.080000E+02  1.181267E+00
  6.085000E+02  2.145818E+00
  6.090000E+02  3.075246E+00
  6.095000E+02  3.958878E+00
  6.100000E+02  4.786665E+00
  6.105000E+02  5.549295E+00
  6.110000E+02  6.238309E+00
  6.115000E+02  6.846198E+00
  6.120000E+02  7.366487E+00
  6.125000E+02  7.793806E+00
  6.130000E+02  8.123952E+00
  6.135000E+02  8.353928E+00
  6.140000E+02  8.481969E+00
  6.145000E+02  8.507559E+00
  6.150000E+02  8.431419E+00
  6.155000E+02  8.255492E+00
  6.160000E+02  7.982906E+00
  6.165000E+02  7.617923E+00
  6.170000E+02  7.165876E+00
  6.175000E+02  6.633094E+00
  6.180000E+02  6.026808E+00
  6.185000E+02  5.355058E+00
  6.190000E+02  4.626580E+00
  6.195000E+02  3.850692E+00
  6.200000E+02  3.037171E+00
  6.205000E+02  2.196124E+00
  6.210000E+02  1.337864E+00
  6.215000E+02  4.727724E-01
  6.220000E+02 -3.888263E-01
  6.225000E+02 -1.236795E+00
  6.230000E+02 -2.061307E+00
  6.235000E+02 -2.852964E+00
  6.240000E+02 -3.602909E+00
  6.245000E+02 -4.302928E+00
  6.250000E+02 -4.945544E+00
  6.255000E+02 -5.524100E+00
  6.260000E+02 -6.032830E+00
  6.265000E+02 -6.466917E+00
  6.270000E+02 -6.822538E+00
  6.275000E+02 -7.096899E+00
  6.280000E+02 -7.288247E+00
  6.285000E+02 -7.395883E+00
  6.290000E+02 -7.420143E+00
  6.295000E+02 -7.362383E+00
  6.300000E+02 -7.224938E+00
  6.305000E+02 -7.011076E+00
  6.310000E+02 -6.724940E+00
  6.315000E+02 -6.371474E+00
  6.320000E+02 -5.956349E+00
  6.325000E+02 -5.485871E+00
  6.330000E+02 -4.966886E+00
  6.335000E+02 -4.406687E+00
  6.340000E+02 -3.812901E+00
  6.345000E+02 -3.193389E+00
  6.350000E+02 -2.556137E+00
  6.355000E+02 -1.909145E+00
  6.360000E+02 -1.260329E+00
  6.365000E+02 -6.174119E-01
  6.370000E+02  1.216844E-02
  6.375000E+02  6.213536E-01
  6.380000E+02  1.203547E+00
  6.385000E+02  1.752692E+00
  6.390000E+02  2.263336E+00
  6.395000E+02  2.730690E+00
  6.400000E+02  3.150674E+00
  6.405000E+02  3.519953E+00
  6.410000E+02  3.835961E+00
  6.415000E+02  4.096915E+00
  6.420000E+02  4.301817E+00
  6.425000E+02  4.450442E+00
  6.430000E+02  4.543321E+00
  6.435000E+02  4.581708E+00
  6.440000E+02  4.567541E+00
  6.445000E+02  4.503395E+00
  6.450000E+02  4.392421E+00
  6.455000E+02  4.238285E+00
  6.460000E+02  4.045096E+00
  6.465000E+02  3.817335E+00
  6.470000E+02  3.559775E+00
  6.475000E+02  3.277401E+00
  6.480000E+02  2.975328E+00
  6.485000E+02  2.658723E+00
  6.490000E+02  2.332724E+00
  6.495000E+02  2.002361E+00
  6.500000E+02  1.672490E+00
  6.505000E+02  1.347717E+00
  6.510000E+02  1.032344E+00
  6.515000E+02  7.303052E-01
  6.520000E+02  4.451273E-01
  6.525000E+02  1.798838E-01
  6.530000E+02 -6.283401E-02
  6.535000E+02 -2.809406E-01
  6.540000E+02 -4.728694E-01
  6.545000E+02 -6.375781E-01
  6.550000E+02 -7.745444E-01
  6.555000E+02 -8.837532E-01
  6.560000E+02 -9.656757E-01
  6.565000E+02 -1.021241E+00
  6.570000E+02 -1.051801E+00
  6.575000E+02 -1.059087E+00
  6.580000E+02 -1.045163E+00
  6.585000E+02 -1.012375E+00
  6.590000E+02 -9.632937E-01
  6.595000E+02 -9.006571E-01
  6.600000E+02 -8.273109E-01
  6.605000E+02 -7.461489E-01
  6.610000E+02 -6.600531E-01
  6.615000E+02 -5.718363E-01
  6.620000E+02 -4.841870E-01
  6.625000E+02 -3.996180E-01
  6.630000E+02 -3.204195E-01
  6.635000E+02 -2.486171E-01
  6.640000E+02 -1.859362E-01
  6.645000E+02 -1.337725E-01
  6.650000E+02 -9.316965E-02
  6.655000E+02 -6.480380E-02
  6.660000E+02 -4.897610E-02
  6.665000E+02 -4.561233E-02
  6.670000E+02 -5.427002E-02
  6.675000E+02 -7.415290E-02
  6.680000E+02 -1.041322E-01
  6.685000E+02 -1.427744E-01
  6.690000E+02 -1.883751E-01
  6.695000E+02 -2.389977E-01
  6.700000E+02 -2.925171E-01
  6.705000E+02 -3.466666E-01
  6.710000E+02 -3.990882E-01
  6.715000E+02 -4.473844E-01
  6.720000E+02 -4.891705E-01
  6.725000E+02 -5.221281E-01
  6.730000E+02 -5.440559E-01
  6.735000E+02 -5.529203E-01
  6.740000E+02 -5.469016E-01
  6.745000E+02 -5.244373E-01
  6.750000E+02 -4.842606E-01
  6.755000E+02 -4.254336E-01
  6.760000E+02 -3.473749E-01
  6.765000E+02 -2.498803E-01
  6.770000E+02 -1.331370E-01
  6.775000E+02  2.269389E-03
  6.780000E+02  1.553551E-01
  6.785000E+02  3.247458E-01
  6.790000E+02  5.086913E-01
  6.795000E+02  7.050879E-01
  6.800000E+02  9.115063E-01
  6.805000E+02  1.125227E+00
  6.810000E+02  1.343280E+00
  6.815000E+02  1.562493E+00
  6.820000E+02  1.779537E+00
  6.825000E+02  1.990982E+00
  6.830000E+02  2.193355E+00
  6.835000E+02  2.383194E+00
  6.840000E+02  2.557108E+00
  6.845000E+02  2.711835E+00
  6.850000E+02  2.844300E+00
  6.855000E+02  2.951666E+00
  6.860000E+02  3.031390E+00
  6.865000E+02  3.081269E+00
  6.870000E+02  3.099479E+00
  6.875000E+02  3.084617E+00
  6.880000E+02  3.035732E+00
  6.885000E+02  2.952344E+00
  6.890000E+02  2.834465E+00
  6.895000E+02  2.682609E+00
  6.900000E+02  2.497790E+00
  6.905000E+02  2.281519E+00
  6.910000E+02  2.035789E+00
  6.915000E+02  1.763053E+00
  6.920000E+02  1.466195E+00
  6.925000E+02  1.148497E+00
  6.930000E+02  8.135914E-01
  6.935000E+02  4.654176E-01
  6.940000E+02  1.081674E-01
  6.945000E+02 -2.537722E-01
  6.950000E+02 -6.158795E-01
  6.955000E+02 -9.735615E-01
  6.960000E+02 -1.322218E+00
  6.965000E+02 -1.657308E+00
  6.970000E+02 -1.974413E+00
  6.975000E+02 -2.269299E+00
  6.980000E+02 -2.537984E+00
  6.985000E+02 -2.776785E+00
  6.990000E+02 -2.982382E+00
  6.995000E+02 -3.151858E+00
  7.000000E+02 -3.282748E+00
  7.005000E+02 -3.373071E+00
  7.010000E+02 -3.421362E+00
  7.015000E+02 -3.426693E+00
  7.020000E+02 -3.388687E+00
  7.025000E+02 -3.307528E+00
  7.030000E+02 -3.183953E+00
  7.035000E+02 -3.019253E+00
  7.040000E+02 -2.815245E+00
  7.045000E+02 -2.574258E+00
  7.050000E+02 -2.299092E+00
  7.055000E+02 -1.992990E+00
  7.060000E+02 -1.659586E+00
  7.065000E+02 -1.302860E+00
  7.070000E+02 -9.270830E-01
  7.075000E+02 -5.367607E-01
  7.080000E+02 -1.365708E-01
  7.085000E+02  2.686979E-01
  7.090000E+02  6.742099E-01
  7.095000E+02  1.075147E+00
  7.100000E+02  1.466770E+00
  7.105000E+02  1.844484E+00
  7.110000E+02  2.203893E+00
  7.115000E+02  2.540861E+00
  7.120000E+02  2.851558E+00
  7.125000E+02  3.132514E+00
  7.130000E+02  3.380655E+00
  7.135000E+02  3.593343E+00
  7.140000E+02  3.768406E+00
  7.145000E+02  3.904159E+00
  7.150000E+02  3.999421E+00
  7.155000E+02  4.053529E+00
  7.160000E+02  4.066334E+00
  7.165000E+02  4.038200E+00
  7.170000E+02  3.969995E+00
  7.175000E+02  3.863070E+00
  7.180000E+02  3.719236E+00
  7.185000E+02  3.540736E+00
  7.190000E+02  3.330209E+00
  7.195000E+02  3.090654E+00
  7.200000E+02  2.825382E+00
  7.205000E+02  2.537970E+00
  7.210000E+02  2.232217E+00
  7.215000E+02  1.912086E+00
  7.220000E+02  1.581657E+00
  7.225000E+02  1.245070E+00
  7.230000E+02  9.064735E-01
  7.235000E+02  5.699752E-01
  7.240000E+02  2.395883E-01
  7.245000E+02 -8.081438E-02
  7.250000E+02 -3.875463E-01
  7.255000E+02 -6.771488E-01
  7.260000E+02 -9.464289E-01
  7.265000E+02 -1.192493E+00
  7.270000E+02 -1.412778E+00
  7.275000E+02 -1.605071E+00
  7.280000E+02 -1.767535E+00
  7.285000E+02 -1.898720E+00
  7.290000E+02 -1.997570E+00
  7.295000E+02 -2.063433E+00
  7.300000E+02 -2.096053E+00
  7.305000E+02 -2.095572E+00
  7.310000E+02 -2.062512E+00
  7.315000E+02 -1.997768E+00
  7.320000E+02 -1.902581E+00
  7.325000E+02 -1.778522E+00
  7.330000E+02 -1.627465E+00
  7.335000E+02 -1.451555E+00
  7.340000E+02 -1.253181E+00
  7.345000E+02 -1.034941E+00
  7.350000E+02 -7.996079E-01
  7.355000E+02 -5.500950E-01
  7.360000E+02 -2.894181E-01
  7.365000E+02 -2.066062E-02
  7.370000E+02  2.530626E-01
  7.375000E+02  5.286405E-01
  7.380000E+02  8.029998E-01
  7.385000E+02  1.073138E+00
  7.390000E+02  1.336153E+00
  7.395000E+02  1.589275E+00
  7.400000E+02  1.829889E+00
  7.405000E+02  2.055562E+00
  7.410000E+02  2.264062E+00
  7.415000E+02  2.453380E+00
  7.420000E+02  2.621743E+00
  7.425000E+02  2.767627E+00
  7.430000E+02  2.889767E+00
  7.435000E+02  2.987167E+00
  7.440000E+02  3.059099E+00
  7.445000E+02  3.105107E+00
  7.450000E+02  3.125006E+00
  7.455000E+02  3.118876E+00
  7.460000E+02  3.087056E+00
  7.465000E+02  3.030136E+00
  7.470000E+02  2.948944E+00
  7.475000E+02  2.844534E+00
  7.480000E+02  2.718169E+00
  7.485000E+02  2.571309E+00
  7.490000E+02  2.405585E+00
  7.495000E+02  2.222788E+00
  7.500000E+02  2.024843E+00
  7.505000E+02  1.813790E+00
  7.510000E+02  1.591761E+00
  7.515000E+02  1.360960E+00
  7.520000E+02  1.123636E+00
  7.525000E+02  8.820664E-01
  7.530000E+02  6.385294E-01
  7.535000E+02  3.952850E-01
  7.540000E+02  1.545522E-01
  7.545000E+02 -8.151137E-02
  7.550000E+02 -3.108295E-01
  7.555000E+02 -5.314262E-01
  7.560000E+02 -7.414436E-01
  7.565000E+02 -9.391585E-01
  7.570000E+02 -1.122997E+00
  7.575000E+02 -1.291547E+00
  7.580000E+02 -1.443572E+00
  7.585000E+02 -1.578020E+00
  7.590000E+02 -1.694030E+00
  7.595000E+02 -1.790939E+00
  7.600000E+02 -1.868286E+00
  7.605000E+02 -1.925816E+00
  7.610000E+02 -1.963474E+00
  7.615000E+02 -1.981409E+00
  7.620000E+02 -1.979965E+00
  7.625000E+02 -1.959677E+00
  7.630000E+02 -1.921260E+00
  7.635000E+02 -1.865602E+00
  7.640000E+02 -1.793750E+00
  7.645000E+02 -1.706893E+00
  7.650000E+02 -1.606353E+00
  7.655000E+02 -1.493562E+00
  7.660000E+02 -1.370047E+00
  7.665000E+02 -1.237411E+00
  7.670000E+02 -1.097312E+00
  7.675000E+02 -9.514419E-01
  7.680000E+02 -8.015102E-01
  7.685000E+02 -6.492186E-01
  7.690000E+02 -4.962428E-01
  7.695000E+02 -3.442128E-01
  7.700000E+02 -1.946935E-01
  7.705000E+02 -4.916685E-02
  7.710000E+02  9.098485E-02
  7.715000E+02  2.244941E-01
  7.720000E+02  3.502215E-01
  7.725000E+02  4.671675E-01
  7.730000E+02  5.744816E-01
  7.735000E+02  6.714697E-01
  7.740000E+02  7.575986E-01
  7.745000E+02  8.324990E-01
  7.750000E+02  8.959650E-01
  7.755000E+02  9.479520E-01
  7.760000E+02  9.885715E-01
  7.765000E+02  1.018085E+00
  7.770000E+02  1.036892E+00
  7.775000E+02  1.045523E+00
  7.780000E+02  1.044623E+00
  7.785000E+02  1.034935E+00
  7.790000E+02  1.017291E+00
  7.795000E+02  9.925845E-01
  7.800000E+02  9.617619E-01
  7.805000E+02  9.257978E-01
  7.810000E+02  8.856782E-01
  7.815000E+02  8.423821E-01
  7.820000E+02  7.968628E-01
  7.825000E+02  7.500309E-01
  7.830000E+02  7.027377E-01
  7.835000E+02  6.557611E-01
  7.840000E+02  6.097918E-01
  7.845000E+02  5.654226E-01
  7.850000E+02  5.231392E-01
  7.855000E+02  4.833135E-01
  7.860000E+02  4.461995E-01
  7.865000E+02  4.119315E-01
  7.870000E+02  3.805245E-01
  7.875000E+02  3.518784E-01
  7.880000E+02  3.257831E-01
  7.885000E+02  3.019272E-01
  7.890000E+02  2.799081E-01
  7.895000E+02  2.592449E-01
  7.900000E+02  2.393921E-01
  7.905000E+02  2.197559E-01
  7.910000E+02  1.997111E-01
  7.915000E+02  1.786184E-01
  7.920000E+02  1.558432E-01
  7.925000E+02  1.307738E-01
  7.930000E+02  1.028395E-01
  7.935000E+02  7.152844E-02
  7.940000E+02  3.640331E-02
  7.945000E+02 -2.882900E-03
  7.950000E+02 -4.657392E-02
  7.955000E+02 -9.479885E-02
  7.960000E+02 -1.475632E-01
  7.965000E+02 -2.047425E-01
  7.970000E+02 -2.660786E-01
  7.975000E+02 -3.311791E-01
  7.980000E+02 -3.995192E-01
  7.985000E+02 -4.704471E-01
  7.990000E+02 -5.431922E-01
  7.995000E+02 -6.168758E-01
  8.000000E+02 -6.905250E-01
  8.005000E+02 -7.630889E-01
  8.010000E+02 -8.334570E-01
  8.015000E+02 -9.004794E-01
  8.020000E+02 -9.629887E-01
  8.025000E+02 -1.019823E+00
  8.030000E+02 -1.069851E+00
  8.035000E+02 -1.111992E+00
  8.040000E+02 -1.145247E+00
  8.045000E+02 -1.168712E+00
  8.050000E+02 -1.181610E+00
  8.055000E+02 -1.183305E+00
  8.060000E+02 -1.173323E+00
  8.065000E+02 -1.151365E+00
  8.070000E+02 -1.117325E+00
  8.075000E+02 -1.071295E+00
  8.080000E+02 -1.013572E+00
  8.085000E+02 -9.446656E-01
  8.090000E+02 -8.652891E-01
  8.095000E+02 -7.763599E-01
  8.100000E+02 -6.789885E-01
  8.105000E+02 -5.744653E-01
  8.110000E+02 -4.642442E-01
  8.115000E+02 -3.499220E-01
  8.120000E+02 -2.332150E-01
  8.125000E+02 -1.159323E-01
  8.130000E+02  5.352037E-05
  8.135000E+02  1.128369E-01
  8.140000E+02  2.205126E-01
  8.145000E+02  3.212088E-01
  8.150000E+02  4.131219E-01
  8.155000E+02  4.945492E-01
  8.160000E+02  5.639230E-01
  8.165000E+02  6.198414E-01
  8.170000E+02  6.610979E-01
  8.175000E+02  6.867082E-01
  8.180000E+02  6.959341E-01
  8.185000E+02  6.883028E-01
  8.190000E+02  6.636230E-01
  8.195000E+02  6.219962E-01
  8.200000E+02  5.638228E-01
  8.205000E+02  4.898036E-01
  8.210000E+02  4.009355E-01
  8.215000E+02  2.985030E-01
  8.220000E+02  1.840629E-01
  8.225000E+02  5.942556E-02
  8.230000E+02 -7.337018E-02
  8.235000E+02 -2.120856E-01
  8.240000E+02 -3.543155E-01
  8.245000E+02 -4.975247E-01
  8.250000E+02 -6.390885E-01
  8.255000E+02 -7.763348E-01
  8.260000E+02 -9.065883E-01
  8.265000E+02 -1.027216E+00
  8.270000E+02 -1.135674E+00
  8.275000E+02 -1.229550E+00
  8.280000E+02 -1.306611E+00
  8.285000E+02 -1.364842E+00
  8.290000E+02 -1.402486E+00
  8.295000E+02 -1.418084E+00
  8.300000E+02 -1.410500E+00
  8.305000E+02 -1.378951E+00
  8.310000E+02 -1.323032E+00
  8.315000E+02 -1.242723E+00
  8.320000E+02 -1.138409E+00
  8.325000E+02 -1.010874E+00
  8.330000E+02 -8.613035E-01
  8.335000E+02 -6.912719E-01
  8.340000E+02 -5.027257E-01
  8.345000E+02 -2.979606E-01
  8.350000E+02 -7.959189E-02
  8.355000E+02  1.494808E-01
  8.360000E+02  3.861141E-01
  8.365000E+02  6.269662E-01
  8.370000E+02  8.685462E-01
  8.375000E+02  1.107267E+00
  8.380000E+02  1.339500E+00
  8.385000E+02  1.561634E+00
  8.390000E+02  1.770128E+00
  8.395000E+02  1.961573E+00
  8.400000E+02  2.132749E+00
  8.405000E+02  2.280673E+00
  8.410000E+02  2.402656E+00
  8.415000E+02  2.496347E+00
  8.420000E+02  2.559779E+00
  8.425000E+02  2.591399E+00
  8.430000E+02  2.590107E+00
  8.435000E+02  2.555277E+00
  8.440000E+02  2.486771E+00
  8.445000E+02  2.384954E+00
  8.450000E+02  2.250690E+00
  8.455000E+02  2.085341E+00
  8.460000E+02  1.890750E+00
  8.465000E+02  1.669220E+00
  8.470000E+02  1.423484E+00
  8.475000E+02  1.156669E+00
  8.480000E+02  8.722542E-01
  8.485000E+02  5.740192E-01
  8.490000E+02  2.659920E-01
  8.495000E+02 -4.761018E-02
  8.500000E+02 -3.624437E-01
  8.505000E+02 -6.741027E-01
  8.510000E+02 -9.781862E-01
  8.515000E+02 -1.270365E+00
  8.520000E+02 -1.546446E+00
  8.525000E+02 -1.802442E+00
  8.530000E+02 -2.034630E+00
  8.535000E+02 -2.239610E+00
  8.540000E+02 -2.414362E+00
  8.545000E+02 -2.556292E+00
  8.550000E+02 -2.663276E+00
  8.555000E+02 -2.733695E+00
  8.560000E+02 -2.766466E+00
  8.565000E+02 -2.761055E+00
  8.570000E+02 -2.717498E+00
  8.575000E+02 -2.636396E+00
  8.580000E+02 -2.518915E+00
  8.585000E+02 -2.366767E+00
  8.590000E+02 -2.182193E+00
  8.595000E+02 -1.967926E+00
  8.600000E+02 -1.727156E+00
  8.605000E+02 -1.463484E+00
  8.610000E+02 -1.180868E+00
  8.615000E+02 -8.835673E-01
  8.620000E+02 -5.760774E-01
  8.625000E+02 -2.630645E-01
  8.630000E+02  5.070442E-02
  8.635000E+02  3.604327E-01
  8.640000E+02  6.613665E-01
  8.645000E+02  9.488662E-01
  8.650000E+02  1.218477E+00
  8.655000E+02  1.465996E+00
  8.660000E+02  1.687538E+00
  8.665000E+02  1.879592E+00
  8.670000E+02  2.039078E+00
  8.675000E+02  2.163395E+00
  8.680000E+02  2.250459E+00
  8.685000E+02  2.298740E+00
  8.690000E+02  2.307282E+00
  8.695000E+02  2.275724E+00
  8.700000E+02  2.204305E+00
  8.705000E+02  2.093866E+00
  8.710000E+02  1.945835E+00
  8.715000E+02  1.762211E+00
  8.720000E+02  1.545539E+00
  8.725000E+02  1.298869E+00
  8.730000E+02  1.025718E+00
  8.735000E+02  7.300200E-01
  8.740000E+02  4.160674E-01
  8.745000E+02  8.845268E-02
  8.750000E+02 -2.479980E-01
  8.755000E+02 -5.882934E-01
  8.760000E+02 -9.273486E-01
  8.765000E+02 -1.260057E+00
  8.770000E+02 -1.581364E+00
  8.775000E+02 -1.886339E+00
  8.780000E+02 -2.170243E+00
  8.785000E+02 -2.428603E+00
  8.790000E+02 -2.657266E+00
  8.795000E+02 -2.852468E+00
  8.800000E+02 -3.010881E+00
  8.805000E+02 -3.129663E+00
  8.810000E+02 -3.206498E+00
  8.815000E+02 -3.239630E+00
  8.820000E+02 -3.227889E+00
  8.825000E+02 -3.170705E+00
  8.830000E+02 -3.068124E+00
  8.835000E+02 -2.920800E+00
  8.840000E+02 -2.729993E+00
  8.845000E+02 -2.497553E+00
  8.850000E+02 -2.225894E+00
  8.855000E+02 -1.917964E+00
  8.860000E+02 -1.577207E+00
  8.865000E+02 -1.207517E+00
  8.870000E+02 -8.131884E-01
  8.875000E+02 -3.988614E-01
  8.880000E+02  3.054019E-02
  8.885000E+02  4.698713E-01
  8.890000E+02  9.138313E-01
  8.895000E+02  1.357032E+00
  8.900000E+02  1.794066E+00
  8.905000E+02  2.219576E+00
  8.910000E+02  2.628321E+00
  8.915000E+02  3.015240E+00
  8.920000E+02  3.375519E+00
  8.925000E+02  3.704649E+00
  8.930000E+02  3.998479E+00
  8.935000E+02  4.253269E+00
  8.940000E+02  4.465732E+00
  8.945000E+02  4.633077E+00
  8.950000E+02  4.753039E+00
  8.955000E+02  4.823907E+00
  8.960000E+02  4.844539E+00
  8.965000E+02  4.814383E+00
  8.970000E+02  4.733472E+00
  8.975000E+02  4.602429E+00
  8.980000E+02  4.422457E+00
  8.985000E+02  4.195323E+00
  8.990000E+02  3.923334E+00
  8.995000E+02  3.609314E+00
  9.000000E+02  3.256566E+00
  9.005000E+02  2.868834E+00
  9.010000E+02  2.450262E+00
  9.015000E+02  2.005343E+00
  9.020000E+02  1.538869E+00
  9.025000E+02  1.055878E+00
  9.030000E+02  5.615965E-01
  9.035000E+02  6.138050E-02
  9.040000E+02 -4.393418E-01
  9.045000E+02 -9.351302E-01
  9.050000E+02 -1.420592E+00
  9.055000E+02 -1.890438E+00
  9.060000E+02 -2.339543E+00
  9.065000E+02 -2.762996E+00
  9.070000E+02 -3.156155E+00
  9.075000E+02 -3.514695E+00
  9.080000E+02 -3.834650E+00
  9.085000E+02 -4.112461E+00
  9.090000E+02 -4.345006E+00
  9.095000E+02 -4.529634E+00
  9.100000E+02 -4.664194E+00
  9.105000E+02 -4.747055E+00
  9.110000E+02 -4.777124E+00
  9.115000E+02 -4.753855E+00
  9.120000E+02 -4.677257E+00
  9.125000E+02 -4.547893E+00
  9.130000E+02 -4.366873E+00
  9.135000E+02 -4.135847E+00
  9.140000E+02 -3.856986E+00
  9.145000E+02 -3.532962E+00
  9.150000E+02 -3.166921E+00
  9.155000E+02 -2.762453E+00
  9.160000E+02 -2.323558E+00
  9.165000E+02 -1.854604E+00
  9.170000E+02 -1.360288E+00
  9.175000E+02 -8.455858E-01
  9.180000E+02 -3.157075E-01
  9.185000E+02  2.239576E-01
  9.190000E+02  7.678927E-01
  9.195000E+02  1.310509E+00
  9.200000E+02  1.846200E+00
  9.205000E+02  2.369400E+00
  9.210000E+02  2.874640E+00
  9.215000E+02  3.356602E+00
  9.220000E+02  3.810177E+00
  9.225000E+02  4.230514E+00
  9.230000E+02  4.613074E+00
  9.235000E+02  4.953679E+00
  9.240000E+02  5.248554E+00
  9.245000E+02  5.494374E+00
  9.250000E+02  5.688296E+00
  9.255000E+02  5.827997E+00
  9.260000E+02  5.911700E+00
  9.265000E+02  5.938197E+00
  9.270000E+02  5.906870E+00
  9.275000E+02  5.817699E+00
  9.280000E+02  5.671270E+00
  9.285000E+02  5.468774E+00
  9.290000E+02  5.212001E+00
  9.295000E+02  4.903327E+00
  9.300000E+02  4.545695E+00
  9.305000E+02  4.142590E+00
  9.310000E+02  3.698006E+00
  9.315000E+02  3.216411E+00
  9.320000E+02  2.702703E+00
  9.325000E+02  2.162159E+00
  9.330000E+02  1.600390E+00
  9.335000E+02  1.023275E+00
  9.340000E+02  4.369065E-01
  9.345000E+02 -1.524774E-01
  9.350000E+02 -7.385573E-01
  9.355000E+02 -1.315002E+00
  9.360000E+02 -1.875537E+00
  9.365000E+02 -2.414015E+00
  9.370000E+02 -2.924485E+00
  9.375000E+02 -3.401262E+00
  9.380000E+02 -3.838989E+00
  9.385000E+02 -4.232703E+00
  9.390000E+02 -4.577896E+00
  9.395000E+02 -4.870565E+00
  9.400000E+02 -5.107270E+00
  9.405000E+02 -5.285168E+00
  9.410000E+02 -5.402061E+00
  9.415000E+02 -5.456420E+00
  9.420000E+02 -5.447414E+00
  9.425000E+02 -5.374921E+00
  9.430000E+02 -5.239537E+00
  9.435000E+02 -5.042579E+00
  9.440000E+02 -4.786072E+00
  9.445000E+02 -4.472732E+00
  9.450000E+02 -4.105943E+00
  9.455000E+02 -3.689720E+00
  9.460000E+02 -3.228667E+00
  9.465000E+02 -2.727932E+00
  9.470000E+02 -2.193146E+00
  9.475000E+02 -1.630361E+00
  9.480000E+02 -1.045986E+00
  9.485000E+02 -4.467086E-01
  9.490000E+02  1.605805E-01
  9.495000E+02  7.688665E-01
  9.500000E+02  1.371095E+00
  9.505000E+02  1.960254E+00
  9.510000E+02  2.529462E+00
  9.515000E+02  3.072044E+00
  9.520000E+02  3.581621E+00
  9.525000E+02  4.052182E+00
  9.530000E+02  4.478164E+00
  9.535000E+02  4.854515E+00
  9.540000E+02  5.176765E+00
  9.545000E+02  5.441077E+00
  9.550000E+02  5.644301E+00
  9.555000E+02  5.784012E+00
  9.560000E+02  5.858548E+00
  9.565000E+02  5.867027E+00
  9.570000E+02  5.809367E+00
  9.575000E+02  5.686286E+00
  9.580000E+02  5.499299E+00
  9.585000E+02  5.250701E+00
  9.590000E+02  4.943544E+00
  9.595000E+02  4.581598E+00
  9.600000E+02  4.169310E+00
  9.605000E+02  3.711749E+00
  9.610000E+02  3.214547E+00
  9.615000E+02  2.683830E+00
  9.620000E+02  2.126143E+00
  9.625000E+02  1.548367E+00
  9.630000E+02  9.576411E-01
  9.635000E+02  3.612652E-01
  9.640000E+02 -2.333854E-01
  9.645000E+02 -8.189542E-01
  9.650000E+02 -1.388196E+00
  9.655000E+02 -1.934069E+00
  9.660000E+02 -2.449823E+00
  9.665000E+02 -2.929086E+00
  9.670000E+02 -3.365945E+00
  9.675000E+02 -3.755024E+00
  9.680000E+02 -4.091550E+00
  9.685000E+02 -4.371420E+00
  9.690000E+02 -4.591249E+00
  9.695000E+02 -4.748419E+00
  9.700000E+02 -4.841113E+00
  9.705000E+02 -4.868340E+00
  9.710000E+02 -4.829949E+00
  9.715000E+02 -4.726635E+00
  9.720000E+02 -4.559930E+00
  9.725000E+02 -4.332187E+00
  9.730000E+02 -4.046551E+00
  9.735000E+02 -3.706921E+00
  9.740000E+02 -3.317905E+00
  9.745000E+02 -2.884756E+00
  9.750000E+02 -2.413314E+00
  9.755000E+02 -1.909927E+00
  9.760000E+02 -1.381372E+00
  9.765000E+02 -8.347722E-01
  9.770000E+02 -2.775009E-01
  9.775000E+02  2.829086E-01
  9.780000E+02  8.388617E-01
  9.785000E+02  1.382800E+00
  9.790000E+02  1.907300E+00
  9.795000E+02  2.405168E+00
  9.800000E+02  2.869536E+00
  9.805000E+02  3.293951E+00
  9.810000E+02  3.672461E+00
  9.815000E+02  3.999693E+00
  9.820000E+02  4.270927E+00
  9.825000E+02  4.482160E+00
  9.830000E+02  4.630160E+00
  9.835000E+02  4.712514E+00
  9.840000E+02  4.727661E+00
  9.845000E+02  4.674918E+00
  9.850000E+02  4.554495E+00
  9.855000E+02  4.367493E+00
  9.860000E+02  4.115902E+00
  9.865000E+02  3.802571E+00
  9.870000E+02  3.431184E+00
  9.875000E+02  3.006215E+00
  9.880000E+02  2.532870E+00
  9.885000E+02  2.017034E+00
  9.890000E+02  1.465190E+00
  9.895000E+02  8.843409E-01
  9.900000E+02  2.819268E-01
  9.905000E+02 -3.342737E-01
  9.910000E+02 -9.562402E-01
  9.915000E+02 -1.575812E+00
  9.920000E+02 -2.184796E+00
  9.925000E+02 -2.775067E+00
  9.930000E+02 -3.338679E+00
  9.935000E+02 -3.867969E+00
  9.940000E+02 -4.355654E+00
  9.945000E+02 -4.794935E+00
  9.950000E+02 -5.179583E+00
  9.955000E+02 -5.504028E+00
  9.960000E+02 -5.763434E+00
  9.965000E+02 -5.953772E+00
  9.970000E+02 -6.071872E+00
  9.975000E+02 -6.115478E+00
  9.980000E+02 -6.083282E+00
  9.985000E+02 -5.974948E+00
  9.990000E+02 -5.791124E+00
  9.995000E+02 -5.533448E+00
  1.000000E+03 -5.204527E+00
  1.000500E+03 -4.807919E+00
  1.001000E+03 -4.348088E+00
  1.001500E+03 -3.830361E+00
  1.002000E+03 -3.260861E+00
  1.002500E+03 -2.646439E+00
  1.003000E+03 -1.994589E+00
  1.003500E+03 -1.313355E+00
  1.004000E+03 -6.112343E-01
  1.004500E+03  1.029291E-01
  1.005000E+03  8.200583E-01
  1.005500E+03  1.530958E+00
  1.006000E+03  2.226433E+00
  1.006500E+03  2.897409E+00
  1.007000E+03  3.535052E+00
  1.007500E+03  4.130883E+00
  1.008000E+03  4.676894E+00
  1.008500E+03  5.165657E+00
  1.009000E+03  5.590425E+00
  1.009500E+03  5.945227E+00
  1.010000E+03  6.224952E+00
  1.010500E+03  6.425426E+00
  1.011000E+03  6.543472E+00
  1.011500E+03  6.576960E+00
  1.012000E+03  6.524850E+00
  1.012500E+03  6.387210E+00
  1.013000E+03  6.165224E+00
  1.013500E+03  5.861193E+00
  1.014000E+03  5.478506E+00
  1.014500E+03  5.021614E+00
  1.015000E+03  4.495973E+00
  1.015500E+03  3.907985E+00
  1.016000E+03  3.264923E+00
  1.016500E+03  2.574838E+00
  1.017000E+03  1.846464E+00
  1.017500E+03  1.089106E+00
  1.018000E+03  3.125253E-01
  1.018500E+03 -4.731911E-01
  1.019000E+03 -1.257756E+00
  1.019500E+03 -2.030820E+00
  1.020000E+03 -2.782106E+00
  1.020500E+03 -3.501544E+00
  1.021000E+03 -4.179413E+00
  1.021500E+03 -4.806465E+00
  1.022000E+03 -5.374056E+00
  1.022500E+03 -5.874265E+00
  1.023000E+03 -6.300005E+00
  1.023500E+03 -6.645119E+00
  1.024000E+03 -6.904478E+00
  1.024500E+03 -7.074047E+00
  1.025000E+03 -7.150956E+00
  1.025500E+03 -7.133538E+00
  1.026000E+03 -7.021367E+00
  1.026500E+03 -6.815268E+00
  1.027000E+03 -6.517316E+00
  1.027500E+03 -6.130817E+00
  1.028000E+03 -5.660273E+00
  1.028500E+03 -5.111325E+00
  1.029000E+03 -4.490691E+00
  1.029500E+03 -3.806080E+00
  1.030000E+03 -3.066091E+00
  1.030500E+03 -2.280112E+00
  1.031000E+03 -1.458189E+00
  1.031500E+03 -6.109026E-01
  1.032000E+03  2.507762E-01
  1.032500E+03  1.115628E+00
  1.033000E+03  1.972336E+00
  1.033500E+03  2.809637E+00
  1.034000E+03  3.616472E+00
  1.034500E+03  4.382139E+00
  1.035000E+03  5.096436E+00
  1.035500E+03  5.749800E+00
  1.036000E+03  6.333440E+00
  1.036500E+03  6.839458E+00
  1.037000E+03  7.260959E+00
  1.037500E+03  7.592146E+00
  1.038000E+03  7.828403E+00
  1.038500E+03  7.966361E+00
  1.039000E+03  8.003948E+00
  1.039500E+03  7.940417E+00
  1.040000E+03  7.776364E+00
  1.040500E+03  7.513719E+00
  1.041000E+03  7.155724E+00
  1.041500E+03  6.706892E+00
  1.042000E+03  6.172948E+00
  1.042500E+03  5.560749E+00
  1.043000E+03  4.878199E+00
  1.043500E+03  4.134138E+00
  1.044000E+03  3.338223E+00
  1.044500E+03  2.500797E+00
  1.045000E+03  1.632751E+00
  1.045500E+03  7.453731E-01
  1.046000E+03 -1.498052E-01
  1.046500E+03 -1.041164E+00
  1.047000E+03 -1.917157E+00
  1.047500E+03 -2.766464E+00
  1.048000E+03 -3.578150E+00
  1.048500E+03 -4.341809E+00
  1.049000E+03 -5.047712E+00
  1.049500E+03 -5.686930E+00
  1.050000E+03 -6.251460E+00
  1.050500E+03 -6.734332E+00
  1.051000E+03 -7.129699E+00
  1.051500E+03 -7.432913E+00
  1.052000E+03 -7.640589E+00
  1.052500E+03 -7.750642E+00
  1.053000E+03 -7.762313E+00
  1.053500E+03 -7.676171E+00
  1.054000E+03 -7.494104E+00
  1.054500E+03 -7.219281E+00
  1.055000E+03 -6.856106E+00
  1.055500E+03 -6.410147E+00
  1.056000E+03 -5.888056E+00
  1.056500E+03 -5.297467E+00
  1.057000E+03 -4.646887E+00
  1.057500E+03 -3.945571E+00
  1.058000E+03 -3.203388E+00
  1.058500E+03 -2.430681E+00
  1.059000E+03 -1.638120E+00
  1.059500E+03 -8.365502E-01
  1.060000E+03 -3.683869E-02
  1.060500E+03  7.502749E-01
  1.061000E+03  1.514329E+00
  1.061500E+03  2.245281E+00
  1.062000E+03  2.933649E+00
  1.062500E+03  3.570634E+00
  1.063000E+03  4.148238E+00
  1.063500E+03  4.659371E+00
  1.064000E+03  5.097937E+00
  1.064500E+03  5.458912E+00
  1.065000E+03  5.738403E+00
  1.065500E+03  5.933690E+00
  1.066000E+03  6.043250E+00
  1.066500E+03  6.066767E+00
  1.067000E+03  6.005118E+00
  1.067500E+03  5.860352E+00
  1.068000E+03  5.635641E+00
  1.068500E+03  5.335225E+00
  1.069000E+03  4.964335E+00
  1.069500E+03  4.529107E+00
  1.070000E+03  4.036482E+00
  1.070500E+03  3.494096E+00
  1.071000E+03  2.910165E+00
  1.071500E+03  2.293352E+00
  1.072000E+03  1.652644E+00
  1.072500E+03  9.972177E-01
  1.073000E+03  3.363013E-01
  1.073500E+03 -3.209534E-01
  1.074000E+03 -9.656033E-01
  1.074500E+03 -1.589038E+00
  1.075000E+03 -2.183096E+00
  1.075500E+03 -2.740178E+00
  1.076000E+03 -3.253341E+00
  1.076500E+03 -3.716392E+00
  1.077000E+03 -4.123959E+00
  1.077500E+03 -4.471552E+00
  1.078000E+03 -4.755619E+00
  1.078500E+03 -4.973568E+00
  1.079000E+03 -5.123794E+00
  1.079500E+03 -5.205679E+00
  1.080000E+03 -5.219579E+00
  1.080500E+03 -5.166801E+00
  1.081000E+03 -5.049563E+00
  1.081500E+03 -4.870940E+00
  1.082000E+03 -4.634801E+00
  1.082500E+03 -4.345736E+00
  1.083000E+03 -4.008967E+00
  1.083500E+03 -3.630265E+00
  1.084000E+03 -3.215841E+00
  1.084500E+03 -2.772253E+00
  1.085000E+03 -2.306296E+00
  1.085500E+03 -1.824896E+00
  1.086000E+03 -1.335007E+00
  1.086500E+03 -8.435002E-01
  1.087000E+03 -3.570719E-01
  1.087500E+03  1.178564E-01
  1.088000E+03  5.752249E-01
  1.088500E+03  1.009416E+00
  1.089000E+03  1.415325E+00
  1.089500E+03  1.788423E+00
  1.090000E+03  2.124808E+00
  1.090500E+03  2.421244E+00
  1.091000E+03  2.675187E+00
  1.091500E+03  2.884807E+00
  1.092000E+03  3.048988E+00
  1.092500E+03  3.167322E+00
  1.093000E+03  3.240094E+00
  1.093500E+03  3.268249E+00
  1.094000E+03  3.253359E+00
  1.094500E+03  3.197573E+00
  1.095000E+03  3.103560E+00
  1.095500E+03  2.974454E+00
  1.096000E+03  2.813779E+00
  1.096500E+03  2.625381E+00
  1.097000E+03  2.413356E+00
  1.097500E+03  2.181967E+00
  1.098000E+03  1.935576E+00
  1.098500E+03  1.678559E+00
  1.099000E+03  1.415241E+00
  1.099500E+03  1.149822E+00
  1.100000E+03  8.863112E-01
  1.100500E+03  6.284706E-01
  1.101000E+03  3.797581E-01
  1.101500E+03  1.432836E-01
  1.102000E+03 -7.822986E-02
  1.102500E+03 -2.824764E-01
  1.103000E+03 -4.675883E-01
  1.103500E+03 -6.321493E-01
  1.104000E+03 -7.751984E-01
  1.104500E+03 -8.962257E-01
  1.105000E+03 -9.951598E-01
  1.105500E+03 -1.072348E+00
  1.106000E+03 -1.128527E+00
  1.106500E+03 -1.164793E+00
  1.107000E+03 -1.182557E+00
  1.107500E+03 -1.183507E+00
  1.108000E+03 -1.169554E+00
  1.108500E+03 -1.142784E+00
  1.109000E+03 -1.105407E+00
  1.109500E+03 -1.059701E+00
  1.110000E+03 -1.007960E+00
  1.110500E+03 -9.524434E-01
  1.111000E+03 -8.953270E-01
  1.111500E+03 -8.386554E-01
  1.112000E+03 -7.843007E-01
  1.112500E+03 -7.339258E-01
  1.113000E+03 -6.889516E-01
  1.113500E+03 -6.505320E-01
  1.114000E+03 -6.195333E-01
  1.114500E+03 -5.965216E-01
  1.115000E+03 -5.817563E-01
  1.115500E+03 -5.751905E-01
  1.116000E+03 -5.764774E-01
  1.116500E+03 -5.849844E-01
  1.117000E+03 -5.998119E-01
  1.117500E+03 -6.198182E-01
  1.118000E+03 -6.436497E-01
  1.118500E+03 -6.697749E-01
  1.119000E+03 -6.965225E-01
  1.119500E+03 -7.221218E-01
  1.120000E+03 -7.447460E-01
  1.120500E+03 -7.625556E-01
  1.121000E+03 -7.737433E-01
  1.121500E+03 -7.765769E-01
  1.122000E+03 -7.694425E-01
  1.122500E+03 -7.508837E-01
  1.123000E+03 -7.196395E-01
  1.123500E+03 -6.746769E-01
  1.124000E+03 -6.152207E-01
  1.124500E+03 -5.407771E-01
  1.125000E+03 -4.511532E-01
  1.125500E+03 -3.464695E-01
  1.126000E+03 -2.271678E-01
  1.126500E+03 -9.401208E-02
  1.127000E+03  5.191628E-02
  1.127500E+03  2.092294E-01
  1.128000E+03  3.762494E-01
  1.128500E+03  5.510311E-01
  1.129000E+03  7.313890E-01
  1.129500E+03  9.149292E-01
  1.130000E+03  1.099086E+00
  1.130500E+03  1.281162E+00
  1.131000E+03  1.458367E+00
  1.131500E+03  1.627870E+00
  1.132000E+03  1.786838E+00
  1.132500E+03  1.932482E+00
  1.133000E+03  2.062112E+00
  1.133500E+03  2.173171E+00
  1.134000E+03  2.263285E+00
  1.134500E+03  2.330304E+00
  1.135000E+03  2.372336E+00
  1.135500E+03  2.387782E+00
  1.136000E+03  2.375369E+00
  1.136500E+03  2.334172E+00
  1.137000E+03  2.263631E+00
  1.137500E+03  2.163572E+00
  1.138000E+03  2.034208E+00
  1.138500E+03  1.876148E+00
  1.139000E+03  1.690387E+00
  1.139500E+03  1.478303E+00
  1.140000E+03  1.241639E+00
  1.140500E+03  9.824855E-01
  1.141000E+03  7.032506E-01
  1.141500E+03  4.066348E-01
  1.142000E+03  9.559539E-02
  1.142500E+03 -2.266916E-01
  1.143000E+03 -5.568714E-01
  1.143500E+03 -8.914541E-01
  1.144000E+03 -1.226859E+00
  1.144500E+03 -1.559462E+00
  1.145000E+03 -1.885639E+00
  1.145500E+03 -2.201817E+00
  1.146000E+03 -2.504514E+00
  1.146500E+03 -2.790388E+00
  1.147000E+03 -3.056275E+00
  1.147500E+03 -3.299231E+00
  1.148000E+03 -3.516563E+00
  1.148500E+03 -3.705869E+00
  1.149000E+03 -3.865060E+00
  1.149500E+03 -3.992385E+00
  1.150000E+03 -4.086452E+00
  1.150500E+03 -4.146242E+00
  1.151000E+03 -4.171118E+00
  1.151500E+03 -4.160830E+00
  1.152000E+03 -4.115514E+00
  1.152500E+03 -4.035688E+00
  1.153000E+03 -3.922243E+00
  1.153500E+03 -3.776425E+00
  1.154000E+03 -3.599823E+00
  1.154500E+03 -3.394340E+00
  1.155000E+03 -3.162174E+00
  1.155500E+03 -2.905782E+00
  1.156000E+03 -2.627858E+00
  1.156500E+03 -2.331290E+00
  1.157000E+03 -2.019132E+00
  1.157500E+03 -1.694566E+00
  1.158000E+03 -1.360861E+00
  1.158500E+03 -1.021341E+00
  1.159000E+03 -6.793482E-01
  1.159500E+03 -3.382004E-01
  1.160000E+03 -1.161992E-03
  1.160500E+03  3.285930E-01
  1.161000E+03  6.480124E-01
  1.161500E+03  9.541958E-01
  1.162000E+03  1.244422E+00
  1.162500E+03  1.516176E+00
  1.163000E+03  1.767168E+00
  1.163500E+03  1.995354E+00
  1.164000E+03  2.198954E+00
  1.164500E+03  2.376462E+00
  1.165000E+03  2.526658E+00
  1.165500E+03  2.648615E+00
  1.166000E+03  2.741698E+00
  1.166500E+03  2.805573E+00
  1.167000E+03  2.840194E+00
  1.167500E+03  2.845808E+00
  1.168000E+03  2.822940E+00
  1.168500E+03  2.772384E+00
  1.169000E+03  2.695192E+00
  1.169500E+03  2.592657E+00
  1.170000E+03  2.466298E+00
  1.170500E+03  2.317839E+00
  1.171000E+03  2.149190E+00
  1.171500E+03  1.962426E+00
  1.172000E+03  1.759764E+00
  1.172500E+03  1.543540E+00
  1.173000E+03  1.316184E+00
  1.173500E+03  1.080198E+00
  1.174000E+03  8.381287E-01
  1.174500E+03  5.925443E-01
  1.175000E+03  3.460109E-01
  1.175500E+03  1.010676E-01
  1.176000E+03 -1.397968E-01
  1.176500E+03 -3.741658E-01
  1.177000E+03 -5.997177E-01
  1.177500E+03 -8.142457E-01
  1.178000E+03 -1.015678E+00
  1.178500E+03 -1.202094E+00
  1.179000E+03 -1.371744E+00
  1.179500E+03 -1.523063E+00
  1.180000E+03 -1.654683E+00
  1.180500E+03 -1.765445E+00
  1.181000E+03 -1.854410E+00
  1.181500E+03 -1.920866E+00
  1.182000E+03 -1.964331E+00
  1.182500E+03 -1.984564E+00
  1.183000E+03 -1.981556E+00
  1.183500E+03 -1.955538E+00
  1.184000E+03 -1.906975E+00
  1.184500E+03 -1.836558E+00
  1.185000E+03 -1.745202E+00
  1.185500E+03 -1.634032E+00
  1.186000E+03 -1.504373E+00
  1.186500E+03 -1.357738E+00
  1.187000E+03 -1.195811E+00
  1.187500E+03 -1.020429E+00
  1.188000E+03 -8.335640E-01
  1.188500E+03 -6.373041E-01
  1.189000E+03 -4.338292E-01
  1.189500E+03 -2.253899E-01
  1.190000E+03 -1.428342E-02
  1.190500E+03  1.971706E-01
  1.191000E+03  4.066547E-01
  1.191500E+03  6.118788E-01
  1.192000E+03  8.106043E-01
  1.192500E+03  1.000668E+00
  1.193000E+03  1.180008E+00
  1.193500E+03  1.346683E+00
  1.194000E+03  1.498894E+00
  1.194500E+03  1.635007E+00
  1.195000E+03  1.753570E+00
  1.195500E+03  1.853326E+00
  1.196000E+03  1.933231E+00
  1.196500E+03  1.992464E+00
  1.197000E+03  2.030432E+00
  1.197500E+03  2.046786E+00
  1.198000E+03  2.041413E+00
  1.198500E+03  2.014444E+00
  1.199000E+03  1.966250E+00
  1.199500E+03  1.897437E+00
  1.200000E+03  1.808835E+00
  1.200500E+03  1.701491E+00
  1.201000E+03  1.576656E+00
  1.201500E+03  1.435766E+00
  1.202000E+03  1.280425E+00
  1.202500E+03  1.112386E+00
  1.203000E+03  9.335298E-01
  1.203500E+03  7.458380E-01
  1.204000E+03  5.513728E-01
  1.204500E+03  3.522491E-01
  1.205000E+03  1.506092E-01
  1.205500E+03 -5.140280E-02
  1.206000E+03 -2.516673E-01
  1.206500E+03 -4.481143E-01
  1.207000E+03 -6.387477E-01
  1.207500E+03 -8.216686E-01
  1.208000E+03 -9.950967E-01
  1.208500E+03 -1.157390E+00
  1.209000E+03 -1.307064E+00
  1.209500E+03 -1.442804E+00
  1.210000E+03 -1.563481E+00
  1.210500E+03 -1.668161E+00
  1.211000E+03 -1.756111E+00
  1.211500E+03 -1.826806E+00
  1.212000E+03 -1.879928E+00
  1.212500E+03 -1.915368E+00
  1.213000E+03 -1.933220E+00
  1.213500E+03 -1.933774E+00
  1.214000E+03 -1.917508E+00
  1.214500E+03 -1.885073E+00
  1.215000E+03 -1.837287E+00
  1.215500E+03 -1.775109E+00
  1.216000E+03 -1.699630E+00
  1.216500E+03 -1.612049E+00
  1.217000E+03 -1.513656E+00
  1.217500E+03 -1.405811E+00
  1.218000E+03 -1.289921E+00
  1.218500E+03 -1.167422E+00
  1.219000E+03 -1.039758E+00
  1.219500E+03 -9.083574E-01
  1.220000E+03 -7.746190E-01
  1.220500E+03 -6.398905E-01
  1.221000E+03 -5.054538E-01
  1.221500E+03 -3.725092E-01
  1.222000E+03 -2.421635E-01
  1.222500E+03 -1.154187E-01
  1.223000E+03  6.836637E-03
  1.223500E+03  1.238334E-01
  1.224000E+03  2.349263E-01
  1.224500E+03  3.395951E-01
  1.225000E+03  4.374445E-01
  1.225500E+03  5.282013E-01
  1.226000E+03  6.117094E-01
  1.226500E+03  6.879231E-01
  1.227000E+03  7.568988E-01
  1.227500E+03  8.187847E-01
  1.228000E+03  8.738099E-01
  1.228500E+03  9.222717E-01
  1.229000E+03  9.645229E-01
  1.229500E+03  1.000958E+00
  1.230000E+03  1.032000E+00
  1.230500E+03  1.058085E+00
  1.231000E+03  1.079653E+00
  1.231500E+03  1.097130E+00
  1.232000E+03  1.110921E+00
  1.232500E+03  1.121396E+00
  1.233000E+03  1.128883E+00
  1.233500E+03  1.133660E+00
  1.234000E+03  1.135947E+00
  1.234500E+03  1.135905E+00
  1.235000E+03  1.133631E+00
  1.235500E+03  1.129157E+00
  1.236000E+03  1.122454E+00
  1.236500E+03  1.113433E+00
  1.237000E+03  1.101949E+00
  1.237500E+03  1.087811E+00
  1.238000E+03  1.070786E+00
  1.238500E+03  1.050611E+00
  1.239000E+03  1.027002E+00
  1.239500E+03  9.996653E-01
  1.240000E+03  9.683115E-01
  1.240500E+03  9.326651E-01
  1.241000E+03  8.924784E-01
  1.241500E+03  8.475438E-01
  1.242000E+03  7.977056E-01
  1.242500E+03  7.428712E-01
  1.243000E+03  6.830215E-01
  1.243500E+03  6.182202E-01
  1.244000E+03  5.486213E-01
  1.244500E+03  4.744759E-01
  1.245000E+03  3.961358E-01
  1.245500E+03  3.140571E-01
  1.246000E+03  2.288000E-01
  1.246500E+03  1.410278E-01
  1.247000E+03  5.150304E-02
  1.247500E+03 -3.891771E-02
  1.248000E+03 -1.292918E-01
  1.248500E+03 -2.186002E-01
  1.249000E+03 -3.057587E-01
  1.249500E+03 -3.896311E-01
  1.250000E+03 -4.690445E-01
  1.250500E+03 -5.428045E-01
  1.251000E+03 -6.097128E-01
  1.251500E+03 -6.685852E-01
  1.252000E+03 -7.182698E-01
  1.252500E+03 -7.576660E-01
  1.253000E+03 -7.857433E-01
  1.253500E+03 -8.015593E-01
  1.254000E+03 -8.042783E-01
  1.254500E+03 -7.931875E-01
  1.255000E+03 -7.677129E-01
  1.255500E+03 -7.274337E-01
  1.256000E+03 -6.720947E-01
  1.256500E+03 -6.016171E-01
  1.257000E+03 -5.161065E-01
  1.257500E+03 -4.158594E-01
  1.258000E+03 -3.013669E-01
  1.258500E+03 -1.733155E-01
  1.259000E+03 -3.258563E-02
  1.259500E+03  1.197522E-01
  1.260000E+03  2.824448E-01
  1.260500E+03  4.540656E-01
  1.261000E+03  6.330266E-01
  1.261500E+03  8.175933E-01
  1.262000E+03  1.005901E+00
  1.262500E+03  1.195974E+00
  1.263000E+03  1.385748E+00
  1.263500E+03  1.573088E+00
  1.264000E+03  1.755819E+00
  1.264500E+03  1.931746E+00
  1.265000E+03  2.098681E+00
  1.265500E+03  2.254470E+00
  1.266000E+03  2.397023E+00
  1.266500E+03  2.524332E+00
  1.267000E+03  2.634505E+00
  1.267500E+03  2.725790E+00
  1.268000E+03  2.796596E+00
  1.268500E+03  2.845516E+00
  1.269000E+03  2.871354E+00
  1.269500E+03  2.873135E+00
  1.270000E+03  2.850129E+00
  1.270500E+03  2.801862E+00
  1.271000E+03  2.728129E+00
  1.271500E+03  2.629000E+00
  1.272000E+03  2.504829E+00
  1.272500E+03  2.356255E+00
  1.273000E+03  2.184201E+00
  1.273500E+03  1.989870E+00
  1.274000E+03  1.774738E+00
  1.274500E+03  1.540544E+00
  1.275000E+03  1.289275E+00
  1.275500E+03  1.023149E+00
  1.276000E+03  7.445985E-01
  1.276500E+03  4.562421E-01
  1.277000E+03  1.608640E-01
  1.277500E+03 -1.386154E-01
  1.278000E+03 -4.391691E-01
  1.278500E+03 -7.376948E-01
  1.279000E+03 -1.031048E+00
  1.279500E+03 -1.316076E+00
  1.280000E+03 -1.589652E+00
  1.280500E+03 -1.848714E+00
  1.281000E+03 -2.090293E+00
  1.281500E+03 -2.311557E+00
  1.282000E+03 -2.509838E+00
  1.282500E+03 -2.682668E+00
  1.283000E+03 -2.827810E+00
  1.283500E+03 -2.943290E+00
  1.284000E+03 -3.027419E+00
  1.284500E+03 -3.078825E+00
  1.285000E+03 -3.096466E+00
  1.285500E+03 -3.079657E+00
  1.286000E+03 -3.028079E+00
  1.286500E+03 -2.941790E+00
  1.287000E+03 -2.821237E+00
  1.287500E+03 -2.667254E+00
  1.288000E+03 -2.481061E+00
  1.288500E+03 -2.264259E+00
  1.289000E+03 -2.018819E+00
  1.289500E+03 -1.747068E+00
  1.290000E+03 -1.451669E+00
  1.290500E+03 -1.135595E+00
  1.291000E+03 -8.021047E-01
  1.291500E+03 -4.547095E-01
  1.292000E+03 -9.713779E-02
  1.292500E+03  2.667030E-01
  1.293000E+03  6.327681E-01
  1.293500E+03  9.969195E-01
  1.294000E+03  1.354972E+00
  1.294500E+03  1.702740E+00
  1.295000E+03  2.036088E+00
  1.295500E+03  2.350977E+00
  1.296000E+03  2.643516E+00
  1.296500E+03  2.910010E+00
  1.297000E+03  3.147005E+00
  1.297500E+03  3.351336E+00
  1.298000E+03  3.520167E+00
  1.298500E+03  3.651033E+00
  1.299000E+03  3.741875E+00
  1.299500E+03  3.791071E+00
  1.300000E+03  3.797466E+00
  1.300500E+03  3.760391E+00
  1.301000E+03  3.679684E+00
  1.301500E+03  3.555696E+00
  1.302000E+03  3.389299E+00
  1.302500E+03  3.181887E+00
  1.303000E+03  2.935363E+00
  1.303500E+03  2.652128E+00
  1.304000E+03  2.335061E+00
  1.304500E+03  1.987493E+00
  1.305000E+03  1.613170E+00
  1.305500E+03  1.216221E+00
  1.306000E+03  8.011080E-01
  1.306500E+03  3.725804E-01
  1.307000E+03 -6.437890E-02
  1.307500E+03 -5.046110E-01
  1.308000E+03 -9.428411E-01
  1.308500E+03 -1.373742E+00
  1.309000E+03 -1.791998E+00
  1.309500E+03 -2.192371E+00
  1.310000E+03 -2.569767E+00
  1.310500E+03 -2.919298E+00
  1.311000E+03 -3.236351E+00
  1.311500E+03 -3.516642E+00
  1.312000E+03 -3.756282E+00
  1.312500E+03 -3.951823E+00
  1.313000E+03 -4.100311E+00
  1.313500E+03 -4.199329E+00
  1.314000E+03 -4.247034E+00
  1.314500E+03 -4.242189E+00
  1.315000E+03 -4.184181E+00
  1.315500E+03 -4.073044E+00
  1.316000E+03 -3.909459E+00
  1.316500E+03 -3.694762E+00
  1.317000E+03 -3.430925E+00
  1.317500E+03 -3.120547E+00
  1.318000E+03 -2.766824E+00
  1.318500E+03 -2.373519E+00
  1.319000E+03 -1.944916E+00
  1.319500E+03 -1.485778E+00
  1.320000E+03 -1.001287E+00
  1.320500E+03 -4.969850E-01
  1.321000E+03  2.129103E-02
  1.321500E+03  5.474806E-01
  1.322000E+03  1.075374E+00
  1.322500E+03  1.598687E+00
  1.323000E+03  2.111142E+00
  1.323500E+03  2.606546E+00
  1.324000E+03  3.078866E+00
  1.324500E+03  3.522310E+00
  1.325000E+03  3.931399E+00
  1.325500E+03  4.301038E+00
  1.326000E+03  4.626583E+00
  1.326500E+03  4.903902E+00
  1.327000E+03  5.129428E+00
  1.327500E+03  5.300211E+00
  1.328000E+03  5.413952E+00
  1.328500E+03  5.469041E+00
  1.329000E+03  5.464573E+00
  1.329500E+03  5.400371E+00
  1.330000E+03  5.276983E+00
  1.330500E+03  5.095682E+00
  1.331000E+03  4.858448E+00
  1.331500E+03  4.567951E+00
  1.332000E+03  4.227513E+00
  1.332500E+03  3.841072E+00
  1.333000E+03  3.413130E+00
  1.333500E+03  2.948701E+00
  1.334000E+03  2.453245E+00
  1.334500E+03  1.932604E+00
  1.335000E+03  1.392925E+00
  1.335500E+03  8.405856E-01
  1.336000E+03  2.821156E-01
  1.336500E+03 -2.758873E-01
  1.337000E+03 -8.268379E-01
  1.337500E+03 -1.364246E+00
  1.338000E+03 -1.881795E+00
  1.338500E+03 -2.373423E+00
  1.339000E+03 -2.833394E+00
  1.339500E+03 -3.256368E+00
  1.340000E+03 -3.637468E+00
  1.340500E+03 -3.972336E+00
  1.341000E+03 -4.257182E+00
  1.341500E+03 -4.488834E+00
  1.342000E+03 -4.664768E+00
  1.342500E+03 -4.783138E+00
  1.343000E+03 -4.842793E+00
  1.343500E+03 -4.843288E+00
  1.344000E+03 -4.784883E+00
  1.344500E+03 -4.668533E+00
  1.345000E+03 -4.495877E+00
  1.345500E+03 -4.269206E+00
  1.346000E+03 -3.991432E+00
  1.346500E+03 -3.666049E+00
  1.347000E+03 -3.297082E+00
  1.347500E+03 -2.889035E+00
  1.348000E+03 -2.446835E+00
  1.348500E+03 -1.975763E+00
  1.349000E+03 -1.481390E+00
  1.349500E+03 -9.695077E-01
  1.350000E+03 -4.460574E-01
  1.350500E+03  8.294361E-02
  1.351000E+03  6.114729E-01
  1.351500E+03  1.133574E+00
  1.352000E+03  1.643424E+00
  1.352500E+03  2.135401E+00
  1.353000E+03  2.604147E+00
  1.353500E+03  3.044624E+00
  1.354000E+03  3.452168E+00
  1.354500E+03  3.822535E+00
  1.355000E+03  4.151947E+00
  1.355500E+03  4.437122E+00
  1.356000E+03  4.675307E+00
  1.356500E+03  4.864296E+00
  1.357000E+03  5.002446E+00
  1.357500E+03  5.088689E+00
  1.358000E+03  5.122526E+00
  1.358500E+03  5.104027E+00
  1.359000E+03  5.033819E+00
  1.359500E+03  4.913066E+00
  1.360000E+03  4.743445E+00
  1.360500E+03  4.527122E+00
  1.361000E+03  4.266716E+00
  1.361500E+03  3.965261E+00
  1.362000E+03  3.626168E+00
  1.362500E+03  3.253180E+00
  1.363000E+03  2.850328E+00
  1.363500E+03  2.421882E+00
  1.364000E+03  1.972305E+00
  1.364500E+03  1.506201E+00
  1.365000E+03  1.028271E+00
  1.365500E+03  5.432627E-01
  1.366000E+03  5.592344E-02
  1.366500E+03 -4.290436E-01
  1.367000E+03 -9.070226E-01
  1.367500E+03 -1.373526E+00
  1.368000E+03 -1.824233E+00
  1.368500E+03 -2.255023E+00
  1.369000E+03 -2.662009E+00
  1.369500E+03 -3.041566E+00
  1.370000E+03 -3.390358E+00
  1.370500E+03 -3.705357E+00
  1.371000E+03 -3.983864E+00
  1.371500E+03 -4.223526E+00
  1.372000E+03 -4.422344E+00
  1.372500E+03 -4.578687E+00
  1.373000E+03 -4.691295E+00
  1.373500E+03 -4.759285E+00
  1.374000E+03 -4.782149E+00
  1.374500E+03 -4.759755E+00
  1.375000E+03 -4.692341E+00
  1.375500E+03 -4.580512E+00
  1.376000E+03 -4.425225E+00
  1.376500E+03 -4.227787E+00
  1.377000E+03 -3.989838E+00
  1.377500E+03 -3.713340E+00
  1.378000E+03 -3.400560E+00
  1.378500E+03 -3.054055E+00
  1.379000E+03 -2.676655E+00
  1.379500E+03 -2.271442E+00
  1.380000E+03 -1.841729E+00
  1.380500E+03 -1.391043E+00
  1.381000E+03 -9.230960E-01
  1.381500E+03 -4.417653E-01
  1.382000E+03  4.893372E-02
  1.382500E+03  5.448737E-01
  1.383000E+03  1.041843E+00
  1.383500E+03  1.535575E+00
  1.384000E+03  2.021778E+00
  1.384500E+03  2.496165E+00
  1.385000E+03  2.954487E+00
  1.385500E+03  3.392566E+00
  1.386000E+03  3.806329E+00
  1.386500E+03  4.191838E+00
  1.387000E+03  4.545330E+00
  1.387500E+03  4.863248E+00
  1.388000E+03  5.142275E+00
  1.388500E+03  5.379368E+00
  1.389000E+03  5.571794E+00
  1.389500E+03  5.717154E+00
  1.390000E+03  5.813420E+00
  1.390500E+03  5.858961E+00
  1.391000E+03  5.852564E+00
  1.391500E+03  5.793466E+00
  1.392000E+03  5.681361E+00
  1.392500E+03  5.516428E+00
  1.393000E+03  5.299335E+00
  1.393500E+03  5.031247E+00
  1.394000E+03  4.713834E+00
  1.394500E+03  4.349262E+00
  1.395000E+03  3.940190E+00
  1.395500E+03  3.489756E+00
  1.396000E+03  3.001559E+00
  1.396500E+03  2.479633E+00
  1.397000E+03  1.928423E+00
  1.397500E+03  1.352743E+00
  1.398000E+03  7.577443E-01
  1.398500E+03  1.488637E-01
  1.399000E+03 -4.682218E-01
  1.399500E+03 -1.087650E+00
  1.400000E+03 -1.703430E+00
  1.400500E+03 -2.309504E+00
  1.401000E+03 -2.899808E+00
  1.401500E+03 -3.468340E+00
  1.402000E+03 -4.009222E+00
  1.402500E+03 -4.516769E+00
  1.403000E+03 -4.985553E+00
  1.403500E+03 -5.410469E+00
  1.404000E+03 -5.786794E+00
  1.404500E+03 -6.110252E+00
  1.405000E+03 -6.377063E+00
  1.405500E+03 -6.583998E+00
  1.406000E+03 -6.728423E+00
  1.406500E+03 -6.808338E+00
  1.407000E+03 -6.822412E+00
  1.407500E+03 -6.770006E+00
  1.408000E+03 -6.651192E+00
  1.408500E+03 -6.466760E+00
  1.409000E+03 -6.218225E+00
  1.409500E+03 -5.907813E+00
  1.410000E+03 -5.538451E+00
  1.410500E+03 -5.113737E+00
  1.411000E+03 -4.637910E+00
  1.411500E+03 -4.115810E+00
  1.412000E+03 -3.552824E+00
  1.412500E+03 -2.954834E+00
  1.413000E+03 -2.328155E+00
  1.413500E+03 -1.679462E+00
  1.414000E+03 -1.015717E+00
  1.414500E+03 -3.440924E-01
  1.415000E+03  3.281102E-01
  1.415500E+03  9.935470E-01
  1.416000E+03  1.644916E+00
  1.416500E+03  2.275040E+00
  1.417000E+03  2.876958E+00
  1.417500E+03  3.443999E+00
  1.418000E+03  3.969870E+00
  1.418500E+03  4.448727E+00
  1.419000E+03  4.875245E+00
  1.419500E+03  5.244688E+00
  1.420000E+03  5.552961E+00
  1.420500E+03  5.796665E+00
  1.421000E+03  5.973135E+00
  1.421500E+03  6.080477E+00
  1.422000E+03  6.117590E+00
  1.422500E+03  6.084180E+00
  1.423000E+03  5.980764E+00
  1.423500E+03  5.808668E+00
  1.424000E+03  5.570008E+00
  1.424500E+03  5.267667E+00
  1.425000E+03  4.905260E+00
  1.425500E+03  4.487091E+00
  1.426000E+03  4.018102E+00
  1.426500E+03  3.503812E+00
  1.427000E+03  2.950252E+00
  1.427500E+03  2.363892E+00
  1.428000E+03  1.751565E+00
  1.428500E+03  1.120384E+00
  1.429000E+03  4.776537E-01
  1.429500E+03 -1.692096E-01
  1.430000E+03 -8.127719E-01
  1.430500E+03 -1.445667E+00
  1.431000E+03 -2.060682E+00
  1.431500E+03 -2.650847E+00
  1.432000E+03 -3.209508E+00
  1.432500E+03 -3.730411E+00
  1.433000E+03 -4.207769E+00
  1.433500E+03 -4.636329E+00
  1.434000E+03 -5.011431E+00
  1.434500E+03 -5.329056E+00
  1.435000E+03 -5.585872E+00
  1.435500E+03 -5.779267E+00
  1.436000E+03 -5.907374E+00
  1.436500E+03 -5.969087E+00
  1.437000E+03 -5.964067E+00
  1.437500E+03 -5.892741E+00
  1.438000E+03 -5.756290E+00
  1.438500E+03 -5.556628E+00
  1.439000E+03 -5.296371E+00
  1.439500E+03 -4.978805E+00
  1.440000E+03 -4.607837E+00
  1.440500E+03 -4.187944E+00
  1.441000E+03 -3.724115E+00
  1.441500E+03 -3.221789E+00
  1.442000E+03 -2.686789E+00
  1.442500E+03 -2.125245E+00
  1.443000E+03 -1.543523E+00
  1.443500E+03 -9.481515E-01
  1.444000E+03 -3.457392E-01
  1.444500E+03  2.570984E-01
  1.445000E+03  8.538162E-01
  1.445500E+03  1.438013E+00
  1.446000E+03  2.003505E+00
  1.446500E+03  2.544390E+00
  1.447000E+03  3.055114E+00
  1.447500E+03  3.530531E+00
  1.448000E+03  3.965952E+00
  1.448500E+03  4.357196E+00
  1.449000E+03  4.700627E+00
  1.449500E+03  4.993192E+00
  1.450000E+03  5.232443E+00
  1.450500E+03  5.416559E+00
  1.451000E+03  5.544356E+00
  1.451500E+03  5.615291E+00
  1.452000E+03  5.629460E+00
  1.452500E+03  5.587587E+00
  1.453000E+03  5.491004E+00
  1.453500E+03  5.341631E+00
  1.454000E+03  5.141942E+00
  1.454500E+03  4.894929E+00
  1.455000E+03  4.604063E+00
  1.455500E+03  4.273245E+00
  1.456000E+03  3.906756E+00
  1.456500E+03  3.509204E+00
  1.457000E+03  3.085466E+00
  1.457500E+03  2.640629E+00
  1.458000E+03  2.179932E+00
  1.458500E+03  1.708701E+00
  1.459000E+03  1.232291E+00
  1.459500E+03  7.560238E-01
  1.460000E+03  2.851286E-01
  1.460500E+03 -1.753139E-01
  1.461000E+03 -6.204272E-01
  1.461500E+03 -1.045591E+00
  1.462000E+03 -1.446488E+00
  1.462500E+03 -1.819149E+00
  1.463000E+03 -2.159993E+00
  1.463500E+03 -2.465859E+00
  1.464000E+03 -2.734038E+00
  1.464500E+03 -2.962295E+00
  1.465000E+03 -3.148888E+00
  1.465500E+03 -3.292582E+00
  1.466000E+03 -3.392651E+00
  1.466500E+03 -3.448883E+00
  1.467000E+03 -3.461575E+00
  1.467500E+03 -3.431519E+00
  1.468000E+03 -3.359987E+00
  1.468500E+03 -3.248711E+00
  1.469000E+03 -3.099856E+00
  1.469500E+03 -2.915988E+00
  1.470000E+03 -2.700038E+00
  1.470500E+03 -2.455265E+00
  1.471000E+03 -2.185213E+00
  1.471500E+03 -1.893664E+00
  1.472000E+03 -1.584593E+00
  1.472500E+03 -1.262114E+00
  1.473000E+03 -9.304354E-01
  1.473500E+03 -5.938043E-01
  1.474000E+03 -2.564565E-01
  1.474500E+03  7.743406E-02
  1.475000E+03  4.038050E-01
  1.475500E+03  7.187538E-01
  1.476000E+03  1.018583E+00
  1.476500E+03  1.299844E+00
  1.477000E+03  1.559374E+00
  1.477500E+03  1.794338E+00
  1.478000E+03  2.002252E+00
  1.478500E+03  2.181018E+00
  1.479000E+03  2.328942E+00
  1.479500E+03  2.444752E+00
  1.480000E+03  2.527613E+00
  1.480500E+03  2.577128E+00
  1.481000E+03  2.593343E+00
  1.481500E+03  2.576742E+00
  1.482000E+03  2.528235E+00
  1.482500E+03  2.449145E+00
  1.483000E+03  2.341184E+00
  1.483500E+03  2.206430E+00
  1.484000E+03  2.047295E+00
  1.484500E+03  1.866492E+00
  1.485000E+03  1.666993E+00
  1.485500E+03  1.451991E+00
  1.486000E+03  1.224853E+00
  1.486500E+03  9.890709E-01
  1.487000E+03  7.482185E-01
  1.487500E+03  5.058961E-01
  1.488000E+03  2.656827E-01
  1.488500E+03  3.108624E-02
  1.489000E+03 -1.945061E-01
  1.489500E+03 -4.078748E-01
  1.490000E+03 -6.060127E-01
  1.490500E+03 -7.861678E-01
  1.491000E+03 -9.458813E-01
  1.491500E+03 -1.083022E+00
  1.492000E+03 -1.195817E+00
  1.492500E+03 -1.282877E+00
  1.493000E+03 -1.343212E+00
  1.493500E+03 -1.376252E+00
  1.494000E+03 -1.381849E+00
  1.494500E+03 -1.360282E+00
  1.495000E+03 -1.312250E+00
  1.495500E+03 -1.238865E+00
  1.496000E+03 -1.141633E+00
  1.496500E+03 -1.022430E+00
  1.497000E+03 -8.834797E-01
  1.497500E+03 -7.273137E-01
  1.498000E+03 -5.567378E-01
  1.498500E+03 -3.747877E-01
  1.499000E+03 -1.846837E-01
  1.499500E+03  1.021833E-02
  1.500000E+03  2.064789E-01
  1.500500E+03  4.006272E-01
  1.501000E+03  5.892158E-01
  1.501500E+03  7.688737E-01
  1.502000E+03  9.363605E-01
  1.502500E+03  1.088617E+00
  1.503000E+03  1.222816E+00
  1.503500E+03  1.336406E+00
  1.504000E+03  1.427158E+00
  1.504500E+03  1.493197E+00
  1.505000E+03  1.533042E+00
  1.505500E+03  1.545627E+00
  1.506000E+03  1.530328E+00
  1.506500E+03  1.486970E+00
  1.507000E+03  1.415842E+00
  1.507500E+03  1.317694E+00
  1.508000E+03  1.193731E+00
  1.508500E+03  1.045601E+00
  1.509000E+03  8.753737E-01
  1.509500E+03  6.855125E-01
  1.510000E+03  4.788433E-01
  1.510500E+03  2.585139E-01
  1.511000E+03  2.794977E-02
  1.511500E+03 -2.091955E-01
  1.512000E+03 -4.490935E-01
  1.512500E+03 -6.877982E-01
  1.513000E+03 -9.213046E-01
  1.513500E+03 -1.145610E+00
  1.514000E+03 -1.356776E+00
  1.514500E+03 -1.550989E+00
  1.515000E+03 -1.724621E+00
  1.515500E+03 -1.874287E+00
  1.516000E+03 -1.996900E+00
  1.516500E+03 -2.089726E+00
  1.517000E+03 -2.150424E+00
  1.517500E+03 -2.177093E+00
  1.518000E+03 -2.168303E+00
  1.518500E+03 -2.123128E+00
  1.519000E+03 -2.041163E+00
  1.519500E+03 -1.922540E+00
  1.520000E+03 -1.767932E+00
  1.520500E+03 -1.578553E+00
  1.521000E+03 -1.356149E+00
  1.521500E+03 -1.102974E+00
  1.522000E+03 -8.217716E-01
  1.522500E+03 -5.157354E-01
  1.523000E+03 -1.884727E-01
  1.523500E+03  1.560441E-01
  1.524000E+03  5.135298E-01
  1.524500E+03  8.794439E-01
  1.525000E+03  1.249053E+00
  1.525500E+03  1.617496E+00
  1.526000E+03  1.979851E+00
  1.526500E+03  2.331206E+00
  1.527000E+03  2.666728E+00
  1.527500E+03  2.981732E+00
  1.528000E+03  3.271748E+00
  1.528500E+03  3.532585E+00
  1.529000E+03  3.760396E+00
  1.529500E+03  3.951729E+00
  1.530000E+03  4.103585E+00
  1.530500E+03  4.213455E+00
  1.531000E+03  4.279367E+00
  1.531500E+03  4.299910E+00
  1.532000E+03  4.274262E+00
  1.532500E+03  4.202200E+00
  1.533000E+03  4.084110E+00
  1.533500E+03  3.920985E+00
  1.534000E+03  3.714410E+00
  1.534500E+03  3.466545E+00
  1.535000E+03  3.180100E+00
  1.535500E+03  2.858295E+00
  1.536000E+03  2.504819E+00
  1.536500E+03  2.123782E+00
  1.537000E+03  1.719659E+00
  1.537500E+03  1.297228E+00
  1.538000E+03  8.615082E-01
  1.538500E+03  4.176900E-01
  1.539000E+03 -2.893522E-02
  1.539500E+03 -4.730458E-01
  1.540000E+03 -9.093622E-01
  1.540500E+03 -1.332718E+00
  1.541000E+03 -1.738129E+00
  1.541500E+03 -2.120859E+00
  1.542000E+03 -2.476484E+00
  1.542500E+03 -2.800949E+00
  1.543000E+03 -3.090621E+00
  1.543500E+03 -3.342335E+00
  1.544000E+03 -3.553432E+00
  1.544500E+03 -3.721794E+00
  1.545000E+03 -3.845867E+00
  1.545500E+03 -3.924675E+00
  1.546000E+03 -3.957832E+00
  1.546500E+03 -3.945538E+00
  1.547000E+03 -3.888570E+00
  1.547500E+03 -3.788268E+00
  1.548000E+03 -3.646511E+00
  1.548500E+03 -3.465678E+00
  1.549000E+03 -3.248620E+00
  1.549500E+03 -2.998605E+00
  1.550000E+03 -2.719275E+00
  1.550500E+03 -2.414586E+00
  1.551000E+03 -2.088753E+00
  1.551500E+03 -1.746187E+00
  1.552000E+03 -1.391431E+00
  1.552500E+03 -1.029094E+00
  1.553000E+03 -6.637895E-01
  1.553500E+03 -3.000706E-01
  1.554000E+03  5.763316E-02
  1.554500E+03  4.050735E-01
  1.555000E+03  7.382396E-01
  1.555500E+03  1.053409E+00
  1.556000E+03  1.347194E+00
  1.556500E+03  1.616582E+00
  1.557000E+03  1.858971E+00
  1.557500E+03  2.072194E+00
  1.558000E+03  2.254544E+00
  1.558500E+03  2.404785E+00
  1.559000E+03  2.522162E+00
  1.559500E+03  2.606395E+00
  1.560000E+03  2.657676E+00
  1.560500E+03  2.676652E+00
  1.561000E+03  2.664408E+00
  1.561500E+03  2.622433E+00
  1.562000E+03  2.552595E+00
  1.562500E+03  2.457101E+00
  1.563000E+03  2.338454E+00
  1.563500E+03  2.199409E+00
  1.564000E+03  2.042924E+00
  1.564500E+03  1.872115E+00
  1.565000E+03  1.690198E+00
  1.565500E+03  1.500442E+00
  1.566000E+03  1.306117E+00
  1.566500E+03  1.110443E+00
  1.567000E+03  9.165463E-01
  1.567500E+03  7.274075E-01
  1.568000E+03  5.458255E-01
  1.568500E+03  3.743767E-01
  1.569000E+03  2.153825E-01
  1.569500E+03  7.087955E-02
  1.570000E+03 -5.740289E-02
  1.570500E+03 -1.680617E-01
  1.571000E+03 -2.600324E-01
  1.571500E+03 -3.325957E-01
  1.572000E+03 -3.853791E-01
  1.572500E+03 -4.183523E-01
  1.573000E+03 -4.318175E-01
  1.573500E+03 -4.263948E-01
  1.574000E+03 -4.030023E-01
  1.574500E+03 -3.628325E-01
  1.575000E+03 -3.073248E-01
  1.575500E+03 -2.381338E-01
  1.576000E+03 -1.570963E-01
  1.576500E+03 -6.619497E-02
  1.577000E+03  3.247879E-02
  1.577500E+03  1.367631E-01
  1.578000E+03  2.444641E-01
  1.578500E+03  3.533939E-01
  1.579000E+03  4.614073E-01
  1.579500E+03  5.664377E-01
  1.580000E+03  6.665297E-01
  1.580500E+03  7.598701E-01
  1.581000E+03  8.448148E-01
  1.581500E+03  9.199134E-01
  1.582000E+03  9.839289E-01
  1.582500E+03  1.035854E+00
  1.583000E+03  1.074922E+00
  1.583500E+03  1.100617E+00
  1.584000E+03  1.112673E+00
  1.584500E+03  1.111077E+00
  1.585000E+03  1.096059E+00
  1.585500E+03  1.068088E+00
  1.586000E+03  1.027854E+00
  1.586500E+03  9.762519E-01
  1.587000E+03  9.143649E-01
  1.587500E+03  8.434385E-01
  1.588000E+03  7.648564E-01
  1.588500E+03  6.801140E-01
  1.589000E+03  5.907897E-01
  1.589500E+03  4.985160E-01
  1.590000E+03  4.049498E-01
  1.590500E+03  3.117429E-01
  1.591000E+03  2.205134E-01
  1.591500E+03  1.328179E-01
  1.592000E+03  5.012481E-02
  1.592500E+03 -2.620932E-02
  1.593000E+03 -9.496231E-02
  1.593500E+03 -1.550656E-01
  1.594000E+03 -2.056209E-01
  1.594500E+03 -2.459135E-01
  1.595000E+03 -2.754225E-01
  1.595500E+03 -2.938276E-01
  1.596000E+03 -3.010122E-01
  1.596500E+03 -2.970635E-01
  1.597000E+03 -2.822690E-01
  1.597500E+03 -2.571091E-01
  1.598000E+03 -2.222480E-01
  1.598500E+03 -1.785204E-01
  1.599000E+03 -1.269156E-01
  1.599500E+03 -6.856054E-02
  1.600000E+03 -4.699019E-03
  1.600500E+03  6.332951E-02
  1.601000E+03  1.341130E-01
  1.601500E+03  2.061908E-01
  1.602000E+03  2.780780E-01
  1.602500E+03  3.482900E-01
  1.603000E+03  4.153672E-01
  1.603500E+03  4.778985E-01
  1.604000E+03  5.345439E-01
  1.604500E+03  5.840566E-01
  1.605000E+03  6.253022E-01
  1.605500E+03  6.572773E-01
  1.606000E+03  6.791244E-01
  1.606500E+03  6.901461E-01
  1.607000E+03  6.898154E-01
  1.607500E+03  6.777841E-01
  1.608000E+03  6.538882E-01
  1.608500E+03  6.181501E-01
  1.609000E+03  5.707788E-01
  1.609500E+03  5.121666E-01
  1.610000E+03  4.428831E-01
  1.610500E+03  3.636674E-01
  1.611000E+03  2.754171E-01
  1.611500E+03  1.791751E-01
  1.612000E+03  7.611487E-02
  1.612500E+03 -3.247663E-02
  1.613000E+03 -1.452170E-01
  1.613500E+03 -2.606482E-01
  1.614000E+03 -3.772569E-01
  1.614500E+03 -4.934959E-01
  1.615000E+03 -6.078053E-01
  1.615500E+03 -7.186344E-01
  1.616000E+03 -8.244629E-01
  1.616500E+03 -9.238216E-01
  1.617000E+03 -1.015312E+00
  1.617500E+03 -1.097627E+00
  1.618000E+03 -1.169566E+00
  1.618500E+03 -1.230052E+00
  1.619000E+03 -1.278146E+00
  1.619500E+03 -1.313060E+00
  1.620000E+03 -1.334167E+00
  1.620500E+03 -1.341009E+00
  1.621000E+03 -1.333303E+00
  1.621500E+03 -1.310945E+00
  1.622000E+03 -1.274013E+00
  1.622500E+03 -1.222764E+00
  1.623000E+03 -1.157633E+00
  1.623500E+03 -1.079226E+00
  1.624000E+03 -9.883150E-01
  1.624500E+03 -8.858265E-01
  1.625000E+03 -7.728332E-01
  1.625500E+03 -6.505397E-01
  1.626000E+03 -5.202686E-01
  1.626500E+03 -3.834455E-01
  1.627000E+03 -2.415824E-01
  1.627500E+03 -9.625980E-02
  1.628000E+03  5.089075E-02
  1.628500E+03  1.982058E-01
  1.629000E+03  3.440085E-01
  1.629500E+03  4.866281E-01
  1.630000E+03  6.244180E-01
  1.630500E+03  7.557749E-01
  1.631000E+03  8.791562E-01
  1.631500E+03  9.930972E-01
  1.632000E+03  1.096228E+00
  1.632500E+03  1.187286E+00
  1.633000E+03  1.265135E+00
  1.633500E+03  1.328772E+00
  1.634000E+03  1.377342E+00
  1.634500E+03  1.410145E+00
  1.635000E+03  1.426646E+00
  1.635500E+03  1.426479E+00
  1.636000E+03  1.409452E+00
  1.636500E+03  1.375552E+00
  1.637000E+03  1.324939E+00
  1.637500E+03  1.257951E+00
  1.638000E+03  1.175100E+00
  1.638500E+03  1.077064E+00
  1.639000E+03  9.646826E-01
  1.639500E+03  8.389491E-01
  1.640000E+03  7.010001E-01
  1.640500E+03  5.521045E-01
  1.641000E+03  3.936510E-01
  1.641500E+03  2.271343E-01
  1.642000E+03  5.414057E-02
  1.642500E+03 -1.236686E-01
  1.643000E+03 -3.045723E-01
  1.643500E+03 -4.868079E-01
  1.644000E+03 -6.685879E-01
  1.644500E+03 -8.481183E-01
  1.645000E+03 -1.023616E+00
  1.645500E+03 -1.193329E+00
  1.646000E+03 -1.355547E+00
  1.646500E+03 -1.508630E+00
  1.647000E+03 -1.651013E+00
  1.647500E+03 -1.781229E+00
  1.648000E+03 -1.897923E+00
  1.648500E+03 -1.999863E+00
  1.649000E+03 -2.085956E+00
  1.649500E+03 -2.155257E+00
  1.650000E+03 -2.206980E+00
  1.650500E+03 -2.240505E+00
  1.651000E+03 -2.255385E+00
  1.651500E+03 -2.251354E+00
  1.652000E+03 -2.228325E+00
  1.652500E+03 -2.186395E+00
  1.653000E+03 -2.125843E+00
  1.653500E+03 -2.047127E+00
  1.654000E+03 -1.950883E+00
  1.654500E+03 -1.837915E+00
  1.655000E+03 -1.709191E+00
  1.655500E+03 -1.565830E+00
  1.656000E+03 -1.409096E+00
  1.656500E+03 -1.240379E+00
  1.657000E+03 -1.061189E+00
  1.657500E+03 -8.731343E-01
  1.658000E+03 -6.779108E-01
  1.658500E+03 -4.772819E-01
  1.659000E+03 -2.730630E-01
  1.659500E+03 -6.710255E-02
  1.660000E+03  1.387356E-01
  1.660500E+03  3.425911E-01
  1.661000E+03  5.426248E-01
  1.661500E+03  7.370374E-01
  1.662000E+03  9.240867E-01
  1.662500E+03  1.102104E+00
  1.663000E+03  1.269513E+00
  1.663500E+03  1.424839E+00
  1.664000E+03  1.566730E+00
  1.664500E+03  1.693964E+00
  1.665000E+03  1.805463E+00
  1.665500E+03  1.900301E+00
  1.666000E+03  1.977712E+00
  1.666500E+03  2.037100E+00
  1.667000E+03  2.078037E+00
  1.667500E+03  2.100272E+00
  1.668000E+03  2.103725E+00
  1.668500E+03  2.088495E+00
  1.669000E+03  2.054848E+00
  1.669500E+03  2.003219E+00
  1.670000E+03  1.934202E+00
  1.670500E+03  1.848544E+00
  1.671000E+03  1.747135E+00
  1.671500E+03  1.630998E+00
  1.672000E+03  1.501278E+00
  1.672500E+03  1.359223E+00
  1.673000E+03  1.206181E+00
  1.673500E+03  1.043576E+00
  1.674000E+03  8.728948E-01
  1.674500E+03  6.956762E-01
  1.675000E+03  5.134899E-01
  1.675500E+03  3.279228E-01
  1.676000E+03  1.405637E-01
  1.676500E+03 -4.701282E-02
  1.677000E+03 -2.332604E-01
  1.677500E+03 -4.166756E-01
  1.678000E+03 -5.958111E-01
  1.678500E+03 -7.692880E-01
  1.679000E+03 -9.358077E-01
  1.679500E+03 -1.094161E+00
  1.680000E+03 -1.243240E+00
  1.680500E+03 -1.382041E+00
  1.681000E+03 -1.509678E+00
  1.681500E+03 -1.625379E+00
  1.682000E+03 -1.728498E+00
  1.682500E+03 -1.818513E+00
  1.683000E+03 -1.895028E+00
  1.683500E+03 -1.957774E+00
  1.684000E+03 -2.006605E+00
  1.684500E+03 -2.041497E+00
  1.685000E+03 -2.062544E+00
  1.685500E+03 -2.069955E+00
  1.686000E+03 -2.064046E+00
  1.686500E+03 -2.045232E+00
  1.687000E+03 -2.014025E+00
  1.687500E+03 -1.971021E+00
  1.688000E+03 -1.916896E+00
  1.688500E+03 -1.852394E+00
  1.689000E+03 -1.778319E+00
  1.689500E+03 -1.695528E+00
  1.690000E+03 -1.604918E+00
  1.690500E+03 -1.507420E+00
  1.691000E+03 -1.403989E+00
  1.691500E+03 -1.295596E+00
  1.692000E+03 -1.183217E+00
  1.692500E+03 -1.067828E+00
  1.693000E+03 -9.503950E-01
  1.693500E+03 -8.318671E-01
  1.694000E+03 -7.131708E-01
  1.694500E+03 -5.952020E-01
  1.695000E+03 -4.788215E-01
  1.695500E+03 -3.648486E-01
  1.696000E+03 -2.540571E-01
  1.696500E+03 -1.471708E-01
  1.697000E+03 -4.485964E-02
  1.697500E+03  5.226320E-02
  1.698000E+03  1.436441E-01
  1.698500E+03  2.287912E-01
  1.699000E+03  3.072759E-01
  1.699500E+03  3.787343E-01
  1.700000E+03  4.428681E-01
  1.700500E+03  4.994446E-01
  1.701000E+03  5.482969E-01
  1.701500E+03  5.893234E-01
  1.702000E+03  6.224870E-01
  1.702500E+03  6.478138E-01
  1.703000E+03  6.653918E-01
  1.703500E+03  6.753685E-01
  1.704000E+03  6.779491E-01
  1.704500E+03  6.733936E-01
  1.705000E+03  6.620136E-01
  1.705500E+03  6.441693E-01
  1.706000E+03  6.202656E-01
  1.706500E+03  5.907479E-01
  1.707000E+03  5.560982E-01
  1.707500E+03  5.168296E-01
  1.708000E+03  4.734819E-01
  1.708500E+03  4.266161E-01
  1.709000E+03  3.768086E-01
  1.709500E+03  3.246454E-01
  1.710000E+03  2.707163E-01
  1.710500E+03  2.156086E-01
  1.711000E+03  1.599007E-01
  1.711500E+03  1.041559E-01
  1.712000E+03  4.891591E-02
  1.712500E+03 -5.304943E-03
  1.713000E+03 -5.802609E-02
  1.713500E+03 -1.088063E-01
  1.714000E+03 -1.572491E-01
  1.714500E+03 -2.030078E-01
  1.715000E+03 -2.457896E-01
  1.715500E+03 -2.853599E-01
  1.716000E+03 -3.215448E-01
  1.716500E+03 -3.542340E-01
  1.717000E+03 -3.833818E-01
  1.717500E+03 -4.090077E-01
  1.718000E+03 -4.311960E-01
  1.718500E+03 -4.500945E-01
  1.719000E+03 -4.659113E-01
  1.719500E+03 -4.789119E-01
  1.720000E+03 -4.894141E-01
  1.720500E+03 -4.977825E-01
  1.721000E+03 -5.044213E-01
  1.721500E+03 -5.097672E-01
  1.722000E+03 -5.142803E-01
  1.722500E+03 -5.184352E-01
  1.723000E+03 -5.227107E-01
  1.723500E+03 -5.275796E-01
  1.724000E+03 -5.334975E-01
  1.724500E+03 -5.408920E-01
  1.725000E+03 -5.501518E-01
  1.725500E+03 -5.616154E-01
  1.726000E+03 -5.755610E-01
  1.726500E+03 -5.921963E-01
  1.727000E+03 -6.116497E-01
  1.727500E+03 -6.339619E-01
  1.728000E+03 -6.590792E-01
  1.728500E+03 -6.868478E-01
  1.729000E+03 -7.170099E-01
  1.729500E+03 -7.492015E-01
  1.730000E+03 -7.829517E-01
  1.730500E+03 -8.176844E-01
  1.731000E+03 -8.527218E-01
  1.731500E+03 -8.872901E-01
  1.732000E+03 -9.205270E-01
  1.732500E+03 -9.514920E-01
  1.733000E+03 -9.791776E-01
  1.733500E+03 -1.002524E+00
  1.734000E+03 -1.020433E+00
  1.734500E+03 -1.031787E+00
  1.735000E+03 -1.035469E+00
  1.735500E+03 -1.030376E+00
  1.736000E+03 -1.015450E+00
  1.736500E+03 -9.896892E-01
  1.737000E+03 -9.521771E-01
  1.737500E+03 -9.021006E-01
  1.738000E+03 -8.387723E-01
  1.738500E+03 -7.616514E-01
  1.739000E+03 -6.703622E-01
  1.739500E+03 -5.647125E-01
  1.740000E+03 -4.447096E-01
  1.740500E+03 -3.105734E-01
  1.741000E+03 -1.627479E-01
  1.741500E+03 -1.908793E-03
  1.742000E+03  1.710312E-01
  1.742500E+03  3.549213E-01
  1.743000E+03  5.483748E-01
  1.743500E+03  7.497753E-01
  1.744000E+03  9.572863E-01
  1.744500E+03  1.168866E+00
  1.745000E+03  1.382283E+00
  1.745500E+03  1.595142E+00
  1.746000E+03  1.804903E+00
  1.746500E+03  2.008918E+00
  1.747000E+03  2.204454E+00
  1.747500E+03  2.388735E+00
  1.748000E+03  2.558976E+00
  1.748500E+03  2.712422E+00
  1.749000E+03  2.846389E+00
  1.749500E+03  2.958307E+00
  1.750000E+03  3.045758E+00
  1.750500E+03  3.106521E+00
  1.751000E+03  3.138612E+00
  1.751500E+03  3.140322E+00
  1.752000E+03  3.110254E+00
  1.752500E+03  3.047356E+00
  1.753000E+03  2.950954E+00
  1.753500E+03  2.820776E+00
  1.754000E+03  2.656973E+00
  1.754500E+03  2.460139E+00
  1.755000E+03  2.231318E+00
  1.755500E+03  1.972012E+00
  1.756000E+03  1.684176E+00
  1.756500E+03  1.370216E+00
  1.757000E+03  1.032967E+00
  1.757500E+03  6.756800E-01
  1.758000E+03  3.019881E-01
  1.758500E+03 -8.412436E-02
  1.759000E+03 -4.783628E-01
  1.759500E+03 -8.761682E-01
  1.760000E+03 -1.272769E+00
  1.760500E+03 -1.663236E+00
  1.761000E+03 -2.042543E+00
  1.761500E+03 -2.405632E+00
  1.762000E+03 -2.747477E+00
  1.762500E+03 -3.063153E+00
  1.763000E+03 -3.347904E+00
  1.763500E+03 -3.597215E+00
  1.764000E+03 -3.806874E+00
  1.764500E+03 -3.973043E+00
  1.765000E+03 -4.092316E+00
  1.765500E+03 -4.161782E+00
  1.766000E+03 -4.179074E+00
  1.766500E+03 -4.142420E+00
  1.767000E+03 -4.050681E+00
  1.767500E+03 -3.903388E+00
  1.768000E+03 -3.700763E+00
  1.768500E+03 -3.443740E+00
  1.769000E+03 -3.133968E+00
  1.769500E+03 -2.773814E+00
  1.770000E+03 -2.366347E+00
  1.770500E+03 -1.915318E+00
  1.771000E+03 -1.425127E+00
  1.771500E+03 -9.007851E-01
  1.772000E+03 -3.478625E-01
  1.772500E+03  2.275710E-01
  1.773000E+03  8.190121E-01
  1.773500E+03  1.419599E+00
  1.774000E+03  2.022192E+00
  1.774500E+03  2.619461E+00
  1.775000E+03  3.203975E+00
  1.775500E+03  3.768299E+00
  1.776000E+03  4.305087E+00
  1.776500E+03  4.807183E+00
  1.777000E+03  5.267716E+00
  1.777500E+03  5.680196E+00
  1.778000E+03  6.038603E+00
  1.778500E+03  6.337479E+00
  1.779000E+03  6.572005E+00
  1.779500E+03  6.738080E+00
  1.780000E+03  6.832383E+00
  1.780500E+03  6.852434E+00
  1.781000E+03  6.796637E+00
  1.781500E+03  6.664320E+00
  1.782000E+03  6.455758E+00
  1.782500E+03  6.172184E+00
  1.783000E+03  5.815791E+00
  1.783500E+03  5.389717E+00
  1.784000E+03  4.898020E+00
  1.784500E+03  4.345642E+00
  1.785000E+03  3.738354E+00
  1.785500E+03  3.082696E+00
  1.786000E+03  2.385906E+00
  1.786500E+03  1.655833E+00
  1.787000E+03  9.008465E-01
  1.787500E+03  1.297341E-01
  1.788000E+03 -6.484042E-01
  1.788500E+03 -1.424270E+00
  1.789000E+03 -2.188482E+00
  1.789500E+03 -2.931698E+00
  1.790000E+03 -3.644733E+00
  1.790500E+03 -4.318676E+00
  1.791000E+03 -4.945014E+00
  1.791500E+03 -5.515736E+00
  1.792000E+03 -6.023447E+00
  1.792500E+03 -6.461465E+00
  1.793000E+03 -6.823915E+00
  1.793500E+03 -7.105806E+00
  1.794000E+03 -7.303108E+00
  1.794500E+03 -7.412807E+00
  1.795000E+03 -7.432951E+00
  1.795500E+03 -7.362684E+00
  1.796000E+03 -7.202263E+00
  1.796500E+03 -6.953062E+00
  1.797000E+03 -6.617562E+00
  1.797500E+03 -6.199323E+00
  1.798000E+03 -5.702946E+00
  1.798500E+03 -5.134020E+00
  1.799000E+03 -4.499055E+00
  1.799500E+03 -3.805401E+00
  1.800000E+03 -3.061162E+00
  1.800500E+03 -2.275089E+00
  1.801000E+03 -1.456480E+00
  1.801500E+03 -6.150533E-01
  1.802000E+03  2.391656E-01
  1.802500E+03  1.095976E+00
  1.803000E+03  1.945130E+00
  1.803500E+03  2.776460E+00
  1.804000E+03  3.580008E+00
  1.804500E+03  4.346153E+00
  1.805000E+03  5.065730E+00
  1.805500E+03  5.730148E+00
  1.806000E+03  6.331495E+00
  1.806500E+03  6.862636E+00
  1.807000E+03  7.317306E+00
  1.807500E+03  7.690181E+00
  1.808000E+03  7.976945E+00
  1.808500E+03  8.174342E+00
  1.809000E+03  8.280209E+00
  1.809500E+03  8.293503E+00
  1.810000E+03  8.214305E+00
  1.810500E+03  8.043816E+00
  1.811000E+03  7.784333E+00
  1.811500E+03  7.439214E+00
  1.812000E+03  7.012832E+00
  1.812500E+03  6.510508E+00
  1.813000E+03  5.938440E+00
  1.813500E+03  5.303618E+00
  1.814000E+03  4.613730E+00
  1.814500E+03  3.877058E+00
  1.815000E+03  3.102371E+00
  1.815500E+03  2.298806E+00
  1.816000E+03  1.475756E+00
  1.816500E+03  6.427458E-01
  1.817000E+03 -1.906889E-01
  1.817500E+03 -1.015118E+00
  1.818000E+03 -1.821337E+00
  1.818500E+03 -2.600474E+00
  1.819000E+03 -3.344100E+00
  1.819500E+03 -4.044326E+00
  1.820000E+03 -4.693895E+00
  1.820500E+03 -5.286258E+00
  1.821000E+03 -5.815650E+00
  1.821500E+03 -6.277145E+00
  1.822000E+03 -6.666703E+00
  1.822500E+03 -6.981206E+00
  1.823000E+03 -7.218478E+00
  1.823500E+03 -7.377297E+00
  1.824000E+03 -7.457385E+00
  1.824500E+03 -7.459398E+00
  1.825000E+03 -7.384897E+00
  1.825500E+03 -7.236306E+00
  1.826000E+03 -7.016864E+00
  1.826500E+03 -6.730566E+00
  1.827000E+03 -6.382096E+00
  1.827500E+03 -5.976749E+00
  1.828000E+03 -5.520351E+00
  1.828500E+03 -5.019172E+00
  1.829000E+03 -4.479840E+00
  1.829500E+03 -3.909241E+00
  1.830000E+03 -3.314433E+00
  1.830500E+03 -2.702549E+00
  1.831000E+03 -2.080709E+00
  1.831500E+03 -1.455929E+00
  1.832000E+03 -8.350386E-01
  1.832500E+03 -2.246039E-01
  1.833000E+03  3.691485E-01
  1.833500E+03  9.403949E-01
  1.834000E+03  1.483773E+00
  1.834500E+03  1.994431E+00
  1.835000E+03  2.468069E+00
  1.835500E+03  2.900971E+00
  1.836000E+03  3.290029E+00
  1.836500E+03  3.632751E+00
  1.837000E+03  3.927275E+00
  1.837500E+03  4.172356E+00
  1.838000E+03  4.367358E+00
  1.838500E+03  4.512236E+00
  1.839000E+03  4.607502E+00
  1.839500E+03  4.654199E+00
  1.840000E+03  4.653855E+00
  1.840500E+03  4.608444E+00
  1.841000E+03  4.520336E+00
  1.841500E+03  4.392245E+00
  1.842000E+03  4.227179E+00
  1.842500E+03  4.028382E+00
  1.843000E+03  3.799286E+00
  1.843500E+03  3.543451E+00
  1.844000E+03  3.264518E+00
  1.844500E+03  2.966156E+00
  1.845000E+03  2.652022E+00
  1.845500E+03  2.325708E+00
  1.846000E+03  1.990713E+00
  1.846500E+03  1.650401E+00
  1.847000E+03  1.307976E+00
  1.847500E+03  9.664575E-01
  1.848000E+03  6.286579E-01
  1.848500E+03  2.971725E-01
  1.849000E+03 -2.563148E-02
  1.849500E+03 -3.376191E-01
  1.850000E+03 -6.368873E-01
  1.850500E+03 -9.217606E-01
  1.851000E+03 -1.190783E+00
  1.851500E+03 -1.442708E+00
  1.852000E+03 -1.676482E+00
  1.852500E+03 -1.891234E+00
  1.853000E+03 -2.086252E+00
  1.853500E+03 -2.260971E+00
  1.854000E+03 -2.414949E+00
  1.854500E+03 -2.547855E+00
  1.855000E+03 -2.659448E+00
  1.855500E+03 -2.749565E+00
  1.856000E+03 -2.818104E+00
  1.856500E+03 -2.865015E+00
  1.857000E+03 -2.890289E+00
  1.857500E+03 -2.893954E+00
  1.858000E+03 -2.876073E+00
  1.858500E+03 -2.836738E+00
  1.859000E+03 -2.776080E+00
  1.859500E+03 -2.694269E+00
  1.860000E+03 -2.591527E+00
  1.860500E+03 -2.468132E+00
  1.861000E+03 -2.324439E+00
  1.861500E+03 -2.160886E+00
  1.862000E+03 -1.978015E+00
  1.862500E+03 -1.776485E+00
  1.863000E+03 -1.557091E+00
  1.863500E+03 -1.320776E+00
  1.864000E+03 -1.068648E+00
  1.864500E+03 -8.019918E-01
  1.865000E+03 -5.222822E-01
  1.865500E+03 -2.311892E-01
  1.866000E+03  6.941491E-02
  1.866500E+03  3.774548E-01
  1.867000E+03  6.906542E-01
  1.867500E+03  1.006542E+00
  1.868000E+03  1.322466E+00
  1.868500E+03  1.635602E+00
  1.869000E+03  1.942982E+00
  1.869500E+03  2.241513E+00
  1.870000E+03  2.528009E+00
  1.870500E+03  2.799221E+00
  1.871000E+03  3.051877E+00
  1.871500E+03  3.282718E+00
  1.872000E+03  3.488546E+00
  1.872500E+03  3.666264E+00
  1.873000E+03  3.812923E+00
  1.873500E+03  3.925771E+00
  1.874000E+03  4.002299E+00
  1.874500E+03  4.040284E+00
  1.875000E+03  4.037840E+00
  1.875500E+03  3.993451E+00
  1.876000E+03  3.906018E+00
  1.876500E+03  3.774888E+00
  1.877000E+03  3.599884E+00
  1.877500E+03  3.381331E+00
  1.878000E+03  3.120074E+00
  1.878500E+03  2.817487E+00
  1.879000E+03  2.475477E+00
  1.879500E+03  2.096484E+00
  1.880000E+03  1.683467E+00
  1.880500E+03  1.239885E+00
  1.881000E+03  7.696727E-01
  1.881500E+03  2.772047E-01
  1.882000E+03 -2.327463E-01
  1.882500E+03 -7.550571E-01
  1.883000E+03 -1.284309E+00
  1.883500E+03 -1.814851E+00
  1.884000E+03 -2.340860E+00
  1.884500E+03 -2.856417E+00
  1.885000E+03 -3.355579E+00
  1.885500E+03 -3.832453E+00
  1.886000E+03 -4.281272E+00
  1.886500E+03 -4.696479E+00
  1.887000E+03 -5.072796E+00
  1.887500E+03 -5.405302E+00
  1.888000E+03 -5.689505E+00
  1.888500E+03 -5.921408E+00
  1.889000E+03 -6.097570E+00
  1.889500E+03 -6.215162E+00
  1.890000E+03 -6.272019E+00
  1.890500E+03 -6.266675E+00
  1.891000E+03 -6.198396E+00
  1.891500E+03 -6.067206E+00
  1.892000E+03 -5.873897E+00
  1.892500E+03 -5.620030E+00
  1.893000E+03 -5.307930E+00
  1.893500E+03 -4.940665E+00
  1.894000E+03 -4.522023E+00
  1.894500E+03 -4.056466E+00
  1.895000E+03 -3.549088E+00
  1.895500E+03 -3.005555E+00
  1.896000E+03 -2.432040E+00
  1.896500E+03 -1.835153E+00
  1.897000E+03 -1.221855E+00
  1.897500E+03 -5.993811E-01
  1.898000E+03  2.485688E-02
  1.898500E+03  6.433585E-01
  1.899000E+03  1.248631E+00
  1.899500E+03  1.833286E+00
  1.900000E+03  2.390134E+00
  1.900500E+03  2.912276E+00
  1.901000E+03  3.393196E+00
  1.901500E+03  3.826847E+00
  1.902000E+03  4.207729E+00
  1.902500E+03  4.530965E+00
  1.903000E+03  4.792363E+00
  1.903500E+03  4.988479E+00
  1.904000E+03  5.116659E+00
  1.904500E+03  5.175077E+00
  1.905000E+03  5.162766E+00
  1.905500E+03  5.079627E+00
  1.906000E+03  4.926441E+00
  1.906500E+03  4.704853E+00
  1.907000E+03  4.417361E+00
  1.907500E+03  4.067282E+00
  1.908000E+03  3.658712E+00
  1.908500E+03  3.196476E+00
  1.909000E+03  2.686068E+00
  1.909500E+03  2.133581E+00
  1.910000E+03  1.545631E+00
  1.910500E+03  9.292715E-01
  1.911000E+03  2.919083E-01
  1.911500E+03 -3.587981E-01
  1.912000E+03 -1.015028E+00
  1.912500E+03 -1.668901E+00
  1.913000E+03 -2.312577E+00
  1.913500E+03 -2.938352E+00
  1.914000E+03 -3.538757E+00
  1.914500E+03 -4.106653E+00
  1.915000E+03 -4.635315E+00
  1.915500E+03 -5.118521E+00
  1.916000E+03 -5.550623E+00
  1.916500E+03 -5.926620E+00
  1.917000E+03 -6.242217E+00
  1.917500E+03 -6.493873E+00
  1.918000E+03 -6.678847E+00
  1.918500E+03 -6.795226E+00
  1.919000E+03 -6.841945E+00
  1.919500E+03 -6.818793E+00
  1.920000E+03 -6.726417E+00
  1.920500E+03 -6.566306E+00
  1.921000E+03 -6.340765E+00
  1.921500E+03 -6.052886E+00
  1.922000E+03 -5.706502E+00
  1.922500E+03 -5.306134E+00
  1.923000E+03 -4.856933E+00
  1.923500E+03 -4.364610E+00
  1.924000E+03 -3.835361E+00
  1.924500E+03 -3.275789E+00
  1.925000E+03 -2.692818E+00
  1.925500E+03 -2.093605E+00
  1.926000E+03 -1.485454E+00
  1.926500E+03 -8.757198E-01
  1.927000E+03 -2.717227E-01
  1.927500E+03  3.193435E-01
  1.928000E+03  8.904965E-01
  1.928500E+03  1.435049E+00
  1.929000E+03  1.946686E+00
  1.929500E+03  2.419538E+00
  1.930000E+03  2.848250E+00
  1.930500E+03  3.228037E+00
  1.931000E+03  3.554735E+00
  1.931500E+03  3.824851E+00
  1.932000E+03  4.035590E+00
  1.932500E+03  4.184886E+00
  1.933000E+03  4.271415E+00
  1.933500E+03  4.294606E+00
  1.934000E+03  4.254635E+00
  1.934500E+03  4.152419E+00
  1.935000E+03  3.989594E+00
  1.935500E+03  3.768485E+00
  1.936000E+03  3.492076E+00
  1.936500E+03  3.163963E+00
  1.937000E+03  2.788307E+00
  1.937500E+03  2.369776E+00
  1.938000E+03  1.913488E+00
  1.938500E+03  1.424945E+00
  1.939000E+03  9.099637E-01
  1.939500E+03  3.746085E-01
  1.940000E+03 -1.748839E-01
  1.940500E+03 -7.321756E-01
  1.941000E+03 -1.290901E+00
  1.941500E+03 -1.844737E+00
  1.942000E+03 -2.387474E+00
  1.942500E+03 -2.913085E+00
  1.943000E+03 -3.415785E+00
  1.943500E+03 -3.890095E+00
  1.944000E+03 -4.330895E+00
  1.944500E+03 -4.733477E+00
  1.945000E+03 -5.093586E+00
  1.945500E+03 -5.407463E+00
  1.946000E+03 -5.671873E+00
  1.946500E+03 -5.884137E+00
  1.947000E+03 -6.042145E+00
  1.947500E+03 -6.144376E+00
  1.948000E+03 -6.189899E+00
  1.948500E+03 -6.178376E+00
  1.949000E+03 -6.110057E+00
  1.949500E+03 -5.985765E+00
  1.950000E+03 -5.806878E+00
  1.950500E+03 -5.575310E+00
  1.951000E+03 -5.293479E+00
  1.951500E+03 -4.964276E+00
  1.952000E+03 -4.591028E+00
  1.952500E+03 -4.177461E+00
  1.953000E+03 -3.727649E+00
  1.953500E+03 -3.245979E+00
  1.954000E+03 -2.737095E+00
  1.954500E+03 -2.205855E+00
  1.955000E+03 -1.657278E+00
  1.955500E+03 -1.096496E+00
  1.956000E+03 -5.287051E-01
  1.956500E+03  4.088721E-02
  1.957000E+03  6.071057E-01
  1.957500E+03  1.164856E+00
  1.958000E+03  1.709168E+00
  1.958500E+03  2.235240E+00
  1.959000E+03  2.738475E+00
  1.959500E+03  3.214521E+00
  1.960000E+03  3.659305E+00
  1.960500E+03  4.069061E+00
  1.961000E+03  4.440357E+00
  1.961500E+03  4.770126E+00
  1.962000E+03  5.055675E+00
  1.962500E+03  5.294715E+00
  1.963000E+03  5.485362E+00
  1.963500E+03  5.626156E+00
  1.964000E+03  5.716064E+00
  1.964500E+03  5.754481E+00
  1.965000E+03  5.741235E+00
  1.965500E+03  5.676578E+00
  1.966000E+03  5.561182E+00
  1.966500E+03  5.396132E+00
  1.967000E+03  5.182908E+00
  1.967500E+03  4.923377E+00
  1.968000E+03  4.619768E+00
  1.968500E+03  4.274662E+00
  1.969000E+03  3.890959E+00
  1.969500E+03  3.471865E+00
  1.970000E+03  3.020860E+00
  1.970500E+03  2.541671E+00
  1.971000E+03  2.038249E+00
  1.971500E+03  1.514730E+00
  1.972000E+03  9.754130E-01
  1.972500E+03  4.247230E-01
  1.973000E+03 -1.328210E-01
  1.973500E+03 -6.926392E-01
  1.974000E+03 -1.250125E+00
  1.974500E+03 -1.800678E+00
  1.975000E+03 -2.339742E+00
  1.975500E+03 -2.862833E+00
  1.976000E+03 -3.365582E+00
  1.976500E+03 -3.843759E+00
  1.977000E+03 -4.293313E+00
  1.977500E+03 -4.710401E+00
  1.978000E+03 -5.091421E+00
  1.978500E+03 -5.433040E+00
  1.979000E+03 -5.732222E+00
  1.979500E+03 -5.986258E+00
  1.980000E+03 -6.192787E+00
  1.980500E+03 -6.349819E+00
  1.981000E+03 -6.455760E+00
  1.981500E+03 -6.509421E+00
  1.982000E+03 -6.510041E+00
  1.982500E+03 -6.457293E+00
  1.983000E+03 -6.351298E+00
  1.983500E+03 -6.192623E+00
  1.984000E+03 -5.982290E+00
  1.984500E+03 -5.721769E+00
  1.985000E+03 -5.412973E+00
  1.985500E+03 -5.058251E+00
  1.986000E+03 -4.660371E+00
  1.986500E+03 -4.222504E+00
  1.987000E+03 -3.748202E+00
  1.987500E+03 -3.241372E+00
  1.988000E+03 -2.706251E+00
  1.988500E+03 -2.147368E+00
  1.989000E+03 -1.569508E+00
  1.989500E+03 -9.776787E-01
  1.990000E+03 -3.770618E-01
  1.990500E+03  2.270287E-01
  1.991000E+03  8.291942E-01
  1.991500E+03  1.424000E+00
  1.992000E+03  2.006028E+00
  1.992500E+03  2.569923E+00
  1.993000E+03  3.110448E+00
  1.993500E+03  3.622539E+00
  1.994000E+03  4.101347E+00
  1.994500E+03  4.542297E+00
  1.995000E+03  4.941131E+00
  1.995500E+03  5.293956E+00
  1.996000E+03  5.597289E+00
  1.996500E+03  5.848091E+00
  1.997000E+03  6.043811E+00
  1.997500E+03  6.182410E+00
  1.998000E+03  6.262396E+00
  1.998500E+03  6.282840E+00
  1.999000E+03  6.243393E+00
  1.999500E+03  6.144300E+00
  2.000000E+03  5.986402E+00
  2.000500E+03  5.771134E+00
  2.001000E+03  5.500519E+00
  2.001500E+03  5.177152E+00
  2.002000E+03  4.804178E+00
  2.002500E+03  4.385268E+00
  2.003000E+03  3.924582E+00
  2.003500E+03  3.426734E+00
  2.004000E+03  2.896745E+00
  2.004500E+03  2.339994E+00
  2.005000E+03  1.762164E+00
  2.005500E+03  1.169183E+00
  2.006000E+03  5.671638E-01
  2.006500E+03 -3.766091E-02
  2.007000E+03 -6.390058E-01
  2.007500E+03 -1.230600E+00
  2.008000E+03 -1.806256E+00
  2.008500E+03 -2.359937E+00
  2.009000E+03 -2.885826E+00
  2.009500E+03 -3.378388E+00
  2.010000E+03 -3.832436E+00
  2.010500E+03 -4.243189E+00
  2.011000E+03 -4.606326E+00
  2.011500E+03 -4.918038E+00
  2.012000E+03 -5.175072E+00
  2.012500E+03 -5.374773E+00
  2.013000E+03 -5.515110E+00
  2.013500E+03 -5.594705E+00
  2.014000E+03 -5.612852E+00
  2.014500E+03 -5.569524E+00
  2.015000E+03 -5.465376E+00
  2.015500E+03 -5.301739E+00
  2.016000E+03 -5.080607E+00
  2.016500E+03 -4.804615E+00
  2.017000E+03 -4.477008E+00
  2.017500E+03 -4.101604E+00
  2.018000E+03 -3.682755E+00
  2.018500E+03 -3.225288E+00
  2.019000E+03 -2.734457E+00
  2.019500E+03 -2.215879E+00
  2.020000E+03 -1.675465E+00
  2.020500E+03 -1.119354E+00
  2.021000E+03 -5.538394E-01
  2.021500E+03  1.470508E-02
  2.022000E+03  5.799018E-01
  2.022500E+03  1.135444E+00
  2.023000E+03  1.675171E+00
  2.023500E+03  2.193139E+00
  2.024000E+03  2.683696E+00
  2.024500E+03  3.141544E+00
  2.025000E+03  3.561803E+00
  2.025500E+03  3.940068E+00
  2.026000E+03  4.272459E+00
  2.026500E+03  4.555667E+00
  2.027000E+03  4.786991E+00
  2.027500E+03  4.964367E+00
  2.028000E+03  5.086388E+00
  2.028500E+03  5.152321E+00
  2.029000E+03  5.162108E+00
  2.029500E+03  5.116367E+00
  2.030000E+03  5.016374E+00
  2.030500E+03  4.864048E+00
  2.031000E+03  4.661918E+00
  2.031500E+03  4.413091E+00
  2.032000E+03  4.121206E+00
  2.032500E+03  3.790388E+00
  2.033000E+03  3.425186E+00
  2.033500E+03  3.030520E+00
  2.034000E+03  2.611611E+00
  2.034500E+03  2.173914E+00
  2.035000E+03  1.723047E+00
  2.035500E+03  1.264720E+00
  2.036000E+03  8.046568E-01
  2.036500E+03  3.485300E-01
  2.037000E+03 -9.811708E-02
  2.037500E+03 -5.299370E-01
  2.038000E+03 -9.418447E-01
  2.038500E+03 -1.329080E+00
  2.039000E+03 -1.687265E+00
  2.039500E+03 -2.012455E+00
  2.040000E+03 -2.301186E+00
  2.040500E+03 -2.550512E+00
  2.041000E+03 -2.758039E+00
  2.041500E+03 -2.921947E+00
  2.042000E+03 -3.041006E+00
  2.042500E+03 -3.114588E+00
  2.043000E+03 -3.142663E+00
  2.043500E+03 -3.125795E+00
  2.044000E+03 -3.065124E+00
  2.044500E+03 -2.962346E+00
  2.045000E+03 -2.819678E+00
  2.045500E+03 -2.639828E+00
  2.046000E+03 -2.425945E+00
  2.046500E+03 -2.181577E+00
  2.047000E+03 -1.910615E+00
  2.047500E+03 -1.617235E+00
  2.048000E+03 -1.305841E+00
  2.048500E+03 -9.809988E-01
  2.049000E+03 -6.473749E-01
  2.049500E+03 -3.096709E-01
  2.050000E+03  2.744046E-02
  2.050500E+03  3.593783E-01
  2.051000E+03  6.817142E-01
  2.051500E+03  9.902306E-01
  2.052000E+03  1.280975E+00
  2.052500E+03  1.550308E+00
  2.053000E+03  1.794954E+00
  2.053500E+03  2.012033E+00
  2.054000E+03  2.199099E+00
  2.054500E+03  2.354167E+00
  2.055000E+03  2.475732E+00
  2.055500E+03  2.562780E+00
  2.056000E+03  2.614802E+00
  2.056500E+03  2.631783E+00
  2.057000E+03  2.614206E+00
  2.057500E+03  2.563027E+00
  2.058000E+03  2.479661E+00
  2.058500E+03  2.365956E+00
  2.059000E+03  2.224155E+00
  2.059500E+03  2.056862E+00
  2.060000E+03  1.867003E+00
  2.060500E+03  1.657774E+00
  2.061000E+03  1.432596E+00
  2.061500E+03  1.195062E+00
  2.062000E+03  9.488857E-01
  2.062500E+03  6.978432E-01
  2.063000E+03  4.457222E-01
  2.063500E+03  1.962664E-01
  2.064000E+03 -4.687738E-02
  2.064500E+03 -2.802094E-01
  2.065000E+03 -5.004257E-01
  2.065500E+03 -7.044625E-01
  2.066000E+03 -8.895377E-01
  2.066500E+03 -1.053187E+00
  2.067000E+03 -1.193296E+00
  2.067500E+03 -1.308128E+00
  2.068000E+03 -1.396342E+00
  2.068500E+03 -1.457012E+00
  2.069000E+03 -1.489635E+00
  2.069500E+03 -1.494131E+00
  2.070000E+03 -1.470848E+00
  2.070500E+03 -1.420548E+00
  2.071000E+03 -1.344396E+00
  2.071500E+03 -1.243938E+00
  2.072000E+03 -1.121080E+00
  2.072500E+03 -9.780563E-01
  2.073000E+03 -8.173989E-01
  2.073500E+03 -6.418972E-01
  2.074000E+03 -4.545589E-01
  2.074500E+03 -2.585672E-01
  2.075000E+03 -5.723427E-02
  2.075500E+03  1.460447E-01
  2.076000E+03  3.478400E-01
  2.076500E+03  5.447353E-01
  2.077000E+03  7.333757E-01
  2.077500E+03  9.105143E-01
  2.078000E+03  1.073058E+00
  2.078500E+03  1.218109E+00
  2.079000E+03  1.343010E+00
  2.079500E+03  1.445375E+00
  2.080000E+03  1.523128E+00
  2.080500E+03  1.574531E+00
  2.081000E+03  1.598209E+00
  2.081500E+03  1.593172E+00
  2.082000E+03  1.558831E+00
  2.082500E+03  1.495004E+00
  2.083000E+03  1.401930E+00
  2.083500E+03  1.280260E+00
  2.084000E+03  1.131058E+00
  2.084500E+03  9.557878E-01
  2.085000E+03  7.562981E-01
  2.085500E+03  5.348023E-01
  2.086000E+03  2.938532E-01
  2.086500E+03  3.631322E-02
  2.087000E+03 -2.346791E-01
  2.087500E+03 -5.157462E-01
  2.088000E+03 -8.033121E-01
  2.088500E+03 -1.093646E+00
  2.089000E+03 -1.382906E+00
  2.089500E+03 -1.667191E+00
  2.090000E+03 -1.942583E+00
  2.090500E+03 -2.205202E+00
  2.091000E+03 -2.451249E+00
  2.091500E+03 -2.677063E+00
  2.092000E+03 -2.879160E+00
  2.092500E+03 -3.054287E+00
  2.093000E+03 -3.199459E+00
  2.093500E+03 -3.312005E+00
  2.094000E+03 -3.389604E+00
  2.094500E+03 -3.430320E+00
  2.095000E+03 -3.432631E+00
  2.095500E+03 -3.395456E+00
  2.096000E+03 -3.318177E+00
  2.096500E+03 -3.200650E+00
  2.097000E+03 -3.043222E+00
  2.097500E+03 -2.846727E+00
  2.098000E+03 -2.612495E+00
  2.098500E+03 -2.342336E+00
  2.099000E+03 -2.038531E+00
  2.099500E+03 -1.703814E+00
  2.100000E+03 -1.341345E+00
  2.100500E+03 -9.546824E-01
  2.101000E+03 -5.477470E-01
  2.101500E+03 -1.247811E-01
  2.102000E+03  3.096956E-01
  2.102500E+03  7.509350E-01
  2.103000E+03  1.194013E+00
  2.103500E+03  1.633885E+00
  2.104000E+03  2.065444E+00
  2.104500E+03  2.483582E+00
  2.105000E+03  2.883248E+00
  2.105500E+03  3.259512E+00
  2.106000E+03  3.607628E+00
  2.106500E+03  3.923090E+00
  2.107000E+03  4.201693E+00
  2.107500E+03  4.439591E+00
  2.108000E+03  4.633347E+00
  2.108500E+03  4.779983E+00
  2.109000E+03  4.877026E+00
  2.109500E+03  4.922544E+00
  2.110000E+03  4.915185E+00
  2.110500E+03  4.854197E+00
  2.111000E+03  4.739453E+00
  2.111500E+03  4.571464E+00
  2.112000E+03  4.351380E+00
  2.112500E+03  4.080995E+00
  2.113000E+03  3.762728E+00
  2.113500E+03  3.399612E+00
  2.114000E+03  2.995264E+00
  2.114500E+03  2.553851E+00
  2.115000E+03  2.080049E+00
  2.115500E+03  1.578998E+00
  2.116000E+03  1.056240E+00
  2.116500E+03  5.176623E-01
  2.117000E+03 -3.057036E-02
  2.117500E+03 -5.820876E-01
  2.118000E+03 -1.130389E+00
  2.118500E+03 -1.668921E+00
  2.119000E+03 -2.191160E+00
  2.119500E+03 -2.690693E+00
  2.120000E+03 -3.161296E+00
  2.120500E+03 -3.597018E+00
  2.121000E+03 -3.992260E+00
  2.121500E+03 -4.341847E+00
  2.122000E+03 -4.641099E+00
  2.122500E+03 -4.885902E+00
  2.123000E+03 -5.072760E+00
  2.123500E+03 -5.198852E+00
  2.124000E+03 -5.262077E+00
  2.124500E+03 -5.261088E+00
  2.125000E+03 -5.195319E+00
  2.125500E+03 -5.065001E+00
  2.126000E+03 -4.871173E+00
  2.126500E+03 -4.615672E+00
  2.127000E+03 -4.301125E+00
  2.127500E+03 -3.930919E+00
  2.128000E+03 -3.509170E+00
  2.128500E+03 -3.040676E+00
  2.129000E+03 -2.530864E+00
  2.129500E+03 -1.985724E+00
  2.130000E+03 -1.411739E+00
  2.130500E+03 -8.158058E-01
  2.131000E+03 -2.051498E-01
  2.131500E+03  4.127670E-01
  2.132000E+03  1.030340E+00
  2.132500E+03  1.639920E+00
  2.133000E+03  2.233913E+00
  2.133500E+03  2.804878E+00
  2.134000E+03  3.345630E+00
  2.134500E+03  3.849331E+00
  2.135000E+03  4.309583E+00
  2.135500E+03  4.720521E+00
  2.136000E+03  5.076884E+00
  2.136500E+03  5.374095E+00
  2.137000E+03  5.608323E+00
  2.137500E+03  5.776538E+00
  2.138000E+03  5.876554E+00
  2.138500E+03  5.907063E+00
  2.139000E+03  5.867656E+00
  2.139500E+03  5.758830E+00
  2.140000E+03  5.581987E+00
  2.140500E+03  5.339416E+00
  2.141000E+03  5.034267E+00
  2.141500E+03  4.670505E+00
  2.142000E+03  4.252866E+00
  2.142500E+03  3.786788E+00
  2.143000E+03  3.278340E+00
  2.143500E+03  2.734143E+00
  2.144000E+03  2.161274E+00
  2.144500E+03  1.567175E+00
  2.145000E+03  9.595510E-01
  2.145500E+03  3.462599E-01
  2.146000E+03 -2.647916E-01
  2.146500E+03 -8.657582E-01
  2.147000E+03 -1.448964E+00
  2.147500E+03 -2.007010E+00
  2.148000E+03 -2.532873E+00
  2.148500E+03 -3.020005E+00
  2.149000E+03 -3.462422E+00
  2.149500E+03 -3.854785E+00
  2.150000E+03 -4.192477E+00
  2.150500E+03 -4.471657E+00
  2.151000E+03 -4.689319E+00
  2.151500E+03 -4.843327E+00
  2.152000E+03 -4.932439E+00
  2.152500E+03 -4.956324E+00
  2.153000E+03 -4.915561E+00
  2.153500E+03 -4.811621E+00
  2.154000E+03 -4.646846E+00
  2.154500E+03 -4.424406E+00
  2.155000E+03 -4.148251E+00
  2.155500E+03 -3.823044E+00
  2.156000E+03 -3.454089E+00
  2.156500E+03 -3.047252E+00
  2.157000E+03 -2.608866E+00
  2.157500E+03 -2.145638E+00
  2.158000E+03 -1.664542E+00
  2.158500E+03 -1.172719E+00
  2.159000E+03 -6.773650E-01
  2.159500E+03 -1.856244E-01
  2.160000E+03  2.955165E-01
  2.160500E+03  7.593338E-01
  2.161000E+03  1.199465E+00
  2.161500E+03  1.610001E+00
  2.162000E+03  1.985574E+00
  2.162500E+03  2.321433E+00
  2.163000E+03  2.613510E+00
  2.163500E+03  2.858478E+00
  2.164000E+03  3.053792E+00
  2.164500E+03  3.197724E+00
  2.165000E+03  3.289379E+00
  2.165500E+03  3.328702E+00
  2.166000E+03  3.316472E+00
  2.166500E+03  3.254275E+00
  2.167000E+03  3.144478E+00
  2.167500E+03  2.990180E+00
  2.168000E+03  2.795155E+00
  2.168500E+03  2.563785E+00
  2.169000E+03  2.300984E+00
  2.169500E+03  2.012111E+00
  2.170000E+03  1.702884E+00
  2.170500E+03  1.379278E+00
  2.171000E+03  1.047426E+00
  2.171500E+03  7.135209E-01
  2.172000E+03  3.837064E-01
  2.172500E+03  6.398114E-02
  2.173000E+03 -2.399024E-01
  2.173500E+03 -5.225311E-01
  2.174000E+03 -7.789191E-01
  2.174500E+03 -1.004588E+00
  2.175000E+03 -1.195641E+00
  2.175500E+03 -1.348821E+00
  2.176000E+03 -1.461566E+00
  2.176500E+03 -1.532046E+00
  2.177000E+03 -1.559193E+00
  2.177500E+03 -1.542715E+00
  2.178000E+03 -1.483098E+00
  2.178500E+03 -1.381594E+00
  2.179000E+03 -1.240203E+00
  2.179500E+03 -1.061632E+00
  2.180000E+03 -8.492524E-01
  2.180500E+03 -6.070385E-01
  2.181000E+03 -3.395033E-01
  2.181500E+03 -5.162109E-02
  2.182000E+03  2.512565E-01
  2.182500E+03  5.634897E-01
  2.183000E+03  8.792451E-01
  2.183500E+03  1.192593E+00
  2.184000E+03  1.497606E+00
  2.184500E+03  1.788457E+00
  2.185000E+03  2.059520E+00
  2.185500E+03  2.305458E+00
  2.186000E+03  2.521315E+00
  2.186500E+03  2.702601E+00
  2.187000E+03  2.845361E+00
  2.187500E+03  2.946248E+00
  2.188000E+03  3.002575E+00
  2.188500E+03  3.012363E+00
  2.189000E+03  2.974374E+00
  2.189500E+03  2.888137E+00
  2.190000E+03  2.753954E+00
  2.190500E+03  2.572901E+00
  2.191000E+03  2.346813E+00
  2.191500E+03  2.078257E+00
  2.192000E+03  1.770494E+00
  2.192500E+03  1.427432E+00
  2.193000E+03  1.053564E+00
  2.193500E+03  6.539036E-01
  2.194000E+03  2.339043E-01
  2.194500E+03 -2.006204E-01
  2.195000E+03 -6.435864E-01
  2.195500E+03 -1.088732E+00
  2.196000E+03 -1.529712E+00
  2.196500E+03 -1.960197E+00
  2.197000E+03 -2.373963E+00
  2.197500E+03 -2.764994E+00
  2.198000E+03 -3.127564E+00
  2.198500E+03 -3.456328E+00
  2.199000E+03 -3.746400E+00
  2.199500E+03 -3.993425E+00
  2.200000E+03 -4.193644E+00
  2.200500E+03 -4.343946E+00
  2.201000E+03 -4.441916E+00
  2.201500E+03 -4.485866E+00
  2.202000E+03 -4.474860E+00
  2.202500E+03 -4.408722E+00
  2.203000E+03 -4.288039E+00
  2.203500E+03 -4.114149E+00
  2.204000E+03 -3.889116E+00
  2.204500E+03 -3.615699E+00
  2.205000E+03 -3.297306E+00
  2.205500E+03 -2.937947E+00
  2.206000E+03 -2.542167E+00
  2.206500E+03 -2.114981E+00
  2.207000E+03 -1.661800E+00
  2.207500E+03 -1.188350E+00
  2.208000E+03 -7.005915E-01
  2.208500E+03 -2.046316E-01
  2.209000E+03  2.933600E-01
  2.209500E+03  7.872380E-01
  2.210000E+03  1.270965E+00
  2.210500E+03  1.738695E+00
  2.211000E+03  2.184849E+00
  2.211500E+03  2.604185E+00
  2.212000E+03  2.991870E+00
  2.212500E+03  3.343533E+00
  2.213000E+03  3.655322E+00
  2.213500E+03  3.923940E+00
  2.214000E+03  4.146684E+00
  2.214500E+03  4.321467E+00
  2.215000E+03  4.446837E+00
  2.215500E+03  4.521975E+00
  2.216000E+03  4.546700E+00
  2.216500E+03  4.521451E+00
  2.217000E+03  4.447268E+00
  2.217500E+03  4.325763E+00
  2.218000E+03  4.159082E+00
  2.218500E+03  3.949864E+00
  2.219000E+03  3.701189E+00
  2.219500E+03  3.416528E+00
  2.220000E+03  3.099684E+00
  2.220500E+03  2.754731E+00
  2.221000E+03  2.385953E+00
  2.221500E+03  1.997779E+00
  2.222000E+03  1.594726E+00
  2.222500E+03  1.181330E+00
  2.223000E+03  7.620933E-01
  2.223500E+03  3.414261E-01
  2.224000E+03 -7.640634E-02
  2.224500E+03 -4.873305E-01
  2.225000E+03 -8.875073E-01
  2.225500E+03 -1.273369E+00
  2.226000E+03 -1.641652E+00
  2.226500E+03 -1.989418E+00
  2.227000E+03 -2.314077E+00
  2.227500E+03 -2.613397E+00
  2.228000E+03 -2.885509E+00
  2.228500E+03 -3.128913E+00
  2.229000E+03 -3.342465E+00
  2.229500E+03 -3.525371E+00
  2.230000E+03 -3.677171E+00
  2.230500E+03 -3.797719E+00
  2.231000E+03 -3.887157E+00
  2.231500E+03 -3.945896E+00
  2.232000E+03 -3.974582E+00
  2.232500E+03 -3.974066E+00
  2.233000E+03 -3.945379E+00
  2.233500E+03 -3.889696E+00
  2.234000E+03 -3.808309E+00
  2.234500E+03 -3.702600E+00
  2.235000E+03 -3.574010E+00
  2.235500E+03 -3.424017E+00
  2.236000E+03 -3.254115E+00
  2.236500E+03 -3.065795E+00
  2.237000E+03 -2.860528E+00
  2.237500E+03 -2.639756E+00
  2.238000E+03 -2.404882E+00
  2.238500E+03 -2.157266E+00
  2.239000E+03 -1.898225E+00
  2.239500E+03 -1.629035E+00
  2.240000E+03 -1.350933E+00
  2.240500E+03 -1.065132E+00
  2.241000E+03 -7.728243E-01
  2.241500E+03 -4.751966E-01
  2.242000E+03 -1.734440E-01
  2.242500E+03  1.312171E-01
  2.243000E+03  4.375348E-01
  2.243500E+03  7.442073E-01
  2.244000E+03  1.049871E+00
  2.244500E+03  1.353088E+00
  2.245000E+03  1.652338E+00
  2.245500E+03  1.946011E+00
  2.246000E+03  2.232405E+00
  2.246500E+03  2.509723E+00
  2.247000E+03  2.776077E+00
  2.247500E+03  3.029499E+00
  2.248000E+03  3.267944E+00
  2.248500E+03  3.489311E+00
  2.249000E+03  3.691459E+00
  2.249500E+03  3.872231E+00
  2.250000E+03  4.029477E+00
  2.250500E+03  4.161084E+00
  2.251000E+03  4.265007E+00
  2.251500E+03  4.339304E+00
  2.252000E+03  4.382169E+00
  2.252500E+03  4.391967E+00
  2.253000E+03  4.367275E+00
  2.253500E+03  4.306910E+00
  2.254000E+03  4.209972E+00
  2.254500E+03  4.075871E+00
  2.255000E+03  3.904358E+00
  2.255500E+03  3.695554E+00
  2.256000E+03  3.449971E+00
  2.256500E+03  3.168530E+00
  2.257000E+03  2.852574E+00
  2.257500E+03  2.503878E+00
  2.258000E+03  2.124646E+00
  2.258500E+03  1.717510E+00
  2.259000E+03  1.285516E+00
  2.259500E+03  8.321087E-01
  2.260000E+03  3.611040E-01
  2.260500E+03 -1.233403E-01
  2.261000E+03 -6.167625E-01
  2.261500E+03 -1.114440E+00
  2.262000E+03 -1.611437E+00
  2.262500E+03 -2.102660E+00
  2.263000E+03 -2.582913E+00
  2.263500E+03 -3.046961E+00
  2.264000E+03 -3.489590E+00
  2.264500E+03 -3.905677E+00
  2.265000E+03 -4.290253E+00
  2.265500E+03 -4.638570E+00
  2.266000E+03 -4.946166E+00
  2.266500E+03 -5.208930E+00
  2.267000E+03 -5.423157E+00
  2.267500E+03 -5.585609E+00
  2.268000E+03 -5.693564E+00
  2.268500E+03 -5.744860E+00
  2.269000E+03 -5.737935E+00
  2.269500E+03 -5.671862E+00
  2.270000E+03 -5.546365E+00
  2.270500E+03 -5.361842E+00
  2.271000E+03 -5.119371E+00
  2.271500E+03 -4.820702E+00
  2.272000E+03 -4.468258E+00
  2.272500E+03 -4.065102E+00
  2.273000E+03 -3.614922E+00
  2.273500E+03 -3.121983E+00
  2.274000E+03 -2.591091E+00
  2.274500E+03 -2.027535E+00
  2.275000E+03 -1.437033E+00
  2.275500E+03 -8.256604E-01
  2.276000E+03 -1.997864E-01
  2.276500E+03  4.340051E-01
  2.277000E+03  1.068992E+00
  2.277500E+03  1.698395E+00
  2.278000E+03  2.315460E+00
  2.278500E+03  2.913536E+00
  2.279000E+03  3.486162E+00
  2.279500E+03  4.027141E+00
  2.280000E+03  4.530618E+00
  2.280500E+03  4.991151E+00
  2.281000E+03  5.403776E+00
  2.281500E+03  5.764070E+00
  2.282000E+03  6.068201E+00
  2.282500E+03  6.312979E+00
  2.283000E+03  6.495889E+00
  2.283500E+03  6.615123E+00
  2.284000E+03  6.669599E+00
  2.284500E+03  6.658973E+00
  2.285000E+03  6.583640E+00
  2.285500E+03  6.444728E+00
  2.286000E+03  6.244079E+00
  2.286500E+03  5.984225E+00
  2.287000E+03  5.668354E+00
  2.287500E+03  5.300268E+00
  2.288000E+03  4.884331E+00
  2.288500E+03  4.425419E+00
  2.289000E+03  3.928852E+00
  2.289500E+03  3.400331E+00
  2.290000E+03  2.845864E+00
  2.290500E+03  2.271699E+00
  2.291000E+03  1.684240E+00
  2.291500E+03  1.089974E+00
  2.292000E+03  4.953946E-01
  2.292500E+03 -9.307360E-02
  2.293000E+03 -6.691511E-01
  2.293500E+03 -1.226773E+00
  2.294000E+03 -1.760156E+00
  2.294500E+03 -2.263861E+00
  2.295000E+03 -2.732852E+00
  2.295500E+03 -3.162545E+00
  2.296000E+03 -3.548856E+00
  2.296500E+03 -3.888234E+00
  2.297000E+03 -4.177698E+00
  2.297500E+03 -4.414853E+00
  2.298000E+03 -4.597911E+00
  2.298500E+03 -4.725698E+00
  2.299000E+03 -4.797651E+00
  2.299500E+03 -4.813813E+00
  2.300000E+03 -4.774817E+00
  2.300500E+03 -4.681870E+00
  2.301000E+03 -4.536719E+00
  2.301500E+03 -4.341621E+00
  2.302000E+03 -4.099306E+00
  2.302500E+03 -3.812932E+00
  2.303000E+03 -3.486041E+00
  2.303500E+03 -3.122506E+00
  2.304000E+03 -2.726485E+00
  2.304500E+03 -2.302362E+00
  2.305000E+03 -1.854695E+00
  2.305500E+03 -1.388163E+00
  2.306000E+03 -9.075109E-01
  2.306500E+03 -4.174979E-01
  2.307000E+03  7.715296E-02
  2.307500E+03  5.718026E-01
  2.308000E+03  1.061941E+00
  2.308500E+03  1.543228E+00
  2.309000E+03  2.011532E+00
  2.309500E+03  2.462961E+00
  2.310000E+03  2.893896E+00
  2.310500E+03  3.301012E+00
  2.311000E+03  3.681299E+00
  2.311500E+03  4.032077E+00
  2.312000E+03  4.351009E+00
  2.312500E+03  4.636105E+00
  2.313000E+03  4.885726E+00
  2.313500E+03  5.098583E+00
  2.314000E+03  5.273728E+00
  2.314500E+03  5.410550E+00
  2.315000E+03  5.508763E+00
  2.315500E+03  5.568387E+00
  2.316000E+03  5.589737E+00
  2.316500E+03  5.573403E+00
  2.317000E+03  5.520230E+00
  2.317500E+03  5.431299E+00
  2.318000E+03  5.307903E+00
  2.318500E+03  5.151528E+00
  2.319000E+03  4.963834E+00
  2.319500E+03  4.746628E+00
  2.320000E+03  4.501851E+00
  2.320500E+03  4.231554E+00
  2.321000E+03  3.937880E+00
  2.321500E+03  3.623051E+00
  2.322000E+03  3.289350E+00
  2.322500E+03  2.939106E+00
  2.323000E+03  2.574682E+00
  2.323500E+03  2.198465E+00
  2.324000E+03  1.812854E+00
  2.324500E+03  1.420252E+00
  2.325000E+03  1.023056E+00
  2.325500E+03  6.236545E-01
  2.326000E+03  2.244157E-01
  2.326500E+03 -1.723148E-01
  2.327000E+03 -5.642211E-01
  2.327500E+03 -9.490224E-01
  2.328000E+03 -1.324478E+00
  2.328500E+03 -1.688395E+00
  2.329000E+03 -2.038632E+00
  2.329500E+03 -2.373109E+00
  2.330000E+03 -2.689811E+00
  2.330500E+03 -2.986803E+00
  2.331000E+03 -3.262232E+00
  2.331500E+03 -3.514342E+00
  2.332000E+03 -3.741486E+00
  2.332500E+03 -3.942131E+00
  2.333000E+03 -4.114880E+00
  2.333500E+03 -4.258477E+00
  2.334000E+03 -4.371828E+00
  2.334500E+03 -4.454006E+00
  2.335000E+03 -4.504275E+00
  2.335500E+03 -4.522093E+00
  2.336000E+03 -4.507136E+00
  2.336500E+03 -4.459299E+00
  2.337000E+03 -4.378716E+00
  2.337500E+03 -4.265764E+00
  2.338000E+03 -4.121075E+00
  2.338500E+03 -3.945537E+00
  2.339000E+03 -3.740301E+00
  2.339500E+03 -3.506782E+00
  2.340000E+03 -3.246654E+00
  2.340500E+03 -2.961851E+00
  2.341000E+03 -2.654551E+00
  2.341500E+03 -2.327173E+00
  2.342000E+03 -1.982356E+00
  2.342500E+03 -1.622948E+00
  2.343000E+03 -1.251978E+00
  2.343500E+03 -8.726369E-01
  2.344000E+03 -4.882495E-01
  2.344500E+03 -1.022440E-01
  2.345000E+03  2.818794E-01
  2.345500E+03  6.605829E-01
  2.346000E+03  1.030327E+00
  2.346500E+03  1.387610E+00
  2.347000E+03  1.729000E+00
  2.347500E+03  2.051183E+00
  2.348000E+03  2.350993E+00
  2.348500E+03  2.625457E+00
  2.349000E+03  2.871825E+00
  2.349500E+03  3.087612E+00
  2.350000E+03  3.270626E+00
  2.350500E+03  3.419003E+00
  2.351000E+03  3.531230E+00
  2.351500E+03  3.606170E+00
  2.352000E+03  3.643084E+00
  2.352500E+03  3.641642E+00
  2.353000E+03  3.601936E+00
  2.353500E+03  3.524487E+00
  2.354000E+03  3.410240E+00
  2.354500E+03  3.260563E+00
  2.355000E+03  3.077237E+00
  2.355500E+03  2.862436E+00
  2.356000E+03  2.618711E+00
  2.356500E+03  2.348959E+00
  2.357000E+03  2.056397E+00
  2.357500E+03  1.744524E+00
  2.358000E+03  1.417079E+00
  2.358500E+03  1.078003E+00
  2.359000E+03  7.313913E-01
  2.359500E+03  3.814421E-01
  2.360000E+03  3.240857E-02
  2.360500E+03 -3.114538E-01
  2.361000E+03 -6.459398E-01
  2.361500E+03 -9.669468E-01
  2.362000E+03 -1.270526E+00
  2.362500E+03 -1.552934E+00
  2.363000E+03 -1.810678E+00
  2.363500E+03 -2.040563E+00
  2.364000E+03 -2.239733E+00
  2.364500E+03 -2.405707E+00
  2.365000E+03 -2.536415E+00
  2.365500E+03 -2.630223E+00
  2.366000E+03 -2.685955E+00
  2.366500E+03 -2.702912E+00
  2.367000E+03 -2.680881E+00
  2.367500E+03 -2.620137E+00
  2.368000E+03 -2.521445E+00
  2.368500E+03 -2.386048E+00
  2.369000E+03 -2.215654E+00
  2.369500E+03 -2.012413E+00
  2.370000E+03 -1.778893E+00
  2.370500E+03 -1.518043E+00
  2.371000E+03 -1.233163E+00
  2.371500E+03 -9.278537E-01
  2.372000E+03 -6.059767E-01
  2.372500E+03 -2.716022E-01
  2.373000E+03  7.104260E-02
  2.373500E+03  4.176273E-01
  2.374000E+03  7.637740E-01
  2.374500E+03  1.105114E+00
  2.375000E+03  1.437341E+00
  2.375500E+03  1.756271E+00
  2.376000E+03  2.057889E+00
  2.376500E+03  2.338406E+00
  2.377000E+03  2.594301E+00
  2.377500E+03  2.822371E+00
  2.378000E+03  3.019763E+00
  2.378500E+03  3.184017E+00
  2.379000E+03  3.313088E+00
  2.379500E+03  3.405376E+00
  2.380000E+03  3.459739E+00
  2.380500E+03  3.475509E+00
  2.381000E+03  3.452494E+00
  2.381500E+03  3.390979E+00
  2.382000E+03  3.291718E+00
  2.382500E+03  3.155922E+00
  2.383000E+03  2.985240E+00
  2.383500E+03  2.781733E+00
  2.384000E+03  2.547845E+00
  2.384500E+03  2.286371E+00
  2.385000E+03  2.000415E+00
  2.385500E+03  1.693350E+00
  2.386000E+03  1.368770E+00
  2.386500E+03  1.030450E+00
  2.387000E+03  6.822868E-01
  2.387500E+03  3.282570E-01
  2.388000E+03 -2.763702E-02
  2.388500E+03 -3.814159E-01
  2.389000E+03 -7.291722E-01
  2.389500E+03 -1.067117E+00
  2.390000E+03 -1.391626E+00
  2.390500E+03 -1.699278E+00
  2.391000E+03 -1.986897E+00
  2.391500E+03 -2.251585E+00
  2.392000E+03 -2.490749E+00
  2.392500E+03 -2.702132E+00
  2.393000E+03 -2.883830E+00
  2.393500E+03 -3.034308E+00
  2.394000E+03 -3.152411E+00
  2.394500E+03 -3.237371E+00
  2.395000E+03 -3.288803E+00
  2.395500E+03 -3.306704E+00
  2.396000E+03 -3.291442E+00
  2.396500E+03 -3.243744E+00
  2.397000E+03 -3.164677E+00
  2.397500E+03 -3.055622E+00
  2.398000E+03 -2.918259E+00
  2.398500E+03 -2.754528E+00
  2.399000E+03 -2.566606E+00
  2.399500E+03 -2.356873E+00
  2.400000E+03 -2.127876E+00
  2.400500E+03 -1.882299E+00
  2.401000E+03 -1.622923E+00
  2.401500E+03 -1.352598E+00
  2.402000E+03 -1.074203E+00
  2.402500E+03 -7.906177E-01
  2.403000E+03 -5.046877E-01
  2.403500E+03 -2.191984E-01
  2.404000E+03  6.315383E-02
  2.404500E+03  3.397859E-01
  2.405000E+03  6.082498E-01
  2.405500E+03  8.662520E-01
  2.406000E+03  1.111669E+00
  2.406500E+03  1.342562E+00
  2.407000E+03  1.557183E+00
  2.407500E+03  1.753989E+00
  2.408000E+03  1.931639E+00
  2.408500E+03  2.089001E+00
  2.409000E+03  2.225149E+00
  2.409500E+03  2.339359E+00
  2.410000E+03  2.431108E+00
  2.410500E+03  2.500064E+00
  2.411000E+03  2.546080E+00
  2.411500E+03  2.569182E+00
  2.412000E+03  2.569563E+00
  2.412500E+03  2.547571E+00
  2.413000E+03  2.503698E+00
  2.413500E+03  2.438568E+00
  2.414000E+03  2.352932E+00
  2.414500E+03  2.247651E+00
  2.415000E+03  2.123690E+00
  2.415500E+03  1.982114E+00
  2.416000E+03  1.824070E+00
  2.416500E+03  1.650790E+00
  2.417000E+03  1.463579E+00
  2.417500E+03  1.263813E+00
  2.418000E+03  1.052932E+00
  2.418500E+03  8.324390E-01
  2.419000E+03  6.038936E-01
  2.419500E+03  3.689113E-01
  2.420000E+03  1.291600E-01
  2.420500E+03 -1.136435E-01
  2.421000E+03 -3.577363E-01
  2.421500E+03 -6.013135E-01
  2.422000E+03 -8.425328E-01
  2.422500E+03 -1.079520E+00
  2.423000E+03 -1.310377E+00
  2.423500E+03 -1.533187E+00
  2.424000E+03 -1.746028E+00
  2.424500E+03 -1.946982E+00
  2.425000E+03 -2.134148E+00
  2.425500E+03 -2.305656E+00
  2.426000E+03 -2.459688E+00
  2.426500E+03 -2.594487E+00
  2.427000E+03 -2.708386E+00
  2.427500E+03 -2.799823E+00
  2.428000E+03 -2.867364E+00
  2.428500E+03 -2.909724E+00
  2.429000E+03 -2.925794E+00
  2.429500E+03 -2.914659E+00
  2.430000E+03 -2.875623E+00
  2.430500E+03 -2.808230E+00
  2.431000E+03 -2.712286E+00
  2.431500E+03 -2.587875E+00
  2.432000E+03 -2.435375E+00
  2.432500E+03 -2.255477E+00
  2.433000E+03 -2.049188E+00
  2.433500E+03 -1.817845E+00
  2.434000E+03 -1.563112E+00
  2.434500E+03 -1.286985E+00
  2.435000E+03 -9.917800E-01
  2.435500E+03 -6.801275E-01
  2.436000E+03 -3.549537E-01
  2.436500E+03 -1.946145E-02
  2.437000E+03  3.228957E-01
  2.437500E+03  6.684441E-01
  2.438000E+03  1.013325E+00
  2.438500E+03  1.353536E+00
  2.439000E+03  1.684970E+00
  2.439500E+03  2.003470E+00
  2.440000E+03  2.304874E+00
  2.440500E+03  2.585070E+00
  2.441000E+03  2.840053E+00
  2.441500E+03  3.065977E+00
  2.442000E+03  3.259216E+00
  2.442500E+03  3.416416E+00
  2.443000E+03  3.534553E+00
  2.443500E+03  3.610983E+00
  2.444000E+03  3.643493E+00
  2.444500E+03  3.630344E+00
  2.445000E+03  3.570313E+00
  2.445500E+03  3.462727E+00
  2.446000E+03  3.307494E+00
  2.446500E+03  3.105120E+00
  2.447000E+03  2.856724E+00
  2.447500E+03  2.564048E+00
  2.448000E+03  2.229448E+00
  2.448500E+03  1.855888E+00
  2.449000E+03  1.446914E+00
  2.449500E+03  1.006630E+00
  2.450000E+03  5.396601E-01
  2.450500E+03  5.109716E-02
  2.451000E+03 -4.535465E-01
  2.451500E+03 -9.684028E-01
  2.452000E+03 -1.487316E+00
  2.452500E+03 -2.003918E+00
  2.453000E+03 -2.511705E+00
  2.453500E+03 -3.004128E+00
  2.454000E+03 -3.474671E+00
  2.454500E+03 -3.916946E+00
  2.455000E+03 -4.324777E+00
  2.455500E+03 -4.692295E+00
  2.456000E+03 -5.014018E+00
  2.456500E+03 -5.284937E+00
  2.457000E+03 -5.500595E+00
  2.457500E+03 -5.657158E+00
  2.458000E+03 -5.751484E+00
  2.458500E+03 -5.781178E+00
  2.459000E+03 -5.744640E+00
  2.459500E+03 -5.641107E+00
  2.460000E+03 -5.470677E+00
  2.460500E+03 -5.234331E+00
  2.461000E+03 -4.933931E+00
  2.461500E+03 -4.572217E+00
  2.462000E+03 -4.152786E+00
  2.462500E+03 -3.680060E+00
  2.463000E+03 -3.159241E+00
  2.463500E+03 -2.596258E+00
  2.464000E+03 -1.997698E+00
  2.464500E+03 -1.370727E+00
  2.465000E+03 -7.230102E-01
  2.465500E+03 -6.260943E-02
  2.466000E+03  6.021130E-01
  2.466500E+03  1.262604E+00
  2.467000E+03  1.910233E+00
  2.467500E+03  2.536402E+00
  2.468000E+03  3.132669E+00
  2.468500E+03  3.690855E+00
  2.469000E+03  4.203166E+00
  2.469500E+03  4.662296E+00
  2.470000E+03  5.061538E+00
  2.470500E+03  5.394877E+00
  2.471000E+03  5.657081E+00
  2.471500E+03  5.843784E+00
  2.472000E+03  5.951553E+00
  2.472500E+03  5.977945E+00
  2.473000E+03  5.921552E+00
  2.473500E+03  5.782035E+00
  2.474000E+03  5.560135E+00
  2.474500E+03  5.257680E+00
  2.475000E+03  4.877570E+00
  2.475500E+03  4.423753E+00
  2.476000E+03  3.901176E+00
  2.476500E+03  3.315737E+00
  2.477000E+03  2.674212E+00
  2.477500E+03  1.984174E+00
  2.478000E+03  1.253899E+00
  2.478500E+03  4.922631E-01
  2.479000E+03 -2.913694E-01
  2.479500E+03 -1.087266E+00
  2.480000E+03 -1.885453E+00
  2.480500E+03 -2.675844E+00
  2.481000E+03 -3.448371E+00
  2.481500E+03 -4.193119E+00
  2.482000E+03 -4.900457E+00
  2.482500E+03 -5.561167E+00
  2.483000E+03 -6.166564E+00
  2.483500E+03 -6.708618E+00
  2.484000E+03 -7.180057E+00
  2.484500E+03 -7.574472E+00
  2.485000E+03 -7.886400E+00
  2.485500E+03 -8.111401E+00
  2.486000E+03 -8.246121E+00
  2.486500E+03 -8.288338E+00
  2.487000E+03 -8.236996E+00
  2.487500E+03 -8.092224E+00
  2.488000E+03 -7.855334E+00
  2.488500E+03 -7.528809E+00
  2.489000E+03 -7.116274E+00
  2.489500E+03 -6.622450E+00
  2.490000E+03 -6.053095E+00
  2.490500E+03 -5.414932E+00
  2.491000E+03 -4.715562E+00
  2.491500E+03 -3.963368E+00
  2.492000E+03 -3.167405E+00
  2.492500E+03 -2.337288E+00
  2.493000E+03 -1.483063E+00
  2.493500E+03 -6.150822E-01
  2.494000E+03  2.561305E-01
  2.494500E+03  1.120014E+00
  2.495000E+03  1.966106E+00
  2.495500E+03  2.784175E+00
  2.496000E+03  3.564349E+00
  2.496500E+03  4.297245E+00
  2.497000E+03  4.974084E+00
  2.497500E+03  5.586797E+00
  2.498000E+03  6.128134E+00
  2.498500E+03  6.591746E+00
  2.499000E+03  6.972262E+00
  2.499500E+03  7.265360E+00
  2.500000E+03  7.467807E+00
  2.500500E+03  7.577502E+00
  2.501000E+03  7.593497E+00
  2.501500E+03  7.515997E+00
  2.502000E+03  7.346358E+00
  2.502500E+03  7.087061E+00
  2.503000E+03  6.741672E+00
  2.503500E+03  6.314796E+00
  2.504000E+03  5.812007E+00
  2.504500E+03  5.239777E+00
  2.505000E+03  4.605389E+00
  2.505500E+03  3.916835E+00
  2.506000E+03  3.182721E+00
  2.506500E+03  2.412148E+00
  2.507000E+03  1.614599E+00
  2.507500E+03  7.998203E-01
  2.508000E+03 -2.230276E-02
  2.508500E+03 -8.418680E-01
  2.509000E+03 -1.649077E+00
  2.509500E+03 -2.434355E+00
  2.510000E+03 -3.188465E+00
  2.510500E+03 -3.902618E+00
  2.511000E+03 -4.568572E+00
  2.511500E+03 -5.178733E+00
  2.512000E+03 -5.726234E+00
  2.512500E+03 -6.205014E+00
  2.513000E+03 -6.609881E+00
  2.513500E+03 -6.936566E+00
  2.514000E+03 -7.181763E+00
  2.514500E+03 -7.343159E+00
  2.515000E+03 -7.419447E+00
  2.515500E+03 -7.410336E+00
  2.516000E+03 -7.316536E+00
  2.516500E+03 -7.139742E+00
  2.517000E+03 -6.882598E+00
  2.517500E+03 -6.548660E+00
  2.518000E+03 -6.142335E+00
  2.518500E+03 -5.668825E+00
  2.519000E+03 -5.134053E+00
  2.519500E+03 -4.544584E+00
  2.520000E+03 -3.907543E+00
  2.520500E+03 -3.230520E+00
  2.521000E+03 -2.521481E+00
  2.521500E+03 -1.788668E+00
  2.522000E+03 -1.040500E+00
  2.522500E+03 -2.854776E-01
  2.523000E+03  4.679206E-01
  2.523500E+03  1.211331E+00
  2.524000E+03  1.936597E+00
  2.524500E+03  2.635865E+00
  2.525000E+03  3.301660E+00
  2.525500E+03  3.926972E+00
  2.526000E+03  4.505323E+00
  2.526500E+03  5.030835E+00
  2.527000E+03  5.498283E+00
  2.527500E+03  5.903148E+00
  2.528000E+03  6.241653E+00
  2.528500E+03  6.510797E+00
  2.529000E+03  6.708373E+00
  2.529500E+03  6.832984E+00
  2.530000E+03  6.884042E+00
  2.530500E+03  6.861767E+00
  2.531000E+03  6.767170E+00
  2.531500E+03  6.602031E+00
  2.532000E+03  6.368867E+00
  2.532500E+03  6.070896E+00
  2.533000E+03  5.711990E+00
  2.533500E+03  5.296625E+00
  2.534000E+03  4.829826E+00
  2.534500E+03  4.317100E+00
  2.535000E+03  3.764377E+00
  2.535500E+03  3.177936E+00
  2.536000E+03  2.564336E+00
  2.536500E+03  1.930340E+00
  2.537000E+03  1.282846E+00
  2.537500E+03  6.288073E-01
  2.538000E+03 -2.483939E-02
  2.538500E+03 -6.712457E-01
  2.539000E+03 -1.303723E+00
  2.539500E+03 -1.915809E+00
  2.540000E+03 -2.501333E+00
  2.540500E+03 -3.054479E+00
  2.541000E+03 -3.569834E+00
  2.541500E+03 -4.042448E+00
  2.542000E+03 -4.467874E+00
  2.542500E+03 -4.842210E+00
  2.543000E+03 -5.162132E+00
  2.543500E+03 -5.424923E+00
  2.544000E+03 -5.628490E+00
  2.544500E+03 -5.771386E+00
  2.545000E+03 -5.852809E+00
  2.545500E+03 -5.872611E+00
  2.546000E+03 -5.831287E+00
  2.546500E+03 -5.729964E+00
  2.547000E+03 -5.570386E+00
  2.547500E+03 -5.354886E+00
  2.548000E+03 -5.086357E+00
  2.548500E+03 -4.768218E+00
  2.549000E+03 -4.404370E+00
  2.549500E+03 -3.999156E+00
  2.550000E+03 -3.557305E+00
  2.550500E+03 -3.083885E+00
  2.551000E+03 -2.584246E+00
  2.551500E+03 -2.063958E+00
  2.552000E+03 -1.528752E+00
  2.552500E+03 -9.844641E-01
  2.553000E+03 -4.369638E-01
  2.553500E+03  1.079012E-01
  2.554000E+03  6.443693E-01
  2.554500E+03  1.166825E+00
  2.555000E+03  1.669857E+00
  2.555500E+03  2.148314E+00
  2.556000E+03  2.597359E+00
  2.556500E+03  3.012516E+00
  2.557000E+03  3.389717E+00
  2.557500E+03  3.725342E+00
  2.558000E+03  4.016252E+00
  2.558500E+03  4.259824E+00
  2.559000E+03  4.453969E+00
  2.559500E+03  4.597153E+00
  2.560000E+03  4.688409E+00
  2.560500E+03  4.727341E+00
  2.561000E+03  4.714126E+00
  2.561500E+03  4.649500E+00
  2.562000E+03  4.534750E+00
  2.562500E+03  4.371694E+00
  2.563000E+03  4.162651E+00
  2.563500E+03  3.910411E+00
  2.564000E+03  3.618201E+00
  2.564500E+03  3.289637E+00
  2.565000E+03  2.928686E+00
  2.565500E+03  2.539610E+00
  2.566000E+03  2.126915E+00
  2.566500E+03  1.695296E+00
  2.567000E+03  1.249580E+00
  2.567500E+03  7.946650E-01
  2.568000E+03  3.354653E-01
  2.568500E+03 -1.231503E-01
  2.569000E+03 -5.764142E-01
  2.569500E+03 -1.019716E+00
  2.570000E+03 -1.448657E+00
  2.570500E+03 -1.859095E+00
  2.571000E+03 -2.247199E+00
  2.571500E+03 -2.609482E+00
  2.572000E+03 -2.942844E+00
  2.572500E+03 -3.244599E+00
  2.573000E+03 -3.512504E+00
  2.573500E+03 -3.744777E+00
  2.574000E+03 -3.940110E+00
  2.574500E+03 -4.097677E+00
  2.575000E+03 -4.217130E+00
  2.575500E+03 -4.298601E+00
  2.576000E+03 -4.342679E+00
  2.576500E+03 -4.350400E+00
  2.577000E+03 -4.323217E+00
  2.577500E+03 -4.262974E+00
  2.578000E+03 -4.171866E+00
  2.578500E+03 -4.052404E+00
  2.579000E+03 -3.907370E+00
  2.579500E+03 -3.739771E+00
  2.580000E+03 -3.552787E+00
  2.580500E+03 -3.349726E+00
  2.581000E+03 -3.133968E+00
  2.581500E+03 -2.908914E+00
  2.582000E+03 -2.677936E+00
  2.582500E+03 -2.444324E+00
  2.583000E+03 -2.211242E+00
  2.583500E+03 -1.981681E+00
  2.584000E+03 -1.758418E+00
  2.584500E+03 -1.543976E+00
  2.585000E+03 -1.340597E+00
  2.585500E+03 -1.150206E+00
  2.586000E+03 -9.743974E-01
  2.586500E+03 -8.144117E-01
  2.587000E+03 -6.711292E-01
  2.587500E+03 -5.450641E-01
  2.588000E+03 -4.363670E-01
  2.588500E+03 -3.448326E-01
  2.589000E+03 -2.699136E-01
  2.589500E+03 -2.107406E-01
  2.590000E+03 -1.661469E-01
  2.590500E+03 -1.346980E-01
  2.591000E+03 -1.147258E-01
  2.591500E+03 -1.043662E-01
  2.592000E+03 -1.016003E-01
  2.592500E+03 -1.042971E-01
  2.593000E+03 -1.102588E-01
  2.593500E+03 -1.172662E-01
  2.594000E+03 -1.231243E-01
  2.594500E+03 -1.257079E-01
  2.595000E+03 -1.230047E-01
  2.595500E+03 -1.131569E-01
  2.596000E+03 -9.449923E-02
  2.596500E+03 -6.559442E-02
  2.597000E+03 -2.526322E-02
  2.597500E+03  2.738945E-02
  2.598000E+03  9.295389E-02
  2.598500E+03  1.717005E-01
  2.599000E+03  2.635704E-01
  2.599500E+03  3.681722E-01
  2.600000E+03  4.847850E-01
  2.600500E+03  6.123670E-01
  2.601000E+03  7.495703E-01
  2.601500E+03  8.947616E-01
  2.602000E+03  1.046048E+00
  2.602500E+03  1.201308E+00
  2.603000E+03  1.358227E+00
  2.603500E+03  1.514336E+00
  2.604000E+03  1.667054E+00
  2.604500E+03  1.813734E+00
  2.605000E+03  1.951708E+00
  2.605500E+03  2.078337E+00
  2.606000E+03  2.191058E+00
  2.606500E+03  2.287430E+00
  2.607000E+03  2.365183E+00
  2.607500E+03  2.422257E+00
  2.608000E+03  2.456848E+00
  2.608500E+03  2.467442E+00
  2.609000E+03  2.452846E+00
  2.609500E+03  2.412222E+00
  2.610000E+03  2.345101E+00
  2.610500E+03  2.251407E+00
  2.611000E+03  2.131462E+00
  2.611500E+03  1.985992E+00
  2.612000E+03  1.816126E+00
  2.612500E+03  1.623383E+00
  2.613000E+03  1.409659E+00
  2.613500E+03  1.177202E+00
  2.614000E+03  9.285890E-01
  2.614500E+03  6.666886E-01
  2.615000E+03  3.946226E-01
  2.615500E+03  1.157240E-01
  2.616000E+03 -1.665106E-01
  2.616500E+03 -4.484715E-01
  2.617000E+03 -7.264879E-01
  2.617500E+03 -9.968827E-01
  2.618000E+03 -1.256027E+00
  2.618500E+03 -1.500395E+00
  2.619000E+03 -1.726618E+00
  2.619500E+03 -1.931535E+00
  2.620000E+03 -2.112246E+00
  2.620500E+03 -2.266151E+00
  2.621000E+03 -2.390999E+00
  2.621500E+03 -2.484920E+00
  2.622000E+03 -2.546458E+00
  2.622500E+03 -2.574595E+00
  2.623000E+03 -2.568773E+00
  2.623500E+03 -2.528904E+00
  2.624000E+03 -2.455376E+00
  2.624500E+03 -2.349049E+00
  2.625000E+03 -2.211251E+00
  2.625500E+03 -2.043758E+00
  2.626000E+03 -1.848775E+00
  2.626500E+03 -1.628904E+00
  2.627000E+03 -1.387110E+00
  2.627500E+03 -1.126683E+00
  2.628000E+03 -8.511907E-01
  2.628500E+03 -5.644278E-01
  2.629000E+03 -2.703662E-01
  2.629500E+03  2.690266E-02
  2.630000E+03  3.232249E-01
  2.630500E+03  6.144426E-01
  2.631000E+03  8.964528E-01
  2.631500E+03  1.165265E+00
  2.632000E+03  1.417058E+00
  2.632500E+03  1.648233E+00
  2.633000E+03  1.855466E+00
  2.633500E+03  2.035753E+00
  2.634000E+03  2.186452E+00
  2.634500E+03  2.305323E+00
  2.635000E+03  2.390553E+00
  2.635500E+03  2.440787E+00
  2.636000E+03  2.455144E+00
  2.636500E+03  2.433226E+00
  2.637000E+03  2.375127E+00
  2.637500E+03  2.281427E+00
  2.638000E+03  2.153186E+00
  2.638500E+03  1.991922E+00
  2.639000E+03  1.799595E+00
  2.639500E+03  1.578576E+00
  2.640000E+03  1.331609E+00
  2.640500E+03  1.061776E+00
  2.641000E+03  7.724536E-01
  2.641500E+03  4.672599E-01
  2.642000E+03  1.500082E-01
  2.642500E+03 -1.753477E-01
  2.643000E+03 -5.047685E-01
  2.643500E+03 -8.341848E-01
  2.644000E+03 -1.159552E+00
  2.644500E+03 -1.476907E+00
  2.645000E+03 -1.782418E+00
  2.645500E+03 -2.072437E+00
  2.646000E+03 -2.343547E+00
  2.646500E+03 -2.592606E+00
  2.647000E+03 -2.816785E+00
  2.647500E+03 -3.013604E+00
  2.648000E+03 -3.180960E+00
  2.648500E+03 -3.317150E+00
  2.649000E+03 -3.420893E+00
  2.649500E+03 -3.491333E+00
  2.650000E+03 -3.528055E+00
  2.650500E+03 -3.531075E+00
  2.651000E+03 -3.500838E+00
  2.651500E+03 -3.438205E+00
  2.652000E+03 -3.344433E+00
  2.652500E+03 -3.221156E+00
  2.653000E+03 -3.070350E+00
  2.653500E+03 -2.894307E+00
  2.654000E+03 -2.695596E+00
  2.654500E+03 -2.477024E+00
  2.655000E+03 -2.241593E+00
  2.655500E+03 -1.992461E+00
  2.656000E+03 -1.732891E+00
  2.656500E+03 -1.466212E+00
  2.657000E+03 -1.195768E+00
  2.657500E+03 -9.248792E-01
  2.658000E+03 -6.567945E-01
  2.658500E+03 -3.946541E-01
  2.659000E+03 -1.414496E-01
  2.659500E+03  1.000106E-01
  2.660000E+03  3.271331E-01
  2.660500E+03  5.375676E-01
  2.661000E+03  7.292300E-01
  2.661500E+03  9.003222E-01
  2.662000E+03  1.049346E+00
  2.662500E+03  1.175116E+00
  2.663000E+03  1.276760E+00
  2.663500E+03  1.353725E+00
  2.664000E+03  1.405771E+00
  2.664500E+03  1.432964E+00
  2.665000E+03  1.435666E+00
  2.665500E+03  1.414516E+00
  2.666000E+03  1.370417E+00
  2.666500E+03  1.304507E+00
  2.667000E+03  1.218145E+00
  2.667500E+03  1.112875E+00
  2.668000E+03  9.904094E-01
  2.668500E+03  8.525906E-01
  2.669000E+03  7.013698E-01
  2.669500E+03  5.387748E-01
  2.670000E+03  3.668829E-01
  2.670500E+03  1.877929E-01
  2.671000E+03  3.599530E-03
  2.671500E+03 -1.836316E-01
  2.672000E+03 -3.718862E-01
  2.672500E+03 -5.592220E-01
  2.673000E+03 -7.437866E-01
  2.673500E+03 -9.238327E-01
  2.674000E+03 -1.097731E+00
  2.674500E+03 -1.263980E+00
  2.675000E+03 -1.421214E+00
  2.675500E+03 -1.568206E+00
  2.676000E+03 -1.703870E+00
  2.676500E+03 -1.827263E+00
  2.677000E+03 -1.937579E+00
  2.677500E+03 -2.034145E+00
  2.678000E+03 -2.116417E+00
  2.678500E+03 -2.183969E+00
  2.679000E+03 -2.236486E+00
  2.679500E+03 -2.273753E+00
  2.680000E+03 -2.295646E+00
  2.680500E+03 -2.302121E+00
  2.681000E+03 -2.293204E+00
  2.681500E+03 -2.268979E+00
  2.682000E+03 -2.229586E+00
  2.682500E+03 -2.175203E+00
  2.683000E+03 -2.106047E+00
  2.683500E+03 -2.022369E+00
  2.684000E+03 -1.924443E+00
  2.684500E+03 -1.812572E+00
  2.685000E+03 -1.687084E+00
  2.685500E+03 -1.548332E+00
  2.686000E+03 -1.396701E+00
  2.686500E+03 -1.232609E+00
  2.687000E+03 -1.056514E+00
  2.687500E+03 -8.689228E-01
  2.688000E+03 -6.703959E-01
  2.688500E+03 -4.615593E-01
  2.689000E+03 -2.431125E-01
  2.689500E+03 -1.583823E-02
  2.690000E+03  2.193886E-01
  2.690500E+03  4.615918E-01
  2.691000E+03  7.096863E-01
  2.691500E+03  9.624714E-01
  2.692000E+03  1.218626E+00
  2.692500E+03  1.476705E+00
  2.693000E+03  1.735139E+00
  2.693500E+03  1.992234E+00
  2.694000E+03  2.246178E+00
  2.694500E+03  2.495045E+00
  2.695000E+03  2.736805E+00
  2.695500E+03  2.969339E+00
  2.696000E+03  3.190451E+00
  2.696500E+03  3.397889E+00
  2.697000E+03  3.589366E+00
  2.697500E+03  3.762580E+00
  2.698000E+03  3.915246E+00
  2.698500E+03  4.045118E+00
  2.699000E+03  4.150026E+00
  2.699500E+03  4.227899E+00
  2.700000E+03  4.276804E+00
  2.700500E+03  4.294977E+00
  2.701000E+03  4.280851E+00
  2.701500E+03  4.233095E+00
  2.702000E+03  4.150639E+00
  2.702500E+03  4.032707E+00
  2.703000E+03  3.878840E+00
  2.703500E+03  3.688925E+00
  2.704000E+03  3.463210E+00
  2.704500E+03  3.202324E+00
  2.705000E+03  2.907291E+00
  2.705500E+03  2.579536E+00
  2.706000E+03  2.220886E+00
  2.706500E+03  1.833573E+00
  2.707000E+03  1.420222E+00
  2.707500E+03  9.838390E-01
  2.708000E+03  5.277940E-01
  2.708500E+03  5.579345E-02
  2.709000E+03 -4.281481E-01
  2.709500E+03 -9.197432E-01
  2.710000E+03 -1.414472E+00
  2.710500E+03 -1.907628E+00
  2.711000E+03 -2.394364E+00
  2.711500E+03 -2.869749E+00
  2.712000E+03 -3.328821E+00
  2.712500E+03 -3.766645E+00
  2.713000E+03 -4.178373E+00
  2.713500E+03 -4.559307E+00
  2.714000E+03 -4.904955E+00
  2.714500E+03 -5.211093E+00
  2.715000E+03 -5.473825E+00
  2.715500E+03 -5.689636E+00
  2.716000E+03 -5.855446E+00
  2.716500E+03 -5.968658E+00
  2.717000E+03 -6.027201E+00
  2.717500E+03 -6.029572E+00
  2.718000E+03 -5.974861E+00
  2.718500E+03 -5.862785E+00
  2.719000E+03 -5.693699E+00
  2.719500E+03 -5.468608E+00
  2.720000E+03 -5.189172E+00
  2.720500E+03 -4.857699E+00
  2.721000E+03 -4.477129E+00
  2.721500E+03 -4.051014E+00
  2.722000E+03 -3.583487E+00
  2.722500E+03 -3.079221E+00
  2.723000E+03 -2.543389E+00
  2.723500E+03 -1.981604E+00
  2.724000E+03 -1.399863E+00
  2.724500E+03 -8.044816E-01
  2.725000E+03 -2.020219E-01
  2.725500E+03  4.007815E-01
  2.726000E+03  9.971001E-01
  2.726500E+03  1.580092E+00
  2.727000E+03  2.142986E+00
  2.727500E+03  2.679160E+00
  2.728000E+03  3.182226E+00
  2.728500E+03  3.646111E+00
  2.729000E+03  4.065129E+00
  2.729500E+03  4.434060E+00
  2.730000E+03  4.748216E+00
  2.730500E+03  5.003501E+00
  2.731000E+03  5.196471E+00
  2.731500E+03  5.324379E+00
  2.732000E+03  5.385217E+00
  2.732500E+03  5.377744E+00
  2.733000E+03  5.301512E+00
  2.733500E+03  5.156875E+00
  2.734000E+03  4.944994E+00
  2.734500E+03  4.667824E+00
  2.735000E+03  4.328103E+00
  2.735500E+03  3.929319E+00
  2.736000E+03  3.475676E+00
  2.736500E+03  2.972043E+00
  2.737000E+03  2.423906E+00
  2.737500E+03  1.837300E+00
  2.738000E+03  1.218739E+00
  2.738500E+03  5.751414E-01
  2.739000E+03 -8.625223E-02
  2.739500E+03 -7.579654E-01
  2.740000E+03 -1.432375E+00
  2.740500E+03 -2.101802E+00
  2.741000E+03 -2.758606E+00
  2.741500E+03 -3.395272E+00
  2.742000E+03 -4.004507E+00
  2.742500E+03 -4.579323E+00
  2.743000E+03 -5.113124E+00
  2.743500E+03 -5.599783E+00
  2.744000E+03 -6.033717E+00
  2.744500E+03 -6.409952E+00
  2.745000E+03 -6.724182E+00
  2.745500E+03 -6.972820E+00
  2.746000E+03 -7.153038E+00
  2.746500E+03 -7.262801E+00
  2.747000E+03 -7.300886E+00
  2.747500E+03 -7.266895E+00
  2.748000E+03 -7.161258E+00
  2.748500E+03 -6.985220E+00
  2.749000E+03 -6.740826E+00
  2.749500E+03 -6.430888E+00
  2.750000E+03 -6.058952E+00
  2.750500E+03 -5.629245E+00
  2.751000E+03 -5.146626E+00
  2.751500E+03 -4.616518E+00
  2.752000E+03 -4.044842E+00
  2.752500E+03 -3.437941E+00
  2.753000E+03 -2.802504E+00
  2.753500E+03 -2.145476E+00
  2.754000E+03 -1.473982E+00
  2.754500E+03 -7.952328E-01
  2.755000E+03 -1.164446E-01
  2.755500E+03  5.552504E-01
  2.756000E+03  1.212886E+00
  2.756500E+03  1.849742E+00
  2.757000E+03  2.459422E+00
  2.757500E+03  3.035920E+00
  2.758000E+03  3.573692E+00
  2.758500E+03  4.067709E+00
  2.759000E+03  4.513512E+00
  2.759500E+03  4.907251E+00
  2.760000E+03  5.245724E+00
  2.760500E+03  5.526400E+00
  2.761000E+03  5.747440E+00
  2.761500E+03  5.907703E+00
  2.762000E+03  6.006744E+00
  2.762500E+03  6.044810E+00
  2.763000E+03  6.022820E+00
  2.763500E+03  5.942336E+00
  2.764000E+03  5.805539E+00
  2.764500E+03  5.615181E+00
  2.765000E+03  5.374543E+00
  2.765500E+03  5.087383E+00
  2.766000E+03  4.757883E+00
  2.766500E+03  4.390581E+00
  2.767000E+03  3.990319E+00
  2.767500E+03  3.562172E+00
  2.768000E+03  3.111380E+00
  2.768500E+03  2.643290E+00
  2.769000E+03  2.163284E+00
  2.769500E+03  1.676717E+00
  2.770000E+03  1.188857E+00
  2.770500E+03  7.048262E-01
  2.771000E+03  2.295438E-01
  2.771500E+03 -2.323207E-01
  2.772000E+03 -6.763946E-01
  2.772500E+03 -1.098642E+00
  2.773000E+03 -1.495398E+00
  2.773500E+03 -1.863396E+00
  2.774000E+03 -2.199794E+00
  2.774500E+03 -2.502184E+00
  2.775000E+03 -2.768608E+00
  2.775500E+03 -2.997561E+00
  2.776000E+03 -3.187986E+00
  2.776500E+03 -3.339270E+00
  2.777000E+03 -3.451229E+00
  2.777500E+03 -3.524095E+00
  2.778000E+03 -3.558488E+00
  2.778500E+03 -3.555394E+00
  2.779000E+03 -3.516140E+00
  2.779500E+03 -3.442353E+00
  2.780000E+03 -3.335938E+00
  2.780500E+03 -3.199032E+00
  2.781000E+03 -3.033977E+00
  2.781500E+03 -2.843278E+00
  2.782000E+03 -2.629570E+00
  2.782500E+03 -2.395581E+00
  2.783000E+03 -2.144098E+00
  2.783500E+03 -1.877934E+00
  2.784000E+03 -1.599901E+00
  2.784500E+03 -1.312776E+00
  2.785000E+03 -1.019278E+00
  2.785500E+03 -7.220461E-01
  2.786000E+03 -4.236195E-01
  2.786500E+03 -1.264183E-01
  2.787000E+03  1.672690E-01
  2.787500E+03  4.552962E-01
  2.788000E+03  7.356681E-01
  2.788500E+03  1.006546E+00
  2.789000E+03  1.266249E+00
  2.789500E+03  1.513258E+00
  2.790000E+03  1.746208E+00
  2.790500E+03  1.963891E+00
  2.791000E+03  2.165248E+00
  2.791500E+03  2.349363E+00
  2.792000E+03  2.515454E+00
  2.792500E+03  2.662872E+00
  2.793000E+03  2.791086E+00
  2.793500E+03  2.899677E+00
  2.794000E+03  2.988334E+00
  2.794500E+03  3.056843E+00
  2.795000E+03  3.105082E+00
  2.795500E+03  3.133016E+00
  2.796000E+03  3.140691E+00
  2.796500E+03  3.128233E+00
  2.797000E+03  3.095843E+00
  2.797500E+03  3.043797E+00
  2.798000E+03  2.972446E+00
  2.798500E+03  2.882216E+00
  2.799000E+03  2.773611E+00
  2.799500E+03  2.647213E+00
  2.800000E+03  2.503686E+00
  2.800500E+03  2.343779E+00
  2.801000E+03  2.168331E+00
  2.801500E+03  1.978271E+00
  2.802000E+03  1.774623E+00
  2.802500E+03  1.558505E+00
  2.803000E+03  1.331135E+00
  2.803500E+03  1.093829E+00
  2.804000E+03  8.479968E-01
  2.804500E+03  5.951446E-01
  2.805000E+03  3.368678E-01
  2.805500E+03  7.484632E-02
  2.806000E+03 -1.891636E-01
  2.806500E+03 -4.533382E-01
  2.807000E+03 -7.157980E-01
  2.807500E+03 -9.746205E-01
  2.808000E+03 -1.227855E+00
  2.808500E+03 -1.473539E+00
  2.809000E+03 -1.709715E+00
  2.809500E+03 -1.934453E+00
  2.810000E+03 -2.145864E+00
  2.810500E+03 -2.342127E+00
  2.811000E+03 -2.521507E+00
  2.811500E+03 -2.682377E+00
  2.812000E+03 -2.823236E+00
  2.812500E+03 -2.942735E+00
  2.813000E+03 -3.039692E+00
  2.813500E+03 -3.113111E+00
  2.814000E+03 -3.162199E+00
  2.814500E+03 -3.186380E+00
  2.815000E+03 -3.185309E+00
  2.815500E+03 -3.158881E+00
  2.816000E+03 -3.107236E+00
  2.816500E+03 -3.030766E+00
  2.817000E+03 -2.930117E+00
  2.817500E+03 -2.806184E+00
  2.818000E+03 -2.660107E+00
  2.818500E+03 -2.493264E+00
  2.819000E+03 -2.307258E+00
  2.819500E+03 -2.103902E+00
  2.820000E+03 -1.885203E+00
  2.820500E+03 -1.653340E+00
  2.821000E+03 -1.410643E+00
  2.821500E+03 -1.159563E+00
  2.822000E+03 -9.026527E-01
  2.822500E+03 -6.425316E-01
  2.823000E+03 -3.818587E-01
  2.823500E+03 -1.233015E-01
  2.824000E+03  1.304945E-01
  2.824500E+03  3.769373E-01
  2.825000E+03  6.135180E-01
  2.825500E+03  8.378407E-01
  2.826000E+03  1.047650E+00
  2.826500E+03  1.240859E+00
  2.827000E+03  1.415570E+00
  2.827500E+03  1.570099E+00
  2.828000E+03  1.702997E+00
  2.828500E+03  1.813060E+00
  2.829000E+03  1.899346E+00
  2.829500E+03  1.961183E+00
  2.830000E+03  1.998177E+00
  2.830500E+03  2.010213E+00
  2.831000E+03  1.997451E+00
  2.831500E+03  1.960327E+00
  2.832000E+03  1.899540E+00
  2.832500E+03  1.816045E+00
  2.833000E+03  1.711035E+00
  2.833500E+03  1.585923E+00
  2.834000E+03  1.442327E+00
  2.834500E+03  1.282045E+00
  2.835000E+03  1.107027E+00
  2.835500E+03  9.193593E-01
  2.836000E+03  7.212266E-01
  2.836500E+03  5.148922E-01
  2.837000E+03  3.026669E-01
  2.837500E+03  8.688140E-02
  2.838000E+03 -1.301408E-01
  2.838500E+03 -3.461107E-01
  2.839000E+03 -5.587990E-01
  2.839500E+03 -7.660608E-01
  2.840000E+03 -9.658578E-01
  2.840500E+03 -1.156279E+00
  2.841000E+03 -1.335559E+00
  2.841500E+03 -1.502094E+00
  2.842000E+03 -1.654455E+00
  2.842500E+03 -1.791396E+00
  2.843000E+03 -1.911868E+00
  2.843500E+03 -2.015019E+00
  2.844000E+03 -2.100197E+00
  2.844500E+03 -2.166952E+00
  2.845000E+03 -2.215033E+00
  2.845500E+03 -2.244379E+00
  2.846000E+03 -2.255120E+00
  2.846500E+03 -2.247558E+00
  2.847000E+03 -2.222165E+00
  2.847500E+03 -2.179562E+00
  2.848000E+03 -2.120514E+00
  2.848500E+03 -2.045907E+00
  2.849000E+03 -1.956739E+00
  2.849500E+03 -1.854098E+00
  2.850000E+03 -1.739153E+00
  2.850500E+03 -1.613130E+00
  2.851000E+03 -1.477303E+00
  2.851500E+03 -1.332974E+00
  2.852000E+03 -1.181462E+00
  2.852500E+03 -1.024084E+00
  2.853000E+03 -8.621503E-01
  2.853500E+03 -6.969450E-01
  2.854000E+03 -5.297207E-01
  2.854500E+03 -3.616879E-01
  2.855000E+03 -1.940078E-01
  2.855500E+03 -2.778565E-02
  2.856000E+03  1.359335E-01
  2.856500E+03  2.961691E-01
  2.857000E+03  4.520067E-01
  2.857500E+03  6.026000E-01
  2.858000E+03  7.471706E-01
  2.858500E+03  8.850073E-01
  2.859000E+03  1.015465E+00
  2.859500E+03  1.137962E+00
  2.860000E+03  1.251980E+00
  2.860500E+03  1.357055E+00
  2.861000E+03  1.452782E+00
  2.861500E+03  1.538808E+00
  2.862000E+03  1.614828E+00
  2.862500E+03  1.680584E+00
  2.863000E+03  1.735860E+00
  2.863500E+03  1.780484E+00
  2.864000E+03  1.814323E+00
  2.864500E+03  1.837280E+00
  2.865000E+03  1.849298E+00
  2.865500E+03  1.850356E+00
  2.866000E+03  1.840469E+00
  2.866500E+03  1.819690E+00
  2.867000E+03  1.788112E+00
  2.867500E+03  1.745866E+00
  2.868000E+03  1.693124E+00
  2.868500E+03  1.630105E+00
  2.869000E+03  1.557068E+00
  2.869500E+03  1.474324E+00
  2.870000E+03  1.382230E+00
  2.870500E+03  1.281195E+00
  2.871000E+03  1.171680E+00
  2.871500E+03  1.054198E+00
  2.872000E+03  9.293194E-01
  2.872500E+03  7.976644E-01
  2.873000E+03  6.599084E-01
  2.873500E+03  5.167785E-01
  2.874000E+03  3.690519E-01
  2.874500E+03  2.175534E-01
  2.875000E+03  6.315144E-02
  2.875500E+03 -9.324514E-02
  2.876000E+03 -2.506926E-01
  2.876500E+03 -4.082174E-01
  2.877000E+03 -5.648223E-01
  2.877500E+03 -7.194933E-01
  2.878000E+03 -8.712060E-01
  2.878500E+03 -1.018934E+00
  2.879000E+03 -1.161655E+00
  2.879500E+03 -1.298362E+00
  2.880000E+03 -1.428067E+00
  2.880500E+03 -1.549811E+00
  2.881000E+03 -1.662673E+00
  2.881500E+03 -1.765776E+00
  2.882000E+03 -1.858294E+00
  2.882500E+03 -1.939461E+00
  2.883000E+03 -2.008573E+00
  2.883500E+03 -2.064999E+00
  2.884000E+03 -2.108183E+00
  2.884500E+03 -2.137650E+00
  2.885000E+03 -2.153007E+00
  2.885500E+03 -2.153950E+00
  2.886000E+03 -2.140264E+00
  2.886500E+03 -2.111824E+00
  2.887000E+03 -2.068600E+00
  2.887500E+03 -2.010652E+00
  2.888000E+03 -1.938133E+00
  2.888500E+03 -1.851290E+00
  2.889000E+03 -1.750456E+00
  2.889500E+03 -1.636056E+00
  2.890000E+03 -1.508602E+00
  2.890500E+03 -1.368687E+00
  2.891000E+03 -1.216989E+00
  2.891500E+03 -1.054261E+00
  2.892000E+03 -8.813356E-01
  2.892500E+03 -6.991140E-01
  2.893000E+03 -5.085682E-01
  2.893500E+03 -3.107354E-01
  2.894000E+03 -1.067147E-01
  2.894500E+03  1.023363E-01
  2.895000E+03  3.152055E-01
  2.895500E+03  5.306302E-01
  2.896000E+03  7.473007E-01
  2.896500E+03  9.638656E-01
  2.897000E+03  1.178936E+00
  2.897500E+03  1.391089E+00
  2.898000E+03  1.598878E+00
  2.898500E+03  1.800832E+00
  2.899000E+03  1.995467E+00
  2.899500E+03  2.181294E+00
  2.900000E+03  2.356823E+00
  2.900500E+03  2.520575E+00
  2.901000E+03  2.671089E+00
  2.901500E+03  2.806937E+00
  2.902000E+03  2.926729E+00
  2.902500E+03  3.029131E+00
  2.903000E+03  3.112875E+00
  2.903500E+03  3.176772E+00
  2.904000E+03  3.219727E+00
  2.904500E+03  3.240755E+00
  2.905000E+03  3.238992E+00
  2.905500E+03  3.213716E+00
  2.906000E+03  3.164356E+00
  2.906500E+03  3.090511E+00
  2.907000E+03  2.991962E+00
  2.907500E+03  2.868687E+00
  2.908000E+03  2.720871E+00
  2.908500E+03  2.548921E+00
  2.909000E+03  2.353471E+00
  2.909500E+03  2.135395E+00
  2.910000E+03  1.895806E+00
  2.910500E+03  1.636065E+00
  2.911000E+03  1.357778E+00
  2.911500E+03  1.062794E+00
  2.912000E+03  7.532017E-01
  2.912500E+03  4.313170E-01
  2.913000E+03  9.967389E-02
  2.913500E+03 -2.389920E-01
  2.914000E+03 -5.817624E-01
  2.914500E+03 -9.255586E-01
  2.915000E+03 -1.267167E+00
  2.915500E+03 -1.603267E+00
  2.916000E+03 -1.930465E+00
  2.916500E+03 -2.245325E+00
  2.917000E+03 -2.544409E+00
  2.917500E+03 -2.824313E+00
  2.918000E+03 -3.081708E+00
  2.918500E+03 -3.313383E+00
  2.919000E+03 -3.516281E+00
  2.919500E+03 -3.687549E+00
  2.920000E+03 -3.824574E+00
  2.920500E+03 -3.925024E+00
  2.921000E+03 -3.986885E+00
  2.921500E+03 -4.008501E+00
  2.922000E+03 -3.988603E+00
  2.922500E+03 -3.926341E+00
  2.923000E+03 -3.821305E+00
  2.923500E+03 -3.673552E+00
  2.924000E+03 -3.483617E+00
  2.924500E+03 -3.252524E+00
  2.925000E+03 -2.981790E+00
  2.925500E+03 -2.673424E+00
  2.926000E+03 -2.329915E+00
  2.926500E+03 -1.954223E+00
  2.927000E+03 -1.549751E+00
  2.927500E+03 -1.120322E+00
  2.928000E+03 -6.701413E-01
  2.928500E+03 -2.037583E-01
  2.929000E+03  2.739804E-01
  2.929500E+03  7.579818E-01
  2.930000E+03  1.242963E+00
  2.930500E+03  1.723510E+00
  2.931000E+03  2.194144E+00
  2.931500E+03  2.649382E+00
  2.932000E+03  3.083810E+00
  2.932500E+03  3.492149E+00
  2.933000E+03  3.869323E+00
  2.933500E+03  4.210528E+00
  2.934000E+03  4.511298E+00
  2.934500E+03  4.767566E+00
  2.935000E+03  4.975723E+00
  2.935500E+03  5.132677E+00
  2.936000E+03  5.235894E+00
  2.936500E+03  5.283448E+00
  2.937000E+03  5.274051E+00
  2.937500E+03  5.207085E+00
  2.938000E+03  5.082618E+00
  2.938500E+03  4.901416E+00
  2.939000E+03  4.664947E+00
  2.939500E+03  4.375370E+00
  2.940000E+03  4.035523E+00
  2.940500E+03  3.648891E+00
  2.941000E+03  3.219578E+00
  2.941500E+03  2.752259E+00
  2.942000E+03  2.252130E+00
  2.942500E+03  1.724849E+00
  2.943000E+03  1.176468E+00
  2.943500E+03  6.133635E-01
  2.944000E+03  4.215417E-02
  2.944500E+03 -5.303765E-01
  2.945000E+03 -1.097368E+00
  2.945500E+03 -1.651970E+00
  2.946000E+03 -2.187430E+00
  2.946500E+03 -2.697181E+00
  2.947000E+03 -3.174931E+00
  2.947500E+03 -3.614740E+00
  2.948000E+03 -4.011109E+00
  2.948500E+03 -4.359048E+00
  2.949000E+03 -4.654148E+00
  2.949500E+03 -4.892640E+00
  2.950000E+03 -5.071454E+00
  2.950500E+03 -5.188257E+00
  2.951000E+03 -5.241494E+00
  2.951500E+03 -5.230411E+00
  2.952000E+03 -5.155068E+00
  2.952500E+03 -5.016345E+00
  2.953000E+03 -4.815937E+00
  2.953500E+03 -4.556331E+00
  2.954000E+03 -4.240779E+00
  2.954500E+03 -3.873261E+00
  2.955000E+03 -3.458433E+00
  2.955500E+03 -3.001570E+00
  2.956000E+03 -2.508499E+00
  2.956500E+03 -1.985520E+00
  2.957000E+03 -1.439332E+00
  2.957500E+03 -8.769380E-01
  2.958000E+03 -3.055582E-01
  2.958500E+03  2.674674E-01
  2.959000E+03  8.347747E-01
  2.959500E+03  1.389073E+00
  2.960000E+03  1.923244E+00
  2.960500E+03  2.430431E+00
  2.961000E+03  2.904135E+00
  2.961500E+03  3.338302E+00
  2.962000E+03  3.727398E+00
  2.962500E+03  4.066488E+00
  2.963000E+03  4.351297E+00
  2.963500E+03  4.578271E+00
  2.964000E+03  4.744621E+00
  2.964500E+03  4.848362E+00
  2.965000E+03  4.888334E+00
  2.965500E+03  4.864221E+00
  2.966000E+03  4.776552E+00
  2.966500E+03  4.626693E+00
  2.967000E+03  4.416823E+00
  2.967500E+03  4.149911E+00
  2.968000E+03  3.829667E+00
  2.968500E+03  3.460493E+00
  2.969000E+03  3.047422E+00
  2.969500E+03  2.596049E+00
  2.970000E+03  2.112453E+00
  2.970500E+03  1.603114E+00
  2.971000E+03  1.074825E+00
  2.971500E+03  5.346002E-01
  2.972000E+03 -1.042269E-02
  2.972500E+03 -5.530765E-01
  2.973000E+03 -1.086262E+00
  2.973500E+03 -1.603042E+00
  2.974000E+03 -2.096736E+00
  2.974500E+03 -2.561006E+00
  2.975000E+03 -2.989943E+00
  2.975500E+03 -3.378140E+00
  2.976000E+03 -3.720767E+00
  2.976500E+03 -4.013629E+00
  2.977000E+03 -4.253219E+00
  2.977500E+03 -4.436762E+00
  2.978000E+03 -4.562248E+00
  2.978500E+03 -4.628453E+00
  2.979000E+03 -4.634952E+00
  2.979500E+03 -4.582116E+00
  2.980000E+03 -4.471104E+00
  2.980500E+03 -4.303843E+00
  2.981000E+03 -4.082993E+00
  2.981500E+03 -3.811910E+00
  2.982000E+03 -3.494592E+00
  2.982500E+03 -3.135621E+00
  2.983000E+03 -2.740100E+00
  2.983500E+03 -2.313578E+00
  2.984000E+03 -1.861971E+00
  2.984500E+03 -1.391483E+00
  2.985000E+03 -9.085167E-01
  2.985500E+03 -4.195905E-01
  2.986000E+03  6.875268E-02
  2.986500E+03  5.500315E-01
  2.987000E+03  1.017912E+00
  2.987500E+03  1.466291E+00
  2.988000E+03  1.889375E+00
  2.988500E+03  2.281751E+00
  2.989000E+03  2.638461E+00
  2.989500E+03  2.955055E+00
  2.990000E+03  3.227652E+00
  2.990500E+03  3.452978E+00
  2.991000E+03  3.628410E+00
  2.991500E+03  3.751997E+00
  2.992000E+03  3.822482E+00
  2.992500E+03  3.839308E+00
  2.993000E+03  3.802619E+00
  2.993500E+03  3.713251E+00
  2.994000E+03  3.572707E+00
  2.994500E+03  3.383137E+00
  2.995000E+03  3.147295E+00
  2.995500E+03  2.868499E+00
  2.996000E+03  2.550583E+00
  2.996500E+03  2.197833E+00
  2.997000E+03  1.814935E+00
  2.997500E+03  1.406902E+00
  2.998000E+03  9.790095E-01
  2.998500E+03  5.367216E-01
  2.999000E+03  8.562050E-02
  2.999500E+03 -3.686671E-01
  3.000000E+03 -8.205415E-01
  3.000500E+03 -1.264500E+00
  3.001000E+03 -1.695206E+00
  3.001500E+03 -2.107551E+00
  3.002000E+03 -2.496714E+00
  3.002500E+03 -2.858221E+00
  3.003000E+03 -3.187988E+00
  3.003500E+03 -3.482369E+00
  3.004000E+03 -3.738190E+00
  3.004500E+03 -3.952779E+00
  3.005000E+03 -4.123989E+00
  3.005500E+03 -4.250215E+00
  3.006000E+03 -4.330396E+00
  3.006500E+03 -4.364025E+00
  3.007000E+03 -4.351134E+00
  3.007500E+03 -4.292285E+00
  3.008000E+03 -4.188551E+00
  3.008500E+03 -4.041489E+00
  3.009000E+03 -3.853112E+00
  3.009500E+03 -3.625850E+00
  3.010000E+03 -3.362511E+00
  3.010500E+03 -3.066241E+00
  3.011000E+03 -2.740474E+00
  3.011500E+03 -2.388884E+00
  3.012000E+03 -2.015337E+00
  3.012500E+03 -1.623842E+00
  3.013000E+03 -1.218495E+00
  3.013500E+03 -8.034361E-01
  3.014000E+03 -3.827968E-01
  3.014500E+03  3.934473E-02
  3.015000E+03  4.590078E-01
  3.015500E+03  8.723498E-01
  3.016000E+03  1.275704E+00
  3.016500E+03  1.665611E+00
  3.017000E+03  2.038853E+00
  3.017500E+03  2.392472E+00
  3.018000E+03  2.723798E+00
  3.018500E+03  3.030460E+00
  3.019000E+03  3.310398E+00
  3.019500E+03  3.561872E+00
  3.020000E+03  3.783465E+00
  3.020500E+03  3.974080E+00
  3.021000E+03  4.132935E+00
  3.021500E+03  4.259557E+00
  3.022000E+03  4.353766E+00
  3.022500E+03  4.415663E+00
  3.023000E+03  4.445613E+00
  3.023500E+03  4.444223E+00
  3.024000E+03  4.412324E+00
  3.024500E+03  4.350948E+00
  3.025000E+03  4.261305E+00
  3.025500E+03  4.144761E+00
  3.026000E+03  4.002813E+00
  3.026500E+03  3.837070E+00
  3.027000E+03  3.649229E+00
  3.027500E+03  3.441052E+00
  3.028000E+03  3.214355E+00
  3.028500E+03  2.970981E+00
  3.029000E+03  2.712790E+00
  3.029500E+03  2.441645E+00
  3.030000E+03  2.159397E+00
  3.030500E+03  1.867877E+00
  3.031000E+03  1.568888E+00
  3.031500E+03  1.264199E+00
  3.032000E+03  9.555396E-01
  3.032500E+03  6.445985E-01
  3.033000E+03  3.330210E-01
  3.033500E+03  2.240969E-02
  3.034000E+03 -2.856747E-01
  3.034500E+03 -5.897120E-01
  3.035000E+03 -8.882200E-01
  3.035500E+03 -1.179752E+00
  3.036000E+03 -1.462896E+00
  3.036500E+03 -1.736270E+00
  3.037000E+03 -1.998521E+00
  3.037500E+03 -2.248327E+00
  3.038000E+03 -2.484395E+00
  3.038500E+03 -2.705460E+00
  3.039000E+03 -2.910291E+00
  3.039500E+03 -3.097694E+00
  3.040000E+03 -3.266516E+00
  3.040500E+03 -3.415652E+00
  3.041000E+03 -3.544052E+00
  3.041500E+03 -3.650733E+00
  3.042000E+03 -3.734785E+00
  3.042500E+03 -3.795387E+00
  3.043000E+03 -3.831816E+00
  3.043500E+03 -3.843458E+00
  3.044000E+03 -3.829829E+00
  3.044500E+03 -3.790579E+00
  3.045000E+03 -3.725512E+00
  3.045500E+03 -3.634594E+00
  3.046000E+03 -3.517968E+00
  3.046500E+03 -3.375964E+00
  3.047000E+03 -3.209106E+00
  3.047500E+03 -3.018125E+00
  3.048000E+03 -2.803958E+00
  3.048500E+03 -2.567757E+00
  3.049000E+03 -2.310887E+00
  3.049500E+03 -2.034926E+00
  3.050000E+03 -1.741658E+00
  3.050500E+03 -1.433069E+00
  3.051000E+03 -1.111335E+00
  3.051500E+03 -7.788090E-01
  3.052000E+03 -4.380038E-01
  3.052500E+03 -9.157486E-02
  3.053000E+03  2.577025E-01
  3.053500E+03  6.069569E-01
  3.054000E+03  9.532477E-01
  3.054500E+03  1.293593E+00
  3.055000E+03  1.625000E+00
  3.055500E+03  1.944497E+00
  3.056000E+03  2.249162E+00
  3.056500E+03  2.536161E+00
  3.057000E+03  2.802776E+00
  3.057500E+03  3.046441E+00
  3.058000E+03  3.264768E+00
  3.058500E+03  3.455582E+00
  3.059000E+03  3.616947E+00
  3.059500E+03  3.747191E+00
  3.060000E+03  3.844930E+00
  3.060500E+03  3.909090E+00
  3.061000E+03  3.938918E+00
  3.061500E+03  3.934001E+00
  3.062000E+03  3.894274E+00
  3.062500E+03  3.820020E+00
  3.063000E+03  3.711877E+00
  3.063500E+03  3.570831E+00
  3.064000E+03  3.398207E+00
  3.064500E+03  3.195661E+00
  3.065000E+03  2.965157E+00
  3.065500E+03  2.708953E+00
  3.066000E+03  2.429574E+00
  3.066500E+03  2.129782E+00
  3.067000E+03  1.812548E+00
  3.067500E+03  1.481021E+00
  3.068000E+03  1.138484E+00
  3.068500E+03  7.883257E-01
  3.069000E+03  4.339961E-01
  3.069500E+03  7.896895E-02
  3.070000E+03 -2.732983E-01
  3.070500E+03 -6.194035E-01
  3.071000E+03 -9.560385E-01
  3.071500E+03 -1.280026E+00
  3.072000E+03 -1.588353E+00
  3.072500E+03 -1.878208E+00
  3.073000E+03 -2.147002E+00
  3.073500E+03 -2.392405E+00
  3.074000E+03 -2.612360E+00
  3.074500E+03 -2.805108E+00
  3.075000E+03 -2.969197E+00
  3.075500E+03 -3.103498E+00
  3.076000E+03 -3.207204E+00
  3.076500E+03 -3.279839E+00
  3.077000E+03 -3.321249E+00
  3.077500E+03 -3.331596E+00
  3.078000E+03 -3.311348E+00
  3.078500E+03 -3.261261E+00
  3.079000E+03 -3.182364E+00
  3.079500E+03 -3.075932E+00
  3.080000E+03 -2.943463E+00
  3.080500E+03 -2.786653E+00
  3.081000E+03 -2.607362E+00
  3.081500E+03 -2.407589E+00
  3.082000E+03 -2.189434E+00
  3.082500E+03 -1.955071E+00
  3.083000E+03 -1.706717E+00
  3.083500E+03 -1.446597E+00
  3.084000E+03 -1.176918E+00
  3.084500E+03 -8.998420E-01
  3.085000E+03 -6.174566E-01
  3.085500E+03 -3.317560E-01
  3.086000E+03 -4.461963E-02
  3.086500E+03  2.422046E-01
  3.087000E+03  5.271132E-01
  3.087500E+03  8.086567E-01
  3.088000E+03  1.085545E+00
  3.088500E+03  1.356651E+00
  3.089000E+03  1.621008E+00
  3.089500E+03  1.877802E+00
  3.090000E+03  2.126370E+00
  3.090500E+03  2.366180E+00
  3.091000E+03  2.596825E+00
  3.091500E+03  2.817999E+00
  3.092000E+03  3.029483E+00
  3.092500E+03  3.231125E+00
  3.093000E+03  3.422816E+00
  3.093500E+03  3.604470E+00
  3.094000E+03  3.776001E+00
  3.094500E+03  3.937308E+00
  3.095000E+03  4.088246E+00
  3.095500E+03  4.228614E+00
  3.096000E+03  4.358141E+00
  3.096500E+03  4.476464E+00
  3.097000E+03  4.583128E+00
  3.097500E+03  4.677569E+00
  3.098000E+03  4.759119E+00
  3.098500E+03  4.827001E+00
  3.099000E+03  4.880334E+00
  3.099500E+03  4.918143E+00
  3.100000E+03  4.939369E+00
  3.100500E+03  4.942886E+00
  3.101000E+03  4.927522E+00
  3.101500E+03  4.892078E+00
  3.102000E+03  4.835358E+00
  3.102500E+03  4.756197E+00
  3.103000E+03  4.653490E+00
  3.103500E+03  4.526224E+00
  3.104000E+03  4.373516E+00
  3.104500E+03  4.194639E+00
  3.105000E+03  3.989062E+00
  3.105500E+03  3.756481E+00
  3.106000E+03  3.496845E+00
  3.106500E+03  3.210391E+00
  3.107000E+03  2.897663E+00
  3.107500E+03  2.559537E+00
  3.108000E+03  2.197238E+00
  3.108500E+03  1.812352E+00
  3.109000E+03  1.406829E+00
  3.109500E+03  9.829921E-01
  3.110000E+03  5.435268E-01
  3.110500E+03  9.147212E-02
  3.111000E+03 -3.697968E-01
  3.111500E+03 -8.365919E-01
  3.112000E+03 -1.304942E+00
  3.112500E+03 -1.770630E+00
  3.113000E+03 -2.229232E+00
  3.113500E+03 -2.676165E+00
  3.114000E+03 -3.106740E+00
  3.114500E+03 -3.516215E+00
  3.115000E+03 -3.899857E+00
  3.115500E+03 -4.253001E+00
  3.116000E+03 -4.571118E+00
  3.116500E+03 -4.849873E+00
  3.117000E+03 -5.085197E+00
  3.117500E+03 -5.273345E+00
  3.118000E+03 -5.410960E+00
  3.118500E+03 -5.495131E+00
  3.119000E+03 -5.523448E+00
  3.119500E+03 -5.494052E+00
  3.120000E+03 -5.405677E+00
  3.120500E+03 -5.257692E+00
  3.121000E+03 -5.050124E+00
  3.121500E+03 -4.783687E+00
  3.122000E+03 -4.459791E+00
  3.122500E+03 -4.080549E+00
  3.123000E+03 -3.648772E+00
  3.123500E+03 -3.167951E+00
  3.124000E+03 -2.642242E+00
  3.124500E+03 -2.076422E+00
  3.125000E+03 -1.475856E+00
  3.125500E+03 -8.464420E-01
  3.126000E+03 -1.945503E-01
  3.126500E+03  4.730396E-01
  3.127000E+03  1.149215E+00
  3.127500E+03  1.826611E+00
  3.128000E+03  2.497690E+00
  3.128500E+03  3.154836E+00
  3.129000E+03  3.790445E+00
  3.129500E+03  4.397013E+00
  3.130000E+03  4.967236E+00
  3.130500E+03  5.494098E+00
  3.131000E+03  5.970964E+00
  3.131500E+03  6.391662E+00
  3.132000E+03  6.750573E+00
  3.132500E+03  7.042698E+00
  3.133000E+03  7.263736E+00
  3.133500E+03  7.410138E+00
  3.134000E+03  7.479164E+00
  3.134500E+03  7.468925E+00
  3.135000E+03  7.378415E+00
  3.135500E+03  7.207531E+00
  3.136000E+03  6.957086E+00
  3.136500E+03  6.628809E+00
  3.137000E+03  6.225326E+00
  3.137500E+03  5.750143E+00
  3.138000E+03  5.207607E+00
  3.138500E+03  4.602861E+00
  3.139000E+03  3.941787E+00
  3.139500E+03  3.230941E+00
  3.140000E+03  2.477476E+00
  3.140500E+03  1.689063E+00
  3.141000E+03  8.738007E-01
  3.141500E+03  4.011982E-02
  3.142000E+03 -8.033145E-01
  3.142500E+03 -1.647705E+00
  3.143000E+03 -2.484224E+00
  3.143500E+03 -3.304121E+00
  3.144000E+03 -4.098820E+00
  3.144500E+03 -4.860025E+00
  3.145000E+03 -5.579812E+00
  3.145500E+03 -6.250723E+00
  3.146000E+03 -6.865849E+00
  3.146500E+03 -7.418911E+00
  3.147000E+03 -7.904328E+00
  3.147500E+03 -8.317276E+00
  3.148000E+03 -8.653744E+00
  3.148500E+03 -8.910568E+00
  3.149000E+03 -9.085465E+00
  3.149500E+03 -9.177049E+00
  3.150000E+03 -9.184843E+00
  3.150500E+03 -9.109267E+00
  3.151000E+03 -8.951629E+00
  3.151500E+03 -8.714100E+00
  3.152000E+03 -8.399671E+00
  3.152500E+03 -8.012115E+00
  3.153000E+03 -7.555930E+00
  3.153500E+03 -7.036273E+00
  3.154000E+03 -6.458896E+00
  3.154500E+03 -5.830066E+00
  3.155000E+03 -5.156488E+00
  3.155500E+03 -4.445215E+00
  3.156000E+03 -3.703569E+00
  3.156500E+03 -2.939044E+00
  3.157000E+03 -2.159226E+00
  3.157500E+03 -1.371698E+00
  3.158000E+03 -5.839578E-01
  3.158500E+03  1.966635E-01
  3.159000E+03  9.630815E-01
  3.159500E+03  1.708531E+00
  3.160000E+03  2.426632E+00
  3.160500E+03  3.111451E+00
  3.161000E+03  3.757555E+00
  3.161500E+03  4.360056E+00
  3.162000E+03  4.914644E+00
  3.162500E+03  5.417625E+00
  3.163000E+03  5.865931E+00
  3.163500E+03  6.257139E+00
  3.164000E+03  6.589470E+00
  3.164500E+03  6.861787E+00
  3.165000E+03  7.073581E+00
  3.165500E+03  7.224952E+00
  3.166000E+03  7.316582E+00
  3.166500E+03  7.349703E+00
  3.167000E+03  7.326058E+00
  3.167500E+03  7.247863E+00
  3.168000E+03  7.117754E+00
  3.168500E+03  6.938745E+00
  3.169000E+03  6.714171E+00
  3.169500E+03  6.447642E+00
  3.170000E+03  6.142984E+00
  3.170500E+03  5.804189E+00
  3.171000E+03  5.435368E+00
  3.171500E+03  5.040694E+00
  3.172000E+03  4.624359E+00
  3.172500E+03  4.190533E+00
  3.173000E+03  3.743315E+00
  3.173500E+03  3.286706E+00
  3.174000E+03  2.824570E+00
  3.174500E+03  2.360605E+00
  3.175000E+03  1.898326E+00
  3.175500E+03  1.441038E+00
  3.176000E+03  9.918261E-01
  3.176500E+03  5.535441E-01
  3.177000E+03  1.288065E-01
  3.177500E+03 -2.800124E-01
  3.178000E+03 -6.707778E-01
  3.178500E+03 -1.041591E+00
  3.179000E+03 -1.390780E+00
  3.179500E+03 -1.716896E+00
  3.180000E+03 -2.018695E+00
  3.180500E+03 -2.295133E+00
  3.181000E+03 -2.545347E+00
  3.181500E+03 -2.768645E+00
  3.182000E+03 -2.964494E+00
  3.182500E+03 -3.132503E+00
  3.183000E+03 -3.272413E+00
  3.183500E+03 -3.384091E+00
  3.184000E+03 -3.467511E+00
  3.184500E+03 -3.522757E+00
  3.185000E+03 -3.550009E+00
  3.185500E+03 -3.549542E+00
  3.186000E+03 -3.521726E+00
  3.186500E+03 -3.467023E+00
  3.187000E+03 -3.385989E+00
  3.187500E+03 -3.279276E+00
  3.188000E+03 -3.147640E+00
  3.188500E+03 -2.991942E+00
  3.189000E+03 -2.813154E+00
  3.189500E+03 -2.612370E+00
  3.190000E+03 -2.390808E+00
  3.190500E+03 -2.149817E+00
  3.191000E+03 -1.890883E+00
  3.191500E+03 -1.615632E+00
  3.192000E+03 -1.325834E+00
  3.192500E+03 -1.023402E+00
  3.193000E+03 -7.103923E-01
  3.193500E+03 -3.889983E-01
  3.194000E+03 -6.154640E-02
  3.194500E+03  2.695146E-01
  3.195000E+03  6.016256E-01
  3.195500E+03  9.321325E-01
  3.196000E+03  1.258304E+00
  3.196500E+03  1.577354E+00
  3.197000E+03  1.886463E+00
  3.197500E+03  2.182805E+00
  3.198000E+03  2.463578E+00
  3.198500E+03  2.726031E+00
  3.199000E+03  2.967496E+00
  3.199500E+03  3.185424E+00
  3.200000E+03  3.377411E+00
  3.200500E+03  3.541240E+00
  3.201000E+03  3.674902E+00
  3.201500E+03  3.776638E+00
  3.202000E+03  3.844961E+00
  3.202500E+03  3.878684E+00
  3.203000E+03  3.876948E+00
  3.203500E+03  3.839237E+00
  3.204000E+03  3.765401E+00
  3.204500E+03  3.655663E+00
  3.205000E+03  3.510631E+00
  3.205500E+03  3.331301E+00
  3.206000E+03  3.119054E+00
  3.206500E+03  2.875650E+00
  3.207000E+03  2.603216E+00
  3.207500E+03  2.304230E+00
  3.208000E+03  1.981493E+00
  3.208500E+03  1.638111E+00
  3.209000E+03  1.277455E+00
  3.209500E+03  9.031302E-01
  3.210000E+03  5.189320E-01
  3.210500E+03  1.288065E-01
  3.211000E+03 -2.631972E-01
  3.211500E+03 -6.529747E-01
  3.212000E+03 -1.036415E+00
  3.212500E+03 -1.409452E+00
  3.213000E+03 -1.768112E+00
  3.213500E+03 -2.108565E+00
  3.214000E+03 -2.427174E+00
  3.214500E+03 -2.720535E+00
  3.215000E+03 -2.985527E+00
  3.215500E+03 -3.219347E+00
  3.216000E+03 -3.419546E+00
  3.216500E+03 -3.584059E+00
  3.217000E+03 -3.711234E+00
  3.217500E+03 -3.799848E+00
  3.218000E+03 -3.849123E+00
  3.218500E+03 -3.858735E+00
  3.219000E+03 -3.828815E+00
  3.219500E+03 -3.759946E+00
  3.220000E+03 -3.653153E+00
  3.220500E+03 -3.509886E+00
  3.221000E+03 -3.331999E+00
  3.221500E+03 -3.121724E+00
  3.222000E+03 -2.881637E+00
  3.222500E+03 -2.614623E+00
  3.223000E+03 -2.323835E+00
  3.223500E+03 -2.012654E+00
  3.224000E+03 -1.684636E+00
  3.224500E+03 -1.343472E+00
  3.225000E+03 -9.929336E-01
  3.225500E+03 -6.368258E-01
  3.226000E+03 -2.789376E-01
  3.226500E+03  7.700567E-02
  3.227000E+03  4.273888E-01
  3.227500E+03  7.687501E-01
  3.228000E+03  1.097822E+00
  3.228500E+03  1.411568E+00
  3.229000E+03  1.707215E+00
  3.229500E+03  1.982282E+00
  3.230000E+03  2.234603E+00
  3.230500E+03  2.462346E+00
  3.231000E+03  2.664023E+00
  3.231500E+03  2.838501E+00
  3.232000E+03  2.984999E+00
  3.232500E+03  3.103089E+00
  3.233000E+03  3.192685E+00
  3.233500E+03  3.254029E+00
  3.234000E+03  3.287675E+00
  3.234500E+03  3.294465E+00
  3.235000E+03  3.275502E+00
  3.235500E+03  3.232125E+00
  3.236000E+03  3.165874E+00
  3.236500E+03  3.078457E+00
  3.237000E+03  2.971720E+00
  3.237500E+03  2.847604E+00
  3.238000E+03  2.708117E+00
  3.238500E+03  2.555296E+00
  3.239000E+03  2.391174E+00
  3.239500E+03  2.217751E+00
  3.240000E+03  2.036961E+00
  3.240500E+03  1.850649E+00
  3.241000E+03  1.660549E+00
  3.241500E+03  1.468259E+00
  3.242000E+03  1.275232E+00
  3.242500E+03  1.082760E+00
  3.243000E+03  8.919690E-01
  3.243500E+03  7.038136E-01
  3.244000E+03  5.190785E-01
  3.244500E+03  3.383830E-01
  3.245000E+03  1.621889E-01
  3.245500E+03 -9.188233E-03
  3.246000E+03 -1.755642E-01
  3.246500E+03 -3.368694E-01
  3.247000E+03 -4.931297E-01
  3.247500E+03 -6.444455E-01
  3.248000E+03 -7.909701E-01
  3.248500E+03 -9.328870E-01
  3.249000E+03 -1.070388E+00
  3.249500E+03 -1.203651E+00
  3.250000E+03 -1.332819E+00
  3.250500E+03 -1.457983E+00
  3.251000E+03 -1.579161E+00
  3.251500E+03 -1.696288E+00
  3.252000E+03 -1.809203E+00
  3.252500E+03 -1.917638E+00
  3.253000E+03 -2.021216E+00
  3.253500E+03 -2.119449E+00
  3.254000E+03 -2.211741E+00
  3.254500E+03 -2.297391E+00
  3.255000E+03 -2.375608E+00
  3.255500E+03 -2.445518E+00
  3.256000E+03 -2.506184E+00
  3.256500E+03 -2.556626E+00
  3.257000E+03 -2.595840E+00
  3.257500E+03 -2.622825E+00
  3.258000E+03 -2.636605E+00
  3.258500E+03 -2.636260E+00
  3.259000E+03 -2.620950E+00
  3.259500E+03 -2.589942E+00
  3.260000E+03 -2.542642E+00
  3.260500E+03 -2.478611E+00
  3.261000E+03 -2.397598E+00
  3.261500E+03 -2.299554E+00
  3.262000E+03 -2.184655E+00
  3.262500E+03 -2.053312E+00
  3.263000E+03 -1.906187E+00
  3.263500E+03 -1.744196E+00
  3.264000E+03 -1.568513E+00
  3.264500E+03 -1.380564E+00
  3.265000E+03 -1.182024E+00
  3.265500E+03 -9.748026E-01
  3.266000E+03 -7.610254E-01
  3.266500E+03 -5.430137E-01
  3.267000E+03 -3.232572E-01
  3.267500E+03 -1.043835E-01
  3.268000E+03  1.108766E-01
  3.268500E+03  3.197264E-01
  3.269000E+03  5.193441E-01
  3.269500E+03  7.069250E-01
  3.270000E+03  8.797257E-01
  3.270500E+03  1.035109E+00
  3.271000E+03  1.170586E+00
  3.271500E+03  1.283865E+00
  3.272000E+03  1.372888E+00
  3.272500E+03  1.435874E+00
  3.273000E+03  1.471354E+00
  3.273500E+03  1.478204E+00
  3.274000E+03  1.455674E+00
  3.274500E+03  1.403413E+00
  3.275000E+03  1.321481E+00
  3.275500E+03  1.210368E+00
  3.276000E+03  1.070993E+00
  3.276500E+03  9.047088E-01
  3.277000E+03  7.132881E-01
  3.277500E+03  4.989126E-01
  3.278000E+03  2.641498E-01
  3.278500E+03  1.192579E-02
  3.279000E+03 -2.545100E-01
  3.279500E+03 -5.316242E-01
  3.280000E+03 -8.156454E-01
  3.280500E+03 -1.102614E+00
  3.281000E+03 -1.388438E+00
  3.281500E+03 -1.668946E+00
  3.282000E+03 -1.939955E+00
  3.282500E+03 -2.197324E+00
  3.283000E+03 -2.437019E+00
  3.283500E+03 -2.655176E+00
  3.284000E+03 -2.848162E+00
  3.284500E+03 -3.012630E+00
  3.285000E+03 -3.145574E+00
  3.285500E+03 -3.244384E+00
  3.286000E+03 -3.306887E+00
  3.286500E+03 -3.331390E+00
  3.287000E+03 -3.316714E+00
  3.287500E+03 -3.262218E+00
  3.288000E+03 -3.167818E+00
  3.288500E+03 -3.034000E+00
  3.289000E+03 -2.861824E+00
  3.289500E+03 -2.652912E+00
  3.290000E+03 -2.409439E+00
  3.290500E+03 -2.134108E+00
  3.291000E+03 -1.830122E+00
  3.291500E+03 -1.501140E+00
  3.292000E+03 -1.151234E+00
  3.292500E+03 -7.848382E-01
  3.293000E+03 -4.066859E-01
  3.293500E+03 -2.174813E-02
  3.294000E+03  3.648353E-01
  3.294500E+03  7.478278E-01
  3.295000E+03  1.121970E+00
  3.295500E+03  1.482053E+00
  3.296000E+03  1.822999E+00
  3.296500E+03  2.139930E+00
  3.297000E+03  2.428241E+00
  3.297500E+03  2.683674E+00
  3.298000E+03  2.902375E+00
  3.298500E+03  3.080959E+00
  3.299000E+03  3.216563E+00
  3.299500E+03  3.306890E+00
  3.300000E+03  3.350247E+00
  3.300500E+03  3.345578E+00
  3.301000E+03  3.292482E+00
  3.301500E+03  3.191227E+00
  3.302000E+03  3.042749E+00
  3.302500E+03  2.848648E+00
  3.303000E+03  2.611169E+00
  3.303500E+03  2.333175E+00
  3.304000E+03  2.018110E+00
  3.304500E+03  1.669959E+00
  3.305000E+03  1.293189E+00
  3.305500E+03  8.926956E-01
  3.306000E+03  4.737303E-01
  3.306500E+03  4.183300E-02
  3.307000E+03 -3.972467E-01
  3.307500E+03 -8.376291E-01
  3.308000E+03 -1.273387E+00
  3.308500E+03 -1.698629E+00
  3.309000E+03 -2.107584E+00
  3.309500E+03 -2.494681E+00
  3.310000E+03 -2.854632E+00
  3.310500E+03 -3.182504E+00
  3.311000E+03 -3.473794E+00
  3.311500E+03 -3.724493E+00
  3.312000E+03 -3.931143E+00
  3.312500E+03 -4.090888E+00
  3.313000E+03 -4.201519E+00
  3.313500E+03 -4.261503E+00
  3.314000E+03 -4.270009E+00
  3.314500E+03 -4.226923E+00
  3.315000E+03 -4.132845E+00
  3.315500E+03 -3.989090E+00
  3.316000E+03 -3.797664E+00
  3.316500E+03 -3.561241E+00
  3.317000E+03 -3.283123E+00
  3.317500E+03 -2.967196E+00
  3.318000E+03 -2.617874E+00
  3.318500E+03 -2.240039E+00
  3.319000E+03 -1.838967E+00
  3.319500E+03 -1.420260E+00
  3.320000E+03 -9.897597E-01
  3.320500E+03 -5.534692E-01
  3.321000E+03 -1.174646E-01
  3.321500E+03  3.121907E-01
  3.322000E+03  7.295330E-01
  3.322500E+03  1.128783E+00
  3.323000E+03  1.504430E+00
  3.323500E+03  1.851309E+00
  3.324000E+03  2.164676E+00
  3.324500E+03  2.440273E+00
  3.325000E+03  2.674395E+00
  3.325500E+03  2.863936E+00
  3.326000E+03  3.006438E+00
  3.326500E+03  3.100126E+00
  3.327000E+03  3.143929E+00
  3.327500E+03  3.137499E+00
  3.328000E+03  3.081214E+00
  3.328500E+03  2.976173E+00
  3.329000E+03  2.824180E+00
  3.329500E+03  2.627714E+00
  3.330000E+03  2.389897E+00
  3.330500E+03  2.114447E+00
  3.331000E+03  1.805622E+00
  3.331500E+03  1.468161E+00
  3.332000E+03  1.107214E+00
  3.332500E+03  7.282640E-01
  3.333000E+03  3.370534E-01
  3.333500E+03 -6.050446E-02
  3.334000E+03 -4.584094E-01
  3.334500E+03 -8.506615E-01
  3.335000E+03 -1.231349E+00
  3.335500E+03 -1.594732E+00
  3.336000E+03 -1.935331E+00
  3.336500E+03 -2.247999E+00
  3.337000E+03 -2.528005E+00
  3.337500E+03 -2.771096E+00
  3.338000E+03 -2.973561E+00
  3.338500E+03 -3.132288E+00
  3.339000E+03 -3.244807E+00
  3.339500E+03 -3.309326E+00
  3.340000E+03 -3.324760E+00
  3.340500E+03 -3.290745E+00
  3.341000E+03 -3.207646E+00
  3.341500E+03 -3.076550E+00
  3.342000E+03 -2.899255E+00
  3.342500E+03 -2.678242E+00
  3.343000E+03 -2.416640E+00
  3.343500E+03 -2.118183E+00
  3.344000E+03 -1.787159E+00
  3.344500E+03 -1.428344E+00
  3.345000E+03 -1.046936E+00
  3.345500E+03 -6.484847E-01
  3.346000E+03 -2.388049E-01
  3.346500E+03  1.761009E-01
  3.347000E+03  5.901310E-01
  3.347500E+03  9.971722E-01
  3.348000E+03  1.391187E+00
  3.348500E+03  1.766302E+00
  3.349000E+03  2.116892E+00
  3.349500E+03  2.437660E+00
  3.350000E+03  2.723718E+00
  3.350500E+03  2.970654E+00
  3.351000E+03  3.174601E+00
  3.351500E+03  3.332293E+00
  3.352000E+03  3.441110E+00
  3.352500E+03  3.499125E+00
  3.353000E+03  3.505128E+00
  3.353500E+03  3.458650E+00
  3.354000E+03  3.359971E+00
  3.354500E+03  3.210122E+00
  3.355000E+03  3.010868E+00
  3.355500E+03  2.764695E+00
  3.356000E+03  2.474770E+00
  3.356500E+03  2.144905E+00
  3.357000E+03  1.779507E+00
  3.357500E+03  1.383515E+00
  3.358000E+03  9.623381E-01
  3.358500E+03  5.217791E-01
  3.359000E+03  6.795798E-02
  3.359500E+03 -3.927725E-01
  3.360000E+03 -8.539137E-01
  3.360500E+03 -1.308910E+00
  3.361000E+03 -1.751240E+00
  3.361500E+03 -2.174506E+00
  3.362000E+03 -2.572523E+00
  3.362500E+03 -2.939404E+00
  3.363000E+03 -3.269644E+00
  3.363500E+03 -3.558199E+00
  3.364000E+03 -3.800554E+00
  3.364500E+03 -3.992789E+00
  3.365000E+03 -4.131639E+00
  3.365500E+03 -4.214536E+00
  3.366000E+03 -4.239656E+00
  3.366500E+03 -4.205942E+00
  3.367000E+03 -4.113124E+00
  3.367500E+03 -3.961733E+00
  3.368000E+03 -3.753089E+00
  3.368500E+03 -3.489298E+00
  3.369000E+03 -3.173222E+00
  3.369500E+03 -2.808451E+00
  3.370000E+03 -2.399254E+00
  3.370500E+03 -1.950531E+00
  3.371000E+03 -1.467749E+00
  3.371500E+03 -9.568776E-01
  3.372000E+03 -4.243080E-01
  3.372500E+03  1.232249E-01
  3.373000E+03  6.787303E-01
  3.373500E+03  1.235051E+00
  3.374000E+03  1.784956E+00
  3.374500E+03  2.321235E+00
  3.375000E+03  2.836792E+00
  3.375500E+03  3.324739E+00
  3.376000E+03  3.778485E+00
  3.376500E+03  4.191825E+00
  3.377000E+03  4.559021E+00
  3.377500E+03  4.874880E+00
  3.378000E+03  5.134825E+00
  3.378500E+03  5.334955E+00
  3.379000E+03  5.472100E+00
  3.379500E+03  5.543867E+00
  3.380000E+03  5.548675E+00
  3.380500E+03  5.485777E+00
  3.381000E+03  5.355281E+00
  3.381500E+03  5.158146E+00
  3.382000E+03  4.896179E+00
  3.382500E+03  4.572017E+00
  3.383000E+03  4.189098E+00
  3.383500E+03  3.751623E+00
  3.384000E+03  3.264504E+00
  3.384500E+03  2.733311E+00
  3.385000E+03  2.164205E+00
  3.385500E+03  1.563862E+00
  3.386000E+03  9.393931E-01
  3.386500E+03  2.982614E-01
  3.387000E+03 -3.518126E-01
  3.387500E+03 -1.002943E+00
  3.388000E+03 -1.647178E+00
  3.388500E+03 -2.276592E+00
  3.389000E+03 -2.883393E+00
  3.389500E+03 -3.460008E+00
  3.390000E+03 -3.999187E+00
  3.390500E+03 -4.494089E+00
  3.391000E+03 -4.938366E+00
  3.391500E+03 -5.326247E+00
  3.392000E+03 -5.652610E+00
  3.392500E+03 -5.913048E+00
  3.393000E+03 -6.103922E+00
  3.393500E+03 -6.222414E+00
  3.394000E+03 -6.266562E+00
  3.394500E+03 -6.235290E+00
  3.395000E+03 -6.128420E+00
  3.395500E+03 -5.946683E+00
  3.396000E+03 -5.691712E+00
  3.396500E+03 -5.366024E+00
  3.397000E+03 -4.972997E+00
  3.397500E+03 -4.516830E+00
  3.398000E+03 -4.002495E+00
  3.398500E+03 -3.435683E+00
  3.399000E+03 -2.822738E+00
  3.399500E+03 -2.170578E+00
  3.400000E+03 -1.486623E+00
  3.400500E+03 -7.786999E-01
  3.401000E+03 -5.495526E-02
  3.401500E+03  6.762430E-01
  3.402000E+03  1.406404E+00
  3.402500E+03  2.127015E+00
  3.403000E+03  2.829644E+00
  3.403500E+03  3.506036E+00
  3.404000E+03  4.148216E+00
  3.404500E+03  4.748585E+00
  3.405000E+03  5.300008E+00
  3.405500E+03  5.795899E+00
  3.406000E+03  6.230307E+00
  3.406500E+03  6.597980E+00
  3.407000E+03  6.894435E+00
  3.407500E+03  7.116010E+00
  3.408000E+03  7.259908E+00
  3.408500E+03  7.324234E+00
  3.409000E+03  7.308021E+00
  3.409500E+03  7.211237E+00
  3.410000E+03  7.034793E+00
  3.410500E+03  6.780531E+00
  3.411000E+03  6.451206E+00
  3.411500E+03  6.050452E+00
  3.412000E+03  5.582741E+00
  3.412500E+03  5.053333E+00
  3.413000E+03  4.468217E+00
  3.413500E+03  3.834034E+00
  3.414000E+03  3.158007E+00
  3.414500E+03  2.447852E+00
  3.415000E+03  1.711691E+00
  3.415500E+03  9.579534E-01
  3.416000E+03  1.952786E-01
  3.416500E+03 -5.675854E-01
  3.417000E+03 -1.321886E+00
  3.417500E+03 -2.058966E+00
  3.418000E+03 -2.770371E+00
  3.418500E+03 -3.447944E+00
  3.419000E+03 -4.083921E+00
  3.419500E+03 -4.671028E+00
  3.420000E+03 -5.202560E+00
  3.420500E+03 -5.672463E+00
  3.421000E+03 -6.075406E+00
  3.421500E+03 -6.406840E+00
  3.422000E+03 -6.663053E+00
  3.422500E+03 -6.841213E+00
  3.423000E+03 -6.939400E+00
  3.423500E+03 -6.956629E+00
  3.424000E+03 -6.892857E+00
  3.424500E+03 -6.748986E+00
  3.425000E+03 -6.526850E+00
  3.425500E+03 -6.229191E+00
  3.426000E+03 -5.859623E+00
  3.426500E+03 -5.422594E+00
  3.427000E+03 -4.923326E+00
  3.427500E+03 -4.367752E+00
  3.428000E+03 -3.762448E+00
  3.428500E+03 -3.114551E+00
  3.429000E+03 -2.431673E+00
  3.429500E+03 -1.721811E+00
  3.430000E+03 -9.932497E-01
  3.430500E+03 -2.544648E-01
  3.431000E+03  4.859806E-01
  3.431500E+03  1.219536E+00
  3.432000E+03  1.937766E+00
  3.432500E+03  2.632449E+00
  3.433000E+03  3.295673E+00
  3.433500E+03  3.919932E+00
  3.434000E+03  4.498209E+00
  3.434500E+03  5.024060E+00
  3.435000E+03  5.491689E+00
  3.435500E+03  5.896009E+00
  3.436000E+03  6.232706E+00
  3.436500E+03  6.498281E+00
  3.437000E+03  6.690090E+00
  3.437500E+03  6.806371E+00
  3.438000E+03  6.846260E+00
  3.438500E+03  6.809795E+00
  3.439000E+03  6.697911E+00
  3.439500E+03  6.512426E+00
  3.440000E+03  6.256009E+00
  3.440500E+03  5.932147E+00
  3.441000E+03  5.545093E+00
  3.441500E+03  5.099815E+00
  3.442000E+03  4.601930E+00
  3.442500E+03  4.057629E+00
  3.443000E+03  3.473601E+00
  3.443500E+03  2.856950E+00
  3.444000E+03  2.215104E+00
  3.444500E+03  1.555724E+00
  3.445000E+03  8.866112E-01
  3.445500E+03  2.156087E-01
  3.446000E+03 -4.494894E-01
  3.446500E+03 -1.101034E+00
  3.447000E+03 -1.731611E+00
  3.447500E+03 -2.334128E+00
  3.448000E+03 -2.901900E+00
  3.448500E+03 -3.428721E+00
  3.449000E+03 -3.908938E+00
  3.449500E+03 -4.337513E+00
  3.450000E+03 -4.710076E+00
  3.450500E+03 -5.022975E+00
  3.451000E+03 -5.273306E+00
  3.451500E+03 -5.458945E+00
  3.452000E+03 -5.578562E+00
  3.452500E+03 -5.631632E+00
  3.453000E+03 -5.618424E+00
  3.453500E+03 -5.539998E+00
  3.454000E+03 -5.398175E+00
  3.454500E+03 -5.195507E+00
  3.455000E+03 -4.935238E+00
  3.455500E+03 -4.621256E+00
  3.456000E+03 -4.258034E+00
  3.456500E+03 -3.850569E+00
  3.457000E+03 -3.404316E+00
  3.457500E+03 -2.925111E+00
  3.458000E+03 -2.419098E+00
  3.458500E+03 -1.892648E+00
  3.459000E+03 -1.352276E+00
  3.459500E+03 -8.045628E-01
  3.460000E+03 -2.560721E-01
  3.460500E+03  2.867305E-01
  3.461000E+03  8.175535E-01
  3.461500E+03  1.330354E+00
  3.462000E+03  1.819407E+00
  3.462500E+03  2.279370E+00
  3.463000E+03  2.705344E+00
  3.463500E+03  3.092920E+00
  3.464000E+03  3.438229E+00
  3.464500E+03  3.737979E+00
  3.465000E+03  3.989482E+00
  3.465500E+03  4.190676E+00
  3.466000E+03  4.340140E+00
  3.466500E+03  4.437096E+00
  3.467000E+03  4.481408E+00
  3.467500E+03  4.473567E+00
  3.468000E+03  4.414676E+00
  3.468500E+03  4.306422E+00
  3.469000E+03  4.151038E+00
  3.469500E+03  3.951273E+00
  3.470000E+03  3.710335E+00
  3.470500E+03  3.431853E+00
  3.471000E+03  3.119813E+00
  3.471500E+03  2.778504E+00
  3.472000E+03  2.412461E+00
  3.472500E+03  2.026399E+00
  3.473000E+03  1.625152E+00
  3.473500E+03  1.213609E+00
  3.474000E+03  7.966575E-01
  3.474500E+03  3.791168E-01
  3.475000E+03 -3.431541E-02
  3.475500E+03 -4.391187E-01
  3.476000E+03 -8.310010E-01
  3.476500E+03 -1.205944E+00
  3.477000E+03 -1.560248E+00
  3.477500E+03 -1.890562E+00
  3.478000E+03 -2.193923E+00
  3.478500E+03 -2.467775E+00
  3.479000E+03 -2.709991E+00
  3.479500E+03 -2.918883E+00
  3.480000E+03 -3.093215E+00
  3.480500E+03 -3.232199E+00
  3.481000E+03 -3.335491E+00
  3.481500E+03 -3.403183E+00
  3.482000E+03 -3.435787E+00
  3.482500E+03 -3.434213E+00
  3.483000E+03 -3.399745E+00
  3.483500E+03 -3.334015E+00
  3.484000E+03 -3.238968E+00
  3.484500E+03 -3.116826E+00
  3.485000E+03 -2.970054E+00
  3.485500E+03 -2.801319E+00
  3.486000E+03 -2.613450E+00
  3.486500E+03 -2.409396E+00
  3.487000E+03 -2.192190E+00
  3.487500E+03 -1.964899E+00
  3.488000E+03 -1.730596E+00
  3.488500E+03 -1.492313E+00
  3.489000E+03 -1.253011E+00
  3.489500E+03 -1.015541E+00
  3.490000E+03 -7.826209E-01
  3.490500E+03 -5.567985E-01
  3.491000E+03 -3.404334E-01
  3.491500E+03 -1.356731E-01
  3.492000E+03  5.556456E-02
  3.492500E+03  2.316051E-01
  3.493000E+03  3.910283E-01
  3.493500E+03  5.326749E-01
  3.494000E+03  6.556501E-01
  3.494500E+03  7.593236E-01
  3.495000E+03  8.433263E-01
  3.495500E+03  9.075440E-01
  3.496000E+03  9.521085E-01
  3.496500E+03  9.773856E-01
  3.497000E+03  9.839619E-01
  3.497500E+03  9.726280E-01
  3.498000E+03  9.443620E-01
  3.498500E+03  9.003097E-01
  3.499000E+03  8.417649E-01
  3.499500E+03  7.701487E-01
  3.500000E+03  6.869882E-01
  3.500500E+03  5.938949E-01
  3.501000E+03  4.925431E-01
  3.501500E+03  3.846490E-01
  3.502000E+03  2.719499E-01
  3.502500E+03  1.561840E-01
  3.503000E+03  3.907142E-02
  3.503500E+03 -7.770413E-02
  3.504000E+03 -1.925123E-01
  3.504500E+03 -3.037922E-01
  3.505000E+03 -4.100665E-01
  3.505500E+03 -5.099555E-01
  3.506000E+03 -6.021881E-01
  3.506500E+03 -6.856132E-01
  3.507000E+03 -7.592081E-01
  3.507500E+03 -8.220870E-01
  3.508000E+03 -8.735066E-01
  3.508500E+03 -9.128722E-01
  3.509000E+03 -9.397406E-01
  3.509500E+03 -9.538234E-01
  3.510000E+03 -9.549880E-01
  3.510500E+03 -9.432579E-01
  3.511000E+03 -9.188119E-01
  3.511500E+03 -8.819817E-01
  3.512000E+03 -8.332490E-01
  3.512500E+03 -7.732414E-01
  3.513000E+03 -7.027267E-01
  3.513500E+03 -6.226067E-01
  3.514000E+03 -5.339101E-01
  3.514500E+03 -4.377836E-01
  3.515000E+03 -3.354827E-01
  3.515500E+03 -2.283610E-01
  3.516000E+03 -1.178585E-01
  3.516500E+03 -5.489671E-03
  3.517000E+03  1.071711E-01
  3.517500E+03  2.185032E-01
  3.518000E+03  3.268559E-01
  3.518500E+03  4.305642E-01
  3.519000E+03  5.279663E-01
  3.519500E+03  6.174212E-01
  3.520000E+03  6.973272E-01
  3.520500E+03  7.661409E-01
  3.521000E+03  8.223958E-01
  3.521500E+03  8.647223E-01
  3.522000E+03  8.918663E-01
  3.522500E+03  9.027083E-01
  3.523000E+03  8.962819E-01
  3.523500E+03  8.717914E-01
  3.524000E+03  8.286280E-01
  3.524500E+03  7.663858E-01
  3.525000E+03  6.848751E-01
  3.525500E+03  5.841345E-01
  3.526000E+03  4.644409E-01
  3.526500E+03  3.263169E-01
  3.527000E+03  1.705359E-01
  3.527500E+03 -1.875854E-03
  3.528000E+03 -1.896397E-01
  3.528500E+03 -3.912288E-01
  3.529000E+03 -6.048753E-01
  3.529500E+03 -8.285809E-01
  3.530000E+03 -1.060130E+00
  3.530500E+03 -1.297110E+00
  3.531000E+03 -1.536927E+00
  3.531500E+03 -1.776834E+00
  3.532000E+03 -2.013957E+00
  3.532500E+03 -2.245325E+00
  3.533000E+03 -2.467901E+00
  3.533500E+03 -2.678617E+00
  3.534000E+03 -2.874417E+00
  3.534500E+03 -3.052284E+00
  3.535000E+03 -3.209290E+00
  3.535500E+03 -3.342630E+00
  3.536000E+03 -3.449666E+00
  3.536500E+03 -3.527962E+00
  3.537000E+03 -3.575326E+00
  3.537500E+03 -3.589848E+00
  3.538000E+03 -3.569929E+00
  3.538500E+03 -3.514321E+00
  3.539000E+03 -3.422147E+00
  3.539500E+03 -3.292934E+00
  3.540000E+03 -3.126627E+00
  3.540500E+03 -2.923609E+00
  3.541000E+03 -2.684709E+00
  3.541500E+03 -2.411208E+00
  3.542000E+03 -2.104838E+00
  3.542500E+03 -1.767776E+00
  3.543000E+03 -1.402630E+00
  3.543500E+03 -1.012422E+00
  3.544000E+03 -6.005623E-01
  3.544500E+03 -1.708177E-01
  3.545000E+03  2.727231E-01
  3.545500E+03  7.256915E-01
  3.546000E+03  1.183486E+00
  3.546500E+03  1.641323E+00
  3.547000E+03  2.094290E+00
  3.547500E+03  2.537406E+00
  3.548000E+03  2.965679E+00
  3.548500E+03  3.374170E+00
  3.549000E+03  3.758056E+00
  3.549500E+03  4.112691E+00
  3.550000E+03  4.433669E+00
  3.550500E+03  4.716885E+00
  3.551000E+03  4.958595E+00
  3.551500E+03  5.155464E+00
  3.552000E+03  5.304623E+00
  3.552500E+03  5.403712E+00
  3.553000E+03  5.450918E+00
  3.553500E+03  5.445011E+00
  3.554000E+03  5.385367E+00
  3.554500E+03  5.271991E+00
  3.555000E+03  5.105524E+00
  3.555500E+03  4.887249E+00
  3.556000E+03  4.619081E+00
  3.556500E+03  4.303560E+00
  3.557000E+03  3.943822E+00
  3.557500E+03  3.543573E+00
  3.558000E+03  3.107049E+00
  3.558500E+03  2.638968E+00
  3.559000E+03  2.144482E+00
  3.559500E+03  1.629114E+00
  3.560000E+03  1.098695E+00
  3.560500E+03  5.592924E-01
  3.561000E+03  1.713953E-02
  3.561500E+03 -5.214443E-01
  3.562000E+03 -1.050130E+00
  3.562500E+03 -1.562661E+00
  3.563000E+03 -2.052930E+00
  3.563500E+03 -2.515056E+00
  3.564000E+03 -2.943465E+00
  3.564500E+03 -3.332961E+00
  3.565000E+03 -3.678789E+00
  3.565500E+03 -3.976705E+00
  3.566000E+03 -4.223029E+00
  3.566500E+03 -4.414695E+00
  3.567000E+03 -4.549293E+00
  3.567500E+03 -4.625102E+00
  3.568000E+03 -4.641115E+00
  3.568500E+03 -4.597054E+00
  3.569000E+03 -4.493375E+00
  3.569500E+03 -4.331264E+00
  3.570000E+03 -4.112626E+00
  3.570500E+03 -3.840055E+00
  3.571000E+03 -3.516811E+00
  3.571500E+03 -3.146768E+00
  3.572000E+03 -2.734374E+00
  3.572500E+03 -2.284588E+00
  3.573000E+03 -1.802817E+00
  3.573500E+03 -1.294847E+00
  3.574000E+03 -7.667693E-01
  3.574500E+03 -2.248966E-01
  3.575000E+03  3.243139E-01
  3.575500E+03  8.743461E-01
  3.576000E+03  1.418709E+00
  3.576500E+03  1.951022E+00
  3.577000E+03  2.465093E+00
  3.577500E+03  2.955001E+00
  3.578000E+03  3.415169E+00
  3.578500E+03  3.840437E+00
  3.579000E+03  4.226121E+00
  3.579500E+03  4.568077E+00
  3.580000E+03  4.862745E+00
  3.580500E+03  5.107194E+00
  3.581000E+03  5.299151E+00
  3.581500E+03  5.437030E+00
  3.582000E+03  5.519941E+00
  3.582500E+03  5.547698E+00
  3.583000E+03  5.520808E+00
  3.583500E+03  5.440464E+00
  3.584000E+03  5.308516E+00
  3.584500E+03  5.127439E+00
  3.585000E+03  4.900291E+00
  3.585500E+03  4.630668E+00
  3.586000E+03  4.322642E+00
  3.586500E+03  3.980708E+00
  3.587000E+03  3.609709E+00
  3.587500E+03  3.214769E+00
  3.588000E+03  2.801220E+00
  3.588500E+03  2.374524E+00
  3.589000E+03  1.940199E+00
  3.589500E+03  1.503740E+00
  3.590000E+03  1.070547E+00
  3.590500E+03  6.458505E-01
  3.591000E+03  2.346426E-01
  3.591500E+03 -1.583855E-01
  3.592000E+03 -5.289041E-01
  3.592500E+03 -8.729971E-01
  3.593000E+03 -1.187209E+00
  3.593500E+03 -1.468581E+00
  3.594000E+03 -1.714685E+00
  3.594500E+03 -1.923645E+00
  3.595000E+03 -2.094148E+00
  3.595500E+03 -2.225453E+00
  3.596000E+03 -2.317387E+00
  3.596500E+03 -2.370331E+00
  3.597000E+03 -2.385205E+00
  3.597500E+03 -2.363434E+00
  3.598000E+03 -2.306922E+00
  3.598500E+03 -2.218002E+00
  3.599000E+03 -2.099398E+00
  3.599500E+03 -1.954166E+00
  3.600000E+03 -1.785642E+00
  3.600500E+03 -1.597386E+00
  3.601000E+03 -1.393113E+00
  3.601500E+03 -1.176637E+00
  3.602000E+03 -9.518090E-01
  3.602500E+03 -7.224499E-01
  3.603000E+03 -4.922952E-01
  3.603500E+03 -2.649360E-01
  3.604000E+03 -4.376499E-02
  3.604500E+03  1.680728E-01
  3.605000E+03  3.677245E-01
  3.605500E+03  5.526683E-01
  3.606000E+03  7.207460E-01
  3.606500E+03  8.701891E-01
  3.607000E+03  9.996376E-01
  3.607500E+03  1.108152E+00
  3.608000E+03  1.195218E+00
  3.608500E+03  1.260743E+00
  3.609000E+03  1.305049E+00
  3.609500E+03  1.328851E+00
  3.610000E+03  1.333239E+00
  3.610500E+03  1.319648E+00
  3.611000E+03  1.289820E+00
  3.611500E+03  1.245769E+00
  3.612000E+03  1.189736E+00
  3.612500E+03  1.124140E+00
  3.613000E+03  1.051536E+00
  3.613500E+03  9.745530E-01
  3.614000E+03  8.958537E-01
  3.614500E+03  8.180755E-01
  3.615000E+03  7.437830E-01
  3.615500E+03  6.754184E-01
  3.616000E+03  6.152555E-01
  3.616500E+03  5.653568E-01
  3.617000E+03  5.275345E-01
  3.617500E+03  5.033168E-01
  3.618000E+03  4.939184E-01
  3.618500E+03  5.002175E-01
  3.619000E+03  5.227384E-01
  3.619500E+03  5.616407E-01
  3.620000E+03  6.167142E-01
  3.620500E+03  6.873811E-01
  3.621000E+03  7.727043E-01
  3.621500E+03  8.714015E-01
  3.622000E+03  9.818662E-01
  3.622500E+03  1.102193E+00
  3.623000E+03  1.230211E+00
  3.623500E+03  1.363516E+00
  3.624000E+03  1.499513E+00
  3.624500E+03  1.635460E+00
  3.625000E+03  1.768514E+00
  3.625500E+03  1.895775E+00
  3.626000E+03  2.014342E+00
  3.626500E+03  2.121355E+00
  3.627000E+03  2.214052E+00
  3.627500E+03  2.289809E+00
  3.628000E+03  2.346191E+00
  3.628500E+03  2.380992E+00
  3.629000E+03  2.392279E+00
  3.629500E+03  2.378422E+00
  3.630000E+03  2.338129E+00
  3.630500E+03  2.270472E+00
  3.631000E+03  2.174905E+00
  3.631500E+03  2.051283E+00
  3.632000E+03  1.899865E+00
  3.632500E+03  1.721323E+00
  3.633000E+03  1.516733E+00
  3.633500E+03  1.287572E+00
  3.634000E+03  1.035694E+00
  3.634500E+03  7.633157E-01
  3.635000E+03  4.729870E-01
  3.635500E+03  1.675595E-01
  3.636000E+03 -1.498490E-01
  3.636500E+03 -4.758952E-01
  3.637000E+03 -8.070535E-01
  3.637500E+03 -1.139662E+00
  3.638000E+03 -1.469971E+00
  3.638500E+03 -1.794193E+00
  3.639000E+03 -2.108551E+00
  3.639500E+03 -2.409331E+00
  3.640000E+03 -2.692929E+00
  3.640500E+03 -2.955901E+00
  3.641000E+03 -3.195004E+00
  3.641500E+03 -3.407246E+00
  3.642000E+03 -3.589918E+00
  3.642500E+03 -3.740633E+00
  3.643000E+03 -3.857358E+00
  3.643500E+03 -3.938434E+00
  3.644000E+03 -3.982605E+00
  3.644500E+03 -3.989030E+00
  3.645000E+03 -3.957290E+00
  3.645500E+03 -3.887399E+00
  3.646000E+03 -3.779798E+00
  3.646500E+03 -3.635350E+00
  3.647000E+03 -3.455328E+00
  3.647500E+03 -3.241399E+00
  3.648000E+03 -2.995600E+00
  3.648500E+03 -2.720314E+00
  3.649000E+03 -2.418238E+00
  3.649500E+03 -2.092350E+00
  3.650000E+03 -1.745871E+00
  3.650500E+03 -1.382226E+00
  3.651000E+03 -1.005004E+00
  3.651500E+03 -6.179123E-01
  3.652000E+03 -2.247361E-01
  3.652500E+03  1.707080E-01
  3.653000E+03  5.646135E-01
  3.653500E+03  9.532276E-01
  3.654000E+03  1.332891E+00
  3.654500E+03  1.700078E+00
  3.655000E+03  2.051431E+00
  3.655500E+03  2.383799E+00
  3.656000E+03  2.694259E+00
  3.656500E+03  2.980155E+00
  3.657000E+03  3.239109E+00
  3.657500E+03  3.469050E+00
  3.658000E+03  3.668224E+00
  3.658500E+03  3.835207E+00
  3.659000E+03  3.968910E+00
  3.659500E+03  4.068584E+00
  3.660000E+03  4.133820E+00
  3.660500E+03  4.164540E+00
  3.661000E+03  4.160994E+00
  3.661500E+03  4.123744E+00
  3.662000E+03  4.053651E+00
  3.662500E+03  3.951857E+00
  3.663000E+03  3.819768E+00
  3.663500E+03  3.659027E+00
  3.664000E+03  3.471494E+00
  3.664500E+03  3.259222E+00
  3.665000E+03  3.024428E+00
  3.665500E+03  2.769469E+00
  3.666000E+03  2.496816E+00
  3.666500E+03  2.209027E+00
  3.667000E+03  1.908721E+00
  3.667500E+03  1.598552E+00
  3.668000E+03  1.281188E+00
  3.668500E+03  9.592846E-01
  3.669000E+03  6.354676E-01
  3.669500E+03  3.123095E-01
  3.670000E+03 -7.686997E-03
  3.670500E+03 -3.221053E-01
  3.671000E+03 -6.286298E-01
  3.671500E+03 -9.250589E-01
  3.672000E+03 -1.209316E+00
  3.672500E+03 -1.479457E+00
  3.673000E+03 -1.733683E+00
  3.673500E+03 -1.970339E+00
  3.674000E+03 -2.187927E+00
  3.674500E+03 -2.385103E+00
  3.675000E+03 -2.560681E+00
  3.675500E+03 -2.713637E+00
  3.676000E+03 -2.843107E+00
  3.676500E+03 -2.948388E+00
  3.677000E+03 -3.028935E+00
  3.677500E+03 -3.084365E+00
  3.678000E+03 -3.114451E+00
  3.678500E+03 -3.119121E+00
  3.679000E+03 -3.098460E+00
  3.679500E+03 -3.052703E+00
  3.680000E+03 -2.982238E+00
  3.680500E+03 -2.887602E+00
  3.681000E+03 -2.769478E+00
  3.681500E+03 -2.628695E+00
  3.682000E+03 -2.466227E+00
  3.682500E+03 -2.283186E+00
  3.683000E+03 -2.080825E+00
  3.683500E+03 -1.860533E+00
  3.684000E+03 -1.623828E+00
  3.684500E+03 -1.372358E+00
  3.685000E+03 -1.107893E+00
  3.685500E+03 -8.323204E-01
  3.686000E+03 -5.476356E-01
  3.686500E+03 -2.559363E-01
  3.687000E+03  4.058831E-02
  3.687500E+03  3.396686E-01
  3.688000E+03  6.389663E-01
  3.688500E+03  9.360893E-01
  3.689000E+03  1.228606E+00
  3.689500E+03  1.514063E+00
  3.690000E+03  1.790004E+00
  3.690500E+03  2.053988E+00
  3.691000E+03  2.303610E+00
  3.691500E+03  2.536526E+00
  3.692000E+03  2.750472E+00
  3.692500E+03  2.943292E+00
  3.693000E+03  3.112956E+00
  3.693500E+03  3.257591E+00
  3.694000E+03  3.375498E+00
  3.694500E+03  3.465183E+00
  3.695000E+03  3.525371E+00
  3.695500E+03  3.555035E+00
  3.696000E+03  3.553412E+00
  3.696500E+03  3.520020E+00
  3.697000E+03  3.454679E+00
  3.697500E+03  3.357515E+00
  3.698000E+03  3.228981E+00
  3.698500E+03  3.069853E+00
  3.699000E+03  2.881243E+00
  3.699500E+03  2.664592E+00
  3.700000E+03  2.421669E+00
  3.700500E+03  2.154562E+00
  3.701000E+03  1.865665E+00
  3.701500E+03  1.557663E+00
  3.702000E+03  1.233512E+00
  3.702500E+03  8.964103E-01
  3.703000E+03  5.497759E-01
  3.703500E+03  1.972101E-01
  3.704000E+03 -1.575362E-01
  3.704500E+03 -5.106008E-01
  3.705000E+03 -8.580521E-01
  3.705500E+03 -1.195932E+00
  3.706000E+03 -1.520300E+00
  3.706500E+03 -1.827282E+00
  3.707000E+03 -2.113114E+00
  3.707500E+03 -2.374192E+00
  3.708000E+03 -2.607117E+00
  3.708500E+03 -2.808741E+00
  3.709000E+03 -2.976207E+00
  3.709500E+03 -3.106997E+00
  3.710000E+03 -3.198963E+00
  3.710500E+03 -3.250366E+00
  3.711000E+03 -3.259903E+00
  3.711500E+03 -3.226738E+00
  3.712000E+03 -3.150514E+00
  3.712500E+03 -3.031376E+00
  3.713000E+03 -2.869977E+00
  3.713500E+03 -2.667479E+00
  3.714000E+03 -2.425554E+00
  3.714500E+03 -2.146370E+00
  3.715000E+03 -1.832578E+00
  3.715500E+03 -1.487288E+00
  3.716000E+03 -1.114040E+00
  3.716500E+03 -7.167708E-01
  3.717000E+03 -2.997715E-01
  3.717500E+03  1.323573E-01
  3.718000E+03  5.747561E-01
  3.718500E+03  1.022361E+00
  3.719000E+03  1.469963E+00
  3.719500E+03  1.912269E+00
  3.720000E+03  2.343965E+00
  3.720500E+03  2.759780E+00
  3.721000E+03  3.154554E+00
  3.721500E+03  3.523303E+00
  3.722000E+03  3.861282E+00
  3.722500E+03  4.164046E+00
  3.723000E+03  4.427514E+00
  3.723500E+03  4.648018E+00
  3.724000E+03  4.822364E+00
  3.724500E+03  4.947869E+00
  3.725000E+03  5.022408E+00
  3.725500E+03  5.044444E+00
  3.726000E+03  5.013058E+00
  3.726500E+03  4.927969E+00
  3.727000E+03  4.789544E+00
  3.727500E+03  4.598803E+00
  3.728000E+03  4.357416E+00
  3.728500E+03  4.067688E+00
  3.729000E+03  3.732540E+00
  3.729500E+03  3.355482E+00
  3.730000E+03  2.940571E+00
  3.730500E+03  2.492374E+00
  3.731000E+03  2.015911E+00
  3.731500E+03  1.516601E+00
  3.732000E+03  1.000199E+00
  3.732500E+03  4.727255E-01
  3.733000E+03 -5.960253E-02
  3.733500E+03 -5.904493E-01
  3.734000E+03 -1.113437E+00
  3.734500E+03 -1.622227E+00
  3.735000E+03 -2.110594E+00
  3.735500E+03 -2.572513E+00
  3.736000E+03 -3.002228E+00
  3.736500E+03 -3.394335E+00
  3.737000E+03 -3.743844E+00
  3.737500E+03 -4.046253E+00
  3.738000E+03 -4.297604E+00
  3.738500E+03 -4.494539E+00
  3.739000E+03 -4.634347E+00
  3.739500E+03 -4.715002E+00
  3.740000E+03 -4.735199E+00
  3.740500E+03 -4.694368E+00
  3.741000E+03 -4.592696E+00
  3.741500E+03 -4.431124E+00
  3.742000E+03 -4.211343E+00
  3.742500E+03 -3.935781E+00
  3.743000E+03 -3.607574E+00
  3.743500E+03 -3.230535E+00
  3.744000E+03 -2.809108E+00
  3.744500E+03 -2.348320E+00
  3.745000E+03 -1.853719E+00
  3.745500E+03 -1.331309E+00
  3.746000E+03 -7.874787E-01
  3.746500E+03 -2.289203E-01
  3.747000E+03  3.374492E-01
  3.747500E+03  9.045755E-01
  3.748000E+03  1.465355E+00
  3.748500E+03  2.012722E+00
  3.749000E+03  2.539742E+00
  3.749500E+03  3.039695E+00
  3.750000E+03  3.506167E+00
  3.750500E+03  3.933125E+00
  3.751000E+03  4.315005E+00
  3.751500E+03  4.646777E+00
  3.752000E+03  4.924015E+00
  3.752500E+03  5.142955E+00
  3.753000E+03  5.300547E+00
  3.753500E+03  5.394499E+00
  3.754000E+03  5.423305E+00
  3.754500E+03  5.386274E+00
  3.755000E+03  5.283541E+00
  3.755500E+03  5.116067E+00
  3.756000E+03  4.885634E+00
  3.756500E+03  4.594828E+00
  3.757000E+03  4.247008E+00
  3.757500E+03  3.846266E+00
  3.758000E+03  3.397385E+00
  3.758500E+03  2.905777E+00
  3.759000E+03  2.377418E+00
  3.759500E+03  1.818779E+00
  3.760000E+03  1.236743E+00
  3.760500E+03  6.385234E-01
  3.761000E+03  3.157247E-02
  3.761500E+03 -5.765106E-01
  3.762000E+03 -1.178074E+00
  3.762500E+03 -1.765512E+00
  3.763000E+03 -2.331355E+00
  3.763500E+03 -2.868372E+00
  3.764000E+03 -3.369656E+00
  3.764500E+03 -3.828714E+00
  3.765000E+03 -4.239554E+00
  3.765500E+03 -4.596755E+00
  3.766000E+03 -4.895545E+00
  3.766500E+03 -5.131858E+00
  3.767000E+03 -5.302390E+00
  3.767500E+03 -5.404646E+00
  3.768000E+03 -5.436967E+00
  3.768500E+03 -5.398562E+00
  3.769000E+03 -5.289516E+00
  3.769500E+03 -5.110795E+00
  3.770000E+03 -4.864233E+00
  3.770500E+03 -4.552516E+00
  3.771000E+03 -4.179152E+00
  3.771500E+03 -3.748423E+00
  3.772000E+03 -3.265343E+00
  3.772500E+03 -2.735589E+00
  3.773000E+03 -2.165441E+00
  3.773500E+03 -1.561695E+00
  3.774000E+03 -9.315878E-01
  3.774500E+03 -2.827055E-01
  3.775000E+03  3.771122E-01
  3.775500E+03  1.039867E+00
  3.776000E+03  1.697504E+00
  3.776500E+03  2.342007E+00
  3.777000E+03  2.965504E+00
  3.777500E+03  3.560364E+00
  3.778000E+03  4.119291E+00
  3.778500E+03  4.635416E+00
  3.779000E+03  5.102385E+00
  3.779500E+03  5.514438E+00
  3.780000E+03  5.866479E+00
  3.780500E+03  6.154147E+00
  3.781000E+03  6.373863E+00
  3.781500E+03  6.522881E+00
  3.782000E+03  6.599321E+00
  3.782500E+03  6.602192E+00
  3.783000E+03  6.531409E+00
  3.783500E+03  6.387788E+00
  3.784000E+03  6.173041E+00
  3.784500E+03  5.889752E+00
  3.785000E+03  5.541347E+00
  3.785500E+03  5.132047E+00
  3.786000E+03  4.666819E+00
  3.786500E+03  4.151312E+00
  3.787000E+03  3.591783E+00
  3.787500E+03  2.995023E+00
  3.788000E+03  2.368267E+00
  3.788500E+03  1.719104E+00
  3.789000E+03  1.055380E+00
  3.789500E+03  3.851023E-01
  3.790000E+03 -2.836673E-01
  3.790500E+03 -9.429095E-01
  3.791000E+03 -1.584751E+00
  3.791500E+03 -2.201565E+00
  3.792000E+03 -2.786064E+00
  3.792500E+03 -3.331396E+00
  3.793000E+03 -3.831226E+00
  3.793500E+03 -4.279819E+00
  3.794000E+03 -4.672110E+00
  3.794500E+03 -5.003769E+00
  3.795000E+03 -5.271251E+00
  3.795500E+03 -5.471842E+00
  3.796000E+03 -5.603690E+00
  3.796500E+03 -5.665828E+00
  3.797000E+03 -5.658182E+00
  3.797500E+03 -5.581572E+00
  3.798000E+03 -5.437694E+00
  3.798500E+03 -5.229102E+00
  3.799000E+03 -4.959165E+00
  3.799500E+03 -4.632026E+00
  3.800000E+03 -4.252543E+00
  3.800500E+03 -3.826226E+00
  3.801000E+03 -3.359159E+00
  3.801500E+03 -2.857921E+00
  3.802000E+03 -2.329500E+00
  3.802500E+03 -1.781196E+00
  3.803000E+03 -1.220527E+00
  3.803500E+03 -6.551271E-01
  3.804000E+03 -9.264830E-02
  3.804500E+03  4.593432E-01
  3.805000E+03  9.934657E-01
  3.805500E+03  1.502619E+00
  3.806000E+03  1.980080E+00
  3.806500E+03  2.419587E+00
  3.807000E+03  2.815425E+00
  3.807500E+03  3.162499E+00
  3.808000E+03  3.456400E+00
  3.808500E+03  3.693463E+00
  3.809000E+03  3.870814E+00
  3.809500E+03  3.986404E+00
  3.810000E+03  4.039038E+00
  3.810500E+03  4.028386E+00
  3.811000E+03  3.954988E+00
  3.811500E+03  3.820242E+00
  3.812000E+03  3.626384E+00
  3.812500E+03  3.376458E+00
  3.813000E+03  3.074269E+00
  3.813500E+03  2.724336E+00
  3.814000E+03  2.331823E+00
  3.814500E+03  1.902474E+00
  3.815000E+03  1.442528E+00
  3.815500E+03  9.586388E-01
  3.816000E+03  4.577828E-01
  3.816500E+03 -5.283776E-02
  3.817000E+03 -5.658915E-01
  3.817500E+03 -1.074018E+00
  3.818000E+03 -1.569926E+00
  3.818500E+03 -2.046497E+00
  3.819000E+03 -2.496875E+00
  3.819500E+03 -2.914565E+00
  3.820000E+03 -3.293520E+00
  3.820500E+03 -3.628218E+00
  3.821000E+03 -3.913744E+00
  3.821500E+03 -4.145849E+00
  3.822000E+03 -4.321013E+00
  3.822500E+03 -4.436489E+00
  3.823000E+03 -4.490341E+00
  3.823500E+03 -4.481468E+00
  3.824000E+03 -4.409624E+00
  3.824500E+03 -4.275412E+00
  3.825000E+03 -4.080284E+00
  3.825500E+03 -3.826518E+00
  3.826000E+03 -3.517184E+00
  3.826500E+03 -3.156108E+00
  3.827000E+03 -2.747814E+00
  3.827500E+03 -2.297470E+00
  3.828000E+03 -1.810810E+00
  3.828500E+03 -1.294065E+00
  3.829000E+03 -7.538728E-01
  3.829500E+03 -1.971941E-01
  3.830000E+03  3.687848E-01
  3.830500E+03  9.367459E-01
  3.831000E+03  1.499338E+00
  3.831500E+03  2.049272E+00
  3.832000E+03  2.579423E+00
  3.832500E+03  3.082918E+00
  3.833000E+03  3.553232E+00
  3.833500E+03  3.984270E+00
  3.834000E+03  4.370449E+00
  3.834500E+03  4.706768E+00
  3.835000E+03  4.988876E+00
  3.835500E+03  5.213125E+00
  3.836000E+03  5.376615E+00
  3.836500E+03  5.477235E+00
  3.837000E+03  5.513681E+00
  3.837500E+03  5.485476E+00
  3.838000E+03  5.392970E+00
  3.838500E+03  5.237333E+00
  3.839000E+03  5.020537E+00
  3.839500E+03  4.745323E+00
  3.840000E+03  4.415169E+00
  3.840500E+03  4.034232E+00
  3.841000E+03  3.607297E+00
  3.841500E+03  3.139707E+00
  3.842000E+03  2.637293E+00
  3.842500E+03  2.106294E+00
  3.843000E+03  1.553271E+00
  3.843500E+03  9.850253E-01
  3.844000E+03  4.085038E-01
  3.844500E+03 -1.692905E-01
  3.845000E+03 -7.413895E-01
  3.845500E+03 -1.300950E+00
  3.846000E+03 -1.841341E+00
  3.846500E+03 -2.356228E+00
  3.847000E+03 -2.839651E+00
  3.847500E+03 -3.286098E+00
  3.848000E+03 -3.690574E+00
  3.848500E+03 -4.048657E+00
  3.849000E+03 -4.356548E+00
  3.849500E+03 -4.611118E+00
  3.850000E+03 -4.809936E+00
  3.850500E+03 -4.951293E+00
  3.851000E+03 -5.034215E+00
  3.851500E+03 -5.058467E+00
  3.852000E+03 -5.024546E+00
  3.852500E+03 -4.933663E+00
  3.853000E+03 -4.787718E+00
  3.853500E+03 -4.589266E+00
  3.854000E+03 -4.341473E+00
  3.854500E+03 -4.048067E+00
  3.855000E+03 -3.713278E+00
  3.855500E+03 -3.341779E+00
  3.856000E+03 -2.938615E+00
  3.856500E+03 -2.509131E+00
  3.857000E+03 -2.058899E+00
  3.857500E+03 -1.593641E+00
  3.858000E+03 -1.119151E+00
  3.858500E+03 -6.412187E-01
  3.859000E+03 -1.655556E-01
  3.859500E+03  3.022800E-01
  3.860000E+03  7.569513E-01
  3.860500E+03  1.193408E+00
  3.861000E+03  1.606945E+00
  3.861500E+03  1.993258E+00
  3.862000E+03  2.348490E+00
  3.862500E+03  2.669272E+00
  3.863000E+03  2.952753E+00
  3.863500E+03  3.196628E+00
  3.864000E+03  3.399153E+00
  3.864500E+03  3.559152E+00
  3.865000E+03  3.676022E+00
  3.865500E+03  3.749720E+00
  3.866000E+03  3.780752E+00
  3.866500E+03  3.770148E+00
  3.867000E+03  3.719435E+00
  3.867500E+03  3.630601E+00
  3.868000E+03  3.506052E+00
  3.868500E+03  3.348572E+00
  3.869000E+03  3.161266E+00
  3.869500E+03  2.947512E+00
  3.870000E+03  2.710906E+00
  3.870500E+03  2.455203E+00
  3.871000E+03  2.184261E+00
  3.871500E+03  1.901982E+00
  3.872000E+03  1.612261E+00
  3.872500E+03  1.318926E+00
  3.873000E+03  1.025690E+00
  3.873500E+03  7.361042E-01
  3.874000E+03  4.535093E-01
  3.874500E+03  1.810008E-01
  3.875000E+03 -7.860779E-02
  3.875500E+03 -3.228135E-01
  3.876000E+03 -5.494473E-01
  3.876500E+03 -7.566913E-01
  3.877000E+03 -9.430904E-01
  3.877500E+03 -1.107558E+00
  3.878000E+03 -1.249374E+00
  3.878500E+03 -1.368182E+00
  3.879000E+03 -1.463973E+00
  3.879500E+03 -1.537074E+00
  3.880000E+03 -1.588122E+00
  3.880500E+03 -1.618040E+00
  3.881000E+03 -1.628009E+00
  3.881500E+03 -1.619435E+00
  3.882000E+03 -1.593915E+00
  3.882500E+03 -1.553198E+00
  3.883000E+03 -1.499149E+00
  3.883500E+03 -1.433715E+00
  3.884000E+03 -1.358879E+00
  3.884500E+03 -1.276631E+00
  3.885000E+03 -1.188928E+00
  3.885500E+03 -1.097661E+00
  3.886000E+03 -1.004625E+00
  3.886500E+03 -9.114931E-01
  3.887000E+03 -8.197874E-01
  3.887500E+03 -7.308617E-01
  3.888000E+03 -6.458835E-01
  3.888500E+03 -5.658217E-01
  3.889000E+03 -4.914382E-01
  3.889500E+03 -4.232838E-01
  3.890000E+03 -3.616987E-01
  3.890500E+03 -3.068167E-01
  3.891000E+03 -2.585738E-01
  3.891500E+03 -2.167204E-01
  3.892000E+03 -1.808364E-01
  3.892500E+03 -1.503501E-01
  3.893000E+03 -1.245593E-01
  3.893500E+03 -1.026545E-01
  3.894000E+03 -8.374386E-02
  3.894500E+03 -6.687917E-02
  3.895000E+03 -5.108279E-02
  3.895500E+03 -3.537436E-02
  3.896000E+03 -1.879717E-02
  3.896500E+03 -4.437005E-04
  3.897000E+03  2.052033E-02
  3.897500E+03  4.483374E-02
  3.898000E+03  7.311986E-02
  3.898500E+03  1.058693E-01
  3.899000E+03  1.434253E-01
  3.899500E+03  1.859728E-01
  3.900000E+03  2.335306E-01
  3.900500E+03  2.859466E-01
  3.901000E+03  3.428977E-01
  3.901500E+03  4.038921E-01
  3.902000E+03  4.682761E-01
  3.902500E+03  5.352437E-01
  3.903000E+03  6.038497E-01
  3.903500E+03  6.730255E-01
  3.904000E+03  7.415980E-01
  3.904500E+03  8.083104E-01
  3.905000E+03  8.718452E-01
  3.905500E+03  9.308486E-01
  3.906000E+03  9.839565E-01
  3.906500E+03  1.029820E+00
  3.907000E+03  1.067132E+00
  3.907500E+03  1.094655E+00
  3.908000E+03  1.111242E+00
  3.908500E+03  1.115866E+00
  3.909000E+03  1.107639E+00
  3.909500E+03  1.085832E+00
  3.910000E+03  1.049895E+00
  3.910500E+03  9.994718E-01
  3.911000E+03  9.344106E-01
  3.911500E+03  8.547738E-01
  3.912000E+03  7.608434E-01
  3.912500E+03  6.531223E-01
  3.913000E+03  5.323334E-01
  3.913500E+03  3.994131E-01
  3.914000E+03  2.555030E-01
  3.914500E+03  1.019372E-01
  3.915000E+03 -5.977347E-02
  3.915500E+03 -2.279599E-01
  3.916000E+03 -4.008164E-01
  3.916500E+03 -5.764247E-01
  3.917000E+03 -7.527796E-01
  3.917500E+03 -9.278169E-01
  3.918000E+03 -1.099442E+00
  3.918500E+03 -1.265559E+00
  3.919000E+03 -1.424103E+00
  3.919500E+03 -1.573066E+00
  3.920000E+03 -1.710530E+00
  3.920500E+03 -1.834692E+00
  3.921000E+03 -1.943893E+00
  3.921500E+03 -2.036641E+00
  3.922000E+03 -2.111635E+00
  3.922500E+03 -2.167782E+00
  3.923000E+03 -2.204219E+00
  3.923500E+03 -2.220321E+00
  3.924000E+03 -2.215714E+00
  3.924500E+03 -2.190280E+00
  3.925000E+03 -2.144163E+00
  3.925500E+03 -2.077766E+00
  3.926000E+03 -1.991744E+00
  3.926500E+03 -1.887002E+00
  3.927000E+03 -1.764676E+00
  3.927500E+03 -1.626124E+00
  3.928000E+03 -1.472905E+00
  3.928500E+03 -1.306757E+00
  3.929000E+03 -1.129575E+00
  3.929500E+03 -9.433846E-01
  3.930000E+03 -7.503140E-01
  3.930500E+03 -5.525658E-01
  3.931000E+03 -3.523866E-01
  3.931500E+03 -1.520364E-01
  3.932000E+03  4.624195E-02
  3.932500E+03  2.402525E-01
  3.933000E+03  4.278759E-01
  3.933500E+03  6.070973E-01
  3.934000E+03  7.760326E-01
  3.934500E+03  9.329527E-01
  3.935000E+03  1.076306E+00
  3.935500E+03  1.204737E+00
  3.936000E+03  1.317101E+00
  3.936500E+03  1.412483E+00
  3.937000E+03  1.490198E+00
  3.937500E+03  1.549806E+00
  3.938000E+03  1.591109E+00
  3.938500E+03  1.614153E+00
  3.939000E+03  1.619222E+00
  3.939500E+03  1.606830E+00
  3.940000E+03  1.577711E+00
  3.940500E+03  1.532803E+00
  3.941000E+03  1.473233E+00
  3.941500E+03  1.400296E+00
  3.942000E+03  1.315431E+00
  3.942500E+03  1.220200E+00
  3.943000E+03  1.116263E+00
  3.943500E+03  1.005349E+00
  3.944000E+03  8.892278E-01
  3.944500E+03  7.696869E-01
  3.945000E+03  6.485004E-01
  3.945500E+03  5.274027E-01
  3.946000E+03  4.080636E-01
  3.946500E+03  2.920625E-01
  3.947000E+03  1.808664E-01
  3.947500E+03  7.580868E-02
  3.948000E+03 -2.192913E-02
  3.948500E+03 -1.113332E-01
  3.949000E+03 -1.915702E-01
  3.949500E+03 -2.619973E-01
  3.950000E+03 -3.221684E-01
  3.950500E+03 -3.718379E-01
  3.951000E+03 -4.109604E-01
  3.951500E+03 -4.396874E-01
  3.952000E+03 -4.583611E-01
  3.952500E+03 -4.675043E-01
  3.953000E+03 -4.678082E-01
  3.953500E+03 -4.601169E-01
  3.954000E+03 -4.454093E-01
  3.954500E+03 -4.247797E-01
  3.955000E+03 -3.994154E-01
  3.955500E+03 -3.705739E-01
  3.956000E+03 -3.395578E-01
  3.956500E+03 -3.076900E-01
  3.957000E+03 -2.762881E-01
  3.957500E+03 -2.466390E-01
  3.958000E+03 -2.199739E-01
  3.958500E+03 -1.974448E-01
  3.959000E+03 -1.801012E-01
  3.959500E+03 -1.688696E-01
  3.960000E+03 -1.645346E-01
  3.960500E+03 -1.677223E-01
  3.961000E+03 -1.788865E-01
  3.961500E+03 -1.982977E-01
  3.962000E+03 -2.260354E-01
  3.962500E+03 -2.619830E-01
  3.963000E+03 -3.058273E-01
  3.963500E+03 -3.570601E-01
  3.964000E+03 -4.149840E-01
  3.964500E+03 -4.787209E-01
  3.965000E+03 -5.472248E-01
  3.965500E+03 -6.192964E-01
  3.966000E+03 -6.936016E-01
  3.966500E+03 -7.686918E-01
  3.967000E+03 -8.430274E-01
  3.967500E+03 -9.150024E-01
  3.968000E+03 -9.829712E-01
  3.968500E+03 -1.045276E+00
  3.969000E+03 -1.100277E+00
  3.969500E+03 -1.146378E+00
  3.970000E+03 -1.182060E+00
  3.970500E+03 -1.205905E+00
  3.971000E+03 -1.216626E+00
  3.971500E+03 -1.213092E+00
  3.972000E+03 -1.194352E+00
  3.972500E+03 -1.159656E+00
  3.973000E+03 -1.108478E+00
  3.973500E+03 -1.040525E+00
  3.974000E+03 -9.557557E-01
  3.974500E+03 -8.543886E-01
  3.975000E+03 -7.369057E-01
  3.975500E+03 -6.040559E-01
  3.976000E+03 -4.568517E-01
  3.976500E+03 -2.965639E-01
  3.977000E+03 -1.247100E-01
  3.977500E+03  5.695877E-02
  3.978000E+03  2.464765E-01
  3.978500E+03  4.416836E-01
  3.979000E+03  6.402521E-01
  3.979500E+03  8.397132E-01
  3.980000E+03  1.037489E+00
  3.980500E+03  1.230923E+00
  3.981000E+03  1.417318E+00
  3.981500E+03  1.593971E+00
  3.982000E+03  1.758209E+00
  3.982500E+03  1.907429E+00
  3.983000E+03  2.039133E+00
  3.983500E+03  2.150968E+00
  3.984000E+03  2.240756E+00
  3.984500E+03  2.306534E+00
  3.985000E+03  2.346581E+00
  3.985500E+03  2.359452E+00
  3.986000E+03  2.343998E+00
  3.986500E+03  2.299393E+00
  3.987000E+03  2.225150E+00
  3.987500E+03  2.121137E+00
  3.988000E+03  1.987588E+00
  3.988500E+03  1.825103E+00
  3.989000E+03  1.634657E+00
  3.989500E+03  1.417587E+00
  3.990000E+03  1.175590E+00
  3.990500E+03  9.107065E-01
  3.991000E+03  6.253004E-01
  3.991500E+03  3.220387E-01
  3.992000E+03  3.863308E-03
  3.992500E+03 -3.260400E-01
  3.993000E+03 -6.642758E-01
  3.993500E+03 -1.007277E+00
  3.994000E+03 -1.351346E+00
  3.994500E+03 -1.692694E+00
  3.995000E+03 -2.027489E+00
  3.995500E+03 -2.351901E+00
  3.996000E+03 -2.662142E+00
  3.996500E+03 -2.954520E+00
  3.997000E+03 -3.225477E+00
  3.997500E+03 -3.471639E+00
  3.998000E+03 -3.689850E+00
  3.998500E+03 -3.877221E+00
  3.999000E+03 -4.031161E+00
  3.999500E+03 -4.149410E+00
  4.000000E+03 -4.230072E+00
  4.000500E+03 -4.271641E+00
  4.001000E+03 -4.273019E+00
  4.001500E+03 -4.233532E+00
  4.002000E+03 -4.152949E+00
  4.002500E+03 -4.031478E+00
  4.003000E+03 -3.869775E+00
  4.003500E+03 -3.668935E+00
  4.004000E+03 -3.430489E+00
  4.004500E+03 -3.156383E+00
  4.005000E+03 -2.848962E+00
  4.005500E+03 -2.510947E+00
  4.006000E+03 -2.145407E+00
  4.006500E+03 -1.755726E+00
  4.007000E+03 -1.345566E+00
  4.007500E+03 -9.188309E-01
  4.008000E+03 -4.796249E-01
  4.008500E+03 -3.220660E-02
  4.009000E+03  4.190546E-01
  4.009500E+03  8.697253E-01
  4.010000E+03  1.315356E+00
  4.010500E+03  1.751526E+00
  4.011000E+03  2.173892E+00
  4.011500E+03  2.578235E+00
  4.012000E+03  2.960500E+00
  4.012500E+03  3.316840E+00
  4.013000E+03  3.643657E+00
  4.013500E+03  3.937637E+00
  4.014000E+03  4.195783E+00
  4.014500E+03  4.415446E+00
  4.015000E+03  4.594350E+00
  4.015500E+03  4.730612E+00
  4.016000E+03  4.822762E+00
  4.016500E+03  4.869755E+00
  4.017000E+03  4.870981E+00
  4.017500E+03  4.826263E+00
  4.018000E+03  4.735866E+00
  4.018500E+03  4.600484E+00
  4.019000E+03  4.421233E+00
  4.019500E+03  4.199643E+00
  4.020000E+03  3.937631E+00
  4.020500E+03  3.637491E+00
  4.021000E+03  3.301863E+00
  4.021500E+03  2.933708E+00
  4.022000E+03  2.536279E+00
  4.022500E+03  2.113089E+00
  4.023000E+03  1.667877E+00
  4.023500E+03  1.204574E+00
  4.024000E+03  7.272611E-01
  4.024500E+03  2.401402E-01
  4.025000E+03 -2.525101E-01
  4.025500E+03 -7.463701E-01
  4.026000E+03 -1.237117E+00
  4.026500E+03 -1.720462E+00
  4.027000E+03 -2.192186E+00
  4.027500E+03 -2.648177E+00
  4.028000E+03 -3.084461E+00
  4.028500E+03 -3.497235E+00
  4.029000E+03 -3.882899E+00
  4.029500E+03 -4.238082E+00
  4.030000E+03 -4.559668E+00
  4.030500E+03 -4.844822E+00
  4.031000E+03 -5.091009E+00
  4.031500E+03 -5.296012E+00
  4.032000E+03 -5.457952E+00
  4.032500E+03 -5.575296E+00
  4.033000E+03 -5.646875E+00
  4.033500E+03 -5.671883E+00
  4.034000E+03 -5.649892E+00
  4.034500E+03 -5.580847E+00
  4.035000E+03 -5.465072E+00
  4.035500E+03 -5.303263E+00
  4.036000E+03 -5.096486E+00
  4.036500E+03 -4.846169E+00
  4.037000E+03 -4.554092E+00
  4.037500E+03 -4.222374E+00
  4.038000E+03 -3.853458E+00
  4.038500E+03 -3.450096E+00
  4.039000E+03 -3.015328E+00
  4.039500E+03 -2.552463E+00
  4.040000E+03 -2.065054E+00
  4.040500E+03 -1.556872E+00
  4.041000E+03 -1.031882E+00
  4.041500E+03 -4.942120E-01
  4.042000E+03  5.187536E-02
  4.042500E+03  6.020165E-01
  4.043000E+03  1.151779E+00
  4.043500E+03  1.696693E+00
  4.044000E+03  2.232293E+00
  4.044500E+03  2.754144E+00
  4.045000E+03  3.257887E+00
  4.045500E+03  3.739268E+00
  4.046000E+03  4.194180E+00
  4.046500E+03  4.618695E+00
  4.047000E+03  5.009101E+00
  4.047500E+03  5.361939E+00
  4.048000E+03  5.674033E+00
  4.048500E+03  5.942523E+00
  4.049000E+03  6.164898E+00
  4.049500E+03  6.339018E+00
  4.050000E+03  6.463145E+00
  4.050500E+03  6.535962E+00
  4.051000E+03  6.556596E+00
  4.051500E+03  6.524629E+00
  4.052000E+03  6.440114E+00
  4.052500E+03  6.303578E+00
  4.053000E+03  6.116033E+00
  4.053500E+03  5.878969E+00
  4.054000E+03  5.594349E+00
  4.054500E+03  5.264602E+00
  4.055000E+03  4.892605E+00
  4.055500E+03  4.481663E+00
  4.056000E+03  4.035486E+00
  4.056500E+03  3.558156E+00
  4.057000E+03  3.054097E+00
  4.057500E+03  2.528034E+00
  4.058000E+03  1.984950E+00
  4.058500E+03  1.430040E+00
  4.059000E+03  8.686630E-01
  4.059500E+03  3.062882E-01
  4.060000E+03 -2.515603E-01
  4.060500E+03 -7.993589E-01
  4.061000E+03 -1.331643E+00
  4.061500E+03 -1.843066E+00
  4.062000E+03 -2.328455E+00
  4.062500E+03 -2.782871E+00
  4.063000E+03 -3.201665E+00
  4.063500E+03 -3.580528E+00
  4.064000E+03 -3.915547E+00
  4.064500E+03 -4.203248E+00
  4.065000E+03 -4.440643E+00
  4.065500E+03 -4.625263E+00
  4.066000E+03 -4.755197E+00
  4.066500E+03 -4.829117E+00
  4.067000E+03 -4.846295E+00
  4.067500E+03 -4.806622E+00
  4.068000E+03 -4.710613E+00
  4.068500E+03 -4.559407E+00
  4.069000E+03 -4.354758E+00
  4.069500E+03 -4.099023E+00
  4.070000E+03 -3.795135E+00
  4.070500E+03 -3.446579E+00
  4.071000E+03 -3.057352E+00
  4.071500E+03 -2.631919E+00
  4.072000E+03 -2.175169E+00
  4.072500E+03 -1.692353E+00
  4.073000E+03 -1.189031E+00
  4.073500E+03 -6.710039E-01
  4.074000E+03 -1.442464E-01
  4.074500E+03  3.851619E-01
  4.075000E+03  9.111096E-01
  4.075500E+03  1.427527E+00
  4.076000E+03  1.928457E+00
  4.076500E+03  2.408131E+00
  4.077000E+03  2.861037E+00
  4.077500E+03  3.281986E+00
  4.078000E+03  3.666177E+00
  4.078500E+03  4.009259E+00
  4.079000E+03  4.307380E+00
  4.079500E+03  4.557240E+00
  4.080000E+03  4.756125E+00
  4.080500E+03  4.901950E+00
  4.081000E+03  4.993278E+00
  4.081500E+03  5.029339E+00
  4.082000E+03  5.010040E+00
  4.082500E+03  4.935968E+00
  4.083000E+03  4.808376E+00
  4.083500E+03  4.629171E+00
  4.084000E+03  4.400886E+00
  4.084500E+03  4.126647E+00
  4.085000E+03  3.810134E+00
  4.085500E+03  3.455529E+00
  4.086000E+03  3.067463E+00
  4.086500E+03  2.650955E+00
  4.087000E+03  2.211345E+00
  4.087500E+03  1.754225E+00
  4.088000E+03  1.285366E+00
  4.088500E+03  8.106408E-01
  4.089000E+03  3.359483E-01
  4.089500E+03 -1.328636E-01
  4.090000E+03 -5.900746E-01
  4.090500E+03 -1.030166E+00
  4.091000E+03 -1.447891E+00
  4.091500E+03 -1.838344E+00
  4.092000E+03 -2.197022E+00
  4.092500E+03 -2.519883E+00
  4.093000E+03 -2.803393E+00
  4.093500E+03 -3.044573E+00
  4.094000E+03 -3.241034E+00
  4.094500E+03 -3.391004E+00
  4.095000E+03 -3.493346E+00
  4.095500E+03 -3.547570E+00
  4.096000E+03 -3.553833E+00
  4.096500E+03 -3.512933E+00
  4.097000E+03 -3.426289E+00
  4.097500E+03 -3.295921E+00
  4.098000E+03 -3.124413E+00
  4.098500E+03 -2.914875E+00
  4.099000E+03 -2.670893E+00
  4.099500E+03 -2.396477E+00
  4.100000E+03 -2.095999E+00
  4.100500E+03 -1.774132E+00
  4.101000E+03 -1.435778E+00
  4.101500E+03 -1.086000E+00
  4.102000E+03 -7.299469E-01
  4.102500E+03 -3.727831E-01
  4.103000E+03 -1.961224E-02
  4.103500E+03  3.245931E-01
  4.104000E+03  6.550615E-01
  4.104500E+03  9.672882E-01
  4.105000E+03  1.257098E+00
  4.105500E+03  1.520701E+00
  4.106000E+03  1.754746E+00
  4.106500E+03  1.956359E+00
  4.107000E+03  2.123190E+00
  4.107500E+03  2.253432E+00
  4.108000E+03  2.345848E+00
  4.108500E+03  2.399786E+00
  4.109000E+03  2.415177E+00
  4.109500E+03  2.392537E+00
  4.110000E+03  2.332950E+00
  4.110500E+03  2.238051E+00
  4.111000E+03  2.109994E+00
  4.111500E+03  1.951418E+00
  4.112000E+03  1.765405E+00
  4.112500E+03  1.555427E+00
  4.113000E+03  1.325295E+00
  4.113500E+03  1.079098E+00
  4.114000E+03  8.211397E-01
  4.114500E+03  5.558715E-01
  4.115000E+03  2.878263E-01
  4.115500E+03  2.154769E-02
  4.116000E+03 -2.384781E-01
  4.116500E+03 -4.878910E-01
  4.117000E+03 -7.225224E-01
  4.117500E+03 -9.384590E-01
  4.118000E+03 -1.132101E+00
  4.118500E+03 -1.300218E+00
  4.119000E+03 -1.439996E+00
  4.119500E+03 -1.549082E+00
  4.120000E+03 -1.625620E+00
  4.120500E+03 -1.668277E+00
  4.121000E+03 -1.676268E+00
  4.121500E+03 -1.649367E+00
  4.122000E+03 -1.587909E+00
  4.122500E+03 -1.492794E+00
  4.123000E+03 -1.365467E+00
  4.123500E+03 -1.207902E+00
  4.124000E+03 -1.022578E+00
  4.124500E+03 -8.124373E-01
  4.125000E+03 -5.808476E-01
  4.125500E+03 -3.315539E-01
  4.126000E+03 -6.862391E-02
  4.126500E+03  2.036105E-01
  4.127000E+03  4.806159E-01
  4.127500E+03  7.577234E-01
  4.128000E+03  1.030197E+00
  4.128500E+03  1.293303E+00
  4.129000E+03  1.542380E+00
  4.129500E+03  1.772909E+00
  4.130000E+03  1.980581E+00
  4.130500E+03  2.161361E+00
  4.131000E+03  2.311552E+00
  4.131500E+03  2.427852E+00
  4.132000E+03  2.507404E+00
  4.132500E+03  2.547849E+00
  4.133000E+03  2.547357E+00
  4.133500E+03  2.504670E+00
  4.134000E+03  2.419118E+00
  4.134500E+03  2.290644E+00
  4.135000E+03  2.119809E+00
  4.135500E+03  1.907793E+00
  4.136000E+03  1.656388E+00
  4.136500E+03  1.367981E+00
  4.137000E+03  1.045531E+00
  4.137500E+03  6.925331E-01
  4.138000E+03  3.129806E-01
  4.138500E+03 -8.868308E-02
  4.139000E+03 -5.076191E-01
  4.139500E+03 -9.386529E-01
  4.140000E+03 -1.376340E+00
  4.140500E+03 -1.815035E+00
  4.141000E+03 -2.248966E+00
  4.141500E+03 -2.672309E+00
  4.142000E+03 -3.079266E+00
  4.142500E+03 -3.464142E+00
  4.143000E+03 -3.821423E+00
  4.143500E+03 -4.145854E+00
  4.144000E+03 -4.432509E+00
  4.144500E+03 -4.676863E+00
  4.145000E+03 -4.874858E+00
  4.145500E+03 -5.022960E+00
  4.146000E+03 -5.118220E+00
  4.146500E+03 -5.158316E+00
  4.147000E+03 -5.141592E+00
  4.147500E+03 -5.067094E+00
  4.148000E+03 -4.934590E+00
  4.148500E+03 -4.744585E+00
  4.149000E+03 -4.498323E+00
  4.149500E+03 -4.197788E+00
  4.150000E+03 -3.845682E+00
  4.150500E+03 -3.445406E+00
  4.151000E+03 -3.001026E+00
  4.151500E+03 -2.517229E+00
  4.152000E+03 -1.999276E+00
  4.152500E+03 -1.452938E+00
  4.153000E+03 -8.844351E-01
  4.153500E+03 -3.003625E-01
  4.154000E+03  2.923889E-01
  4.154500E+03  8.867142E-01
  4.155000E+03  1.475381E+00
  4.155500E+03  2.051121E+00
  4.156000E+03  2.606716E+00
  4.156500E+03  3.135094E+00
  4.157000E+03  3.629421E+00
  4.157500E+03  4.083183E+00
  4.158000E+03  4.490279E+00
  4.158500E+03  4.845099E+00
  4.159000E+03  5.142603E+00
  4.159500E+03  5.378387E+00
  4.160000E+03  5.548753E+00
  4.160500E+03  5.650756E+00
  4.161000E+03  5.682257E+00
  4.161500E+03  5.641955E+00
  4.162000E+03  5.529415E+00
  4.162500E+03  5.345085E+00
  4.163000E+03  5.090296E+00
  4.163500E+03  4.767263E+00
  4.164000E+03  4.379061E+00
  4.164500E+03  3.929600E+00
  4.165000E+03  3.423583E+00
  4.165500E+03  2.866459E+00
  4.166000E+03  2.264360E+00
  4.166500E+03  1.624034E+00
  4.167000E+03  9.527684E-01
  4.167500E+03  2.583003E-01
  4.168000E+03 -4.512710E-01
  4.168500E+03 -1.167583E+00
  4.169000E+03 -1.882112E+00
  4.169500E+03 -2.586278E+00
  4.170000E+03 -3.271548E+00
  4.170500E+03 -3.929549E+00
  4.171000E+03 -4.552168E+00
  4.171500E+03 -5.131658E+00
  4.172000E+03 -5.660737E+00
  4.172500E+03 -6.132686E+00
  4.173000E+03 -6.541430E+00
  4.173500E+03 -6.881627E+00
  4.174000E+03 -7.148736E+00
  4.174500E+03 -7.339081E+00
  4.175000E+03 -7.449902E+00
  4.175500E+03 -7.479398E+00
  4.176000E+03 -7.426752E+00
  4.176500E+03 -7.292154E+00
  4.177000E+03 -7.076797E+00
  4.177500E+03 -6.782875E+00
  4.178000E+03 -6.413558E+00
  4.178500E+03 -5.972956E+00
  4.179000E+03 -5.466076E+00
  4.179500E+03 -4.898762E+00
  4.180000E+03 -4.277623E+00
  4.180500E+03 -3.609956E+00
  4.181000E+03 -2.903657E+00
  4.181500E+03 -2.167123E+00
  4.182000E+03 -1.409146E+00
  4.182500E+03 -6.388073E-01
  4.183000E+03  1.346403E-01
  4.183500E+03  9.018866E-01
  4.184000E+03  1.653683E+00
  4.184500E+03  2.380959E+00
  4.185000E+03  3.074939E+00
  4.185500E+03  3.727254E+00
  4.186000E+03  4.330046E+00
  4.186500E+03  4.876073E+00
  4.187000E+03  5.358800E+00
  4.187500E+03  5.772482E+00
  4.188000E+03  6.112238E+00
  4.188500E+03  6.374117E+00
  4.189000E+03  6.555143E+00
  4.189500E+03  6.653356E+00
  4.190000E+03  6.667840E+00
  4.190500E+03  6.598727E+00
  4.191000E+03  6.447200E+00
  4.191500E+03  6.215474E+00
  4.192000E+03  5.906766E+00
  4.192500E+03  5.525256E+00
  4.193000E+03  5.076024E+00
  4.193500E+03  4.564990E+00
  4.194000E+03  3.998833E+00
  4.194500E+03  3.384899E+00
  4.195000E+03  2.731113E+00
  4.195500E+03  2.045867E+00
  4.196000E+03  1.337914E+00
  4.196500E+03  6.162538E-01
  4.197000E+03 -1.099862E-01
  4.197500E+03 -8.316668E-01
  4.198000E+03 -1.539757E+00
  4.198500E+03 -2.225447E+00
  4.199000E+03 -2.880266E+00
  4.199500E+03 -3.496185E+00
  4.200000E+03 -4.065718E+00
  4.200500E+03 -4.582018E+00
  4.201000E+03 -5.038959E+00
  4.201500E+03 -5.431211E+00
  4.202000E+03 -5.754303E+00
  4.202500E+03 -6.004672E+00
  4.203000E+03 -6.179704E+00
  4.203500E+03 -6.277760E+00
  4.204000E+03 -6.298188E+00
  4.204500E+03 -6.241318E+00
  4.205000E+03 -6.108458E+00
  4.205500E+03 -5.901856E+00
  4.206000E+03 -5.624670E+00
  4.206500E+03 -5.280913E+00
  4.207000E+03 -4.875392E+00
  4.207500E+03 -4.413639E+00
  4.208000E+03 -3.901829E+00
  4.208500E+03 -3.346691E+00
  4.209000E+03 -2.755417E+00
  4.209500E+03 -2.135563E+00
  4.210000E+03 -1.494945E+00
  4.210500E+03 -8.415353E-01
  4.211000E+03 -1.833572E-01
  4.211500E+03  4.716171E-01
  4.212000E+03  1.115569E+00
  4.212500E+03  1.740932E+00
  4.213000E+03  2.340484E+00
  4.213500E+03  2.907431E+00
  4.214000E+03  3.435492E+00
  4.214500E+03  3.918964E+00
  4.215000E+03  4.352787E+00
  4.215500E+03  4.732593E+00
  4.216000E+03  5.054752E+00
  4.216500E+03  5.316398E+00
  4.217000E+03  5.515448E+00
  4.217500E+03  5.650616E+00
  4.218000E+03  5.721407E+00
  4.218500E+03  5.728102E+00
  4.219000E+03  5.671741E+00
  4.219500E+03  5.554086E+00
  4.220000E+03  5.377578E+00
  4.220500E+03  5.145293E+00
  4.221000E+03  4.860882E+00
  4.221500E+03  4.528507E+00
  4.222000E+03  4.152777E+00
  4.222500E+03  3.738673E+00
  4.223000E+03  3.291474E+00
  4.223500E+03  2.816686E+00
  4.224000E+03  2.319956E+00
  4.224500E+03  1.807007E+00
  4.225000E+03  1.283557E+00
  4.225500E+03  7.552500E-01
  4.226000E+03  2.275916E-01
  4.226500E+03 -2.941171E-01
  4.227000E+03 -8.048345E-01
  4.227500E+03 -1.299830E+00
  4.228000E+03 -1.774728E+00
  4.228500E+03 -2.225544E+00
  4.229000E+03 -2.648718E+00
  4.229500E+03 -3.041133E+00
  4.230000E+03 -3.400133E+00
  4.230500E+03 -3.723529E+00
  4.231000E+03 -4.009601E+00
  4.231500E+03 -4.257091E+00
  4.232000E+03 -4.465192E+00
  4.232500E+03 -4.633527E+00
  4.233000E+03 -4.762130E+00
  4.233500E+03 -4.851416E+00
  4.234000E+03 -4.902148E+00
  4.234500E+03 -4.915406E+00
  4.235000E+03 -4.892549E+00
  4.235500E+03 -4.835176E+00
  4.236000E+03 -4.745091E+00
  4.236500E+03 -4.624260E+00
  4.237000E+03 -4.474779E+00
  4.237500E+03 -4.298833E+00
  4.238000E+03 -4.098667E+00
  4.238500E+03 -3.876551E+00
  4.239000E+03 -3.634756E+00
  4.239500E+03 -3.375528E+00
  4.240000E+03 -3.101066E+00
  4.240500E+03 -2.813509E+00
  4.241000E+03 -2.514921E+00
  4.241500E+03 -2.207281E+00
  4.242000E+03 -1.892481E+00
  4.242500E+03 -1.572324E+00
  4.243000E+03 -1.248525E+00
  4.243500E+03 -9.227182E-01
  4.244000E+03 -5.964605E-01
  4.244500E+03 -2.712453E-01
  4.245000E+03  5.148820E-02
  4.245500E+03  3.703433E-01
  4.246000E+03  6.839526E-01
  4.246500E+03  9.909663E-01
  4.247000E+03  1.290040E+00
  4.247500E+03  1.579826E+00
  4.248000E+03  1.858963E+00
  4.248500E+03  2.126070E+00
  4.249000E+03  2.379743E+00
  4.249500E+03  2.618554E+00
  4.250000E+03  2.841054E+00
  4.250500E+03  3.045778E+00
  4.251000E+03  3.231251E+00
  4.251500E+03  3.396006E+00
  4.252000E+03  3.538593E+00
  4.252500E+03  3.657600E+00
  4.253000E+03  3.751678E+00
  4.253500E+03  3.819554E+00
  4.254000E+03  3.860068E+00
  4.254500E+03  3.872192E+00
  4.255000E+03  3.855058E+00
  4.255500E+03  3.807987E+00
  4.256000E+03  3.730519E+00
  4.256500E+03  3.622432E+00
  4.257000E+03  3.483773E+00
  4.257500E+03  3.314875E+00
  4.258000E+03  3.116380E+00
  4.258500E+03  2.889250E+00
  4.259000E+03  2.634783E+00
  4.259500E+03  2.354614E+00
  4.260000E+03  2.050720E+00
  4.260500E+03  1.725415E+00
  4.261000E+03  1.381342E+00
  4.261500E+03  1.021455E+00
  4.262000E+03  6.489988E-01
  4.262500E+03  2.674837E-01
  4.263000E+03 -1.193480E-01
  4.263500E+03 -5.075587E-01
  4.264000E+03 -8.930580E-01
  4.264500E+03 -1.271649E+00
  4.265000E+03 -1.639078E+00
  4.265500E+03 -1.991087E+00
  4.266000E+03 -2.323473E+00
  4.266500E+03 -2.632137E+00
  4.267000E+03 -2.913148E+00
  4.267500E+03 -3.162798E+00
  4.268000E+03 -3.377657E+00
  4.268500E+03 -3.554625E+00
  4.269000E+03 -3.690984E+00
  4.269500E+03 -3.784448E+00
  4.270000E+03 -3.833196E+00
  4.270500E+03 -3.835914E+00
  4.271000E+03 -3.791826E+00
  4.271500E+03 -3.700711E+00
  4.272000E+03 -3.562923E+00
  4.272500E+03 -3.379395E+00
  4.273000E+03 -3.151643E+00
  4.273500E+03 -2.881753E+00
  4.274000E+03 -2.572367E+00
  4.274500E+03 -2.226653E+00
  4.275000E+03 -1.848278E+00
  4.275500E+03 -1.441363E+00
  4.276000E+03 -1.010436E+00
  4.276500E+03 -5.603804E-01
  4.277000E+03 -9.636929E-02
  4.277500E+03  3.761941E-01
  4.278000E+03  8.517480E-01
  4.278500E+03  1.324643E+00
  4.279000E+03  1.789218E+00
  4.279500E+03  2.239871E+00
  4.280000E+03  2.671140E+00
  4.280500E+03  3.077770E+00
  4.281000E+03  3.454787E+00
  4.281500E+03  3.797568E+00
  4.282000E+03  4.101898E+00
  4.282500E+03  4.364033E+00
  4.283000E+03  4.580750E+00
  4.283500E+03  4.749388E+00
  4.284000E+03  4.867890E+00
  4.284500E+03  4.934826E+00
  4.285000E+03  4.949415E+00
  4.285500E+03  4.911534E+00
  4.286000E+03  4.821719E+00
  4.286500E+03  4.681160E+00
  4.287000E+03  4.491679E+00
  4.287500E+03  4.255707E+00
  4.288000E+03  3.976246E+00
  4.288500E+03  3.656833E+00
  4.289000E+03  3.301482E+00
  4.289500E+03  2.914636E+00
  4.290000E+03  2.501099E+00
  4.290500E+03  2.065971E+00
  4.291000E+03  1.614580E+00
  4.291500E+03  1.152409E+00
  4.292000E+03  6.850169E-01
  4.292500E+03  2.179708E-01
  4.293000E+03 -2.432325E-01
  4.293500E+03 -6.932378E-01
  4.294000E+03 -1.126900E+00
  4.294500E+03 -1.539350E+00
  4.295000E+03 -1.926057E+00
  4.295500E+03 -2.282879E+00
  4.296000E+03 -2.606117E+00
  4.296500E+03 -2.892555E+00
  4.297000E+03 -3.139491E+00
  4.297500E+03 -3.344768E+00
  4.298000E+03 -3.506788E+00
  4.298500E+03 -3.624524E+00
  4.299000E+03 -3.697523E+00
  4.299500E+03 -3.725895E+00
  4.300000E+03 -3.710301E+00
  4.300500E+03 -3.651930E+00
  4.301000E+03 -3.552471E+00
  4.301500E+03 -3.414075E+00
  4.302000E+03 -3.239314E+00
  4.302500E+03 -3.031137E+00
  4.303000E+03 -2.792816E+00
  4.303500E+03 -2.527892E+00
  4.304000E+03 -2.240121E+00
  4.304500E+03 -1.933415E+00
  4.305000E+03 -1.611784E+00
  4.305500E+03 -1.279279E+00
  4.306000E+03 -9.399319E-01
  4.306500E+03 -5.977075E-01
  4.307000E+03 -2.564476E-01
  4.307500E+03  8.017423E-02
  4.308000E+03  4.086960E-01
  4.308500E+03  7.259049E-01
  4.309000E+03  1.028870E+00
  4.309500E+03  1.314968E+00
  4.310000E+03  1.581907E+00
  4.310500E+03  1.827734E+00
  4.311000E+03  2.050852E+00
  4.311500E+03  2.250015E+00
  4.312000E+03  2.424328E+00
  4.312500E+03  2.573235E+00
  4.313000E+03  2.696509E+00
  4.313500E+03  2.794225E+00
  4.314000E+03  2.866746E+00
  4.314500E+03  2.914688E+00
  4.315000E+03  2.938894E+00
  4.315500E+03  2.940400E+00
  4.316000E+03  2.920404E+00
  4.316500E+03  2.880229E+00
  4.317000E+03  2.821288E+00
  4.317500E+03  2.745055E+00
  4.318000E+03  2.653026E+00
  4.318500E+03  2.546695E+00
  4.319000E+03  2.427520E+00
  4.319500E+03  2.296903E+00
  4.320000E+03  2.156167E+00
  4.320500E+03  2.006538E+00
  4.321000E+03  1.849130E+00
  4.321500E+03  1.684940E+00
  4.322000E+03  1.514840E+00
  4.322500E+03  1.339577E+00
  4.323000E+03  1.159776E+00
  4.323500E+03  9.759474E-01
  4.324000E+03  7.885011E-01
  4.324500E+03  5.977569E-01
  4.325000E+03  4.039640E-01
  4.325500E+03  2.073203E-01
  4.326000E+03  7.993971E-03
  4.326500E+03 -1.938541E-01
  4.327000E+03 -3.980466E-01
  4.327500E+03 -6.043669E-01
  4.328000E+03 -8.125358E-01
  4.328500E+03 -1.022191E+00
  4.329000E+03 -1.232866E+00
  4.329500E+03 -1.443975E+00
  4.330000E+03 -1.654798E+00
  4.330500E+03 -1.864468E+00
  4.331000E+03 -2.071966E+00
  4.331500E+03 -2.276118E+00
  4.332000E+03 -2.475596E+00
  4.332500E+03 -2.668923E+00
  4.333000E+03 -2.854480E+00
  4.333500E+03 -3.030530E+00
  4.334000E+03 -3.195226E+00
  4.334500E+03 -3.346639E+00
  4.335000E+03 -3.482785E+00
  4.335500E+03 -3.601654E+00
  4.336000E+03 -3.701242E+00
  4.336500E+03 -3.779585E+00
  4.337000E+03 -3.834799E+00
  4.337500E+03 -3.865115E+00
  4.338000E+03 -3.868918E+00
  4.338500E+03 -3.844784E+00
  4.339000E+03 -3.791518E+00
  4.339500E+03 -3.708188E+00
  4.340000E+03 -3.594155E+00
  4.340500E+03 -3.449109E+00
  4.341000E+03 -3.273084E+00
  4.341500E+03 -3.066488E+00
  4.342000E+03 -2.830116E+00
  4.342500E+03 -2.565156E+00
  4.343000E+03 -2.273202E+00
  4.343500E+03 -1.956245E+00
  4.344000E+03 -1.616670E+00
  4.344500E+03 -1.257240E+00
  4.345000E+03 -8.810776E-01
  4.345500E+03 -4.916363E-01
  4.346000E+03 -9.267011E-02
  4.346500E+03  3.118057E-01
  4.347000E+03  7.175572E-01
  4.347500E+03  1.120180E+00
  4.348000E+03  1.515150E+00
  4.348500E+03  1.897881E+00
  4.349000E+03  2.263782E+00
  4.349500E+03  2.608315E+00
  4.350000E+03  2.927059E+00
  4.350500E+03  3.215768E+00
  4.351000E+03  3.470435E+00
  4.351500E+03  3.687347E+00
  4.352000E+03  3.863143E+00
  4.352500E+03  3.994867E+00
  4.353000E+03  4.080015E+00
  4.353500E+03  4.116580E+00
  4.354000E+03  4.103089E+00
  4.354500E+03  4.038634E+00
  4.355000E+03  3.922897E+00
  4.355500E+03  3.756168E+00
  4.356000E+03  3.539353E+00
  4.356500E+03  3.273975E+00
  4.357000E+03  2.962169E+00
  4.357500E+03  2.606664E+00
  4.358000E+03  2.210766E+00
  4.358500E+03  1.778318E+00
  4.359000E+03  1.313669E+00
  4.359500E+03  8.216255E-01
  4.360000E+03  3.073972E-01
  4.360500E+03 -2.234582E-01
  4.361000E+03 -7.651008E-01
  4.361500E+03 -1.311476E+00
  4.362000E+03 -1.856388E+00
  4.362500E+03 -2.393572E+00
  4.363000E+03 -2.916774E+00
  4.363500E+03 -3.419824E+00
  4.364000E+03 -3.896718E+00
  4.364500E+03 -4.341691E+00
  4.365000E+03 -4.749291E+00
  4.365500E+03 -5.114452E+00
  4.366000E+03 -5.432557E+00
  4.366500E+03 -5.699501E+00
  4.367000E+03 -5.911748E+00
  4.367500E+03 -6.066377E+00
  4.368000E+03 -6.161126E+00
  4.368500E+03 -6.194425E+00
  4.369000E+03 -6.165421E+00
  4.369500E+03 -6.073995E+00
  4.370000E+03 -5.920769E+00
  4.370500E+03 -5.707104E+00
  4.371000E+03 -5.435091E+00
  4.371500E+03 -5.107527E+00
  4.372000E+03 -4.727890E+00
  4.372500E+03 -4.300298E+00
  4.373000E+03 -3.829467E+00
  4.373500E+03 -3.320653E+00
  4.374000E+03 -2.779592E+00
  4.374500E+03 -2.212436E+00
  4.375000E+03 -1.625676E+00
  4.375500E+03 -1.026069E+00
  4.376000E+03 -4.205542E-01
  4.376500E+03  1.838313E-01
  4.377000E+03  7.800363E-01
  4.377500E+03  1.361082E+00
  4.378000E+03  1.920149E+00
  4.378500E+03  2.450660E+00
  4.379000E+03  2.946363E+00
  4.379500E+03  3.401409E+00
  4.380000E+03  3.810424E+00
  4.380500E+03  4.168582E+00
  4.381000E+03  4.471662E+00
  4.381500E+03  4.716105E+00
  4.382000E+03  4.899061E+00
  4.382500E+03  5.018427E+00
  4.383000E+03  5.072876E+00
  4.383500E+03  5.061880E+00
  4.384000E+03  4.985716E+00
  4.384500E+03  4.845470E+00
  4.385000E+03  4.643025E+00
  4.385500E+03  4.381046E+00
  4.386000E+03  4.062943E+00
  4.386500E+03  3.692841E+00
  4.387000E+03  3.275529E+00
  4.387500E+03  2.816399E+00
  4.388000E+03  2.321393E+00
  4.388500E+03  1.796920E+00
  4.389000E+03  1.249787E+00
  4.389500E+03  6.871123E-01
  4.390000E+03  1.162392E-01
  4.390500E+03 -4.553555E-01
  4.391000E+03 -1.020154E+00
  4.391500E+03 -1.570692E+00
  4.392000E+03 -2.099653E+00
  4.392500E+03 -2.599962E+00
  4.393000E+03 -3.064876E+00
  4.393500E+03 -3.488072E+00
  4.394000E+03 -3.863731E+00
  4.394500E+03 -4.186614E+00
  4.395000E+03 -4.452133E+00
  4.395500E+03 -4.656416E+00
  4.396000E+03 -4.796362E+00
  4.396500E+03 -4.869685E+00
  4.397000E+03 -4.874953E+00
  4.397500E+03 -4.811611E+00
  4.398000E+03 -4.679998E+00
  4.398500E+03 -4.481351E+00
  4.399000E+03 -4.217797E+00
  4.399500E+03 -3.892334E+00
  4.400000E+03 -3.508802E+00
  4.400500E+03 -3.071843E+00
  4.401000E+03 -2.586850E+00
  4.401500E+03 -2.059903E+00
  4.402000E+03 -1.497701E+00
  4.402500E+03 -9.074839E-01
  4.403000E+03 -2.969413E-01
  4.403500E+03  3.258769E-01
  4.404000E+03  9.526617E-01
  4.404500E+03  1.574949E+00
  4.405000E+03  2.184224E+00
  4.405500E+03  2.772036E+00
  4.406000E+03  3.330099E+00
  4.406500E+03  3.850409E+00
  4.407000E+03  4.325345E+00
  4.407500E+03  4.747773E+00
  4.408000E+03  5.111145E+00
  4.408500E+03  5.409590E+00
  4.409000E+03  5.637998E+00
  4.409500E+03  5.792097E+00
  4.410000E+03  5.868517E+00
  4.410500E+03  5.864849E+00
  4.411000E+03  5.779683E+00
  4.411500E+03  5.612645E+00
  4.412000E+03  5.364415E+00
  4.412500E+03  5.036729E+00
  4.413000E+03  4.632379E+00
  4.413500E+03  4.155183E+00
  4.414000E+03  3.609957E+00
  4.414500E+03  3.002464E+00
  4.415000E+03  2.339356E+00
  4.415500E+03  1.628101E+00
  4.416000E+03  8.768975E-01
  4.416500E+03  9.458249E-02
  4.417000E+03 -7.094727E-01
  4.417500E+03 -1.525474E+00
  4.418000E+03 -2.343323E+00
  4.418500E+03 -3.152740E+00
  4.419000E+03 -3.943393E+00
  4.419500E+03 -4.705027E+00
  4.420000E+03 -5.427594E+00
  4.420500E+03 -6.101383E+00
  4.421000E+03 -6.717146E+00
  4.421500E+03 -7.266224E+00
  4.422000E+03 -7.740660E+00
  4.422500E+03 -8.133308E+00
  4.423000E+03 -8.437935E+00
  4.423500E+03 -8.649313E+00
  4.424000E+03 -8.763290E+00
  4.424500E+03 -8.776863E+00
  4.425000E+03 -8.688226E+00
  4.425500E+03 -8.496807E+00
  4.426000E+03 -8.203290E+00
  4.426500E+03 -7.809623E+00
  4.427000E+03 -7.319006E+00
  4.427500E+03 -6.735870E+00
  4.428000E+03 -6.065829E+00
  4.428500E+03 -5.315629E+00
  4.429000E+03 -4.493075E+00
  4.429500E+03 -3.606946E+00
  4.430000E+03 -2.666896E+00
  4.430500E+03 -1.683342E+00
  4.431000E+03 -6.673485E-01
  4.431500E+03  3.695086E-01
  4.432000E+03  1.415276E+00
  4.432500E+03  2.457769E+00
  4.433000E+03  3.484715E+00
  4.433500E+03  4.483909E+00
  4.434000E+03  5.443361E+00
  4.434500E+03  6.351445E+00
  4.435000E+03  7.197043E+00
  4.435500E+03  7.969689E+00
  4.436000E+03  8.659697E+00
  4.436500E+03  9.258290E+00
  4.437000E+03  9.757712E+00
  4.437500E+03  1.015133E+01
  4.438000E+03  1.043371E+01
  4.438500E+03  1.060072E+01
  4.439000E+03  1.064956E+01
  4.439500E+03  1.057882E+01
  4.440000E+03  1.038849E+01
  4.440500E+03  1.007999E+01
  4.441000E+03  9.656148E+00
  4.441500E+03  9.121159E+00
  4.442000E+03  8.480563E+00
  4.442500E+03  7.741176E+00
  4.443000E+03  6.911008E+00
  4.443500E+03  5.999177E+00
  4.444000E+03  5.015800E+00
  4.444500E+03  3.971877E+00
  4.445000E+03  2.879157E+00
  4.445500E+03  1.750004E+00
  4.446000E+03  5.972439E-01
  4.446500E+03 -5.659827E-01
  4.447000E+03 -1.726381E+00
  4.447500E+03 -2.870662E+00
  4.448000E+03 -3.985697E+00
  4.448500E+03 -5.058681E+00
  4.449000E+03 -6.077284E+00
  4.449500E+03 -7.029797E+00
  4.450000E+03 -7.905273E+00
  4.450500E+03 -8.693663E+00
  4.451000E+03 -9.385927E+00
  4.451500E+03 -9.974149E+00
  4.452000E+03 -1.045163E+01
  4.452500E+03 -1.081295E+01
  4.453000E+03 -1.105408E+01
  4.453500E+03 -1.117235E+01
  4.454000E+03 -1.116657E+01
  4.454500E+03 -1.103695E+01
  4.455000E+03 -1.078517E+01
  4.455500E+03 -1.041431E+01
  4.456000E+03 -9.928844E+00
  4.456500E+03 -9.334548E+00
  4.457000E+03 -8.638454E+00
  4.457500E+03 -7.848754E+00
  4.458000E+03 -6.974701E+00
  4.458500E+03 -6.026494E+00
  4.459000E+03 -5.015157E+00
  4.459500E+03 -3.952405E+00
  4.460000E+03 -2.850501E+00
  4.460500E+03 -1.722114E+00
  4.461000E+03 -5.801651E-01
  4.461500E+03  5.623247E-01
  4.462000E+03  1.692386E+00
  4.462500E+03  2.797255E+00
  4.463000E+03  3.864517E+00
  4.463500E+03  4.882255E+00
  4.464000E+03  5.839181E+00
  4.464500E+03  6.724767E+00
  4.465000E+03  7.529359E+00
  4.465500E+03  8.244286E+00
  4.466000E+03  8.861952E+00
  4.466500E+03  9.375920E+00
  4.467000E+03  9.780971E+00
  4.467500E+03  1.007316E+01
  4.468000E+03  1.024986E+01
  4.468500E+03  1.030976E+01
  4.469000E+03  1.025288E+01
  4.469500E+03  1.008058E+01
  4.470000E+03  9.795497E+00
  4.470500E+03  9.401522E+00
  4.471000E+03  8.903746E+00
  4.471500E+03  8.308384E+00
  4.472000E+03  7.622693E+00
  4.472500E+03  6.854883E+00
  4.473000E+03  6.014009E+00
  4.473500E+03  5.109860E+00
  4.474000E+03  4.152840E+00
  4.474500E+03  3.153843E+00
  4.475000E+03  2.124121E+00
  4.475500E+03  1.075155E+00
  4.476000E+03  1.851805E-02
  4.476500E+03 -1.034254E+00
  4.477000E+03 -2.071795E+00
  4.477500E+03 -3.083038E+00
  4.478000E+03 -4.057331E+00
  4.478500E+03 -4.984559E+00
  4.479000E+03 -5.855249E+00
  4.479500E+03 -6.660669E+00
  4.480000E+03 -7.392917E+00
  4.480500E+03 -8.045002E+00
  4.481000E+03 -8.610906E+00
  4.481500E+03 -9.085643E+00
  4.482000E+03 -9.465298E+00
  4.482500E+03 -9.747059E+00
  4.483000E+03 -9.929228E+00
  4.483500E+03 -1.001123E+01
  4.484000E+03 -9.993597E+00
  4.484500E+03 -9.877948E+00
  4.485000E+03 -9.666953E+00
  4.485500E+03 -9.364289E+00
  4.486000E+03 -8.974576E+00
  4.486500E+03 -8.503318E+00
  4.487000E+03 -7.956819E+00
  4.487500E+03 -7.342104E+00
  4.488000E+03 -6.666821E+00
  4.488500E+03 -5.939150E+00
  4.489000E+03 -5.167697E+00
  4.489500E+03 -4.361390E+00
  4.490000E+03 -3.529373E+00
  4.490500E+03 -2.680894E+00
  4.491000E+03 -1.825204E+00
  4.491500E+03 -9.714446E-01
  4.492000E+03 -1.285508E-01
  4.492500E+03  6.948501E-01
  4.493000E+03  1.490531E+00
  4.493500E+03  2.250750E+00
  4.494000E+03  2.968334E+00
  4.494500E+03  3.636745E+00
  4.495000E+03  4.250147E+00
  4.495500E+03  4.803458E+00
  4.496000E+03  5.292391E+00
  4.496500E+03  5.713493E+00
  4.497000E+03  6.064162E+00
  4.497500E+03  6.342661E+00
  4.498000E+03  6.548123E+00
  4.498500E+03  6.680538E+00
  4.499000E+03  6.740736E+00
  4.499500E+03  6.730359E+00
  4.500000E+03  6.651823E+00
  4.500500E+03  6.508270E+00
  4.501000E+03  6.303518E+00
  4.501500E+03  6.041992E+00
  4.502000E+03  5.728666E+00
  4.502500E+03  5.368980E+00
  4.503000E+03  4.968770E+00
  4.503500E+03  4.534185E+00
  4.504000E+03  4.071600E+00
  4.504500E+03  3.587537E+00
  4.505000E+03  3.088579E+00
  4.505500E+03  2.581283E+00
  4.506000E+03  2.072105E+00
  4.506500E+03  1.567313E+00
  4.507000E+03  1.072920E+00
  4.507500E+03  5.946084E-01
  4.508000E+03  1.376679E-01
  4.508500E+03 -2.930622E-01
  4.509000E+03 -6.932449E-01
  4.509500E+03 -1.059089E+00
  4.510000E+03 -1.387383E+00
  4.510500E+03 -1.675524E+00
  4.511000E+03 -1.921536E+00
  4.511500E+03 -2.124078E+00
  4.512000E+03 -2.282447E+00
  4.512500E+03 -2.396568E+00
  4.513000E+03 -2.466980E+00
  4.513500E+03 -2.494811E+00
  4.514000E+03 -2.481745E+00
  4.514500E+03 -2.429986E+00
  4.515000E+03 -2.342211E+00
  4.515500E+03 -2.221519E+00
  4.516000E+03 -2.071373E+00
  4.516500E+03 -1.895545E+00
  4.517000E+03 -1.698046E+00
  4.517500E+03 -1.483068E+00
  4.518000E+03 -1.254909E+00
  4.518500E+03 -1.017912E+00
  4.519000E+03 -7.763933E-01
  4.519500E+03 -5.345821E-01
  4.520000E+03 -2.965536E-01
  4.520500E+03 -6.617185E-02
  4.521000E+03  1.529660E-01
  4.521500E+03  3.575802E-01
  4.522000E+03  5.447525E-01
  4.522500E+03  7.119652E-01
  4.523000E+03  8.571320E-01
  4.523500E+03  9.786233E-01
  4.524000E+03  1.075283E+00
  4.524500E+03  1.146436E+00
  4.525000E+03  1.191894E+00
  4.525500E+03  1.211946E+00
  4.526000E+03  1.207344E+00
  4.526500E+03  1.179287E+00
  4.527000E+03  1.129389E+00
  4.527500E+03  1.059644E+00
  4.528000E+03  9.723906E-01
  4.528500E+03  8.702637E-01
  4.529000E+03  7.561448E-01
  4.529500E+03  6.331099E-01
  4.530000E+03  5.043727E-01
  4.530500E+03  3.732268E-01
  4.531000E+03  2.429868E-01
  4.531500E+03  1.169293E-01
  4.532000E+03 -1.765424E-03
  4.532500E+03 -1.100693E-01
  4.533000E+03 -2.051603E-01
  4.533500E+03 -2.844725E-01
  4.534000E+03 -3.457413E-01
  4.534500E+03 -3.870446E-01
  4.535000E+03 -4.068367E-01
  4.535500E+03 -4.039776E-01
  4.536000E+03 -3.777545E-01
  4.536500E+03 -3.278960E-01
  4.537000E+03 -2.545798E-01
  4.537500E+03 -1.584322E-01
  4.538000E+03 -4.052043E-02
  4.538500E+03  9.766240E-02
  4.539000E+03  2.542198E-01
  4.539500E+03  4.268811E-01
  4.540000E+03  6.130367E-01
  4.540500E+03  8.097796E-01
  4.541000E+03  1.013952E+00
  4.541500E+03  1.222196E+00
  4.542000E+03  1.431008E+00
  4.542500E+03  1.636798E+00
  4.543000E+03  1.835946E+00
  4.543500E+03  2.024864E+00
  4.544000E+03  2.200057E+00
  4.544500E+03  2.358180E+00
  4.545000E+03  2.496097E+00
  4.545500E+03  2.610933E+00
  4.546000E+03  2.700130E+00
  4.546500E+03  2.761486E+00
  4.547000E+03  2.793201E+00
  4.547500E+03  2.793910E+00
  4.548000E+03  2.762710E+00
  4.548500E+03  2.699183E+00
  4.549000E+03  2.603406E+00
  4.549500E+03  2.475962E+00
  4.550000E+03  2.317932E+00
  4.550500E+03  2.130891E+00
  4.551000E+03  1.916883E+00
  4.551500E+03  1.678403E+00
  4.552000E+03  1.418359E+00
  4.552500E+03  1.140034E+00
  4.553000E+03  8.470435E-01
  4.553500E+03  5.432786E-01
  4.554000E+03  2.328553E-01
  4.554500E+03 -7.994760E-02
  4.555000E+03 -3.907509E-01
  4.555500E+03 -6.951397E-01
  4.556000E+03 -9.887295E-01
  4.556500E+03 -1.267232E+00
  4.557000E+03 -1.526520E+00
  4.557500E+03 -1.762692E+00
  4.558000E+03 -1.972129E+00
  4.558500E+03 -2.151555E+00
  4.559000E+03 -2.298088E+00
  4.559500E+03 -2.409282E+00
  4.560000E+03 -2.483172E+00
  4.560500E+03 -2.518305E+00
  4.561000E+03 -2.513766E+00
  4.561500E+03 -2.469196E+00
  4.562000E+03 -2.384802E+00
  4.562500E+03 -2.261358E+00
  4.563000E+03 -2.100198E+00
  4.563500E+03 -1.903205E+00
  4.564000E+03 -1.672780E+00
  4.564500E+03 -1.411821E+00
  4.565000E+03 -1.123677E+00
  4.565500E+03 -8.121074E-01
  4.566000E+03 -4.812322E-01
  4.566500E+03 -1.354725E-01
  4.567000E+03  2.205074E-01
  4.567500E+03  5.818651E-01
  4.568000E+03  9.436467E-01
  4.568500E+03  1.300856E+00
  4.569000E+03  1.648521E+00
  4.569500E+03  1.981769E+00
  4.570000E+03  2.295886E+00
  4.570500E+03  2.586390E+00
  4.571000E+03  2.849088E+00
  4.571500E+03  3.080135E+00
  4.572000E+03  3.276091E+00
  4.572500E+03  3.433961E+00
  4.573000E+03  3.551245E+00
  4.573500E+03  3.625966E+00
  4.574000E+03  3.656700E+00
  4.574500E+03  3.642592E+00
  4.575000E+03  3.583373E+00
  4.575500E+03  3.479358E+00
  4.576000E+03  3.331442E+00
  4.576500E+03  3.141090E+00
  4.577000E+03  2.910316E+00
  4.577500E+03  2.641652E+00
  4.578000E+03  2.338116E+00
  4.578500E+03  2.003172E+00
  4.579000E+03  1.640679E+00
  4.579500E+03  1.254844E+00
  4.580000E+03  8.501614E-01
  4.580500E+03  4.313571E-01
  4.581000E+03  3.323222E-03
  4.581500E+03 -4.289444E-01
  4.582000E+03 -8.604112E-01
  4.582500E+03 -1.286069E+00
  4.583000E+03 -1.701000E+00
  4.583500E+03 -2.100437E+00
  4.584000E+03 -2.479825E+00
  4.584500E+03 -2.834878E+00
  4.585000E+03 -3.161627E+00
  4.585500E+03 -3.456468E+00
  4.586000E+03 -3.716207E+00
  4.586500E+03 -3.938094E+00
  4.587000E+03 -4.119849E+00
  4.587500E+03 -4.259691E+00
  4.588000E+03 -4.356350E+00
  4.588500E+03 -4.409080E+00
  4.589000E+03 -4.417657E+00
  4.589500E+03 -4.382381E+00
  4.590000E+03 -4.304058E+00
  4.590500E+03 -4.183990E+00
  4.591000E+03 -4.023948E+00
  4.591500E+03 -3.826146E+00
  4.592000E+03 -3.593202E+00
  4.592500E+03 -3.328107E+00
  4.593000E+03 -3.034178E+00
  4.593500E+03 -2.715015E+00
  4.594000E+03 -2.374450E+00
  4.594500E+03 -2.016502E+00
  4.595000E+03 -1.645318E+00
  4.595500E+03 -1.265129E+00
  4.596000E+03 -8.801921E-01
  4.596500E+03 -4.947421E-01
  4.597000E+03 -1.129407E-01
  4.597500E+03  2.611715E-01
  4.598000E+03  6.237204E-01
  4.598500E+03  9.710411E-01
  4.599000E+03  1.299717E+00
  4.599500E+03  1.606614E+00
  4.600000E+03  1.888915E+00
  4.600500E+03  2.144143E+00
  4.601000E+03  2.370183E+00
  4.601500E+03  2.565303E+00
  4.602000E+03  2.728164E+00
  4.602500E+03  2.857825E+00
  4.603000E+03  2.953753E+00
  4.603500E+03  3.015814E+00
  4.604000E+03  3.044268E+00
  4.604500E+03  3.039760E+00
  4.605000E+03  3.003306E+00
  4.605500E+03  2.936268E+00
  4.606000E+03  2.840340E+00
  4.606500E+03  2.717513E+00
  4.607000E+03  2.570056E+00
  4.607500E+03  2.400477E+00
  4.608000E+03  2.211494E+00
  4.608500E+03  2.006002E+00
  4.609000E+03  1.787030E+00
  4.609500E+03  1.557715E+00
  4.610000E+03  1.321252E+00
  4.610500E+03  1.080870E+00
  4.611000E+03  8.397823E-01
  4.611500E+03  6.011610E-01
  4.612000E+03  3.680946E-01
  4.612500E+03  1.435571E-01
  4.613000E+03 -6.962505E-02
  4.613500E+03 -2.688032E-01
  4.614000E+03 -4.515347E-01
  4.614500E+03 -6.156088E-01
  4.615000E+03 -7.590699E-01
  4.615500E+03 -8.802377E-01
  4.616000E+03 -9.777246E-01
  4.616500E+03 -1.050450E+00
  4.617000E+03 -1.097653E+00
  4.617500E+03 -1.118895E+00
  4.618000E+03 -1.114073E+00
  4.618500E+03 -1.083411E+00
  4.619000E+03 -1.027465E+00
  4.619500E+03 -9.471128E-01
  4.620000E+03 -8.435469E-01
  4.620500E+03 -7.182614E-01
  4.621000E+03 -5.730365E-01
  4.621500E+03 -4.099194E-01
  4.622000E+03 -2.312028E-01
  4.622500E+03 -3.940000E-02
  4.623000E+03  1.627824E-01
  4.623500E+03  3.724739E-01
  4.624000E+03  5.866726E-01
  4.624500E+03  8.022782E-01
  4.625000E+03  1.016129E+00
  4.625500E+03  1.225035E+00
  4.626000E+03  1.425823E+00
  4.626500E+03  1.615366E+00
  4.627000E+03  1.790627E+00
  4.627500E+03  1.948700E+00
  4.628000E+03  2.086840E+00
  4.628500E+03  2.202508E+00
  4.629000E+03  2.293401E+00
  4.629500E+03  2.357488E+00
  4.630000E+03  2.393042E+00
  4.630500E+03  2.398665E+00
  4.631000E+03  2.373319E+00
  4.631500E+03  2.316342E+00
  4.632000E+03  2.227472E+00
  4.632500E+03  2.106853E+00
  4.633000E+03  1.955052E+00
  4.633500E+03  1.773060E+00
  4.634000E+03  1.562289E+00
  4.634500E+03  1.324569E+00
  4.635000E+03  1.062137E+00
  4.635500E+03  7.776174E-01
  4.636000E+03  4.740026E-01
  4.636500E+03  1.546246E-01
  4.637000E+03 -1.768773E-01
  4.637500E+03 -5.165940E-01
  4.638000E+03 -8.603882E-01
  4.638500E+03 -1.203941E+00
  4.639000E+03 -1.542800E+00
  4.639500E+03 -1.872436E+00
  4.640000E+03 -2.188294E+00
  4.640500E+03 -2.485856E+00
  4.641000E+03 -2.760695E+00
  4.641500E+03 -3.008540E+00
  4.642000E+03 -3.225331E+00
  4.642500E+03 -3.407279E+00
  4.643000E+03 -3.550927E+00
  4.643500E+03 -3.653196E+00
  4.644000E+03 -3.711444E+00
  4.644500E+03 -3.723510E+00
  4.645000E+03 -3.687754E+00
  4.645500E+03 -3.603096E+00
  4.646000E+03 -3.469047E+00
  4.646500E+03 -3.285728E+00
  4.647000E+03 -3.053891E+00
  4.647500E+03 -2.774924E+00
  4.648000E+03 -2.450854E+00
  4.648500E+03 -2.084333E+00
  4.649000E+03 -1.678631E+00
  4.649500E+03 -1.237600E+00
  4.650000E+03 -7.656478E-01
  4.650500E+03 -2.676939E-01
  4.651000E+03  2.508805E-01
  4.651500E+03  7.842888E-01
  4.652000E+03  1.326403E+00
  4.652500E+03  1.870824E+00
  4.653000E+03  2.410956E+00
  4.653500E+03  2.940085E+00
  4.654000E+03  3.451466E+00
  4.654500E+03  3.938405E+00
  4.655000E+03  4.394345E+00
  4.655500E+03  4.812959E+00
  4.656000E+03  5.188228E+00
  4.656500E+03  5.514532E+00
  4.657000E+03  5.786729E+00
  4.657500E+03  6.000229E+00
  4.658000E+03  6.151067E+00
  4.658500E+03  6.235966E+00
  4.659000E+03  6.252396E+00
  4.659500E+03  6.198619E+00
  4.660000E+03  6.073729E+00
  4.660500E+03  5.877680E+00
  4.661000E+03  5.611305E+00
  4.661500E+03  5.276322E+00
  4.662000E+03  4.875329E+00
  4.662500E+03  4.411789E+00
  4.663000E+03  3.890000E+00
  4.663500E+03  3.315061E+00
  4.664000E+03  2.692816E+00
  4.664500E+03  2.029798E+00
  4.665000E+03  1.333156E+00
  4.665500E+03  6.105755E-01
  4.666000E+03 -1.298078E-01
  4.666500E+03 -8.795047E-01
  4.667000E+03 -1.629773E+00
  4.667500E+03 -2.371723E+00
  4.668000E+03 -3.096428E+00
  4.668500E+03 -3.795035E+00
  4.669000E+03 -4.458878E+00
  4.669500E+03 -5.079586E+00
  4.670000E+03 -5.649198E+00
  4.670500E+03 -6.160261E+00
  4.671000E+03 -6.605935E+00
  4.671500E+03 -6.980088E+00
  4.672000E+03 -7.277374E+00
  4.672500E+03 -7.493318E+00
  4.673000E+03 -7.624377E+00
  4.673500E+03 -7.667999E+00
  4.674000E+03 -7.622662E+00
  4.674500E+03 -7.487908E+00
  4.675000E+03 -7.264360E+00
  4.675500E+03 -6.953723E+00
  4.676000E+03 -6.558779E+00
  4.676500E+03 -6.083359E+00
  4.677000E+03 -5.532309E+00
  4.677500E+03 -4.911437E+00
  4.678000E+03 -4.227454E+00
  4.678500E+03 -3.487894E+00
  4.679000E+03 -2.701035E+00
  4.679500E+03 -1.875797E+00
  4.680000E+03 -1.021641E+00
  4.680500E+03 -1.484567E-01
  4.681000E+03  7.335562E-01
  4.681500E+03  1.614011E+00
  4.682000E+03  2.482460E+00
  4.682500E+03  3.328523E+00
  4.683000E+03  4.142010E+00
  4.683500E+03  4.913055E+00
  4.684000E+03  5.632231E+00
  4.684500E+03  6.290672E+00
  4.685000E+03  6.880183E+00
  4.685500E+03  7.393343E+00
  4.686000E+03  7.823600E+00
  4.686500E+03  8.165353E+00
  4.687000E+03  8.414029E+00
  4.687500E+03  8.566137E+00
  4.688000E+03  8.619320E+00
  4.688500E+03  8.572387E+00
  4.689000E+03  8.425328E+00
  4.689500E+03  8.179325E+00
  4.690000E+03  7.836736E+00
  4.690500E+03  7.401074E+00
  4.691000E+03  6.876968E+00
  4.691500E+03  6.270106E+00
  4.692000E+03  5.587176E+00
  4.692500E+03  4.835784E+00
  4.693000E+03  4.024365E+00
  4.693500E+03  3.162087E+00
  4.694000E+03  2.258736E+00
  4.694500E+03  1.324608E+00
  4.695000E+03  3.703808E-01
  4.695500E+03 -5.930112E-01
  4.696000E+03 -1.554506E+00
  4.696500E+03 -2.503048E+00
  4.697000E+03 -3.427716E+00
  4.697500E+03 -4.317858E+00
  4.698000E+03 -5.163214E+00
  4.698500E+03 -5.954042E+00
  4.699000E+03 -6.681228E+00
  4.699500E+03 -7.336402E+00
  4.700000E+03 -7.912029E+00
  4.700500E+03 -8.401506E+00
  4.701000E+03 -8.799233E+00
  4.701500E+03 -9.100686E+00
  4.702000E+03 -9.302463E+00
  4.702500E+03 -9.402330E+00
  4.703000E+03 -9.399244E+00
  4.703500E+03 -9.293362E+00
  4.704000E+03 -9.086044E+00
  4.704500E+03 -8.779832E+00
  4.705000E+03 -8.378419E+00
  4.705500E+03 -7.886609E+00
  4.706000E+03 -7.310254E+00
  4.706500E+03 -6.656188E+00
  4.707000E+03 -5.932143E+00
  4.707500E+03 -5.146659E+00
  4.708000E+03 -4.308985E+00
  4.708500E+03 -3.428965E+00
  4.709000E+03 -2.516925E+00
  4.709500E+03 -1.583552E+00
  4.710000E+03 -6.397663E-01
  4.710500E+03  3.034055E-01
  4.711000E+03  1.234959E+00
  4.711500E+03  2.144042E+00
  4.712000E+03  3.020079E+00
  4.712500E+03  3.852899E+00
  4.713000E+03  4.632847E+00
  4.713500E+03  5.350904E+00
  4.714000E+03  5.998785E+00
  4.714500E+03  6.569040E+00
  4.715000E+03  7.055135E+00
  4.715500E+03  7.451533E+00
  4.716000E+03  7.753754E+00
  4.716500E+03  7.958427E+00
  4.717000E+03  8.063330E+00
  4.717500E+03  8.067412E+00
  4.718000E+03  7.970808E+00
  4.718500E+03  7.774834E+00
  4.719000E+03  7.481972E+00
  4.719500E+03  7.095841E+00
  4.720000E+03  6.621152E+00
  4.720500E+03  6.063657E+00
  4.721000E+03  5.430076E+00
  4.721500E+03  4.728024E+00
  4.722000E+03  3.965917E+00
  4.722500E+03  3.152879E+00
  4.723000E+03  2.298629E+00
  4.723500E+03  1.413376E+00
  4.724000E+03  5.076907E-01
  4.724500E+03 -4.076098E-01
  4.725000E+03 -1.321593E+00
  4.725500E+03 -2.223336E+00
  4.726000E+03 -3.102056E+00
  4.726500E+03 -3.947232E+00
  4.727000E+03 -4.748733E+00
  4.727500E+03 -5.496932E+00
  4.728000E+03 -6.182821E+00
  4.728500E+03 -6.798118E+00
  4.729000E+03 -7.335364E+00
  4.729500E+03 -7.788006E+00
  4.730000E+03 -8.150485E+00
  4.730500E+03 -8.418293E+00
  4.731000E+03 -8.588029E+00
  4.731500E+03 -8.657444E+00
  4.732000E+03 -8.625466E+00
  4.732500E+03 -8.492214E+00
  4.733000E+03 -8.258997E+00
  4.733500E+03 -7.928306E+00
  4.734000E+03 -7.503777E+00
  4.734500E+03 -6.990160E+00
  4.735000E+03 -6.393257E+00
  4.735500E+03 -5.719862E+00
  4.736000E+03 -4.977674E+00
  4.736500E+03 -4.175218E+00
  4.737000E+03 -3.321737E+00
  4.737500E+03 -2.427088E+00
  4.738000E+03 -1.501627E+00
  4.738500E+03 -5.560881E-01
  4.739000E+03  3.985473E-01
  4.739500E+03  1.351175E+00
  4.740000E+03  2.290702E+00
  4.740500E+03  3.206178E+00
  4.741000E+03  4.086922E+00
  4.741500E+03  4.922656E+00
  4.742000E+03  5.703622E+00
  4.742500E+03  6.420701E+00
  4.743000E+03  7.065522E+00
  4.743500E+03  7.630566E+00
  4.744000E+03  8.109250E+00
  4.744500E+03  8.496013E+00
  4.745000E+03  8.786381E+00
  4.745500E+03  8.977023E+00
  4.746000E+03  9.065792E+00
  4.746500E+03  9.051750E+00
  4.747000E+03  8.935184E+00
  4.747500E+03  8.717601E+00
  4.748000E+03  8.401712E+00
  4.748500E+03  7.991402E+00
  4.749000E+03  7.491681E+00
  4.749500E+03  6.908626E+00
  4.750000E+03  6.249307E+00
  4.750500E+03  5.521707E+00
  4.751000E+03  4.734618E+00
  4.751500E+03  3.897540E+00
  4.752000E+03  3.020565E+00
  4.752500E+03  2.114254E+00
  4.753000E+03  1.189508E+00
  4.753500E+03  2.574348E-01
  4.754000E+03 -6.707833E-01
  4.754500E+03 -1.584030E+00
  4.755000E+03 -2.471391E+00
  4.755500E+03 -3.322283E+00
  4.756000E+03 -4.126589E+00
  4.756500E+03 -4.874779E+00
  4.757000E+03 -5.558030E+00
  4.757500E+03 -6.168331E+00
  4.758000E+03 -6.698582E+00
  4.758500E+03 -7.142684E+00
  4.759000E+03 -7.495608E+00
  4.759500E+03 -7.753465E+00
  4.760000E+03 -7.913543E+00
  4.760500E+03 -7.974349E+00
  4.761000E+03 -7.935618E+00
  4.761500E+03 -7.798322E+00
  4.762000E+03 -7.564652E+00
  4.762500E+03 -7.237991E+00
  4.763000E+03 -6.822869E+00
  4.763500E+03 -6.324906E+00
  4.764000E+03 -5.750741E+00
  4.764500E+03 -5.107943E+00
  4.765000E+03 -4.404921E+00
  4.765500E+03 -3.650811E+00
  4.766000E+03 -2.855363E+00
  4.766500E+03 -2.028818E+00
  4.767000E+03 -1.181774E+00
  4.767500E+03 -3.250579E-01
  4.768000E+03  5.304179E-01
  4.768500E+03  1.373790E+00
  4.769000E+03  2.194382E+00
  4.769500E+03  2.981840E+00
  4.770000E+03  3.726262E+00
  4.770500E+03  4.418326E+00
  4.771000E+03  5.049402E+00
  4.771500E+03  5.611663E+00
  4.772000E+03  6.098185E+00
  4.772500E+03  6.503028E+00
  4.773000E+03  6.821315E+00
  4.773500E+03  7.049287E+00
  4.774000E+03  7.184352E+00
  4.774500E+03  7.225113E+00
  4.775000E+03  7.171383E+00
  4.775500E+03  7.024188E+00
  4.776000E+03  6.785746E+00
  4.776500E+03  6.459439E+00
  4.777000E+03  6.049764E+00
  4.777500E+03  5.562278E+00
  4.778000E+03  5.003515E+00
  4.778500E+03  4.380911E+00
  4.779000E+03  3.702695E+00
  4.779500E+03  2.977788E+00
  4.780000E+03  2.215687E+00
  4.780500E+03  1.426336E+00
  4.781000E+03  6.200023E-01
  4.781500E+03 -1.928606E-01
  4.782000E+03 -1.001745E+00
  4.782500E+03 -1.796228E+00
  4.783000E+03 -2.566101E+00
  4.783500E+03 -3.301507E+00
  4.784000E+03 -3.993060E+00
  4.784500E+03 -4.631972E+00
  4.785000E+03 -5.210160E+00
  4.785500E+03 -5.720351E+00
  4.786000E+03 -6.156174E+00
  4.786500E+03 -6.512237E+00
  4.787000E+03 -6.784202E+00
  4.787500E+03 -6.968830E+00
  4.788000E+03 -7.064025E+00
  4.788500E+03 -7.068860E+00
  4.789000E+03 -6.983580E+00
  4.789500E+03 -6.809606E+00
  4.790000E+03 -6.549503E+00
  4.790500E+03 -6.206954E+00
  4.791000E+03 -5.786705E+00
  4.791500E+03 -5.294502E+00
  4.792000E+03 -4.737014E+00
  4.792500E+03 -4.121749E+00
  4.793000E+03 -3.456948E+00
  4.793500E+03 -2.751485E+00
  4.794000E+03 -2.014743E+00
  4.794500E+03 -1.256498E+00
  4.795000E+03 -4.867878E-01
  4.795500E+03  2.842180E-01
  4.796000E+03  1.046349E+00
  4.796500E+03  1.789568E+00
  4.797000E+03  2.504097E+00
  4.797500E+03  3.180551E+00
  4.798000E+03  3.810052E+00
  4.798500E+03  4.384347E+00
  4.799000E+03  4.895918E+00
  4.799500E+03  5.338072E+00
  4.800000E+03  5.705035E+00
  4.800500E+03  5.992020E+00
  4.801000E+03  6.195296E+00
  4.801500E+03  6.312231E+00
  4.802000E+03  6.341326E+00
  4.802500E+03  6.282239E+00
  4.803000E+03  6.135788E+00
  4.803500E+03  5.903939E+00
  4.804000E+03  5.589784E+00
  4.804500E+03  5.197501E+00
  4.805000E+03  4.732300E+00
  4.805500E+03  4.200359E+00
  4.806000E+03  3.608742E+00
  4.806500E+03  2.965312E+00
  4.807000E+03  2.278629E+00
  4.807500E+03  1.557839E+00
  4.808000E+03  8.125623E-01
  4.808500E+03  5.276271E-02
  4.809000E+03 -7.113748E-01
  4.809500E+03 -1.469577E+00
  4.810000E+03 -2.211615E+00
  4.810500E+03 -2.927436E+00
  4.811000E+03 -3.607292E+00
  4.811500E+03 -4.241869E+00
  4.812000E+03 -4.822406E+00
  4.812500E+03 -5.340811E+00
  4.813000E+03 -5.789764E+00
  4.813500E+03 -6.162818E+00
  4.814000E+03 -6.454486E+00
  4.814500E+03 -6.660306E+00
  4.815000E+03 -6.776915E+00
  4.815500E+03 -6.802085E+00
  4.816000E+03 -6.734764E+00
  4.816500E+03 -6.575090E+00
  4.817000E+03 -6.324398E+00
  4.817500E+03 -5.985204E+00
  4.818000E+03 -5.561183E+00
  4.818500E+03 -5.057123E+00
  4.819000E+03 -4.478872E+00
  4.819500E+03 -3.833269E+00
  4.820000E+03 -3.128059E+00
  4.820500E+03 -2.371801E+00
  4.821000E+03 -1.573763E+00
  4.821500E+03 -7.438068E-01
  4.822000E+03  1.077320E-01
  4.822500E+03  9.701758E-01
  4.823000E+03  1.832637E+00
  4.823500E+03  2.684154E+00
  4.824000E+03  3.513833E+00
  4.824500E+03  4.310984E+00
  4.825000E+03  5.065257E+00
  4.825500E+03  5.766777E+00
  4.826000E+03  6.406270E+00
  4.826500E+03  6.975183E+00
  4.827000E+03  7.465800E+00
  4.827500E+03  7.871339E+00
  4.828000E+03  8.186047E+00
  4.828500E+03  8.405276E+00
  4.829000E+03  8.525548E+00
  4.829500E+03  8.544607E+00
  4.830000E+03  8.461452E+00
  4.830500E+03  8.276360E+00
  4.831000E+03  7.990883E+00
  4.831500E+03  7.607843E+00
  4.832000E+03  7.131296E+00
  4.832500E+03  6.566493E+00
  4.833000E+03  5.919816E+00
  4.833500E+03  5.198705E+00
  4.834000E+03  4.411568E+00
  4.834500E+03  3.567683E+00
  4.835000E+03  2.677082E+00
  4.835500E+03  1.750426E+00
  4.836000E+03  7.988789E-01
  4.836500E+03 -1.660356E-01
  4.837000E+03 -1.132577E+00
  4.837500E+03 -2.088936E+00
  4.838000E+03 -3.023382E+00
  4.838500E+03 -3.924415E+00
  4.839000E+03 -4.780910E+00
  4.839500E+03 -5.582262E+00
  4.840000E+03 -6.318519E+00
  4.840500E+03 -6.980516E+00
  4.841000E+03 -7.559990E+00
  4.841500E+03 -8.049691E+00
  4.842000E+03 -8.443479E+00
  4.842500E+03 -8.736403E+00
  4.843000E+03 -8.924771E+00
  4.843500E+03 -9.006200E+00
  4.844000E+03 -8.979653E+00
  4.844500E+03 -8.845453E+00
  4.845000E+03 -8.605284E+00
  4.845500E+03 -8.262178E+00
  4.846000E+03 -7.820473E+00
  4.846500E+03 -7.285766E+00
  4.847000E+03 -6.664841E+00
  4.847500E+03 -5.965589E+00
  4.848000E+03 -5.196904E+00
  4.848500E+03 -4.368576E+00
  4.849000E+03 -3.491161E+00
  4.849500E+03 -2.575853E+00
  4.850000E+03 -1.634334E+00
  4.850500E+03 -6.786273E-01
  4.851000E+03  2.790566E-01
  4.851500E+03  1.226481E+00
  4.852000E+03  2.151539E+00
  4.852500E+03  3.042413E+00
  4.853000E+03  3.887729E+00
  4.853500E+03  4.676702E+00
  4.854000E+03  5.399282E+00
  4.854500E+03  6.046279E+00
  4.855000E+03  6.609494E+00
  4.855500E+03  7.081814E+00
  4.856000E+03  7.457318E+00
  4.856500E+03  7.731347E+00
  4.857000E+03  7.900568E+00
  4.857500E+03  7.963020E+00
  4.858000E+03  7.918136E+00
  4.858500E+03  7.766754E+00
  4.859000E+03  7.511103E+00
  4.859500E+03  7.154776E+00
  4.860000E+03  6.702679E+00
  4.860500E+03  6.160968E+00
  4.861000E+03  5.536966E+00
  4.861500E+03  4.839063E+00
  4.862000E+03  4.076608E+00
  4.862500E+03  3.259780E+00
  4.863000E+03  2.399454E+00
  4.863500E+03  1.507055E+00
  4.864000E+03  5.944049E-01
  4.864500E+03 -3.264348E-01
  4.865000E+03 -1.243325E+00
  4.865500E+03 -2.144212E+00
  4.866000E+03 -3.017285E+00
  4.866500E+03 -3.851139E+00
  4.867000E+03 -4.634921E+00
  4.867500E+03 -5.358479E+00
  4.868000E+03 -6.012492E+00
  4.868500E+03 -6.588595E+00
  4.869000E+03 -7.079492E+00
  4.869500E+03 -7.479045E+00
  4.870000E+03 -7.782357E+00
  4.870500E+03 -7.985833E+00
  4.871000E+03 -8.087227E+00
  4.871500E+03 -8.085661E+00
  4.872000E+03 -7.981641E+00
  4.872500E+03 -7.777036E+00
  4.873000E+03 -7.475054E+00
  4.873500E+03 -7.080192E+00
  4.874000E+03 -6.598167E+00
  4.874500E+03 -6.035835E+00
  4.875000E+03 -5.401095E+00
  4.875500E+03 -4.702773E+00
  4.876000E+03 -3.950499E+00
  4.876500E+03 -3.154574E+00
  4.877000E+03 -2.325823E+00
  4.877500E+03 -1.475447E+00
  4.878000E+03 -6.148663E-01
  4.878500E+03  2.444351E-01
  4.879000E+03  1.091068E+00
  4.879500E+03  1.913894E+00
  4.880000E+03  2.702174E+00
  4.880500E+03  3.445719E+00
  4.881000E+03  4.135019E+00
  4.881500E+03  4.761376E+00
  4.882000E+03  5.317016E+00
  4.882500E+03  5.795188E+00
  4.883000E+03  6.190256E+00
  4.883500E+03  6.497763E+00
  4.884000E+03  6.714489E+00
  4.884500E+03  6.838485E+00
  4.885000E+03  6.869093E+00
  4.885500E+03  6.806940E+00
  4.886000E+03  6.653930E+00
  4.886500E+03  6.413199E+00
  4.887000E+03  6.089068E+00
  4.887500E+03  5.686969E+00
  4.888000E+03  5.213367E+00
  4.888500E+03  4.675658E+00
  4.889000E+03  4.082060E+00
  4.889500E+03  3.441492E+00
  4.890000E+03  2.763443E+00
  4.890500E+03  2.057837E+00
  4.891000E+03  1.334889E+00
  4.891500E+03  6.049619E-01
  4.892000E+03 -1.215805E-01
  4.892500E+03 -8.345188E-01
  4.893000E+03 -1.523919E+00
  4.893500E+03 -2.180269E+00
  4.894000E+03 -2.794608E+00
  4.894500E+03 -3.358647E+00
  4.895000E+03 -3.864881E+00
  4.895500E+03 -4.306682E+00
  4.896000E+03 -4.678390E+00
  4.896500E+03 -4.975380E+00
  4.897000E+03 -5.194118E+00
  4.897500E+03 -5.332201E+00
  4.898000E+03 -5.388379E+00
  4.898500E+03 -5.362566E+00
  4.899000E+03 -5.255823E+00
  4.899500E+03 -5.070340E+00
  4.900000E+03 -4.809390E+00
  4.900500E+03 -4.477273E+00
  4.901000E+03 -4.079251E+00
  4.901500E+03 -3.621457E+00
  4.902000E+03 -3.110809E+00
  4.902500E+03 -2.554900E+00
  4.903000E+03 -1.961888E+00
  4.903500E+03 -1.340378E+00
  4.904000E+03 -6.992939E-01
  4.904500E+03 -4.775436E-02
  4.905000E+03  6.050570E-01
  4.905500E+03  1.250020E+00
  4.906000E+03  1.878202E+00
  4.906500E+03  2.480983E+00
  4.907000E+03  3.050168E+00
  4.907500E+03  3.578097E+00
  4.908000E+03  4.057745E+00
  4.908500E+03  4.482810E+00
  4.909000E+03  4.847796E+00
  4.909500E+03  5.148072E+00
  4.910000E+03  5.379932E+00
  4.910500E+03  5.540632E+00
  4.911000E+03  5.628416E+00
  4.911500E+03  5.642528E+00
  4.912000E+03  5.583210E+00
  4.912500E+03  5.451686E+00
  4.913000E+03  5.250135E+00
  4.913500E+03  4.981643E+00
  4.914000E+03  4.650158E+00
  4.914500E+03  4.260418E+00
  4.915000E+03  3.817877E+00
  4.915500E+03  3.328626E+00
  4.916000E+03  2.799299E+00
  4.916500E+03  2.236976E+00
  4.917000E+03  1.649084E+00
  4.917500E+03  1.043288E+00
  4.918000E+03  4.273930E-01
  4.918500E+03 -1.907693E-01
  4.919000E+03 -8.034407E-01
  4.919500E+03 -1.403039E+00
  4.920000E+03 -1.982254E+00
  4.920500E+03 -2.534141E+00
  4.921000E+03 -3.052204E+00
  4.921500E+03 -3.530474E+00
  4.922000E+03 -3.963576E+00
  4.922500E+03 -4.346788E+00
  4.923000E+03 -4.676094E+00
  4.923500E+03 -4.948216E+00
  4.924000E+03 -5.160647E+00
  4.924500E+03 -5.311665E+00
  4.925000E+03 -5.400340E+00
  4.925500E+03 -5.426531E+00
  4.926000E+03 -5.390867E+00
  4.926500E+03 -5.294723E+00
  4.927000E+03 -5.140189E+00
  4.927500E+03 -4.930024E+00
  4.928000E+03 -4.667603E+00
  4.928500E+03 -4.356867E+00
  4.929000E+03 -4.002250E+00
  4.929500E+03 -3.608618E+00
  4.930000E+03 -3.181194E+00
  4.930500E+03 -2.725483E+00
  4.931000E+03 -2.247196E+00
  4.931500E+03 -1.752175E+00
  4.932000E+03 -1.246313E+00
  4.932500E+03 -7.354844E-01
  4.933000E+03 -2.254696E-01
  4.933500E+03  2.781120E-01
  4.934000E+03  7.698659E-01
  4.934500E+03  1.244682E+00
  4.935000E+03  1.697786E+00
  4.935500E+03  2.124791E+00
  4.936000E+03  2.521730E+00
  4.936500E+03  2.885096E+00
  4.937000E+03  3.211868E+00
  4.937500E+03  3.499524E+00
  4.938000E+03  3.746060E+00
  4.938500E+03  3.949990E+00
  4.939000E+03  4.110347E+00
  4.939500E+03  4.226671E+00
  4.940000E+03  4.298999E+00
  4.940500E+03  4.327840E+00
  4.941000E+03  4.314154E+00
  4.941500E+03  4.259317E+00
  4.942000E+03  4.165096E+00
  4.942500E+03  4.033602E+00
  4.943000E+03  3.867257E+00
  4.943500E+03  3.668754E+00
  4.944000E+03  3.441009E+00
  4.944500E+03  3.187123E+00
  4.945000E+03  2.910337E+00
  4.945500E+03  2.613994E+00
  4.946000E+03  2.301492E+00
  4.946500E+03  1.976250E+00
  4.947000E+03  1.641670E+00
  4.947500E+03  1.301102E+00
  4.948000E+03  9.578139E-01
  4.948500E+03  6.149628E-01
  4.949000E+03  2.755701E-01
  4.949500E+03 -5.749977E-02
  4.950000E+03 -3.815577E-01
  4.950500E+03 -6.941044E-01
  4.951000E+03 -9.928420E-01
  4.951500E+03 -1.275682E+00
  4.952000E+03 -1.540751E+00
  4.952500E+03 -1.786392E+00
  4.953000E+03 -2.011166E+00
  4.953500E+03 -2.213849E+00
  4.954000E+03 -2.393426E+00
  4.954500E+03 -2.549090E+00
  4.955000E+03 -2.680230E+00
  4.955500E+03 -2.786425E+00
  4.956000E+03 -2.867436E+00
  4.956500E+03 -2.923196E+00
  4.957000E+03 -2.953802E+00
  4.957500E+03 -2.959504E+00
  4.958000E+03 -2.940699E+00
  4.958500E+03 -2.897921E+00
  4.959000E+03 -2.831834E+00
  4.959500E+03 -2.743225E+00
  4.960000E+03 -2.632998E+00
  4.960500E+03 -2.502170E+00
  4.961000E+03 -2.351864E+00
  4.961500E+03 -2.183307E+00
  4.962000E+03 -1.997827E+00
  4.962500E+03 -1.796846E+00
  4.963000E+03 -1.581883E+00
  4.963500E+03 -1.354548E+00
  4.964000E+03 -1.116538E+00
  4.964500E+03 -8.696373E-01
  4.965000E+03 -6.157096E-01
  4.965500E+03 -3.566967E-01
  4.966000E+03 -9.461107E-02
  4.966500E+03  1.684707E-01
  4.967000E+03  4.304158E-01
  4.967500E+03  6.890453E-01
  4.968000E+03  9.421449E-01
  4.968500E+03  1.187479E+00
  4.969000E+03  1.422802E+00
  4.969500E+03  1.645881E+00
  4.970000E+03  1.854507E+00
  4.970500E+03  2.046516E+00
  4.971000E+03  2.219815E+00
  4.971500E+03  2.372395E+00
  4.972000E+03  2.502362E+00
  4.972500E+03  2.607955E+00
  4.973000E+03  2.687574E+00
  4.973500E+03  2.739800E+00
  4.974000E+03  2.763421E+00
  4.974500E+03  2.757453E+00
  4.975000E+03  2.721165E+00
  4.975500E+03  2.654094E+00
  4.976000E+03  2.556066E+00
  4.976500E+03  2.427211E+00
  4.977000E+03  2.267977E+00
  4.977500E+03  2.079138E+00
  4.978000E+03  1.861798E+00
  4.978500E+03  1.617399E+00
  4.979000E+03  1.347716E+00
  4.979500E+03  1.054851E+00
  4.980000E+03  7.412212E-01
  4.980500E+03  4.095501E-01
  4.981000E+03  6.284236E-02
  4.981500E+03 -2.956367E-01
  4.982000E+03 -6.623898E-01
  4.982500E+03 -1.033719E+00
  4.983000E+03 -1.405763E+00
  4.983500E+03 -1.774535E+00
  4.984000E+03 -2.135964E+00
  4.984500E+03 -2.485944E+00
  4.985000E+03 -2.820377E+00
  4.985500E+03 -3.135224E+00
  4.986000E+03 -3.426556E+00
  4.986500E+03 -3.690600E+00
  4.987000E+03 -3.923796E+00
  4.987500E+03 -4.122838E+00
  4.988000E+03 -4.284729E+00
  4.988500E+03 -4.406821E+00
  4.989000E+03 -4.486859E+00
  4.989500E+03 -4.523018E+00
  4.990000E+03 -4.513940E+00
  4.990500E+03 -4.458761E+00
  4.991000E+03 -4.357135E+00
  4.991500E+03 -4.209252E+00
  4.992000E+03 -4.015850E+00
  4.992500E+03 -3.778220E+00
  4.993000E+03 -3.498205E+00
  4.993500E+03 -3.178188E+00
  4.994000E+03 -2.821080E+00
  4.994500E+03 -2.430296E+00
  4.995000E+03 -2.009723E+00
  4.995500E+03 -1.563686E+00
  4.996000E+03 -1.096903E+00
  4.996500E+03 -6.144385E-01
  4.997000E+03 -1.216455E-01
  4.997500E+03  3.758901E-01
  4.998000E+03  8.724153E-01
  4.998500E+03  1.362076E+00
  4.999000E+03  1.838988E+00
  4.999500E+03  2.297306E+00
  5.000000E+03  2.731299E+00
