 Variables = "t (s)" "<greek>z</greek> (m)" 
  5.000000E-01  0.000000E+00
  1.000000E+00 -2.448553E-05
  1.500000E+00 -1.289530E-04
  2.000000E+00 -3.565394E-04
  2.500000E+00 -7.438103E-04
  3.000000E+00 -1.318349E-03
  3.500000E+00 -2.096633E-03
  4.000000E+00 -3.082279E-03
  4.500000E+00 -4.264749E-03
  5.000000E+00 -5.618567E-03
  5.500000E+00 -7.103119E-03
  6.000000E+00 -8.663045E-03
  6.500000E+00 -1.022926E-02
  7.000000E+00 -1.172062E-02
  7.500000E+00 -1.304610E-02
  8.000000E+00 -1.410760E-02
  8.500000E+00 -1.480323E-02
  9.000000E+00 -1.503084E-02
  9.500000E+00 -1.469203E-02
  1.000000E+01 -1.369617E-02
  1.050000E+01 -1.196450E-02
  1.100000E+01 -9.434089E-03
  1.150000E+01 -6.061573E-03
  1.200000E+01 -1.826456E-03
  1.250000E+01  3.266108E-03
  1.300000E+01  9.183189E-03
  1.350000E+01  1.586272E-02
  1.400000E+01  2.321296E-02
  1.450000E+01  3.111292E-02
  1.500000E+01  3.941362E-02
  1.550000E+01  4.794039E-02
  1.600000E+01  5.649600E-02
  1.650000E+01  6.486473E-02
  1.700000E+01  7.281705E-02
  1.750000E+01  8.011515E-02
  1.800000E+01  8.651882E-02
  1.850000E+01  9.179177E-02
  1.900000E+01  9.570810E-02
  1.950000E+01  9.805883E-02
  2.000000E+01  9.865821E-02
  2.050000E+01  9.734972E-02
  2.100000E+01  9.401147E-02
  2.150000E+01  8.856106E-02
  2.200000E+01  8.095948E-02
  2.250000E+01  7.121414E-02
  2.300000E+01  5.938083E-02
  2.350000E+01  4.556464E-02
  2.400000E+01  2.991963E-02
  2.450000E+01  1.264743E-02
  2.500000E+01 -6.005359E-03
  2.550000E+01 -2.575086E-02
  2.600000E+01 -4.626464E-02
  2.650000E+01 -6.719139E-02
  2.700000E+01 -8.815147E-02
  2.750000E+01 -1.087481E-01
  2.800000E+01 -1.285754E-01
  2.850000E+01 -1.472262E-01
  2.900000E+01 -1.643010E-01
  2.950000E+01 -1.794165E-01
  3.000000E+01 -1.922140E-01
  3.050000E+01 -2.023677E-01
  3.100000E+01 -2.095929E-01
  3.150000E+01 -2.136531E-01
  3.200000E+01 -2.143663E-01
  3.250000E+01 -2.116114E-01
  3.300000E+01 -2.053320E-01
  3.350000E+01 -1.955404E-01
  3.400000E+01 -1.823195E-01
  3.450000E+01 -1.658232E-01
  3.500000E+01 -1.462763E-01
  3.550000E+01 -1.239715E-01
  3.600000E+01 -9.926573E-02
  3.650000E+01 -7.257477E-02
  3.700000E+01 -4.436607E-02
  3.750000E+01 -1.515035E-02
  3.800000E+01  1.452812E-02
  3.850000E+01  4.410246E-02
  3.900000E+01  7.299504E-02
  3.950000E+01  1.006301E-01
  4.000000E+01  1.264465E-01
  4.050000E+01  1.499112E-01
  4.100000E+01  1.705320E-01
  4.150000E+01  1.878697E-01
  4.200000E+01  2.015500E-01
  4.250000E+01  2.112733E-01
  4.300000E+01  2.168235E-01
  4.350000E+01  2.180751E-01
  4.400000E+01  2.149975E-01
  4.450000E+01  2.076577E-01
  4.500000E+01  1.962201E-01
  4.550000E+01  1.809443E-01
  4.600000E+01  1.621793E-01
  4.650000E+01  1.403567E-01
  4.700000E+01  1.159806E-01
  4.750000E+01  8.961575E-02
  4.800000E+01  6.187369E-02
  4.850000E+01  3.339809E-02
  4.900000E+01  4.848418E-03
  4.950000E+01 -2.311654E-02
  5.000000E+01 -4.985540E-02
  5.050000E+01 -7.476036E-02
  5.100000E+01 -9.729667E-02
  5.150000E+01 -1.170120E-01
  5.200000E+01 -1.335078E-01
  5.250000E+01 -1.464601E-01
  5.300000E+01 -1.556262E-01
  5.350000E+01 -1.608494E-01
  5.400000E+01 -1.620618E-01
  5.450000E+01 -1.592845E-01
  5.500000E+01 -1.526268E-01
  5.550000E+01 -1.422820E-01
  5.600000E+01 -1.285226E-01
  5.650000E+01 -1.116925E-01
  5.700000E+01 -9.219872E-02
  5.750000E+01 -7.050104E-02
  5.800000E+01 -4.710121E-02
  5.850000E+01 -2.253101E-02
  5.900000E+01  2.659931E-03
  5.950000E+01  2.791648E-02
  6.000000E+01  5.269009E-02
  6.050000E+01  7.645054E-02
  6.100000E+01  9.869680E-02
  6.150000E+01  1.189671E-01
  6.200000E+01  1.368475E-01
  6.250000E+01  1.519798E-01
  6.300000E+01  1.640672E-01
  6.350000E+01  1.728790E-01
  6.400000E+01  1.782537E-01
  6.450000E+01  1.801005E-01
  6.500000E+01  1.783992E-01
  6.550000E+01  1.731987E-01
  6.600000E+01  1.646150E-01
  6.650000E+01  1.528264E-01
  6.700000E+01  1.380696E-01
  6.750000E+01  1.206334E-01
  6.800000E+01  1.008527E-01
  6.850000E+01  7.910113E-02
  6.900000E+01  5.578435E-02
  6.950000E+01  3.133199E-02
  7.000000E+01  6.190221E-03
  7.050000E+01 -1.918593E-02
  7.100000E+01 -4.434011E-02
  7.150000E+01 -6.882200E-02
  7.200000E+01 -9.219436E-02
  7.250000E+01 -1.140397E-01
  7.300000E+01 -1.339669E-01
  7.350000E+01 -1.516165E-01
  7.400000E+01 -1.666669E-01
  7.450000E+01 -1.788386E-01
  7.500000E+01 -1.878993E-01
  7.550000E+01 -1.936668E-01
  7.600000E+01 -1.960130E-01
  7.650000E+01 -1.948661E-01
  7.700000E+01 -1.902125E-01
  7.750000E+01 -1.820975E-01
  7.800000E+01 -1.706264E-01
  7.850000E+01 -1.559628E-01
  7.900000E+01 -1.383283E-01
  7.950000E+01 -1.179992E-01
  8.000000E+01 -9.530363E-02
  8.050000E+01 -7.061704E-02
  8.100000E+01 -4.435715E-02
  8.150000E+01 -1.697766E-02
  8.200000E+01  1.103874E-02
  8.250000E+01  3.918814E-02
  8.300000E+01  6.695392E-02
  8.350000E+01  9.381578E-02
  8.400000E+01  1.192591E-01
  8.450000E+01  1.427848E-01
  8.500000E+01  1.639188E-01
  8.550000E+01  1.822214E-01
  8.600000E+01  1.972970E-01
  8.650000E+01  2.088021E-01
  8.700000E+01  2.164531E-01
  8.750000E+01  2.200333E-01
  8.800000E+01  2.193979E-01
  8.850000E+01  2.144787E-01
  8.900000E+01  2.052865E-01
  8.950000E+01  1.919121E-01
  9.000000E+01  1.745260E-01
  9.050000E+01  1.533758E-01
  9.100000E+01  1.287827E-01
  9.150000E+01  1.011358E-01
  9.200000E+01  7.088524E-02
  9.250000E+01  3.853380E-02
  9.300000E+01  4.627730E-03
  9.350000E+01 -3.025383E-02
  9.400000E+01 -6.550981E-02
  9.450000E+01 -1.005288E-01
  9.500000E+01 -1.347008E-01
  9.550000E+01 -1.674286E-01
  9.600000E+01 -1.981396E-01
  9.650000E+01 -2.262961E-01
  9.700000E+01 -2.514053E-01
  9.750000E+01 -2.730283E-01
  9.800000E+01 -2.907877E-01
  9.850000E+01 -3.043741E-01
  9.900000E+01 -3.135506E-01
  9.950000E+01 -3.181565E-01
  1.000000E+02 -3.181089E-01
  1.005000E+02 -3.134031E-01
  1.010000E+02 -3.041113E-01
  1.015000E+02 -2.903797E-01
  1.020000E+02 -2.724249E-01
  1.025000E+02 -2.505286E-01
  1.030000E+02 -2.250311E-01
  1.035000E+02 -1.963251E-01
  1.040000E+02 -1.648470E-01
  1.045000E+02 -1.310696E-01
  1.050000E+02 -9.549319E-02
  1.055000E+02 -5.863733E-02
  1.060000E+02 -2.103210E-02
  1.065000E+02  1.679000E-02
  1.070000E+02  5.430201E-02
  1.075000E+02  9.098994E-02
  1.080000E+02  1.263597E-01
  1.085000E+02  1.599432E-01
  1.090000E+02  1.913040E-01
  1.095000E+02  2.200422E-01
  1.100000E+02  2.457983E-01
  1.105000E+02  2.682568E-01
  1.110000E+02  2.871487E-01
  1.115000E+02  3.022532E-01
  1.120000E+02  3.133995E-01
  1.125000E+02  3.204672E-01
  1.130000E+02  3.233861E-01
  1.135000E+02  3.221366E-01
  1.140000E+02  3.167480E-01
  1.145000E+02  3.072981E-01
  1.150000E+02  2.939108E-01
  1.155000E+02  2.767546E-01
  1.160000E+02  2.560405E-01
  1.165000E+02  2.320190E-01
  1.170000E+02  2.049776E-01
  1.175000E+02  1.752377E-01
  1.180000E+02  1.431516E-01
  1.185000E+02  1.090984E-01
  1.190000E+02  7.348104E-02
  1.195000E+02  3.672171E-02
  1.200000E+02 -7.419009E-04
  1.205000E+02 -3.846114E-02
  1.210000E+02 -7.598086E-02
  1.215000E+02 -1.128442E-01
  1.220000E+02 -1.485974E-01
  1.225000E+02 -1.827950E-01
  1.230000E+02 -2.150044E-01
  1.235000E+02 -2.448117E-01
  1.240000E+02 -2.718262E-01
  1.245000E+02 -2.956857E-01
  1.250000E+02 -3.160616E-01
  1.255000E+02 -3.326628E-01
  1.260000E+02 -3.452410E-01
  1.265000E+02 -3.535943E-01
  1.270000E+02 -3.575706E-01
  1.275000E+02 -3.570710E-01
  1.280000E+02 -3.520520E-01
  1.285000E+02 -3.425276E-01
  1.290000E+02 -3.285702E-01
  1.295000E+02 -3.103107E-01
  1.300000E+02 -2.879385E-01
  1.305000E+02 -2.616997E-01
  1.310000E+02 -2.318950E-01
  1.315000E+02 -1.988769E-01
  1.320000E+02 -1.630451E-01
  1.325000E+02 -1.248425E-01
  1.330000E+02 -8.474910E-02
  1.335000E+02 -4.327606E-02
  1.340000E+02 -9.587125E-04
  1.345000E+02  4.165081E-02
  1.350000E+02  8.399141E-02
  1.355000E+02  1.255011E-01
  1.360000E+02  1.656253E-01
  1.365000E+02  2.038253E-01
  1.370000E+02  2.395860E-01
  1.375000E+02  2.724245E-01
  1.380000E+02  3.018970E-01
  1.385000E+02  3.276059E-01
  1.390000E+02  3.492065E-01
  1.395000E+02  3.664118E-01
  1.400000E+02  3.789973E-01
  1.405000E+02  3.868046E-01
  1.410000E+02  3.897439E-01
  1.415000E+02  3.877948E-01
  1.420000E+02  3.810069E-01
  1.425000E+02  3.694987E-01
  1.430000E+02  3.534551E-01
  1.435000E+02  3.331243E-01
  1.440000E+02  3.088133E-01
  1.445000E+02  2.808829E-01
  1.450000E+02  2.497412E-01
  1.455000E+02  2.158369E-01
  1.460000E+02  1.796516E-01
  1.465000E+02  1.416925E-01
  1.470000E+02  1.024836E-01
  1.475000E+02  6.255775E-02
  1.480000E+02  2.244864E-02
  1.485000E+02 -1.731757E-02
  1.490000E+02 -5.622964E-02
  1.495000E+02 -9.379848E-02
  1.500000E+02 -1.295636E-01
  1.505000E+02 -1.630992E-01
  1.510000E+02 -1.940187E-01
  1.515000E+02 -2.219796E-01
  1.520000E+02 -2.466862E-01
  1.525000E+02 -2.678922E-01
  1.530000E+02 -2.854023E-01
  1.535000E+02 -2.990729E-01
  1.540000E+02 -3.088114E-01
  1.545000E+02 -3.145758E-01
  1.550000E+02 -3.163728E-01
  1.555000E+02 -3.142555E-01
  1.560000E+02 -3.083208E-01
  1.565000E+02 -2.987059E-01
  1.570000E+02 -2.855851E-01
  1.575000E+02 -2.691660E-01
  1.580000E+02 -2.496857E-01
  1.585000E+02 -2.274066E-01
  1.590000E+02 -2.026130E-01
  1.595000E+02 -1.756072E-01
  1.600000E+02 -1.467056E-01
  1.605000E+02 -1.162357E-01
  1.610000E+02 -8.453276E-02
  1.615000E+02 -5.193662E-02
  1.620000E+02 -1.878920E-02
  1.625000E+02  1.456817E-02
  1.630000E+02  4.779708E-02
  1.635000E+02  8.056420E-02
  1.640000E+02  1.125434E-01
  1.645000E+02  1.434176E-01
  1.650000E+02  1.728807E-01
  1.655000E+02  2.006395E-01
  1.660000E+02  2.264155E-01
  1.665000E+02  2.499464E-01
  1.670000E+02  2.709889E-01
  1.675000E+02  2.893196E-01
  1.680000E+02  3.047376E-01
  1.685000E+02  3.170666E-01
  1.690000E+02  3.261563E-01
  1.695000E+02  3.318852E-01
  1.700000E+02  3.341619E-01
  1.705000E+02  3.329276E-01
  1.710000E+02  3.281571E-01
  1.715000E+02  3.198609E-01
  1.720000E+02  3.080863E-01
  1.725000E+02  2.929181E-01
  1.730000E+02  2.744796E-01
  1.735000E+02  2.529324E-01
  1.740000E+02  2.284761E-01
  1.745000E+02  2.013475E-01
  1.750000E+02  1.718194E-01
  1.755000E+02  1.401984E-01
  1.760000E+02  1.068223E-01
  1.765000E+02  7.205704E-02
  1.770000E+02  3.629323E-02
  1.775000E+02 -5.842189E-05
  1.780000E+02 -3.657168E-02
  1.785000E+02 -7.280997E-02
  1.790000E+02 -1.083320E-01
  1.795000E+02 -1.426974E-01
  1.800000E+02 -1.754733E-01
  1.805000E+02 -2.062398E-01
  1.810000E+02 -2.345970E-01
  1.815000E+02 -2.601703E-01
  1.820000E+02 -2.826172E-01
  1.825000E+02 -3.016319E-01
  1.830000E+02 -3.169515E-01
  1.835000E+02 -3.283601E-01
  1.840000E+02 -3.356928E-01
  1.845000E+02 -3.388392E-01
  1.850000E+02 -3.377461E-01
  1.855000E+02 -3.324186E-01
  1.860000E+02 -3.229214E-01
  1.865000E+02 -3.093782E-01
  1.870000E+02 -2.919706E-01
  1.875000E+02 -2.709359E-01
  1.880000E+02 -2.465642E-01
  1.885000E+02 -2.191936E-01
  1.890000E+02 -1.892062E-01
  1.895000E+02 -1.570217E-01
  1.900000E+02 -1.230909E-01
  1.905000E+02 -8.788921E-02
  1.910000E+02 -5.190869E-02
  1.915000E+02 -1.565031E-02
  1.920000E+02  2.038406E-02
  1.925000E+02  5.569974E-02
  1.930000E+02  8.981721E-02
  1.935000E+02  1.222798E-01
  1.940000E+02  1.526610E-01
  1.945000E+02  1.805712E-01
  1.950000E+02  2.056637E-01
  1.955000E+02  2.276398E-01
  1.960000E+02  2.462534E-01
  1.965000E+02  2.613143E-01
  1.970000E+02  2.726900E-01
  1.975000E+02  2.803075E-01
  1.980000E+02  2.841530E-01
  1.985000E+02  2.842709E-01
  1.990000E+02  2.807616E-01
  1.995000E+02  2.737786E-01
  2.000000E+02  2.635244E-01
  2.005000E+02  2.502453E-01
  2.010000E+02  2.342261E-01
  2.015000E+02  2.157838E-01
  2.020000E+02  1.952609E-01
  2.025000E+02  1.730185E-01
  2.030000E+02  1.494292E-01
  2.035000E+02  1.248702E-01
  2.040000E+02  9.971597E-02
  2.045000E+02  7.433224E-02
  2.050000E+02  4.906952E-02
  2.055000E+02  2.425767E-02
  2.060000E+02  2.010177E-04
  2.065000E+02 -2.282574E-02
  2.070000E+02 -4.458081E-02
  2.075000E+02 -6.485776E-02
  2.080000E+02 -8.348701E-02
  2.085000E+02 -1.003365E-01
  2.090000E+02 -1.153115E-01
  2.095000E+02 -1.283536E-01
  2.100000E+02 -1.394388E-01
  2.105000E+02 -1.485757E-01
  2.110000E+02 -1.558015E-01
  2.115000E+02 -1.611797E-01
  2.120000E+02 -1.647955E-01
  2.125000E+02 -1.667522E-01
  2.130000E+02 -1.671673E-01
  2.135000E+02 -1.661678E-01
  2.140000E+02 -1.638871E-01
  2.145000E+02 -1.604605E-01
  2.150000E+02 -1.560224E-01
  2.155000E+02 -1.507031E-01
  2.160000E+02 -1.446263E-01
  2.165000E+02 -1.379069E-01
  2.170000E+02 -1.306498E-01
  2.175000E+02 -1.229488E-01
  2.180000E+02 -1.148863E-01
  2.185000E+02 -1.065330E-01
  2.190000E+02 -9.794893E-02
  2.195000E+02 -8.918412E-02
  2.200000E+02 -8.027999E-02
  2.205000E+02 -7.127088E-02
  2.210000E+02 -6.218582E-02
  2.215000E+02 -5.305044E-02
  2.220000E+02 -4.388882E-02
  2.225000E+02 -3.472533E-02
  2.230000E+02 -2.558635E-02
  2.235000E+02 -1.650175E-02
  2.240000E+02 -7.506117E-03
  2.245000E+02  1.360315E-03
  2.250000E+02  1.005112E-02
  2.255000E+02  1.851348E-02
  2.260000E+02  2.668837E-02
  2.265000E+02  3.451115E-02
  2.270000E+02  4.191246E-02
  2.275000E+02  4.881950E-02
  2.280000E+02  5.515755E-02
  2.285000E+02  6.085176E-02
  2.290000E+02  6.582908E-02
  2.295000E+02  7.002027E-02
  2.300000E+02  7.336205E-02
  2.305000E+02  7.579908E-02
  2.310000E+02  7.728592E-02
  2.315000E+02  7.778881E-02
  2.320000E+02  7.728720E-02
  2.325000E+02  7.577498E-02
  2.330000E+02  7.326148E-02
  2.335000E+02  6.977201E-02
  2.340000E+02  6.534807E-02
  2.345000E+02  6.004720E-02
  2.350000E+02  5.394238E-02
  2.355000E+02  4.712118E-02
  2.360000E+02  3.968444E-02
  2.365000E+02  3.174476E-02
  2.370000E+02  2.342462E-02
  2.375000E+02  1.485439E-02
  2.380000E+02  6.170094E-03
  2.385000E+02 -2.488861E-03
  2.390000E+02 -1.098208E-02
  2.395000E+02 -1.917049E-02
  2.400000E+02 -2.691867E-02
  2.405000E+02 -3.409702E-02
  2.410000E+02 -4.058379E-02
  2.415000E+02 -4.626698E-02
  2.420000E+02 -5.104596E-02
  2.425000E+02 -5.483292E-02
  2.430000E+02 -5.755405E-02
  2.435000E+02 -5.915049E-02
  2.440000E+02 -5.957900E-02
  2.445000E+02 -5.881249E-02
  2.450000E+02 -5.684016E-02
  2.455000E+02 -5.366764E-02
  2.460000E+02 -4.931671E-02
  2.465000E+02 -4.382501E-02
  2.470000E+02 -3.724554E-02
  2.475000E+02 -2.964592E-02
  2.480000E+02 -2.110769E-02
  2.485000E+02 -1.172527E-02
  2.490000E+02 -1.605016E-03
  2.495000E+02  9.136049E-03
  2.500000E+02  2.037147E-02
  2.505000E+02  3.196678E-02
  2.510000E+02  4.378104E-02
  2.515000E+02  5.566852E-02
  2.520000E+02  6.748042E-02
  2.525000E+02  7.906681E-02
  2.530000E+02  9.027866E-02
  2.535000E+02  1.009699E-01
  2.540000E+02  1.109996E-01
  2.545000E+02  1.202342E-01
  2.550000E+02  1.285501E-01
  2.555000E+02  1.358353E-01
  2.560000E+02  1.419920E-01
  2.565000E+02  1.469386E-01
  2.570000E+02  1.506114E-01
  2.575000E+02  1.529666E-01
  2.580000E+02  1.539811E-01
  2.585000E+02  1.536540E-01
  2.590000E+02  1.520066E-01
  2.595000E+02  1.490831E-01
  2.600000E+02  1.449497E-01
  2.605000E+02  1.396938E-01
  2.610000E+02  1.334229E-01
  2.615000E+02  1.262618E-01
  2.620000E+02  1.183508E-01
  2.625000E+02  1.098424E-01
  2.630000E+02  1.008980E-01
  2.635000E+02  9.168389E-02
  2.640000E+02  8.236775E-02
  2.645000E+02  7.311405E-02
  2.650000E+02  6.408016E-02
  2.655000E+02  5.541217E-02
  2.660000E+02  4.724108E-02
  2.665000E+02  3.967931E-02
  2.670000E+02  3.281759E-02
  2.675000E+02  2.672252E-02
  2.680000E+02  2.143475E-02
  2.685000E+02  1.696789E-02
  2.690000E+02  1.330825E-02
  2.695000E+02  1.041533E-02
  2.700000E+02  8.223300E-03
  2.705000E+02  6.643093E-03
  2.710000E+02  5.565436E-03
  2.715000E+02  4.864481E-03
  2.720000E+02  4.402056E-03
  2.725000E+02  4.032391E-03
  2.730000E+02  3.607178E-03
  2.735000E+02  2.980808E-03
  2.740000E+02  2.015639E-03
  2.745000E+02  5.871128E-04
  2.750000E+02 -1.411439E-03
  2.755000E+02 -4.064447E-03
  2.760000E+02 -7.430377E-03
  2.765000E+02 -1.153873E-02
  2.770000E+02 -1.638790E-02
  2.775000E+02 -2.194394E-02
  2.780000E+02 -2.814035E-02
  2.785000E+02 -3.487877E-02
  2.790000E+02 -4.203081E-02
  2.795000E+02 -4.944070E-02
  2.800000E+02 -5.692889E-02
  2.805000E+02 -6.429647E-02
  2.810000E+02 -7.133022E-02
  2.815000E+02 -7.780817E-02
  2.820000E+02 -8.350567E-02
  2.825000E+02 -8.820149E-02
  2.830000E+02 -9.168417E-02
  2.835000E+02 -9.375806E-02
  2.840000E+02 -9.424924E-02
  2.845000E+02 -9.301083E-02
  2.850000E+02 -8.992791E-02
  2.855000E+02 -8.492150E-02
  2.860000E+02 -7.795196E-02
  2.865000E+02 -6.902130E-02
  2.870000E+02 -5.817470E-02
  2.875000E+02 -4.550092E-02
  2.880000E+02 -3.113181E-02
  2.885000E+02 -1.524085E-02
  2.890000E+02  1.959311E-03
  2.895000E+02  2.022007E-02
  2.900000E+02  3.926098E-02
  2.905000E+02  5.877447E-02
  2.910000E+02  7.843122E-02
  2.915000E+02  9.788597E-02
  2.920000E+02  1.167837E-01
  2.925000E+02  1.347661E-01
  2.930000E+02  1.514781E-01
  2.935000E+02  1.665744E-01
  2.940000E+02  1.797261E-01
  2.945000E+02  1.906267E-01
  2.950000E+02  1.989982E-01
  2.955000E+02  2.045967E-01
  2.960000E+02  2.072174E-01
  2.965000E+02  2.066989E-01
  2.970000E+02  2.029274E-01
  2.975000E+02  1.958398E-01
  2.980000E+02  1.854261E-01
  2.985000E+02  1.717309E-01
  2.990000E+02  1.548544E-01
  2.995000E+02  1.349526E-01
  3.000000E+02  1.122359E-01
  3.005000E+02  8.696744E-02
  3.010000E+02  5.946078E-02
  3.015000E+02  3.007583E-02
  3.020000E+02 -7.853861E-04
  3.025000E+02 -3.268412E-02
  3.030000E+02 -6.515094E-02
  3.035000E+02 -9.769264E-02
  3.040000E+02 -1.297997E-01
  3.045000E+02 -1.609542E-01
  3.050000E+02 -1.906387E-01
  3.055000E+02 -2.183445E-01
  3.060000E+02 -2.435811E-01
  3.065000E+02 -2.658850E-01
  3.070000E+02 -2.848282E-01
  3.075000E+02 -3.000276E-01
  3.080000E+02 -3.111518E-01
  3.085000E+02 -3.179295E-01
  3.090000E+02 -3.201553E-01
  3.095000E+02 -3.176953E-01
  3.100000E+02 -3.104911E-01
  3.105000E+02 -2.985634E-01
  3.110000E+02 -2.820125E-01
  3.115000E+02 -2.610193E-01
  3.120000E+02 -2.358430E-01
  3.125000E+02 -2.068185E-01
  3.130000E+02 -1.743515E-01
  3.135000E+02 -1.389125E-01
  3.140000E+02 -1.010294E-01
  3.145000E+02 -6.127882E-02
  3.150000E+02 -2.027589E-02
  3.155000E+02  2.133592E-02
  3.160000E+02  6.289650E-02
  3.165000E+02  1.037408E-01
  3.170000E+02  1.432107E-01
  3.175000E+02  1.806675E-01
  3.180000E+02  2.155026E-01
  3.185000E+02  2.471493E-01
  3.190000E+02  2.750931E-01
  3.195000E+02  2.988800E-01
  3.200000E+02  3.181257E-01
  3.205000E+02  3.325212E-01
  3.210000E+02  3.418385E-01
  3.215000E+02  3.459341E-01
  3.220000E+02  3.447505E-01
  3.225000E+02  3.383166E-01
  3.230000E+02  3.267464E-01
  3.235000E+02  3.102358E-01
  3.240000E+02  2.890580E-01
  3.245000E+02  2.635581E-01
  3.250000E+02  2.341453E-01
  3.255000E+02  2.012857E-01
  3.260000E+02  1.654927E-01
  3.265000E+02  1.273178E-01
  3.270000E+02  8.734052E-02
  3.275000E+02  4.615839E-02
  3.280000E+02  4.376743E-03
  3.285000E+02 -3.740125E-02
  3.290000E+02 -7.858411E-02
  3.295000E+02 -1.186011E-01
  3.300000E+02 -1.569105E-01
  3.305000E+02 -1.930073E-01
  3.310000E+02 -2.264296E-01
  3.315000E+02 -2.567644E-01
  3.320000E+02 -2.836522E-01
  3.325000E+02 -3.067906E-01
  3.330000E+02 -3.259369E-01
  3.335000E+02 -3.409094E-01
  3.340000E+02 -3.515879E-01
  3.345000E+02 -3.579134E-01
  3.350000E+02 -3.598869E-01
  3.355000E+02 -3.575667E-01
  3.360000E+02 -3.510661E-01
  3.365000E+02 -3.405496E-01
  3.370000E+02 -3.262289E-01
  3.375000E+02 -3.083582E-01
  3.380000E+02 -2.872297E-01
  3.385000E+02 -2.631681E-01
  3.390000E+02 -2.365257E-01
  3.395000E+02 -2.076765E-01
  3.400000E+02 -1.770109E-01
  3.405000E+02 -1.449305E-01
  3.410000E+02 -1.118430E-01
  3.415000E+02 -7.815637E-02
  3.420000E+02 -4.427493E-02
  3.425000E+02 -1.059424E-02
  3.430000E+02  2.250296E-02
  3.435000E+02  5.465062E-02
  3.440000E+02  8.550282E-02
  3.445000E+02  1.147369E-01
  3.450000E+02  1.420560E-01
  3.455000E+02  1.671916E-01
  3.460000E+02  1.899047E-01
  3.465000E+02  2.099880E-01
  3.470000E+02  2.272661E-01
  3.475000E+02  2.415970E-01
  3.480000E+02  2.528712E-01
  3.485000E+02  2.610129E-01
  3.490000E+02  2.659787E-01
  3.495000E+02  2.677571E-01
  3.500000E+02  2.663680E-01
  3.505000E+02  2.618615E-01
  3.510000E+02  2.543162E-01
  3.515000E+02  2.438386E-01
  3.520000E+02  2.305612E-01
  3.525000E+02  2.146406E-01
  3.530000E+02  1.962569E-01
  3.535000E+02  1.756108E-01
  3.540000E+02  1.529231E-01
  3.545000E+02  1.284318E-01
  3.550000E+02  1.023914E-01
  3.555000E+02  7.507003E-02
  3.560000E+02  4.674835E-02
  3.565000E+02  1.771709E-02
  3.570000E+02 -1.172487E-02
  3.575000E+02 -4.127273E-02
  3.580000E+02 -7.061809E-02
  3.585000E+02 -9.945144E-02
  3.590000E+02 -1.274647E-01
  3.595000E+02 -1.543540E-01
  3.600000E+02 -1.798225E-01
  3.605000E+02 -2.035835E-01
  3.610000E+02 -2.253635E-01
  3.615000E+02 -2.449051E-01
  3.620000E+02 -2.619707E-01
  3.625000E+02 -2.763450E-01
  3.630000E+02 -2.878387E-01
  3.635000E+02 -2.962911E-01
  3.640000E+02 -3.015730E-01
  3.645000E+02 -3.035891E-01
  3.650000E+02 -3.022802E-01
  3.655000E+02 -2.976252E-01
  3.660000E+02 -2.896420E-01
  3.665000E+02 -2.783888E-01
  3.670000E+02 -2.639645E-01
  3.675000E+02 -2.465079E-01
  3.680000E+02 -2.261975E-01
  3.685000E+02 -2.032496E-01
  3.690000E+02 -1.779166E-01
  3.695000E+02 -1.504843E-01
  3.700000E+02 -1.212689E-01
  3.705000E+02 -9.061303E-02
  3.710000E+02 -5.888176E-02
  3.715000E+02 -2.645821E-02
  3.720000E+02  6.261472E-03
  3.725000E+02  3.887321E-02
  3.730000E+02  7.097032E-02
  3.735000E+02  1.021489E-01
  3.740000E+02  1.320135E-01
  3.745000E+02  1.601822E-01
  3.750000E+02  1.862919E-01
  3.755000E+02  2.100039E-01
  3.760000E+02  2.310077E-01
  3.765000E+02  2.490264E-01
  3.770000E+02  2.638201E-01
  3.775000E+02  2.751894E-01
  3.780000E+02  2.829787E-01
  3.785000E+02  2.870784E-01
  3.790000E+02  2.874268E-01
  3.795000E+02  2.840114E-01
  3.800000E+02  2.768692E-01
  3.805000E+02  2.660869E-01
  3.810000E+02  2.517997E-01
  3.815000E+02  2.341901E-01
  3.820000E+02  2.134859E-01
  3.825000E+02  1.899570E-01
  3.830000E+02  1.639120E-01
  3.835000E+02  1.356946E-01
  3.840000E+02  1.056784E-01
  3.845000E+02  7.426192E-02
  3.850000E+02  4.186328E-02
  3.855000E+02  8.913836E-03
  3.860000E+02 -2.414793E-02
  3.865000E+02 -5.688298E-02
  3.870000E+02 -8.885831E-02
  3.875000E+02 -1.196536E-01
  3.880000E+02 -1.488678E-01
  3.885000E+02 -1.761251E-01
  3.890000E+02 -2.010815E-01
  3.895000E+02 -2.234296E-01
  3.900000E+02 -2.429038E-01
  3.905000E+02 -2.592844E-01
  3.910000E+02 -2.724010E-01
  3.915000E+02 -2.821350E-01
  3.920000E+02 -2.884208E-01
  3.925000E+02 -2.912469E-01
  3.930000E+02 -2.906549E-01
  3.935000E+02 -2.867380E-01
  3.940000E+02 -2.796386E-01
  3.945000E+02 -2.695446E-01
  3.950000E+02 -2.566852E-01
  3.955000E+02 -2.413254E-01
  3.960000E+02 -2.237601E-01
  3.965000E+02 -2.043080E-01
  3.970000E+02 -1.833045E-01
  3.975000E+02 -1.610949E-01
  3.980000E+02 -1.380269E-01
  3.985000E+02 -1.144444E-01
  3.990000E+02 -9.068019E-02
  3.995000E+02 -6.705018E-02
  4.000000E+02 -4.384786E-02
  4.005000E+02 -2.133939E-02
  4.010000E+02  2.402072E-04
  4.015000E+02  2.069012E-02
  4.020000E+02  3.984570E-02
  4.025000E+02  5.757951E-02
  4.030000E+02  7.380126E-02
  4.035000E+02  8.845694E-02
  4.040000E+02  1.015269E-01
  4.045000E+02  1.130232E-01
  4.050000E+02  1.229862E-01
  4.055000E+02  1.314811E-01
  4.060000E+02  1.385928E-01
  4.065000E+02  1.444221E-01
  4.070000E+02  1.490808E-01
  4.075000E+02  1.526869E-01
  4.080000E+02  1.553604E-01
  4.085000E+02  1.572188E-01
  4.090000E+02  1.583742E-01
  4.095000E+02  1.589293E-01
  4.100000E+02  1.589753E-01
  4.105000E+02  1.585899E-01
  4.110000E+02  1.578359E-01
  4.115000E+02  1.567611E-01
  4.120000E+02  1.553976E-01
  4.125000E+02  1.537631E-01
  4.130000E+02  1.518617E-01
  4.135000E+02  1.496855E-01
  4.140000E+02  1.472167E-01
  4.145000E+02  1.444296E-01
  4.150000E+02  1.412931E-01
  4.155000E+02  1.377732E-01
  4.160000E+02  1.338349E-01
  4.165000E+02  1.294451E-01
  4.170000E+02  1.245744E-01
  4.175000E+02  1.191987E-01
  4.180000E+02  1.133011E-01
  4.185000E+02  1.068731E-01
  4.190000E+02  9.991521E-02
  4.195000E+02  9.243806E-02
  4.200000E+02  8.446221E-02
  4.205000E+02  7.601843E-02
  4.210000E+02  6.714735E-02
  4.215000E+02  5.789901E-02
  4.220000E+02  4.833221E-02
  4.225000E+02  3.851375E-02
  4.230000E+02  2.851750E-02
  4.235000E+02  1.842347E-02
  4.240000E+02  8.316799E-03
  4.245000E+02 -1.713257E-03
  4.250000E+02 -1.157439E-02
  4.255000E+02 -2.117228E-02
  4.260000E+02 -3.041163E-02
  4.265000E+02 -3.919726E-02
  4.270000E+02 -4.743517E-02
  4.275000E+02 -5.503372E-02
  4.280000E+02 -6.190473E-02
  4.285000E+02 -6.796477E-02
  4.290000E+02 -7.313641E-02
  4.295000E+02 -7.734957E-02
  4.300000E+02 -8.054287E-02
  4.305000E+02 -8.266507E-02
  4.310000E+02 -8.367645E-02
  4.315000E+02 -8.355015E-02
  4.320000E+02 -8.227345E-02
  4.325000E+02 -7.984890E-02
  4.330000E+02 -7.629527E-02
  4.335000E+02 -7.164822E-02
  4.340000E+02 -6.596071E-02
  4.345000E+02 -5.930304E-02
  4.350000E+02 -5.176248E-02
  4.355000E+02 -4.344251E-02
  4.360000E+02 -3.446155E-02
  4.365000E+02 -2.495133E-02
  4.370000E+02 -1.505474E-02
  4.375000E+02 -4.923294E-03
  4.380000E+02  5.285765E-03
  4.385000E+02  1.541264E-02
  4.390000E+02  2.529839E-02
  4.395000E+02  3.478850E-02
  4.400000E+02  4.373638E-02
  4.405000E+02  5.200689E-02
  4.410000E+02  5.947954E-02
  4.415000E+02  6.605148E-02
  4.420000E+02  7.163999E-02
  4.425000E+02  7.618453E-02
  4.430000E+02  7.964813E-02
  4.435000E+02  8.201815E-02
  4.440000E+02  8.330636E-02
  4.445000E+02  8.354830E-02
  4.450000E+02  8.280193E-02
  4.455000E+02  8.114561E-02
  4.460000E+02  7.867553E-02
  4.465000E+02  7.550251E-02
  4.470000E+02  7.174850E-02
  4.475000E+02  6.754270E-02
  4.480000E+02  6.301748E-02
  4.485000E+02  5.830437E-02
  4.490000E+02  5.353009E-02
  4.495000E+02  4.881278E-02
  4.500000E+02  4.425871E-02
  4.505000E+02  3.995935E-02
  4.510000E+02  3.598912E-02
  4.515000E+02  3.240377E-02
  4.520000E+02  2.923937E-02
  4.525000E+02  2.651218E-02
  4.530000E+02  2.421910E-02
  4.535000E+02  2.233889E-02
  4.540000E+02  2.083397E-02
  4.545000E+02  1.965280E-02
  4.550000E+02  1.873265E-02
  4.555000E+02  1.800278E-02
  4.560000E+02  1.738774E-02
  4.565000E+02  1.681077E-02
  4.570000E+02  1.619711E-02
  4.575000E+02  1.547718E-02
  4.580000E+02  1.458935E-02
  4.585000E+02  1.348235E-02
  4.590000E+02  1.211719E-02
  4.595000E+02  1.046850E-02
  4.600000E+02  8.525273E-03
  4.605000E+02  6.290991E-03
  4.610000E+02  3.783200E-03
  4.615000E+02  1.032483E-03
  4.620000E+02 -1.919035E-03
  4.625000E+02 -5.019609E-03
  4.630000E+02 -8.210110E-03
  4.635000E+02 -1.142648E-02
  4.640000E+02 -1.460230E-02
  4.645000E+02 -1.767130E-02
  4.650000E+02 -2.056987E-02
  4.655000E+02 -2.323919E-02
  4.660000E+02 -2.562720E-02
  4.665000E+02 -2.769012E-02
  4.670000E+02 -2.939358E-02
  4.675000E+02 -3.071325E-02
  4.680000E+02 -3.163506E-02
  4.685000E+02 -3.215494E-02
  4.690000E+02 -3.227816E-02
  4.695000E+02 -3.201826E-02
  4.700000E+02 -3.139578E-02
  4.705000E+02 -3.043665E-02
  4.710000E+02 -2.917058E-02
  4.715000E+02 -2.762932E-02
  4.720000E+02 -2.584506E-02
  4.725000E+02 -2.384890E-02
  4.730000E+02 -2.166960E-02
  4.735000E+02 -1.933258E-02
  4.740000E+02 -1.685931E-02
  4.745000E+02 -1.426699E-02
  4.750000E+02 -1.156871E-02
  4.755000E+02 -8.773819E-03
  4.760000E+02 -5.888831E-03
  4.765000E+02 -2.918447E-03
  4.770000E+02  1.331025E-04
  4.775000E+02  3.260601E-03
  4.780000E+02  6.456318E-03
  4.785000E+02  9.708525E-03
  4.790000E+02  1.300012E-02
  4.795000E+02  1.630747E-02
  4.800000E+02  1.959957E-02
  4.805000E+02  2.283754E-02
  4.810000E+02  2.597455E-02
  4.815000E+02  2.895622E-02
  4.820000E+02  3.172144E-02
  4.825000E+02  3.420375E-02
  4.830000E+02  3.633306E-02
  4.835000E+02  3.803783E-02
  4.840000E+02  3.924753E-02
  4.845000E+02  3.989536E-02
  4.850000E+02  3.992109E-02
  4.855000E+02  3.927395E-02
  4.860000E+02  3.791538E-02
  4.865000E+02  3.582162E-02
  4.870000E+02  3.298592E-02
  4.875000E+02  2.942040E-02
  4.880000E+02  2.515724E-02
  4.885000E+02  2.024944E-02
  4.890000E+02  1.477075E-02
  4.895000E+02  8.814974E-03
  4.900000E+02  2.494587E-03
  4.905000E+02 -4.061432E-03
  4.910000E+02 -1.071037E-02
  4.915000E+02 -1.729917E-02
  4.920000E+02 -2.366833E-02
  4.925000E+02 -2.965620E-02
  4.930000E+02 -3.510359E-02
  4.935000E+02 -3.985847E-02
  4.940000E+02 -4.378073E-02
  4.945000E+02 -4.674674E-02
  4.950000E+02 -4.865361E-02
  4.955000E+02 -4.942307E-02
  4.960000E+02 -4.900468E-02
  4.965000E+02 -4.737848E-02
  4.970000E+02 -4.455670E-02
  4.975000E+02 -4.058475E-02
  4.980000E+02 -3.554122E-02
  4.985000E+02 -2.953700E-02
  4.990000E+02 -2.271341E-02
  4.995000E+02 -1.523953E-02
  5.000000E+02 -7.308581E-03
  5.005000E+02  8.663237E-04
  5.010000E+02  9.057172E-03
  5.015000E+02  1.702651E-02
  5.020000E+02  2.453330E-02
  5.025000E+02  3.133900E-02
  5.030000E+02  3.721370E-02
  5.035000E+02  4.194221E-02
  5.040000E+02  4.532984E-02
  5.045000E+02  4.720780E-02
  5.050000E+02  4.743810E-02
  5.055000E+02  4.591767E-02
  5.060000E+02  4.258182E-02
  5.065000E+02  3.740677E-02
  5.070000E+02  3.041121E-02
  5.075000E+02  2.165699E-02
  5.080000E+02  1.124867E-02
  5.085000E+02 -6.677686E-04
  5.090000E+02 -1.390728E-02
  5.095000E+02 -2.824896E-02
  5.100000E+02 -4.344010E-02
  5.105000E+02 -5.920095E-02
  5.110000E+02 -7.523014E-02
  5.115000E+02 -9.121060E-02
  5.120000E+02 -1.068158E-01
  5.125000E+02 -1.217164E-01
  5.130000E+02 -1.355866E-01
  5.135000E+02 -1.481109E-01
  5.140000E+02 -1.589908E-01
  5.145000E+02 -1.679501E-01
  5.150000E+02 -1.747415E-01
  5.155000E+02 -1.791510E-01
  5.160000E+02 -1.810028E-01
  5.165000E+02 -1.801632E-01
  5.170000E+02 -1.765433E-01
  5.175000E+02 -1.701016E-01
  5.180000E+02 -1.608454E-01
  5.185000E+02 -1.488310E-01
  5.190000E+02 -1.341638E-01
  5.195000E+02 -1.169970E-01
  5.200000E+02 -9.752981E-02
  5.205000E+02 -7.600441E-02
  5.210000E+02 -5.270293E-02
  5.215000E+02 -2.794318E-02
  5.220000E+02 -2.074032E-03
  5.225000E+02  2.452973E-02
  5.230000E+02  5.147300E-02
  5.235000E+02  7.834630E-02
  5.240000E+02  1.047320E-01
  5.245000E+02  1.302105E-01
  5.250000E+02  1.543671E-01
  5.255000E+02  1.767981E-01
  5.260000E+02  1.971173E-01
  5.265000E+02  2.149622E-01
  5.270000E+02  2.300000E-01
  5.275000E+02  2.419334E-01
  5.280000E+02  2.505053E-01
  5.285000E+02  2.555042E-01
  5.290000E+02  2.567680E-01
  5.295000E+02  2.541877E-01
  5.300000E+02  2.477103E-01
  5.305000E+02  2.373407E-01
  5.310000E+02  2.231437E-01
  5.315000E+02  2.052437E-01
  5.320000E+02  1.838250E-01
  5.325000E+02  1.591304E-01
  5.330000E+02  1.314587E-01
  5.335000E+02  1.011623E-01
  5.340000E+02  6.864271E-02
  5.345000E+02  3.434577E-02
  5.350000E+02 -1.243762E-03
  5.355000E+02 -3.760891E-02
  5.360000E+02 -7.420759E-02
  5.365000E+02 -1.104804E-01
  5.370000E+02 -1.458590E-01
  5.375000E+02 -1.797749E-01
  5.380000E+02 -2.116683E-01
  5.385000E+02 -2.409976E-01
  5.390000E+02 -2.672480E-01
  5.395000E+02 -2.899411E-01
  5.400000E+02 -3.086432E-01
  5.405000E+02 -3.229735E-01
  5.410000E+02 -3.326116E-01
  5.415000E+02 -3.373040E-01
  5.420000E+02 -3.368701E-01
  5.425000E+02 -3.312066E-01
  5.430000E+02 -3.202910E-01
  5.435000E+02 -3.041833E-01
  5.440000E+02 -2.830272E-01
  5.445000E+02 -2.570489E-01
  5.450000E+02 -2.265554E-01
  5.455000E+02 -1.919300E-01
  5.460000E+02 -1.536281E-01
  5.465000E+02 -1.121700E-01
  5.470000E+02 -6.813391E-02
  5.475000E+02 -2.214647E-02
  5.480000E+02  2.512670E-02
  5.485000E+02  7.299171E-02
  5.490000E+02  1.207377E-01
  5.495000E+02  1.676487E-01
  5.500000E+02  2.130150E-01
  5.505000E+02  2.561457E-01
  5.510000E+02  2.963801E-01
  5.515000E+02  3.330986E-01
  5.520000E+02  3.657336E-01
  5.525000E+02  3.937790E-01
  5.530000E+02  4.167989E-01
  5.535000E+02  4.344346E-01
  5.540000E+02  4.464111E-01
  5.545000E+02  4.525412E-01
  5.550000E+02  4.527287E-01
  5.555000E+02  4.469695E-01
  5.560000E+02  4.353517E-01
  5.565000E+02  4.180534E-01
  5.570000E+02  3.953393E-01
  5.575000E+02  3.675559E-01
  5.580000E+02  3.351249E-01
  5.585000E+02  2.985359E-01
  5.590000E+02  2.583373E-01
  5.595000E+02  2.151273E-01
  5.600000E+02  1.695429E-01
  5.605000E+02  1.222493E-01
  5.610000E+02  7.392871E-02
  5.615000E+02  2.526896E-02
  5.620000E+02 -2.304768E-02
  5.625000E+02 -7.035548E-02
  5.630000E+02 -1.160156E-01
  5.635000E+02 -1.594259E-01
  5.640000E+02 -2.000296E-01
  5.645000E+02 -2.373236E-01
  5.650000E+02 -2.708647E-01
  5.655000E+02 -3.002756E-01
  5.660000E+02 -3.252489E-01
  5.665000E+02 -3.455503E-01
  5.670000E+02 -3.610198E-01
  5.675000E+02 -3.715725E-01
  5.680000E+02 -3.771969E-01
  5.685000E+02 -3.779532E-01
  5.690000E+02 -3.739698E-01
  5.695000E+02 -3.654385E-01
  5.700000E+02 -3.526093E-01
  5.705000E+02 -3.357844E-01
  5.710000E+02 -3.153110E-01
  5.715000E+02 -2.915742E-01
  5.720000E+02 -2.649897E-01
  5.725000E+02 -2.359952E-01
  5.730000E+02 -2.050432E-01
  5.735000E+02 -1.725934E-01
  5.740000E+02 -1.391048E-01
  5.745000E+02 -1.050292E-01
  5.750000E+02 -7.080440E-02
  5.755000E+02 -3.684870E-02
  5.760000E+02 -3.555460E-03
  5.765000E+02  2.871111E-02
  5.770000E+02  5.961962E-02
  5.775000E+02  8.887424E-02
  5.780000E+02  1.162167E-01
  5.785000E+02  1.414274E-01
  5.790000E+02  1.643260E-01
  5.795000E+02  1.847709E-01
  5.800000E+02  2.026585E-01
  5.805000E+02  2.179216E-01
  5.810000E+02  2.305275E-01
  5.815000E+02  2.404755E-01
  5.820000E+02  2.477945E-01
  5.825000E+02  2.525395E-01
  5.830000E+02  2.547892E-01
  5.835000E+02  2.546427E-01
  5.840000E+02  2.522161E-01
  5.845000E+02  2.476397E-01
  5.850000E+02  2.410555E-01
  5.855000E+02  2.326139E-01
  5.860000E+02  2.224716E-01
  5.865000E+02  2.107894E-01
  5.870000E+02  1.977302E-01
  5.875000E+02  1.834571E-01
  5.880000E+02  1.681324E-01
  5.885000E+02  1.519160E-01
  5.890000E+02  1.349648E-01
  5.895000E+02  1.174316E-01
  5.900000E+02  9.946483E-02
  5.905000E+02  8.120797E-02
  5.910000E+02  6.279934E-02
  5.915000E+02  4.437187E-02
  5.920000E+02  2.605301E-02
  5.925000E+02  7.964713E-03
  5.930000E+02 -9.776628E-03
  5.935000E+02 -2.706011E-02
  5.940000E+02 -4.378033E-02
  5.945000E+02 -5.983729E-02
  5.950000E+02 -7.513643E-02
  5.955000E+02 -8.958851E-02
  5.960000E+02 -1.031096E-01
  5.965000E+02 -1.156211E-01
  5.970000E+02 -1.270494E-01
  5.975000E+02 -1.373265E-01
  5.980000E+02 -1.463893E-01
  5.985000E+02 -1.541797E-01
  5.990000E+02 -1.606452E-01
  5.995000E+02 -1.657381E-01
  6.000000E+02 -1.694162E-01
  6.005000E+02 -1.716427E-01
  6.010000E+02 -1.723862E-01
  6.015000E+02 -1.716216E-01
  6.020000E+02 -1.693295E-01
  6.025000E+02 -1.654978E-01
  6.030000E+02 -1.601213E-01
  6.035000E+02 -1.532029E-01
  6.040000E+02 -1.447544E-01
  6.045000E+02 -1.347971E-01
  6.050000E+02 -1.233631E-01
  6.055000E+02 -1.104962E-01
  6.060000E+02 -9.625293E-02
  6.065000E+02 -8.070368E-02
  6.070000E+02 -6.393374E-02
  6.075000E+02 -4.604419E-02
  6.080000E+02 -2.715275E-02
  6.085000E+02 -7.394356E-03
  6.090000E+02  1.307848E-02
  6.095000E+02  3.409559E-02
  6.100000E+02  5.546937E-02
  6.105000E+02  7.699552E-02
  6.110000E+02  9.845403E-02
  6.115000E+02  1.196107E-01
  6.120000E+02  1.402191E-01
  6.125000E+02  1.600230E-01
  6.130000E+02  1.787591E-01
  6.135000E+02  1.961605E-01
  6.140000E+02  2.119604E-01
  6.145000E+02  2.258957E-01
  6.150000E+02  2.377118E-01
  6.155000E+02  2.471667E-01
  6.160000E+02  2.540357E-01
  6.165000E+02  2.581164E-01
  6.170000E+02  2.592327E-01
  6.175000E+02  2.572396E-01
  6.180000E+02  2.520275E-01
  6.185000E+02  2.435257E-01
  6.190000E+02  2.317058E-01
  6.195000E+02  2.165851E-01
  6.200000E+02  1.982280E-01
  6.205000E+02  1.767482E-01
  6.210000E+02  1.523092E-01
  6.215000E+02  1.251245E-01
  6.220000E+02  9.545649E-02
  6.225000E+02  6.361507E-02
  6.230000E+02  2.995487E-02
  6.235000E+02 -5.128060E-03
  6.240000E+02 -4.120050E-02
  6.245000E+02 -7.779708E-02
  6.250000E+02 -1.144261E-01
  6.255000E+02 -1.505760E-01
  6.260000E+02 -1.857225E-01
  6.265000E+02 -2.193358E-01
  6.270000E+02 -2.508891E-01
  6.275000E+02 -2.798669E-01
  6.280000E+02 -3.057727E-01
  6.285000E+02 -3.281385E-01
  6.290000E+02 -3.465327E-01
  6.295000E+02 -3.605682E-01
  6.300000E+02 -3.699107E-01
  6.305000E+02 -3.742855E-01
  6.310000E+02 -3.734842E-01
  6.315000E+02 -3.673708E-01
  6.320000E+02 -3.558861E-01
  6.325000E+02 -3.390516E-01
  6.330000E+02 -3.169721E-01
  6.335000E+02 -2.898368E-01
  6.340000E+02 -2.579191E-01
  6.345000E+02 -2.215751E-01
  6.350000E+02 -1.812401E-01
  6.355000E+02 -1.374241E-01
  6.360000E+02 -9.070585E-02
  6.365000E+02 -4.172478E-02
  6.370000E+02  8.827733E-03
  6.375000E+02  6.021867E-02
  6.380000E+02  1.116848E-01
  6.385000E+02  1.624449E-01
  6.390000E+02  2.117129E-01
  6.395000E+02  2.587114E-01
  6.400000E+02  3.026853E-01
  6.405000E+02  3.429157E-01
  6.410000E+02  3.787333E-01
  6.415000E+02  4.095311E-01
  6.420000E+02  4.347765E-01
  6.425000E+02  4.540219E-01
  6.430000E+02  4.669143E-01
  6.435000E+02  4.732028E-01
  6.440000E+02  4.727447E-01
  6.445000E+02  4.655088E-01
  6.450000E+02  4.515780E-01
  6.455000E+02  4.311477E-01
  6.460000E+02  4.045242E-01
  6.465000E+02  3.721188E-01
  6.470000E+02  3.344412E-01
  6.475000E+02  2.920906E-01
  6.480000E+02  2.457442E-01
  6.485000E+02  1.961454E-01
  6.490000E+02  1.440900E-01
  6.495000E+02  9.041107E-02
  6.500000E+02  3.596375E-02
  6.505000E+02 -1.839043E-02
  6.510000E+02 -7.179943E-02
  6.515000E+02 -1.234361E-01
  6.520000E+02 -1.725128E-01
  6.525000E+02 -2.182952E-01
  6.530000E+02 -2.601149E-01
  6.535000E+02 -2.973798E-01
  6.540000E+02 -3.295838E-01
  6.545000E+02 -3.563138E-01
  6.550000E+02 -3.772552E-01
  6.555000E+02 -3.921945E-01
  6.560000E+02 -4.010212E-01
  6.565000E+02 -4.037265E-01
  6.570000E+02 -4.004003E-01
  6.575000E+02 -3.912273E-01
  6.580000E+02 -3.764799E-01
  6.585000E+02 -3.565113E-01
  6.590000E+02 -3.317462E-01
  6.595000E+02 -3.026717E-01
  6.600000E+02 -2.698262E-01
  6.605000E+02 -2.337891E-01
  6.610000E+02 -1.951694E-01
  6.615000E+02 -1.545953E-01
  6.620000E+02 -1.127031E-01
  6.625000E+02 -7.012707E-02
  6.630000E+02 -2.749021E-02
  6.635000E+02  1.460486E-02
  6.640000E+02  5.558372E-02
  6.645000E+02  9.490707E-02
  6.650000E+02  1.320768E-01
  6.655000E+02  1.666409E-01
  6.660000E+02  1.981977E-01
  6.665000E+02  2.263985E-01
  6.670000E+02  2.509502E-01
  6.675000E+02  2.716163E-01
  6.680000E+02  2.882174E-01
  6.685000E+02  3.006312E-01
  6.690000E+02  3.087916E-01
  6.695000E+02  3.126874E-01
  6.700000E+02  3.123602E-01
  6.705000E+02  3.079024E-01
  6.710000E+02  2.994541E-01
  6.715000E+02  2.872006E-01
  6.720000E+02  2.713686E-01
  6.725000E+02  2.522227E-01
  6.730000E+02  2.300619E-01
  6.735000E+02  2.052147E-01
  6.740000E+02  1.780355E-01
  6.745000E+02  1.488999E-01
  6.750000E+02  1.181995E-01
  6.755000E+02  8.633785E-02
  6.760000E+02  5.372484E-02
  6.765000E+02  2.077198E-02
  6.770000E+02 -1.211273E-02
  6.775000E+02 -4.452978E-02
  6.780000E+02 -7.609307E-02
  6.785000E+02 -1.064346E-01
  6.790000E+02 -1.352091E-01
  6.795000E+02 -1.620977E-01
  6.800000E+02 -1.868122E-01
  6.805000E+02 -2.090980E-01
  6.810000E+02 -2.287369E-01
  6.815000E+02 -2.455490E-01
  6.820000E+02 -2.593946E-01
  6.825000E+02 -2.701742E-01
  6.830000E+02 -2.778296E-01
  6.835000E+02 -2.823423E-01
  6.840000E+02 -2.837331E-01
  6.845000E+02 -2.820598E-01
  6.850000E+02 -2.774150E-01
  6.855000E+02 -2.699231E-01
  6.860000E+02 -2.597371E-01
  6.865000E+02 -2.470352E-01
  6.870000E+02 -2.320166E-01
  6.875000E+02 -2.148983E-01
  6.880000E+02 -1.959105E-01
  6.885000E+02 -1.752933E-01
  6.890000E+02 -1.532931E-01
  6.895000E+02 -1.301590E-01
  6.900000E+02 -1.061399E-01
  6.905000E+02 -8.148181E-02
  6.910000E+02 -5.642561E-02
  6.915000E+02 -3.120505E-02
  6.920000E+02 -6.045346E-03
  6.925000E+02  1.883806E-02
  6.930000E+02  4.324025E-02
  6.935000E+02  6.696736E-02
  6.940000E+02  8.983689E-02
  6.945000E+02  1.116778E-01
  6.950000E+02  1.323305E-01
  6.955000E+02  1.516469E-01
  6.960000E+02  1.694904E-01
  6.965000E+02  1.857356E-01
  6.970000E+02  2.002690E-01
  6.975000E+02  2.129887E-01
  6.980000E+02  2.238051E-01
  6.985000E+02  2.326414E-01
  6.990000E+02  2.394342E-01
  6.995000E+02  2.441342E-01
  7.000000E+02  2.467073E-01
  7.005000E+02  2.471354E-01
  7.010000E+02  2.454168E-01
  7.015000E+02  2.415678E-01
  7.020000E+02  2.356225E-01
  7.025000E+02  2.276340E-01
  7.030000E+02  2.176740E-01
  7.035000E+02  2.058333E-01
  7.040000E+02  1.922209E-01
  7.045000E+02  1.769639E-01
  7.050000E+02  1.602062E-01
  7.055000E+02  1.421073E-01
  7.060000E+02  1.228406E-01
  7.065000E+02  1.025915E-01
  7.070000E+02  8.155556E-02
  7.075000E+02  5.993609E-02
  7.080000E+02  3.794163E-02
  7.085000E+02  1.578366E-02
  7.090000E+02 -6.325871E-03
  7.095000E+02 -2.817697E-02
  7.100000E+02 -4.956382E-02
  7.105000E+02 -7.028690E-02
  7.110000E+02 -9.015489E-02
  7.115000E+02 -1.089863E-01
  7.120000E+02 -1.266110E-01
  7.125000E+02 -1.428713E-01
  7.130000E+02 -1.576228E-01
  7.135000E+02 -1.707353E-01
  7.140000E+02 -1.820932E-01
  7.145000E+02 -1.915960E-01
  7.150000E+02 -1.991582E-01
  7.155000E+02 -2.047098E-01
  7.160000E+02 -2.081965E-01
  7.165000E+02 -2.095793E-01
  7.170000E+02 -2.088355E-01
  7.175000E+02 -2.059582E-01
  7.180000E+02 -2.009573E-01
  7.185000E+02 -1.938594E-01
  7.190000E+02 -1.847089E-01
  7.195000E+02 -1.735681E-01
  7.200000E+02 -1.605182E-01
  7.205000E+02 -1.456598E-01
  7.210000E+02 -1.291137E-01
  7.215000E+02 -1.110209E-01
  7.220000E+02 -9.154347E-02
  7.225000E+02 -7.086406E-02
  7.230000E+02 -4.918596E-02
  7.235000E+02 -2.673226E-02
  7.240000E+02 -3.744757E-03
  7.245000E+02  1.951766E-02
  7.250000E+02  4.278110E-02
  7.255000E+02  6.575935E-02
  7.260000E+02  8.815704E-02
  7.265000E+02  1.096733E-01
  7.270000E+02  1.300059E-01
  7.275000E+02  1.488559E-01
  7.280000E+02  1.659323E-01
  7.285000E+02  1.809572E-01
  7.290000E+02  1.936714E-01
  7.295000E+02  2.038389E-01
  7.300000E+02  2.112527E-01
  7.305000E+02  2.157392E-01
  7.310000E+02  2.171631E-01
  7.315000E+02  2.154308E-01
  7.320000E+02  2.104942E-01
  7.325000E+02  2.023531E-01
  7.330000E+02  1.910572E-01
  7.335000E+02  1.767066E-01
  7.340000E+02  1.594521E-01
  7.345000E+02  1.394939E-01
  7.350000E+02  1.170796E-01
  7.355000E+02  9.250122E-02
  7.360000E+02  6.609096E-02
  7.365000E+02  3.821656E-02
  7.370000E+02  9.275472E-03
  7.375000E+02 -2.031156E-02
  7.380000E+02 -5.010749E-02
  7.385000E+02 -7.966642E-02
  7.390000E+02 -1.085414E-01
  7.395000E+02 -1.362922E-01
  7.400000E+02 -1.624935E-01
  7.405000E+02 -1.867424E-01
  7.410000E+02 -2.086658E-01
  7.415000E+02 -2.279275E-01
  7.420000E+02 -2.442343E-01
  7.425000E+02 -2.573417E-01
  7.430000E+02 -2.670586E-01
  7.435000E+02 -2.732505E-01
  7.440000E+02 -2.758427E-01
  7.445000E+02 -2.748214E-01
  7.450000E+02 -2.702339E-01
  7.455000E+02 -2.621882E-01
  7.460000E+02 -2.508504E-01
  7.465000E+02 -2.364416E-01
  7.470000E+02 -2.192341E-01
  7.475000E+02 -1.995453E-01
  7.480000E+02 -1.777324E-01
  7.485000E+02 -1.541847E-01
  7.490000E+02 -1.293165E-01
  7.495000E+02 -1.035586E-01
  7.500000E+02 -7.735060E-02
  7.505000E+02 -5.113155E-02
  7.510000E+02 -2.533209E-02
  7.515000E+02 -3.659530E-04
  7.520000E+02  2.337781E-02
  7.525000E+02  4.554214E-02
  7.530000E+02  6.580847E-02
  7.535000E+02  8.390240E-02
  7.540000E+02  9.959832E-02
  7.545000E+02  1.127230E-01
  7.550000E+02  1.231579E-01
  7.555000E+02  1.308405E-01
  7.560000E+02  1.357636E-01
  7.565000E+02  1.379749E-01
  7.570000E+02  1.375735E-01
  7.575000E+02  1.347068E-01
  7.580000E+02  1.295655E-01
  7.585000E+02  1.223780E-01
  7.590000E+02  1.134040E-01
  7.595000E+02  1.029275E-01
  7.600000E+02  9.124945E-02
  7.605000E+02  7.867998E-02
  7.610000E+02  6.553077E-02
  7.615000E+02  5.210759E-02
  7.620000E+02  3.870309E-02
  7.625000E+02  2.559026E-02
  7.630000E+02  1.301652E-02
  7.635000E+02  1.198625E-03
  7.640000E+02 -9.681382E-03
  7.645000E+02 -1.947923E-02
  7.650000E+02 -2.809035E-02
  7.655000E+02 -3.545066E-02
  7.660000E+02 -4.153621E-02
  7.665000E+02 -4.636177E-02
  7.670000E+02 -4.997834E-02
  7.675000E+02 -5.246973E-02
  7.680000E+02 -5.394838E-02
  7.685000E+02 -5.455039E-02
  7.690000E+02 -5.443021E-02
  7.695000E+02 -5.375475E-02
  7.700000E+02 -5.269755E-02
  7.705000E+02 -5.143274E-02
  7.710000E+02 -5.012934E-02
  7.715000E+02 -4.894576E-02
  7.720000E+02 -4.802487E-02
  7.725000E+02 -4.748960E-02
  7.730000E+02 -4.743932E-02
  7.735000E+02 -4.794698E-02
  7.740000E+02 -4.905714E-02
  7.745000E+02 -5.078484E-02
  7.750000E+02 -5.311543E-02
  7.755000E+02 -5.600526E-02
  7.760000E+02 -5.938318E-02
  7.765000E+02 -6.315285E-02
  7.770000E+02 -6.719573E-02
  7.775000E+02 -7.137466E-02
  7.780000E+02 -7.553791E-02
  7.785000E+02 -7.952366E-02
  7.790000E+02 -8.316458E-02
  7.795000E+02 -8.629267E-02
  7.800000E+02 -8.874400E-02
  7.805000E+02 -9.036334E-02
  7.810000E+02 -9.100853E-02
  7.815000E+02 -9.055457E-02
  7.820000E+02 -8.889715E-02
  7.825000E+02 -8.595584E-02
  7.830000E+02 -8.167652E-02
  7.835000E+02 -7.603337E-02
  7.840000E+02 -6.903006E-02
  7.845000E+02 -6.070038E-02
  7.850000E+02 -5.110813E-02
  7.855000E+02 -4.034636E-02
  7.860000E+02 -2.853599E-02
  7.865000E+02 -1.582382E-02
  7.870000E+02 -2.379934E-03
  7.875000E+02  1.160537E-02
  7.880000E+02  2.592512E-02
  7.885000E+02  4.035955E-02
  7.890000E+02  5.468041E-02
  7.895000E+02  6.865533E-02
  7.900000E+02  8.205251E-02
  7.905000E+02  9.464531E-02
  7.910000E+02  1.062170E-01
  7.915000E+02  1.165651E-01
  7.920000E+02  1.255059E-01
  7.925000E+02  1.328784E-01
  7.930000E+02  1.385479E-01
  7.935000E+02  1.424091E-01
  7.940000E+02  1.443889E-01
  7.945000E+02  1.444484E-01
  7.950000E+02  1.425841E-01
  7.955000E+02  1.388287E-01
  7.960000E+02  1.332507E-01
  7.965000E+02  1.259541E-01
  7.970000E+02  1.170762E-01
  7.975000E+02  1.067854E-01
  7.980000E+02  9.527826E-02
  7.985000E+02  8.277534E-02
  7.990000E+02  6.951720E-02
  7.995000E+02  5.575933E-02
  8.000000E+02  4.176683E-02
  8.005000E+02  2.780889E-02
  8.010000E+02  1.415294E-02
  8.015000E+02  1.058916E-03
  8.020000E+02 -1.122649E-02
  8.025000E+02 -2.247525E-02
  8.030000E+02 -3.248305E-02
  8.035000E+02 -4.107391E-02
  8.040000E+02 -4.810400E-02
  8.045000E+02 -5.346492E-02
  8.050000E+02 -5.708595E-02
  8.055000E+02 -5.893558E-02
  8.060000E+02 -5.902199E-02
  8.065000E+02 -5.739264E-02
  8.070000E+02 -5.413285E-02
  8.075000E+02 -4.936357E-02
  8.080000E+02 -4.323820E-02
  8.085000E+02 -3.593870E-02
  8.090000E+02 -2.767102E-02
  8.095000E+02 -1.866000E-02
  8.100000E+02 -9.143862E-03
  8.105000E+02  6.315630E-04
  8.110000E+02  1.041869E-02
  8.115000E+02  1.997400E-02
  8.120000E+02  2.906366E-02
  8.125000E+02  3.746880E-02
  8.130000E+02  4.499030E-02
  8.135000E+02  5.145305E-02
  8.140000E+02  5.670947E-02
  8.145000E+02  6.064232E-02
  8.150000E+02  6.316670E-02
  8.155000E+02  6.423123E-02
  8.160000E+02  6.381846E-02
  8.165000E+02  6.194434E-02
  8.170000E+02  5.865711E-02
  8.175000E+02  5.403536E-02
  8.180000E+02  4.818554E-02
  8.185000E+02  4.123888E-02
  8.190000E+02  3.334796E-02
  8.195000E+02  2.468288E-02
  8.200000E+02  1.542726E-02
  8.205000E+02  5.774078E-03
  8.210000E+02 -4.078462E-03
  8.215000E+02 -1.393103E-02
  8.220000E+02 -2.358709E-02
  8.225000E+02 -3.285657E-02
  8.230000E+02 -4.155934E-02
  8.235000E+02 -4.952819E-02
  8.240000E+02 -5.661166E-02
  8.245000E+02 -6.267628E-02
  8.250000E+02 -6.760854E-02
  8.255000E+02 -7.131642E-02
  8.260000E+02 -7.373057E-02
  8.265000E+02 -7.480500E-02
  8.270000E+02 -7.451753E-02
  8.275000E+02 -7.286985E-02
  8.280000E+02 -6.988719E-02
  8.285000E+02 -6.561779E-02
  8.290000E+02 -6.013193E-02
  8.295000E+02 -5.352081E-02
  8.300000E+02 -4.589505E-02
  8.305000E+02 -3.738299E-02
  8.310000E+02 -2.812867E-02
  8.315000E+02 -1.828962E-02
  8.320000E+02 -8.034349E-03
  8.325000E+02  2.460360E-03
  8.330000E+02  1.301236E-02
  8.335000E+02  2.343726E-02
  8.340000E+02  3.355169E-02
  8.345000E+02  4.317667E-02
  8.350000E+02  5.214105E-02
  8.355000E+02  6.028494E-02
  8.360000E+02  6.746310E-02
  8.365000E+02  7.354817E-02
  8.370000E+02  7.843367E-02
  8.375000E+02  8.203672E-02
  8.380000E+02  8.430034E-02
  8.385000E+02  8.519527E-02
  8.390000E+02  8.472128E-02
  8.395000E+02  8.290776E-02
  8.400000E+02  7.981374E-02
  8.405000E+02  7.552708E-02
  8.410000E+02  7.016297E-02
  8.415000E+02  6.386164E-02
  8.420000E+02  5.678537E-02
  8.425000E+02  4.911480E-02
  8.430000E+02  4.104457E-02
  8.435000E+02  3.277852E-02
  8.440000E+02  2.452438E-02
  8.445000E+02  1.648824E-02
  8.450000E+02  8.868857E-03
  8.455000E+02  1.851995E-03
  8.460000E+02 -4.395047E-03
  8.465000E+02 -9.728537E-03
  8.470000E+02 -1.403289E-02
  8.475000E+02 -1.722456E-02
  8.480000E+02 -1.925508E-02
  8.485000E+02 -2.011321E-02
  8.490000E+02 -1.982599E-02
  8.495000E+02 -1.845866E-02
  8.500000E+02 -1.611352E-02
  8.505000E+02 -1.292756E-02
  8.510000E+02 -9.069001E-03
  8.515000E+02 -4.732821E-03
  8.520000E+02 -1.353289E-04
  8.525000E+02  4.492058E-03
  8.530000E+02  8.909657E-03
  8.535000E+02  1.287679E-02
  8.540000E+02  1.615931E-02
  8.545000E+02  1.853709E-02
  8.550000E+02  1.981131E-02
  8.555000E+02  1.981133E-02
  8.560000E+02  1.840084E-02
  8.565000E+02  1.548319E-02
  8.570000E+02  1.100566E-02
  8.575000E+02  4.962586E-03
  8.580000E+02 -2.602920E-03
  8.585000E+02 -1.159851E-02
  8.590000E+02 -2.188366E-02
  8.595000E+02 -3.327208E-02
  8.600000E+02 -4.553552E-02
  8.605000E+02 -5.840891E-02
  8.610000E+02 -7.159655E-02
  8.615000E+02 -8.477939E-02
  8.620000E+02 -9.762309E-02
  8.625000E+02 -1.097866E-01
  8.630000E+02 -1.209312E-01
  8.635000E+02 -1.307296E-01
  8.640000E+02 -1.388748E-01
  8.645000E+02 -1.450884E-01
  8.650000E+02 -1.491292E-01
  8.655000E+02 -1.507992E-01
  8.660000E+02 -1.499504E-01
  8.665000E+02 -1.464889E-01
  8.670000E+02 -1.403788E-01
  8.675000E+02 -1.316435E-01
  8.680000E+02 -1.203664E-01
  8.685000E+02 -1.066894E-01
  8.690000E+02 -9.081070E-02
  8.695000E+02 -7.298007E-02
  8.700000E+02 -5.349370E-02
  8.705000E+02 -3.268742E-02
  8.710000E+02 -1.092902E-02
  8.715000E+02  1.139024E-02
  8.720000E+02  3.386474E-02
  8.725000E+02  5.608395E-02
  8.730000E+02  7.764196E-02
  8.735000E+02  9.814695E-02
  8.740000E+02  1.172302E-01
  8.745000E+02  1.345546E-01
  8.750000E+02  1.498221E-01
  8.755000E+02  1.627809E-01
  8.760000E+02  1.732301E-01
  8.765000E+02  1.810249E-01
  8.770000E+02  1.860786E-01
  8.775000E+02  1.883648E-01
  8.780000E+02  1.879166E-01
  8.785000E+02  1.848261E-01
  8.790000E+02  1.792408E-01
  8.795000E+02  1.713600E-01
  8.800000E+02  1.614292E-01
  8.805000E+02  1.497342E-01
  8.810000E+02  1.365936E-01
  8.815000E+02  1.223512E-01
  8.820000E+02  1.073672E-01
  8.825000E+02  9.201038E-02
  8.830000E+02  7.664849E-02
  8.835000E+02  6.164025E-02
  8.840000E+02  4.732678E-02
  8.845000E+02  3.402392E-02
  8.850000E+02  2.201505E-02
  8.855000E+02  1.154484E-02
  8.860000E+02  2.813838E-03
  8.865000E+02 -4.025769E-03
  8.870000E+02 -8.873332E-03
  8.875000E+02 -1.168169E-02
  8.880000E+02 -1.245790E-02
  8.885000E+02 -1.126275E-02
  8.890000E+02 -8.209083E-03
  8.895000E+02 -3.458920E-03
  8.900000E+02  2.780440E-03
  8.905000E+02  1.026134E-02
  8.910000E+02  1.870156E-02
  8.915000E+02  2.779085E-02
  8.920000E+02  3.719807E-02
  8.925000E+02  4.657883E-02
  8.930000E+02  5.558335E-02
  8.935000E+02  6.386458E-02
  8.940000E+02  7.108614E-02
  8.945000E+02  7.693022E-02
  8.950000E+02  8.110507E-02
  8.955000E+02  8.335196E-02
  8.960000E+02  8.345161E-02
  8.965000E+02  8.122974E-02
  8.970000E+02  7.656182E-02
  8.975000E+02  6.937683E-02
  8.980000E+02  5.965994E-02
  8.985000E+02  4.745408E-02
  8.990000E+02  3.286036E-02
  8.995000E+02  1.603732E-02
  9.000000E+02 -2.801059E-03
  9.005000E+02 -2.338842E-02
  9.010000E+02 -4.541025E-02
  9.015000E+02 -6.850914E-02
  9.020000E+02 -9.229098E-02
  9.025000E+02 -1.163320E-01
  9.030000E+02 -1.401866E-01
  9.035000E+02 -1.633955E-01
  9.040000E+02 -1.854949E-01
  9.045000E+02 -2.060250E-01
  9.050000E+02 -2.245393E-01
  9.055000E+02 -2.406138E-01
  9.060000E+02 -2.538554E-01
  9.065000E+02 -2.639102E-01
  9.070000E+02 -2.704712E-01
  9.075000E+02 -2.732850E-01
  9.080000E+02 -2.721578E-01
  9.085000E+02 -2.669601E-01
  9.090000E+02 -2.576300E-01
  9.095000E+02 -2.441762E-01
  9.100000E+02 -2.266784E-01
  9.105000E+02 -2.052874E-01
  9.110000E+02 -1.802227E-01
  9.115000E+02 -1.517703E-01
  9.120000E+02 -1.202777E-01
  9.125000E+02 -8.614871E-02
  9.130000E+02 -4.983643E-02
  9.135000E+02 -1.183604E-02
  9.140000E+02  2.732382E-02
  9.145000E+02  6.709004E-02
  9.150000E+02  1.068946E-01
  9.155000E+02  1.461641E-01
  9.160000E+02  1.843300E-01
  9.165000E+02  2.208377E-01
  9.170000E+02  2.551563E-01
  9.175000E+02  2.867874E-01
  9.180000E+02  3.152729E-01
  9.185000E+02  3.402028E-01
  9.190000E+02  3.612210E-01
  9.195000E+02  3.780310E-01
  9.200000E+02  3.904002E-01
  9.205000E+02  3.981624E-01
  9.210000E+02  4.012197E-01
  9.215000E+02  3.995434E-01
  9.220000E+02  3.931730E-01
  9.225000E+02  3.822149E-01
  9.230000E+02  3.668390E-01
  9.235000E+02  3.472755E-01
  9.240000E+02  3.238103E-01
  9.245000E+02  2.967794E-01
  9.250000E+02  2.665631E-01
  9.255000E+02  2.335799E-01
  9.260000E+02  1.982794E-01
  9.265000E+02  1.611358E-01
  9.270000E+02  1.226406E-01
  9.275000E+02  8.329546E-02
  9.280000E+02  4.360583E-02
  9.285000E+02  4.073866E-03
  9.290000E+02 -3.480777E-02
  9.295000E+02 -7.256199E-02
  9.300000E+02 -1.087328E-01
  9.305000E+02 -1.428908E-01
  9.310000E+02 -1.746374E-01
  9.315000E+02 -2.036094E-01
  9.320000E+02 -2.294828E-01
  9.325000E+02 -2.519758E-01
  9.330000E+02 -2.708517E-01
  9.335000E+02 -2.859208E-01
  9.340000E+02 -2.970429E-01
  9.345000E+02 -3.041274E-01
  9.350000E+02 -3.071351E-01
  9.355000E+02 -3.060776E-01
  9.360000E+02 -3.010175E-01
  9.365000E+02 -2.920675E-01
  9.370000E+02 -2.793885E-01
  9.375000E+02 -2.631885E-01
  9.380000E+02 -2.437198E-01
  9.385000E+02 -2.212758E-01
  9.390000E+02 -1.961879E-01
  9.395000E+02 -1.688211E-01
  9.400000E+02 -1.395699E-01
  9.405000E+02 -1.088528E-01
  9.410000E+02 -7.710692E-02
  9.415000E+02 -4.478260E-02
  9.420000E+02 -1.233673E-02
  9.425000E+02  1.977339E-02
  9.430000E+02  5.109666E-02
  9.435000E+02  8.119477E-02
  9.440000E+02  1.096487E-01
  9.445000E+02  1.360651E-01
  9.450000E+02  1.600825E-01
  9.455000E+02  1.813768E-01
  9.460000E+02  1.996663E-01
  9.465000E+02  2.147168E-01
  9.470000E+02  2.263445E-01
  9.475000E+02  2.344199E-01
  9.480000E+02  2.388691E-01
  9.485000E+02  2.396754E-01
  9.490000E+02  2.368793E-01
  9.495000E+02  2.305773E-01
  9.500000E+02  2.209207E-01
  9.505000E+02  2.081121E-01
  9.510000E+02  1.924017E-01
  9.515000E+02  1.740831E-01
  9.520000E+02  1.534875E-01
  9.525000E+02  1.309774E-01
  9.530000E+02  1.069407E-01
  9.535000E+02  8.178292E-02
  9.540000E+02  5.592020E-02
  9.545000E+02  2.977189E-02
  9.550000E+02  3.753024E-03
  9.555000E+02 -2.173289E-02
  9.560000E+02 -4.630084E-02
  9.565000E+02 -6.959081E-02
  9.570000E+02 -9.127374E-02
  9.575000E+02 -1.110568E-01
  9.580000E+02 -1.286877E-01
  9.585000E+02 -1.439588E-01
  9.590000E+02 -1.567094E-01
  9.595000E+02 -1.668276E-01
  9.600000E+02 -1.742515E-01
  9.605000E+02 -1.789687E-01
  9.610000E+02 -1.810154E-01
  9.615000E+02 -1.804743E-01
  9.620000E+02 -1.774721E-01
  9.625000E+02 -1.721752E-01
  9.630000E+02 -1.647862E-01
  9.635000E+02 -1.555384E-01
  9.640000E+02 -1.446905E-01
  9.645000E+02 -1.325210E-01
  9.650000E+02 -1.193217E-01
  9.655000E+02 -1.053918E-01
  9.660000E+02 -9.103163E-02
  9.665000E+02 -7.653626E-02
  9.670000E+02 -6.218986E-02
  9.675000E+02 -4.825995E-02
  9.680000E+02 -3.499238E-02
  9.685000E+02 -2.260669E-02
  9.690000E+02 -1.129225E-02
  9.695000E+02 -1.205009E-03
  9.700000E+02  7.534909E-03
  9.705000E+02  1.484482E-02
  9.710000E+02  2.068021E-02
  9.715000E+02  2.503466E-02
  9.720000E+02  2.793883E-02
  9.725000E+02  2.945871E-02
  9.730000E+02  2.969301E-02
  9.735000E+02  2.876987E-02
  9.740000E+02  2.684294E-02
  9.745000E+02  2.408687E-02
  9.750000E+02  2.069240E-02
  9.755000E+02  1.686111E-02
  9.760000E+02  1.280000E-02
  9.765000E+02  8.715937E-03
  9.770000E+02  4.810299E-03
  9.775000E+02  1.273683E-03
  9.780000E+02 -1.718969E-03
  9.785000E+02 -4.012828E-03
  9.790000E+02 -5.477081E-03
  9.795000E+02 -6.008175E-03
  9.800000E+02 -5.532350E-03
  9.805000E+02 -4.007385E-03
  9.810000E+02 -1.423523E-03
  9.815000E+02  2.196431E-03
  9.820000E+02  6.797842E-03
  9.825000E+02  1.229577E-02
  9.830000E+02  1.857725E-02
  9.835000E+02  2.550424E-02
  9.840000E+02  3.291720E-02
  9.845000E+02  4.063911E-02
  9.850000E+02  4.847993E-02
  9.855000E+02  5.624129E-02
  9.860000E+02  6.372134E-02
  9.865000E+02  7.071967E-02
  9.870000E+02  7.704201E-02
  9.875000E+02  8.250490E-02
  9.880000E+02  8.693985E-02
  9.885000E+02  9.019729E-02
  9.890000E+02  9.214987E-02
  9.895000E+02  9.269535E-02
  9.900000E+02  9.175878E-02
  9.905000E+02  8.929419E-02
  9.910000E+02  8.528554E-02
  9.915000E+02  7.974708E-02
  9.920000E+02  7.272317E-02
  9.925000E+02  6.428737E-02
  9.930000E+02  5.454119E-02
  9.935000E+02  4.361218E-02
  9.940000E+02  3.165168E-02
  9.945000E+02  1.883219E-02
  9.950000E+02  5.344456E-03
  9.955000E+02 -8.605791E-03
  9.960000E+02 -2.280116E-02
  9.965000E+02 -3.701612E-02
  9.970000E+02 -5.102062E-02
  9.975000E+02 -6.458372E-02
  9.980000E+02 -7.747716E-02
  9.985000E+02 -8.947900E-02
  9.990000E+02 -1.003771E-01
  9.995000E+02 -1.099725E-01
  1.000000E+03 -1.180825E-01
  1.000500E+03 -1.245442E-01
  1.001000E+03 -1.292167E-01
  1.001500E+03 -1.319843E-01
  1.002000E+03 -1.327583E-01
  1.002500E+03 -1.314795E-01
  1.003000E+03 -1.281196E-01
  1.003500E+03 -1.226826E-01
  1.004000E+03 -1.152055E-01
  1.004500E+03 -1.057587E-01
  1.005000E+03 -9.444590E-02
  1.005500E+03 -8.140314E-02
  1.006000E+03 -6.679771E-02
  1.006500E+03 -5.082606E-02
  1.007000E+03 -3.371127E-02
  1.007500E+03 -1.569986E-02
  1.008000E+03  2.941954E-03
  1.008500E+03  2.193261E-02
  1.009000E+03  4.098001E-02
  1.009500E+03  5.978672E-02
  1.010000E+03  7.805559E-02
  1.010500E+03  9.549547E-02
  1.011000E+03  1.118271E-01
  1.011500E+03  1.267890E-01
  1.012000E+03  1.401430E-01
  1.012500E+03  1.516793E-01
  1.013000E+03  1.612220E-01
  1.013500E+03  1.686324E-01
  1.014000E+03  1.738128E-01
  1.014500E+03  1.767092E-01
  1.015000E+03  1.773125E-01
  1.015500E+03  1.756592E-01
  1.016000E+03  1.718306E-01
  1.016500E+03  1.659514E-01
  1.017000E+03  1.581866E-01
  1.017500E+03  1.487379E-01
  1.018000E+03  1.378386E-01
  1.018500E+03  1.257482E-01
  1.019000E+03  1.127459E-01
  1.019500E+03  9.912405E-02
  1.020000E+03  8.518019E-02
  1.020500E+03  7.121025E-02
  1.021000E+03  5.750090E-02
  1.021500E+03  4.432242E-02
  1.022000E+03  3.192206E-02
  1.022500E+03  2.051789E-02
  1.023000E+03  1.029359E-02
  1.023500E+03  1.394132E-03
  1.024000E+03 -6.077520E-03
  1.024500E+03 -1.206247E-02
  1.025000E+03 -1.654679E-02
  1.025500E+03 -1.956120E-02
  1.026000E+03 -2.117954E-02
  1.026500E+03 -2.151607E-02
  1.027000E+03 -2.072172E-02
  1.027500E+03 -1.897941E-02
  1.028000E+03 -1.649854E-02
  1.028500E+03 -1.350885E-02
  1.029000E+03 -1.025380E-02
  1.029500E+03 -6.983735E-03
  1.030000E+03 -3.948827E-03
  1.030500E+03 -1.392269E-03
  1.031000E+03  4.563521E-04
  1.031500E+03  1.387197E-03
  1.032000E+03  1.215738E-03
  1.032500E+03 -2.124049E-04
  1.033000E+03 -3.017450E-03
  1.033500E+03 -7.282333E-03
  1.034000E+03 -1.305055E-02
  1.034500E+03 -2.032494E-02
  1.035000E+03 -2.906752E-02
  1.035500E+03 -3.920014E-02
  1.036000E+03 -5.060616E-02
  1.036500E+03 -6.313286E-02
  1.037000E+03 -7.659467E-02
  1.037500E+03 -9.077703E-02
  1.038000E+03 -1.054408E-01
  1.038500E+03 -1.203269E-01
  1.039000E+03 -1.351620E-01
  1.039500E+03 -1.496634E-01
  1.040000E+03 -1.635446E-01
  1.040500E+03 -1.765212E-01
  1.041000E+03 -1.883159E-01
  1.041500E+03 -1.986642E-01
  1.042000E+03 -2.073190E-01
  1.042500E+03 -2.140553E-01
  1.043000E+03 -2.186748E-01
  1.043500E+03 -2.210097E-01
  1.044000E+03 -2.209258E-01
  1.044500E+03 -2.183253E-01
  1.045000E+03 -2.131492E-01
  1.045500E+03 -2.053789E-01
  1.046000E+03 -1.950370E-01
  1.046500E+03 -1.821878E-01
  1.047000E+03 -1.669367E-01
  1.047500E+03 -1.494294E-01
  1.048000E+03 -1.298499E-01
  1.048500E+03 -1.084186E-01
  1.049000E+03 -8.538875E-02
  1.049500E+03 -6.104310E-02
  1.050000E+03 -3.568972E-02
  1.050500E+03 -9.657265E-03
  1.051000E+03  1.671017E-02
  1.051500E+03  4.305849E-02
  1.052000E+03  6.902942E-02
  1.052500E+03  9.426632E-02
  1.053000E+03  1.184202E-01
  1.053500E+03  1.411555E-01
  1.054000E+03  1.621560E-01
  1.054500E+03  1.811298E-01
  1.055000E+03  1.978145E-01
  1.055500E+03  2.119817E-01
  1.056000E+03  2.234402E-01
  1.056500E+03  2.320395E-01
  1.057000E+03  2.376715E-01
  1.057500E+03  2.402722E-01
  1.058000E+03  2.398218E-01
  1.058500E+03  2.363443E-01
  1.059000E+03  2.299059E-01
  1.059500E+03  2.206133E-01
  1.060000E+03  2.086104E-01
  1.060500E+03  1.940745E-01
  1.061000E+03  1.772127E-01
  1.061500E+03  1.582569E-01
  1.062000E+03  1.374592E-01
  1.062500E+03  1.150868E-01
  1.063000E+03  9.141712E-02
  1.063500E+03  6.673308E-02
  1.064000E+03  4.131842E-02
  1.064500E+03  1.545372E-02
  1.065000E+03 -1.058721E-02
  1.065500E+03 -3.654039E-02
  1.066000E+03 -6.215406E-02
  1.066500E+03 -8.719050E-02
  1.067000E+03 -1.114271E-01
  1.067500E+03 -1.346569E-01
  1.068000E+03 -1.566889E-01
  1.068500E+03 -1.773471E-01
  1.069000E+03 -1.964703E-01
  1.069500E+03 -2.139105E-01
  1.070000E+03 -2.295325E-01
  1.070500E+03 -2.432122E-01
  1.071000E+03 -2.548361E-01
  1.071500E+03 -2.643003E-01
  1.072000E+03 -2.715105E-01
  1.072500E+03 -2.763818E-01
  1.073000E+03 -2.788397E-01
  1.073500E+03 -2.788210E-01
  1.074000E+03 -2.762756E-01
  1.074500E+03 -2.711682E-01
  1.075000E+03 -2.634817E-01
  1.075500E+03 -2.532192E-01
  1.076000E+03 -2.404074E-01
  1.076500E+03 -2.250999E-01
  1.077000E+03 -2.073799E-01
  1.077500E+03 -1.873629E-01
  1.078000E+03 -1.651995E-01
  1.078500E+03 -1.410764E-01
  1.079000E+03 -1.152180E-01
  1.079500E+03 -8.788593E-02
  1.080000E+03 -5.937858E-02
  1.080500E+03 -3.002875E-02
  1.081000E+03 -2.007334E-04
  1.081500E+03  2.971398E-02
  1.082000E+03  5.930205E-02
  1.082500E+03  8.813458E-02
  1.083000E+03  1.157744E-01
  1.083500E+03  1.417842E-01
  1.084000E+03  1.657348E-01
  1.084500E+03  1.872143E-01
  1.085000E+03  2.058374E-01
  1.085500E+03  2.212540E-01
  1.086000E+03  2.331580E-01
  1.086500E+03  2.412955E-01
  1.087000E+03  2.454717E-01
  1.087500E+03  2.455576E-01
  1.088000E+03  2.414943E-01
  1.088500E+03  2.332968E-01
  1.089000E+03  2.210562E-01
  1.089500E+03  2.049395E-01
  1.090000E+03  1.851889E-01
  1.090500E+03  1.621181E-01
  1.091000E+03  1.361083E-01
  1.091500E+03  1.076013E-01
  1.092000E+03  7.709262E-02
  1.092500E+03  4.512198E-02
  1.093000E+03  1.226371E-02
  1.093500E+03 -2.088421E-02
  1.094000E+03 -5.371147E-02
  1.094500E+03 -8.560721E-02
  1.095000E+03 -1.159719E-01
  1.095500E+03 -1.442288E-01
  1.096000E+03 -1.698354E-01
  1.096500E+03 -1.922939E-01
  1.097000E+03 -2.111608E-01
  1.097500E+03 -2.260557E-01
  1.098000E+03 -2.366682E-01
  1.098500E+03 -2.427641E-01
  1.099000E+03 -2.441901E-01
  1.099500E+03 -2.408759E-01
  1.100000E+03 -2.328364E-01
  1.100500E+03 -2.201705E-01
  1.101000E+03 -2.030599E-01
  1.101500E+03 -1.817651E-01
  1.102000E+03 -1.566211E-01
  1.102500E+03 -1.280308E-01
  1.103000E+03 -9.645801E-02
  1.103500E+03 -6.241926E-02
  1.104000E+03 -2.647435E-02
  1.104500E+03  1.078323E-02
  1.105000E+03  4.873658E-02
  1.105500E+03  8.675599E-02
  1.106000E+03  1.242095E-01
  1.106500E+03  1.604737E-01
  1.107000E+03  1.949436E-01
  1.107500E+03  2.270431E-01
  1.108000E+03  2.562338E-01
  1.108500E+03  2.820240E-01
  1.109000E+03  3.039761E-01
  1.109500E+03  3.217139E-01
  1.110000E+03  3.349277E-01
  1.110500E+03  3.433796E-01
  1.111000E+03  3.469066E-01
  1.111500E+03  3.454229E-01
  1.112000E+03  3.389208E-01
  1.112500E+03  3.274707E-01
  1.113000E+03  3.112194E-01
  1.113500E+03  2.903879E-01
  1.114000E+03  2.652668E-01
  1.114500E+03  2.362123E-01
  1.115000E+03  2.036400E-01
  1.115500E+03  1.680182E-01
  1.116000E+03  1.298604E-01
  1.116500E+03  8.971750E-02
  1.117000E+03  4.816878E-02
  1.117500E+03  5.813206E-03
  1.118000E+03 -3.673986E-02
  1.118500E+03 -7.887998E-02
  1.119000E+03 -1.200048E-01
  1.119500E+03 -1.595293E-01
  1.120000E+03 -1.968939E-01
  1.120500E+03 -2.315734E-01
  1.121000E+03 -2.630841E-01
  1.121500E+03 -2.909907E-01
  1.122000E+03 -3.149126E-01
  1.122500E+03 -3.345290E-01
  1.123000E+03 -3.495831E-01
  1.123500E+03 -3.598853E-01
  1.124000E+03 -3.653156E-01
  1.124500E+03 -3.658245E-01
  1.125000E+03 -3.614332E-01
  1.125500E+03 -3.522327E-01
  1.126000E+03 -3.383816E-01
  1.126500E+03 -3.201033E-01
  1.127000E+03 -2.976825E-01
  1.127500E+03 -2.714596E-01
  1.128000E+03 -2.418262E-01
  1.128500E+03 -2.092186E-01
  1.129000E+03 -1.741108E-01
  1.129500E+03 -1.370078E-01
  1.130000E+03 -9.843801E-02
  1.130500E+03 -5.894511E-02
  1.131000E+03 -1.908040E-02
  1.131500E+03  2.060526E-02
  1.132000E+03  5.956940E-02
  1.132500E+03  9.728567E-02
  1.133000E+03  1.332513E-01
  1.133500E+03  1.669940E-01
  1.134000E+03  1.980792E-01
  1.134500E+03  2.261150E-01
  1.135000E+03  2.507587E-01
  1.135500E+03  2.717207E-01
  1.136000E+03  2.887685E-01
  1.136500E+03  3.017301E-01
  1.137000E+03  3.104957E-01
  1.137500E+03  3.150188E-01
  1.138000E+03  3.153168E-01
  1.138500E+03  3.114702E-01
  1.139000E+03  3.036203E-01
  1.139500E+03  2.919674E-01
  1.140000E+03  2.767664E-01
  1.140500E+03  2.583229E-01
  1.141000E+03  2.369876E-01
  1.141500E+03  2.131505E-01
  1.142000E+03  1.872342E-01
  1.142500E+03  1.596866E-01
  1.143000E+03  1.309737E-01
  1.143500E+03  1.015711E-01
  1.144000E+03  7.195684E-02
  1.144500E+03  4.260262E-02
  1.145000E+03  1.396638E-02
  1.145500E+03 -1.351552E-02
  1.146000E+03 -3.943540E-02
  1.146500E+03 -6.342092E-02
  1.147000E+03 -8.514107E-02
  1.147500E+03 -1.043114E-01
  1.148000E+03 -1.206980E-01
  1.148500E+03 -1.341215E-01
  1.149000E+03 -1.444587E-01
  1.149500E+03 -1.516441E-01
  1.150000E+03 -1.556701E-01
  1.150500E+03 -1.565859E-01
  1.151000E+03 -1.544956E-01
  1.151500E+03 -1.495554E-01
  1.152000E+03 -1.419691E-01
  1.152500E+03 -1.319839E-01
  1.153000E+03 -1.198843E-01
  1.153500E+03 -1.059861E-01
  1.154000E+03 -9.062990E-02
  1.154500E+03 -7.417338E-02
  1.155000E+03 -5.698450E-02
  1.155500E+03 -3.943385E-02
  1.156000E+03 -2.188730E-02
  1.156500E+03 -4.698901E-03
  1.157000E+03  1.179595E-02
  1.157500E+03  2.728681E-02
  1.158000E+03  4.149388E-02
  1.158500E+03  5.417306E-02
  1.159000E+03  6.512012E-02
  1.159500E+03  7.417407E-02
  1.160000E+03  8.121960E-02
  1.160500E+03  8.618852E-02
  1.161000E+03  8.906028E-02
  1.161500E+03  8.986150E-02
  1.162000E+03  8.866454E-02
  1.162500E+03  8.558514E-02
  1.163000E+03  8.077926E-02
  1.163500E+03  7.443905E-02
  1.164000E+03  6.678822E-02
  1.164500E+03  5.807669E-02
  1.165000E+03  4.857487E-02
  1.165500E+03  3.856742E-02
  1.166000E+03  2.834689E-02
  1.166500E+03  1.820717E-02
  1.167000E+03  8.436901E-03
  1.167500E+03 -6.868790E-04
  1.168000E+03 -8.904901E-03
  1.168500E+03 -1.598142E-02
  1.169000E+03 -2.170945E-02
  1.169500E+03 -2.591542E-02
  1.170000E+03 -2.846313E-02
  1.170500E+03 -2.925685E-02
  1.171000E+03 -2.824360E-02
  1.171500E+03 -2.541461E-02
  1.172000E+03 -2.080565E-02
  1.172500E+03 -1.449660E-02
  1.173000E+03 -6.609908E-03
  1.173500E+03  2.691739E-03
  1.174000E+03  1.320873E-02
  1.174500E+03  2.470859E-02
  1.175000E+03  3.693081E-02
  1.175500E+03  4.959231E-02
  1.176000E+03  6.239336E-02
  1.176500E+03  7.502399E-02
  1.177000E+03  8.717059E-02
  1.177500E+03  9.852264E-02
  1.178000E+03  1.087794E-01
  1.178500E+03  1.176565E-01
  1.179000E+03  1.248920E-01
  1.179500E+03  1.302523E-01
  1.180000E+03  1.335371E-01
  1.180500E+03  1.345844E-01
  1.181000E+03  1.332733E-01
  1.181500E+03  1.295276E-01
  1.182000E+03  1.233174E-01
  1.182500E+03  1.146602E-01
  1.183000E+03  1.036203E-01
  1.183500E+03  9.030882E-02
  1.184000E+03  7.488077E-02
  1.184500E+03  5.753286E-02
  1.185000E+03  3.849971E-02
  1.185500E+03  1.804949E-02
  1.186000E+03 -3.520966E-03
  1.186500E+03 -2.589161E-02
  1.187000E+03 -4.872502E-02
  1.187500E+03 -7.167245E-02
  1.188000E+03 -9.438002E-02
  1.188500E+03 -1.164949E-01
  1.189000E+03 -1.376714E-01
  1.189500E+03 -1.575767E-01
  1.190000E+03 -1.758962E-01
  1.190500E+03 -1.923390E-01
  1.191000E+03 -2.066419E-01
  1.191500E+03 -2.185734E-01
  1.192000E+03 -2.279372E-01
  1.192500E+03 -2.345747E-01
  1.193000E+03 -2.383671E-01
  1.193500E+03 -2.392364E-01
  1.194000E+03 -2.371463E-01
  1.194500E+03 -2.321020E-01
  1.195000E+03 -2.241499E-01
  1.195500E+03 -2.133759E-01
  1.196000E+03 -1.999043E-01
  1.196500E+03 -1.838951E-01
  1.197000E+03 -1.655419E-01
  1.197500E+03 -1.450685E-01
  1.198000E+03 -1.227263E-01
  1.198500E+03 -9.878995E-02
  1.199000E+03 -7.355454E-02
  1.199500E+03 -4.733116E-02
  1.200000E+03 -2.044310E-02
  1.200500E+03  6.778179E-03
  1.201000E+03  3.399723E-02
  1.201500E+03  6.087872E-02
  1.202000E+03  8.709154E-02
  1.202500E+03  1.123129E-01
  1.203000E+03  1.362321E-01
  1.203500E+03  1.585550E-01
  1.204000E+03  1.790069E-01
  1.204500E+03  1.973368E-01
  1.205000E+03  2.133202E-01
  1.205500E+03  2.267627E-01
  1.206000E+03  2.375020E-01
  1.206500E+03  2.454111E-01
  1.207000E+03  2.503998E-01
  1.207500E+03  2.524161E-01
  1.208000E+03  2.514479E-01
  1.208500E+03  2.475229E-01
  1.209000E+03  2.407092E-01
  1.209500E+03  2.311142E-01
  1.210000E+03  2.188837E-01
  1.210500E+03  2.042001E-01
  1.211000E+03  1.872801E-01
  1.211500E+03  1.683718E-01
  1.212000E+03  1.477512E-01
  1.212500E+03  1.257181E-01
  1.213000E+03  1.025918E-01
  1.213500E+03  7.870668E-02
  1.214000E+03  5.440635E-02
  1.214500E+03  3.003901E-02
  1.215000E+03  5.951723E-03
  1.215500E+03 -1.751497E-02
  1.216000E+03 -4.003241E-02
  1.216500E+03 -6.128900E-02
  1.217000E+03 -8.099513E-02
  1.217500E+03 -9.888769E-02
  1.218000E+03 -1.147341E-01
  1.218500E+03 -1.283360E-01
  1.219000E+03 -1.395318E-01
  1.219500E+03 -1.481993E-01
  1.220000E+03 -1.542570E-01
  1.220500E+03 -1.576650E-01
  1.221000E+03 -1.584251E-01
  1.221500E+03 -1.565800E-01
  1.222000E+03 -1.522121E-01
  1.222500E+03 -1.454415E-01
  1.223000E+03 -1.364231E-01
  1.223500E+03 -1.253437E-01
  1.224000E+03 -1.124183E-01
  1.224500E+03 -9.788577E-02
  1.225000E+03 -8.200479E-02
  1.225500E+03 -6.504909E-02
  1.226000E+03 -4.730279E-02
  1.226500E+03 -2.905564E-02
  1.227000E+03 -1.059830E-02
  1.227500E+03  7.782194E-03
  1.228000E+03  2.580680E-02
  1.228500E+03  4.320856E-02
  1.229000E+03  5.973628E-02
  1.229500E+03  7.515797E-02
  1.230000E+03  8.926369E-02
  1.230500E+03  1.018681E-01
  1.231000E+03  1.128123E-01
  1.231500E+03  1.219658E-01
  1.232000E+03  1.292269E-01
  1.232500E+03  1.345239E-01
  1.233000E+03  1.378151E-01
  1.233500E+03  1.390882E-01
  1.234000E+03  1.383601E-01
  1.234500E+03  1.356755E-01
  1.235000E+03  1.311058E-01
  1.235500E+03  1.247476E-01
  1.236000E+03  1.167202E-01
  1.236500E+03  1.071642E-01
  1.237000E+03  9.623878E-02
  1.237500E+03  8.411940E-02
  1.238000E+03  7.099529E-02
  1.238500E+03  5.706673E-02
  1.239000E+03  4.254244E-02
  1.239500E+03  2.763679E-02
  1.240000E+03  1.256713E-02
  1.240500E+03 -2.448993E-03
  1.241000E+03 -1.719647E-02
  1.241500E+03 -3.146530E-02
  1.242000E+03 -4.505312E-02
  1.242500E+03 -5.776771E-02
  1.243000E+03 -6.942934E-02
  1.243500E+03 -7.987296E-02
  1.244000E+03 -8.895035E-02
  1.244500E+03 -9.653195E-02
  1.245000E+03 -1.025086E-01
  1.245500E+03 -1.067931E-01
  1.246000E+03 -1.093212E-01
  1.246500E+03 -1.100531E-01
  1.247000E+03 -1.089734E-01
  1.247500E+03 -1.060924E-01
  1.248000E+03 -1.014454E-01
  1.248500E+03 -9.509299E-02
  1.249000E+03 -8.712007E-02
  1.249500E+03 -7.763529E-02
  1.250000E+03 -6.676956E-02
  1.250500E+03 -5.467448E-02
  1.251000E+03 -4.152045E-02
  1.251500E+03 -2.749437E-02
  1.252000E+03 -1.279716E-02
  1.252500E+03  2.359031E-03
  1.253000E+03  1.775384E-02
  1.253500E+03  3.316185E-02
  1.254000E+03  4.835587E-02
  1.254500E+03  6.311032E-02
  1.255000E+03  7.720465E-02
  1.255500E+03  9.042668E-02
  1.256000E+03  1.025759E-01
  1.256500E+03  1.134666E-01
  1.257000E+03  1.229309E-01
  1.257500E+03  1.308212E-01
  1.258000E+03  1.370129E-01
  1.258500E+03  1.414063E-01
  1.259000E+03  1.439283E-01
  1.259500E+03  1.445338E-01
  1.260000E+03  1.432066E-01
  1.260500E+03  1.399598E-01
  1.261000E+03  1.348357E-01
  1.261500E+03  1.279057E-01
  1.262000E+03  1.192691E-01
  1.262500E+03  1.090523E-01
  1.263000E+03  9.740643E-02
  1.263500E+03  8.450611E-02
  1.264000E+03  7.054649E-02
  1.264500E+03  5.574082E-02
  1.265000E+03  4.031743E-02
  1.265500E+03  2.451651E-02
  1.266000E+03  8.586772E-03
  1.266500E+03 -7.218162E-03
  1.267000E+03 -2.264338E-02
  1.267500E+03 -3.743645E-02
  1.268000E+03 -5.135114E-02
  1.268500E+03 -6.415121E-02
  1.269000E+03 -7.561413E-02
  1.269500E+03 -8.553461E-02
  1.270000E+03 -9.372815E-02
  1.270500E+03 -1.000342E-01
  1.271000E+03 -1.043194E-01
  1.271500E+03 -1.064802E-01
  1.272000E+03 -1.064451E-01
  1.272500E+03 -1.041774E-01
  1.273000E+03 -9.967588E-02
  1.273500E+03 -9.297692E-02
  1.274000E+03 -8.415451E-02
  1.274500E+03 -7.332063E-02
  1.275000E+03 -6.062466E-02
  1.275500E+03 -4.625227E-02
  1.276000E+03 -3.042362E-02
  1.276500E+03 -1.339083E-02
  1.277000E+03  4.565113E-03
  1.277500E+03  2.313827E-02
  1.278000E+03  4.200221E-02
  1.278500E+03  6.081513E-02
  1.279000E+03  7.922551E-02
  1.279500E+03  9.687832E-02
  1.280000E+03  1.134215E-01
  1.280500E+03  1.285128E-01
  1.281000E+03  1.418268E-01
  1.281500E+03  1.530619E-01
  1.282000E+03  1.619472E-01
  1.282500E+03  1.682490E-01
  1.283000E+03  1.717771E-01
  1.283500E+03  1.723900E-01
  1.284000E+03  1.700000E-01
  1.284500E+03  1.645765E-01
  1.285000E+03  1.561495E-01
  1.285500E+03  1.448102E-01
  1.286000E+03  1.307120E-01
  1.286500E+03  1.140690E-01
  1.287000E+03  9.515386E-02
  1.287500E+03  7.429368E-02
  1.288000E+03  5.186496E-02
  1.288500E+03  2.828711E-02
  1.289000E+03  4.014770E-03
  1.289500E+03 -2.047080E-02
  1.290000E+03 -4.467132E-02
  1.290500E+03 -6.808163E-02
  1.291000E+03 -9.020040E-02
  1.291500E+03 -1.105409E-01
  1.292000E+03 -1.286416E-01
  1.292500E+03 -1.440772E-01
  1.293000E+03 -1.564676E-01
  1.293500E+03 -1.654878E-01
  1.294000E+03 -1.708753E-01
  1.294500E+03 -1.724372E-01
  1.295000E+03 -1.700549E-01
  1.295500E+03 -1.636885E-01
  1.296000E+03 -1.533784E-01
  1.296500E+03 -1.392451E-01
  1.297000E+03 -1.214885E-01
  1.297500E+03 -1.003836E-01
  1.298000E+03 -7.627636E-02
  1.298500E+03 -4.957638E-02
  1.299000E+03 -2.074929E-02
  1.299500E+03  9.692596E-03
  1.300000E+03  4.120055E-02
  1.300500E+03  7.320045E-02
  1.301000E+03  1.051042E-01
  1.301500E+03  1.363218E-01
  1.302000E+03  1.662725E-01
  1.302500E+03  1.943970E-01
  1.303000E+03  2.201675E-01
  1.303500E+03  2.430984E-01
  1.304000E+03  2.627553E-01
  1.304500E+03  2.787626E-01
  1.305000E+03  2.908105E-01
  1.305500E+03  2.986597E-01
  1.306000E+03  3.021455E-01
  1.306500E+03  3.011798E-01
  1.307000E+03  2.957515E-01
  1.307500E+03  2.859256E-01
  1.308000E+03  2.718411E-01
  1.308500E+03  2.537071E-01
  1.309000E+03  2.317976E-01
  1.309500E+03  2.064463E-01
  1.310000E+03  1.780390E-01
  1.310500E+03  1.470066E-01
  1.311000E+03  1.138163E-01
  1.311500E+03  7.896377E-02
  1.312000E+03  4.296402E-02
  1.312500E+03  6.342773E-03
  1.313000E+03 -3.037213E-02
  1.313500E+03 -6.665914E-02
  1.314000E+03 -1.020109E-01
  1.314500E+03 -1.359417E-01
  1.315000E+03 -1.679944E-01
  1.315500E+03 -1.977466E-01
  1.316000E+03 -2.248158E-01
  1.316500E+03 -2.488645E-01
  1.317000E+03 -2.696038E-01
  1.317500E+03 -2.867963E-01
  1.318000E+03 -3.002587E-01
  1.318500E+03 -3.098627E-01
  1.319000E+03 -3.155359E-01
  1.319500E+03 -3.172614E-01
  1.320000E+03 -3.150770E-01
  1.320500E+03 -3.090735E-01
  1.321000E+03 -2.993921E-01
  1.321500E+03 -2.862220E-01
  1.322000E+03 -2.697962E-01
  1.322500E+03 -2.503881E-01
  1.323000E+03 -2.283063E-01
  1.323500E+03 -2.038906E-01
  1.324000E+03 -1.775059E-01
  1.324500E+03 -1.495373E-01
  1.325000E+03 -1.203841E-01
  1.325500E+03 -9.045449E-02
  1.326000E+03 -6.015925E-02
  1.326500E+03 -2.990639E-02
  1.327000E+03 -9.540664E-05
  1.327500E+03  2.888799E-02
  1.328000E+03  5.667701E-02
  1.328500E+03  8.292845E-02
  1.329000E+03  1.073270E-01
  1.329500E+03  1.295889E-01
  1.330000E+03  1.494653E-01
  1.330500E+03  1.667448E-01
  1.331000E+03  1.812556E-01
  1.331500E+03  1.928667E-01
  1.332000E+03  2.014888E-01
  1.332500E+03  2.070743E-01
  1.333000E+03  2.096167E-01
  1.333500E+03  2.091500E-01
  1.334000E+03  2.057464E-01
  1.334500E+03  1.995147E-01
  1.335000E+03  1.905976E-01
  1.335500E+03  1.791686E-01
  1.336000E+03  1.654292E-01
  1.336500E+03  1.496049E-01
  1.337000E+03  1.319422E-01
  1.337500E+03  1.127043E-01
  1.338000E+03  9.216780E-02
  1.338500E+03  7.061870E-02
  1.339000E+03  4.834877E-02
  1.339500E+03  2.565199E-02
  1.340000E+03  2.821071E-03
  1.340500E+03 -1.985581E-02
  1.341000E+03 -4.209813E-02
  1.341500E+03 -6.363599E-02
  1.342000E+03 -8.421276E-02
  1.342500E+03 -1.035877E-01
  1.343000E+03 -1.215382E-01
  1.343500E+03 -1.378619E-01
  1.344000E+03 -1.523789E-01
  1.344500E+03 -1.649329E-01
  1.345000E+03 -1.753934E-01
  1.345500E+03 -1.836564E-01
  1.346000E+03 -1.896459E-01
  1.346500E+03 -1.933147E-01
  1.347000E+03 -1.946444E-01
  1.347500E+03 -1.936467E-01
  1.348000E+03 -1.903625E-01
  1.348500E+03 -1.848620E-01
  1.349000E+03 -1.772438E-01
  1.349500E+03 -1.676343E-01
  1.350000E+03 -1.561856E-01
  1.350500E+03 -1.430743E-01
  1.351000E+03 -1.284990E-01
  1.351500E+03 -1.126778E-01
  1.352000E+03 -9.584541E-02
  1.352500E+03 -7.825005E-02
  1.353000E+03 -6.014977E-02
  1.353500E+03 -4.180883E-02
  1.354000E+03 -2.349381E-02
  1.354500E+03 -5.469606E-03
  1.355000E+03  1.200455E-02
  1.355500E+03  2.867902E-02
  1.356000E+03  4.431761E-02
  1.356500E+03  5.870111E-02
  1.357000E+03  7.163061E-02
  1.357500E+03  8.293048E-02
  1.358000E+03  9.245085E-02
  1.358500E+03  1.000697E-01
  1.359000E+03  1.056943E-01
  1.359500E+03  1.092625E-01
  1.360000E+03  1.107429E-01
  1.360500E+03  1.101349E-01
  1.361000E+03  1.074684E-01
  1.361500E+03  1.028023E-01
  1.362000E+03  9.622310E-02
  1.362500E+03  8.784325E-02
  1.363000E+03  7.779861E-02
  1.363500E+03  6.624601E-02
  1.364000E+03  5.336050E-02
  1.364500E+03  3.933242E-02
  1.365000E+03  2.436446E-02
  1.365500E+03  8.668561E-03
  1.366000E+03 -7.537008E-03
  1.366500E+03 -2.403062E-02
  1.367000E+03 -4.059012E-02
  1.367500E+03 -5.699548E-02
  1.368000E+03 -7.303138E-02
  1.368500E+03 -8.848957E-02
  1.369000E+03 -1.031711E-01
  1.369500E+03 -1.168883E-01
  1.370000E+03 -1.294668E-01
  1.370500E+03 -1.407472E-01
  1.371000E+03 -1.505865E-01
  1.371500E+03 -1.588599E-01
  1.372000E+03 -1.654620E-01
  1.372500E+03 -1.703077E-01
  1.373000E+03 -1.733338E-01
  1.373500E+03 -1.744996E-01
  1.374000E+03 -1.737877E-01
  1.374500E+03 -1.712048E-01
  1.375000E+03 -1.667817E-01
  1.375500E+03 -1.605738E-01
  1.376000E+03 -1.526608E-01
  1.376500E+03 -1.431465E-01
  1.377000E+03 -1.321576E-01
  1.377500E+03 -1.198430E-01
  1.378000E+03 -1.063720E-01
  1.378500E+03 -9.193262E-02
  1.379000E+03 -7.672932E-02
  1.379500E+03 -6.098013E-02
  1.380000E+03 -4.491382E-02
  1.380500E+03 -2.876646E-02
  1.381000E+03 -1.277785E-02
  1.381500E+03  2.812312E-03
  1.382000E+03  1.776841E-02
  1.382500E+03  3.186292E-02
  1.383000E+03  4.488043E-02
  1.383500E+03  5.662149E-02
  1.384000E+03  6.690631E-02
  1.384500E+03  7.557812E-02
  1.385000E+03  8.250618E-02
  1.385500E+03  8.758829E-02
  1.386000E+03  9.075280E-02
  1.386500E+03  9.196010E-02
  1.387000E+03  9.120337E-02
  1.387500E+03  8.850888E-02
  1.388000E+03  8.393547E-02
  1.388500E+03  7.757356E-02
  1.389000E+03  6.954349E-02
  1.389500E+03  5.999335E-02
  1.390000E+03  4.909630E-02
  1.390500E+03  3.704749E-02
  1.391000E+03  2.406061E-02
  1.391500E+03  1.036425E-02
  1.392000E+03 -3.802056E-03
  1.392500E+03 -1.819172E-02
  1.393000E+03 -3.255514E-02
  1.393500E+03 -4.664359E-02
  1.394000E+03 -6.021306E-02
  1.394500E+03 -7.302785E-02
  1.395000E+03 -8.486400E-02
  1.395500E+03 -9.551238E-02
  1.396000E+03 -1.047816E-01
  1.396500E+03 -1.125004E-01
  1.397000E+03 -1.185200E-01
  1.397500E+03 -1.227161E-01
  1.398000E+03 -1.249901E-01
  1.398500E+03 -1.252707E-01
  1.399000E+03 -1.235148E-01
  1.399500E+03 -1.197081E-01
  1.400000E+03 -1.138654E-01
  1.400500E+03 -1.060310E-01
  1.401000E+03 -9.627819E-02
  1.401500E+03 -8.470912E-02
  1.402000E+03 -7.145362E-02
  1.402500E+03 -5.666835E-02
  1.403000E+03 -4.053528E-02
  1.403500E+03 -2.325992E-02
  1.404000E+03 -5.069115E-03
  1.404500E+03  1.379144E-02
  1.405000E+03  3.306015E-02
  1.405500E+03  5.246284E-02
  1.406000E+03  7.171641E-02
  1.406500E+03  9.053283E-02
  1.407000E+03  1.086235E-01
  1.407500E+03  1.257038E-01
  1.408000E+03  1.414978E-01
  1.408500E+03  1.557433E-01
  1.409000E+03  1.681962E-01
  1.409500E+03  1.786361E-01
  1.410000E+03  1.868698E-01
  1.410500E+03  1.927364E-01
  1.411000E+03  1.961107E-01
  1.411500E+03  1.969063E-01
  1.412000E+03  1.950784E-01
  1.412500E+03  1.906255E-01
  1.413000E+03  1.835903E-01
  1.413500E+03  1.740598E-01
  1.414000E+03  1.621642E-01
  1.414500E+03  1.480755E-01
  1.415000E+03  1.320044E-01
  1.415500E+03  1.141968E-01
  1.416000E+03  9.492933E-02
  1.416500E+03  7.450395E-02
  1.417000E+03  5.324250E-02
  1.417500E+03  3.148024E-02
  1.418000E+03  9.559312E-03
  1.418500E+03 -1.217798E-02
  1.419000E+03 -3.339586E-02
  1.419500E+03 -5.377165E-02
  1.420000E+03 -7.300188E-02
  1.420500E+03 -9.080800E-02
  1.421000E+03 -1.069414E-01
  1.421500E+03 -1.211876E-01
  1.422000E+03 -1.333698E-01
  1.422500E+03 -1.433513E-01
  1.423000E+03 -1.510370E-01
  1.423500E+03 -1.563742E-01
  1.424000E+03 -1.593518E-01
  1.424500E+03 -1.599994E-01
  1.425000E+03 -1.583849E-01
  1.425500E+03 -1.546119E-01
  1.426000E+03 -1.488159E-01
  1.426500E+03 -1.411608E-01
  1.427000E+03 -1.318336E-01
  1.427500E+03 -1.210409E-01
  1.428000E+03 -1.090030E-01
  1.428500E+03 -9.595027E-02
  1.429000E+03 -8.211753E-02
  1.429500E+03 -6.774035E-02
  1.430000E+03 -5.305071E-02
  1.430500E+03 -3.827340E-02
  1.431000E+03 -2.362277E-02
  1.431500E+03 -9.299998E-03
  1.432000E+03  4.509231E-03
  1.432500E+03  1.763649E-02
  1.433000E+03  2.993196E-02
  1.433500E+03  4.126539E-02
  1.434000E+03  5.152659E-02
  1.434500E+03  6.062569E-02
  1.435000E+03  6.849306E-02
  1.435500E+03  7.507899E-02
  1.436000E+03  8.035328E-02
  1.436500E+03  8.430454E-02
  1.437000E+03  8.693954E-02
  1.437500E+03  8.828238E-02
  1.438000E+03  8.837361E-02
  1.438500E+03  8.726931E-02
  1.439000E+03  8.504011E-02
  1.439500E+03  8.177012E-02
  1.440000E+03  7.755575E-02
  1.440500E+03  7.250451E-02
  1.441000E+03  6.673356E-02
  1.441500E+03  6.036822E-02
  1.442000E+03  5.354025E-02
  1.442500E+03  4.638603E-02
  1.443000E+03  3.904452E-02
  1.443500E+03  3.165513E-02
  1.444000E+03  2.435536E-02
  1.444500E+03  1.727850E-02
  1.445000E+03  1.055117E-02
  1.445500E+03  4.290883E-03
  1.446000E+03 -1.396275E-03
  1.446500E+03 -6.417851E-03
  1.447000E+03 -1.069702E-02
  1.447500E+03 -1.417428E-02
  1.448000E+03 -1.680882E-02
  1.448500E+03 -1.857943E-02
  1.449000E+03 -1.948503E-02
  1.449500E+03 -1.954455E-02
  1.450000E+03 -1.879646E-02
  1.450500E+03 -1.729765E-02
  1.451000E+03 -1.512181E-02
  1.451500E+03 -1.235737E-02
  1.452000E+03 -9.104965E-03
  1.452500E+03 -5.474506E-03
  1.453000E+03 -1.582045E-03
  1.453500E+03  2.453634E-03
  1.454000E+03  6.514465E-03
  1.454500E+03  1.048655E-02
  1.455000E+03  1.426347E-02
  1.455500E+03  1.774936E-02
  1.456000E+03  2.086162E-02
  1.456500E+03  2.353326E-02
  1.457000E+03  2.571465E-02
  1.457500E+03  2.737475E-02
  1.458000E+03  2.850176E-02
  1.458500E+03  2.910307E-02
  1.459000E+03  2.920467E-02
  1.459500E+03  2.884991E-02
  1.460000E+03  2.809775E-02
  1.460500E+03  2.702048E-02
  1.461000E+03  2.570108E-02
  1.461500E+03  2.423023E-02
  1.462000E+03  2.270318E-02
  1.462500E+03  2.121646E-02
  1.463000E+03  1.986463E-02
  1.463500E+03  1.873719E-02
  1.464000E+03  1.791564E-02
  1.464500E+03  1.747093E-02
  1.465000E+03  1.746130E-02
  1.465500E+03  1.793052E-02
  1.466000E+03  1.890670E-02
  1.466500E+03  2.040158E-02
  1.467000E+03  2.241038E-02
  1.467500E+03  2.491217E-02
  1.468000E+03  2.787071E-02
  1.468500E+03  3.123574E-02
  1.469000E+03  3.494463E-02
  1.469500E+03  3.892443E-02
  1.470000E+03  4.309401E-02
  1.470500E+03  4.736647E-02
  1.471000E+03  5.165155E-02
  1.471500E+03  5.585807E-02
  1.472000E+03  5.989622E-02
  1.472500E+03  6.367980E-02
  1.473000E+03  6.712810E-02
  1.473500E+03  7.016767E-02
  1.474000E+03  7.273369E-02
  1.474500E+03  7.477108E-02
  1.475000E+03  7.623533E-02
  1.475500E+03  7.709290E-02
  1.476000E+03  7.732147E-02
  1.476500E+03  7.690981E-02
  1.477000E+03  7.585749E-02
  1.477500E+03  7.417436E-02
  1.478000E+03  7.187984E-02
  1.478500E+03  6.900218E-02
  1.479000E+03  6.557759E-02
  1.479500E+03  6.164928E-02
  1.480000E+03  5.726665E-02
  1.480500E+03  5.248429E-02
  1.481000E+03  4.736121E-02
  1.481500E+03  4.195999E-02
  1.482000E+03  3.634601E-02
  1.482500E+03  3.058679E-02
  1.483000E+03  2.475129E-02
  1.483500E+03  1.890927E-02
  1.484000E+03  1.313069E-02
  1.484500E+03  7.485076E-03
  1.485000E+03  2.040880E-03
  1.485500E+03 -3.135186E-03
  1.486000E+03 -7.978866E-03
  1.486500E+03 -1.242912E-02
  1.487000E+03 -1.642892E-02
  1.487500E+03 -1.992614E-02
  1.488000E+03 -2.287439E-02
  1.488500E+03 -2.523395E-02
  1.489000E+03 -2.697265E-02
  1.489500E+03 -2.806670E-02
  1.490000E+03 -2.850151E-02
  1.490500E+03 -2.827234E-02
  1.491000E+03 -2.738483E-02
  1.491500E+03 -2.585543E-02
  1.492000E+03 -2.371147E-02
  1.492500E+03 -2.099121E-02
  1.493000E+03 -1.774345E-02
  1.493500E+03 -1.402703E-02
  1.494000E+03 -9.909944E-03
  1.494500E+03 -5.468339E-03
  1.495000E+03 -7.851272E-04
  1.495500E+03  4.051517E-03
  1.496000E+03  8.949886E-03
  1.496500E+03  1.381660E-02
  1.497000E+03  1.855858E-02
  1.497500E+03  2.308501E-02
  1.498000E+03  2.730938E-02
  1.498500E+03  3.115133E-02
  1.499000E+03  3.453849E-02
  1.499500E+03  3.740805E-02
  1.500000E+03  3.970814E-02
  1.500500E+03  4.139888E-02
  1.501000E+03  4.245319E-02
  1.501500E+03  4.285721E-02
  1.502000E+03  4.261034E-02
  1.502500E+03  4.172499E-02
  1.503000E+03  4.022593E-02
  1.503500E+03  3.814929E-02
  1.504000E+03  3.554130E-02
  1.504500E+03  3.245673E-02
  1.505000E+03  2.895708E-02
  1.505500E+03  2.510872E-02
  1.506000E+03  2.098075E-02
  1.506500E+03  1.664300E-02
  1.507000E+03  1.216390E-02
  1.507500E+03  7.608545E-03
  1.508000E+03  3.036869E-03
  1.508500E+03 -1.497978E-03
  1.509000E+03 -5.950974E-03
  1.509500E+03 -1.028627E-02
  1.510000E+03 -1.447792E-02
  1.510500E+03 -1.851018E-02
  1.511000E+03 -2.237754E-02
  1.511500E+03 -2.608427E-02
  1.512000E+03 -2.964368E-02
  1.512500E+03 -3.307701E-02
  1.513000E+03 -3.641197E-02
  1.513500E+03 -3.968110E-02
  1.514000E+03 -4.291978E-02
  1.514500E+03 -4.616425E-02
  1.515000E+03 -4.944936E-02
  1.515500E+03 -5.280640E-02
  1.516000E+03 -5.626094E-02
  1.516500E+03 -5.983079E-02
  1.517000E+03 -6.352407E-02
  1.517500E+03 -6.733763E-02
  1.518000E+03 -7.125570E-02
  1.518500E+03 -7.524887E-02
  1.519000E+03 -7.927353E-02
  1.519500E+03 -8.327171E-02
  1.520000E+03 -8.717131E-02
  1.520500E+03 -9.088690E-02
  1.521000E+03 -9.432090E-02
  1.521500E+03 -9.736520E-02
  1.522000E+03 -9.990326E-02
  1.522500E+03 -1.018125E-01
  1.523000E+03 -1.029673E-01
  1.523500E+03 -1.032416E-01
  1.524000E+03 -1.025126E-01
  1.524500E+03 -1.006642E-01
  1.525000E+03 -9.758979E-02
  1.525500E+03 -9.319662E-02
  1.526000E+03 -8.740843E-02
  1.526500E+03 -8.016879E-02
  1.527000E+03 -7.144394E-02
  1.527500E+03 -6.122519E-02
  1.528000E+03 -4.953100E-02
  1.528500E+03 -3.640845E-02
  1.529000E+03 -2.193423E-02
  1.529500E+03 -6.214941E-03
  1.530000E+03  1.061311E-02
  1.530500E+03  2.838491E-02
  1.531000E+03  4.690834E-02
  1.531500E+03  6.596639E-02
  1.532000E+03  8.532004E-02
  1.532500E+03  1.047118E-01
  1.533000E+03  1.238694E-01
  1.533500E+03  1.425109E-01
  1.534000E+03  1.603485E-01
  1.534500E+03  1.770948E-01
  1.535000E+03  1.924673E-01
  1.535500E+03  2.061940E-01
  1.536000E+03  2.180191E-01
  1.536500E+03  2.277079E-01
  1.537000E+03  2.350520E-01
  1.537500E+03  2.398739E-01
  1.538000E+03  2.420313E-01
  1.538500E+03  2.414204E-01
  1.539000E+03  2.379797E-01
  1.539500E+03  2.316912E-01
  1.540000E+03  2.225831E-01
  1.540500E+03  2.107293E-01
  1.541000E+03  1.962501E-01
  1.541500E+03  1.793109E-01
  1.542000E+03  1.601199E-01
  1.542500E+03  1.389259E-01
  1.543000E+03  1.160142E-01
  1.543500E+03  9.170234E-02
  1.544000E+03  6.633532E-02
  1.544500E+03  4.027955E-02
  1.545000E+03  1.391692E-02
  1.545500E+03 -1.236184E-02
  1.546000E+03 -3.816396E-02
  1.546500E+03 -6.310158E-02
  1.547000E+03 -8.679869E-02
  1.547500E+03 -1.088979E-01
  1.548000E+03 -1.290672E-01
  1.548500E+03 -1.470055E-01
  1.549000E+03 -1.624488E-01
  1.549500E+03 -1.751750E-01
  1.550000E+03 -1.850077E-01
  1.550500E+03 -1.918198E-01
  1.551000E+03 -1.955357E-01
  1.551500E+03 -1.961328E-01
  1.552000E+03 -1.936419E-01
  1.552500E+03 -1.881460E-01
  1.553000E+03 -1.797794E-01
  1.553500E+03 -1.687245E-01
  1.554000E+03 -1.552078E-01
  1.554500E+03 -1.394963E-01
  1.555000E+03 -1.218913E-01
  1.555500E+03 -1.027229E-01
  1.556000E+03 -8.234335E-02
  1.556500E+03 -6.112002E-02
  1.557000E+03 -3.942845E-02
  1.557500E+03 -1.764494E-02
  1.558000E+03  3.860580E-03
  1.558500E+03  2.473160E-02
  1.559000E+03  4.463156E-02
  1.559500E+03  6.324999E-02
  1.560000E+03  8.030794E-02
  1.560500E+03  9.556265E-02
  1.561000E+03  1.088114E-01
  1.561500E+03  1.198944E-01
  1.562000E+03  1.286966E-01
  1.562500E+03  1.351490E-01
  1.563000E+03  1.392281E-01
  1.563500E+03  1.409549E-01
  1.564000E+03  1.403932E-01
  1.564500E+03  1.376464E-01
  1.565000E+03  1.328540E-01
  1.565500E+03  1.261874E-01
  1.566000E+03  1.178448E-01
  1.566500E+03  1.080460E-01
  1.567000E+03  9.702718E-02
  1.567500E+03  8.503493E-02
  1.568000E+03  7.232081E-02
  1.568500E+03  5.913592E-02
  1.569000E+03  4.572576E-02
  1.569500E+03  3.232551E-02
  1.570000E+03  1.915586E-02
  1.570500E+03  6.419423E-03
  1.571000E+03 -5.702206E-03
  1.571500E+03 -1.705063E-02
  1.572000E+03 -2.749216E-02
  1.572500E+03 -3.691857E-02
  1.573000E+03 -4.524715E-02
  1.573500E+03 -5.242015E-02
  1.574000E+03 -5.840355E-02
  1.574500E+03 -6.318540E-02
  1.575000E+03 -6.677368E-02
  1.575500E+03 -6.919385E-02
  1.576000E+03 -7.048619E-02
  1.576500E+03 -7.070300E-02
  1.577000E+03 -6.990579E-02
  1.577500E+03 -6.816256E-02
  1.578000E+03 -6.554524E-02
  1.578500E+03 -6.212739E-02
  1.579000E+03 -5.798219E-02
  1.579500E+03 -5.318081E-02
  1.580000E+03 -4.779115E-02
  1.580500E+03 -4.187703E-02
  1.581000E+03 -3.549772E-02
  1.581500E+03 -2.870791E-02
  1.582000E+03 -2.155799E-02
  1.582500E+03 -1.409469E-02
  1.583000E+03 -6.361935E-03
  1.583500E+03  1.598132E-03
  1.584000E+03  9.743953E-03
  1.584500E+03  1.803336E-02
  1.585000E+03  2.642241E-02
  1.585500E+03  3.486429E-02
  1.586000E+03  4.330840E-02
  1.586500E+03  5.169970E-02
  1.587000E+03  5.997826E-02
  1.587500E+03  6.807912E-02
  1.588000E+03  7.593254E-02
  1.588500E+03  8.346452E-02
  1.589000E+03  9.059765E-02
  1.589500E+03  9.725234E-02
  1.590000E+03  1.033482E-01
  1.590500E+03  1.088059E-01
  1.591000E+03  1.135487E-01
  1.591500E+03  1.175051E-01
  1.592000E+03  1.206101E-01
  1.592500E+03  1.228080E-01
  1.593000E+03  1.240539E-01
  1.593500E+03  1.243157E-01
  1.594000E+03  1.235757E-01
  1.594500E+03  1.218321E-01
  1.595000E+03  1.190995E-01
  1.595500E+03  1.154101E-01
  1.596000E+03  1.108135E-01
  1.596500E+03  1.053764E-01
  1.597000E+03  9.918235E-02
  1.597500E+03  9.232994E-02
  1.598000E+03  8.493172E-02
  1.598500E+03  7.711197E-02
  1.599000E+03  6.900430E-02
  1.599500E+03  6.074901E-02
  1.600000E+03  5.249012E-02
  1.600500E+03  4.437220E-02
  1.601000E+03  3.653713E-02
  1.601500E+03  2.912079E-02
  1.602000E+03  2.224985E-02
  1.602500E+03  1.603870E-02
  1.603000E+03  1.058651E-02
  1.603500E+03  5.974750E-03
  1.604000E+03  2.264964E-03
  1.604500E+03 -5.029594E-04
  1.605000E+03 -2.312015E-03
  1.605500E+03 -3.168772E-03
  1.606000E+03 -3.103485E-03
  1.606500E+03 -2.169609E-03
  1.607000E+03 -4.427158E-04
  1.607500E+03  1.981166E-03
  1.608000E+03  4.987774E-03
  1.608500E+03  8.447333E-03
  1.609000E+03  1.221774E-02
  1.609500E+03  1.614810E-02
  1.610000E+03  2.008261E-02
  1.610500E+03  2.386454E-02
  1.611000E+03  2.734043E-02
  1.611500E+03  3.036419E-02
  1.612000E+03  3.280111E-02
  1.612500E+03  3.453165E-02
  1.613000E+03  3.545483E-02
  1.613500E+03  3.549134E-02
  1.614000E+03  3.458591E-02
  1.614500E+03  3.270931E-02
  1.615000E+03  2.985951E-02
  1.615500E+03  2.606226E-02
  1.616000E+03  2.137089E-02
  1.616500E+03  1.586534E-02
  1.617000E+03  9.650580E-03
  1.617500E+03  2.854233E-03
  1.618000E+03 -4.376372E-03
  1.618500E+03 -1.187772E-02
  1.619000E+03 -1.947411E-02
  1.619500E+03 -2.698201E-02
  1.620000E+03 -3.421467E-02
  1.620500E+03 -4.098690E-02
  1.621000E+03 -4.711977E-02
  1.621500E+03 -5.244530E-02
  1.622000E+03 -5.681084E-02
  1.622500E+03 -6.008308E-02
  1.623000E+03 -6.215162E-02
  1.623500E+03 -6.293196E-02
  1.624000E+03 -6.236788E-02
  1.624500E+03 -6.043303E-02
  1.625000E+03 -5.713190E-02
  1.625500E+03 -5.249988E-02
  1.626000E+03 -4.660269E-02
  1.626500E+03 -3.953499E-02
  1.627000E+03 -3.141832E-02
  1.627500E+03 -2.239837E-02
  1.628000E+03 -1.264173E-02
  1.628500E+03 -2.332194E-03
  1.629000E+03  8.333408E-03
  1.629500E+03  1.914951E-02
  1.630000E+03  2.990631E-02
  1.630500E+03  4.039432E-02
  1.631000E+03  5.040874E-02
  1.631500E+03  5.975376E-02
  1.632000E+03  6.824647E-02
  1.632500E+03  7.572042E-02
  1.633000E+03  8.202878E-02
  1.633500E+03  8.704689E-02
  1.634000E+03  9.067440E-02
  1.634500E+03  9.283665E-02
  1.635000E+03  9.348569E-02
  1.635500E+03  9.260047E-02
  1.636000E+03  9.018672E-02
  1.636500E+03  8.627610E-02
  1.637000E+03  8.092500E-02
  1.637500E+03  7.421287E-02
  1.638000E+03  6.624016E-02
  1.638500E+03  5.712604E-02
  1.639000E+03  4.700581E-02
  1.639500E+03  3.602822E-02
  1.640000E+03  2.435262E-02
  1.640500E+03  1.214613E-02
  1.641000E+03 -4.191399E-04
  1.641500E+03 -1.316885E-02
  1.642000E+03 -2.592903E-02
  1.642500E+03 -3.852852E-02
  1.643000E+03 -5.080121E-02
  1.643500E+03 -6.258811E-02
  1.644000E+03 -7.373913E-02
  1.644500E+03 -8.411464E-02
  1.645000E+03 -9.358684E-02
  1.645500E+03 -1.020408E-01
  1.646000E+03 -1.093754E-01
  1.646500E+03 -1.155040E-01
  1.647000E+03 -1.203546E-01
  1.647500E+03 -1.238704E-01
  1.648000E+03 -1.260101E-01
  1.648500E+03 -1.267470E-01
  1.649000E+03 -1.260698E-01
  1.649500E+03 -1.239816E-01
  1.650000E+03 -1.204997E-01
  1.650500E+03 -1.156551E-01
  1.651000E+03 -1.094919E-01
  1.651500E+03 -1.020667E-01
  1.652000E+03 -9.344808E-02
  1.652500E+03 -8.371547E-02
  1.653000E+03 -7.295888E-02
  1.653500E+03 -6.127791E-02
  1.654000E+03 -4.878111E-02
  1.654500E+03 -3.558520E-02
  1.655000E+03 -2.181431E-02
  1.655500E+03 -7.599231E-03
  1.656000E+03  6.923352E-03
  1.656500E+03  2.161166E-02
  1.657000E+03  3.631965E-02
  1.657500E+03  5.089783E-02
  1.658000E+03  6.519422E-02
  1.658500E+03  7.905535E-02
  1.659000E+03  9.232729E-02
  1.659500E+03  1.048569E-01
  1.660000E+03  1.164929E-01
  1.660500E+03  1.270879E-01
  1.661000E+03  1.364992E-01
  1.661500E+03  1.445910E-01
  1.662000E+03  1.512363E-01
  1.662500E+03  1.563186E-01
  1.663000E+03  1.597344E-01
  1.663500E+03  1.613951E-01
  1.664000E+03  1.612292E-01
  1.664500E+03  1.591852E-01
  1.665000E+03  1.552329E-01
  1.665500E+03  1.493663E-01
  1.666000E+03  1.416051E-01
  1.666500E+03  1.319966E-01
  1.667000E+03  1.206170E-01
  1.667500E+03  1.075721E-01
  1.668000E+03  9.299817E-02
  1.668500E+03  7.706156E-02
  1.669000E+03  5.995804E-02
  1.669500E+03  4.191150E-02
  1.670000E+03  2.317179E-02
  1.670500E+03  4.011988E-03
  1.671000E+03 -1.527513E-02
  1.671500E+03 -3.438124E-02
  1.672000E+03 -5.298729E-02
  1.672500E+03 -7.076891E-02
  1.673000E+03 -8.740224E-02
  1.673500E+03 -1.025701E-01
  1.674000E+03 -1.159687E-01
  1.674500E+03 -1.273137E-01
  1.675000E+03 -1.363472E-01
  1.675500E+03 -1.428436E-01
  1.676000E+03 -1.466157E-01
  1.676500E+03 -1.475197E-01
  1.677000E+03 -1.454601E-01
  1.677500E+03 -1.403931E-01
  1.678000E+03 -1.323292E-01
  1.678500E+03 -1.213353E-01
  1.679000E+03 -1.075345E-01
  1.679500E+03 -9.110582E-02
  1.680000E+03 -7.228178E-02
  1.680500E+03 -5.134541E-02
  1.681000E+03 -2.862571E-02
  1.681500E+03 -4.492150E-03
  1.682000E+03  2.065180E-02
  1.682500E+03  4.637601E-02
  1.683000E+03  7.223169E-02
  1.683500E+03  9.775990E-02
  1.684000E+03  1.225003E-01
  1.684500E+03  1.460001E-01
  1.685000E+03  1.678228E-01
  1.685500E+03  1.875566E-01
  1.686000E+03  2.048226E-01
  1.686500E+03  2.192818E-01
  1.687000E+03  2.306417E-01
  1.687500E+03  2.386618E-01
  1.688000E+03  2.431579E-01
  1.688500E+03  2.440056E-01
  1.689000E+03  2.411420E-01
  1.689500E+03  2.345669E-01
  1.690000E+03  2.243422E-01
  1.690500E+03  2.105905E-01
  1.691000E+03  1.934925E-01
  1.691500E+03  1.732833E-01
  1.692000E+03  1.502480E-01
  1.692500E+03  1.247162E-01
  1.693000E+03  9.705639E-02
  1.693500E+03  6.766943E-02
  1.694000E+03  3.698163E-02
  1.694500E+03  5.437859E-03
  1.695000E+03 -2.650552E-02
  1.695500E+03 -5.838778E-02
  1.696000E+03 -8.975065E-02
  1.696500E+03 -1.201451E-01
  1.697000E+03 -1.491374E-01
  1.697500E+03 -1.763155E-01
  1.698000E+03 -2.012940E-01
  1.698500E+03 -2.237194E-01
  1.699000E+03 -2.432743E-01
  1.699500E+03 -2.596812E-01
  1.700000E+03 -2.727061E-01
  1.700500E+03 -2.821606E-01
  1.701000E+03 -2.879042E-01
  1.701500E+03 -2.898457E-01
  1.702000E+03 -2.879441E-01
  1.702500E+03 -2.822087E-01
  1.703000E+03 -2.726986E-01
  1.703500E+03 -2.595222E-01
  1.704000E+03 -2.428353E-01
  1.704500E+03 -2.228388E-01
  1.705000E+03 -1.997769E-01
  1.705500E+03 -1.739330E-01
  1.706000E+03 -1.456266E-01
  1.706500E+03 -1.152089E-01
  1.707000E+03 -8.305817E-02
  1.707500E+03 -4.957502E-02
  1.708000E+03 -1.517680E-02
  1.708500E+03  1.970788E-02
  1.709000E+03  5.464492E-02
  1.709500E+03  8.920064E-02
  1.710000E+03  1.229477E-01
  1.710500E+03  1.554707E-01
  1.711000E+03  1.863724E-01
  1.711500E+03  2.152783E-01
  1.712000E+03  2.418421E-01
  1.712500E+03  2.657500E-01
  1.713000E+03  2.867248E-01
  1.713500E+03  3.045287E-01
  1.714000E+03  3.189667E-01
  1.714500E+03  3.298875E-01
  1.715000E+03  3.371853E-01
  1.715500E+03  3.407996E-01
  1.716000E+03  3.407152E-01
  1.716500E+03  3.369606E-01
  1.717000E+03  3.296063E-01
  1.717500E+03  3.187626E-01
  1.718000E+03  3.045762E-01
  1.718500E+03  2.872270E-01
  1.719000E+03  2.669245E-01
  1.719500E+03  2.439036E-01
  1.720000E+03  2.184211E-01
  1.720500E+03  1.907509E-01
  1.721000E+03  1.611810E-01
  1.721500E+03  1.300090E-01
  1.722000E+03  9.753938E-02
  1.722500E+03  6.407970E-02
  1.723000E+03  2.993840E-02
  1.723500E+03 -4.577806E-03
  1.724000E+03 -3.916584E-02
  1.724500E+03 -7.352785E-02
  1.725000E+03 -1.073724E-01
  1.725500E+03 -1.404157E-01
  1.726000E+03 -1.723818E-01
  1.726500E+03 -2.030038E-01
  1.727000E+03 -2.320239E-01
  1.727500E+03 -2.591942E-01
  1.728000E+03 -2.842771E-01
  1.728500E+03 -3.070461E-01
  1.729000E+03 -3.272867E-01
  1.729500E+03 -3.447977E-01
  1.730000E+03 -3.593923E-01
  1.730500E+03 -3.709004E-01
  1.731000E+03 -3.791702E-01
  1.731500E+03 -3.840708E-01
  1.732000E+03 -3.854943E-01
  1.732500E+03 -3.833591E-01
  1.733000E+03 -3.776121E-01
  1.733500E+03 -3.682318E-01
  1.734000E+03 -3.552308E-01
  1.734500E+03 -3.386584E-01
  1.735000E+03 -3.186025E-01
  1.735500E+03 -2.951918E-01
  1.736000E+03 -2.685964E-01
  1.736500E+03 -2.390288E-01
  1.737000E+03 -2.067439E-01
  1.737500E+03 -1.720381E-01
  1.738000E+03 -1.352474E-01
  1.738500E+03 -9.674562E-02
  1.739000E+03 -5.694061E-02
  1.739500E+03 -1.627060E-02
  1.740000E+03  2.480065E-02
  1.740500E+03  6.578936E-02
  1.741000E+03  1.061977E-01
  1.741500E+03  1.455206E-01
  1.742000E+03  1.832524E-01
  1.742500E+03  2.188946E-01
  1.743000E+03  2.519631E-01
  1.743500E+03  2.819957E-01
  1.744000E+03  3.085597E-01
  1.744500E+03  3.312589E-01
  1.745000E+03  3.497408E-01
  1.745500E+03  3.637022E-01
  1.746000E+03  3.728958E-01
  1.746500E+03  3.771343E-01
  1.747000E+03  3.762953E-01
  1.747500E+03  3.703238E-01
  1.748000E+03  3.592351E-01
  1.748500E+03  3.431154E-01
  1.749000E+03  3.221225E-01
  1.749500E+03  2.964841E-01
  1.750000E+03  2.664963E-01
  1.750500E+03  2.325202E-01
  1.751000E+03  1.949774E-01
  1.751500E+03  1.543449E-01
  1.752000E+03  1.111491E-01
  1.752500E+03  6.595813E-02
  1.753000E+03  1.937442E-02
  1.753500E+03 -2.797406E-02
  1.754000E+03 -7.544282E-02
  1.754500E+03 -1.223804E-01
  1.755000E+03 -1.681380E-01
  1.755500E+03 -2.120795E-01
  1.756000E+03 -2.535909E-01
  1.756500E+03 -2.920904E-01
  1.757000E+03 -3.270369E-01
  1.757500E+03 -3.579389E-01
  1.758000E+03 -3.843623E-01
  1.758500E+03 -4.059373E-01
  1.759000E+03 -4.223642E-01
  1.759500E+03 -4.334186E-01
  1.760000E+03 -4.389544E-01
  1.760500E+03 -4.389067E-01
  1.761000E+03 -4.332922E-01
  1.761500E+03 -4.222089E-01
  1.762000E+03 -4.058342E-01
  1.762500E+03 -3.844217E-01
  1.763000E+03 -3.582968E-01
  1.763500E+03 -3.278506E-01
  1.764000E+03 -2.935336E-01
  1.764500E+03 -2.558476E-01
  1.765000E+03 -2.153376E-01
  1.765500E+03 -1.725819E-01
  1.766000E+03 -1.281835E-01
  1.766500E+03 -8.275970E-02
  1.767000E+03 -3.693242E-02
  1.767500E+03  8.681233E-03
  1.768000E+03  5.347839E-02
  1.768500E+03  9.687910E-02
  1.769000E+03  1.383344E-01
  1.769500E+03  1.773337E-01
  1.770000E+03  2.134108E-01
  1.770500E+03  2.461495E-01
  1.771000E+03  2.751879E-01
  1.771500E+03  3.002215E-01
  1.772000E+03  3.210054E-01
  1.772500E+03  3.373557E-01
  1.773000E+03  3.491491E-01
  1.773500E+03  3.563230E-01
  1.774000E+03  3.588730E-01
  1.774500E+03  3.568517E-01
  1.775000E+03  3.503653E-01
  1.775500E+03  3.395703E-01
  1.776000E+03  3.246702E-01
  1.776500E+03  3.059115E-01
  1.777000E+03  2.835796E-01
  1.777500E+03  2.579948E-01
  1.778000E+03  2.295081E-01
  1.778500E+03  1.984971E-01
  1.779000E+03  1.653621E-01
  1.779500E+03  1.305219E-01
  1.780000E+03  9.441033E-02
  1.780500E+03  5.747199E-02
  1.781000E+03  2.015873E-02
  1.781500E+03 -1.707426E-02
  1.782000E+03 -5.377228E-02
  1.782500E+03 -8.948510E-02
  1.783000E+03 -1.237710E-01
  1.783500E+03 -1.562011E-01
  1.784000E+03 -1.863636E-01
  1.784500E+03 -2.138682E-01
  1.785000E+03 -2.383513E-01
  1.785500E+03 -2.594802E-01
  1.786000E+03 -2.769580E-01
  1.786500E+03 -2.905288E-01
  1.787000E+03 -2.999816E-01
  1.787500E+03 -3.051555E-01
  1.788000E+03 -3.059431E-01
  1.788500E+03 -3.022940E-01
  1.789000E+03 -2.942181E-01
  1.789500E+03 -2.817875E-01
  1.790000E+03 -2.651377E-01
  1.790500E+03 -2.444680E-01
  1.791000E+03 -2.200403E-01
  1.791500E+03 -1.921778E-01
  1.792000E+03 -1.612615E-01
  1.792500E+03 -1.277256E-01
  1.793000E+03 -9.205272E-02
  1.793500E+03 -5.476670E-02
  1.794000E+03 -1.642521E-02
  1.794500E+03  2.238879E-02
  1.795000E+03  6.107643E-02
  1.795500E+03  9.903277E-02
  1.796000E+03  1.356571E-01
  1.796500E+03  1.703637E-01
  1.797000E+03  2.025917E-01
  1.797500E+03  2.318161E-01
  1.798000E+03  2.575569E-01
  1.798500E+03  2.793884E-01
  1.799000E+03  2.969473E-01
  1.799500E+03  3.099401E-01
  1.800000E+03  3.181484E-01
  1.800500E+03  3.214337E-01
  1.801000E+03  3.197402E-01
  1.801500E+03  3.130966E-01
  1.802000E+03  3.016155E-01
  1.802500E+03  2.854918E-01
  1.803000E+03  2.649997E-01
  1.803500E+03  2.404875E-01
  1.804000E+03  2.123716E-01
  1.804500E+03  1.811292E-01
  1.805000E+03  1.472895E-01
  1.805500E+03  1.114247E-01
  1.806000E+03  7.413901E-02
  1.806500E+03  3.605878E-02
  1.807000E+03 -2.179249E-03
  1.807500E+03 -3.993894E-02
  1.808000E+03 -7.659593E-02
  1.808500E+03 -1.115485E-01
  1.809000E+03 -1.442281E-01
  1.809500E+03 -1.741087E-01
  1.810000E+03 -2.007162E-01
  1.810500E+03 -2.236360E-01
  1.811000E+03 -2.425199E-01
  1.811500E+03 -2.570915E-01
  1.812000E+03 -2.671508E-01
  1.812500E+03 -2.725769E-01
  1.813000E+03 -2.733294E-01
  1.813500E+03 -2.694487E-01
  1.814000E+03 -2.610543E-01
  1.814500E+03 -2.483424E-01
  1.815000E+03 -2.315812E-01
  1.815500E+03 -2.111064E-01
  1.816000E+03 -1.873140E-01
  1.816500E+03 -1.606528E-01
  1.817000E+03 -1.316165E-01
  1.817500E+03 -1.007337E-01
  1.818000E+03 -6.855868E-02
  1.818500E+03 -3.566102E-02
  1.819000E+03 -2.615176E-03
  1.819500E+03  3.000991E-02
  1.820000E+03  6.166108E-02
  1.820500E+03  9.181079E-02
  1.821000E+03  1.199664E-01
  1.821500E+03  1.456790E-01
  1.822000E+03  1.685505E-01
  1.822500E+03  1.882409E-01
  1.823000E+03  2.044730E-01
  1.823500E+03  2.170372E-01
  1.824000E+03  2.257937E-01
  1.824500E+03  2.306738E-01
  1.825000E+03  2.316801E-01
  1.825500E+03  2.288847E-01
  1.826000E+03  2.224260E-01
  1.826500E+03  2.125048E-01
  1.827000E+03  1.993788E-01
  1.827500E+03  1.833554E-01
  1.828000E+03  1.647852E-01
  1.828500E+03  1.440532E-01
  1.829000E+03  1.215703E-01
  1.829500E+03  9.776437E-02
  1.830000E+03  7.307096E-02
  1.830500E+03  4.792467E-02
  1.831000E+03  2.275029E-02
  1.831500E+03 -2.045156E-03
  1.832000E+03 -2.607984E-02
  1.832500E+03 -4.900360E-02
  1.833000E+03 -7.050341E-02
  1.833500E+03 -9.030780E-02
  1.834000E+03 -1.081900E-01
  1.834500E+03 -1.239702E-01
  1.835000E+03 -1.375159E-01
  1.835500E+03 -1.487421E-01
  1.836000E+03 -1.576092E-01
  1.836500E+03 -1.641214E-01
  1.837000E+03 -1.683225E-01
  1.837500E+03 -1.702922E-01
  1.838000E+03 -1.701416E-01
  1.838500E+03 -1.680078E-01
  1.839000E+03 -1.640486E-01
  1.839500E+03 -1.584374E-01
  1.840000E+03 -1.513578E-01
  1.840500E+03 -1.429983E-01
  1.841000E+03 -1.335481E-01
  1.841500E+03 -1.231925E-01
  1.842000E+03 -1.121097E-01
  1.842500E+03 -1.004680E-01
  1.843000E+03 -8.842305E-02
  1.843500E+03 -7.611708E-02
  1.844000E+03 -6.367763E-02
  1.844500E+03 -5.121768E-02
  1.845000E+03 -3.883599E-02
  1.845500E+03 -2.661817E-02
  1.846000E+03 -1.463799E-02
  1.846500E+03 -2.959167E-03
  1.847000E+03  8.362831E-03
  1.847500E+03  1.927875E-02
  1.848000E+03  2.974365E-02
  1.848500E+03  3.971505E-02
  1.849000E+03  4.915137E-02
  1.849500E+03  5.801068E-02
  1.850000E+03  6.624969E-02
  1.850500E+03  7.382329E-02
  1.851000E+03  8.068444E-02
  1.851500E+03  8.678445E-02
  1.852000E+03  9.207373E-02
  1.852500E+03  9.650286E-02
  1.853000E+03  1.000240E-01
  1.853500E+03  1.025924E-01
  1.854000E+03  1.041686E-01
  1.854500E+03  1.047199E-01
  1.855000E+03  1.042223E-01
  1.855500E+03  1.026627E-01
  1.856000E+03  1.000402E-01
  1.856500E+03  9.636787E-02
  1.857000E+03  9.167340E-02
  1.857500E+03  8.600035E-02
  1.858000E+03  7.940828E-02
  1.858500E+03  7.197281E-02
  1.859000E+03  6.378513E-02
  1.859500E+03  5.495115E-02
  1.860000E+03  4.559021E-02
  1.860500E+03  3.583343E-02
  1.861000E+03  2.582177E-02
  1.861500E+03  1.570377E-02
  1.862000E+03  5.633081E-03
  1.862500E+03 -4.234058E-03
  1.863000E+03 -1.374154E-02
  1.863500E+03 -2.273607E-02
  1.864000E+03 -3.106974E-02
  1.864500E+03 -3.860258E-02
  1.865000E+03 -4.520492E-02
  1.865500E+03 -5.075946E-02
  1.866000E+03 -5.516323E-02
  1.866500E+03 -5.832917E-02
  1.867000E+03 -6.018747E-02
  1.867500E+03 -6.068659E-02
  1.868000E+03 -5.979402E-02
  1.868500E+03 -5.749667E-02
  1.869000E+03 -5.380113E-02
  1.869500E+03 -4.873347E-02
  1.870000E+03 -4.233902E-02
  1.870500E+03 -3.468174E-02
  1.871000E+03 -2.584355E-02
  1.871500E+03 -1.592342E-02
  1.872000E+03 -5.036286E-03
  1.872500E+03  6.688089E-03
  1.873000E+03  1.910644E-02
  1.873500E+03  3.206343E-02
  1.874000E+03  4.539315E-02
  1.874500E+03  5.892078E-02
  1.875000E+03  7.246432E-02
  1.875500E+03  8.583649E-02
  1.876000E+03  9.884667E-02
  1.876500E+03  1.113030E-01
  1.877000E+03  1.230148E-01
  1.877500E+03  1.337944E-01
  1.878000E+03  1.434605E-01
  1.878500E+03  1.518399E-01
  1.879000E+03  1.587706E-01
  1.879500E+03  1.641045E-01
  1.880000E+03  1.677100E-01
  1.880500E+03  1.694749E-01
  1.881000E+03  1.693091E-01
  1.881500E+03  1.671470E-01
  1.882000E+03  1.629498E-01
  1.882500E+03  1.567077E-01
  1.883000E+03  1.484418E-01
  1.883500E+03  1.382053E-01
  1.884000E+03  1.260842E-01
  1.884500E+03  1.121982E-01
  1.885000E+03  9.669979E-02
  1.885500E+03  7.977415E-02
  1.886000E+03  6.163707E-02
  1.886500E+03  4.253299E-02
  1.887000E+03  2.273210E-02
  1.887500E+03  2.526735E-03
  1.888000E+03 -1.777283E-02
  1.888500E+03 -3.784316E-02
  1.889000E+03 -5.735303E-02
  1.889500E+03 -7.596920E-02
  1.890000E+03 -9.336252E-02
  1.890500E+03 -1.092143E-01
  1.891000E+03 -1.232228E-01
  1.891500E+03 -1.351095E-01
  1.892000E+03 -1.446254E-01
  1.892500E+03 -1.515571E-01
  1.893000E+03 -1.557318E-01
  1.893500E+03 -1.570224E-01
  1.894000E+03 -1.553515E-01
  1.894500E+03 -1.506943E-01
  1.895000E+03 -1.430813E-01
  1.895500E+03 -1.325988E-01
  1.896000E+03 -1.193894E-01
  1.896500E+03 -1.036504E-01
  1.897000E+03 -8.563180E-02
  1.897500E+03 -6.563255E-02
  1.898000E+03 -4.399602E-02
  1.898500E+03 -2.110423E-02
  1.899000E+03  2.628781E-03
  1.899500E+03  2.676447E-02
  1.900000E+03  5.084796E-02
  1.900500E+03  7.441683E-02
  1.901000E+03  9.701016E-02
  1.901500E+03  1.181778E-01
  1.902000E+03  1.374898E-01
  1.902500E+03  1.545449E-01
  1.903000E+03  1.689799E-01
  1.903500E+03  1.804769E-01
  1.904000E+03  1.887710E-01
  1.904500E+03  1.936562E-01
  1.905000E+03  1.949907E-01
  1.905500E+03  1.927005E-01
  1.906000E+03  1.867824E-01
  1.906500E+03  1.773044E-01
  1.907000E+03  1.644061E-01
  1.907500E+03  1.482962E-01
  1.908000E+03  1.292499E-01
  1.908500E+03  1.076035E-01
  1.909000E+03  8.374915E-02
  1.909500E+03  5.812707E-02
  1.910000E+03  3.121764E-02
  1.910500E+03  3.532105E-03
  1.911000E+03 -2.439733E-02
  1.911500E+03 -5.202789E-02
  1.912000E+03 -7.881701E-02
  1.912500E+03 -1.042332E-01
  1.913000E+03 -1.277666E-01
  1.913500E+03 -1.489398E-01
  1.914000E+03 -1.673170E-01
  1.914500E+03 -1.825137E-01
  1.915000E+03 -1.942044E-01
  1.915500E+03 -2.021296E-01
  1.916000E+03 -2.061015E-01
  1.916500E+03 -2.060084E-01
  1.917000E+03 -2.018170E-01
  1.917500E+03 -1.935740E-01
  1.918000E+03 -1.814052E-01
  1.918500E+03 -1.655137E-01
  1.919000E+03 -1.461761E-01
  1.919500E+03 -1.237372E-01
  1.920000E+03 -9.860340E-02
  1.920500E+03 -7.123466E-02
  1.921000E+03 -4.213560E-02
  1.921500E+03 -1.184529E-02
  1.922000E+03  1.907350E-02
  1.922500E+03  5.004562E-02
  1.923000E+03  8.049518E-02
  1.923500E+03  1.098571E-01
  1.924000E+03  1.375888E-01
  1.924500E+03  1.631808E-01
  1.925000E+03  1.861674E-01
  1.925500E+03  2.061356E-01
  1.926000E+03  2.227341E-01
  1.926500E+03  2.356792E-01
  1.927000E+03  2.447611E-01
  1.927500E+03  2.498476E-01
  1.928000E+03  2.508858E-01
  1.928500E+03  2.479032E-01
  1.929000E+03  2.410062E-01
  1.929500E+03  2.303769E-01
  1.930000E+03  2.162690E-01
  1.930500E+03  1.990012E-01
  1.931000E+03  1.789498E-01
  1.931500E+03  1.565403E-01
  1.932000E+03  1.322373E-01
  1.932500E+03  1.065345E-01
  1.933000E+03  7.994317E-02
  1.933500E+03  5.298154E-02
  1.934000E+03  2.616319E-02
  1.934500E+03 -1.362844E-05
  1.935000E+03 -2.507646E-02
  1.935500E+03 -4.858818E-02
  1.936000E+03 -7.015557E-02
  1.936500E+03 -8.943676E-02
  1.937000E+03 -1.061472E-01
  1.937500E+03 -1.200644E-01
  1.938000E+03 -1.310307E-01
  1.938500E+03 -1.389548E-01
  1.939000E+03 -1.438118E-01
  1.939500E+03 -1.456411E-01
  1.940000E+03 -1.445435E-01
  1.940500E+03 -1.406764E-01
  1.941000E+03 -1.342482E-01
  1.941500E+03 -1.255116E-01
  1.942000E+03 -1.147558E-01
  1.942500E+03 -1.022982E-01
  1.943000E+03 -8.847621E-02
  1.943500E+03 -7.363817E-02
  1.944000E+03 -5.813485E-02
  1.944500E+03 -4.231116E-02
  1.945000E+03 -2.649823E-02
  1.945500E+03 -1.100639E-02
  1.946000E+03  3.881183E-03
  1.946500E+03  1.791370E-02
  1.947000E+03  3.087702E-02
  1.947500E+03  4.259672E-02
  1.948000E+03  5.294005E-02
  1.948500E+03  6.181667E-02
  1.949000E+03  6.917834E-02
  1.949500E+03  7.501750E-02
  1.950000E+03  7.936493E-02
  1.950500E+03  8.228656E-02
  1.951000E+03  8.387952E-02
  1.951500E+03  8.426772E-02
  1.952000E+03  8.359688E-02
  1.952500E+03  8.202943E-02
  1.953000E+03  7.973918E-02
  1.953500E+03  7.690608E-02
  1.954000E+03  7.371117E-02
  1.954500E+03  7.033169E-02
  1.955000E+03  6.693677E-02
  1.955500E+03  6.368336E-02
  1.956000E+03  6.071292E-02
  1.956500E+03  5.814855E-02
  1.957000E+03  5.609277E-02
  1.957500E+03  5.462595E-02
  1.958000E+03  5.380530E-02
  1.958500E+03  5.366454E-02
  1.959000E+03  5.421403E-02
  1.959500E+03  5.544151E-02
  1.960000E+03  5.731322E-02
  1.960500E+03  5.977549E-02
  1.961000E+03  6.275667E-02
  1.961500E+03  6.616934E-02
  1.962000E+03  6.991275E-02
  1.962500E+03  7.387544E-02
  1.963000E+03  7.793798E-02
  1.963500E+03  8.197580E-02
  1.964000E+03  8.586202E-02
  1.964500E+03  8.947027E-02
  1.965000E+03  9.267745E-02
  1.965500E+03  9.536644E-02
  1.966000E+03  9.742860E-02
  1.966500E+03  9.876621E-02
  1.967000E+03  9.929463E-02
  1.967500E+03  9.894434E-02
  1.968000E+03  9.766264E-02
  1.968500E+03  9.541511E-02
  1.969000E+03  9.218680E-02
  1.969500E+03  8.798305E-02
  1.970000E+03  8.282990E-02
  1.970500E+03  7.677426E-02
  1.971000E+03  6.988353E-02
  1.971500E+03  6.224492E-02
  1.972000E+03  5.396428E-02
  1.972500E+03  4.516455E-02
  1.973000E+03  3.598377E-02
  1.973500E+03  2.657278E-02
  1.974000E+03  1.709244E-02
  1.974500E+03  7.710668E-03
  1.975000E+03 -1.400897E-03
  1.975500E+03 -1.007035E-02
  1.976000E+03 -1.812916E-02
  1.976500E+03 -2.541583E-02
  1.977000E+03 -3.177954E-02
  1.977500E+03 -3.708366E-02
  1.978000E+03 -4.120907E-02
  1.978500E+03 -4.405719E-02
  1.979000E+03 -4.555259E-02
  1.979500E+03 -4.564520E-02
  1.980000E+03 -4.431198E-02
  1.980500E+03 -4.155802E-02
  1.981000E+03 -3.741701E-02
  1.981500E+03 -3.195111E-02
  1.982000E+03 -2.525016E-02
  1.982500E+03 -1.743022E-02
  1.983000E+03 -8.631569E-03
  1.983500E+03  9.839268E-04
  1.984000E+03  1.123591E-02
  1.984500E+03  2.192909E-02
  1.985000E+03  3.285715E-02
  1.985500E+03  4.380689E-02
  1.986000E+03  5.456258E-02
  1.986500E+03  6.491034E-02
  1.987000E+03  7.464245E-02
  1.987500E+03  8.356162E-02
  1.988000E+03  9.148485E-02
  1.988500E+03  9.824716E-02
  1.989000E+03  1.037047E-01
  1.989500E+03  1.077378E-01
  1.990000E+03  1.102526E-01
  1.990500E+03  1.111835E-01
  1.991000E+03  1.104937E-01
  1.991500E+03  1.081756E-01
  1.992000E+03  1.042513E-01
  1.992500E+03  9.877122E-02
  1.993000E+03  9.181342E-02
  1.993500E+03  8.348143E-02
  1.994000E+03  7.390229E-02
  1.994500E+03  6.322383E-02
  1.995000E+03  5.161174E-02
  1.995500E+03  3.924630E-02
  1.996000E+03  2.631899E-02
  1.996500E+03  1.302880E-02
  1.997000E+03 -4.213924E-04
  1.997500E+03 -1.382853E-02
  1.998000E+03 -2.699302E-02
  1.998500E+03 -3.972224E-02
  1.999000E+03 -5.183390E-02
  1.999500E+03 -6.315918E-02
  2.000000E+03 -7.354555E-02
  2.000500E+03 -8.285931E-02
  2.001000E+03 -9.098779E-02
  2.001500E+03 -9.784108E-02
  2.002000E+03 -1.033534E-01
  2.002500E+03 -1.074838E-01
  2.003000E+03 -1.102171E-01
  2.003500E+03 -1.115633E-01
  2.004000E+03 -1.115570E-01
  2.004500E+03 -1.102569E-01
  2.005000E+03 -1.077438E-01
  2.005500E+03 -1.041188E-01
  2.006000E+03 -9.950090E-02
  2.006500E+03 -9.402436E-02
  2.007000E+03 -8.783537E-02
  2.007500E+03 -8.108883E-02
  2.008000E+03 -7.394474E-02
  2.008500E+03 -6.656449E-02
  2.009000E+03 -5.910712E-02
  2.009500E+03 -5.172558E-02
  2.010000E+03 -4.456317E-02
  2.010500E+03 -3.775020E-02
  2.011000E+03 -3.140093E-02
  2.011500E+03 -2.561094E-02
  2.012000E+03 -2.045495E-02
  2.012500E+03 -1.598522E-02
  2.013000E+03 -1.223053E-02
  2.013500E+03 -9.195778E-03
  2.014000E+03 -6.862279E-03
  2.014500E+03 -5.188701E-03
  2.015000E+03 -4.112661E-03
  2.015500E+03 -3.552940E-03
  2.016000E+03 -3.412254E-03
  2.016500E+03 -3.580522E-03
  2.017000E+03 -3.938520E-03
  2.017500E+03 -4.361853E-03
  2.018000E+03 -4.725094E-03
  2.018500E+03 -4.905991E-03
  2.019000E+03 -4.789616E-03
  2.019500E+03 -4.272317E-03
  2.020000E+03 -3.265363E-03
  2.020500E+03 -1.698168E-03
  2.021000E+03  4.790062E-04
  2.021500E+03  3.292962E-03
  2.022000E+03  6.746146E-03
  2.022500E+03  1.081595E-02
  2.023000E+03  1.545477E-02
  2.023500E+03  2.059076E-02
  2.024000E+03  2.612939E-02
  2.024500E+03  3.195560E-02
  2.025000E+03  3.793659E-02
  2.025500E+03  4.392513E-02
  2.026000E+03  4.976336E-02
  2.026500E+03  5.528675E-02
  2.027000E+03  6.032843E-02
  2.027500E+03  6.472346E-02
  2.028000E+03  6.831313E-02
  2.028500E+03  7.094904E-02
  2.029000E+03  7.249693E-02
  2.029500E+03  7.284012E-02
  2.030000E+03  7.188252E-02
  2.030500E+03  6.955107E-02
  2.031000E+03  6.579766E-02
  2.031500E+03  6.060039E-02
  2.032000E+03  5.396428E-02
  2.032500E+03  4.592135E-02
  2.033000E+03  3.653013E-02
  2.033500E+03  2.587464E-02
  2.034000E+03  1.406289E-02
  2.034500E+03  1.224962E-03
  2.035000E+03 -1.248923E-02
  2.035500E+03 -2.691248E-02
  2.036000E+03 -4.186302E-02
  2.036500E+03 -5.714736E-02
  2.037000E+03 -7.256319E-02
  2.037500E+03 -8.790229E-02
  2.038000E+03 -1.029534E-01
  2.038500E+03 -1.175049E-01
  2.039000E+03 -1.313476E-01
  2.039500E+03 -1.442771E-01
  2.040000E+03 -1.560963E-01
  2.040500E+03 -1.666172E-01
  2.041000E+03 -1.756635E-01
  2.041500E+03 -1.830722E-01
  2.042000E+03 -1.886953E-01
  2.042500E+03 -1.924016E-01
  2.043000E+03 -1.940784E-01
  2.043500E+03 -1.936329E-01
  2.044000E+03 -1.909934E-01
  2.044500E+03 -1.861111E-01
  2.045000E+03 -1.789610E-01
  2.045500E+03 -1.695433E-01
  2.046000E+03 -1.578841E-01
  2.046500E+03 -1.440368E-01
  2.047000E+03 -1.280825E-01
  2.047500E+03 -1.101304E-01
  2.048000E+03 -9.031829E-02
  2.048500E+03 -6.881213E-02
  2.049000E+03 -4.580587E-02
  2.049500E+03 -2.152044E-02
  2.050000E+03  3.797500E-03
  2.050500E+03  2.987736E-02
  2.051000E+03  5.642679E-02
  2.051500E+03  8.313445E-02
  2.052000E+03  1.096732E-01
  2.052500E+03  1.357037E-01
  2.053000E+03  1.608787E-01
  2.053500E+03  1.848473E-01
  2.054000E+03  2.072598E-01
  2.054500E+03  2.277728E-01
  2.055000E+03  2.460548E-01
  2.055500E+03  2.617909E-01
  2.056000E+03  2.746889E-01
  2.056500E+03  2.844840E-01
  2.057000E+03  2.909442E-01
  2.057500E+03  2.938752E-01
  2.058000E+03  2.931245E-01
  2.058500E+03  2.885860E-01
  2.059000E+03  2.802025E-01
  2.059500E+03  2.679694E-01
  2.060000E+03  2.519360E-01
  2.060500E+03  2.322073E-01
  2.061000E+03  2.089442E-01
  2.061500E+03  1.823633E-01
  2.062000E+03  1.527355E-01
  2.062500E+03  1.203838E-01
  2.063000E+03  8.568038E-02
  2.063500E+03  4.904268E-02
  2.064000E+03  1.092856E-02
  2.064500E+03 -2.816922E-02
  2.065000E+03 -6.772929E-02
  2.065500E+03 -1.072087E-01
  2.066000E+03 -1.460504E-01
  2.066500E+03 -1.836915E-01
  2.067000E+03 -2.195715E-01
  2.067500E+03 -2.531411E-01
  2.068000E+03 -2.838711E-01
  2.068500E+03 -3.112613E-01
  2.069000E+03 -3.348492E-01
  2.069500E+03 -3.542181E-01
  2.070000E+03 -3.690056E-01
  2.070500E+03 -3.789108E-01
  2.071000E+03 -3.837003E-01
  2.071500E+03 -3.832149E-01
  2.072000E+03 -3.773732E-01
  2.072500E+03 -3.661756E-01
  2.073000E+03 -3.497062E-01
  2.073500E+03 -3.281337E-01
  2.074000E+03 -3.017101E-01
  2.074500E+03 -2.707693E-01
  2.075000E+03 -2.357224E-01
  2.075500E+03 -1.970531E-01
  2.076000E+03 -1.553104E-01
  2.076500E+03 -1.111009E-01
  2.077000E+03 -6.507901E-02
  2.077500E+03 -1.793685E-02
  2.078000E+03  2.960760E-02
  2.078500E+03  7.682238E-02
  2.079000E+03  1.229743E-01
  2.079500E+03  1.673418E-01
  2.080000E+03  2.092279E-01
  2.080500E+03  2.479725E-01
  2.081000E+03  2.829648E-01
  2.081500E+03  3.136543E-01
  2.082000E+03  3.395608E-01
  2.082500E+03  3.602835E-01
  2.083000E+03  3.755083E-01
  2.083500E+03  3.850132E-01
  2.084000E+03  3.886728E-01
  2.084500E+03  3.864596E-01
  2.085000E+03  3.784448E-01
  2.085500E+03  3.647962E-01
  2.086000E+03  3.457744E-01
  2.086500E+03  3.217275E-01
  2.087000E+03  2.930841E-01
  2.087500E+03  2.603445E-01
  2.088000E+03  2.240709E-01
  2.088500E+03  1.848767E-01
  2.089000E+03  1.434143E-01
  2.089500E+03  1.003635E-01
  2.090000E+03  5.641819E-02
  2.090500E+03  1.227458E-02
  2.091000E+03 -3.138156E-02
  2.091500E+03 -7.388647E-02
  2.092000E+03 -1.146095E-01
  2.092500E+03 -1.529631E-01
  2.093000E+03 -1.884119E-01
  2.093500E+03 -2.204806E-01
  2.094000E+03 -2.487599E-01
  2.094500E+03 -2.729119E-01
  2.095000E+03 -2.926738E-01
  2.095500E+03 -3.078594E-01
  2.096000E+03 -3.183603E-01
  2.096500E+03 -3.241449E-01
  2.097000E+03 -3.252567E-01
  2.097500E+03 -3.218111E-01
  2.098000E+03 -3.139913E-01
  2.098500E+03 -3.020430E-01
  2.099000E+03 -2.862691E-01
  2.099500E+03 -2.670227E-01
  2.100000E+03 -2.447003E-01
  2.100500E+03 -2.197349E-01
  2.101000E+03 -1.925878E-01
  2.101500E+03 -1.637416E-01
  2.102000E+03 -1.336920E-01
  2.102500E+03 -1.029409E-01
  2.103000E+03 -7.198844E-02
  2.103500E+03 -4.132623E-02
  2.104000E+03 -1.143054E-02
  2.104500E+03  1.724410E-02
  2.105000E+03  4.427088E-02
  2.105500E+03  6.925616E-02
  2.106000E+03  9.184447E-02
  2.106500E+03  1.117229E-01
  2.107000E+03  1.286249E-01
  2.107500E+03  1.423337E-01
  2.108000E+03  1.526844E-01
  2.108500E+03  1.595664E-01
  2.109000E+03  1.629244E-01
  2.109500E+03  1.627586E-01
  2.110000E+03  1.591247E-01
  2.110500E+03  1.521326E-01
  2.111000E+03  1.419447E-01
  2.111500E+03  1.287735E-01
  2.112000E+03  1.128775E-01
  2.112500E+03  9.455816E-02
  2.113000E+03  7.415407E-02
  2.113500E+03  5.203627E-02
  2.114000E+03  2.860192E-02
  2.114500E+03  4.267960E-03
  2.115000E+03 -2.053578E-02
  2.115500E+03 -4.537370E-02
  2.116000E+03 -6.981165E-02
  2.116500E+03 -9.342429E-02
  2.117000E+03 -1.158023E-01
  2.117500E+03 -1.365591E-01
  2.118000E+03 -1.553379E-01
  2.118500E+03 -1.718173E-01
  2.119000E+03 -1.857171E-01
  2.119500E+03 -1.968026E-01
  2.120000E+03 -2.048890E-01
  2.120500E+03 -2.098443E-01
  2.121000E+03 -2.115908E-01
  2.121500E+03 -2.101072E-01
  2.122000E+03 -2.054274E-01
  2.122500E+03 -1.976408E-01
  2.123000E+03 -1.868892E-01
  2.123500E+03 -1.733649E-01
  2.124000E+03 -1.573064E-01
  2.124500E+03 -1.389938E-01
  2.125000E+03 -1.187442E-01
  2.125500E+03 -9.690514E-02
  2.126000E+03 -7.384905E-02
  2.126500E+03 -4.996611E-02
  2.127000E+03 -2.565772E-02
  2.127500E+03 -1.329492E-03
  2.128000E+03  2.261563E-02
  2.128500E+03  4.578411E-02
  2.129000E+03  6.779827E-02
  2.129500E+03  8.830249E-02
  2.130000E+03  1.069689E-01
  2.130500E+03  1.235023E-01
  2.131000E+03  1.376452E-01
  2.131500E+03  1.491812E-01
  2.132000E+03  1.579386E-01
  2.132500E+03  1.637925E-01
  2.133000E+03  1.666668E-01
  2.133500E+03  1.665351E-01
  2.134000E+03  1.634204E-01
  2.134500E+03  1.573951E-01
  2.135000E+03  1.485791E-01
  2.135500E+03  1.371378E-01
  2.136000E+03  1.232795E-01
  2.136500E+03  1.072514E-01
  2.137000E+03  8.933580E-02
  2.137500E+03  6.984523E-02
  2.138000E+03  4.911734E-02
  2.138500E+03  2.750918E-02
  2.139000E+03  5.391245E-03
  2.139500E+03 -1.685877E-02
  2.140000E+03 -3.886239E-02
  2.140500E+03 -6.024679E-02
  2.141000E+03 -8.065127E-02
  2.141500E+03 -9.973350E-02
  2.142000E+03 -1.171755E-01
  2.142500E+03 -1.326894E-01
  2.143000E+03 -1.460223E-01
  2.143500E+03 -1.569612E-01
  2.144000E+03 -1.653366E-01
  2.144500E+03 -1.710257E-01
  2.145000E+03 -1.739546E-01
  2.145500E+03 -1.740997E-01
  2.146000E+03 -1.714882E-01
  2.146500E+03 -1.661974E-01
  2.147000E+03 -1.583532E-01
  2.147500E+03 -1.481276E-01
  2.148000E+03 -1.357354E-01
  2.148500E+03 -1.214299E-01
  2.149000E+03 -1.054977E-01
  2.149500E+03 -8.825344E-02
  2.150000E+03 -7.003298E-02
  2.150500E+03 -5.118714E-02
  2.151000E+03 -3.207453E-02
  2.151500E+03 -1.305445E-02
  2.152000E+03  5.520193E-03
  2.152500E+03  2.330986E-02
  2.153000E+03  3.999505E-02
  2.153500E+03  5.528248E-02
  2.154000E+03  6.891072E-02
  2.154500E+03  8.065514E-02
  2.155000E+03  9.033210E-02
  2.155500E+03  9.780217E-02
  2.156000E+03  1.029726E-01
  2.156500E+03  1.057985E-01
  2.157000E+03  1.062836E-01
  2.157500E+03  1.044795E-01
  2.158000E+03  1.004842E-01
  2.158500E+03  9.443971E-02
  2.159000E+03  8.652880E-02
  2.159500E+03  7.697116E-02
  2.160000E+03  6.601861E-02
  2.160500E+03  5.394996E-02
  2.161000E+03  4.106534E-02
  2.161500E+03  2.768018E-02
  2.162000E+03  1.411902E-02
  2.162500E+03  7.091911E-04
  2.163000E+03 -1.222554E-02
  2.163500E+03 -2.437114E-02
  2.164000E+03 -3.542924E-02
  2.164500E+03 -4.512286E-02
  2.165000E+03 -5.320155E-02
  2.165500E+03 -5.944621E-02
  2.166000E+03 -6.367318E-02
  2.166500E+03 -6.573786E-02
  2.167000E+03 -6.553752E-02
  2.167500E+03 -6.301346E-02
  2.168000E+03 -5.815243E-02
  2.168500E+03 -5.098720E-02
  2.169000E+03 -4.159640E-02
  2.169500E+03 -3.010359E-02
  2.170000E+03 -1.667547E-02
  2.170500E+03 -1.519396E-03
  2.171000E+03  1.511984E-02
  2.171500E+03  3.296400E-02
  2.172000E+03  5.170591E-02
  2.172500E+03  7.101468E-02
  2.173000E+03  9.054135E-02
  2.173500E+03  1.099250E-01
  2.174000E+03  1.287991E-01
  2.174500E+03  1.467982E-01
  2.175000E+03  1.635650E-01
  2.175500E+03  1.787564E-01
  2.176000E+03  1.920510E-01
  2.176500E+03  2.031546E-01
  2.177000E+03  2.118071E-01
  2.177500E+03  2.177872E-01
  2.178000E+03  2.209178E-01
  2.178500E+03  2.210696E-01
  2.179000E+03  2.181650E-01
  2.179500E+03  2.121798E-01
  2.180000E+03  2.031448E-01
  2.180500E+03  1.911461E-01
  2.181000E+03  1.763243E-01
  2.181500E+03  1.588722E-01
  2.182000E+03  1.390322E-01
  2.182500E+03  1.170924E-01
  2.183000E+03  9.338104E-02
  2.183500E+03  6.826117E-02
  2.184000E+03  4.212382E-02
  2.184500E+03  1.538082E-02
  2.185000E+03 -1.154287E-02
  2.185500E+03 -3.821717E-02
  2.186000E+03 -6.421498E-02
  2.186500E+03 -8.912030E-02
  2.187000E+03 -1.125360E-01
  2.187500E+03 -1.340913E-01
  2.188000E+03 -1.534488E-01
  2.188500E+03 -1.703102E-01
  2.189000E+03 -1.844223E-01
  2.189500E+03 -1.955808E-01
  2.190000E+03 -2.036337E-01
  2.190500E+03 -2.084840E-01
  2.191000E+03 -2.100901E-01
  2.191500E+03 -2.084662E-01
  2.192000E+03 -2.036810E-01
  2.192500E+03 -1.958552E-01
  2.193000E+03 -1.851586E-01
  2.193500E+03 -1.718056E-01
  2.194000E+03 -1.560504E-01
  2.194500E+03 -1.381812E-01
  2.195000E+03 -1.185144E-01
  2.195500E+03 -9.738737E-02
  2.196000E+03 -7.515246E-02
  2.196500E+03 -5.216968E-02
  2.197000E+03 -2.880015E-02
  2.197500E+03 -5.399542E-03
  2.198000E+03  1.768805E-02
  2.198500E+03  4.013580E-02
  2.199000E+03  6.163929E-02
  2.199500E+03  8.192092E-02
  2.200000E+03  1.007337E-01
  2.200500E+03  1.178643E-01
  2.201000E+03  1.331351E-01
  2.201500E+03  1.464057E-01
  2.202000E+03  1.575736E-01
  2.202500E+03  1.665742E-01
  2.203000E+03  1.733798E-01
  2.203500E+03  1.779983E-01
  2.204000E+03  1.804711E-01
  2.204500E+03  1.808708E-01
  2.205000E+03  1.792979E-01
  2.205500E+03  1.758777E-01
  2.206000E+03  1.707569E-01
  2.206500E+03  1.640995E-01
  2.207000E+03  1.560833E-01
  2.207500E+03  1.468958E-01
  2.208000E+03  1.367305E-01
  2.208500E+03  1.257831E-01
  2.209000E+03  1.142482E-01
  2.209500E+03  1.023156E-01
  2.210000E+03  9.016773E-02
  2.210500E+03  7.797656E-02
  2.211000E+03  6.590147E-02
  2.211500E+03  5.408711E-02
  2.212000E+03  4.266189E-02
  2.212500E+03  3.173668E-02
  2.213000E+03  2.140403E-02
  2.213500E+03  1.173780E-02
  2.214000E+03  2.793061E-03
  2.214500E+03 -5.393452E-03
  2.215000E+03 -1.280268E-02
  2.215500E+03 -1.943214E-02
  2.216000E+03 -2.529461E-02
  2.216500E+03 -3.041643E-02
  2.217000E+03 -3.483569E-02
  2.217500E+03 -3.860019E-02
  2.218000E+03 -4.176523E-02
  2.218500E+03 -4.439135E-02
  2.219000E+03 -4.654205E-02
  2.219500E+03 -4.828149E-02
  2.220000E+03 -4.967232E-02
  2.220500E+03 -5.077358E-02
  2.221000E+03 -5.163880E-02
  2.221500E+03 -5.231438E-02
  2.222000E+03 -5.283814E-02
  2.222500E+03 -5.323824E-02
  2.223000E+03 -5.353243E-02
  2.223500E+03 -5.372764E-02
  2.224000E+03 -5.381992E-02
  2.224500E+03 -5.379480E-02
  2.225000E+03 -5.362794E-02
  2.225500E+03 -5.328620E-02
  2.226000E+03 -5.272896E-02
  2.226500E+03 -5.190976E-02
  2.227000E+03 -5.077816E-02
  2.227500E+03 -4.928181E-02
  2.228000E+03 -4.736858E-02
  2.228500E+03 -4.498880E-02
  2.229000E+03 -4.209752E-02
  2.229500E+03 -3.865663E-02
  2.230000E+03 -3.463686E-02
  2.230500E+03 -3.001965E-02
  2.231000E+03 -2.479864E-02
  2.231500E+03 -1.898097E-02
  2.232000E+03 -1.258812E-02
  2.232500E+03 -5.656429E-03
  2.233000E+03  1.762812E-03
  2.233500E+03  9.603710E-03
  2.234000E+03  1.778652E-02
  2.234500E+03  2.621883E-02
  2.235000E+03  3.479711E-02
  2.235500E+03  4.340860E-02
  2.236000E+03  5.193356E-02
  2.236500E+03  6.024772E-02
  2.237000E+03  6.822491E-02
  2.237500E+03  7.573982E-02
  2.238000E+03  8.267086E-02
  2.238500E+03  8.890290E-02
  2.239000E+03  9.432994E-02
  2.239500E+03  9.885766E-02
  2.240000E+03  1.024056E-01
  2.240500E+03  1.049094E-01
  2.241000E+03  1.063219E-01
  2.241500E+03  1.066147E-01
  2.242000E+03  1.057792E-01
  2.242500E+03  1.038262E-01
  2.243000E+03  1.007865E-01
  2.243500E+03  9.671001E-02
  2.244000E+03  9.166458E-02
  2.244500E+03  8.573488E-02
  2.245000E+03  7.902046E-02
  2.245500E+03  7.163360E-02
  2.246000E+03  6.369695E-02
  2.246500E+03  5.534091E-02
  2.247000E+03  4.670090E-02
  2.247500E+03  3.791447E-02
  2.248000E+03  2.911856E-02
  2.248500E+03  2.044664E-02
  2.249000E+03  1.202614E-02
  2.249500E+03  3.975944E-03
  2.250000E+03 -3.595761E-03
  2.250500E+03 -1.059344E-02
  2.251000E+03 -1.693579E-02
  2.251500E+03 -2.255693E-02
  2.252000E+03 -2.740729E-02
  2.252500E+03 -3.145403E-02
  2.253000E+03 -3.468113E-02
  2.253500E+03 -3.708907E-02
  2.254000E+03 -3.869416E-02
  2.254500E+03 -3.952754E-02
  2.255000E+03 -3.963389E-02
  2.255500E+03 -3.906986E-02
  2.256000E+03 -3.790231E-02
  2.256500E+03 -3.620638E-02
  2.257000E+03 -3.406344E-02
  2.257500E+03 -3.155897E-02
  2.258000E+03 -2.878043E-02
  2.258500E+03 -2.581519E-02
  2.259000E+03 -2.274846E-02
  2.259500E+03 -1.966147E-02
  2.260000E+03 -1.662961E-02
  2.260500E+03 -1.372097E-02
  2.261000E+03 -1.099493E-02
  2.261500E+03 -8.501042E-03
  2.262000E+03 -6.278163E-03
  2.262500E+03 -4.353828E-03
  2.263000E+03 -2.743886E-03
  2.263500E+03 -1.452398E-03
  2.264000E+03 -4.717812E-04
  2.264500E+03  2.167885E-04
  2.265000E+03  6.427517E-04
  2.265500E+03  8.453147E-04
  2.266000E+03  8.724002E-04
  2.266500E+03  7.794161E-04
  2.267000E+03  6.278655E-04
  2.267500E+03  4.838206E-04
  2.268000E+03  4.162876E-04
  2.268500E+03  4.954880E-04
  2.269000E+03  7.910866E-04
  2.269500E+03  1.370394E-03
  2.270000E+03  2.296577E-03
  2.270500E+03  3.626909E-03
  2.271000E+03  5.411088E-03
  2.271500E+03  7.689667E-03
  2.272000E+03  1.049262E-02
  2.272500E+03  1.383809E-02
  2.273000E+03  1.773131E-02
  2.273500E+03  2.216383E-02
  2.274000E+03  2.711293E-02
  2.274500E+03  3.254136E-02
  2.275000E+03  3.839742E-02
  2.275500E+03  4.461530E-02
  2.276000E+03  5.111582E-02
  2.276500E+03  5.780745E-02
  2.277000E+03  6.458768E-02
  2.277500E+03  7.134475E-02
  2.278000E+03  7.795960E-02
  2.278500E+03  8.430809E-02
  2.279000E+03  9.026352E-02
  2.279500E+03  9.569921E-02
  2.280000E+03  1.004912E-01
  2.280500E+03  1.045213E-01
  2.281000E+03  1.076793E-01
  2.281500E+03  1.098664E-01
  2.282000E+03  1.109971E-01
  2.282500E+03  1.110020E-01
  2.283000E+03  1.098296E-01
  2.283500E+03  1.074478E-01
  2.284000E+03  1.038455E-01
  2.284500E+03  9.903332E-02
  2.285000E+03  9.304392E-02
  2.285500E+03  8.593180E-02
  2.286000E+03  7.777274E-02
  2.286500E+03  6.866259E-02
  2.287000E+03  5.871570E-02
  2.287500E+03  4.806286E-02
  2.288000E+03  3.684882E-02
  2.288500E+03  2.522960E-02
  2.289000E+03  1.336940E-02
  2.289500E+03  1.437461E-03
  2.290000E+03 -1.039523E-02
  2.290500E+03 -2.195924E-02
  2.291000E+03 -3.308988E-02
  2.291500E+03 -4.363026E-02
  2.292000E+03 -5.343412E-02
  2.292500E+03 -6.236828E-02
  2.293000E+03 -7.031483E-02
  2.293500E+03 -7.717288E-02
  2.294000E+03 -8.285980E-02
  2.294500E+03 -8.731214E-02
  2.295000E+03 -9.048598E-02
  2.295500E+03 -9.235693E-02
  2.296000E+03 -9.291967E-02
  2.296500E+03 -9.218713E-02
  2.297000E+03 -9.018937E-02
  2.297500E+03 -8.697218E-02
  2.298000E+03 -8.259550E-02
  2.298500E+03 -7.713169E-02
  2.299000E+03 -7.066375E-02
  2.299500E+03 -6.328355E-02
  2.300000E+03 -5.509009E-02
  2.300500E+03 -4.618791E-02
  2.301000E+03 -3.668561E-02
  2.301500E+03 -2.669456E-02
  2.302000E+03 -1.632782E-02
  2.302500E+03 -5.699281E-03
  2.303000E+03  5.077067E-03
  2.303500E+03  1.588762E-02
  2.304000E+03  2.661950E-02
  2.304500E+03  3.716086E-02
  2.305000E+03  4.740099E-02
  2.305500E+03  5.723051E-02
  2.306000E+03  6.654153E-02
  2.306500E+03  7.522787E-02
  2.307000E+03  8.318543E-02
  2.307500E+03  9.031266E-02
  2.308000E+03  9.651123E-02
  2.308500E+03  1.016869E-01
  2.309000E+03  1.057504E-01
  2.309500E+03  1.086189E-01
  2.310000E+03  1.102174E-01
  2.310500E+03  1.104798E-01
  2.311000E+03  1.093512E-01
  2.311500E+03  1.067890E-01
  2.312000E+03  1.027651E-01
  2.312500E+03  9.726687E-02
  2.313000E+03  9.029922E-02
  2.313500E+03  8.188554E-02
  2.314000E+03  7.206884E-02
  2.314500E+03  6.091248E-02
  2.315000E+03  4.850051E-02
  2.315500E+03  3.493769E-02
  2.316000E+03  2.034907E-02
  2.316500E+03  4.879108E-03
  2.317000E+03 -1.130956E-02
  2.317500E+03 -2.803783E-02
  2.318000E+03 -4.511222E-02
  2.318500E+03 -6.232727E-02
  2.319000E+03 -7.946832E-02
  2.319500E+03 -9.631448E-02
  2.320000E+03 -1.126418E-01
  2.320500E+03 -1.282268E-01
  2.321000E+03 -1.428494E-01
  2.321500E+03 -1.562969E-01
  2.322000E+03 -1.683668E-01
  2.322500E+03 -1.788704E-01
  2.323000E+03 -1.876353E-01
  2.323500E+03 -1.945089E-01
  2.324000E+03 -1.993604E-01
  2.324500E+03 -2.020830E-01
  2.325000E+03 -2.025962E-01
  2.325500E+03 -2.008469E-01
  2.326000E+03 -1.968107E-01
  2.326500E+03 -1.904927E-01
  2.327000E+03 -1.819279E-01
  2.327500E+03 -1.711812E-01
  2.328000E+03 -1.583470E-01
  2.328500E+03 -1.435483E-01
  2.329000E+03 -1.269360E-01
  2.329500E+03 -1.086869E-01
  2.330000E+03 -8.900215E-02
  2.330500E+03 -6.810487E-02
  2.331000E+03 -4.623774E-02
  2.331500E+03 -2.365999E-02
  2.332000E+03 -6.442517E-04
  2.332500E+03  2.252701E-02
  2.333000E+03  4.556524E-02
  2.333500E+03  6.817983E-02
  2.334000E+03  9.008233E-02
  2.334500E+03  1.109908E-01
  2.335000E+03  1.306344E-01
  2.335500E+03  1.487575E-01
  2.336000E+03  1.651247E-01
  2.336500E+03  1.795244E-01
  2.337000E+03  1.917734E-01
  2.337500E+03  2.017201E-01
  2.338000E+03  2.092482E-01
  2.338500E+03  2.142791E-01
  2.339000E+03  2.167740E-01
  2.339500E+03  2.167354E-01
  2.340000E+03  2.142074E-01
  2.340500E+03  2.092758E-01
  2.341000E+03  2.020665E-01
  2.341500E+03  1.927437E-01
  2.342000E+03  1.815069E-01
  2.342500E+03  1.685868E-01
  2.343000E+03  1.542409E-01
  2.343500E+03  1.387482E-01
  2.344000E+03  1.224030E-01
  2.344500E+03  1.055085E-01
  2.345000E+03  8.837015E-02
  2.345500E+03  7.128859E-02
  2.346000E+03  5.455297E-02
  2.346500E+03  3.843421E-02
  2.347000E+03  2.317880E-02
  2.347500E+03  9.003192E-03
  2.348000E+03 -3.911054E-03
  2.348500E+03 -1.542117E-02
  2.349000E+03 -2.542607E-02
  2.349500E+03 -3.386809E-02
  2.350000E+03 -4.073347E-02
  2.350500E+03 -4.605167E-02
  2.351000E+03 -4.989344E-02
  2.351500E+03 -5.236763E-02
  2.352000E+03 -5.361704E-02
  2.352500E+03 -5.381318E-02
  2.353000E+03 -5.315028E-02
  2.353500E+03 -5.183864E-02
  2.354000E+03 -5.009755E-02
  2.354500E+03 -4.814798E-02
  2.355000E+03 -4.620527E-02
  2.355500E+03 -4.447210E-02
  2.356000E+03 -4.313187E-02
  2.356500E+03 -4.234276E-02
  2.357000E+03 -4.223261E-02
  2.357500E+03 -4.289486E-02
  2.358000E+03 -4.438556E-02
  2.358500E+03 -4.672163E-02
  2.359000E+03 -4.988041E-02
  2.359500E+03 -5.380044E-02
  2.360000E+03 -5.838353E-02
  2.360500E+03 -6.349799E-02
  2.361000E+03 -6.898300E-02
  2.361500E+03 -7.465377E-02
  2.362000E+03 -8.030764E-02
  2.362500E+03 -8.573065E-02
  2.363000E+03 -9.070451E-02
  2.363500E+03 -9.501373E-02
  2.364000E+03 -9.845269E-02
  2.364500E+03 -1.008325E-01
  2.365000E+03 -1.019871E-01
  2.365500E+03 -1.017793E-01
  2.366000E+03 -1.001054E-01
  2.366500E+03 -9.689902E-02
  2.367000E+03 -9.213415E-02
  2.367500E+03 -8.582672E-02
  2.368000E+03 -7.803520E-02
  2.368500E+03 -6.885997E-02
  2.369000E+03 -5.844155E-02
  2.369500E+03 -4.695771E-02
  2.370000E+03 -3.461969E-02
  2.370500E+03 -2.166740E-02
  2.371000E+03 -8.363942E-03
  2.371500E+03  5.010464E-03
  2.372000E+03  1.816505E-02
  2.372500E+03  3.080530E-02
  2.373000E+03  4.263990E-02
  2.373500E+03  5.338759E-02
  2.374000E+03  6.278384E-02
  2.374500E+03  7.058712E-02
  2.375000E+03  7.658468E-02
  2.375500E+03  8.059770E-02
  2.376000E+03  8.248568E-02
  2.376500E+03  8.215003E-02
  2.377000E+03  7.953676E-02
  2.377500E+03  7.463816E-02
  2.378000E+03  6.749363E-02
  2.378500E+03  5.818940E-02
  2.379000E+03  4.685730E-02
  2.379500E+03  3.367266E-02
  2.380000E+03  1.885118E-02
  2.380500E+03  2.644997E-03
  2.381000E+03 -1.466196E-02
  2.381500E+03 -3.275944E-02
  2.382000E+03 -5.131680E-02
  2.382500E+03 -6.998949E-02
  2.383000E+03 -8.842589E-02
  2.383500E+03 -1.062743E-01
  2.384000E+03 -1.231903E-01
  2.384500E+03 -1.388434E-01
  2.385000E+03 -1.529246E-01
  2.385500E+03 -1.651523E-01
  2.386000E+03 -1.752791E-01
  2.386500E+03 -1.830968E-01
  2.387000E+03 -1.884414E-01
  2.387500E+03 -1.911970E-01
  2.388000E+03 -1.912991E-01
  2.388500E+03 -1.887360E-01
  2.389000E+03 -1.835502E-01
  2.389500E+03 -1.758380E-01
  2.390000E+03 -1.657478E-01
  2.390500E+03 -1.534779E-01
  2.391000E+03 -1.392725E-01
  2.391500E+03 -1.234172E-01
  2.392000E+03 -1.062328E-01
  2.392500E+03 -8.806922E-02
  2.393000E+03 -6.929771E-02
  2.393500E+03 -5.030316E-02
  2.394000E+03 -3.147568E-02
  2.394500E+03 -1.320216E-02
  2.395000E+03  4.142342E-03
  2.395500E+03  2.020283E-02
  2.396000E+03  3.465233E-02
  2.396500E+03  4.719921E-02
  2.397000E+03  5.759368E-02
  2.397500E+03  6.563339E-02
  2.398000E+03  7.116792E-02
  2.398500E+03  7.410208E-02
  2.399000E+03  7.439793E-02
  2.399500E+03  7.207542E-02
  2.400000E+03  6.721176E-02
  2.400500E+03  5.993939E-02
  2.401000E+03  5.044276E-02
  2.401500E+03  3.895385E-02
  2.402000E+03  2.574672E-02
  2.402500E+03  1.113111E-02
  2.403000E+03 -4.554682E-03
  2.403500E+03 -2.095149E-02
  2.404000E+03 -3.768728E-02
  2.404500E+03 -5.438528E-02
  2.405000E+03 -7.067212E-02
  2.405500E+03 -8.618563E-02
  2.406000E+03 -1.005822E-01
  2.406500E+03 -1.135438E-01
  2.407000E+03 -1.247836E-01
  2.407500E+03 -1.340515E-01
  2.408000E+03 -1.411382E-01
  2.408500E+03 -1.458785E-01
  2.409000E+03 -1.481532E-01
  2.409500E+03 -1.478907E-01
  2.410000E+03 -1.450666E-01
  2.410500E+03 -1.397031E-01
  2.411000E+03 -1.318673E-01
  2.411500E+03 -1.216686E-01
  2.412000E+03 -1.092555E-01
  2.412500E+03 -9.481178E-02
  2.413000E+03 -7.855256E-02
  2.413500E+03 -6.071951E-02
  2.414000E+03 -4.157629E-02
  2.414500E+03 -2.140379E-02
  2.415000E+03 -4.953112E-04
  2.415500E+03  2.084802E-02
  2.416000E+03  4.232173E-02
  2.416500E+03  6.362220E-02
  2.417000E+03  8.445059E-02
  2.417500E+03  1.045164E-01
  2.418000E+03  1.235410E-01
  2.418500E+03  1.412602E-01
  2.419000E+03  1.574270E-01
  2.419500E+03  1.718143E-01
  2.420000E+03  1.842166E-01
  2.420500E+03  1.944517E-01
  2.421000E+03  2.023629E-01
  2.421500E+03  2.078195E-01
  2.422000E+03  2.107188E-01
  2.422500E+03  2.109869E-01
  2.423000E+03  2.085792E-01
  2.423500E+03  2.034815E-01
  2.424000E+03  1.957106E-01
  2.424500E+03  1.853141E-01
  2.425000E+03  1.723710E-01
  2.425500E+03  1.569913E-01
  2.426000E+03  1.393158E-01
  2.426500E+03  1.195151E-01
  2.427000E+03  9.778880E-02
  2.427500E+03  7.436383E-02
  2.428000E+03  4.949295E-02
  2.428500E+03  2.345236E-02
  2.429000E+03 -3.460805E-03
  2.429500E+03 -3.093147E-02
  2.430000E+03 -5.862999E-02
  2.430500E+03 -8.621585E-02
  2.431000E+03 -1.133417E-01
  2.431500E+03 -1.396576E-01
  2.432000E+03 -1.648156E-01
  2.432500E+03 -1.884744E-01
  2.433000E+03 -2.103041E-01
  2.433500E+03 -2.299908E-01
  2.434000E+03 -2.472415E-01
  2.434500E+03 -2.617885E-01
  2.435000E+03 -2.733936E-01
  2.435500E+03 -2.818523E-01
  2.436000E+03 -2.869971E-01
  2.436500E+03 -2.887008E-01
  2.437000E+03 -2.868794E-01
  2.437500E+03 -2.814936E-01
  2.438000E+03 -2.725508E-01
  2.438500E+03 -2.601056E-01
  2.439000E+03 -2.442602E-01
  2.439500E+03 -2.251637E-01
  2.440000E+03 -2.030113E-01
  2.440500E+03 -1.780418E-01
  2.441000E+03 -1.505359E-01
  2.441500E+03 -1.208124E-01
  2.442000E+03 -8.922493E-02
  2.442500E+03 -5.615723E-02
  2.443000E+03 -2.201874E-02
  2.443500E+03  1.276089E-02
  2.444000E+03  4.773737E-02
  2.444500E+03  8.245777E-02
  2.445000E+03  1.164667E-01
  2.445500E+03  1.493127E-01
  2.446000E+03  1.805547E-01
  2.446500E+03  2.097684E-01
  2.447000E+03  2.365527E-01
  2.447500E+03  2.605355E-01
  2.448000E+03  2.813798E-01
  2.448500E+03  2.987889E-01
  2.449000E+03  3.125114E-01
  2.449500E+03  3.223452E-01
  2.450000E+03  3.281415E-01
  2.450500E+03  3.298070E-01
  2.451000E+03  3.273066E-01
  2.451500E+03  3.206642E-01
  2.452000E+03  3.099625E-01
  2.452500E+03  2.953430E-01
  2.453000E+03  2.770038E-01
  2.453500E+03  2.551969E-01
  2.454000E+03  2.302249E-01
  2.454500E+03  2.024365E-01
  2.455000E+03  1.722213E-01
  2.455500E+03  1.400034E-01
  2.456000E+03  1.062357E-01
  2.456500E+03  7.139222E-02
  2.457000E+03  3.596076E-02
  2.457500E+03  4.355049E-04
  2.458000E+03 -3.469093E-02
  2.458500E+03 -6.893510E-02
  2.459000E+03 -1.018302E-01
  2.459500E+03 -1.329334E-01
  2.460000E+03 -1.618322E-01
  2.460500E+03 -1.881509E-01
  2.461000E+03 -2.115558E-01
  2.461500E+03 -2.317599E-01
  2.462000E+03 -2.485268E-01
  2.462500E+03 -2.616735E-01
  2.463000E+03 -2.710725E-01
  2.463500E+03 -2.766525E-01
  2.464000E+03 -2.783990E-01
  2.464500E+03 -2.763531E-01
  2.465000E+03 -2.706101E-01
  2.465500E+03 -2.613167E-01
  2.466000E+03 -2.486682E-01
  2.466500E+03 -2.329042E-01
  2.467000E+03 -2.143046E-01
  2.467500E+03 -1.931844E-01
  2.468000E+03 -1.698884E-01
  2.468500E+03 -1.447860E-01
  2.469000E+03 -1.182649E-01
  2.469500E+03 -9.072587E-02
  2.470000E+03 -6.257626E-02
  2.470500E+03 -3.422469E-02
  2.471000E+03 -6.075130E-03
  2.471500E+03  2.147851E-02
  2.472000E+03  4.805761E-02
  2.472500E+03  7.330376E-02
  2.473000E+03  9.688334E-02
  2.473500E+03  1.184917E-01
  2.474000E+03  1.378570E-01
  2.474500E+03  1.547433E-01
  2.475000E+03  1.689539E-01
  2.475500E+03  1.803329E-01
  2.476000E+03  1.887677E-01
  2.476500E+03  1.941900E-01
  2.477000E+03  1.965765E-01
  2.477500E+03  1.959487E-01
  2.478000E+03  1.923729E-01
  2.478500E+03  1.859586E-01
  2.479000E+03  1.768570E-01
  2.479500E+03  1.652588E-01
  2.480000E+03  1.513908E-01
  2.480500E+03  1.355127E-01
  2.481000E+03  1.179128E-01
  2.481500E+03  9.890396E-02
  2.482000E+03  7.881795E-02
  2.482500E+03  5.800054E-02
  2.483000E+03  3.680570E-02
  2.483500E+03  1.558985E-02
  2.484000E+03 -5.294088E-03
  2.484500E+03 -2.550253E-02
  2.485000E+03 -4.470703E-02
  2.485500E+03 -6.259971E-02
  2.486000E+03 -7.889844E-02
  2.486500E+03 -9.335150E-02
  2.487000E+03 -1.057416E-01
  2.487500E+03 -1.158895E-01
  2.488000E+03 -1.236562E-01
  2.488500E+03 -1.289456E-01
  2.489000E+03 -1.317048E-01
  2.489500E+03 -1.319246E-01
  2.490000E+03 -1.296390E-01
  2.490500E+03 -1.249233E-01
  2.491000E+03 -1.178919E-01
  2.491500E+03 -1.086957E-01
  2.492000E+03 -9.751777E-02
  2.492500E+03 -8.456958E-02
  2.493000E+03 -7.008618E-02
  2.493500E+03 -5.432132E-02
  2.494000E+03 -3.754228E-02
  2.494500E+03 -2.002465E-02
  2.495000E+03 -2.047266E-03
  2.495500E+03  1.611274E-02
  2.496000E+03  3.418456E-02
  2.496500E+03  5.190796E-02
  2.497000E+03  6.903701E-02
  2.497500E+03  8.534328E-02
  2.498000E+03  1.006185E-01
  2.498500E+03  1.146766E-01
  2.499000E+03  1.273549E-01
  2.499500E+03  1.385154E-01
  2.500000E+03  1.480447E-01
  2.500500E+03  1.558535E-01
  2.501000E+03  1.618767E-01
  2.501500E+03  1.660715E-01
  2.502000E+03  1.684166E-01
  2.502500E+03  1.689104E-01
  2.503000E+03  1.675694E-01
  2.503500E+03  1.644265E-01
  2.504000E+03  1.595290E-01
  2.504500E+03  1.529373E-01
  2.505000E+03  1.447235E-01
  2.505500E+03  1.349696E-01
  2.506000E+03  1.237668E-01
  2.506500E+03  1.112147E-01
  2.507000E+03  9.742020E-02
  2.507500E+03  8.249744E-02
  2.508000E+03  6.656732E-02
  2.508500E+03  4.975736E-02
  2.509000E+03  3.220166E-02
  2.509500E+03  1.404085E-02
  2.510000E+03 -4.577938E-03
  2.510500E+03 -2.350118E-02
  2.511000E+03 -4.256919E-02
  2.511500E+03 -6.161646E-02
  2.512000E+03 -8.047229E-02
  2.512500E+03 -9.896155E-02
  2.513000E+03 -1.169058E-01
  2.513500E+03 -1.341244E-01
  2.514000E+03 -1.504365E-01
  2.514500E+03 -1.656624E-01
  2.515000E+03 -1.796260E-01
  2.515500E+03 -1.921564E-01
  2.516000E+03 -2.030913E-01
  2.516500E+03 -2.122783E-01
  2.517000E+03 -2.195784E-01
  2.517500E+03 -2.248678E-01
  2.518000E+03 -2.280408E-01
  2.518500E+03 -2.290117E-01
  2.519000E+03 -2.277172E-01
  2.519500E+03 -2.241182E-01
  2.520000E+03 -2.182013E-01
  2.520500E+03 -2.099799E-01
  2.521000E+03 -1.994953E-01
  2.521500E+03 -1.868169E-01
  2.522000E+03 -1.720427E-01
  2.522500E+03 -1.552982E-01
  2.523000E+03 -1.367361E-01
  2.523500E+03 -1.165348E-01
  2.524000E+03 -9.489685E-02
  2.524500E+03 -7.204683E-02
  2.525000E+03 -4.822884E-02
  2.525500E+03 -2.370381E-02
  2.526000E+03  1.253657E-03
  2.526500E+03  2.635861E-02
  2.527000E+03  5.131929E-02
  2.527500E+03  7.584092E-02
  2.528000E+03  9.962953E-02
  2.528500E+03  1.223959E-01
  2.529000E+03  1.438594E-01
  2.529500E+03  1.637522E-01
  2.530000E+03  1.818227E-01
  2.530500E+03  1.978394E-01
  2.531000E+03  2.115943E-01
  2.531500E+03  2.229062E-01
  2.532000E+03  2.316235E-01
  2.532500E+03  2.376269E-01
  2.533000E+03  2.408312E-01
  2.533500E+03  2.411875E-01
  2.534000E+03  2.386838E-01
  2.534500E+03  2.333464E-01
  2.535000E+03  2.252395E-01
  2.535500E+03  2.144650E-01
  2.536000E+03  2.011617E-01
  2.536500E+03  1.855034E-01
  2.537000E+03  1.676973E-01
  2.537500E+03  1.479809E-01
  2.538000E+03  1.266190E-01
  2.538500E+03  1.039003E-01
  2.539000E+03  8.013314E-02
  2.539500E+03  5.564109E-02
  2.540000E+03  3.075841E-02
  2.540500E+03  5.825051E-03
  2.541000E+03 -1.881841E-02
  2.541500E+03 -4.283583E-02
  2.542000E+03 -6.590062E-02
  2.542500E+03 -8.770063E-02
  2.543000E+03 -1.079429E-01
  2.543500E+03 -1.263581E-01
  2.544000E+03 -1.427047E-01
  2.544500E+03 -1.567721E-01
  2.545000E+03 -1.683843E-01
  2.545500E+03 -1.774022E-01
  2.546000E+03 -1.837253E-01
  2.546500E+03 -1.872929E-01
  2.547000E+03 -1.880852E-01
  2.547500E+03 -1.861224E-01
  2.548000E+03 -1.814648E-01
  2.548500E+03 -1.742105E-01
  2.549000E+03 -1.644942E-01
  2.549500E+03 -1.524841E-01
  2.550000E+03 -1.383788E-01
  2.550500E+03 -1.224043E-01
  2.551000E+03 -1.048095E-01
  2.551500E+03 -8.586219E-02
  2.552000E+03 -6.584495E-02
  2.552500E+03 -4.505020E-02
  2.553000E+03 -2.377584E-02
  2.553500E+03 -2.320648E-03
  2.554000E+03  1.902017E-02
  2.554500E+03  3.995922E-02
  2.555000E+03  6.022093E-02
  2.555500E+03  7.954526E-02
  2.556000E+03  9.769107E-02
  2.556500E+03  1.144390E-01
  2.557000E+03  1.295941E-01
  2.557500E+03  1.429877E-01
  2.558000E+03  1.544792E-01
  2.558500E+03  1.639570E-01
  2.559000E+03  1.713392E-01
  2.559500E+03  1.765739E-01
  2.560000E+03  1.796385E-01
  2.560500E+03  1.805396E-01
  2.561000E+03  1.793113E-01
  2.561500E+03  1.760145E-01
  2.562000E+03  1.707342E-01
  2.562500E+03  1.635785E-01
  2.563000E+03  1.546755E-01
  2.563500E+03  1.441715E-01
  2.564000E+03  1.322282E-01
  2.564500E+03  1.190200E-01
  2.565000E+03  1.047314E-01
  2.565500E+03  8.955477E-02
  2.566000E+03  7.368697E-02
  2.566500E+03  5.732743E-02
  2.567000E+03  4.067546E-02
  2.567500E+03  2.392810E-02
  2.568000E+03  7.277901E-03
  2.568500E+03 -9.088901E-03
  2.569000E+03 -2.499419E-02
  2.569500E+03 -4.026945E-02
  2.570000E+03 -5.475711E-02
  2.570500E+03 -6.831167E-02
  2.571000E+03 -8.080055E-02
  2.571500E+03 -9.210487E-02
  2.572000E+03 -1.021199E-01
  2.572500E+03 -1.107556E-01
  2.573000E+03 -1.179365E-01
  2.573500E+03 -1.236022E-01
  2.574000E+03 -1.277069E-01
  2.574500E+03 -1.302195E-01
  2.575000E+03 -1.311234E-01
  2.575500E+03 -1.304162E-01
  2.576000E+03 -1.281092E-01
  2.576500E+03 -1.242272E-01
  2.577000E+03 -1.188081E-01
  2.577500E+03 -1.119023E-01
  2.578000E+03 -1.035725E-01
  2.578500E+03 -9.389332E-02
  2.579000E+03 -8.295041E-02
  2.579500E+03 -7.084044E-02
  2.580000E+03 -5.767036E-02
  2.580500E+03 -4.355693E-02
  2.581000E+03 -2.862611E-02
  2.581500E+03 -1.301242E-02
  2.582000E+03  3.141728E-03
  2.582500E+03  1.968687E-02
  2.583000E+03  3.646734E-02
  2.583500E+03  5.332227E-02
  2.584000E+03  7.008664E-02
  2.584500E+03  8.659250E-02
  2.585000E+03  1.026703E-01
  2.585500E+03  1.181502E-01
  2.586000E+03  1.328638E-01
  2.586500E+03  1.466455E-01
  2.587000E+03  1.593344E-01
  2.587500E+03  1.707761E-01
  2.588000E+03  1.808243E-01
  2.588500E+03  1.893429E-01
  2.589000E+03  1.962075E-01
  2.589500E+03  2.013078E-01
  2.590000E+03  2.045486E-01
  2.590500E+03  2.058523E-01
  2.591000E+03  2.051598E-01
  2.591500E+03  2.024322E-01
  2.592000E+03  1.976520E-01
  2.592500E+03  1.908243E-01
  2.593000E+03  1.819771E-01
  2.593500E+03  1.711624E-01
  2.594000E+03  1.584559E-01
  2.594500E+03  1.439575E-01
  2.595000E+03  1.277904E-01
  2.595500E+03  1.101007E-01
  2.596000E+03  9.105602E-02
  2.596500E+03  7.084463E-02
  2.597000E+03  4.967323E-02
  2.597500E+03  2.776510E-02
  2.598000E+03  5.357738E-03
  2.598500E+03 -1.729986E-02
  2.599000E+03 -3.995005E-02
  2.599500E+03 -6.232975E-02
  2.600000E+03 -8.417372E-02
  2.600500E+03 -1.052181E-01
  2.601000E+03 -1.252040E-01
  2.601500E+03 -1.438812E-01
  2.602000E+03 -1.610115E-01
  2.602500E+03 -1.763728E-01
  2.603000E+03 -1.897622E-01
  2.603500E+03 -2.009993E-01
  2.604000E+03 -2.099294E-01
  2.604500E+03 -2.164262E-01
  2.605000E+03 -2.203941E-01
  2.605500E+03 -2.217704E-01
  2.606000E+03 -2.205266E-01
  2.606500E+03 -2.166696E-01
  2.607000E+03 -2.102422E-01
  2.607500E+03 -2.013235E-01
  2.608000E+03 -1.900274E-01
  2.608500E+03 -1.765025E-01
  2.609000E+03 -1.609297E-01
  2.609500E+03 -1.435205E-01
  2.610000E+03 -1.245138E-01
  2.610500E+03 -1.041731E-01
  2.611000E+03 -8.278236E-02
  2.611500E+03 -6.064240E-02
  2.612000E+03 -3.806630E-02
  2.612500E+03 -1.537481E-02
  2.613000E+03  7.108390E-03
  2.613500E+03  2.906166E-02
  2.614000E+03  5.017026E-02
  2.614500E+03  7.013120E-02
  2.615000E+03  8.865798E-02
  2.615500E+03  1.054850E-01
  2.616000E+03  1.203718E-01
  2.616500E+03  1.331067E-01
  2.617000E+03  1.435105E-01
  2.617500E+03  1.514387E-01
  2.618000E+03  1.567846E-01
  2.618500E+03  1.594802E-01
  2.619000E+03  1.594980E-01
  2.619500E+03  1.568510E-01
  2.620000E+03  1.515928E-01
  2.620500E+03  1.438163E-01
  2.621000E+03  1.336530E-01
  2.621500E+03  1.212701E-01
  2.622000E+03  1.068686E-01
  2.622500E+03  9.067954E-02
  2.623000E+03  7.296064E-02
  2.623500E+03  5.399212E-02
  2.624000E+03  3.407229E-02
  2.624500E+03  1.351278E-02
  2.625000E+03 -7.366385E-03
  2.625500E+03 -2.824186E-02
  2.626000E+03 -4.879215E-02
  2.626500E+03 -6.870265E-02
  2.627000E+03 -8.767064E-02
  2.627500E+03 -1.054101E-01
  2.628000E+03 -1.216561E-01
  2.628500E+03 -1.361689E-01
  2.629000E+03 -1.487380E-01
  2.629500E+03 -1.591847E-01
  2.630000E+03 -1.673654E-01
  2.630500E+03 -1.731729E-01
  2.631000E+03 -1.765386E-01
  2.631500E+03 -1.774326E-01
  2.632000E+03 -1.758638E-01
  2.632500E+03 -1.718795E-01
  2.633000E+03 -1.655637E-01
  2.633500E+03 -1.570354E-01
  2.634000E+03 -1.464457E-01
  2.634500E+03 -1.339749E-01
  2.635000E+03 -1.198285E-01
  2.635500E+03 -1.042335E-01
  2.636000E+03 -8.743338E-02
  2.636500E+03 -6.968411E-02
  2.637000E+03 -5.124884E-02
  2.637500E+03 -3.239325E-02
  2.638000E+03 -1.338077E-02
  2.638500E+03  5.532062E-03
  2.639000E+03  2.409984E-02
  2.639500E+03  4.209228E-02
  2.640000E+03  5.929767E-02
  2.640500E+03  7.552584E-02
  2.641000E+03  9.061051E-02
  2.641500E+03  1.044110E-01
  2.642000E+03  1.168134E-01
  2.642500E+03  1.277309E-01
  2.643000E+03  1.371036E-01
  2.643500E+03  1.448976E-01
  2.644000E+03  1.511038E-01
  2.644500E+03  1.557358E-01
  2.645000E+03  1.588274E-01
  2.645500E+03  1.604306E-01
  2.646000E+03  1.606117E-01
  2.646500E+03  1.594491E-01
  2.647000E+03  1.570296E-01
  2.647500E+03  1.534460E-01
  2.648000E+03  1.487935E-01
  2.648500E+03  1.431676E-01
  2.649000E+03  1.366617E-01
  2.649500E+03  1.293650E-01
  2.650000E+03  1.213616E-01
  2.650500E+03  1.127288E-01
  2.651000E+03  1.035369E-01
  2.651500E+03  9.384962E-02
  2.652000E+03  8.372369E-02
  2.652500E+03  7.321033E-02
  2.653000E+03  6.235613E-02
  2.653500E+03  5.120462E-02
  2.654000E+03  3.979787E-02
  2.654500E+03  2.817830E-02
  2.655000E+03  1.639046E-02
  2.655500E+03  4.482765E-03
  2.656000E+03 -7.490919E-03
  2.656500E+03 -1.946995E-02
  2.657000E+03 -3.138585E-02
  2.657500E+03 -4.316165E-02
  2.658000E+03 -5.471163E-02
  2.658500E+03 -6.594147E-02
  2.659000E+03 -7.674888E-02
  2.659500E+03 -8.702468E-02
  2.660000E+03 -9.665430E-02
  2.660500E+03 -1.055196E-01
  2.661000E+03 -1.135012E-01
  2.661500E+03 -1.204809E-01
  2.662000E+03 -1.263441E-01
  2.662500E+03 -1.309834E-01
  2.663000E+03 -1.343003E-01
  2.663500E+03 -1.362092E-01
  2.664000E+03 -1.366389E-01
  2.664500E+03 -1.355359E-01
  2.665000E+03 -1.328662E-01
  2.665500E+03 -1.286172E-01
  2.666000E+03 -1.227989E-01
  2.666500E+03 -1.154450E-01
  2.667000E+03 -1.066133E-01
  2.667500E+03 -9.638585E-02
  2.668000E+03 -8.486807E-02
  2.668500E+03 -7.218801E-02
  2.669000E+03 -5.849476E-02
  2.669500E+03 -4.395650E-02
  2.670000E+03 -2.875823E-02
  2.670500E+03 -1.309907E-02
  2.671000E+03  2.810705E-03
  2.671500E+03  1.875287E-02
  2.672000E+03  3.450461E-02
  2.672500E+03  4.984204E-02
  2.673000E+03  6.454372E-02
  2.673500E+03  7.839423E-02
  2.674000E+03  9.118757E-02
  2.674500E+03  1.027306E-01
  2.675000E+03  1.128461E-01
  2.675500E+03  1.213757E-01
  2.676000E+03  1.281829E-01
  2.676500E+03  1.331548E-01
  2.677000E+03  1.362048E-01
  2.677500E+03  1.372737E-01
  2.678000E+03  1.363313E-01
  2.678500E+03  1.333772E-01
  2.679000E+03  1.284408E-01
  2.679500E+03  1.215816E-01
  2.680000E+03  1.128887E-01
  2.680500E+03  1.024794E-01
  2.681000E+03  9.049777E-02
  2.681500E+03  7.711318E-02
  2.682000E+03  6.251738E-02
  2.682500E+03  4.692197E-02
  2.683000E+03  3.055521E-02
  2.683500E+03  1.365850E-02
  2.684000E+03 -3.517323E-03
  2.684500E+03 -2.071601E-02
  2.685000E+03 -3.768002E-02
  2.685500E+03 -5.415469E-02
  2.686000E+03 -6.989250E-02
  2.686500E+03 -8.465715E-02
  2.687000E+03 -9.822756E-02
  2.687500E+03 -1.104016E-01
  2.688000E+03 -1.209994E-01
  2.688500E+03 -1.298665E-01
  2.689000E+03 -1.368763E-01
  2.689500E+03 -1.419322E-01
  2.690000E+03 -1.449691E-01
  2.690500E+03 -1.459540E-01
  2.691000E+03 -1.448867E-01
  2.691500E+03 -1.417995E-01
  2.692000E+03 -1.367557E-01
  2.692500E+03 -1.298490E-01
  2.693000E+03 -1.212008E-01
  2.693500E+03 -1.109583E-01
  2.694000E+03 -9.929119E-02
  2.694500E+03 -8.638889E-02
  2.695000E+03 -7.245681E-02
  2.695500E+03 -5.771295E-02
  2.696000E+03 -4.238416E-02
  2.696500E+03 -2.670247E-02
  2.697000E+03 -1.090152E-02
  2.697500E+03  4.786953E-03
  2.698000E+03  2.013635E-02
  2.698500E+03  3.492823E-02
  2.699000E+03  4.895510E-02
  2.699500E+03  6.202282E-02
  2.700000E+03  7.395277E-02
  2.700500E+03  8.458366E-02
  2.701000E+03  9.377309E-02
  2.701500E+03  1.013988E-01
  2.702000E+03  1.073595E-01
  2.702500E+03  1.115760E-01
  2.703000E+03  1.139914E-01
  2.703500E+03  1.145717E-01
  2.704000E+03  1.133059E-01
  2.704500E+03  1.102063E-01
  2.705000E+03  1.053081E-01
  2.705500E+03  9.866983E-02
  2.706000E+03  9.037243E-02
  2.706500E+03  8.051928E-02
  2.707000E+03  6.923535E-02
  2.707500E+03  5.666647E-02
  2.708000E+03  4.297818E-02
  2.708500E+03  2.835441E-02
  2.709000E+03  1.299577E-02
  2.709500E+03 -2.882482E-03
  2.710000E+03 -1.905291E-02
  2.710500E+03 -3.527871E-02
  2.711000E+03 -5.131693E-02
  2.711500E+03 -6.692213E-02
  2.712000E+03 -8.185031E-02
  2.712500E+03 -9.586318E-02
  2.713000E+03 -1.087327E-01
  2.713500E+03 -1.202456E-01
  2.714000E+03 -1.302081E-01
  2.714500E+03 -1.384507E-01
  2.715000E+03 -1.448321E-01
  2.715500E+03 -1.492434E-01
  2.716000E+03 -1.516117E-01
  2.716500E+03 -1.519028E-01
  2.717000E+03 -1.501233E-01
  2.717500E+03 -1.463221E-01
  2.718000E+03 -1.405900E-01
  2.718500E+03 -1.330597E-01
  2.719000E+03 -1.239035E-01
  2.719500E+03 -1.133304E-01
  2.720000E+03 -1.015824E-01
  2.720500E+03 -8.892915E-02
  2.721000E+03 -7.566252E-02
  2.721500E+03 -6.208968E-02
  2.722000E+03 -4.852603E-02
  2.722500E+03 -3.528754E-02
  2.723000E+03 -2.268292E-02
  2.723500E+03 -1.100574E-02
  2.724000E+03 -5.268412E-04
  2.724500E+03  8.512871E-03
  2.725000E+03  1.590893E-02
  2.725500E+03  2.149898E-02
  2.726000E+03  2.516737E-02
  2.726500E+03  2.684859E-02
  2.727000E+03  2.652942E-02
  2.727500E+03  2.424967E-02
  2.728000E+03  2.010150E-02
  2.728500E+03  1.422738E-02
  2.729000E+03  6.816632E-03
  2.729500E+03 -1.899229E-03
  2.730000E+03 -1.165235E-02
  2.730500E+03 -2.214534E-02
  2.731000E+03 -3.305886E-02
  2.731500E+03 -4.405975E-02
  2.732000E+03 -5.480957E-02
  2.732500E+03 -6.497318E-02
  2.733000E+03 -7.422720E-02
  2.733500E+03 -8.226812E-02
  2.734000E+03 -8.881984E-02
  2.734500E+03 -9.364040E-02
  2.735000E+03 -9.652781E-02
  2.735500E+03 -9.732478E-02
  2.736000E+03 -9.592231E-02
  2.736500E+03 -9.226196E-02
  2.737000E+03 -8.633692E-02
  2.737500E+03 -7.819180E-02
  2.738000E+03 -6.792114E-02
  2.738500E+03 -5.566690E-02
  2.739000E+03 -4.161473E-02
  2.739500E+03 -2.598951E-02
  2.740000E+03 -9.049949E-03
  2.740500E+03  8.917325E-03
  2.741000E+03  2.760416E-02
  2.741500E+03  4.668756E-02
  2.742000E+03  6.583648E-02
  2.742500E+03  8.471862E-02
  2.743000E+03  1.030070E-01
  2.743500E+03  1.203860E-01
  2.744000E+03  1.365579E-01
  2.744500E+03  1.512472E-01
  2.745000E+03  1.642063E-01
  2.745500E+03  1.752189E-01
  2.746000E+03  1.841038E-01
  2.746500E+03  1.907176E-01
  2.747000E+03  1.949564E-01
  2.747500E+03  1.967571E-01
  2.748000E+03  1.960984E-01
  2.748500E+03  1.930002E-01
  2.749000E+03  1.875230E-01
  2.749500E+03  1.797667E-01
  2.750000E+03  1.698685E-01
  2.750500E+03  1.580006E-01
  2.751000E+03  1.443673E-01
  2.751500E+03  1.292014E-01
  2.752000E+03  1.127607E-01
  2.752500E+03  9.532344E-02
  2.753000E+03  7.718439E-02
  2.753500E+03  5.864964E-02
  2.754000E+03  4.003183E-02
  2.754500E+03  2.164500E-02
  2.755000E+03  3.799349E-03
  2.755500E+03 -1.320402E-02
  2.756000E+03 -2.907829E-02
  2.756500E+03 -4.355600E-02
  2.757000E+03 -5.639393E-02
  2.757500E+03 -6.737764E-02
  2.758000E+03 -7.632558E-02
  2.758500E+03 -8.309279E-02
  2.759000E+03 -8.757393E-02
  2.759500E+03 -8.970568E-02
  2.760000E+03 -8.946838E-02
  2.760500E+03 -8.688691E-02
  2.761000E+03 -8.203065E-02
  2.761500E+03 -7.501260E-02
  2.762000E+03 -6.598763E-02
  2.762500E+03 -5.514977E-02
  2.763000E+03 -4.272880E-02
  2.763500E+03 -2.898588E-02
  2.764000E+03 -1.420865E-02
  2.764500E+03  1.294411E-03
  2.765000E+03  1.720002E-02
  2.765500E+03  3.317655E-02
  2.766000E+03  4.889060E-02
  2.766500E+03  6.401374E-02
  2.767000E+03  7.822909E-02
  2.767500E+03  9.123758E-02
  2.768000E+03  1.027640E-01
  2.768500E+03  1.125622E-01
  2.769000E+03  1.204201E-01
  2.769500E+03  1.261634E-01
  2.770000E+03  1.296587E-01
  2.770500E+03  1.308161E-01
  2.771000E+03  1.295898E-01
  2.771500E+03  1.259791E-01
  2.772000E+03  1.200274E-01
  2.772500E+03  1.118208E-01
  2.773000E+03  1.014860E-01
  2.773500E+03  8.918696E-02
  2.774000E+03  7.512127E-02
  2.774500E+03  5.951609E-02
  2.775000E+03  4.262334E-02
  2.775500E+03  2.471480E-02
  2.776000E+03  6.077024E-03
  2.776500E+03 -1.299389E-02
  2.777000E+03 -3.219740E-02
  2.777500E+03 -5.123350E-02
  2.778000E+03 -6.980745E-02
  2.778500E+03 -8.763426E-02
  2.779000E+03 -1.044427E-01
  2.779500E+03 -1.199789E-01
  2.780000E+03 -1.340099E-01
  2.780500E+03 -1.463260E-01
  2.781000E+03 -1.567431E-01
  2.781500E+03 -1.651051E-01
  2.782000E+03 -1.712849E-01
  2.782500E+03 -1.751855E-01
  2.783000E+03 -1.767408E-01
  2.783500E+03 -1.759159E-01
  2.784000E+03 -1.727072E-01
  2.784500E+03 -1.671420E-01
  2.785000E+03 -1.592781E-01
  2.785500E+03 -1.492027E-01
  2.786000E+03 -1.370317E-01
  2.786500E+03 -1.229080E-01
  2.787000E+03 -1.070004E-01
  2.787500E+03 -8.950133E-02
  2.788000E+03 -7.062488E-02
  2.788500E+03 -5.060469E-02
  2.789000E+03 -2.969118E-02
  2.789500E+03 -8.148762E-03
  2.790000E+03  1.374726E-02
  2.790500E+03  3.571400E-02
  2.791000E+03  5.746449E-02
  2.791500E+03  7.871143E-02
  2.792000E+03  9.917098E-02
  2.792500E+03  1.185667E-01
  2.793000E+03  1.366336E-01
  2.793500E+03  1.531217E-01
  2.794000E+03  1.678004E-01
  2.794500E+03  1.804616E-01
  2.795000E+03  1.909233E-01
  2.795500E+03  1.990325E-01
  2.796000E+03  2.046682E-01
  2.796500E+03  2.077429E-01
  2.797000E+03  2.082052E-01
  2.797500E+03  2.060398E-01
  2.798000E+03  2.012691E-01
  2.798500E+03  1.939524E-01
  2.799000E+03  1.841854E-01
  2.799500E+03  1.720990E-01
  2.800000E+03  1.578575E-01
  2.800500E+03  1.416559E-01
  2.801000E+03  1.237174E-01
  2.801500E+03  1.042901E-01
  2.802000E+03  8.364319E-02
  2.802500E+03  6.206309E-02
  2.803000E+03  3.984956E-02
  2.803500E+03  1.731135E-02
  2.804000E+03 -5.238001E-03
  2.804500E+03 -2.748439E-02
  2.805000E+03 -4.911726E-02
  2.805500E+03 -6.983361E-02
  2.806000E+03 -8.934173E-02
  2.806500E+03 -1.073648E-01
  2.807000E+03 -1.236443E-01
  2.807500E+03 -1.379427E-01
  2.808000E+03 -1.500466E-01
  2.808500E+03 -1.597689E-01
  2.809000E+03 -1.669513E-01
  2.809500E+03 -1.714657E-01
  2.810000E+03 -1.732162E-01
  2.810500E+03 -1.721404E-01
  2.811000E+03 -1.682102E-01
  2.811500E+03 -1.614333E-01
  2.812000E+03 -1.518527E-01
  2.812500E+03 -1.395481E-01
  2.813000E+03 -1.246352E-01
  2.813500E+03 -1.072656E-01
  2.814000E+03 -8.762622E-02
  2.814500E+03 -6.593818E-02
  2.815000E+03 -4.245552E-02
  2.815500E+03 -1.746329E-02
  2.816000E+03  8.724710E-03
  2.816500E+03  3.576870E-02
  2.817000E+03  6.330621E-02
  2.817500E+03  9.095590E-02
  2.818000E+03  1.183218E-01
  2.818500E+03  1.449983E-01
  2.819000E+03  1.705752E-01
  2.819500E+03  1.946436E-01
  2.820000E+03  2.168019E-01
  2.820500E+03  2.366623E-01
  2.821000E+03  2.538571E-01
  2.821500E+03  2.680456E-01
  2.822000E+03  2.789204E-01
  2.822500E+03  2.862141E-01
  2.823000E+03  2.897049E-01
  2.823500E+03  2.892228E-01
  2.824000E+03  2.846539E-01
  2.824500E+03  2.759452E-01
  2.825000E+03  2.631075E-01
  2.825500E+03  2.462180E-01
  2.826000E+03  2.254211E-01
  2.826500E+03  2.009291E-01
  2.827000E+03  1.730199E-01
  2.827500E+03  1.420356E-01
  2.828000E+03  1.083779E-01
  2.828500E+03  7.250308E-02
  2.829000E+03  3.491605E-02
  2.829500E+03 -3.837442E-03
  2.830000E+03 -4.317914E-02
  2.830500E+03 -8.250765E-02
  2.831000E+03 -1.212085E-01
  2.831500E+03 -1.586647E-01
  2.832000E+03 -1.942677E-01
  2.832500E+03 -2.274285E-01
  2.833000E+03 -2.575886E-01
  2.833500E+03 -2.842305E-01
  2.834000E+03 -3.068880E-01
  2.834500E+03 -3.251553E-01
  2.835000E+03 -3.386955E-01
  2.835500E+03 -3.472481E-01
  2.836000E+03 -3.506343E-01
  2.836500E+03 -3.487619E-01
  2.837000E+03 -3.416281E-01
  2.837500E+03 -3.293208E-01
  2.838000E+03 -3.120178E-01
  2.838500E+03 -2.899850E-01
  2.839000E+03 -2.635723E-01
  2.839500E+03 -2.332080E-01
  2.840000E+03 -1.993920E-01
  2.840500E+03 -1.626868E-01
  2.841000E+03 -1.237083E-01
  2.841500E+03 -8.311431E-02
  2.842000E+03 -4.159306E-02
  2.842500E+03  1.492906E-04
  2.843000E+03  4.140163E-02
  2.843500E+03  8.146091E-02
  2.844000E+03  1.196452E-01
  2.844500E+03  1.553062E-01
  2.845000E+03  1.878416E-01
  2.845500E+03  2.167060E-01
  2.846000E+03  2.414209E-01
  2.846500E+03  2.615844E-01
  2.847000E+03  2.768776E-01
  2.847500E+03  2.870710E-01
  2.848000E+03  2.920288E-01
  2.848500E+03  2.917106E-01
  2.849000E+03  2.861722E-01
  2.849500E+03  2.755643E-01
  2.850000E+03  2.601288E-01
  2.850500E+03  2.401944E-01
  2.851000E+03  2.161693E-01
  2.851500E+03  1.885335E-01
  2.852000E+03  1.578291E-01
  2.852500E+03  1.246496E-01
  2.853000E+03  8.962868E-02
  2.853500E+03  5.342743E-02
  2.854000E+03  1.672215E-02
  2.854500E+03 -1.980862E-02
  2.855000E+03 -5.549675E-02
  2.855500E+03 -8.969683E-02
  2.856000E+03 -1.217979E-01
  2.856500E+03 -1.512344E-01
  2.857000E+03 -1.774958E-01
  2.857500E+03 -2.001354E-01
  2.858000E+03 -2.187776E-01
  2.858500E+03 -2.331235E-01
  2.859000E+03 -2.429549E-01
  2.859500E+03 -2.481376E-01
  2.860000E+03 -2.486214E-01
  2.860500E+03 -2.444399E-01
  2.861000E+03 -2.357084E-01
  2.861500E+03 -2.226200E-01
  2.862000E+03 -2.054404E-01
  2.862500E+03 -1.845020E-01
  2.863000E+03 -1.601966E-01
  2.863500E+03 -1.329669E-01
  2.864000E+03 -1.032981E-01
  2.864500E+03 -7.170856E-02
  2.865000E+03 -3.873983E-02
  2.865500E+03 -4.947352E-03
  2.866000E+03  2.910931E-02
  2.866500E+03  6.287582E-02
  2.867000E+03  9.581205E-02
  2.867500E+03  1.274004E-01
  2.868000E+03  1.571537E-01
  2.868500E+03  1.846220E-01
  2.869000E+03  2.093988E-01
  2.869500E+03  2.311261E-01
  2.870000E+03  2.494990E-01
  2.870500E+03  2.642686E-01
  2.871000E+03  2.752446E-01
  2.871500E+03  2.822966E-01
  2.872000E+03  2.853545E-01
  2.872500E+03  2.844079E-01
  2.873000E+03  2.795054E-01
  2.873500E+03  2.707519E-01
  2.874000E+03  2.583061E-01
  2.874500E+03  2.423772E-01
  2.875000E+03  2.232210E-01
  2.875500E+03  2.011351E-01
  2.876000E+03  1.764543E-01
  2.876500E+03  1.495452E-01
  2.877000E+03  1.208010E-01
  2.877500E+03  9.063529E-02
  2.878000E+03  5.947675E-02
  2.878500E+03  2.776282E-02
  2.879000E+03 -4.066005E-03
  2.879500E+03 -3.557213E-02
  2.880000E+03 -6.632651E-02
  2.880500E+03 -9.591428E-02
  2.881000E+03 -1.239400E-01
  2.881500E+03 -1.500325E-01
  2.882000E+03 -1.738500E-01
  2.882500E+03 -1.950836E-01
  2.883000E+03 -2.134618E-01
  2.883500E+03 -2.287530E-01
  2.884000E+03 -2.407689E-01
  2.884500E+03 -2.493661E-01
  2.885000E+03 -2.544478E-01
  2.885500E+03 -2.559648E-01
  2.886000E+03 -2.539156E-01
  2.886500E+03 -2.483461E-01
  2.887000E+03 -2.393483E-01
  2.887500E+03 -2.270592E-01
  2.888000E+03 -2.116582E-01
  2.888500E+03 -1.933644E-01
  2.889000E+03 -1.724332E-01
  2.889500E+03 -1.491532E-01
  2.890000E+03 -1.238412E-01
  2.890500E+03 -9.683853E-02
  2.891000E+03 -6.850598E-02
  2.891500E+03 -3.921908E-02
  2.892000E+03 -9.363074E-03
  2.892500E+03  2.067203E-02
  2.893000E+03  5.049649E-02
  2.893500E+03  7.972565E-02
  2.894000E+03  1.079847E-01
  2.894500E+03  1.349132E-01
  2.895000E+03  1.601693E-01
  2.895500E+03  1.834337E-01
  2.896000E+03  2.044131E-01
  2.896500E+03  2.228440E-01
  2.897000E+03  2.384949E-01
  2.897500E+03  2.511691E-01
  2.898000E+03  2.607068E-01
  2.898500E+03  2.669869E-01
  2.899000E+03  2.699280E-01
  2.899500E+03  2.694895E-01
  2.900000E+03  2.656719E-01
  2.900500E+03  2.585171E-01
  2.901000E+03  2.481081E-01
  2.901500E+03  2.345682E-01
  2.902000E+03  2.180599E-01
  2.902500E+03  1.987837E-01
  2.903000E+03  1.769762E-01
  2.903500E+03  1.529078E-01
  2.904000E+03  1.268801E-01
  2.904500E+03  9.922303E-02
  2.905000E+03  7.029155E-02
  2.905500E+03  4.046165E-02
  2.906000E+03  1.012638E-02
  2.906500E+03 -2.030870E-02
  2.907000E+03 -5.043036E-02
  2.907500E+03 -7.982284E-02
  2.908000E+03 -1.080733E-01
  2.908500E+03 -1.347776E-01
  2.909000E+03 -1.595458E-01
  2.909500E+03 -1.820083E-01
  2.910000E+03 -2.018220E-01
  2.910500E+03 -2.186754E-01
  2.911000E+03 -2.322949E-01
  2.911500E+03 -2.424498E-01
  2.912000E+03 -2.489574E-01
  2.912500E+03 -2.516869E-01
  2.913000E+03 -2.505638E-01
  2.913500E+03 -2.455722E-01
  2.914000E+03 -2.367574E-01
  2.914500E+03 -2.242267E-01
  2.915000E+03 -2.081495E-01
  2.915500E+03 -1.887564E-01
  2.916000E+03 -1.663370E-01
  2.916500E+03 -1.412363E-01
  2.917000E+03 -1.138506E-01
  2.917500E+03 -8.462167E-02
  2.918000E+03 -5.402987E-02
  2.918500E+03 -2.258672E-02
  2.919000E+03  9.173780E-03
  2.919500E+03  4.070443E-02
  2.920000E+03  7.145468E-02
  2.920500E+03  1.008808E-01
  2.921000E+03  1.284565E-01
  2.921500E+03  1.536829E-01
  2.922000E+03  1.760989E-01
  2.922500E+03  1.952911E-01
  2.923000E+03  2.109018E-01
  2.923500E+03  2.226380E-01
  2.924000E+03  2.302776E-01
  2.924500E+03  2.336749E-01
  2.925000E+03  2.327650E-01
  2.925500E+03  2.275661E-01
  2.926000E+03  2.181803E-01
  2.926500E+03  2.047922E-01
  2.927000E+03  1.876667E-01
  2.927500E+03  1.671444E-01
  2.928000E+03  1.436349E-01
  2.928500E+03  1.176096E-01
  2.929000E+03  8.959239E-02
  2.929500E+03  6.014895E-02
  2.930000E+03  2.987561E-02
  2.930500E+03 -6.130462E-04
  2.931000E+03 -3.069685E-02
  2.931500E+03 -5.976305E-02
  2.932000E+03 -8.721922E-02
  2.932500E+03 -1.125057E-01
  2.933000E+03 -1.351077E-01
  2.933500E+03 -1.545660E-01
  2.934000E+03 -1.704869E-01
  2.934500E+03 -1.825502E-01
  2.935000E+03 -1.905166E-01
  2.935500E+03 -1.942319E-01
  2.936000E+03 -1.936307E-01
  2.936500E+03 -1.887367E-01
  2.937000E+03 -1.796627E-01
  2.937500E+03 -1.666068E-01
  2.938000E+03 -1.498483E-01
  2.938500E+03 -1.297408E-01
  2.939000E+03 -1.067040E-01
  2.939500E+03 -8.121426E-02
  2.940000E+03 -5.379363E-02
  2.940500E+03 -2.499827E-02
  2.941000E+03  4.593947E-03
  2.941500E+03  3.439614E-02
  2.942000E+03  6.382511E-02
  2.942500E+03  9.231387E-02
  2.943000E+03  1.193235E-01
  2.943500E+03  1.443544E-01
  2.944000E+03  1.669560E-01
  2.944500E+03  1.867361E-01
  2.945000E+03  2.033675E-01
  2.945500E+03  2.165940E-01
  2.946000E+03  2.262347E-01
  2.946500E+03  2.321854E-01
  2.947000E+03  2.344199E-01
  2.947500E+03  2.329879E-01
  2.948000E+03  2.280127E-01
  2.948500E+03  2.196860E-01
  2.949000E+03  2.082624E-01
  2.949500E+03  1.940520E-01
  2.950000E+03  1.774121E-01
  2.950500E+03  1.587383E-01
  2.951000E+03  1.384548E-01
  2.951500E+03  1.170042E-01
  2.952000E+03  9.483815E-02
  2.952500E+03  7.240667E-02
  2.953000E+03  5.014914E-02
  2.953500E+03  2.848518E-02
  2.954000E+03  7.806550E-03
  2.954500E+03 -1.153014E-02
  2.955000E+03 -2.920953E-02
  2.955500E+03 -4.496258E-02
  2.956000E+03 -5.857031E-02
  2.956500E+03 -6.986630E-02
  2.957000E+03 -7.873794E-02
  2.957500E+03 -8.512637E-02
  2.958000E+03 -8.902530E-02
  2.958500E+03 -9.047865E-02
  2.959000E+03 -8.957717E-02
  2.959500E+03 -8.645427E-02
  2.960000E+03 -8.128094E-02
  2.960500E+03 -7.426021E-02
  2.961000E+03 -6.562111E-02
  2.961500E+03 -5.561230E-02
  2.962000E+03 -4.449569E-02
  2.962500E+03 -3.253998E-02
  2.963000E+03 -2.001450E-02
  2.963500E+03 -7.183254E-03
  2.964000E+03  5.700493E-03
  2.964500E+03  1.839910E-02
  2.965000E+03  3.069482E-02
  2.965500E+03  4.239328E-02
  2.966000E+03  5.332629E-02
  2.966500E+03  6.335373E-02
  2.967000E+03  7.236477E-02
  2.967500E+03  8.027817E-02
  2.968000E+03  8.704192E-02
  2.968500E+03  9.263207E-02
  2.969000E+03  9.705098E-02
  2.969500E+03  1.003250E-01
  2.970000E+03  1.025016E-01
  2.970500E+03  1.036464E-01
  2.971000E+03  1.038393E-01
  2.971500E+03  1.031713E-01
  2.972000E+03  1.017407E-01
  2.972500E+03  9.964952E-02
  2.973000E+03  9.700024E-02
  2.973500E+03  9.389249E-02
  2.974000E+03  9.042044E-02
  2.974500E+03  8.667048E-02
  2.975000E+03  8.271932E-02
  2.975500E+03  7.863277E-02
  2.976000E+03  7.446491E-02
  2.976500E+03  7.025794E-02
  2.977000E+03  6.604249E-02
  2.977500E+03  6.183848E-02
  2.978000E+03  5.765637E-02
  2.978500E+03  5.349884E-02
  2.979000E+03  4.936279E-02
  2.979500E+03  4.524150E-02
  2.980000E+03  4.112694E-02
  2.980500E+03  3.701208E-02
  2.981000E+03  3.289311E-02
  2.981500E+03  2.877150E-02
  2.982000E+03  2.465571E-02
  2.982500E+03  2.056263E-02
  2.983000E+03  1.651849E-02
  2.983500E+03  1.255937E-02
  2.984000E+03  8.731114E-03
  2.984500E+03  5.088767E-03
  2.985000E+03  1.695464E-03
  2.985500E+03 -1.379189E-03
  2.986000E+03 -4.061172E-03
  2.986500E+03 -6.274501E-03
  2.987000E+03 -7.943971E-03
  2.987500E+03 -8.998101E-03
  2.988000E+03 -9.372173E-03
  2.988500E+03 -9.011243E-03
  2.989000E+03 -7.873008E-03
  2.989500E+03 -5.930418E-03
  2.990000E+03 -3.173910E-03
  2.990500E+03  3.868265E-04
  2.991000E+03  4.721633E-03
  2.991500E+03  9.779300E-03
  2.992000E+03  1.548764E-02
  2.992500E+03  2.175428E-02
  2.993000E+03  2.846810E-02
  2.993500E+03  3.550135E-02
  2.994000E+03  4.271243E-02
  2.994500E+03  4.994911E-02
  2.995000E+03  5.705229E-02
  2.995500E+03  6.386000E-02
  2.996000E+03  7.021166E-02
  2.996500E+03  7.595243E-02
  2.997000E+03  8.093735E-02
  2.997500E+03  8.503547E-02
  2.998000E+03  8.813345E-02
  2.998500E+03  9.013878E-02
  2.999000E+03  9.098239E-02
  2.999500E+03  9.062063E-02
  3.000000E+03  8.903645E-02
  3.000500E+03  8.623983E-02
  3.001000E+03  8.226743E-02
  3.001500E+03  7.718144E-02
  3.002000E+03  7.106766E-02
  3.002500E+03  6.403299E-02
  3.003000E+03  5.620219E-02
  3.003500E+03  4.771431E-02
  3.004000E+03  3.871861E-02
  3.004500E+03  2.937039E-02
  3.005000E+03  1.982663E-02
  3.005500E+03  1.024178E-02
  3.006000E+03  7.636997E-04
  3.006500E+03 -8.470071E-03
  3.007000E+03 -1.733553E-02
  3.007500E+03 -2.572491E-02
  3.008000E+03 -3.354877E-02
  3.008500E+03 -4.073731E-02
  3.009000E+03 -4.724103E-02
  3.009500E+03 -5.303061E-02
  3.010000E+03 -5.809610E-02
  3.010500E+03 -6.244544E-02
  3.011000E+03 -6.610237E-02
  3.011500E+03 -6.910381E-02
  3.012000E+03 -7.149693E-02
  3.012500E+03 -7.333576E-02
  3.013000E+03 -7.467786E-02
  3.013500E+03 -7.558080E-02
  3.014000E+03 -7.609881E-02
  3.014500E+03 -7.627968E-02
  3.015000E+03 -7.616202E-02
  3.015500E+03 -7.577291E-02
  3.016000E+03 -7.512619E-02
  3.016500E+03 -7.422129E-02
  3.017000E+03 -7.304279E-02
  3.017500E+03 -7.156057E-02
  3.018000E+03 -6.973075E-02
  3.018500E+03 -6.749720E-02
  3.019000E+03 -6.479372E-02
  3.019500E+03 -6.154674E-02
  3.020000E+03 -5.767850E-02
  3.020500E+03 -5.311058E-02
  3.021000E+03 -4.776769E-02
  3.021500E+03 -4.158156E-02
  3.022000E+03 -3.449492E-02
  3.022500E+03 -2.646521E-02
  3.023000E+03 -1.746819E-02
  3.023500E+03 -7.501087E-03
  3.024000E+03  3.414695E-03
  3.024500E+03  1.523146E-02
  3.025000E+03  2.787376E-02
  3.025500E+03  4.123761E-02
  3.026000E+03  5.519060E-02
  3.026500E+03  6.957261E-02
  3.027000E+03  8.419752E-02
  3.027500E+03  9.885559E-02
  3.028000E+03  1.133166E-01
  3.028500E+03  1.273338E-01
  3.029000E+03  1.406483E-01
  3.029500E+03  1.529941E-01
  3.030000E+03  1.641034E-01
  3.030500E+03  1.737129E-01
  3.031000E+03  1.815691E-01
  3.031500E+03  1.874343E-01
  3.032000E+03  1.910931E-01
  3.032500E+03  1.923573E-01
  3.033000E+03  1.910718E-01
  3.033500E+03  1.871189E-01
  3.034000E+03  1.804227E-01
  3.034500E+03  1.709523E-01
  3.035000E+03  1.587245E-01
  3.035500E+03  1.438052E-01
  3.036000E+03  1.263103E-01
  3.036500E+03  1.064051E-01
  3.037000E+03  8.430268E-02
  3.037500E+03  6.026175E-02
  3.038000E+03  3.458280E-02
  3.038500E+03  7.603774E-03
  3.039000E+03 -2.030539E-02
  3.039500E+03 -4.874884E-02
  3.040000E+03 -7.731167E-02
  3.040500E+03 -1.055672E-01
  3.041000E+03 -1.330847E-01
  3.041500E+03 -1.594373E-01
  3.042000E+03 -1.842097E-01
  3.042500E+03 -2.070060E-01
  3.043000E+03 -2.274572E-01
  3.043500E+03 -2.452279E-01
  3.044000E+03 -2.600228E-01
  3.044500E+03 -2.715917E-01
  3.045000E+03 -2.797343E-01
  3.045500E+03 -2.843036E-01
  3.046000E+03 -2.852081E-01
  3.046500E+03 -2.824132E-01
  3.047000E+03 -2.759414E-01
  3.047500E+03 -2.658705E-01
  3.048000E+03 -2.523324E-01
  3.048500E+03 -2.355091E-01
  3.049000E+03 -2.156287E-01
  3.049500E+03 -1.929610E-01
  3.050000E+03 -1.678112E-01
  3.050500E+03 -1.405141E-01
  3.051000E+03 -1.114278E-01
  3.051500E+03 -8.092696E-02
  3.052000E+03 -4.939622E-02
  3.052500E+03 -1.722388E-02
  3.053000E+03  1.520424E-02
  3.053500E+03  4.751039E-02
  3.054000E+03  7.932996E-02
  3.054500E+03  1.103159E-01
  3.055000E+03  1.401423E-01
  3.055500E+03  1.685073E-01
  3.056000E+03  1.951355E-01
  3.056500E+03  2.197790E-01
  3.057000E+03  2.422184E-01
  3.057500E+03  2.622627E-01
  3.058000E+03  2.797489E-01
  3.058500E+03  2.945412E-01
  3.059000E+03  3.065296E-01
  3.059500E+03  3.156288E-01
  3.060000E+03  3.217763E-01
  3.060500E+03  3.249315E-01
  3.061000E+03  3.250735E-01
  3.061500E+03  3.222008E-01
  3.062000E+03  3.163302E-01
  3.062500E+03  3.074961E-01
  3.063000E+03  2.957504E-01
  3.063500E+03  2.811629E-01
  3.064000E+03  2.638220E-01
  3.064500E+03  2.438348E-01
  3.065000E+03  2.213290E-01
  3.065500E+03  1.964537E-01
  3.066000E+03  1.693806E-01
  3.066500E+03  1.403050E-01
  3.067000E+03  1.094474E-01
  3.067500E+03  7.705324E-02
  3.068000E+03  4.339390E-02
  3.068500E+03  8.766016E-03
  3.069000E+03 -2.650933E-02
  3.069500E+03 -6.208813E-02
  3.070000E+03 -9.760574E-02
  3.070500E+03 -1.326799E-01
  3.071000E+03 -1.669146E-01
  3.071500E+03 -1.999042E-01
  3.072000E+03 -2.312389E-01
  3.072500E+03 -2.605104E-01
  3.073000E+03 -2.873177E-01
  3.073500E+03 -3.112741E-01
  3.074000E+03 -3.320134E-01
  3.074500E+03 -3.491971E-01
  3.075000E+03 -3.625209E-01
  3.075500E+03 -3.717211E-01
  3.076000E+03 -3.765807E-01
  3.076500E+03 -3.769348E-01
  3.077000E+03 -3.726753E-01
  3.077500E+03 -3.637549E-01
  3.078000E+03 -3.501901E-01
  3.078500E+03 -3.320629E-01
  3.079000E+03 -3.095221E-01
  3.079500E+03 -2.827824E-01
  3.080000E+03 -2.521236E-01
  3.080500E+03 -2.178873E-01
  3.081000E+03 -1.804739E-01
  3.081500E+03 -1.403369E-01
  3.082000E+03 -9.797801E-02
  3.082500E+03 -5.393969E-02
  3.083000E+03 -8.797992E-03
  3.083500E+03  3.684578E-02
  3.084000E+03  8.237379E-02
  3.084500E+03  1.271609E-01
  3.085000E+03  1.705839E-01
  3.085500E+03  2.120313E-01
  3.086000E+03  2.509124E-01
  3.086500E+03  2.866669E-01
  3.087000E+03  3.187733E-01
  3.087500E+03  3.467578E-01
  3.088000E+03  3.702011E-01
  3.088500E+03  3.887463E-01
  3.089000E+03  4.021039E-01
  3.089500E+03  4.100573E-01
  3.090000E+03  4.124665E-01
  3.090500E+03  4.092708E-01
  3.091000E+03  4.004896E-01
  3.091500E+03  3.862236E-01
  3.092000E+03  3.666525E-01
  3.092500E+03  3.420333E-01
  3.093000E+03  3.126962E-01
  3.093500E+03  2.790396E-01
  3.094000E+03  2.415242E-01
  3.094500E+03  2.006660E-01
  3.095000E+03  1.570276E-01
  3.095500E+03  1.112103E-01
  3.096000E+03  6.384393E-02
  3.096500E+03  1.557710E-02
  3.097000E+03 -3.293277E-02
  3.097500E+03 -8.102991E-02
  3.098000E+03 -1.280703E-01
  3.098500E+03 -1.734315E-01
  3.099000E+03 -2.165219E-01
  3.099500E+03 -2.567897E-01
  3.100000E+03 -2.937304E-01
  3.100500E+03 -3.268938E-01
  3.101000E+03 -3.558896E-01
  3.101500E+03 -3.803924E-01
  3.102000E+03 -4.001443E-01
  3.102500E+03 -4.149577E-01
  3.103000E+03 -4.247154E-01
  3.103500E+03 -4.293703E-01
  3.104000E+03 -4.289437E-01
  3.104500E+03 -4.235227E-01
  3.105000E+03 -4.132558E-01
  3.105500E+03 -3.983489E-01
  3.106000E+03 -3.790598E-01
  3.106500E+03 -3.556919E-01
  3.107000E+03 -3.285888E-01
  3.107500E+03 -2.981273E-01
  3.108000E+03 -2.647115E-01
  3.108500E+03 -2.287661E-01
  3.109000E+03 -1.907309E-01
  3.109500E+03 -1.510548E-01
  3.110000E+03 -1.101911E-01
  3.110500E+03 -6.859262E-02
  3.111000E+03 -2.670776E-02
  3.111500E+03  1.502289E-02
  3.112000E+03  5.616956E-02
  3.112500E+03  9.631575E-02
  3.113000E+03  1.350603E-01
  3.113500E+03  1.720190E-01
  3.114000E+03  2.068263E-01
  3.114500E+03  2.391368E-01
  3.115000E+03  2.686261E-01
  3.115500E+03  2.949931E-01
  3.116000E+03  3.179611E-01
  3.116500E+03  3.372798E-01
  3.117000E+03  3.527279E-01
  3.117500E+03  3.641148E-01
  3.118000E+03  3.712844E-01
  3.118500E+03  3.741170E-01
  3.119000E+03  3.725336E-01
  3.119500E+03  3.664982E-01
  3.120000E+03  3.560217E-01
  3.120500E+03  3.411645E-01
  3.121000E+03  3.220391E-01
  3.121500E+03  2.988127E-01
  3.122000E+03  2.717083E-01
  3.122500E+03  2.410052E-01
  3.123000E+03  2.070389E-01
  3.123500E+03  1.701995E-01
  3.124000E+03  1.309292E-01
  3.124500E+03  8.971801E-02
  3.125000E+03  4.709912E-02
  3.125500E+03  3.641953E-03
  3.126000E+03 -4.005512E-02
  3.126500E+03 -8.337359E-02
  3.127000E+03 -1.256844E-01
  3.127500E+03 -1.663581E-01
  3.128000E+03 -2.047761E-01
  3.128500E+03 -2.403414E-01
  3.129000E+03 -2.724900E-01
  3.129500E+03 -3.007015E-01
  3.130000E+03 -3.245095E-01
  3.130500E+03 -3.435114E-01
  3.131000E+03 -3.573760E-01
  3.131500E+03 -3.658517E-01
  3.132000E+03 -3.687710E-01
  3.132500E+03 -3.660552E-01
  3.133000E+03 -3.577159E-01
  3.133500E+03 -3.438560E-01
  3.134000E+03 -3.246674E-01
  3.134500E+03 -3.004279E-01
  3.135000E+03 -2.714959E-01
  3.135500E+03 -2.383038E-01
  3.136000E+03 -2.013494E-01
  3.136500E+03 -1.611867E-01
  3.137000E+03 -1.184151E-01
  3.137500E+03 -7.366845E-02
  3.138000E+03 -2.760304E-02
  3.138500E+03  1.911412E-02
  3.139000E+03  6.581718E-02
  3.139500E+03  1.118529E-01
  3.140000E+03  1.565915E-01
  3.140500E+03  1.994366E-01
  3.141000E+03  2.398343E-01
  3.141500E+03  2.772811E-01
  3.142000E+03  3.113302E-01
  3.142500E+03  3.415967E-01
  3.143000E+03  3.677618E-01
  3.143500E+03  3.895743E-01
  3.144000E+03  4.068524E-01
  3.144500E+03  4.194831E-01
  3.145000E+03  4.274203E-01
  3.145500E+03  4.306830E-01
  3.146000E+03  4.293511E-01
  3.146500E+03  4.235614E-01
  3.147000E+03  4.135025E-01
  3.147500E+03  3.994097E-01
  3.148000E+03  3.815588E-01
  3.148500E+03  3.602609E-01
  3.149000E+03  3.358556E-01
  3.149500E+03  3.087058E-01
  3.150000E+03  2.791918E-01
  3.150500E+03  2.477057E-01
  3.151000E+03  2.146466E-01
  3.151500E+03  1.804154E-01
  3.152000E+03  1.454109E-01
  3.152500E+03  1.100254E-01
  3.153000E+03  7.464119E-02
  3.153500E+03  3.962738E-02
  3.154000E+03  5.336939E-03
  3.154500E+03 -2.789586E-02
  3.155000E+03 -5.975773E-02
  3.155500E+03 -8.995836E-02
  3.156000E+03 -1.182322E-01
  3.156500E+03 -1.443398E-01
  3.157000E+03 -1.680695E-01
  3.157500E+03 -1.892383E-01
  3.158000E+03 -2.076928E-01
  3.158500E+03 -2.233098E-01
  3.159000E+03 -2.359972E-01
  3.159500E+03 -2.456941E-01
  3.160000E+03 -2.523707E-01
  3.160500E+03 -2.560287E-01
  3.161000E+03 -2.567002E-01
  3.161500E+03 -2.544477E-01
  3.162000E+03 -2.493628E-01
  3.162500E+03 -2.415651E-01
  3.163000E+03 -2.312008E-01
  3.163500E+03 -2.184407E-01
  3.164000E+03 -2.034787E-01
  3.164500E+03 -1.865290E-01
  3.165000E+03 -1.678242E-01
  3.165500E+03 -1.476122E-01
  3.166000E+03 -1.261536E-01
  3.166500E+03 -1.037189E-01
  3.167000E+03 -8.058548E-02
  3.167500E+03 -5.703424E-02
  3.168000E+03 -3.334693E-02
  3.168500E+03 -9.802924E-03
  3.169000E+03  1.332372E-02
  3.169500E+03  3.576715E-02
  3.170000E+03  5.727246E-02
  3.170500E+03  7.759837E-02
  3.171000E+03  9.651965E-02
  3.171500E+03  1.138294E-01
  3.172000E+03  1.293411E-01
  3.172500E+03  1.428905E-01
  3.173000E+03  1.543374E-01
  3.173500E+03  1.635668E-01
  3.174000E+03  1.704902E-01
  3.174500E+03  1.750465E-01
  3.175000E+03  1.772026E-01
  3.175500E+03  1.769539E-01
  3.176000E+03  1.743242E-01
  3.176500E+03  1.693655E-01
  3.177000E+03  1.621576E-01
  3.177500E+03  1.528072E-01
  3.178000E+03  1.414468E-01
  3.178500E+03  1.282331E-01
  3.179000E+03  1.133454E-01
  3.179500E+03  9.698337E-02
  3.180000E+03  7.936463E-02
  3.180500E+03  6.072215E-02
  3.181000E+03  4.130125E-02
  3.181500E+03  2.135641E-02
  3.182000E+03  1.147935E-03
  3.182500E+03 -1.906162E-02
  3.183000E+03 -3.901100E-02
  3.183500E+03 -5.844393E-02
  3.184000E+03 -7.711271E-02
  3.184500E+03 -9.478173E-02
  3.185000E+03 -1.112309E-01
  3.185500E+03 -1.262585E-01
  3.186000E+03 -1.396847E-01
  3.186500E+03 -1.513531E-01
  3.187000E+03 -1.611336E-01
  3.187500E+03 -1.689239E-01
  3.188000E+03 -1.746503E-01
  3.188500E+03 -1.782689E-01
  3.189000E+03 -1.797653E-01
  3.189500E+03 -1.791546E-01
  3.190000E+03 -1.764804E-01
  3.190500E+03 -1.718137E-01
  3.191000E+03 -1.652507E-01
  3.191500E+03 -1.569113E-01
  3.192000E+03 -1.469359E-01
  3.192500E+03 -1.354835E-01
  3.193000E+03 -1.227281E-01
  3.193500E+03 -1.088561E-01
  3.194000E+03 -9.406259E-02
  3.194500E+03 -7.854904E-02
  3.195000E+03 -6.251956E-02
  3.195500E+03 -4.617827E-02
  3.196000E+03 -2.972649E-02
  3.196500E+03 -1.336013E-02
  3.197000E+03  2.732561E-03
  3.197500E+03  1.837307E-02
  3.198000E+03  3.339442E-02
  3.198500E+03  4.764266E-02
  3.199000E+03  6.097810E-02
  3.199500E+03  7.327636E-02
  3.200000E+03  8.442907E-02
  3.200500E+03  9.434448E-02
  3.201000E+03  1.029479E-01
  3.201500E+03  1.101817E-01
  3.202000E+03  1.160059E-01
  3.202500E+03  1.203978E-01
  3.203000E+03  1.233522E-01
  3.203500E+03  1.248808E-01
  3.204000E+03  1.250130E-01
  3.204500E+03  1.237946E-01
  3.205000E+03  1.212883E-01
  3.205500E+03  1.175730E-01
  3.206000E+03  1.127434E-01
  3.206500E+03  1.069093E-01
  3.207000E+03  1.001952E-01
  3.207500E+03  9.273903E-02
  3.208000E+03  8.469109E-02
  3.208500E+03  7.621276E-02
  3.209000E+03  6.747475E-02
  3.209500E+03  5.865522E-02
  3.210000E+03  4.993751E-02
  3.210500E+03  4.150768E-02
  3.211000E+03  3.355167E-02
  3.211500E+03  2.625228E-02
  3.212000E+03  1.978596E-02
  3.212500E+03  1.431939E-02
  3.213000E+03  1.000601E-02
  3.213500E+03  6.982511E-03
  3.214000E+03  5.365403E-03
  3.214500E+03  5.247742E-03
  3.215000E+03  6.696113E-03
  3.215500E+03  9.747948E-03
  3.216000E+03  1.440930E-02
  3.216500E+03  2.065316E-02
  3.217000E+03  2.841834E-02
  3.217500E+03  3.760913E-02
  3.218000E+03  4.809559E-02
  3.218500E+03  5.971470E-02
  3.219000E+03  7.227231E-02
  3.219500E+03  8.554580E-02
  3.220000E+03  9.928766E-02
  3.220500E+03  1.132297E-01
  3.221000E+03  1.270878E-01
  3.221500E+03  1.405678E-01
  3.222000E+03  1.533710E-01
  3.222500E+03  1.652006E-01
  3.223000E+03  1.757684E-01
  3.223500E+03  1.848010E-01
  3.224000E+03  1.920465E-01
  3.224500E+03  1.972807E-01
  3.225000E+03  2.003127E-01
  3.225500E+03  2.009900E-01
  3.226000E+03  1.992033E-01
  3.226500E+03  1.948898E-01
  3.227000E+03  1.880357E-01
  3.227500E+03  1.786782E-01
  3.228000E+03  1.669056E-01
  3.228500E+03  1.528565E-01
  3.229000E+03  1.367182E-01
  3.229500E+03  1.187237E-01
  3.230000E+03  9.914705E-02
  3.230500E+03  7.829883E-02
  3.231000E+03  5.651973E-02
  3.231500E+03  3.417390E-02
  3.232000E+03  1.164141E-02
  3.232500E+03 -1.068954E-02
  3.233000E+03 -3.243078E-02
  3.233500E+03 -5.320238E-02
  3.234000E+03 -7.264067E-02
  3.234500E+03 -9.040600E-02
  3.235000E+03 -1.061899E-01
  3.235500E+03 -1.197217E-01
  3.236000E+03 -1.307739E-01
  3.236500E+03 -1.391671E-01
  3.237000E+03 -1.447737E-01
  3.237500E+03 -1.475197E-01
  3.238000E+03 -1.473862E-01
  3.238500E+03 -1.444094E-01
  3.239000E+03 -1.386789E-01
  3.239500E+03 -1.303354E-01
  3.240000E+03 -1.195665E-01
  3.240500E+03 -1.066027E-01
  3.241000E+03 -9.171116E-02
  3.241500E+03 -7.518962E-02
  3.242000E+03 -5.735935E-02
  3.242500E+03 -3.855788E-02
  3.243000E+03 -1.913142E-02
  3.243500E+03  5.726938E-04
  3.244000E+03  2.021338E-02
  3.244500E+03  3.946285E-02
  3.245000E+03  5.801314E-02
  3.245500E+03  7.558199E-02
  3.246000E+03  9.191793E-02
  3.246500E+03  1.068045E-01
  3.247000E+03  1.200633E-01
  3.247500E+03  1.315566E-01
  3.248000E+03  1.411884E-01
  3.248500E+03  1.489042E-01
  3.249000E+03  1.546910E-01
  3.249500E+03  1.585749E-01
  3.250000E+03  1.606191E-01
  3.250500E+03  1.609201E-01
  3.251000E+03  1.596045E-01
  3.251500E+03  1.568238E-01
  3.252000E+03  1.527505E-01
  3.252500E+03  1.475724E-01
  3.253000E+03  1.414882E-01
  3.253500E+03  1.347021E-01
  3.254000E+03  1.274194E-01
  3.254500E+03  1.198413E-01
  3.255000E+03  1.121614E-01
  3.255500E+03  1.045617E-01
  3.256000E+03  9.720934E-02
  3.256500E+03  9.025389E-02
  3.257000E+03  8.382543E-02
  3.257500E+03  7.803284E-02
  3.258000E+03  7.296294E-02
  3.258500E+03  6.867993E-02
  3.259000E+03  6.522557E-02
  3.259500E+03  6.261958E-02
  3.260000E+03  6.086060E-02
  3.260500E+03  5.992740E-02
  3.261000E+03  5.978038E-02
  3.261500E+03  6.036328E-02
  3.262000E+03  6.160505E-02
  3.262500E+03  6.342179E-02
  3.263000E+03  6.571881E-02
  3.263500E+03  6.839257E-02
  3.264000E+03  7.133277E-02
  3.264500E+03  7.442421E-02
  3.265000E+03  7.754874E-02
  3.265500E+03  8.058706E-02
  3.266000E+03  8.342044E-02
  3.266500E+03  8.593242E-02
  3.267000E+03  8.801039E-02
  3.267500E+03  8.954715E-02
  3.268000E+03  9.044241E-02
  3.268500E+03  9.060424E-02
  3.269000E+03  8.995053E-02
  3.269500E+03  8.841030E-02
  3.270000E+03  8.592514E-02
  3.270500E+03  8.245045E-02
  3.271000E+03  7.795670E-02
  3.271500E+03  7.243057E-02
  3.272000E+03  6.587599E-02
  3.272500E+03  5.831501E-02
  3.273000E+03  4.978853E-02
  3.273500E+03  4.035676E-02
  3.274000E+03  3.009944E-02
  3.274500E+03  1.911578E-02
  3.275000E+03  7.524007E-03
  3.275500E+03 -4.539391E-03
  3.276000E+03 -1.692086E-02
  3.276500E+03 -2.945134E-02
  3.277000E+03 -4.194832E-02
  3.277500E+03 -5.421817E-02
  3.278000E+03 -6.605900E-02
  3.278500E+03 -7.726382E-02
  3.279000E+03 -8.762401E-02
  3.279500E+03 -9.693307E-02
  3.280000E+03 -1.049906E-01
  3.280500E+03 -1.116065E-01
  3.281000E+03 -1.166047E-01
  3.281500E+03 -1.198277E-01
  3.282000E+03 -1.211405E-01
  3.282500E+03 -1.204337E-01
  3.283000E+03 -1.176276E-01
  3.283500E+03 -1.126746E-01
  3.284000E+03 -1.055618E-01
  3.284500E+03 -9.631272E-02
  3.285000E+03 -8.498835E-02
  3.285500E+03 -7.168766E-02
  3.286000E+03 -5.654710E-02
  3.286500E+03 -3.973946E-02
  3.287000E+03 -2.147186E-02
  3.287500E+03 -1.983023E-03
  3.288000E+03  1.846022E-02
  3.288500E+03  3.956713E-02
  3.289000E+03  6.102784E-02
  3.289500E+03  8.251868E-02
  3.290000E+03  1.037079E-01
  3.290500E+03  1.242618E-01
  3.291000E+03  1.438506E-01
  3.291500E+03  1.621552E-01
  3.292000E+03  1.788729E-01
  3.292500E+03  1.937234E-01
  3.293000E+03  2.064544E-01
  3.293500E+03  2.168465E-01
  3.294000E+03  2.247176E-01
  3.294500E+03  2.299265E-01
  3.295000E+03  2.323758E-01
  3.295500E+03  2.320140E-01
  3.296000E+03  2.288363E-01
  3.296500E+03  2.228844E-01
  3.297000E+03  2.142465E-01
  3.297500E+03  2.030545E-01
  3.298000E+03  1.894820E-01
  3.298500E+03  1.737403E-01
  3.299000E+03  1.560747E-01
  3.299500E+03  1.367589E-01
  3.300000E+03  1.160906E-01
  3.300500E+03  9.438477E-02
  3.301000E+03  7.196848E-02
  3.301500E+03  4.917439E-02
  3.302000E+03  2.633490E-02
  3.302500E+03  3.776307E-03
  3.303000E+03 -1.818673E-02
  3.303500E+03 -3.925625E-02
  3.304000E+03 -5.915555E-02
  3.304500E+03 -7.763318E-02
  3.305000E+03 -9.446618E-02
  3.305500E+03 -1.094627E-01
  3.306000E+03 -1.224637E-01
  3.306500E+03 -1.333443E-01
  3.307000E+03 -1.420139E-01
  3.307500E+03 -1.484163E-01
  3.308000E+03 -1.525283E-01
  3.308500E+03 -1.543588E-01
  3.309000E+03 -1.539464E-01
  3.309500E+03 -1.513577E-01
  3.310000E+03 -1.466844E-01
  3.310500E+03 -1.400408E-01
  3.311000E+03 -1.315608E-01
  3.311500E+03 -1.213952E-01
  3.312000E+03 -1.097091E-01
  3.312500E+03 -9.667910E-02
  3.313000E+03 -8.249070E-02
  3.313500E+03 -6.733639E-02
  3.314000E+03 -5.141336E-02
  3.314500E+03 -3.492174E-02
  3.315000E+03 -1.806294E-02
  3.315500E+03 -1.038236E-03
  3.316000E+03  1.595256E-02
  3.316500E+03  3.271231E-02
  3.317000E+03  4.904773E-02
  3.317500E+03  6.477052E-02
  3.318000E+03  7.969859E-02
  3.318500E+03  9.365735E-02
  3.319000E+03  1.064811E-01
  3.319500E+03  1.180146E-01
  3.320000E+03  1.281146E-01
  3.320500E+03  1.366521E-01
  3.321000E+03  1.435137E-01
  3.321500E+03  1.486043E-01
  3.322000E+03  1.518484E-01
  3.322500E+03  1.531928E-01
  3.323000E+03  1.526084E-01
  3.323500E+03  1.500916E-01
  3.324000E+03  1.456662E-01
  3.324500E+03  1.393844E-01
  3.325000E+03  1.313272E-01
  3.325500E+03  1.216052E-01
  3.326000E+03  1.103574E-01
  3.326500E+03  9.775116E-02
  3.327000E+03  8.397947E-02
  3.327500E+03  6.925933E-02
  3.328000E+03  5.382842E-02
  3.328500E+03  3.794151E-02
  3.329000E+03  2.186618E-02
  3.329500E+03  5.878129E-03
  3.330000E+03 -9.744044E-03
  3.330500E+03 -2.472425E-02
  3.331000E+03 -3.879454E-02
  3.331500E+03 -5.170079E-02
  3.332000E+03 -6.320819E-02
  3.332500E+03 -7.310658E-02
  3.333000E+03 -8.121526E-02
  3.333500E+03 -8.738741E-02
  3.334000E+03 -9.151368E-02
  3.334500E+03 -9.352516E-02
  3.335000E+03 -9.339536E-02
  3.335500E+03 -9.114135E-02
  3.336000E+03 -8.682392E-02
  3.336500E+03 -8.054668E-02
  3.337000E+03 -7.245427E-02
  3.337500E+03 -6.272960E-02
  3.338000E+03 -5.159021E-02
  3.338500E+03 -3.928380E-02
  3.339000E+03 -2.608314E-02
  3.339500E+03 -1.228033E-02
  3.340000E+03  1.819323E-03
  3.340500E+03  1.590377E-02
  3.341000E+03  2.966079E-02
  3.341500E+03  4.278463E-02
  3.342000E+03  5.498241E-02
  3.342500E+03  6.598037E-02
  3.343000E+03  7.552956E-02
  3.343500E+03  8.341117E-02
  3.344000E+03  8.944107E-02
  3.344500E+03  9.347375E-02
  3.345000E+03  9.540546E-02
  3.345500E+03  9.517647E-02
  3.346000E+03  9.277250E-02
  3.346500E+03  8.822530E-02
  3.347000E+03  8.161228E-02
  3.347500E+03  7.305536E-02
  3.348000E+03  6.271890E-02
  3.348500E+03  5.080696E-02
  3.349000E+03  3.755969E-02
  3.349500E+03  2.324915E-02
  3.350000E+03  8.174514E-03
  3.350500E+03 -7.343298E-03
  3.351000E+03 -2.296737E-02
  3.351500E+03 -3.835089E-02
  3.352000E+03 -5.314357E-02
  3.352500E+03 -6.699813E-02
  3.353000E+03 -7.957691E-02
  3.353500E+03 -9.055839E-02
  3.354000E+03 -9.964363E-02
  3.354500E+03 -1.065624E-01
  3.355000E+03 -1.110789E-01
  3.355500E+03 -1.129972E-01
  3.356000E+03 -1.121659E-01
  3.356500E+03 -1.084822E-01
  3.357000E+03 -1.018955E-01
  3.357500E+03 -9.240938E-02
  3.358000E+03 -8.008356E-02
  3.358500E+03 -6.503433E-02
  3.359000E+03 -4.743405E-02
  3.359500E+03 -2.750958E-02
  3.360000E+03 -5.539676E-03
  3.360500E+03  1.814878E-02
  3.361000E+03  4.318559E-02
  3.361500E+03  6.916299E-02
  3.362000E+03  9.564242E-02
  3.362500E+03  1.221621E-01
  3.363000E+03  1.482450E-01
  3.363500E+03  1.734082E-01
  3.364000E+03  1.971715E-01
  3.364500E+03  2.190670E-01
  3.365000E+03  2.386485E-01
  3.365500E+03  2.555008E-01
  3.366000E+03  2.692481E-01
  3.366500E+03  2.795626E-01
  3.367000E+03  2.861716E-01
  3.367500E+03  2.888640E-01
  3.368000E+03  2.874956E-01
  3.368500E+03  2.819929E-01
  3.369000E+03  2.723558E-01
  3.369500E+03  2.586589E-01
  3.370000E+03  2.410507E-01
  3.370500E+03  2.197523E-01
  3.371000E+03  1.950535E-01
  3.371500E+03  1.673081E-01
  3.372000E+03  1.369282E-01
  3.372500E+03  1.043764E-01
  3.373000E+03  7.015770E-02
  3.373500E+03  3.481033E-02
  3.374000E+03 -1.104108E-03
  3.374500E+03 -3.701085E-02
  3.375000E+03 -7.233248E-02
  3.375500E+03 -1.064993E-01
  3.376000E+03 -1.389595E-01
  3.376500E+03 -1.691892E-01
  3.377000E+03 -1.967011E-01
  3.377500E+03 -2.210533E-01
  3.378000E+03 -2.418562E-01
  3.378500E+03 -2.587792E-01
  3.379000E+03 -2.715557E-01
  3.379500E+03 -2.799869E-01
  3.380000E+03 -2.839445E-01
  3.380500E+03 -2.833721E-01
  3.381000E+03 -2.782853E-01
  3.381500E+03 -2.687708E-01
  3.382000E+03 -2.549838E-01
  3.382500E+03 -2.371450E-01
  3.383000E+03 -2.155364E-01
  3.383500E+03 -1.904963E-01
  3.384000E+03 -1.624135E-01
  3.384500E+03 -1.317206E-01
  3.385000E+03 -9.888772E-02
  3.385500E+03 -6.441504E-02
  3.386000E+03 -2.882526E-02
  3.386500E+03  7.343884E-03
  3.387000E+03  4.354723E-02
  3.387500E+03  7.923981E-02
  3.388000E+03  1.138843E-01
  3.388500E+03  1.469583E-01
  3.389000E+03  1.779610E-01
  3.389500E+03  2.064204E-01
  3.390000E+03  2.318990E-01
  3.390500E+03  2.539997E-01
  3.391000E+03  2.723713E-01
  3.391500E+03  2.867131E-01
  3.392000E+03  2.967788E-01
  3.392500E+03  3.023806E-01
  3.393000E+03  3.033914E-01
  3.393500E+03  2.997475E-01
  3.394000E+03  2.914494E-01
  3.394500E+03  2.785629E-01
  3.395000E+03  2.612184E-01
  3.395500E+03  2.396100E-01
  3.396000E+03  2.139936E-01
  3.396500E+03  1.846839E-01
  3.397000E+03  1.520510E-01
  3.397500E+03  1.165155E-01
  3.398000E+03  7.854369E-02
  3.398500E+03  3.864105E-02
  3.399000E+03 -2.654103E-03
  3.399500E+03 -4.477805E-02
  3.400000E+03 -8.714942E-02
  3.400500E+03 -1.291774E-01
  3.401000E+03 -1.702699E-01
  3.401500E+03 -2.098426E-01
  3.402000E+03 -2.473269E-01
  3.402500E+03 -2.821786E-01
  3.403000E+03 -3.138860E-01
  3.403500E+03 -3.419773E-01
  3.404000E+03 -3.660280E-01
  3.404500E+03 -3.856670E-01
  3.405000E+03 -4.005826E-01
  3.405500E+03 -4.105267E-01
  3.406000E+03 -4.153192E-01
  3.406500E+03 -4.148501E-01
  3.407000E+03 -4.090817E-01
  3.407500E+03 -3.980491E-01
  3.408000E+03 -3.818597E-01
  3.408500E+03 -3.606914E-01
  3.409000E+03 -3.347908E-01
  3.409500E+03 -3.044691E-01
  3.410000E+03 -2.700980E-01
  3.410500E+03 -2.321045E-01
  3.411000E+03 -1.909649E-01
  3.411500E+03 -1.471984E-01
  3.412000E+03 -1.013601E-01
  3.412500E+03 -5.403330E-02
  3.413000E+03 -5.822198E-03
  3.413500E+03  4.265649E-02
  3.414000E+03  9.078133E-02
  3.414500E+03  1.379342E-01
  3.415000E+03  1.835084E-01
  3.415500E+03  2.269161E-01
  3.416000E+03  2.675957E-01
  3.416500E+03  3.050196E-01
  3.417000E+03  3.386998E-01
  3.417500E+03  3.681950E-01
  3.418000E+03  3.931153E-01
  3.418500E+03  4.131278E-01
  3.419000E+03  4.279607E-01
  3.419500E+03  4.374063E-01
  3.420000E+03  4.413247E-01
  3.420500E+03  4.396448E-01
  3.421000E+03  4.323660E-01
  3.421500E+03  4.195586E-01
  3.422000E+03  4.013626E-01
  3.422500E+03  3.779868E-01
  3.423000E+03  3.497062E-01
  3.423500E+03  3.168591E-01
  3.424000E+03  2.798429E-01
  3.424500E+03  2.391092E-01
  3.425000E+03  1.951589E-01
  3.425500E+03  1.485352E-01
  3.426000E+03  9.981783E-02
  3.426500E+03  4.961481E-02
  3.427000E+03 -1.444580E-03
  3.427500E+03 -5.271807E-02
  3.428000E+03 -1.035585E-01
  3.428500E+03 -1.533224E-01
  3.429000E+03 -2.013778E-01
  3.429500E+03 -2.471127E-01
  3.430000E+03 -2.899431E-01
  3.430500E+03 -3.293202E-01
  3.431000E+03 -3.647375E-01
  3.431500E+03 -3.957375E-01
  3.432000E+03 -4.219174E-01
  3.432500E+03 -4.429342E-01
  3.433000E+03 -4.585088E-01
  3.433500E+03 -4.684300E-01
  3.434000E+03 -4.725562E-01
  3.434500E+03 -4.708182E-01
  3.435000E+03 -4.632188E-01
  3.435500E+03 -4.498334E-01
  3.436000E+03 -4.308088E-01
  3.436500E+03 -4.063613E-01
  3.437000E+03 -3.767737E-01
  3.437500E+03 -3.423922E-01
  3.438000E+03 -3.036221E-01
  3.438500E+03 -2.609226E-01
  3.439000E+03 -2.148016E-01
  3.439500E+03 -1.658097E-01
  3.440000E+03 -1.145334E-01
  3.440500E+03 -6.158855E-02
  3.441000E+03 -7.612738E-03
  3.441500E+03  4.674199E-02
  3.442000E+03  1.008169E-01
  3.442500E+03  1.539544E-01
  3.443000E+03  2.055059E-01
  3.443500E+03  2.548396E-01
  3.444000E+03  3.013482E-01
  3.444500E+03  3.444567E-01
  3.445000E+03  3.836291E-01
  3.445500E+03  4.183757E-01
  3.446000E+03  4.482593E-01
  3.446500E+03  4.729013E-01
  3.447000E+03  4.919867E-01
  3.447500E+03  5.052688E-01
  3.448000E+03  5.125730E-01
  3.448500E+03  5.137994E-01
  3.449000E+03  5.089252E-01
  3.449500E+03  4.980052E-01
  3.450000E+03  4.811721E-01
  3.450500E+03  4.586350E-01
  3.451000E+03  4.306776E-01
  3.451500E+03  3.976545E-01
  3.452000E+03  3.599870E-01
  3.452500E+03  3.181576E-01
  3.453000E+03  2.727040E-01
  3.453500E+03  2.242113E-01
  3.454000E+03  1.733047E-01
  3.454500E+03  1.206401E-01
  3.455000E+03  6.689554E-02
  3.455500E+03  1.276128E-02
  3.456000E+03 -4.106991E-02
  3.456500E+03 -9.391262E-02
  3.457000E+03 -1.450986E-01
  3.457500E+03 -1.939863E-01
  3.458000E+03 -2.399699E-01
  3.458500E+03 -2.824880E-01
  3.459000E+03 -3.210312E-01
  3.459500E+03 -3.551497E-01
  3.460000E+03 -3.844585E-01
  3.460500E+03 -4.086432E-01
  3.461000E+03 -4.274636E-01
  3.461500E+03 -4.407566E-01
  3.462000E+03 -4.484377E-01
  3.462500E+03 -4.505014E-01
  3.463000E+03 -4.470207E-01
  3.463500E+03 -4.381449E-01
  3.464000E+03 -4.240967E-01
  3.464500E+03 -4.051681E-01
  3.465000E+03 -3.817156E-01
  3.465500E+03 -3.541540E-01
  3.466000E+03 -3.229500E-01
  3.466500E+03 -2.886146E-01
  3.467000E+03 -2.516957E-01
  3.467500E+03 -2.127693E-01
  3.468000E+03 -1.724311E-01
  3.468500E+03 -1.312875E-01
  3.469000E+03 -8.994696E-02
  3.469500E+03 -4.901074E-02
  3.470000E+03 -9.064379E-03
  3.470500E+03  2.933087E-02
  3.471000E+03  6.564616E-02
  3.471500E+03  9.939268E-02
  3.472000E+03  1.301287E-01
  3.472500E+03  1.574659E-01
  3.473000E+03  1.810750E-01
  3.473500E+03  2.006903E-01
  3.474000E+03  2.161138E-01
  3.474500E+03  2.272173E-01
  3.475000E+03  2.339447E-01
  3.475500E+03  2.363118E-01
  3.476000E+03  2.344063E-01
  3.476500E+03  2.283852E-01
  3.477000E+03  2.184725E-01
  3.477500E+03  2.049543E-01
  3.478000E+03  1.881739E-01
  3.478500E+03  1.685252E-01
  3.479000E+03  1.464456E-01
  3.479500E+03  1.224075E-01
  3.480000E+03  9.690984E-02
  3.480500E+03  7.046816E-02
  3.481000E+03  4.360530E-02
  3.481500E+03  1.684119E-02
  3.482000E+03 -9.317054E-03
  3.482500E+03 -3.438488E-02
  3.483000E+03 -5.790954E-02
  3.483500E+03 -7.947881E-02
  3.484000E+03 -9.872879E-02
  3.484500E+03 -1.153507E-01
  3.485000E+03 -1.290966E-01
  3.485500E+03 -1.397837E-01
  3.486000E+03 -1.472973E-01
  3.486500E+03 -1.515923E-01
  3.487000E+03 -1.526931E-01
  3.487500E+03 -1.506921E-01
  3.488000E+03 -1.457467E-01
  3.488500E+03 -1.380746E-01
  3.489000E+03 -1.279484E-01
  3.489500E+03 -1.156887E-01
  3.490000E+03 -1.016559E-01
  3.490500E+03 -8.624185E-02
  3.491000E+03 -6.986050E-02
  3.491500E+03 -5.293835E-02
  3.492000E+03 -3.590471E-02
  3.492500E+03 -1.918212E-02
  3.493000E+03 -3.177024E-03
  3.493500E+03  1.172891E-02
  3.494000E+03  2.518685E-02
  3.494500E+03  3.688794E-02
  3.495000E+03  4.656936E-02
  3.495500E+03  5.401927E-02
  3.496000E+03  5.908060E-02
  3.496500E+03  6.165348E-02
  3.497000E+03  6.169641E-02
  3.497500E+03  5.922626E-02
  3.498000E+03  5.431695E-02
  3.498500E+03  4.709706E-02
  3.499000E+03  3.774639E-02
  3.499500E+03  2.649158E-02
  3.500000E+03  1.360095E-02
  3.500500E+03 -6.212966E-04
  3.501000E+03 -1.584146E-02
  3.501500E+03 -3.170303E-02
  3.502000E+03 -4.783364E-02
  3.502500E+03 -6.385213E-02
  3.503000E+03 -7.937559E-02
  3.503500E+03 -9.402629E-02
  3.504000E+03 -1.074383E-01
  3.504500E+03 -1.192640E-01
  3.505000E+03 -1.291800E-01
  3.505500E+03 -1.368924E-01
  3.506000E+03 -1.421423E-01
  3.506500E+03 -1.447101E-01
  3.507000E+03 -1.444193E-01
  3.507500E+03 -1.411397E-01
  3.508000E+03 -1.347903E-01
  3.508500E+03 -1.253415E-01
  3.509000E+03 -1.128159E-01
  3.509500E+03 -9.728898E-02
  3.510000E+03 -7.888952E-02
  3.510500E+03 -5.779822E-02
  3.511000E+03 -3.424629E-02
  3.511500E+03 -8.513073E-03
  3.512000E+03  1.907715E-02
  3.512500E+03  4.815908E-02
  3.513000E+03  7.833107E-02
  3.513500E+03  1.091606E-01
  3.514000E+03  1.401906E-01
  3.514500E+03  1.709457E-01
  3.515000E+03  2.009402E-01
  3.515500E+03  2.296858E-01
  3.516000E+03  2.566996E-01
  3.516500E+03  2.815125E-01
  3.517000E+03  3.036784E-01
  3.517500E+03  3.227819E-01
  3.518000E+03  3.384470E-01
  3.518500E+03  3.503450E-01
  3.519000E+03  3.582014E-01
  3.519500E+03  3.618028E-01
  3.520000E+03  3.610021E-01
  3.520500E+03  3.557228E-01
  3.521000E+03  3.459627E-01
  3.521500E+03  3.317948E-01
  3.522000E+03  3.133686E-01
  3.522500E+03  2.909082E-01
  3.523000E+03  2.647096E-01
  3.523500E+03  2.351369E-01
  3.524000E+03  2.026164E-01
  3.524500E+03  1.676292E-01
  3.525000E+03  1.307034E-01
  3.525500E+03  9.240481E-02
  3.526000E+03  5.332615E-02
  3.526500E+03  1.407684E-02
  3.527000E+03 -2.472851E-02
  3.527500E+03 -6.248143E-02
  3.528000E+03 -9.859081E-02
  3.528500E+03 -1.324938E-01
  3.529000E+03 -1.636662E-01
  3.529500E+03 -1.916317E-01
  3.530000E+03 -2.159702E-01
  3.530500E+03 -2.363252E-01
  3.531000E+03 -2.524092E-01
  3.531500E+03 -2.640085E-01
  3.532000E+03 -2.709852E-01
  3.532500E+03 -2.732788E-01
  3.533000E+03 -2.709056E-01
  3.533500E+03 -2.639568E-01
  3.534000E+03 -2.525951E-01
  3.534500E+03 -2.370499E-01
  3.535000E+03 -2.176117E-01
  3.535500E+03 -1.946252E-01
  3.536000E+03 -1.684817E-01
  3.536500E+03 -1.396111E-01
  3.537000E+03 -1.084732E-01
  3.537500E+03 -7.554952E-02
  3.538000E+03 -4.133414E-02
  3.538500E+03 -6.325824E-03
  3.539000E+03  2.898015E-02
  3.539500E+03  6.409935E-02
  3.540000E+03  9.856491E-02
  3.540500E+03  1.319335E-01
  3.541000E+03  1.637907E-01
  3.541500E+03  1.937549E-01
  3.542000E+03  2.214812E-01
  3.542500E+03  2.466639E-01
  3.543000E+03  2.690381E-01
  3.543500E+03  2.883813E-01
  3.544000E+03  3.045131E-01
  3.544500E+03  3.172958E-01
  3.545000E+03  3.266331E-01
  3.545500E+03  3.324693E-01
  3.546000E+03  3.347880E-01
  3.546500E+03  3.336102E-01
  3.547000E+03  3.289927E-01
  3.547500E+03  3.210259E-01
  3.548000E+03  3.098324E-01
  3.548500E+03  2.955644E-01
  3.549000E+03  2.784022E-01
  3.549500E+03  2.585519E-01
  3.550000E+03  2.362439E-01
  3.550500E+03  2.117303E-01
  3.551000E+03  1.852835E-01
  3.551500E+03  1.571941E-01
  3.552000E+03  1.277682E-01
  3.552500E+03  9.732583E-02
  3.553000E+03  6.619801E-02
  3.553500E+03  3.472429E-02
  3.554000E+03  3.249804E-03
  3.554500E+03 -2.787778E-02
  3.555000E+03 -5.831165E-02
  3.555500E+03 -8.770941E-02
  3.556000E+03 -1.157368E-01
  3.556500E+03 -1.420717E-01
  3.557000E+03 -1.664082E-01
  3.557500E+03 -1.884603E-01
  3.558000E+03 -2.079668E-01
  3.558500E+03 -2.246942E-01
  3.559000E+03 -2.384414E-01
  3.559500E+03 -2.490428E-01
  3.560000E+03 -2.563715E-01
  3.560500E+03 -2.603419E-01
  3.561000E+03 -2.609121E-01
  3.561500E+03 -2.580853E-01
  3.562000E+03 -2.519111E-01
  3.562500E+03 -2.424851E-01
  3.563000E+03 -2.299488E-01
  3.563500E+03 -2.144883E-01
  3.564000E+03 -1.963322E-01
  3.564500E+03 -1.757487E-01
  3.565000E+03 -1.530420E-01
  3.565500E+03 -1.285483E-01
  3.566000E+03 -1.026307E-01
  3.566500E+03 -7.567427E-02
  3.567000E+03 -4.807953E-02
  3.567500E+03 -2.025675E-02
  3.568000E+03  7.380636E-03
  3.568500E+03  3.442265E-02
  3.569000E+03  6.046935E-02
  3.569500E+03  8.513732E-02
  3.570000E+03  1.080659E-01
  3.570500E+03  1.289234E-01
  3.571000E+03  1.474120E-01
  3.571500E+03  1.632733E-01
  3.572000E+03  1.762925E-01
  3.572500E+03  1.863018E-01
  3.573000E+03  1.931830E-01
  3.573500E+03  1.968702E-01
  3.574000E+03  1.973501E-01
  3.574500E+03  1.946625E-01
  3.575000E+03  1.888996E-01
  3.575500E+03  1.802043E-01
  3.576000E+03  1.687675E-01
  3.576500E+03  1.548251E-01
  3.577000E+03  1.386535E-01
  3.577500E+03  1.205649E-01
  3.578000E+03  1.009021E-01
  3.578500E+03  8.003178E-02
  3.579000E+03  5.833893E-02
  3.579500E+03  3.621946E-02
  3.580000E+03  1.407357E-02
  3.580500E+03 -7.701390E-03
  3.581000E+03 -2.871779E-02
  3.581500E+03 -4.860454E-02
  3.582000E+03 -6.701354E-02
  3.582500E+03 -8.362575E-02
  3.583000E+03 -9.815661E-02
  3.583500E+03 -1.103610E-01
  3.584000E+03 -1.200372E-01
  3.584500E+03 -1.270305E-01
  3.585000E+03 -1.312351E-01
  3.585500E+03 -1.325963E-01
  3.586000E+03 -1.311101E-01
  3.586500E+03 -1.268239E-01
  3.587000E+03 -1.198339E-01
  3.587500E+03 -1.102835E-01
  3.588000E+03 -9.836001E-02
  3.588500E+03 -8.429012E-02
  3.589000E+03 -6.833546E-02
  3.589500E+03 -5.078695E-02
  3.590000E+03 -3.195882E-02
  3.590500E+03 -1.218220E-02
  3.591000E+03  8.201625E-03
  3.591500E+03  2.884799E-02
  3.592000E+03  4.941568E-02
  3.592500E+03  6.957360E-02
  3.593000E+03  8.900704E-02
  3.593500E+03  1.074236E-01
  3.594000E+03  1.245586E-01
  3.594500E+03  1.401795E-01
  3.595000E+03  1.540899E-01
  3.595500E+03  1.661323E-01
  3.596000E+03  1.761907E-01
  3.596500E+03  1.841908E-01
  3.597000E+03  1.901010E-01
  3.597500E+03  1.939309E-01
  3.598000E+03  1.957299E-01
  3.598500E+03  1.955844E-01
  3.599000E+03  1.936144E-01
  3.599500E+03  1.899694E-01
  3.600000E+03  1.848237E-01
  3.600500E+03  1.783713E-01
  3.601000E+03  1.708201E-01
  3.601500E+03  1.623872E-01
  3.602000E+03  1.532922E-01
  3.602500E+03  1.437525E-01
  3.603000E+03  1.339779E-01
  3.603500E+03  1.241656E-01
  3.604000E+03  1.144965E-01
  3.604500E+03  1.051308E-01
  3.605000E+03  9.620584E-02
  3.605500E+03  8.783330E-02
  3.606000E+03  8.009824E-02
  3.606500E+03  7.305835E-02
  3.607000E+03  6.674422E-02
  3.607500E+03  6.116026E-02
  3.608000E+03  5.628644E-02
  3.608500E+03  5.208055E-02
  3.609000E+03  4.848104E-02
  3.609500E+03  4.541023E-02
  3.610000E+03  4.277794E-02
  3.610500E+03  4.048518E-02
  3.611000E+03  3.842801E-02
  3.611500E+03  3.650127E-02
  3.612000E+03  3.460223E-02
  3.612500E+03  3.263392E-02
  3.613000E+03  3.050809E-02
  3.613500E+03  2.814781E-02
  3.614000E+03  2.548957E-02
  3.614500E+03  2.248476E-02
  3.615000E+03  1.910079E-02
  3.615500E+03  1.532150E-02
  3.616000E+03  1.114714E-02
  3.616500E+03  6.593852E-03
  3.617000E+03  1.692708E-03
  3.617500E+03 -3.511642E-03
  3.618000E+03 -8.962609E-03
  3.618500E+03 -1.459354E-02
  3.619000E+03 -2.032977E-02
  3.619500E+03 -2.609067E-02
  3.620000E+03 -3.179186E-02
  3.620500E+03 -3.734714E-02
  3.621000E+03 -4.267052E-02
  3.621500E+03 -4.767793E-02
  3.622000E+03 -5.228877E-02
  3.622500E+03 -5.642729E-02
  3.623000E+03 -6.002366E-02
  3.623500E+03 -6.301489E-02
  3.624000E+03 -6.534541E-02
  3.624500E+03 -6.696764E-02
  3.625000E+03 -6.784221E-02
  3.625500E+03 -6.793820E-02
  3.626000E+03 -6.723322E-02
  3.626500E+03 -6.571342E-02
  3.627000E+03 -6.337359E-02
  3.627500E+03 -6.021714E-02
  3.628000E+03 -5.625620E-02
  3.628500E+03 -5.151180E-02
  3.629000E+03 -4.601398E-02
  3.629500E+03 -3.980210E-02
  3.630000E+03 -3.292506E-02
  3.630500E+03 -2.544160E-02
  3.631000E+03 -1.742055E-02
  3.631500E+03 -8.940997E-03
  3.632000E+03 -9.232711E-05
  3.632500E+03  9.025866E-03
  3.633000E+03  1.830412E-02
  3.633500E+03  2.762367E-02
  3.634000E+03  3.685738E-02
  3.634500E+03  4.587089E-02
  3.635000E+03  5.452421E-02
  3.635500E+03  6.267363E-02
  3.636000E+03  7.017394E-02
  3.636500E+03  7.688098E-02
  3.637000E+03  8.265449E-02
  3.637500E+03  8.736110E-02
  3.638000E+03  9.087756E-02
  3.638500E+03  9.309396E-02
  3.639000E+03  9.391690E-02
  3.639500E+03  9.327259E-02
  3.640000E+03  9.110970E-02
  3.640500E+03  8.740181E-02
  3.641000E+03  8.214952E-02
  3.641500E+03  7.538195E-02
  3.642000E+03  6.715772E-02
  3.642500E+03  5.756519E-02
  3.643000E+03  4.672202E-02
  3.643500E+03  3.477404E-02
  3.644000E+03  2.189330E-02
  3.644500E+03  8.275493E-03
  3.645000E+03 -5.863399E-03
  3.645500E+03 -2.029097E-02
  3.646000E+03 -3.476285E-02
  3.646500E+03 -4.902755E-02
  3.647000E+03 -6.283166E-02
  3.647500E+03 -7.592518E-02
  3.648000E+03 -8.806692E-02
  3.648500E+03 -9.902977E-02
  3.649000E+03 -1.086058E-01
  3.649500E+03 -1.166109E-01
  3.650000E+03 -1.228889E-01
  3.650500E+03 -1.273155E-01
  3.651000E+03 -1.298004E-01
  3.651500E+03 -1.302902E-01
  3.652000E+03 -1.287692E-01
  3.652500E+03 -1.252597E-01
  3.653000E+03 -1.198216E-01
  3.653500E+03 -1.125512E-01
  3.654000E+03 -1.035788E-01
  3.654500E+03 -9.306560E-02
  3.655000E+03 -8.120030E-02
  3.655500E+03 -6.819477E-02
  3.656000E+03 -5.427933E-02
  3.656500E+03 -3.969770E-02
  3.657000E+03 -2.470170E-02
  3.657500E+03 -9.545957E-03
  3.658000E+03  5.517462E-03
  3.658500E+03  2.024414E-02
  3.659000E+03  3.440215E-02
  3.659500E+03  4.777645E-02
  3.660000E+03  6.017278E-02
  3.660500E+03  7.142101E-02
  3.661000E+03  8.137772E-02
  3.661500E+03  8.992820E-02
  3.662000E+03  9.698763E-02
  3.662500E+03  1.025016E-01
  3.663000E+03  1.064458E-01
  3.663500E+03  1.088253E-01
  3.664000E+03  1.096725E-01
  3.664500E+03  1.090455E-01
  3.665000E+03  1.070252E-01
  3.665500E+03  1.037123E-01
  3.666000E+03  9.922351E-02
  3.666500E+03  9.368857E-02
  3.667000E+03  8.724601E-02
  3.667500E+03  8.003955E-02
  3.668000E+03  7.221441E-02
  3.668500E+03  6.391379E-02
  3.669000E+03  5.527562E-02
  3.669500E+03  4.642972E-02
  3.670000E+03  3.749523E-02
  3.670500E+03  2.857867E-02
  3.671000E+03  1.977239E-02
  3.671500E+03  1.115359E-02
  3.672000E+03  2.783876E-03
  3.672500E+03 -5.290651E-03
  3.673000E+03 -1.303882E-02
  3.673500E+03 -2.044330E-02
  3.674000E+03 -2.749917E-02
  3.674500E+03 -3.421200E-02
  3.675000E+03 -4.059578E-02
  3.675500E+03 -4.667058E-02
  3.676000E+03 -5.246007E-02
  3.676500E+03 -5.798906E-02
  3.677000E+03 -6.328105E-02
  3.677500E+03 -6.835597E-02
  3.678000E+03 -7.322811E-02
  3.678500E+03 -7.790440E-02
  3.679000E+03 -8.238296E-02
  3.679500E+03 -8.665219E-02
  3.680000E+03 -9.069024E-02
  3.680500E+03 -9.446495E-02
  3.681000E+03 -9.793433E-02
  3.681500E+03 -1.010475E-01
  3.682000E+03 -1.037458E-01
  3.682500E+03 -1.059651E-01
  3.683000E+03 -1.076373E-01
  3.683500E+03 -1.086931E-01
  3.684000E+03 -1.090642E-01
  3.684500E+03 -1.086864E-01
  3.685000E+03 -1.075020E-01
  3.685500E+03 -1.054622E-01
  3.686000E+03 -1.025297E-01
  3.686500E+03 -9.868096E-02
  3.687000E+03 -9.390742E-02
  3.687500E+03 -8.821730E-02
  3.688000E+03 -8.163618E-02
  3.688500E+03 -7.420741E-02
  3.689000E+03 -6.599186E-02
  3.689500E+03 -5.706720E-02
  3.690000E+03 -4.752656E-02
  3.690500E+03 -3.747688E-02
  3.691000E+03 -2.703666E-02
  3.691500E+03 -1.633346E-02
  3.692000E+03 -5.501123E-03
  3.692500E+03  5.323217E-03
  3.693000E+03  1.600218E-02
  3.693500E+03  2.640116E-02
  3.694000E+03  3.639123E-02
  3.694500E+03  4.585181E-02
  3.695000E+03  5.467306E-02
  3.695500E+03  6.275785E-02
  3.696000E+03  7.002334E-02
  3.696500E+03  7.640204E-02
  3.697000E+03  8.184239E-02
  3.697500E+03  8.630886E-02
  3.698000E+03  8.978150E-02
  3.698500E+03  9.225512E-02
  3.699000E+03  9.373804E-02
  3.699500E+03  9.425049E-02
  3.700000E+03  9.382281E-02
  3.700500E+03  9.249347E-02
  3.701000E+03  9.030706E-02
  3.701500E+03  8.731223E-02
  3.702000E+03  8.355983E-02
  3.702500E+03  7.910123E-02
  3.703000E+03  7.398687E-02
  3.703500E+03  6.826520E-02
  3.704000E+03  6.198189E-02
  3.704500E+03  5.517953E-02
  3.705000E+03  4.789767E-02
  3.705500E+03  4.017317E-02
  3.706000E+03  3.204098E-02
  3.706500E+03  2.353512E-02
  3.707000E+03  1.468990E-02
  3.707500E+03  5.541283E-03
  3.708000E+03 -3.871747E-03
  3.708500E+03 -1.350582E-02
  3.709000E+03 -2.331196E-02
  3.709500E+03 -3.323460E-02
  3.710000E+03 -4.321084E-02
  3.710500E+03 -5.317013E-02
  3.711000E+03 -6.303423E-02
  3.711500E+03 -7.271772E-02
  3.712000E+03 -8.212888E-02
  3.712500E+03 -9.117096E-02
  3.713000E+03 -9.974394E-02
  3.713500E+03 -1.077465E-01
  3.714000E+03 -1.150784E-01
  3.714500E+03 -1.216428E-01
  3.715000E+03 -1.273493E-01
  3.715500E+03 -1.321160E-01
  3.716000E+03 -1.358724E-01
  3.716500E+03 -1.385616E-01
  3.717000E+03 -1.401423E-01
  3.717500E+03 -1.405905E-01
  3.718000E+03 -1.399008E-01
  3.718500E+03 -1.380869E-01
  3.719000E+03 -1.351822E-01
  3.719500E+03 -1.312389E-01
  3.720000E+03 -1.263275E-01
  3.720500E+03 -1.205355E-01
  3.721000E+03 -1.139650E-01
  3.721500E+03 -1.067310E-01
  3.722000E+03 -9.895833E-02
  3.722500E+03 -9.077907E-02
  3.723000E+03 -8.232932E-02
  3.723500E+03 -7.374619E-02
  3.724000E+03 -6.516473E-02
  3.724500E+03 -5.671502E-02
  3.725000E+03 -4.851939E-02
  3.725500E+03 -4.069006E-02
  3.726000E+03 -3.332698E-02
  3.726500E+03 -2.651621E-02
  3.727000E+03 -2.032858E-02
  3.727500E+03 -1.481886E-02
  3.728000E+03 -1.002535E-02
  3.728500E+03 -5.969863E-03
  3.729000E+03 -2.658067E-03
  3.729500E+03 -8.019530E-05
  3.730000E+03  1.787993E-03
  3.730500E+03  2.984018E-03
  3.731000E+03  3.557319E-03
  3.731500E+03  3.567784E-03
  3.732000E+03  3.084228E-03
  3.732500E+03  2.182852E-03
  3.733000E+03  9.457361E-04
  3.733500E+03 -5.406153E-04
  3.734000E+03 -2.186656E-03
  3.734500E+03 -3.901099E-03
  3.735000E+03 -5.592143E-03
  3.735500E+03 -7.168634E-03
  3.736000E+03 -8.541167E-03
  3.736500E+03 -9.623180E-03
  3.737000E+03 -1.033203E-02
  3.737500E+03 -1.059007E-02
  3.738000E+03 -1.032585E-02
  3.738500E+03 -9.475206E-03
  3.739000E+03 -7.982600E-03
  3.739500E+03 -5.802354E-03
  3.740000E+03 -2.900001E-03
  3.740500E+03  7.463805E-04
  3.741000E+03  5.144864E-03
  3.741500E+03  1.028845E-02
  3.742000E+03  1.615395E-02
  3.742500E+03  2.270115E-02
  3.743000E+03  2.987212E-02
  3.743500E+03  3.759092E-02
  3.744000E+03  4.576374E-02
  3.744500E+03  5.427935E-02
  3.745000E+03  6.301017E-02
  3.745500E+03  7.181374E-02
  3.746000E+03  8.053483E-02
  3.746500E+03  8.900794E-02
  3.747000E+03  9.706039E-02
  3.747500E+03  1.045158E-01
  3.748000E+03  1.111978E-01
  3.748500E+03  1.169345E-01
  3.749000E+03  1.215625E-01
  3.749500E+03  1.249313E-01
  3.750000E+03  1.269076E-01
  3.750500E+03  1.273793E-01
  3.751000E+03  1.262597E-01
  3.751500E+03  1.234899E-01
  3.752000E+03  1.190423E-01
  3.752500E+03  1.129219E-01
  3.753000E+03  1.051679E-01
  3.753500E+03  9.585395E-02
  3.754000E+03  8.508728E-02
  3.754500E+03  7.300755E-02
  3.755000E+03  5.978431E-02
  3.755500E+03  4.561380E-02
  3.756000E+03  3.071501E-02
  3.756500E+03  1.532497E-02
  3.757000E+03 -3.063758E-04
  3.757500E+03 -1.592179E-02
  3.758000E+03 -3.126258E-02
  3.758500E+03 -4.607450E-02
  3.759000E+03 -6.011362E-02
  3.759500E+03 -7.315183E-02
  3.760000E+03 -8.498211E-02
  3.760500E+03 -9.542309E-02
  3.761000E+03 -1.043230E-01
  3.761500E+03 -1.115629E-01
  3.762000E+03 -1.170589E-01
  3.762500E+03 -1.207637E-01
  3.763000E+03 -1.226668E-01
  3.763500E+03 -1.227946E-01
  3.764000E+03 -1.212083E-01
  3.764500E+03 -1.180023E-01
  3.765000E+03 -1.133012E-01
  3.765500E+03 -1.072561E-01
  3.766000E+03 -1.000403E-01
  3.766500E+03 -9.184524E-02
  3.767000E+03 -8.287539E-02
  3.767500E+03 -7.334335E-02
  3.768000E+03 -6.346496E-02
  3.768500E+03 -5.345441E-02
  3.769000E+03 -4.351966E-02
  3.769500E+03 -3.385812E-02
  3.770000E+03 -2.465283E-02
  3.770500E+03 -1.606899E-02
  3.771000E+03 -8.251162E-03
  3.771500E+03 -1.320945E-03
  3.772000E+03  4.624752E-03
  3.772500E+03  9.514848E-03
  3.773000E+03  1.330467E-02
  3.773500E+03  1.597600E-02
  3.774000E+03  1.753660E-02
  3.774500E+03  1.801928E-02
  3.775000E+03  1.748060E-02
  3.775500E+03  1.599908E-02
  3.776000E+03  1.367322E-02
  3.776500E+03  1.061919E-02
  3.777000E+03  6.968252E-03
  3.777500E+03  2.864045E-03
  3.778000E+03 -1.540301E-03
  3.778500E+03 -6.085182E-03
  3.779000E+03 -1.060762E-02
  3.779500E+03 -1.494442E-02
  3.780000E+03 -1.893538E-02
  3.780500E+03 -2.242647E-02
  3.781000E+03 -2.527299E-02
  3.781500E+03 -2.734271E-02
  3.782000E+03 -2.851885E-02
  3.782500E+03 -2.870292E-02
  3.783000E+03 -2.781741E-02
  3.783500E+03 -2.580816E-02
  3.784000E+03 -2.264651E-02
  3.784500E+03 -1.833102E-02
  3.785000E+03 -1.288878E-02
  3.785500E+03 -6.376227E-03
  3.786000E+03  1.120566E-03
  3.786500E+03  9.486197E-03
  3.787000E+03  1.857690E-02
  3.787500E+03  2.822215E-02
  3.788000E+03  3.822700E-02
  3.788500E+03  4.837502E-02
  3.789000E+03  5.843199E-02
  3.789500E+03  6.815019E-02
  3.790000E+03  7.727324E-02
  3.790500E+03  8.554146E-02
  3.791000E+03  9.269763E-02
  3.791500E+03  9.849303E-02
  3.792000E+03  1.026936E-01
  3.792500E+03  1.050863E-01
  3.793000E+03  1.054849E-01
  3.793500E+03  1.037361E-01
  3.794000E+03  9.972430E-02
  3.794500E+03  9.337703E-02
  3.795000E+03  8.466833E-02
  3.795500E+03  7.362201E-02
  3.796000E+03  6.031368E-02
  3.796500E+03  4.487171E-02
  3.797000E+03  2.747697E-02
  3.797500E+03  8.361434E-03
  3.798000E+03 -1.219454E-02
  3.798500E+03 -3.386604E-02
  3.799000E+03 -5.628867E-02
  3.799500E+03 -7.906465E-02
  3.800000E+03 -1.017700E-01
  3.800500E+03 -1.239622E-01
  3.801000E+03 -1.451894E-01
  3.801500E+03 -1.649989E-01
  3.802000E+03 -1.829470E-01
  3.802500E+03 -1.986084E-01
  3.803000E+03 -2.115856E-01
  3.803500E+03 -2.215182E-01
  3.804000E+03 -2.280914E-01
  3.804500E+03 -2.310436E-01
  3.805000E+03 -2.301739E-01
  3.805500E+03 -2.253472E-01
  3.806000E+03 -2.164996E-01
  3.806500E+03 -2.036409E-01
  3.807000E+03 -1.868571E-01
  3.807500E+03 -1.663099E-01
  3.808000E+03 -1.422362E-01
  3.808500E+03 -1.149448E-01
  3.809000E+03 -8.481235E-02
  3.809500E+03 -5.227732E-02
  3.810000E+03 -1.783318E-02
  3.810500E+03  1.798004E-02
  3.811000E+03  5.458508E-02
  3.811500E+03  9.137773E-02
  3.812000E+03  1.277377E-01
  3.812500E+03  1.630401E-01
  3.813000E+03  1.966669E-01
  3.813500E+03  2.280189E-01
  3.814000E+03  2.565269E-01
  3.814500E+03  2.816627E-01
  3.815000E+03  3.029496E-01
  3.815500E+03  3.199717E-01
  3.816000E+03  3.323822E-01
  3.816500E+03  3.399106E-01
  3.817000E+03  3.423682E-01
  3.817500E+03  3.396524E-01
  3.818000E+03  3.317492E-01
  3.818500E+03  3.187341E-01
  3.819000E+03  3.007709E-01
  3.819500E+03  2.781097E-01
  3.820000E+03  2.510820E-01
  3.820500E+03  2.200956E-01
  3.821000E+03  1.856269E-01
  3.821500E+03  1.482125E-01
  3.822000E+03  1.084395E-01
  3.822500E+03  6.693495E-02
  3.823000E+03  2.435433E-02
  3.823500E+03 -1.863005E-02
  3.824000E+03 -6.134125E-02
  3.824500E+03 -1.031097E-01
  3.825000E+03 -1.432852E-01
  3.825500E+03 -1.812479E-01
  3.826000E+03 -2.164190E-01
  3.826500E+03 -2.482708E-01
  3.827000E+03 -2.763348E-01
  3.827500E+03 -3.002089E-01
  3.828000E+03 -3.195639E-01
  3.828500E+03 -3.341474E-01
  3.829000E+03 -3.437865E-01
  3.829500E+03 -3.483898E-01
  3.830000E+03 -3.479463E-01
  3.830500E+03 -3.425242E-01
  3.831000E+03 -3.322673E-01
  3.831500E+03 -3.173908E-01
  3.832000E+03 -2.981755E-01
  3.832500E+03 -2.749611E-01
  3.833000E+03 -2.481386E-01
  3.833500E+03 -2.181425E-01
  3.834000E+03 -1.854421E-01
  3.834500E+03 -1.505323E-01
  3.835000E+03 -1.139255E-01
  3.835500E+03 -7.614265E-02
  3.836000E+03 -3.770457E-02
  3.836500E+03  8.753973E-04
  3.837000E+03  3.909889E-02
  3.837500E+03  7.648900E-02
  3.838000E+03  1.125960E-01
  3.838500E+03  1.470023E-01
  3.839000E+03  1.793262E-01
  3.839500E+03  2.092254E-01
  3.840000E+03  2.363988E-01
  3.840500E+03  2.605881E-01
  3.841000E+03  2.815787E-01
  3.841500E+03  2.991993E-01
  3.842000E+03  3.133213E-01
  3.842500E+03  3.238580E-01
  3.843000E+03  3.307625E-01
  3.843500E+03  3.340265E-01
  3.844000E+03  3.336774E-01
  3.844500E+03  3.297770E-01
  3.845000E+03  3.224182E-01
  3.845500E+03  3.117236E-01
  3.846000E+03  2.978424E-01
  3.846500E+03  2.809490E-01
  3.847000E+03  2.612405E-01
  3.847500E+03  2.389349E-01
  3.848000E+03  2.142691E-01
  3.848500E+03  1.874974E-01
  3.849000E+03  1.588896E-01
  3.849500E+03  1.287297E-01
  3.850000E+03  9.731390E-02
  3.850500E+03  6.494916E-02
  3.851000E+03  3.195141E-02
  3.851500E+03 -1.356345E-03
  3.852000E+03 -3.464600E-02
  3.852500E+03 -6.758659E-02
  3.853000E+03 -9.984666E-02
  3.853500E+03 -1.310969E-01
  3.854000E+03 -1.610129E-01
  3.854500E+03 -1.892784E-01
  3.855000E+03 -2.155881E-01
  3.855500E+03 -2.396513E-01
  3.856000E+03 -2.611956E-01
  3.856500E+03 -2.799699E-01
  3.857000E+03 -2.957481E-01
  3.857500E+03 -3.083329E-01
  3.858000E+03 -3.175588E-01
  3.858500E+03 -3.232953E-01
  3.859000E+03 -3.254498E-01
  3.859500E+03 -3.239701E-01
  3.860000E+03 -3.188464E-01
  3.860500E+03 -3.101130E-01
  3.861000E+03 -2.978491E-01
  3.861500E+03 -2.821796E-01
  3.862000E+03 -2.632744E-01
  3.862500E+03 -2.413476E-01
  3.863000E+03 -2.166561E-01
  3.863500E+03 -1.894967E-01
  3.864000E+03 -1.602034E-01
  3.864500E+03 -1.291434E-01
  3.865000E+03 -9.671237E-02
  3.865500E+03 -6.332959E-02
  3.866000E+03 -2.943202E-02
  3.866500E+03  4.531901E-03
  3.867000E+03  3.810891E-02
  3.867500E+03  7.084784E-02
  3.868000E+03  1.023068E-01
  3.868500E+03  1.320602E-01
  3.869000E+03  1.597063E-01
  3.869500E+03  1.848733E-01
  3.870000E+03  2.072266E-01
  3.870500E+03  2.264747E-01
  3.871000E+03  2.423740E-01
  3.871500E+03  2.547341E-01
  3.872000E+03  2.634210E-01
  3.872500E+03  2.683600E-01
  3.873000E+03  2.695372E-01
  3.873500E+03  2.670001E-01
  3.874000E+03  2.608565E-01
  3.874500E+03  2.512731E-01
  3.875000E+03  2.384716E-01
  3.875500E+03  2.227250E-01
  3.876000E+03  2.043520E-01
  3.876500E+03  1.837105E-01
  3.877000E+03  1.611906E-01
  3.877500E+03  1.372063E-01
  3.878000E+03  1.121878E-01
  3.878500E+03  8.657178E-02
  3.879000E+03  6.079335E-02
  3.879500E+03  3.527678E-02
  3.880000E+03  1.042715E-02
  3.880500E+03 -1.337758E-02
  3.881000E+03 -3.579389E-02
  3.881500E+03 -5.651904E-02
  3.882000E+03 -7.529636E-02
  3.882500E+03 -9.191940E-02
  3.883000E+03 -1.062347E-01
  3.883500E+03 -1.181435E-01
  3.884000E+03 -1.276015E-01
  3.884500E+03 -1.346177E-01
  3.885000E+03 -1.392523E-01
  3.885500E+03 -1.416121E-01
  3.886000E+03 -1.418462E-01
  3.886500E+03 -1.401401E-01
  3.887000E+03 -1.367089E-01
  3.887500E+03 -1.317902E-01
  3.888000E+03 -1.256367E-01
  3.888500E+03 -1.185086E-01
  3.889000E+03 -1.106661E-01
  3.889500E+03 -1.023621E-01
  3.890000E+03 -9.383586E-02
  3.890500E+03 -8.530674E-02
  3.891000E+03 -7.696958E-02
  3.891500E+03 -6.899048E-02
  3.892000E+03 -6.150395E-02
  3.892500E+03 -5.461120E-02
  3.893000E+03 -4.837953E-02
  3.893500E+03 -4.284293E-02
  3.894000E+03 -3.800374E-02
  3.894500E+03 -3.383525E-02
  3.895000E+03 -3.028523E-02
  3.895500E+03 -2.728007E-02
  3.896000E+03 -2.472954E-02
  3.896500E+03 -2.253178E-02
  3.897000E+03 -2.057851E-02
  3.897500E+03 -1.876013E-02
  3.898000E+03 -1.697057E-02
  3.898500E+03 -1.511181E-02
  3.899000E+03 -1.309774E-02
  3.899500E+03 -1.085731E-02
  3.900000E+03 -8.337041E-03
  3.900500E+03 -5.502486E-03
  3.901000E+03 -2.338973E-03
  3.901500E+03  1.148610E-03
  3.902000E+03  4.936829E-03
  3.902500E+03  8.985485E-03
  3.903000E+03  1.324005E-02
  3.903500E+03  1.763461E-02
  3.904000E+03  2.209526E-02
  3.904500E+03  2.654365E-02
  3.905000E+03  3.090066E-02
  3.905500E+03  3.508998E-02
  3.906000E+03  3.904139E-02
  3.906500E+03  4.269374E-02
  3.907000E+03  4.599737E-02
  3.907500E+03  4.891595E-02
  3.908000E+03  5.142761E-02
  3.908500E+03  5.352537E-02
  3.909000E+03  5.521691E-02
  3.909500E+03  5.652347E-02
  3.910000E+03  5.747829E-02
  3.910500E+03  5.812428E-02
  3.911000E+03  5.851139E-02
  3.911500E+03  5.869350E-02
  3.912000E+03  5.872514E-02
  3.912500E+03  5.865817E-02
  3.913000E+03  5.853852E-02
  3.913500E+03  5.840315E-02
  3.914000E+03  5.827742E-02
  3.914500E+03  5.817296E-02
  3.915000E+03  5.808613E-02
  3.915500E+03  5.799717E-02
  3.916000E+03  5.787012E-02
  3.916500E+03  5.765351E-02
  3.917000E+03  5.728180E-02
  3.917500E+03  5.667759E-02
  3.918000E+03  5.575448E-02
  3.918500E+03  5.442052E-02
  3.919000E+03  5.258210E-02
  3.919500E+03  5.014819E-02
  3.920000E+03  4.703476E-02
  3.920500E+03  4.316920E-02
  3.921000E+03  3.849454E-02
  3.921500E+03  3.297348E-02
  3.922000E+03  2.659178E-02
  3.922500E+03  1.936117E-02
  3.923000E+03  1.132142E-02
  3.923500E+03  2.541637E-03
  3.924000E+03 -6.879396E-03
  3.924500E+03 -1.681385E-02
  3.925000E+03 -2.710644E-02
  3.925500E+03 -3.757695E-02
  3.926000E+03 -4.802378E-02
  3.926500E+03 -5.822813E-02
  3.927000E+03 -6.795911E-02
  3.927500E+03 -7.697932E-02
  3.928000E+03 -8.505087E-02
  3.928500E+03 -9.194174E-02
  3.929000E+03 -9.743213E-02
  3.929500E+03 -1.013208E-01
  3.930000E+03 -1.034313E-01
  3.930500E+03 -1.036170E-01
  3.931000E+03 -1.017668E-01
  3.931500E+03 -9.780871E-02
  3.932000E+03 -9.171366E-02
  3.932500E+03 -8.349745E-02
  3.933000E+03 -7.322223E-02
  3.933500E+03 -6.099659E-02
  3.934000E+03 -4.697457E-02
  3.934500E+03 -3.135360E-02
  3.935000E+03 -1.437132E-02
  3.935500E+03  3.698570E-03
  3.936000E+03  2.255133E-02
  3.936500E+03  4.185706E-02
  3.937000E+03  6.126714E-02
  3.937500E+03  8.042117E-02
  3.938000E+03  9.895431E-02
  3.938500E+03  1.165046E-01
  3.939000E+03  1.327206E-01
  3.939500E+03  1.472684E-01
  3.940000E+03  1.598385E-01
  3.940500E+03  1.701525E-01
  3.941000E+03  1.779687E-01
  3.941500E+03  1.830871E-01
  3.942000E+03  1.853539E-01
  3.942500E+03  1.846644E-01
  3.943000E+03  1.809659E-01
  3.943500E+03  1.742585E-01
  3.944000E+03  1.645959E-01
  3.944500E+03  1.520848E-01
  3.945000E+03  1.368828E-01
  3.945500E+03  1.191967E-01
  3.946000E+03  9.927857E-02
  3.946500E+03  7.742193E-02
  3.947000E+03  5.395690E-02
  3.947500E+03  2.924489E-02
  3.948000E+03  3.672727E-03
  3.948500E+03 -2.235356E-02
  3.949000E+03 -4.841521E-02
  3.949500E+03 -7.408737E-02
  3.950000E+03 -9.894581E-02
  3.950500E+03 -1.225736E-01
  3.951000E+03 -1.445676E-01
  3.951500E+03 -1.645449E-01
  3.952000E+03 -1.821484E-01
  3.952500E+03 -1.970530E-01
  3.953000E+03 -2.089702E-01
  3.953500E+03 -2.176532E-01
  3.954000E+03 -2.229003E-01
  3.954500E+03 -2.245589E-01
  3.955000E+03 -2.225280E-01
  3.955500E+03 -2.167600E-01
  3.956000E+03 -2.072623E-01
  3.956500E+03 -1.940978E-01
  3.957000E+03 -1.773843E-01
  3.957500E+03 -1.572938E-01
  3.958000E+03 -1.340507E-01
  3.958500E+03 -1.079290E-01
  3.959000E+03 -7.924918E-02
  3.959500E+03 -4.837412E-02
  3.960000E+03 -1.570447E-02
  3.960500E+03  1.832672E-02
  3.961000E+03  5.325982E-02
  3.961500E+03  8.861493E-02
  3.962000E+03  1.238987E-01
  3.962500E+03  1.586111E-01
  3.963000E+03  1.922532E-01
  3.963500E+03  2.243339E-01
  3.964000E+03  2.543777E-01
  3.964500E+03  2.819318E-01
  3.965000E+03  3.065730E-01
  3.965500E+03  3.279143E-01
  3.966000E+03  3.456112E-01
  3.966500E+03  3.593673E-01
  3.967000E+03  3.689388E-01
  3.967500E+03  3.741391E-01
  3.968000E+03  3.748420E-01
  3.968500E+03  3.709838E-01
  3.969000E+03  3.625649E-01
  3.969500E+03  3.496506E-01
  3.970000E+03  3.323698E-01
  3.970500E+03  3.109142E-01
  3.971000E+03  2.855355E-01
  3.971500E+03  2.565419E-01
  3.972000E+03  2.242939E-01
  3.972500E+03  1.891994E-01
  3.973000E+03  1.517075E-01
  3.973500E+03  1.123025E-01
  3.974000E+03  7.149676E-02
  3.974500E+03  2.982329E-02
  3.975000E+03 -1.217157E-02
  3.975500E+03 -5.393608E-02
  3.976000E+03 -9.492091E-02
  3.976500E+03 -1.345868E-01
  3.977000E+03 -1.724122E-01
  3.977500E+03 -2.079004E-01
  3.978000E+03 -2.405864E-01
  3.978500E+03 -2.700433E-01
  3.979000E+03 -2.958883E-01
  3.979500E+03 -3.177875E-01
  3.980000E+03 -3.354605E-01
  3.980500E+03 -3.486843E-01
  3.981000E+03 -3.572960E-01
  3.981500E+03 -3.611950E-01
  3.982000E+03 -3.603442E-01
  3.982500E+03 -3.547703E-01
  3.983000E+03 -3.445637E-01
  3.983500E+03 -3.298767E-01
  3.984000E+03 -3.109218E-01
  3.984500E+03 -2.879682E-01
  3.985000E+03 -2.613387E-01
  3.985500E+03 -2.314047E-01
  3.986000E+03 -1.985815E-01
  3.986500E+03 -1.633219E-01
  3.987000E+03 -1.261105E-01
  3.987500E+03 -8.745668E-02
  3.988000E+03 -4.788732E-02
  3.988500E+03 -7.939420E-03
  3.989000E+03  3.184750E-02
  3.989500E+03  7.093917E-02
  3.990000E+03  1.088141E-01
  3.990500E+03  1.449714E-01
  3.991000E+03  1.789373E-01
  3.991500E+03  2.102727E-01
  3.992000E+03  2.385789E-01
  3.992500E+03  2.635033E-01
  3.993000E+03  2.847443E-01
  3.993500E+03  3.020552E-01
  3.994000E+03  3.152471E-01
  3.994500E+03  3.241913E-01
  3.995000E+03  3.288203E-01
  3.995500E+03  3.291273E-01
  3.996000E+03  3.251658E-01
  3.996500E+03  3.170468E-01
  3.997000E+03  3.049366E-01
  3.997500E+03  2.890520E-01
  3.998000E+03  2.696561E-01
  3.998500E+03  2.470525E-01
  3.999000E+03  2.215795E-01
  3.999500E+03  1.936038E-01
  4.000000E+03  1.635132E-01
  4.000500E+03  1.317105E-01
  4.001000E+03  9.860633E-02
  4.001500E+03  6.461277E-02
  4.002000E+03  3.013706E-02
  4.002500E+03 -4.424086E-03
  4.003000E+03 -3.868961E-02
  4.003500E+03 -7.229858E-02
  4.004000E+03 -1.049139E-01
  4.004500E+03 -1.362251E-01
  4.005000E+03 -1.659508E-01
  4.005500E+03 -1.938396E-01
  4.006000E+03 -2.196710E-01
  4.006500E+03 -2.432549E-01
  4.007000E+03 -2.644316E-01
  4.007500E+03 -2.830695E-01
  4.008000E+03 -2.990646E-01
  4.008500E+03 -3.123377E-01
  4.009000E+03 -3.228330E-01
  4.009500E+03 -3.305155E-01
  4.010000E+03 -3.353693E-01
  4.010500E+03 -3.373959E-01
  4.011000E+03 -3.366122E-01
  4.011500E+03 -3.330499E-01
  4.012000E+03 -3.267541E-01
  4.012500E+03 -3.177834E-01
  4.013000E+03 -3.062094E-01
  4.013500E+03 -2.921174E-01
  4.014000E+03 -2.756071E-01
  4.014500E+03 -2.567931E-01
  4.015000E+03 -2.358064E-01
  4.015500E+03 -2.127953E-01
  4.016000E+03 -1.879265E-01
  4.016500E+03 -1.613861E-01
  4.017000E+03 -1.333798E-01
  4.017500E+03 -1.041340E-01
  4.018000E+03 -7.389435E-02
  4.018500E+03 -4.292601E-02
  4.019000E+03 -1.151161E-02
  4.019500E+03  2.005058E-02
  4.020000E+03  5.144937E-02
  4.020500E+03  8.236399E-02
  4.021000E+03  1.124680E-01
  4.021500E+03  1.414335E-01
  4.022000E+03  1.689364E-01
  4.022500E+03  1.946608E-01
  4.023000E+03  2.183049E-01
  4.023500E+03  2.395858E-01
  4.024000E+03  2.582450E-01
  4.024500E+03  2.740528E-01
  4.025000E+03  2.868133E-01
  4.025500E+03  2.963677E-01
  4.026000E+03  3.025978E-01
  4.026500E+03  3.054284E-01
  4.027000E+03  3.048289E-01
  4.027500E+03  3.008139E-01
  4.028000E+03  2.934430E-01
  4.028500E+03  2.828197E-01
  4.029000E+03  2.690893E-01
  4.029500E+03  2.524363E-01
  4.030000E+03  2.330804E-01
  4.030500E+03  2.112729E-01
  4.031000E+03  1.872917E-01
  4.031500E+03  1.614364E-01
  4.032000E+03  1.340227E-01
  4.032500E+03  1.053776E-01
  4.033000E+03  7.583390E-02
  4.033500E+03  4.572491E-02
  4.034000E+03  1.537997E-02
  4.034500E+03 -1.488004E-02
  4.035000E+03 -4.474655E-02
  4.035500E+03 -7.392657E-02
  4.036000E+03 -1.021454E-01
  4.036500E+03 -1.291488E-01
  4.037000E+03 -1.547042E-01
  4.037500E+03 -1.786018E-01
  4.038000E+03 -2.006549E-01
  4.038500E+03 -2.206998E-01
  4.039000E+03 -2.385949E-01
  4.039500E+03 -2.542204E-01
  4.040000E+03 -2.674769E-01
  4.040500E+03 -2.782841E-01
  4.041000E+03 -2.865799E-01
  4.041500E+03 -2.923190E-01
  4.042000E+03 -2.954719E-01
  4.042500E+03 -2.960238E-01
  4.043000E+03 -2.939743E-01
  4.043500E+03 -2.893369E-01
  4.044000E+03 -2.821387E-01
  4.044500E+03 -2.724208E-01
  4.045000E+03 -2.602386E-01
  4.045500E+03 -2.456628E-01
  4.046000E+03 -2.287795E-01
  4.046500E+03 -2.096922E-01
  4.047000E+03 -1.885217E-01
  4.047500E+03 -1.654081E-01
  4.048000E+03 -1.405110E-01
  4.048500E+03 -1.140102E-01
  4.049000E+03 -8.610678E-02
  4.049500E+03 -5.702232E-02
  4.050000E+03 -2.699916E-02
  4.050500E+03  3.700579E-03
  4.051000E+03  3.479626E-02
  4.051500E+03  6.599048E-02
  4.052000E+03  9.697146E-02
  4.052500E+03  1.274158E-01
  4.053000E+03  1.569921E-01
  4.053500E+03  1.853645E-01
  4.054000E+03  2.121972E-01
  4.054500E+03  2.371588E-01
  4.055000E+03  2.599277E-01
  4.055500E+03  2.801967E-01
  4.056000E+03  2.976787E-01
  4.056500E+03  3.121112E-01
  4.057000E+03  3.232622E-01
  4.057500E+03  3.309342E-01
  4.058000E+03  3.349693E-01
  4.058500E+03  3.352528E-01
  4.059000E+03  3.317168E-01
  4.059500E+03  3.243429E-01
  4.060000E+03  3.131643E-01
  4.060500E+03  2.982666E-01
  4.061000E+03  2.797887E-01
  4.061500E+03  2.579218E-01
  4.062000E+03  2.329078E-01
  4.062500E+03  2.050368E-01
  4.063000E+03  1.746439E-01
  4.063500E+03  1.421045E-01
  4.064000E+03  1.078293E-01
  4.064500E+03  7.225822E-02
  4.065000E+03  3.585404E-02
  4.065500E+03 -9.049059E-04
  4.066000E+03 -3.753220E-02
  4.066500E+03 -7.354111E-02
  4.067000E+03 -1.084525E-01
  4.067500E+03 -1.418026E-01
  4.068000E+03 -1.731507E-01
  4.068500E+03 -2.020862E-01
  4.069000E+03 -2.282356E-01
  4.069500E+03 -2.512680E-01
  4.070000E+03 -2.709008E-01
  4.070500E+03 -2.869036E-01
  4.071000E+03 -2.991016E-01
  4.071500E+03 -3.073776E-01
  4.072000E+03 -3.116734E-01
  4.072500E+03 -3.119893E-01
  4.073000E+03 -3.083831E-01
  4.073500E+03 -3.009676E-01
  4.074000E+03 -2.899078E-01
  4.074500E+03 -2.754163E-01
  4.075000E+03 -2.577485E-01
  4.075500E+03 -2.371969E-01
  4.076000E+03 -2.140854E-01
  4.076500E+03 -1.887624E-01
  4.077000E+03 -1.615947E-01
  4.077500E+03 -1.329605E-01
  4.078000E+03 -1.032434E-01
  4.078500E+03 -7.282613E-02
  4.079000E+03 -4.208503E-02
  4.079500E+03 -1.138486E-02
  4.080000E+03  1.892555E-02
  4.080500E+03  4.851704E-02
  4.081000E+03  7.708310E-02
  4.081500E+03  1.043421E-01
  4.082000E+03  1.300388E-01
  4.082500E+03  1.539451E-01
  4.083000E+03  1.758604E-01
  4.083500E+03  1.956110E-01
  4.084000E+03  2.130494E-01
  4.084500E+03  2.280533E-01
  4.085000E+03  2.405243E-01
  4.085500E+03  2.503862E-01
  4.086000E+03  2.575838E-01
  4.086500E+03  2.620816E-01
  4.087000E+03  2.638625E-01
  4.087500E+03  2.629271E-01
  4.088000E+03  2.592931E-01
  4.088500E+03  2.529949E-01
  4.089000E+03  2.440839E-01
  4.089500E+03  2.326286E-01
  4.090000E+03  2.187153E-01
  4.090500E+03  2.024490E-01
  4.091000E+03  1.839541E-01
  4.091500E+03  1.633751E-01
  4.092000E+03  1.408778E-01
  4.092500E+03  1.166492E-01
  4.093000E+03  9.089828E-02
  4.093500E+03  6.385568E-02
  4.094000E+03  3.577285E-02
  4.094500E+03  6.920934E-03
  4.095000E+03 -2.241100E-02
  4.095500E+03 -5.191842E-02
  4.096000E+03 -8.128439E-02
  4.096500E+03 -1.101831E-01
  4.097000E+03 -1.382841E-01
  4.097500E+03 -1.652568E-01
  4.098000E+03 -1.907754E-01
  4.098500E+03 -2.145240E-01
  4.099000E+03 -2.362019E-01
  4.099500E+03 -2.555288E-01
  4.100000E+03 -2.722497E-01
  4.100500E+03 -2.861397E-01
  4.101000E+03 -2.970082E-01
  4.101500E+03 -3.047026E-01
  4.102000E+03 -3.091111E-01
  4.102500E+03 -3.101653E-01
  4.103000E+03 -3.078412E-01
  4.103500E+03 -3.021600E-01
  4.104000E+03 -2.931877E-01
  4.104500E+03 -2.810340E-01
  4.105000E+03 -2.658503E-01
  4.105500E+03 -2.478271E-01
  4.106000E+03 -2.271906E-01
  4.106500E+03 -2.041987E-01
  4.107000E+03 -1.791369E-01
  4.107500E+03 -1.523134E-01
  4.108000E+03 -1.240543E-01
  4.108500E+03 -9.469871E-02
  4.109000E+03 -6.459373E-02
  4.109500E+03 -3.408960E-02
  4.110000E+03 -3.535135E-03
  4.110500E+03  2.672661E-02
  4.111000E+03  5.636231E-02
  4.111500E+03  8.505199E-02
  4.112000E+03  1.124922E-01
  4.112500E+03  1.383988E-01
  4.113000E+03  1.625093E-01
  4.113500E+03  1.845850E-01
  4.114000E+03  2.044124E-01
  4.114500E+03  2.218048E-01
  4.115000E+03  2.366030E-01
  4.115500E+03  2.486764E-01
  4.116000E+03  2.579236E-01
  4.116500E+03  2.642726E-01
  4.117000E+03  2.676810E-01
  4.117500E+03  2.681367E-01
  4.118000E+03  2.656570E-01
  4.118500E+03  2.602892E-01
  4.119000E+03  2.521099E-01
  4.119500E+03  2.412244E-01
  4.120000E+03  2.277663E-01
  4.120500E+03  2.118961E-01
  4.121000E+03  1.938000E-01
  4.121500E+03  1.736888E-01
  4.122000E+03  1.517951E-01
  4.122500E+03  1.283719E-01
  4.123000E+03  1.036891E-01
  4.123500E+03  7.803136E-02
  4.124000E+03  5.169389E-02
  4.124500E+03  2.497945E-02
  4.125000E+03 -1.805858E-03
  4.125500E+03 -2.835656E-02
  4.126000E+03 -5.437205E-02
  4.126500E+03 -7.956079E-02
  4.127000E+03 -1.036444E-01
  4.127500E+03 -1.263618E-01
  4.128000E+03 -1.474726E-01
  4.128500E+03 -1.667608E-01
  4.129000E+03 -1.840375E-01
  4.129500E+03 -1.991434E-01
  4.130000E+03 -2.119506E-01
  4.130500E+03 -2.223634E-01
  4.131000E+03 -2.303198E-01
  4.131500E+03 -2.357903E-01
  4.132000E+03 -2.387779E-01
  4.132500E+03 -2.393165E-01
  4.133000E+03 -2.374692E-01
  4.133500E+03 -2.333257E-01
  4.134000E+03 -2.269997E-01
  4.134500E+03 -2.186261E-01
  4.135000E+03 -2.083572E-01
  4.135500E+03 -1.963602E-01
  4.136000E+03 -1.828131E-01
  4.136500E+03 -1.679023E-01
  4.137000E+03 -1.518189E-01
  4.137500E+03 -1.347563E-01
  4.138000E+03 -1.169080E-01
  4.138500E+03 -9.846509E-02
  4.139000E+03 -7.961498E-02
  4.139500E+03 -6.053983E-02
  4.140000E+03 -4.141576E-02
  4.140500E+03 -2.241218E-02
  4.141000E+03 -3.691509E-03
  4.141500E+03  1.459098E-02
  4.142000E+03  3.228710E-02
  4.142500E+03  4.925561E-02
  4.143000E+03  6.536209E-02
  4.143500E+03  8.047890E-02
  4.144000E+03  9.448517E-02
  4.144500E+03  1.072671E-01
  4.145000E+03  1.187182E-01
  4.145500E+03  1.287403E-01
  4.146000E+03  1.372441E-01
  4.146500E+03  1.441504E-01
  4.147000E+03  1.493914E-01
  4.147500E+03  1.529122E-01
  4.148000E+03  1.546724E-01
  4.148500E+03  1.546474E-01
  4.149000E+03  1.528302E-01
  4.149500E+03  1.492328E-01
  4.150000E+03  1.438871E-01
  4.150500E+03  1.368461E-01
  4.151000E+03  1.281841E-01
  4.151500E+03  1.179970E-01
  4.152000E+03  1.064022E-01
  4.152500E+03  9.353708E-02
  4.153000E+03  7.955846E-02
  4.153500E+03  6.464024E-02
  4.154000E+03  4.897136E-02
  4.154500E+03  3.275307E-02
  4.155000E+03  1.619589E-02
  4.155500E+03 -4.836646E-04
  4.156000E+03 -1.706657E-02
  4.156500E+03 -3.333489E-02
  4.157000E+03 -4.907532E-02
  4.157500E+03 -6.408270E-02
  4.158000E+03 -7.816319E-02
  4.158500E+03 -9.113736E-02
  4.159000E+03 -1.028427E-01
  4.159500E+03 -1.131360E-01
  4.160000E+03 -1.218947E-01
  4.160500E+03 -1.290188E-01
  4.161000E+03 -1.344310E-01
  4.161500E+03 -1.380770E-01
  4.162000E+03 -1.399259E-01
  4.162500E+03 -1.399688E-01
  4.163000E+03 -1.382182E-01
  4.163500E+03 -1.347069E-01
  4.164000E+03 -1.294859E-01
  4.164500E+03 -1.226231E-01
  4.165000E+03 -1.142017E-01
  4.165500E+03 -1.043177E-01
  4.166000E+03 -9.307901E-02
  4.166500E+03 -8.060319E-02
  4.167000E+03 -6.701625E-02
  4.167500E+03 -5.245127E-02
  4.168000E+03 -3.704728E-02
  4.168500E+03 -2.094828E-02
  4.169000E+03 -4.302559E-03
  4.169500E+03  1.273798E-02
  4.170000E+03  3.001832E-02
  4.170500E+03  4.738073E-02
  4.171000E+03  6.466525E-02
  4.171500E+03  8.171015E-02
  4.172000E+03  9.835251E-02
  4.172500E+03  1.144290E-01
  4.173000E+03  1.297766E-01
  4.173500E+03  1.442341E-01
  4.174000E+03  1.576433E-01
  4.174500E+03  1.698505E-01
  4.175000E+03  1.807088E-01
  4.175500E+03  1.900798E-01
  4.176000E+03  1.978362E-01
  4.176500E+03  2.038640E-01
  4.177000E+03  2.080652E-01
  4.177500E+03  2.103599E-01
  4.178000E+03  2.106890E-01
  4.178500E+03  2.090163E-01
  4.179000E+03  2.053299E-01
  4.179500E+03  1.996444E-01
  4.180000E+03  1.920014E-01
  4.180500E+03  1.824701E-01
  4.181000E+03  1.711473E-01
  4.181500E+03  1.581568E-01
  4.182000E+03  1.436478E-01
  4.182500E+03  1.277934E-01
  4.183000E+03  1.107873E-01
  4.183500E+03  9.284157E-02
  4.184000E+03  7.418214E-02
  4.184500E+03  5.504529E-02
  4.185000E+03  3.567301E-02
  4.185500E+03  1.630846E-02
  4.186000E+03 -2.808780E-03
  4.186500E+03 -2.144737E-02
  4.187000E+03 -3.938870E-02
  4.187500E+03 -5.643116E-02
  4.188000E+03 -7.239385E-02
  4.188500E+03 -8.711993E-02
  4.189000E+03 -1.004792E-01
  4.189500E+03 -1.123702E-01
  4.190000E+03 -1.227211E-01
  4.190500E+03 -1.314904E-01
  4.191000E+03 -1.386662E-01
  4.191500E+03 -1.442653E-01
  4.192000E+03 -1.483309E-01
  4.192500E+03 -1.509302E-01
  4.193000E+03 -1.521510E-01
  4.193500E+03 -1.520977E-01
  4.194000E+03 -1.508874E-01
  4.194500E+03 -1.486453E-01
  4.195000E+03 -1.455000E-01
  4.195500E+03 -1.415793E-01
  4.196000E+03 -1.370054E-01
  4.196500E+03 -1.318912E-01
  4.197000E+03 -1.263363E-01
  4.197500E+03 -1.204244E-01
  4.198000E+03 -1.142206E-01
  4.198500E+03 -1.077697E-01
  4.199000E+03 -1.010957E-01
  4.199500E+03 -9.420167E-02
  4.200000E+03 -8.707041E-02
  4.200500E+03 -7.966653E-02
  4.201000E+03 -7.193877E-02
  4.201500E+03 -6.382322E-02
  4.202000E+03 -5.524716E-02
  4.202500E+03 -4.613350E-02
  4.203000E+03 -3.640538E-02
  4.203500E+03 -2.599122E-02
  4.204000E+03 -1.482967E-02
  4.204500E+03 -2.874514E-03
  4.205000E+03  9.900645E-03
  4.205500E+03  2.349822E-02
  4.206000E+03  3.789300E-02
  4.206500E+03  5.302925E-02
  4.207000E+03  6.881862E-02
  4.207500E+03  8.513906E-02
  4.208000E+03  1.018347E-01
  4.208500E+03  1.187168E-01
  4.209000E+03  1.355659E-01
  4.209500E+03  1.521345E-01
  4.210000E+03  1.681517E-01
  4.210500E+03  1.833279E-01
  4.211000E+03  1.973610E-01
  4.211500E+03  2.099423E-01
  4.212000E+03  2.207646E-01
  4.212500E+03  2.295288E-01
  4.213000E+03  2.359520E-01
  4.213500E+03  2.397753E-01
  4.214000E+03  2.407709E-01
  4.214500E+03  2.387492E-01
  4.215000E+03  2.335654E-01
  4.215500E+03  2.251247E-01
  4.216000E+03  2.133875E-01
  4.216500E+03  1.983724E-01
  4.217000E+03  1.801588E-01
  4.217500E+03  1.588877E-01
  4.218000E+03  1.347614E-01
  4.218500E+03  1.080418E-01
  4.219000E+03  7.904720E-02
  4.219500E+03  4.814783E-02
  4.220000E+03  1.576013E-02
  4.220500E+03 -1.766008E-02
  4.221000E+03 -5.162534E-02
  4.221500E+03 -8.562524E-02
  4.222000E+03 -1.191356E-01
  4.222500E+03 -1.516283E-01
  4.223000E+03 -1.825809E-01
  4.223500E+03 -2.114866E-01
  4.224000E+03 -2.378640E-01
  4.224500E+03 -2.612661E-01
  4.225000E+03 -2.812888E-01
  4.225500E+03 -2.975789E-01
  4.226000E+03 -3.098406E-01
  4.226500E+03 -3.178409E-01
  4.227000E+03 -3.214144E-01
  4.227500E+03 -3.204661E-01
  4.228000E+03 -3.149731E-01
  4.228500E+03 -3.049850E-01
  4.229000E+03 -2.906227E-01
  4.229500E+03 -2.720761E-01
  4.230000E+03 -2.496006E-01
  4.230500E+03 -2.235122E-01
  4.231000E+03 -1.941816E-01
  4.231500E+03 -1.620280E-01
  4.232000E+03 -1.275109E-01
  4.232500E+03 -9.112305E-02
  4.233000E+03 -5.338113E-02
  4.233500E+03 -1.481777E-02
  4.234000E+03  2.402745E-02
  4.234500E+03  6.261649E-02
  4.235000E+03  1.004213E-01
  4.235500E+03  1.369316E-01
  4.236000E+03  1.716627E-01
  4.236500E+03  2.041618E-01
  4.237000E+03  2.340145E-01
  4.237500E+03  2.608500E-01
  4.238000E+03  2.843455E-01
  4.238500E+03  3.042298E-01
  4.239000E+03  3.202862E-01
  4.239500E+03  3.323537E-01
  4.240000E+03  3.403288E-01
  4.240500E+03  3.441647E-01
  4.241000E+03  3.438709E-01
  4.241500E+03  3.395119E-01
  4.242000E+03  3.312045E-01
  4.242500E+03  3.191153E-01
  4.243000E+03  3.034572E-01
  4.243500E+03  2.844855E-01
  4.244000E+03  2.624937E-01
  4.244500E+03  2.378088E-01
  4.245000E+03  2.107865E-01
  4.245500E+03  1.818062E-01
  4.246000E+03  1.512656E-01
  4.246500E+03  1.195759E-01
  4.247000E+03  8.715669E-02
  4.247500E+03  5.443031E-02
  4.248000E+03  2.181745E-02
  4.248500E+03 -1.026790E-02
  4.249000E+03 -4.142299E-02
  4.249500E+03 -7.126070E-02
  4.250000E+03 -9.941356E-02
  4.250500E+03 -1.255377E-01
  4.251000E+03 -1.493161E-01
  4.251500E+03 -1.704623E-01
  4.252000E+03 -1.887226E-01
  4.252500E+03 -2.038792E-01
  4.253000E+03 -2.157521E-01
  4.253500E+03 -2.242009E-01
  4.254000E+03 -2.291265E-01
  4.254500E+03 -2.304723E-01
  4.255000E+03 -2.282247E-01
  4.255500E+03 -2.224139E-01
  4.256000E+03 -2.131137E-01
  4.256500E+03 -2.004412E-01
  4.257000E+03 -1.845563E-01
  4.257500E+03 -1.656601E-01
  4.258000E+03 -1.439941E-01
  4.258500E+03 -1.198375E-01
  4.259000E+03 -9.350522E-02
  4.259500E+03 -6.534496E-02
  4.260000E+03 -3.573381E-02
  4.260500E+03 -5.074528E-03
  4.261000E+03  2.620867E-02
  4.261500E+03  5.767483E-02
  4.262000E+03  8.887131E-02
  4.262500E+03  1.193393E-01
  4.263000E+03  1.486197E-01
  4.263500E+03  1.762592E-01
  4.264000E+03  2.018168E-01
  4.264500E+03  2.248703E-01
  4.265000E+03  2.450227E-01
  4.265500E+03  2.619094E-01
  4.266000E+03  2.752040E-01
  4.266500E+03  2.846251E-01
  4.267000E+03  2.899416E-01
  4.267500E+03  2.909784E-01
  4.268000E+03  2.876209E-01
  4.268500E+03  2.798190E-01
  4.269000E+03  2.675899E-01
  4.269500E+03  2.510203E-01
  4.270000E+03  2.302670E-01
  4.270500E+03  2.055569E-01
  4.271000E+03  1.771850E-01
  4.271500E+03  1.455119E-01
  4.272000E+03  1.109595E-01
  4.272500E+03  7.400538E-02
  4.273000E+03  3.517628E-02
  4.273500E+03 -4.959835E-03
  4.274000E+03 -4.580267E-02
  4.274500E+03 -8.672936E-02
  4.275000E+03 -1.271050E-01
  4.275500E+03 -1.662938E-01
  4.276000E+03 -2.036702E-01
  4.276500E+03 -2.386306E-01
  4.277000E+03 -2.706049E-01
  4.277500E+03 -2.990667E-01
  4.278000E+03 -3.235444E-01
  4.278500E+03 -3.436300E-01
  4.279000E+03 -3.589880E-01
  4.279500E+03 -3.693619E-01
  4.280000E+03 -3.745801E-01
  4.280500E+03 -3.745597E-01
  4.281000E+03 -3.693085E-01
  4.281500E+03 -3.589258E-01
  4.282000E+03 -3.436007E-01
  4.282500E+03 -3.236085E-01
  4.283000E+03 -2.993063E-01
  4.283500E+03 -2.711256E-01
  4.284000E+03 -2.395646E-01
  4.284500E+03 -2.051782E-01
  4.285000E+03 -1.685673E-01
  4.285500E+03 -1.303669E-01
  4.286000E+03 -9.123433E-02
  4.286500E+03 -5.183584E-02
  4.287000E+03 -1.283411E-02
  4.287500E+03  2.512456E-02
  4.288000E+03  6.142240E-02
  4.288500E+03  9.548173E-02
  4.289000E+03  1.267755E-01
  4.289500E+03  1.548365E-01
  4.290000E+03  1.792657E-01
  4.290500E+03  1.997383E-01
  4.291000E+03  2.160088E-01
  4.291500E+03  2.279143E-01
  4.292000E+03  2.353754E-01
  4.292500E+03  2.383962E-01
  4.293000E+03  2.370623E-01
  4.293500E+03  2.315369E-01
  4.294000E+03  2.220560E-01
  4.294500E+03  2.089218E-01
  4.295000E+03  1.924952E-01
  4.295500E+03  1.731873E-01
  4.296000E+03  1.514503E-01
  4.296500E+03  1.277676E-01
  4.297000E+03  1.026437E-01
  4.297500E+03  7.659473E-02
  4.298000E+03  5.013792E-02
  4.298500E+03  2.378248E-02
  4.299000E+03 -1.979559E-03
  4.299500E+03 -2.668151E-02
  4.300000E+03 -4.988953E-02
  4.300500E+03 -7.120907E-02
  4.301000E+03 -9.029038E-02
  4.301500E+03 -1.068329E-01
  4.302000E+03 -1.205884E-01
  4.302500E+03 -1.313636E-01
  4.303000E+03 -1.390208E-01
  4.303500E+03 -1.434782E-01
  4.304000E+03 -1.447095E-01
  4.304500E+03 -1.427413E-01
  4.305000E+03 -1.376517E-01
  4.305500E+03 -1.295663E-01
  4.306000E+03 -1.186553E-01
  4.306500E+03 -1.051287E-01
  4.307000E+03 -8.923226E-02
  4.307500E+03 -7.124280E-02
  4.308000E+03 -5.146305E-02
  4.308500E+03 -3.021692E-02
  4.309000E+03 -7.844464E-03
  4.309500E+03  1.530302E-02
  4.310000E+03  3.886783E-02
  4.310500E+03  6.249055E-02
  4.311000E+03  8.581459E-02
  4.311500E+03  1.084906E-01
  4.312000E+03  1.301806E-01
  4.312500E+03  1.505621E-01
  4.313000E+03  1.693318E-01
  4.313500E+03  1.862092E-01
  4.314000E+03  2.009404E-01
  4.314500E+03  2.133006E-01
  4.315000E+03  2.230976E-01
  4.315500E+03  2.301746E-01
  4.316000E+03  2.344121E-01
  4.316500E+03  2.357304E-01
  4.317000E+03  2.340913E-01
  4.317500E+03  2.294993E-01
  4.318000E+03  2.220024E-01
  4.318500E+03  2.116927E-01
  4.319000E+03  1.987059E-01
  4.319500E+03  1.832203E-01
  4.320000E+03  1.654555E-01
  4.320500E+03  1.456700E-01
  4.321000E+03  1.241585E-01
  4.321500E+03  1.012477E-01
  4.322000E+03  7.729215E-02
  4.322500E+03  5.266932E-02
  4.323000E+03  2.777363E-02
  4.323500E+03  3.010278E-03
  4.324000E+03 -2.121148E-02
  4.324500E+03 -4.448540E-02
  4.325000E+03 -6.641552E-02
  4.325500E+03 -8.662352E-02
  4.326000E+03 -1.047559E-01
  4.326500E+03 -1.204912E-01
  4.327000E+03 -1.335460E-01
  4.327500E+03 -1.436816E-01
  4.328000E+03 -1.507089E-01
  4.328500E+03 -1.544924E-01
  4.329000E+03 -1.549541E-01
  4.329500E+03 -1.520754E-01
  4.330000E+03 -1.458977E-01
  4.330500E+03 -1.365229E-01
  4.331000E+03 -1.241110E-01
  4.331500E+03 -1.088777E-01
  4.332000E+03 -9.109024E-02
  4.332500E+03 -7.106208E-02
  4.333000E+03 -4.914680E-02
  4.333500E+03 -2.573088E-02
  4.334000E+03 -1.225901E-03
  4.334500E+03  2.393986E-02
  4.335000E+03  4.933010E-02
  4.335500E+03  7.450933E-02
  4.336000E+03  9.905157E-02
  4.336500E+03  1.225488E-01
  4.337000E+03  1.446186E-01
  4.337500E+03  1.649119E-01
  4.338000E+03  1.831186E-01
  4.338500E+03  1.989733E-01
  4.339000E+03  2.122593E-01
  4.339500E+03  2.228118E-01
  4.340000E+03  2.305192E-01
  4.340500E+03  2.353239E-01
  4.341000E+03  2.372217E-01
  4.341500E+03  2.362593E-01
  4.342000E+03  2.325318E-01
  4.342500E+03  2.261788E-01
  4.343000E+03  2.173791E-01
  4.343500E+03  2.063460E-01
  4.344000E+03  1.933207E-01
  4.344500E+03  1.785668E-01
  4.345000E+03  1.623634E-01
  4.345500E+03  1.449991E-01
  4.346000E+03  1.267658E-01
  4.346500E+03  1.079532E-01
  4.347000E+03  8.884318E-02
  4.347500E+03  6.970563E-02
  4.348000E+03  5.079400E-02
  4.348500E+03  3.234227E-02
  4.349000E+03  1.456233E-02
  4.349500E+03 -2.357791E-03
  4.350000E+03 -1.825506E-02
  4.350500E+03 -3.299179E-02
  4.351000E+03 -4.645552E-02
  4.351500E+03 -5.855823E-02
  4.352000E+03 -6.923525E-02
  4.352500E+03 -7.844371E-02
  4.353000E+03 -8.616080E-02
  4.353500E+03 -9.238193E-02
  4.354000E+03 -9.711871E-02
  4.354500E+03 -1.003970E-01
  4.355000E+03 -1.022553E-01
  4.355500E+03 -1.027427E-01
  4.356000E+03 -1.019175E-01
  4.356500E+03 -9.984609E-02
  4.357000E+03 -9.660175E-02
  4.357500E+03 -9.226370E-02
  4.358000E+03 -8.691656E-02
  4.358500E+03 -8.064979E-02
  4.359000E+03 -7.355737E-02
  4.359500E+03 -6.573746E-02
  4.360000E+03 -5.729223E-02
  4.360500E+03 -4.832755E-02
  4.361000E+03 -3.895273E-02
  4.361500E+03 -2.928010E-02
  4.362000E+03 -1.942455E-02
  4.362500E+03 -9.502757E-03
  4.363000E+03  3.675310E-04
  4.363500E+03  1.006857E-02
  4.364000E+03  1.948378E-02
  4.364500E+03  2.849903E-02
  4.365000E+03  3.700412E-02
  4.365500E+03  4.489429E-02
  4.366000E+03  5.207182E-02
  4.366500E+03  5.844766E-02
  4.367000E+03  6.394297E-02
  4.367500E+03  6.849064E-02
  4.368000E+03  7.203664E-02
  4.368500E+03  7.454124E-02
  4.369000E+03  7.598003E-02
  4.369500E+03  7.634465E-02
  4.370000E+03  7.564331E-02
  4.370500E+03  7.390099E-02
  4.371000E+03  7.115941E-02
  4.371500E+03  6.747660E-02
  4.372000E+03  6.292621E-02
  4.372500E+03  5.759661E-02
  4.373000E+03  5.158954E-02
  4.373500E+03  4.501865E-02
  4.374000E+03  3.800770E-02
  4.374500E+03  3.068863E-02
  4.375000E+03  2.319931E-02
  4.375500E+03  1.568130E-02
  4.376000E+03  8.277315E-03
  4.376500E+03  1.128743E-03
  4.377000E+03 -5.627010E-03
  4.377500E+03 -1.185912E-02
  4.378000E+03 -1.744597E-02
  4.378500E+03 -2.227766E-02
  4.379000E+03 -2.625850E-02
  4.379500E+03 -2.930928E-02
  4.380000E+03 -3.136936E-02
  4.380500E+03 -3.239853E-02
  4.381000E+03 -3.237858E-02
  4.381500E+03 -3.131449E-02
  4.382000E+03 -2.923527E-02
  4.382500E+03 -2.619431E-02
  4.383000E+03 -2.226932E-02
  4.383500E+03 -1.756162E-02
  4.384000E+03 -1.219503E-02
  4.384500E+03 -6.314100E-03
  4.385000E+03 -8.174376E-05
  4.385500E+03  6.323605E-03
  4.386000E+03  1.271146E-02
  4.386500E+03  1.888322E-02
  4.387000E+03  2.463654E-02
  4.387500E+03  2.977014E-02
  4.388000E+03  3.408877E-02
  4.388500E+03  3.740846E-02
  4.389000E+03  3.956173E-02
  4.389500E+03  4.040275E-02
  4.390000E+03  3.981223E-02
  4.390500E+03  3.770194E-02
  4.391000E+03  3.401870E-02
  4.391500E+03  2.874766E-02
  4.392000E+03  2.191485E-02
  4.392500E+03  1.358865E-02
  4.393000E+03  3.880432E-03
  4.393500E+03 -7.056066E-03
  4.394000E+03 -1.902641E-02
  4.394500E+03 -3.179831E-02
  4.395000E+03 -4.510566E-02
  4.395500E+03 -5.865352E-02
  4.396000E+03 -7.212424E-02
  4.396500E+03 -8.518437E-02
  4.397000E+03 -9.749224E-02
  4.397500E+03 -1.087062E-01
  4.398000E+03 -1.184930E-01
  4.398500E+03 -1.265366E-01
  4.399000E+03 -1.325462E-01
  4.399500E+03 -1.362650E-01
  4.400000E+03 -1.374770E-01
  4.400500E+03 -1.360143E-01
  4.401000E+03 -1.317624E-01
  4.401500E+03 -1.246648E-01
  4.402000E+03 -1.147262E-01
  4.402500E+03 -1.020139E-01
  4.403000E+03 -8.665848E-02
  4.403500E+03 -6.885191E-02
  4.404000E+03 -4.884479E-02
  4.404500E+03 -2.694189E-02
  4.405000E+03 -3.496312E-03
  4.405500E+03  2.109763E-02
  4.406000E+03  4.641252E-02
  4.406500E+03  7.199693E-02
  4.407000E+03  9.738509E-02
  4.407500E+03  1.221070E-01
  4.408000E+03  1.456986E-01
  4.408500E+03  1.677120E-01
  4.409000E+03  1.877254E-01
  4.409500E+03  2.053517E-01
  4.410000E+03  2.202477E-01
  4.410500E+03  2.321207E-01
  4.411000E+03  2.407353E-01
  4.411500E+03  2.459178E-01
  4.412000E+03  2.475601E-01
  4.412500E+03  2.456213E-01
  4.413000E+03  2.401286E-01
  4.413500E+03  2.311764E-01
  4.414000E+03  2.189239E-01
  4.414500E+03  2.035914E-01
  4.415000E+03  1.854558E-01
  4.415500E+03  1.648445E-01
  4.416000E+03  1.421286E-01
  4.416500E+03  1.177157E-01
  4.417000E+03  9.204159E-02
  4.417500E+03  6.556186E-02
  4.418000E+03  3.874337E-02
  4.418500E+03  1.205553E-02
  4.419000E+03 -1.403813E-02
  4.419500E+03 -3.908820E-02
  4.420000E+03 -6.266712E-02
  4.420500E+03 -8.437640E-02
  4.421000E+03 -1.038531E-01
  4.421500E+03 -1.207758E-01
  4.422000E+03 -1.348693E-01
  4.422500E+03 -1.459090E-01
  4.423000E+03 -1.537240E-01
  4.423500E+03 -1.581995E-01
  4.424000E+03 -1.592779E-01
  4.424500E+03 -1.569598E-01
  4.425000E+03 -1.513030E-01
  4.425500E+03 -1.424217E-01
  4.426000E+03 -1.304839E-01
  4.426500E+03 -1.157088E-01
  4.427000E+03 -9.836292E-02
  4.427500E+03 -7.875573E-02
  4.428000E+03 -5.723461E-02
  4.428500E+03 -3.417926E-02
  4.429000E+03 -9.995509E-03
  4.429500E+03  1.489116E-02
  4.430000E+03  4.004257E-02
  4.430500E+03  6.501493E-02
  4.431000E+03  8.936613E-02
  4.431500E+03  1.126631E-01
  4.432000E+03  1.344890E-01
  4.432500E+03  1.544503E-01
  4.433000E+03  1.721838E-01
  4.433500E+03  1.873624E-01
  4.434000E+03  1.997015E-01
  4.434500E+03  2.089641E-01
  4.435000E+03  2.149649E-01
  4.435500E+03  2.175742E-01
  4.436000E+03  2.167204E-01
  4.436500E+03  2.123917E-01
  4.437000E+03  2.046369E-01
  4.437500E+03  1.935647E-01
  4.438000E+03  1.793422E-01
  4.438500E+03  1.621925E-01
  4.439000E+03  1.423908E-01
  4.439500E+03  1.202596E-01
  4.440000E+03  9.616379E-02
  4.440500E+03  7.050359E-02
  4.441000E+03  4.370787E-02
  4.441500E+03  1.622643E-02
  4.442000E+03 -1.147796E-02
  4.442500E+03 -3.893793E-02
  4.443000E+03 -6.568979E-02
  4.443500E+03 -9.128187E-02
  4.444000E+03 -1.152826E-01
  4.444500E+03 -1.372882E-01
  4.445000E+03 -1.569297E-01
  4.445500E+03 -1.738795E-01
  4.446000E+03 -1.878571E-01
  4.446500E+03 -1.986337E-01
  4.447000E+03 -2.060361E-01
  4.447500E+03 -2.099495E-01
  4.448000E+03 -2.103188E-01
  4.448500E+03 -2.071498E-01
  4.449000E+03 -2.005078E-01
  4.449500E+03 -1.905169E-01
  4.450000E+03 -1.773567E-01
  4.450500E+03 -1.612587E-01
  4.451000E+03 -1.425022E-01
  4.451500E+03 -1.214088E-01
  4.452000E+03 -9.833641E-02
  4.452500E+03 -7.367262E-02
  4.453000E+03 -4.782797E-02
  4.453500E+03 -2.122857E-02
  4.454000E+03  5.691362E-03
  4.454500E+03  3.249693E-02
  4.455000E+03  5.875996E-02
  4.455500E+03  8.406612E-02
  4.456000E+03  1.080218E-01
  4.456500E+03  1.302602E-01
  4.457000E+03  1.504476E-01
  4.457500E+03  1.682878E-01
  4.458000E+03  1.835270E-01
  4.458500E+03  1.959573E-01
  4.459000E+03  2.054189E-01
  4.459500E+03  2.118024E-01
  4.460000E+03  2.150493E-01
  4.460500E+03  2.151523E-01
  4.461000E+03  2.121538E-01
  4.461500E+03  2.061443E-01
  4.462000E+03  1.972599E-01
  4.462500E+03  1.856784E-01
  4.463000E+03  1.716155E-01
  4.463500E+03  1.553198E-01
  4.464000E+03  1.370681E-01
  4.464500E+03  1.171593E-01
  4.465000E+03  9.590897E-02
  4.465500E+03  7.364343E-02
  4.466000E+03  5.069394E-02
  4.466500E+03  2.739104E-02
  4.467000E+03  4.059166E-03
  4.467500E+03 -1.898828E-02
  4.468000E+03 -4.145341E-02
  4.468500E+03 -6.305775E-02
  4.469000E+03 -8.354545E-02
  4.469500E+03 -1.026859E-01
  4.470000E+03 -1.202754E-01
  4.470500E+03 -1.361385E-01
  4.471000E+03 -1.501282E-01
  4.471500E+03 -1.621261E-01
  4.472000E+03 -1.720412E-01
  4.472500E+03 -1.798088E-01
  4.473000E+03 -1.853887E-01
  4.473500E+03 -1.887636E-01
  4.474000E+03 -1.899365E-01
  4.474500E+03 -1.889285E-01
  4.475000E+03 -1.857771E-01
  4.475500E+03 -1.805335E-01
  4.476000E+03 -1.732614E-01
  4.476500E+03 -1.640353E-01
  4.477000E+03 -1.529395E-01
  4.477500E+03 -1.400673E-01
  4.478000E+03 -1.255209E-01
  4.478500E+03 -1.094118E-01
  4.479000E+03 -9.186076E-02
  4.479500E+03 -7.299914E-02
  4.480000E+03 -5.296976E-02
  4.480500E+03 -3.192808E-02
  4.481000E+03 -1.004335E-02
  4.481500E+03  1.250034E-02
  4.482000E+03  3.550332E-02
  4.482500E+03  5.874994E-02
  4.483000E+03  8.200872E-02
  4.483500E+03  1.050330E-01
  4.484000E+03  1.275625E-01
  4.484500E+03  1.493251E-01
  4.485000E+03  1.700402E-01
  4.485500E+03  1.894221E-01
  4.486000E+03  2.071843E-01
  4.486500E+03  2.230446E-01
  4.487000E+03  2.367309E-01
  4.487500E+03  2.479866E-01
  4.488000E+03  2.565772E-01
  4.488500E+03  2.622966E-01
  4.489000E+03  2.649729E-01
  4.489500E+03  2.644744E-01
  4.490000E+03  2.607149E-01
  4.490500E+03  2.536579E-01
  4.491000E+03  2.433206E-01
  4.491500E+03  2.297758E-01
  4.492000E+03  2.131538E-01
  4.492500E+03  1.936419E-01
  4.493000E+03  1.714828E-01
  4.493500E+03  1.469724E-01
  4.494000E+03  1.204546E-01
  4.494500E+03  9.231651E-02
  4.495000E+03  6.298127E-02
  4.495500E+03  3.290022E-02
  4.496000E+03  2.544229E-03
  4.496500E+03 -2.760570E-02
  4.497000E+03 -5.706827E-02
  4.497500E+03 -8.537185E-02
  4.498000E+03 -1.120643E-01
  4.498500E+03 -1.367227E-01
  4.499000E+03 -1.589617E-01
  4.499500E+03 -1.784425E-01
  4.500000E+03 -1.948788E-01
  4.500500E+03 -2.080434E-01
  4.501000E+03 -2.177717E-01
  4.501500E+03 -2.239656E-01
  4.502000E+03 -2.265938E-01
  4.502500E+03 -2.256921E-01
  4.503000E+03 -2.213615E-01
  4.503500E+03 -2.137648E-01
  4.504000E+03 -2.031218E-01
  4.504500E+03 -1.897041E-01
  4.505000E+03 -1.738275E-01
  4.505500E+03 -1.558445E-01
  4.506000E+03 -1.361361E-01
  4.506500E+03 -1.151030E-01
  4.507000E+03 -9.315662E-02
  4.507500E+03 -7.071032E-02
  4.508000E+03 -4.817091E-02
  4.508500E+03 -2.593056E-02
  4.509000E+03 -4.359377E-03
  4.509500E+03  1.620117E-02
  4.510000E+03  3.544392E-02
  4.510500E+03  5.310065E-02
  4.511000E+03  6.894564E-02
  4.511500E+03  8.279813E-02
  4.512000E+03  9.452366E-02
  4.512500E+03  1.040344E-01
  4.513000E+03  1.112882E-01
  4.513500E+03  1.162873E-01
  4.514000E+03  1.190754E-01
  4.514500E+03  1.197346E-01
  4.515000E+03  1.183815E-01
  4.515500E+03  1.151629E-01
  4.516000E+03  1.102511E-01
  4.516500E+03  1.038386E-01
  4.517000E+03  9.613371E-02
  4.517500E+03  8.735483E-02
  4.518000E+03  7.772588E-02
  4.518500E+03  6.747144E-02
  4.519000E+03  5.681227E-02
  4.519500E+03  4.596119E-02
  4.520000E+03  3.511938E-02
  4.520500E+03  2.447310E-02
  4.521000E+03  1.419095E-02
  4.521500E+03  4.421606E-03
  4.522000E+03 -4.707932E-03
  4.522500E+03 -1.309349E-02
  4.523000E+03 -2.065438E-02
  4.523500E+03 -2.733356E-02
  4.524000E+03 -3.309720E-02
  4.524500E+03 -3.793387E-02
  4.525000E+03 -4.185317E-02
  4.525500E+03 -4.488400E-02
  4.526000E+03 -4.707244E-02
  4.526500E+03 -4.847927E-02
  4.527000E+03 -4.917724E-02
  4.527500E+03 -4.924810E-02
  4.528000E+03 -4.877948E-02
  4.528500E+03 -4.786172E-02
  4.529000E+03 -4.658464E-02
  4.529500E+03 -4.503441E-02
  4.530000E+03 -4.329056E-02
  4.530500E+03 -4.142324E-02
  4.531000E+03 -3.949077E-02
  4.531500E+03 -3.753759E-02
  4.532000E+03 -3.559260E-02
  4.532500E+03 -3.366812E-02
  4.533000E+03 -3.175926E-02
  4.533500E+03 -2.984403E-02
  4.534000E+03 -2.788391E-02
  4.534500E+03 -2.582508E-02
  4.535000E+03 -2.360031E-02
  4.535500E+03 -2.113122E-02
  4.536000E+03 -1.833121E-02
  4.536500E+03 -1.510870E-02
  4.537000E+03 -1.137070E-02
  4.537500E+03 -7.026674E-03
  4.538000E+03 -1.992410E-03
  4.538500E+03  3.806039E-03
  4.539000E+03  1.042861E-02
  4.539500E+03  1.791774E-02
  4.540000E+03  2.629527E-02
  4.540500E+03  3.555987E-02
  4.541000E+03  4.568505E-02
  4.541500E+03  5.661788E-02
  4.542000E+03  6.827851E-02
  4.542500E+03  8.056041E-02
  4.543000E+03  9.333149E-02
  4.543500E+03  1.064360E-01
  4.544000E+03  1.196973E-01
  4.544500E+03  1.329211E-01
  4.545000E+03  1.458997E-01
  4.545500E+03  1.584162E-01
  4.546000E+03  1.702498E-01
  4.546500E+03  1.811809E-01
  4.547000E+03  1.909960E-01
  4.547500E+03  1.994936E-01
  4.548000E+03  2.064885E-01
  4.548500E+03  2.118171E-01
  4.549000E+03  2.153409E-01
  4.549500E+03  2.169508E-01
  4.550000E+03  2.165691E-01
  4.550500E+03  2.141521E-01
  4.551000E+03  2.096908E-01
  4.551500E+03  2.032116E-01
  4.552000E+03  1.947751E-01
  4.552500E+03  1.844753E-01
  4.553000E+03  1.724366E-01
  4.553500E+03  1.588113E-01
  4.554000E+03  1.437758E-01
  4.554500E+03  1.275266E-01
  4.555000E+03  1.102756E-01
  4.555500E+03  9.224606E-02
  4.556000E+03  7.366724E-02
  4.556500E+03  5.477021E-02
  4.557000E+03  3.578337E-02
  4.557500E+03  1.692844E-02
  4.558000E+03 -1.583082E-03
  4.558500E+03 -1.955295E-02
  4.559000E+03 -3.679852E-02
  4.559500E+03 -5.315451E-02
  4.560000E+03 -6.847403E-02
  4.560500E+03 -8.262905E-02
  4.561000E+03 -9.551012E-02
  4.561500E+03 -1.070257E-01
  4.562000E+03 -1.171009E-01
  4.562500E+03 -1.256758E-01
  4.563000E+03 -1.327037E-01
  4.563500E+03 -1.381491E-01
  4.564000E+03 -1.419858E-01
  4.564500E+03 -1.441945E-01
  4.565000E+03 -1.447618E-01
  4.565500E+03 -1.436784E-01
  4.566000E+03 -1.409379E-01
  4.566500E+03 -1.365367E-01
  4.567000E+03 -1.304740E-01
  4.567500E+03 -1.227517E-01
  4.568000E+03 -1.133761E-01
  4.568500E+03 -1.023589E-01
  4.569000E+03 -8.971932E-02
  4.569500E+03 -7.548646E-02
  4.570000E+03 -5.970149E-02
  4.570500E+03 -4.242049E-02
  4.571000E+03 -2.371704E-02
  4.571500E+03 -3.684686E-03
  4.572000E+03  1.756079E-02
  4.572500E+03  3.987956E-02
  4.573000E+03  6.310640E-02
  4.573500E+03  8.705004E-02
  4.574000E+03  1.114931E-01
  4.574500E+03  1.361932E-01
  4.575000E+03  1.608840E-01
  4.575500E+03  1.852784E-01
  4.576000E+03  2.090715E-01
  4.576500E+03  2.319448E-01
  4.577000E+03  2.535710E-01
  4.577500E+03  2.736196E-01
  4.578000E+03  2.917631E-01
  4.578500E+03  3.076829E-01
  4.579000E+03  3.210763E-01
  4.579500E+03  3.316631E-01
  4.580000E+03  3.391922E-01
  4.580500E+03  3.434474E-01
  4.581000E+03  3.442535E-01
  4.581500E+03  3.414815E-01
  4.582000E+03  3.350524E-01
  4.582500E+03  3.249409E-01
  4.583000E+03  3.111775E-01
  4.583500E+03  2.938500E-01
  4.584000E+03  2.731031E-01
  4.584500E+03  2.491376E-01
  4.585000E+03  2.222077E-01
  4.585500E+03  1.926177E-01
  4.586000E+03  1.607175E-01
  4.586500E+03  1.268968E-01
  4.587000E+03  9.157893E-02
  4.587500E+03  5.521393E-02
  4.588000E+03  1.827064E-02
  4.588500E+03 -1.877106E-02
  4.589000E+03 -5.542837E-02
  4.589500E+03 -9.122371E-02
  4.590000E+03 -1.256926E-01
  4.590500E+03 -1.583913E-01
  4.591000E+03 -1.889037E-01
  4.591500E+03 -2.168478E-01
  4.592000E+03 -2.418813E-01
  4.592500E+03 -2.637063E-01
  4.593000E+03 -2.820731E-01
  4.593500E+03 -2.967832E-01
  4.594000E+03 -3.076906E-01
  4.594500E+03 -3.147031E-01
  4.595000E+03 -3.177821E-01
  4.595500E+03 -3.169410E-01
  4.596000E+03 -3.122442E-01
  4.596500E+03 -3.038036E-01
  4.597000E+03 -2.917760E-01
  4.597500E+03 -2.763587E-01
  4.598000E+03 -2.577858E-01
  4.598500E+03 -2.363234E-01
  4.599000E+03 -2.122651E-01
  4.599500E+03 -1.859270E-01
  4.600000E+03 -1.576430E-01
  4.600500E+03 -1.277603E-01
  4.601000E+03 -9.663483E-02
  4.601500E+03 -6.462698E-02
  4.602000E+03 -3.209769E-02
  4.602500E+03  5.952516E-04
  4.603000E+03  3.310052E-02
  4.603500E+03  6.507633E-02
  4.604000E+03  9.619312E-02
  4.604500E+03  1.261360E-01
  4.605000E+03  1.546071E-01
  4.605500E+03  1.813271E-01
  4.606000E+03  2.060376E-01
  4.606500E+03  2.285023E-01
  4.607000E+03  2.485085E-01
  4.607500E+03  2.658689E-01
  4.608000E+03  2.804221E-01
  4.608500E+03  2.920345E-01
  4.609000E+03  3.006012E-01
  4.609500E+03  3.060468E-01
  4.610000E+03  3.083264E-01
  4.610500E+03  3.074266E-01
  4.611000E+03  3.033659E-01
  4.611500E+03  2.961950E-01
  4.612000E+03  2.859972E-01
  4.612500E+03  2.728880E-01
  4.613000E+03  2.570150E-01
  4.613500E+03  2.385568E-01
  4.614000E+03  2.177218E-01
  4.614500E+03  1.947468E-01
  4.615000E+03  1.698949E-01
  4.615500E+03  1.434527E-01
  4.616000E+03  1.157279E-01
  4.616500E+03  8.704565E-02
  4.617000E+03  5.774495E-02
  4.617500E+03  2.817459E-02
  4.618000E+03 -1.311153E-03
  4.618500E+03 -3.035704E-02
  4.619000E+03 -5.861160E-02
  4.619500E+03 -8.573188E-02
  4.620000E+03 -1.113882E-01
  4.620500E+03 -1.352688E-01
  4.621000E+03 -1.570843E-01
  4.621500E+03 -1.765722E-01
  4.622000E+03 -1.935002E-01
  4.622500E+03 -2.076700E-01
  4.623000E+03 -2.189205E-01
  4.623500E+03 -2.271296E-01
  4.624000E+03 -2.322164E-01
  4.624500E+03 -2.341424E-01
  4.625000E+03 -2.329117E-01
  4.625500E+03 -2.285711E-01
  4.626000E+03 -2.212093E-01
  4.626500E+03 -2.109551E-01
  4.627000E+03 -1.979756E-01
  4.627500E+03 -1.824732E-01
  4.628000E+03 -1.646825E-01
  4.628500E+03 -1.448663E-01
  4.629000E+03 -1.233117E-01
  4.629500E+03 -1.003251E-01
  4.630000E+03 -7.622798E-02
  4.630500E+03 -5.135122E-02
  4.631000E+03 -2.603037E-02
  4.631500E+03 -6.003899E-04
  4.632000E+03  2.460943E-02
  4.632500E+03  4.928034E-02
  4.633000E+03  7.310883E-02
  4.633500E+03  9.581092E-02
  4.634000E+03  1.171261E-01
  4.634500E+03  1.368208E-01
  4.635000E+03  1.546912E-01
  4.635500E+03  1.705657E-01
  4.636000E+03  1.843067E-01
  4.636500E+03  1.958114E-01
  4.637000E+03  2.050124E-01
  4.637500E+03  2.118777E-01
  4.638000E+03  2.164091E-01
  4.638500E+03  2.186416E-01
  4.639000E+03  2.186407E-01
  4.639500E+03  2.164998E-01
  4.640000E+03  2.123375E-01
  4.640500E+03  2.062941E-01
  4.641000E+03  1.985275E-01
  4.641500E+03  1.892097E-01
  4.642000E+03  1.785226E-01
  4.642500E+03  1.666538E-01
  4.643000E+03  1.537931E-01
  4.643500E+03  1.401284E-01
  4.644000E+03  1.258424E-01
  4.644500E+03  1.111098E-01
  4.645000E+03  9.609420E-02
  4.645500E+03  8.094636E-02
  4.646000E+03  6.580261E-02
  4.646500E+03  5.078385E-02
  4.647000E+03  3.599514E-02
  4.647500E+03  2.152594E-02
  4.648000E+03  7.450809E-03
  4.648500E+03 -6.169387E-03
  4.649000E+03 -1.928581E-02
  4.649500E+03 -3.185971E-02
  4.650000E+03 -4.386016E-02
  4.650500E+03 -5.526175E-02
  4.651000E+03 -6.604215E-02
  4.651500E+03 -7.617982E-02
  4.652000E+03 -8.565192E-02
  4.652500E+03 -9.443243E-02
  4.653000E+03 -1.024908E-01
  4.653500E+03 -1.097908E-01
  4.654000E+03 -1.162904E-01
  4.654500E+03 -1.219416E-01
  4.655000E+03 -1.266914E-01
  4.655500E+03 -1.304829E-01
  4.656000E+03 -1.332574E-01
  4.656500E+03 -1.349566E-01
  4.657000E+03 -1.355254E-01
  4.657500E+03 -1.349154E-01
  4.658000E+03 -1.330878E-01
  4.658500E+03 -1.300172E-01
  4.659000E+03 -1.256947E-01
  4.659500E+03 -1.201316E-01
  4.660000E+03 -1.133618E-01
  4.660500E+03 -1.054443E-01
  4.661000E+03 -9.646533E-02
  4.661500E+03 -8.653886E-02
  4.662000E+03 -7.580728E-02
  4.662500E+03 -6.444055E-02
  4.663000E+03 -5.263465E-02
  4.663500E+03 -4.060897E-02
  4.664000E+03 -2.860292E-02
  4.664500E+03 -1.687145E-02
  4.665000E+03 -5.679957E-03
  4.665500E+03  4.701645E-03
  4.666000E+03  1.400535E-02
  4.666500E+03  2.197188E-02
  4.667000E+03  2.835775E-02
  4.667500E+03  3.294235E-02
  4.668000E+03  3.553476E-02
  4.668500E+03  3.598031E-02
  4.669000E+03  3.416644E-02
  4.669500E+03  3.002779E-02
  4.670000E+03  2.355031E-02
  4.670500E+03  1.477431E-02
  4.671000E+03  3.796185E-03
  4.671500E+03 -9.231217E-03
  4.672000E+03 -2.409958E-02
  4.672500E+03 -4.054760E-02
  4.673000E+03 -5.826486E-02
  4.673500E+03 -7.689710E-02
  4.674000E+03 -9.605277E-02
  4.674500E+03 -1.153107E-01
  4.675000E+03 -1.342287E-01
  4.675500E+03 -1.523534E-01
  4.676000E+03 -1.692297E-01
  4.676500E+03 -1.844117E-01
  4.677000E+03 -1.974729E-01
  4.677500E+03 -2.080166E-01
  4.678000E+03 -2.156859E-01
  4.678500E+03 -2.201726E-01
  4.679000E+03 -2.212257E-01
  4.679500E+03 -2.186585E-01
  4.680000E+03 -2.123545E-01
  4.680500E+03 -2.022714E-01
  4.681000E+03 -1.884441E-01
  4.681500E+03 -1.709855E-01
  4.682000E+03 -1.500857E-01
  4.682500E+03 -1.260097E-01
  4.683000E+03 -9.909265E-02
  4.683500E+03 -6.973415E-02
  4.684000E+03 -3.839089E-02
  4.684500E+03 -5.567665E-03
  4.685000E+03  2.819258E-02
  4.685500E+03  6.231965E-02
  4.686000E+03  9.622779E-02
  4.686500E+03  1.293277E-01
  4.687000E+03  1.610388E-01
  4.687500E+03  1.908013E-01
  4.688000E+03  2.180878E-01
  4.688500E+03  2.424143E-01
  4.689000E+03  2.633505E-01
  4.689500E+03  2.805281E-01
  4.690000E+03  2.936492E-01
  4.690500E+03  3.024913E-01
  4.691000E+03  3.069125E-01
  4.691500E+03  3.068533E-01
  4.692000E+03  3.023379E-01
  4.692500E+03  2.934730E-01
  4.693000E+03  2.804448E-01
  4.693500E+03  2.635145E-01
  4.694000E+03  2.430127E-01
  4.694500E+03  2.193312E-01
  4.695000E+03  1.929150E-01
  4.695500E+03  1.642522E-01
  4.696000E+03  1.338640E-01
  4.696500E+03  1.022936E-01
  4.697000E+03  7.009508E-02
  4.697500E+03  3.782255E-02
  4.698000E+03  6.019336E-03
  4.698500E+03 -2.479223E-02
  4.699000E+03 -5.412021E-02
  4.699500E+03 -8.151152E-02
  4.700000E+03 -1.065593E-01
  4.700500E+03 -1.289089E-01
  4.701000E+03 -1.482628E-01
  4.701500E+03 -1.643838E-01
  4.702000E+03 -1.770969E-01
  4.702500E+03 -1.862899E-01
  4.703000E+03 -1.919125E-01
  4.703500E+03 -1.939744E-01
  4.704000E+03 -1.925420E-01
  4.704500E+03 -1.877342E-01
  4.705000E+03 -1.797175E-01
  4.705500E+03 -1.687007E-01
  4.706000E+03 -1.549284E-01
  4.706500E+03 -1.386751E-01
  4.707000E+03 -1.202385E-01
  4.707500E+03 -9.993378E-02
  4.708000E+03 -7.808711E-02
  4.708500E+03 -5.503023E-02
  4.709000E+03 -3.109524E-02
  4.709500E+03 -6.610036E-03
  4.710000E+03  1.810572E-02
  4.710500E+03  4.274393E-02
  4.711000E+03  6.701080E-02
  4.711500E+03  9.062895E-02
  4.712000E+03  1.133390E-01
  4.712500E+03  1.349007E-01
  4.713000E+03  1.550935E-01
  4.713500E+03  1.737170E-01
  4.714000E+03  1.905912E-01
  4.714500E+03  2.055560E-01
  4.715000E+03  2.184720E-01
  4.715500E+03  2.292200E-01
  4.716000E+03  2.377008E-01
  4.716500E+03  2.438361E-01
  4.717000E+03  2.475684E-01
  4.717500E+03  2.488620E-01
  4.718000E+03  2.477031E-01
  4.718500E+03  2.441011E-01
  4.719000E+03  2.380893E-01
  4.719500E+03  2.297259E-01
  4.720000E+03  2.190946E-01
  4.720500E+03  2.063057E-01
  4.721000E+03  1.914957E-01
  4.721500E+03  1.748281E-01
  4.722000E+03  1.564925E-01
  4.722500E+03  1.367038E-01
  4.723000E+03  1.157011E-01
  4.723500E+03  9.374515E-02
  4.724000E+03  7.111584E-02
  4.724500E+03  4.810905E-02
  4.725000E+03  2.503269E-02
  4.725500E+03  2.202274E-03
  4.726000E+03 -2.006390E-02
  4.726500E+03 -4.145000E-02
  4.727000E+03 -6.164812E-02
  4.727500E+03 -8.036393E-02
  4.728000E+03 -9.732225E-02
  4.728500E+03 -1.122725E-01
  4.729000E+03 -1.249939E-01
  4.729500E+03 -1.353002E-01
  4.730000E+03 -1.430438E-01
  4.730500E+03 -1.481194E-01
  4.731000E+03 -1.504664E-01
  4.731500E+03 -1.500711E-01
  4.732000E+03 -1.469674E-01
  4.732500E+03 -1.412367E-01
  4.733000E+03 -1.330072E-01
  4.733500E+03 -1.224516E-01
  4.734000E+03 -1.097843E-01
  4.734500E+03 -9.525784E-02
  4.735000E+03 -7.915791E-02
  4.735500E+03 -6.179860E-02
  4.736000E+03 -4.351637E-02
  4.736500E+03 -2.466386E-02
  4.737000E+03 -5.603338E-03
  4.737500E+03  1.330001E-02
  4.738000E+03  3.168485E-02
  4.738500E+03  4.920041E-02
  4.739000E+03  6.551287E-02
  4.739500E+03  8.031156E-02
  4.740000E+03  9.331457E-02
  4.740500E+03  1.042739E-01
  4.741000E+03  1.129801E-01
  4.741500E+03  1.192657E-01
  4.742000E+03  1.230088E-01
  4.742500E+03  1.241348E-01
  4.743000E+03  1.226183E-01
  4.743500E+03  1.184834E-01
  4.744000E+03  1.118034E-01
  4.744500E+03  1.027000E-01
  4.745000E+03  9.134093E-02
  4.745500E+03  7.793780E-02
  4.746000E+03  6.274212E-02
  4.746500E+03  4.604131E-02
  4.747000E+03  2.815385E-02
  4.747500E+03  9.423801E-03
  4.748000E+03 -9.785159E-03
  4.748500E+03 -2.909614E-02
  4.749000E+03 -4.812581E-02
  4.749500E+03 -6.649136E-02
  4.750000E+03 -8.381768E-02
  4.750500E+03 -9.974449E-02
  4.751000E+03 -1.139334E-01
  4.751500E+03 -1.260748E-01
  4.752000E+03 -1.358941E-01
  4.752500E+03 -1.431581E-01
  4.753000E+03 -1.476798E-01
  4.753500E+03 -1.493236E-01
  4.754000E+03 -1.480084E-01
  4.754500E+03 -1.437108E-01
  4.755000E+03 -1.364666E-01
  4.755500E+03 -1.263711E-01
  4.756000E+03 -1.135790E-01
  4.756500E+03 -9.830176E-02
  4.757000E+03 -8.080507E-02
  4.757500E+03 -6.140416E-02
  4.758000E+03 -4.045849E-02
  4.758500E+03 -1.836508E-02
  4.759000E+03  4.448862E-03
  4.759500E+03  2.753434E-02
  4.760000E+03  5.042946E-02
  4.760500E+03  7.266883E-02
  4.761000E+03  9.379322E-02
  4.761500E+03  1.133593E-01
  4.762000E+03  1.309489E-01
  4.762500E+03  1.461786E-01
  4.763000E+03  1.587076E-01
  4.763500E+03  1.682461E-01
  4.764000E+03  1.745611E-01
  4.764500E+03  1.774829E-01
  4.765000E+03  1.769083E-01
  4.765500E+03  1.728041E-01
  4.766000E+03  1.652082E-01
  4.766500E+03  1.542292E-01
  4.767000E+03  1.400452E-01
  4.767500E+03  1.228999E-01
  4.768000E+03  1.030987E-01
  4.768500E+03  8.100274E-02
  4.769000E+03  5.702150E-02
  4.769500E+03  3.160527E-02
  4.770000E+03  5.236185E-03
  4.770500E+03 -2.158117E-02
  4.771000E+03 -4.832952E-02
  4.771500E+03 -7.448889E-02
  4.772000E+03 -9.954659E-02
  4.772500E+03 -1.230070E-01
  4.773000E+03 -1.444009E-01
  4.773500E+03 -1.632941E-01
  4.774000E+03 -1.792959E-01
  4.774500E+03 -1.920658E-01
  4.775000E+03 -2.013199E-01
  4.775500E+03 -2.068362E-01
  4.776000E+03 -2.084583E-01
  4.776500E+03 -2.060984E-01
  4.777000E+03 -1.997389E-01
  4.777500E+03 -1.894330E-01
  4.778000E+03 -1.753040E-01
  4.778500E+03 -1.575432E-01
  4.779000E+03 -1.364075E-01
  4.779500E+03 -1.122151E-01
  4.780000E+03 -8.534090E-02
  4.780500E+03 -5.621068E-02
  4.781000E+03 -2.529473E-02
  4.781500E+03  6.899339E-03
  4.782000E+03  3.983437E-02
  4.782500E+03  7.295187E-02
  4.783000E+03  1.056807E-01
  4.783500E+03  1.374460E-01
  4.784000E+03  1.676784E-01
  4.784500E+03  1.958230E-01
  4.785000E+03  2.213488E-01
  4.785500E+03  2.437579E-01
  4.786000E+03  2.625937E-01
  4.786500E+03  2.774495E-01
  4.787000E+03  2.879766E-01
  4.787500E+03  2.938908E-01
  4.788000E+03  2.949792E-01
  4.788500E+03  2.911052E-01
  4.789000E+03  2.822130E-01
  4.789500E+03  2.683303E-01
  4.790000E+03  2.495705E-01
  4.790500E+03  2.261326E-01
  4.791000E+03  1.983005E-01
  4.791500E+03  1.664400E-01
  4.792000E+03  1.309950E-01
  4.792500E+03  9.248151E-02
  4.793000E+03  5.148056E-02
  4.793500E+03  8.629766E-03
  4.794000E+03 -3.538665E-02
  4.794500E+03 -7.984883E-02
  4.795000E+03 -1.240133E-01
  4.795500E+03 -1.671256E-01
  4.796000E+03 -2.084338E-01
  4.796500E+03 -2.472018E-01
  4.797000E+03 -2.827233E-01
  4.797500E+03 -3.143348E-01
  4.798000E+03 -3.414286E-01
  4.798500E+03 -3.634646E-01
  4.799000E+03 -3.799817E-01
  4.799500E+03 -3.906069E-01
  4.800000E+03 -3.950636E-01
  4.800500E+03 -3.931779E-01
  4.801000E+03 -3.848832E-01
  4.801500E+03 -3.702225E-01
  4.802000E+03 -3.493488E-01
  4.802500E+03 -3.225235E-01
  4.803000E+03 -2.901125E-01
  4.803500E+03 -2.525807E-01
  4.804000E+03 -2.104839E-01
  4.804500E+03 -1.644597E-01
  4.805000E+03 -1.152164E-01
  4.805500E+03 -6.352093E-02
  4.806000E+03 -1.018506E-02
  4.806500E+03  4.394845E-02
  4.807000E+03  9.802071E-02
  4.807500E+03  1.511716E-01
  4.808000E+03  2.025549E-01
  4.808500E+03  2.513524E-01
  4.809000E+03  2.967885E-01
  4.809500E+03  3.381427E-01
  4.810000E+03  3.747621E-01
  4.810500E+03  4.060719E-01
  4.811000E+03  4.315847E-01
  4.811500E+03  4.509079E-01
  4.812000E+03  4.637500E-01
  4.812500E+03  4.699246E-01
  4.813000E+03  4.693523E-01
  4.813500E+03  4.620617E-01
  4.814000E+03  4.481877E-01
  4.814500E+03  4.279683E-01
  4.815000E+03  4.017402E-01
  4.815500E+03  3.699322E-01
  4.816000E+03  3.330573E-01
  4.816500E+03  2.917042E-01
  4.817000E+03  2.465266E-01
  4.817500E+03  1.982328E-01
  4.818000E+03  1.475737E-01
  4.818500E+03  9.533030E-02
  4.819000E+03  4.230185E-02
  4.819500E+03 -1.070740E-02
  4.820000E+03 -6.290050E-02
  4.820500E+03 -1.135001E-01
  4.821000E+03 -1.617603E-01
  4.821500E+03 -2.069779E-01
  4.822000E+03 -2.485025E-01
  4.822500E+03 -2.857462E-01
  4.823000E+03 -3.181918E-01
  4.823500E+03 -3.453999E-01
  4.824000E+03 -3.670149E-01
  4.824500E+03 -3.827689E-01
  4.825000E+03 -3.924856E-01
  4.825500E+03 -3.960810E-01
  4.826000E+03 -3.935639E-01
  4.826500E+03 -3.850347E-01
  4.827000E+03 -3.706820E-01
  4.827500E+03 -3.507792E-01
  4.828000E+03 -3.256788E-01
  4.828500E+03 -2.958057E-01
  4.829000E+03 -2.616500E-01
  4.829500E+03 -2.237583E-01
  4.830000E+03 -1.827246E-01
  4.830500E+03 -1.391806E-01
  4.831000E+03 -9.378543E-02
  4.831500E+03 -4.721545E-02
  4.832000E+03 -1.537509E-04
  4.832500E+03  4.672005E-02
  4.833000E+03  9.273983E-02
  4.833500E+03  1.372624E-01
  4.834000E+03  1.796766E-01
  4.834500E+03  2.194111E-01
  4.835000E+03  2.559421E-01
  4.835500E+03  2.887997E-01
  4.836000E+03  3.175732E-01
  4.836500E+03  3.419154E-01
  4.837000E+03  3.615461E-01
  4.837500E+03  3.762542E-01
  4.838000E+03  3.858991E-01
  4.838500E+03  3.904104E-01
  4.839000E+03  3.897873E-01
  4.839500E+03  3.840969E-01
  4.840000E+03  3.734713E-01
  4.840500E+03  3.581046E-01
  4.841000E+03  3.382481E-01
  4.841500E+03  3.142066E-01
  4.842000E+03  2.863324E-01
  4.842500E+03  2.550199E-01
  4.843000E+03  2.207001E-01
  4.843500E+03  1.838341E-01
  4.844000E+03  1.449067E-01
  4.844500E+03  1.044205E-01
  4.845000E+03  6.288920E-02
  4.845500E+03  2.083153E-02
  4.846000E+03 -2.123504E-02
  4.846500E+03 -6.280015E-02
  4.847000E+03 -1.033663E-01
  4.847500E+03 -1.424544E-01
  4.848000E+03 -1.796086E-01
  4.848500E+03 -2.144014E-01
  4.849000E+03 -2.464378E-01
  4.849500E+03 -2.753593E-01
  4.850000E+03 -3.008471E-01
  4.850500E+03 -3.226256E-01
  4.851000E+03 -3.404642E-01
  4.851500E+03 -3.541797E-01
  4.852000E+03 -3.636373E-01
  4.852500E+03 -3.687516E-01
  4.853000E+03 -3.694867E-01
  4.853500E+03 -3.658559E-01
  4.854000E+03 -3.579205E-01
  4.854500E+03 -3.457888E-01
  4.855000E+03 -3.296137E-01
  4.855500E+03 -3.095903E-01
  4.856000E+03 -2.859534E-01
  4.856500E+03 -2.589735E-01
  4.857000E+03 -2.289539E-01
  4.857500E+03 -1.962265E-01
  4.858000E+03 -1.611477E-01
  4.858500E+03 -1.240943E-01
  4.859000E+03 -8.545932E-02
  4.859500E+03 -4.564753E-02
  4.860000E+03 -5.071467E-03
  4.860500E+03  3.585276E-02
  4.861000E+03  7.670932E-02
  4.861500E+03  1.170864E-01
  4.862000E+03  1.565798E-01
  4.862500E+03  1.947959E-01
  4.863000E+03  2.313551E-01
  4.863500E+03  2.658943E-01
  4.864000E+03  2.980693E-01
  4.864500E+03  3.275576E-01
  4.865000E+03  3.540604E-01
  4.865500E+03  3.773044E-01
  4.866000E+03  3.970440E-01
  4.866500E+03  4.130630E-01
  4.867000E+03  4.251763E-01
  4.867500E+03  4.332320E-01
  4.868000E+03  4.371128E-01
  4.868500E+03  4.367375E-01
  4.869000E+03  4.320631E-01
  4.869500E+03  4.230863E-01
  4.870000E+03  4.098445E-01
  4.870500E+03  3.924175E-01
  4.871000E+03  3.709288E-01
  4.871500E+03  3.455456E-01
  4.872000E+03  3.164802E-01
  4.872500E+03  2.839892E-01
  4.873000E+03  2.483735E-01
  4.873500E+03  2.099767E-01
  4.874000E+03  1.691836E-01
  4.874500E+03  1.264178E-01
  4.875000E+03  8.213785E-02
  4.875500E+03  3.683387E-02
  4.876000E+03 -8.977840E-03
  4.876500E+03 -5.476016E-02
  4.877000E+03 -9.996157E-02
  4.877500E+03 -1.440231E-01
  4.878000E+03 -1.863858E-01
  4.878500E+03 -2.264989E-01
  4.879000E+03 -2.638278E-01
  4.879500E+03 -2.978627E-01
  4.880000E+03 -3.281266E-01
  4.880500E+03 -3.541839E-01
  4.881000E+03 -3.756479E-01
  4.881500E+03 -3.921881E-01
  4.882000E+03 -4.035365E-01
  4.882500E+03 -4.094934E-01
  4.883000E+03 -4.099317E-01
  4.883500E+03 -4.048005E-01
  4.884000E+03 -3.941270E-01
  4.884500E+03 -3.780174E-01
  4.885000E+03 -3.566565E-01
  4.885500E+03 -3.303052E-01
  4.886000E+03 -2.992977E-01
  4.886500E+03 -2.640370E-01
  4.887000E+03 -2.249886E-01
  4.887500E+03 -1.826741E-01
  4.888000E+03 -1.376630E-01
  4.888500E+03 -9.056436E-02
  4.889000E+03 -4.201744E-02
  4.889500E+03  7.318139E-03
  4.890000E+03  5.677228E-02
  4.890500E+03  1.056745E-01
  4.891000E+03  1.533640E-01
  4.891500E+03  1.991992E-01
  4.892000E+03  2.425671E-01
  4.892500E+03  2.828918E-01
  4.893000E+03  3.196428E-01
  4.893500E+03  3.523419E-01
  4.894000E+03  3.805692E-01
  4.894500E+03  4.039689E-01
  4.895000E+03  4.222528E-01
  4.895500E+03  4.352042E-01
  4.896000E+03  4.426793E-01
  4.896500E+03  4.446088E-01
  4.897000E+03  4.409975E-01
  4.897500E+03  4.319236E-01
  4.898000E+03  4.175365E-01
  4.898500E+03  3.980542E-01
  4.899000E+03  3.737596E-01
  4.899500E+03  3.449961E-01
  4.900000E+03  3.121625E-01
  4.900500E+03  2.757075E-01
  4.901000E+03  2.361233E-01
  4.901500E+03  1.939391E-01
  4.902000E+03  1.497139E-01
  4.902500E+03  1.040294E-01
  4.903000E+03  5.748222E-02
  4.903500E+03  1.067639E-02
  4.904000E+03 -3.578446E-02
  4.904500E+03 -8.130481E-02
  4.905000E+03 -1.253049E-01
  4.905500E+03 -1.672281E-01
  4.906000E+03 -2.065481E-01
  4.906500E+03 -2.427756E-01
  4.907000E+03 -2.754646E-01
  4.907500E+03 -3.042183E-01
  4.908000E+03 -3.286940E-01
  4.908500E+03 -3.486077E-01
  4.909000E+03 -3.637375E-01
  4.909500E+03 -3.739265E-01
  4.910000E+03 -3.790843E-01
  4.910500E+03 -3.791884E-01
  4.911000E+03 -3.742835E-01
  4.911500E+03 -3.644809E-01
  4.912000E+03 -3.499557E-01
  4.912500E+03 -3.309445E-01
  4.913000E+03 -3.077409E-01
  4.913500E+03 -2.806907E-01
  4.914000E+03 -2.501862E-01
  4.914500E+03 -2.166604E-01
  4.915000E+03 -1.805793E-01
  4.915500E+03 -1.424353E-01
  4.916000E+03 -1.027395E-01
  4.916500E+03 -6.201376E-02
  4.917000E+03 -2.078298E-02
  4.917500E+03  2.043223E-02
  4.918000E+03  6.112304E-02
  4.918500E+03  1.007992E-01
  4.919000E+03  1.389956E-01
  4.919500E+03  1.752774E-01
  4.920000E+03  2.092460E-01
  4.920500E+03  2.405421E-01
  4.921000E+03  2.688502E-01
  4.921500E+03  2.939002E-01
  4.922000E+03  3.154695E-01
  4.922500E+03  3.333840E-01
  4.923000E+03  3.475179E-01
  4.923500E+03  3.577929E-01
  4.924000E+03  3.641774E-01
  4.924500E+03  3.666838E-01
  4.925000E+03  3.653671E-01
  4.925500E+03  3.603211E-01
  4.926000E+03  3.516764E-01
  4.926500E+03  3.395962E-01
  4.927000E+03  3.242737E-01
  4.927500E+03  3.059284E-01
  4.928000E+03  2.848030E-01
  4.928500E+03  2.611602E-01
  4.929000E+03  2.352794E-01
  4.929500E+03  2.074545E-01
  4.930000E+03  1.779907E-01
  4.930500E+03  1.472024E-01
  4.931000E+03  1.154108E-01
  4.931500E+03  8.294170E-02
  4.932000E+03  5.012374E-02
  4.932500E+03  1.728633E-02
  4.933000E+03 -1.524227E-02
  4.933500E+03 -4.713687E-02
  4.934000E+03 -7.807732E-02
  4.934500E+03 -1.077507E-01
  4.935000E+03 -1.358533E-01
  4.935500E+03 -1.620935E-01
  4.936000E+03 -1.861937E-01
  4.936500E+03 -2.078935E-01
  4.937000E+03 -2.269524E-01
  4.937500E+03 -2.431523E-01
  4.938000E+03 -2.563010E-01
  4.938500E+03 -2.662349E-01
  4.939000E+03 -2.728216E-01
  4.939500E+03 -2.759626E-01
  4.940000E+03 -2.755962E-01
  4.940500E+03 -2.716986E-01
  4.941000E+03 -2.642863E-01
  4.941500E+03 -2.534167E-01
  4.942000E+03 -2.391890E-01
  4.942500E+03 -2.217437E-01
  4.943000E+03 -2.012623E-01
  4.943500E+03 -1.779653E-01
  4.944000E+03 -1.521105E-01
  4.944500E+03 -1.239898E-01
  4.945000E+03 -9.392602E-02
  4.945500E+03 -6.226844E-02
  4.946000E+03 -2.938843E-02
  4.946500E+03  4.325740E-03
  4.947000E+03  3.847433E-02
  4.947500E+03  7.265182E-02
  4.948000E+03  1.064527E-01
  4.948500E+03  1.394771E-01
  4.949000E+03  1.713368E-01
  4.949500E+03  2.016603E-01
  4.950000E+03  2.300982E-01
  4.950500E+03  2.563274E-01
  4.951000E+03  2.800555E-01
  4.951500E+03  3.010244E-01
  4.952000E+03  3.190127E-01
  4.952500E+03  3.338380E-01
  4.953000E+03  3.453582E-01
  4.953500E+03  3.534726E-01
  4.954000E+03  3.581213E-01
  4.954500E+03  3.592852E-01
  4.955000E+03  3.569841E-01
  4.955500E+03  3.512758E-01
  4.956000E+03  3.422534E-01
  4.956500E+03  3.300430E-01
  4.957000E+03  3.148011E-01
  4.957500E+03  2.967115E-01
  4.958000E+03  2.759821E-01
  4.958500E+03  2.528426E-01
  4.959000E+03  2.275407E-01
  4.959500E+03  2.003396E-01
  4.960000E+03  1.715154E-01
  4.960500E+03  1.413542E-01
  4.961000E+03  1.101498E-01
  4.961500E+03  7.820147E-02
  4.962000E+03  4.581192E-02
  4.962500E+03  1.328520E-02
  4.963000E+03 -1.907506E-02
  4.963500E+03 -5.096752E-02
  4.964000E+03 -8.209492E-02
  4.964500E+03 -1.121659E-01
  4.965000E+03 -1.408968E-01
  4.965500E+03 -1.680138E-01
  4.966000E+03 -1.932549E-01
  4.966500E+03 -2.163723E-01
  4.967000E+03 -2.371346E-01
  4.967500E+03 -2.553291E-01
  4.968000E+03 -2.707648E-01
  4.968500E+03 -2.832746E-01
  4.969000E+03 -2.927182E-01
  4.969500E+03 -2.989843E-01
  4.970000E+03 -3.019930E-01
  4.970500E+03 -3.016980E-01
  4.971000E+03 -2.980883E-01
  4.971500E+03 -2.911899E-01
  4.972000E+03 -2.810661E-01
  4.972500E+03 -2.678185E-01
  4.973000E+03 -2.515865E-01
  4.973500E+03 -2.325464E-01
  4.974000E+03 -2.109102E-01
  4.974500E+03 -1.869230E-01
  4.975000E+03 -1.608608E-01
  4.975500E+03 -1.330265E-01
  4.976000E+03 -1.037461E-01
  4.976500E+03 -7.336454E-02
  4.977000E+03 -4.224054E-02
  4.977500E+03 -1.074160E-02
  4.978000E+03  2.076129E-02
  4.978500E+03  5.189898E-02
  4.979000E+03  8.230946E-02
  4.979500E+03  1.116429E-01
  4.980000E+03  1.395664E-01
  4.980500E+03  1.657684E-01
  4.981000E+03  1.899623E-01
  4.981500E+03  2.118901E-01
  4.982000E+03  2.313248E-01
  4.982500E+03  2.480722E-01
  4.983000E+03  2.619725E-01
  4.983500E+03  2.729009E-01
  4.984000E+03  2.807674E-01
  4.984500E+03  2.855165E-01
  4.985000E+03  2.871258E-01
  4.985500E+03  2.856050E-01
  4.986000E+03  2.809938E-01
  4.986500E+03  2.733599E-01
  4.987000E+03  2.627967E-01
  4.987500E+03  2.494217E-01
  4.988000E+03  2.333735E-01
  4.988500E+03  2.148108E-01
  4.989000E+03  1.939099E-01
  4.989500E+03  1.708632E-01
  4.990000E+03  1.458786E-01
  4.990500E+03  1.191775E-01
  4.991000E+03  9.099499E-02
  4.991500E+03  6.157851E-02
  4.992000E+03  3.118796E-02
  4.992500E+03  9.520405E-05
  4.993000E+03 -3.141626E-02
  4.993500E+03 -6.305168E-02
  4.994000E+03 -9.450569E-02
  4.994500E+03 -1.254632E-01
  4.995000E+03 -1.556006E-01
  4.995500E+03 -1.845876E-01
  4.996000E+03 -2.120894E-01
  4.996500E+03 -2.377695E-01
  4.997000E+03 -2.612929E-01
  4.997500E+03 -2.823304E-01
  4.998000E+03 -3.005627E-01
  4.998500E+03 -3.156858E-01
  4.999000E+03 -3.274157E-01
  4.999500E+03 -3.354949E-01
  5.000000E+03 -3.396974E-01
