 Variables = "t (s)" "<greek>z</greek> (m)" 
  5.000000E-01  0.000000E+00
  1.000000E+00  3.819660E-06
  1.500000E+00  1.368539E-04
  2.000000E+00  3.366583E-04
  2.500000E+00  1.884725E-04
  3.000000E+00 -9.728853E-04
  3.500000E+00 -4.132615E-03
  4.000000E+00 -1.015544E-02
  4.500000E+00 -1.783056E-02
  5.000000E+00 -2.211840E-02
  5.500000E+00 -1.676129E-02
  6.000000E+00 -1.740304E-03
  6.500000E+00  1.184307E-02
  7.000000E+00  8.190841E-03
  7.500000E+00 -1.770121E-02
  8.000000E+00 -5.027616E-02
  8.500000E+00 -6.173998E-02
  9.000000E+00 -3.309744E-02
  9.500000E+00  3.116235E-02
  1.000000E+01  1.073098E-01
  1.050000E+01  1.693350E-01
  1.100000E+01  2.030496E-01
  1.150000E+01  2.095090E-01
  1.200000E+01  2.007868E-01
  1.250000E+01  1.917913E-01
  1.300000E+01  1.884791E-01
  1.350000E+01  1.779598E-01
  1.400000E+01  1.336701E-01
  1.450000E+01  3.997072E-02
  1.500000E+01 -8.412909E-02
  1.550000E+01 -1.920935E-01
  1.600000E+01 -2.495978E-01
  1.650000E+01 -2.677323E-01
  1.700000E+01 -2.893675E-01
  1.750000E+01 -3.389653E-01
  1.800000E+01 -3.928733E-01
  1.850000E+01 -4.085371E-01
  1.900000E+01 -3.812740E-01
  1.950000E+01 -3.588968E-01
  2.000000E+01 -3.895853E-01
  2.050000E+01 -4.581322E-01
  2.100000E+01 -4.842778E-01
  2.150000E+01 -3.892679E-01
  2.200000E+01 -1.620582E-01
  2.250000E+01  1.387141E-01
  2.300000E+01  4.380979E-01
  2.350000E+01  6.933139E-01
  2.400000E+01  8.994654E-01
  2.450000E+01  1.066804E+00
  2.500000E+01  1.197223E+00
  2.550000E+01  1.263839E+00
  2.600000E+01  1.194033E+00
  2.650000E+01  8.862385E-01
  2.700000E+01  2.911201E-01
  2.750000E+01 -4.837502E-01
  2.800000E+01 -1.159550E+00
  2.850000E+01 -1.433365E+00
  2.900000E+01 -1.200532E+00
  2.950000E+01 -6.547688E-01
  3.000000E+01 -1.530209E-01
  3.050000E+01  4.756285E-02
  3.100000E+01 -5.384564E-02
  3.150000E+01 -2.752870E-01
  3.200000E+01 -4.476082E-01
  3.250000E+01 -5.232841E-01
  3.300000E+01 -5.175259E-01
  3.350000E+01 -3.961368E-01
  3.400000E+01 -6.586250E-02
  3.450000E+01  5.160914E-01
  3.500000E+01  1.238876E+00
  3.550000E+01  1.857304E+00
  3.600000E+01  2.124701E+00
  3.650000E+01  1.936731E+00
  3.700000E+01  1.392901E+00
  3.750000E+01  7.427820E-01
  3.800000E+01  2.355902E-01
  3.850000E+01 -5.693253E-02
  3.900000E+01 -3.192237E-01
  3.950000E+01 -8.633816E-01
  4.000000E+01 -1.838290E+00
  4.050000E+01 -3.012416E+00
  4.100000E+01 -3.869724E+00
  4.150000E+01 -3.991430E+00
  4.200000E+01 -3.392965E+00
  4.250000E+01 -2.488096E+00
  4.300000E+01 -1.706284E+00
  4.350000E+01 -1.136958E+00
  4.400000E+01 -5.334173E-01
  4.450000E+01  3.757929E-01
  4.500000E+01  1.615120E+00
  4.550000E+01  2.967020E+00
  4.600000E+01  4.150176E+00
  4.650000E+01  4.925948E+00
  4.700000E+01  5.085591E+00
  4.750000E+01  4.491249E+00
  4.800000E+01  3.251897E+00
  4.850000E+01  1.826476E+00
  4.900000E+01  7.970441E-01
  4.950000E+01  4.076654E-01
  5.000000E+01  3.259545E-01
  5.050000E+01 -4.740670E-02
  5.100000E+01 -9.659834E-01
  5.150000E+01 -2.046252E+00
  5.200000E+01 -2.626082E+00
  5.250000E+01 -2.419350E+00
  5.300000E+01 -1.791369E+00
  5.350000E+01 -1.385281E+00
  5.400000E+01 -1.513661E+00
  5.450000E+01 -1.938329E+00
  5.500000E+01 -2.198940E+00
  5.550000E+01 -2.074637E+00
  5.600000E+01 -1.705174E+00
  5.650000E+01 -1.346113E+00
  5.700000E+01 -1.112377E+00
  5.750000E+01 -9.664926E-01
  5.800000E+01 -8.459444E-01
  5.850000E+01 -6.934728E-01
  5.900000E+01 -3.808059E-01
  5.950000E+01  2.677317E-01
  6.000000E+01  1.272163E+00
  6.050000E+01  2.339431E+00
  6.100000E+01  3.014239E+00
  6.150000E+01  3.057185E+00
  6.200000E+01  2.653657E+00
  6.250000E+01  2.198543E+00
  6.300000E+01  1.879101E+00
  6.350000E+01  1.526846E+00
  6.400000E+01  9.066675E-01
  6.450000E+01  9.579580E-02
  6.500000E+01 -5.105331E-01
  6.550000E+01 -5.966485E-01
  6.600000E+01 -2.799293E-01
  6.650000E+01 -1.319517E-02
  6.700000E+01 -1.386409E-01
  6.750000E+01 -5.802665E-01
  6.800000E+01 -9.866345E-01
  6.850000E+01 -1.125741E+00
  6.900000E+01 -1.082633E+00
  6.950000E+01 -1.078574E+00
  7.000000E+01 -1.170359E+00
  7.050000E+01 -1.188925E+00
  7.100000E+01 -9.606846E-01
  7.150000E+01 -5.260506E-01
  7.200000E+01 -1.019182E-01
  7.250000E+01  1.490584E-01
  7.300000E+01  2.695490E-01
  7.350000E+01  4.242051E-01
  7.400000E+01  6.989553E-01
  7.450000E+01  1.006015E+00
  7.500000E+01  1.170930E+00
  7.550000E+01  1.081210E+00
  7.600000E+01  7.460048E-01
  7.650000E+01  2.452113E-01
  7.700000E+01 -3.398320E-01
  7.750000E+01 -9.365991E-01
  7.800000E+01 -1.447135E+00
  7.850000E+01 -1.737512E+00
  7.900000E+01 -1.690704E+00
  7.950000E+01 -1.295762E+00
  8.000000E+01 -7.005833E-01
  8.050000E+01 -1.629824E-01
  8.100000E+01  9.952704E-02
  8.150000E+01  6.678683E-02
  8.200000E+01 -5.731151E-02
  8.250000E+01 -2.709326E-03
  8.300000E+01  3.403505E-01
  8.350000E+01  8.339918E-01
  8.400000E+01  1.236050E+00
  8.450000E+01  1.430537E+00
  8.500000E+01  1.502804E+00
  8.550000E+01  1.588714E+00
  8.600000E+01  1.689923E+00
  8.650000E+01  1.686293E+00
  8.700000E+01  1.525066E+00
  8.750000E+01  1.323928E+00
  8.800000E+01  1.213739E+00
  8.850000E+01  1.092190E+00
  8.900000E+01  6.348245E-01
  8.950000E+01 -3.539109E-01
  9.000000E+01 -1.603896E+00
  9.050000E+01 -2.486091E+00
  9.100000E+01 -2.544939E+00
  9.150000E+01 -1.936648E+00
  9.200000E+01 -1.291081E+00
  9.250000E+01 -1.105632E+00
  9.300000E+01 -1.290119E+00
  9.350000E+01 -1.332542E+00
  9.400000E+01 -8.943700E-01
  9.450000E+01 -1.962197E-01
  9.500000E+01  1.954582E-01
  9.550000E+01 -7.795458E-02
  9.600000E+01 -8.551563E-01
  9.650000E+01 -1.646789E+00
  9.700000E+01 -2.046363E+00
  9.750000E+01 -1.922892E+00
  9.800000E+01 -1.306004E+00
  9.850000E+01 -2.434896E-01
  9.900000E+01  1.141071E+00
  9.950000E+01  2.515892E+00
  1.000000E+02  3.420984E+00
  1.005000E+02  3.592500E+00
  1.010000E+02  3.210853E+00
  1.015000E+02  2.761478E+00
  1.020000E+02  2.593871E+00
  1.025000E+02  2.602167E+00
  1.030000E+02  2.341223E+00
  1.035000E+02  1.455575E+00
  1.040000E+02  8.129971E-03
  1.045000E+02 -1.565303E+00
  1.050000E+02 -2.773099E+00
  1.055000E+02 -3.345055E+00
  1.060000E+02 -3.279519E+00
  1.065000E+02 -2.722667E+00
  1.070000E+02 -1.851445E+00
  1.075000E+02 -8.454836E-01
  1.080000E+02  9.344338E-02
  1.085000E+02  7.490346E-01
  1.090000E+02  9.518336E-01
  1.095000E+02  6.683172E-01
  1.100000E+02  6.218330E-02
  1.105000E+02 -5.387542E-01
  1.110000E+02 -8.025544E-01
  1.115000E+02 -6.096576E-01
  1.120000E+02 -1.563446E-01
  1.125000E+02  1.828367E-01
  1.130000E+02  1.560654E-01
  1.135000E+02 -1.621177E-01
  1.140000E+02 -4.629617E-01
  1.145000E+02 -5.033237E-01
  1.150000E+02 -3.088522E-01
  1.155000E+02 -8.174359E-02
  1.160000E+02  6.086371E-02
  1.165000E+02  2.122893E-01
  1.170000E+02  5.322926E-01
  1.175000E+02  1.019834E+00
  1.180000E+02  1.476353E+00
  1.185000E+02  1.691890E+00
  1.190000E+02  1.618909E+00
  1.195000E+02  1.334299E+00
  1.200000E+02  8.748793E-01
  1.205000E+02  1.963791E-01
  1.210000E+02 -6.675957E-01
  1.215000E+02 -1.463677E+00
  1.220000E+02 -1.836617E+00
  1.225000E+02 -1.643166E+00
  1.230000E+02 -1.123022E+00
  1.235000E+02 -6.998001E-01
  1.240000E+02 -5.848488E-01
  1.245000E+02 -5.884137E-01
  1.250000E+02 -3.306833E-01
  1.255000E+02  3.741304E-01
  1.260000E+02  1.344856E+00
  1.265000E+02  2.197682E+00
  1.270000E+02  2.623857E+00
  1.275000E+02  2.508694E+00
  1.280000E+02  1.873815E+00
  1.285000E+02  8.262686E-01
  1.290000E+02 -3.956735E-01
  1.295000E+02 -1.414251E+00
  1.300000E+02 -1.891574E+00
  1.305000E+02 -1.799398E+00
  1.310000E+02 -1.487529E+00
  1.315000E+02 -1.406482E+00
  1.320000E+02 -1.705784E+00
  1.325000E+02 -2.096639E+00
  1.330000E+02 -2.120410E+00
  1.335000E+02 -1.558417E+00
  1.340000E+02 -5.949704E-01
  1.345000E+02  3.753500E-01
  1.350000E+02  1.050507E+00
  1.355000E+02  1.341249E+00
  1.360000E+02  1.281088E+00
  1.365000E+02  9.301567E-01
  1.370000E+02  4.127454E-01
  1.375000E+02 -1.086370E-02
  1.380000E+02 -2.357466E-02
  1.385000E+02  5.185497E-01
  1.390000E+02  1.428435E+00
  1.395000E+02  2.293931E+00
  1.400000E+02  2.768724E+00
  1.405000E+02  2.769200E+00
  1.410000E+02  2.404746E+00
  1.415000E+02  1.763981E+00
  1.420000E+02  8.258532E-01
  1.425000E+02 -4.022945E-01
  1.430000E+02 -1.702440E+00
  1.435000E+02 -2.675276E+00
  1.440000E+02 -3.009862E+00
  1.445000E+02 -2.743982E+00
  1.450000E+02 -2.244970E+00
  1.455000E+02 -1.906612E+00
  1.460000E+02 -1.834492E+00
  1.465000E+02 -1.799015E+00
  1.470000E+02 -1.476688E+00
  1.475000E+02 -7.432952E-01
  1.480000E+02  2.307899E-01
  1.485000E+02  1.122807E+00
  1.490000E+02  1.673564E+00
  1.495000E+02  1.801243E+00
  1.500000E+02  1.580511E+00
  1.505000E+02  1.172924E+00
  1.510000E+02  7.778374E-01
  1.515000E+02  5.863694E-01
  1.520000E+02  6.997619E-01
  1.525000E+02  1.047132E+00
  1.530000E+02  1.396763E+00
  1.535000E+02  1.495652E+00
  1.540000E+02  1.238701E+00
  1.545000E+02  7.164074E-01
  1.550000E+02  9.923417E-02
  1.555000E+02 -5.167641E-01
  1.560000E+02 -1.139882E+00
  1.565000E+02 -1.766649E+00
  1.570000E+02 -2.267230E+00
  1.575000E+02 -2.424640E+00
  1.580000E+02 -2.109522E+00
  1.585000E+02 -1.415971E+00
  1.590000E+02 -6.177258E-01
  1.595000E+02  1.124020E-02
  1.600000E+02  3.404354E-01
  1.605000E+02  3.844371E-01
  1.610000E+02  2.217629E-01
  1.615000E+02 -4.329638E-02
  1.620000E+02 -2.504817E-01
  1.625000E+02 -1.844905E-01
  1.630000E+02  3.134370E-01
  1.635000E+02  1.192042E+00
  1.640000E+02  2.155273E+00
  1.645000E+02  2.816123E+00
  1.650000E+02  2.926193E+00
  1.655000E+02  2.495075E+00
  1.660000E+02  1.725900E+00
  1.665000E+02  8.589356E-01
  1.670000E+02  6.013888E-02
  1.675000E+02 -5.989409E-01
  1.680000E+02 -1.114944E+00
  1.685000E+02 -1.519984E+00
  1.690000E+02 -1.834094E+00
  1.695000E+02 -2.007187E+00
  1.700000E+02 -1.916758E+00
  1.705000E+02 -1.479339E+00
  1.710000E+02 -8.090985E-01
  1.715000E+02 -2.476389E-01
  1.720000E+02 -1.635622E-01
  1.725000E+02 -6.515895E-01
  1.730000E+02 -1.408735E+00
  1.735000E+02 -1.936306E+00
  1.740000E+02 -1.910752E+00
  1.745000E+02 -1.396310E+00
  1.750000E+02 -7.241079E-01
  1.755000E+02 -1.810813E-01
  1.760000E+02  1.921061E-01
  1.765000E+02  5.447578E-01
  1.770000E+02  1.019646E+00
  1.775000E+02  1.631156E+00
  1.780000E+02  2.292787E+00
  1.785000E+02  2.892996E+00
  1.790000E+02  3.312118E+00
  1.795000E+02  3.406538E+00
  1.800000E+02  3.058863E+00
  1.805000E+02  2.299565E+00
  1.810000E+02  1.368602E+00
  1.815000E+02  5.969862E-01
  1.820000E+02  1.656355E-01
  1.825000E+02 -4.725277E-02
  1.830000E+02 -3.698250E-01
  1.835000E+02 -1.051882E+00
  1.840000E+02 -2.029246E+00
  1.845000E+02 -2.936755E+00
  1.850000E+02 -3.357590E+00
  1.855000E+02 -3.106213E+00
  1.860000E+02 -2.331534E+00
  1.865000E+02 -1.386509E+00
  1.870000E+02 -5.945298E-01
  1.875000E+02 -1.025238E-01
  1.880000E+02  9.159213E-02
  1.885000E+02  1.699008E-02
  1.890000E+02 -3.267661E-01
  1.895000E+02 -8.889386E-01
  1.900000E+02 -1.451756E+00
  1.905000E+02 -1.658827E+00
  1.910000E+02 -1.238377E+00
  1.915000E+02 -2.466530E-01
  1.920000E+02  9.184147E-01
  1.925000E+02  1.788849E+00
  1.930000E+02  2.150362E+00
  1.935000E+02  2.117050E+00
  1.940000E+02  1.910984E+00
  1.945000E+02  1.615969E+00
  1.950000E+02  1.190215E+00
  1.955000E+02  7.011894E-01
  1.960000E+02  4.518057E-01
  1.965000E+02  7.650249E-01
  1.970000E+02  1.604844E+00
  1.975000E+02  2.464334E+00
  1.980000E+02  2.716088E+00
  1.985000E+02  2.121130E+00
  1.990000E+02  9.885118E-01
  1.995000E+02 -1.720655E-01
  2.000000E+02 -1.124623E+00
  2.005000E+02 -2.002409E+00
  2.010000E+02 -2.954057E+00
  2.015000E+02 -3.780919E+00
  2.020000E+02 -4.015166E+00
  2.025000E+02 -3.383762E+00
  2.030000E+02 -2.154329E+00
  2.035000E+02 -9.691269E-01
  2.040000E+02 -3.160946E-01
  2.045000E+02 -1.610985E-01
  2.050000E+02 -7.902601E-02
  2.055000E+02  2.946268E-01
  2.060000E+02  9.528173E-01
  2.065000E+02  1.597486E+00
  2.070000E+02  1.945600E+00
  2.075000E+02  1.928023E+00
  2.080000E+02  1.646780E+00
  2.085000E+02  1.229765E+00
  2.090000E+02  7.663884E-01
  2.095000E+02  3.413875E-01
  2.100000E+02  5.607954E-02
  2.105000E+02 -2.200485E-02
  2.110000E+02  7.976362E-02
  2.115000E+02  2.440748E-01
  2.120000E+02  3.231709E-01
  2.125000E+02  1.903105E-01
  2.130000E+02 -2.283568E-01
  2.135000E+02 -9.009355E-01
  2.140000E+02 -1.627410E+00
  2.145000E+02 -2.070383E+00
  2.150000E+02 -1.948573E+00
  2.155000E+02 -1.282706E+00
  2.160000E+02 -4.534776E-01
  2.165000E+02  5.177692E-02
  2.170000E+02  3.095381E-02
  2.175000E+02 -2.493693E-01
  2.180000E+02 -2.687035E-01
  2.185000E+02  3.032442E-01
  2.190000E+02  1.314653E+00
  2.195000E+02  2.236264E+00
  2.200000E+02  2.561164E+00
  2.205000E+02  2.166449E+00
  2.210000E+02  1.367774E+00
  2.215000E+02  6.604755E-01
  2.220000E+02  3.672259E-01
  2.225000E+02  4.500002E-01
  2.230000E+02  6.041738E-01
  2.235000E+02  5.450649E-01
  2.240000E+02  2.527871E-01
  2.245000E+02 -3.620205E-02
  2.250000E+02 -9.772206E-02
  2.255000E+02 -5.962545E-03
  2.260000E+02 -1.338985E-01
  2.265000E+02 -8.079478E-01
  2.270000E+02 -1.918146E+00
  2.275000E+02 -2.895270E+00
  2.280000E+02 -3.149664E+00
  2.285000E+02 -2.591735E+00
  2.290000E+02 -1.717045E+00
  2.295000E+02 -1.137345E+00
  2.300000E+02 -1.003826E+00
  2.305000E+02 -9.072451E-01
  2.310000E+02 -3.691603E-01
  2.315000E+02  5.759399E-01
  2.320000E+02  1.320456E+00
  2.325000E+02  1.233410E+00
  2.330000E+02  2.835613E-01
  2.335000E+02 -8.771718E-01
  2.340000E+02 -1.440772E+00
  2.345000E+02 -1.062298E+00
  2.350000E+02 -1.225787E-02
  2.355000E+02  1.190552E+00
  2.360000E+02  2.225206E+00
  2.365000E+02  3.065861E+00
  2.370000E+02  3.740301E+00
  2.375000E+02  4.111984E+00
  2.380000E+02  3.955308E+00
  2.385000E+02  3.216010E+00
  2.390000E+02  2.133909E+00
  2.395000E+02  1.075043E+00
  2.400000E+02  2.516789E-01
  2.405000E+02 -3.785461E-01
  2.410000E+02 -9.558051E-01
  2.415000E+02 -1.505258E+00
  2.420000E+02 -1.908289E+00
  2.425000E+02 -2.072792E+00
  2.430000E+02 -2.092301E+00
  2.435000E+02 -2.199936E+00
  2.440000E+02 -2.547638E+00
  2.445000E+02 -3.027573E+00
  2.450000E+02 -3.315035E+00
  2.455000E+02 -3.104273E+00
  2.460000E+02 -2.340156E+00
  2.465000E+02 -1.264439E+00
  2.470000E+02 -2.553806E-01
  2.475000E+02  4.082211E-01
  2.480000E+02  6.933550E-01
  2.485000E+02  7.843642E-01
  2.490000E+02  9.137745E-01
  2.495000E+02  1.172226E+00
  2.500000E+02  1.430869E+00
  2.505000E+02  1.441072E+00
  2.510000E+02  1.052380E+00
  2.515000E+02  3.856294E-01
  2.520000E+02 -1.941645E-01
  2.525000E+02 -3.164182E-01
  2.530000E+02  1.162671E-01
  2.535000E+02  8.399776E-01
  2.540000E+02  1.421885E+00
  2.545000E+02  1.585776E+00
  2.550000E+02  1.400668E+00
  2.555000E+02  1.177138E+00
  2.560000E+02  1.172848E+00
  2.565000E+02  1.373470E+00
  2.570000E+02  1.535294E+00
  2.575000E+02  1.429888E+00
  2.580000E+02  1.052708E+00
  2.585000E+02  6.082588E-01
  2.590000E+02  3.033476E-01
  2.595000E+02  1.527576E-01
  2.600000E+02 -2.634101E-02
  2.605000E+02 -4.391056E-01
  2.610000E+02 -1.122649E+00
  2.615000E+02 -1.901450E+00
  2.620000E+02 -2.508992E+00
  2.625000E+02 -2.761619E+00
  2.630000E+02 -2.652527E+00
  2.635000E+02 -2.320874E+00
  2.640000E+02 -1.947018E+00
  2.645000E+02 -1.652979E+00
  2.650000E+02 -1.451824E+00
  2.655000E+02 -1.248482E+00
  2.660000E+02 -8.860861E-01
  2.665000E+02 -2.382289E-01
  2.670000E+02  6.732358E-01
  2.675000E+02  1.605896E+00
  2.680000E+02  2.162816E+00
  2.685000E+02  2.018989E+00
  2.690000E+02  1.186177E+00
  2.695000E+02  1.000976E-01
  2.700000E+02 -6.028351E-01
  2.705000E+02 -5.085102E-01
  2.710000E+02  2.696226E-01
  2.715000E+02  1.172800E+00
  2.720000E+02  1.626916E+00
  2.725000E+02  1.469188E+00
  2.730000E+02  1.011342E+00
  2.735000E+02  7.063752E-01
  2.740000E+02  7.462986E-01
  2.745000E+02  9.582156E-01
  2.750000E+02  1.049714E+00
  2.755000E+02  9.122942E-01
  2.760000E+02  6.742268E-01
  2.765000E+02  4.966413E-01
  2.770000E+02  3.804856E-01
  2.775000E+02  2.004924E-01
  2.780000E+02 -1.085700E-01
  2.785000E+02 -4.627523E-01
  2.790000E+02 -7.440495E-01
  2.795000E+02 -9.564507E-01
  2.800000E+02 -1.203676E+00
  2.805000E+02 -1.502776E+00
  2.810000E+02 -1.679981E+00
  2.815000E+02 -1.523570E+00
  2.820000E+02 -1.057454E+00
  2.825000E+02 -6.179885E-01
  2.830000E+02 -6.002683E-01
  2.835000E+02 -1.097820E+00
  2.840000E+02 -1.788469E+00
  2.845000E+02 -2.173660E+00
  2.850000E+02 -1.934946E+00
  2.855000E+02 -1.098418E+00
  2.860000E+02  6.479563E-02
  2.865000E+02  1.228208E+00
  2.870000E+02  2.120457E+00
  2.875000E+02  2.563268E+00
  2.880000E+02  2.523241E+00
  2.885000E+02  2.158891E+00
  2.890000E+02  1.748740E+00
  2.895000E+02  1.487062E+00
  2.900000E+02  1.327705E+00
  2.905000E+02  1.065478E+00
  2.910000E+02  5.972733E-01
  2.915000E+02  7.644747E-02
  2.920000E+02 -2.342765E-01
  2.925000E+02 -2.630441E-01
  2.930000E+02 -2.364624E-01
  2.935000E+02 -4.516026E-01
  2.940000E+02 -9.550167E-01
  2.945000E+02 -1.487452E+00
  2.950000E+02 -1.753340E+00
  2.955000E+02 -1.705878E+00
  2.960000E+02 -1.533581E+00
  2.965000E+02 -1.391767E+00
  2.970000E+02 -1.212481E+00
  2.975000E+02 -8.101705E-01
  2.980000E+02 -1.348971E-01
  2.985000E+02  6.414658E-01
  2.990000E+02  1.298697E+00
  2.995000E+02  1.773912E+00
  3.000000E+02  2.149486E+00
  3.005000E+02  2.460138E+00
  3.010000E+02  2.581183E+00
  3.015000E+02  2.344693E+00
  3.020000E+02  1.733362E+00
  3.025000E+02  9.053124E-01
  3.030000E+02  2.381863E-02
  3.035000E+02 -8.855910E-01
  3.040000E+02 -1.869940E+00
  3.045000E+02 -2.867399E+00
  3.050000E+02 -3.650966E+00
  3.055000E+02 -3.975527E+00
  3.060000E+02 -3.748412E+00
  3.065000E+02 -3.027953E+00
  3.070000E+02 -1.897409E+00
  3.075000E+02 -4.334373E-01
  3.080000E+02  1.154877E+00
  3.085000E+02  2.423482E+00
  3.090000E+02  2.870864E+00
  3.095000E+02  2.329878E+00
  3.100000E+02  1.200387E+00
  3.105000E+02  2.333830E-01
  3.110000E+02  4.786814E-03
  3.115000E+02  5.328388E-01
  3.120000E+02  1.354663E+00
  3.125000E+02  1.942046E+00
  3.130000E+02  2.064181E+00
  3.135000E+02  1.836376E+00
  3.140000E+02  1.521160E+00
  3.145000E+02  1.312996E+00
  3.150000E+02  1.243451E+00
  3.155000E+02  1.191296E+00
  3.160000E+02  9.528736E-01
  3.165000E+02  3.674325E-01
  3.170000E+02 -5.428303E-01
  3.175000E+02 -1.541731E+00
  3.180000E+02 -2.341759E+00
  3.185000E+02 -2.846264E+00
  3.190000E+02 -3.217720E+00
  3.195000E+02 -3.660162E+00
  3.200000E+02 -4.123030E+00
  3.205000E+02 -4.263467E+00
  3.210000E+02 -3.748390E+00
  3.215000E+02 -2.592822E+00
  3.220000E+02 -1.163870E+00
  3.225000E+02  1.632194E-01
  3.230000E+02  1.321603E+00
  3.235000E+02  2.496244E+00
  3.240000E+02  3.772049E+00
  3.245000E+02  4.898587E+00
  3.250000E+02  5.445326E+00
  3.255000E+02  5.176768E+00
  3.260000E+02  4.239205E+00
  3.265000E+02  2.980680E+00
  3.270000E+02  1.638622E+00
  3.275000E+02  2.477154E-01
  3.280000E+02 -1.168675E+00
  3.285000E+02 -2.396947E+00
  3.290000E+02 -3.091317E+00
  3.295000E+02 -3.046394E+00
  3.300000E+02 -2.392715E+00
  3.305000E+02 -1.514075E+00
  3.310000E+02 -7.803531E-01
  3.315000E+02 -3.498670E-01
  3.320000E+02 -1.771735E-01
  3.325000E+02 -1.433193E-01
  3.330000E+02 -1.523919E-01
  3.335000E+02 -1.424637E-01
  3.340000E+02 -7.207699E-02
  3.345000E+02  6.367929E-02
  3.350000E+02  2.104126E-01
  3.355000E+02  2.721841E-01
  3.360000E+02  1.656719E-01
  3.365000E+02 -1.359781E-01
  3.370000E+02 -5.941435E-01
  3.375000E+02 -1.112980E+00
  3.380000E+02 -1.550348E+00
  3.385000E+02 -1.749430E+00
  3.390000E+02 -1.604374E+00
  3.395000E+02 -1.123090E+00
  3.400000E+02 -4.272507E-01
  3.405000E+02  3.180153E-01
  3.410000E+02  9.810162E-01
  3.415000E+02  1.486385E+00
  3.420000E+02  1.798695E+00
  3.425000E+02  1.925079E+00
  3.430000E+02  1.942443E+00
  3.435000E+02  1.980352E+00
  3.440000E+02  2.116153E+00
  3.445000E+02  2.259206E+00
  3.450000E+02  2.165394E+00
  3.455000E+02  1.620093E+00
  3.460000E+02  6.461504E-01
  3.465000E+02 -4.612084E-01
  3.470000E+02 -1.318978E+00
  3.475000E+02 -1.701936E+00
  3.480000E+02 -1.646743E+00
  3.485000E+02 -1.361564E+00
  3.490000E+02 -1.057772E+00
  3.495000E+02 -8.442959E-01
  3.500000E+02 -7.237862E-01
  3.505000E+02 -6.447010E-01
  3.510000E+02 -5.643732E-01
  3.515000E+02 -5.031352E-01
  3.520000E+02 -5.553045E-01
  3.525000E+02 -8.148791E-01
  3.530000E+02 -1.245313E+00
  3.535000E+02 -1.623127E+00
  3.540000E+02 -1.664805E+00
  3.545000E+02 -1.265543E+00
  3.550000E+02 -6.182988E-01
  3.555000E+02 -5.949494E-02
  3.560000E+02  2.325426E-01
  3.565000E+02  3.804586E-01
  3.570000E+02  6.366741E-01
  3.575000E+02  1.083061E+00
  3.580000E+02  1.533301E+00
  3.585000E+02  1.741494E+00
  3.590000E+02  1.670584E+00
  3.595000E+02  1.508897E+00
  3.600000E+02  1.421826E+00
  3.605000E+02  1.338540E+00
  3.610000E+02  1.033115E+00
  3.615000E+02  4.156791E-01
  3.620000E+02 -2.942450E-01
  3.625000E+02 -7.082500E-01
  3.630000E+02 -5.806194E-01
  3.635000E+02  8.479039E-03
  3.640000E+02  7.283386E-01
  3.645000E+02  1.205356E+00
  3.650000E+02  1.183909E+00
  3.655000E+02  6.018854E-01
  3.660000E+02 -3.680650E-01
  3.665000E+02 -1.335850E+00
  3.670000E+02 -1.865167E+00
  3.675000E+02 -1.771296E+00
  3.680000E+02 -1.305778E+00
  3.685000E+02 -9.918994E-01
  3.690000E+02 -1.187270E+00
  3.695000E+02 -1.761347E+00
  3.700000E+02 -2.205551E+00
  3.705000E+02 -2.069996E+00
  3.710000E+02 -1.297097E+00
  3.715000E+02 -1.622099E-01
  3.720000E+02  1.029882E+00
  3.725000E+02  2.116132E+00
  3.730000E+02  2.969223E+00
  3.735000E+02  3.352344E+00
  3.740000E+02  3.022212E+00
  3.745000E+02  2.021146E+00
  3.750000E+02  7.951471E-01
  3.755000E+02 -8.486615E-02
  3.760000E+02 -3.748401E-01
  3.765000E+02 -3.296076E-01
  3.770000E+02 -4.153146E-01
  3.775000E+02 -8.590810E-01
  3.780000E+02 -1.481684E+00
  3.785000E+02 -1.932317E+00
  3.790000E+02 -2.028776E+00
  3.795000E+02 -1.853812E+00
  3.800000E+02 -1.575993E+00
  3.805000E+02 -1.253353E+00
  3.810000E+02 -8.321107E-01
  3.815000E+02 -2.856323E-01
  3.820000E+02  3.072234E-01
  3.825000E+02  8.291186E-01
  3.830000E+02  1.231942E+00
  3.835000E+02  1.554384E+00
  3.840000E+02  1.849083E+00
  3.845000E+02  2.113107E+00
  3.850000E+02  2.273085E+00
  3.855000E+02  2.200081E+00
  3.860000E+02  1.741143E+00
  3.865000E+02  8.068353E-01
  3.870000E+02 -4.872109E-01
  3.875000E+02 -1.751018E+00
  3.880000E+02 -2.471437E+00
  3.885000E+02 -2.342850E+00
  3.890000E+02 -1.506468E+00
  3.895000E+02 -4.469692E-01
  3.900000E+02  3.911585E-01
  3.905000E+02  9.112340E-01
  3.910000E+02  1.304538E+00
  3.915000E+02  1.713022E+00
  3.920000E+02  1.993872E+00
  3.925000E+02  1.841304E+00
  3.930000E+02  1.121840E+00
  3.935000E+02  4.985598E-02
  3.940000E+02 -9.823397E-01
  3.945000E+02 -1.725579E+00
  3.950000E+02 -2.206187E+00
  3.955000E+02 -2.562822E+00
  3.960000E+02 -2.809748E+00
  3.965000E+02 -2.805206E+00
  3.970000E+02 -2.447649E+00
  3.975000E+02 -1.859169E+00
  3.980000E+02 -1.332641E+00
  3.985000E+02 -1.079501E+00
  3.990000E+02 -1.027669E+00
  3.995000E+02 -8.697499E-01
  4.000000E+02 -3.201287E-01
  4.005000E+02  6.475682E-01
  4.010000E+02  1.780533E+00
  4.015000E+02  2.745882E+00
  4.020000E+02  3.371093E+00
  4.025000E+02  3.727662E+00
  4.030000E+02  3.999948E+00
  4.035000E+02  4.262672E+00
  4.040000E+02  4.366731E+00
  4.045000E+02  4.037967E+00
  4.050000E+02  3.103148E+00
  4.055000E+02  1.642226E+00
  4.060000E+02 -5.990209E-02
  4.065000E+02 -1.693513E+00
  4.070000E+02 -3.051397E+00
  4.075000E+02 -4.006558E+00
  4.080000E+02 -4.433630E+00
  4.085000E+02 -4.233926E+00
  4.090000E+02 -3.477972E+00
  4.095000E+02 -2.490221E+00
  4.100000E+02 -1.709868E+00
  4.105000E+02 -1.390694E+00
  4.110000E+02 -1.404730E+00
  4.115000E+02 -1.349214E+00
  4.120000E+02 -8.746916E-01
  4.125000E+02  5.140953E-02
  4.130000E+02  1.149995E+00
  4.135000E+02  2.048545E+00
  4.140000E+02  2.498149E+00
  4.145000E+02  2.448227E+00
  4.150000E+02  2.005148E+00
  4.155000E+02  1.363149E+00
  4.160000E+02  7.357057E-01
  4.165000E+02  2.735023E-01
  4.170000E+02  2.553130E-03
  4.175000E+02 -1.469978E-01
  4.180000E+02 -2.302977E-01
  4.185000E+02 -2.226438E-01
  4.190000E+02 -1.012771E-01
  4.195000E+02  1.413088E-02
  4.200000E+02 -1.229954E-01
  4.205000E+02 -6.445813E-01
  4.210000E+02 -1.328153E+00
  4.215000E+02 -1.674183E+00
  4.220000E+02 -1.318513E+00
  4.225000E+02 -4.012388E-01
  4.230000E+02  5.148451E-01
  4.235000E+02  9.465915E-01
  4.240000E+02  9.265788E-01
  4.245000E+02  9.240950E-01
  4.250000E+02  1.327357E+00
  4.255000E+02  2.018938E+00
  4.260000E+02  2.468991E+00
  4.265000E+02  2.224591E+00
  4.270000E+02  1.287121E+00
  4.275000E+02  4.006508E-02
  4.280000E+02 -1.115552E+00
  4.285000E+02 -2.004470E+00
  4.290000E+02 -2.609037E+00
  4.295000E+02 -2.883321E+00
  4.300000E+02 -2.728632E+00
  4.305000E+02 -2.142007E+00
  4.310000E+02 -1.301884E+00
  4.315000E+02 -4.410335E-01
  4.320000E+02  3.509369E-01
  4.325000E+02  1.140656E+00
  4.330000E+02  1.945592E+00
  4.335000E+02  2.561176E+00
  4.340000E+02  2.663349E+00
  4.345000E+02  2.119913E+00
  4.350000E+02  1.186392E+00
  4.355000E+02  3.554627E-01
  4.360000E+02 -2.307125E-02
  4.365000E+02 -4.524241E-03
  4.370000E+02  3.547860E-02
  4.375000E+02 -2.631408E-01
  4.380000E+02 -9.587909E-01
  4.385000E+02 -1.790381E+00
  4.390000E+02 -2.399166E+00
  4.395000E+02 -2.585324E+00
  4.400000E+02 -2.406796E+00
  4.405000E+02 -2.073616E+00
  4.410000E+02 -1.743761E+00
  4.415000E+02 -1.391059E+00
  4.420000E+02 -8.562440E-01
  4.425000E+02 -4.112528E-02
  4.430000E+02  9.297484E-01
  4.435000E+02  1.746265E+00
  4.440000E+02  2.137942E+00
  4.445000E+02  2.083767E+00
  4.450000E+02  1.801380E+00
  4.455000E+02  1.528559E+00
  4.460000E+02  1.329765E+00
  4.465000E+02  1.132300E+00
  4.470000E+02  9.323233E-01
  4.475000E+02  9.018060E-01
  4.480000E+02  1.227013E+00
  4.485000E+02  1.827677E+00
  4.490000E+02  2.285980E+00
  4.495000E+02  2.128912E+00
  4.500000E+02  1.233791E+00
  4.505000E+02 -3.247013E-02
  4.510000E+02 -1.089151E+00
  4.515000E+02 -1.583076E+00
  4.520000E+02 -1.598929E+00
  4.525000E+02 -1.483906E+00
  4.530000E+02 -1.498797E+00
  4.535000E+02 -1.631969E+00
  4.540000E+02 -1.706002E+00
  4.545000E+02 -1.613666E+00
  4.550000E+02 -1.431218E+00
  4.555000E+02 -1.319256E+00
  4.560000E+02 -1.338224E+00
  4.565000E+02 -1.370111E+00
  4.570000E+02 -1.221246E+00
  4.575000E+02 -8.132849E-01
  4.580000E+02 -2.928545E-01
  4.585000E+02  4.671269E-02
  4.590000E+02 -1.227423E-02
  4.595000E+02 -4.184857E-01
  4.600000E+02 -8.618799E-01
  4.605000E+02 -1.007859E+00
  4.610000E+02 -7.700587E-01
  4.615000E+02 -3.690394E-01
  4.620000E+02 -9.575819E-02
  4.625000E+02  1.598346E-02
  4.630000E+02  2.808146E-01
  4.635000E+02  1.085374E+00
  4.640000E+02  2.471298E+00
  4.645000E+02  3.976313E+00
  4.650000E+02  4.922427E+00
  4.655000E+02  4.928215E+00
  4.660000E+02  4.200252E+00
  4.665000E+02  3.344471E+00
  4.670000E+02  2.858963E+00
  4.675000E+02  2.737547E+00
  4.680000E+02  2.500757E+00
  4.685000E+02  1.604752E+00
  4.690000E+02 -1.119806E-01
  4.695000E+02 -2.278390E+00
  4.700000E+02 -4.218448E+00
  4.705000E+02 -5.363372E+00
  4.710000E+02 -5.554713E+00
  4.715000E+02 -5.056136E+00
  4.720000E+02 -4.309878E+00
  4.725000E+02 -3.640864E+00
  4.730000E+02 -3.117326E+00
  4.735000E+02 -2.628285E+00
  4.740000E+02 -2.060003E+00
  4.745000E+02 -1.396940E+00
  4.750000E+02 -6.808510E-01
  4.755000E+02  8.045657E-02
  4.760000E+02  9.207109E-01
  4.765000E+02  1.818995E+00
  4.770000E+02  2.617848E+00
  4.775000E+02  3.075161E+00
  4.780000E+02  3.027925E+00
  4.785000E+02  2.519656E+00
  4.790000E+02  1.774014E+00
  4.795000E+02  1.048308E+00
  4.800000E+02  5.047757E-01
  4.805000E+02  1.920245E-01
  4.810000E+02  1.047597E-01
  4.815000E+02  2.311138E-01
  4.820000E+02  5.478766E-01
  4.825000E+02  9.961893E-01
  4.830000E+02  1.474665E+00
  4.835000E+02  1.845265E+00
  4.840000E+02  1.940781E+00
  4.845000E+02  1.601506E+00
  4.850000E+02  7.722983E-01
  4.855000E+02 -3.856924E-01
  4.860000E+02 -1.490076E+00
  4.865000E+02 -2.112299E+00
  4.870000E+02 -2.041720E+00
  4.875000E+02 -1.432135E+00
  4.880000E+02 -7.002009E-01
  4.885000E+02 -2.547812E-01
  4.890000E+02 -2.706807E-01
  4.895000E+02 -6.515306E-01
  4.900000E+02 -1.147027E+00
  4.905000E+02 -1.492779E+00
  4.910000E+02 -1.495846E+00
  4.915000E+02 -1.083629E+00
  4.920000E+02 -3.412437E-01
  4.925000E+02  4.962771E-01
  4.930000E+02  1.137528E+00
  4.935000E+02  1.374165E+00
  4.940000E+02  1.163249E+00
  4.945000E+02  6.011926E-01
  4.950000E+02 -1.519072E-01
  4.955000E+02 -9.137466E-01
  4.960000E+02 -1.493295E+00
  4.965000E+02 -1.748971E+00
  4.970000E+02 -1.689059E+00
  4.975000E+02 -1.486020E+00
  4.980000E+02 -1.306938E+00
  4.985000E+02 -1.081401E+00
  4.990000E+02 -4.851401E-01
  4.995000E+02  7.428254E-01
  5.000000E+02  2.410608E+00
  5.005000E+02  3.847894E+00
  5.010000E+02  4.377460E+00
  5.015000E+02  3.887336E+00
  5.020000E+02  2.926661E+00
  5.025000E+02  2.179365E+00
  5.030000E+02  1.810640E+00
  5.035000E+02  1.348727E+00
  5.040000E+02  2.399627E-01
  5.045000E+02 -1.479112E+00
  5.050000E+02 -3.083960E+00
  5.055000E+02 -3.754581E+00
  5.060000E+02 -3.283715E+00
  5.065000E+02 -2.227124E+00
  5.070000E+02 -1.390158E+00
  5.075000E+02 -1.172976E+00
  5.080000E+02 -1.364092E+00
  5.085000E+02 -1.476815E+00
  5.090000E+02 -1.220289E+00
  5.095000E+02 -6.687186E-01
  5.100000E+02 -7.466790E-02
  5.105000E+02  3.912586E-01
  5.110000E+02  7.168648E-01
  5.115000E+02  9.503994E-01
  5.120000E+02  1.108290E+00
  5.125000E+02  1.190309E+00
  5.130000E+02  1.232937E+00
  5.135000E+02  1.293206E+00
  5.140000E+02  1.371757E+00
  5.145000E+02  1.383992E+00
  5.150000E+02  1.239829E+00
  5.155000E+02  9.576332E-01
  5.160000E+02  6.822342E-01
  5.165000E+02  5.692968E-01
  5.170000E+02  6.378009E-01
  5.175000E+02  7.301765E-01
  5.180000E+02  6.193299E-01
  5.185000E+02  1.678071E-01
  5.190000E+02 -5.936053E-01
  5.195000E+02 -1.514322E+00
  5.200000E+02 -2.426994E+00
  5.205000E+02 -3.197621E+00
  5.210000E+02 -3.693519E+00
  5.215000E+02 -3.745963E+00
  5.220000E+02 -3.200078E+00
  5.225000E+02 -2.042852E+00
  5.230000E+02 -4.857440E-01
  5.235000E+02  1.110864E+00
  5.240000E+02  2.434260E+00
  5.245000E+02  3.361910E+00
  5.250000E+02  3.914739E+00
  5.255000E+02  4.086173E+00
  5.260000E+02  3.757836E+00
  5.265000E+02  2.822354E+00
  5.270000E+02  1.385754E+00
  5.275000E+02 -1.997951E-01
  5.280000E+02 -1.550922E+00
  5.285000E+02 -2.502716E+00
  5.290000E+02 -3.115334E+00
  5.295000E+02 -3.430660E+00
  5.300000E+02 -3.283972E+00
  5.305000E+02 -2.442931E+00
  5.310000E+02 -9.622144E-01
  5.315000E+02  6.636456E-01
  5.320000E+02  1.802809E+00
  5.325000E+02  2.196679E+00
  5.330000E+02  2.150256E+00
  5.335000E+02  2.171399E+00
  5.340000E+02  2.416260E+00
  5.345000E+02  2.527461E+00
  5.350000E+02  2.041179E+00
  5.355000E+02  9.236420E-01
  5.360000E+02 -3.412516E-01
  5.365000E+02 -1.194886E+00
  5.370000E+02 -1.483425E+00
  5.375000E+02 -1.468587E+00
  5.380000E+02 -1.416105E+00
  5.385000E+02 -1.281569E+00
  5.390000E+02 -8.681065E-01
  5.395000E+02 -2.472421E-01
  5.400000E+02  1.012927E-01
  5.405000E+02 -3.314842E-01
  5.410000E+02 -1.548841E+00
  5.415000E+02 -2.929755E+00
  5.420000E+02 -3.679460E+00
  5.425000E+02 -3.419502E+00
  5.430000E+02 -2.372329E+00
  5.435000E+02 -1.040054E+00
  5.440000E+02  2.299701E-01
  5.445000E+02  1.372704E+00
  5.450000E+02  2.406566E+00
  5.455000E+02  3.229290E+00
  5.460000E+02  3.657084E+00
  5.465000E+02  3.619769E+00
  5.470000E+02  3.245337E+00
  5.475000E+02  2.728538E+00
  5.480000E+02  2.149493E+00
  5.485000E+02  1.458772E+00
  5.490000E+02  6.341149E-01
  5.495000E+02 -1.924114E-01
  5.500000E+02 -8.009809E-01
  5.505000E+02 -1.083621E+00
  5.510000E+02 -1.162942E+00
  5.515000E+02 -1.294789E+00
  5.520000E+02 -1.634449E+00
  5.525000E+02 -2.076181E+00
  5.530000E+02 -2.308910E+00
  5.535000E+02 -2.046143E+00
  5.540000E+02 -1.249710E+00
  5.545000E+02 -1.761698E-01
  5.550000E+02  7.871089E-01
  5.555000E+02  1.367240E+00
  5.560000E+02  1.539739E+00
  5.565000E+02  1.452203E+00
  5.570000E+02  1.225836E+00
  5.575000E+02  8.377491E-01
  5.580000E+02  2.044597E-01
  5.585000E+02 -6.301863E-01
  5.590000E+02 -1.427203E+00
  5.595000E+02 -1.909722E+00
  5.600000E+02 -1.992239E+00
  5.605000E+02 -1.823000E+00
  5.610000E+02 -1.575572E+00
  5.615000E+02 -1.224353E+00
  5.620000E+02 -5.890911E-01
  5.625000E+02  3.620816E-01
  5.630000E+02  1.291888E+00
  5.635000E+02  1.665106E+00
  5.640000E+02  1.213876E+00
  5.645000E+02  2.434518E-01
  5.650000E+02 -5.649252E-01
  5.655000E+02 -7.008895E-01
  5.660000E+02 -2.045567E-01
  5.665000E+02  4.718279E-01
  5.670000E+02  9.442376E-01
  5.675000E+02  1.215390E+00
  5.680000E+02  1.536480E+00
  5.685000E+02  2.016951E+00
  5.690000E+02  2.433298E+00
  5.695000E+02  2.437398E+00
  5.700000E+02  1.919983E+00
  5.705000E+02  1.132636E+00
  5.710000E+02  4.490866E-01
  5.715000E+02  2.566977E-02
  5.720000E+02 -2.999081E-01
  5.725000E+02 -7.996890E-01
  5.730000E+02 -1.567483E+00
  5.735000E+02 -2.420765E+00
  5.740000E+02 -3.045385E+00
  5.745000E+02 -3.218161E+00
  5.750000E+02 -2.919140E+00
  5.755000E+02 -2.284588E+00
  5.760000E+02 -1.487470E+00
  5.765000E+02 -6.562856E-01
  5.770000E+02  1.241047E-01
  5.775000E+02  7.663523E-01
  5.780000E+02  1.162576E+00
  5.785000E+02  1.240308E+00
  5.790000E+02  1.058782E+00
  5.795000E+02  8.394637E-01
  5.800000E+02  8.459522E-01
  5.805000E+02  1.165102E+00
  5.810000E+02  1.578794E+00
  5.815000E+02  1.686441E+00
  5.820000E+02  1.218675E+00
  5.825000E+02  2.741034E-01
  5.830000E+02 -7.468800E-01
  5.835000E+02 -1.450895E+00
  5.840000E+02 -1.702201E+00
  5.845000E+02 -1.590113E+00
  5.850000E+02 -1.207459E+00
  5.855000E+02 -5.368712E-01
  5.860000E+02  4.123084E-01
  5.865000E+02  1.407286E+00
  5.870000E+02  2.034433E+00
  5.875000E+02  2.011117E+00
  5.880000E+02  1.452816E+00
  5.885000E+02  7.819445E-01
  5.890000E+02  3.405830E-01
  5.895000E+02  1.028113E-01
  5.900000E+02 -2.165299E-01
  5.905000E+02 -7.904326E-01
  5.910000E+02 -1.456524E+00
  5.915000E+02 -1.868851E+00
  5.920000E+02 -1.831372E+00
  5.925000E+02 -1.448180E+00
  5.930000E+02 -9.729764E-01
  5.935000E+02 -5.814057E-01
  5.940000E+02 -3.178664E-01
  5.945000E+02 -1.918203E-01
  5.950000E+02 -2.054466E-01
  5.955000E+02 -2.410354E-01
  5.960000E+02 -1.082076E-02
  5.965000E+02  7.322648E-01
  5.970000E+02  1.861202E+00
  5.975000E+02  2.812593E+00
  5.980000E+02  2.981361E+00
  5.985000E+02  2.252960E+00
  5.990000E+02  1.130053E+00
  5.995000E+02  2.848263E-01
  6.000000E+02 -2.755251E-02
  6.005000E+02 -9.872898E-02
  6.010000E+02 -3.344005E-01
  6.015000E+02 -7.626294E-01
  6.020000E+02 -1.033187E+00
  6.025000E+02 -8.871054E-01
  6.030000E+02 -5.348272E-01
  6.035000E+02 -4.852381E-01
  6.040000E+02 -9.974332E-01
  6.045000E+02 -1.766669E+00
  6.050000E+02 -2.208257E+00
  6.055000E+02 -2.047350E+00
  6.060000E+02 -1.588249E+00
  6.065000E+02 -1.382919E+00
  6.070000E+02 -1.651585E+00
  6.075000E+02 -2.045806E+00
  6.080000E+02 -1.965209E+00
  6.085000E+02 -1.084190E+00
  6.090000E+02  4.087168E-01
  6.095000E+02  2.011584E+00
  6.100000E+02  3.280137E+00
  6.105000E+02  4.023838E+00
  6.110000E+02  4.246127E+00
  6.115000E+02  4.005051E+00
  6.120000E+02  3.366695E+00
  6.125000E+02  2.444418E+00
  6.130000E+02  1.411606E+00
  6.135000E+02  4.421388E-01
  6.140000E+02 -3.566608E-01
  6.145000E+02 -9.488236E-01
  6.150000E+02 -1.328975E+00
  6.155000E+02 -1.502948E+00
  6.160000E+02 -1.510504E+00
  6.165000E+02 -1.441445E+00
  6.170000E+02 -1.397608E+00
  6.175000E+02 -1.418891E+00
  6.180000E+02 -1.437995E+00
  6.185000E+02 -1.308378E+00
  6.190000E+02 -8.960882E-01
  6.195000E+02 -1.890431E-01
  6.200000E+02  6.355682E-01
  6.205000E+02  1.244251E+00
  6.210000E+02  1.304535E+00
  6.215000E+02  7.022291E-01
  6.220000E+02 -3.347433E-01
  6.225000E+02 -1.337092E+00
  6.230000E+02 -1.882957E+00
  6.235000E+02 -1.858880E+00
  6.240000E+02 -1.479841E+00
  6.245000E+02 -1.068873E+00
  6.250000E+02 -8.150496E-01
  6.255000E+02 -7.186533E-01
  6.260000E+02 -7.067052E-01
  6.265000E+02 -7.223385E-01
  6.270000E+02 -6.698907E-01
  6.275000E+02 -3.341415E-01
  6.280000E+02  5.211838E-01
  6.285000E+02  1.876949E+00
  6.290000E+02  3.281801E+00
  6.295000E+02  4.046095E+00
  6.300000E+02  3.730651E+00
  6.305000E+02  2.515285E+00
  6.310000E+02  1.088720E+00
  6.315000E+02  1.360241E-01
  6.320000E+02 -1.219155E-01
  6.325000E+02  4.915281E-02
  6.330000E+02  2.603317E-01
  6.335000E+02  3.487635E-01
  6.340000E+02  3.964453E-01
  6.345000E+02  4.879557E-01
  6.350000E+02  5.300276E-01
  6.355000E+02  3.294293E-01
  6.360000E+02 -1.948848E-01
  6.365000E+02 -9.276481E-01
  6.370000E+02 -1.685585E+00
  6.375000E+02 -2.383719E+00
  6.380000E+02 -3.032864E+00
  6.385000E+02 -3.579875E+00
  6.390000E+02 -3.803421E+00
  6.395000E+02 -3.425009E+00
  6.400000E+02 -2.350998E+00
  6.405000E+02 -8.048415E-01
  6.410000E+02  7.876854E-01
  6.415000E+02  2.052921E+00
  6.420000E+02  2.834724E+00
  6.425000E+02  3.158749E+00
  6.430000E+02  3.092857E+00
  6.435000E+02  2.675325E+00
  6.440000E+02  1.962621E+00
  6.445000E+02  1.091031E+00
  6.450000E+02  2.350708E-01
  6.455000E+02 -5.139608E-01
  6.460000E+02 -1.204007E+00
  6.465000E+02 -1.916133E+00
  6.470000E+02 -2.580047E+00
  6.475000E+02 -2.913466E+00
  6.480000E+02 -2.597800E+00
  6.485000E+02 -1.569608E+00
  6.490000E+02 -1.579005E-01
  6.495000E+02  1.099326E+00
  6.500000E+02  1.838664E+00
  6.505000E+02  2.125643E+00
  6.510000E+02  2.335587E+00
  6.515000E+02  2.745677E+00
  6.520000E+02  3.203577E+00
  6.525000E+02  3.197381E+00
  6.530000E+02  2.301273E+00
  6.535000E+02  6.180231E-01
  6.540000E+02 -1.187129E+00
  6.545000E+02 -2.324475E+00
  6.550000E+02 -2.439790E+00
  6.555000E+02 -1.833248E+00
  6.560000E+02 -1.165607E+00
  6.565000E+02 -9.161118E-01
  6.570000E+02 -1.052445E+00
  6.575000E+02 -1.165541E+00
  6.580000E+02 -9.088516E-01
  6.585000E+02 -3.317059E-01
  6.590000E+02  1.817921E-01
  6.595000E+02  2.895514E-01
  6.600000E+02  2.615147E-02
  6.605000E+02 -2.126574E-01
  6.610000E+02 -2.197474E-02
  6.615000E+02  6.381600E-01
  6.620000E+02  1.376318E+00
  6.625000E+02  1.664989E+00
  6.630000E+02  1.238036E+00
  6.635000E+02  2.585951E-01
  6.640000E+02 -8.513113E-01
  6.645000E+02 -1.728154E+00
  6.650000E+02 -2.242499E+00
  6.655000E+02 -2.423656E+00
  6.660000E+02 -2.283528E+00
  6.665000E+02 -1.764315E+00
  6.670000E+02 -8.629584E-01
  6.675000E+02  2.334855E-01
  6.680000E+02  1.190284E+00
  6.685000E+02  1.738113E+00
  6.690000E+02  1.853914E+00
  6.695000E+02  1.729882E+00
  6.700000E+02  1.568760E+00
  6.705000E+02  1.417442E+00
  6.710000E+02  1.194253E+00
  6.715000E+02  8.492932E-01
  6.720000E+02  4.642160E-01
  6.725000E+02  1.857958E-01
  6.730000E+02  8.240791E-02
  6.735000E+02  8.959700E-02
  6.740000E+02  9.551402E-02
  6.745000E+02  5.798788E-02
  6.750000E+02  2.699111E-02
  6.755000E+02  7.262515E-02
  6.760000E+02  2.227023E-01
  6.765000E+02  4.727357E-01
  6.770000E+02  8.144169E-01
  6.775000E+02  1.201227E+00
  6.780000E+02  1.474809E+00
  6.785000E+02  1.373343E+00
  6.790000E+02  6.862483E-01
  6.795000E+02 -5.506646E-01
  6.800000E+02 -2.010952E+00
  6.805000E+02 -3.255455E+00
  6.810000E+02 -3.989938E+00
  6.815000E+02 -4.182246E+00
  6.820000E+02 -3.963632E+00
  6.825000E+02 -3.449330E+00
  6.830000E+02 -2.666104E+00
  6.835000E+02 -1.628901E+00
  6.840000E+02 -4.417716E-01
  6.845000E+02  7.075835E-01
  6.850000E+02  1.650232E+00
  6.855000E+02  2.316649E+00
  6.860000E+02  2.718668E+00
  6.865000E+02  2.879760E+00
  6.870000E+02  2.809252E+00
  6.875000E+02  2.540083E+00
  6.880000E+02  2.158259E+00
  6.885000E+02  1.765199E+00
  6.890000E+02  1.409719E+00
  6.895000E+02  1.074630E+00
  6.900000E+02  7.367974E-01
  6.905000E+02  4.236924E-01
  6.910000E+02  1.918699E-01
  6.915000E+02  5.664434E-02
  6.920000E+02 -2.630415E-02
  6.925000E+02 -9.002158E-02
  6.930000E+02 -8.762689E-02
  6.935000E+02  5.751462E-02
  6.940000E+02  3.031229E-01
  6.945000E+02  4.122161E-01
  6.950000E+02  8.984298E-02
  6.955000E+02 -7.469589E-01
  6.960000E+02 -1.825030E+00
  6.965000E+02 -2.675862E+00
  6.970000E+02 -2.987321E+00
  6.975000E+02 -2.821999E+00
  6.980000E+02 -2.489082E+00
  6.985000E+02 -2.199840E+00
  6.990000E+02 -1.862800E+00
  6.995000E+02 -1.235634E+00
  7.000000E+02 -2.745763E-01
  7.005000E+02  7.025154E-01
  7.010000E+02  1.248558E+00
  7.015000E+02  1.213385E+00
  7.020000E+02  9.355861E-01
  7.025000E+02  9.764790E-01
  7.030000E+02  1.617245E+00
  7.035000E+02  2.582749E+00
  7.040000E+02  3.250255E+00
  7.045000E+02  3.149456E+00
  7.050000E+02  2.304372E+00
  7.055000E+02  1.143926E+00
  7.060000E+02  1.198234E-01
  7.065000E+02 -5.935851E-01
  7.070000E+02 -1.086103E+00
  7.075000E+02 -1.487079E+00
  7.080000E+02 -1.801760E+00
  7.085000E+02 -1.948102E+00
  7.090000E+02 -1.888776E+00
  7.095000E+02 -1.676568E+00
  7.100000E+02 -1.377396E+00
  7.105000E+02 -9.982801E-01
  7.110000E+02 -5.252113E-01
  7.115000E+02 -1.001715E-02
  7.120000E+02  4.390146E-01
  7.125000E+02  7.871800E-01
  7.130000E+02  1.163841E+00
  7.135000E+02  1.749946E+00
  7.140000E+02  2.522833E+00
  7.145000E+02  3.129518E+00
  7.150000E+02  3.089830E+00
  7.155000E+02  2.204194E+00
  7.160000E+02  7.871372E-01
  7.165000E+02 -5.375330E-01
  7.170000E+02 -1.333943E+00
  7.175000E+02 -1.692326E+00
  7.180000E+02 -2.080401E+00
  7.185000E+02 -2.836451E+00
  7.190000E+02 -3.781741E+00
  7.195000E+02 -4.324505E+00
  7.200000E+02 -3.963829E+00
  7.205000E+02 -2.726935E+00
  7.210000E+02 -1.145319E+00
  7.215000E+02  1.860758E-01
  7.220000E+02  1.045812E+00
  7.225000E+02  1.635510E+00
  7.230000E+02  2.249840E+00
  7.235000E+02  2.925771E+00
  7.240000E+02  3.409262E+00
  7.245000E+02  3.433636E+00
  7.250000E+02  2.995908E+00
  7.255000E+02  2.346801E+00
  7.260000E+02  1.725728E+00
  7.265000E+02  1.137536E+00
  7.270000E+02  4.122898E-01
  7.275000E+02 -5.195864E-01
  7.280000E+02 -1.438894E+00
  7.285000E+02 -1.953299E+00
  7.290000E+02 -1.821071E+00
  7.295000E+02 -1.172081E+00
  7.300000E+02 -4.175848E-01
  7.305000E+02  5.477607E-02
  7.310000E+02  1.155316E-01
  7.315000E+02 -1.198352E-01
  7.320000E+02 -4.659282E-01
  7.325000E+02 -7.919630E-01
  7.330000E+02 -1.008614E+00
  7.335000E+02 -1.027050E+00
  7.340000E+02 -8.190182E-01
  7.345000E+02 -5.297423E-01
  7.350000E+02 -4.592776E-01
  7.355000E+02 -8.357701E-01
  7.360000E+02 -1.560827E+00
  7.365000E+02 -2.206808E+00
  7.370000E+02 -2.328450E+00
  7.375000E+02 -1.819585E+00
  7.380000E+02 -9.665968E-01
  7.385000E+02 -1.415485E-01
  7.390000E+02  5.509982E-01
  7.395000E+02  1.308764E+00
  7.400000E+02  2.321055E+00
  7.405000E+02  3.456175E+00
  7.410000E+02  4.294191E+00
  7.415000E+02  4.482257E+00
  7.420000E+02  4.044494E+00
  7.425000E+02  3.328734E+00
  7.430000E+02  2.658431E+00
  7.435000E+02  2.059831E+00
  7.440000E+02  1.333150E+00
  7.445000E+02  3.561000E-01
  7.450000E+02 -7.316171E-01
  7.455000E+02 -1.661174E+00
  7.460000E+02 -2.319721E+00
  7.465000E+02 -2.853225E+00
  7.470000E+02 -3.459188E+00
  7.475000E+02 -4.093034E+00
  7.480000E+02 -4.423418E+00
  7.485000E+02 -4.119212E+00
  7.490000E+02 -3.198156E+00
  7.495000E+02 -2.082688E+00
  7.500000E+02 -1.282952E+00
  7.505000E+02 -9.873360E-01
  7.510000E+02 -9.324347E-01
  7.515000E+02 -6.628017E-01
  7.520000E+02  6.619311E-02
  7.525000E+02  1.103274E+00
  7.530000E+02  2.071920E+00
  7.535000E+02  2.701643E+00
  7.540000E+02  2.999425E+00
  7.545000E+02  3.127746E+00
  7.550000E+02  3.155336E+00
  7.555000E+02  2.959811E+00
  7.560000E+02  2.383302E+00
  7.565000E+02  1.464067E+00
  7.570000E+02  4.806306E-01
  7.575000E+02 -2.569992E-01
  7.580000E+02 -6.589837E-01
  7.585000E+02 -8.834916E-01
  7.590000E+02 -1.107691E+00
  7.595000E+02 -1.290487E+00
  7.600000E+02 -1.196934E+00
  7.605000E+02 -6.758903E-01
  7.610000E+02  1.057378E-01
  7.615000E+02  7.473205E-01
  7.620000E+02  9.632588E-01
  7.625000E+02  8.466589E-01
  7.630000E+02  7.623354E-01
  7.635000E+02  9.589587E-01
  7.640000E+02  1.289875E+00
  7.645000E+02  1.334381E+00
  7.650000E+02  8.068279E-01
  7.655000E+02 -1.541151E-01
  7.660000E+02 -1.103631E+00
  7.665000E+02 -1.693450E+00
  7.670000E+02 -1.957063E+00
  7.675000E+02 -2.205967E+00
  7.680000E+02 -2.660363E+00
  7.685000E+02 -3.192701E+00
  7.690000E+02 -3.433194E+00
  7.695000E+02 -3.121698E+00
  7.700000E+02 -2.358498E+00
  7.705000E+02 -1.520081E+00
  7.710000E+02 -9.319255E-01
  7.715000E+02 -6.083309E-01
  7.720000E+02 -2.883871E-01
  7.725000E+02  2.842091E-01
  7.730000E+02  1.104088E+00
  7.735000E+02  1.900418E+00
  7.740000E+02  2.380478E+00
  7.745000E+02  2.495530E+00
  7.750000E+02  2.490478E+00
  7.755000E+02  2.693989E+00
  7.760000E+02  3.233035E+00
  7.765000E+02  3.915261E+00
  7.770000E+02  4.366799E+00
  7.775000E+02  4.290516E+00
  7.780000E+02  3.626729E+00
  7.785000E+02  2.521053E+00
  7.790000E+02  1.192970E+00
  7.795000E+02 -1.441841E-01
  7.800000E+02 -1.279225E+00
  7.805000E+02 -2.017117E+00
  7.810000E+02 -2.287669E+00
  7.815000E+02 -2.262357E+00
  7.820000E+02 -2.301497E+00
  7.825000E+02 -2.687146E+00
  7.830000E+02 -3.344218E+00
  7.835000E+02 -3.834004E+00
  7.840000E+02 -3.686002E+00
  7.845000E+02 -2.806674E+00
  7.850000E+02 -1.603102E+00
  7.855000E+02 -7.047469E-01
  7.860000E+02 -5.209129E-01
  7.865000E+02 -9.909328E-01
  7.870000E+02 -1.678610E+00
  7.875000E+02 -2.069744E+00
  7.880000E+02 -1.833835E+00
  7.885000E+02 -9.359807E-01
  7.890000E+02  3.717206E-01
  7.895000E+02  1.641479E+00
  7.900000E+02  2.418280E+00
  7.905000E+02  2.494276E+00
  7.910000E+02  2.066869E+00
  7.915000E+02  1.620186E+00
  7.920000E+02  1.560362E+00
  7.925000E+02  1.899690E+00
  7.930000E+02  2.292851E+00
  7.935000E+02  2.406583E+00
  7.940000E+02  2.258024E+00
  7.945000E+02  2.168207E+00
  7.950000E+02  2.368960E+00
  7.955000E+02  2.676356E+00
  7.960000E+02  2.596703E+00
  7.965000E+02  1.793697E+00
  7.970000E+02  4.652013E-01
  7.975000E+02 -7.524462E-01
  7.980000E+02 -1.287302E+00
  7.985000E+02 -1.098182E+00
  7.990000E+02 -7.059029E-01
  7.995000E+02 -7.833670E-01
  8.000000E+02 -1.654000E+00
  8.005000E+02 -3.073912E+00
  8.010000E+02 -4.411272E+00
  8.015000E+02 -5.049221E+00
  8.020000E+02 -4.732333E+00
  8.025000E+02 -3.663765E+00
  8.030000E+02 -2.332766E+00
  8.035000E+02 -1.204450E+00
  8.040000E+02 -4.711728E-01
  8.045000E+02 -1.329204E-02
  8.050000E+02  4.338776E-01
  8.055000E+02  1.057811E+00
  8.060000E+02  1.860721E+00
  8.065000E+02  2.705775E+00
  8.070000E+02  3.413504E+00
  8.075000E+02  3.798795E+00
  8.080000E+02  3.665491E+00
  8.085000E+02  2.864792E+00
  8.090000E+02  1.445277E+00
  8.095000E+02 -2.406878E-01
  8.100000E+02 -1.642462E+00
  8.105000E+02 -2.316111E+00
  8.110000E+02 -2.195883E+00
  8.115000E+02 -1.591633E+00
  8.120000E+02 -9.133440E-01
  8.125000E+02 -3.747254E-01
  8.130000E+02  7.153193E-02
  8.135000E+02  5.567865E-01
  8.140000E+02  1.092923E+00
  8.145000E+02  1.542773E+00
  8.150000E+02  1.757595E+00
  8.155000E+02  1.712167E+00
  8.160000E+02  1.504440E+00
  8.165000E+02  1.246140E+00
  8.170000E+02  9.691608E-01
  8.175000E+02  6.296409E-01
  8.180000E+02  1.853463E-01
  8.185000E+02 -3.347753E-01
  8.190000E+02 -8.290181E-01
  8.195000E+02 -1.193438E+00
  8.200000E+02 -1.415462E+00
  8.205000E+02 -1.609231E+00
  8.210000E+02 -1.931346E+00
  8.215000E+02 -2.412129E+00
  8.220000E+02 -2.850477E+00
  8.225000E+02 -2.914403E+00
  8.230000E+02 -2.407839E+00
  8.235000E+02 -1.460516E+00
  8.240000E+02 -4.204740E-01
  8.245000E+02  4.771717E-01
  8.250000E+02  1.314518E+00
  8.255000E+02  2.303775E+00
  8.260000E+02  3.371690E+00
  8.265000E+02  3.996735E+00
  8.270000E+02  3.580081E+00
  8.275000E+02  2.054581E+00
  8.280000E+02  1.000582E-01
  8.285000E+02 -1.333587E+00
  8.290000E+02 -1.784644E+00
  8.295000E+02 -1.580215E+00
  8.300000E+02 -1.386886E+00
  8.305000E+02 -1.492878E+00
  8.310000E+02 -1.570690E+00
  8.315000E+02 -1.133624E+00
  8.320000E+02 -1.475770E-01
  8.325000E+02  8.828073E-01
  8.330000E+02  1.426070E+00
  8.335000E+02  1.443457E+00
  8.340000E+02  1.346461E+00
  8.345000E+02  1.476366E+00
  8.350000E+02  1.715811E+00
  8.355000E+02  1.656038E+00
  8.360000E+02  1.091669E+00
  8.365000E+02  2.608891E-01
  8.370000E+02 -4.220710E-01
  8.375000E+02 -7.989509E-01
  8.380000E+02 -1.057449E+00
  8.385000E+02 -1.405808E+00
  8.390000E+02 -1.752606E+00
  8.395000E+02 -1.787560E+00
  8.400000E+02 -1.367427E+00
  8.405000E+02 -7.460889E-01
  8.410000E+02 -3.702025E-01
  8.415000E+02 -4.599154E-01
  8.420000E+02 -8.241982E-01
  8.425000E+02 -1.077488E+00
  8.430000E+02 -9.832184E-01
  8.435000E+02 -5.588778E-01
  8.440000E+02  9.539985E-02
  8.445000E+02  9.560322E-01
  8.450000E+02  1.993789E+00
  8.455000E+02  2.969983E+00
  8.460000E+02  3.428874E+00
  8.465000E+02  3.000492E+00
  8.470000E+02  1.752774E+00
  8.475000E+02  2.217753E-01
  8.480000E+02 -9.545297E-01
  8.485000E+02 -1.479081E+00
  8.490000E+02 -1.518578E+00
  8.495000E+02 -1.426261E+00
  8.500000E+02 -1.366005E+00
  8.505000E+02 -1.207053E+00
  8.510000E+02 -7.646708E-01
  8.515000E+02 -1.119727E-01
  8.520000E+02  3.763934E-01
  8.525000E+02  3.172239E-01
  8.530000E+02 -3.197887E-01
  8.535000E+02 -1.130682E+00
  8.540000E+02 -1.573227E+00
  8.545000E+02 -1.389471E+00
  8.550000E+02 -7.840312E-01
  8.555000E+02 -2.089934E-01
  8.560000E+02  3.743352E-02
  8.565000E+02  3.545280E-02
  8.570000E+02  1.142159E-01
  8.575000E+02  5.270530E-01
  8.580000E+02  1.244285E+00
  8.585000E+02  2.016009E+00
  8.590000E+02  2.577978E+00
  8.595000E+02  2.776975E+00
  8.600000E+02  2.550916E+00
  8.605000E+02  1.890646E+00
  8.610000E+02  8.943914E-01
  8.615000E+02 -1.622405E-01
  8.620000E+02 -9.113055E-01
  8.625000E+02 -1.145034E+00
  8.630000E+02 -1.009228E+00
  8.635000E+02 -9.018108E-01
  8.640000E+02 -1.123987E+00
  8.645000E+02 -1.609718E+00
  8.650000E+02 -2.003328E+00
  8.655000E+02 -2.000927E+00
  8.660000E+02 -1.602420E+00
  8.665000E+02 -1.036093E+00
  8.670000E+02 -4.824459E-01
  8.675000E+02  7.600656E-02
  8.680000E+02  7.309536E-01
  8.685000E+02  1.432599E+00
  8.690000E+02  1.956474E+00
  8.695000E+02  2.091122E+00
  8.700000E+02  1.819890E+00
  8.705000E+02  1.291604E+00
  8.710000E+02  6.387979E-01
  8.715000E+02 -1.234778E-01
  8.720000E+02 -1.005356E+00
  8.725000E+02 -1.893867E+00
  8.730000E+02 -2.552690E+00
  8.735000E+02 -2.783851E+00
  8.740000E+02 -2.565688E+00
  8.745000E+02 -2.019255E+00
  8.750000E+02 -1.271088E+00
  8.755000E+02 -3.946084E-01
  8.760000E+02  5.144120E-01
  8.765000E+02  1.268179E+00
  8.770000E+02  1.667328E+00
  8.775000E+02  1.676565E+00
  8.780000E+02  1.489967E+00
  8.785000E+02  1.378767E+00
  8.790000E+02  1.456999E+00
  8.795000E+02  1.601360E+00
  8.800000E+02  1.600371E+00
  8.805000E+02  1.369855E+00
  8.810000E+02  1.022143E+00
  8.815000E+02  7.510320E-01
  8.820000E+02  6.782182E-01
  8.825000E+02  8.035264E-01
  8.830000E+02  1.052815E+00
  8.835000E+02  1.321461E+00
  8.840000E+02  1.467049E+00
  8.845000E+02  1.310581E+00
  8.850000E+02  7.112074E-01
  8.855000E+02 -3.205290E-01
  8.860000E+02 -1.579524E+00
  8.865000E+02 -2.753340E+00
  8.870000E+02 -3.582636E+00
  8.875000E+02 -3.975494E+00
  8.880000E+02 -4.001460E+00
  8.885000E+02 -3.786616E+00
  8.890000E+02 -3.395714E+00
  8.895000E+02 -2.790484E+00
  8.900000E+02 -1.902803E+00
  8.905000E+02 -7.755243E-01
  8.910000E+02  3.543536E-01
  8.915000E+02  1.146028E+00
  8.920000E+02  1.396172E+00
  8.925000E+02  1.235625E+00
  8.930000E+02  1.067065E+00
  8.935000E+02  1.243133E+00
  8.940000E+02  1.755322E+00
  8.945000E+02  2.239010E+00
  8.950000E+02  2.314904E+00
  8.955000E+02  1.948307E+00
  8.960000E+02  1.476476E+00
  8.965000E+02  1.284264E+00
  8.970000E+02  1.458599E+00
  8.975000E+02  1.752994E+00
  8.980000E+02  1.856452E+00
  8.985000E+02  1.664222E+00
  8.990000E+02  1.299562E+00
  8.995000E+02  9.359592E-01
  9.000000E+02  6.548834E-01
  9.005000E+02  4.602721E-01
  9.010000E+02  3.474722E-01
  9.015000E+02  2.864406E-01
  9.020000E+02  1.495701E-01
  9.025000E+02 -2.638843E-01
  9.030000E+02 -1.064642E+00
  9.035000E+02 -2.130722E+00
  9.040000E+02 -3.159478E+00
  9.045000E+02 -3.875236E+00
  9.050000E+02 -4.174841E+00
  9.055000E+02 -4.080640E+00
  9.060000E+02 -3.614548E+00
  9.065000E+02 -2.789747E+00
  9.070000E+02 -1.726506E+00
  9.075000E+02 -6.892330E-01
  9.080000E+02  8.815525E-02
  9.085000E+02  6.320859E-01
  9.090000E+02  1.220870E+00
  9.095000E+02  2.076662E+00
  9.100000E+02  3.055914E+00
  9.105000E+02  3.687212E+00
  9.110000E+02  3.553176E+00
  9.115000E+02  2.644799E+00
  9.120000E+02  1.351952E+00
  9.125000E+02  1.447676E-01
  9.130000E+02 -7.074970E-01
  9.135000E+02 -1.152613E+00
  9.140000E+02 -1.217303E+00
  9.145000E+02 -9.538719E-01
  9.150000E+02 -5.062181E-01
  9.155000E+02 -1.102114E-01
  9.160000E+02  7.342854E-02
  9.165000E+02  1.215173E-01
  9.170000E+02  2.668176E-01
  9.175000E+02  6.151769E-01
  9.180000E+02  9.934587E-01
  9.185000E+02  1.149458E+00
  9.190000E+02  1.092974E+00
  9.195000E+02  1.140239E+00
  9.200000E+02  1.535795E+00
  9.205000E+02  2.055973E+00
  9.210000E+02  2.101828E+00
  9.215000E+02  1.276151E+00
  9.220000E+02 -1.417943E-01
  9.225000E+02 -1.370838E+00
  9.230000E+02 -1.827827E+00
  9.235000E+02 -1.649911E+00
  9.240000E+02 -1.502808E+00
  9.245000E+02 -1.883718E+00
  9.250000E+02 -2.640812E+00
  9.255000E+02 -3.168293E+00
  9.260000E+02 -3.015032E+00
  9.265000E+02 -2.260632E+00
  9.270000E+02 -1.338758E+00
  9.275000E+02 -5.976559E-01
  9.280000E+02 -9.384823E-02
  9.285000E+02  2.473429E-01
  9.290000E+02  4.136926E-01
  9.295000E+02  3.430452E-01
  9.300000E+02  1.409091E-01
  9.305000E+02  1.359815E-01
  9.310000E+02  6.151723E-01
  9.315000E+02  1.487358E+00
  9.320000E+02  2.260398E+00
  9.325000E+02  2.408894E+00
  9.330000E+02  1.802748E+00
  9.335000E+02  8.047561E-01
  9.340000E+02 -2.135138E-02
  9.345000E+02 -2.954820E-01
  9.350000E+02  1.974866E-02
  9.355000E+02  7.252293E-01
  9.360000E+02  1.556287E+00
  9.365000E+02  2.251747E+00
  9.370000E+02  2.558345E+00
  9.375000E+02  2.302652E+00
  9.380000E+02  1.537387E+00
  9.385000E+02  5.971341E-01
  9.390000E+02 -8.025430E-02
  9.395000E+02 -2.802312E-01
  9.400000E+02 -2.017772E-01
  9.405000E+02 -3.006679E-01
  9.410000E+02 -8.882021E-01
  9.415000E+02 -1.842283E+00
  9.420000E+02 -2.711258E+00
  9.425000E+02 -3.125747E+00
  9.430000E+02 -3.124750E+00
  9.435000E+02 -3.069628E+00
  9.440000E+02 -3.223983E+00
  9.445000E+02 -3.426932E+00
  9.450000E+02 -3.214181E+00
  9.455000E+02 -2.291944E+00
  9.460000E+02 -8.897058E-01
  9.465000E+02  3.863984E-01
  9.470000E+02  1.080490E+00
  9.475000E+02  1.279659E+00
  9.480000E+02  1.483247E+00
  9.485000E+02  2.086339E+00
  9.490000E+02  2.997771E+00
  9.495000E+02  3.755208E+00
  9.500000E+02  3.980419E+00
  9.505000E+02  3.692951E+00
  9.510000E+02  3.196839E+00
  9.515000E+02  2.726272E+00
  9.520000E+02  2.257374E+00
  9.525000E+02  1.651067E+00
  9.530000E+02  9.000666E-01
  9.535000E+02  1.653018E-01
  9.540000E+02 -4.249599E-01
  9.545000E+02 -9.432234E-01
  9.550000E+02 -1.575320E+00
  9.555000E+02 -2.373233E+00
  9.560000E+02 -3.142176E+00
  9.565000E+02 -3.599474E+00
  9.570000E+02 -3.625964E+00
  9.575000E+02 -3.331159E+00
  9.580000E+02 -2.880727E+00
  9.585000E+02 -2.311249E+00
  9.590000E+02 -1.556836E+00
  9.595000E+02 -6.439349E-01
  9.600000E+02  2.034360E-01
  9.605000E+02  7.124601E-01
  9.610000E+02  8.329792E-01
  9.615000E+02  8.366616E-01
  9.620000E+02  1.103747E+00
  9.625000E+02  1.771289E+00
  9.630000E+02  2.567827E+00
  9.635000E+02  2.999216E+00
  9.640000E+02  2.737504E+00
  9.645000E+02  1.888215E+00
  9.650000E+02  9.173169E-01
  9.655000E+02  3.018504E-01
  9.660000E+02  1.873951E-01
  9.665000E+02  3.199589E-01
  9.670000E+02  2.916452E-01
  9.675000E+02 -1.135233E-01
  9.680000E+02 -7.586089E-01
  9.685000E+02 -1.293804E+00
  9.690000E+02 -1.452285E+00
  9.695000E+02 -1.236520E+00
  9.700000E+02 -8.559000E-01
  9.705000E+02 -5.168066E-01
  9.710000E+02 -2.798872E-01
  9.715000E+02 -8.822285E-02
  9.720000E+02  1.203540E-01
  9.725000E+02  3.568178E-01
  9.730000E+02  6.022043E-01
  9.735000E+02  8.167093E-01
  9.740000E+02  8.965450E-01
  9.745000E+02  6.723324E-01
  9.750000E+02  4.595051E-02
  9.755000E+02 -8.204136E-01
  9.760000E+02 -1.499822E+00
  9.765000E+02 -1.593547E+00
  9.770000E+02 -1.105885E+00
  9.775000E+02 -5.164883E-01
  9.780000E+02 -4.063576E-01
  9.785000E+02 -9.438542E-01
  9.790000E+02 -1.718578E+00
  9.795000E+02 -2.094448E+00
  9.800000E+02 -1.745538E+00
  9.805000E+02 -8.698429E-01
  9.810000E+02  7.962944E-02
  9.815000E+02  8.259378E-01
  9.820000E+02  1.427665E+00
  9.825000E+02  2.069502E+00
  9.830000E+02  2.772086E+00
  9.835000E+02  3.335280E+00
  9.840000E+02  3.524762E+00
  9.845000E+02  3.258860E+00
  9.850000E+02  2.615177E+00
  9.855000E+02  1.720648E+00
  9.860000E+02  6.951717E-01
  9.865000E+02 -3.118760E-01
  9.870000E+02 -1.110108E+00
  9.875000E+02 -1.562521E+00
  9.880000E+02 -1.694006E+00
  9.885000E+02 -1.661336E+00
  9.890000E+02 -1.585763E+00
  9.895000E+02 -1.432148E+00
  9.900000E+02 -1.088737E+00
  9.905000E+02 -5.725043E-01
  9.910000E+02 -1.221820E-01
  9.915000E+02 -4.539614E-02
  9.920000E+02 -4.507599E-01
  9.925000E+02 -1.127574E+00
  9.930000E+02 -1.692895E+00
  9.935000E+02 -1.868238E+00
  9.940000E+02 -1.644217E+00
  9.945000E+02 -1.223006E+00
  9.950000E+02 -8.319626E-01
  9.955000E+02 -5.765751E-01
  9.960000E+02 -4.172613E-01
  9.965000E+02 -2.382756E-01
  9.970000E+02  6.309158E-02
  9.975000E+02  5.123138E-01
  9.980000E+02  1.037271E+00
  9.985000E+02  1.503383E+00
  9.990000E+02  1.795313E+00
  9.995000E+02  1.894360E+00
  1.000000E+03  1.884529E+00
  1.000500E+03  1.869859E+00
  1.001000E+03  1.867619E+00
  1.001500E+03  1.775038E+00
  1.002000E+03  1.450986E+00
  1.002500E+03  8.545645E-01
  1.003000E+03  1.262412E-01
  1.003500E+03 -4.677987E-01
  1.004000E+03 -7.054844E-01
  1.004500E+03 -5.743063E-01
  1.005000E+03 -2.980357E-01
  1.005500E+03 -1.827079E-01
  1.006000E+03 -3.867369E-01
  1.006500E+03 -8.012309E-01
  1.007000E+03 -1.148646E+00
  1.007500E+03 -1.215322E+00
  1.008000E+03 -1.004127E+00
  1.008500E+03 -6.722151E-01
  1.009000E+03 -3.420073E-01
  1.009500E+03 -4.531121E-03
  1.010000E+03  3.825058E-01
  1.010500E+03  7.403426E-01
  1.011000E+03  8.759728E-01
  1.011500E+03  6.725295E-01
  1.012000E+03  2.385263E-01
  1.012500E+03 -1.935850E-01
  1.013000E+03 -5.348350E-01
  1.013500E+03 -9.551116E-01
  1.014000E+03 -1.665205E+00
  1.014500E+03 -2.573675E+00
  1.015000E+03 -3.219871E+00
  1.015500E+03 -3.119877E+00
  1.016000E+03 -2.205018E+00
  1.016500E+03 -9.007332E-01
  1.017000E+03  2.421061E-01
  1.017500E+03  9.853572E-01
  1.018000E+03  1.482956E+00
  1.018500E+03  1.981824E+00
  1.019000E+03  2.516482E+00
  1.019500E+03  2.912875E+00
  1.020000E+03  3.021711E+00
  1.020500E+03  2.859369E+00
  1.021000E+03  2.511474E+00
  1.021500E+03  1.985503E+00
  1.022000E+03  1.247651E+00
  1.022500E+03  3.964987E-01
  1.023000E+03 -2.974893E-01
  1.023500E+03 -6.064833E-01
  1.024000E+03 -5.878262E-01
  1.024500E+03 -5.439026E-01
  1.025000E+03 -7.069785E-01
  1.025500E+03 -1.000103E+00
  1.026000E+03 -1.155501E+00
  1.026500E+03 -1.050859E+00
  1.027000E+03 -8.597207E-01
  1.027500E+03 -8.366340E-01
  1.028000E+03 -1.003274E+00
  1.028500E+03 -1.120703E+00
  1.029000E+03 -9.757978E-01
  1.029500E+03 -6.202158E-01
  1.030000E+03 -2.675961E-01
  1.030500E+03  2.010849E-03
  1.031000E+03  3.245948E-01
  1.031500E+03  7.868361E-01
  1.032000E+03  1.152838E+00
  1.032500E+03  9.919331E-01
  1.033000E+03  1.484305E-01
  1.033500E+03 -9.671030E-01
  1.034000E+03 -1.657159E+00
  1.034500E+03 -1.559429E+00
  1.035000E+03 -9.726863E-01
  1.035500E+03 -5.365849E-01
  1.036000E+03 -6.013028E-01
  1.036500E+03 -9.419681E-01
  1.037000E+03 -1.077041E+00
  1.037500E+03 -7.967158E-01
  1.038000E+03 -3.231072E-01
  1.038500E+03  2.104727E-02
  1.039000E+03  2.105457E-01
  1.039500E+03  5.263916E-01
  1.040000E+03  1.193294E+00
  1.040500E+03  2.076768E+00
  1.041000E+03  2.772943E+00
  1.041500E+03  2.973449E+00
  1.042000E+03  2.710974E+00
  1.042500E+03  2.264809E+00
  1.043000E+03  1.883103E+00
  1.043500E+03  1.627278E+00
  1.044000E+03  1.444636E+00
  1.044500E+03  1.305154E+00
  1.045000E+03  1.207598E+00
  1.045500E+03  1.063906E+00
  1.046000E+03  6.430867E-01
  1.046500E+03 -2.999215E-01
  1.047000E+03 -1.792238E+00
  1.047500E+03 -3.517823E+00
  1.048000E+03 -4.932321E+00
  1.048500E+03 -5.553658E+00
  1.049000E+03 -5.224939E+00
  1.049500E+03 -4.170096E+00
  1.050000E+03 -2.816677E+00
  1.050500E+03 -1.525264E+00
  1.051000E+03 -4.239278E-01
  1.051500E+03  5.450996E-01
  1.052000E+03  1.435544E+00
  1.052500E+03  2.151738E+00
  1.053000E+03  2.488044E+00
  1.053500E+03  2.315944E+00
  1.054000E+03  1.739977E+00
  1.054500E+03  1.074378E+00
  1.055000E+03  6.591579E-01
  1.055500E+03  6.665836E-01
  1.056000E+03  1.028692E+00
  1.056500E+03  1.497557E+00
  1.057000E+03  1.772075E+00
  1.057500E+03  1.636864E+00
  1.058000E+03  1.082334E+00
  1.058500E+03  3.461709E-01
  1.059000E+03 -2.010431E-01
  1.059500E+03 -3.092393E-01
  1.060000E+03 -6.284214E-02
  1.060500E+03  1.591965E-01
  1.061000E+03 -8.011807E-03
  1.061500E+03 -5.968231E-01
  1.062000E+03 -1.282243E+00
  1.062500E+03 -1.678594E+00
  1.063000E+03 -1.659571E+00
  1.063500E+03 -1.386247E+00
  1.064000E+03 -1.051409E+00
  1.064500E+03 -6.566857E-01
  1.065000E+03 -8.143152E-02
  1.065500E+03  6.545297E-01
  1.066000E+03  1.272118E+00
  1.066500E+03  1.434438E+00
  1.067000E+03  1.066084E+00
  1.067500E+03  4.347626E-01
  1.068000E+03 -1.041595E-01
  1.068500E+03 -4.252632E-01
  1.069000E+03 -6.731999E-01
  1.069500E+03 -1.001073E+00
  1.070000E+03 -1.316990E+00
  1.070500E+03 -1.329673E+00
  1.071000E+03 -8.466953E-01
  1.071500E+03 -5.803215E-03
  1.072000E+03  8.010053E-01
  1.072500E+03  1.229775E+00
  1.073000E+03  1.221483E+00
  1.073500E+03  9.774070E-01
  1.074000E+03  7.398916E-01
  1.074500E+03  5.989643E-01
  1.075000E+03  4.744951E-01
  1.075500E+03  2.463056E-01
  1.076000E+03 -1.040698E-01
  1.076500E+03 -4.559117E-01
  1.077000E+03 -6.376354E-01
  1.077500E+03 -5.684130E-01
  1.078000E+03 -3.356953E-01
  1.078500E+03 -1.295461E-01
  1.079000E+03 -7.466337E-02
  1.079500E+03 -1.159438E-01
  1.080000E+03 -9.139488E-02
  1.080500E+03  5.814989E-02
  1.081000E+03  1.689872E-01
  1.081500E+03 -2.282216E-03
  1.082000E+03 -4.795304E-01
  1.082500E+03 -9.398365E-01
  1.083000E+03 -9.619160E-01
  1.083500E+03 -4.578135E-01
  1.084000E+03  1.572299E-01
  1.084500E+03  2.920719E-01
  1.085000E+03 -2.632609E-01
  1.085500E+03 -1.090196E+00
  1.086000E+03 -1.468296E+00
  1.086500E+03 -9.797605E-01
  1.087000E+03  1.710477E-01
  1.087500E+03  1.386260E+00
  1.088000E+03  2.177424E+00
  1.088500E+03  2.454929E+00
  1.089000E+03  2.407152E+00
  1.089500E+03  2.204911E+00
  1.090000E+03  1.872914E+00
  1.090500E+03  1.397110E+00
  1.091000E+03  8.539148E-01
  1.091500E+03  3.764228E-01
  1.092000E+03  2.408260E-02
  1.092500E+03 -2.497001E-01
  1.093000E+03 -4.869431E-01
  1.093500E+03 -6.374856E-01
  1.094000E+03 -6.423286E-01
  1.094500E+03 -6.014138E-01
  1.095000E+03 -7.917665E-01
  1.095500E+03 -1.449541E+00
  1.096000E+03 -2.513502E+00
  1.096500E+03 -3.605186E+00
  1.097000E+03 -4.283532E+00
  1.097500E+03 -4.324612E+00
  1.098000E+03 -3.769282E+00
  1.098500E+03 -2.755206E+00
  1.099000E+03 -1.379296E+00
  1.099500E+03  2.430637E-01
  1.100000E+03  1.836701E+00
  1.100500E+03  2.992045E+00
  1.101000E+03  3.420583E+00
  1.101500E+03  3.209095E+00
  1.102000E+03  2.787324E+00
  1.102500E+03  2.593395E+00
  1.103000E+03  2.731698E+00
  1.103500E+03  2.935274E+00
  1.104000E+03  2.849713E+00
  1.104500E+03  2.355164E+00
  1.105000E+03  1.633902E+00
  1.105500E+03  9.571046E-01
  1.106000E+03  4.242467E-01
  1.106500E+03 -9.875606E-02
  1.107000E+03 -8.057615E-01
  1.107500E+03 -1.714766E+00
  1.108000E+03 -2.578721E+00
  1.108500E+03 -3.017118E+00
  1.109000E+03 -2.773443E+00
  1.109500E+03 -1.917578E+00
  1.110000E+03 -8.454683E-01
  1.110500E+03 -5.483493E-02
  1.111000E+03  1.683275E-01
  1.111500E+03 -7.046940E-02
  1.112000E+03 -3.810211E-01
  1.112500E+03 -4.181911E-01
  1.113000E+03 -1.684658E-01
  1.113500E+03  6.257719E-02
  1.114000E+03 -3.742587E-02
  1.114500E+03 -4.603740E-01
  1.115000E+03 -8.534399E-01
  1.115500E+03 -8.367692E-01
  1.116000E+03 -3.676448E-01
  1.116500E+03  2.000424E-01
  1.117000E+03  4.221503E-01
  1.117500E+03  1.463080E-01
  1.118000E+03 -3.826118E-01
  1.118500E+03 -7.644487E-01
  1.119000E+03 -7.743085E-01
  1.119500E+03 -4.742865E-01
  1.120000E+03 -5.345630E-02
  1.120500E+03  3.875811E-01
  1.121000E+03  8.813355E-01
  1.121500E+03  1.463422E+00
  1.122000E+03  2.050947E+00
  1.122500E+03  2.469742E+00
  1.123000E+03  2.582048E+00
  1.123500E+03  2.365175E+00
  1.124000E+03  1.879205E+00
  1.124500E+03  1.203570E+00
  1.125000E+03  4.345229E-01
  1.125500E+03 -2.832529E-01
  1.126000E+03 -7.935802E-01
  1.126500E+03 -1.051790E+00
  1.127000E+03 -1.204227E+00
  1.127500E+03 -1.487928E+00
  1.128000E+03 -1.995398E+00
  1.128500E+03 -2.528068E+00
  1.129000E+03 -2.716689E+00
  1.129500E+03 -2.331303E+00
  1.130000E+03 -1.496229E+00
  1.130500E+03 -5.967505E-01
  1.131000E+03  4.241032E-02
  1.131500E+03  4.047674E-01
  1.132000E+03  7.287454E-01
  1.132500E+03  1.220961E+00
  1.133000E+03  1.822814E+00
  1.133500E+03  2.250588E+00
  1.134000E+03  2.256245E+00
  1.134500E+03  1.850082E+00
  1.135000E+03  1.278344E+00
  1.135500E+03  7.921008E-01
  1.136000E+03  4.371297E-01
  1.136500E+03  6.055112E-02
  1.137000E+03 -4.862148E-01
  1.137500E+03 -1.155493E+00
  1.138000E+03 -1.712430E+00
  1.138500E+03 -1.935639E+00
  1.139000E+03 -1.812775E+00
  1.139500E+03 -1.541534E+00
  1.140000E+03 -1.341011E+00
  1.140500E+03 -1.265364E+00
  1.141000E+03 -1.200155E+00
  1.141500E+03 -1.023492E+00
  1.142000E+03 -7.411160E-01
  1.142500E+03 -4.470240E-01
  1.143000E+03 -1.726656E-01
  1.143500E+03  1.749225E-01
  1.144000E+03  6.902702E-01
  1.144500E+03  1.299604E+00
  1.145000E+03  1.764566E+00
  1.145500E+03  1.893848E+00
  1.146000E+03  1.744410E+00
  1.146500E+03  1.579357E+00
  1.147000E+03  1.613369E+00
  1.147500E+03  1.821727E+00
  1.148000E+03  2.018639E+00
  1.148500E+03  2.093266E+00
  1.149000E+03  2.103647E+00
  1.149500E+03  2.108793E+00
  1.150000E+03  1.962406E+00
  1.150500E+03  1.372476E+00
  1.151000E+03  2.204703E-01
  1.151500E+03 -1.212713E+00
  1.152000E+03 -2.414178E+00
  1.152500E+03 -3.068624E+00
  1.153000E+03 -3.299313E+00
  1.153500E+03 -3.456118E+00
  1.154000E+03 -3.690403E+00
  1.154500E+03 -3.798790E+00
  1.155000E+03 -3.505093E+00
  1.155500E+03 -2.836549E+00
  1.156000E+03 -2.138169E+00
  1.156500E+03 -1.695388E+00
  1.157000E+03 -1.402371E+00
  1.157500E+03 -8.702172E-01
  1.158000E+03  1.356198E-01
  1.158500E+03  1.415264E+00
  1.159000E+03  2.511856E+00
  1.159500E+03  3.129356E+00
  1.160000E+03  3.332373E+00
  1.160500E+03  3.361259E+00
  1.161000E+03  3.340445E+00
  1.161500E+03  3.224259E+00
  1.162000E+03  2.974487E+00
  1.162500E+03  2.669811E+00
  1.163000E+03  2.379193E+00
  1.163500E+03  1.993190E+00
  1.164000E+03  1.301128E+00
  1.164500E+03  2.806045E-01
  1.165000E+03 -7.610962E-01
  1.165500E+03 -1.432826E+00
  1.166000E+03 -1.663236E+00
  1.166500E+03 -1.787424E+00
  1.167000E+03 -2.164421E+00
  1.167500E+03 -2.725993E+00
  1.168000E+03 -2.985326E+00
  1.168500E+03 -2.546629E+00
  1.169000E+03 -1.583857E+00
  1.169500E+03 -7.548435E-01
  1.170000E+03 -6.080946E-01
  1.170500E+03 -1.076972E+00
  1.171000E+03 -1.558102E+00
  1.171500E+03 -1.465735E+00
  1.172000E+03 -7.058434E-01
  1.172500E+03  3.342999E-01
  1.173000E+03  1.167559E+00
  1.173500E+03  1.543085E+00
  1.174000E+03  1.489914E+00
  1.174500E+03  1.172621E+00
  1.175000E+03  7.814854E-01
  1.175500E+03  5.104787E-01
  1.176000E+03  5.163886E-01
  1.176500E+03  8.164313E-01
  1.177000E+03  1.239789E+00
  1.177500E+03  1.540719E+00
  1.178000E+03  1.589663E+00
  1.178500E+03  1.438633E+00
  1.179000E+03  1.190272E+00
  1.179500E+03  8.388776E-01
  1.180000E+03  2.928687E-01
  1.180500E+03 -4.383453E-01
  1.181000E+03 -1.133989E+00
  1.181500E+03 -1.503425E+00
  1.182000E+03 -1.456913E+00
  1.182500E+03 -1.202068E+00
  1.183000E+03 -1.029525E+00
  1.183500E+03 -9.966369E-01
  1.184000E+03 -8.544383E-01
  1.184500E+03 -3.244083E-01
  1.185000E+03  5.382312E-01
  1.185500E+03  1.269762E+00
  1.186000E+03  1.321354E+00
  1.186500E+03  5.113251E-01
  1.187000E+03 -7.905771E-01
  1.187500E+03 -1.911672E+00
  1.188000E+03 -2.354921E+00
  1.188500E+03 -2.122832E+00
  1.189000E+03 -1.640494E+00
  1.189500E+03 -1.357085E+00
  1.190000E+03 -1.354253E+00
  1.190500E+03 -1.276357E+00
  1.191000E+03 -6.384537E-01
  1.191500E+03  7.367158E-01
  1.192000E+03  2.510954E+00
  1.192500E+03  4.027572E+00
  1.193000E+03  4.754672E+00
  1.193500E+03  4.612301E+00
  1.194000E+03  3.929131E+00
  1.194500E+03  3.101645E+00
  1.195000E+03  2.279231E+00
  1.195500E+03  1.346480E+00
  1.196000E+03  1.792401E-01
  1.196500E+03 -1.102077E+00
  1.197000E+03 -2.138673E+00
  1.197500E+03 -2.599716E+00
  1.198000E+03 -2.467324E+00
  1.198500E+03 -2.085089E+00
  1.199000E+03 -1.922034E+00
  1.199500E+03 -2.237085E+00
  1.200000E+03 -2.898671E+00
  1.200500E+03 -3.484680E+00
  1.201000E+03 -3.577481E+00
  1.201500E+03 -3.035944E+00
  1.202000E+03 -2.057866E+00
  1.202500E+03 -1.008982E+00
  1.203000E+03 -1.657600E-01
  1.203500E+03  4.298480E-01
  1.204000E+03  9.120698E-01
  1.204500E+03  1.411150E+00
  1.205000E+03  1.924151E+00
  1.205500E+03  2.342286E+00
  1.206000E+03  2.584715E+00
  1.206500E+03  2.693724E+00
  1.207000E+03  2.795173E+00
  1.207500E+03  2.963237E+00
  1.208000E+03  3.117845E+00
  1.208500E+03  3.052288E+00
  1.209000E+03  2.576973E+00
  1.209500E+03  1.671778E+00
  1.210000E+03  5.306622E-01
  1.210500E+03 -5.431515E-01
  1.211000E+03 -1.324723E+00
  1.211500E+03 -1.799371E+00
  1.212000E+03 -2.127762E+00
  1.212500E+03 -2.463006E+00
  1.213000E+03 -2.779537E+00
  1.213500E+03 -2.884686E+00
  1.214000E+03 -2.618349E+00
  1.214500E+03 -2.043866E+00
  1.215000E+03 -1.414679E+00
  1.215500E+03 -9.250507E-01
  1.216000E+03 -5.043476E-01
  1.216500E+03  9.617592E-02
  1.217000E+03  9.784330E-01
  1.217500E+03  1.875219E+00
  1.218000E+03  2.306263E+00
  1.218500E+03  2.002215E+00
  1.219000E+03  1.181807E+00
  1.219500E+03  3.899953E-01
  1.220000E+03  4.343685E-02
  1.220500E+03  1.199060E-01
  1.221000E+03  2.629491E-01
  1.221500E+03  1.448399E-01
  1.222000E+03 -2.917798E-01
  1.222500E+03 -8.971648E-01
  1.223000E+03 -1.515614E+00
  1.223500E+03 -2.059236E+00
  1.224000E+03 -2.415259E+00
  1.224500E+03 -2.382614E+00
  1.225000E+03 -1.784236E+00
  1.225500E+03 -6.526700E-01
  1.226000E+03  7.304172E-01
  1.226500E+03  1.997184E+00
  1.227000E+03  2.886585E+00
  1.227500E+03  3.289732E+00
  1.228000E+03  3.178676E+00
  1.228500E+03  2.585627E+00
  1.229000E+03  1.682826E+00
  1.229500E+03  8.116913E-01
  1.230000E+03  3.183917E-01
  1.230500E+03  2.941099E-01
  1.231000E+03  4.886316E-01
  1.231500E+03  5.192129E-01
  1.232000E+03  1.782278E-01
  1.232500E+03 -4.660647E-01
  1.233000E+03 -1.237030E+00
  1.233500E+03 -2.038574E+00
  1.234000E+03 -2.824067E+00
  1.234500E+03 -3.416988E+00
  1.235000E+03 -3.480127E+00
  1.235500E+03 -2.767343E+00
  1.236000E+03 -1.421101E+00
  1.236500E+03  4.201753E-02
  1.237000E+03  1.107911E+00
  1.237500E+03  1.651064E+00
  1.238000E+03  1.944920E+00
  1.238500E+03  2.297801E+00
  1.239000E+03  2.695712E+00
  1.239500E+03  2.799209E+00
  1.240000E+03  2.259077E+00
  1.240500E+03  1.018833E+00
  1.241000E+03 -6.483332E-01
  1.241500E+03 -2.317288E+00
  1.242000E+03 -3.588303E+00
  1.242500E+03 -4.158068E+00
  1.243000E+03 -3.855786E+00
  1.243500E+03 -2.721894E+00
  1.244000E+03 -1.068209E+00
  1.244500E+03  6.033535E-01
  1.245000E+03  1.825365E+00
  1.245500E+03  2.376940E+00
  1.246000E+03  2.330465E+00
  1.246500E+03  1.937971E+00
  1.247000E+03  1.484701E+00
  1.247500E+03  1.200958E+00
  1.248000E+03  1.214018E+00
  1.248500E+03  1.498558E+00
  1.249000E+03  1.859665E+00
  1.249500E+03  2.018547E+00
  1.250000E+03  1.782915E+00
  1.250500E+03  1.170233E+00
  1.251000E+03  3.703430E-01
  1.251500E+03 -4.129158E-01
  1.252000E+03 -1.084298E+00
  1.252500E+03 -1.641702E+00
  1.253000E+03 -2.079167E+00
  1.253500E+03 -2.341274E+00
  1.254000E+03 -2.378040E+00
  1.254500E+03 -2.220086E+00
  1.255000E+03 -1.974065E+00
  1.255500E+03 -1.737158E+00
  1.256000E+03 -1.518722E+00
  1.256500E+03 -1.240622E+00
  1.257000E+03 -8.052704E-01
  1.257500E+03 -1.718403E-01
  1.258000E+03  6.030849E-01
  1.258500E+03  1.373027E+00
  1.259000E+03  1.957792E+00
  1.259500E+03  2.232211E+00
  1.260000E+03  2.194593E+00
  1.260500E+03  1.952130E+00
  1.261000E+03  1.624554E+00
  1.261500E+03  1.256224E+00
  1.262000E+03  8.273016E-01
  1.262500E+03  3.418519E-01
  1.263000E+03 -1.272211E-01
  1.263500E+03 -5.038760E-01
  1.264000E+03 -7.982221E-01
  1.264500E+03 -1.077931E+00
  1.265000E+03 -1.325656E+00
  1.265500E+03 -1.367095E+00
  1.266000E+03 -1.018656E+00
  1.266500E+03 -3.440680E-01
  1.267000E+03  2.767823E-01
  1.267500E+03  4.129413E-01
  1.268000E+03 -3.776372E-02
  1.268500E+03 -7.406282E-01
  1.269000E+03 -1.217211E+00
  1.269500E+03 -1.247035E+00
  1.270000E+03 -9.723861E-01
  1.270500E+03 -6.349808E-01
  1.271000E+03 -2.776849E-01
  1.271500E+03  2.425725E-01
  1.272000E+03  9.693017E-01
  1.272500E+03  1.654295E+00
  1.273000E+03  1.916060E+00
  1.273500E+03  1.598986E+00
  1.274000E+03  9.537112E-01
  1.274500E+03  4.553876E-01
  1.275000E+03  4.497006E-01
  1.275500E+03  9.472791E-01
  1.276000E+03  1.680521E+00
  1.276500E+03  2.284249E+00
  1.277000E+03  2.439824E+00
  1.277500E+03  1.968183E+00
  1.278000E+03  9.150809E-01
  1.278500E+03 -4.259329E-01
  1.279000E+03 -1.657105E+00
  1.279500E+03 -2.538396E+00
  1.280000E+03 -3.127260E+00
  1.280500E+03 -3.618216E+00
  1.281000E+03 -4.027041E+00
  1.281500E+03 -4.083352E+00
  1.282000E+03 -3.501076E+00
  1.282500E+03 -2.359265E+00
  1.283000E+03 -1.150720E+00
  1.283500E+03 -3.878484E-01
  1.284000E+03 -1.488372E-01
  1.284500E+03 -3.765641E-02
  1.285000E+03  4.030149E-01
  1.285500E+03  1.264139E+00
  1.286000E+03  2.252183E+00
  1.286500E+03  3.033037E+00
  1.287000E+03  3.513586E+00
  1.287500E+03  3.771427E+00
  1.288000E+03  3.794492E+00
  1.288500E+03  3.408755E+00
  1.289000E+03  2.511013E+00
  1.289500E+03  1.321319E+00
  1.290000E+03  3.173664E-01
  1.290500E+03 -1.302461E-01
  1.291000E+03 -6.082191E-02
  1.291500E+03  1.345079E-01
  1.292000E+03  5.381350E-02
  1.292500E+03 -4.302195E-01
  1.293000E+03 -1.164822E+00
  1.293500E+03 -1.906260E+00
  1.294000E+03 -2.471593E+00
  1.294500E+03 -2.751118E+00
  1.295000E+03 -2.672378E+00
  1.295500E+03 -2.225929E+00
  1.296000E+03 -1.528214E+00
  1.296500E+03 -8.129646E-01
  1.297000E+03 -3.184793E-01
  1.297500E+03 -1.649728E-01
  1.298000E+03 -3.294687E-01
  1.298500E+03 -7.148894E-01
  1.299000E+03 -1.214706E+00
  1.299500E+03 -1.701736E+00
  1.300000E+03 -1.975751E+00
  1.300500E+03 -1.766640E+00
  1.301000E+03 -8.477041E-01
  1.301500E+03  7.873536E-01
  1.302000E+03  2.806426E+00
  1.302500E+03  4.598907E+00
  1.303000E+03  5.536922E+00
  1.303500E+03  5.312386E+00
  1.304000E+03  4.123210E+00
  1.304500E+03  2.544317E+00
  1.305000E+03  1.149319E+00
  1.305500E+03  1.693815E-01
  1.306000E+03 -5.392600E-01
  1.306500E+03 -1.223413E+00
  1.307000E+03 -1.941469E+00
  1.307500E+03 -2.529943E+00
  1.308000E+03 -2.813161E+00
  1.308500E+03 -2.785506E+00
  1.309000E+03 -2.562497E+00
  1.309500E+03 -2.197898E+00
  1.310000E+03 -1.630771E+00
  1.310500E+03 -8.512810E-01
  1.311000E+03 -7.194482E-02
  1.311500E+03  3.534237E-01
  1.312000E+03  2.294646E-01
  1.312500E+03 -2.793747E-01
  1.313000E+03 -7.812346E-01
  1.313500E+03 -9.866962E-01
  1.314000E+03 -8.751634E-01
  1.314500E+03 -5.360367E-01
  1.315000E+03  8.250699E-02
  1.315500E+03  1.166942E+00
  1.316000E+03  2.735380E+00
  1.316500E+03  4.380743E+00
  1.317000E+03  5.401609E+00
  1.317500E+03  5.263839E+00
  1.318000E+03  3.979684E+00
  1.318500E+03  2.064094E+00
  1.319000E+03  1.379194E-01
  1.319500E+03 -1.446151E+00
  1.320000E+03 -2.664569E+00
  1.320500E+03 -3.612008E+00
  1.321000E+03 -4.278075E+00
  1.321500E+03 -4.507240E+00
  1.322000E+03 -4.131628E+00
  1.322500E+03 -3.139001E+00
  1.323000E+03 -1.751645E+00
  1.323500E+03 -3.657578E-01
  1.324000E+03  6.276725E-01
  1.324500E+03  1.047824E+00
  1.325000E+03  1.013633E+00
  1.325500E+03  8.291453E-01
  1.326000E+03  7.404464E-01
  1.326500E+03  7.735361E-01
  1.327000E+03  7.970269E-01
  1.327500E+03  7.232184E-01
  1.328000E+03  6.129206E-01
  1.328500E+03  5.670202E-01
  1.329000E+03  5.490911E-01
  1.329500E+03  3.793221E-01
  1.330000E+03 -5.636033E-02
  1.330500E+03 -6.033577E-01
  1.331000E+03 -8.818834E-01
  1.331500E+03 -5.625669E-01
  1.332000E+03  3.758707E-01
  1.332500E+03  1.619248E+00
  1.333000E+03  2.699850E+00
  1.333500E+03  3.218664E+00
  1.334000E+03  2.996494E+00
  1.334500E+03  2.148610E+00
  1.335000E+03  1.064437E+00
  1.335500E+03  2.197623E-01
  1.336000E+03 -1.515440E-01
  1.336500E+03 -2.799139E-01
  1.337000E+03 -6.946013E-01
  1.337500E+03 -1.715446E+00
  1.338000E+03 -3.055841E+00
  1.338500E+03 -3.982433E+00
  1.339000E+03 -3.949537E+00
  1.339500E+03 -3.101754E+00
  1.340000E+03 -2.125550E+00
  1.340500E+03 -1.593502E+00
  1.341000E+03 -1.475615E+00
  1.341500E+03 -1.294847E+00
  1.342000E+03 -6.980048E-01
  1.342500E+03  2.026944E-01
  1.343000E+03  1.037105E+00
  1.343500E+03  1.605826E+00
  1.344000E+03  2.003890E+00
  1.344500E+03  2.358812E+00
  1.345000E+03  2.597017E+00
  1.345500E+03  2.571695E+00
  1.346000E+03  2.356709E+00
  1.346500E+03  2.245250E+00
  1.347000E+03  2.365612E+00
  1.347500E+03  2.380055E+00
  1.348000E+03  1.729346E+00
  1.348500E+03  2.562864E-01
  1.349000E+03 -1.475429E+00
  1.349500E+03 -2.589330E+00
  1.350000E+03 -2.659580E+00
  1.350500E+03 -2.040053E+00
  1.351000E+03 -1.430306E+00
  1.351500E+03 -1.175770E+00
  1.352000E+03 -1.053413E+00
  1.352500E+03 -7.078080E-01
  1.353000E+03 -1.733798E-01
  1.353500E+03  1.264752E-01
  1.354000E+03 -1.291490E-01
  1.354500E+03 -7.623086E-01
  1.355000E+03 -1.231789E+00
  1.355500E+03 -1.121265E+00
  1.356000E+03 -4.528906E-01
  1.356500E+03  4.344843E-01
  1.357000E+03  1.213212E+00
  1.357500E+03  1.736836E+00
  1.358000E+03  1.978875E+00
  1.358500E+03  1.945416E+00
  1.359000E+03  1.699604E+00
  1.359500E+03  1.394129E+00
  1.360000E+03  1.170787E+00
  1.360500E+03  1.004732E+00
  1.361000E+03  7.113087E-01
  1.361500E+03  1.587449E-01
  1.362000E+03 -5.509999E-01
  1.362500E+03 -1.168689E+00
  1.363000E+03 -1.565208E+00
  1.363500E+03 -1.851347E+00
  1.364000E+03 -2.189740E+00
  1.364500E+03 -2.530990E+00
  1.365000E+03 -2.625134E+00
  1.365500E+03 -2.326276E+00
  1.366000E+03 -1.817609E+00
  1.366500E+03 -1.437385E+00
  1.367000E+03 -1.259568E+00
  1.367500E+03 -9.207942E-01
  1.368000E+03  4.323499E-02
  1.368500E+03  1.657244E+00
  1.369000E+03  3.333317E+00
  1.369500E+03  4.283258E+00
  1.370000E+03  4.137174E+00
  1.370500E+03  3.189738E+00
  1.371000E+03  2.085647E+00
  1.371500E+03  1.294389E+00
  1.372000E+03  8.579769E-01
  1.372500E+03  5.506481E-01
  1.373000E+03  1.869205E-01
  1.373500E+03 -2.426519E-01
  1.374000E+03 -6.643319E-01
  1.374500E+03 -1.055082E+00
  1.375000E+03 -1.446151E+00
  1.375500E+03 -1.817287E+00
  1.376000E+03 -2.029271E+00
  1.376500E+03 -1.890724E+00
  1.377000E+03 -1.314834E+00
  1.377500E+03 -4.374757E-01
  1.378000E+03  4.060340E-01
  1.378500E+03  8.514533E-01
  1.379000E+03  7.249285E-01
  1.379500E+03  1.605907E-01
  1.380000E+03 -4.841572E-01
  1.380500E+03 -8.706063E-01
  1.381000E+03 -8.959280E-01
  1.381500E+03 -7.118607E-01
  1.382000E+03 -5.431828E-01
  1.382500E+03 -4.840620E-01
  1.383000E+03 -4.548847E-01
  1.383500E+03 -3.278914E-01
  1.384000E+03 -6.737993E-02
  1.384500E+03  2.511835E-01
  1.385000E+03  5.240197E-01
  1.385500E+03  6.871315E-01
  1.386000E+03  7.125265E-01
  1.386500E+03  5.869166E-01
  1.387000E+03  3.343310E-01
  1.387500E+03  5.024512E-02
  1.388000E+03 -1.307629E-01
  1.388500E+03 -1.300528E-01
  1.389000E+03  2.037308E-02
  1.389500E+03  2.330403E-01
  1.390000E+03  4.614287E-01
  1.390500E+03  7.124690E-01
  1.391000E+03  9.669487E-01
  1.391500E+03  1.141235E+00
  1.392000E+03  1.181758E+00
  1.392500E+03  1.184721E+00
  1.393000E+03  1.341964E+00
  1.393500E+03  1.697064E+00
  1.394000E+03  1.967276E+00
  1.394500E+03  1.693531E+00
  1.395000E+03  6.482964E-01
  1.395500E+03 -8.893885E-01
  1.396000E+03 -2.298131E+00
  1.396500E+03 -3.084874E+00
  1.397000E+03 -3.210231E+00
  1.397500E+03 -2.980046E+00
  1.398000E+03 -2.677532E+00
  1.398500E+03 -2.348899E+00
  1.399000E+03 -1.918592E+00
  1.399500E+03 -1.407983E+00
  1.400000E+03 -9.491393E-01
  1.400500E+03 -5.951209E-01
  1.401000E+03 -2.154519E-01
  1.401500E+03  3.436402E-01
  1.402000E+03  1.020233E+00
  1.402500E+03  1.548018E+00
  1.403000E+03  1.756195E+00
  1.403500E+03  1.812862E+00
  1.404000E+03  2.079688E+00
  1.404500E+03  2.682519E+00
  1.405000E+03  3.266607E+00
  1.405500E+03  3.251978E+00
  1.406000E+03  2.375710E+00
  1.406500E+03  9.834373E-01
  1.407000E+03 -2.281574E-01
  1.407500E+03 -7.730441E-01
  1.408000E+03 -7.226694E-01
  1.408500E+03 -5.643029E-01
  1.409000E+03 -7.600956E-01
  1.409500E+03 -1.405687E+00
  1.410000E+03 -2.211520E+00
  1.410500E+03 -2.733553E+00
  1.411000E+03 -2.652947E+00
  1.411500E+03 -1.961898E+00
  1.412000E+03 -9.911717E-01
  1.412500E+03 -2.470866E-01
  1.413000E+03 -9.822856E-02
  1.413500E+03 -4.959727E-01
  1.414000E+03 -9.743280E-01
  1.414500E+03 -9.941079E-01
  1.415000E+03 -3.761431E-01
  1.415500E+03  5.635279E-01
  1.416000E+03  1.314697E+00
  1.416500E+03  1.630408E+00
  1.417000E+03  1.702605E+00
  1.417500E+03  1.899425E+00
  1.418000E+03  2.344643E+00
  1.418500E+03  2.761806E+00
  1.419000E+03  2.719863E+00
  1.419500E+03  2.018911E+00
  1.420000E+03  8.504358E-01
  1.420500E+03 -3.753454E-01
  1.421000E+03 -1.324521E+00
  1.421500E+03 -1.885483E+00
  1.422000E+03 -2.097675E+00
  1.422500E+03 -2.008394E+00
  1.423000E+03 -1.620636E+00
  1.423500E+03 -9.546157E-01
  1.424000E+03 -1.282659E-01
  1.424500E+03  6.310845E-01
  1.425000E+03  1.054766E+00
  1.425500E+03  9.406377E-01
  1.426000E+03  2.548469E-01
  1.426500E+03 -8.185508E-01
  1.427000E+03 -1.926093E+00
  1.427500E+03 -2.697334E+00
  1.428000E+03 -2.923385E+00
  1.428500E+03 -2.634657E+00
  1.429000E+03 -2.015082E+00
  1.429500E+03 -1.232450E+00
  1.430000E+03 -3.447549E-01
  1.430500E+03  6.363873E-01
  1.431000E+03  1.613440E+00
  1.431500E+03  2.371832E+00
  1.432000E+03  2.717220E+00
  1.432500E+03  2.658816E+00
  1.433000E+03  2.440969E+00
  1.433500E+03  2.356289E+00
  1.434000E+03  2.491219E+00
  1.434500E+03  2.640297E+00
  1.435000E+03  2.482529E+00
  1.435500E+03  1.870401E+00
  1.436000E+03  9.711296E-01
  1.436500E+03  1.305249E-01
  1.437000E+03 -4.177658E-01
  1.437500E+03 -7.362004E-01
  1.438000E+03 -1.099904E+00
  1.438500E+03 -1.726176E+00
  1.439000E+03 -2.555239E+00
  1.439500E+03 -3.262938E+00
  1.440000E+03 -3.484254E+00
  1.440500E+03 -3.067642E+00
  1.441000E+03 -2.182578E+00
  1.441500E+03 -1.226333E+00
  1.442000E+03 -6.002950E-01
  1.442500E+03 -4.800769E-01
  1.443000E+03 -6.993765E-01
  1.443500E+03 -8.282762E-01
  1.444000E+03 -4.390127E-01
  1.444500E+03  5.799233E-01
  1.445000E+03  1.886460E+00
  1.445500E+03  2.867387E+00
  1.446000E+03  3.039959E+00
  1.446500E+03  2.365530E+00
  1.447000E+03  1.221019E+00
  1.447500E+03  7.570029E-02
  1.448000E+03 -8.127285E-01
  1.448500E+03 -1.417763E+00
  1.449000E+03 -1.735816E+00
  1.449500E+03 -1.651375E+00
  1.450000E+03 -1.066056E+00
  1.450500E+03 -1.355050E-01
  1.451000E+03  7.176184E-01
  1.451500E+03  1.119585E+00
  1.452000E+03  1.099288E+00
  1.452500E+03  1.081956E+00
  1.453000E+03  1.469894E+00
  1.453500E+03  2.204385E+00
  1.454000E+03  2.759178E+00
  1.454500E+03  2.595335E+00
  1.455000E+03  1.643233E+00
  1.455500E+03  3.576996E-01
  1.456000E+03 -6.724221E-01
  1.456500E+03 -1.156851E+00
  1.457000E+03 -1.194447E+00
  1.457500E+03 -1.032237E+00
  1.458000E+03 -8.200143E-01
  1.458500E+03 -6.062520E-01
  1.459000E+03 -4.886321E-01
  1.459500E+03 -6.554005E-01
  1.460000E+03 -1.219587E+00
  1.460500E+03 -2.033050E+00
  1.461000E+03 -2.722963E+00
  1.461500E+03 -2.954999E+00
  1.462000E+03 -2.673305E+00
  1.462500E+03 -2.086201E+00
  1.463000E+03 -1.432583E+00
  1.463500E+03 -7.811686E-01
  1.464000E+03 -5.561204E-02
  1.464500E+03  7.751728E-01
  1.465000E+03  1.569359E+00
  1.465500E+03  2.088874E+00
  1.466000E+03  2.194291E+00
  1.466500E+03  1.951826E+00
  1.467000E+03  1.549789E+00
  1.467500E+03  1.124132E+00
  1.468000E+03  6.776340E-01
  1.468500E+03  1.662140E-01
  1.469000E+03 -3.535838E-01
  1.469500E+03 -6.809987E-01
  1.470000E+03 -5.829886E-01
  1.470500E+03  4.379530E-02
  1.471000E+03  1.102230E+00
  1.471500E+03  2.346876E+00
  1.472000E+03  3.472473E+00
  1.472500E+03  4.161129E+00
  1.473000E+03  4.120496E+00
  1.473500E+03  3.194896E+00
  1.474000E+03  1.526298E+00
  1.474500E+03 -4.035704E-01
  1.475000E+03 -1.991856E+00
  1.475500E+03 -2.893622E+00
  1.476000E+03 -3.239098E+00
  1.476500E+03 -3.450887E+00
  1.477000E+03 -3.797339E+00
  1.477500E+03 -4.114361E+00
  1.478000E+03 -3.994369E+00
  1.478500E+03 -3.264623E+00
  1.479000E+03 -2.249144E+00
  1.479500E+03 -1.509258E+00
  1.480000E+03 -1.307001E+00
  1.480500E+03 -1.346954E+00
  1.481000E+03 -1.070384E+00
  1.481500E+03 -1.938920E-01
  1.482000E+03  1.060945E+00
  1.482500E+03  2.242638E+00
  1.483000E+03  3.094792E+00
  1.483500E+03  3.656217E+00
  1.484000E+03  3.988959E+00
  1.484500E+03  3.941257E+00
  1.485000E+03  3.289666E+00
  1.485500E+03  2.105751E+00
  1.486000E+03  8.692613E-01
  1.486500E+03  1.130165E-01
  1.487000E+03 -5.736844E-02
  1.487500E+03 -3.595051E-02
  1.488000E+03 -2.754200E-01
  1.488500E+03 -7.981559E-01
  1.489000E+03 -1.186659E+00
  1.489500E+03 -1.056325E+00
  1.490000E+03 -4.916509E-01
  1.490500E+03  1.767899E-02
  1.491000E+03  5.641064E-02
  1.491500E+03 -3.277362E-01
  1.492000E+03 -6.953591E-01
  1.492500E+03 -6.247485E-01
  1.493000E+03 -4.745414E-02
  1.493500E+03  7.393035E-01
  1.494000E+03  1.289108E+00
  1.494500E+03  1.228315E+00
  1.495000E+03  3.937763E-01
  1.495500E+03 -1.078444E+00
  1.496000E+03 -2.733738E+00
  1.496500E+03 -3.954350E+00
  1.497000E+03 -4.289502E+00
  1.497500E+03 -3.733921E+00
  1.498000E+03 -2.688582E+00
  1.498500E+03 -1.613666E+00
  1.499000E+03 -7.009554E-01
  1.499500E+03  1.279283E-01
  1.500000E+03  9.540825E-01
  1.500500E+03  1.673541E+00
  1.501000E+03  2.113325E+00
  1.501500E+03  2.284787E+00
  1.502000E+03  2.428981E+00
  1.502500E+03  2.765376E+00
  1.503000E+03  3.233684E+00
  1.503500E+03  3.546343E+00
  1.504000E+03  3.499236E+00
  1.504500E+03  3.169236E+00
  1.505000E+03  2.758959E+00
  1.505500E+03  2.284322E+00
  1.506000E+03  1.509544E+00
  1.506500E+03  2.470374E-01
  1.507000E+03 -1.313775E+00
  1.507500E+03 -2.657507E+00
  1.508000E+03 -3.366634E+00
  1.508500E+03 -3.478697E+00
  1.509000E+03 -3.392562E+00
  1.509500E+03 -3.427324E+00
  1.510000E+03 -3.508382E+00
  1.510500E+03 -3.299885E+00
  1.511000E+03 -2.611854E+00
  1.511500E+03 -1.635413E+00
  1.512000E+03 -7.794712E-01
  1.512500E+03 -3.147651E-01
  1.513000E+03 -1.938797E-01
  1.513500E+03 -1.754782E-01
  1.514000E+03 -5.677383E-02
  1.514500E+03  2.312272E-01
  1.515000E+03  6.913503E-01
  1.515500E+03  1.331118E+00
  1.516000E+03  2.130890E+00
  1.516500E+03  2.978147E+00
  1.517000E+03  3.686864E+00
  1.517500E+03  4.096394E+00
  1.518000E+03  4.132261E+00
  1.518500E+03  3.768571E+00
  1.519000E+03  2.976339E+00
  1.519500E+03  1.768476E+00
  1.520000E+03  3.114365E-01
  1.520500E+03 -1.053941E+00
  1.521000E+03 -1.973176E+00
  1.521500E+03 -2.308359E+00
  1.522000E+03 -2.224250E+00
  1.522500E+03 -2.045993E+00
  1.523000E+03 -2.024316E+00
  1.523500E+03 -2.211815E+00
  1.524000E+03 -2.510217E+00
  1.524500E+03 -2.777435E+00
  1.525000E+03 -2.877487E+00
  1.525500E+03 -2.686747E+00
  1.526000E+03 -2.140919E+00
  1.526500E+03 -1.319837E+00
  1.527000E+03 -4.510404E-01
  1.527500E+03  2.445476E-01
  1.528000E+03  7.539007E-01
  1.528500E+03  1.301503E+00
  1.529000E+03  2.127908E+00
  1.529500E+03  3.205026E+00
  1.530000E+03  4.174431E+00
  1.530500E+03  4.590427E+00
  1.531000E+03  4.244858E+00
  1.531500E+03  3.273214E+00
  1.532000E+03  1.975972E+00
  1.532500E+03  5.760169E-01
  1.533000E+03 -8.388064E-01
  1.533500E+03 -2.181441E+00
  1.534000E+03 -3.254034E+00
  1.534500E+03 -3.821337E+00
  1.535000E+03 -3.786515E+00
  1.535500E+03 -3.255422E+00
  1.536000E+03 -2.417074E+00
  1.536500E+03 -1.401232E+00
  1.537000E+03 -2.987888E-01
  1.537500E+03  6.966428E-01
  1.538000E+03  1.264230E+00
  1.538500E+03  1.180857E+00
  1.539000E+03  6.071462E-01
  1.539500E+03  8.926243E-02
  1.540000E+03  1.697188E-01
  1.540500E+03  9.179807E-01
  1.541000E+03  1.832085E+00
  1.541500E+03  2.237820E+00
  1.542000E+03  1.835917E+00
  1.542500E+03  9.107475E-01
  1.543000E+03  5.228662E-02
  1.543500E+03 -3.053713E-01
  1.544000E+03 -1.175440E-01
  1.544500E+03  3.804748E-01
  1.545000E+03  9.048071E-01
  1.545500E+03  1.231023E+00
  1.546000E+03  1.174815E+00
  1.546500E+03  6.088759E-01
  1.547000E+03 -4.242397E-01
  1.547500E+03 -1.646431E+00
  1.548000E+03 -2.672803E+00
  1.548500E+03 -3.257323E+00
  1.549000E+03 -3.409160E+00
  1.549500E+03 -3.258275E+00
  1.550000E+03 -2.840229E+00
  1.550500E+03 -2.072645E+00
  1.551000E+03 -9.625819E-01
  1.551500E+03  2.200441E-01
  1.552000E+03  1.066530E+00
  1.552500E+03  1.378403E+00
  1.553000E+03  1.377100E+00
  1.553500E+03  1.518319E+00
  1.554000E+03  2.068861E+00
  1.554500E+03  2.866859E+00
  1.555000E+03  3.497353E+00
  1.555500E+03  3.678113E+00
  1.556000E+03  3.447817E+00
  1.556500E+03  2.995399E+00
  1.557000E+03  2.374700E+00
  1.557500E+03  1.454030E+00
  1.558000E+03  1.513304E-01
  1.558500E+03 -1.340717E+00
  1.559000E+03 -2.628275E+00
  1.559500E+03 -3.429677E+00
  1.560000E+03 -3.784984E+00
  1.560500E+03 -3.925809E+00
  1.561000E+03 -3.951042E+00
  1.561500E+03 -3.679890E+00
  1.562000E+03 -2.864939E+00
  1.562500E+03 -1.545524E+00
  1.563000E+03 -1.460630E-01
  1.563500E+03  8.244419E-01
  1.564000E+03  1.195302E+00
  1.564500E+03  1.257681E+00
  1.565000E+03  1.457037E+00
  1.565500E+03  1.954841E+00
  1.566000E+03  2.490233E+00
  1.566500E+03  2.664990E+00
  1.567000E+03  2.345334E+00
  1.567500E+03  1.764813E+00
  1.568000E+03  1.237333E+00
  1.568500E+03  8.084973E-01
  1.569000E+03  2.411792E-01
  1.569500E+03 -6.341053E-01
  1.570000E+03 -1.589382E+00
  1.570500E+03 -2.086836E+00
  1.571000E+03 -1.750564E+00
  1.571500E+03 -7.608295E-01
  1.572000E+03  2.497735E-01
  1.572500E+03  7.256957E-01
  1.573000E+03  6.324706E-01
  1.573500E+03  3.878744E-01
  1.574000E+03  3.771908E-01
  1.574500E+03  5.635984E-01
  1.575000E+03  5.766819E-01
  1.575500E+03  1.453375E-01
  1.576000E+03 -6.021288E-01
  1.576500E+03 -1.267336E+00
  1.577000E+03 -1.563595E+00
  1.577500E+03 -1.535017E+00
  1.578000E+03 -1.423767E+00
  1.578500E+03 -1.388116E+00
  1.579000E+03 -1.386067E+00
  1.579500E+03 -1.292532E+00
  1.580000E+03 -1.048071E+00
  1.580500E+03 -6.584944E-01
  1.581000E+03 -1.018038E-01
  1.581500E+03  6.777564E-01
  1.582000E+03  1.648876E+00
  1.582500E+03  2.603564E+00
  1.583000E+03  3.240074E+00
  1.583500E+03  3.351100E+00
  1.584000E+03  2.926905E+00
  1.584500E+03  2.102523E+00
  1.585000E+03  1.067525E+00
  1.585500E+03  5.423104E-02
  1.586000E+03 -6.594676E-01
  1.586500E+03 -8.717008E-01
  1.587000E+03 -6.599464E-01
  1.587500E+03 -4.129248E-01
  1.588000E+03 -5.371063E-01
  1.588500E+03 -1.060901E+00
  1.589000E+03 -1.568498E+00
  1.589500E+03 -1.604609E+00
  1.590000E+03 -1.158934E+00
  1.590500E+03 -6.872633E-01
  1.591000E+03 -6.040697E-01
  1.591500E+03 -7.957083E-01
  1.592000E+03 -7.316112E-01
  1.592500E+03 -9.905853E-02
  1.593000E+03  7.356762E-01
  1.593500E+03  9.981187E-01
  1.594000E+03  2.752474E-01
  1.594500E+03 -1.021501E+00
  1.595000E+03 -2.002667E+00
  1.595500E+03 -2.101497E+00
  1.596000E+03 -1.506928E+00
  1.596500E+03 -8.334364E-01
  1.597000E+03 -4.527240E-01
  1.597500E+03 -2.136597E-01
  1.598000E+03  2.283644E-01
  1.598500E+03  9.381456E-01
  1.599000E+03  1.639671E+00
  1.599500E+03  2.076888E+00
  1.600000E+03  2.307586E+00
  1.600500E+03  2.564948E+00
  1.601000E+03  2.873928E+00
  1.601500E+03  2.912292E+00
  1.602000E+03  2.314349E+00
  1.602500E+03  1.095308E+00
  1.603000E+03 -2.679315E-01
  1.603500E+03 -1.190398E+00
  1.604000E+03 -1.414163E+00
  1.604500E+03 -1.131780E+00
  1.605000E+03 -7.507873E-01
  1.605500E+03 -5.694830E-01
  1.606000E+03 -6.261998E-01
  1.606500E+03 -7.579093E-01
  1.607000E+03 -7.497205E-01
  1.607500E+03 -4.772229E-01
  1.608000E+03 -4.718634E-03
  1.608500E+03  4.070668E-01
  1.609000E+03  4.370936E-01
  1.609500E+03 -6.429031E-02
  1.610000E+03 -9.306398E-01
  1.610500E+03 -1.777507E+00
  1.611000E+03 -2.277456E+00
  1.611500E+03 -2.358148E+00
  1.612000E+03 -2.149603E+00
  1.612500E+03 -1.783600E+00
  1.613000E+03 -1.298656E+00
  1.613500E+03 -7.414253E-01
  1.614000E+03 -2.779239E-01
  1.614500E+03 -9.381117E-02
  1.615000E+03 -1.416394E-01
  1.615500E+03 -5.057319E-02
  1.616000E+03  5.990831E-01
  1.616500E+03  1.840684E+00
  1.617000E+03  3.173752E+00
  1.617500E+03  3.916278E+00
  1.618000E+03  3.762740E+00
  1.618500E+03  3.015116E+00
  1.619000E+03  2.259614E+00
  1.619500E+03  1.810140E+00
  1.620000E+03  1.465320E+00
  1.620500E+03  7.992517E-01
  1.621000E+03 -3.301706E-01
  1.621500E+03 -1.572136E+00
  1.622000E+03 -2.369981E+00
  1.622500E+03 -2.445311E+00
  1.623000E+03 -2.005585E+00
  1.623500E+03 -1.498198E+00
  1.624000E+03 -1.181636E+00
  1.624500E+03 -9.387560E-01
  1.625000E+03 -4.899889E-01
  1.625500E+03  2.374577E-01
  1.626000E+03  9.665367E-01
  1.626500E+03  1.291826E+00
  1.627000E+03  1.037852E+00
  1.627500E+03  4.038286E-01
  1.628000E+03 -2.271860E-01
  1.628500E+03 -6.040615E-01
  1.629000E+03 -7.411396E-01
  1.629500E+03 -7.841253E-01
  1.630000E+03 -8.081428E-01
  1.630500E+03 -7.858115E-01
  1.631000E+03 -7.279651E-01
  1.631500E+03 -7.757443E-01
  1.632000E+03 -1.079524E+00
  1.632500E+03 -1.575871E+00
  1.633000E+03 -1.938331E+00
  1.633500E+03 -1.815955E+00
  1.634000E+03 -1.149541E+00
  1.634500E+03 -2.402131E-01
  1.635000E+03  5.128680E-01
  1.635500E+03  9.457402E-01
  1.636000E+03  1.207550E+00
  1.636500E+03  1.535557E+00
  1.637000E+03  1.988102E+00
  1.637500E+03  2.402784E+00
  1.638000E+03  2.576367E+00
  1.638500E+03  2.441862E+00
  1.639000E+03  2.077254E+00
  1.639500E+03  1.601407E+00
  1.640000E+03  1.110582E+00
  1.640500E+03  6.950721E-01
  1.641000E+03  4.412249E-01
  1.641500E+03  3.619825E-01
  1.642000E+03  3.420979E-01
  1.642500E+03  2.086215E-01
  1.643000E+03 -1.173635E-01
  1.643500E+03 -5.618941E-01
  1.644000E+03 -1.013233E+00
  1.644500E+03 -1.468577E+00
  1.645000E+03 -2.008262E+00
  1.645500E+03 -2.604467E+00
  1.646000E+03 -3.009541E+00
  1.646500E+03 -2.916953E+00
  1.647000E+03 -2.269368E+00
  1.647500E+03 -1.375898E+00
  1.648000E+03 -6.737322E-01
  1.648500E+03 -3.551542E-01
  1.649000E+03 -2.375803E-01
  1.649500E+03  5.555809E-03
  1.650000E+03  5.152018E-01
  1.650500E+03  1.151927E+00
  1.651000E+03  1.677659E+00
  1.651500E+03  1.964548E+00
  1.652000E+03  2.017573E+00
  1.652500E+03  1.865321E+00
  1.653000E+03  1.512592E+00
  1.653500E+03  1.006245E+00
  1.654000E+03  4.727395E-01
  1.654500E+03  2.370101E-02
  1.655000E+03 -3.603737E-01
  1.655500E+03 -7.842199E-01
  1.656000E+03 -1.247781E+00
  1.656500E+03 -1.553598E+00
  1.657000E+03 -1.474526E+00
  1.657500E+03 -1.020337E+00
  1.658000E+03 -4.779525E-01
  1.658500E+03 -1.409418E-01
  1.659000E+03 -2.485046E-02
  1.659500E+03  9.278222E-02
  1.660000E+03  3.518879E-01
  1.660500E+03  6.082445E-01
  1.661000E+03  6.221166E-01
  1.661500E+03  4.220053E-01
  1.662000E+03  3.739860E-01
  1.662500E+03  8.081678E-01
  1.663000E+03  1.597521E+00
  1.663500E+03  2.194790E+00
  1.664000E+03  2.141457E+00
  1.664500E+03  1.518367E+00
  1.665000E+03  8.479072E-01
  1.665500E+03  5.529923E-01
  1.666000E+03  5.564112E-01
  1.666500E+03  4.303341E-01
  1.667000E+03 -1.051654E-01
  1.667500E+03 -8.882301E-01
  1.668000E+03 -1.507510E+00
  1.668500E+03 -1.719411E+00
  1.669000E+03 -1.634158E+00
  1.669500E+03 -1.531792E+00
  1.670000E+03 -1.576181E+00
  1.670500E+03 -1.733518E+00
  1.671000E+03 -1.902272E+00
  1.671500E+03 -2.033276E+00
  1.672000E+03 -2.109499E+00
  1.672500E+03 -2.081690E+00
  1.673000E+03 -1.897951E+00
  1.673500E+03 -1.592860E+00
  1.674000E+03 -1.283244E+00
  1.674500E+03 -1.032864E+00
  1.675000E+03 -7.428195E-01
  1.675500E+03 -2.242288E-01
  1.676000E+03  6.048543E-01
  1.676500E+03  1.616123E+00
  1.677000E+03  2.575995E+00
  1.677500E+03  3.332390E+00
  1.678000E+03  3.875218E+00
  1.678500E+03  4.231826E+00
  1.679000E+03  4.356458E+00
  1.679500E+03  4.156415E+00
  1.680000E+03  3.609078E+00
  1.680500E+03  2.816033E+00
  1.681000E+03  1.938348E+00
  1.681500E+03  1.108006E+00
  1.682000E+03  4.091961E-01
  1.682500E+03 -1.063716E-01
  1.683000E+03 -4.557274E-01
  1.683500E+03 -7.831513E-01
  1.684000E+03 -1.306740E+00
  1.684500E+03 -2.118566E+00
  1.685000E+03 -3.022572E+00
  1.685500E+03 -3.634608E+00
  1.686000E+03 -3.712209E+00
  1.686500E+03 -3.394487E+00
  1.687000E+03 -3.078679E+00
  1.687500E+03 -3.037465E+00
  1.688000E+03 -3.174813E+00
  1.688500E+03 -3.173317E+00
  1.689000E+03 -2.850037E+00
  1.689500E+03 -2.311852E+00
  1.690000E+03 -1.751727E+00
  1.690500E+03 -1.159124E+00
  1.691000E+03 -3.168972E-01
  1.691500E+03  8.954805E-01
  1.692000E+03  2.255097E+00
  1.692500E+03  3.319753E+00
  1.693000E+03  3.810277E+00
  1.693500E+03  3.834068E+00
  1.694000E+03  3.709244E+00
  1.694500E+03  3.598684E+00
  1.695000E+03  3.366585E+00
  1.695500E+03  2.803207E+00
  1.696000E+03  1.945347E+00
  1.696500E+03  1.125016E+00
  1.697000E+03  6.923560E-01
  1.697500E+03  7.088293E-01
  1.698000E+03  9.135152E-01
  1.698500E+03  9.600111E-01
  1.699000E+03  6.648523E-01
  1.699500E+03  5.702221E-02
  1.700000E+03 -7.373476E-01
  1.700500E+03 -1.596589E+00
  1.701000E+03 -2.396638E+00
  1.701500E+03 -2.965814E+00
  1.702000E+03 -3.113053E+00
  1.702500E+03 -2.737048E+00
  1.703000E+03 -1.919203E+00
  1.703500E+03 -9.142162E-01
  1.704000E+03 -4.419968E-02
  1.704500E+03  4.322304E-01
  1.705000E+03  4.108166E-01
  1.705500E+03 -3.432806E-02
  1.706000E+03 -6.937724E-01
  1.706500E+03 -1.314782E+00
  1.707000E+03 -1.700519E+00
  1.707500E+03 -1.765276E+00
  1.708000E+03 -1.525446E+00
  1.708500E+03 -1.056461E+00
  1.709000E+03 -4.617145E-01
  1.709500E+03  1.362141E-01
  1.710000E+03  6.099966E-01
  1.710500E+03  8.656725E-01
  1.711000E+03  8.812783E-01
  1.711500E+03  7.121689E-01
  1.712000E+03  4.663996E-01
  1.712500E+03  2.837960E-01
  1.713000E+03  3.270547E-01
  1.713500E+03  7.470638E-01
  1.714000E+03  1.595136E+00
  1.714500E+03  2.729615E+00
  1.715000E+03  3.812932E+00
  1.715500E+03  4.439968E+00
  1.716000E+03  4.324965E+00
  1.716500E+03  3.426286E+00
  1.717000E+03  1.954307E+00
  1.717500E+03  2.981703E-01
  1.718000E+03 -1.084127E+00
  1.718500E+03 -1.817624E+00
  1.719000E+03 -1.799530E+00
  1.719500E+03 -1.321023E+00
  1.720000E+03 -9.649786E-01
  1.720500E+03 -1.258255E+00
  1.721000E+03 -2.300942E+00
  1.721500E+03 -3.682513E+00
  1.722000E+03 -4.775616E+00
  1.722500E+03 -5.156848E+00
  1.723000E+03 -4.795507E+00
  1.723500E+03 -3.902882E+00
  1.724000E+03 -2.676420E+00
  1.724500E+03 -1.229916E+00
  1.725000E+03  2.745785E-01
  1.725500E+03  1.545062E+00
  1.726000E+03  2.312743E+00
  1.726500E+03  2.583717E+00
  1.727000E+03  2.676970E+00
  1.727500E+03  2.943556E+00
  1.728000E+03  3.428869E+00
  1.728500E+03  3.834436E+00
  1.729000E+03  3.826770E+00
  1.729500E+03  3.366757E+00
  1.730000E+03  2.716531E+00
  1.730500E+03  2.139988E+00
  1.731000E+03  1.641512E+00
  1.731500E+03  1.021872E+00
  1.732000E+03  1.613820E-01
  1.732500E+03 -8.056964E-01
  1.733000E+03 -1.617356E+00
  1.733500E+03 -2.151982E+00
  1.734000E+03 -2.527439E+00
  1.734500E+03 -2.925596E+00
  1.735000E+03 -3.351180E+00
  1.735500E+03 -3.601715E+00
  1.736000E+03 -3.483355E+00
  1.736500E+03 -3.033889E+00
  1.737000E+03 -2.504940E+00
  1.737500E+03 -2.108988E+00
  1.738000E+03 -1.780915E+00
  1.738500E+03 -1.195381E+00
  1.739000E+03 -4.240862E-02
  1.739500E+03  1.670896E+00
  1.740000E+03  3.547153E+00
  1.740500E+03  5.016327E+00
  1.741000E+03  5.672989E+00
  1.741500E+03  5.476440E+00
  1.742000E+03  4.677649E+00
  1.742500E+03  3.560959E+00
  1.743000E+03  2.233883E+00
  1.743500E+03  6.443964E-01
  1.744000E+03 -1.205715E+00
  1.744500E+03 -3.067855E+00
  1.745000E+03 -4.479115E+00
  1.745500E+03 -5.021219E+00
  1.746000E+03 -4.596041E+00
  1.746500E+03 -3.487662E+00
  1.747000E+03 -2.167098E+00
  1.747500E+03 -1.009051E+00
  1.748000E+03 -1.376577E-01
  1.748500E+03  5.202116E-01
  1.749000E+03  1.069559E+00
  1.749500E+03  1.522156E+00
  1.750000E+03  1.789824E+00
  1.750500E+03  1.768872E+00
  1.751000E+03  1.439394E+00
  1.751500E+03  9.144795E-01
  1.752000E+03  4.086289E-01
  1.752500E+03  1.353711E-01
  1.753000E+03  1.897135E-01
  1.753500E+03  4.947209E-01
  1.754000E+03  8.542036E-01
  1.754500E+03  1.068975E+00
  1.755000E+03  1.022862E+00
  1.755500E+03  6.880837E-01
  1.756000E+03  9.277585E-02
  1.756500E+03 -6.765272E-01
  1.757000E+03 -1.439153E+00
  1.757500E+03 -1.936615E+00
  1.758000E+03 -1.956186E+00
  1.758500E+03 -1.486368E+00
  1.759000E+03 -7.527368E-01
  1.759500E+03 -7.451569E-02
  1.760000E+03  3.394254E-01
  1.760500E+03  4.716058E-01
  1.761000E+03  4.026254E-01
  1.761500E+03  1.774132E-01
  1.762000E+03 -2.078140E-01
  1.762500E+03 -6.967533E-01
  1.763000E+03 -1.097824E+00
  1.763500E+03 -1.165378E+00
  1.764000E+03 -7.775654E-01
  1.764500E+03 -3.398222E-02
  1.765000E+03  8.214145E-01
  1.765500E+03  1.565656E+00
  1.766000E+03  2.091647E+00
  1.766500E+03  2.377272E+00
  1.767000E+03  2.414352E+00
  1.767500E+03  2.198604E+00
  1.768000E+03  1.776559E+00
  1.768500E+03  1.264530E+00
  1.769000E+03  7.926397E-01
  1.769500E+03  4.207823E-01
  1.770000E+03  1.031253E-01
  1.770500E+03 -2.784750E-01
  1.771000E+03 -8.482003E-01
  1.771500E+03 -1.668564E+00
  1.772000E+03 -2.677857E+00
  1.772500E+03 -3.657320E+00
  1.773000E+03 -4.285931E+00
  1.773500E+03 -4.302234E+00
  1.774000E+03 -3.678538E+00
  1.774500E+03 -2.650637E+00
  1.775000E+03 -1.547855E+00
  1.775500E+03 -5.615885E-01
  1.776000E+03  3.339893E-01
  1.776500E+03  1.244030E+00
  1.777000E+03  2.159359E+00
  1.777500E+03  2.922093E+00
  1.778000E+03  3.381055E+00
  1.778500E+03  3.551693E+00
  1.779000E+03  3.592504E+00
  1.779500E+03  3.619367E+00
  1.780000E+03  3.559047E+00
  1.780500E+03  3.196138E+00
  1.781000E+03  2.362714E+00
  1.781500E+03  1.091989E+00
  1.782000E+03 -3.748875E-01
  1.782500E+03 -1.691406E+00
  1.783000E+03 -2.527133E+00
  1.783500E+03 -2.675844E+00
  1.784000E+03 -2.156862E+00
  1.784500E+03 -1.264710E+00
  1.785000E+03 -4.776156E-01
  1.785500E+03 -2.180353E-01
  1.786000E+03 -6.151199E-01
  1.786500E+03 -1.458671E+00
  1.787000E+03 -2.372692E+00
  1.787500E+03 -3.035221E+00
  1.788000E+03 -3.260896E+00
  1.788500E+03 -2.954992E+00
  1.789000E+03 -2.101564E+00
  1.789500E+03 -8.630128E-01
  1.790000E+03  3.518833E-01
  1.790500E+03  1.049045E+00
  1.791000E+03  1.004947E+00
  1.791500E+03  5.073962E-01
  1.792000E+03  1.984283E-01
  1.792500E+03  5.956540E-01
  1.793000E+03  1.698907E+00
  1.793500E+03  3.026510E+00
  1.794000E+03  4.017975E+00
  1.794500E+03  4.408380E+00
  1.795000E+03  4.259461E+00
  1.795500E+03  3.712648E+00
  1.796000E+03  2.791387E+00
  1.796500E+03  1.464786E+00
  1.797000E+03 -1.435396E-01
  1.797500E+03 -1.682721E+00
  1.798000E+03 -2.757041E+00
  1.798500E+03 -3.195147E+00
  1.799000E+03 -3.142004E+00
  1.799500E+03 -2.891300E+00
  1.800000E+03 -2.627610E+00
  1.800500E+03 -2.315288E+00
  1.801000E+03 -1.812212E+00
  1.801500E+03 -1.076809E+00
  1.802000E+03 -2.696689E-01
  1.802500E+03  3.375514E-01
  1.803000E+03  5.615989E-01
  1.803500E+03  4.447869E-01
  1.804000E+03  2.168593E-01
  1.804500E+03  1.155855E-01
  1.805000E+03  2.169493E-01
  1.805500E+03  4.144118E-01
  1.806000E+03  5.512171E-01
  1.806500E+03  5.686628E-01
  1.807000E+03  5.246083E-01
  1.807500E+03  4.776900E-01
  1.808000E+03  3.822449E-01
  1.808500E+03  1.312162E-01
  1.809000E+03 -2.846495E-01
  1.809500E+03 -6.817994E-01
  1.810000E+03 -7.867100E-01
  1.810500E+03 -4.630119E-01
  1.811000E+03  1.560839E-01
  1.811500E+03  7.670843E-01
  1.812000E+03  1.135930E+00
  1.812500E+03  1.253537E+00
  1.813000E+03  1.278646E+00
  1.813500E+03  1.350574E+00
  1.814000E+03  1.458350E+00
  1.814500E+03  1.466004E+00
  1.815000E+03  1.238410E+00
  1.815500E+03  7.486888E-01
  1.816000E+03  1.004013E-01
  1.816500E+03 -5.293253E-01
  1.817000E+03 -9.905121E-01
  1.817500E+03 -1.256967E+00
  1.818000E+03 -1.446833E+00
  1.818500E+03 -1.711277E+00
  1.819000E+03 -2.045386E+00
  1.819500E+03 -2.200977E+00
  1.820000E+03 -1.850492E+00
  1.820500E+03 -9.187332E-01
  1.821000E+03  2.259931E-01
  1.821500E+03  9.687784E-01
  1.822000E+03  9.241578E-01
  1.822500E+03  2.713102E-01
  1.823000E+03 -3.844452E-01
  1.823500E+03 -5.164187E-01
  1.824000E+03 -8.527886E-02
  1.824500E+03  5.074534E-01
  1.825000E+03  8.267506E-01
  1.825500E+03  7.507199E-01
  1.826000E+03  4.580279E-01
  1.826500E+03  1.584000E-01
  1.827000E+03 -1.017802E-01
  1.827500E+03 -3.817534E-01
  1.828000E+03 -6.698070E-01
  1.828500E+03 -8.229359E-01
  1.829000E+03 -6.791613E-01
  1.829500E+03 -1.969361E-01
  1.830000E+03  5.151752E-01
  1.830500E+03  1.259769E+00
  1.831000E+03  1.812013E+00
  1.831500E+03  1.970947E+00
  1.832000E+03  1.656082E+00
  1.832500E+03  1.018282E+00
  1.833000E+03  4.141629E-01
  1.833500E+03  1.661045E-01
  1.834000E+03  2.835795E-01
  1.834500E+03  4.502452E-01
  1.835000E+03  3.529050E-01
  1.835500E+03  3.595491E-02
  1.836000E+03 -1.301089E-01
  1.836500E+03  1.083729E-01
  1.837000E+03  4.940534E-01
  1.837500E+03  3.934068E-01
  1.838000E+03 -5.940770E-01
  1.838500E+03 -2.146966E+00
  1.839000E+03 -3.384370E+00
  1.839500E+03 -3.570498E+00
  1.840000E+03 -2.700521E+00
  1.840500E+03 -1.430090E+00
  1.841000E+03 -4.703464E-01
  1.841500E+03 -6.364562E-02
  1.842000E+03  9.455529E-03
  1.842500E+03  3.041821E-02
  1.843000E+03  4.572684E-02
  1.843500E+03 -4.595092E-02
  1.844000E+03 -2.171562E-01
  1.844500E+03 -2.269382E-01
  1.845000E+03  1.584902E-01
  1.845500E+03  8.948731E-01
  1.846000E+03  1.644193E+00
  1.846500E+03  2.034266E+00
  1.847000E+03  1.938835E+00
  1.847500E+03  1.537750E+00
  1.848000E+03  1.149512E+00
  1.848500E+03  1.007696E+00
  1.849000E+03  1.137642E+00
  1.849500E+03  1.372969E+00
  1.850000E+03  1.474359E+00
  1.850500E+03  1.290895E+00
  1.851000E+03  8.785946E-01
  1.851500E+03  4.764986E-01
  1.852000E+03  3.179958E-01
  1.852500E+03  4.105005E-01
  1.853000E+03  4.896009E-01
  1.853500E+03  2.172715E-01
  1.854000E+03 -5.468129E-01
  1.854500E+03 -1.653776E+00
  1.855000E+03 -2.817419E+00
  1.855500E+03 -3.814854E+00
  1.856000E+03 -4.515583E+00
  1.856500E+03 -4.759747E+00
  1.857000E+03 -4.318580E+00
  1.857500E+03 -3.076276E+00
  1.858000E+03 -1.265930E+00
  1.858500E+03  5.496524E-01
  1.859000E+03  1.828179E+00
  1.859500E+03  2.431929E+00
  1.860000E+03  2.667246E+00
  1.860500E+03  2.934508E+00
  1.861000E+03  3.340655E+00
  1.861500E+03  3.650428E+00
  1.862000E+03  3.579826E+00
  1.862500E+03  3.082974E+00
  1.863000E+03  2.333010E+00
  1.863500E+03  1.467987E+00
  1.864000E+03  4.312714E-01
  1.864500E+03 -8.980921E-01
  1.865000E+03 -2.438762E+00
  1.865500E+03 -3.816294E+00
  1.866000E+03 -4.564683E+00
  1.866500E+03 -4.429213E+00
  1.867000E+03 -3.499929E+00
  1.867500E+03 -2.105473E+00
  1.868000E+03 -6.210584E-01
  1.868500E+03  6.443505E-01
  1.869000E+03  1.473567E+00
  1.869500E+03  1.770984E+00
  1.870000E+03  1.620984E+00
  1.870500E+03  1.288481E+00
  1.871000E+03  1.092176E+00
  1.871500E+03  1.217424E+00
  1.872000E+03  1.619647E+00
  1.872500E+03  2.090535E+00
  1.873000E+03  2.407065E+00
  1.873500E+03  2.430428E+00
  1.874000E+03  2.112447E+00
  1.874500E+03  1.473948E+00
  1.875000E+03  6.142279E-01
  1.875500E+03 -2.792544E-01
  1.876000E+03 -9.905915E-01
  1.876500E+03 -1.398986E+00
  1.877000E+03 -1.563150E+00
  1.877500E+03 -1.673277E+00
  1.878000E+03 -1.898223E+00
  1.878500E+03 -2.258401E+00
  1.879000E+03 -2.628172E+00
  1.879500E+03 -2.847061E+00
  1.880000E+03 -2.828227E+00
  1.880500E+03 -2.578565E+00
  1.881000E+03 -2.143263E+00
  1.881500E+03 -1.551749E+00
  1.882000E+03 -8.188207E-01
  1.882500E+03  1.482318E-02
  1.883000E+03  8.591334E-01
  1.883500E+03  1.602494E+00
  1.884000E+03  2.167595E+00
  1.884500E+03  2.536859E+00
  1.885000E+03  2.713414E+00
  1.885500E+03  2.654293E+00
  1.886000E+03  2.263588E+00
  1.886500E+03  1.496335E+00
  1.887000E+03  5.053688E-01
  1.887500E+03 -3.276167E-01
  1.888000E+03 -5.768464E-01
  1.888500E+03 -7.554761E-02
  1.889000E+03  9.157359E-01
  1.889500E+03  1.855458E+00
  1.890000E+03  2.288037E+00
  1.890500E+03  2.123123E+00
  1.891000E+03  1.598188E+00
  1.891500E+03  1.004400E+00
  1.892000E+03  4.712843E-01
  1.892500E+03 -4.136913E-03
  1.893000E+03 -4.002553E-01
  1.893500E+03 -6.386993E-01
  1.894000E+03 -7.374313E-01
  1.894500E+03 -9.287466E-01
  1.895000E+03 -1.518792E+00
  1.895500E+03 -2.575512E+00
  1.896000E+03 -3.785724E+00
  1.896500E+03 -4.678478E+00
  1.897000E+03 -4.999767E+00
  1.897500E+03 -4.829352E+00
  1.898000E+03 -4.320371E+00
  1.898500E+03 -3.402790E+00
  1.899000E+03 -1.861588E+00
  1.899500E+03  2.505335E-01
  1.900000E+03  2.368685E+00
  1.900500E+03  3.732547E+00
  1.901000E+03  4.032277E+00
  1.901500E+03  3.708272E+00
  1.902000E+03  3.524616E+00
  1.902500E+03  3.804964E+00
  1.903000E+03  4.119431E+00
  1.903500E+03  3.763076E+00
  1.904000E+03  2.529378E+00
  1.904500E+03  9.682145E-01
  1.905000E+03 -1.250841E-01
  1.905500E+03 -4.291857E-01
  1.906000E+03 -2.817805E-01
  1.906500E+03 -2.055389E-01
  1.907000E+03 -3.533403E-01
  1.907500E+03 -4.683975E-01
  1.908000E+03 -3.227905E-01
  1.908500E+03 -7.131649E-02
  1.909000E+03 -1.144993E-01
  1.909500E+03 -6.647787E-01
  1.910000E+03 -1.529184E+00
  1.910500E+03 -2.321059E+00
  1.911000E+03 -2.801886E+00
  1.911500E+03 -2.953031E+00
  1.912000E+03 -2.767632E+00
  1.912500E+03 -2.115157E+00
  1.913000E+03 -9.112680E-01
  1.913500E+03  6.084287E-01
  1.914000E+03  1.897246E+00
  1.914500E+03  2.462818E+00
  1.915000E+03  2.228811E+00
  1.915500E+03  1.512865E+00
  1.916000E+03  6.700201E-01
  1.916500E+03 -1.821906E-01
  1.917000E+03 -1.071850E+00
  1.917500E+03 -1.890326E+00
  1.918000E+03 -2.324439E+00
  1.918500E+03 -2.129444E+00
  1.919000E+03 -1.427151E+00
  1.919500E+03 -6.502372E-01
  1.920000E+03 -1.540006E-01
  1.920500E+03  9.203843E-02
  1.921000E+03  4.011190E-01
  1.921500E+03  9.814834E-01
  1.922000E+03  1.695473E+00
  1.922500E+03  2.210770E+00
  1.923000E+03  2.347813E+00
  1.923500E+03  2.239323E+00
  1.924000E+03  2.164604E+00
  1.924500E+03  2.278909E+00
  1.925000E+03  2.517284E+00
  1.925500E+03  2.699448E+00
  1.926000E+03  2.647244E+00
  1.926500E+03  2.197811E+00
  1.927000E+03  1.205079E+00
  1.927500E+03 -3.477662E-01
  1.928000E+03 -2.201960E+00
  1.928500E+03 -3.861197E+00
  1.929000E+03 -4.875056E+00
  1.929500E+03 -5.126921E+00
  1.930000E+03 -4.824588E+00
  1.930500E+03 -4.199815E+00
  1.931000E+03 -3.265120E+00
  1.931500E+03 -1.927849E+00
  1.932000E+03 -3.356669E-01
  1.932500E+03  9.927600E-01
  1.933000E+03  1.506274E+00
  1.933500E+03  1.149271E+00
  1.934000E+03  5.191393E-01
  1.934500E+03  4.190486E-01
  1.935000E+03  1.189135E+00
  1.935500E+03  2.446192E+00
  1.936000E+03  3.460939E+00
  1.936500E+03  3.773703E+00
  1.937000E+03  3.454847E+00
  1.937500E+03  2.835033E+00
  1.938000E+03  2.082574E+00
  1.938500E+03  1.099799E+00
  1.939000E+03 -2.069730E-01
  1.939500E+03 -1.654194E+00
  1.940000E+03 -2.838546E+00
  1.940500E+03 -3.447040E+00
  1.941000E+03 -3.456555E+00
  1.941500E+03 -3.020342E+00
  1.942000E+03 -2.225613E+00
  1.942500E+03 -1.045847E+00
  1.943000E+03  4.535607E-01
  1.943500E+03  1.934150E+00
  1.944000E+03  2.899441E+00
  1.944500E+03  3.031928E+00
  1.945000E+03  2.405786E+00
  1.945500E+03  1.358993E+00
  1.946000E+03  1.896457E-01
  1.946500E+03 -9.774491E-01
  1.947000E+03 -2.039997E+00
  1.947500E+03 -2.733243E+00
  1.948000E+03 -2.712748E+00
  1.948500E+03 -1.873145E+00
  1.949000E+03 -5.468622E-01
  1.949500E+03  6.864160E-01
  1.950000E+03  1.426727E+00
  1.950500E+03  1.688878E+00
  1.951000E+03  1.718912E+00
  1.951500E+03  1.627520E+00
  1.952000E+03  1.271564E+00
  1.952500E+03  5.141017E-01
  1.953000E+03 -4.614231E-01
  1.953500E+03 -1.188101E+00
  1.954000E+03 -1.312317E+00
  1.954500E+03 -9.332538E-01
  1.955000E+03 -5.043710E-01
  1.955500E+03 -3.848799E-01
  1.956000E+03 -5.091524E-01
  1.956500E+03 -5.103577E-01
  1.957000E+03 -1.432816E-01
  1.957500E+03  4.527924E-01
  1.958000E+03  9.056398E-01
  1.958500E+03  9.709655E-01
  1.959000E+03  7.028977E-01
  1.959500E+03  2.962492E-01
  1.960000E+03 -1.523797E-01
  1.960500E+03 -6.589470E-01
  1.961000E+03 -1.148859E+00
  1.961500E+03 -1.336754E+00
  1.962000E+03 -9.081515E-01
  1.962500E+03  1.407254E-01
  1.963000E+03  1.369540E+00
  1.963500E+03  2.150308E+00
  1.964000E+03  2.107640E+00
  1.964500E+03  1.355850E+00
  1.965000E+03  3.508498E-01
  1.965500E+03 -4.686837E-01
  1.966000E+03 -9.291217E-01
  1.966500E+03 -1.101949E+00
  1.967000E+03 -1.120001E+00
  1.967500E+03 -1.031383E+00
  1.968000E+03 -7.906555E-01
  1.968500E+03 -3.450015E-01
  1.969000E+03  2.742074E-01
  1.969500E+03  9.112119E-01
  1.970000E+03  1.319618E+00
  1.970500E+03  1.272074E+00
  1.971000E+03  7.025337E-01
  1.971500E+03 -2.185022E-01
  1.972000E+03 -1.160243E+00
  1.972500E+03 -1.824593E+00
  1.973000E+03 -2.100876E+00
  1.973500E+03 -2.050189E+00
  1.974000E+03 -1.755103E+00
  1.974500E+03 -1.209087E+00
  1.975000E+03 -3.684707E-01
  1.975500E+03  7.025058E-01
  1.976000E+03  1.777539E+00
  1.976500E+03  2.589480E+00
  1.977000E+03  3.008991E+00
  1.977500E+03  3.091627E+00
  1.978000E+03  2.947975E+00
  1.978500E+03  2.585011E+00
  1.979000E+03  1.891484E+00
  1.979500E+03  7.768678E-01
  1.980000E+03 -6.850662E-01
  1.980500E+03 -2.241208E+00
  1.981000E+03 -3.560137E+00
  1.981500E+03 -4.344146E+00
  1.982000E+03 -4.395500E+00
  1.982500E+03 -3.668308E+00
  1.983000E+03 -2.328842E+00
  1.983500E+03 -7.597570E-01
  1.984000E+03  5.737839E-01
  1.984500E+03  1.356353E+00
  1.985000E+03  1.578661E+00
  1.985500E+03  1.476884E+00
  1.986000E+03  1.312255E+00
  1.986500E+03  1.202328E+00
  1.987000E+03  1.144696E+00
  1.987500E+03  1.151805E+00
  1.988000E+03  1.297359E+00
  1.988500E+03  1.600784E+00
  1.989000E+03  1.898382E+00
  1.989500E+03  1.898406E+00
  1.990000E+03  1.419610E+00
  1.990500E+03  5.879119E-01
  1.991000E+03 -2.234422E-01
  1.991500E+03 -6.761521E-01
  1.992000E+03 -7.166853E-01
  1.992500E+03 -5.793366E-01
  1.993000E+03 -5.737813E-01
  1.993500E+03 -8.692237E-01
  1.994000E+03 -1.432072E+00
  1.994500E+03 -2.088451E+00
  1.995000E+03 -2.597147E+00
  1.995500E+03 -2.703449E+00
  1.996000E+03 -2.240877E+00
  1.996500E+03 -1.289725E+00
  1.997000E+03 -2.471197E-01
  1.997500E+03  3.586852E-01
  1.998000E+03  2.605255E-01
  1.998500E+03 -2.623180E-01
  1.999000E+03 -5.183943E-01
  1.999500E+03  6.958744E-02
  2.000000E+03  1.459049E+00
  2.000500E+03  2.952433E+00
  2.001000E+03  3.694141E+00
  2.001500E+03  3.292978E+00
  2.002000E+03  2.058168E+00
  2.002500E+03  6.919774E-01
  2.003000E+03 -2.464791E-01
  2.003500E+03 -6.436741E-01
  2.004000E+03 -7.174427E-01
  2.004500E+03 -6.995470E-01
  2.005000E+03 -6.533311E-01
  2.005500E+03 -5.435070E-01
  2.006000E+03 -3.880436E-01
  2.006500E+03 -2.777542E-01
  2.007000E+03 -2.564752E-01
  2.007500E+03 -2.429849E-01
  2.008000E+03 -1.199463E-01
  2.008500E+03  1.075755E-01
  2.009000E+03  2.904065E-01
  2.009500E+03  3.042081E-01
  2.010000E+03  2.187464E-01
  2.010500E+03  2.409559E-01
  2.011000E+03  4.514829E-01
  2.011500E+03  6.202363E-01
  2.012000E+03  3.518562E-01
  2.012500E+03 -5.268150E-01
  2.013000E+03 -1.716980E+00
  2.013500E+03 -2.622694E+00
  2.014000E+03 -2.820895E+00
  2.014500E+03 -2.383236E+00
  2.015000E+03 -1.738570E+00
  2.015500E+03 -1.224503E+00
  2.016000E+03 -7.883626E-01
  2.016500E+03 -1.327289E-01
  2.017000E+03  8.689530E-01
  2.017500E+03  1.939272E+00
  2.018000E+03  2.596218E+00
  2.018500E+03  2.576412E+00
  2.019000E+03  2.049558E+00
  2.019500E+03  1.427820E+00
  2.020000E+03  9.981324E-01
  2.020500E+03  7.583901E-01
  2.021000E+03  5.768338E-01
  2.021500E+03  4.318640E-01
  2.022000E+03  4.324723E-01
  2.022500E+03  6.118891E-01
  2.023000E+03  7.760724E-01
  2.023500E+03  6.345052E-01
  2.024000E+03  1.040257E-01
  2.024500E+03 -5.526704E-01
  2.025000E+03 -9.385316E-01
  2.025500E+03 -8.885876E-01
  2.026000E+03 -6.110619E-01
  2.026500E+03 -4.496276E-01
  2.027000E+03 -5.176743E-01
  2.027500E+03 -5.994627E-01
  2.028000E+03 -4.311664E-01
  2.028500E+03 -6.057191E-02
  2.029000E+03  1.180043E-01
  2.029500E+03 -2.731270E-01
  2.030000E+03 -1.185070E+00
  2.030500E+03 -2.110045E+00
  2.031000E+03 -2.486259E+00
  2.031500E+03 -2.163029E+00
  2.032000E+03 -1.485092E+00
  2.032500E+03 -9.292820E-01
  2.033000E+03 -6.612672E-01
  2.033500E+03 -4.407647E-01
  2.034000E+03  6.051227E-02
  2.034500E+03  8.761135E-01
  2.035000E+03  1.690877E+00
  2.035500E+03  2.155506E+00
  2.036000E+03  2.228891E+00
  2.036500E+03  2.189090E+00
  2.037000E+03  2.306623E+00
  2.037500E+03  2.526333E+00
  2.038000E+03  2.493702E+00
  2.038500E+03  1.905436E+00
  2.039000E+03  8.331607E-01
  2.039500E+03 -3.007082E-01
  2.040000E+03 -1.065241E+00
  2.040500E+03 -1.344910E+00
  2.041000E+03 -1.349787E+00
  2.041500E+03 -1.343698E+00
  2.042000E+03 -1.388303E+00
  2.042500E+03 -1.345575E+00
  2.043000E+03 -1.089285E+00
  2.043500E+03 -6.683125E-01
  2.044000E+03 -2.482592E-01
  2.044500E+03  8.076642E-02
  2.045000E+03  3.958903E-01
  2.045500E+03  8.184805E-01
  2.046000E+03  1.306800E+00
  2.046500E+03  1.596055E+00
  2.047000E+03  1.371433E+00
  2.047500E+03  5.255377E-01
  2.048000E+03 -7.292210E-01
  2.048500E+03 -1.980688E+00
  2.049000E+03 -2.850291E+00
  2.049500E+03 -3.152727E+00
  2.050000E+03 -2.904463E+00
  2.050500E+03 -2.247403E+00
  2.051000E+03 -1.383104E+00
  2.051500E+03 -5.313399E-01
  2.052000E+03  1.351819E-01
  2.052500E+03  5.821895E-01
  2.053000E+03  9.434614E-01
  2.053500E+03  1.405625E+00
  2.054000E+03  2.002335E+00
  2.054500E+03  2.507307E+00
  2.055000E+03  2.575077E+00
  2.055500E+03  2.053855E+00
  2.056000E+03  1.192238E+00
  2.056500E+03  5.099196E-01
  2.057000E+03  4.008657E-01
  2.057500E+03  8.140689E-01
  2.058000E+03  1.319431E+00
  2.058500E+03  1.512538E+00
  2.059000E+03  1.372894E+00
  2.059500E+03  1.218269E+00
  2.060000E+03  1.295823E+00
  2.060500E+03  1.432161E+00
  2.061000E+03  1.127907E+00
  2.061500E+03  3.712168E-02
  2.062000E+03 -1.639223E+00
  2.062500E+03 -3.258024E+00
  2.063000E+03 -4.257278E+00
  2.063500E+03 -4.588635E+00
  2.064000E+03 -4.634598E+00
  2.064500E+03 -4.709382E+00
  2.065000E+03 -4.667743E+00
  2.065500E+03 -4.030814E+00
  2.066000E+03 -2.502384E+00
  2.066500E+03 -3.498818E-01
  2.067000E+03  1.732308E+00
  2.067500E+03  3.138739E+00
  2.068000E+03  3.754757E+00
  2.068500E+03  3.904005E+00
  2.069000E+03  3.962809E+00
  2.069500E+03  4.043814E+00
  2.070000E+03  4.003670E+00
  2.070500E+03  3.672018E+00
  2.071000E+03  3.025112E+00
  2.071500E+03  2.169028E+00
  2.072000E+03  1.230558E+00
  2.072500E+03  3.076601E-01
  2.073000E+03 -5.038295E-01
  2.073500E+03 -1.102941E+00
  2.074000E+03 -1.441860E+00
  2.074500E+03 -1.578558E+00
  2.075000E+03 -1.642628E+00
  2.075500E+03 -1.744347E+00
  2.076000E+03 -1.930747E+00
  2.076500E+03 -2.221525E+00
  2.077000E+03 -2.638140E+00
  2.077500E+03 -3.144857E+00
  2.078000E+03 -3.560522E+00
  2.078500E+03 -3.588865E+00
  2.079000E+03 -3.008883E+00
  2.079500E+03 -1.867946E+00
  2.080000E+03 -4.746126E-01
  2.080500E+03  8.204830E-01
  2.081000E+03  1.843607E+00
  2.081500E+03  2.611356E+00
  2.082000E+03  3.170255E+00
  2.082500E+03  3.484682E+00
  2.083000E+03  3.512064E+00
  2.083500E+03  3.349168E+00
  2.084000E+03  3.222010E+00
  2.084500E+03  3.272276E+00
  2.085000E+03  3.357607E+00
  2.085500E+03  3.109291E+00
  2.086000E+03  2.229063E+00
  2.086500E+03  7.476126E-01
  2.087000E+03 -9.952402E-01
  2.087500E+03 -2.600456E+00
  2.088000E+03 -3.828224E+00
  2.088500E+03 -4.607880E+00
  2.089000E+03 -4.916304E+00
  2.089500E+03 -4.719677E+00
  2.090000E+03 -4.041227E+00
  2.090500E+03 -3.029912E+00
  2.091000E+03 -1.903947E+00
  2.091500E+03 -8.169792E-01
  2.092000E+03  1.925953E-01
  2.092500E+03  1.108500E+00
  2.093000E+03  1.825149E+00
  2.093500E+03  2.174864E+00
  2.094000E+03  2.080162E+00
  2.094500E+03  1.654854E+00
  2.095000E+03  1.128359E+00
  2.095500E+03  6.743798E-01
  2.096000E+03  3.357079E-01
  2.096500E+03  1.148126E-01
  2.097000E+03  9.353992E-02
  2.097500E+03  4.073707E-01
  2.098000E+03  1.079292E+00
  2.098500E+03  1.901156E+00
  2.099000E+03  2.517257E+00
  2.099500E+03  2.651737E+00
  2.100000E+03  2.271769E+00
  2.100500E+03  1.554090E+00
  2.101000E+03  7.240433E-01
  2.101500E+03 -6.466912E-02
  2.102000E+03 -7.327998E-01
  2.102500E+03 -1.230782E+00
  2.103000E+03 -1.541425E+00
  2.103500E+03 -1.721735E+00
  2.104000E+03 -1.893992E+00
  2.104500E+03 -2.147134E+00
  2.105000E+03 -2.430457E+00
  2.105500E+03 -2.561035E+00
  2.106000E+03 -2.366738E+00
  2.106500E+03 -1.849035E+00
  2.107000E+03 -1.216580E+00
  2.107500E+03 -7.466279E-01
  2.108000E+03 -5.786640E-01
  2.108500E+03 -6.056112E-01
  2.109000E+03 -5.545389E-01
  2.109500E+03 -1.994573E-01
  2.110000E+03  4.617551E-01
  2.110500E+03  1.213747E+00
  2.111000E+03  1.810398E+00
  2.111500E+03  2.174049E+00
  2.112000E+03  2.416425E+00
  2.112500E+03  2.657902E+00
  2.113000E+03  2.835765E+00
  2.113500E+03  2.725483E+00
  2.114000E+03  2.183119E+00
  2.114500E+03  1.358686E+00
  2.115000E+03  6.234673E-01
  2.115500E+03  2.464000E-01
  2.116000E+03  1.469660E-01
  2.116500E+03  3.043693E-03
  2.117000E+03 -3.824265E-01
  2.117500E+03 -8.519916E-01
  2.118000E+03 -1.068566E+00
  2.118500E+03 -9.181500E-01
  2.119000E+03 -6.941402E-01
  2.119500E+03 -8.397700E-01
  2.120000E+03 -1.507677E+00
  2.120500E+03 -2.398635E+00
  2.121000E+03 -3.034187E+00
  2.121500E+03 -3.151049E+00
  2.122000E+03 -2.808843E+00
  2.122500E+03 -2.168692E+00
  2.123000E+03 -1.279332E+00
  2.123500E+03 -1.490850E-01
  2.124000E+03  1.024424E+00
  2.124500E+03  1.831805E+00
  2.125000E+03  1.958325E+00
  2.125500E+03  1.504831E+00
  2.126000E+03  9.279073E-01
  2.126500E+03  6.140685E-01
  2.127000E+03  5.379600E-01
  2.127500E+03  3.871470E-01
  2.128000E+03  1.492983E-02
  2.128500E+03 -3.007386E-01
  2.129000E+03 -1.078137E-01
  2.129500E+03  7.184577E-01
  2.130000E+03  1.775386E+00
  2.130500E+03  2.466008E+00
  2.131000E+03  2.523959E+00
  2.131500E+03  2.194717E+00
  2.132000E+03  1.917526E+00
  2.132500E+03  1.867438E+00
  2.133000E+03  1.817503E+00
  2.133500E+03  1.408154E+00
  2.134000E+03  5.069359E-01
  2.134500E+03 -6.827477E-01
  2.135000E+03 -1.800418E+00
  2.135500E+03 -2.572482E+00
  2.136000E+03 -2.923379E+00
  2.136500E+03 -2.944028E+00
  2.137000E+03 -2.809428E+00
  2.137500E+03 -2.692543E+00
  2.138000E+03 -2.672912E+00
  2.138500E+03 -2.678864E+00
  2.139000E+03 -2.539786E+00
  2.139500E+03 -2.141676E+00
  2.140000E+03 -1.542184E+00
  2.140500E+03 -9.044812E-01
  2.141000E+03 -3.028312E-01
  2.141500E+03  3.724012E-01
  2.142000E+03  1.263027E+00
  2.142500E+03  2.283807E+00
  2.143000E+03  3.065268E+00
  2.143500E+03  3.231282E+00
  2.144000E+03  2.776517E+00
  2.144500E+03  2.151126E+00
  2.145000E+03  1.913850E+00
  2.145500E+03  2.241578E+00
  2.146000E+03  2.746575E+00
  2.146500E+03  2.780025E+00
  2.147000E+03  1.960201E+00
  2.147500E+03  4.775841E-01
  2.148000E+03 -1.050518E+00
  2.148500E+03 -2.013654E+00
  2.149000E+03 -2.167024E+00
  2.149500E+03 -1.677276E+00
  2.150000E+03 -9.040917E-01
  2.150500E+03 -1.503625E-01
  2.151000E+03  4.289916E-01
  2.151500E+03  7.542020E-01
  2.152000E+03  7.254607E-01
  2.152500E+03  2.390428E-01
  2.153000E+03 -6.890560E-01
  2.153500E+03 -1.827711E+00
  2.154000E+03 -2.795408E+00
  2.154500E+03 -3.270134E+00
  2.155000E+03 -3.176314E+00
  2.155500E+03 -2.682449E+00
  2.156000E+03 -2.016472E+00
  2.156500E+03 -1.283328E+00
  2.157000E+03 -4.615715E-01
  2.157500E+03  4.385373E-01
  2.158000E+03  1.249009E+00
  2.158500E+03  1.708351E+00
  2.159000E+03  1.665390E+00
  2.159500E+03  1.220865E+00
  2.160000E+03  6.732914E-01
  2.160500E+03  3.338428E-01
  2.161000E+03  3.771606E-01
  2.161500E+03  8.095848E-01
  2.162000E+03  1.500779E+00
  2.162500E+03  2.212813E+00
  2.163000E+03  2.654981E+00
  2.163500E+03  2.619595E+00
  2.164000E+03  2.137463E+00
  2.164500E+03  1.483193E+00
  2.165000E+03  9.530819E-01
  2.165500E+03  5.859402E-01
  2.166000E+03  1.179150E-01
  2.166500E+03 -7.340487E-01
  2.167000E+03 -1.911299E+00
  2.167500E+03 -2.944948E+00
  2.168000E+03 -3.281455E+00
  2.168500E+03 -2.713779E+00
  2.169000E+03 -1.528444E+00
  2.169500E+03 -2.679275E-01
  2.170000E+03  6.315293E-01
  2.170500E+03  1.008326E+00
  2.171000E+03  8.938170E-01
  2.171500E+03  3.797923E-01
  2.172000E+03 -3.908183E-01
  2.172500E+03 -1.161626E+00
  2.173000E+03 -1.603777E+00
  2.173500E+03 -1.507516E+00
  2.174000E+03 -9.603979E-01
  2.174500E+03 -3.153312E-01
  2.175000E+03  5.869530E-02
  2.175500E+03  4.468455E-02
  2.176000E+03 -1.487967E-01
  2.176500E+03 -1.531687E-01
  2.177000E+03  2.897644E-01
  2.177500E+03  1.139097E+00
  2.178000E+03  2.061517E+00
  2.178500E+03  2.623924E+00
  2.179000E+03  2.550303E+00
  2.179500E+03  1.870394E+00
  2.180000E+03  8.522877E-01
  2.180500E+03 -2.167562E-01
  2.181000E+03 -1.192507E+00
  2.181500E+03 -2.022611E+00
  2.182000E+03 -2.565545E+00
  2.182500E+03 -2.542459E+00
  2.183000E+03 -1.763106E+00
  2.183500E+03 -4.279734E-01
  2.184000E+03  8.655849E-01
  2.184500E+03  1.533413E+00
  2.185000E+03  1.488786E+00
  2.185500E+03  1.203079E+00
  2.186000E+03  1.232358E+00
  2.186500E+03  1.659850E+00
  2.187000E+03  2.023494E+00
  2.187500E+03  1.807949E+00
  2.188000E+03  9.878938E-01
  2.188500E+03  5.756778E-02
  2.189000E+03 -4.687302E-01
  2.189500E+03 -5.476746E-01
  2.190000E+03 -5.890524E-01
  2.190500E+03 -9.888302E-01
  2.191000E+03 -1.727963E+00
  2.191500E+03 -2.428632E+00
  2.192000E+03 -2.745512E+00
  2.192500E+03 -2.650891E+00
  2.193000E+03 -2.356435E+00
  2.193500E+03 -2.029535E+00
  2.194000E+03 -1.633048E+00
  2.194500E+03 -1.014493E+00
  2.195000E+03 -9.220356E-02
  2.195500E+03  1.056328E+00
  2.196000E+03  2.231528E+00
  2.196500E+03  3.181122E+00
  2.197000E+03  3.656599E+00
  2.197500E+03  3.493610E+00
  2.198000E+03  2.715614E+00
  2.198500E+03  1.563326E+00
  2.199000E+03  3.739303E-01
  2.199500E+03 -6.088800E-01
  2.200000E+03 -1.316871E+00
  2.200500E+03 -1.767221E+00
  2.201000E+03 -1.936435E+00
  2.201500E+03 -1.766213E+00
  2.202000E+03 -1.283247E+00
  2.202500E+03 -6.505427E-01
  2.203000E+03 -5.049589E-02
  2.203500E+03  4.669461E-01
  2.204000E+03  9.663635E-01
  2.204500E+03  1.444193E+00
  2.205000E+03  1.721436E+00
  2.205500E+03  1.590338E+00
  2.206000E+03  1.075413E+00
  2.206500E+03  4.840749E-01
  2.207000E+03  1.335283E-01
  2.207500E+03  2.840539E-02
  2.208000E+03 -1.410344E-01
  2.208500E+03 -6.536622E-01
  2.209000E+03 -1.437354E+00
  2.209500E+03 -2.126919E+00
  2.210000E+03 -2.425175E+00
  2.210500E+03 -2.352370E+00
  2.211000E+03 -2.115357E+00
  2.211500E+03 -1.783428E+00
  2.212000E+03 -1.181199E+00
  2.212500E+03 -1.402757E-01
  2.213000E+03  1.183754E+00
  2.213500E+03  2.309811E+00
  2.214000E+03  2.772738E+00
  2.214500E+03  2.462328E+00
  2.215000E+03  1.642505E+00
  2.215500E+03  6.944525E-01
  2.216000E+03 -1.157585E-01
  2.216500E+03 -6.591608E-01
  2.217000E+03 -8.584234E-01
  2.217500E+03 -6.864560E-01
  2.218000E+03 -2.521388E-01
  2.218500E+03  2.017199E-01
  2.219000E+03  4.738670E-01
  2.219500E+03  5.930522E-01
  2.220000E+03  7.865907E-01
  2.220500E+03  1.219242E+00
  2.221000E+03  1.760238E+00
  2.221500E+03  2.028970E+00
  2.222000E+03  1.687035E+00
  2.222500E+03  7.012380E-01
  2.223000E+03 -6.453454E-01
  2.223500E+03 -1.955686E+00
  2.224000E+03 -2.922648E+00
  2.224500E+03 -3.391641E+00
  2.225000E+03 -3.319185E+00
  2.225500E+03 -2.739074E+00
  2.226000E+03 -1.774032E+00
  2.226500E+03 -6.422068E-01
  2.227000E+03  3.874951E-01
  2.227500E+03  1.077187E+00
  2.228000E+03  1.299605E+00
  2.228500E+03  1.092446E+00
  2.229000E+03  6.649063E-01
  2.229500E+03  3.180891E-01
  2.230000E+03  2.786366E-01
  2.230500E+03  5.461953E-01
  2.231000E+03  9.012901E-01
  2.231500E+03  1.100753E+00
  2.232000E+03  1.088182E+00
  2.232500E+03  1.000916E+00
  2.233000E+03  9.630096E-01
  2.233500E+03  9.081140E-01
  2.234000E+03  6.650859E-01
  2.234500E+03  2.321138E-01
  2.235000E+03 -9.694206E-02
  2.235500E+03  3.115791E-02
  2.236000E+03  6.295517E-01
  2.236500E+03  1.248549E+00
  2.237000E+03  1.320481E+00
  2.237500E+03  6.600750E-01
  2.238000E+03 -3.885889E-01
  2.238500E+03 -1.309542E+00
  2.239000E+03 -1.890194E+00
  2.239500E+03 -2.308223E+00
  2.240000E+03 -2.764809E+00
  2.240500E+03 -3.110510E+00
  2.241000E+03 -2.916506E+00
  2.241500E+03 -1.936047E+00
  2.242000E+03 -4.496361E-01
  2.242500E+03  9.007046E-01
  2.243000E+03  1.633906E+00
  2.243500E+03  1.778067E+00
  2.244000E+03  1.714039E+00
  2.244500E+03  1.722699E+00
  2.245000E+03  1.725619E+00
  2.245500E+03  1.451281E+00
  2.246000E+03  7.843423E-01
  2.246500E+03 -1.035604E-01
  2.247000E+03 -9.448020E-01
  2.247500E+03 -1.614719E+00
  2.248000E+03 -2.125883E+00
  2.248500E+03 -2.419734E+00
  2.249000E+03 -2.267031E+00
  2.249500E+03 -1.462371E+00
  2.250000E+03 -1.218852E-01
  2.250500E+03  1.281745E+00
  2.251000E+03  2.256020E+00
  2.251500E+03  2.686323E+00
  2.252000E+03  2.877510E+00
  2.252500E+03  3.175897E+00
  2.253000E+03  3.556028E+00
  2.253500E+03  3.609754E+00
  2.254000E+03  2.959819E+00
  2.254500E+03  1.671531E+00
  2.255000E+03  2.348308E-01
  2.255500E+03 -8.615131E-01
  2.256000E+03 -1.522641E+00
  2.256500E+03 -2.021282E+00
  2.257000E+03 -2.622054E+00
  2.257500E+03 -3.279620E+00
  2.258000E+03 -3.712685E+00
  2.258500E+03 -3.722180E+00
  2.259000E+03 -3.374804E+00
  2.259500E+03 -2.873913E+00
  2.260000E+03 -2.324455E+00
  2.260500E+03 -1.701177E+00
  2.261000E+03 -1.037938E+00
  2.261500E+03 -5.437101E-01
  2.262000E+03 -4.221156E-01
  2.262500E+03 -5.605290E-01
  2.263000E+03 -4.854067E-01
  2.263500E+03  2.655461E-01
  2.264000E+03  1.680740E+00
  2.264500E+03  3.204778E+00
  2.265000E+03  4.167930E+00
  2.265500E+03  4.307490E+00
  2.266000E+03  3.887975E+00
  2.266500E+03  3.358784E+00
  2.267000E+03  2.948551E+00
  2.267500E+03  2.587491E+00
  2.268000E+03  2.131545E+00
  2.268500E+03  1.550158E+00
  2.269000E+03  8.756516E-01
  2.269500E+03  7.217832E-02
  2.270000E+03 -9.161232E-01
  2.270500E+03 -1.961051E+00
  2.271000E+03 -2.694988E+00
  2.271500E+03 -2.786582E+00
  2.272000E+03 -2.313340E+00
  2.272500E+03 -1.799771E+00
  2.273000E+03 -1.799444E+00
  2.273500E+03 -2.398475E+00
  2.274000E+03 -3.134379E+00
  2.274500E+03 -3.406431E+00
  2.275000E+03 -2.959992E+00
  2.275500E+03 -1.995598E+00
  2.276000E+03 -8.853440E-01
  2.276500E+03  1.370205E-01
  2.277000E+03  1.016999E+00
  2.277500E+03  1.728557E+00
  2.278000E+03  2.203084E+00
  2.278500E+03  2.422680E+00
  2.279000E+03  2.490239E+00
  2.279500E+03  2.513431E+00
  2.280000E+03  2.427023E+00
  2.280500E+03  2.025192E+00
  2.281000E+03  1.243637E+00
  2.281500E+03  3.805379E-01
  2.282000E+03 -6.571219E-02
  2.282500E+03  1.414094E-01
  2.283000E+03  6.783119E-01
  2.283500E+03  8.837021E-01
  2.284000E+03  3.367123E-01
  2.284500E+03 -7.580973E-01
  2.285000E+03 -1.752161E+00
  2.285500E+03 -2.118149E+00
  2.286000E+03 -1.858564E+00
  2.286500E+03 -1.406614E+00
  2.287000E+03 -1.175497E+00
  2.287500E+03 -1.212519E+00
  2.288000E+03 -1.247356E+00
  2.288500E+03 -1.016147E+00
  2.289000E+03 -5.147751E-01
  2.289500E+03  3.603216E-02
  2.290000E+03  4.287271E-01
  2.290500E+03  6.534591E-01
  2.291000E+03  8.593123E-01
  2.291500E+03  1.150060E+00
  2.292000E+03  1.427183E+00
  2.292500E+03  1.449171E+00
  2.293000E+03  1.074947E+00
  2.293500E+03  4.702135E-01
  2.294000E+03  5.388885E-02
  2.294500E+03  1.796571E-01
  2.295000E+03  8.105499E-01
  2.295500E+03  1.495272E+00
  2.296000E+03  1.704706E+00
  2.296500E+03  1.247591E+00
  2.297000E+03  3.934640E-01
  2.297500E+03 -3.980581E-01
  2.298000E+03 -8.695499E-01
  2.298500E+03 -1.111935E+00
  2.299000E+03 -1.369840E+00
  2.299500E+03 -1.752353E+00
  2.300000E+03 -2.145236E+00
  2.300500E+03 -2.359777E+00
  2.301000E+03 -2.303671E+00
  2.301500E+03 -1.994566E+00
  2.302000E+03 -1.470636E+00
  2.302500E+03 -7.707283E-01
  2.303000E+03 -1.944286E-02
  2.303500E+03  5.391050E-01
  2.304000E+03  6.875755E-01
  2.304500E+03  4.578187E-01
  2.305000E+03  1.807109E-01
  2.305500E+03  2.616476E-01
  2.306000E+03  8.679215E-01
  2.306500E+03  1.812324E+00
  2.307000E+03  2.714035E+00
  2.307500E+03  3.251370E+00
  2.308000E+03  3.284491E+00
  2.308500E+03  2.821121E+00
  2.309000E+03  1.960609E+00
  2.309500E+03  8.980975E-01
  2.310000E+03 -8.407745E-02
  2.310500E+03 -7.299369E-01
  2.311000E+03 -9.709726E-01
  2.311500E+03 -9.695255E-01
  2.312000E+03 -9.797433E-01
  2.312500E+03 -1.160311E+00
  2.313000E+03 -1.518824E+00
  2.313500E+03 -1.997938E+00
  2.314000E+03 -2.545090E+00
  2.314500E+03 -3.059225E+00
  2.315000E+03 -3.310686E+00
  2.315500E+03 -3.009125E+00
  2.316000E+03 -2.024618E+00
  2.316500E+03 -5.505231E-01
  2.317000E+03  9.841320E-01
  2.317500E+03  2.188196E+00
  2.318000E+03  2.905940E+00
  2.318500E+03  3.174024E+00
  2.319000E+03  3.046907E+00
  2.319500E+03  2.522526E+00
  2.320000E+03  1.638222E+00
  2.320500E+03  5.771020E-01
  2.321000E+03 -3.846572E-01
  2.321500E+03 -1.048596E+00
  2.322000E+03 -1.387892E+00
  2.322500E+03 -1.467189E+00
  2.323000E+03 -1.309397E+00
  2.323500E+03 -8.871196E-01
  2.324000E+03 -2.415243E-01
  2.324500E+03  4.456091E-01
  2.325000E+03  9.494494E-01
  2.325500E+03  1.175292E+00
  2.326000E+03  1.206867E+00
  2.326500E+03  1.170498E+00
  2.327000E+03  1.072408E+00
  2.327500E+03  7.953651E-01
  2.328000E+03  2.538880E-01
  2.328500E+03 -4.668051E-01
  2.329000E+03 -1.129408E+00
  2.329500E+03 -1.487900E+00
  2.330000E+03 -1.422810E+00
  2.330500E+03 -9.930088E-01
  2.331000E+03 -4.206256E-01
  2.331500E+03 -2.613972E-02
  2.332000E+03 -9.003122E-02
  2.332500E+03 -6.647971E-01
  2.333000E+03 -1.477430E+00
  2.333500E+03 -2.066547E+00
  2.334000E+03 -2.101407E+00
  2.334500E+03 -1.614847E+00
  2.335000E+03 -9.224522E-01
  2.335500E+03 -3.055030E-01
  2.336000E+03  2.164234E-01
  2.336500E+03  8.010758E-01
  2.337000E+03  1.518400E+00
  2.337500E+03  2.230365E+00
  2.338000E+03  2.746221E+00
  2.338500E+03  3.035733E+00
  2.339000E+03  3.212709E+00
  2.339500E+03  3.303292E+00
  2.340000E+03  3.114397E+00
  2.340500E+03  2.424681E+00
  2.341000E+03  1.317047E+00
  2.341500E+03  2.439169E-01
  2.342000E+03 -3.275145E-01
  2.342500E+03 -3.648570E-01
  2.343000E+03 -3.389252E-01
  2.343500E+03 -8.075888E-01
  2.344000E+03 -1.910652E+00
  2.344500E+03 -3.254049E+00
  2.345000E+03 -4.253347E+00
  2.345500E+03 -4.566890E+00
  2.346000E+03 -4.234261E+00
  2.346500E+03 -3.499548E+00
  2.347000E+03 -2.596501E+00
  2.347500E+03 -1.702596E+00
  2.348000E+03 -9.916581E-01
  2.348500E+03 -6.023652E-01
  2.349000E+03 -5.072053E-01
  2.349500E+03 -4.600252E-01
  2.350000E+03 -1.487621E-01
  2.350500E+03  5.600844E-01
  2.351000E+03  1.524988E+00
  2.351500E+03  2.470943E+00
  2.352000E+03  3.209130E+00
  2.352500E+03  3.715521E+00
  2.353000E+03  4.033546E+00
  2.353500E+03  4.160370E+00
  2.354000E+03  4.057306E+00
  2.354500E+03  3.742045E+00
  2.355000E+03  3.313603E+00
  2.355500E+03  2.856198E+00
  2.356000E+03  2.333914E+00
  2.356500E+03  1.612520E+00
  2.357000E+03  5.988486E-01
  2.357500E+03 -6.491867E-01
  2.358000E+03 -1.955521E+00
  2.358500E+03 -3.156285E+00
  2.359000E+03 -4.183452E+00
  2.359500E+03 -5.023558E+00
  2.360000E+03 -5.616390E+00
  2.360500E+03 -5.817424E+00
  2.361000E+03 -5.471290E+00
  2.361500E+03 -4.529143E+00
  2.362000E+03 -3.109104E+00
  2.362500E+03 -1.460727E+00
  2.363000E+03  1.283023E-01
  2.363500E+03  1.422691E+00
  2.364000E+03  2.294826E+00
  2.364500E+03  2.742570E+00
  2.365000E+03  2.872964E+00
  2.365500E+03  2.850953E+00
  2.366000E+03  2.821294E+00
  2.366500E+03  2.834196E+00
  2.367000E+03  2.818263E+00
  2.367500E+03  2.627318E+00
  2.368000E+03  2.141938E+00
  2.368500E+03  1.361489E+00
  2.369000E+03  4.190049E-01
  2.369500E+03 -4.937790E-01
  2.370000E+03 -1.228210E+00
  2.370500E+03 -1.720475E+00
  2.371000E+03 -1.949582E+00
  2.371500E+03 -1.880882E+00
  2.372000E+03 -1.482390E+00
  2.372500E+03 -8.099076E-01
  2.373000E+03 -5.314171E-02
  2.373500E+03  5.485642E-01
  2.374000E+03  8.693789E-01
  2.374500E+03  9.735273E-01
  2.375000E+03  1.005440E+00
  2.375500E+03  9.940278E-01
  2.376000E+03  7.872835E-01
  2.376500E+03  2.134732E-01
  2.377000E+03 -6.808794E-01
  2.377500E+03 -1.568723E+00
  2.378000E+03 -2.041340E+00
  2.378500E+03 -1.890007E+00
  2.379000E+03 -1.217561E+00
  2.379500E+03 -3.148234E-01
  2.380000E+03  5.342464E-01
  2.380500E+03  1.137296E+00
  2.381000E+03  1.369114E+00
  2.381500E+03  1.173352E+00
  2.382000E+03  6.444747E-01
  2.382500E+03  6.894169E-02
  2.383000E+03 -2.103818E-01
  2.383500E+03 -4.559861E-02
  2.384000E+03  3.847072E-01
  2.384500E+03  7.152371E-01
  2.385000E+03  6.822627E-01
  2.385500E+03  2.857984E-01
  2.386000E+03 -2.972156E-01
  2.386500E+03 -8.960412E-01
  2.387000E+03 -1.403462E+00
  2.387500E+03 -1.695449E+00
  2.388000E+03 -1.610517E+00
  2.388500E+03 -1.107719E+00
  2.389000E+03 -4.392194E-01
  2.389500E+03 -5.978078E-02
  2.390000E+03 -2.524012E-01
  2.390500E+03 -8.148619E-01
  2.391000E+03 -1.174868E+00
  2.391500E+03 -8.867232E-01
  2.392000E+03 -3.682278E-02
  2.392500E+03  8.585911E-01
  2.393000E+03  1.361977E+00
  2.393500E+03  1.498860E+00
  2.394000E+03  1.627686E+00
  2.394500E+03  1.970821E+00
  2.395000E+03  2.348002E+00
  2.395500E+03  2.408170E+00
  2.396000E+03  2.074911E+00
  2.396500E+03  1.665657E+00
  2.397000E+03  1.514971E+00
  2.397500E+03  1.518154E+00
  2.398000E+03  1.144932E+00
  2.398500E+03 -2.035022E-02
  2.399000E+03 -1.748896E+00
  2.399500E+03 -3.222701E+00
  2.400000E+03 -3.670573E+00
  2.400500E+03 -2.989278E+00
  2.401000E+03 -1.769518E+00
  2.401500E+03 -7.421263E-01
  2.402000E+03 -2.088611E-01
  2.402500E+03  2.501930E-02
  2.403000E+03  2.485857E-01
  2.403500E+03  4.592108E-01
  2.404000E+03  3.891692E-01
  2.404500E+03 -1.393542E-01
  2.405000E+03 -9.505243E-01
  2.405500E+03 -1.623953E+00
  2.406000E+03 -1.843835E+00
  2.406500E+03 -1.623983E+00
  2.407000E+03 -1.210844E+00
  2.407500E+03 -8.090167E-01
  2.408000E+03 -4.213988E-01
  2.408500E+03  6.875864E-02
  2.409000E+03  7.064460E-01
  2.409500E+03  1.376566E+00
  2.410000E+03  1.888154E+00
  2.410500E+03  2.121841E+00
  2.411000E+03  2.096225E+00
  2.411500E+03  1.913647E+00
  2.412000E+03  1.657297E+00
  2.412500E+03  1.334145E+00
  2.413000E+03  9.065670E-01
  2.413500E+03  3.883818E-01
  2.414000E+03 -7.070094E-02
  2.414500E+03 -2.073194E-01
  2.415000E+03  1.824845E-01
  2.415500E+03  1.007814E+00
  2.416000E+03  1.795692E+00
  2.416500E+03  1.918311E+00
  2.417000E+03  1.048759E+00
  2.417500E+03 -5.061214E-01
  2.418000E+03 -1.934929E+00
  2.418500E+03 -2.490482E+00
  2.419000E+03 -2.059028E+00
  2.419500E+03 -1.234850E+00
  2.420000E+03 -8.163993E-01
  2.420500E+03 -1.157538E+00
  2.421000E+03 -1.934410E+00
  2.421500E+03 -2.494954E+00
  2.422000E+03 -2.426677E+00
  2.422500E+03 -1.821006E+00
  2.423000E+03 -1.054260E+00
  2.423500E+03 -3.760469E-01
  2.424000E+03  2.696991E-01
  2.424500E+03  1.057117E+00
  2.425000E+03  1.969864E+00
  2.425500E+03  2.704261E+00
  2.426000E+03  2.870785E+00
  2.426500E+03  2.290517E+00
  2.427000E+03  1.129594E+00
  2.427500E+03 -2.029024E-01
  2.428000E+03 -1.271236E+00
  2.428500E+03 -1.784810E+00
  2.429000E+03 -1.663636E+00
  2.429500E+03 -1.024833E+00
  2.430000E+03 -1.253127E-01
  2.430500E+03  7.308140E-01
  2.431000E+03  1.304321E+00
  2.431500E+03  1.502898E+00
  2.432000E+03  1.383465E+00
  2.432500E+03  1.079917E+00
  2.433000E+03  7.194936E-01
  2.433500E+03  3.895794E-01
  2.434000E+03  1.566342E-01
  2.434500E+03  8.335489E-02
  2.435000E+03  1.970029E-01
  2.435500E+03  4.257611E-01
  2.436000E+03  5.779669E-01
  2.436500E+03  4.269350E-01
  2.437000E+03 -1.244654E-01
  2.437500E+03 -9.215090E-01
  2.438000E+03 -1.605522E+00
  2.438500E+03 -1.838431E+00
  2.439000E+03 -1.546265E+00
  2.439500E+03 -9.742438E-01
  2.440000E+03 -4.899791E-01
  2.440500E+03 -2.990673E-01
  2.441000E+03 -3.267559E-01
  2.441500E+03 -3.610475E-01
  2.442000E+03 -2.928453E-01
  2.442500E+03 -1.993784E-01
  2.443000E+03 -2.005307E-01
  2.443500E+03 -2.742910E-01
  2.444000E+03 -2.562729E-01
  2.444500E+03 -2.315169E-02
  2.445000E+03  3.632409E-01
  2.445500E+03  7.251631E-01
  2.446000E+03  9.602252E-01
  2.446500E+03  1.110336E+00
  2.447000E+03  1.224092E+00
  2.447500E+03  1.209759E+00
  2.448000E+03  9.124901E-01
  2.448500E+03  3.628811E-01
  2.449000E+03 -1.222694E-01
  2.449500E+03 -1.877620E-01
  2.450000E+03  1.774988E-01
  2.450500E+03  5.608015E-01
  2.451000E+03  5.027950E-01
  2.451500E+03 -3.006430E-02
  2.452000E+03 -5.935306E-01
  2.452500E+03 -7.216703E-01
  2.453000E+03 -4.187066E-01
  2.453500E+03 -1.572306E-01
  2.454000E+03 -3.833010E-01
  2.454500E+03 -1.060628E+00
  2.455000E+03 -1.726407E+00
  2.455500E+03 -1.960227E+00
  2.456000E+03 -1.739240E+00
  2.456500E+03 -1.333821E+00
  2.457000E+03 -9.393907E-01
  2.457500E+03 -4.987871E-01
  2.458000E+03  1.227048E-01
  2.458500E+03  8.921178E-01
  2.459000E+03  1.623184E+00
  2.459500E+03  2.204345E+00
  2.460000E+03  2.700655E+00
  2.460500E+03  3.163630E+00
  2.461000E+03  3.399642E+00
  2.461500E+03  3.055446E+00
  2.462000E+03  2.004015E+00
  2.462500E+03  6.009666E-01
  2.463000E+03 -5.375107E-01
  2.463500E+03 -1.059361E+00
  2.464000E+03 -1.160981E+00
  2.464500E+03 -1.325586E+00
  2.465000E+03 -1.800435E+00
  2.465500E+03 -2.372517E+00
  2.466000E+03 -2.653509E+00
  2.466500E+03 -2.520068E+00
  2.467000E+03 -2.214847E+00
  2.467500E+03 -2.030738E+00
  2.468000E+03 -1.972127E+00
  2.468500E+03 -1.778725E+00
  2.469000E+03 -1.255438E+00
  2.469500E+03 -5.100292E-01
  2.470000E+03  1.620489E-01
  2.470500E+03  5.863572E-01
  2.471000E+03  8.511433E-01
  2.471500E+03  1.146255E+00
  2.472000E+03  1.518286E+00
  2.472500E+03  1.831070E+00
  2.473000E+03  1.956727E+00
  2.473500E+03  1.957584E+00
  2.474000E+03  2.049142E+00
  2.474500E+03  2.389529E+00
  2.475000E+03  2.914120E+00
  2.475500E+03  3.357155E+00
  2.476000E+03  3.407411E+00
  2.476500E+03  2.858907E+00
  2.477000E+03  1.687564E+00
  2.477500E+03  7.040877E-02
  2.478000E+03 -1.643541E+00
  2.478500E+03 -3.043354E+00
  2.479000E+03 -3.842145E+00
  2.479500E+03 -4.030950E+00
  2.480000E+03 -3.864031E+00
  2.480500E+03 -3.661947E+00
  2.481000E+03 -3.584862E+00
  2.481500E+03 -3.557578E+00
  2.482000E+03 -3.380425E+00
  2.482500E+03 -2.891780E+00
  2.483000E+03 -2.033642E+00
  2.483500E+03 -8.099033E-01
  2.484000E+03  7.496560E-01
  2.484500E+03  2.536347E+00
  2.485000E+03  4.276692E+00
  2.485500E+03  5.551513E+00
  2.486000E+03  5.979038E+00
  2.486500E+03  5.453920E+00
  2.487000E+03  4.247184E+00
  2.487500E+03  2.860089E+00
  2.488000E+03  1.718726E+00
  2.488500E+03  9.301835E-01
  2.489000E+03  2.800495E-01
  2.489500E+03 -5.342320E-01
  2.490000E+03 -1.620814E+00
  2.490500E+03 -2.780766E+00
  2.491000E+03 -3.643571E+00
  2.491500E+03 -3.931301E+00
  2.492000E+03 -3.638518E+00
  2.492500E+03 -2.997843E+00
  2.493000E+03 -2.282863E+00
  2.493500E+03 -1.624184E+00
  2.494000E+03 -9.835383E-01
  2.494500E+03 -2.845385E-01
  2.495000E+03  4.321642E-01
  2.495500E+03  9.733275E-01
  2.496000E+03  1.115373E+00
  2.496500E+03  7.895134E-01
  2.497000E+03  1.767241E-01
  2.497500E+03 -3.787058E-01
  2.498000E+03 -5.869444E-01
  2.498500E+03 -3.959377E-01
  2.499000E+03  1.274522E-02
  2.499500E+03  4.165231E-01
  2.500000E+03  7.614953E-01
  2.500500E+03  1.190518E+00
  2.501000E+03  1.857413E+00
  2.501500E+03  2.708114E+00
  2.502000E+03  3.451107E+00
  2.502500E+03  3.752587E+00
  2.503000E+03  3.465382E+00
  2.503500E+03  2.678832E+00
  2.504000E+03  1.582309E+00
  2.504500E+03  3.303981E-01
  2.505000E+03 -9.438657E-01
  2.505500E+03 -2.040886E+00
  2.506000E+03 -2.719300E+00
  2.506500E+03 -2.871959E+00
  2.507000E+03 -2.657812E+00
  2.507500E+03 -2.390037E+00
  2.508000E+03 -2.251864E+00
  2.508500E+03 -2.143729E+00
  2.509000E+03 -1.849593E+00
  2.509500E+03 -1.344835E+00
  2.510000E+03 -8.816956E-01
  2.510500E+03 -7.312187E-01
  2.511000E+03 -8.717783E-01
  2.511500E+03 -9.999189E-01
  2.512000E+03 -8.694244E-01
  2.512500E+03 -5.632056E-01
  2.513000E+03 -3.626184E-01
  2.513500E+03 -3.567589E-01
  2.514000E+03 -2.681158E-01
  2.514500E+03  2.606451E-01
  2.515000E+03  1.225313E+00
  2.515500E+03  2.189603E+00
  2.516000E+03  2.709177E+00
  2.516500E+03  2.794990E+00
  2.517000E+03  2.882077E+00
  2.517500E+03  3.308292E+00
  2.518000E+03  3.864393E+00
  2.518500E+03  3.920264E+00
  2.519000E+03  3.020340E+00
  2.519500E+03  1.349801E+00
  2.520000E+03 -3.781101E-01
  2.520500E+03 -1.473564E+00
  2.521000E+03 -1.735771E+00
  2.521500E+03 -1.480165E+00
  2.522000E+03 -1.225200E+00
  2.522500E+03 -1.363053E+00
  2.523000E+03 -1.999690E+00
  2.523500E+03 -2.935198E+00
  2.524000E+03 -3.733975E+00
  2.524500E+03 -3.920351E+00
  2.525000E+03 -3.282361E+00
  2.525500E+03 -2.077729E+00
  2.526000E+03 -8.979631E-01
  2.526500E+03 -2.241736E-01
  2.527000E+03 -5.097085E-02
  2.527500E+03  5.240131E-02
  2.528000E+03  4.908201E-01
  2.528500E+03  1.248279E+00
  2.529000E+03  1.933858E+00
  2.529500E+03  2.190337E+00
  2.530000E+03  2.027988E+00
  2.530500E+03  1.765377E+00
  2.531000E+03  1.688716E+00
  2.531500E+03  1.796872E+00
  2.532000E+03  1.845333E+00
  2.532500E+03  1.577342E+00
  2.533000E+03  9.054046E-01
  2.533500E+03 -5.384599E-02
  2.534000E+03 -1.030367E+00
  2.534500E+03 -1.685376E+00
  2.535000E+03 -1.754485E+00
  2.535500E+03 -1.228806E+00
  2.536000E+03 -4.239506E-01
  2.536500E+03  1.988538E-01
  2.537000E+03  3.620750E-01
  2.537500E+03  1.507470E-01
  2.538000E+03 -1.453667E-01
  2.538500E+03 -3.541539E-01
  2.539000E+03 -5.428834E-01
  2.539500E+03 -8.072426E-01
  2.540000E+03 -1.009494E+00
  2.540500E+03 -8.409420E-01
  2.541000E+03 -2.034539E-01
  2.541500E+03  5.269028E-01
  2.542000E+03  7.402906E-01
  2.542500E+03  1.865867E-01
  2.543000E+03 -6.746066E-01
  2.543500E+03 -9.913697E-01
  2.544000E+03 -2.716382E-01
  2.544500E+03  1.126702E+00
  2.545000E+03  2.242800E+00
  2.545500E+03  2.281552E+00
  2.546000E+03  1.219144E+00
  2.546500E+03 -2.494627E-01
  2.547000E+03 -1.298432E+00
  2.547500E+03 -1.540424E+00
  2.548000E+03 -1.140531E+00
  2.548500E+03 -5.071106E-01
  2.549000E+03  6.823828E-02
  2.549500E+03  5.119893E-01
  2.550000E+03  8.232235E-01
  2.550500E+03  9.256563E-01
  2.551000E+03  7.060205E-01
  2.551500E+03  1.861435E-01
  2.552000E+03 -3.891719E-01
  2.552500E+03 -6.902143E-01
  2.553000E+03 -5.686265E-01
  2.553500E+03 -1.949312E-01
  2.554000E+03  9.095679E-02
  2.554500E+03  9.299369E-02
  2.555000E+03 -7.133793E-02
  2.555500E+03 -1.266069E-01
  2.556000E+03  3.344304E-02
  2.556500E+03  1.980960E-01
  2.557000E+03  4.639849E-02
  2.557500E+03 -5.016060E-01
  2.558000E+03 -1.173401E+00
  2.558500E+03 -1.604185E+00
  2.559000E+03 -1.684368E+00
  2.559500E+03 -1.603796E+00
  2.560000E+03 -1.546847E+00
  2.560500E+03 -1.404471E+00
  2.561000E+03 -8.628516E-01
  2.561500E+03  2.091177E-01
  2.562000E+03  1.518122E+00
  2.562500E+03  2.550252E+00
  2.563000E+03  3.014954E+00
  2.563500E+03  3.044336E+00
  2.564000E+03  2.943998E+00
  2.564500E+03  2.808407E+00
  2.565000E+03  2.456974E+00
  2.565500E+03  1.746922E+00
  2.566000E+03  8.563788E-01
  2.566500E+03  1.654120E-01
  2.567000E+03 -1.428611E-01
  2.567500E+03 -2.822458E-01
  2.568000E+03 -6.080892E-01
  2.568500E+03 -1.196522E+00
  2.569000E+03 -1.760957E+00
  2.569500E+03 -2.015577E+00
  2.570000E+03 -2.051442E+00
  2.570500E+03 -2.249318E+00
  2.571000E+03 -2.789429E+00
  2.571500E+03 -3.320183E+00
  2.572000E+03 -3.218482E+00
  2.572500E+03 -2.228787E+00
  2.573000E+03 -8.183856E-01
  2.573500E+03  1.576721E-01
  2.574000E+03  1.884170E-01
  2.574500E+03 -4.609809E-01
  2.575000E+03 -1.007673E+00
  2.575500E+03 -8.166696E-01
  2.576000E+03  1.566404E-01
  2.576500E+03  1.486432E+00
  2.577000E+03  2.726843E+00
  2.577500E+03  3.702005E+00
  2.578000E+03  4.406880E+00
  2.578500E+03  4.735839E+00
  2.579000E+03  4.410654E+00
  2.579500E+03  3.221566E+00
  2.580000E+03  1.332655E+00
  2.580500E+03 -6.831966E-01
  2.581000E+03 -2.153692E+00
  2.581500E+03 -2.705341E+00
  2.582000E+03 -2.421307E+00
  2.582500E+03 -1.666172E+00
  2.583000E+03 -7.843159E-01
  2.583500E+03  4.918952E-02
  2.584000E+03  7.481947E-01
  2.584500E+03  1.175821E+00
  2.585000E+03  1.148631E+00
  2.585500E+03  5.894656E-01
  2.586000E+03 -3.578698E-01
  2.586500E+03 -1.400293E+00
  2.587000E+03 -2.281362E+00
  2.587500E+03 -2.876049E+00
  2.588000E+03 -3.112865E+00
  2.588500E+03 -2.875586E+00
  2.589000E+03 -2.078085E+00
  2.589500E+03 -8.727513E-01
  2.590000E+03  2.810335E-01
  2.590500E+03  8.757680E-01
  2.591000E+03  7.659048E-01
  2.591500E+03  3.200171E-01
  2.592000E+03  1.156358E-01
  2.592500E+03  4.448906E-01
  2.593000E+03  1.110521E+00
  2.593500E+03  1.689672E+00
  2.594000E+03  1.950121E+00
  2.594500E+03  1.972741E+00
  2.595000E+03  1.906018E+00
  2.595500E+03  1.709029E+00
  2.596000E+03  1.220666E+00
  2.596500E+03  4.591470E-01
  2.597000E+03 -2.555250E-01
  2.597500E+03 -5.620640E-01
  2.598000E+03 -4.297035E-01
  2.598500E+03 -2.011423E-01
  2.599000E+03 -2.301888E-01
  2.599500E+03 -5.121635E-01
  2.600000E+03 -7.224833E-01
  2.600500E+03 -6.087846E-01
  2.601000E+03 -2.756085E-01
  2.601500E+03 -3.634189E-02
  2.602000E+03 -2.183551E-02
  2.602500E+03 -2.100732E-02
  2.603000E+03  2.466147E-01
  2.603500E+03  7.356518E-01
  2.604000E+03  1.017677E+00
  2.604500E+03  6.504088E-01
  2.605000E+03 -4.029902E-01
  2.605500E+03 -1.724656E+00
  2.606000E+03 -2.785872E+00
  2.606500E+03 -3.322650E+00
  2.607000E+03 -3.401409E+00
  2.607500E+03 -3.181673E+00
  2.608000E+03 -2.666194E+00
  2.608500E+03 -1.689146E+00
  2.609000E+03 -1.324533E-01
  2.609500E+03  1.844338E+00
  2.610000E+03  3.770915E+00
  2.610500E+03  5.078760E+00
  2.611000E+03  5.424896E+00
  2.611500E+03  4.895457E+00
  2.612000E+03  3.916173E+00
  2.612500E+03  2.910572E+00
  2.613000E+03  1.979967E+00
  2.613500E+03  9.038472E-01
  2.614000E+03 -5.177020E-01
  2.614500E+03 -2.112134E+00
  2.615000E+03 -3.357007E+00
  2.615500E+03 -3.795996E+00
  2.616000E+03 -3.440296E+00
  2.616500E+03 -2.737324E+00
  2.617000E+03 -2.142660E+00
  2.617500E+03 -1.757169E+00
  2.618000E+03 -1.398373E+00
  2.618500E+03 -9.623358E-01
  2.619000E+03 -6.019725E-01
  2.619500E+03 -4.980377E-01
  2.620000E+03 -5.297709E-01
  2.620500E+03 -3.071010E-01
  2.621000E+03  4.073475E-01
  2.621500E+03  1.365679E+00
  2.622000E+03  2.017153E+00
  2.622500E+03  2.044918E+00
  2.623000E+03  1.665020E+00
  2.623500E+03  1.348618E+00
  2.624000E+03  1.286608E+00
  2.624500E+03  1.208504E+00
  2.625000E+03  7.495356E-01
  2.625500E+03 -7.420079E-02
  2.626000E+03 -8.315848E-01
  2.626500E+03 -1.106771E+00
  2.627000E+03 -8.918535E-01
  2.627500E+03 -5.185789E-01
  2.628000E+03 -2.570306E-01
  2.628500E+03 -6.332869E-02
  2.629000E+03  2.704307E-01
  2.629500E+03  7.963860E-01
  2.630000E+03  1.307783E+00
  2.630500E+03  1.532075E+00
  2.631000E+03  1.360271E+00
  2.631500E+03  8.804714E-01
  2.632000E+03  2.667442E-01
  2.632500E+03 -2.963394E-01
  2.633000E+03 -6.299643E-01
  2.633500E+03 -6.433919E-01
  2.634000E+03 -4.836010E-01
  2.634500E+03 -5.315533E-01
  2.635000E+03 -1.092775E+00
  2.635500E+03 -2.011633E+00
  2.636000E+03 -2.665516E+00
  2.636500E+03 -2.480503E+00
  2.637000E+03 -1.516965E+00
  2.637500E+03 -4.943048E-01
  2.638000E+03 -1.550383E-01
  2.638500E+03 -5.789454E-01
  2.639000E+03 -1.145785E+00
  2.639500E+03 -1.173112E+00
  2.640000E+03 -5.507225E-01
  2.640500E+03  2.679063E-01
  2.641000E+03  8.355224E-01
  2.641500E+03  1.176358E+00
  2.642000E+03  1.662550E+00
  2.642500E+03  2.506053E+00
  2.643000E+03  3.464753E+00
  2.643500E+03  4.058925E+00
  2.644000E+03  4.006824E+00
  2.644500E+03  3.397866E+00
  2.645000E+03  2.483658E+00
  2.645500E+03  1.398443E+00
  2.646000E+03  1.318507E-01
  2.646500E+03 -1.272911E+00
  2.647000E+03 -2.577410E+00
  2.647500E+03 -3.438278E+00
  2.648000E+03 -3.628367E+00
  2.648500E+03 -3.179480E+00
  2.649000E+03 -2.360701E+00
  2.649500E+03 -1.549351E+00
  2.650000E+03 -1.065052E+00
  2.650500E+03 -1.005944E+00
  2.651000E+03 -1.167391E+00
  2.651500E+03 -1.160333E+00
  2.652000E+03 -7.198976E-01
  2.652500E+03  3.637990E-02
  2.653000E+03  6.853845E-01
  2.653500E+03  8.979118E-01
  2.654000E+03  7.783056E-01
  2.654500E+03  7.633454E-01
  2.655000E+03  1.146596E+00
  2.655500E+03  1.724225E+00
  2.656000E+03  1.965046E+00
  2.656500E+03  1.551720E+00
  2.657000E+03  7.257269E-01
  2.657500E+03  6.778920E-02
  2.658000E+03 -5.319589E-02
  2.658500E+03  2.109152E-01
  2.659000E+03  4.120945E-01
  2.659500E+03  2.860824E-01
  2.660000E+03 -2.008487E-02
  2.660500E+03 -1.617260E-01
  2.661000E+03  2.812279E-02
  2.661500E+03  3.927203E-01
  2.662000E+03  6.280671E-01
  2.662500E+03  5.504712E-01
  2.663000E+03  2.015283E-01
  2.663500E+03 -2.463346E-01
  2.664000E+03 -6.494104E-01
  2.664500E+03 -9.924154E-01
  2.665000E+03 -1.387611E+00
  2.665500E+03 -1.973347E+00
  2.666000E+03 -2.743202E+00
  2.666500E+03 -3.420375E+00
  2.667000E+03 -3.539543E+00
  2.667500E+03 -2.762799E+00
  2.668000E+03 -1.196591E+00
  2.668500E+03  6.134143E-01
  2.669000E+03  2.066480E+00
  2.669500E+03  2.930516E+00
  2.670000E+03  3.390505E+00
  2.670500E+03  3.693358E+00
  2.671000E+03  3.806695E+00
  2.671500E+03  3.491569E+00
  2.672000E+03  2.696417E+00
  2.672500E+03  1.773995E+00
  2.673000E+03  1.202568E+00
  2.673500E+03  1.079882E+00
  2.674000E+03  9.706781E-01
  2.674500E+03  3.305565E-01
  2.675000E+03 -9.177929E-01
  2.675500E+03 -2.275557E+00
  2.676000E+03 -3.148326E+00
  2.676500E+03 -3.399094E+00
  2.677000E+03 -3.391387E+00
  2.677500E+03 -3.512348E+00
  2.678000E+03 -3.723253E+00
  2.678500E+03 -3.616510E+00
  2.679000E+03 -2.876654E+00
  2.679500E+03 -1.620960E+00
  2.680000E+03 -2.785085E-01
  2.680500E+03  8.054347E-01
  2.681000E+03  1.594336E+00
  2.681500E+03  2.227989E+00
  2.682000E+03  2.764397E+00
  2.682500E+03  3.114389E+00
  2.683000E+03  3.194916E+00
  2.683500E+03  3.054075E+00
  2.684000E+03  2.794584E+00
  2.684500E+03  2.413885E+00
  2.685000E+03  1.799164E+00
  2.685500E+03  9.113392E-01
  2.686000E+03 -7.218616E-02
  2.686500E+03 -8.671999E-01
  2.687000E+03 -1.358036E+00
  2.687500E+03 -1.726628E+00
  2.688000E+03 -2.251846E+00
  2.688500E+03 -2.954016E+00
  2.689000E+03 -3.453955E+00
  2.689500E+03 -3.224356E+00
  2.690000E+03 -2.026956E+00
  2.690500E+03 -1.461622E-01
  2.691000E+03  1.775189E+00
  2.691500E+03  3.130597E+00
  2.692000E+03  3.637864E+00
  2.692500E+03  3.340304E+00
  2.693000E+03  2.428301E+00
  2.693500E+03  1.108499E+00
  2.694000E+03 -3.850957E-01
  2.694500E+03 -1.744492E+00
  2.695000E+03 -2.647863E+00
  2.695500E+03 -2.915112E+00
  2.696000E+03 -2.600237E+00
  2.696500E+03 -1.906332E+00
  2.697000E+03 -1.003790E+00
  2.697500E+03  4.937075E-02
  2.698000E+03  1.196750E+00
  2.698500E+03  2.223850E+00
  2.699000E+03  2.774681E+00
  2.699500E+03  2.589086E+00
  2.700000E+03  1.743502E+00
  2.700500E+03  6.350413E-01
  2.701000E+03 -3.032178E-01
  2.701500E+03 -8.882330E-01
  2.702000E+03 -1.209113E+00
  2.702500E+03 -1.408965E+00
  2.703000E+03 -1.500879E+00
  2.703500E+03 -1.418907E+00
  2.704000E+03 -1.199319E+00
  2.704500E+03 -1.021077E+00
  2.705000E+03 -1.016649E+00
  2.705500E+03 -1.077336E+00
  2.706000E+03 -9.256077E-01
  2.706500E+03 -4.210031E-01
  2.707000E+03  2.412944E-01
  2.707500E+03  6.994771E-01
  2.708000E+03  8.095137E-01
  2.708500E+03  8.186457E-01
  2.709000E+03  1.108532E+00
  2.709500E+03  1.767195E+00
  2.710000E+03  2.455107E+00
  2.710500E+03  2.715083E+00
  2.711000E+03  2.388887E+00
  2.711500E+03  1.701332E+00
  2.712000E+03  9.672909E-01
  2.712500E+03  3.018953E-01
  2.713000E+03 -3.290792E-01
  2.713500E+03 -8.324049E-01
  2.714000E+03 -9.044443E-01
  2.714500E+03 -3.377269E-01
  2.715000E+03  5.937321E-01
  2.715500E+03  1.161894E+00
  2.716000E+03  7.177648E-01
  2.716500E+03 -7.387377E-01
  2.717000E+03 -2.515867E+00
  2.717500E+03 -3.775493E+00
  2.718000E+03 -4.152226E+00
  2.718500E+03 -3.884882E+00
  2.719000E+03 -3.411435E+00
  2.719500E+03 -2.895835E+00
  2.720000E+03 -2.154717E+00
  2.720500E+03 -9.870748E-01
  2.721000E+03  4.966468E-01
  2.721500E+03  1.893467E+00
  2.722000E+03  2.821306E+00
  2.722500E+03  3.183040E+00
  2.723000E+03  3.137341E+00
  2.723500E+03  2.864059E+00
  2.724000E+03  2.402588E+00
  2.724500E+03  1.717723E+00
  2.725000E+03  8.815556E-01
  2.725500E+03  1.432484E-01
  2.726000E+03 -2.095603E-01
  2.726500E+03 -7.445780E-02
  2.727000E+03  3.639746E-01
  2.727500E+03  7.470399E-01
  2.728000E+03  7.777335E-01
  2.728500E+03  4.009680E-01
  2.729000E+03 -1.861716E-01
  2.729500E+03 -6.740890E-01
  2.730000E+03 -8.210745E-01
  2.730500E+03 -5.701320E-01
  2.731000E+03 -6.070448E-02
  2.731500E+03  4.480119E-01
  2.732000E+03  6.993104E-01
  2.732500E+03  5.562734E-01
  2.733000E+03  6.063555E-02
  2.733500E+03 -6.044528E-01
  2.734000E+03 -1.232572E+00
  2.734500E+03 -1.712053E+00
  2.735000E+03 -2.049112E+00
  2.735500E+03 -2.277086E+00
  2.736000E+03 -2.344002E+00
  2.736500E+03 -2.105101E+00
  2.737000E+03 -1.451625E+00
  2.737500E+03 -4.646624E-01
  2.738000E+03  5.599115E-01
  2.738500E+03  1.258694E+00
  2.739000E+03  1.407545E+00
  2.739500E+03  1.031576E+00
  2.740000E+03  3.640111E-01
  2.740500E+03 -2.755752E-01
  2.741000E+03 -5.945824E-01
  2.741500E+03 -4.147010E-01
  2.742000E+03  2.479741E-01
  2.742500E+03  1.146804E+00
  2.743000E+03  1.898597E+00
  2.743500E+03  2.214876E+00
  2.744000E+03  2.113334E+00
  2.744500E+03  1.900337E+00
  2.745000E+03  1.892853E+00
  2.745500E+03  2.110753E+00
  2.746000E+03  2.234022E+00
  2.746500E+03  1.880725E+00
  2.747000E+03  9.470942E-01
  2.747500E+03 -3.090173E-01
  2.748000E+03 -1.497169E+00
  2.748500E+03 -2.385732E+00
  2.749000E+03 -2.978317E+00
  2.749500E+03 -3.357711E+00
  2.750000E+03 -3.521961E+00
  2.750500E+03 -3.399026E+00
  2.751000E+03 -2.981191E+00
  2.751500E+03 -2.374509E+00
  2.752000E+03 -1.682107E+00
  2.752500E+03 -8.711706E-01
  2.753000E+03  1.800759E-01
  2.753500E+03  1.466246E+00
  2.754000E+03  2.702275E+00
  2.754500E+03  3.436205E+00
  2.755000E+03  3.361833E+00
  2.755500E+03  2.549357E+00
  2.756000E+03  1.382974E+00
  2.756500E+03  2.786805E-01
  2.757000E+03 -5.446717E-01
  2.757500E+03 -1.052274E+00
  2.758000E+03 -1.215172E+00
  2.758500E+03 -9.089062E-01
  2.759000E+03 -3.093184E-02
  2.759500E+03  1.274026E+00
  2.760000E+03  2.535193E+00
  2.760500E+03  3.164126E+00
  2.761000E+03  2.823389E+00
  2.761500E+03  1.659566E+00
  2.762000E+03  1.978589E-01
  2.762500E+03 -1.024126E+00
  2.763000E+03 -1.786677E+00
  2.763500E+03 -2.226212E+00
  2.764000E+03 -2.589646E+00
  2.764500E+03 -2.957587E+00
  2.765000E+03 -3.188264E+00
  2.765500E+03 -3.099365E+00
  2.766000E+03 -2.675720E+00
  2.766500E+03 -2.092311E+00
  2.767000E+03 -1.553587E+00
  2.767500E+03 -1.133086E+00
  2.768000E+03 -7.613769E-01
  2.768500E+03 -3.226260E-01
  2.769000E+03  2.837406E-01
  2.769500E+03  1.162097E+00
  2.770000E+03  2.411208E+00
  2.770500E+03  3.989729E+00
  2.771000E+03  5.552463E+00
  2.771500E+03  6.485498E+00
  2.772000E+03  6.232455E+00
  2.772500E+03  4.700923E+00
  2.773000E+03  2.396091E+00
  2.773500E+03  1.339805E-01
  2.774000E+03 -1.446231E+00
  2.774500E+03 -2.189546E+00
  2.775000E+03 -2.362522E+00
  2.775500E+03 -2.356495E+00
  2.776000E+03 -2.428416E+00
  2.776500E+03 -2.622634E+00
  2.777000E+03 -2.829055E+00
  2.777500E+03 -2.884037E+00
  2.778000E+03 -2.679080E+00
  2.778500E+03 -2.255235E+00
  2.779000E+03 -1.805670E+00
  2.779500E+03 -1.526321E+00
  2.780000E+03 -1.412283E+00
  2.780500E+03 -1.225958E+00
  2.781000E+03 -7.408864E-01
  2.781500E+03 -5.023921E-02
  2.782000E+03  4.250008E-01
  2.782500E+03  3.343504E-01
  2.783000E+03 -1.506740E-01
  2.783500E+03 -3.342949E-01
  2.784000E+03  4.511218E-01
  2.784500E+03  2.208890E+00
  2.785000E+03  4.168512E+00
  2.785500E+03  5.332216E+00
  2.786000E+03  5.186616E+00
  2.786500E+03  3.966198E+00
  2.787000E+03  2.329999E+00
  2.787500E+03  8.547263E-01
  2.788000E+03 -1.956948E-01
  2.788500E+03 -7.685888E-01
  2.789000E+03 -8.828482E-01
  2.789500E+03 -6.626339E-01
  2.790000E+03 -4.211185E-01
  2.790500E+03 -5.491061E-01
  2.791000E+03 -1.214891E+00
  2.791500E+03 -2.175821E+00
  2.792000E+03 -2.944117E+00
  2.792500E+03 -3.178749E+00
  2.793000E+03 -2.921866E+00
  2.793500E+03 -2.463043E+00
  2.794000E+03 -2.009555E+00
  2.794500E+03 -1.519069E+00
  2.795000E+03 -8.333405E-01
  2.795500E+03  8.462106E-02
  2.796000E+03  1.079195E+00
  2.796500E+03  1.932442E+00
  2.797000E+03  2.504417E+00
  2.797500E+03  2.731726E+00
  2.798000E+03  2.548670E+00
  2.798500E+03  1.893588E+00
  2.799000E+03  8.277267E-01
  2.799500E+03 -3.834135E-01
  2.800000E+03 -1.360208E+00
  2.800500E+03 -1.815137E+00
  2.801000E+03 -1.694160E+00
  2.801500E+03 -1.155007E+00
  2.802000E+03 -4.540601E-01
  2.802500E+03  1.426499E-01
  2.803000E+03  4.155057E-01
  2.803500E+03  2.809089E-01
  2.804000E+03 -1.024261E-01
  2.804500E+03 -3.527835E-01
  2.805000E+03 -1.047153E-01
  2.805500E+03  6.701265E-01
  2.806000E+03  1.561033E+00
  2.806500E+03  1.993442E+00
  2.807000E+03  1.686635E+00
  2.807500E+03  8.932985E-01
  2.808000E+03  1.971457E-01
  2.808500E+03  4.544720E-02
  2.809000E+03  4.230588E-01
  2.809500E+03  9.196640E-01
  2.810000E+03  1.080818E+00
  2.810500E+03  7.233265E-01
  2.811000E+03 -3.485515E-03
  2.811500E+03 -7.783962E-01
  2.812000E+03 -1.316944E+00
  2.812500E+03 -1.499525E+00
  2.813000E+03 -1.397111E+00
  2.813500E+03 -1.214647E+00
  2.814000E+03 -1.166627E+00
  2.814500E+03 -1.329723E+00
  2.815000E+03 -1.575206E+00
  2.815500E+03 -1.664354E+00
  2.816000E+03 -1.453645E+00
  2.816500E+03 -1.027308E+00
  2.817000E+03 -6.180206E-01
  2.817500E+03 -3.835559E-01
  2.818000E+03 -2.665635E-01
  2.818500E+03 -8.682548E-02
  2.819000E+03  2.352945E-01
  2.819500E+03  5.773990E-01
  2.820000E+03  7.613398E-01
  2.820500E+03  7.931838E-01
  2.821000E+03  9.198840E-01
  2.821500E+03  1.408284E+00
  2.822000E+03  2.252225E+00
  2.822500E+03  3.105331E+00
  2.823000E+03  3.516147E+00
  2.823500E+03  3.243622E+00
  2.824000E+03  2.370144E+00
  2.824500E+03  1.156855E+00
  2.825000E+03 -1.590415E-01
  2.825500E+03 -1.415676E+00
  2.826000E+03 -2.436016E+00
  2.826500E+03 -2.981429E+00
  2.827000E+03 -2.866417E+00
  2.827500E+03 -2.132151E+00
  2.828000E+03 -1.076295E+00
  2.828500E+03 -7.877350E-02
  2.829000E+03  6.181148E-01
  2.829500E+03  9.754157E-01
  2.830000E+03  1.047719E+00
  2.830500E+03  8.618935E-01
  2.831000E+03  4.291023E-01
  2.831500E+03 -1.521491E-01
  2.832000E+03 -6.669992E-01
  2.832500E+03 -9.077293E-01
  2.833000E+03 -8.417659E-01
  2.833500E+03 -6.527300E-01
  2.834000E+03 -6.107069E-01
  2.834500E+03 -8.905298E-01
  2.835000E+03 -1.476037E+00
  2.835500E+03 -2.174619E+00
  2.836000E+03 -2.681135E+00
  2.836500E+03 -2.662686E+00
  2.837000E+03 -1.893446E+00
  2.837500E+03 -4.235523E-01
  2.838000E+03  1.346091E+00
  2.838500E+03  2.815482E+00
  2.839000E+03  3.516882E+00
  2.839500E+03  3.381454E+00
  2.840000E+03  2.718516E+00
  2.840500E+03  1.940827E+00
  2.841000E+03  1.299305E+00
  2.841500E+03  8.446526E-01
  2.842000E+03  5.692552E-01
  2.842500E+03  5.059111E-01
  2.843000E+03  6.645798E-01
  2.843500E+03  9.264309E-01
  2.844000E+03  1.080962E+00
  2.844500E+03  1.002939E+00
  2.845000E+03  7.646578E-01
  2.845500E+03  5.320913E-01
  2.846000E+03  3.502966E-01
  2.846500E+03  6.858763E-02
  2.847000E+03 -5.003976E-01
  2.847500E+03 -1.369706E+00
  2.848000E+03 -2.354708E+00
  2.848500E+03 -3.242131E+00
  2.849000E+03 -3.921551E+00
  2.849500E+03 -4.315142E+00
  2.850000E+03 -4.232218E+00
  2.850500E+03 -3.416037E+00
  2.851000E+03 -1.830849E+00
  2.851500E+03  1.031556E-01
  2.852000E+03  1.653760E+00
  2.852500E+03  2.259694E+00
  2.853000E+03  1.930464E+00
  2.853500E+03  1.183719E+00
  2.854000E+03  5.899601E-01
  2.854500E+03  3.726864E-01
  2.855000E+03  4.148610E-01
  2.855500E+03  5.713563E-01
  2.856000E+03  8.851135E-01
  2.856500E+03  1.468436E+00
  2.857000E+03  2.227436E+00
  2.857500E+03  2.796440E+00
  2.858000E+03  2.807258E+00
  2.858500E+03  2.230076E+00
  2.859000E+03  1.422886E+00
  2.859500E+03  8.188186E-01
  2.860000E+03  5.479580E-01
  2.860500E+03  3.531632E-01
  2.861000E+03 -1.296127E-01
  2.861500E+03 -9.970566E-01
  2.862000E+03 -1.952682E+00
  2.862500E+03 -2.533948E+00
  2.863000E+03 -2.486215E+00
  2.863500E+03 -1.963256E+00
  2.864000E+03 -1.391594E+00
  2.864500E+03 -1.117667E+00
  2.865000E+03 -1.132639E+00
  2.865500E+03 -1.103138E+00
  2.866000E+03 -6.813762E-01
  2.866500E+03  1.681071E-01
  2.867000E+03  1.103699E+00
  2.867500E+03  1.656629E+00
  2.868000E+03  1.576235E+00
  2.868500E+03  9.801274E-01
  2.869000E+03  2.104165E-01
  2.869500E+03 -4.390562E-01
  2.870000E+03 -8.765392E-01
  2.870500E+03 -1.155235E+00
  2.871000E+03 -1.323377E+00
  2.871500E+03 -1.349447E+00
  2.872000E+03 -1.164332E+00
  2.872500E+03 -7.324634E-01
  2.873000E+03 -7.128096E-02
  2.873500E+03  7.638738E-01
  2.874000E+03  1.670519E+00
  2.874500E+03  2.469119E+00
  2.875000E+03  2.921340E+00
  2.875500E+03  2.830150E+00
  2.876000E+03  2.158057E+00
  2.876500E+03  1.066051E+00
  2.877000E+03 -1.515020E-01
  2.877500E+03 -1.176024E+00
  2.878000E+03 -1.759059E+00
  2.878500E+03 -1.798640E+00
  2.879000E+03 -1.399741E+00
  2.879500E+03 -8.626642E-01
  2.880000E+03 -5.355912E-01
  2.880500E+03 -5.842204E-01
  2.881000E+03 -8.630390E-01
  2.881500E+03 -1.032216E+00
  2.882000E+03 -8.398994E-01
  2.882500E+03 -3.116853E-01
  2.883000E+03  3.234224E-01
  2.883500E+03  8.634991E-01
  2.884000E+03  1.258783E+00
  2.884500E+03  1.521466E+00
  2.885000E+03  1.585400E+00
  2.885500E+03  1.336944E+00
  2.886000E+03  7.987322E-01
  2.886500E+03  2.148164E-01
  2.887000E+03 -1.271116E-01
  2.887500E+03 -1.736343E-01
  2.888000E+03 -1.580163E-01
  2.888500E+03 -3.356470E-01
  2.889000E+03 -6.888230E-01
  2.889500E+03 -9.484223E-01
  2.890000E+03 -9.211740E-01
  2.890500E+03 -7.414657E-01
  2.891000E+03 -7.358364E-01
  2.891500E+03 -1.037090E+00
  2.892000E+03 -1.391772E+00
  2.892500E+03 -1.398147E+00
  2.893000E+03 -9.217401E-01
  2.893500E+03 -2.315566E-01
  2.894000E+03  2.809927E-01
  2.894500E+03  4.730688E-01
  2.895000E+03  5.114305E-01
  2.895500E+03  6.079084E-01
  2.896000E+03  7.812092E-01
  2.896500E+03  9.171034E-01
  2.897000E+03  9.975983E-01
  2.897500E+03  1.157589E+00
  2.898000E+03  1.466481E+00
  2.898500E+03  1.716251E+00
  2.899000E+03  1.534294E+00
  2.899500E+03  7.611615E-01
  2.900000E+03 -3.119144E-01
  2.900500E+03 -1.136716E+00
  2.901000E+03 -1.362154E+00
  2.901500E+03 -1.093040E+00
  2.902000E+03 -7.125710E-01
  2.902500E+03 -4.921548E-01
  2.903000E+03 -4.042012E-01
  2.903500E+03 -2.822083E-01
  2.904000E+03 -7.703703E-02
  2.904500E+03  1.083146E-01
  2.905000E+03  2.156201E-01
  2.905500E+03  3.752209E-01
  2.906000E+03  7.777338E-01
  2.906500E+03  1.393368E+00
  2.907000E+03  1.867855E+00
  2.907500E+03  1.758266E+00
  2.908000E+03  9.120775E-01
  2.908500E+03 -3.706580E-01
  2.909000E+03 -1.549192E+00
  2.909500E+03 -2.232625E+00
  2.910000E+03 -2.404808E+00
  2.910500E+03 -2.319299E+00
  2.911000E+03 -2.207761E+00
  2.911500E+03 -2.084048E+00
  2.912000E+03 -1.794724E+00
  2.912500E+03 -1.223737E+00
  2.913000E+03 -4.392034E-01
  2.913500E+03  3.398549E-01
  2.914000E+03  8.965379E-01
  2.914500E+03  1.137066E+00
  2.915000E+03  1.096449E+00
  2.915500E+03  8.773518E-01
  2.916000E+03  6.171148E-01
  2.916500E+03  4.988319E-01
  2.917000E+03  7.266114E-01
  2.917500E+03  1.404828E+00
  2.918000E+03  2.391842E+00
  2.918500E+03  3.288583E+00
  2.919000E+03  3.639973E+00
  2.919500E+03  3.226899E+00
  2.920000E+03  2.213008E+00
  2.920500E+03  1.019144E+00
  2.921000E+03  3.404032E-02
  2.921500E+03 -6.006808E-01
  2.922000E+03 -9.897923E-01
  2.922500E+03 -1.330486E+00
  2.923000E+03 -1.765471E+00
  2.923500E+03 -2.328746E+00
  2.924000E+03 -2.952546E+00
  2.924500E+03 -3.486679E+00
  2.925000E+03 -3.742873E+00
  2.925500E+03 -3.587922E+00
  2.926000E+03 -3.032963E+00
  2.926500E+03 -2.219480E+00
  2.927000E+03 -1.290684E+00
  2.927500E+03 -2.797834E-01
  2.928000E+03  8.451625E-01
  2.928500E+03  2.014199E+00
  2.929000E+03  2.965512E+00
  2.929500E+03  3.373059E+00
  2.930000E+03  3.091976E+00
  2.930500E+03  2.275826E+00
  2.931000E+03  1.250444E+00
  2.931500E+03  2.904452E-01
  2.932000E+03 -4.721952E-01
  2.932500E+03 -9.649491E-01
  2.933000E+03 -1.090092E+00
  2.933500E+03 -7.841938E-01
  2.934000E+03 -1.419264E-01
  2.934500E+03  5.921029E-01
  2.935000E+03  1.199953E+00
  2.935500E+03  1.638207E+00
  2.936000E+03  1.972245E+00
  2.936500E+03  2.180388E+00
  2.937000E+03  2.095722E+00
  2.937500E+03  1.592256E+00
  2.938000E+03  7.936495E-01
  2.938500E+03  1.133844E-02
  2.939000E+03 -5.660058E-01
  2.939500E+03 -1.075940E+00
  2.940000E+03 -1.804940E+00
  2.940500E+03 -2.797972E+00
  2.941000E+03 -3.702841E+00
  2.941500E+03 -4.054230E+00
  2.942000E+03 -3.698475E+00
  2.942500E+03 -2.892469E+00
  2.943000E+03 -1.988956E+00
  2.943500E+03 -1.097094E+00
  2.944000E+03 -1.092600E-01
  2.944500E+03  9.833486E-01
  2.945000E+03  1.921600E+00
  2.945500E+03  2.395581E+00
  2.946000E+03  2.385797E+00
  2.946500E+03  2.191727E+00
  2.947000E+03  2.092710E+00
  2.947500E+03  2.051834E+00
  2.948000E+03  1.831724E+00
  2.948500E+03  1.376947E+00
  2.949000E+03  9.668963E-01
  2.949500E+03  9.091058E-01
  2.950000E+03  1.120024E+00
  2.950500E+03  1.119310E+00
  2.951000E+03  5.009223E-01
  2.951500E+03 -6.237941E-01
  2.952000E+03 -1.708780E+00
  2.952500E+03 -2.293726E+00
  2.953000E+03 -2.391236E+00
  2.953500E+03 -2.342957E+00
  2.954000E+03 -2.355261E+00
  2.954500E+03 -2.256825E+00
  2.955000E+03 -1.723285E+00
  2.955500E+03 -6.773719E-01
  2.956000E+03  5.803902E-01
  2.956500E+03  1.606871E+00
  2.957000E+03  2.127066E+00
  2.957500E+03  2.135610E+00
  2.958000E+03  1.801919E+00
  2.958500E+03  1.360438E+00
  2.959000E+03  1.045043E+00
  2.959500E+03  9.794682E-01
  2.960000E+03  1.029738E+00
  2.960500E+03  8.183907E-01
  2.961000E+03  3.542088E-02
  2.961500E+03 -1.174610E+00
  2.962000E+03 -2.187381E+00
  2.962500E+03 -2.385284E+00
  2.963000E+03 -1.741354E+00
  2.963500E+03 -8.921202E-01
  2.964000E+03 -5.660243E-01
  2.964500E+03 -9.115350E-01
  2.965000E+03 -1.397920E+00
  2.965500E+03 -1.372449E+00
  2.966000E+03 -6.849472E-01
  2.966500E+03  2.377330E-01
  2.967000E+03  8.684393E-01
  2.967500E+03  1.053796E+00
  2.968000E+03  1.025390E+00
  2.968500E+03  1.051726E+00
  2.969000E+03  1.189449E+00
  2.969500E+03  1.373589E+00
  2.970000E+03  1.629299E+00
  2.970500E+03  2.065496E+00
  2.971000E+03  2.637766E+00
  2.971500E+03  3.002997E+00
  2.972000E+03  2.708796E+00
  2.972500E+03  1.570750E+00
  2.973000E+03 -1.371464E-01
  2.973500E+03 -1.860720E+00
  2.974000E+03 -3.121926E+00
  2.974500E+03 -3.729349E+00
  2.975000E+03 -3.729008E+00
  2.975500E+03 -3.250908E+00
  2.976000E+03 -2.441562E+00
  2.976500E+03 -1.496328E+00
  2.977000E+03 -6.685540E-01
  2.977500E+03 -1.810123E-01
  2.978000E+03 -9.965530E-02
  2.978500E+03 -2.802943E-01
  2.979000E+03 -4.354036E-01
  2.979500E+03 -2.863032E-01
  2.980000E+03  2.721520E-01
  2.980500E+03  1.082037E+00
  2.981000E+03  1.791997E+00
  2.981500E+03  2.092119E+00
  2.982000E+03  1.965803E+00
  2.982500E+03  1.725466E+00
  2.983000E+03  1.742919E+00
  2.983500E+03  2.086047E+00
  2.984000E+03  2.420316E+00
  2.984500E+03  2.309114E+00
  2.985000E+03  1.634732E+00
  2.985500E+03  7.075861E-01
  2.986000E+03 -5.674844E-02
  2.986500E+03 -5.480368E-01
  2.987000E+03 -1.015691E+00
  2.987500E+03 -1.719362E+00
  2.988000E+03 -2.582136E+00
  2.988500E+03 -3.245143E+00
  2.989000E+03 -3.456546E+00
  2.989500E+03 -3.337913E+00
  2.990000E+03 -3.208644E+00
  2.990500E+03 -3.158971E+00
  2.991000E+03 -2.860730E+00
  2.991500E+03 -1.854069E+00
  2.992000E+03 -3.355006E-02
  2.992500E+03  2.152513E+00
  2.993000E+03  3.973564E+00
  2.993500E+03  4.885640E+00
  2.994000E+03  4.791140E+00
  2.994500E+03  3.951050E+00
  2.995000E+03  2.733506E+00
  2.995500E+03  1.436782E+00
  2.996000E+03  2.507042E-01
  2.996500E+03 -7.173442E-01
  2.997000E+03 -1.403687E+00
  2.997500E+03 -1.732114E+00
  2.998000E+03 -1.575338E+00
  2.998500E+03 -8.285193E-01
  2.999000E+03  3.949188E-01
  2.999500E+03  1.627682E+00
  3.000000E+03  2.204535E+00
  3.000500E+03  1.695894E+00
  3.001000E+03  2.749465E-01
  3.001500E+03 -1.355262E+00
  3.002000E+03 -2.470403E+00
  3.002500E+03 -2.834916E+00
  3.003000E+03 -2.758409E+00
  3.003500E+03 -2.679944E+00
  3.004000E+03 -2.713044E+00
  3.004500E+03 -2.586882E+00
  3.005000E+03 -1.989966E+00
  3.005500E+03 -9.273304E-01
  3.006000E+03  2.613157E-01
  3.006500E+03  1.191846E+00
  3.007000E+03  1.708685E+00
  3.007500E+03  1.896479E+00
  3.008000E+03  1.898843E+00
  3.008500E+03  1.787924E+00
  3.009000E+03  1.604227E+00
  3.009500E+03  1.453370E+00
  3.010000E+03  1.488890E+00
  3.010500E+03  1.773073E+00
  3.011000E+03  2.175180E+00
  3.011500E+03  2.436953E+00
  3.012000E+03  2.352285E+00
  3.012500E+03  1.887978E+00
  3.013000E+03  1.145774E+00
  3.013500E+03  2.372781E-01
  3.014000E+03 -7.810717E-01
  3.014500E+03 -1.856776E+00
  3.015000E+03 -2.858362E+00
  3.015500E+03 -3.578278E+00
  3.016000E+03 -3.839525E+00
  3.016500E+03 -3.610677E+00
  3.017000E+03 -3.025548E+00
  3.017500E+03 -2.295586E+00
  3.018000E+03 -1.591080E+00
  3.018500E+03 -9.723381E-01
  3.019000E+03 -3.944083E-01
  3.019500E+03  2.382057E-01
  3.020000E+03  9.948785E-01
  3.020500E+03  1.842900E+00
  3.021000E+03  2.611333E+00
  3.021500E+03  3.044714E+00
  3.022000E+03  2.949771E+00
  3.022500E+03  2.345621E+00
  3.023000E+03  1.484834E+00
  3.023500E+03  6.984637E-01
  3.024000E+03  1.796392E-01
  3.024500E+03 -1.040899E-01
  3.025000E+03 -2.919029E-01
  3.025500E+03 -4.330482E-01
  3.026000E+03 -4.257058E-01
  3.026500E+03 -1.620525E-01
  3.027000E+03  2.784472E-01
  3.027500E+03  6.095972E-01
  3.028000E+03  5.348181E-01
  3.028500E+03 -2.830974E-02
  3.029000E+03 -9.052139E-01
  3.029500E+03 -1.808005E+00
  3.030000E+03 -2.483584E+00
  3.030500E+03 -2.735073E+00
  3.031000E+03 -2.395256E+00
  3.031500E+03 -1.411652E+00
  3.032000E+03 -2.325362E-02
  3.032500E+03  1.211442E+00
  3.033000E+03  1.713011E+00
  3.033500E+03  1.332910E+00
  3.034000E+03  5.280971E-01
  3.034500E+03  1.679822E-02
  3.035000E+03  1.791261E-01
  3.035500E+03  7.595730E-01
  3.036000E+03  1.157183E+00
  3.036500E+03  1.006125E+00
  3.037000E+03  4.695206E-01
  3.037500E+03 -6.098979E-03
  3.038000E+03 -1.586632E-01
  3.038500E+03 -9.147004E-02
  3.039000E+03 -2.961891E-02
  3.039500E+03 -7.700674E-04
  3.040000E+03  1.663494E-01
  3.040500E+03  5.517166E-01
  3.041000E+03  9.530521E-01
  3.041500E+03  1.059936E+00
  3.042000E+03  8.027297E-01
  3.042500E+03  4.532918E-01
  3.043000E+03  3.301403E-01
  3.043500E+03  4.243525E-01
  3.044000E+03  3.703977E-01
  3.044500E+03 -1.896127E-01
  3.045000E+03 -1.229692E+00
  3.045500E+03 -2.337122E+00
  3.046000E+03 -3.061619E+00
  3.046500E+03 -3.244778E+00
  3.047000E+03 -3.031273E+00
  3.047500E+03 -2.630120E+00
  3.048000E+03 -2.123248E+00
  3.048500E+03 -1.490095E+00
  3.049000E+03 -7.389198E-01
  3.049500E+03  5.259948E-02
  3.050000E+03  8.196951E-01
  3.050500E+03  1.574736E+00
  3.051000E+03  2.349142E+00
  3.051500E+03  3.085492E+00
  3.052000E+03  3.628691E+00
  3.052500E+03  3.845148E+00
  3.053000E+03  3.739465E+00
  3.053500E+03  3.436654E+00
  3.054000E+03  3.050235E+00
  3.054500E+03  2.577993E+00
  3.055000E+03  1.926355E+00
  3.055500E+03  1.026253E+00
  3.056000E+03 -7.467100E-02
  3.056500E+03 -1.215774E+00
  3.057000E+03 -2.206726E+00
  3.057500E+03 -2.928314E+00
  3.058000E+03 -3.391368E+00
  3.058500E+03 -3.711603E+00
  3.059000E+03 -3.993689E+00
  3.059500E+03 -4.191297E+00
  3.060000E+03 -4.072980E+00
  3.060500E+03 -3.376937E+00
  3.061000E+03 -2.068116E+00
  3.061500E+03 -4.699529E-01
  3.062000E+03  8.906491E-01
  3.062500E+03  1.630915E+00
  3.063000E+03  1.758732E+00
  3.063500E+03  1.603997E+00
  3.064000E+03  1.516650E+00
  3.064500E+03  1.622367E+00
  3.065000E+03  1.833422E+00
  3.065500E+03  2.030160E+00
  3.066000E+03  2.172274E+00
  3.066500E+03  2.227292E+00
  3.067000E+03  2.048504E+00
  3.067500E+03  1.406915E+00
  3.068000E+03  2.039955E-01
  3.068500E+03 -1.328410E+00
  3.069000E+03 -2.654058E+00
  3.069500E+03 -3.202411E+00
  3.070000E+03 -2.696197E+00
  3.070500E+03 -1.316150E+00
  3.071000E+03  3.885880E-01
  3.071500E+03  1.779594E+00
  3.072000E+03  2.444875E+00
  3.072500E+03  2.385470E+00
  3.073000E+03  1.960916E+00
  3.073500E+03  1.611127E+00
  3.074000E+03  1.535690E+00
  3.074500E+03  1.575224E+00
  3.075000E+03  1.395728E+00
  3.075500E+03  8.108491E-01
  3.076000E+03 -5.867899E-02
  3.076500E+03 -9.312305E-01
  3.077000E+03 -1.646424E+00
  3.077500E+03 -2.274927E+00
  3.078000E+03 -2.943381E+00
  3.078500E+03 -3.585084E+00
  3.079000E+03 -3.916941E+00
  3.079500E+03 -3.691357E+00
  3.080000E+03 -2.955929E+00
  3.080500E+03 -2.030832E+00
  3.081000E+03 -1.215534E+00
  3.081500E+03 -5.309962E-01
  3.082000E+03  2.327193E-01
  3.082500E+03  1.217917E+00
  3.083000E+03  2.264687E+00
  3.083500E+03  2.982732E+00
  3.084000E+03  3.060685E+00
  3.084500E+03  2.522895E+00
  3.085000E+03  1.716045E+00
  3.085500E+03  1.064738E+00
  3.086000E+03  8.126498E-01
  3.086500E+03  9.287485E-01
  3.087000E+03  1.195103E+00
  3.087500E+03  1.371685E+00
  3.088000E+03  1.325588E+00
  3.088500E+03  1.070580E+00
  3.089000E+03  7.210488E-01
  3.089500E+03  4.015601E-01
  3.090000E+03  1.708001E-01
  3.090500E+03  5.850227E-03
  3.091000E+03 -1.548317E-01
  3.091500E+03 -3.585072E-01
  3.092000E+03 -6.224858E-01
  3.092500E+03 -9.529668E-01
  3.093000E+03 -1.355851E+00
  3.093500E+03 -1.813967E+00
  3.094000E+03 -2.254649E+00
  3.094500E+03 -2.550291E+00
  3.095000E+03 -2.562482E+00
  3.095500E+03 -2.202170E+00
  3.096000E+03 -1.476371E+00
  3.096500E+03 -5.099532E-01
  3.097000E+03  4.697867E-01
  3.097500E+03  1.207263E+00
  3.098000E+03  1.541006E+00
  3.098500E+03  1.494123E+00
  3.099000E+03  1.235319E+00
  3.099500E+03  9.170229E-01
  3.100000E+03  5.428923E-01
  3.100500E+03  2.473189E-02
  3.101000E+03 -6.028837E-01
  3.101500E+03 -1.050777E+00
  3.102000E+03 -9.336061E-01
  3.102500E+03 -1.303474E-01
  3.103000E+03  1.001892E+00
  3.103500E+03  1.821273E+00
  3.104000E+03  1.871997E+00
  3.104500E+03  1.210345E+00
  3.105000E+03  2.965034E-01
  3.105500E+03 -4.076139E-01
  3.106000E+03 -7.277430E-01
  3.106500E+03 -7.234388E-01
  3.107000E+03 -4.606116E-01
  3.107500E+03  6.070615E-02
  3.108000E+03  7.444145E-01
  3.108500E+03  1.262038E+00
  3.109000E+03  1.205782E+00
  3.109500E+03  4.461957E-01
  3.110000E+03 -6.762505E-01
  3.110500E+03 -1.564388E+00
  3.111000E+03 -1.802113E+00
  3.111500E+03 -1.401633E+00
  3.112000E+03 -6.582555E-01
  3.112500E+03  1.747504E-01
  3.113000E+03  1.027337E+00
  3.113500E+03  1.865041E+00
  3.114000E+03  2.495058E+00
  3.114500E+03  2.604784E+00
  3.115000E+03  2.017752E+00
  3.115500E+03  8.859015E-01
  3.116000E+03 -3.988918E-01
  3.116500E+03 -1.488038E+00
  3.117000E+03 -2.275101E+00
  3.117500E+03 -2.844373E+00
  3.118000E+03 -3.268289E+00
  3.118500E+03 -3.477482E+00
  3.119000E+03 -3.313387E+00
  3.119500E+03 -2.682772E+00
  3.120000E+03 -1.664288E+00
  3.120500E+03 -4.924693E-01
  3.121000E+03  5.525623E-01
  3.121500E+03  1.277781E+00
  3.122000E+03  1.662076E+00
  3.122500E+03  1.838745E+00
  3.123000E+03  1.969838E+00
  3.123500E+03  2.096229E+00
  3.124000E+03  2.100784E+00
  3.124500E+03  1.842812E+00
  3.125000E+03  1.347253E+00
  3.125500E+03  8.459031E-01
  3.126000E+03  6.003326E-01
  3.126500E+03  6.734564E-01
  3.127000E+03  8.920783E-01
  3.127500E+03  1.044439E+00
  3.128000E+03  1.091529E+00
  3.128500E+03  1.148970E+00
  3.129000E+03  1.262417E+00
  3.129500E+03  1.254127E+00
  3.130000E+03  8.536271E-01
  3.130500E+03 -2.981340E-03
  3.131000E+03 -1.037483E+00
  3.131500E+03 -1.831863E+00
  3.132000E+03 -2.174479E+00
  3.132500E+03 -2.193732E+00
  3.133000E+03 -2.153638E+00
  3.133500E+03 -2.150458E+00
  3.134000E+03 -2.040710E+00
  3.134500E+03 -1.658645E+00
  3.135000E+03 -1.063851E+00
  3.135500E+03 -5.469167E-01
  3.136000E+03 -3.998954E-01
  3.136500E+03 -6.964056E-01
  3.137000E+03 -1.273313E+00
  3.137500E+03 -1.866768E+00
  3.138000E+03 -2.227628E+00
  3.138500E+03 -2.146296E+00
  3.139000E+03 -1.477320E+00
  3.139500E+03 -2.440862E-01
  3.140000E+03  1.259392E+00
  3.140500E+03  2.538671E+00
  3.141000E+03  3.174261E+00
  3.141500E+03  3.109366E+00
  3.142000E+03  2.698731E+00
  3.142500E+03  2.458266E+00
  3.143000E+03  2.708399E+00
  3.143500E+03  3.376609E+00
  3.144000E+03  4.072644E+00
  3.144500E+03  4.342226E+00
  3.145000E+03  3.917447E+00
  3.145500E+03  2.834288E+00
  3.146000E+03  1.384902E+00
  3.146500E+03 -5.489949E-02
  3.147000E+03 -1.232254E+00
  3.147500E+03 -2.137735E+00
  3.148000E+03 -2.952764E+00
  3.148500E+03 -3.852570E+00
  3.149000E+03 -4.814623E+00
  3.149500E+03 -5.588927E+00
  3.150000E+03 -5.853677E+00
  3.150500E+03 -5.427620E+00
  3.151000E+03 -4.381166E+00
  3.151500E+03 -2.991686E+00
  3.152000E+03 -1.603936E+00
  3.152500E+03 -4.839785E-01
  3.153000E+03  2.816177E-01
  3.153500E+03  8.097192E-01
  3.154000E+03  1.334502E+00
  3.154500E+03  2.024060E+00
  3.155000E+03  2.816040E+00
  3.155500E+03  3.432599E+00
  3.156000E+03  3.608392E+00
  3.156500E+03  3.346253E+00
  3.157000E+03  2.940573E+00
  3.157500E+03  2.709401E+00
  3.158000E+03  2.680893E+00
  3.158500E+03  2.558431E+00
  3.159000E+03  2.022250E+00
  3.159500E+03  1.073424E+00
  3.160000E+03  6.766561E-02
  3.160500E+03 -6.014164E-01
  3.161000E+03 -8.527561E-01
  3.161500E+03 -9.598103E-01
  3.162000E+03 -1.263734E+00
  3.162500E+03 -1.854033E+00
  3.163000E+03 -2.504293E+00
  3.163500E+03 -2.869140E+00
  3.164000E+03 -2.721995E+00
  3.164500E+03 -2.052952E+00
  3.165000E+03 -1.036186E+00
  3.165500E+03  3.456212E-02
  3.166000E+03  8.192153E-01
  3.166500E+03  1.060714E+00
  3.167000E+03  7.451521E-01
  3.167500E+03  1.487574E-01
  3.168000E+03 -3.327411E-01
  3.168500E+03 -4.653143E-01
  3.169000E+03 -3.141624E-01
  3.169500E+03 -1.060244E-01
  3.170000E+03  2.798741E-02
  3.170500E+03  1.455330E-01
  3.171000E+03  3.321650E-01
  3.171500E+03  4.985675E-01
  3.172000E+03  4.053751E-01
  3.172500E+03 -7.951073E-02
  3.173000E+03 -7.710758E-01
  3.173500E+03 -1.256243E+00
  3.174000E+03 -1.216150E+00
  3.174500E+03 -6.668031E-01
  3.175000E+03  1.027249E-01
  3.175500E+03  7.959063E-01
  3.176000E+03  1.295470E+00
  3.176500E+03  1.623726E+00
  3.177000E+03  1.796235E+00
  3.177500E+03  1.773995E+00
  3.178000E+03  1.552777E+00
  3.178500E+03  1.239535E+00
  3.179000E+03  9.864612E-01
  3.179500E+03  8.414265E-01
  3.180000E+03  6.872819E-01
  3.180500E+03  3.458713E-01
  3.181000E+03 -2.593849E-01
  3.181500E+03 -1.039194E+00
  3.182000E+03 -1.805713E+00
  3.182500E+03 -2.371128E+00
  3.183000E+03 -2.586507E+00
  3.183500E+03 -2.342233E+00
  3.184000E+03 -1.604953E+00
  3.184500E+03 -4.936224E-01
  3.185000E+03  6.957299E-01
  3.185500E+03  1.588278E+00
  3.186000E+03  1.905665E+00
  3.186500E+03  1.592114E+00
  3.187000E+03  8.106108E-01
  3.187500E+03 -1.613233E-01
  3.188000E+03 -1.051315E+00
  3.188500E+03 -1.672883E+00
  3.189000E+03 -1.959049E+00
  3.189500E+03 -1.946726E+00
  3.190000E+03 -1.707736E+00
  3.190500E+03 -1.261663E+00
  3.191000E+03 -5.529378E-01
  3.191500E+03  4.574145E-01
  3.192000E+03  1.652595E+00
  3.192500E+03  2.722216E+00
  3.193000E+03  3.303068E+00
  3.193500E+03  3.200268E+00
  3.194000E+03  2.498199E+00
  3.194500E+03  1.473291E+00
  3.195000E+03  4.120216E-01
  3.195500E+03 -4.935653E-01
  3.196000E+03 -1.121932E+00
  3.196500E+03 -1.374894E+00
  3.197000E+03 -1.214410E+00
  3.197500E+03 -7.476256E-01
  3.198000E+03 -2.284379E-01
  3.198500E+03  7.526189E-02
  3.199000E+03  3.938264E-02
  3.199500E+03 -2.794894E-01
  3.200000E+03 -7.381216E-01
  3.200500E+03 -1.202760E+00
  3.201000E+03 -1.550167E+00
  3.201500E+03 -1.630911E+00
  3.202000E+03 -1.318504E+00
  3.202500E+03 -6.457058E-01
  3.203000E+03  1.294480E-01
  3.203500E+03  6.585885E-01
  3.204000E+03  7.559474E-01
  3.204500E+03  5.302962E-01
  3.205000E+03  2.608189E-01
  3.205500E+03  1.471170E-01
  3.206000E+03  1.907637E-01
  3.206500E+03  3.064083E-01
  3.207000E+03  4.983983E-01
  3.207500E+03  8.769106E-01
  3.208000E+03  1.490268E+00
  3.208500E+03  2.172839E+00
  3.209000E+03  2.593172E+00
  3.209500E+03  2.465928E+00
  3.210000E+03  1.729016E+00
  3.210500E+03  5.548265E-01
  3.211000E+03 -7.542717E-01
  3.211500E+03 -1.870515E+00
  3.212000E+03 -2.523506E+00
  3.212500E+03 -2.612481E+00
  3.213000E+03 -2.316226E+00
  3.213500E+03 -2.047652E+00
  3.214000E+03 -2.168389E+00
  3.214500E+03 -2.642081E+00
  3.215000E+03 -2.970470E+00
  3.215500E+03 -2.561865E+00
  3.216000E+03 -1.255870E+00
  3.216500E+03  4.842468E-01
  3.217000E+03  1.923205E+00
  3.217500E+03  2.636184E+00
  3.218000E+03  2.776091E+00
  3.218500E+03  2.796258E+00
  3.219000E+03  2.942651E+00
  3.219500E+03  3.034543E+00
  3.220000E+03  2.719958E+00
  3.220500E+03  1.895200E+00
  3.221000E+03  8.423643E-01
  3.221500E+03 -2.522131E-02
  3.222000E+03 -5.073443E-01
  3.222500E+03 -6.990809E-01
  3.223000E+03 -7.809330E-01
  3.223500E+03 -7.937160E-01
  3.224000E+03 -6.426764E-01
  3.224500E+03 -2.868039E-01
  3.225000E+03  1.272488E-01
  3.225500E+03  3.341216E-01
  3.226000E+03  1.349536E-01
  3.226500E+03 -4.852000E-01
  3.227000E+03 -1.377570E+00
  3.227500E+03 -2.309362E+00
  3.228000E+03 -3.020287E+00
  3.228500E+03 -3.272968E+00
  3.229000E+03 -2.945901E+00
  3.229500E+03 -2.125625E+00
  3.230000E+03 -1.080531E+00
  3.230500E+03 -8.507331E-02
  3.231000E+03  7.592856E-01
  3.231500E+03  1.514507E+00
  3.232000E+03  2.200473E+00
  3.232500E+03  2.619723E+00
  3.233000E+03  2.444630E+00
  3.233500E+03  1.533887E+00
  3.234000E+03  1.782605E-01
  3.234500E+03 -9.942297E-01
  3.235000E+03 -1.407302E+00
  3.235500E+03 -8.940567E-01
  3.236000E+03  2.584981E-01
  3.236500E+03  1.554775E+00
  3.237000E+03  2.566720E+00
  3.237500E+03  3.041168E+00
  3.238000E+03  2.876256E+00
  3.238500E+03  2.121050E+00
  3.239000E+03  1.029411E+00
  3.239500E+03  2.934669E-02
  3.240000E+03 -4.941098E-01
  3.240500E+03 -4.744368E-01
  3.241000E+03 -2.277890E-01
  3.241500E+03 -1.946972E-01
  3.242000E+03 -5.719480E-01
  3.242500E+03 -1.180477E+00
  3.243000E+03 -1.687333E+00
  3.243500E+03 -1.940693E+00
  3.244000E+03 -2.074847E+00
  3.244500E+03 -2.307054E+00
  3.245000E+03 -2.681375E+00
  3.245500E+03 -3.044038E+00
  3.246000E+03 -3.240290E+00
  3.246500E+03 -3.257471E+00
  3.247000E+03 -3.119022E+00
  3.247500E+03 -2.665860E+00
  3.248000E+03 -1.544875E+00
  3.248500E+03  4.807498E-01
  3.249000E+03  3.167047E+00
  3.249500E+03  5.762834E+00
  3.250000E+03  7.415184E+00
  3.250500E+03  7.680122E+00
  3.251000E+03  6.709826E+00
  3.251500E+03  5.003765E+00
  3.252000E+03  3.007487E+00
  3.252500E+03  9.236808E-01
  3.253000E+03 -1.171082E+00
  3.253500E+03 -3.113948E+00
  3.254000E+03 -4.594934E+00
  3.254500E+03 -5.291464E+00
  3.255000E+03 -5.055418E+00
  3.255500E+03 -4.007752E+00
  3.256000E+03 -2.505703E+00
  3.256500E+03 -1.015512E+00
  3.257000E+03  7.409814E-02
  3.257500E+03  6.365927E-01
  3.258000E+03  8.667116E-01
  3.258500E+03  1.112391E+00
  3.259000E+03  1.558321E+00
  3.259500E+03  2.029817E+00
  3.260000E+03  2.135939E+00
  3.260500E+03  1.653940E+00
  3.261000E+03  7.799664E-01
  3.261500E+03 -3.164520E-02
  3.262000E+03 -4.957196E-01
  3.262500E+03 -7.404403E-01
  3.263000E+03 -1.093528E+00
  3.263500E+03 -1.634671E+00
  3.264000E+03 -2.017374E+00
  3.264500E+03 -1.789378E+00
  3.265000E+03 -8.918599E-01
  3.265500E+03  2.017547E-01
  3.266000E+03  8.792429E-01
  3.266500E+03  9.250018E-01
  3.267000E+03  6.618665E-01
  3.267500E+03  5.858747E-01
  3.268000E+03  8.980719E-01
  3.268500E+03  1.394421E+00
  3.269000E+03  1.747893E+00
  3.269500E+03  1.811455E+00
  3.270000E+03  1.625032E+00
  3.270500E+03  1.208262E+00
  3.271000E+03  4.682277E-01
  3.271500E+03 -6.311135E-01
  3.272000E+03 -1.854592E+00
  3.272500E+03 -2.744242E+00
  3.273000E+03 -2.944254E+00
  3.273500E+03 -2.487258E+00
  3.274000E+03 -1.747957E+00
  3.274500E+03 -1.113968E+00
  3.275000E+03 -7.003534E-01
  3.275500E+03 -3.540715E-01
  3.276000E+03  1.183298E-01
  3.276500E+03  7.551520E-01
  3.277000E+03  1.428550E+00
  3.277500E+03  1.952399E+00
  3.278000E+03  2.171102E+00
  3.278500E+03  1.995171E+00
  3.279000E+03  1.439525E+00
  3.279500E+03  6.697559E-01
  3.280000E+03 -2.898698E-02
  3.280500E+03 -4.064526E-01
  3.281000E+03 -4.174149E-01
  3.281500E+03 -2.335487E-01
  3.282000E+03 -6.584314E-02
  3.282500E+03  2.437686E-02
  3.283000E+03  1.253292E-01
  3.283500E+03  2.976093E-01
  3.284000E+03  4.407890E-01
  3.284500E+03  3.778049E-01
  3.285000E+03  7.200960E-02
  3.285500E+03 -2.788759E-01
  3.286000E+03 -4.022105E-01
  3.286500E+03 -2.080906E-01
  3.287000E+03  1.280880E-01
  3.287500E+03  3.432785E-01
  3.288000E+03  3.267267E-01
  3.288500E+03  1.644546E-01
  3.289000E+03 -4.378520E-02
  3.289500E+03 -3.726565E-01
  3.290000E+03 -1.037719E+00
  3.290500E+03 -2.153923E+00
  3.291000E+03 -3.519863E+00
  3.291500E+03 -4.639236E+00
  3.292000E+03 -4.972628E+00
  3.292500E+03 -4.228531E+00
  3.293000E+03 -2.505438E+00
  3.293500E+03 -2.334159E-01
  3.294000E+03  2.016624E+00
  3.294500E+03  3.755232E+00
  3.295000E+03  4.742571E+00
  3.295500E+03  5.034808E+00
  3.296000E+03  4.881557E+00
  3.296500E+03  4.533252E+00
  3.297000E+03  4.094160E+00
  3.297500E+03  3.529662E+00
  3.298000E+03  2.798590E+00
  3.298500E+03  1.959597E+00
  3.299000E+03  1.131168E+00
  3.299500E+03  3.504743E-01
  3.300000E+03 -4.969445E-01
  3.300500E+03 -1.564168E+00
  3.301000E+03 -2.831205E+00
  3.301500E+03 -4.009120E+00
  3.302000E+03 -4.689722E+00
  3.302500E+03 -4.641249E+00
  3.303000E+03 -3.997703E+00
  3.303500E+03 -3.165575E+00
  3.304000E+03 -2.512448E+00
  3.304500E+03 -2.092498E+00
  3.305000E+03 -1.637388E+00
  3.305500E+03 -8.219582E-01
  3.306000E+03  4.136913E-01
  3.306500E+03  1.754315E+00
  3.307000E+03  2.711106E+00
  3.307500E+03  2.978246E+00
  3.308000E+03  2.652755E+00
  3.308500E+03  2.131234E+00
  3.309000E+03  1.768164E+00
  3.309500E+03  1.591047E+00
  3.310000E+03  1.323889E+00
  3.310500E+03  6.949730E-01
  3.311000E+03 -2.587017E-01
  3.311500E+03 -1.178046E+00
  3.312000E+03 -1.672620E+00
  3.312500E+03 -1.638490E+00
  3.313000E+03 -1.305559E+00
  3.313500E+03 -9.868008E-01
  3.314000E+03 -7.904691E-01
  3.314500E+03 -5.736662E-01
  3.315000E+03 -1.545331E-01
  3.315500E+03  4.593728E-01
  3.316000E+03  1.060894E+00
  3.316500E+03  1.437689E+00
  3.317000E+03  1.548976E+00
  3.317500E+03  1.510171E+00
  3.318000E+03  1.438273E+00
  3.318500E+03  1.350186E+00
  3.319000E+03  1.210916E+00
  3.319500E+03  1.032477E+00
  3.320000E+03  8.708381E-01
  3.320500E+03  7.178208E-01
  3.321000E+03  4.448132E-01
  3.321500E+03 -8.488249E-02
  3.322000E+03 -8.265900E-01
  3.322500E+03 -1.507937E+00
  3.323000E+03 -1.821440E+00
  3.323500E+03 -1.691354E+00
  3.324000E+03 -1.344540E+00
  3.324500E+03 -1.099891E+00
  3.325000E+03 -1.080904E+00
  3.325500E+03 -1.139022E+00
  3.326000E+03 -1.056329E+00
  3.326500E+03 -8.061184E-01
  3.327000E+03 -5.969748E-01
  3.327500E+03 -6.612361E-01
  3.328000E+03 -1.015430E+00
  3.328500E+03 -1.437441E+00
  3.329000E+03 -1.667750E+00
  3.329500E+03 -1.613897E+00
  3.330000E+03 -1.356113E+00
  3.330500E+03 -9.795400E-01
  3.331000E+03 -4.392398E-01
  3.331500E+03  3.879669E-01
  3.332000E+03  1.522590E+00
  3.332500E+03  2.767775E+00
  3.333000E+03  3.783856E+00
  3.333500E+03  4.285860E+00
  3.334000E+03  4.191315E+00
  3.334500E+03  3.613548E+00
  3.335000E+03  2.745329E+00
  3.335500E+03  1.755350E+00
  3.336000E+03  7.706420E-01
  3.336500E+03 -8.322587E-02
  3.337000E+03 -6.624101E-01
  3.337500E+03 -8.515546E-01
  3.338000E+03 -6.532971E-01
  3.338500E+03 -2.478490E-01
  3.339000E+03  4.758882E-02
  3.339500E+03 -6.675515E-02
  3.340000E+03 -6.796983E-01
  3.340500E+03 -1.574114E+00
  3.341000E+03 -2.333992E+00
  3.341500E+03 -2.613207E+00
  3.342000E+03 -2.372859E+00
  3.342500E+03 -1.885307E+00
  3.343000E+03 -1.486982E+00
  3.343500E+03 -1.293407E+00
  3.344000E+03 -1.140401E+00
  3.344500E+03 -8.083311E-01
  3.345000E+03 -3.060763E-01
  3.345500E+03  7.918939E-02
  3.346000E+03  3.311599E-02
  3.346500E+03 -4.736365E-01
  3.347000E+03 -1.124344E+00
  3.347500E+03 -1.514374E+00
  3.348000E+03 -1.479864E+00
  3.348500E+03 -1.180831E+00
  3.349000E+03 -8.713495E-01
  3.349500E+03 -5.996739E-01
  3.350000E+03 -1.427653E-01
  3.350500E+03  7.586665E-01
  3.351000E+03  2.092446E+00
  3.351500E+03  3.489621E+00
  3.352000E+03  4.449698E+00
  3.352500E+03  4.689968E+00
  3.353000E+03  4.333157E+00
  3.353500E+03  3.788059E+00
  3.354000E+03  3.422058E+00
  3.354500E+03  3.278921E+00
  3.355000E+03  3.056705E+00
  3.355500E+03  2.365469E+00
  3.356000E+03  1.069509E+00
  3.356500E+03 -5.595132E-01
  3.357000E+03 -2.017190E+00
  3.357500E+03 -2.940573E+00
  3.358000E+03 -3.369492E+00
  3.358500E+03 -3.662420E+00
  3.359000E+03 -4.137255E+00
  3.359500E+03 -4.763788E+00
  3.360000E+03 -5.188200E+00
  3.360500E+03 -5.050286E+00
  3.361000E+03 -4.277033E+00
  3.361500E+03 -3.086139E+00
  3.362000E+03 -1.751788E+00
  3.362500E+03 -4.220137E-01
  3.363000E+03  8.261728E-01
  3.363500E+03  1.820872E+00
  3.364000E+03  2.293048E+00
  3.364500E+03  2.109098E+00
  3.365000E+03  1.490082E+00
  3.365500E+03  9.257965E-01
  3.366000E+03  8.072065E-01
  3.366500E+03  1.129140E+00
  3.367000E+03  1.568331E+00
  3.367500E+03  1.848280E+00
  3.368000E+03  1.995656E+00
  3.368500E+03  2.222834E+00
  3.369000E+03  2.595717E+00
  3.369500E+03  2.884884E+00
  3.370000E+03  2.781306E+00
  3.370500E+03  2.235517E+00
  3.371000E+03  1.533961E+00
  3.371500E+03  1.018895E+00
  3.372000E+03  7.511507E-01
  3.372500E+03  4.678798E-01
  3.373000E+03 -1.411344E-01
  3.373500E+03 -1.141044E+00
  3.374000E+03 -2.318012E+00
  3.374500E+03 -3.370405E+00
  3.375000E+03 -4.079938E+00
  3.375500E+03 -4.320856E+00
  3.376000E+03 -4.006591E+00
  3.376500E+03 -3.132394E+00
  3.377000E+03 -1.890223E+00
  3.377500E+03 -6.697301E-01
  3.378000E+03  1.485497E-01
  3.378500E+03  4.514161E-01
  3.379000E+03  4.492266E-01
  3.379500E+03  4.698735E-01
  3.380000E+03  6.990535E-01
  3.380500E+03  1.110018E+00
  3.381000E+03  1.594339E+00
  3.381500E+03  2.087654E+00
  3.382000E+03  2.532670E+00
  3.382500E+03  2.760389E+00
  3.383000E+03  2.498132E+00
  3.383500E+03  1.570333E+00
  3.384000E+03  1.149642E-01
  3.384500E+03 -1.416309E+00
  3.385000E+03 -2.505805E+00
  3.385500E+03 -2.862833E+00
  3.386000E+03 -2.534848E+00
  3.386500E+03 -1.793047E+00
  3.387000E+03 -9.300224E-01
  3.387500E+03 -1.242659E-01
  3.388000E+03  5.798580E-01
  3.388500E+03  1.215512E+00
  3.389000E+03  1.809977E+00
  3.389500E+03  2.312883E+00
  3.390000E+03  2.582838E+00
  3.390500E+03  2.465980E+00
  3.391000E+03  1.925838E+00
  3.391500E+03  1.110884E+00
  3.392000E+03  2.800847E-01
  3.392500E+03 -3.578016E-01
  3.393000E+03 -7.446637E-01
  3.393500E+03 -9.368235E-01
  3.394000E+03 -1.010458E+00
  3.394500E+03 -1.034310E+00
  3.395000E+03 -1.112461E+00
  3.395500E+03 -1.372044E+00
  3.396000E+03 -1.829248E+00
  3.396500E+03 -2.264024E+00
  3.397000E+03 -2.308097E+00
  3.397500E+03 -1.752036E+00
  3.398000E+03 -7.964163E-01
  3.398500E+03  4.432139E-02
  3.399000E+03  3.488410E-01
  3.399500E+03  1.292489E-01
  3.400000E+03 -2.326269E-01
  3.400500E+03 -3.791852E-01
  3.401000E+03 -2.829466E-01
  3.401500E+03 -1.540538E-01
  3.402000E+03 -8.604945E-02
  3.402500E+03  1.345153E-01
  3.403000E+03  8.199620E-01
  3.403500E+03  1.992975E+00
  3.404000E+03  3.243872E+00
  3.404500E+03  4.000542E+00
  3.405000E+03  3.949693E+00
  3.405500E+03  3.215423E+00
  3.406000E+03  2.176348E+00
  3.406500E+03  1.154632E+00
  3.407000E+03  2.699575E-01
  3.407500E+03 -4.861822E-01
  3.408000E+03 -1.125499E+00
  3.408500E+03 -1.636321E+00
  3.409000E+03 -2.027777E+00
  3.409500E+03 -2.332845E+00
  3.410000E+03 -2.550805E+00
  3.410500E+03 -2.622159E+00
  3.411000E+03 -2.496672E+00
  3.411500E+03 -2.222297E+00
  3.412000E+03 -1.933326E+00
  3.412500E+03 -1.726273E+00
  3.413000E+03 -1.550776E+00
  3.413500E+03 -1.239737E+00
  3.414000E+03 -6.588880E-01
  3.414500E+03  1.645351E-01
  3.415000E+03  1.044811E+00
  3.415500E+03  1.752771E+00
  3.416000E+03  2.136957E+00
  3.416500E+03  2.171527E+00
  3.417000E+03  1.930874E+00
  3.417500E+03  1.535953E+00
  3.418000E+03  1.110851E+00
  3.418500E+03  7.646505E-01
  3.419000E+03  5.911619E-01
  3.419500E+03  6.562800E-01
  3.420000E+03  9.429621E-01
  3.420500E+03  1.279694E+00
  3.421000E+03  1.352789E+00
  3.421500E+03  8.842044E-01
  3.422000E+03 -1.040345E-01
  3.422500E+03 -1.181803E+00
  3.423000E+03 -1.746305E+00
  3.423500E+03 -1.480770E+00
  3.424000E+03 -6.397089E-01
  3.424500E+03  1.452105E-01
  3.425000E+03  4.012997E-01
  3.425500E+03  1.911313E-01
  3.426000E+03 -4.271116E-02
  3.426500E+03  4.206909E-04
  3.427000E+03  1.435598E-01
  3.427500E+03 -5.824722E-02
  3.428000E+03 -7.911136E-01
  3.428500E+03 -1.713004E+00
  3.429000E+03 -2.238978E+00
  3.429500E+03 -2.078960E+00
  3.430000E+03 -1.464150E+00
  3.430500E+03 -8.520757E-01
  3.431000E+03 -4.629772E-01
  3.431500E+03 -1.484468E-01
  3.432000E+03  3.116696E-01
  3.432500E+03  8.669841E-01
  3.433000E+03  1.211729E+00
  3.433500E+03  1.130551E+00
  3.434000E+03  7.746977E-01
  3.434500E+03  5.577510E-01
  3.435000E+03  7.794375E-01
  3.435500E+03  1.358168E+00
  3.436000E+03  1.910038E+00
  3.436500E+03  2.056964E+00
  3.437000E+03  1.668631E+00
  3.437500E+03  8.762358E-01
  3.438000E+03 -6.875899E-02
  3.438500E+03 -9.330285E-01
  3.439000E+03 -1.564589E+00
  3.439500E+03 -1.902340E+00
  3.440000E+03 -1.958022E+00
  3.440500E+03 -1.771780E+00
  3.441000E+03 -1.365695E+00
  3.441500E+03 -7.513552E-01
  3.442000E+03 -1.153568E-03
  3.442500E+03  7.041490E-01
  3.443000E+03  1.150759E+00
  3.443500E+03  1.258089E+00
  3.444000E+03  1.166708E+00
  3.444500E+03  1.121087E+00
  3.445000E+03  1.231925E+00
  3.445500E+03  1.354431E+00
  3.446000E+03  1.220719E+00
  3.446500E+03  7.041771E-01
  3.447000E+03 -4.665710E-02
  3.447500E+03 -7.317827E-01
  3.448000E+03 -1.146675E+00
  3.448500E+03 -1.311929E+00
  3.449000E+03 -1.389127E+00
  3.449500E+03 -1.501948E+00
  3.450000E+03 -1.640311E+00
  3.450500E+03 -1.701887E+00
  3.451000E+03 -1.588104E+00
  3.451500E+03 -1.260536E+00
  3.452000E+03 -7.441667E-01
  3.452500E+03 -1.144570E-01
  3.453000E+03  5.165787E-01
  3.453500E+03  1.028941E+00
  3.454000E+03  1.334776E+00
  3.454500E+03  1.400552E+00
  3.455000E+03  1.240074E+00
  3.455500E+03  9.066069E-01
  3.456000E+03  5.034864E-01
  3.456500E+03  1.768708E-01
  3.457000E+03  4.331194E-02
  3.457500E+03  8.803707E-02
  3.458000E+03  1.531828E-01
  3.458500E+03  8.046268E-02
  3.459000E+03 -1.022818E-01
  3.459500E+03 -1.566131E-01
  3.460000E+03  1.595336E-01
  3.460500E+03  8.377756E-01
  3.461000E+03  1.583884E+00
  3.461500E+03  2.051253E+00
  3.462000E+03  2.101999E+00
  3.462500E+03  1.824047E+00
  3.463000E+03  1.315354E+00
  3.463500E+03  5.222393E-01
  3.464000E+03 -6.447124E-01
  3.464500E+03 -2.039658E+00
  3.465000E+03 -3.204335E+00
  3.465500E+03 -3.654324E+00
  3.466000E+03 -3.289674E+00
  3.466500E+03 -2.509447E+00
  3.467000E+03 -1.877926E+00
  3.467500E+03 -1.638568E+00
  3.468000E+03 -1.530372E+00
  3.468500E+03 -1.069176E+00
  3.469000E+03 -1.933118E-02
  3.469500E+03  1.369898E+00
  3.470000E+03  2.541379E+00
  3.470500E+03  3.029954E+00
  3.471000E+03  2.748048E+00
  3.471500E+03  1.975152E+00
  3.472000E+03  1.127603E+00
  3.472500E+03  5.160963E-01
  3.473000E+03  2.422654E-01
  3.473500E+03  2.440216E-01
  3.474000E+03  3.984813E-01
  3.474500E+03  5.869231E-01
  3.475000E+03  6.962345E-01
  3.475500E+03  6.079033E-01
  3.476000E+03  2.372531E-01
  3.476500E+03 -3.849446E-01
  3.477000E+03 -1.076599E+00
  3.477500E+03 -1.587476E+00
  3.478000E+03 -1.754543E+00
  3.478500E+03 -1.586218E+00
  3.479000E+03 -1.193553E+00
  3.479500E+03 -6.606483E-01
  3.480000E+03 -2.510642E-02
  3.480500E+03  6.032510E-01
  3.481000E+03  9.693146E-01
  3.481500E+03  8.261915E-01
  3.482000E+03  2.225161E-01
  3.482500E+03 -4.082818E-01
  3.483000E+03 -5.550425E-01
  3.483500E+03 -9.825284E-02
  3.484000E+03  5.440311E-01
  3.484500E+03  8.004257E-01
  3.485000E+03  5.012209E-01
  3.485500E+03  2.141891E-02
  3.486000E+03 -1.515969E-01
  3.486500E+03  4.295191E-02
  3.487000E+03  1.916749E-01
  3.487500E+03 -9.827842E-02
  3.488000E+03 -7.271725E-01
  3.488500E+03 -1.191193E+00
  3.489000E+03 -1.120724E+00
  3.489500E+03 -6.394735E-01
  3.490000E+03 -1.383619E-01
  3.490500E+03  2.382646E-01
  3.491000E+03  7.496400E-01
  3.491500E+03  1.647481E+00
  3.492000E+03  2.691391E+00
  3.492500E+03  3.215246E+00
  3.493000E+03  2.743431E+00
  3.493500E+03  1.494980E+00
  3.494000E+03  1.995080E-01
  3.494500E+03 -5.976667E-01
  3.495000E+03 -9.994232E-01
  3.495500E+03 -1.513175E+00
  3.496000E+03 -2.406425E+00
  3.496500E+03 -3.380927E+00
  3.497000E+03 -3.888100E+00
  3.497500E+03 -3.689815E+00
  3.498000E+03 -3.042747E+00
  3.498500E+03 -2.356426E+00
  3.499000E+03 -1.758228E+00
  3.499500E+03 -1.040216E+00
  3.500000E+03  1.729264E-02
  3.500500E+03  1.354278E+00
  3.501000E+03  2.672957E+00
  3.501500E+03  3.695981E+00
  3.502000E+03  4.318028E+00
  3.502500E+03  4.532552E+00
  3.503000E+03  4.315786E+00
  3.503500E+03  3.662191E+00
  3.504000E+03  2.711976E+00
  3.504500E+03  1.750273E+00
  3.505000E+03  1.005386E+00
  3.505500E+03  4.402916E-01
  3.506000E+03 -2.215882E-01
  3.506500E+03 -1.232725E+00
  3.507000E+03 -2.563311E+00
  3.507500E+03 -3.878843E+00
  3.508000E+03 -4.750146E+00
  3.508500E+03 -4.902605E+00
  3.509000E+03 -4.331405E+00
  3.509500E+03 -3.256554E+00
  3.510000E+03 -1.991860E+00
  3.510500E+03 -8.047785E-01
  3.511000E+03  1.793290E-01
  3.511500E+03  9.832022E-01
  3.512000E+03  1.684881E+00
  3.512500E+03  2.299065E+00
  3.513000E+03  2.747245E+00
  3.513500E+03  2.947519E+00
  3.514000E+03  2.913483E+00
  3.514500E+03  2.727138E+00
  3.515000E+03  2.402161E+00
  3.515500E+03  1.811647E+00
  3.516000E+03  8.084874E-01
  3.516500E+03 -5.582483E-01
  3.517000E+03 -1.968056E+00
  3.517500E+03 -3.000219E+00
  3.518000E+03 -3.390239E+00
  3.518500E+03 -3.125000E+00
  3.519000E+03 -2.332911E+00
  3.519500E+03 -1.164726E+00
  3.520000E+03  1.684783E-01
  3.520500E+03  1.298843E+00
  3.521000E+03  1.793193E+00
  3.521500E+03  1.475372E+00
  3.522000E+03  6.790906E-01
  3.522500E+03  8.688566E-02
  3.523000E+03  1.962300E-01
  3.523500E+03  8.817290E-01
  3.524000E+03  1.496265E+00
  3.524500E+03  1.447301E+00
  3.525000E+03  7.102922E-01
  3.525500E+03 -1.961937E-01
  3.526000E+03 -7.110355E-01
  3.526500E+03 -6.942244E-01
  3.527000E+03 -4.316946E-01
  3.527500E+03 -2.573008E-01
  3.528000E+03 -2.297018E-01
  3.528500E+03 -1.749948E-01
  3.529000E+03  2.023010E-02
  3.529500E+03  2.281255E-01
  3.530000E+03  2.068398E-01
  3.530500E+03 -1.250648E-01
  3.531000E+03 -5.778977E-01
  3.531500E+03 -8.618828E-01
  3.532000E+03 -8.546255E-01
  3.532500E+03 -6.862789E-01
  3.533000E+03 -5.590875E-01
  3.533500E+03 -4.910790E-01
  3.534000E+03 -2.561207E-01
  3.534500E+03  3.898681E-01
  3.535000E+03  1.386205E+00
  3.535500E+03  2.262540E+00
  3.536000E+03  2.410759E+00
  3.536500E+03  1.565437E+00
  3.537000E+03  9.697044E-02
  3.537500E+03 -1.181676E+00
  3.538000E+03 -1.604712E+00
  3.538500E+03 -1.179564E+00
  3.539000E+03 -5.869977E-01
  3.539500E+03 -6.148627E-01
  3.540000E+03 -1.486073E+00
  3.540500E+03 -2.658607E+00
  3.541000E+03 -3.270058E+00
  3.541500E+03 -2.827630E+00
  3.542000E+03 -1.540198E+00
  3.542500E+03 -4.443968E-02
  3.543000E+03  1.157203E+00
  3.543500E+03  2.002290E+00
  3.544000E+03  2.685810E+00
  3.544500E+03  3.266207E+00
  3.545000E+03  3.518830E+00
  3.545500E+03  3.186476E+00
  3.546000E+03  2.327823E+00
  3.546500E+03  1.358619E+00
  3.547000E+03  7.199548E-01
  3.547500E+03  5.159985E-01
  3.548000E+03  4.962299E-01
  3.548500E+03  3.818364E-01
  3.549000E+03  1.642407E-01
  3.549500E+03  4.455589E-02
  3.550000E+03  9.451353E-02
  3.550500E+03  4.825696E-02
  3.551000E+03 -4.936880E-01
  3.551500E+03 -1.627675E+00
  3.552000E+03 -2.946483E+00
  3.552500E+03 -3.825507E+00
  3.553000E+03 -3.933614E+00
  3.553500E+03 -3.454673E+00
  3.554000E+03 -2.804365E+00
  3.554500E+03 -2.165948E+00
  3.555000E+03 -1.358714E+00
  3.555500E+03 -1.751252E-01
  3.556000E+03  1.211343E+00
  3.556500E+03  2.257595E+00
  3.557000E+03  2.507284E+00
  3.557500E+03  2.011427E+00
  3.558000E+03  1.257370E+00
  3.558500E+03  6.871810E-01
  3.559000E+03  3.339889E-01
  3.559500E+03 -4.318463E-02
  3.560000E+03 -5.193103E-01
  3.560500E+03 -7.951783E-01
  3.561000E+03 -4.817723E-01
  3.561500E+03  4.376613E-01
  3.562000E+03  1.496144E+00
  3.562500E+03  2.123714E+00
  3.563000E+03  2.124400E+00
  3.563500E+03  1.769754E+00
  3.564000E+03  1.465412E+00
  3.564500E+03  1.383291E+00
  3.565000E+03  1.412372E+00
  3.565500E+03  1.374314E+00
  3.566000E+03  1.189524E+00
  3.566500E+03  8.394383E-01
  3.567000E+03  2.820335E-01
  3.567500E+03 -4.874130E-01
  3.568000E+03 -1.304172E+00
  3.568500E+03 -1.875536E+00
  3.569000E+03 -2.042737E+00
  3.569500E+03 -1.978481E+00
  3.570000E+03 -2.032321E+00
  3.570500E+03 -2.335163E+00
  3.571000E+03 -2.609714E+00
  3.571500E+03 -2.453202E+00
  3.572000E+03 -1.815459E+00
  3.572500E+03 -1.121811E+00
  3.573000E+03 -8.521529E-01
  3.573500E+03 -1.009714E+00
  3.574000E+03 -1.077896E+00
  3.574500E+03 -5.495742E-01
  3.575000E+03  5.209976E-01
  3.575500E+03  1.533720E+00
  3.576000E+03  1.910678E+00
  3.576500E+03  1.622098E+00
  3.577000E+03  1.149179E+00
  3.577500E+03  9.773495E-01
  3.578000E+03  1.177393E+00
  3.578500E+03  1.469093E+00
  3.579000E+03  1.612812E+00
  3.579500E+03  1.663715E+00
  3.580000E+03  1.843439E+00
  3.580500E+03  2.223555E+00
  3.581000E+03  2.581656E+00
  3.581500E+03  2.562994E+00
  3.582000E+03  1.966610E+00
  3.582500E+03  8.985950E-01
  3.583000E+03 -2.999363E-01
  3.583500E+03 -1.261033E+00
  3.584000E+03 -1.793171E+00
  3.584500E+03 -1.975127E+00
  3.585000E+03 -2.085466E+00
  3.585500E+03 -2.387794E+00
  3.586000E+03 -2.907634E+00
  3.586500E+03 -3.392445E+00
  3.587000E+03 -3.519443E+00
  3.587500E+03 -3.173673E+00
  3.588000E+03 -2.519894E+00
  3.588500E+03 -1.792437E+00
  3.589000E+03 -1.040280E+00
  3.589500E+03 -1.273783E-01
  3.590000E+03  1.004350E+00
  3.590500E+03  2.128256E+00
  3.591000E+03  2.864206E+00
  3.591500E+03  3.042575E+00
  3.592000E+03  2.900288E+00
  3.592500E+03  2.865286E+00
  3.593000E+03  3.134507E+00
  3.593500E+03  3.480402E+00
  3.594000E+03  3.470041E+00
  3.594500E+03  2.843453E+00
  3.595000E+03  1.671348E+00
  3.595500E+03  2.084048E-01
  3.596000E+03 -1.307283E+00
  3.596500E+03 -2.677687E+00
  3.597000E+03 -3.661014E+00
  3.597500E+03 -4.013204E+00
  3.598000E+03 -3.695365E+00
  3.598500E+03 -3.001977E+00
  3.599000E+03 -2.384875E+00
  3.599500E+03 -2.088443E+00
  3.600000E+03 -1.963153E+00
  3.600500E+03 -1.658969E+00
  3.601000E+03 -9.895921E-01
  3.601500E+03 -8.109897E-02
  3.602000E+03  8.184460E-01
  3.602500E+03  1.604619E+00
  3.603000E+03  2.338356E+00
  3.603500E+03  3.029528E+00
  3.604000E+03  3.486778E+00
  3.604500E+03  3.450308E+00
  3.605000E+03  2.867938E+00
  3.605500E+03  1.988788E+00
  3.606000E+03  1.155892E+00
  3.606500E+03  5.250991E-01
  3.607000E+03  1.157358E-02
  3.607500E+03 -5.081025E-01
  3.608000E+03 -9.968685E-01
  3.608500E+03 -1.289806E+00
  3.609000E+03 -1.298326E+00
  3.609500E+03 -1.130451E+00
  3.610000E+03 -9.868489E-01
  3.610500E+03 -9.608001E-01
  3.611000E+03 -9.727449E-01
  3.611500E+03 -9.037965E-01
  3.612000E+03 -7.661791E-01
  3.612500E+03 -7.166327E-01
  3.613000E+03 -8.969164E-01
  3.613500E+03 -1.264997E+00
  3.614000E+03 -1.581167E+00
  3.614500E+03 -1.561395E+00
  3.615000E+03 -1.069492E+00
  3.615500E+03 -2.054931E-01
  3.616000E+03  7.591002E-01
  3.616500E+03  1.539511E+00
  3.617000E+03  1.976641E+00
  3.617500E+03  2.069998E+00
  3.618000E+03  1.903262E+00
  3.618500E+03  1.547806E+00
  3.619000E+03  1.041288E+00
  3.619500E+03  4.517103E-01
  3.620000E+03 -6.803281E-02
  3.620500E+03 -3.323628E-01
  3.621000E+03 -2.574478E-01
  3.621500E+03  6.076301E-02
  3.622000E+03  4.232515E-01
  3.622500E+03  6.884885E-01
  3.623000E+03  8.419894E-01
  3.623500E+03  9.004171E-01
  3.624000E+03  7.783113E-01
  3.624500E+03  3.064874E-01
  3.625000E+03 -5.815953E-01
  3.625500E+03 -1.694041E+00
  3.626000E+03 -2.648969E+00
  3.626500E+03 -3.124027E+00
  3.627000E+03 -3.044399E+00
  3.627500E+03 -2.540695E+00
  3.628000E+03 -1.768883E+00
  3.628500E+03 -8.203521E-01
  3.629000E+03  1.977275E-01
  3.629500E+03  1.071659E+00
  3.630000E+03  1.563835E+00
  3.630500E+03  1.620583E+00
  3.631000E+03  1.459224E+00
  3.631500E+03  1.390016E+00
  3.632000E+03  1.532822E+00
  3.632500E+03  1.733541E+00
  3.633000E+03  1.778003E+00
  3.633500E+03  1.662610E+00
  3.634000E+03  1.603009E+00
  3.634500E+03  1.749333E+00
  3.635000E+03  1.916080E+00
  3.635500E+03  1.647006E+00
  3.636000E+03  5.996776E-01
  3.636500E+03 -1.094651E+00
  3.637000E+03 -2.826987E+00
  3.637500E+03 -3.870982E+00
  3.638000E+03 -3.816107E+00
  3.638500E+03 -2.767368E+00
  3.639000E+03 -1.230793E+00
  3.639500E+03  1.741513E-01
  3.640000E+03  9.815733E-01
  3.640500E+03  1.016394E+00
  3.641000E+03  3.922493E-01
  3.641500E+03 -5.868679E-01
  3.642000E+03 -1.559706E+00
  3.642500E+03 -2.215742E+00
  3.643000E+03 -2.349472E+00
  3.643500E+03 -1.880046E+00
  3.644000E+03 -8.697854E-01
  3.644500E+03  4.647615E-01
  3.645000E+03  1.795645E+00
  3.645500E+03  2.797695E+00
  3.646000E+03  3.272567E+00
  3.646500E+03  3.192912E+00
  3.647000E+03  2.651606E+00
  3.647500E+03  1.795704E+00
  3.648000E+03  8.153116E-01
  3.648500E+03 -5.083949E-02
  3.649000E+03 -5.880936E-01
  3.649500E+03 -7.523605E-01
  3.650000E+03 -7.358657E-01
  3.650500E+03 -8.128071E-01
  3.651000E+03 -1.051818E+00
  3.651500E+03 -1.184960E+00
  3.652000E+03 -8.297929E-01
  3.652500E+03  9.382556E-02
  3.653000E+03  1.164041E+00
  3.653500E+03  1.726687E+00
  3.654000E+03  1.429915E+00
  3.654500E+03  5.283126E-01
  3.655000E+03 -3.407559E-01
  3.655500E+03 -7.002890E-01
  3.656000E+03 -5.870473E-01
  3.656500E+03 -4.121950E-01
  3.657000E+03 -5.153912E-01
  3.657500E+03 -8.676488E-01
  3.658000E+03 -1.178081E+00
  3.658500E+03 -1.234114E+00
  3.659000E+03 -1.101434E+00
  3.659500E+03 -1.004472E+00
  3.660000E+03 -1.055087E+00
  3.660500E+03 -1.128757E+00
  3.661000E+03 -1.001440E+00
  3.661500E+03 -5.857654E-01
  3.662000E+03 -2.607885E-02
  3.662500E+03  4.238617E-01
  3.663000E+03  6.048288E-01
  3.663500E+03  5.500645E-01
  3.664000E+03  4.163636E-01
  3.664500E+03  3.428753E-01
  3.665000E+03  3.714259E-01
  3.665500E+03  4.760069E-01
  3.666000E+03  6.411231E-01
  3.666500E+03  8.980742E-01
  3.667000E+03  1.285083E+00
  3.667500E+03  1.774382E+00
  3.668000E+03  2.236426E+00
  3.668500E+03  2.474951E+00
  3.669000E+03  2.310436E+00
  3.669500E+03  1.664125E+00
  3.670000E+03  6.085099E-01
  3.670500E+03 -6.290354E-01
  3.671000E+03 -1.720055E+00
  3.671500E+03 -2.353819E+00
  3.672000E+03 -2.390801E+00
  3.672500E+03 -1.960147E+00
  3.673000E+03 -1.400803E+00
  3.673500E+03 -1.042027E+00
  3.674000E+03 -9.660225E-01
  3.674500E+03 -9.494254E-01
  3.675000E+03 -6.541726E-01
  3.675500E+03  7.789138E-02
  3.676000E+03  1.073331E+00
  3.676500E+03  1.939842E+00
  3.677000E+03  2.328900E+00
  3.677500E+03  2.120167E+00
  3.678000E+03  1.411404E+00
  3.678500E+03  3.974960E-01
  3.679000E+03 -7.098151E-01
  3.679500E+03 -1.684851E+00
  3.680000E+03 -2.307708E+00
  3.680500E+03 -2.466647E+00
  3.681000E+03 -2.259303E+00
  3.681500E+03 -1.944416E+00
  3.682000E+03 -1.732047E+00
  3.682500E+03 -1.598405E+00
  3.683000E+03 -1.326653E+00
  3.683500E+03 -7.533408E-01
  3.684000E+03  3.013166E-02
  3.684500E+03  7.440754E-01
  3.685000E+03  1.199003E+00
  3.685500E+03  1.492650E+00
  3.686000E+03  1.902226E+00
  3.686500E+03  2.565404E+00
  3.687000E+03  3.275783E+00
  3.687500E+03  3.617449E+00
  3.688000E+03  3.327703E+00
  3.688500E+03  2.547084E+00
  3.689000E+03  1.718073E+00
  3.689500E+03  1.220097E+00
  3.690000E+03  1.062336E+00
  3.690500E+03  8.923260E-01
  3.691000E+03  3.000167E-01
  3.691500E+03 -8.382807E-01
  3.692000E+03 -2.240437E+00
  3.692500E+03 -3.397559E+00
  3.693000E+03 -3.906069E+00
  3.693500E+03 -3.714184E+00
  3.694000E+03 -3.119566E+00
  3.694500E+03 -2.532235E+00
  3.695000E+03 -2.177915E+00
  3.695500E+03 -1.956863E+00
  3.696000E+03 -1.559728E+00
  3.696500E+03 -7.487890E-01
  3.697000E+03  4.155616E-01
  3.697500E+03  1.580008E+00
  3.698000E+03  2.326945E+00
  3.698500E+03  2.444430E+00
  3.699000E+03  2.037133E+00
  3.699500E+03  1.420053E+00
  3.700000E+03  9.051318E-01
  3.700500E+03  6.443454E-01
  3.701000E+03  6.107382E-01
  3.701500E+03  6.795855E-01
  3.702000E+03  7.210148E-01
  3.702500E+03  6.491170E-01
  3.703000E+03  4.293373E-01
  3.703500E+03  6.941636E-02
  3.704000E+03 -3.904408E-01
  3.704500E+03 -8.843112E-01
  3.705000E+03 -1.322904E+00
  3.705500E+03 -1.596471E+00
  3.706000E+03 -1.595348E+00
  3.706500E+03 -1.260335E+00
  3.707000E+03 -6.405140E-01
  3.707500E+03  9.655012E-02
  3.708000E+03  7.377883E-01
  3.708500E+03  1.143381E+00
  3.709000E+03  1.317128E+00
  3.709500E+03  1.365465E+00
  3.710000E+03  1.384508E+00
  3.710500E+03  1.384079E+00
  3.711000E+03  1.313851E+00
  3.711500E+03  1.142640E+00
  3.712000E+03  8.872223E-01
  3.712500E+03  5.597730E-01
  3.713000E+03  1.189542E-01
  3.713500E+03 -4.795153E-01
  3.714000E+03 -1.163013E+00
  3.714500E+03 -1.702646E+00
  3.715000E+03 -1.854069E+00
  3.715500E+03 -1.581078E+00
  3.716000E+03 -1.134408E+00
  3.716500E+03 -8.680623E-01
  3.717000E+03 -9.398485E-01
  3.717500E+03 -1.181709E+00
  3.718000E+03 -1.269626E+00
  3.718500E+03 -1.022092E+00
  3.719000E+03 -5.321018E-01
  3.719500E+03 -2.655349E-02
  3.720000E+03  3.629202E-01
  3.720500E+03  6.663966E-01
  3.721000E+03  9.463960E-01
  3.721500E+03  1.172279E+00
  3.722000E+03  1.264249E+00
  3.722500E+03  1.226908E+00
  3.723000E+03  1.158298E+00
  3.723500E+03  1.087440E+00
  3.724000E+03  8.587072E-01
  3.724500E+03  2.817804E-01
  3.725000E+03 -5.558151E-01
  3.725500E+03 -1.190024E+00
  3.726000E+03 -1.116792E+00
  3.726500E+03 -3.030024E-01
  3.727000E+03  6.650003E-01
  3.727500E+03  1.030955E+00
  3.728000E+03  5.364335E-01
  3.728500E+03 -3.429874E-01
  3.729000E+03 -8.381192E-01
  3.729500E+03 -5.705988E-01
  3.730000E+03  1.831168E-01
  3.730500E+03  8.545704E-01
  3.731000E+03  1.135520E+00
  3.731500E+03  1.144142E+00
  3.732000E+03  1.110753E+00
  3.732500E+03  1.019839E+00
  3.733000E+03  6.388603E-01
  3.733500E+03 -1.294925E-01
  3.734000E+03 -1.020235E+00
  3.734500E+03 -1.594048E+00
  3.735000E+03 -1.638823E+00
  3.735500E+03 -1.340653E+00
  3.736000E+03 -1.051405E+00
  3.736500E+03 -9.303981E-01
  3.737000E+03 -8.501922E-01
  3.737500E+03 -6.309051E-01
  3.738000E+03 -3.016152E-01
  3.738500E+03 -8.920464E-02
  3.739000E+03 -1.647411E-01
  3.739500E+03 -4.388922E-01
  3.740000E+03 -6.176710E-01
  3.740500E+03 -4.420613E-01
  3.741000E+03  1.260511E-01
  3.741500E+03  9.062484E-01
  3.742000E+03  1.627221E+00
  3.742500E+03  2.048165E+00
  3.743000E+03  2.022240E+00
  3.743500E+03  1.529026E+00
  3.744000E+03  6.888133E-01
  3.744500E+03 -2.702093E-01
  3.745000E+03 -1.098454E+00
  3.745500E+03 -1.610992E+00
  3.746000E+03 -1.716779E+00
  3.746500E+03 -1.404445E+00
  3.747000E+03 -7.416367E-01
  3.747500E+03  1.044543E-01
  3.748000E+03  8.885391E-01
  3.748500E+03  1.389614E+00
  3.749000E+03  1.526336E+00
  3.749500E+03  1.371789E+00
  3.750000E+03  1.053003E+00
  3.750500E+03  6.540383E-01
  3.751000E+03  2.317693E-01
  3.751500E+03 -1.035191E-01
  3.752000E+03 -1.952079E-01
  3.752500E+03  1.597509E-02
  3.753000E+03  3.643417E-01
  3.753500E+03  5.360135E-01
  3.754000E+03  3.248604E-01
  3.754500E+03 -1.854365E-01
  3.755000E+03 -7.193608E-01
  3.755500E+03 -1.093339E+00
  3.756000E+03 -1.374892E+00
  3.756500E+03 -1.738852E+00
  3.757000E+03 -2.186086E+00
  3.757500E+03 -2.451987E+00
  3.758000E+03 -2.221555E+00
  3.758500E+03 -1.426166E+00
  3.759000E+03 -3.139951E-01
  3.759500E+03  7.558582E-01
  3.760000E+03  1.556585E+00
  3.760500E+03  2.040136E+00
  3.761000E+03  2.212318E+00
  3.761500E+03  2.046109E+00
  3.762000E+03  1.544835E+00
  3.762500E+03  8.408536E-01
  3.763000E+03  1.605543E-01
  3.763500E+03 -3.343330E-01
  3.764000E+03 -6.465970E-01
  3.764500E+03 -8.634468E-01
  3.765000E+03 -9.954588E-01
  3.765500E+03 -9.345174E-01
  3.766000E+03 -5.851829E-01
  3.766500E+03 -1.237521E-02
  3.767000E+03  5.711758E-01
  3.767500E+03  9.652507E-01
  3.768000E+03  1.115494E+00
  3.768500E+03  1.096802E+00
  3.769000E+03  1.004890E+00
  3.769500E+03  8.935215E-01
  3.770000E+03  7.931644E-01
  3.770500E+03  7.240141E-01
  3.771000E+03  6.457270E-01
  3.771500E+03  4.204766E-01
  3.772000E+03 -9.877599E-02
  3.772500E+03 -8.879846E-01
  3.773000E+03 -1.669546E+00
  3.773500E+03 -2.067257E+00
  3.774000E+03 -1.897980E+00
  3.774500E+03 -1.329142E+00
  3.775000E+03 -7.392379E-01
  3.775500E+03 -4.084936E-01
  3.776000E+03 -3.336567E-01
  3.776500E+03 -3.269532E-01
  3.777000E+03 -2.687098E-01
  3.777500E+03 -2.395714E-01
  3.778000E+03 -3.995130E-01
  3.778500E+03 -7.480237E-01
  3.779000E+03 -1.020960E+00
  3.779500E+03 -8.472652E-01
  3.780000E+03 -4.454307E-02
  3.780500E+03  1.194816E+00
  3.781000E+03  2.384361E+00
  3.781500E+03  3.033395E+00
  3.782000E+03  2.931681E+00
  3.782500E+03  2.233241E+00
  3.783000E+03  1.306561E+00
  3.783500E+03  4.880003E-01
  3.784000E+03 -8.041994E-02
  3.784500E+03 -4.477252E-01
  3.785000E+03 -7.439245E-01
  3.785500E+03 -1.073963E+00
  3.786000E+03 -1.466472E+00
  3.786500E+03 -1.852854E+00
  3.787000E+03 -2.059299E+00
  3.787500E+03 -1.856370E+00
  3.788000E+03 -1.107216E+00
  3.788500E+03  5.969860E-02
  3.789000E+03  1.229471E+00
  3.789500E+03  1.929024E+00
  3.790000E+03  1.962459E+00
  3.790500E+03  1.551521E+00
  3.791000E+03  1.115897E+00
  3.791500E+03  8.735426E-01
  3.792000E+03  6.467435E-01
  3.792500E+03  8.014737E-02
  3.793000E+03 -9.340337E-01
  3.793500E+03 -2.050861E+00
  3.794000E+03 -2.706405E+00
  3.794500E+03 -2.576539E+00
  3.795000E+03 -1.831415E+00
  3.795500E+03 -9.664630E-01
  3.796000E+03 -3.944120E-01
  3.796500E+03 -1.732474E-01
  3.797000E+03 -6.851124E-02
  3.797500E+03  1.739071E-01
  3.798000E+03  6.151882E-01
  3.798500E+03  1.122082E+00
  3.799000E+03  1.515093E+00
  3.799500E+03  1.707150E+00
  3.800000E+03  1.730910E+00
  3.800500E+03  1.664881E+00
  3.801000E+03  1.538882E+00
  3.801500E+03  1.303741E+00
  3.802000E+03  8.995310E-01
  3.802500E+03  3.699944E-01
  3.803000E+03 -9.612195E-02
  3.803500E+03 -2.802653E-01
  3.804000E+03 -1.404746E-01
  3.804500E+03  8.658875E-02
  3.805000E+03  2.968823E-02
  3.805500E+03 -5.153485E-01
  3.806000E+03 -1.395529E+00
  3.806500E+03 -2.207869E+00
  3.807000E+03 -2.603887E+00
  3.807500E+03 -2.504797E+00
  3.808000E+03 -2.057603E+00
  3.808500E+03 -1.443374E+00
  3.809000E+03 -7.692817E-01
  3.809500E+03 -1.148290E-01
  3.810000E+03  4.125097E-01
  3.810500E+03  7.438170E-01
  3.811000E+03  9.558766E-01
  3.811500E+03  1.229921E+00
  3.812000E+03  1.647185E+00
  3.812500E+03  2.051945E+00
  3.813000E+03  2.184043E+00
  3.813500E+03  1.964288E+00
  3.814000E+03  1.591252E+00
  3.814500E+03  1.296631E+00
  3.815000E+03  1.026773E+00
  3.815500E+03  4.573958E-01
  3.816000E+03 -6.120578E-01
  3.816500E+03 -1.908053E+00
  3.817000E+03 -2.807789E+00
  3.817500E+03 -2.859897E+00
  3.818000E+03 -2.165267E+00
  3.818500E+03 -1.223451E+00
  3.819000E+03 -4.428079E-01
  3.819500E+03  1.309798E-01
  3.820000E+03  6.109204E-01
  3.820500E+03  9.217620E-01
  3.821000E+03  8.065055E-01
  3.821500E+03  2.148873E-01
  3.822000E+03 -4.277584E-01
  3.822500E+03 -4.960965E-01
  3.823000E+03  2.239554E-01
  3.823500E+03  1.248823E+00
  3.824000E+03  1.802997E+00
  3.824500E+03  1.539751E+00
  3.825000E+03  8.376898E-01
  3.825500E+03  3.731573E-01
  3.826000E+03  4.306473E-01
  3.826500E+03  6.666420E-01
  3.827000E+03  5.326217E-01
  3.827500E+03 -1.290429E-01
  3.828000E+03 -9.371095E-01
  3.828500E+03 -1.376336E+00
  3.829000E+03 -1.291906E+00
  3.829500E+03 -9.775351E-01
  3.830000E+03 -8.286980E-01
  3.830500E+03 -9.591254E-01
  3.831000E+03 -1.148672E+00
  3.831500E+03 -1.112621E+00
  3.832000E+03 -7.852317E-01
  3.832500E+03 -3.562396E-01
  3.833000E+03 -7.020031E-02
  3.833500E+03 -2.319807E-03
  3.834000E+03 -5.415920E-03
  3.834500E+03  1.479313E-01
  3.835000E+03  5.614693E-01
  3.835500E+03  1.118354E+00
  3.836000E+03  1.564938E+00
  3.836500E+03  1.697957E+00
  3.837000E+03  1.490459E+00
  3.837500E+03  1.054566E+00
  3.838000E+03  5.071325E-01
  3.838500E+03 -9.428668E-02
  3.839000E+03 -6.721065E-01
  3.839500E+03 -1.033993E+00
  3.840000E+03 -9.514352E-01
  3.840500E+03 -4.040114E-01
  3.841000E+03  2.709356E-01
  3.841500E+03  5.665798E-01
  3.842000E+03  2.381566E-01
  3.842500E+03 -4.283822E-01
  3.843000E+03 -8.179075E-01
  3.843500E+03 -5.051768E-01
  3.844000E+03  3.998661E-01
  3.844500E+03  1.400407E+00
  3.845000E+03  2.062705E+00
  3.845500E+03  2.286164E+00
  3.846000E+03  2.162056E+00
  3.846500E+03  1.678191E+00
  3.847000E+03  6.818751E-01
  3.847500E+03 -8.374773E-01
  3.848000E+03 -2.511195E+00
  3.848500E+03 -3.746224E+00
  3.849000E+03 -4.166325E+00
  3.849500E+03 -3.881003E+00
  3.850000E+03 -3.293013E+00
  3.850500E+03 -2.659628E+00
  3.851000E+03 -1.884864E+00
  3.851500E+03 -7.474190E-01
  3.852000E+03  7.165203E-01
  3.852500E+03  2.107960E+00
  3.853000E+03  2.943643E+00
  3.853500E+03  3.015717E+00
  3.854000E+03  2.486084E+00
  3.854500E+03  1.689157E+00
  3.855000E+03  9.012248E-01
  3.855500E+03  2.839977E-01
  3.856000E+03 -5.071062E-02
  3.856500E+03 -3.301073E-02
  3.857000E+03  2.771682E-01
  3.857500E+03  6.521144E-01
  3.858000E+03  8.271435E-01
  3.858500E+03  7.100923E-01
  3.859000E+03  4.562909E-01
  3.859500E+03  3.215731E-01
  3.860000E+03  4.389698E-01
  3.860500E+03  7.362544E-01
  3.861000E+03  1.047038E+00
  3.861500E+03  1.264440E+00
  3.862000E+03  1.369765E+00
  3.862500E+03  1.337592E+00
  3.863000E+03  1.065599E+00
  3.863500E+03  4.394174E-01
  3.864000E+03 -5.233717E-01
  3.864500E+03 -1.607382E+00
  3.865000E+03 -2.498603E+00
  3.865500E+03 -2.975613E+00
  3.866000E+03 -3.035557E+00
  3.866500E+03 -2.861985E+00
  3.867000E+03 -2.678137E+00
  3.867500E+03 -2.607720E+00
  3.868000E+03 -2.629957E+00
  3.868500E+03 -2.622235E+00
  3.869000E+03 -2.427410E+00
  3.869500E+03 -1.904011E+00
  3.870000E+03 -9.709704E-01
  3.870500E+03  3.300944E-01
  3.871000E+03  1.781348E+00
  3.871500E+03  3.017507E+00
  3.872000E+03  3.678057E+00
  3.872500E+03  3.615950E+00
  3.873000E+03  3.013213E+00
  3.873500E+03  2.296176E+00
  3.874000E+03  1.891613E+00
  3.874500E+03  1.988378E+00
  3.875000E+03  2.455575E+00
  3.875500E+03  2.943027E+00
  3.876000E+03  3.077143E+00
  3.876500E+03  2.645033E+00
  3.877000E+03  1.696606E+00
  3.877500E+03  5.214449E-01
  3.878000E+03 -5.155594E-01
  3.878500E+03 -1.213142E+00
  3.879000E+03 -1.675630E+00
  3.879500E+03 -2.201515E+00
  3.880000E+03 -2.968971E+00
  3.880500E+03 -3.802176E+00
  3.881000E+03 -4.281393E+00
  3.881500E+03 -4.128073E+00
  3.882000E+03 -3.473646E+00
  3.882500E+03 -2.698096E+00
  3.883000E+03 -1.986307E+00
  3.883500E+03 -1.107160E+00
  3.884000E+03  2.750177E-01
  3.884500E+03  2.045406E+00
  3.885000E+03  3.474388E+00
  3.885500E+03  3.728539E+00
  3.886000E+03  2.618848E+00
  3.886500E+03  8.388807E-01
  3.887000E+03 -5.740453E-01
  3.887500E+03 -1.042572E+00
  3.888000E+03 -7.629295E-01
  3.888500E+03 -3.135652E-01
  3.889000E+03 -5.369800E-02
  3.889500E+03  7.779971E-02
  3.890000E+03  2.863431E-01
  3.890500E+03  6.062049E-01
  3.891000E+03  9.091214E-01
  3.891500E+03  1.117410E+00
  3.892000E+03  1.259319E+00
  3.892500E+03  1.286735E+00
  3.893000E+03  9.672495E-01
  3.893500E+03  1.092480E-01
  3.894000E+03 -1.080349E+00
  3.894500E+03 -1.971636E+00
  3.895000E+03 -1.965851E+00
  3.895500E+03 -1.010134E+00
  3.896000E+03  3.655590E-01
  3.896500E+03  1.525854E+00
  3.897000E+03  2.206079E+00
  3.897500E+03  2.513890E+00
  3.898000E+03  2.556891E+00
  3.898500E+03  2.209274E+00
  3.899000E+03  1.303165E+00
  3.899500E+03 -2.994010E-02
  3.900000E+03 -1.336386E+00
  3.900500E+03 -2.204688E+00
  3.901000E+03 -2.599616E+00
  3.901500E+03 -2.780261E+00
  3.902000E+03 -2.919115E+00
  3.902500E+03 -2.889985E+00
  3.903000E+03 -2.468529E+00
  3.903500E+03 -1.678856E+00
  3.904000E+03 -8.489992E-01
  3.904500E+03 -2.992109E-01
  3.905000E+03 -2.526544E-02
  3.905500E+03  2.681066E-01
  3.906000E+03  8.418569E-01
  3.906500E+03  1.670433E+00
  3.907000E+03  2.491370E+00
  3.907500E+03  3.026319E+00
  3.908000E+03  3.111691E+00
  3.908500E+03  2.678978E+00
  3.909000E+03  1.737461E+00
  3.909500E+03  4.494537E-01
  3.910000E+03 -8.254920E-01
  3.910500E+03 -1.671652E+00
  3.911000E+03 -1.874733E+00
  3.911500E+03 -1.546498E+00
  3.912000E+03 -9.875829E-01
  3.912500E+03 -4.455430E-01
  3.913000E+03 -1.657963E-02
  3.913500E+03  2.714394E-01
  3.914000E+03  3.821355E-01
  3.914500E+03  3.295985E-01
  3.915000E+03  2.568665E-01
  3.915500E+03  3.440928E-01
  3.916000E+03  5.861238E-01
  3.916500E+03  7.119238E-01
  3.917000E+03  4.090998E-01
  3.917500E+03 -3.455310E-01
  3.918000E+03 -1.215356E+00
  3.918500E+03 -1.789539E+00
  3.919000E+03 -1.916291E+00
  3.919500E+03 -1.728103E+00
  3.920000E+03 -1.377043E+00
  3.920500E+03 -8.340781E-01
  3.921000E+03  6.734346E-03
  3.921500E+03  1.084366E+00
  3.922000E+03  2.127107E+00
  3.922500E+03  2.873178E+00
  3.923000E+03  3.263276E+00
  3.923500E+03  3.353009E+00
  3.924000E+03  3.084595E+00
  3.924500E+03  2.274437E+00
  3.925000E+03  8.977135E-01
  3.925500E+03 -6.833434E-01
  3.926000E+03 -1.907840E+00
  3.926500E+03 -2.490314E+00
  3.927000E+03 -2.649945E+00
  3.927500E+03 -2.794152E+00
  3.928000E+03 -2.995091E+00
  3.928500E+03 -2.881917E+00
  3.929000E+03 -2.115559E+00
  3.929500E+03 -9.174662E-01
  3.930000E+03 -1.403144E-02
  3.930500E+03  5.255203E-03
  3.931000E+03 -7.457490E-01
  3.931500E+03 -1.549094E+00
  3.932000E+03 -1.720236E+00
  3.932500E+03 -1.116026E+00
  3.933000E+03 -6.604518E-02
  3.933500E+03  1.054765E+00
  3.934000E+03  2.076690E+00
  3.934500E+03  2.914591E+00
  3.935000E+03  3.386364E+00
  3.935500E+03  3.309573E+00
  3.936000E+03  2.774554E+00
  3.936500E+03  2.188080E+00
  3.937000E+03  1.930009E+00
  3.937500E+03  1.964995E+00
  3.938000E+03  1.866991E+00
  3.938500E+03  1.272038E+00
  3.939000E+03  2.844175E-01
  3.939500E+03 -6.004359E-01
  3.940000E+03 -9.685591E-01
  3.940500E+03 -8.563301E-01
  3.941000E+03 -6.617782E-01
  3.941500E+03 -7.449117E-01
  3.942000E+03 -1.149523E+00
  3.942500E+03 -1.679346E+00
  3.943000E+03 -2.162080E+00
  3.943500E+03 -2.586525E+00
  3.944000E+03 -3.003711E+00
  3.944500E+03 -3.353581E+00
  3.945000E+03 -3.424469E+00
  3.945500E+03 -2.986496E+00
  3.946000E+03 -1.978976E+00
  3.946500E+03 -6.098383E-01
  3.947000E+03  7.027500E-01
  3.947500E+03  1.533477E+00
  3.948000E+03  1.703913E+00
  3.948500E+03  1.423531E+00
  3.949000E+03  1.175494E+00
  3.949500E+03  1.378260E+00
  3.950000E+03  2.066867E+00
  3.950500E+03  2.862505E+00
  3.951000E+03  3.259438E+00
  3.951500E+03  2.973572E+00
  3.952000E+03  2.066782E+00
  3.952500E+03  8.130985E-01
  3.953000E+03 -4.856662E-01
  3.953500E+03 -1.561756E+00
  3.954000E+03 -2.172305E+00
  3.954500E+03 -2.167211E+00
  3.955000E+03 -1.621014E+00
  3.955500E+03 -8.361289E-01
  3.956000E+03 -1.183019E-01
  3.956500E+03  4.785750E-01
  3.957000E+03  1.129234E+00
  3.957500E+03  1.908529E+00
  3.958000E+03  2.518062E+00
  3.958500E+03  2.435880E+00
  3.959000E+03  1.408641E+00
  3.959500E+03 -2.140939E-01
  3.960000E+03 -1.688401E+00
  3.960500E+03 -2.450463E+00
  3.961000E+03 -2.490929E+00
  3.961500E+03 -2.189046E+00
  3.962000E+03 -1.850503E+00
  3.962500E+03 -1.472109E+00
  3.963000E+03 -9.344544E-01
  3.963500E+03 -3.065971E-01
  3.964000E+03  1.523535E-01
  3.964500E+03  2.986785E-01
  3.965000E+03  3.179047E-01
  3.965500E+03  5.464132E-01
  3.966000E+03  1.075395E+00
  3.966500E+03  1.588512E+00
  3.967000E+03  1.632345E+00
  3.967500E+03  1.037632E+00
  3.968000E+03  5.691428E-02
  3.968500E+03 -8.852209E-01
  3.969000E+03 -1.524501E+00
  3.969500E+03 -1.839695E+00
  3.970000E+03 -1.888357E+00
  3.970500E+03 -1.665609E+00
  3.971000E+03 -1.157654E+00
  3.971500E+03 -4.693209E-01
  3.972000E+03  1.932057E-01
  3.972500E+03  6.968098E-01
  3.973000E+03  1.098667E+00
  3.973500E+03  1.545365E+00
  3.974000E+03  2.061812E+00
  3.974500E+03  2.481687E+00
  3.975000E+03  2.606070E+00
  3.975500E+03  2.403653E+00
  3.976000E+03  2.018828E+00
  3.976500E+03  1.589006E+00
  3.977000E+03  1.101896E+00
  3.977500E+03  4.691735E-01
  3.978000E+03 -2.776471E-01
  3.978500E+03 -9.224724E-01
  3.979000E+03 -1.238099E+00
  3.979500E+03 -1.222617E+00
  3.980000E+03 -1.134486E+00
  3.980500E+03 -1.271454E+00
  3.981000E+03 -1.710381E+00
  3.981500E+03 -2.259068E+00
  3.982000E+03 -2.641123E+00
  3.982500E+03 -2.703864E+00
  3.983000E+03 -2.453196E+00
  3.983500E+03 -1.937266E+00
  3.984000E+03 -1.161813E+00
  3.984500E+03 -1.493249E-01
  3.985000E+03  9.468402E-01
  3.985500E+03  1.847245E+00
  3.986000E+03  2.310476E+00
  3.986500E+03  2.301774E+00
  3.987000E+03  1.985903E+00
  3.987500E+03  1.546697E+00
  3.988000E+03  1.025058E+00
  3.988500E+03  3.477055E-01
  3.989000E+03 -4.925433E-01
  3.989500E+03 -1.313545E+00
  3.990000E+03 -1.823448E+00
  3.990500E+03 -1.824989E+00
  3.991000E+03 -1.334617E+00
  3.991500E+03 -5.137936E-01
  3.992000E+03  4.747491E-01
  3.992500E+03  1.505946E+00
  3.993000E+03  2.405694E+00
  3.993500E+03  2.903298E+00
  3.994000E+03  2.759296E+00
  3.994500E+03  1.979919E+00
  3.995000E+03  8.805026E-01
  3.995500E+03 -1.092978E-01
  3.996000E+03 -7.254220E-01
  3.996500E+03 -9.620921E-01
  3.997000E+03 -9.206321E-01
  3.997500E+03 -6.412328E-01
  3.998000E+03 -1.458059E-01
  3.998500E+03  3.788529E-01
  3.999000E+03  5.598255E-01
  3.999500E+03  1.234096E-01
  4.000000E+03 -7.695255E-01
  4.000500E+03 -1.552512E+00
  4.001000E+03 -1.721434E+00
  4.001500E+03 -1.311479E+00
  4.002000E+03 -8.702338E-01
  4.002500E+03 -9.103093E-01
  4.003000E+03 -1.391667E+00
  4.003500E+03 -1.782090E+00
  4.004000E+03 -1.637975E+00
  4.004500E+03 -1.083422E+00
  4.005000E+03 -6.696298E-01
  4.005500E+03 -7.662897E-01
  4.006000E+03 -1.141184E+00
  4.006500E+03 -1.174376E+00
  4.007000E+03 -4.699949E-01
  4.007500E+03  7.769030E-01
  4.008000E+03  2.006616E+00
  4.008500E+03  2.824084E+00
  4.009000E+03  3.263361E+00
  4.009500E+03  3.566610E+00
  4.010000E+03  3.797799E+00
  4.010500E+03  3.745528E+00
  4.011000E+03  3.195952E+00
  4.011500E+03  2.235101E+00
  4.012000E+03  1.232127E+00
  4.012500E+03  5.248107E-01
  4.013000E+03  1.391726E-01
  4.013500E+03 -1.912235E-01
  4.014000E+03 -7.621607E-01
  4.014500E+03 -1.660396E+00
  4.015000E+03 -2.736587E+00
  4.015500E+03 -3.745978E+00
  4.016000E+03 -4.490169E+00
  4.016500E+03 -4.857907E+00
  4.017000E+03 -4.792057E+00
  4.017500E+03 -4.262778E+00
  4.018000E+03 -3.286180E+00
  4.018500E+03 -1.964718E+00
  4.019000E+03 -4.968523E-01
  4.019500E+03  8.808231E-01
  4.020000E+03  2.003656E+00
  4.020500E+03  2.862034E+00
  4.021000E+03  3.563966E+00
  4.021500E+03  4.172260E+00
  4.022000E+03  4.553515E+00
  4.022500E+03  4.417148E+00
  4.023000E+03  3.565308E+00
  4.023500E+03  2.139948E+00
  4.024000E+03  6.028662E-01
  4.024500E+03 -5.748785E-01
  4.025000E+03 -1.229132E+00
  4.025500E+03 -1.511267E+00
  4.026000E+03 -1.598211E+00
  4.026500E+03 -1.447461E+00
  4.027000E+03 -8.960559E-01
  4.027500E+03  1.411373E-03
  4.028000E+03  8.127254E-01
  4.028500E+03  9.999866E-01
  4.029000E+03  3.895154E-01
  4.029500E+03 -6.583634E-01
  4.030000E+03 -1.588202E+00
  4.030500E+03 -2.155867E+00
  4.031000E+03 -2.564922E+00
  4.031500E+03 -3.092822E+00
  4.032000E+03 -3.633484E+00
  4.032500E+03 -3.688055E+00
  4.033000E+03 -2.849909E+00
  4.033500E+03 -1.278725E+00
  4.034000E+03  3.544984E-01
  4.034500E+03  1.426423E+00
  4.035000E+03  1.880214E+00
  4.035500E+03  2.206188E+00
  4.036000E+03  2.927417E+00
  4.036500E+03  4.096577E+00
  4.037000E+03  5.247894E+00
  4.037500E+03  5.782071E+00
  4.038000E+03  5.393117E+00
  4.038500E+03  4.198766E+00
  4.039000E+03  2.567717E+00
  4.039500E+03  8.713307E-01
  4.040000E+03 -6.558311E-01
  4.040500E+03 -1.936088E+00
  4.041000E+03 -3.016508E+00
  4.041500E+03 -4.001800E+00
  4.042000E+03 -4.937041E+00
  4.042500E+03 -5.693266E+00
  4.043000E+03 -5.976353E+00
  4.043500E+03 -5.507603E+00
  4.044000E+03 -4.249483E+00
  4.044500E+03 -2.471433E+00
  4.045000E+03 -5.890291E-01
  4.045500E+03  1.065167E+00
  4.046000E+03  2.322669E+00
  4.046500E+03  3.082513E+00
  4.047000E+03  3.227455E+00
  4.047500E+03  2.724351E+00
  4.048000E+03  1.819972E+00
  4.048500E+03  1.045804E+00
  4.049000E+03  8.865502E-01
  4.049500E+03  1.349249E+00
  4.050000E+03  1.876445E+00
  4.050500E+03  1.787622E+00
  4.051000E+03  9.078143E-01
  4.051500E+03 -2.112710E-01
  4.052000E+03 -7.376879E-01
  4.052500E+03 -2.936529E-01
  4.053000E+03  7.078422E-01
  4.053500E+03  1.445382E+00
  4.054000E+03  1.419521E+00
  4.054500E+03  8.348190E-01
  4.055000E+03  3.047617E-01
  4.055500E+03  2.248539E-01
  4.056000E+03  4.472185E-01
  4.056500E+03  5.248989E-01
  4.057000E+03  1.980914E-01
  4.057500E+03 -3.993249E-01
  4.058000E+03 -9.675292E-01
  4.058500E+03 -1.380521E+00
  4.059000E+03 -1.752832E+00
  4.059500E+03 -2.214893E+00
  4.060000E+03 -2.711050E+00
  4.060500E+03 -3.057236E+00
  4.061000E+03 -3.147977E+00
  4.061500E+03 -3.031730E+00
  4.062000E+03 -2.775328E+00
  4.062500E+03 -2.331210E+00
  4.063000E+03 -1.616574E+00
  4.063500E+03 -7.129523E-01
  4.064000E+03  1.079693E-01
  4.064500E+03  6.420779E-01
  4.065000E+03  1.030951E+00
  4.065500E+03  1.701339E+00
  4.066000E+03  2.950127E+00
  4.066500E+03  4.572379E+00
  4.067000E+03  5.928826E+00
  4.067500E+03  6.407247E+00
  4.068000E+03  5.832622E+00
  4.068500E+03  4.464446E+00
  4.069000E+03  2.677549E+00
  4.069500E+03  7.279803E-01
  4.070000E+03 -1.173025E+00
  4.070500E+03 -2.675799E+00
  4.071000E+03 -3.348392E+00
  4.071500E+03 -3.017948E+00
  4.072000E+03 -2.048091E+00
  4.072500E+03 -1.191196E+00
  4.073000E+03 -1.065261E+00
  4.073500E+03 -1.699751E+00
  4.074000E+03 -2.551486E+00
  4.074500E+03 -2.960426E+00
  4.075000E+03 -2.637685E+00
  4.075500E+03 -1.802217E+00
  4.076000E+03 -9.293525E-01
  4.076500E+03 -3.816412E-01
  4.077000E+03 -2.118750E-01
  4.077500E+03 -2.244555E-01
  4.078000E+03 -1.822291E-01
  4.078500E+03  1.102583E-02
  4.079000E+03  2.630335E-01
  4.079500E+03  3.952216E-01
  4.080000E+03  3.187979E-01
  4.080500E+03  1.502781E-01
  4.081000E+03  1.565022E-01
  4.081500E+03  5.468498E-01
  4.082000E+03  1.275004E+00
  4.082500E+03  2.029276E+00
  4.083000E+03  2.435169E+00
  4.083500E+03  2.303661E+00
  4.084000E+03  1.724335E+00
  4.084500E+03  9.580200E-01
  4.085000E+03  2.622327E-01
  4.085500E+03 -1.981997E-01
  4.086000E+03 -3.383636E-01
  4.086500E+03 -1.364987E-01
  4.087000E+03  3.248725E-01
  4.087500E+03  8.220393E-01
  4.088000E+03  1.060518E+00
  4.088500E+03  8.493018E-01
  4.089000E+03  2.419933E-01
  4.089500E+03 -4.911861E-01
  4.090000E+03 -1.049375E+00
  4.090500E+03 -1.290990E+00
  4.091000E+03 -1.278503E+00
  4.091500E+03 -1.167969E+00
  4.092000E+03 -1.063697E+00
  4.092500E+03 -9.645279E-01
  4.093000E+03 -8.250338E-01
  4.093500E+03 -6.497989E-01
  4.094000E+03 -5.201705E-01
  4.094500E+03 -5.235691E-01
  4.095000E+03 -6.504057E-01
  4.095500E+03 -7.643863E-01
  4.096000E+03 -6.981399E-01
  4.096500E+03 -4.092567E-01
  4.097000E+03 -5.067899E-02
  4.097500E+03  1.409159E-01
  4.098000E+03  6.754047E-02
  4.098500E+03 -1.048607E-01
  4.099000E+03 -7.191027E-02
  4.099500E+03  3.140437E-01
  4.100000E+03  8.571556E-01
  4.100500E+03  1.152597E+00
  4.101000E+03  9.520569E-01
  4.101500E+03  4.196209E-01
  4.102000E+03  1.415330E-02
  4.102500E+03  8.997463E-02
  4.103000E+03  5.909712E-01
  4.103500E+03  1.126383E+00
  4.104000E+03  1.338895E+00
  4.104500E+03  1.194030E+00
  4.105000E+03  9.226413E-01
  4.105500E+03  7.183798E-01
  4.106000E+03  5.342232E-01
  4.106500E+03  1.885959E-01
  4.107000E+03 -3.582685E-01
  4.107500E+03 -8.799472E-01
  4.108000E+03 -1.060339E+00
  4.108500E+03 -7.901151E-01
  4.109000E+03 -2.744879E-01
  4.109500E+03  1.537871E-01
  4.110000E+03  3.173206E-01
  4.110500E+03  2.908423E-01
  4.111000E+03  2.413743E-01
  4.111500E+03  2.085338E-01
  4.112000E+03  6.351466E-02
  4.112500E+03 -3.240675E-01
  4.113000E+03 -9.053257E-01
  4.113500E+03 -1.454362E+00
  4.114000E+03 -1.747895E+00
  4.114500E+03 -1.734628E+00
  4.115000E+03 -1.532384E+00
  4.115500E+03 -1.279187E+00
  4.116000E+03 -1.005443E+00
  4.116500E+03 -6.482815E-01
  4.117000E+03 -1.661678E-01
  4.117500E+03  3.831279E-01
  4.118000E+03  8.751204E-01
  4.118500E+03  1.206675E+00
  4.119000E+03  1.341396E+00
  4.119500E+03  1.290447E+00
  4.120000E+03  1.090335E+00
  4.120500E+03  8.208011E-01
  4.121000E+03  6.179254E-01
  4.121500E+03  6.110506E-01
  4.122000E+03  8.033025E-01
  4.122500E+03  1.019280E+00
  4.123000E+03  1.013182E+00
  4.123500E+03  6.689429E-01
  4.124000E+03  1.056423E-01
  4.124500E+03 -4.220074E-01
  4.125000E+03 -7.310768E-01
  4.125500E+03 -8.178044E-01
  4.126000E+03 -7.743054E-01
  4.126500E+03 -6.405978E-01
  4.127000E+03 -3.817163E-01
  4.127500E+03 -1.161593E-02
  4.128000E+03  3.144553E-01
  4.128500E+03  3.983571E-01
  4.129000E+03  2.129774E-01
  4.129500E+03 -1.918206E-02
  4.130000E+03 -1.976351E-02
  4.130500E+03  2.461413E-01
  4.131000E+03  4.855331E-01
  4.131500E+03  3.341057E-01
  4.132000E+03 -2.754446E-01
  4.132500E+03 -9.988704E-01
  4.133000E+03 -1.345247E+00
  4.133500E+03 -1.076304E+00
  4.134000E+03 -3.756239E-01
  4.134500E+03  3.365173E-01
  4.135000E+03  7.318364E-01
  4.135500E+03  7.436011E-01
  4.136000E+03  4.816194E-01
  4.136500E+03  5.303477E-02
  4.137000E+03 -5.057996E-01
  4.137500E+03 -1.149935E+00
  4.138000E+03 -1.732284E+00
  4.138500E+03 -2.027832E+00
  4.139000E+03 -1.869064E+00
  4.139500E+03 -1.272288E+00
  4.140000E+03 -4.465140E-01
  4.140500E+03  3.233124E-01
  4.141000E+03  8.375852E-01
  4.141500E+03  1.084465E+00
  4.142000E+03  1.220397E+00
  4.142500E+03  1.440099E+00
  4.143000E+03  1.821285E+00
  4.143500E+03  2.255281E+00
  4.144000E+03  2.517839E+00
  4.144500E+03  2.424980E+00
  4.145000E+03  1.950319E+00
  4.145500E+03  1.221943E+00
  4.146000E+03  4.276122E-01
  4.146500E+03 -2.777812E-01
  4.147000E+03 -8.077743E-01
  4.147500E+03 -1.145945E+00
  4.148000E+03 -1.349482E+00
  4.148500E+03 -1.534237E+00
  4.149000E+03 -1.795918E+00
  4.149500E+03 -2.093145E+00
  4.150000E+03 -2.207742E+00
  4.150500E+03 -1.870471E+00
  4.151000E+03 -9.855548E-01
  4.151500E+03  2.373024E-01
  4.152000E+03  1.375403E+00
  4.152500E+03  2.041287E+00
  4.153000E+03  2.081965E+00
  4.153500E+03  1.591811E+00
  4.154000E+03  7.862144E-01
  4.154500E+03 -1.185676E-01
  4.155000E+03 -9.432725E-01
  4.155500E+03 -1.544403E+00
  4.156000E+03 -1.836182E+00
  4.156500E+03 -1.821754E+00
  4.157000E+03 -1.578492E+00
  4.157500E+03 -1.199555E+00
  4.158000E+03 -7.587956E-01
  4.158500E+03 -3.306821E-01
  4.159000E+03 -2.905158E-03
  4.159500E+03  1.863471E-01
  4.160000E+03  3.340066E-01
  4.160500E+03  6.379280E-01
  4.161000E+03  1.200491E+00
  4.161500E+03  1.842892E+00
  4.162000E+03  2.167013E+00
  4.162500E+03  1.879664E+00
  4.163000E+03  1.092953E+00
  4.163500E+03  2.836558E-01
  4.164000E+03 -8.692912E-02
  4.164500E+03  5.611708E-02
  4.165000E+03  3.852387E-01
  4.165500E+03  4.978030E-01
  4.166000E+03  2.503492E-01
  4.166500E+03 -1.934765E-01
  4.167000E+03 -5.676564E-01
  4.167500E+03 -7.014060E-01
  4.168000E+03 -5.465286E-01
  4.168500E+03 -1.144922E-01
  4.169000E+03  5.262323E-01
  4.169500E+03  1.199016E+00
  4.170000E+03  1.652246E+00
  4.170500E+03  1.717465E+00
  4.171000E+03  1.433398E+00
  4.171500E+03  9.668811E-01
  4.172000E+03  3.971733E-01
  4.172500E+03 -3.752065E-01
  4.173000E+03 -1.455031E+00
  4.173500E+03 -2.700807E+00
  4.174000E+03 -3.716959E+00
  4.174500E+03 -4.156311E+00
  4.175000E+03 -4.027013E+00
  4.175500E+03 -3.655332E+00
  4.176000E+03 -3.323285E+00
  4.176500E+03 -2.969490E+00
  4.177000E+03 -2.280967E+00
  4.177500E+03 -1.070979E+00
  4.178000E+03  4.752019E-01
  4.178500E+03  1.943947E+00
  4.179000E+03  3.043345E+00
  4.179500E+03  3.767601E+00
  4.180000E+03  4.232640E+00
  4.180500E+03  4.434080E+00
  4.181000E+03  4.247772E+00
  4.181500E+03  3.666983E+00
  4.182000E+03  2.952835E+00
  4.182500E+03  2.456179E+00
  4.183000E+03  2.262807E+00
  4.183500E+03  2.058043E+00
  4.184000E+03  1.403473E+00
  4.184500E+03  1.795187E-01
  4.185000E+03 -1.246314E+00
  4.185500E+03 -2.300718E+00
  4.186000E+03 -2.667757E+00
  4.186500E+03 -2.503059E+00
  4.187000E+03 -2.230953E+00
  4.187500E+03 -2.153649E+00
  4.188000E+03 -2.238488E+00
  4.188500E+03 -2.231796E+00
  4.189000E+03 -1.934533E+00
  4.189500E+03 -1.371822E+00
  4.190000E+03 -7.459608E-01
  4.190500E+03 -2.753839E-01
  4.191000E+03 -8.057235E-02
  4.191500E+03 -1.731727E-01
  4.192000E+03 -4.906252E-01
  4.192500E+03 -9.152449E-01
  4.193000E+03 -1.288522E+00
  4.193500E+03 -1.460197E+00
  4.194000E+03 -1.355358E+00
  4.194500E+03 -9.871873E-01
  4.195000E+03 -3.866761E-01
  4.195500E+03  4.664680E-01
  4.196000E+03  1.591429E+00
  4.196500E+03  2.839541E+00
  4.197000E+03  3.798975E+00
  4.197500E+03  3.963130E+00
  4.198000E+03  3.113583E+00
  4.198500E+03  1.593072E+00
  4.199000E+03  1.547345E-01
  4.199500E+03 -5.635296E-01
  4.200000E+03 -5.021613E-01
  4.200500E+03 -1.479865E-01
  4.201000E+03 -2.475956E-02
  4.201500E+03 -1.918493E-01
  4.202000E+03 -2.347884E-01
  4.202500E+03  2.595751E-01
  4.203000E+03  1.230989E+00
  4.203500E+03  2.138694E+00
  4.204000E+03  2.393800E+00
  4.204500E+03  1.787129E+00
  4.205000E+03  5.437933E-01
  4.205500E+03 -9.345377E-01
  4.206000E+03 -2.303913E+00
  4.206500E+03 -3.306100E+00
  4.207000E+03 -3.729920E+00
  4.207500E+03 -3.502708E+00
  4.208000E+03 -2.844331E+00
  4.208500E+03 -2.215116E+00
  4.209000E+03 -1.971180E+00
  4.209500E+03 -2.022599E+00
  4.210000E+03 -1.883596E+00
  4.210500E+03 -1.129064E+00
  4.211000E+03  1.782861E-01
  4.211500E+03  1.523081E+00
  4.212000E+03  2.387118E+00
  4.212500E+03  2.640653E+00
  4.213000E+03  2.506923E+00
  4.213500E+03  2.226527E+00
  4.214000E+03  1.849176E+00
  4.214500E+03  1.357017E+00
  4.215000E+03  8.818402E-01
  4.215500E+03  6.701935E-01
  4.216000E+03  7.983429E-01
  4.216500E+03  9.966791E-01
  4.217000E+03  8.534316E-01
  4.217500E+03  2.253819E-01
  4.218000E+03 -5.814169E-01
  4.218500E+03 -1.064555E+00
  4.219000E+03 -9.536100E-01
  4.219500E+03 -3.920611E-01
  4.220000E+03  2.544888E-01
  4.220500E+03  7.048186E-01
  4.221000E+03  8.754483E-01
  4.221500E+03  7.763938E-01
  4.222000E+03  4.026360E-01
  4.222500E+03 -2.332860E-01
  4.223000E+03 -1.009460E+00
  4.223500E+03 -1.699702E+00
  4.224000E+03 -2.086411E+00
  4.224500E+03 -2.055040E+00
  4.225000E+03 -1.598918E+00
  4.225500E+03 -8.036267E-01
  4.226000E+03  1.176074E-01
  4.226500E+03  8.098920E-01
  4.227000E+03  9.157637E-01
  4.227500E+03  3.349087E-01
  4.228000E+03 -6.341061E-01
  4.228500E+03 -1.463658E+00
  4.229000E+03 -1.768541E+00
  4.229500E+03 -1.541532E+00
  4.230000E+03 -1.045199E+00
  4.230500E+03 -5.072160E-01
  4.231000E+03  5.552641E-02
  4.231500E+03  7.467320E-01
  4.232000E+03  1.602762E+00
  4.232500E+03  2.532903E+00
  4.233000E+03  3.395406E+00
  4.233500E+03  4.043289E+00
  4.234000E+03  4.276185E+00
  4.234500E+03  3.844730E+00
  4.235000E+03  2.637366E+00
  4.235500E+03  9.083415E-01
  4.236000E+03 -7.619117E-01
  4.236500E+03 -1.858343E+00
  4.237000E+03 -2.342078E+00
  4.237500E+03 -2.640069E+00
  4.238000E+03 -3.170173E+00
  4.238500E+03 -3.861267E+00
  4.239000E+03 -4.169582E+00
  4.239500E+03 -3.595887E+00
  4.240000E+03 -2.196911E+00
  4.240500E+03 -5.989940E-01
  4.241000E+03  4.765735E-01
  4.241500E+03  7.227940E-01
  4.242000E+03  3.762859E-01
  4.242500E+03 -4.828532E-02
  4.243000E+03 -1.259771E-01
  4.243500E+03  2.700300E-01
  4.244000E+03  9.692523E-01
  4.244500E+03  1.639126E+00
  4.245000E+03  1.984021E+00
  4.245500E+03  1.932169E+00
  4.246000E+03  1.684229E+00
  4.246500E+03  1.538777E+00
  4.247000E+03  1.607125E+00
  4.247500E+03  1.691694E+00
  4.248000E+03  1.486049E+00
  4.248500E+03  9.196031E-01
  4.249000E+03  2.825179E-01
  4.249500E+03 -2.299127E-02
  4.250000E+03  1.432343E-01
  4.250500E+03  5.438469E-01
  4.251000E+03  7.988481E-01
  4.251500E+03  6.860351E-01
  4.252000E+03  2.024494E-01
  4.252500E+03 -5.845925E-01
  4.253000E+03 -1.619790E+00
  4.253500E+03 -2.747871E+00
  4.254000E+03 -3.612441E+00
  4.254500E+03 -3.819377E+00
  4.255000E+03 -3.279930E+00
  4.255500E+03 -2.348287E+00
  4.256000E+03 -1.532022E+00
  4.256500E+03 -1.039133E+00
  4.257000E+03 -6.517987E-01
  4.257500E+03 -7.287466E-02
  4.258000E+03  6.499871E-01
  4.258500E+03  1.116992E+00
  4.259000E+03  1.003273E+00
  4.259500E+03  4.364994E-01
  4.260000E+03 -9.812157E-02
  4.260500E+03 -2.040079E-01
  4.261000E+03  1.330393E-01
  4.261500E+03  6.903534E-01
  4.262000E+03  1.350626E+00
  4.262500E+03  2.198610E+00
  4.263000E+03  3.276617E+00
  4.263500E+03  4.344408E+00
  4.264000E+03  4.980145E+00
  4.264500E+03  4.927801E+00
  4.265000E+03  4.287195E+00
  4.265500E+03  3.333026E+00
  4.266000E+03  2.194062E+00
  4.266500E+03  7.771058E-01
  4.267000E+03 -9.905476E-01
  4.267500E+03 -2.909768E+00
  4.268000E+03 -4.557498E+00
  4.268500E+03 -5.583784E+00
  4.269000E+03 -5.936488E+00
  4.269500E+03 -5.807158E+00
  4.270000E+03 -5.409791E+00
  4.270500E+03 -4.836307E+00
  4.271000E+03 -4.073890E+00
  4.271500E+03 -3.079483E+00
  4.272000E+03 -1.822282E+00
  4.272500E+03 -3.333610E-01
  4.273000E+03  1.202521E+00
  4.273500E+03  2.426045E+00
  4.274000E+03  2.997894E+00
  4.274500E+03  2.920644E+00
  4.275000E+03  2.648529E+00
  4.275500E+03  2.753527E+00
  4.276000E+03  3.375305E+00
  4.276500E+03  4.004847E+00
  4.277000E+03  3.902875E+00
  4.277500E+03  2.814497E+00
  4.278000E+03  1.282689E+00
  4.278500E+03  2.153278E-01
  4.279000E+03  9.668696E-02
  4.279500E+03  5.929421E-01
  4.280000E+03  9.080045E-01
  4.280500E+03  5.163573E-01
  4.281000E+03 -4.224475E-01
  4.281500E+03 -1.295424E+00
  4.282000E+03 -1.614569E+00
  4.282500E+03 -1.385578E+00
  4.283000E+03 -9.994463E-01
  4.283500E+03 -8.425067E-01
  4.284000E+03 -1.005830E+00
  4.284500E+03 -1.296979E+00
  4.285000E+03 -1.471491E+00
  4.285500E+03 -1.462876E+00
  4.286000E+03 -1.437511E+00
  4.286500E+03 -1.637742E+00
  4.287000E+03 -2.122260E+00
  4.287500E+03 -2.612015E+00
  4.288000E+03 -2.617326E+00
  4.288500E+03 -1.811183E+00
  4.289000E+03 -3.570659E-01
  4.289500E+03  1.135833E+00
  4.290000E+03  2.054979E+00
  4.290500E+03  2.255211E+00
  4.291000E+03  2.118334E+00
  4.291500E+03  2.142624E+00
  4.292000E+03  2.470589E+00
  4.292500E+03  2.818020E+00
  4.293000E+03  2.834796E+00
  4.293500E+03  2.473202E+00
  4.294000E+03  1.963292E+00
  4.294500E+03  1.463136E+00
  4.295000E+03  8.262597E-01
  4.295500E+03 -2.182335E-01
  4.296000E+03 -1.669048E+00
  4.296500E+03 -3.098759E+00
  4.297000E+03 -3.934388E+00
  4.297500E+03 -3.884230E+00
  4.298000E+03 -3.084996E+00
  4.298500E+03 -1.886604E+00
  4.299000E+03 -5.875891E-01
  4.299500E+03  5.872778E-01
  4.300000E+03  1.356293E+00
  4.300500E+03  1.420508E+00
  4.301000E+03  7.625006E-01
  4.301500E+03 -1.308265E-01
  4.302000E+03 -5.065032E-01
  4.302500E+03  4.149336E-02
  4.303000E+03  1.160229E+00
  4.303500E+03  2.004905E+00
  4.304000E+03  1.997886E+00
  4.304500E+03  1.349133E+00
  4.305000E+03  8.062343E-01
  4.305500E+03  8.795916E-01
  4.306000E+03  1.332595E+00
  4.306500E+03  1.448475E+00
  4.307000E+03  7.733051E-01
  4.307500E+03 -4.461023E-01
  4.308000E+03 -1.555416E+00
  4.308500E+03 -2.154690E+00
  4.309000E+03 -2.404704E+00
  4.309500E+03 -2.689508E+00
  4.310000E+03 -3.070144E+00
  4.310500E+03 -3.168350E+00
  4.311000E+03 -2.600516E+00
  4.311500E+03 -1.448805E+00
  4.312000E+03 -2.244817E-01
  4.312500E+03  6.336790E-01
  4.313000E+03  1.157462E+00
  4.313500E+03  1.706268E+00
  4.314000E+03  2.468218E+00
  4.314500E+03  3.185941E+00
  4.315000E+03  3.413970E+00
  4.315500E+03  3.002077E+00
  4.316000E+03  2.253202E+00
  4.316500E+03  1.591347E+00
  4.317000E+03  1.130432E+00
  4.317500E+03  6.228820E-01
  4.318000E+03 -1.880217E-01
  4.318500E+03 -1.237465E+00
  4.319000E+03 -2.190017E+00
  4.319500E+03 -2.766133E+00
  4.320000E+03 -2.941873E+00
  4.320500E+03 -2.822958E+00
  4.321000E+03 -2.412391E+00
  4.321500E+03 -1.600033E+00
  4.322000E+03 -3.882386E-01
  4.322500E+03  9.534610E-01
  4.323000E+03  2.028548E+00
  4.323500E+03  2.596737E+00
  4.324000E+03  2.666302E+00
  4.324500E+03  2.312105E+00
  4.325000E+03  1.499321E+00
  4.325500E+03  1.907313E-01
  4.326000E+03 -1.372534E+00
  4.326500E+03 -2.612583E+00
  4.327000E+03 -2.963771E+00
  4.327500E+03 -2.323861E+00
  4.328000E+03 -1.127237E+00
  4.328500E+03  5.164070E-02
  4.329000E+03  9.375785E-01
  4.329500E+03  1.577062E+00
  4.330000E+03  1.989457E+00
  4.330500E+03  1.938346E+00
  4.331000E+03  1.158060E+00
  4.331500E+03 -2.123057E-01
  4.332000E+03 -1.542197E+00
  4.332500E+03 -2.163721E+00
  4.333000E+03 -1.931106E+00
  4.333500E+03 -1.290868E+00
  4.334000E+03 -7.838232E-01
  4.334500E+03 -5.139945E-01
  4.335000E+03 -1.383913E-01
  4.335500E+03  6.545753E-01
  4.336000E+03  1.731557E+00
  4.336500E+03  2.606467E+00
  4.337000E+03  2.900298E+00
  4.337500E+03  2.655526E+00
  4.338000E+03  2.207174E+00
  4.338500E+03  1.814713E+00
  4.339000E+03  1.465365E+00
  4.339500E+03  9.935164E-01
  4.340000E+03  2.982802E-01
  4.340500E+03 -5.950615E-01
  4.341000E+03 -1.620742E+00
  4.341500E+03 -2.712369E+00
  4.342000E+03 -3.721043E+00
  4.342500E+03 -4.359072E+00
  4.343000E+03 -4.323832E+00
  4.343500E+03 -3.528049E+00
  4.344000E+03 -2.199381E+00
  4.344500E+03 -7.351193E-01
  4.345000E+03  5.376205E-01
  4.345500E+03  1.463865E+00
  4.346000E+03  1.984297E+00
  4.346500E+03  2.054501E+00
  4.347000E+03  1.703215E+00
  4.347500E+03  1.147401E+00
  4.348000E+03  7.610647E-01
  4.348500E+03  8.442519E-01
  4.349000E+03  1.383799E+00
  4.349500E+03  2.041593E+00
  4.350000E+03  2.391703E+00
  4.350500E+03  2.196052E+00
  4.351000E+03  1.503150E+00
  4.351500E+03  5.483384E-01
  4.352000E+03 -4.048488E-01
  4.352500E+03 -1.159927E+00
  4.353000E+03 -1.611774E+00
  4.353500E+03 -1.746189E+00
  4.354000E+03 -1.625426E+00
  4.354500E+03 -1.344373E+00
  4.355000E+03 -9.783161E-01
  4.355500E+03 -5.725772E-01
  4.356000E+03 -1.765315E-01
  4.356500E+03  1.437448E-01
  4.357000E+03  3.555219E-01
  4.357500E+03  5.060897E-01
  4.358000E+03  6.626690E-01
  4.358500E+03  7.675007E-01
  4.359000E+03  5.862064E-01
  4.359500E+03 -1.112916E-01
  4.360000E+03 -1.250682E+00
  4.360500E+03 -2.343931E+00
  4.361000E+03 -2.754704E+00
  4.361500E+03 -2.155600E+00
  4.362000E+03 -7.723171E-01
  4.362500E+03  8.033963E-01
  4.363000E+03  2.035944E+00
  4.363500E+03  2.708027E+00
  4.364000E+03  2.847348E+00
  4.364500E+03  2.513454E+00
  4.365000E+03  1.738482E+00
  4.365500E+03  6.566201E-01
  4.366000E+03 -4.171430E-01
  4.366500E+03 -1.142362E+00
  4.367000E+03 -1.411841E+00
  4.367500E+03 -1.410546E+00
  4.368000E+03 -1.376284E+00
  4.368500E+03 -1.318139E+00
  4.369000E+03 -1.024223E+00
  4.369500E+03 -3.714970E-01
  4.370000E+03  4.108115E-01
  4.370500E+03  8.544183E-01
  4.371000E+03  6.719339E-01
  4.371500E+03  6.350760E-02
  4.372000E+03 -4.219542E-01
  4.372500E+03 -3.609501E-01
  4.373000E+03  1.809281E-01
  4.373500E+03  7.308844E-01
  4.374000E+03  8.414485E-01
  4.374500E+03  4.654393E-01
  4.375000E+03 -4.535310E-02
  4.375500E+03 -2.709146E-01
  4.376000E+03 -6.173235E-02
  4.376500E+03  3.903101E-01
  4.377000E+03  7.546137E-01
  4.377500E+03  8.236605E-01
  4.378000E+03  6.229609E-01
  4.378500E+03  3.297644E-01
  4.379000E+03  1.172923E-01
  4.379500E+03  5.821282E-02
  4.380000E+03  1.255368E-01
  4.380500E+03  2.382276E-01
  4.381000E+03  2.943145E-01
  4.381500E+03  1.923994E-01
  4.382000E+03 -1.249266E-01
  4.382500E+03 -6.125325E-01
  4.383000E+03 -1.116303E+00
  4.383500E+03 -1.470301E+00
  4.384000E+03 -1.640275E+00
  4.384500E+03 -1.765808E+00
  4.385000E+03 -2.012787E+00
  4.385500E+03 -2.340714E+00
  4.386000E+03 -2.424494E+00
  4.386500E+03 -1.869326E+00
  4.387000E+03 -5.749875E-01
  4.387500E+03  1.081367E+00
  4.388000E+03  2.446170E+00
  4.388500E+03  3.026788E+00
  4.389000E+03  2.791087E+00
  4.389500E+03  2.088946E+00
  4.390000E+03  1.317120E+00
  4.390500E+03  6.666336E-01
  4.391000E+03  1.540353E-01
  4.391500E+03 -1.836472E-01
  4.392000E+03 -2.010388E-01
  4.392500E+03  2.274757E-01
  4.393000E+03  1.018982E+00
  4.393500E+03  1.853588E+00
  4.394000E+03  2.345435E+00
  4.394500E+03  2.252943E+00
  4.395000E+03  1.566764E+00
  4.395500E+03  4.683264E-01
  4.396000E+03 -7.480419E-01
  4.396500E+03 -1.747490E+00
  4.397000E+03 -2.259799E+00
  4.397500E+03 -2.216762E+00
  4.398000E+03 -1.809928E+00
  4.398500E+03 -1.359494E+00
  4.399000E+03 -1.062413E+00
  4.399500E+03 -8.524619E-01
  4.400000E+03 -5.318099E-01
  4.400500E+03 -5.668264E-02
  4.401000E+03  3.253086E-01
  4.401500E+03  2.553065E-01
  4.402000E+03 -3.991866E-01
  4.402500E+03 -1.381187E+00
  4.403000E+03 -2.214373E+00
  4.403500E+03 -2.537377E+00
  4.404000E+03 -2.299812E+00
  4.404500E+03 -1.694657E+00
  4.405000E+03 -9.631573E-01
  4.405500E+03 -2.715914E-01
  4.406000E+03  2.939224E-01
  4.406500E+03  7.102275E-01
  4.407000E+03  1.037036E+00
  4.407500E+03  1.410769E+00
  4.408000E+03  1.942058E+00
  4.408500E+03  2.583535E+00
  4.409000E+03  3.125108E+00
  4.409500E+03  3.363958E+00
  4.410000E+03  3.290317E+00
  4.410500E+03  3.082936E+00
  4.411000E+03  2.906019E+00
  4.411500E+03  2.728433E+00
  4.412000E+03  2.371578E+00
  4.412500E+03  1.733434E+00
  4.413000E+03  9.262273E-01
  4.413500E+03  1.564988E-01
  4.414000E+03 -5.223912E-01
  4.414500E+03 -1.287813E+00
  4.415000E+03 -2.329653E+00
  4.415500E+03 -3.545887E+00
  4.416000E+03 -4.491025E+00
  4.416500E+03 -4.684144E+00
  4.417000E+03 -4.020573E+00
  4.417500E+03 -2.909946E+00
  4.418000E+03 -2.005663E+00
  4.418500E+03 -1.753755E+00
  4.419000E+03 -2.127281E+00
  4.419500E+03 -2.720783E+00
  4.420000E+03 -3.068140E+00
  4.420500E+03 -2.905401E+00
  4.421000E+03 -2.217432E+00
  4.421500E+03 -1.125581E+00
  4.422000E+03  2.229228E-01
  4.422500E+03  1.678141E+00
  4.423000E+03  3.071020E+00
  4.423500E+03  4.242184E+00
  4.424000E+03  5.113515E+00
  4.424500E+03  5.707054E+00
  4.425000E+03  6.045971E+00
  4.425500E+03  6.015432E+00
  4.426000E+03  5.359461E+00
  4.426500E+03  3.898314E+00
  4.427000E+03  1.815701E+00
  4.427500E+03 -2.805081E-01
  4.428000E+03 -1.678916E+00
  4.428500E+03 -2.068381E+00
  4.429000E+03 -1.792516E+00
  4.429500E+03 -1.581095E+00
  4.430000E+03 -1.942493E+00
  4.430500E+03 -2.736648E+00
  4.431000E+03 -3.312887E+00
  4.431500E+03 -3.090251E+00
  4.432000E+03 -2.058567E+00
  4.432500E+03 -7.719780E-01
  4.433000E+03  1.095389E-01
  4.433500E+03  2.851337E-01
  4.434000E+03 -9.520382E-02
  4.434500E+03 -6.898192E-01
  4.435000E+03 -1.253580E+00
  4.435500E+03 -1.708612E+00
  4.436000E+03 -2.043927E+00
  4.436500E+03 -2.242416E+00
  4.437000E+03 -2.311129E+00
  4.437500E+03 -2.304059E+00
  4.438000E+03 -2.235274E+00
  4.438500E+03 -1.963541E+00
  4.439000E+03 -1.227342E+00
  4.439500E+03  1.351784E-01
  4.440000E+03  1.975684E+00
  4.440500E+03  3.858614E+00
  4.441000E+03  5.315194E+00
  4.441500E+03  6.093552E+00
  4.442000E+03  6.193940E+00
  4.442500E+03  5.721204E+00
  4.443000E+03  4.761844E+00
  4.443500E+03  3.409756E+00
  4.444000E+03  1.849542E+00
  4.444500E+03  3.335637E-01
  4.445000E+03 -9.592698E-01
  4.445500E+03 -2.021896E+00
  4.446000E+03 -2.945762E+00
  4.446500E+03 -3.749560E+00
  4.447000E+03 -4.306213E+00
  4.447500E+03 -4.452529E+00
  4.448000E+03 -4.153783E+00
  4.448500E+03 -3.537565E+00
  4.449000E+03 -2.771406E+00
  4.449500E+03 -1.937337E+00
  4.450000E+03 -1.041605E+00
  4.450500E+03 -1.216646E-01
  4.451000E+03  6.996386E-01
  4.451500E+03  1.279447E+00
  4.452000E+03  1.547877E+00
  4.452500E+03  1.511534E+00
  4.453000E+03  1.186170E+00
  4.453500E+03  5.860335E-01
  4.454000E+03 -1.775090E-01
  4.454500E+03 -8.099356E-01
  4.455000E+03 -9.254108E-01
  4.455500E+03 -3.073829E-01
  4.456000E+03  8.815064E-01
  4.456500E+03  2.157357E+00
  4.457000E+03  3.020984E+00
  4.457500E+03  3.260155E+00
  4.458000E+03  3.006675E+00
  4.458500E+03  2.538928E+00
  4.459000E+03  2.033618E+00
  4.459500E+03  1.471879E+00
  4.460000E+03  7.340104E-01
  4.460500E+03 -2.378739E-01
  4.461000E+03 -1.345915E+00
  4.461500E+03 -2.361576E+00
  4.462000E+03 -3.034815E+00
  4.462500E+03 -3.217077E+00
  4.463000E+03 -2.928731E+00
  4.463500E+03 -2.329574E+00
  4.464000E+03 -1.612793E+00
  4.464500E+03 -9.084583E-01
  4.465000E+03 -2.795291E-01
  4.465500E+03  2.034539E-01
  4.466000E+03  4.217305E-01
  4.466500E+03  2.880951E-01
  4.467000E+03 -1.165769E-01
  4.467500E+03 -5.207867E-01
  4.468000E+03 -6.369405E-01
  4.468500E+03 -3.981784E-01
  4.469000E+03 -1.682919E-02
  4.469500E+03  2.217752E-01
  4.470000E+03  2.426037E-01
  4.470500E+03  2.577749E-01
  4.471000E+03  5.547679E-01
  4.471500E+03  1.205937E+00
  4.472000E+03  1.981549E+00
  4.472500E+03  2.532586E+00
  4.473000E+03  2.648423E+00
  4.473500E+03  2.359135E+00
  4.474000E+03  1.843271E+00
  4.474500E+03  1.280538E+00
  4.475000E+03  7.764138E-01
  4.475500E+03  3.558059E-01
  4.476000E+03 -3.272505E-02
  4.476500E+03 -4.956246E-01
  4.477000E+03 -1.105081E+00
  4.477500E+03 -1.775248E+00
  4.478000E+03 -2.247025E+00
  4.478500E+03 -2.270513E+00
  4.479000E+03 -1.857479E+00
  4.479500E+03 -1.339663E+00
  4.480000E+03 -1.117938E+00
  4.480500E+03 -1.306632E+00
  4.481000E+03 -1.619237E+00
  4.481500E+03 -1.621659E+00
  4.482000E+03 -1.112780E+00
  4.482500E+03 -2.723522E-01
  4.483000E+03  5.315361E-01
  4.483500E+03  1.043797E+00
  4.484000E+03  1.239740E+00
  4.484500E+03  1.213901E+00
  4.485000E+03  1.038252E+00
  4.485500E+03  7.556043E-01
  4.486000E+03  4.538412E-01
  4.486500E+03  2.621188E-01
  4.487000E+03  2.456430E-01
  4.487500E+03  3.473595E-01
  4.488000E+03  4.817500E-01
  4.488500E+03  6.715799E-01
  4.489000E+03  1.026004E+00
  4.489500E+03  1.544116E+00
  4.490000E+03  1.979834E+00
  4.490500E+03  1.984993E+00
  4.491000E+03  1.432265E+00
  4.491500E+03  5.694951E-01
  4.492000E+03 -1.987189E-01
  4.492500E+03 -6.932863E-01
  4.493000E+03 -1.088888E+00
  4.493500E+03 -1.636742E+00
  4.494000E+03 -2.293833E+00
  4.494500E+03 -2.697118E+00
  4.495000E+03 -2.540573E+00
  4.495500E+03 -1.941446E+00
  4.496000E+03 -1.363585E+00
  4.496500E+03 -1.144503E+00
  4.497000E+03 -1.124459E+00
  4.497500E+03 -7.903393E-01
  4.498000E+03  1.937208E-01
  4.498500E+03  1.607018E+00
  4.499000E+03  2.821789E+00
  4.499500E+03  3.313926E+00
  4.500000E+03  3.026486E+00
  4.500500E+03  2.279191E+00
  4.501000E+03  1.402377E+00
  4.501500E+03  5.093628E-01
  4.502000E+03 -4.055274E-01
  4.502500E+03 -1.241762E+00
  4.503000E+03 -1.747086E+00
  4.503500E+03 -1.709740E+00
  4.504000E+03 -1.162758E+00
  4.504500E+03 -3.769108E-01
  4.505000E+03  3.312589E-01
  4.505500E+03  7.645888E-01
  4.506000E+03  8.508516E-01
  4.506500E+03  5.687401E-01
  4.507000E+03 -5.270710E-02
  4.507500E+03 -8.520392E-01
  4.508000E+03 -1.520806E+00
  4.508500E+03 -1.761235E+00
  4.509000E+03 -1.508771E+00
  4.509500E+03 -9.903251E-01
  4.510000E+03 -5.270780E-01
  4.510500E+03 -2.575552E-01
  4.511000E+03 -5.598951E-02
  4.511500E+03  2.743412E-01
  4.512000E+03  7.451633E-01
  4.512500E+03  1.148580E+00
  4.513000E+03  1.289606E+00
  4.513500E+03  1.231257E+00
  4.514000E+03  1.262368E+00
  4.514500E+03  1.583428E+00
  4.515000E+03  2.022086E+00
  4.515500E+03  2.098524E+00
  4.516000E+03  1.430125E+00
  4.516500E+03  1.169237E-01
  4.517000E+03 -1.261512E+00
  4.517500E+03 -2.057192E+00
  4.518000E+03 -2.018111E+00
  4.518500E+03 -1.413455E+00
  4.519000E+03 -7.510784E-01
  4.519500E+03 -3.786281E-01
  4.520000E+03 -3.149656E-01
  4.520500E+03 -3.903081E-01
  4.521000E+03 -4.786581E-01
  4.521500E+03 -5.735631E-01
  4.522000E+03 -6.790059E-01
  4.522500E+03 -6.961598E-01
  4.523000E+03 -4.659955E-01
  4.523500E+03  7.004309E-02
  4.524000E+03  7.678295E-01
  4.524500E+03  1.348390E+00
  4.525000E+03  1.571024E+00
  4.525500E+03  1.359023E+00
  4.526000E+03  8.010750E-01
  4.526500E+03  7.781994E-02
  4.527000E+03 -6.041549E-01
  4.527500E+03 -1.054748E+00
  4.528000E+03 -1.153288E+00
  4.528500E+03 -9.093928E-01
  4.529000E+03 -4.698042E-01
  4.529500E+03 -3.184347E-02
  4.530000E+03  2.775037E-01
  4.530500E+03  4.452883E-01
  4.531000E+03  5.029926E-01
  4.531500E+03  4.360420E-01
  4.532000E+03  1.919759E-01
  4.532500E+03 -2.120701E-01
  4.533000E+03 -6.141024E-01
  4.533500E+03 -7.797190E-01
  4.534000E+03 -5.783135E-01
  4.534500E+03 -9.312553E-02
  4.535000E+03  4.484963E-01
  4.535500E+03  8.548452E-01
  4.536000E+03  1.080975E+00
  4.536500E+03  1.178019E+00
  4.537000E+03  1.168546E+00
  4.537500E+03  1.007646E+00
  4.538000E+03  6.742971E-01
  4.538500E+03  2.713552E-01
  4.539000E+03 -1.090982E-02
  4.539500E+03 -6.117269E-02
  4.540000E+03  2.320742E-02
  4.540500E+03 -4.149836E-03
  4.541000E+03 -3.214741E-01
  4.541500E+03 -8.639783E-01
  4.542000E+03 -1.365241E+00
  4.542500E+03 -1.586217E+00
  4.543000E+03 -1.519710E+00
  4.543500E+03 -1.374624E+00
  4.544000E+03 -1.350541E+00
  4.544500E+03 -1.416105E+00
  4.545000E+03 -1.310356E+00
  4.545500E+03 -7.821627E-01
  4.546000E+03  1.451540E-01
  4.546500E+03  1.133911E+00
  4.547000E+03  1.769079E+00
  4.547500E+03  1.869666E+00
  4.548000E+03  1.599663E+00
  4.548500E+03  1.287957E+00
  4.549000E+03  1.135682E+00
  4.549500E+03  1.085112E+00
  4.550000E+03  9.543305E-01
  4.550500E+03  6.773682E-01
  4.551000E+03  3.950548E-01
  4.551500E+03  3.072979E-01
  4.552000E+03  4.466942E-01
  4.552500E+03  6.096859E-01
  4.553000E+03  5.154265E-01
  4.553500E+03  3.614898E-02
  4.554000E+03 -7.126381E-01
  4.554500E+03 -1.480602E+00
  4.555000E+03 -2.063087E+00
  4.555500E+03 -2.394268E+00
  4.556000E+03 -2.513052E+00
  4.556500E+03 -2.480416E+00
  4.557000E+03 -2.329728E+00
  4.557500E+03 -2.058063E+00
  4.558000E+03 -1.628631E+00
  4.558500E+03 -9.839020E-01
  4.559000E+03 -9.303926E-02
  4.559500E+03  9.820020E-01
  4.560000E+03  2.070276E+00
  4.560500E+03  2.969479E+00
  4.561000E+03  3.562567E+00
  4.561500E+03  3.860127E+00
  4.562000E+03  3.923529E+00
  4.562500E+03  3.754462E+00
  4.563000E+03  3.277930E+00
  4.563500E+03  2.441926E+00
  4.564000E+03  1.323950E+00
  4.564500E+03  1.263475E-01
  4.565000E+03 -9.344215E-01
  4.565500E+03 -1.733057E+00
  4.566000E+03 -2.253259E+00
  4.566500E+03 -2.547636E+00
  4.567000E+03 -2.712378E+00
  4.567500E+03 -2.877761E+00
  4.568000E+03 -3.148194E+00
  4.568500E+03 -3.483929E+00
  4.569000E+03 -3.643828E+00
  4.569500E+03 -3.319297E+00
  4.570000E+03 -2.410483E+00
  4.570500E+03 -1.198880E+00
  4.571000E+03 -2.023158E-01
  4.571500E+03  2.181523E-01
  4.572000E+03  1.644437E-01
  4.572500E+03  1.289481E-01
  4.573000E+03  5.892419E-01
  4.573500E+03  1.623246E+00
  4.574000E+03  2.872173E+00
  4.574500E+03  3.851963E+00
  4.575000E+03  4.310820E+00
  4.575500E+03  4.328388E+00
  4.576000E+03  4.118499E+00
  4.576500E+03  3.758971E+00
  4.577000E+03  3.103491E+00
  4.577500E+03  1.944327E+00
  4.578000E+03  2.769027E-01
  4.578500E+03 -1.562933E+00
  4.579000E+03 -3.023025E+00
  4.579500E+03 -3.660155E+00
  4.580000E+03 -3.439554E+00
  4.580500E+03 -2.766054E+00
  4.581000E+03 -2.186294E+00
  4.581500E+03 -1.974704E+00
  4.582000E+03 -1.948402E+00
  4.582500E+03 -1.683957E+00
  4.583000E+03 -9.441069E-01
  4.583500E+03  9.070116E-02
  4.584000E+03  1.007768E+00
  4.584500E+03  1.559397E+00
  4.585000E+03  1.840078E+00
  4.585500E+03  2.053808E+00
  4.586000E+03  2.153313E+00
  4.586500E+03  1.806379E+00
  4.587000E+03  7.887364E-01
  4.587500E+03 -6.147180E-01
  4.588000E+03 -1.702195E+00
  4.588500E+03 -1.942516E+00
  4.589000E+03 -1.490041E+00
  4.589500E+03 -1.064079E+00
  4.590000E+03 -1.257318E+00
  4.590500E+03 -1.943831E+00
  4.591000E+03 -2.384770E+00
  4.591500E+03 -1.932848E+00
  4.592000E+03 -6.393415E-01
  4.592500E+03  8.119808E-01
  4.593000E+03  1.728643E+00
  4.593500E+03  1.950405E+00
  4.594000E+03  1.826992E+00
  4.594500E+03  1.766074E+00
  4.595000E+03  1.872675E+00
  4.595500E+03  1.996317E+00
  4.596000E+03  2.010861E+00
  4.596500E+03  1.946272E+00
  4.597000E+03  1.852025E+00
  4.597500E+03  1.631084E+00
  4.598000E+03  1.103379E+00
  4.598500E+03  2.433104E-01
  4.599000E+03 -7.065189E-01
  4.599500E+03 -1.413797E+00
  4.600000E+03 -1.752088E+00
  4.600500E+03 -1.891290E+00
  4.601000E+03 -2.082685E+00
  4.601500E+03 -2.372359E+00
  4.602000E+03 -2.547646E+00
  4.602500E+03 -2.362930E+00
  4.603000E+03 -1.799746E+00
  4.603500E+03 -1.098694E+00
  4.604000E+03 -5.468798E-01
  4.604500E+03 -2.368832E-01
  4.605000E+03 -1.136324E-02
  4.605500E+03  3.819921E-01
  4.606000E+03  1.069637E+00
  4.606500E+03  1.929693E+00
  4.607000E+03  2.640789E+00
  4.607500E+03  2.870271E+00
  4.608000E+03  2.495320E+00
  4.608500E+03  1.714717E+00
  4.609000E+03  9.477018E-01
  4.609500E+03  5.563485E-01
  4.610000E+03  5.904430E-01
  4.610500E+03  7.736331E-01
  4.611000E+03  7.546640E-01
  4.611500E+03  3.951661E-01
  4.612000E+03 -1.792741E-01
  4.612500E+03 -7.971391E-01
  4.613000E+03 -1.470963E+00
  4.613500E+03 -2.364351E+00
  4.614000E+03 -3.515050E+00
  4.614500E+03 -4.624721E+00
  4.615000E+03 -5.182412E+00
  4.615500E+03 -4.839462E+00
  4.616000E+03 -3.675801E+00
  4.616500E+03 -2.100348E+00
  4.617000E+03 -5.025185E-01
  4.617500E+03  9.895173E-01
  4.618000E+03  2.434019E+00
  4.618500E+03  3.824110E+00
  4.619000E+03  4.961405E+00
  4.619500E+03  5.577032E+00
  4.620000E+03  5.537332E+00
  4.620500E+03  4.909911E+00
  4.621000E+03  3.864419E+00
  4.621500E+03  2.572342E+00
  4.622000E+03  1.223689E+00
  4.622500E+03  8.223158E-02
  4.623000E+03 -5.737264E-01
  4.623500E+03 -6.284607E-01
  4.624000E+03 -2.482656E-01
  4.624500E+03  2.015994E-01
  4.625000E+03  3.736989E-01
  4.625500E+03  8.669551E-02
  4.626000E+03 -6.871528E-01
  4.626500E+03 -1.883403E+00
  4.627000E+03 -3.318371E+00
  4.627500E+03 -4.625384E+00
  4.628000E+03 -5.344446E+00
  4.628500E+03 -5.213285E+00
  4.629000E+03 -4.417530E+00
  4.629500E+03 -3.493084E+00
  4.630000E+03 -2.888407E+00
  4.630500E+03 -2.579812E+00
  4.631000E+03 -2.134512E+00
  4.631500E+03 -1.175327E+00
  4.632000E+03  2.254373E-01
  4.632500E+03  1.625853E+00
  4.633000E+03  2.660824E+00
  4.633500E+03  3.356114E+00
  4.634000E+03  3.976723E+00
  4.634500E+03  4.612015E+00
  4.635000E+03  4.995373E+00
  4.635500E+03  4.776442E+00
  4.636000E+03  3.936067E+00
  4.636500E+03  2.867543E+00
  4.637000E+03  2.029325E+00
  4.637500E+03  1.555287E+00
  4.638000E+03  1.235046E+00
  4.638500E+03  8.355854E-01
  4.639000E+03  3.569575E-01
  4.639500E+03 -6.228271E-02
  4.640000E+03 -4.201409E-01
  4.640500E+03 -9.142531E-01
  4.641000E+03 -1.680380E+00
  4.641500E+03 -2.527994E+00
  4.642000E+03 -3.038420E+00
  4.642500E+03 -2.969298E+00
  4.643000E+03 -2.520524E+00
  4.643500E+03 -2.141383E+00
  4.644000E+03 -2.073460E+00
  4.644500E+03 -2.133115E+00
  4.645000E+03 -1.970857E+00
  4.645500E+03 -1.502760E+00
  4.646000E+03 -1.016496E+00
  4.646500E+03 -8.335413E-01
  4.647000E+03 -9.197792E-01
  4.647500E+03 -8.929636E-01
  4.648000E+03 -4.228751E-01
  4.648500E+03  4.150310E-01
  4.649000E+03  1.203094E+00
  4.649500E+03  1.566516E+00
  4.650000E+03  1.464892E+00
  4.650500E+03  1.136207E+00
  4.651000E+03  8.426740E-01
  4.651500E+03  7.284574E-01
  4.652000E+03  8.746266E-01
  4.652500E+03  1.359790E+00
  4.653000E+03  2.165575E+00
  4.653500E+03  3.038703E+00
  4.654000E+03  3.550113E+00
  4.654500E+03  3.380204E+00
  4.655000E+03  2.562709E+00
  4.655500E+03  1.424247E+00
  4.656000E+03  2.840944E-01
  4.656500E+03 -7.576925E-01
  4.657000E+03 -1.737794E+00
  4.657500E+03 -2.606983E+00
  4.658000E+03 -3.177565E+00
  4.658500E+03 -3.312912E+00
  4.659000E+03 -3.101614E+00
  4.659500E+03 -2.761775E+00
  4.660000E+03 -2.367040E+00
  4.660500E+03 -1.743909E+00
  4.661000E+03 -7.140811E-01
  4.661500E+03  5.697550E-01
  4.662000E+03  1.606728E+00
  4.662500E+03  1.931871E+00
  4.663000E+03  1.524171E+00
  4.663500E+03  8.079748E-01
  4.664000E+03  2.499537E-01
  4.664500E+03 -1.363890E-02
  4.665000E+03 -1.434921E-01
  4.665500E+03 -2.558530E-01
  4.666000E+03 -2.096892E-01
  4.666500E+03  2.207322E-01
  4.667000E+03  1.002325E+00
  4.667500E+03  1.750339E+00
  4.668000E+03  2.018427E+00
  4.668500E+03  1.667292E+00
  4.669000E+03  9.292712E-01
  4.669500E+03  1.383026E-01
  4.670000E+03 -5.468878E-01
  4.670500E+03 -1.139125E+00
  4.671000E+03 -1.611931E+00
  4.671500E+03 -1.792351E+00
  4.672000E+03 -1.513467E+00
  4.672500E+03 -8.433431E-01
  4.673000E+03 -9.905752E-02
  4.673500E+03  3.981016E-01
  4.674000E+03  5.674249E-01
  4.674500E+03  5.531585E-01
  4.675000E+03  4.844656E-01
  4.675500E+03  2.963999E-01
  4.676000E+03 -1.799501E-01
  4.676500E+03 -9.577989E-01
  4.677000E+03 -1.758441E+00
  4.677500E+03 -2.166554E+00
  4.678000E+03 -1.945976E+00
  4.678500E+03 -1.223788E+00
  4.679000E+03 -3.760580E-01
  4.679500E+03  2.794125E-01
  4.680000E+03  7.174403E-01
  4.680500E+03  1.177301E+00
  4.681000E+03  1.906496E+00
  4.681500E+03  2.891144E+00
  4.682000E+03  3.792569E+00
  4.682500E+03  4.147287E+00
  4.683000E+03  3.682894E+00
  4.683500E+03  2.509651E+00
  4.684000E+03  1.043385E+00
  4.684500E+03 -2.707423E-01
  4.685000E+03 -1.209162E+00
  4.685500E+03 -1.811140E+00
  4.686000E+03 -2.221365E+00
  4.686500E+03 -2.509370E+00
  4.687000E+03 -2.625250E+00
  4.687500E+03 -2.493282E+00
  4.688000E+03 -2.120634E+00
  4.688500E+03 -1.621275E+00
  4.689000E+03 -1.163765E+00
  4.689500E+03 -9.062359E-01
  4.690000E+03 -9.429479E-01
  4.690500E+03 -1.246114E+00
  4.691000E+03 -1.621480E+00
  4.691500E+03 -1.750521E+00
  4.692000E+03 -1.353689E+00
  4.692500E+03 -3.825863E-01
  4.693000E+03  9.190788E-01
  4.693500E+03  2.147692E+00
  4.694000E+03  2.952260E+00
  4.694500E+03  3.160733E+00
  4.695000E+03  2.779183E+00
  4.695500E+03  1.961162E+00
  4.696000E+03  1.013452E+00
  4.696500E+03  3.560006E-01
  4.697000E+03  3.242505E-01
  4.697500E+03  8.928749E-01
  4.698000E+03  1.596553E+00
  4.698500E+03  1.827450E+00
  4.699000E+03  1.319020E+00
  4.699500E+03  3.715375E-01
  4.700000E+03 -4.277660E-01
  4.700500E+03 -7.385914E-01
  4.701000E+03 -7.322241E-01
  4.701500E+03 -8.388962E-01
  4.702000E+03 -1.271460E+00
  4.702500E+03 -1.834329E+00
  4.703000E+03 -2.182145E+00
  4.703500E+03 -2.189148E+00
  4.704000E+03 -2.002885E+00
  4.704500E+03 -1.765311E+00
  4.705000E+03 -1.389084E+00
  4.705500E+03 -6.929209E-01
  4.706000E+03  2.629601E-01
  4.706500E+03  1.074876E+00
  4.707000E+03  1.306062E+00
  4.707500E+03  9.000275E-01
  4.708000E+03  2.449524E-01
  4.708500E+03 -1.872717E-01
  4.709000E+03 -2.444016E-01
  4.709500E+03 -1.350325E-01
  4.710000E+03 -1.197524E-01
  4.710500E+03 -2.235360E-01
  4.711000E+03 -2.520421E-01
  4.711500E+03 -1.545401E-02
  4.712000E+03  5.331871E-01
  4.712500E+03  1.352379E+00
  4.713000E+03  2.385522E+00
  4.713500E+03  3.482149E+00
  4.714000E+03  4.266207E+00
  4.714500E+03  4.210600E+00
  4.715000E+03  2.981167E+00
  4.715500E+03  7.726233E-01
  4.716000E+03 -1.709741E+00
  4.716500E+03 -3.654699E+00
  4.717000E+03 -4.605420E+00
  4.717500E+03 -4.618292E+00
  4.718000E+03 -4.069895E+00
  4.718500E+03 -3.349147E+00
  4.719000E+03 -2.669602E+00
  4.719500E+03 -2.040091E+00
  4.720000E+03 -1.315340E+00
  4.720500E+03 -2.989656E-01
  4.721000E+03  1.080220E+00
  4.721500E+03  2.590617E+00
  4.722000E+03  3.705841E+00
  4.722500E+03  3.898886E+00
  4.723000E+03  3.044496E+00
  4.723500E+03  1.576448E+00
  4.724000E+03  2.183295E-01
  4.724500E+03 -5.059319E-01
  4.725000E+03 -5.679243E-01
  4.725500E+03 -3.166446E-01
  4.726000E+03 -1.144577E-01
  4.726500E+03 -7.907793E-02
  4.727000E+03 -1.109434E-01
  4.727500E+03 -8.704689E-02
  4.728000E+03  5.428027E-03
  4.728500E+03  8.636885E-02
  4.729000E+03  7.245441E-02
  4.729500E+03 -6.081069E-02
  4.730000E+03 -2.624811E-01
  4.730500E+03 -4.145354E-01
  4.731000E+03 -3.794701E-01
  4.731500E+03 -1.025564E-01
  4.732000E+03  2.975088E-01
  4.732500E+03  5.687033E-01
  4.733000E+03  5.173134E-01
  4.733500E+03  1.924740E-01
  4.734000E+03 -1.371809E-01
  4.734500E+03 -2.259403E-01
  4.735000E+03 -8.617802E-02
  4.735500E+03  2.247558E-02
  4.736000E+03 -1.586705E-01
  4.736500E+03 -6.523765E-01
  4.737000E+03 -1.244940E+00
  4.737500E+03 -1.683511E+00
  4.738000E+03 -1.845585E+00
  4.738500E+03 -1.734253E+00
  4.739000E+03 -1.377194E+00
  4.739500E+03 -7.973109E-01
  4.740000E+03 -8.667763E-02
  4.740500E+03  5.533691E-01
  4.741000E+03  9.191275E-01
  4.741500E+03  9.804802E-01
  4.742000E+03  9.302997E-01
  4.742500E+03  1.023424E+00
  4.743000E+03  1.343770E+00
  4.743500E+03  1.721442E+00
  4.744000E+03  1.876005E+00
  4.744500E+03  1.648830E+00
  4.745000E+03  1.122777E+00
  4.745500E+03  5.498100E-01
  4.746000E+03  1.698187E-01
  4.746500E+03  6.159529E-02
  4.747000E+03  1.119615E-01
  4.747500E+03  1.055871E-01
  4.748000E+03 -1.194689E-01
  4.748500E+03 -5.395892E-01
  4.749000E+03 -9.320283E-01
  4.749500E+03 -1.017801E+00
  4.750000E+03 -6.802833E-01
  4.750500E+03 -8.987701E-02
  4.751000E+03  3.880692E-01
  4.751500E+03  4.525506E-01
  4.752000E+03  9.263405E-02
  4.752500E+03 -4.067770E-01
  4.753000E+03 -6.916088E-01
  4.753500E+03 -6.260818E-01
  4.754000E+03 -4.216918E-01
  4.754500E+03 -5.009815E-01
  4.755000E+03 -1.173609E+00
  4.755500E+03 -2.342191E+00
  4.756000E+03 -3.465559E+00
  4.756500E+03 -3.856600E+00
  4.757000E+03 -3.143259E+00
  4.757500E+03 -1.548857E+00
  4.758000E+03  2.634695E-01
  4.758500E+03  1.691148E+00
  4.759000E+03  2.618621E+00
  4.759500E+03  3.378908E+00
  4.760000E+03  4.279562E+00
  4.760500E+03  5.157957E+00
  4.761000E+03  5.429831E+00
  4.761500E+03  4.616498E+00
  4.762000E+03  2.844855E+00
  4.762500E+03  8.204947E-01
  4.763000E+03 -7.138928E-01
  4.763500E+03 -1.525204E+00
  4.764000E+03 -1.951053E+00
  4.764500E+03 -2.475416E+00
  4.765000E+03 -3.260421E+00
  4.765500E+03 -4.044752E+00
  4.766000E+03 -4.415665E+00
  4.766500E+03 -4.139600E+00
  4.767000E+03 -3.280242E+00
  4.767500E+03 -2.098305E+00
  4.768000E+03 -8.898059E-01
  4.768500E+03  1.312799E-01
  4.769000E+03  9.019228E-01
  4.769500E+03  1.525281E+00
  4.770000E+03  2.183804E+00
  4.770500E+03  2.959381E+00
  4.771000E+03  3.700807E+00
  4.771500E+03  4.092671E+00
  4.772000E+03  3.895476E+00
  4.772500E+03  3.132072E+00
  4.773000E+03  2.037912E+00
  4.773500E+03  8.505967E-01
  4.774000E+03 -3.125611E-01
  4.774500E+03 -1.369284E+00
  4.775000E+03 -2.138441E+00
  4.775500E+03 -2.392112E+00
  4.776000E+03 -2.088925E+00
  4.776500E+03 -1.518477E+00
  4.777000E+03 -1.139162E+00
  4.777500E+03 -1.227274E+00
  4.778000E+03 -1.681669E+00
  4.778500E+03 -2.168249E+00
  4.779000E+03 -2.423589E+00
  4.779500E+03 -2.393323E+00
  4.780000E+03 -2.113234E+00
  4.780500E+03 -1.551168E+00
  4.781000E+03 -6.397260E-01
  4.781500E+03  5.492814E-01
  4.782000E+03  1.739689E+00
  4.782500E+03  2.614903E+00
  4.783000E+03  3.039907E+00
  4.783500E+03  3.094433E+00
  4.784000E+03  2.904018E+00
  4.784500E+03  2.497152E+00
  4.785000E+03  1.859307E+00
  4.785500E+03  1.080506E+00
  4.786000E+03  3.645355E-01
  4.786500E+03 -1.440108E-01
  4.787000E+03 -4.998649E-01
  4.787500E+03 -8.671460E-01
  4.788000E+03 -1.289973E+00
  4.788500E+03 -1.606901E+00
  4.789000E+03 -1.629053E+00
  4.789500E+03 -1.371613E+00
  4.790000E+03 -1.047177E+00
  4.790500E+03 -8.151969E-01
  4.791000E+03 -5.904034E-01
  4.791500E+03 -1.562589E-01
  4.792000E+03  5.380592E-01
  4.792500E+03  1.252709E+00
  4.793000E+03  1.667707E+00
  4.793500E+03  1.696572E+00
  4.794000E+03  1.544576E+00
  4.794500E+03  1.448345E+00
  4.795000E+03  1.399123E+00
  4.795500E+03  1.160075E+00
  4.796000E+03  5.427162E-01
  4.796500E+03 -3.761541E-01
  4.797000E+03 -1.319421E+00
  4.797500E+03 -2.047044E+00
  4.798000E+03 -2.491612E+00
  4.798500E+03 -2.686811E+00
  4.799000E+03 -2.642347E+00
  4.799500E+03 -2.345915E+00
  4.800000E+03 -1.866124E+00
  4.800500E+03 -1.380122E+00
  4.801000E+03 -1.050598E+00
  4.801500E+03 -8.865159E-01
  4.802000E+03 -7.594172E-01
  4.802500E+03 -5.591399E-01
  4.803000E+03 -2.979561E-01
  4.803500E+03 -3.404371E-02
  4.804000E+03  2.883300E-01
  4.804500E+03  8.688479E-01
  4.805000E+03  1.874399E+00
  4.805500E+03  3.211306E+00
  4.806000E+03  4.474737E+00
  4.806500E+03  5.148736E+00
  4.807000E+03  4.917401E+00
  4.807500E+03  3.869101E+00
  4.808000E+03  2.461276E+00
  4.808500E+03  1.263354E+00
  4.809000E+03  6.199855E-01
  4.809500E+03  4.390358E-01
  4.810000E+03  2.685065E-01
  4.810500E+03 -3.499395E-01
  4.811000E+03 -1.496971E+00
  4.811500E+03 -2.787396E+00
  4.812000E+03 -3.684959E+00
  4.812500E+03 -3.954033E+00
  4.813000E+03 -3.822194E+00
  4.813500E+03 -3.691010E+00
  4.814000E+03 -3.689137E+00
  4.814500E+03 -3.534432E+00
  4.815000E+03 -2.852817E+00
  4.815500E+03 -1.615717E+00
  4.816000E+03 -2.308464E-01
  4.816500E+03  8.052193E-01
  4.817000E+03  1.320779E+00
  4.817500E+03  1.530659E+00
  4.818000E+03  1.730120E+00
  4.818500E+03  1.990052E+00
  4.819000E+03  2.167189E+00
  4.819500E+03  2.148003E+00
  4.820000E+03  1.990204E+00
  4.820500E+03  1.795859E+00
  4.821000E+03  1.511098E+00
  4.821500E+03  9.481669E-01
  4.822000E+03  4.542680E-02
  4.822500E+03 -9.344705E-01
  4.823000E+03 -1.530175E+00
  4.823500E+03 -1.437417E+00
  4.824000E+03 -7.408659E-01
  4.824500E+03  1.982025E-01
  4.825000E+03  1.050370E+00
  4.825500E+03  1.692589E+00
  4.826000E+03  2.112011E+00
  4.826500E+03  2.224806E+00
  4.827000E+03  1.870901E+00
  4.827500E+03  1.005023E+00
  4.828000E+03 -1.521965E-01
  4.828500E+03 -1.209032E+00
  4.829000E+03 -1.873642E+00
  4.829500E+03 -2.132381E+00
  4.830000E+03 -2.167671E+00
  4.830500E+03 -2.126400E+00
  4.831000E+03 -1.992549E+00
  4.831500E+03 -1.677792E+00
  4.832000E+03 -1.193009E+00
  4.832500E+03 -6.843540E-01
  4.833000E+03 -2.866502E-01
  4.833500E+03  3.560592E-02
  4.834000E+03  4.672282E-01
  4.834500E+03  1.142989E+00
  4.835000E+03  1.967310E+00
  4.835500E+03  2.637695E+00
  4.836000E+03  2.853265E+00
  4.836500E+03  2.512521E+00
  4.837000E+03  1.732942E+00
  4.837500E+03  7.147551E-01
  4.838000E+03 -3.862156E-01
  4.838500E+03 -1.459363E+00
  4.839000E+03 -2.362226E+00
  4.839500E+03 -2.902175E+00
  4.840000E+03 -2.929449E+00
  4.840500E+03 -2.447579E+00
  4.841000E+03 -1.618373E+00
  4.841500E+03 -6.615560E-01
  4.842000E+03  2.310304E-01
  4.842500E+03  8.851912E-01
  4.843000E+03  1.109438E+00
  4.843500E+03  7.704790E-01
  4.844000E+03 -2.347234E-02
  4.844500E+03 -8.297298E-01
  4.845000E+03 -1.062496E+00
  4.845500E+03 -3.999013E-01
  4.846000E+03  9.288925E-01
  4.846500E+03  2.270077E+00
  4.847000E+03  3.017673E+00
  4.847500E+03  3.030340E+00
  4.848000E+03  2.633643E+00
  4.848500E+03  2.241436E+00
  4.849000E+03  1.979938E+00
  4.849500E+03  1.658210E+00
  4.850000E+03  1.058889E+00
  4.850500E+03  2.139371E-01
  4.851000E+03 -6.162894E-01
  4.851500E+03 -1.213638E+00
  4.852000E+03 -1.624944E+00
  4.852500E+03 -2.105249E+00
  4.853000E+03 -2.835556E+00
  4.853500E+03 -3.683711E+00
  4.854000E+03 -4.234447E+00
  4.854500E+03 -4.079417E+00
  4.855000E+03 -3.140920E+00
  4.855500E+03 -1.769188E+00
  4.856000E+03 -5.194951E-01
  4.856500E+03  2.365612E-01
  4.857000E+03  5.627012E-01
  4.857500E+03  8.561720E-01
  4.858000E+03  1.465208E+00
  4.858500E+03  2.359637E+00
  4.859000E+03  3.161112E+00
  4.859500E+03  3.504420E+00
  4.860000E+03  3.366505E+00
  4.860500E+03  3.024552E+00
  4.861000E+03  2.698043E+00
  4.861500E+03  2.284024E+00
  4.862000E+03  1.502457E+00
  4.862500E+03  3.011273E-01
  4.863000E+03 -9.544205E-01
  4.863500E+03 -1.766668E+00
  4.864000E+03 -1.987222E+00
  4.864500E+03 -1.958979E+00
  4.865000E+03 -2.136935E+00
  4.865500E+03 -2.587670E+00
  4.866000E+03 -2.916244E+00
  4.866500E+03 -2.699585E+00
  4.867000E+03 -1.944889E+00
  4.867500E+03 -1.078428E+00
  4.868000E+03 -5.096520E-01
  4.868500E+03 -2.751745E-01
  4.869000E+03 -1.256787E-01
  4.869500E+03  1.236757E-01
  4.870000E+03  4.372016E-01
  4.870500E+03  7.509280E-01
  4.871000E+03  1.187710E+00
  4.871500E+03  1.933319E+00
  4.872000E+03  2.874406E+00
  4.872500E+03  3.476532E+00
  4.873000E+03  3.167247E+00
  4.873500E+03  1.899184E+00
  4.874000E+03  2.990488E-01
  4.874500E+03 -7.937558E-01
  4.875000E+03 -9.627542E-01
  4.875500E+03 -4.292744E-01
  4.876000E+03  2.770823E-01
  4.876500E+03  7.720978E-01
  4.877000E+03  9.531163E-01
  4.877500E+03  8.254433E-01
  4.878000E+03  3.648977E-01
  4.878500E+03 -3.881559E-01
  4.879000E+03 -1.189167E+00
  4.879500E+03 -1.681061E+00
  4.880000E+03 -1.684294E+00
  4.880500E+03 -1.361910E+00
  4.881000E+03 -1.056986E+00
  4.881500E+03 -9.872894E-01
  4.882000E+03 -1.142635E+00
  4.882500E+03 -1.458328E+00
  4.883000E+03 -1.981660E+00
  4.883500E+03 -2.768371E+00
  4.884000E+03 -3.624374E+00
  4.884500E+03 -4.060912E+00
  4.885000E+03 -3.615777E+00
  4.885500E+03 -2.249098E+00
  4.886000E+03 -3.906543E-01
  4.886500E+03  1.423652E+00
  4.887000E+03  2.945294E+00
  4.887500E+03  4.242032E+00
  4.888000E+03  5.389926E+00
  4.888500E+03  6.219546E+00
  4.889000E+03  6.408733E+00
  4.889500E+03  5.800404E+00
  4.890000E+03  4.584276E+00
  4.890500E+03  3.161434E+00
  4.891000E+03  1.859366E+00
  4.891500E+03  7.796459E-01
  4.892000E+03 -1.375338E-01
  4.892500E+03 -9.761727E-01
  4.893000E+03 -1.783351E+00
  4.893500E+03 -2.578040E+00
  4.894000E+03 -3.346737E+00
  4.894500E+03 -4.019177E+00
  4.895000E+03 -4.490537E+00
  4.895500E+03 -4.695028E+00
  4.896000E+03 -4.633752E+00
  4.896500E+03 -4.296478E+00
  4.897000E+03 -3.577616E+00
  4.897500E+03 -2.347797E+00
  4.898000E+03 -6.726878E-01
  4.898500E+03  1.053674E+00
  4.899000E+03  2.274197E+00
  4.899500E+03  2.647704E+00
  4.900000E+03  2.297658E+00
  4.900500E+03  1.681848E+00
  4.901000E+03  1.207103E+00
  4.901500E+03  9.612400E-01
  4.902000E+03  7.879375E-01
  4.902500E+03  5.633225E-01
  4.903000E+03  3.550238E-01
  4.903500E+03  3.256421E-01
  4.904000E+03  5.395986E-01
  4.904500E+03  9.022309E-01
  4.905000E+03  1.263158E+00
  4.905500E+03  1.525452E+00
  4.906000E+03  1.641829E+00
  4.906500E+03  1.558691E+00
  4.907000E+03  1.232647E+00
  4.907500E+03  7.150864E-01
  4.908000E+03  1.708964E-01
  4.908500E+03 -2.389017E-01
  4.909000E+03 -4.954679E-01
  4.909500E+03 -7.094944E-01
  4.910000E+03 -9.559760E-01
  4.910500E+03 -1.153335E+00
  4.911000E+03 -1.151974E+00
  4.911500E+03 -9.482455E-01
  4.912000E+03 -7.650082E-01
  4.912500E+03 -8.655418E-01
  4.913000E+03 -1.271231E+00
  4.913500E+03 -1.689477E+00
  4.914000E+03 -1.755247E+00
  4.914500E+03 -1.357136E+00
  4.915000E+03 -7.199816E-01
  4.915500E+03 -1.644559E-01
  4.916000E+03  2.030344E-01
  4.916500E+03  5.510251E-01
  4.917000E+03  1.081369E+00
  4.917500E+03  1.747950E+00
  4.918000E+03  2.237462E+00
  4.918500E+03  2.242618E+00
  4.919000E+03  1.757196E+00
  4.919500E+03  1.094898E+00
  4.920000E+03  6.053345E-01
  4.920500E+03  3.608191E-01
  4.921000E+03  1.206584E-01
  4.921500E+03 -3.905101E-01
  4.922000E+03 -1.165671E+00
  4.922500E+03 -1.879925E+00
  4.923000E+03 -2.180417E+00
  4.923500E+03 -2.014121E+00
  4.924000E+03 -1.655902E+00
  4.924500E+03 -1.398089E+00
  4.925000E+03 -1.219422E+00
  4.925500E+03 -7.934854E-01
  4.926000E+03  1.412906E-01
  4.926500E+03  1.413385E+00
  4.927000E+03  2.443106E+00
  4.927500E+03  2.674735E+00
  4.928000E+03  2.024452E+00
  4.928500E+03  9.355757E-01
  4.929000E+03  1.814735E-02
  4.929500E+03 -3.667803E-01
  4.930000E+03 -2.241217E-01
  4.930500E+03  2.576019E-01
  4.931000E+03  8.964229E-01
  4.931500E+03  1.501912E+00
  4.932000E+03  1.762948E+00
  4.932500E+03  1.307903E+00
  4.933000E+03  5.081137E-03
  4.933500E+03 -1.764514E+00
  4.934000E+03 -3.199476E+00
  4.934500E+03 -3.561464E+00
  4.935000E+03 -2.689539E+00
  4.935500E+03 -1.120286E+00
  4.936000E+03  2.850457E-01
  4.936500E+03  9.026737E-01
  4.937000E+03  6.780291E-01
  4.937500E+03  3.993152E-02
  4.938000E+03 -4.595033E-01
  4.938500E+03 -4.871245E-01
  4.939000E+03 -5.504215E-02
  4.939500E+03  5.760819E-01
  4.940000E+03  1.098671E+00
  4.940500E+03  1.333452E+00
  4.941000E+03  1.297559E+00
  4.941500E+03  1.148727E+00
  4.942000E+03  1.048762E+00
  4.942500E+03  1.033340E+00
  4.943000E+03  9.771081E-01
  4.943500E+03  6.875409E-01
  4.944000E+03  7.316010E-02
  4.944500E+03 -7.319163E-01
  4.945000E+03 -1.394896E+00
  4.945500E+03 -1.578214E+00
  4.946000E+03 -1.188168E+00
  4.946500E+03 -4.919045E-01
  4.947000E+03  2.309489E-02
  4.947500E+03 -1.534312E-02
  4.948000E+03 -5.782438E-01
  4.948500E+03 -1.245012E+00
  4.949000E+03 -1.526767E+00
  4.949500E+03 -1.243509E+00
  4.950000E+03 -6.314905E-01
  4.950500E+03 -9.592315E-02
  4.951000E+03  1.487152E-01
  4.951500E+03  2.154223E-01
  4.952000E+03  3.589962E-01
  4.952500E+03  6.874913E-01
  4.953000E+03  1.063311E+00
  4.953500E+03  1.257164E+00
  4.954000E+03  1.156799E+00
  4.954500E+03  8.212576E-01
  4.955000E+03  3.861280E-01
  4.955500E+03 -1.505544E-02
  4.956000E+03 -2.293320E-01
  4.956500E+03 -6.815417E-02
  4.957000E+03  5.737882E-01
  4.957500E+03  1.530896E+00
  4.958000E+03  2.342591E+00
  4.958500E+03  2.514881E+00
  4.959000E+03  1.885333E+00
  4.959500E+03  7.559516E-01
  4.960000E+03 -3.418793E-01
  4.960500E+03 -1.031533E+00
  4.961000E+03 -1.280710E+00
  4.961500E+03 -1.285160E+00
  4.962000E+03 -1.248340E+00
  4.962500E+03 -1.300904E+00
  4.963000E+03 -1.561626E+00
  4.963500E+03 -2.140657E+00
  4.964000E+03 -2.985471E+00
  4.964500E+03 -3.739415E+00
  4.965000E+03 -3.862589E+00
  4.965500E+03 -3.011619E+00
  4.966000E+03 -1.357393E+00
  4.966500E+03  4.838089E-01
  4.967000E+03  1.878514E+00
  4.967500E+03  2.589229E+00
  4.968000E+03  2.821299E+00
  4.968500E+03  2.914083E+00
  4.969000E+03  3.005863E+00
  4.969500E+03  2.968893E+00
  4.970000E+03  2.606348E+00
  4.970500E+03  1.867731E+00
  4.971000E+03  8.878808E-01
  4.971500E+03 -1.247166E-01
  4.972000E+03 -9.943825E-01
  4.972500E+03 -1.591669E+00
  4.973000E+03 -1.805220E+00
  4.973500E+03 -1.561219E+00
  4.974000E+03 -8.966586E-01
  4.974500E+03 -9.119537E-03
  4.975000E+03  7.848794E-01
  4.975500E+03  1.176722E+00
  4.976000E+03  1.014184E+00
  4.976500E+03  3.984470E-01
  4.977000E+03 -3.290103E-01
  4.977500E+03 -7.370121E-01
  4.978000E+03 -5.488733E-01
  4.978500E+03  1.578694E-01
  4.979000E+03  9.587560E-01
  4.979500E+03  1.337561E+00
  4.980000E+03  1.026977E+00
  4.980500E+03  1.750643E-01
  4.981000E+03 -7.920459E-01
  4.981500E+03 -1.482556E+00
  4.982000E+03 -1.757761E+00
  4.982500E+03 -1.704969E+00
  4.983000E+03 -1.460770E+00
  4.983500E+03 -1.100689E+00
  4.984000E+03 -6.885616E-01
  4.984500E+03 -3.685215E-01
  4.985000E+03 -3.303584E-01
  4.985500E+03 -6.427748E-01
  4.986000E+03 -1.133190E+00
  4.986500E+03 -1.473659E+00
  4.987000E+03 -1.418478E+00
  4.987500E+03 -9.673686E-01
  4.988000E+03 -2.986707E-01
  4.988500E+03  4.390041E-01
  4.989000E+03  1.239004E+00
  4.989500E+03  2.131342E+00
  4.990000E+03  2.996084E+00
  4.990500E+03  3.541085E+00
  4.991000E+03  3.516302E+00
  4.991500E+03  2.959903E+00
  4.992000E+03  2.199919E+00
  4.992500E+03  1.569754E+00
  4.993000E+03  1.103848E+00
  4.993500E+03  5.301921E-01
  4.994000E+03 -4.068362E-01
  4.994500E+03 -1.601234E+00
  4.995000E+03 -2.573028E+00
  4.995500E+03 -2.833631E+00
  4.996000E+03 -2.304963E+00
  4.996500E+03 -1.405612E+00
  4.997000E+03 -7.232284E-01
  4.997500E+03 -5.682414E-01
  4.998000E+03 -7.931573E-01
  4.998500E+03 -9.986459E-01
  4.999000E+03 -9.030684E-01
  4.999500E+03 -5.465970E-01
  5.000000E+03 -1.960484E-01
