 Variables = "t (s)" "<greek>z</greek> (m)" 
  5.000000E-01  0.000000E+00
  1.000000E+00 -9.084314E-04
  1.500000E+00 -2.572488E-03
  2.000000E+00 -2.740687E-03
  2.500000E+00  1.060732E-03
  3.000000E+00  1.058269E-02
  3.500000E+00  2.611495E-02
  4.000000E+00  4.631078E-02
  4.500000E+00  6.871288E-02
  5.000000E+00  9.080883E-02
  5.500000E+00  1.111746E-01
  6.000000E+00  1.301608E-01
  6.500000E+00  1.497050E-01
  7.000000E+00  1.721908E-01
  7.500000E+00  1.986895E-01
  8.000000E+00  2.272622E-01
  8.500000E+00  2.520971E-01
  9.000000E+00  2.640549E-01
  9.500000E+00  2.527309E-01
  1.000000E+01  2.095683E-01
  1.050000E+01  1.310909E-01
  1.100000E+01  2.113849E-02
  1.150000E+01 -1.088079E-01
  1.200000E+01 -2.415775E-01
  1.250000E+01 -3.581792E-01
  1.300000E+01 -4.425644E-01
  1.350000E+01 -4.858919E-01
  1.400000E+01 -4.889692E-01
  1.450000E+01 -4.620523E-01
  1.500000E+01 -4.219845E-01
  1.550000E+01 -3.874930E-01
  1.600000E+01 -3.740598E-01
  1.650000E+01 -3.899409E-01
  1.700000E+01 -4.345476E-01
  1.750000E+01 -4.996385E-01
  1.800000E+01 -5.728350E-01
  1.850000E+01 -6.421826E-01
  1.900000E+01 -7.001095E-01
  1.950000E+01 -7.453242E-01
  2.000000E+01 -7.819024E-01
  2.050000E+01 -8.158120E-01
  2.100000E+01 -8.500856E-01
  2.150000E+01 -8.804202E-01
  2.200000E+01 -8.929592E-01
  2.250000E+01 -8.653630E-01
  2.300000E+01 -7.712130E-01
  2.350000E+01 -5.866566E-01
  2.400000E+01 -2.974011E-01
  2.450000E+01  9.603764E-02
  2.500000E+01  5.764284E-01
  2.550000E+01  1.111833E+00
  2.600000E+01  1.660902E+00
  2.650000E+01  2.179840E+00
  2.700000E+01  2.629042E+00
  2.750000E+01  2.977635E+00
  2.800000E+01  3.205053E+00
  2.850000E+01  3.299864E+00
  2.900000E+01  3.257050E+00
  2.950000E+01  3.075407E+00
  3.000000E+01  2.756554E+00
  3.050000E+01  2.306252E+00
  3.100000E+01  1.737665E+00
  3.150000E+01  1.075137E+00
  3.200000E+01  3.565737E-01
  3.250000E+01 -3.674025E-01
  3.300000E+01 -1.038469E+00
  3.350000E+01 -1.599440E+00
  3.400000E+01 -2.005166E+00
  3.450000E+01 -2.232735E+00
  3.500000E+01 -2.287936E+00
  3.550000E+01 -2.205656E+00
  3.600000E+01 -2.043319E+00
  3.650000E+01 -1.868491E+00
  3.700000E+01 -1.743528E+00
  3.750000E+01 -1.711288E+00
  3.800000E+01 -1.785871E+00
  3.850000E+01 -1.951043E+00
  3.900000E+01 -2.166776E+00
  3.950000E+01 -2.381823E+00
  4.000000E+01 -2.548262E+00
  4.050000E+01 -2.633296E+00
  4.100000E+01 -2.624495E+00
  4.150000E+01 -2.526983E+00
  4.200000E+01 -2.354060E+00
  4.250000E+01 -2.115251E+00
  4.300000E+01 -1.806938E+00
  4.350000E+01 -1.409931E+00
  4.400000E+01 -8.957824E-01
  4.450000E+01 -2.402066E-01
  4.500000E+01  5.610765E-01
  4.550000E+01  1.480190E+00
  4.600000E+01  2.453927E+00
  4.650000E+01  3.391907E+00
  4.700000E+01  4.194379E+00
  4.750000E+01  4.774403E+00
  4.800000E+01  5.077322E+00
  4.850000E+01  5.091206E+00
  4.900000E+01  4.845055E+00
  4.950000E+01  4.395892E+00
  5.000000E+01  3.809762E+00
  5.050000E+01  3.143655E+00
  5.100000E+01  2.435287E+00
  5.150000E+01  1.701450E+00
  5.200000E+01  9.469050E-01
  5.250000E+01  1.792450E-01
  5.300000E+01 -5.789171E-01
  5.350000E+01 -1.285159E+00
  5.400000E+01 -1.882495E+00
  5.450000E+01 -2.313296E+00
  5.500000E+01 -2.537020E+00
  5.550000E+01 -2.545287E+00
  5.600000E+01 -2.368597E+00
  5.650000E+01 -2.071917E+00
  5.700000E+01 -1.740165E+00
  5.750000E+01 -1.457976E+00
  5.800000E+01 -1.289827E+00
  5.850000E+01 -1.266149E+00
  5.900000E+01 -1.378755E+00
  5.950000E+01 -1.585837E+00
  6.000000E+01 -1.823997E+00
  6.050000E+01 -2.023252E+00
  6.100000E+01 -2.120996E+00
  6.150000E+01 -2.072209E+00
  6.200000E+01 -1.854983E+00
  6.250000E+01 -1.471924E+00
  6.300000E+01 -9.486533E-01
  6.350000E+01 -3.304083E-01
  6.400000E+01  3.228983E-01
  6.450000E+01  9.434116E-01
  6.500000E+01  1.464074E+00
  6.550000E+01  1.828919E+00
  6.600000E+01  2.003402E+00
  6.650000E+01  1.982391E+00
  6.700000E+01  1.793251E+00
  6.750000E+01  1.492330E+00
  6.800000E+01  1.154751E+00
  6.850000E+01  8.594046E-01
  6.900000E+01  6.725340E-01
  6.950000E+01  6.338906E-01
  7.000000E+01  7.488069E-01
  7.050000E+01  9.879194E-01
  7.100000E+01  1.294231E+00
  7.150000E+01  1.595384E+00
  7.200000E+01  1.817956E+00
  7.250000E+01  1.900517E+00
  7.300000E+01  1.802986E+00
  7.350000E+01  1.511106E+00
  7.400000E+01  1.036160E+00
  7.450000E+01  4.110384E-01
  7.500000E+01 -3.158014E-01
  7.550000E+01 -1.086972E+00
  7.600000E+01 -1.842276E+00
  7.650000E+01 -2.523722E+00
  7.700000E+01 -3.079333E+00
  7.750000E+01 -3.466026E+00
  7.800000E+01 -3.652016E+00
  7.850000E+01 -3.619138E+00
  7.900000E+01 -3.365257E+00
  7.950000E+01 -2.906470E+00
  8.000000E+01 -2.278331E+00
  8.050000E+01 -1.534948E+00
  8.100000E+01 -7.448322E-01
  8.150000E+01  1.711739E-02
  8.200000E+01  6.810134E-01
  8.250000E+01  1.194951E+00
  8.300000E+01  1.536530E+00
  8.350000E+01  1.719422E+00
  8.400000E+01  1.792032E+00
  8.450000E+01  1.827067E+00
  8.500000E+01  1.903308E+00
  8.550000E+01  2.083495E+00
  8.600000E+01  2.393962E+00
  8.650000E+01  2.811932E+00
  8.700000E+01  3.264816E+00
  8.750000E+01  3.642870E+00
  8.800000E+01  3.822907E+00
  8.850000E+01  3.697601E+00
  8.900000E+01  3.203177E+00
  8.950000E+01  2.338476E+00
  9.000000E+01  1.170576E+00
  9.050000E+01 -1.745412E-01
  9.100000E+01 -1.534083E+00
  9.150000E+01 -2.738211E+00
  9.200000E+01 -3.640877E+00
  9.250000E+01 -4.145264E+00
  9.300000E+01 -4.218969E+00
  9.350000E+01 -3.896465E+00
  9.400000E+01 -3.269138E+00
  9.450000E+01 -2.465495E+00
  9.500000E+01 -1.625873E+00
  9.550000E+01 -8.767292E-01
  9.600000E+01 -3.094821E-01
  9.650000E+01  3.217109E-02
  9.700000E+01  1.542732E-01
  9.750000E+01  1.040373E-01
  9.800000E+01 -4.690187E-02
  9.850000E+01 -2.230981E-01
  9.900000E+01 -3.645024E-01
  9.950000E+01 -4.393844E-01
  1.000000E+02 -4.478133E-01
  1.005000E+02 -4.152346E-01
  1.010000E+02 -3.785639E-01
  1.015000E+02 -3.694137E-01
  1.020000E+02 -3.998438E-01
  1.025000E+02 -4.550975E-01
  1.030000E+02 -4.954714E-01
  1.035000E+02 -4.665355E-01
  1.040000E+02 -3.143868E-01
  1.045000E+02 -1.307672E-03
  1.050000E+02  4.825292E-01
  1.055000E+02  1.114051E+00
  1.060000E+02  1.839464E+00
  1.065000E+02  2.582126E+00
  1.070000E+02  3.253534E+00
  1.075000E+02  3.764928E+00
  1.080000E+02  4.037917E+00
  1.085000E+02  4.013621E+00
  1.090000E+02  3.660472E+00
  1.095000E+02  2.980668E+00
  1.100000E+02  2.014477E+00
  1.105000E+02  8.407347E-01
  1.110000E+02 -4.284499E-01
  1.115000E+02 -1.659963E+00
  1.120000E+02 -2.718327E+00
  1.125000E+02 -3.487840E+00
  1.130000E+02 -3.893483E+00
  1.135000E+02 -3.915268E+00
  1.140000E+02 -3.591837E+00
  1.145000E+02 -3.011726E+00
  1.150000E+02 -2.294026E+00
  1.155000E+02 -1.563129E+00
  1.160000E+02 -9.237869E-01
  1.165000E+02 -4.423917E-01
  1.170000E+02 -1.384454E-01
  1.175000E+02  1.279667E-02
  1.180000E+02  6.836588E-02
  1.185000E+02  1.001403E-01
  1.190000E+02  1.763916E-01
  1.195000E+02  3.461846E-01
  1.200000E+02  6.291635E-01
  1.205000E+02  1.011787E+00
  1.210000E+02  1.449909E+00
  1.215000E+02  1.876865E+00
  1.220000E+02  2.215735E+00
  1.225000E+02  2.394026E+00
  1.230000E+02  2.358470E+00
  1.235000E+02  2.087184E+00
  1.240000E+02  1.596373E+00
  1.245000E+02  9.394903E-01
  1.250000E+02  1.983220E-01
  1.255000E+02 -5.323865E-01
  1.260000E+02 -1.163150E+00
  1.265000E+02 -1.626113E+00
  1.270000E+02 -1.885287E+00
  1.275000E+02 -1.938264E+00
  1.280000E+02 -1.809855E+00
  1.285000E+02 -1.540756E+00
  1.290000E+02 -1.175784E+00
  1.295000E+02 -7.558870E-01
  1.300000E+02 -3.160013E-01
  1.305000E+02  1.120655E-01
  1.310000E+02  4.950265E-01
  1.315000E+02  7.959734E-01
  1.320000E+02  9.777041E-01
  1.325000E+02  1.011711E+00
  1.330000E+02  8.897894E-01
  1.335000E+02  6.330639E-01
  1.340000E+02  2.932835E-01
  1.345000E+02 -5.629849E-02
  1.350000E+02 -3.390934E-01
  1.355000E+02 -4.970250E-01
  1.360000E+02 -5.084628E-01
  1.365000E+02 -3.953204E-01
  1.370000E+02 -2.159322E-01
  1.375000E+02 -4.548265E-02
  1.380000E+02  4.944243E-02
  1.385000E+02  3.313203E-02
  1.390000E+02 -8.826032E-02
  1.395000E+02 -2.710136E-01
  1.400000E+02 -4.516614E-01
  1.405000E+02 -5.714058E-01
  1.410000E+02 -5.976725E-01
  1.415000E+02 -5.345197E-01
  1.420000E+02 -4.180553E-01
  1.425000E+02 -2.989807E-01
  1.430000E+02 -2.195243E-01
  1.435000E+02 -1.942828E-01
  1.440000E+02 -2.029494E-01
  1.445000E+02 -1.981730E-01
  1.450000E+02 -1.257231E-01
  1.455000E+02  5.086562E-02
  1.460000E+02  3.309456E-01
  1.465000E+02  6.706306E-01
  1.470000E+02  9.928724E-01
  1.475000E+02  1.210619E+00
  1.480000E+02  1.255016E+00
  1.485000E+02  1.098747E+00
  1.490000E+02  7.663965E-01
  1.495000E+02  3.284611E-01
  1.500000E+02 -1.185910E-01
  1.505000E+02 -4.791425E-01
  1.510000E+02 -6.831560E-01
  1.515000E+02 -7.012258E-01
  1.520000E+02 -5.463240E-01
  1.525000E+02 -2.634651E-01
  1.530000E+02  8.757519E-02
  1.535000E+02  4.497505E-01
  1.540000E+02  7.807516E-01
  1.545000E+02  1.056836E+00
  1.550000E+02  1.269346E+00
  1.555000E+02  1.417419E+00
  1.560000E+02  1.501219E+00
  1.565000E+02  1.518839E+00
  1.570000E+02  1.467658E+00
  1.575000E+02  1.348525E+00
  1.580000E+02  1.169734E+00
  1.585000E+02  9.479582E-01
  1.590000E+02  7.049070E-01
  1.595000E+02  4.606645E-01
  1.600000E+02  2.264218E-01
  1.605000E+02 -1.551547E-04
  1.610000E+02 -2.346246E-01
  1.615000E+02 -5.002192E-01
  1.620000E+02 -8.189049E-01
  1.625000E+02 -1.202316E+00
  1.630000E+02 -1.645911E+00
  1.635000E+02 -2.128416E+00
  1.640000E+02 -2.616521E+00
  1.645000E+02 -3.072821E+00
  1.650000E+02 -3.463871E+00
  1.655000E+02 -3.765434E+00
  1.660000E+02 -3.963398E+00
  1.665000E+02 -4.050751E+00
  1.670000E+02 -4.022651E+00
  1.675000E+02 -3.872294E+00
  1.680000E+02 -3.589765E+00
  1.685000E+02 -3.164573E+00
  1.690000E+02 -2.590875E+00
  1.695000E+02 -1.873144E+00
  1.700000E+02 -1.029826E+00
  1.705000E+02 -9.338366E-02
  1.710000E+02  8.933832E-01
  1.715000E+02  1.883346E+00
  1.720000E+02  2.831208E+00
  1.725000E+02  3.697832E+00
  1.730000E+02  4.451867E+00
  1.735000E+02  5.069175E+00
  1.740000E+02  5.531634E+00
  1.745000E+02  5.827016E+00
  1.750000E+02  5.950756E+00
  1.755000E+02  5.908963E+00
  1.760000E+02  5.720682E+00
  1.765000E+02  5.416931E+00
  1.770000E+02  5.034911E+00
  1.775000E+02  4.607737E+00
  1.780000E+02  4.152439E+00
  1.785000E+02  3.660681E+00
  1.790000E+02  3.096841E+00
  1.795000E+02  2.406276E+00
  1.800000E+02  1.533235E+00
  1.805000E+02  4.440794E-01
  1.810000E+02 -8.513990E-01
  1.815000E+02 -2.288340E+00
  1.820000E+02 -3.750464E+00
  1.825000E+02 -5.090115E+00
  1.830000E+02 -6.160391E+00
  1.835000E+02 -6.850537E+00
  1.840000E+02 -7.113902E+00
  1.845000E+02 -6.979342E+00
  1.850000E+02 -6.541726E+00
  1.855000E+02 -5.933721E+00
  1.860000E+02 -5.287104E+00
  1.865000E+02 -4.695523E+00
  1.870000E+02 -4.190426E+00
  1.875000E+02 -3.737867E+00
  1.880000E+02 -3.257260E+00
  1.885000E+02 -2.656040E+00
  1.890000E+02 -1.868958E+00
  1.895000E+02 -8.890926E-01
  1.900000E+02  2.198001E-01
  1.905000E+02  1.334116E+00
  1.910000E+02  2.301588E+00
  1.915000E+02  2.983555E+00
  1.920000E+02  3.295476E+00
  1.925000E+02  3.233327E+00
  1.930000E+02  2.877704E+00
  1.935000E+02  2.374143E+00
  1.940000E+02  1.895135E+00
  1.945000E+02  1.594631E+00
  1.950000E+02  1.567792E+00
  1.955000E+02  1.827093E+00
  1.960000E+02  2.301012E+00
  1.965000E+02  2.855163E+00
  1.970000E+02  3.329561E+00
  1.975000E+02  3.581513E+00
  1.980000E+02  3.522537E+00
  1.985000E+02  3.139745E+00
  1.990000E+02  2.496739E+00
  1.995000E+02  1.714727E+00
  2.000000E+02  9.397984E-01
  2.005000E+02  3.056800E-01
  2.010000E+02 -9.806796E-02
  2.015000E+02 -2.444487E-01
  2.020000E+02 -1.701390E-01
  2.025000E+02  3.970905E-02
  2.030000E+02  2.777014E-01
  2.035000E+02  4.436309E-01
  2.040000E+02  4.690265E-01
  2.045000E+02  3.307631E-01
  2.050000E+02  5.120777E-02
  2.055000E+02 -3.136851E-01
  2.060000E+02 -6.937335E-01
  2.065000E+02 -1.025182E+00
  2.070000E+02 -1.266833E+00
  2.075000E+02 -1.407814E+00
  2.080000E+02 -1.465954E+00
  2.085000E+02 -1.478522E+00
  2.090000E+02 -1.488935E+00
  2.095000E+02 -1.533634E+00
  2.100000E+02 -1.632593E+00
  2.105000E+02 -1.785401E+00
  2.110000E+02 -1.973028E+00
  2.115000E+02 -2.163915E+00
  2.120000E+02 -2.322237E+00
  2.125000E+02 -2.416063E+00
  2.130000E+02 -2.423639E+00
  2.135000E+02 -2.336716E+00
  2.140000E+02 -2.160620E+00
  2.145000E+02 -1.911398E+00
  2.150000E+02 -1.610897E+00
  2.155000E+02 -1.280967E+00
  2.160000E+02 -9.382494E-01
  2.165000E+02 -5.909433E-01
  2.170000E+02 -2.386248E-01
  2.175000E+02  1.245778E-01
  2.180000E+02  5.041572E-01
  2.185000E+02  8.984762E-01
  2.190000E+02  1.293461E+00
  2.195000E+02  1.661028E+00
  2.200000E+02  1.962610E+00
  2.205000E+02  2.157583E+00
  2.210000E+02  2.214655E+00
  2.215000E+02  2.122977E+00
  2.220000E+02  1.899455E+00
  2.225000E+02  1.589545E+00
  2.230000E+02  1.260670E+00
  2.235000E+02  9.895005E-01
  2.240000E+02  8.461703E-01
  2.245000E+02  8.792638E-01
  2.250000E+02  1.105066E+00
  2.255000E+02  1.503206E+00
  2.260000E+02  2.019068E+00
  2.265000E+02  2.571872E+00
  2.270000E+02  3.066461E+00
  2.275000E+02  3.406820E+00
  2.280000E+02  3.509771E+00
  2.285000E+02  3.317700E+00
  2.290000E+02  2.809258E+00
  2.295000E+02  2.006596E+00
  2.300000E+02  9.772096E-01
  2.305000E+02 -1.715672E-01
  2.310000E+02 -1.306472E+00
  2.315000E+02 -2.289802E+00
  2.320000E+02 -3.005117E+00
  2.325000E+02 -3.381620E+00
  2.330000E+02 -3.410763E+00
  2.335000E+02 -3.149751E+00
  2.340000E+02 -2.709713E+00
  2.345000E+02 -2.230598E+00
  2.350000E+02 -1.848936E+00
  2.355000E+02 -1.666985E+00
  2.360000E+02 -1.731562E+00
  2.365000E+02 -2.027865E+00
  2.370000E+02 -2.488905E+00
  2.375000E+02 -3.016361E+00
  2.380000E+02 -3.505488E+00
  2.385000E+02 -3.866238E+00
  2.390000E+02 -4.035125E+00
  2.395000E+02 -3.976489E+00
  2.400000E+02 -3.676078E+00
  2.405000E+02 -3.132499E+00
  2.410000E+02 -2.352164E+00
  2.415000E+02 -1.350849E+00
  2.420000E+02 -1.611052E-01
  2.425000E+02  1.158752E+00
  2.430000E+02  2.520043E+00
  2.435000E+02  3.808379E+00
  2.440000E+02  4.899036E+00
  2.445000E+02  5.680096E+00
  2.450000E+02  6.076787E+00
  2.455000E+02  6.069160E+00
  2.460000E+02  5.696895E+00
  2.465000E+02  5.049097E+00
  2.470000E+02  4.241900E+00
  2.475000E+02  3.390718E+00
  2.480000E+02  2.585582E+00
  2.485000E+02  1.876612E+00
  2.490000E+02  1.272949E+00
  2.495000E+02  7.537775E-01
  2.500000E+02  2.862424E-01
  2.505000E+02 -1.566849E-01
  2.510000E+02 -5.844157E-01
  2.515000E+02 -9.861613E-01
  2.520000E+02 -1.336989E+00
  2.525000E+02 -1.608932E+00
  2.530000E+02 -1.782282E+00
  2.535000E+02 -1.852876E+00
  2.540000E+02 -1.833370E+00
  2.545000E+02 -1.749068E+00
  2.550000E+02 -1.630802E+00
  2.555000E+02 -1.507961E+00
  2.560000E+02 -1.403953E+00
  2.565000E+02 -1.334809E+00
  2.570000E+02 -1.309991E+00
  2.575000E+02 -1.333643E+00
  2.580000E+02 -1.404729E+00
  2.585000E+02 -1.515565E+00
  2.590000E+02 -1.649595E+00
  2.595000E+02 -1.780150E+00
  2.600000E+02 -1.871932E+00
  2.605000E+02 -1.886044E+00
  2.610000E+02 -1.787910E+00
  2.615000E+02 -1.556101E+00
  2.620000E+02 -1.189424E+00
  2.625000E+02 -7.100010E-01
  2.630000E+02 -1.612327E-01
  2.635000E+02  3.988713E-01
  2.640000E+02  9.072119E-01
  2.645000E+02  1.305596E+00
  2.650000E+02  1.549116E+00
  2.655000E+02  1.611734E+00
  2.660000E+02  1.488972E+00
  2.665000E+02  1.198355E+00
  2.670000E+02  7.783307E-01
  2.675000E+02  2.859443E-01
  2.680000E+02 -2.071674E-01
  2.685000E+02 -6.213259E-01
  2.690000E+02 -8.785131E-01
  2.695000E+02 -9.148445E-01
  2.700000E+02 -6.939805E-01
  2.705000E+02 -2.183340E-01
  2.710000E+02  4.655681E-01
  2.715000E+02  1.270476E+00
  2.720000E+02  2.081476E+00
  2.725000E+02  2.776873E+00
  2.730000E+02  3.252432E+00
  2.735000E+02  3.442886E+00
  2.740000E+02  3.334813E+00
  2.745000E+02  2.967003E+00
  2.750000E+02  2.417883E+00
  2.755000E+02  1.783388E+00
  2.760000E+02  1.151604E+00
  2.765000E+02  5.815999E-01
  2.770000E+02  9.258078E-02
  2.775000E+02 -3.337075E-01
  2.780000E+02 -7.386614E-01
  2.785000E+02 -1.165722E+00
  2.790000E+02 -1.639746E+00
  2.795000E+02 -2.153778E+00
  2.800000E+02 -2.667465E+00
  2.805000E+02 -3.117265E+00
  2.810000E+02 -3.434539E+00
  2.815000E+02 -3.564955E+00
  2.820000E+02 -3.482462E+00
  2.825000E+02 -3.193313E+00
  2.830000E+02 -2.729476E+00
  2.835000E+02 -2.134830E+00
  2.840000E+02 -1.450147E+00
  2.845000E+02 -7.031822E-01
  2.850000E+02  9.210010E-02
  2.855000E+02  9.270238E-01
  2.860000E+02  1.784298E+00
  2.865000E+02  2.625170E+00
  2.870000E+02  3.384088E+00
  2.875000E+02  3.974732E+00
  2.880000E+02  4.306910E+00
  2.885000E+02  4.309491E+00
  2.890000E+02  3.951733E+00
  2.895000E+02  3.255466E+00
  2.900000E+02  2.293387E+00
  2.905000E+02  1.173487E+00
  2.910000E+02  1.442495E-02
  2.915000E+02 -1.080211E+00
  2.920000E+02 -2.040531E+00
  2.925000E+02 -2.836364E+00
  2.930000E+02 -3.469807E+00
  2.935000E+02 -3.958312E+00
  2.940000E+02 -4.315558E+00
  2.945000E+02 -4.537830E+00
  2.950000E+02 -4.601165E+00
  2.955000E+02 -4.470149E+00
  2.960000E+02 -4.114638E+00
  2.965000E+02 -3.527526E+00
  2.970000E+02 -2.736240E+00
  2.975000E+02 -1.802936E+00
  2.980000E+02 -8.125647E-01
  2.985000E+02  1.475353E-01
  2.990000E+02  1.009696E+00
  2.995000E+02  1.742124E+00
  3.000000E+02  2.353694E+00
  3.005000E+02  2.885625E+00
  3.010000E+02  3.392692E+00
  3.015000E+02  3.920068E+00
  3.020000E+02  4.483141E+00
  3.025000E+02  5.056659E+00
  3.030000E+02  5.576480E+00
  3.035000E+02  5.953363E+00
  3.040000E+02  6.094700E+00
  3.045000E+02  5.927992E+00
  3.050000E+02  5.419643E+00
  3.055000E+02  4.584261E+00
  3.060000E+02  3.482451E+00
  3.065000E+02  2.208200E+00
  3.070000E+02  8.695614E-01
  3.075000E+02 -4.322254E-01
  3.080000E+02 -1.620014E+00
  3.085000E+02 -2.650552E+00
  3.090000E+02 -3.515075E+00
  3.095000E+02 -4.231388E+00
  3.100000E+02 -4.830250E+00
  3.105000E+02 -5.340128E+00
  3.110000E+02 -5.774515E+00
  3.115000E+02 -6.125068E+00
  3.120000E+02 -6.362033E+00
  3.125000E+02 -6.441355E+00
  3.130000E+02 -6.316091E+00
  3.135000E+02 -5.948762E+00
  3.140000E+02 -5.321278E+00
  3.145000E+02 -4.440139E+00
  3.150000E+02 -3.336151E+00
  3.155000E+02 -2.059586E+00
  3.160000E+02 -6.728281E-01
  3.165000E+02  7.570491E-01
  3.170000E+02  2.163892E+00
  3.175000E+02  3.485394E+00
  3.180000E+02  4.663678E+00
  3.185000E+02  5.644767E+00
  3.190000E+02  6.378425E+00
  3.195000E+02  6.819591E+00
  3.200000E+02  6.931862E+00
  3.205000E+02  6.692717E+00
  3.210000E+02  6.099471E+00
  3.215000E+02  5.174639E+00
  3.220000E+02  3.969311E+00
  3.225000E+02  2.563286E+00
  3.230000E+02  1.061011E+00
  3.235000E+02 -4.171891E-01
  3.240000E+02 -1.748391E+00
  3.245000E+02 -2.823638E+00
  3.250000E+02 -3.565334E+00
  3.255000E+02 -3.941902E+00
  3.260000E+02 -3.975594E+00
  3.265000E+02 -3.739996E+00
  3.270000E+02 -3.345695E+00
  3.275000E+02 -2.915639E+00
  3.280000E+02 -2.555103E+00
  3.285000E+02 -2.323779E+00
  3.290000E+02 -2.218166E+00
  3.295000E+02 -2.170577E+00
  3.300000E+02 -2.066880E+00
  3.305000E+02 -1.779603E+00
  3.310000E+02 -1.207942E+00
  3.315000E+02 -3.133415E-01
  3.320000E+02  8.601882E-01
  3.325000E+02  2.187911E+00
  3.330000E+02  3.488814E+00
  3.335000E+02  4.566317E+00
  3.340000E+02  5.253831E+00
  3.345000E+02  5.452242E+00
  3.350000E+02  5.148906E+00
  3.355000E+02  4.413550E+00
  3.360000E+02  3.373625E+00
  3.365000E+02  2.177787E+00
  3.370000E+02  9.593345E-01
  3.375000E+02 -1.893699E-01
  3.380000E+02 -1.224803E+00
  3.385000E+02 -2.142114E+00
  3.390000E+02 -2.952564E+00
  3.395000E+02 -3.658111E+00
  3.400000E+02 -4.233155E+00
  3.405000E+02 -4.620515E+00
  3.410000E+02 -4.743573E+00
  3.415000E+02 -4.530830E+00
  3.420000E+02 -3.944854E+00
  3.425000E+02 -3.005955E+00
  3.430000E+02 -1.802344E+00
  3.435000E+02 -4.824368E-01
  3.440000E+02  7.698914E-01
  3.445000E+02  1.771415E+00
  3.450000E+02  2.378136E+00
  3.455000E+02  2.516616E+00
  3.460000E+02  2.200161E+00
  3.465000E+02  1.525703E+00
  3.470000E+02  6.521058E-01
  3.475000E+02 -2.348518E-01
  3.480000E+02 -9.622943E-01
  3.485000E+02 -1.405280E+00
  3.490000E+02 -1.508818E+00
  3.495000E+02 -1.292090E+00
  3.500000E+02 -8.347367E-01
  3.505000E+02 -2.497306E-01
  3.510000E+02  3.492674E-01
  3.515000E+02  8.770022E-01
  3.520000E+02  1.294465E+00
  3.525000E+02  1.611297E+00
  3.530000E+02  1.873186E+00
  3.535000E+02  2.139039E+00
  3.540000E+02  2.455435E+00
  3.545000E+02  2.836296E+00
  3.550000E+02  3.253669E+00
  3.555000E+02  3.641851E+00
  3.560000E+02  3.913021E+00
  3.565000E+02  3.979302E+00
  3.570000E+02  3.774775E+00
  3.575000E+02  3.271599E+00
  3.580000E+02  2.486646E+00
  3.585000E+02  1.477991E+00
  3.590000E+02  3.332701E-01
  3.595000E+02 -8.465175E-01
  3.600000E+02 -1.963823E+00
  3.605000E+02 -2.938779E+00
  3.610000E+02 -3.718842E+00
  3.615000E+02 -4.283023E+00
  3.620000E+02 -4.640725E+00
  3.625000E+02 -4.825763E+00
  3.630000E+02 -4.886532E+00
  3.635000E+02 -4.873840E+00
  3.640000E+02 -4.828524E+00
  3.645000E+02 -4.771452E+00
  3.650000E+02 -4.698470E+00
  3.655000E+02 -4.581958E+00
  3.660000E+02 -4.378987E+00
  3.665000E+02 -4.044004E+00
  3.670000E+02 -3.542363E+00
  3.675000E+02 -2.860433E+00
  3.680000E+02 -2.009070E+00
  3.685000E+02 -1.019532E+00
  3.690000E+02  6.625064E-02
  3.695000E+02  1.206931E+00
  3.700000E+02  2.369767E+00
  3.705000E+02  3.532015E+00
  3.710000E+02  4.675184E+00
  3.715000E+02  5.774902E+00
  3.720000E+02  6.791448E+00
  3.725000E+02  7.666170E+00
  3.730000E+02  8.326917E+00
  3.735000E+02  8.701872E+00
  3.740000E+02  8.737444E+00
  3.745000E+02  8.413587E+00
  3.750000E+02  7.750347E+00
  3.755000E+02  6.802469E+00
  3.760000E+02  5.643468E+00
  3.765000E+02  4.344903E+00
  3.770000E+02  2.958768E+00
  3.775000E+02  1.509968E+00
  3.780000E+02  2.008112E-03
  3.785000E+02 -1.566313E+00
  3.790000E+02 -3.180043E+00
  3.795000E+02 -4.791928E+00
  3.800000E+02 -6.318348E+00
  3.805000E+02 -7.650140E+00
  3.810000E+02 -8.675271E+00
  3.815000E+02 -9.305525E+00
  3.820000E+02 -9.497624E+00
  3.825000E+02 -9.261217E+00
  3.830000E+02 -8.651256E+00
  3.835000E+02 -7.748370E+00
  3.840000E+02 -6.635409E+00
  3.845000E+02 -5.379631E+00
  3.850000E+02 -4.027263E+00
  3.855000E+02 -2.611684E+00
  3.860000E+02 -1.170372E+00
  3.865000E+02  2.384142E-01
  3.870000E+02  1.528571E+00
  3.875000E+02  2.594429E+00
  3.880000E+02  3.333768E+00
  3.885000E+02  3.678481E+00
  3.890000E+02  3.621787E+00
  3.895000E+02  3.231086E+00
  3.900000E+02  2.639981E+00
  3.905000E+02  2.020107E+00
  3.910000E+02  1.540568E+00
  3.915000E+02  1.327239E+00
  3.920000E+02  1.434369E+00
  3.925000E+02  1.836678E+00
  3.930000E+02  2.443237E+00
  3.935000E+02  3.127308E+00
  3.940000E+02  3.761626E+00
  3.945000E+02  4.247918E+00
  3.950000E+02  4.532674E+00
  3.955000E+02  4.606893E+00
  3.960000E+02  4.493360E+00
  3.965000E+02  4.228789E+00
  3.970000E+02  3.848631E+00
  3.975000E+02  3.379708E+00
  3.980000E+02  2.841438E+00
  3.985000E+02  2.252309E+00
  3.990000E+02  1.636198E+00
  3.995000E+02  1.023722E+00
  4.000000E+02  4.468247E-01
  4.005000E+02 -7.150144E-02
  4.010000E+02 -5.275865E-01
  4.015000E+02 -9.421899E-01
  4.020000E+02 -1.356885E+00
  4.025000E+02 -1.821845E+00
  4.030000E+02 -2.378824E+00
  4.035000E+02 -3.045317E+00
  4.040000E+02 -3.805591E+00
  4.045000E+02 -4.611661E+00
  4.050000E+02 -5.393429E+00
  4.055000E+02 -6.073819E+00
  4.060000E+02 -6.583135E+00
  4.065000E+02 -6.867896E+00
  4.070000E+02 -6.892325E+00
  4.075000E+02 -6.634348E+00
  4.080000E+02 -6.080576E+00
  4.085000E+02 -5.225127E+00
  4.090000E+02 -4.074991E+00
  4.095000E+02 -2.660908E+00
  4.100000E+02 -1.048983E+00
  4.105000E+02  6.536528E-01
  4.110000E+02  2.304845E+00
  4.115000E+02  3.747041E+00
  4.120000E+02  4.837257E+00
  4.125000E+02  5.479384E+00
  4.130000E+02  5.648677E+00
  4.135000E+02  5.399704E+00
  4.140000E+02  4.853826E+00
  4.145000E+02  4.168816E+00
  4.150000E+02  3.499259E+00
  4.155000E+02  2.959525E+00
  4.160000E+02  2.600379E+00
  4.165000E+02  2.405692E+00
  4.170000E+02  2.309050E+00
  4.175000E+02  2.223538E+00
  4.180000E+02  2.074059E+00
  4.185000E+02  1.821436E+00
  4.190000E+02  1.471114E+00
  4.195000E+02  1.065221E+00
  4.200000E+02  6.625866E-01
  4.205000E+02  3.151958E-01
  4.210000E+02  4.998318E-02
  4.215000E+02 -1.379197E-01
  4.220000E+02 -2.792024E-01
  4.225000E+02 -4.152725E-01
  4.230000E+02 -5.807622E-01
  4.235000E+02 -7.906800E-01
  4.240000E+02 -1.036820E+00
  4.245000E+02 -1.294030E+00
  4.250000E+02 -1.533002E+00
  4.255000E+02 -1.733851E+00
  4.260000E+02 -1.894822E+00
  4.265000E+02 -2.032634E+00
  4.270000E+02 -2.174497E+00
  4.275000E+02 -2.345038E+00
  4.280000E+02 -2.553303E+00
  4.285000E+02 -2.784805E+00
  4.290000E+02 -3.001618E+00
  4.295000E+02 -3.150580E+00
  4.300000E+02 -3.176806E+00
  4.305000E+02 -3.038067E+00
  4.310000E+02 -2.715506E+00
  4.315000E+02 -2.217594E+00
  4.320000E+02 -1.576595E+00
  4.325000E+02 -8.391544E-01
  4.330000E+02 -5.438947E-02
  4.335000E+02  7.366508E-01
  4.340000E+02  1.506910E+00
  4.345000E+02  2.242984E+00
  4.350000E+02  2.938871E+00
  4.355000E+02  3.586044E+00
  4.360000E+02  4.163369E+00
  4.365000E+02  4.630682E+00
  4.370000E+02  4.929118E+00
  4.375000E+02  4.989561E+00
  4.380000E+02  4.748229E+00
  4.385000E+02  4.166004E+00
  4.390000E+02  3.246366E+00
  4.395000E+02  2.046290E+00
  4.400000E+02  6.755966E-01
  4.405000E+02 -7.169736E-01
  4.410000E+02 -1.969095E+00
  4.415000E+02 -2.936105E+00
  4.420000E+02 -3.520401E+00
  4.425000E+02 -3.691072E+00
  4.430000E+02 -3.488175E+00
  4.435000E+02 -3.010224E+00
  4.440000E+02 -2.388319E+00
  4.445000E+02 -1.754232E+00
  4.450000E+02 -1.211424E+00
  4.455000E+02 -8.167594E-01
  4.460000E+02 -5.770317E-01
  4.465000E+02 -4.595137E-01
  4.470000E+02 -4.114012E-01
  4.475000E+02 -3.806401E-01
  4.480000E+02 -3.310567E-01
  4.485000E+02 -2.476255E-01
  4.490000E+02 -1.319240E-01
  4.495000E+02  8.325039E-03
  4.500000E+02  1.697070E-01
  4.505000E+02  3.581740E-01
  4.510000E+02  5.860788E-01
  4.515000E+02  8.623662E-01
  4.520000E+02  1.180388E+00
  4.525000E+02  1.509226E+00
  4.530000E+02  1.793389E+00
  4.535000E+02  1.962682E+00
  4.540000E+02  1.950142E+00
  4.545000E+02  1.712634E+00
  4.550000E+02  1.247358E+00
  4.555000E+02  5.984690E-01
  4.560000E+02 -1.489753E-01
  4.565000E+02 -8.865766E-01
  4.570000E+02 -1.507022E+00
  4.575000E+02 -1.928711E+00
  4.580000E+02 -2.113990E+00
  4.585000E+02 -2.076356E+00
  4.590000E+02 -1.875039E+00
  4.595000E+02 -1.598679E+00
  4.600000E+02 -1.342335E+00
  4.605000E+02 -1.183447E+00
  4.610000E+02 -1.162296E+00
  4.615000E+02 -1.271354E+00
  4.620000E+02 -1.455871E+00
  4.625000E+02 -1.625644E+00
  4.630000E+02 -1.675515E+00
  4.635000E+02 -1.510180E+00
  4.640000E+02 -1.067698E+00
  4.645000E+02 -3.361281E-01
  4.650000E+02  6.409803E-01
  4.655000E+02  1.771905E+00
  4.660000E+02  2.935303E+00
  4.665000E+02  4.005295E+00
  4.670000E+02  4.876389E+00
  4.675000E+02  5.481473E+00
  4.680000E+02  5.798102E+00
  4.685000E+02  5.841941E+00
  4.690000E+02  5.650324E+00
  4.695000E+02  5.262082E+00
  4.700000E+02  4.700964E+00
  4.705000E+02  3.968503E+00
  4.710000E+02  3.048750E+00
  4.715000E+02  1.922863E+00
  4.720000E+02  5.879748E-01
  4.725000E+02 -9.268742E-01
  4.730000E+02 -2.553827E+00
  4.735000E+02 -4.191186E+00
  4.740000E+02 -5.718869E+00
  4.745000E+02 -7.019397E+00
  4.750000E+02 -7.997801E+00
  4.755000E+02 -8.594706E+00
  4.760000E+02 -8.789680E+00
  4.765000E+02 -8.595568E+00
  4.770000E+02 -8.047516E+00
  4.775000E+02 -7.191570E+00
  4.780000E+02 -6.076911E+00
  4.785000E+02 -4.753388E+00
  4.790000E+02 -3.273297E+00
  4.795000E+02 -1.694476E+00
  4.800000E+02 -8.150711E-02
  4.805000E+02  1.496855E+00
  4.810000E+02  2.973726E+00
  4.815000E+02  4.291339E+00
  4.820000E+02  5.406429E+00
  4.825000E+02  6.291453E+00
  4.830000E+02  6.931245E+00
  4.835000E+02  7.316941E+00
  4.840000E+02  7.440385E+00
  4.845000E+02  7.292195E+00
  4.850000E+02  6.865074E+00
  4.855000E+02  6.161532E+00
  4.860000E+02  5.202980E+00
  4.865000E+02  4.036127E+00
  4.870000E+02  2.733312E+00
  4.875000E+02  1.385513E+00
  4.880000E+02  8.949871E-02
  4.885000E+02 -1.067191E+00
  4.890000E+02 -2.018989E+00
  4.895000E+02 -2.729212E+00
  4.900000E+02 -3.189814E+00
  4.905000E+02 -3.415208E+00
  4.910000E+02 -3.433286E+00
  4.915000E+02 -3.277260E+00
  4.920000E+02 -2.980923E+00
  4.925000E+02 -2.577988E+00
  4.930000E+02 -2.104144E+00
  4.935000E+02 -1.599253E+00
  4.940000E+02 -1.107292E+00
  4.945000E+02 -6.728484E-01
  4.950000E+02 -3.348976E-01
  4.955000E+02 -1.200143E-01
  4.960000E+02 -3.772313E-02
  4.965000E+02 -7.992494E-02
  4.970000E+02 -2.247131E-01
  4.975000E+02 -4.430849E-01
  4.980000E+02 -7.058771E-01
  4.985000E+02 -9.882304E-01
  4.990000E+02 -1.270032E+00
  4.995000E+02 -1.532624E+00
  5.000000E+02 -1.753788E+00
  5.005000E+02 -1.903960E+00
  5.010000E+02 -1.946248E+00
  5.015000E+02 -1.841423E+00
  5.020000E+02 -1.557011E+00
  5.025000E+02 -1.077848E+00
  5.030000E+02 -4.145886E-01
  5.035000E+02  3.929163E-01
  5.040000E+02  1.278953E+00
  5.045000E+02  2.161462E+00
  5.050000E+02  2.955310E+00
  5.055000E+02  3.585812E+00
  5.060000E+02  3.999094E+00
  5.065000E+02  4.167038E+00
  5.070000E+02  4.086386E+00
  5.075000E+02  3.773326E+00
  5.080000E+02  3.256095E+00
  5.085000E+02  2.568391E+00
  5.090000E+02  1.745659E+00
  5.095000E+02  8.249741E-01
  5.100000E+02 -1.522569E-01
  5.105000E+02 -1.136709E+00
  5.110000E+02 -2.069043E+00
  5.115000E+02 -2.881270E+00
  5.120000E+02 -3.502471E+00
  5.125000E+02 -3.868346E+00
  5.130000E+02 -3.932763E+00
  5.135000E+02 -3.678620E+00
  5.140000E+02 -3.125249E+00
  5.145000E+02 -2.330150E+00
  5.150000E+02 -1.384060E+00
  5.155000E+02 -3.997346E-01
  5.160000E+02  5.038432E-01
  5.165000E+02  1.219175E+00
  5.170000E+02  1.666834E+00
  5.175000E+02  1.808031E+00
  5.180000E+02  1.650880E+00
  5.185000E+02  1.249073E+00
  5.190000E+02  6.928123E-01
  5.195000E+02  9.311109E-02
  5.200000E+02 -4.381887E-01
  5.205000E+02 -8.093156E-01
  5.210000E+02 -9.663675E-01
  5.215000E+02 -9.040401E-01
  5.220000E+02 -6.662382E-01
  5.225000E+02 -3.354101E-01
  5.230000E+02 -1.203115E-02
  5.235000E+02  2.115880E-01
  5.240000E+02  2.768793E-01
  5.245000E+02  1.770195E-01
  5.250000E+02 -3.833935E-02
  5.255000E+02 -2.741335E-01
  5.260000E+02 -4.148897E-01
  5.265000E+02 -3.574721E-01
  5.270000E+02 -4.248473E-02
  5.275000E+02  5.250688E-01
  5.280000E+02  1.272640E+00
  5.285000E+02  2.076282E+00
  5.290000E+02  2.791992E+00
  5.295000E+02  3.293255E+00
  5.300000E+02  3.503581E+00
  5.305000E+02  3.414173E+00
  5.310000E+02  3.081422E+00
  5.315000E+02  2.605274E+00
  5.320000E+02  2.095643E+00
  5.325000E+02  1.637724E+00
  5.330000E+02  1.267263E+00
  5.335000E+02  9.633276E-01
  5.340000E+02  6.602524E-01
  5.345000E+02  2.741694E-01
  5.350000E+02 -2.649788E-01
  5.355000E+02 -9.863733E-01
  5.360000E+02 -1.864470E+00
  5.365000E+02 -2.821926E+00
  5.370000E+02 -3.747345E+00
  5.375000E+02 -4.521507E+00
  5.380000E+02 -5.043848E+00
  5.385000E+02 -5.251939E+00
  5.390000E+02 -5.129897E+00
  5.395000E+02 -4.705667E+00
  5.400000E+02 -4.040399E+00
  5.405000E+02 -3.214685E+00
  5.410000E+02 -2.315945E+00
  5.415000E+02 -1.429291E+00
  5.420000E+02 -6.319104E-01
  5.425000E+02  1.069914E-02
  5.430000E+02  4.485925E-01
  5.435000E+02  6.523888E-01
  5.440000E+02  6.188461E-01
  5.445000E+02  3.750165E-01
  5.450000E+02 -2.146068E-02
  5.455000E+02 -4.876092E-01
  5.460000E+02 -9.259060E-01
  5.465000E+02 -1.238709E+00
  5.470000E+02 -1.343099E+00
  5.475000E+02 -1.182738E+00
  5.480000E+02 -7.343087E-01
  5.485000E+02 -7.906208E-03
  5.490000E+02  9.574925E-01
  5.495000E+02  2.101178E+00
  5.500000E+02  3.348065E+00
  5.505000E+02  4.614690E+00
  5.510000E+02  5.813622E+00
  5.515000E+02  6.857242E+00
  5.520000E+02  7.662336E+00
  5.525000E+02  8.156499E+00
  5.530000E+02  8.286218E+00
  5.535000E+02  8.025154E+00
  5.540000E+02  7.380201E+00
  5.545000E+02  6.392884E+00
  5.550000E+02  5.134602E+00
  5.555000E+02  3.695919E+00
  5.560000E+02  2.171964E+00
  5.565000E+02  6.473973E-01
  5.570000E+02 -8.152376E-01
  5.575000E+02 -2.180681E+00
  5.580000E+02 -3.438352E+00
  5.585000E+02 -4.592881E+00
  5.590000E+02 -5.650753E+00
  5.595000E+02 -6.607247E+00
  5.600000E+02 -7.437912E+00
  5.605000E+02 -8.097593E+00
  5.610000E+02 -8.527863E+00
  5.615000E+02 -8.671187E+00
  5.620000E+02 -8.488005E+00
  5.625000E+02 -7.971747E+00
  5.630000E+02 -7.157019E+00
  5.635000E+02 -6.117880E+00
  5.640000E+02 -4.955752E+00
  5.645000E+02 -3.779505E+00
  5.650000E+02 -2.682643E+00
  5.655000E+02 -1.723663E+00
  5.660000E+02 -9.150583E-01
  5.665000E+02 -2.242517E-01
  5.670000E+02  4.134916E-01
  5.675000E+02  1.073474E+00
  5.680000E+02  1.817093E+00
  5.685000E+02  2.671145E+00
  5.690000E+02  3.616530E+00
  5.695000E+02  4.589356E+00
  5.700000E+02  5.493997E+00
  5.705000E+02  6.224410E+00
  5.710000E+02  6.687914E+00
  5.715000E+02  6.825285E+00
  5.720000E+02  6.622308E+00
  5.725000E+02  6.110574E+00
  5.730000E+02  5.358274E+00
  5.735000E+02  4.454261E+00
  5.740000E+02  3.490002E+00
  5.745000E+02  2.543989E+00
  5.750000E+02  1.671852E+00
  5.755000E+02  9.034323E-01
  5.760000E+02  2.460259E-01
  5.765000E+02 -3.084691E-01
  5.770000E+02 -7.753396E-01
  5.775000E+02 -1.170252E+00
  5.780000E+02 -1.505296E+00
  5.785000E+02 -1.788033E+00
  5.790000E+02 -2.022645E+00
  5.795000E+02 -2.211707E+00
  5.800000E+02 -2.357236E+00
  5.805000E+02 -2.460291E+00
  5.810000E+02 -2.519326E+00
  5.815000E+02 -2.528281E+00
  5.820000E+02 -2.475801E+00
  5.825000E+02 -2.346736E+00
  5.830000E+02 -2.126277E+00
  5.835000E+02 -1.806024E+00
  5.840000E+02 -1.390225E+00
  5.845000E+02 -8.999751E-01
  5.850000E+02 -3.734104E-01
  5.855000E+02  1.389978E-01
  5.860000E+02  5.833680E-01
  5.865000E+02  9.133546E-01
  5.870000E+02  1.099980E+00
  5.875000E+02  1.137326E+00
  5.880000E+02  1.042237E+00
  5.885000E+02  8.481636E-01
  5.890000E+02  5.952333E-01
  5.895000E+02  3.200305E-01
  5.900000E+02  4.858636E-02
  5.905000E+02 -2.051583E-01
  5.910000E+02 -4.353666E-01
  5.915000E+02 -6.370318E-01
  5.920000E+02 -7.991074E-01
  5.925000E+02 -9.017013E-01
  5.930000E+02 -9.193933E-01
  5.935000E+02 -8.301303E-01
  5.940000E+02 -6.265567E-01
  5.945000E+02 -3.251370E-01
  5.950000E+02  3.126540E-02
  5.955000E+02  3.795727E-01
  5.960000E+02  6.504425E-01
  5.965000E+02  7.859110E-01
  5.970000E+02  7.549357E-01
  5.975000E+02  5.614512E-01
  5.980000E+02  2.420183E-01
  5.985000E+02 -1.461963E-01
  5.990000E+02 -5.428937E-01
  5.995000E+02 -9.013925E-01
  6.000000E+02 -1.198806E+00
  6.005000E+02 -1.436303E+00
  6.010000E+02 -1.629833E+00
  6.015000E+02 -1.795259E+00
  6.020000E+02 -1.933806E+00
  6.025000E+02 -2.023570E+00
  6.030000E+02 -2.020444E+00
  6.035000E+02 -1.868413E+00
  6.040000E+02 -1.515862E+00
  6.045000E+02 -9.326800E-01
  6.050000E+02 -1.229483E-01
  6.055000E+02  8.702006E-01
  6.060000E+02  1.968352E+00
  6.065000E+02  3.068560E+00
  6.070000E+02  4.058057E+00
  6.075000E+02  4.829787E+00
  6.080000E+02  5.296508E+00
  6.085000E+02  5.402287E+00
  6.090000E+02  5.130870E+00
  6.095000E+02  4.510323E+00
  6.100000E+02  3.612832E+00
  6.105000E+02  2.548155E+00
  6.110000E+02  1.449781E+00
  6.115000E+02  4.544265E-01
  6.120000E+02 -3.220556E-01
  6.125000E+02 -8.071196E-01
  6.130000E+02 -9.861490E-01
  6.135000E+02 -9.042997E-01
  6.140000E+02 -6.538961E-01
  6.145000E+02 -3.501877E-01
  6.150000E+02 -1.023271E-01
  6.155000E+02  1.156793E-02
  6.160000E+02 -4.251114E-02
  6.165000E+02 -2.570051E-01
  6.170000E+02 -5.990371E-01
  6.175000E+02 -1.033271E+00
  6.180000E+02 -1.541618E+00
  6.185000E+02 -2.131116E+00
  6.190000E+02 -2.825910E+00
  6.195000E+02 -3.645798E+00
  6.200000E+02 -4.579714E+00
  6.205000E+02 -5.565491E+00
  6.210000E+02 -6.485856E+00
  6.215000E+02 -7.185162E+00
  6.220000E+02 -7.503761E+00
  6.225000E+02 -7.319981E+00
  6.230000E+02 -6.586028E+00
  6.235000E+02 -5.345412E+00
  6.240000E+02 -3.725350E+00
  6.245000E+02 -1.905962E+00
  6.250000E+02 -7.605824E-02
  6.255000E+02  1.610178E+00
  6.260000E+02  3.061864E+00
  6.265000E+02  4.257123E+00
  6.270000E+02  5.225875E+00
  6.275000E+02  6.017867E+00
  6.280000E+02  6.669055E+00
  6.285000E+02  7.179399E+00
  6.290000E+02  7.510194E+00
  6.295000E+02  7.601230E+00
  6.300000E+02  7.400216E+00
  6.305000E+02  6.892195E+00
  6.310000E+02  6.116642E+00
  6.315000E+02  5.164747E+00
  6.320000E+02  4.156945E+00
  6.325000E+02  3.208360E+00
  6.330000E+02  2.394506E+00
  6.335000E+02  1.729582E+00
  6.340000E+02  1.165207E+00
  6.345000E+02  6.100572E-01
  6.350000E+02 -3.652515E-02
  6.355000E+02 -8.485709E-01
  6.360000E+02 -1.847204E+00
  6.365000E+02 -2.992124E+00
  6.370000E+02 -4.192358E+00
  6.375000E+02 -5.331040E+00
  6.380000E+02 -6.294677E+00
  6.385000E+02 -6.996809E+00
  6.390000E+02 -7.389291E+00
  6.395000E+02 -7.459934E+00
  6.400000E+02 -7.220685E+00
  6.405000E+02 -6.693807E+00
  6.410000E+02 -5.903277E+00
  6.415000E+02 -4.875308E+00
  6.420000E+02 -3.646930E+00
  6.425000E+02 -2.277186E+00
  6.430000E+02 -8.535520E-01
  6.435000E+02  5.123699E-01
  6.440000E+02  1.701636E+00
  6.445000E+02  2.613585E+00
  6.450000E+02  3.192356E+00
  6.455000E+02  3.444894E+00
  6.460000E+02  3.443087E+00
  6.465000E+02  3.307639E+00
  6.470000E+02  3.177344E+00
  6.475000E+02  3.172362E+00
  6.480000E+02  3.362199E+00
  6.485000E+02  3.747589E+00
  6.490000E+02  4.261042E+00
  6.495000E+02  4.785004E+00
  6.500000E+02  5.181534E+00
  6.505000E+02  5.324639E+00
  6.510000E+02  5.126705E+00
  6.515000E+02  4.553347E+00
  6.520000E+02  3.625166E+00
  6.525000E+02  2.408758E+00
  6.530000E+02  1.001623E+00
  6.535000E+02 -4.841374E-01
  6.540000E+02 -1.935834E+00
  6.545000E+02 -3.250554E+00
  6.550000E+02 -4.342274E+00
  6.555000E+02 -5.146876E+00
  6.560000E+02 -5.625846E+00
  6.565000E+02 -5.768505E+00
  6.570000E+02 -5.591849E+00
  6.575000E+02 -5.137008E+00
  6.580000E+02 -4.462256E+00
  6.585000E+02 -3.633806E+00
  6.590000E+02 -2.716813E+00
  6.595000E+02 -1.769177E+00
  6.600000E+02 -8.398175E-01
  6.605000E+02  2.876155E-02
  6.610000E+02  7.957658E-01
  6.615000E+02  1.418562E+00
  6.620000E+02  1.853341E+00
  6.625000E+02  2.061331E+00
  6.630000E+02  2.019367E+00
  6.635000E+02  1.731257E+00
  6.640000E+02  1.235333E+00
  6.645000E+02  6.042268E-01
  6.650000E+02 -6.463407E-02
  6.655000E+02 -6.661644E-01
  6.660000E+02 -1.107872E+00
  6.665000E+02 -1.327391E+00
  6.670000E+02 -1.302180E+00
  6.675000E+02 -1.048790E+00
  6.680000E+02 -6.125750E-01
  6.685000E+02 -5.175889E-02
  6.690000E+02  5.785573E-01
  6.695000E+02  1.237267E+00
  6.700000E+02  1.899955E+00
  6.705000E+02  2.553472E+00
  6.710000E+02  3.185290E+00
  6.715000E+02  3.772285E+00
  6.720000E+02  4.273566E+00
  6.725000E+02  4.630453E+00
  6.730000E+02  4.774259E+00
  6.735000E+02  4.640059E+00
  6.740000E+02  4.182850E+00
  6.745000E+02  3.391941E+00
  6.750000E+02  2.299913E+00
  6.755000E+02  9.838493E-01
  6.760000E+02 -4.417606E-01
  6.765000E+02 -1.839440E+00
  6.770000E+02 -3.068147E+00
  6.775000E+02 -4.004542E+00
  6.780000E+02 -4.562521E+00
  6.785000E+02 -4.707534E+00
  6.790000E+02 -4.462814E+00
  6.795000E+02 -3.905867E+00
  6.800000E+02 -3.155275E+00
  6.805000E+02 -2.349869E+00
  6.810000E+02 -1.624089E+00
  6.815000E+02 -1.084500E+00
  6.820000E+02 -7.923539E-01
  6.825000E+02 -7.558592E-01
  6.830000E+02 -9.335343E-01
  6.835000E+02 -1.247355E+00
  6.840000E+02 -1.602093E+00
  6.845000E+02 -1.905964E+00
  6.850000E+02 -2.087763E+00
  6.855000E+02 -2.107049E+00
  6.860000E+02 -1.956054E+00
  6.865000E+02 -1.654248E+00
  6.870000E+02 -1.238153E+00
  6.875000E+02 -7.497144E-01
  6.880000E+02 -2.262545E-01
  6.885000E+02  3.059915E-01
  6.890000E+02  8.340291E-01
  6.895000E+02  1.356376E+00
  6.900000E+02  1.878601E+00
  6.905000E+02  2.407537E+00
  6.910000E+02  2.945500E+00
  6.915000E+02  3.485539E+00
  6.920000E+02  4.008480E+00
  6.925000E+02  4.482230E+00
  6.930000E+02  4.863527E+00
  6.935000E+02  5.102037E+00
  6.940000E+02  5.146355E+00
  6.945000E+02  4.951136E+00
  6.950000E+02  4.484387E+00
  6.955000E+02  3.733877E+00
  6.960000E+02  2.711790E+00
  6.965000E+02  1.456957E+00
  6.970000E+02  3.428282E-02
  6.975000E+02 -1.468809E+00
  6.980000E+02 -2.948913E+00
  6.985000E+02 -4.295913E+00
  6.990000E+02 -5.404367E+00
  6.995000E+02 -6.185823E+00
  7.000000E+02 -6.580277E+00
  7.005000E+02 -6.564589E+00
  7.010000E+02 -6.155791E+00
  7.015000E+02 -5.407985E+00
  7.020000E+02 -4.402980E+00
  7.025000E+02 -3.236443E+00
  7.030000E+02 -2.002766E+00
  7.035000E+02 -7.823301E-01
  7.040000E+02  3.657852E-01
  7.045000E+02  1.404294E+00
  7.050000E+02  2.312275E+00
  7.055000E+02  3.076623E+00
  7.060000E+02  3.684088E+00
  7.065000E+02  4.117112E+00
  7.070000E+02  4.354961E+00
  7.075000E+02  4.379391E+00
  7.080000E+02  4.182211E+00
  7.085000E+02  3.771403E+00
  7.090000E+02  3.173210E+00
  7.095000E+02  2.429402E+00
  7.100000E+02  1.591100E+00
  7.105000E+02  7.119013E-01
  7.110000E+02 -1.568966E-01
  7.115000E+02 -9.675383E-01
  7.120000E+02 -1.674232E+00
  7.125000E+02 -2.231332E+00
  7.130000E+02 -2.594469E+00
  7.135000E+02 -2.726712E+00
  7.140000E+02 -2.609328E+00
  7.145000E+02 -2.253871E+00
  7.150000E+02 -1.710423E+00
  7.155000E+02 -1.066964E+00
  7.160000E+02 -4.372634E-01
  7.165000E+02  6.136059E-02
  7.170000E+02  3.349714E-01
  7.175000E+02  3.367198E-01
  7.180000E+02  7.960310E-02
  7.185000E+02 -3.663586E-01
  7.190000E+02 -8.922203E-01
  7.195000E+02 -1.378130E+00
  7.200000E+02 -1.722658E+00
  7.205000E+02 -1.864588E+00
  7.210000E+02 -1.791209E+00
  7.215000E+02 -1.532039E+00
  7.220000E+02 -1.141911E+00
  7.225000E+02 -6.806445E-01
  7.230000E+02 -1.968557E-01
  7.235000E+02  2.791167E-01
  7.240000E+02  7.324452E-01
  7.245000E+02  1.154693E+00
  7.250000E+02  1.534196E+00
  7.255000E+02  1.851447E+00
  7.260000E+02  2.082208E+00
  7.265000E+02  2.207057E+00
  7.270000E+02  2.222742E+00
  7.275000E+02  2.149394E+00
  7.280000E+02  2.029044E+00
  7.285000E+02  1.914429E+00
  7.290000E+02  1.851240E+00
  7.295000E+02  1.860132E+00
  7.300000E+02  1.925504E+00
  7.305000E+02  1.995999E+00
  7.310000E+02  1.997565E+00
  7.315000E+02  1.855334E+00
  7.320000E+02  1.517266E+00
  7.325000E+02  9.716975E-01
  7.330000E+02  2.529875E-01
  7.335000E+02 -5.664688E-01
  7.340000E+02 -1.394988E+00
  7.345000E+02 -2.144733E+00
  7.350000E+02 -2.751697E+00
  7.355000E+02 -3.186485E+00
  7.360000E+02 -3.453294E+00
  7.365000E+02 -3.578647E+00
  7.370000E+02 -3.594791E+00
  7.375000E+02 -3.524120E+00
  7.380000E+02 -3.370146E+00
  7.385000E+02 -3.117888E+00
  7.390000E+02 -2.743020E+00
  7.395000E+02 -2.226077E+00
  7.400000E+02 -1.566325E+00
  7.405000E+02 -7.901855E-01
  7.410000E+02  4.898587E-02
  7.415000E+02  8.799577E-01
  7.420000E+02  1.628792E+00
  7.425000E+02  2.235372E+00
  7.430000E+02  2.666101E+00
  7.435000E+02  2.918813E+00
  7.440000E+02  3.018442E+00
  7.445000E+02  3.004948E+00
  7.450000E+02  2.917547E+00
  7.455000E+02  2.780504E+00
  7.460000E+02  2.595344E+00
  7.465000E+02  2.342278E+00
  7.470000E+02  1.990607E+00
  7.475000E+02  1.514825E+00
  7.480000E+02  9.109701E-01
  7.485000E+02  2.074365E-01
  7.490000E+02 -5.340520E-01
  7.495000E+02 -1.228539E+00
  7.500000E+02 -1.786635E+00
  7.505000E+02 -2.136679E+00
  7.510000E+02 -2.243574E+00
  7.515000E+02 -2.118460E+00
  7.520000E+02 -1.816092E+00
  7.525000E+02 -1.420614E+00
  7.530000E+02 -1.023937E+00
  7.535000E+02 -7.031095E-01
  7.540000E+02 -5.031223E-01
  7.545000E+02 -4.296062E-01
  7.550000E+02 -4.526057E-01
  7.555000E+02 -5.192144E-01
  7.560000E+02 -5.704745E-01
  7.565000E+02 -5.572851E-01
  7.570000E+02 -4.511695E-01
  7.575000E+02 -2.480144E-01
  7.580000E+02  3.463037E-02
  7.585000E+02  3.643347E-01
  7.590000E+02  7.017460E-01
  7.595000E+02  1.007448E+00
  7.600000E+02  1.246739E+00
  7.605000E+02  1.392598E+00
  7.610000E+02  1.427727E+00
  7.615000E+02  1.346354E+00
  7.620000E+02  1.155742E+00
  7.625000E+02  8.765544E-01
  7.630000E+02  5.409797E-01
  7.635000E+02  1.880118E-01
  7.640000E+02 -1.435993E-01
  7.645000E+02 -4.230073E-01
  7.650000E+02 -6.331340E-01
  7.655000E+02 -7.726015E-01
  7.660000E+02 -8.528235E-01
  7.665000E+02 -8.911041E-01
  7.670000E+02 -9.021711E-01
  7.675000E+02 -8.912858E-01
  7.680000E+02 -8.515838E-01
  7.685000E+02 -7.667497E-01
  7.690000E+02 -6.181201E-01
  7.695000E+02 -3.936219E-01
  7.700000E+02 -9.526668E-02
  7.705000E+02  2.575246E-01
  7.710000E+02  6.299350E-01
  7.715000E+02  9.783633E-01
  7.720000E+02  1.259382E+00
  7.725000E+02  1.438224E+00
  7.730000E+02  1.494480E+00
  7.735000E+02  1.423959E+00
  7.740000E+02  1.237082E+00
  7.745000E+02  9.551610E-01
  7.750000E+02  6.061679E-01
  7.755000E+02  2.210840E-01
  7.760000E+02 -1.688524E-01
  7.765000E+02 -5.343609E-01
  7.770000E+02 -8.502890E-01
  7.775000E+02 -1.097845E+00
  7.780000E+02 -1.266368E+00
  7.785000E+02 -1.353683E+00
  7.790000E+02 -1.364277E+00
  7.795000E+02 -1.305304E+00
  7.800000E+02 -1.181647E+00
  7.805000E+02 -9.921254E-01
  7.810000E+02 -7.291261E-01
  7.815000E+02 -3.829368E-01
  7.820000E+02  4.972576E-02
  7.825000E+02  5.555741E-01
  7.830000E+02  1.096969E+00
  7.835000E+02  1.610503E+00
  7.840000E+02  2.014354E+00
  7.845000E+02  2.223981E+00
  7.850000E+02  2.172609E+00
  7.855000E+02  1.830706E+00
  7.860000E+02  1.218188E+00
  7.865000E+02  4.048341E-01
  7.870000E+02 -5.022319E-01
  7.875000E+02 -1.381100E+00
  7.880000E+02 -2.121505E+00
  7.885000E+02 -2.647620E+00
  7.890000E+02 -2.930754E+00
  7.895000E+02 -2.988652E+00
  7.900000E+02 -2.872294E+00
  7.905000E+02 -2.644948E+00
  7.910000E+02 -2.360418E+00
  7.915000E+02 -2.047370E+00
  7.920000E+02 -1.704289E+00
  7.925000E+02 -1.305970E+00
  7.930000E+02 -8.186740E-01
  7.935000E+02 -2.184484E-01
  7.940000E+02  4.936162E-01
  7.945000E+02  1.284100E+00
  7.950000E+02  2.090070E+00
  7.955000E+02  2.830881E+00
  7.960000E+02  3.425183E+00
  7.965000E+02  3.808090E+00
  7.970000E+02  3.943838E+00
  7.975000E+02  3.831009E+00
  7.980000E+02  3.499800E+00
  7.985000E+02  3.003077E+00
  7.990000E+02  2.404426E+00
  7.995000E+02  1.766631E+00
  8.000000E+02  1.143272E+00
  8.005000E+02  5.746488E-01
  8.010000E+02  8.767731E-02
  8.015000E+02 -3.017190E-01
  8.020000E+02 -5.856263E-01
  8.025000E+02 -7.621429E-01
  8.030000E+02 -8.350987E-01
  8.035000E+02 -8.152254E-01
  8.040000E+02 -7.217366E-01
  8.045000E+02 -5.829655E-01
  8.050000E+02 -4.349475E-01
  8.055000E+02 -3.175042E-01
  8.060000E+02 -2.682490E-01
  8.065000E+02 -3.157151E-01
  8.070000E+02 -4.732584E-01
  8.075000E+02 -7.353798E-01
  8.080000E+02 -1.077642E+00
  8.085000E+02 -1.460528E+00
  8.090000E+02 -1.836646E+00
  8.095000E+02 -2.159786E+00
  8.100000E+02 -2.393848E+00
  8.105000E+02 -2.519541E+00
  8.110000E+02 -2.537232E+00
  8.115000E+02 -2.465208E+00
  8.120000E+02 -2.333711E+00
  8.125000E+02 -2.176219E+00
  8.130000E+02 -2.020144E+00
  8.135000E+02 -1.879371E+00
  8.140000E+02 -1.750556E+00
  8.145000E+02 -1.614170E+00
  8.150000E+02 -1.439984E+00
  8.155000E+02 -1.195494E+00
  8.160000E+02 -8.550537E-01
  8.165000E+02 -4.073484E-01
  8.170000E+02  1.405853E-01
  8.175000E+02  7.635367E-01
  8.180000E+02  1.422071E+00
  8.185000E+02  2.068896E+00
  8.190000E+02  2.655902E+00
  8.195000E+02  3.140302E+00
  8.200000E+02  3.488976E+00
  8.205000E+02  3.680864E+00
  8.210000E+02  3.707872E+00
  8.215000E+02  3.574914E+00
  8.220000E+02  3.299476E+00
  8.225000E+02  2.910639E+00
  8.230000E+02  2.447102E+00
  8.235000E+02  1.953700E+00
  8.240000E+02  1.476300E+00
  8.245000E+02  1.055632E+00
  8.250000E+02  7.212545E-01
  8.255000E+02  4.871870E-01
  8.260000E+02  3.504410E-01
  8.265000E+02  2.929067E-01
  8.270000E+02  2.860145E-01
  8.275000E+02  2.967586E-01
  8.280000E+02  2.933943E-01
  8.285000E+02  2.495331E-01
  8.290000E+02  1.462701E-01
  8.295000E+02 -2.707425E-02
  8.300000E+02 -2.725055E-01
  8.305000E+02 -5.823547E-01
  8.310000E+02 -9.377946E-01
  8.315000E+02 -1.308078E+00
  8.320000E+02 -1.652391E+00
  8.325000E+02 -1.925914E+00
  8.330000E+02 -2.090234E+00
  8.335000E+02 -2.126084E+00
  8.340000E+02 -2.044386E+00
  8.345000E+02 -1.890737E+00
  8.350000E+02 -1.739544E+00
  8.355000E+02 -1.676950E+00
  8.360000E+02 -1.775728E+00
  8.365000E+02 -2.068981E+00
  8.370000E+02 -2.531268E+00
  8.375000E+02 -3.074685E+00
  8.380000E+02 -3.563465E+00
  8.385000E+02 -3.844835E+00
  8.390000E+02 -3.788324E+00
  8.395000E+02 -3.322191E+00
  8.400000E+02 -2.455882E+00
  8.405000E+02 -1.281281E+00
  8.410000E+02  4.794535E-02
  8.415000E+02  1.352789E+00
  8.420000E+02  2.470136E+00
  8.425000E+02  3.286678E+00
  8.430000E+02  3.756329E+00
  8.435000E+02  3.897857E+00
  8.440000E+02  3.776079E+00
  8.445000E+02  3.474979E+00
  8.450000E+02  3.072706E+00
  8.455000E+02  2.626275E+00
  8.460000E+02  2.168993E+00
  8.465000E+02  1.718202E+00
  8.470000E+02  1.287079E+00
  8.475000E+02  8.934747E-01
  8.480000E+02  5.610873E-01
  8.485000E+02  3.126543E-01
  8.490000E+02  1.591057E-01
  8.495000E+02  9.096556E-02
  8.500000E+02  7.757531E-02
  8.505000E+02  7.626209E-02
  8.510000E+02  4.887303E-02
  8.515000E+02 -2.077603E-02
  8.520000E+02 -1.162555E-01
  8.525000E+02 -1.903489E-01
  8.530000E+02 -1.803371E-01
  8.535000E+02 -3.223508E-02
  8.540000E+02  2.745849E-01
  8.545000E+02  7.118472E-01
  8.550000E+02  1.202588E+00
  8.555000E+02  1.638308E+00
  8.560000E+02  1.908048E+00
  8.565000E+02  1.929860E+00
  8.570000E+02  1.674083E+00
  8.575000E+02  1.170593E+00
  8.580000E+02  4.978723E-01
  8.585000E+02 -2.419059E-01
  8.590000E+02 -9.528256E-01
  8.595000E+02 -1.569833E+00
  8.600000E+02 -2.070030E+00
  8.605000E+02 -2.467842E+00
  8.610000E+02 -2.797262E+00
  8.615000E+02 -3.088860E+00
  8.620000E+02 -3.350763E+00
  8.625000E+02 -3.560754E+00
  8.630000E+02 -3.672070E+00
  8.635000E+02 -3.630085E+00
  8.640000E+02 -3.393048E+00
  8.645000E+02 -2.948746E+00
  8.650000E+02 -2.320858E+00
  8.655000E+02 -1.562945E+00
  8.660000E+02 -7.429103E-01
  8.665000E+02  7.565795E-02
  8.670000E+02  8.478107E-01
  8.675000E+02  1.551729E+00
  8.680000E+02  2.181979E+00
  8.685000E+02  2.734820E+00
  8.690000E+02  3.192331E+00
  8.695000E+02  3.512993E+00
  8.700000E+02  3.634260E+00
  8.705000E+02  3.488246E+00
  8.710000E+02  3.026480E+00
  8.715000E+02  2.245663E+00
  8.720000E+02  1.204908E+00
  8.725000E+02  2.686597E-02
  8.730000E+02 -1.120203E+00
  8.735000E+02 -2.056308E+00
  8.740000E+02 -2.631014E+00
  8.745000E+02 -2.760588E+00
  8.750000E+02 -2.450019E+00
  8.755000E+02 -1.792857E+00
  8.760000E+02 -9.481604E-01
  8.765000E+02 -1.004942E-01
  8.770000E+02  5.860822E-01
  8.775000E+02  1.007362E+00
  8.780000E+02  1.141021E+00
  8.785000E+02  1.045829E+00
  8.790000E+02  8.392003E-01
  8.795000E+02  6.603259E-01
  8.800000E+02  6.298569E-01
  8.805000E+02  8.174097E-01
  8.810000E+02  1.225175E+00
  8.815000E+02  1.790705E+00
  8.820000E+02  2.406274E+00
  8.825000E+02  2.947835E+00
  8.830000E+02  3.304710E+00
  8.835000E+02  3.402076E+00
  8.840000E+02  3.211479E+00
  8.845000E+02  2.748703E+00
  8.850000E+02  2.062020E+00
  8.855000E+02  1.216007E+00
  8.860000E+02  2.763306E-01
  8.865000E+02 -7.005301E-01
  8.870000E+02 -1.671049E+00
  8.875000E+02 -2.602637E+00
  8.880000E+02 -3.468177E+00
  8.885000E+02 -4.239928E+00
  8.890000E+02 -4.885166E+00
  8.895000E+02 -5.364947E+00
  8.900000E+02 -5.636302E+00
  8.905000E+02 -5.657387E+00
  8.910000E+02 -5.394634E+00
  8.915000E+02 -4.830723E+00
  8.920000E+02 -3.972015E+00
  8.925000E+02 -2.853931E+00
  8.930000E+02 -1.542695E+00
  8.935000E+02 -1.320822E-01
  8.940000E+02  1.265441E+00
  8.945000E+02  2.532590E+00
  8.950000E+02  3.564065E+00
  8.955000E+02  4.282949E+00
  8.960000E+02  4.652882E+00
  8.965000E+02  4.682765E+00
  8.970000E+02  4.422452E+00
  8.975000E+02  3.950216E+00
  8.980000E+02  3.355116E+00
  8.985000E+02  2.718845E+00
  8.990000E+02  2.101787E+00
  8.995000E+02  1.536692E+00
  9.000000E+02  1.030968E+00
  9.005000E+02  5.759920E-01
  9.010000E+02  1.597013E-01
  9.015000E+02 -2.220293E-01
  9.020000E+02 -5.591179E-01
  9.025000E+02 -8.281044E-01
  9.030000E+02 -9.996495E-01
  9.035000E+02 -1.050065E+00
  9.040000E+02 -9.729527E-01
  9.045000E+02 -7.869842E-01
  9.050000E+02 -5.370450E-01
  9.055000E+02 -2.878958E-01
  9.060000E+02 -1.116577E-01
  9.065000E+02 -7.213847E-02
  9.070000E+02 -2.098765E-01
  9.075000E+02 -5.316221E-01
  9.080000E+02 -1.006882E+00
  9.085000E+02 -1.572447E+00
  9.090000E+02 -2.143927E+00
  9.095000E+02 -2.631673E+00
  9.100000E+02 -2.957475E+00
  9.105000E+02 -3.068275E+00
  9.110000E+02 -2.943942E+00
  9.115000E+02 -2.597646E+00
  9.120000E+02 -2.069270E+00
  9.125000E+02 -1.414062E+00
  9.130000E+02 -6.898910E-01
  9.135000E+02  5.331156E-02
  9.140000E+02  7.791922E-01
  9.145000E+02  1.464595E+00
  9.150000E+02  2.094060E+00
  9.155000E+02  2.651783E+00
  9.160000E+02  3.114512E+00
  9.165000E+02  3.448556E+00
  9.170000E+02  3.612797E+00
  9.175000E+02  3.567577E+00
  9.180000E+02  3.287271E+00
  9.185000E+02  2.772974E+00
  9.190000E+02  2.061238E+00
  9.195000E+02  1.225637E+00
  9.200000E+02  3.696025E-01
  9.205000E+02 -3.888257E-01
  9.210000E+02 -9.375770E-01
  9.215000E+02 -1.192263E+00
  9.220000E+02 -1.114294E+00
  9.225000E+02 -7.212317E-01
  9.230000E+02 -8.664858E-02
  9.235000E+02  6.710957E-01
  9.240000E+02  1.409455E+00
  9.245000E+02  1.987844E+00
  9.250000E+02  2.294072E+00
  9.255000E+02  2.265395E+00
  9.260000E+02  1.899382E+00
  9.265000E+02  1.251824E+00
  9.270000E+02  4.218678E-01
  9.275000E+02 -4.722909E-01
  9.280000E+02 -1.321266E+00
  9.285000E+02 -2.048772E+00
  9.290000E+02 -2.625918E+00
  9.295000E+02 -3.071558E+00
  9.300000E+02 -3.438587E+00
  9.305000E+02 -3.790087E+00
  9.310000E+02 -4.172327E+00
  9.315000E+02 -4.592770E+00
  9.320000E+02 -5.009955E+00
  9.325000E+02 -5.338805E+00
  9.330000E+02 -5.470389E+00
  9.335000E+02 -5.300902E+00
  9.340000E+02 -4.761823E+00
  9.345000E+02 -3.842758E+00
  9.350000E+02 -2.600506E+00
  9.355000E+02 -1.151668E+00
  9.360000E+02  3.493356E-01
  9.365000E+02  1.741159E+00
  9.370000E+02  2.887442E+00
  9.375000E+02  3.701900E+00
  9.380000E+02  4.160862E+00
  9.385000E+02  4.300963E+00
  9.390000E+02  4.203606E+00
  9.395000E+02  3.971000E+00
  9.400000E+02  3.700415E+00
  9.405000E+02  3.463289E+00
  9.410000E+02  3.294156E+00
  9.415000E+02  3.191446E+00
  9.420000E+02  3.128799E+00
  9.425000E+02  3.072583E+00
  9.430000E+02  2.999568E+00
  9.435000E+02  2.908682E+00
  9.440000E+02  2.822643E+00
  9.445000E+02  2.778528E+00
  9.450000E+02  2.810102E+00
  9.455000E+02  2.927896E+00
  9.460000E+02  3.104366E+00
  9.465000E+02  3.270467E+00
  9.470000E+02  3.326654E+00
  9.475000E+02  3.166570E+00
  9.480000E+02  2.707110E+00
  9.485000E+02  1.915656E+00
  9.490000E+02  8.253866E-01
  9.495000E+02 -4.672260E-01
  9.500000E+02 -1.823092E+00
  9.505000E+02 -3.093719E+00
  9.510000E+02 -4.156977E+00
  9.515000E+02 -4.944291E+00
  9.520000E+02 -5.450855E+00
  9.525000E+02 -5.726096E+00
  9.530000E+02 -5.848315E+00
  9.535000E+02 -5.892724E+00
  9.540000E+02 -5.904109E+00
  9.545000E+02 -5.883300E+00
  9.550000E+02 -5.791357E+00
  9.555000E+02 -5.568783E+00
  9.560000E+02 -5.161783E+00
  9.565000E+02 -4.545397E+00
  9.570000E+02 -3.735196E+00
  9.575000E+02 -2.784077E+00
  9.580000E+02 -1.766741E+00
  9.585000E+02 -7.590520E-01
  9.590000E+02  1.790235E-01
  9.595000E+02  1.010425E+00
  9.600000E+02  1.716375E+00
  9.605000E+02  2.283984E+00
  9.610000E+02  2.693614E+00
  9.615000E+02  2.913784E+00
  9.620000E+02  2.908075E+00
  9.625000E+02  2.652954E+00
  9.630000E+02  2.159879E+00
  9.635000E+02  1.492002E+00
  9.640000E+02  7.665215E-01
  9.645000E+02  1.382954E-01
  9.650000E+02 -2.329270E-01
  9.655000E+02 -2.229019E-01
  9.660000E+02  2.214656E-01
  9.665000E+02  1.062986E+00
  9.670000E+02  2.178539E+00
  9.675000E+02  3.386607E+00
  9.680000E+02  4.490378E+00
  9.685000E+02  5.324013E+00
  9.690000E+02  5.788917E+00
  9.695000E+02  5.870309E+00
  9.700000E+02  5.630665E+00
  9.705000E+02  5.183595E+00
  9.710000E+02  4.657115E+00
  9.715000E+02  4.157495E+00
  9.720000E+02  3.743565E+00
  9.725000E+02  3.417283E+00
  9.730000E+02  3.131096E+00
  9.735000E+02  2.807928E+00
  9.740000E+02  2.366724E+00
  9.745000E+02  1.746088E+00
  9.750000E+02  9.202065E-01
  9.755000E+02 -9.579391E-02
  9.760000E+02 -1.250722E+00
  9.765000E+02 -2.469641E+00
  9.770000E+02 -3.669557E+00
  9.775000E+02 -4.774353E+00
  9.780000E+02 -5.725817E+00
  9.785000E+02 -6.489080E+00
  9.790000E+02 -7.052345E+00
  9.795000E+02 -7.422106E+00
  9.800000E+02 -7.615840E+00
  9.805000E+02 -7.654398E+00
  9.810000E+02 -7.555944E+00
  9.815000E+02 -7.332544E+00
  9.820000E+02 -6.989549E+00
  9.825000E+02 -6.527040E+00
  9.830000E+02 -5.942176E+00
  9.835000E+02 -5.231307E+00
  9.840000E+02 -4.391304E+00
  9.845000E+02 -3.420333E+00
  9.850000E+02 -2.318930E+00
  9.855000E+02 -1.092387E+00
  9.860000E+02  2.450698E-01
  9.865000E+02  1.664918E+00
  9.870000E+02  3.119496E+00
  9.875000E+02  4.540123E+00
  9.880000E+02  5.840371E+00
  9.885000E+02  6.925424E+00
  9.890000E+02  7.706486E+00
  9.895000E+02  8.117160E+00
  9.900000E+02  8.127465E+00
  9.905000E+02  7.751265E+00
  9.910000E+02  7.044470E+00
  9.915000E+02  6.094039E+00
  9.920000E+02  5.000686E+00
  9.925000E+02  3.860168E+00
  9.930000E+02  2.748495E+00
  9.935000E+02  1.715023E+00
  9.940000E+02  7.846453E-01
  9.945000E+02 -3.279968E-02
  9.950000E+02 -7.302305E-01
  9.955000E+02 -1.293292E+00
  9.960000E+02 -1.696768E+00
  9.965000E+02 -1.909120E+00
  9.970000E+02 -1.903795E+00
  9.975000E+02 -1.673373E+00
  9.980000E+02 -1.241426E+00
  9.985000E+02 -6.675238E-01
  9.990000E+02 -4.285258E-02
  9.995000E+02  5.232376E-01
  1.000000E+03  9.227618E-01
  1.000500E+03  1.069970E+00
  1.001000E+03  9.185007E-01
  1.001500E+03  4.708478E-01
  1.002000E+03 -2.218104E-01
  1.002500E+03 -1.068959E+00
  1.003000E+03 -1.956786E+00
  1.003500E+03 -2.767171E+00
  1.004000E+03 -3.395640E+00
  1.004500E+03 -3.765019E+00
  1.005000E+03 -3.832900E+00
  1.005500E+03 -3.592663E+00
  1.006000E+03 -3.069281E+00
  1.006500E+03 -2.312112E+00
  1.007000E+03 -1.387108E+00
  1.007500E+03 -3.703438E-01
  1.008000E+03  6.563391E-01
  1.008500E+03  1.608059E+00
  1.009000E+03  2.399534E+00
  1.009500E+03  2.949480E+00
  1.010000E+03  3.188038E+00
  1.010500E+03  3.067089E+00
  1.011000E+03  2.571571E+00
  1.011500E+03  1.728495E+00
  1.012000E+03  6.099244E-01
  1.012500E+03 -6.728361E-01
  1.013000E+03 -1.984344E+00
  1.013500E+03 -3.187002E+00
  1.014000E+03 -4.164911E+00
  1.014500E+03 -4.843349E+00
  1.015000E+03 -5.198323E+00
  1.015500E+03 -5.253330E+00
  1.016000E+03 -5.064265E+00
  1.016500E+03 -4.697218E+00
  1.017000E+03 -4.206239E+00
  1.017500E+03 -3.618186E+00
  1.018000E+03 -2.929433E+00
  1.018500E+03 -2.115131E+00
  1.019000E+03 -1.147436E+00
  1.019500E+03 -1.604780E-02
  1.020000E+03  1.256273E+00
  1.020500E+03  2.608707E+00
  1.021000E+03  3.949603E+00
  1.021500E+03  5.173404E+00
  1.022000E+03  6.181585E+00
  1.022500E+03  6.900912E+00
  1.023000E+03  7.293782E+00
  1.023500E+03  7.358666E+00
  1.024000E+03  7.122319E+00
  1.024500E+03  6.628164E+00
  1.025000E+03  5.925905E+00
  1.025500E+03  5.066009E+00
  1.026000E+03  4.099816E+00
  1.026500E+03  3.083049E+00
  1.027000E+03  2.078648E+00
  1.027500E+03  1.155085E+00
  1.028000E+03  3.783340E-01
  1.028500E+03 -2.011296E-01
  1.029000E+03 -5.621372E-01
  1.029500E+03 -7.219880E-01
  1.030000E+03 -7.364567E-01
  1.030500E+03 -6.890292E-01
  1.031000E+03 -6.715520E-01
  1.031500E+03 -7.617254E-01
  1.032000E+03 -1.004295E+00
  1.032500E+03 -1.401787E+00
  1.033000E+03 -1.917520E+00
  1.033500E+03 -2.489540E+00
  1.034000E+03 -3.050527E+00
  1.034500E+03 -3.546954E+00
  1.035000E+03 -3.951381E+00
  1.035500E+03 -4.264486E+00
  1.036000E+03 -4.507196E+00
  1.036500E+03 -4.706645E+00
  1.037000E+03 -4.881550E+00
  1.037500E+03 -5.032263E+00
  1.038000E+03 -5.138646E+00
  1.038500E+03 -5.165800E+00
  1.039000E+03 -5.074918E+00
  1.039500E+03 -4.835015E+00
  1.040000E+03 -4.431487E+00
  1.040500E+03 -3.869100E+00
  1.041000E+03 -3.169361E+00
  1.041500E+03 -2.364156E+00
  1.042000E+03 -1.488568E+00
  1.042500E+03 -5.754336E-01
  1.043000E+03  3.470610E-01
  1.043500E+03  1.254978E+00
  1.044000E+03  2.126796E+00
  1.044500E+03  2.941769E+00
  1.045000E+03  3.679566E+00
  1.045500E+03  4.321230E+00
  1.046000E+03  4.850678E+00
  1.046500E+03  5.255667E+00
  1.047000E+03  5.527578E+00
  1.047500E+03  5.660247E+00
  1.048000E+03  5.648824E+00
  1.048500E+03  5.489892E+00
  1.049000E+03  5.183560E+00
  1.049500E+03  4.737159E+00
  1.050000E+03  4.169091E+00
  1.050500E+03  3.510845E+00
  1.051000E+03  2.805545E+00
  1.051500E+03  2.102669E+00
  1.052000E+03  1.450167E+00
  1.052500E+03  8.864299E-01
  1.053000E+03  4.348560E-01
  1.053500E+03  1.027783E-01
  1.054000E+03 -1.152620E-01
  1.054500E+03 -2.318155E-01
  1.055000E+03 -2.614105E-01
  1.055500E+03 -2.187569E-01
  1.056000E+03 -1.213411E-01
  1.056500E+03  4.880171E-03
  1.057000E+03  1.200043E-01
  1.057500E+03  1.689219E-01
  1.058000E+03  8.710597E-02
  1.058500E+03 -1.864070E-01
  1.059000E+03 -6.919136E-01
  1.059500E+03 -1.433256E+00
  1.060000E+03 -2.369202E+00
  1.060500E+03 -3.415933E+00
  1.061000E+03 -4.460932E+00
  1.061500E+03 -5.384536E+00
  1.062000E+03 -6.082647E+00
  1.062500E+03 -6.483709E+00
  1.063000E+03 -6.555332E+00
  1.063500E+03 -6.299972E+00
  1.064000E+03 -5.743273E+00
  1.064500E+03 -4.921241E+00
  1.065000E+03 -3.872342E+00
  1.065500E+03 -2.637798E+00
  1.066000E+03 -1.269099E+00
  1.066500E+03  1.622176E-01
  1.067000E+03  1.559232E+00
  1.067500E+03  2.804272E+00
  1.068000E+03  3.775098E+00
  1.068500E+03  4.369240E+00
  1.069000E+03  4.529009E+00
  1.069500E+03  4.258466E+00
  1.070000E+03  3.625741E+00
  1.070500E+03  2.749029E+00
  1.071000E+03  1.770281E+00
  1.071500E+03  8.249579E-01
  1.072000E+03  1.733876E-02
  1.072500E+03 -5.915509E-01
  1.073000E+03 -9.813952E-01
  1.073500E+03 -1.159001E+00
  1.074000E+03 -1.141082E+00
  1.074500E+03 -9.414162E-01
  1.075000E+03 -5.675604E-01
  1.075500E+03 -2.744771E-02
  1.076000E+03  6.586233E-01
  1.076500E+03  1.447691E+00
  1.077000E+03  2.271900E+00
  1.077500E+03  3.047035E+00
  1.078000E+03  3.689491E+00
  1.078500E+03  4.135289E+00
  1.079000E+03  4.353437E+00
  1.079500E+03  4.348070E+00
  1.080000E+03  4.148538E+00
  1.080500E+03  3.791820E+00
  1.081000E+03  3.305160E+00
  1.081500E+03  2.696865E+00
  1.082000E+03  1.959771E+00
  1.082500E+03  1.086257E+00
  1.083000E+03  8.824786E-02
  1.083500E+03 -9.871675E-01
  1.084000E+03 -2.054811E+00
  1.084500E+03 -3.004756E+00
  1.085000E+03 -3.728926E+00
  1.085500E+03 -4.152199E+00
  1.086000E+03 -4.256712E+00
  1.086500E+03 -4.089878E+00
  1.087000E+03 -3.752178E+00
  1.087500E+03 -3.368072E+00
  1.088000E+03 -3.049467E+00
  1.088500E+03 -2.863905E+00
  1.089000E+03 -2.817842E+00
  1.089500E+03 -2.859924E+00
  1.090000E+03 -2.902111E+00
  1.090500E+03 -2.850545E+00
  1.091000E+03 -2.635310E+00
  1.091500E+03 -2.229602E+00
  1.092000E+03 -1.653360E+00
  1.092500E+03 -9.623680E-01
  1.093000E+03 -2.286882E-01
  1.093500E+03  4.795721E-01
  1.094000E+03  1.112275E+00
  1.094500E+03  1.641746E+00
  1.095000E+03  2.058734E+00
  1.095500E+03  2.364051E+00
  1.096000E+03  2.560985E+00
  1.096500E+03  2.652153E+00
  1.097000E+03  2.641459E+00
  1.097500E+03  2.538973E+00
  1.098000E+03  2.364951E+00
  1.098500E+03  2.149722E+00
  1.099000E+03  1.928326E+00
  1.099500E+03  1.731545E+00
  1.100000E+03  1.577023E+00
  1.100500E+03  1.464510E+00
  1.101000E+03  1.377687E+00
  1.101500E+03  1.292265E+00
  1.102000E+03  1.187221E+00
  1.102500E+03  1.054475E+00
  1.103000E+03  9.026683E-01
  1.103500E+03  7.529633E-01
  1.104000E+03  6.280235E-01
  1.104500E+03  5.382736E-01
  1.105000E+03  4.710302E-01
  1.105500E+03  3.874528E-01
  1.106000E+03  2.297249E-01
  1.106500E+03 -6.270250E-02
  1.107000E+03 -5.323029E-01
  1.107500E+03 -1.184526E+00
  1.108000E+03 -1.976997E+00
  1.108500E+03 -2.820993E+00
  1.109000E+03 -3.595871E+00
  1.109500E+03 -4.173415E+00
  1.110000E+03 -4.446224E+00
  1.110500E+03 -4.353068E+00
  1.111000E+03 -3.894794E+00
  1.111500E+03 -3.136684E+00
  1.112000E+03 -2.196400E+00
  1.112500E+03 -1.220079E+00
  1.113000E+03 -3.517991E-01
  1.113500E+03  2.968103E-01
  1.114000E+03  6.701407E-01
  1.114500E+03  7.801179E-01
  1.115000E+03  7.030386E-01
  1.115500E+03  5.622462E-01
  1.116000E+03  5.002180E-01
  1.116500E+03  6.459302E-01
  1.117000E+03  1.084433E+00
  1.117500E+03  1.835137E+00
  1.118000E+03  2.843488E+00
  1.118500E+03  3.987853E+00
  1.119000E+03  5.100240E+00
  1.119500E+03  5.996576E+00
  1.120000E+03  6.510378E+00
  1.120500E+03  6.523098E+00
  1.121000E+03  5.985307E+00
  1.121500E+03  4.924952E+00
  1.122000E+03  3.441638E+00
  1.122500E+03  1.688661E+00
  1.123000E+03 -1.531751E-01
  1.123500E+03 -1.904631E+00
  1.124000E+03 -3.414432E+00
  1.124500E+03 -4.578376E+00
  1.125000E+03 -5.348284E+00
  1.125500E+03 -5.730171E+00
  1.126000E+03 -5.773237E+00
  1.126500E+03 -5.552998E+00
  1.127000E+03 -5.152795E+00
  1.127500E+03 -4.647738E+00
  1.128000E+03 -4.094112E+00
  1.128500E+03 -3.525528E+00
  1.129000E+03 -2.955262E+00
  1.129500E+03 -2.382747E+00
  1.130000E+03 -1.801475E+00
  1.130500E+03 -1.205770E+00
  1.131000E+03 -5.948721E-01
  1.131500E+03  2.592110E-02
  1.132000E+03  6.461796E-01
  1.132500E+03  1.251883E+00
  1.133000E+03  1.826336E+00
  1.133500E+03  2.350008E+00
  1.134000E+03  2.799811E+00
  1.134500E+03  3.149040E+00
  1.135000E+03  3.369220E+00
  1.135500E+03  3.434442E+00
  1.136000E+03  3.327627E+00
  1.136500E+03  3.047052E+00
  1.137000E+03  2.610931E+00
  1.137500E+03  2.058062E+00
  1.138000E+03  1.443696E+00
  1.138500E+03  8.312516E-01
  1.139000E+03  2.818885E-01
  1.139500E+03 -1.553046E-01
  1.140000E+03 -4.500332E-01
  1.140500E+03 -5.930147E-01
  1.141000E+03 -5.938112E-01
  1.141500E+03 -4.757501E-01
  1.142000E+03 -2.700957E-01
  1.142500E+03 -1.142418E-02
  1.143000E+03  2.648062E-01
  1.143500E+03  5.227684E-01
  1.144000E+03  7.261686E-01
  1.144500E+03  8.391891E-01
  1.145000E+03  8.296527E-01
  1.145500E+03  6.744940E-01
  1.146000E+03  3.663629E-01
  1.146500E+03 -8.073066E-02
  1.147000E+03 -6.290108E-01
  1.147500E+03 -1.219409E+00
  1.148000E+03 -1.779287E+00
  1.148500E+03 -2.234270E+00
  1.149000E+03 -2.521816E+00
  1.149500E+03 -2.603466E+00
  1.150000E+03 -2.472860E+00
  1.150500E+03 -2.157470E+00
  1.151000E+03 -1.713331E+00
  1.151500E+03 -1.213627E+00
  1.152000E+03 -7.333975E-01
  1.152500E+03 -3.336332E-01
  1.153000E+03 -4.836846E-02
  1.153500E+03  1.220414E-01
  1.154000E+03  2.094825E-01
  1.154500E+03  2.683401E-01
  1.155000E+03  3.594085E-01
  1.155500E+03  5.312821E-01
  1.156000E+03  8.041297E-01
  1.156500E+03  1.160590E+00
  1.157000E+03  1.546969E+00
  1.157500E+03  1.885239E+00
  1.158000E+03  2.093183E+00
  1.158500E+03  2.107413E+00
  1.159000E+03  1.902657E+00
  1.159500E+03  1.501438E+00
  1.160000E+03  9.707420E-01
  1.160500E+03  4.061255E-01
  1.161000E+03 -9.250311E-02
  1.161500E+03 -4.464483E-01
  1.162000E+03 -6.175907E-01
  1.162500E+03 -6.157706E-01
  1.163000E+03 -4.920678E-01
  1.163500E+03 -3.202461E-01
  1.164000E+03 -1.723375E-01
  1.164500E+03 -9.616475E-02
  1.165000E+03 -1.019218E-01
  1.165500E+03 -1.619656E-01
  1.166000E+03 -2.236802E-01
  1.166500E+03 -2.310374E-01
  1.167000E+03 -1.476663E-01
  1.167500E+03  2.625473E-02
  1.168000E+03  2.490111E-01
  1.168500E+03  4.462133E-01
  1.169000E+03  5.310623E-01
  1.169500E+03  4.299499E-01
  1.170000E+03  1.056040E-01
  1.170500E+03 -4.293095E-01
  1.171000E+03 -1.112324E+00
  1.171500E+03 -1.845060E+00
  1.172000E+03 -2.516698E+00
  1.172500E+03 -3.030010E+00
  1.173000E+03 -3.322232E+00
  1.173500E+03 -3.374832E+00
  1.174000E+03 -3.209814E+00
  1.174500E+03 -2.874576E+00
  1.175000E+03 -2.421025E+00
  1.175500E+03 -1.886444E+00
  1.176000E+03 -1.282892E+00
  1.176500E+03 -5.988954E-01
  1.177000E+03  1.872940E-01
  1.177500E+03  1.087810E+00
  1.178000E+03  2.086312E+00
  1.178500E+03  3.127797E+00
  1.179000E+03  4.121996E+00
  1.179500E+03  4.960576E+00
  1.180000E+03  5.543389E+00
  1.180500E+03  5.805415E+00
  1.181000E+03  5.735269E+00
  1.181500E+03  5.378590E+00
  1.182000E+03  4.824479E+00
  1.182500E+03  4.178924E+00
  1.183000E+03  3.533616E+00
  1.183500E+03  2.940281E+00
  1.184000E+03  2.398843E+00
  1.184500E+03  1.863036E+00
  1.185000E+03  1.261152E+00
  1.185500E+03  5.245394E-01
  1.186000E+03 -3.858883E-01
  1.186500E+03 -1.463807E+00
  1.187000E+03 -2.656822E+00
  1.187500E+03 -3.880006E+00
  1.188000E+03 -5.037739E+00
  1.188500E+03 -6.045534E+00
  1.189000E+03 -6.844308E+00
  1.189500E+03 -7.403151E+00
  1.190000E+03 -7.711488E+00
  1.190500E+03 -7.765760E+00
  1.191000E+03 -7.557563E+00
  1.191500E+03 -7.069219E+00
  1.192000E+03 -6.279190E+00
  1.192500E+03 -5.175430E+00
  1.193000E+03 -3.771167E+00
  1.193500E+03 -2.116445E+00
  1.194000E+03 -3.001799E-01
  1.194500E+03  1.558920E+00
  1.195000E+03  3.330086E+00
  1.195500E+03  4.891302E+00
  1.196000E+03  6.146789E+00
  1.196500E+03  7.036375E+00
  1.197000E+03  7.535350E+00
  1.197500E+03  7.647011E+00
  1.198000E+03  7.392590E+00
  1.198500E+03  6.803559E+00
  1.199000E+03  5.919495E+00
  1.199500E+03  4.791536E+00
  1.200000E+03  3.488415E+00
  1.200500E+03  2.100350E+00
  1.201000E+03  7.364666E-01
  1.201500E+03 -4.862245E-01
  1.202000E+03 -1.460897E+00
  1.202500E+03 -2.111551E+00
  1.203000E+03 -2.410143E+00
  1.203500E+03 -2.384651E+00
  1.204000E+03 -2.114921E+00
  1.204500E+03 -1.716705E+00
  1.205000E+03 -1.317650E+00
  1.205500E+03 -1.031189E+00
  1.206000E+03 -9.346127E-01
  1.206500E+03 -1.056148E+00
  1.207000E+03 -1.373190E+00
  1.207500E+03 -1.820939E+00
  1.208000E+03 -2.308318E+00
  1.208500E+03 -2.736886E+00
  1.209000E+03 -3.018574E+00
  1.209500E+03 -3.089124E+00
  1.210000E+03 -2.915715E+00
  1.210500E+03 -2.498718E+00
  1.211000E+03 -1.868612E+00
  1.211500E+03 -1.079517E+00
  1.212000E+03 -2.008189E-01
  1.212500E+03  6.919603E-01
  1.213000E+03  1.526205E+00
  1.213500E+03  2.240475E+00
  1.214000E+03  2.791306E+00
  1.214500E+03  3.157721E+00
  1.215000E+03  3.342564E+00
  1.215500E+03  3.369950E+00
  1.216000E+03  3.278668E+00
  1.216500E+03  3.112219E+00
  1.217000E+03  2.907210E+00
  1.217500E+03  2.682713E+00
  1.218000E+03  2.433541E+00
  1.218500E+03  2.129995E+00
  1.219000E+03  1.725282E+00
  1.219500E+03  1.169799E+00
  1.220000E+03  4.292375E-01
  1.220500E+03 -4.982272E-01
  1.221000E+03 -1.570952E+00
  1.221500E+03 -2.703281E+00
  1.222000E+03 -3.777105E+00
  1.222500E+03 -4.663767E+00
  1.223000E+03 -5.251171E+00
  1.223500E+03 -5.468924E+00
  1.224000E+03 -5.304281E+00
  1.224500E+03 -4.803975E+00
  1.225000E+03 -4.061017E+00
  1.225500E+03 -3.190092E+00
  1.226000E+03 -2.298774E+00
  1.226500E+03 -1.463150E+00
  1.227000E+03 -7.151184E-01
  1.227500E+03 -4.480793E-02
  1.228000E+03  5.833557E-01
  1.228500E+03  1.206941E+00
  1.229000E+03  1.842666E+00
  1.229500E+03  2.472557E+00
  1.230000E+03  3.044132E+00
  1.230500E+03  3.484746E+00
  1.231000E+03  3.725335E+00
  1.231500E+03  3.725443E+00
  1.232000E+03  3.490846E+00
  1.232500E+03  3.077378E+00
  1.233000E+03  2.579035E+00
  1.233500E+03  2.103529E+00
  1.234000E+03  1.742536E+00
  1.234500E+03  1.545646E+00
  1.235000E+03  1.505954E+00
  1.235500E+03  1.561742E+00
  1.236000E+03  1.613876E+00
  1.236500E+03  1.554012E+00
  1.237000E+03  1.295616E+00
  1.237500E+03  7.992109E-01
  1.238000E+03  8.505321E-02
  1.238500E+03 -7.699001E-01
  1.239000E+03 -1.649497E+00
  1.239500E+03 -2.425315E+00
  1.240000E+03 -2.985656E+00
  1.240500E+03 -3.259113E+00
  1.241000E+03 -3.227054E+00
  1.241500E+03 -2.922682E+00
  1.242000E+03 -2.418105E+00
  1.242500E+03 -1.803997E+00
  1.243000E+03 -1.168141E+00
  1.243500E+03 -5.788897E-01
  1.244000E+03 -7.759391E-02
  1.244500E+03  3.191733E-01
  1.245000E+03  6.100574E-01
  1.245500E+03  7.968882E-01
  1.246000E+03  8.756755E-01
  1.246500E+03  8.347880E-01
  1.247000E+03  6.615334E-01
  1.247500E+03  3.548115E-01
  1.248000E+03 -6.137170E-02
  1.248500E+03 -5.298572E-01
  1.249000E+03 -9.628622E-01
  1.249500E+03 -1.256877E+00
  1.250000E+03 -1.317332E+00
  1.250500E+03 -1.086447E+00
  1.251000E+03 -5.655960E-01
  1.251500E+03  1.757959E-01
  1.252000E+03  1.009294E+00
  1.252500E+03  1.773610E+00
  1.253000E+03  2.311621E+00
  1.253500E+03  2.508233E+00
  1.254000E+03  2.318375E+00
  1.254500E+03  1.776994E+00
  1.255000E+03  9.882092E-01
  1.255500E+03  9.691340E-02
  1.256000E+03 -7.486925E-01
  1.256500E+03 -1.432729E+00
  1.257000E+03 -1.895473E+00
  1.257500E+03 -2.139444E+00
  1.258000E+03 -2.217455E+00
  1.258500E+03 -2.207722E+00
  1.259000E+03 -2.184632E+00
  1.259500E+03 -2.194257E+00
  1.260000E+03 -2.241377E+00
  1.260500E+03 -2.290504E+00
  1.261000E+03 -2.278894E+00
  1.261500E+03 -2.136119E+00
  1.262000E+03 -1.803659E+00
  1.262500E+03 -1.249068E+00
  1.263000E+03 -4.719873E-01
  1.263500E+03  4.975754E-01
  1.264000E+03  1.605941E+00
  1.264500E+03  2.783863E+00
  1.265000E+03  3.953235E+00
  1.265500E+03  5.031427E+00
  1.266000E+03  5.934152E+00
  1.266500E+03  6.578896E+00
  1.267000E+03  6.890773E+00
  1.267500E+03  6.811411E+00
  1.268000E+03  6.309615E+00
  1.268500E+03  5.391052E+00
  1.269000E+03  4.103683E+00
  1.269500E+03  2.536413E+00
  1.270000E+03  8.102253E-01
  1.270500E+03 -9.367979E-01
  1.271000E+03 -2.567473E+00
  1.271500E+03 -3.962738E+00
  1.272000E+03 -5.034870E+00
  1.272500E+03 -5.734862E+00
  1.273000E+03 -6.053827E+00
  1.273500E+03 -6.019613E+00
  1.274000E+03 -5.690290E+00
  1.274500E+03 -5.145849E+00
  1.275000E+03 -4.478765E+00
  1.275500E+03 -3.783393E+00
  1.276000E+03 -3.144255E+00
  1.276500E+03 -2.623911E+00
  1.277000E+03 -2.252274E+00
  1.277500E+03 -2.020112E+00
  1.278000E+03 -1.879551E+00
  1.278500E+03 -1.753200E+00
  1.279000E+03 -1.551365E+00
  1.279500E+03 -1.194146E+00
  1.280000E+03 -6.331629E-01
  1.280500E+03  1.329937E-01
  1.281000E+03  1.054299E+00
  1.281500E+03  2.037703E+00
  1.282000E+03  2.966657E+00
  1.282500E+03  3.726773E+00
  1.283000E+03  4.230839E+00
  1.283500E+03  4.436709E+00
  1.284000E+03  4.353809E+00
  1.284500E+03  4.037361E+00
  1.285000E+03  3.572843E+00
  1.285500E+03  3.055507E+00
  1.286000E+03  2.570421E+00
  1.286500E+03  2.177459E+00
  1.287000E+03  1.903581E+00
  1.287500E+03  1.742473E+00
  1.288000E+03  1.659934E+00
  1.288500E+03  1.602802E+00
  1.289000E+03  1.509419E+00
  1.289500E+03  1.320394E+00
  1.290000E+03  9.889307E-01
  1.290500E+03  4.901022E-01
  1.291000E+03 -1.719734E-01
  1.291500E+03 -9.605875E-01
  1.292000E+03 -1.808133E+00
  1.292500E+03 -2.623945E+00
  1.293000E+03 -3.307786E+00
  1.293500E+03 -3.766720E+00
  1.294000E+03 -3.931853E+00
  1.294500E+03 -3.771071E+00
  1.295000E+03 -3.294896E+00
  1.295500E+03 -2.554520E+00
  1.296000E+03 -1.633225E+00
  1.296500E+03 -6.340140E-01
  1.297000E+03  3.333494E-01
  1.297500E+03  1.163558E+00
  1.298000E+03  1.764527E+00
  1.298500E+03  2.064496E+00
  1.299000E+03  2.018854E+00
  1.299500E+03  1.617357E+00
  1.300000E+03  8.908099E-01
  1.300500E+03 -8.551196E-02
  1.301000E+03 -1.195136E+00
  1.301500E+03 -2.292904E+00
  1.302000E+03 -3.226632E+00
  1.302500E+03 -3.864346E+00
  1.303000E+03 -4.120548E+00
  1.303500E+03 -3.973906E+00
  1.304000E+03 -3.470349E+00
  1.304500E+03 -2.709553E+00
  1.305000E+03 -1.818000E+00
  1.305500E+03 -9.162540E-01
  1.306000E+03 -9.021960E-02
  1.306500E+03  6.250574E-01
  1.307000E+03  1.244633E+00
  1.307500E+03  1.817211E+00
  1.308000E+03  2.399374E+00
  1.308500E+03  3.029634E+00
  1.309000E+03  3.710859E+00
  1.309500E+03  4.406086E+00
  1.310000E+03  5.047708E+00
  1.310500E+03  5.555392E+00
  1.311000E+03  5.855698E+00
  1.311500E+03  5.896825E+00
  1.312000E+03  5.654814E+00
  1.312500E+03  5.131509E+00
  1.313000E+03  4.347772E+00
  1.313500E+03  3.336706E+00
  1.314000E+03  2.140467E+00
  1.314500E+03  8.114624E-01
  1.315000E+03 -5.842985E-01
  1.315500E+03 -1.965662E+00
  1.316000E+03 -3.240238E+00
  1.316500E+03 -4.315030E+00
  1.317000E+03 -5.111806E+00
  1.317500E+03 -5.582527E+00
  1.318000E+03 -5.719288E+00
  1.318500E+03 -5.554745E+00
  1.319000E+03 -5.152242E+00
  1.319500E+03 -4.588666E+00
  1.320000E+03 -3.935699E+00
  1.320500E+03 -3.245701E+00
  1.321000E+03 -2.546526E+00
  1.321500E+03 -1.846139E+00
  1.322000E+03 -1.144158E+00
  1.322500E+03 -4.450604E-01
  1.323000E+03  2.324987E-01
  1.323500E+03  8.538805E-01
  1.324000E+03  1.374644E+00
  1.324500E+03  1.752038E+00
  1.325000E+03  1.957282E+00
  1.325500E+03  1.984168E+00
  1.326000E+03  1.851242E+00
  1.326500E+03  1.597397E+00
  1.327000E+03  1.273007E+00
  1.327500E+03  9.298238E-01
  1.328000E+03  6.125765E-01
  1.328500E+03  3.538563E-01
  1.329000E+03  1.722369E-01
  1.329500E+03  7.251536E-02
  1.330000E+03  4.682480E-02
  1.330500E+03  7.608194E-02
  1.331000E+03  1.322070E-01
  1.331500E+03  1.820972E-01
  1.332000E+03  1.940054E-01
  1.332500E+03  1.458093E-01
  1.333000E+03  3.320298E-02
  1.333500E+03 -1.251248E-01
  1.334000E+03 -2.880919E-01
  1.334500E+03 -3.998900E-01
  1.335000E+03 -4.036393E-01
  1.335500E+03 -2.575852E-01
  1.336000E+03  5.100109E-02
  1.336500E+03  4.988093E-01
  1.337000E+03  1.029038E+00
  1.337500E+03  1.563209E+00
  1.338000E+03  2.018962E+00
  1.338500E+03  2.328673E+00
  1.339000E+03  2.453533E+00
  1.339500E+03  2.389366E+00
  1.340000E+03  2.163207E+00
  1.340500E+03  1.822571E+00
  1.341000E+03  1.421379E+00
  1.341500E+03  1.007098E+00
  1.342000E+03  6.126782E-01
  1.342500E+03  2.548528E-01
  1.343000E+03 -6.189483E-02
  1.343500E+03 -3.381539E-01
  1.344000E+03 -5.723745E-01
  1.344500E+03 -7.564098E-01
  1.345000E+03 -8.753792E-01
  1.345500E+03 -9.118726E-01
  1.346000E+03 -8.531241E-01
  1.346500E+03 -6.989175E-01
  1.347000E+03 -4.677692E-01
  1.347500E+03 -1.993212E-01
  1.348000E+03  4.828007E-02
  1.348500E+03  2.061340E-01
  1.349000E+03  2.064043E-01
  1.349500E+03 -3.912808E-03
  1.350000E+03 -4.501031E-01
  1.350500E+03 -1.120726E+00
  1.351000E+03 -1.964948E+00
  1.351500E+03 -2.897449E+00
  1.352000E+03 -3.810437E+00
  1.352500E+03 -4.590537E+00
  1.353000E+03 -5.137014E+00
  1.353500E+03 -5.377357E+00
  1.354000E+03 -5.276958E+00
  1.354500E+03 -4.841168E+00
  1.355000E+03 -4.110105E+00
  1.355500E+03 -3.148374E+00
  1.356000E+03 -2.032943E+00
  1.356500E+03 -8.423166E-01
  1.357000E+03  3.508579E-01
  1.357500E+03  1.483242E+00
  1.358000E+03  2.501275E+00
  1.358500E+03  3.360509E+00
  1.359000E+03  4.025586E+00
  1.359500E+03  4.471844E+00
  1.360000E+03  4.688311E+00
  1.360500E+03  4.680858E+00
  1.361000E+03  4.473824E+00
  1.361500E+03  4.108787E+00
  1.362000E+03  3.640034E+00
  1.362500E+03  3.127361E+00
  1.363000E+03  2.627702E+00
  1.363500E+03  2.187408E+00
  1.364000E+03  1.836682E+00
  1.364500E+03  1.587093E+00
  1.365000E+03  1.432237E+00
  1.365500E+03  1.351064E+00
  1.366000E+03  1.313025E+00
  1.366500E+03  1.284151E+00
  1.367000E+03  1.233184E+00
  1.367500E+03  1.136970E+00
  1.368000E+03  9.842666E-01
  1.368500E+03  7.772257E-01
  1.369000E+03  5.300006E-01
  1.369500E+03  2.644849E-01
  1.370000E+03  3.921818E-03
  1.370500E+03 -2.341057E-01
  1.371000E+03 -4.433401E-01
  1.371500E+03 -6.313178E-01
  1.372000E+03 -8.175711E-01
  1.372500E+03 -1.027757E+00
  1.373000E+03 -1.285264E+00
  1.373500E+03 -1.602788E+00
  1.374000E+03 -1.976570E+00
  1.374500E+03 -2.385226E+00
  1.375000E+03 -2.793743E+00
  1.375500E+03 -3.161556E+00
  1.376000E+03 -3.452386E+00
  1.376500E+03 -3.642931E+00
  1.377000E+03 -3.727950E+00
  1.377500E+03 -3.720329E+00
  1.378000E+03 -3.646220E+00
  1.378500E+03 -3.536678E+00
  1.379000E+03 -3.418064E+00
  1.379500E+03 -3.303691E+00
  1.380000E+03 -3.188796E+00
  1.380500E+03 -3.050091E+00
  1.381000E+03 -2.850147E+00
  1.381500E+03 -2.545867E+00
  1.382000E+03 -2.099433E+00
  1.382500E+03 -1.489460E+00
  1.383000E+03 -7.198174E-01
  1.383500E+03  1.762781E-01
  1.384000E+03  1.138517E+00
  1.384500E+03  2.088403E+00
  1.385000E+03  2.943414E+00
  1.385500E+03  3.633415E+00
  1.386000E+03  4.115270E+00
  1.386500E+03  4.381667E+00
  1.387000E+03  4.461448E+00
  1.387500E+03  4.411069E+00
  1.388000E+03  4.299404E+00
  1.388500E+03  4.190205E+00
  1.389000E+03  4.127274E+00
  1.389500E+03  4.126441E+00
  1.390000E+03  4.176047E+00
  1.390500E+03  4.244713E+00
  1.391000E+03  4.292685E+00
  1.391500E+03  4.282116E+00
  1.392000E+03  4.182590E+00
  1.392500E+03  3.970662E+00
  1.393000E+03  3.625182E+00
  1.393500E+03  3.122421E+00
  1.394000E+03  2.435433E+00
  1.394500E+03  1.540405E+00
  1.395000E+03  4.294416E-01
  1.395500E+03 -8.742815E-01
  1.396000E+03 -2.305379E+00
  1.396500E+03 -3.755406E+00
  1.397000E+03 -5.085797E+00
  1.397500E+03 -6.153455E+00
  1.398000E+03 -6.842944E+00
  1.398500E+03 -7.095959E+00
  1.399000E+03 -6.928441E+00
  1.399500E+03 -6.428788E+00
  1.400000E+03 -5.736189E+00
  1.400500E+03 -5.004417E+00
  1.401000E+03 -4.361240E+00
  1.401500E+03 -3.875319E+00
  1.402000E+03 -3.540376E+00
  1.402500E+03 -3.281170E+00
  1.403000E+03 -2.979170E+00
  1.403500E+03 -2.509947E+00
  1.404000E+03 -1.781091E+00
  1.404500E+03 -7.598399E-01
  1.405000E+03  5.166583E-01
  1.405500E+03  1.949912E+00
  1.406000E+03  3.403289E+00
  1.406500E+03  4.731866E+00
  1.407000E+03  5.809994E+00
  1.407500E+03  6.549672E+00
  1.408000E+03  6.906716E+00
  1.408500E+03  6.876076E+00
  1.409000E+03  6.480837E+00
  1.409500E+03  5.760571E+00
  1.410000E+03  4.763546E+00
  1.410500E+03  3.544619E+00
  1.411000E+03  2.167619E+00
  1.411500E+03  7.088039E-01
  1.412000E+03 -7.425042E-01
  1.412500E+03 -2.088786E+00
  1.413000E+03 -3.234918E+00
  1.413500E+03 -4.102147E+00
  1.414000E+03 -4.641323E+00
  1.414500E+03 -4.841153E+00
  1.415000E+03 -4.728616E+00
  1.415500E+03 -4.361241E+00
  1.416000E+03 -3.813571E+00
  1.416500E+03 -3.161943E+00
  1.417000E+03 -2.471977E+00
  1.417500E+03 -1.791896E+00
  1.418000E+03 -1.152418E+00
  1.418500E+03 -5.714612E-01
  1.419000E+03 -6.023523E-02
  1.419500E+03  3.728918E-01
  1.420000E+03  7.229944E-01
  1.420500E+03  9.934774E-01
  1.421000E+03  1.202612E+00
  1.421500E+03  1.387593E+00
  1.422000E+03  1.602208E+00
  1.422500E+03  1.906198E+00
  1.423000E+03  2.347592E+00
  1.423500E+03  2.942520E+00
  1.424000E+03  3.659081E+00
  1.424500E+03  4.411812E+00
  1.425000E+03  5.070887E+00
  1.425500E+03  5.486050E+00
  1.426000E+03  5.520594E+00
  1.426500E+03  5.087021E+00
  1.427000E+03  4.174580E+00
  1.427500E+03  2.860383E+00
  1.428000E+03  1.299782E+00
  1.428500E+03 -3.027573E-01
  1.429000E+03 -1.735690E+00
  1.429500E+03 -2.825097E+00
  1.430000E+03 -3.470929E+00
  1.430500E+03 -3.665840E+00
  1.431000E+03 -3.492212E+00
  1.431500E+03 -3.098585E+00
  1.432000E+03 -2.661864E+00
  1.432500E+03 -2.344992E+00
  1.433000E+03 -2.260428E+00
  1.433500E+03 -2.447831E+00
  1.434000E+03 -2.870362E+00
  1.434500E+03 -3.429240E+00
  1.435000E+03 -3.991747E+00
  1.435500E+03 -4.424986E+00
  1.436000E+03 -4.626781E+00
  1.436500E+03 -4.546457E+00
  1.437000E+03 -4.191179E+00
  1.437500E+03 -3.617426E+00
  1.438000E+03 -2.910949E+00
  1.438500E+03 -2.161296E+00
  1.439000E+03 -1.438125E+00
  1.439500E+03 -7.757025E-01
  1.440000E+03 -1.694967E-01
  1.440500E+03  4.146661E-01
  1.441000E+03  1.022046E+00
  1.441500E+03  1.686866E+00
  1.442000E+03  2.413511E+00
  1.442500E+03  3.167039E+00
  1.443000E+03  3.876295E+00
  1.443500E+03  4.449282E+00
  1.444000E+03  4.796731E+00
  1.444500E+03  4.857342E+00
  1.445000E+03  4.617440E+00
  1.445500E+03  4.119233E+00
  1.446000E+03  3.454990E+00
  1.446500E+03  2.748315E+00
  1.447000E+03  2.127292E+00
  1.447500E+03  1.696408E+00
  1.448000E+03  1.514411E+00
  1.448500E+03  1.583470E+00
  1.449000E+03  1.851836E+00
  1.449500E+03  2.228596E+00
  1.450000E+03  2.606038E+00
  1.450500E+03  2.883493E+00
  1.451000E+03  2.986643E+00
  1.451500E+03  2.877955E+00
  1.452000E+03  2.556720E+00
  1.452500E+03  2.050078E+00
  1.453000E+03  1.398793E+00
  1.453500E+03  6.426741E-01
  1.454000E+03 -1.898029E-01
  1.454500E+03 -1.084718E+00
  1.455000E+03 -2.038212E+00
  1.455500E+03 -3.046209E+00
  1.456000E+03 -4.092152E+00
  1.456500E+03 -5.137263E+00
  1.457000E+03 -6.117228E+00
  1.457500E+03 -6.947325E+00
  1.458000E+03 -7.535540E+00
  1.458500E+03 -7.800655E+00
  1.459000E+03 -7.690627E+00
  1.459500E+03 -7.196133E+00
  1.460000E+03 -6.355262E+00
  1.460500E+03 -5.247693E+00
  1.461000E+03 -3.979532E+00
  1.461500E+03 -2.662682E+00
  1.462000E+03 -1.394070E+00
  1.462500E+03 -2.401125E-01
  1.463000E+03  7.698294E-01
  1.463500E+03  1.639898E+00
  1.464000E+03  2.395872E+00
  1.464500E+03  3.069075E+00
  1.465000E+03  3.681077E+00
  1.465500E+03  4.233659E+00
  1.466000E+03  4.706616E+00
  1.466500E+03  5.063466E+00
  1.467000E+03  5.262773E+00
  1.467500E+03  5.271343E+00
  1.468000E+03  5.075278E+00
  1.468500E+03  4.685868E+00
  1.469000E+03  4.139036E+00
  1.469500E+03  3.488995E+00
  1.470000E+03  2.798259E+00
  1.470500E+03  2.126903E+00
  1.471000E+03  1.523713E+00
  1.471500E+03  1.020983E+00
  1.472000E+03  6.334289E-01
  1.472500E+03  3.604665E-01
  1.473000E+03  1.903280E-01
  1.473500E+03  1.042739E-01
  1.474000E+03  7.954949E-02
  1.474500E+03  9.053734E-02
  1.475000E+03  1.085001E-01
  1.475500E+03  1.010721E-01
  1.476000E+03  3.297455E-02
  1.476500E+03 -1.308497E-01
  1.477000E+03 -4.193363E-01
  1.477500E+03 -8.474798E-01
  1.478000E+03 -1.408594E+00
  1.478500E+03 -2.069317E+00
  1.479000E+03 -2.769858E+00
  1.479500E+03 -3.430864E+00
  1.480000E+03 -3.966417E+00
  1.480500E+03 -4.300629E+00
  1.481000E+03 -4.383744E+00
  1.481500E+03 -4.203267E+00
  1.482000E+03 -3.786652E+00
  1.482500E+03 -3.194432E+00
  1.483000E+03 -2.505518E+00
  1.483500E+03 -1.798901E+00
  1.484000E+03 -1.137153E+00
  1.484500E+03 -5.564754E-01
  1.485000E+03 -6.575130E-02
  1.485500E+03  3.461563E-01
  1.486000E+03  6.984650E-01
  1.486500E+03  1.006979E+00
  1.487000E+03  1.277585E+00
  1.487500E+03  1.506906E+00
  1.488000E+03  1.689062E+00
  1.488500E+03  1.824646E+00
  1.489000E+03  1.926942E+00
  1.489500E+03  2.021427E+00
  1.490000E+03  2.137603E+00
  1.490500E+03  2.295800E+00
  1.491000E+03  2.494369E+00
  1.491500E+03  2.703323E+00
  1.492000E+03  2.868479E+00
  1.492500E+03  2.926170E+00
  1.493000E+03  2.824115E+00
  1.493500E+03  2.540893E+00
  1.494000E+03  2.096132E+00
  1.494500E+03  1.546360E+00
  1.495000E+03  9.666500E-01
  1.495500E+03  4.238100E-01
  1.496000E+03 -4.919737E-02
  1.496500E+03 -4.674558E-01
  1.497000E+03 -8.901257E-01
  1.497500E+03 -1.397771E+00
  1.498000E+03 -2.057415E+00
  1.498500E+03 -2.886914E+00
  1.499000E+03 -3.831537E+00
  1.499500E+03 -4.762453E+00
  1.500000E+03 -5.500014E+00
  1.500500E+03 -5.856577E+00
  1.501000E+03 -5.686834E+00
  1.501500E+03 -4.930656E+00
  1.502000E+03 -3.635286E+00
  1.502500E+03 -1.949805E+00
  1.503000E+03 -9.317310E-02
  1.503500E+03  1.694982E+00
  1.504000E+03  3.206764E+00
  1.504500E+03  4.307098E+00
  1.505000E+03  4.953011E+00
  1.505500E+03  5.187581E+00
  1.506000E+03  5.112614E+00
  1.506500E+03  4.849948E+00
  1.507000E+03  4.503682E+00
  1.507500E+03  4.134125E+00
  1.508000E+03  3.749654E+00
  1.508500E+03  3.316660E+00
  1.509000E+03  2.782298E+00
  1.509500E+03  2.101521E+00
  1.510000E+03  1.259465E+00
  1.510500E+03  2.826778E-01
  1.511000E+03 -7.633211E-01
  1.511500E+03 -1.788299E+00
  1.512000E+03 -2.698292E+00
  1.512500E+03 -3.416781E+00
  1.513000E+03 -3.900179E+00
  1.513500E+03 -4.143962E+00
  1.514000E+03 -4.178719E+00
  1.514500E+03 -4.058184E+00
  1.515000E+03 -3.843126E+00
  1.515500E+03 -3.585609E+00
  1.516000E+03 -3.317486E+00
  1.516500E+03 -3.045507E+00
  1.517000E+03 -2.753621E+00
  1.517500E+03 -2.411316E+00
  1.518000E+03 -1.985592E+00
  1.518500E+03 -1.453539E+00
  1.519000E+03 -8.125214E-01
  1.519500E+03 -8.550386E-02
  1.520000E+03  6.798778E-01
  1.520500E+03  1.418657E+00
  1.521000E+03  2.061002E+00
  1.521500E+03  2.547250E+00
  1.522000E+03  2.842058E+00
  1.522500E+03  2.944004E+00
  1.523000E+03  2.887655E+00
  1.523500E+03  2.736651E+00
  1.524000E+03  2.568618E+00
  1.524500E+03  2.455018E+00
  1.525000E+03  2.440929E+00
  1.525500E+03  2.530324E+00
  1.526000E+03  2.681584E+00
  1.526500E+03  2.815480E+00
  1.527000E+03  2.834558E+00
  1.527500E+03  2.649428E+00
  1.528000E+03  2.205097E+00
  1.528500E+03  1.499990E+00
  1.529000E+03  5.919300E-01
  1.529500E+03 -4.112308E-01
  1.530000E+03 -1.374352E+00
  1.530500E+03 -2.165368E+00
  1.531000E+03 -2.685309E+00
  1.531500E+03 -2.890101E+00
  1.532000E+03 -2.798653E+00
  1.532500E+03 -2.485565E+00
  1.533000E+03 -2.060987E+00
  1.533500E+03 -1.643408E+00
  1.534000E+03 -1.332539E+00
  1.534500E+03 -1.188801E+00
  1.535000E+03 -1.223558E+00
  1.535500E+03 -1.401067E+00
  1.536000E+03 -1.650156E+00
  1.536500E+03 -1.881719E+00
  1.537000E+03 -2.007523E+00
  1.537500E+03 -1.956535E+00
  1.538000E+03 -1.686331E+00
  1.538500E+03 -1.188736E+00
  1.539000E+03 -4.900090E-01
  1.539500E+03  3.534506E-01
  1.540000E+03  1.262737E+00
  1.540500E+03  2.146321E+00
  1.541000E+03  2.911157E+00
  1.541500E+03  3.473908E+00
  1.542000E+03  3.771076E+00
  1.542500E+03  3.766729E+00
  1.543000E+03  3.456735E+00
  1.543500E+03  2.868831E+00
  1.544000E+03  2.058541E+00
  1.544500E+03  1.101603E+00
  1.545000E+03  8.410592E-02
  1.545500E+03 -9.081867E-01
  1.546000E+03 -1.799833E+00
  1.546500E+03 -2.533647E+00
  1.547000E+03 -3.075429E+00
  1.547500E+03 -3.414657E+00
  1.548000E+03 -3.560809E+00
  1.548500E+03 -3.535764E+00
  1.549000E+03 -3.363681E+00
  1.549500E+03 -3.060844E+00
  1.550000E+03 -2.628575E+00
  1.550500E+03 -2.052198E+00
  1.551000E+03 -1.307813E+00
  1.551500E+03 -3.763761E-01
  1.552000E+03  7.380673E-01
  1.552500E+03  1.991441E+00
  1.553000E+03  3.290311E+00
  1.553500E+03  4.495342E+00
  1.554000E+03  5.439587E+00
  1.554500E+03  5.959225E+00
  1.555000E+03  5.930124E+00
  1.555500E+03  5.300802E+00
  1.556000E+03  4.112384E+00
  1.556500E+03  2.498958E+00
  1.557000E+03  6.668583E-01
  1.557500E+03 -1.142848E+00
  1.558000E+03 -2.699768E+00
  1.558500E+03 -3.826476E+00
  1.559000E+03 -4.427810E+00
  1.559500E+03 -4.501123E+00
  1.560000E+03 -4.126694E+00
  1.560500E+03 -3.442521E+00
  1.561000E+03 -2.610979E+00
  1.561500E+03 -1.785687E+00
  1.562000E+03 -1.085413E+00
  1.562500E+03 -5.789384E-01
  1.563000E+03 -2.815504E-01
  1.563500E+03 -1.613947E-01
  1.564000E+03 -1.525884E-01
  1.564500E+03 -1.718718E-01
  1.565000E+03 -1.360321E-01
  1.565500E+03  2.210928E-02
  1.566000E+03  3.410292E-01
  1.566500E+03  8.228836E-01
  1.567000E+03  1.432351E+00
  1.567500E+03  2.102539E+00
  1.568000E+03  2.747184E+00
  1.568500E+03  3.276702E+00
  1.569000E+03  3.614419E+00
  1.569500E+03  3.708996E+00
  1.570000E+03  3.540140E+00
  1.570500E+03  3.116847E+00
  1.571000E+03  2.469932E+00
  1.571500E+03  1.642466E+00
  1.572000E+03  6.821553E-01
  1.572500E+03 -3.616244E-01
  1.573000E+03 -1.435936E+00
  1.573500E+03 -2.480008E+00
  1.574000E+03 -3.422669E+00
  1.574500E+03 -4.185327E+00
  1.575000E+03 -4.692103E+00
  1.575500E+03 -4.885423E+00
  1.576000E+03 -4.742327E+00
  1.576500E+03 -4.285324E+00
  1.577000E+03 -3.582673E+00
  1.577500E+03 -2.736212E+00
  1.578000E+03 -1.859260E+00
  1.578500E+03 -1.050914E+00
  1.579000E+03 -3.747701E-01
  1.579500E+03  1.511041E-01
  1.580000E+03  5.498622E-01
  1.580500E+03  8.691475E-01
  1.581000E+03  1.158187E+00
  1.581500E+03  1.447055E+00
  1.582000E+03  1.735465E+00
  1.582500E+03  1.994798E+00
  1.583000E+03  2.182081E+00
  1.583500E+03  2.260231E+00
  1.584000E+03  2.216610E+00
  1.584500E+03  2.072671E+00
  1.585000E+03  1.880789E+00
  1.585500E+03  1.709094E+00
  1.586000E+03  1.619402E+00
  1.586500E+03  1.645788E+00
  1.587000E+03  1.781087E+00
  1.587500E+03  1.975932E+00
  1.588000E+03  2.150788E+00
  1.588500E+03  2.217383E+00
  1.589000E+03  2.103165E+00
  1.589500E+03  1.771789E+00
  1.590000E+03  1.234116E+00
  1.590500E+03  5.471422E-01
  1.591000E+03 -1.983314E-01
  1.591500E+03 -8.976302E-01
  1.592000E+03 -1.454529E+00
  1.592500E+03 -1.800655E+00
  1.593000E+03 -1.907868E+00
  1.593500E+03 -1.791549E+00
  1.594000E+03 -1.504926E+00
  1.594500E+03 -1.126534E+00
  1.595000E+03 -7.440844E-01
  1.595500E+03 -4.384450E-01
  1.596000E+03 -2.708953E-01
  1.596500E+03 -2.756929E-01
  1.597000E+03 -4.584468E-01
  1.597500E+03 -7.993287E-01
  1.598000E+03 -1.259137E+00
  1.598500E+03 -1.785950E+00
  1.599000E+03 -2.320624E+00
  1.599500E+03 -2.800537E+00
  1.600000E+03 -3.162224E+00
  1.600500E+03 -3.344438E+00
  1.601000E+03 -3.293254E+00
  1.601500E+03 -2.969924E+00
  1.602000E+03 -2.360696E+00
  1.602500E+03 -1.486144E+00
  1.603000E+03 -4.066194E-01
  1.603500E+03  7.794148E-01
  1.604000E+03  1.945869E+00
  1.604500E+03  2.957603E+00
  1.605000E+03  3.693738E+00
  1.605500E+03  4.070473E+00
  1.606000E+03  4.057746E+00
  1.606500E+03  3.685322E+00
  1.607000E+03  3.036505E+00
  1.607500E+03  2.230819E+00
  1.608000E+03  1.399761E+00
  1.608500E+03  6.613277E-01
  1.609000E+03  9.896491E-02
  1.609500E+03 -2.507855E-01
  1.610000E+03 -4.000019E-01
  1.610500E+03 -4.009933E-01
  1.611000E+03 -3.303624E-01
  1.611500E+03 -2.693018E-01
  1.612000E+03 -2.842490E-01
  1.612500E+03 -4.116615E-01
  1.613000E+03 -6.497832E-01
  1.613500E+03 -9.590354E-01
  1.614000E+03 -1.271149E+00
  1.614500E+03 -1.505469E+00
  1.615000E+03 -1.589188E+00
  1.615500E+03 -1.476980E+00
  1.616000E+03 -1.165076E+00
  1.616500E+03 -6.956073E-01
  1.617000E+03 -1.491687E-01
  1.617500E+03  3.733857E-01
  1.618000E+03  7.756772E-01
  1.618500E+03  9.905242E-01
  1.619000E+03  9.975822E-01
  1.619500E+03  8.285041E-01
  1.620000E+03  5.577398E-01
  1.620500E+03  2.814249E-01
  1.621000E+03  9.052823E-02
  1.621500E+03  4.625921E-02
  1.622000E+03  1.649863E-01
  1.622500E+03  4.167995E-01
  1.623000E+03  7.374225E-01
  1.623500E+03  1.048972E+00
  1.624000E+03  1.282521E+00
  1.624500E+03  1.395379E+00
  1.625000E+03  1.378338E+00
  1.625500E+03  1.251940E+00
  1.626000E+03  1.054558E+00
  1.626500E+03  8.275191E-01
  1.627000E+03  6.027256E-01
  1.627500E+03  3.964933E-01
  1.628000E+03  2.103604E-01
  1.628500E+03  3.680843E-02
  1.629000E+03 -1.337753E-01
  1.629500E+03 -3.084052E-01
  1.630000E+03 -4.908861E-01
  1.630500E+03 -6.847390E-01
  1.631000E+03 -8.971895E-01
  1.631500E+03 -1.141124E+00
  1.632000E+03 -1.432849E+00
  1.632500E+03 -1.785543E+00
  1.633000E+03 -2.200552E+00
  1.633500E+03 -2.660073E+00
  1.634000E+03 -3.124752E+00
  1.634500E+03 -3.538075E+00
  1.635000E+03 -3.836984E+00
  1.635500E+03 -3.965679E+00
  1.636000E+03 -3.888270E+00
  1.636500E+03 -3.596153E+00
  1.637000E+03 -3.107862E+00
  1.637500E+03 -2.461749E+00
  1.638000E+03 -1.704385E+00
  1.638500E+03 -8.789448E-01
  1.639000E+03 -1.762908E-02
  1.639500E+03  8.595221E-01
  1.640000E+03  1.739597E+00
  1.640500E+03  2.608127E+00
  1.641000E+03  3.440698E+00
  1.641500E+03  4.198690E+00
  1.642000E+03  4.831455E+00
  1.642500E+03  5.284904E+00
  1.643000E+03  5.514111E+00
  1.643500E+03  5.496020E+00
  1.644000E+03  5.238111E+00
  1.644500E+03  4.780022E+00
  1.645000E+03  4.187128E+00
  1.645500E+03  3.537457E+00
  1.646000E+03  2.905177E+00
  1.646500E+03  2.344856E+00
  1.647000E+03  1.880457E+00
  1.647500E+03  1.501800E+00
  1.648000E+03  1.169314E+00
  1.648500E+03  8.258735E-01
  1.649000E+03  4.128422E-01
  1.649500E+03 -1.134934E-01
  1.650000E+03 -7.689716E-01
  1.650500E+03 -1.535105E+00
  1.651000E+03 -2.360650E+00
  1.651500E+03 -3.170855E+00
  1.652000E+03 -3.882297E+00
  1.652500E+03 -4.419891E+00
  1.653000E+03 -4.732171E+00
  1.653500E+03 -4.801347E+00
  1.654000E+03 -4.645917E+00
  1.654500E+03 -4.315432E+00
  1.655000E+03 -3.878922E+00
  1.655500E+03 -3.409984E+00
  1.656000E+03 -2.972203E+00
  1.656500E+03 -2.608257E+00
  1.657000E+03 -2.334810E+00
  1.657500E+03 -2.143608E+00
  1.658000E+03 -2.007497E+00
  1.658500E+03 -1.888976E+00
  1.659000E+03 -1.748623E+00
  1.659500E+03 -1.551426E+00
  1.660000E+03 -1.270208E+00
  1.660500E+03 -8.866951E-01
  1.661000E+03 -3.916055E-01
  1.661500E+03  2.147684E-01
  1.662000E+03  9.206983E-01
  1.662500E+03  1.700278E+00
  1.663000E+03  2.511310E+00
  1.663500E+03  3.295877E+00
  1.664000E+03  3.985230E+00
  1.664500E+03  4.509406E+00
  1.665000E+03  4.810168E+00
  1.665500E+03  4.854277E+00
  1.666000E+03  4.643300E+00
  1.666500E+03  4.216550E+00
  1.667000E+03  3.645393E+00
  1.667500E+03  3.019527E+00
  1.668000E+03  2.428281E+00
  1.668500E+03  1.941609E+00
  1.669000E+03  1.595727E+00
  1.669500E+03  1.387185E+00
  1.670000E+03  1.276771E+00
  1.670500E+03  1.201929E+00
  1.671000E+03  1.094057E+00
  1.671500E+03  8.958788E-01
  1.672000E+03  5.743615E-01
  1.672500E+03  1.262721E-01
  1.673000E+03 -4.242655E-01
  1.673500E+03 -1.034527E+00
  1.674000E+03 -1.655011E+00
  1.674500E+03 -2.240626E+00
  1.675000E+03 -2.758232E+00
  1.675500E+03 -3.189057E+00
  1.676000E+03 -3.526261E+00
  1.676500E+03 -3.769436E+00
  1.677000E+03 -3.918553E+00
  1.677500E+03 -3.969810E+00
  1.678000E+03 -3.914910E+00
  1.678500E+03 -3.744048E+00
  1.679000E+03 -3.451512E+00
  1.679500E+03 -3.041814E+00
  1.680000E+03 -2.533949E+00
  1.680500E+03 -1.961743E+00
  1.681000E+03 -1.369345E+00
  1.681500E+03 -8.024104E-01
  1.682000E+03 -2.970545E-01
  1.682500E+03  1.302804E-01
  1.683000E+03  4.886079E-01
  1.683500E+03  8.112231E-01
  1.684000E+03  1.146750E+00
  1.684500E+03  1.543960E+00
  1.685000E+03  2.034167E+00
  1.685500E+03  2.616392E+00
  1.686000E+03  3.250323E+00
  1.686500E+03  3.860312E+00
  1.687000E+03  4.350496E+00
  1.687500E+03  4.627583E+00
  1.688000E+03  4.625081E+00
  1.688500E+03  4.321754E+00
  1.689000E+03  3.748409E+00
  1.689500E+03  2.980519E+00
  1.690000E+03  2.118580E+00
  1.690500E+03  1.262063E+00
  1.691000E+03  4.849989E-01
  1.691500E+03 -1.793140E-01
  1.692000E+03 -7.400229E-01
  1.692500E+03 -1.236953E+00
  1.693000E+03 -1.719946E+00
  1.693500E+03 -2.226677E+00
  1.694000E+03 -2.766456E+00
  1.694500E+03 -3.315029E+00
  1.695000E+03 -3.821214E+00
  1.695500E+03 -4.222021E+00
  1.696000E+03 -4.460209E+00
  1.696500E+03 -4.498006E+00
  1.697000E+03 -4.322897E+00
  1.697500E+03 -3.944946E+00
  1.698000E+03 -3.388514E+00
  1.698500E+03 -2.683177E+00
  1.699000E+03 -1.858210E+00
  1.699500E+03 -9.427358E-01
  1.700000E+03  2.956957E-02
  1.700500E+03  1.014881E+00
  1.701000E+03  1.957132E+00
  1.701500E+03  2.792405E+00
  1.702000E+03  3.459780E+00
  1.702500E+03  3.915363E+00
  1.703000E+03  4.144168E+00
  1.703500E+03  4.164703E+00
  1.704000E+03  4.023540E+00
  1.704500E+03  3.780919E+00
  1.705000E+03  3.492041E+00
  1.705500E+03  3.190646E+00
  1.706000E+03  2.880887E+00
  1.706500E+03  2.540560E+00
  1.707000E+03  2.134585E+00
  1.707500E+03  1.633770E+00
  1.708000E+03  1.031949E+00
  1.708500E+03  3.551406E-01
  1.709000E+03 -3.406973E-01
  1.709500E+03 -9.826747E-01
  1.710000E+03 -1.500363E+00
  1.710500E+03 -1.845180E+00
  1.711000E+03 -2.003660E+00
  1.711500E+03 -2.000822E+00
  1.712000E+03 -1.893230E+00
  1.712500E+03 -1.754509E+00
  1.713000E+03 -1.657928E+00
  1.713500E+03 -1.660902E+00
  1.714000E+03 -1.794875E+00
  1.714500E+03 -2.062005E+00
  1.715000E+03 -2.438024E+00
  1.715500E+03 -2.879272E+00
  1.716000E+03 -3.331493E+00
  1.716500E+03 -3.738258E+00
  1.717000E+03 -4.047573E+00
  1.717500E+03 -4.215949E+00
  1.718000E+03 -4.209885E+00
  1.718500E+03 -4.005221E+00
  1.719000E+03 -3.585365E+00
  1.719500E+03 -2.939832E+00
  1.720000E+03 -2.064664E+00
  1.720500E+03 -9.659164E-01
  1.721000E+03  3.337433E-01
  1.721500E+03  1.786946E+00
  1.722000E+03  3.315302E+00
  1.722500E+03  4.808934E+00
  1.723000E+03  6.135202E+00
  1.723500E+03  7.157523E+00
  1.724000E+03  7.761495E+00
  1.724500E+03  7.881926E+00
  1.725000E+03  7.522294E+00
  1.725500E+03  6.758900E+00
  1.726000E+03  5.725817E+00
  1.726500E+03  4.582689E+00
  1.727000E+03  3.473692E+00
  1.727500E+03  2.490012E+00
  1.728000E+03  1.648343E+00
  1.728500E+03  8.935028E-01
  1.729000E+03  1.255990E-01
  1.729500E+03 -7.563661E-01
  1.730000E+03 -1.808785E+00
  1.730500E+03 -3.011491E+00
  1.731000E+03 -4.261388E+00
  1.731500E+03 -5.395041E+00
  1.732000E+03 -6.233661E+00
  1.732500E+03 -6.635962E+00
  1.733000E+03 -6.541363E+00
  1.733500E+03 -5.989123E+00
  1.734000E+03 -5.107148E+00
  1.734500E+03 -4.074561E+00
  1.735000E+03 -3.070874E+00
  1.735500E+03 -2.228724E+00
  1.736000E+03 -1.605175E+00
  1.736500E+03 -1.179446E+00
  1.737000E+03 -8.753539E-01
  1.737500E+03 -5.983191E-01
  1.738000E+03 -2.725116E-01
  1.738500E+03  1.350347E-01
  1.739000E+03  6.104622E-01
  1.739500E+03  1.108140E+00
  1.740000E+03  1.576326E+00
  1.740500E+03  1.981559E+00
  1.741000E+03  2.321319E+00
  1.741500E+03  2.620069E+00
  1.742000E+03  2.911085E+00
  1.742500E+03  3.212549E+00
  1.743000E+03  3.508843E+00
  1.743500E+03  3.745893E+00
  1.744000E+03  3.843726E+00
  1.744500E+03  3.722396E+00
  1.745000E+03  3.331906E+00
  1.745500E+03  2.674826E+00
  1.746000E+03  1.812765E+00
  1.746500E+03  8.536587E-01
  1.747000E+03 -7.614476E-02
  1.747500E+03 -8.655155E-01
  1.748000E+03 -1.446385E+00
  1.748500E+03 -1.806483E+00
  1.749000E+03 -1.983185E+00
  1.749500E+03 -2.041459E+00
  1.750000E+03 -2.044471E+00
  1.750500E+03 -2.027807E+00
  1.751000E+03 -1.986634E+00
  1.751500E+03 -1.880284E+00
  1.752000E+03 -1.652343E+00
  1.752500E+03 -1.258781E+00
  1.753000E+03 -6.937947E-01
  1.753500E+03 -3.871113E-03
  1.754000E+03  7.154110E-01
  1.754500E+03  1.339442E+00
  1.755000E+03  1.745547E+00
  1.755500E+03  1.845391E+00
  1.756000E+03  1.609056E+00
  1.756500E+03  1.073804E+00
  1.757000E+03  3.354160E-01
  1.757500E+03 -4.747807E-01
  1.758000E+03 -1.220143E+00
  1.758500E+03 -1.787690E+00
  1.759000E+03 -2.108511E+00
  1.759500E+03 -2.165569E+00
  1.760000E+03 -1.988901E+00
  1.760500E+03 -1.641697E+00
  1.761000E+03 -1.202585E+00
  1.761500E+03 -7.493029E-01
  1.762000E+03 -3.472180E-01
  1.762500E+03 -4.364590E-02
  1.763000E+03  1.332517E-01
  1.763500E+03  1.733474E-01
  1.764000E+03  8.336642E-02
  1.764500E+03 -1.134071E-01
  1.765000E+03 -3.771251E-01
  1.765500E+03 -6.527445E-01
  1.766000E+03 -8.745540E-01
  1.766500E+03 -9.746898E-01
  1.767000E+03 -8.948587E-01
  1.767500E+03 -5.988758E-01
  1.768000E+03 -8.271826E-02
  1.768500E+03  6.209919E-01
  1.769000E+03  1.445852E+00
  1.769500E+03  2.301679E+00
  1.770000E+03  3.089466E+00
  1.770500E+03  3.717787E+00
  1.771000E+03  4.116930E+00
  1.771500E+03  4.247845E+00
  1.772000E+03  4.104600E+00
  1.772500E+03  3.710751E+00
  1.773000E+03  3.111427E+00
  1.773500E+03  2.363587E+00
  1.774000E+03  1.526782E+00
  1.774500E+03  6.560590E-01
  1.775000E+03 -2.022468E-01
  1.775500E+03 -1.011953E+00
  1.776000E+03 -1.746327E+00
  1.776500E+03 -2.386101E+00
  1.777000E+03 -2.917007E+00
  1.777500E+03 -3.327531E+00
  1.778000E+03 -3.607398E+00
  1.778500E+03 -3.747135E+00
  1.779000E+03 -3.738845E+00
  1.779500E+03 -3.578080E+00
  1.780000E+03 -3.266331E+00
  1.780500E+03 -2.813456E+00
  1.781000E+03 -2.239245E+00
  1.781500E+03 -1.573496E+00
  1.782000E+03 -8.543688E-01
  1.782500E+03 -1.253146E-01
  1.783000E+03  5.687513E-01
  1.783500E+03  1.185168E+00
  1.784000E+03  1.686474E+00
  1.784500E+03  2.042336E+00
  1.785000E+03  2.230698E+00
  1.785500E+03  2.238689E+00
  1.786000E+03  2.063822E+00
  1.786500E+03  1.715638E+00
  1.787000E+03  1.217428E+00
  1.787500E+03  6.072159E-01
  1.788000E+03 -6.299665E-02
  1.788500E+03 -7.304218E-01
  1.789000E+03 -1.327264E+00
  1.789500E+03 -1.788477E+00
  1.790000E+03 -2.060312E+00
  1.790500E+03 -2.108173E+00
  1.791000E+03 -1.922403E+00
  1.791500E+03 -1.520947E+00
  1.792000E+03 -9.483726E-01
  1.792500E+03 -2.711260E-01
  1.793000E+03  4.306366E-01
  1.793500E+03  1.073932E+00
  1.794000E+03  1.585333E+00
  1.794500E+03  1.913085E+00
  1.795000E+03  2.036690E+00
  1.795500E+03  1.971564E+00
  1.796000E+03  1.766898E+00
  1.796500E+03  1.496118E+00
  1.797000E+03  1.241257E+00
  1.797500E+03  1.074498E+00
  1.798000E+03  1.041480E+00
  1.798500E+03  1.151029E+00
  1.799000E+03  1.374473E+00
  1.799500E+03  1.654963E+00
  1.800000E+03  1.924059E+00
  1.800500E+03  2.120376E+00
  1.801000E+03  2.204284E+00
  1.801500E+03  2.163982E+00
  1.802000E+03  2.011332E+00
  1.802500E+03  1.769610E+00
  1.803000E+03  1.458337E+00
  1.803500E+03  1.081512E+00
  1.804000E+03  6.242235E-01
  1.804500E+03  5.933095E-02
  1.805000E+03 -6.381252E-01
  1.805500E+03 -1.474315E+00
  1.806000E+03 -2.424388E+00
  1.806500E+03 -3.429663E+00
  1.807000E+03 -4.405715E+00
  1.807500E+03 -5.258719E+00
  1.808000E+03 -5.904336E+00
  1.808500E+03 -6.282664E+00
  1.809000E+03 -6.364662E+00
  1.809500E+03 -6.149090E+00
  1.810000E+03 -5.652947E+00
  1.810500E+03 -4.900890E+00
  1.811000E+03 -3.919096E+00
  1.811500E+03 -2.736567E+00
  1.812000E+03 -1.392931E+00
  1.812500E+03  5.182501E-02
  1.813000E+03  1.511936E+00
  1.813500E+03  2.879875E+00
  1.814000E+03  4.041315E+00
  1.814500E+03  4.897887E+00
  1.815000E+03  5.390718E+00
  1.815500E+03  5.516434E+00
  1.816000E+03  5.329179E+00
  1.816500E+03  4.926710E+00
  1.817000E+03  4.424129E+00
  1.817500E+03  3.923208E+00
  1.818000E+03  3.486912E+00
  1.818500E+03  3.126959E+00
  1.819000E+03  2.807763E+00
  1.819500E+03  2.464600E+00
  1.820000E+03  2.029274E+00
  1.820500E+03  1.454642E+00
  1.821000E+03  7.304788E-01
  1.821500E+03 -1.131252E-01
  1.822000E+03 -1.014118E+00
  1.822500E+03 -1.894077E+00
  1.823000E+03 -2.674926E+00
  1.823500E+03 -3.291547E+00
  1.824000E+03 -3.697752E+00
  1.824500E+03 -3.866282E+00
  1.825000E+03 -3.785835E+00
  1.825500E+03 -3.458618E+00
  1.826000E+03 -2.900642E+00
  1.826500E+03 -2.144627E+00
  1.827000E+03 -1.243166E+00
  1.827500E+03 -2.688273E-01
  1.828000E+03  6.913671E-01
  1.828500E+03  1.547480E+00
  1.829000E+03  2.221892E+00
  1.829500E+03  2.663871E+00
  1.830000E+03  2.858659E+00
  1.830500E+03  2.827680E+00
  1.831000E+03  2.619247E+00
  1.831500E+03  2.292396E+00
  1.832000E+03  1.898821E+00
  1.832500E+03  1.468684E+00
  1.833000E+03  1.004829E+00
  1.833500E+03  4.872379E-01
  1.834000E+03 -1.137488E-01
  1.834500E+03 -8.197127E-01
  1.835000E+03 -1.627621E+00
  1.835500E+03 -2.499778E+00
  1.836000E+03 -3.363628E+00
  1.836500E+03 -4.121896E+00
  1.837000E+03 -4.670639E+00
  1.837500E+03 -4.920660E+00
  1.838000E+03 -4.816890E+00
  1.838500E+03 -4.350982E+00
  1.839000E+03 -3.564147E+00
  1.839500E+03 -2.539739E+00
  1.840000E+03 -1.387517E+00
  1.840500E+03 -2.234494E-01
  1.841000E+03  8.502688E-01
  1.841500E+03  1.760522E+00
  1.842000E+03  2.470826E+00
  1.842500E+03  2.980017E+00
  1.843000E+03  3.313191E+00
  1.843500E+03  3.507807E+00
  1.844000E+03  3.598940E+00
  1.844500E+03  3.607610E+00
  1.845000E+03  3.535157E+00
  1.845500E+03  3.364877E+00
  1.846000E+03  3.070202E+00
  1.846500E+03  2.626998E+00
  1.847000E+03  2.026564E+00
  1.847500E+03  1.285768E+00
  1.848000E+03  4.514718E-01
  1.848500E+03 -4.022358E-01
  1.849000E+03 -1.183870E+00
  1.849500E+03 -1.799741E+00
  1.850000E+03 -2.171594E+00
  1.850500E+03 -2.253124E+00
  1.851000E+03 -2.041784E+00
  1.851500E+03 -1.582980E+00
  1.852000E+03 -9.650210E-01
  1.852500E+03 -3.049805E-01
  1.853000E+03  2.724189E-01
  1.853500E+03  6.589970E-01
  1.854000E+03  7.853601E-01
  1.854500E+03  6.361081E-01
  1.855000E+03  2.541071E-01
  1.855500E+03 -2.677327E-01
  1.856000E+03 -8.057732E-01
  1.856500E+03 -1.231837E+00
  1.857000E+03 -1.440198E+00
  1.857500E+03 -1.369056E+00
  1.858000E+03 -1.011646E+00
  1.858500E+03 -4.149690E-01
  1.859000E+03  3.325769E-01
  1.859500E+03  1.120602E+00
  1.860000E+03  1.837749E+00
  1.860500E+03  2.389282E+00
  1.861000E+03  2.708041E+00
  1.861500E+03  2.758175E+00
  1.862000E+03  2.533317E+00
  1.862500E+03  2.052122E+00
  1.863000E+03  1.353814E+00
  1.863500E+03  4.950229E-01
  1.864000E+03 -4.526249E-01
  1.864500E+03 -1.405981E+00
  1.865000E+03 -2.276899E+00
  1.865500E+03 -2.982596E+00
  1.866000E+03 -3.458683E+00
  1.866500E+03 -3.671703E+00
  1.867000E+03 -3.627081E+00
  1.867500E+03 -3.368971E+00
  1.868000E+03 -2.970632E+00
  1.868500E+03 -2.516932E+00
  1.869000E+03 -2.083403E+00
  1.869500E+03 -1.717721E+00
  1.870000E+03 -1.429149E+00
  1.870500E+03 -1.189165E+00
  1.871000E+03 -9.431264E-01
  1.871500E+03 -6.294295E-01
  1.872000E+03 -2.003737E-01
  1.872500E+03  3.614194E-01
  1.873000E+03  1.035601E+00
  1.873500E+03  1.767357E+00
  1.874000E+03  2.479763E+00
  1.874500E+03  3.091143E+00
  1.875000E+03  3.532350E+00
  1.875500E+03  3.759479E+00
  1.876000E+03  3.759419E+00
  1.876500E+03  3.548018E+00
  1.877000E+03  3.162681E+00
  1.877500E+03  2.652377E+00
  1.878000E+03  2.068099E+00
  1.878500E+03  1.455926E+00
  1.879000E+03  8.535938E-01
  1.879500E+03  2.902376E-01
  1.880000E+03 -2.118655E-01
  1.880500E+03 -6.349679E-01
  1.881000E+03 -9.641756E-01
  1.881500E+03 -1.187194E+00
  1.882000E+03 -1.295709E+00
  1.882500E+03 -1.288095E+00
  1.883000E+03 -1.172693E+00
  1.883500E+03 -9.705320E-01
  1.884000E+03 -7.161921E-01
  1.884500E+03 -4.555779E-01
  1.885000E+03 -2.398838E-01
  1.885500E+03 -1.159974E-01
  1.886000E+03 -1.148650E-01
  1.886500E+03 -2.405888E-01
  1.887000E+03 -4.637333E-01
  1.887500E+03 -7.220492E-01
  1.888000E+03 -9.303463E-01
  1.888500E+03 -9.988000E-01
  1.889000E+03 -8.561614E-01
  1.889500E+03 -4.721041E-01
  1.890000E+03  1.278476E-01
  1.890500E+03  8.601618E-01
  1.891000E+03  1.596178E+00
  1.891500E+03  2.188084E+00
  1.892000E+03  2.501991E+00
  1.892500E+03  2.449552E+00
  1.893000E+03  2.009456E+00
  1.893500E+03  1.232675E+00
  1.894000E+03  2.299163E-01
  1.894500E+03 -8.551598E-01
  1.895000E+03 -1.879268E+00
  1.895500E+03 -2.729946E+00
  1.896000E+03 -3.344915E+00
  1.896500E+03 -3.715877E+00
  1.897000E+03 -3.877255E+00
  1.897500E+03 -3.884958E+00
  1.898000E+03 -3.792910E+00
  1.898500E+03 -3.635015E+00
  1.899000E+03 -3.417647E+00
  1.899500E+03 -3.123689E+00
  1.900000E+03 -2.725092E+00
  1.900500E+03 -2.198350E+00
  1.901000E+03 -1.536994E+00
  1.901500E+03 -7.570070E-01
  1.902000E+03  1.057527E-01
  1.902500E+03  1.003949E+00
  1.903000E+03  1.888939E+00
  1.903500E+03  2.718617E+00
  1.904000E+03  3.460521E+00
  1.904500E+03  4.090247E+00
  1.905000E+03  4.587453E+00
  1.905500E+03  4.932651E+00
  1.906000E+03  5.107308E+00
  1.906500E+03  5.097891E+00
  1.907000E+03  4.902191E+00
  1.907500E+03  4.534773E+00
  1.908000E+03  4.028294E+00
  1.908500E+03  3.428918E+00
  1.909000E+03  2.786505E+00
  1.909500E+03  2.142622E+00
  1.910000E+03  1.520670E+00
  1.910500E+03  9.220457E-01
  1.911000E+03  3.301549E-01
  1.911500E+03 -2.787024E-01
  1.912000E+03 -9.212181E-01
  1.912500E+03 -1.594668E+00
  1.913000E+03 -2.270686E+00
  1.913500E+03 -2.897623E+00
  1.914000E+03 -3.410987E+00
  1.914500E+03 -3.748839E+00
  1.915000E+03 -3.867505E+00
  1.915500E+03 -3.753131E+00
  1.916000E+03 -3.426084E+00
  1.916500E+03 -2.937509E+00
  1.917000E+03 -2.359497E+00
  1.917500E+03 -1.771721E+00
  1.918000E+03 -1.247722E+00
  1.918500E+03 -8.435143E-01
  1.919000E+03 -5.901772E-01
  1.919500E+03 -4.911139E-01
  1.920000E+03 -5.239561E-01
  1.920500E+03 -6.466170E-01
  1.921000E+03 -8.065906E-01
  1.921500E+03 -9.520737E-01
  1.922000E+03 -1.042865E+00
  1.922500E+03 -1.058541E+00
  1.923000E+03 -1.001523E+00
  1.923500E+03 -8.936181E-01
  1.924000E+03 -7.664011E-01
  1.924500E+03 -6.479543E-01
  1.925000E+03 -5.501393E-01
  1.925500E+03 -4.610190E-01
  1.926000E+03 -3.457851E-01
  1.926500E+03 -1.568184E-01
  1.927000E+03  1.498227E-01
  1.927500E+03  5.968783E-01
  1.928000E+03  1.173614E+00
  1.928500E+03  1.833653E+00
  1.929000E+03  2.504355E+00
  1.929500E+03  3.104988E+00
  1.930000E+03  3.567558E+00
  1.930500E+03  3.852957E+00
  1.931000E+03  3.956703E+00
  1.931500E+03  3.902405E+00
  1.932000E+03  3.725798E+00
  1.932500E+03  3.455954E+00
  1.933000E+03  3.101462E+00
  1.933500E+03  2.647537E+00
  1.934000E+03  2.065730E+00
  1.934500E+03  1.332825E+00
  1.935000E+03  4.515732E-01
  1.935500E+03 -5.352446E-01
  1.936000E+03 -1.543856E+00
  1.936500E+03 -2.463440E+00
  1.937000E+03 -3.181344E+00
  1.937500E+03 -3.611703E+00
  1.938000E+03 -3.718178E+00
  1.938500E+03 -3.523338E+00
  1.939000E+03 -3.101704E+00
  1.939500E+03 -2.558829E+00
  1.940000E+03 -2.003214E+00
  1.940500E+03 -1.519820E+00
  1.941000E+03 -1.152901E+00
  1.941500E+03 -9.023814E-01
  1.942000E+03 -7.334546E-01
  1.942500E+03 -5.950134E-01
  1.943000E+03 -4.403002E-01
  1.943500E+03 -2.432263E-01
  1.944000E+03 -5.908468E-03
  1.944500E+03  2.438471E-01
  1.945000E+03  4.632506E-01
  1.945500E+03  6.093994E-01
  1.946000E+03  6.535658E-01
  1.946500E+03  5.908339E-01
  1.947000E+03  4.426593E-01
  1.947500E+03  2.519841E-01
  1.948000E+03  7.246000E-02
  1.948500E+03 -4.525457E-02
  1.949000E+03 -6.647804E-02
  1.949500E+03  1.870878E-02
  1.950000E+03  1.933576E-01
  1.950500E+03  4.190150E-01
  1.951000E+03  6.472692E-01
  1.951500E+03  8.342628E-01
  1.952000E+03  9.537626E-01
  1.952500E+03  1.004455E+00
  1.953000E+03  1.008683E+00
  1.953500E+03  1.002530E+00
  1.954000E+03  1.020249E+00
  1.954500E+03  1.078334E+00
  1.955000E+03  1.165206E+00
  1.955500E+03  1.240937E+00
  1.956000E+03  1.248137E+00
  1.956500E+03  1.131013E+00
  1.957000E+03  8.563599E-01
  1.957500E+03  4.289730E-01
  1.958000E+03 -1.044774E-01
  1.958500E+03 -6.652709E-01
  1.959000E+03 -1.163484E+00
  1.959500E+03 -1.523151E+00
  1.960000E+03 -1.703336E+00
  1.960500E+03 -1.708078E+00
  1.961000E+03 -1.582100E+00
  1.961500E+03 -1.394211E+00
  1.962000E+03 -1.214559E+00
  1.962500E+03 -1.093720E+00
  1.963000E+03 -1.050393E+00
  1.963500E+03 -1.070842E+00
  1.964000E+03 -1.118620E+00
  1.964500E+03 -1.149545E+00
  1.965000E+03 -1.125584E+00
  1.965500E+03 -1.022775E+00
  1.966000E+03 -8.316549E-01
  1.966500E+03 -5.523720E-01
  1.967000E+03 -1.889538E-01
  1.967500E+03  2.528445E-01
  1.968000E+03  7.620859E-01
  1.968500E+03  1.315110E+00
  1.969000E+03  1.868409E+00
  1.969500E+03  2.357344E+00
  1.970000E+03  2.704319E+00
  1.970500E+03  2.836143E+00
  1.971000E+03  2.705917E+00
  1.971500E+03  2.311783E+00
  1.972000E+03  1.704843E+00
  1.972500E+03  9.816634E-01
  1.973000E+03  2.621207E-01
  1.973500E+03 -3.411572E-01
  1.974000E+03 -7.519896E-01
  1.974500E+03 -9.486970E-01
  1.975000E+03 -9.648612E-01
  1.975500E+03 -8.726661E-01
  1.976000E+03 -7.548751E-01
  1.976500E+03 -6.755115E-01
  1.977000E+03 -6.596190E-01
  1.977500E+03 -6.889646E-01
  1.978000E+03 -7.145352E-01
  1.978500E+03 -6.804402E-01
  1.979000E+03 -5.497188E-01
  1.979500E+03 -3.220565E-01
  1.980000E+03 -3.669678E-02
  1.980500E+03  2.404234E-01
  1.981000E+03  4.402620E-01
  1.981500E+03  5.158989E-01
  1.982000E+03  4.597457E-01
  1.982500E+03  3.061468E-01
  1.983000E+03  1.182763E-01
  1.983500E+03 -3.588581E-02
  1.984000E+03 -1.096355E-01
  1.984500E+03 -9.600436E-02
  1.985000E+03 -3.163244E-02
  1.985500E+03  1.568394E-02
  1.986000E+03 -2.834639E-02
  1.986500E+03 -2.161441E-01
  1.987000E+03 -5.560979E-01
  1.987500E+03 -1.004468E+00
  1.988000E+03 -1.474469E+00
  1.988500E+03 -1.859851E+00
  1.989000E+03 -2.065462E+00
  1.989500E+03 -2.034967E+00
  1.990000E+03 -1.766940E+00
  1.990500E+03 -1.314410E+00
  1.991000E+03 -7.683828E-01
  1.991500E+03 -2.309857E-01
  1.992000E+03  2.130052E-01
  1.992500E+03  5.173451E-01
  1.993000E+03  6.820971E-01
  1.993500E+03  7.465794E-01
  1.994000E+03  7.710072E-01
  1.994500E+03  8.138500E-01
  1.995000E+03  9.128354E-01
  1.995500E+03  1.075630E+00
  1.996000E+03  1.282307E+00
  1.996500E+03  1.497235E+00
  1.997000E+03  1.684698E+00
  1.997500E+03  1.821526E+00
  1.998000E+03  1.901681E+00
  1.998500E+03  1.931387E+00
  1.999000E+03  1.917562E+00
  1.999500E+03  1.855391E+00
  2.000000E+03  1.721532E+00
  2.000500E+03  1.477422E+00
  2.001000E+03  1.083082E+00
  2.001500E+03  5.172501E-01
  2.002000E+03 -2.035261E-01
  2.002500E+03 -1.014836E+00
  2.003000E+03 -1.808892E+00
  2.003500E+03 -2.454303E+00
  2.004000E+03 -2.826509E+00
  2.004500E+03 -2.840160E+00
  2.005000E+03 -2.473552E+00
  2.005500E+03 -1.777369E+00
  2.006000E+03 -8.648532E-01
  2.006500E+03  1.136842E-01
  2.007000E+03  1.004283E+00
  2.007500E+03  1.680890E+00
  2.008000E+03  2.066510E+00
  2.008500E+03  2.139428E+00
  2.009000E+03  1.925216E+00
  2.009500E+03  1.479767E+00
  2.010000E+03  8.707427E-01
  2.010500E+03  1.640659E-01
  2.011000E+03 -5.811706E-01
  2.011500E+03 -1.310282E+00
  2.012000E+03 -1.967450E+00
  2.012500E+03 -2.492782E+00
  2.013000E+03 -2.826288E+00
  2.013500E+03 -2.919603E+00
  2.014000E+03 -2.752120E+00
  2.014500E+03 -2.345165E+00
  2.015000E+03 -1.767219E+00
  2.015500E+03 -1.125516E+00
  2.016000E+03 -5.438216E-01
  2.016500E+03 -1.313133E-01
  2.017000E+03  4.860442E-02
  2.017500E+03 -3.932534E-04
  2.018000E+03 -2.038640E-01
  2.018500E+03 -4.332930E-01
  2.019000E+03 -5.397228E-01
  2.019500E+03 -3.954409E-01
  2.020000E+03  6.801255E-02
  2.020500E+03  8.365789E-01
  2.021000E+03  1.812151E+00
  2.021500E+03  2.833563E+00
  2.022000E+03  3.714446E+00
  2.022500E+03  4.287550E+00
  2.023000E+03  4.443555E+00
  2.023500E+03  4.154265E+00
  2.024000E+03  3.474844E+00
  2.024500E+03  2.525785E+00
  2.025000E+03  1.460801E+00
  2.025500E+03  4.302012E-01
  2.026000E+03 -4.502995E-01
  2.026500E+03 -1.117876E+00
  2.027000E+03 -1.564921E+00
  2.027500E+03 -1.827101E+00
  2.028000E+03 -1.962597E+00
  2.028500E+03 -2.029598E+00
  2.029000E+03 -2.068548E+00
  2.029500E+03 -2.093136E+00
  2.030000E+03 -2.090878E+00
  2.030500E+03 -2.031280E+00
  2.031000E+03 -1.877903E+00
  2.031500E+03 -1.600516E+00
  2.032000E+03 -1.184463E+00
  2.032500E+03 -6.359517E-01
  2.033000E+03  1.675613E-02
  2.033500E+03  7.255412E-01
  2.034000E+03  1.427294E+00
  2.034500E+03  2.051039E+00
  2.035000E+03  2.527053E+00
  2.035500E+03  2.797372E+00
  2.036000E+03  2.826241E+00
  2.036500E+03  2.608181E+00
  2.037000E+03  2.170953E+00
  2.037500E+03  1.571359E+00
  2.038000E+03  8.836655E-01
  2.038500E+03  1.828687E-01
  2.039000E+03 -4.726734E-01
  2.039500E+03 -1.053729E+00
  2.040000E+03 -1.563179E+00
  2.040500E+03 -2.027712E+00
  2.041000E+03 -2.480377E+00
  2.041500E+03 -2.939760E+00
  2.042000E+03 -3.393502E+00
  2.042500E+03 -3.793008E+00
  2.043000E+03 -4.062751E+00
  2.043500E+03 -4.122402E+00
  2.044000E+03 -3.915036E+00
  2.044500E+03 -3.431704E+00
  2.045000E+03 -2.723052E+00
  2.045500E+03 -1.892405E+00
  2.046000E+03 -1.070872E+00
  2.046500E+03 -3.812309E-01
  2.047000E+03  9.832637E-02
  2.047500E+03  3.589028E-01
  2.048000E+03  4.656755E-01
  2.048500E+03  5.405776E-01
  2.049000E+03  7.277311E-01
  2.049500E+03  1.151905E+00
  2.050000E+03  1.882291E+00
  2.050500E+03  2.911881E+00
  2.051000E+03  4.157541E+00
  2.051500E+03  5.479298E+00
  2.052000E+03  6.711792E+00
  2.052500E+03  7.697924E+00
  2.053000E+03  8.315417E+00
  2.053500E+03  8.490538E+00
  2.054000E+03  8.198275E+00
  2.054500E+03  7.452794E+00
  2.055000E+03  6.294469E+00
  2.055500E+03  4.779538E+00
  2.056000E+03  2.975879E+00
  2.056500E+03  9.647458E-01
  2.057000E+03 -1.154899E+00
  2.057500E+03 -3.264263E+00
  2.058000E+03 -5.228937E+00
  2.058500E+03 -6.910987E+00
  2.059000E+03 -8.187207E+00
  2.059500E+03 -8.969079E+00
  2.060000E+03 -9.218819E+00
  2.060500E+03 -8.956705E+00
  2.061000E+03 -8.257320E+00
  2.061500E+03 -7.235494E+00
  2.062000E+03 -6.025543E+00
  2.062500E+03 -4.758954E+00
  2.063000E+03 -3.545603E+00
  2.063500E+03 -2.462077E+00
  2.064000E+03 -1.548384E+00
  2.064500E+03 -8.120282E-01
  2.065000E+03 -2.368376E-01
  2.065500E+03  2.066089E-01
  2.066000E+03  5.516494E-01
  2.066500E+03  8.289087E-01
  2.067000E+03  1.062758E+00
  2.067500E+03  1.270334E+00
  2.068000E+03  1.462188E+00
  2.068500E+03  1.643738E+00
  2.069000E+03  1.817050E+00
  2.069500E+03  1.982810E+00
  2.070000E+03  2.142459E+00
  2.070500E+03  2.300305E+00
  2.071000E+03  2.465060E+00
  2.071500E+03  2.650045E+00
  2.072000E+03  2.871308E+00
  2.072500E+03  3.143398E+00
  2.073000E+03  3.473299E+00
  2.073500E+03  3.853944E+00
  2.074000E+03  4.259318E+00
  2.074500E+03  4.643234E+00
  2.075000E+03  4.943174E+00
  2.075500E+03  5.089327E+00
  2.076000E+03  5.017386E+00
  2.076500E+03  4.682340E+00
  2.077000E+03  4.069826E+00
  2.077500E+03  3.201961E+00
  2.078000E+03  2.135817E+00
  2.078500E+03  9.546413E-01
  2.079000E+03 -2.461949E-01
  2.079500E+03 -1.375084E+00
  2.080000E+03 -2.358152E+00
  2.080500E+03 -3.148251E+00
  2.081000E+03 -3.727507E+00
  2.081500E+03 -4.103858E+00
  2.082000E+03 -4.303583E+00
  2.082500E+03 -4.362578E+00
  2.083000E+03 -4.318896E+00
  2.083500E+03 -4.208013E+00
  2.084000E+03 -4.060889E+00
  2.084500E+03 -3.903727E+00
  2.085000E+03 -3.757864E+00
  2.085500E+03 -3.638538E+00
  2.086000E+03 -3.552257E+00
  2.086500E+03 -3.493584E+00
  2.087000E+03 -3.442960E+00
  2.087500E+03 -3.367263E+00
  2.088000E+03 -3.224101E+00
  2.088500E+03 -2.969618E+00
  2.089000E+03 -2.568317E+00
  2.089500E+03 -2.002512E+00
  2.090000E+03 -1.278893E+00
  2.090500E+03 -4.303557E-01
  2.091000E+03  4.875788E-01
  2.091500E+03  1.405030E+00
  2.092000E+03  2.248905E+00
  2.092500E+03  2.954559E+00
  2.093000E+03  3.475675E+00
  2.093500E+03  3.790625E+00
  2.094000E+03  3.904398E+00
  2.094500E+03  3.846035E+00
  2.095000E+03  3.662249E+00
  2.095500E+03  3.408417E+00
  2.096000E+03  3.138519E+00
  2.096500E+03  2.895765E+00
  2.097000E+03  2.705629E+00
  2.097500E+03  2.572696E+00
  2.098000E+03  2.482088E+00
  2.098500E+03  2.405299E+00
  2.099000E+03  2.309172E+00
  2.099500E+03  2.165892E+00
  2.100000E+03  1.961372E+00
  2.100500E+03  1.699740E+00
  2.101000E+03  1.402530E+00
  2.101500E+03  1.102689E+00
  2.102000E+03  8.349538E-01
  2.102500E+03  6.252380E-01
  2.103000E+03  4.819831E-01
  2.103500E+03  3.918353E-01
  2.104000E+03  3.208011E-01
  2.104500E+03  2.205397E-01
  2.105000E+03  3.818704E-02
  2.105500E+03 -2.725884E-01
  2.106000E+03 -7.415983E-01
  2.106500E+03 -1.374956E+00
  2.107000E+03 -2.151632E+00
  2.107500E+03 -3.023906E+00
  2.108000E+03 -3.921403E+00
  2.108500E+03 -4.758169E+00
  2.109000E+03 -5.442205E+00
  2.109500E+03 -5.886719E+00
  2.110000E+03 -6.022063E+00
  2.110500E+03 -5.806863E+00
  2.111000E+03 -5.236457E+00
  2.111500E+03 -4.346707E+00
  2.112000E+03 -3.211718E+00
  2.112500E+03 -1.935100E+00
  2.113000E+03 -6.357724E-01
  2.113500E+03  5.692816E-01
  2.114000E+03  1.582046E+00
  2.114500E+03  2.336923E+00
  2.115000E+03  2.808024E+00
  2.115500E+03  3.009141E+00
  2.116000E+03  2.986897E+00
  2.116500E+03  2.808964E+00
  2.117000E+03  2.550083E+00
  2.117500E+03  2.278668E+00
  2.118000E+03  2.046275E+00
  2.118500E+03  1.881294E+00
  2.119000E+03  1.787319E+00
  2.119500E+03  1.745876E+00
  2.120000E+03  1.722692E+00
  2.120500E+03  1.676434E+00
  2.121000E+03  1.568595E+00
  2.121500E+03  1.373105E+00
  2.122000E+03  1.084048E+00
  2.122500E+03  7.199210E-01
  2.123000E+03  3.231795E-01
  2.123500E+03 -4.549259E-02
  2.124000E+03 -3.177139E-01
  2.124500E+03 -4.310936E-01
  2.125000E+03 -3.434487E-01
  2.125500E+03 -4.444252E-02
  2.126000E+03  4.382234E-01
  2.126500E+03  1.039943E+00
  2.127000E+03  1.668000E+00
  2.127500E+03  2.216618E+00
  2.128000E+03  2.585353E+00
  2.128500E+03  2.697051E+00
  2.129000E+03  2.511559E+00
  2.129500E+03  2.032246E+00
  2.130000E+03  1.303995E+00
  2.130500E+03  4.031929E-01
  2.131000E+03 -5.778928E-01
  2.131500E+03 -1.548693E+00
  2.132000E+03 -2.435806E+00
  2.132500E+03 -3.192844E+00
  2.133000E+03 -3.802604E+00
  2.133500E+03 -4.271545E+00
  2.134000E+03 -4.618550E+00
  2.134500E+03 -4.861532E+00
  2.135000E+03 -5.005981E+00
  2.135500E+03 -5.038973E+00
  2.136000E+03 -4.930524E+00
  2.136500E+03 -4.641991E+00
  2.137000E+03 -4.139049E+00
  2.137500E+03 -3.405382E+00
  2.138000E+03 -2.452943E+00
  2.138500E+03 -1.325639E+00
  2.139000E+03 -9.521454E-02
  2.139500E+03  1.149622E+00
  2.140000E+03  2.317941E+00
  2.140500E+03  3.331347E+00
  2.141000E+03  4.135176E+00
  2.141500E+03  4.703827E+00
  2.142000E+03  5.039703E+00
  2.142500E+03  5.167030E+00
  2.143000E+03  5.122890E+00
  2.143500E+03  4.948104E+00
  2.144000E+03  4.680039E+00
  2.144500E+03  4.348364E+00
  2.145000E+03  3.973721E+00
  2.145500E+03  3.568494E+00
  2.146000E+03  3.138612E+00
  2.146500E+03  2.685514E+00
  2.147000E+03  2.207835E+00
  2.147500E+03  1.702781E+00
  2.148000E+03  1.167377E+00
  2.148500E+03  5.997567E-01
  2.149000E+03  4.646586E-04
  2.149500E+03 -6.264311E-01
  2.150000E+03 -1.272694E+00
  2.150500E+03 -1.925934E+00
  2.151000E+03 -2.570283E+00
  2.151500E+03 -3.187553E+00
  2.152000E+03 -3.758595E+00
  2.152500E+03 -4.264578E+00
  2.153000E+03 -4.688015E+00
  2.153500E+03 -5.013415E+00
  2.154000E+03 -5.227538E+00
  2.154500E+03 -5.319195E+00
  2.155000E+03 -5.278627E+00
  2.155500E+03 -5.096639E+00
  2.156000E+03 -4.763890E+00
  2.156500E+03 -4.270992E+00
  2.157000E+03 -3.610133E+00
  2.157500E+03 -2.778677E+00
  2.158000E+03 -1.784547E+00
  2.158500E+03 -6.523126E-01
  2.159000E+03  5.719092E-01
  2.159500E+03  1.818999E+00
  2.160000E+03  3.000671E+00
  2.160500E+03  4.019240E+00
  2.161000E+03  4.782201E+00
  2.161500E+03  5.218757E+00
  2.162000E+03  5.294333E+00
  2.162500E+03  5.019156E+00
  2.163000E+03  4.448242E+00
  2.163500E+03  3.672379E+00
  2.164000E+03  2.802124E+00
  2.164500E+03  1.948722E+00
  2.165000E+03  1.206551E+00
  2.165500E+03  6.409986E-01
  2.166000E+03  2.837976E-01
  2.166500E+03  1.356200E-01
  2.167000E+03  1.737332E-01
  2.167500E+03  3.615607E-01
  2.168000E+03  6.571697E-01
  2.168500E+03  1.018831E+00
  2.169000E+03  1.407312E+00
  2.169500E+03  1.785828E+00
  2.170000E+03  2.119169E+00
  2.170500E+03  2.373339E+00
  2.171000E+03  2.516319E+00
  2.171500E+03  2.519801E+00
  2.172000E+03  2.361244E+00
  2.172500E+03  2.025623E+00
  2.173000E+03  1.506676E+00
  2.173500E+03  8.079213E-01
  2.174000E+03 -5.607481E-02
  2.174500E+03 -1.057927E+00
  2.175000E+03 -2.155541E+00
  2.175500E+03 -3.291178E+00
  2.176000E+03 -4.392870E+00
  2.176500E+03 -5.379330E+00
  2.177000E+03 -6.168575E+00
  2.177500E+03 -6.689170E+00
  2.178000E+03 -6.891883E+00
  2.178500E+03 -6.758940E+00
  2.179000E+03 -6.308330E+00
  2.179500E+03 -5.591752E+00
  2.180000E+03 -4.686303E+00
  2.180500E+03 -3.681605E+00
  2.181000E+03 -2.665099E+00
  2.181500E+03 -1.708568E+00
  2.182000E+03 -8.585443E-01
  2.182500E+03 -1.322638E-01
  2.183000E+03  4.803494E-01
  2.183500E+03  1.009397E+00
  2.184000E+03  1.494104E+00
  2.184500E+03  1.970668E+00
  2.185000E+03  2.461545E+00
  2.185500E+03  2.968705E+00
  2.186000E+03  3.472694E+00
  2.186500E+03  3.938082E+00
  2.187000E+03  4.324159E+00
  2.187500E+03  4.598051E+00
  2.188000E+03  4.746214E+00
  2.188500E+03  4.780205E+00
  2.189000E+03  4.733952E+00
  2.189500E+03  4.652345E+00
  2.190000E+03  4.574068E+00
  2.190500E+03  4.514136E+00
  2.191000E+03  4.452550E+00
  2.191500E+03  4.334150E+00
  2.192000E+03  4.081357E+00
  2.192500E+03  3.617056E+00
  2.193000E+03  2.890913E+00
  2.193500E+03  1.900524E+00
  2.194000E+03  6.998633E-01
  2.194500E+03 -6.086201E-01
  2.195000E+03 -1.896478E+00
  2.195500E+03 -3.039419E+00
  2.196000E+03 -3.945495E+00
  2.196500E+03 -4.572260E+00
  2.197000E+03 -4.927798E+00
  2.197500E+03 -5.056295E+00
  2.198000E+03 -5.014387E+00
  2.198500E+03 -4.847667E+00
  2.199000E+03 -4.576275E+00
  2.199500E+03 -4.194667E+00
  2.200000E+03 -3.684840E+00
  2.200500E+03 -3.036930E+00
  2.201000E+03 -2.268093E+00
  2.201500E+03 -1.431340E+00
  2.202000E+03 -6.099467E-01
  2.202500E+03  1.011867E-01
  2.203000E+03  6.206859E-01
  2.203500E+03  9.032447E-01
  2.204000E+03  9.514010E-01
  2.204500E+03  8.124620E-01
  2.205000E+03  5.620162E-01
  2.205500E+03  2.802600E-01
  2.206000E+03  2.961351E-02
  2.206500E+03 -1.589388E-01
  2.207000E+03 -2.870871E-01
  2.207500E+03 -3.791494E-01
  2.208000E+03 -4.658378E-01
  2.208500E+03 -5.685695E-01
  2.209000E+03 -6.899126E-01
  2.209500E+03 -8.125768E-01
  2.210000E+03 -9.056434E-01
  2.210500E+03 -9.340794E-01
  2.211000E+03 -8.670251E-01
  2.211500E+03 -6.818964E-01
  2.212000E+03 -3.640981E-01
  2.212500E+03  9.532134E-02
  2.213000E+03  7.006523E-01
  2.213500E+03  1.448611E+00
  2.214000E+03  2.321423E+00
  2.214500E+03  3.278578E+00
  2.215000E+03  4.251724E+00
  2.215500E+03  5.146919E+00
  2.216000E+03  5.856187E+00
  2.216500E+03  6.276750E+00
  2.217000E+03  6.332914E+00
  2.217500E+03  5.993863E+00
  2.218000E+03  5.281307E+00
  2.218500E+03  4.264000E+00
  2.219000E+03  3.040516E+00
  2.219500E+03  1.715688E+00
  2.220000E+03  3.783011E-01
  2.220500E+03 -9.128400E-01
  2.221000E+03 -2.130417E+00
  2.221500E+03 -3.268086E+00
  2.222000E+03 -4.322692E+00
  2.222500E+03 -5.276537E+00
  2.223000E+03 -6.086964E+00
  2.223500E+03 -6.687884E+00
  2.224000E+03 -7.003504E+00
  2.224500E+03 -6.970081E+00
  2.225000E+03 -6.558465E+00
  2.225500E+03 -5.789602E+00
  2.226000E+03 -4.737233E+00
  2.226500E+03 -3.516076E+00
  2.227000E+03 -2.258437E+00
  2.227500E+03 -1.085978E+00
  2.228000E+03 -8.495787E-02
  2.228500E+03  7.077574E-01
  2.229000E+03  1.304073E+00
  2.229500E+03  1.750227E+00
  2.230000E+03  2.103786E+00
  2.230500E+03  2.410010E+00
  2.231000E+03  2.685641E+00
  2.231500E+03  2.915498E+00
  2.232000E+03  3.062745E+00
  2.232500E+03  3.088780E+00
  2.233000E+03  2.975033E+00
  2.233500E+03  2.738010E+00
  2.234000E+03  2.431031E+00
  2.234500E+03  2.130779E+00
  2.235000E+03  1.912466E+00
  2.235500E+03  1.822034E+00
  2.236000E+03  1.855724E+00
  2.236500E+03  1.955475E+00
  2.237000E+03  2.023558E+00
  2.237500E+03  1.953033E+00
  2.238000E+03  1.664596E+00
  2.238500E+03  1.137274E+00
  2.239000E+03  4.216781E-01
  2.239500E+03 -3.700732E-01
  2.240000E+03 -1.095788E+00
  2.240500E+03 -1.626386E+00
  2.241000E+03 -1.886634E+00
  2.241500E+03 -1.879428E+00
  2.242000E+03 -1.684817E+00
  2.242500E+03 -1.433416E+00
  2.243000E+03 -1.262749E+00
  2.243500E+03 -1.271085E+00
  2.244000E+03 -1.484436E+00
  2.244500E+03 -1.847924E+00
  2.245000E+03 -2.244364E+00
  2.245500E+03 -2.533483E+00
  2.246000E+03 -2.598177E+00
  2.246500E+03 -2.382011E+00
  2.247000E+03 -1.905541E+00
  2.247500E+03 -1.256797E+00
  2.248000E+03 -5.603712E-01
  2.248500E+03  6.314092E-02
  2.249000E+03  5.327922E-01
  2.249500E+03  8.260219E-01
  2.250000E+03  9.752545E-01
  2.250500E+03  1.045516E+00
  2.251000E+03  1.103033E+00
  2.251500E+03  1.187544E+00
  2.252000E+03  1.298817E+00
  2.252500E+03  1.401799E+00
  2.253000E+03  1.447162E+00
  2.253500E+03  1.397969E+00
  2.254000E+03  1.250880E+00
  2.254500E+03  1.042698E+00
  2.255000E+03  8.390310E-01
  2.255500E+03  7.090875E-01
  2.256000E+03  6.963555E-01
  2.256500E+03  7.968407E-01
  2.257000E+03  9.540105E-01
  2.257500E+03  1.073500E+00
  2.258000E+03  1.053297E+00
  2.258500E+03  8.192492E-01
  2.259000E+03  3.535104E-01
  2.259500E+03 -2.942536E-01
  2.260000E+03 -1.017208E+00
  2.260500E+03 -1.680197E+00
  2.261000E+03 -2.157791E+00
  2.261500E+03 -2.369206E+00
  2.262000E+03 -2.299064E+00
  2.262500E+03 -1.997850E+00
  2.263000E+03 -1.562773E+00
  2.263500E+03 -1.106015E+00
  2.264000E+03 -7.210332E-01
  2.264500E+03 -4.575228E-01
  2.265000E+03 -3.121011E-01
  2.265500E+03 -2.361727E-01
  2.266000E+03 -1.567901E-01
  2.266500E+03 -2.577897E-03
  2.267000E+03  2.739595E-01
  2.267500E+03  6.841847E-01
  2.268000E+03  1.203391E+00
  2.268500E+03  1.780993E+00
  2.269000E+03  2.355537E+00
  2.269500E+03  2.868442E+00
  2.270000E+03  3.271965E+00
  2.270500E+03  3.530057E+00
  2.271000E+03  3.614090E+00
  2.271500E+03  3.497641E+00
  2.272000E+03  3.154739E+00
  2.272500E+03  2.564230E+00
  2.273000E+03  1.719902E+00
  2.273500E+03  6.430547E-01
  2.274000E+03 -6.076401E-01
  2.274500E+03 -1.934012E+00
  2.275000E+03 -3.206981E+00
  2.275500E+03 -4.285538E+00
  2.276000E+03 -5.042329E+00
  2.276500E+03 -5.389699E+00
  2.277000E+03 -5.299395E+00
  2.277500E+03 -4.810559E+00
  2.278000E+03 -4.023539E+00
  2.278500E+03 -3.080634E+00
  2.279000E+03 -2.138056E+00
  2.279500E+03 -1.335411E+00
  2.280000E+03 -7.693733E-01
  2.280500E+03 -4.770765E-01
  2.281000E+03 -4.323980E-01
  2.281500E+03 -5.554987E-01
  2.282000E+03 -7.331976E-01
  2.282500E+03 -8.456159E-01
  2.283000E+03 -7.933073E-01
  2.283500E+03 -5.190079E-01
  2.284000E+03 -1.921282E-02
  2.284500E+03  6.571076E-01
  2.285000E+03  1.422501E+00
  2.285500E+03  2.174537E+00
  2.286000E+03  2.823042E+00
  2.286500E+03  3.313889E+00
  2.287000E+03  3.642554E+00
  2.287500E+03  3.852922E+00
  2.288000E+03  4.020712E+00
  2.288500E+03  4.225361E+00
  2.289000E+03  4.518053E+00
  2.289500E+03  4.895489E+00
  2.290000E+03  5.288208E+00
  2.290500E+03  5.568647E+00
  2.291000E+03  5.578628E+00
  2.291500E+03  5.170066E+00
  2.292000E+03  4.248235E+00
  2.292500E+03  2.805435E+00
  2.293000E+03  9.349277E-01
  2.293500E+03 -1.179781E+00
  2.294000E+03 -3.298428E+00
  2.294500E+03 -5.171892E+00
  2.295000E+03 -6.592090E+00
  2.295500E+03 -7.430958E+00
  2.296000E+03 -7.658932E+00
  2.296500E+03 -7.339347E+00
  2.297000E+03 -6.602046E+00
  2.297500E+03 -5.605118E+00
  2.298000E+03 -4.496363E+00
  2.298500E+03 -3.385148E+00
  2.299000E+03 -2.331247E+00
  2.299500E+03 -1.351438E+00
  2.300000E+03 -4.390299E-01
  2.300500E+03  4.121654E-01
  2.301000E+03  1.188590E+00
  2.301500E+03  1.849233E+00
  2.302000E+03  2.331884E+00
  2.302500E+03  2.570823E+00
  2.303000E+03  2.519630E+00
  2.303500E+03  2.171243E+00
  2.304000E+03  1.568482E+00
  2.304500E+03  8.014516E-01
  2.305000E+03 -7.635253E-03
  2.305500E+03 -7.279540E-01
  2.306000E+03 -1.245502E+00
  2.306500E+03 -1.484008E+00
  2.307000E+03 -1.416673E+00
  2.307500E+03 -1.067041E+00
  2.308000E+03 -5.002191E-01
  2.308500E+03  1.921692E-01
  2.309000E+03  9.092266E-01
  2.309500E+03  1.556645E+00
  2.310000E+03  2.058988E+00
  2.310500E+03  2.367610E+00
  2.311000E+03  2.464409E+00
  2.311500E+03  2.361878E+00
  2.312000E+03  2.099702E+00
  2.312500E+03  1.737843E+00
  2.313000E+03  1.346182E+00
  2.313500E+03  9.915327E-01
  2.314000E+03  7.240161E-01
  2.314500E+03  5.658612E-01
  2.315000E+03  5.060563E-01
  2.315500E+03  5.033645E-01
  2.316000E+03  4.981219E-01
  2.316500E+03  4.304404E-01
  2.317000E+03  2.599295E-01
  2.317500E+03 -1.916391E-02
  2.318000E+03 -3.727411E-01
  2.318500E+03 -7.341875E-01
  2.319000E+03 -1.022947E+00
  2.319500E+03 -1.169163E+00
  2.320000E+03 -1.136796E+00
  2.320500E+03 -9.376283E-01
  2.321000E+03 -6.311100E-01
  2.321500E+03 -3.093501E-01
  2.322000E+03 -7.129619E-02
  2.322500E+03  6.319054E-03
  2.323000E+03 -1.074562E-01
  2.323500E+03 -3.868198E-01
  2.324000E+03 -7.541257E-01
  2.324500E+03 -1.099249E+00
  2.325000E+03 -1.307875E+00
  2.325500E+03 -1.290948E+00
  2.326000E+03 -1.007643E+00
  2.326500E+03 -4.764808E-01
  2.327000E+03  2.273604E-01
  2.327500E+03  9.869925E-01
  2.328000E+03  1.666939E+00
  2.328500E+03  2.139152E+00
  2.329000E+03  2.306818E+00
  2.329500E+03  2.121920E+00
  2.330000E+03  1.593974E+00
  2.330500E+03  7.888136E-01
  2.331000E+03 -1.822871E-01
  2.331500E+03 -1.181561E+00
  2.332000E+03 -2.068791E+00
  2.332500E+03 -2.726257E+00
  2.333000E+03 -3.079693E+00
  2.333500E+03 -3.110587E+00
  2.334000E+03 -2.856686E+00
  2.334500E+03 -2.400242E+00
  2.335000E+03 -1.846752E+00
  2.335500E+03 -1.299655E+00
  2.336000E+03 -8.377635E-01
  2.336500E+03 -5.013750E-01
  2.337000E+03 -2.902481E-01
  2.337500E+03 -1.727992E-01
  2.338000E+03 -1.023168E-01
  2.338500E+03 -3.402782E-02
  2.339000E+03  6.276470E-02
  2.339500E+03  2.007257E-01
  2.340000E+03  3.783307E-01
  2.340500E+03  5.879101E-01
  2.341000E+03  8.228564E-01
  2.341500E+03  1.079901E+00
  2.342000E+03  1.355254E+00
  2.342500E+03  1.636942E+00
  2.343000E+03  1.898203E+00
  2.343500E+03  2.097050E+00
  2.344000E+03  2.184832E+00
  2.344500E+03  2.122524E+00
  2.345000E+03  1.899457E+00
  2.345500E+03  1.546867E+00
  2.346000E+03  1.139405E+00
  2.346500E+03  7.814471E-01
  2.347000E+03  5.805836E-01
  2.347500E+03  6.157663E-01
  2.348000E+03  9.103810E-01
  2.348500E+03  1.419603E+00
  2.349000E+03  2.037042E+00
  2.349500E+03  2.619338E+00
  2.350000E+03  3.021412E+00
  2.350500E+03  3.131576E+00
  2.351000E+03  2.896118E+00
  2.351500E+03  2.326812E+00
  2.352000E+03  1.490827E+00
  2.352500E+03  4.881845E-01
  2.353000E+03 -5.745948E-01
  2.353500E+03 -1.606019E+00
  2.354000E+03 -2.540721E+00
  2.354500E+03 -3.339274E+00
  2.355000E+03 -3.980261E+00
  2.355500E+03 -4.450482E+00
  2.356000E+03 -4.738754E+00
  2.356500E+03 -4.835968E+00
  2.357000E+03 -4.740431E+00
  2.357500E+03 -4.464641E+00
  2.358000E+03 -4.038804E+00
  2.358500E+03 -3.507953E+00
  2.359000E+03 -2.922612E+00
  2.359500E+03 -2.326182E+00
  2.360000E+03 -1.744140E+00
  2.360500E+03 -1.179808E+00
  2.361000E+03 -6.189908E-01
  2.361500E+03 -4.225425E-02
  2.362000E+03  5.596102E-01
  2.362500E+03  1.172892E+00
  2.363000E+03  1.756207E+00
  2.363500E+03  2.246080E+00
  2.364000E+03  2.571583E+00
  2.364500E+03  2.673599E+00
  2.365000E+03  2.522752E+00
  2.365500E+03  2.130636E+00
  2.366000E+03  1.551304E+00
  2.366500E+03  8.730207E-01
  2.367000E+03  2.029831E-01
  2.367500E+03 -3.508634E-01
  2.368000E+03 -6.968659E-01
  2.368500E+03 -7.727104E-01
  2.369000E+03 -5.532527E-01
  2.369500E+03 -5.320192E-02
  2.370000E+03  6.747094E-01
  2.370500E+03  1.545541E+00
  2.371000E+03  2.451758E+00
  2.371500E+03  3.276477E+00
  2.372000E+03  3.909605E+00
  2.372500E+03  4.264967E+00
  2.373000E+03  4.295352E+00
  2.373500E+03  4.001816E+00
  2.374000E+03  3.434138E+00
  2.374500E+03  2.681146E+00
  2.375000E+03  1.852283E+00
  2.375500E+03  1.054428E+00
  2.376000E+03  3.696668E-01
  2.376500E+03 -1.601848E-01
  2.377000E+03 -5.382852E-01
  2.377500E+03 -8.056548E-01
  2.378000E+03 -1.024629E+00
  2.378500E+03 -1.257907E+00
  2.379000E+03 -1.549317E+00
  2.379500E+03 -1.911615E+00
  2.380000E+03 -2.324254E+00
  2.380500E+03 -2.740949E+00
  2.381000E+03 -3.103981E+00
  2.381500E+03 -3.360511E+00
  2.382000E+03 -3.476018E+00
  2.382500E+03 -3.441403E+00
  2.383000E+03 -3.272547E+00
  2.383500E+03 -3.003562E+00
  2.384000E+03 -2.676647E+00
  2.384500E+03 -2.332093E+00
  2.385000E+03 -2.001286E+00
  2.385500E+03 -1.704145E+00
  2.386000E+03 -1.450593E+00
  2.386500E+03 -1.244341E+00
  2.387000E+03 -1.086602E+00
  2.387500E+03 -9.777377E-01
  2.388000E+03 -9.159015E-01
  2.388500E+03 -8.931586E-01
  2.389000E+03 -8.907939E-01
  2.389500E+03 -8.761295E-01
  2.390000E+03 -8.029893E-01
  2.390500E+03 -6.169945E-01
  2.391000E+03 -2.654519E-01
  2.391500E+03  2.898851E-01
  2.392000E+03  1.060019E+00
  2.392500E+03  2.019143E+00
  2.393000E+03  3.101208E+00
  2.393500E+03  4.204364E+00
  2.394000E+03  5.203413E+00
  2.394500E+03  5.968593E+00
  2.395000E+03  6.387454E+00
  2.395500E+03  6.385597E+00
  2.396000E+03  5.941944E+00
  2.396500E+03  5.094950E+00
  2.397000E+03  3.937912E+00
  2.397500E+03  2.603703E+00
  2.398000E+03  1.241717E+00
  2.398500E+03 -8.285226E-03
  2.399000E+03 -1.039722E+00
  2.399500E+03 -1.794798E+00
  2.400000E+03 -2.268575E+00
  2.400500E+03 -2.500788E+00
  2.401000E+03 -2.557865E+00
  2.401500E+03 -2.510358E+00
  2.402000E+03 -2.412334E+00
  2.402500E+03 -2.288718E+00
  2.403000E+03 -2.134237E+00
  2.403500E+03 -1.923987E+00
  2.404000E+03 -1.631901E+00
  2.404500E+03 -1.250704E+00
  2.405000E+03 -8.062356E-01
  2.405500E+03 -3.606485E-01
  2.406000E+03 -2.427676E-03
  2.406500E+03  1.745235E-01
  2.407000E+03  9.684839E-02
  2.407500E+03 -2.649862E-01
  2.408000E+03 -8.832526E-01
  2.408500E+03 -1.673677E+00
  2.409000E+03 -2.510469E+00
  2.409500E+03 -3.251704E+00
  2.410000E+03 -3.768327E+00
  2.410500E+03 -3.969354E+00
  2.411000E+03 -3.817406E+00
  2.411500E+03 -3.331726E+00
  2.412000E+03 -2.579353E+00
  2.412500E+03 -1.657939E+00
  2.413000E+03 -6.751522E-01
  2.413500E+03  2.704795E-01
  2.414000E+03  1.103790E+00
  2.414500E+03  1.780537E+00
  2.415000E+03  2.288324E+00
  2.415500E+03  2.642012E+00
  2.416000E+03  2.875311E+00
  2.416500E+03  3.030354E+00
  2.417000E+03  3.147032E+00
  2.417500E+03  3.253822E+00
  2.418000E+03  3.361745E+00
  2.418500E+03  3.462710E+00
  2.419000E+03  3.532701E+00
  2.419500E+03  3.539066E+00
  2.420000E+03  3.449889E+00
  2.420500E+03  3.242629E+00
  2.421000E+03  2.909234E+00
  2.421500E+03  2.456117E+00
  2.422000E+03  1.899273E+00
  2.422500E+03  1.256850E+00
  2.423000E+03  5.427175E-01
  2.423500E+03 -2.356114E-01
  2.424000E+03 -1.072983E+00
  2.424500E+03 -1.957521E+00
  2.425000E+03 -2.859994E+00
  2.425500E+03 -3.726591E+00
  2.426000E+03 -4.479468E+00
  2.426500E+03 -5.027015E+00
  2.427000E+03 -5.282161E+00
  2.427500E+03 -5.183747E+00
  2.428000E+03 -4.714287E+00
  2.428500E+03 -3.908095E+00
  2.429000E+03 -2.846783E+00
  2.429500E+03 -1.643245E+00
  2.430000E+03 -4.191332E-01
  2.430500E+03  7.171871E-01
  2.431000E+03  1.685802E+00
  2.431500E+03  2.440064E+00
  2.432000E+03  2.961674E+00
  2.432500E+03  3.250225E+00
  2.433000E+03  3.313062E+00
  2.433500E+03  3.160398E+00
  2.434000E+03  2.807618E+00
  2.434500E+03  2.282897E+00
  2.435000E+03  1.635293E+00
  2.435500E+03  9.376927E-01
  2.436000E+03  2.806893E-01
  2.436500E+03 -2.429017E-01
  2.437000E+03 -5.591943E-01
  2.437500E+03 -6.335418E-01
  2.438000E+03 -4.830634E-01
  2.438500E+03 -1.765848E-01
  2.439000E+03  1.788974E-01
  2.439500E+03  4.618903E-01
  2.440000E+03  5.638551E-01
  2.440500E+03  4.132537E-01
  2.441000E+03 -9.505837E-03
  2.441500E+03 -6.688720E-01
  2.442000E+03 -1.481978E+00
  2.442500E+03 -2.334264E+00
  2.443000E+03 -3.098680E+00
  2.443500E+03 -3.654758E+00
  2.444000E+03 -3.905157E+00
  2.444500E+03 -3.788599E+00
  2.445000E+03 -3.288753E+00
  2.445500E+03 -2.438494E+00
  2.446000E+03 -1.318463E+00
  2.446500E+03 -4.871144E-02
  2.447000E+03  1.227071E+00
  2.447500E+03  2.363529E+00
  2.448000E+03  3.238359E+00
  2.448500E+03  3.774533E+00
  2.449000E+03  3.954281E+00
  2.449500E+03  3.820502E+00
  2.450000E+03  3.464305E+00
  2.450500E+03  3.001298E+00
  2.451000E+03  2.542584E+00
  2.451500E+03  2.168197E+00
  2.452000E+03  1.910060E+00
  2.452500E+03  1.748773E+00
  2.453000E+03  1.624466E+00
  2.453500E+03  1.457918E+00
  2.454000E+03  1.175484E+00
  2.454500E+03  7.307844E-01
  2.455000E+03  1.176452E-01
  2.455500E+03 -6.282054E-01
  2.456000E+03 -1.437833E+00
  2.456500E+03 -2.224653E+00
  2.457000E+03 -2.902086E+00
  2.457500E+03 -3.398842E+00
  2.458000E+03 -3.668899E+00
  2.458500E+03 -3.695230E+00
  2.459000E+03 -3.488110E+00
  2.459500E+03 -3.079929E+00
  2.460000E+03 -2.518611E+00
  2.460500E+03 -1.861220E+00
  2.461000E+03 -1.168486E+00
  2.461500E+03 -5.001507E-01
  2.462000E+03  8.941201E-02
  2.462500E+03  5.558416E-01
  2.463000E+03  8.697907E-01
  2.463500E+03  1.021698E+00
  2.464000E+03  1.025105E+00
  2.464500E+03  9.169738E-01
  2.465000E+03  7.536381E-01
  2.465500E+03  6.018876E-01
  2.466000E+03  5.259688E-01
  2.466500E+03  5.728275E-01
  2.467000E+03  7.591119E-01
  2.467500E+03  1.063830E+00
  2.468000E+03  1.429734E+00
  2.468500E+03  1.774452E+00
  2.469000E+03  2.009587E+00
  2.469500E+03  2.063194E+00
  2.470000E+03  1.899364E+00
  2.470500E+03  1.528753E+00
  2.471000E+03  1.006122E+00
  2.471500E+03  4.148531E-01
  2.472000E+03 -1.572972E-01
  2.472500E+03 -6.436679E-01
  2.473000E+03 -1.016897E+00
  2.473500E+03 -1.293368E+00
  2.474000E+03 -1.521841E+00
  2.474500E+03 -1.759716E+00
  2.475000E+03 -2.044995E+00
  2.475500E+03 -2.373994E+00
  2.476000E+03 -2.693347E+00
  2.476500E+03 -2.910180E+00
  2.477000E+03 -2.918011E+00
  2.477500E+03 -2.630321E+00
  2.478000E+03 -2.010716E+00
  2.478500E+03 -1.089508E+00
  2.479000E+03  3.899804E-02
  2.479500E+03  1.237708E+00
  2.480000E+03  2.359417E+00
  2.480500E+03  3.280328E+00
  2.481000E+03  3.923948E+00
  2.481500E+03  4.268793E+00
  2.482000E+03  4.339388E+00
  2.482500E+03  4.185903E+00
  2.483000E+03  3.861341E+00
  2.483500E+03  3.405074E+00
  2.484000E+03  2.838101E+00
  2.484500E+03  2.169977E+00
  2.485000E+03  1.412386E+00
  2.485500E+03  5.916409E-01
  2.486000E+03 -2.468206E-01
  2.486500E+03 -1.045052E+00
  2.487000E+03 -1.748228E+00
  2.487500E+03 -2.322737E+00
  2.488000E+03 -2.768482E+00
  2.488500E+03 -3.118925E+00
  2.489000E+03 -3.427138E+00
  2.489500E+03 -3.741899E+00
  2.490000E+03 -4.082412E+00
  2.490500E+03 -4.421620E+00
  2.491000E+03 -4.685588E+00
  2.491500E+03 -4.770873E+00
  2.492000E+03 -4.575170E+00
  2.492500E+03 -4.031306E+00
  2.493000E+03 -3.132888E+00
  2.493500E+03 -1.942383E+00
  2.494000E+03 -5.782610E-01
  2.494500E+03  8.148969E-01
  2.495000E+03  2.103461E+00
  2.495500E+03  3.196545E+00
  2.496000E+03  4.061925E+00
  2.496500E+03  4.721097E+00
  2.497000E+03  5.225834E+00
  2.497500E+03  5.625173E+00
  2.498000E+03  5.935143E+00
  2.498500E+03  6.122581E+00
  2.499000E+03  6.109438E+00
  2.499500E+03  5.796761E+00
  2.500000E+03  5.100593E+00
  2.500500E+03  3.987741E+00
  2.501000E+03  2.499152E+00
  2.501500E+03  7.525973E-01
  2.502000E+03 -1.077018E+00
  2.502500E+03 -2.794193E+00
  2.503000E+03 -4.225486E+00
  2.503500E+03 -5.255793E+00
  2.504000E+03 -5.848051E+00
  2.504500E+03 -6.041510E+00
  2.505000E+03 -5.930372E+00
  2.505500E+03 -5.630274E+00
  2.506000E+03 -5.243247E+00
  2.506500E+03 -4.831409E+00
  2.507000E+03 -4.406253E+00
  2.507500E+03 -3.935184E+00
  2.508000E+03 -3.361681E+00
  2.508500E+03 -2.631751E+00
  2.509000E+03 -1.718162E+00
  2.509500E+03 -6.353983E-01
  2.510000E+03  5.583557E-01
  2.510500E+03  1.771761E+00
  2.511000E+03  2.899478E+00
  2.511500E+03  3.843995E+00
  2.512000E+03  4.534150E+00
  2.512500E+03  4.935982E+00
  2.513000E+03  5.054168E+00
  2.513500E+03  4.925049E+00
  2.514000E+03  4.604295E+00
  2.514500E+03  4.153193E+00
  2.515000E+03  3.627224E+00
  2.515500E+03  3.069285E+00
  2.516000E+03  2.508212E+00
  2.516500E+03  1.961544E+00
  2.517000E+03  1.440424E+00
  2.517500E+03  9.541949E-01
  2.518000E+03  5.127987E-01
  2.518500E+03  1.261635E-01
  2.519000E+03 -1.989142E-01
  2.519500E+03 -4.628302E-01
  2.520000E+03 -6.761269E-01
  2.520500E+03 -8.595689E-01
  2.521000E+03 -1.040535E+00
  2.521500E+03 -1.246271E+00
  2.522000E+03 -1.495807E+00
  2.522500E+03 -1.793104E+00
  2.523000E+03 -2.123842E+00
  2.523500E+03 -2.457284E+00
  2.524000E+03 -2.753054E+00
  2.524500E+03 -2.970976E+00
  2.525000E+03 -3.081000E+00
  2.525500E+03 -3.070052E+00
  2.526000E+03 -2.943602E+00
  2.526500E+03 -2.721496E+00
  2.527000E+03 -2.429623E+00
  2.527500E+03 -2.090505E+00
  2.528000E+03 -1.716379E+00
  2.528500E+03 -1.307480E+00
  2.529000E+03 -8.563886E-01
  2.529500E+03 -3.570148E-01
  2.530000E+03  1.851118E-01
  2.530500E+03  7.452899E-01
  2.531000E+03  1.278225E+00
  2.531500E+03  1.724170E+00
  2.532000E+03  2.021495E+00
  2.532500E+03  2.122222E+00
  2.533000E+03  2.005833E+00
  2.533500E+03  1.686917E+00
  2.534000E+03  1.213992E+00
  2.534500E+03  6.595303E-01
  2.535000E+03  1.039312E-01
  2.535500E+03 -3.818659E-01
  2.536000E+03 -7.500232E-01
  2.536500E+03 -9.817476E-01
  2.537000E+03 -1.084036E+00
  2.537500E+03 -1.078675E+00
  2.538000E+03 -9.874773E-01
  2.538500E+03 -8.190777E-01
  2.539000E+03 -5.622183E-01
  2.539500E+03 -1.885086E-01
  2.540000E+03  3.354423E-01
  2.540500E+03  1.029857E+00
  2.541000E+03  1.883344E+00
  2.541500E+03  2.840700E+00
  2.542000E+03  3.802262E+00
  2.542500E+03  4.636992E+00
  2.543000E+03  5.207456E+00
  2.543500E+03  5.400873E+00
  2.544000E+03  5.157946E+00
  2.544500E+03  4.490984E+00
  2.545000E+03  3.485284E+00
  2.545500E+03  2.282235E+00
  2.546000E+03  1.047923E+00
  2.546500E+03 -6.453794E-02
  2.547000E+03 -9.485227E-01
  2.547500E+03 -1.563858E+00
  2.548000E+03 -1.937773E+00
  2.548500E+03 -2.147181E+00
  2.549000E+03 -2.288391E+00
  2.549500E+03 -2.444181E+00
  2.550000E+03 -2.658740E+00
  2.550500E+03 -2.928090E+00
  2.551000E+03 -3.208153E+00
  2.551500E+03 -3.436554E+00
  2.552000E+03 -3.559624E+00
  2.552500E+03 -3.554474E+00
  2.553000E+03 -3.438105E+00
  2.553500E+03 -3.260369E+00
  2.554000E+03 -3.083580E+00
  2.554500E+03 -2.956453E+00
  2.555000E+03 -2.892169E+00
  2.555500E+03 -2.858887E+00
  2.556000E+03 -2.786711E+00
  2.556500E+03 -2.589352E+00
  2.557000E+03 -2.193690E+00
  2.557500E+03 -1.567735E+00
  2.558000E+03 -7.379996E-01
  2.558500E+03  2.093732E-01
  2.559000E+03  1.144398E+00
  2.559500E+03  1.921752E+00
  2.560000E+03  2.414430E+00
  2.560500E+03  2.544015E+00
  2.561000E+03  2.300351E+00
  2.561500E+03  1.746401E+00
  2.562000E+03  1.007607E+00
  2.562500E+03  2.483460E-01
  2.563000E+03 -3.596373E-01
  2.563500E+03 -6.706674E-01
  2.564000E+03 -5.941059E-01
  2.564500E+03 -1.131750E-01
  2.565000E+03  7.104978E-01
  2.565500E+03  1.748373E+00
  2.566000E+03  2.831179E+00
  2.566500E+03  3.785022E+00
  2.567000E+03  4.469709E+00
  2.567500E+03  4.810095E+00
  2.568000E+03  4.812034E+00
  2.568500E+03  4.557854E+00
  2.569000E+03  4.181564E+00
  2.569500E+03  3.829825E+00
  2.570000E+03  3.619260E+00
  2.570500E+03  3.602292E+00
  2.571000E+03  3.751534E+00
  2.571500E+03  3.967375E+00
  2.572000E+03  4.106339E+00
  2.572500E+03  4.021445E+00
  2.573000E+03  3.602238E+00
  2.573500E+03  2.802736E+00
  2.574000E+03  1.649818E+00
  2.574500E+03  2.312467E-01
  2.575000E+03 -1.331012E+00
  2.575500E+03 -2.912349E+00
  2.576000E+03 -4.411619E+00
  2.576500E+03 -5.764548E+00
  2.577000E+03 -6.942450E+00
  2.577500E+03 -7.939602E+00
  2.578000E+03 -8.756096E+00
  2.578500E+03 -9.383518E+00
  2.579000E+03 -9.798489E+00
  2.579500E+03 -9.965328E+00
  2.580000E+03 -9.845338E+00
  2.580500E+03 -9.408197E+00
  2.581000E+03 -8.641011E+00
  2.581500E+03 -7.552517E+00
  2.582000E+03 -6.172503E+00
  2.582500E+03 -4.548445E+00
  2.583000E+03 -2.741845E+00
  2.583500E+03 -8.256877E-01
  2.584000E+03  1.117303E+00
  2.584500E+03  2.997402E+00
  2.585000E+03  4.723554E+00
  2.585500E+03  6.212688E+00
  2.586000E+03  7.401167E+00
  2.586500E+03  8.254971E+00
  2.587000E+03  8.774560E+00
  2.587500E+03  8.991620E+00
  2.588000E+03  8.957669E+00
  2.588500E+03  8.727728E+00
  2.589000E+03  8.344515E+00
  2.589500E+03  7.828804E+00
  2.590000E+03  7.179495E+00
  2.590500E+03  6.383227E+00
  2.591000E+03  5.429617E+00
  2.591500E+03  4.325889E+00
  2.592000E+03  3.104849E+00
  2.592500E+03  1.822831E+00
  2.593000E+03  5.483416E-01
  2.593500E+03 -6.540752E-01
  2.594000E+03 -1.738216E+00
  2.594500E+03 -2.683059E+00
  2.595000E+03 -3.489428E+00
  2.595500E+03 -4.168123E+00
  2.596000E+03 -4.724814E+00
  2.596500E+03 -5.148460E+00
  2.597000E+03 -5.408713E+00
  2.597500E+03 -5.464177E+00
  2.598000E+03 -5.278923E+00
  2.598500E+03 -4.841197E+00
  2.599000E+03 -4.177053E+00
  2.599500E+03 -3.353299E+00
  2.600000E+03 -2.467836E+00
  2.600500E+03 -1.629947E+00
  2.601000E+03 -9.364687E-01
  2.601500E+03 -4.510112E-01
  2.602000E+03 -1.920749E-01
  2.602500E+03 -1.327340E-01
  2.603000E+03 -2.108269E-01
  2.603500E+03 -3.456774E-01
  2.604000E+03 -4.561991E-01
  2.604500E+03 -4.759476E-01
  2.605000E+03 -3.626626E-01
  2.605500E+03 -1.020843E-01
  2.606000E+03  2.926250E-01
  2.606500E+03  7.841372E-01
  2.607000E+03  1.315805E+00
  2.607500E+03  1.818019E+00
  2.608000E+03  2.216629E+00
  2.608500E+03  2.443720E+00
  2.609000E+03  2.449920E+00
  2.609500E+03  2.215966E+00
  2.610000E+03  1.760254E+00
  2.610500E+03  1.139265E+00
  2.611000E+03  4.392478E-01
  2.611500E+03 -2.399284E-01
  2.612000E+03 -8.052521E-01
  2.612500E+03 -1.190084E+00
  2.613000E+03 -1.367308E+00
  2.613500E+03 -1.352361E+00
  2.614000E+03 -1.195354E+00
  2.614500E+03 -9.647541E-01
  2.615000E+03 -7.276156E-01
  2.615500E+03 -5.321670E-01
  2.616000E+03 -3.975745E-01
  2.616500E+03 -3.131906E-01
  2.617000E+03 -2.465294E-01
  2.617500E+03 -1.566119E-01
  2.618000E+03 -8.025610E-03
  2.618500E+03  2.186280E-01
  2.619000E+03  5.225210E-01
  2.619500E+03  8.848776E-01
  2.620000E+03  1.275840E+00
  2.620500E+03  1.662804E+00
  2.621000E+03  2.017137E+00
  2.621500E+03  2.317365E+00
  2.622000E+03  2.548600E+00
  2.622500E+03  2.699597E+00
  2.623000E+03  2.759615E+00
  2.623500E+03  2.717120E+00
  2.624000E+03  2.561283E+00
  2.624500E+03  2.285759E+00
  2.625000E+03  1.893005E+00
  2.625500E+03  1.396865E+00
  2.626000E+03  8.216939E-01
  2.626500E+03  1.975872E-01
  2.627000E+03 -4.469964E-01
  2.627500E+03 -1.092610E+00
  2.628000E+03 -1.733098E+00
  2.628500E+03 -2.374435E+00
  2.629000E+03 -3.027526E+00
  2.629500E+03 -3.696634E+00
  2.630000E+03 -4.367032E+00
  2.630500E+03 -4.996396E+00
  2.631000E+03 -5.513875E+00
  2.631500E+03 -5.828783E+00
  2.632000E+03 -5.847956E+00
  2.632500E+03 -5.497955E+00
  2.633000E+03 -4.746325E+00
  2.633500E+03 -3.615856E+00
  2.634000E+03 -2.187270E+00
  2.634500E+03 -5.887523E-01
  2.635000E+03  1.025719E+00
  2.635500E+03  2.504197E+00
  2.636000E+03  3.723976E+00
  2.636500E+03  4.611567E+00
  2.637000E+03  5.150794E+00
  2.637500E+03  5.377552E+00
  2.638000E+03  5.363245E+00
  2.638500E+03  5.191742E+00
  2.639000E+03  4.936078E+00
  2.639500E+03  4.640843E+00
  2.640000E+03  4.314348E+00
  2.640500E+03  3.931937E+00
  2.641000E+03  3.448793E+00
  2.641500E+03  2.818316E+00
  2.642000E+03  2.010881E+00
  2.642500E+03  1.028006E+00
  2.643000E+03 -9.166026E-02
  2.643500E+03 -1.275825E+00
  2.644000E+03 -2.430373E+00
  2.644500E+03 -3.456280E+00
  2.645000E+03 -4.267267E+00
  2.645500E+03 -4.803860E+00
  2.646000E+03 -5.040775E+00
  2.646500E+03 -4.986496E+00
  2.647000E+03 -4.676158E+00
  2.647500E+03 -4.160558E+00
  2.648000E+03 -3.494933E+00
  2.648500E+03 -2.730690E+00
  2.649000E+03 -1.911871E+00
  2.649500E+03 -1.076163E+00
  2.650000E+03 -2.585529E-01
  2.650500E+03  5.051808E-01
  2.651000E+03  1.177659E+00
  2.651500E+03  1.722963E+00
  2.652000E+03  2.112867E+00
  2.652500E+03  2.333914E+00
  2.653000E+03  2.392284E+00
  2.653500E+03  2.313958E+00
  2.654000E+03  2.139322E+00
  2.654500E+03  1.913534E+00
  2.655000E+03  1.675677E+00
  2.655500E+03  1.450434E+00
  2.656000E+03  1.245185E+00
  2.656500E+03  1.053501E+00
  2.657000E+03  8.635527E-01
  2.657500E+03  6.680724E-01
  2.658000E+03  4.718458E-01
  2.658500E+03  2.936121E-01
  2.659000E+03  1.613890E-01
  2.659500E+03  1.027579E-01
  2.660000E+03  1.335993E-01
  2.660500E+03  2.493977E-01
  2.661000E+03  4.223111E-01
  2.661500E+03  6.051378E-01
  2.662000E+03  7.409126E-01
  2.662500E+03  7.750748E-01
  2.663000E+03  6.665940E-01
  2.663500E+03  3.952324E-01
  2.664000E+03 -3.618284E-02
  2.664500E+03 -6.037756E-01
  2.665000E+03 -1.267035E+00
  2.665500E+03 -1.973594E+00
  2.666000E+03 -2.663193E+00
  2.666500E+03 -3.270891E+00
  2.667000E+03 -3.730651E+00
  2.667500E+03 -3.980589E+00
  2.668000E+03 -3.970445E+00
  2.668500E+03 -3.670449E+00
  2.669000E+03 -3.079441E+00
  2.669500E+03 -2.229509E+00
  2.670000E+03 -1.184905E+00
  2.670500E+03 -3.451848E-02
  2.671000E+03  1.120809E+00
  2.671500E+03  2.183242E+00
  2.672000E+03  3.071547E+00
  2.672500E+03  3.730289E+00
  2.673000E+03  4.133105E+00
  2.673500E+03  4.280448E+00
  2.674000E+03  4.193683E+00
  2.674500E+03  3.908007E+00
  2.675000E+03  3.466172E+00
  2.675500E+03  2.913857E+00
  2.676000E+03  2.296302E+00
  2.676500E+03  1.655182E+00
  2.677000E+03  1.024919E+00
  2.677500E+03  4.285693E-01
  2.678000E+03 -1.254639E-01
  2.678500E+03 -6.439705E-01
  2.679000E+03 -1.145128E+00
  2.679500E+03 -1.650060E+00
  2.680000E+03 -2.171349E+00
  2.680500E+03 -2.701817E+00
  2.681000E+03 -3.207580E+00
  2.681500E+03 -3.628715E+00
  2.682000E+03 -3.888806E+00
  2.682500E+03 -3.911841E+00
  2.683000E+03 -3.642361E+00
  2.683500E+03 -3.063308E+00
  2.684000E+03 -2.206274E+00
  2.684500E+03 -1.150770E+00
  2.685000E+03 -1.217340E-02
  2.685500E+03  1.078864E+00
  2.686000E+03  2.000431E+00
  2.686500E+03  2.660903E+00
  2.687000E+03  3.013039E+00
  2.687500E+03  3.057867E+00
  2.688000E+03  2.838407E+00
  2.688500E+03  2.425844E+00
  2.689000E+03  1.902317E+00
  2.689500E+03  1.344796E+00
  2.690000E+03  8.135498E-01
  2.690500E+03  3.469681E-01
  2.691000E+03 -3.747531E-02
  2.691500E+03 -3.379423E-01
  2.692000E+03 -5.612887E-01
  2.692500E+03 -7.170392E-01
  2.693000E+03 -8.139940E-01
  2.693500E+03 -8.598866E-01
  2.694000E+03 -8.632209E-01
  2.694500E+03 -8.355698E-01
  2.695000E+03 -7.924720E-01
  2.695500E+03 -7.516871E-01
  2.696000E+03 -7.287327E-01
  2.696500E+03 -7.309404E-01
  2.697000E+03 -7.522343E-01
  2.697500E+03 -7.710519E-01
  2.698000E+03 -7.531216E-01
  2.698500E+03 -6.593272E-01
  2.699000E+03 -4.570871E-01
  2.699500E+03 -1.321634E-01
  2.700000E+03  3.028085E-01
  2.700500E+03  8.062114E-01
  2.701000E+03  1.313207E+00
  2.701500E+03  1.748487E+00
  2.702000E+03  2.042924E+00
  2.702500E+03  2.149669E+00
  2.703000E+03  2.055242E+00
  2.703500E+03  1.782507E+00
  2.704000E+03  1.384770E+00
  2.704500E+03  9.327045E-01
  2.705000E+03  4.977895E-01
  2.705500E+03  1.366359E-01
  2.706000E+03 -1.199222E-01
  2.706500E+03 -2.707006E-01
  2.707000E+03 -3.407310E-01
  2.707500E+03 -3.720535E-01
  2.708000E+03 -4.114027E-01
  2.708500E+03 -4.977558E-01
  2.709000E+03 -6.523296E-01
  2.709500E+03 -8.728527E-01
  2.710000E+03 -1.133091E+00
  2.710500E+03 -1.387804E+00
  2.711000E+03 -1.582558E+00
  2.711500E+03 -1.666949E+00
  2.712000E+03 -1.608912E+00
  2.712500E+03 -1.406896E+00
  2.713000E+03 -1.096373E+00
  2.713500E+03 -7.476245E-01
  2.714000E+03 -4.534346E-01
  2.714500E+03 -3.079467E-01
  2.715000E+03 -3.809192E-01
  2.715500E+03 -6.939657E-01
  2.716000E+03 -1.206068E+00
  2.716500E+03 -1.814110E+00
  2.717000E+03 -2.370488E+00
  2.717500E+03 -2.714935E+00
  2.718000E+03 -2.713011E+00
  2.718500E+03 -2.290964E+00
  2.719000E+03 -1.456879E+00
  2.719500E+03 -3.014675E-01
  2.720000E+03  1.022334E+00
  2.720500E+03  2.335508E+00
  2.721000E+03  3.474549E+00
  2.721500E+03  4.326521E+00
  2.722000E+03  4.847737E+00
  2.722500E+03  5.061445E+00
  2.723000E+03  5.036577E+00
  2.723500E+03  4.855568E+00
  2.724000E+03  4.582357E+00
  2.724500E+03  4.241138E+00
  2.725000E+03  3.812350E+00
  2.725500E+03  3.246324E+00
  2.726000E+03  2.489030E+00
  2.726500E+03  1.510483E+00
  2.727000E+03  3.258608E-01
  2.727500E+03 -9.977552E-01
  2.728000E+03 -2.351036E+00
  2.728500E+03 -3.604942E+00
  2.729000E+03 -4.638649E+00
  2.729500E+03 -5.364136E+00
  2.730000E+03 -5.740456E+00
  2.730500E+03 -5.774669E+00
  2.731000E+03 -5.510959E+00
  2.731500E+03 -5.013046E+00
  2.732000E+03 -4.346407E+00
  2.732500E+03 -3.565807E+00
  2.733000E+03 -2.710817E+00
  2.733500E+03 -1.808601E+00
  2.734000E+03 -8.806753E-01
  2.734500E+03  5.059649E-02
  2.735000E+03  9.590089E-01
  2.735500E+03  1.816029E+00
  2.736000E+03  2.595356E+00
  2.736500E+03  3.277486E+00
  2.737000E+03  3.851256E+00
  2.737500E+03  4.310833E+00
  2.738000E+03  4.649004E+00
  2.738500E+03  4.849759E+00
  2.739000E+03  4.884074E+00
  2.739500E+03  4.712039E+00
  2.740000E+03  4.292189E+00
  2.740500E+03  3.595971E+00
  2.741000E+03  2.622867E+00
  2.741500E+03  1.410805E+00
  2.742000E+03  3.756990E-02
  2.742500E+03 -1.388369E+00
  2.743000E+03 -2.745707E+00
  2.743500E+03 -3.922047E+00
  2.744000E+03 -4.833409E+00
  2.744500E+03 -5.436137E+00
  2.745000E+03 -5.728372E+00
  2.745500E+03 -5.741620E+00
  2.746000E+03 -5.525982E+00
  2.746500E+03 -5.134221E+00
  2.747000E+03 -4.609557E+00
  2.747500E+03 -3.980193E+00
  2.748000E+03 -3.260856E+00
  2.748500E+03 -2.459154E+00
  2.749000E+03 -1.583265E+00
  2.749500E+03 -6.476249E-01
  2.750000E+03  3.252679E-01
  2.750500E+03  1.306862E+00
  2.751000E+03  2.266677E+00
  2.751500E+03  3.176193E+00
  2.752000E+03  4.010679E+00
  2.752500E+03  4.748387E+00
  2.753000E+03  5.368007E+00
  2.753500E+03  5.846175E+00
  2.754000E+03  6.156807E+00
  2.754500E+03  6.273181E+00
  2.755000E+03  6.172413E+00
  2.755500E+03  5.840882E+00
  2.756000E+03  5.278759E+00
  2.756500E+03  4.502220E+00
  2.757000E+03  3.542877E+00
  2.757500E+03  2.445024E+00
  2.758000E+03  1.261902E+00
  2.758500E+03  5.207302E-02
  2.759000E+03 -1.123641E+00
  2.759500E+03 -2.205067E+00
  2.760000E+03 -3.136309E+00
  2.760500E+03 -3.870743E+00
  2.761000E+03 -4.377165E+00
  2.761500E+03 -4.645688E+00
  2.762000E+03 -4.691204E+00
  2.762500E+03 -4.552275E+00
  2.763000E+03 -4.284458E+00
  2.763500E+03 -3.948900E+00
  2.764000E+03 -3.598956E+00
  2.764500E+03 -3.268721E+00
  2.765000E+03 -2.967141E+00
  2.765500E+03 -2.679783E+00
  2.766000E+03 -2.377848E+00
  2.766500E+03 -2.031548E+00
  2.767000E+03 -1.623439E+00
  2.767500E+03 -1.157366E+00
  2.768000E+03 -6.602378E-01
  2.768500E+03 -1.763364E-01
  2.769000E+03  2.436120E-01
  2.769500E+03  5.548975E-01
  2.770000E+03  7.290160E-01
  2.770500E+03  7.590894E-01
  2.771000E+03  6.600276E-01
  2.771500E+03  4.647857E-01
  2.772000E+03  2.189899E-01
  2.772500E+03 -2.407609E-02
  2.773000E+03 -2.073401E-01
  2.773500E+03 -2.733078E-01
  2.774000E+03 -1.684294E-01
  2.774500E+03  1.502364E-01
  2.775000E+03  7.060172E-01
  2.775500E+03  1.492974E+00
  2.776000E+03  2.468678E+00
  2.776500E+03  3.552789E+00
  2.777000E+03  4.633637E+00
  2.777500E+03  5.582787E+00
  2.778000E+03  6.274923E+00
  2.778500E+03  6.608514E+00
  2.779000E+03  6.522191E+00
  2.779500E+03  6.003040E+00
  2.780000E+03  5.085421E+00
  2.780500E+03  3.841791E+00
  2.781000E+03  2.369107E+00
  2.781500E+03  7.750691E-01
  2.782000E+03 -8.324562E-01
  2.782500E+03 -2.351617E+00
  2.783000E+03 -3.689395E+00
  2.783500E+03 -4.763657E+00
  2.784000E+03 -5.507118E+00
  2.784500E+03 -5.874537E+00
  2.785000E+03 -5.852206E+00
  2.785500E+03 -5.466633E+00
  2.786000E+03 -4.788215E+00
  2.786500E+03 -3.926293E+00
  2.787000E+03 -3.014212E+00
  2.787500E+03 -2.186230E+00
  2.788000E+03 -1.551198E+00
  2.788500E+03 -1.169734E+00
  2.789000E+03 -1.041459E+00
  2.789500E+03 -1.106482E+00
  2.790000E+03 -1.261527E+00
  2.790500E+03 -1.386857E+00
  2.791000E+03 -1.376911E+00
  2.791500E+03 -1.166328E+00
  2.792000E+03 -7.442587E-01
  2.792500E+03 -1.532776E-01
  2.793000E+03  5.262438E-01
  2.793500E+03  1.201137E+00
  2.794000E+03  1.791918E+00
  2.794500E+03  2.252606E+00
  2.795000E+03  2.578082E+00
  2.795500E+03  2.797327E+00
  2.796000E+03  2.955582E+00
  2.796500E+03  3.092079E+00
  2.797000E+03  3.221365E+00
  2.797500E+03  3.324900E+00
  2.798000E+03  3.355873E+00
  2.798500E+03  3.255558E+00
  2.799000E+03  2.975319E+00
  2.799500E+03  2.496395E+00
  2.800000E+03  1.840313E+00
  2.800500E+03  1.066128E+00
  2.801000E+03  2.554296E-01
  2.801500E+03 -5.095635E-01
  2.802000E+03 -1.167044E+00
  2.802500E+03 -1.688430E+00
  2.803000E+03 -2.078749E+00
  2.803500E+03 -2.365096E+00
  2.804000E+03 -2.578165E+00
  2.804500E+03 -2.734430E+00
  2.805000E+03 -2.826207E+00
  2.805500E+03 -2.823704E+00
  2.806000E+03 -2.688442E+00
  2.806500E+03 -2.392902E+00
  2.807000E+03 -1.938692E+00
  2.807500E+03 -1.365863E+00
  2.808000E+03 -7.491469E-01
  2.808500E+03 -1.815874E-01
  2.809000E+03  2.494201E-01
  2.809500E+03  4.860108E-01
  2.810000E+03  5.160759E-01
  2.810500E+03  3.769655E-01
  2.811000E+03  1.459996E-01
  2.811500E+03 -7.878666E-02
  2.812000E+03 -2.016819E-01
  2.812500E+03 -1.498410E-01
  2.813000E+03  1.132006E-01
  2.813500E+03  5.827324E-01
  2.814000E+03  1.215801E+00
  2.814500E+03  1.939319E+00
  2.815000E+03  2.660704E+00
  2.815500E+03  3.279350E+00
  2.816000E+03  3.698436E+00
  2.816500E+03  3.837151E+00
  2.817000E+03  3.643006E+00
  2.817500E+03  3.102755E+00
  2.818000E+03  2.249275E+00
  2.818500E+03  1.161424E+00
  2.819000E+03 -4.505943E-02
  2.819500E+03 -1.235244E+00
  2.820000E+03 -2.278139E+00
  2.820500E+03 -3.069984E+00
  2.821000E+03 -3.551782E+00
  2.821500E+03 -3.716615E+00
  2.822000E+03 -3.605141E+00
  2.822500E+03 -3.291206E+00
  2.823000E+03 -2.862162E+00
  2.823500E+03 -2.399546E+00
  2.824000E+03 -1.964828E+00
  2.824500E+03 -1.592630E+00
  2.825000E+03 -1.291101E+00
  2.825500E+03 -1.047125E+00
  2.826000E+03 -8.334897E-01
  2.826500E+03 -6.158324E-01
  2.827000E+03 -3.586674E-01
  2.827500E+03 -3.099591E-02
  2.828000E+03  3.877204E-01
  2.828500E+03  9.012408E-01
  2.829000E+03  1.491274E+00
  2.829500E+03  2.115688E+00
  2.830000E+03  2.712532E+00
  2.830500E+03  3.210634E+00
  2.831000E+03  3.545020E+00
  2.831500E+03  3.672922E+00
  2.832000E+03  3.585007E+00
  2.832500E+03  3.307355E+00
  2.833000E+03  2.892682E+00
  2.833500E+03  2.403253E+00
  2.834000E+03  1.891353E+00
  2.834500E+03  1.384556E+00
  2.835000E+03  8.815976E-01
  2.835500E+03  3.607059E-01
  2.836000E+03 -2.026541E-01
  2.836500E+03 -8.157571E-01
  2.837000E+03 -1.454833E+00
  2.837500E+03 -2.064093E+00
  2.838000E+03 -2.569396E+00
  2.838500E+03 -2.902592E+00
  2.839000E+03 -3.027979E+00
  2.839500E+03 -2.960751E+00
  2.840000E+03 -2.769547E+00
  2.840500E+03 -2.560544E+00
  2.841000E+03 -2.447029E+00
  2.841500E+03 -2.513734E+00
  2.842000E+03 -2.787399E+00
  2.842500E+03 -3.223264E+00
  2.843000E+03 -3.712148E+00
  2.843500E+03 -4.106185E+00
  2.844000E+03 -4.255558E+00
  2.844500E+03 -4.045440E+00
  2.845000E+03 -3.422925E+00
  2.845500E+03 -2.407358E+00
  2.846000E+03 -1.082849E+00
  2.846500E+03  4.230456E-01
  2.847000E+03  1.967214E+00
  2.847500E+03  3.417469E+00
  2.848000E+03  4.671463E+00
  2.848500E+03  5.665170E+00
  2.849000E+03  6.371499E+00
  2.849500E+03  6.792141E+00
  2.850000E+03  6.946651E+00
  2.850500E+03  6.862349E+00
  2.851000E+03  6.567169E+00
  2.851500E+03  6.086135E+00
  2.852000E+03  5.440941E+00
  2.852500E+03  4.651643E+00
  2.853000E+03  3.739439E+00
  2.853500E+03  2.729693E+00
  2.854000E+03  1.654501E+00
  2.854500E+03  5.540743E-01
  2.855000E+03 -5.238030E-01
  2.855500E+03 -1.526833E+00
  2.856000E+03 -2.403853E+00
  2.856500E+03 -3.112360E+00
  2.857000E+03 -3.626323E+00
  2.857500E+03 -3.942184E+00
  2.858000E+03 -4.080984E+00
  2.858500E+03 -4.085395E+00
  2.859000E+03 -4.011715E+00
  2.859500E+03 -3.918371E+00
  2.860000E+03 -3.853546E+00
  2.860500E+03 -3.844937E+00
  2.861000E+03 -3.894127E+00
  2.861500E+03 -3.976915E+00
  2.862000E+03 -4.049407E+00
  2.862500E+03 -4.058318E+00
  2.863000E+03 -3.953045E+00
  2.863500E+03 -3.696819E+00
  2.864000E+03 -3.274625E+00
  2.864500E+03 -2.696427E+00
  2.865000E+03 -1.995233E+00
  2.865500E+03 -1.220579E+00
  2.866000E+03 -4.288776E-01
  2.866500E+03  3.273374E-01
  2.867000E+03  1.008958E+00
  2.867500E+03  1.596487E+00
  2.868000E+03  2.091319E+00
  2.868500E+03  2.511612E+00
  2.869000E+03  2.883578E+00
  2.869500E+03  3.230288E+00
  2.870000E+03  3.561034E+00
  2.870500E+03  3.864433E+00
  2.871000E+03  4.107706E+00
  2.871500E+03  4.242998E+00
  2.872000E+03  4.219566E+00
  2.872500E+03  3.998816E+00
  2.873000E+03  3.568029E+00
  2.873500E+03  2.948681E+00
  2.874000E+03  2.196579E+00
  2.874500E+03  1.393237E+00
  2.875000E+03  6.304172E-01
  2.875500E+03 -8.233592E-03
  2.876000E+03 -4.636629E-01
  2.876500E+03 -7.117084E-01
  2.877000E+03 -7.647116E-01
  2.877500E+03 -6.644260E-01
  2.878000E+03 -4.686371E-01
  2.878500E+03 -2.355620E-01
  2.879000E+03 -1.048667E-02
  2.879500E+03  1.818579E-01
  2.880000E+03  3.376320E-01
  2.880500E+03  4.677075E-01
  2.881000E+03  5.876869E-01
  2.881500E+03  7.078137E-01
  2.882000E+03  8.262035E-01
  2.882500E+03  9.274528E-01
  2.883000E+03  9.866893E-01
  2.883500E+03  9.772024E-01
  2.884000E+03  8.785887E-01
  2.884500E+03  6.822811E-01
  2.885000E+03  3.924226E-01
  2.885500E+03  2.190995E-02
  2.886000E+03 -4.145961E-01
  2.886500E+03 -9.075623E-01
  2.887000E+03 -1.456079E+00
  2.887500E+03 -2.065808E+00
  2.888000E+03 -2.741341E+00
  2.888500E+03 -3.475288E+00
  2.889000E+03 -4.238124E+00
  2.889500E+03 -4.973224E+00
  2.890000E+03 -5.600242E+00
  2.890500E+03 -6.027464E+00
  2.891000E+03 -6.170675E+00
  2.891500E+03 -5.973581E+00
  2.892000E+03 -5.423781E+00
  2.892500E+03 -4.559230E+00
  2.893000E+03 -3.462783E+00
  2.893500E+03 -2.246004E+00
  2.894000E+03 -1.026698E+00
  2.894500E+03  9.347444E-02
  2.895000E+03  1.045193E+00
  2.895500E+03  1.797589E+00
  2.896000E+03  2.353842E+00
  2.896500E+03  2.739302E+00
  2.897000E+03  2.987365E+00
  2.897500E+03  3.128545E+00
  2.898000E+03  3.186299E+00
  2.898500E+03  3.180031E+00
  2.899000E+03  3.132469E+00
  2.899500E+03  3.076611E+00
  2.900000E+03  3.057464E+00
  2.900500E+03  3.125895E+00
  2.901000E+03  3.325287E+00
  2.901500E+03  3.675093E+00
  2.902000E+03  4.157373E+00
  2.902500E+03  4.712180E+00
  2.903000E+03  5.245147E+00
  2.903500E+03  5.646541E+00
  2.904000E+03  5.816968E+00
  2.904500E+03  5.692150E+00
  2.905000E+03  5.258994E+00
  2.905500E+03  4.557600E+00
  2.906000E+03  3.668265E+00
  2.906500E+03  2.687412E+00
  2.907000E+03  1.700120E+00
  2.907500E+03  7.580767E-01
  2.908000E+03 -1.298717E-01
  2.908500E+03 -9.916638E-01
  2.909000E+03 -1.872683E+00
  2.909500E+03 -2.809903E+00
  2.910000E+03 -3.808534E+00
  2.910500E+03 -4.829418E+00
  2.911000E+03 -5.791897E+00
  2.911500E+03 -6.591717E+00
  2.912000E+03 -7.128538E+00
  2.912500E+03 -7.334370E+00
  2.913000E+03 -7.193949E+00
  2.913500E+03 -6.750601E+00
  2.914000E+03 -6.095850E+00
  2.914500E+03 -5.346079E+00
  2.915000E+03 -4.613517E+00
  2.915500E+03 -3.980183E+00
  2.916000E+03 -3.482083E+00
  2.916500E+03 -3.107267E+00
  2.917000E+03 -2.806849E+00
  2.917500E+03 -2.514195E+00
  2.918000E+03 -2.165571E+00
  2.918500E+03 -1.716003E+00
  2.919000E+03 -1.146628E+00
  2.919500E+03 -4.632958E-01
  2.920000E+03  3.107603E-01
  2.920500E+03  1.143813E+00
  2.921000E+03  2.002109E+00
  2.921500E+03  2.851924E+00
  2.922000E+03  3.657840E+00
  2.922500E+03  4.379977E+00
  2.923000E+03  4.973524E+00
  2.923500E+03  5.392914E+00
  2.924000E+03  5.600685E+00
  2.924500E+03  5.578568E+00
  2.925000E+03  5.336703E+00
  2.925500E+03  4.916864E+00
  2.926000E+03  4.387292E+00
  2.926500E+03  3.829548E+00
  2.927000E+03  3.320697E+00
  2.927500E+03  2.915946E+00
  2.928000E+03  2.636949E+00
  2.928500E+03  2.469215E+00
  2.929000E+03  2.369171E+00
  2.929500E+03  2.278379E+00
  2.930000E+03  2.140355E+00
  2.930500E+03  1.914940E+00
  2.931000E+03  1.586415E+00
  2.931500E+03  1.163828E+00
  2.932000E+03  6.745371E-01
  2.932500E+03  1.538392E-01
  2.933000E+03 -3.658119E-01
  2.933500E+03 -8.630107E-01
  2.934000E+03 -1.331392E+00
  2.934500E+03 -1.779232E+00
  2.935000E+03 -2.225547E+00
  2.935500E+03 -2.693986E+00
  2.936000E+03 -3.205673E+00
  2.936500E+03 -3.771859E+00
  2.937000E+03 -4.387100E+00
  2.937500E+03 -5.023911E+00
  2.938000E+03 -5.630273E+00
  2.938500E+03 -6.131626E+00
  2.939000E+03 -6.438644E+00
  2.939500E+03 -6.460975E+00
  2.940000E+03 -6.125351E+00
  2.940500E+03 -5.394604E+00
  2.941000E+03 -4.282898E+00
  2.941500E+03 -2.862452E+00
  2.942000E+03 -1.258554E+00
  2.942500E+03  3.676153E-01
  2.943000E+03  1.845576E+00
  2.943500E+03  3.026038E+00
  2.944000E+03  3.808357E+00
  2.944500E+03  4.158472E+00
  2.945000E+03  4.113057E+00
  2.945500E+03  3.768963E+00
  2.946000E+03  3.260586E+00
  2.946500E+03  2.730593E+00
  2.947000E+03  2.300745E+00
  2.947500E+03  2.049175E+00
  2.948000E+03  1.998625E+00
  2.948500E+03  2.117351E+00
  2.949000E+03  2.331528E+00
  2.949500E+03  2.545542E+00
  2.950000E+03  2.665180E+00
  2.950500E+03  2.618522E+00
  2.951000E+03  2.370206E+00
  2.951500E+03  1.926500E+00
  2.952000E+03  1.330793E+00
  2.952500E+03  6.512047E-01
  2.953000E+03 -3.627838E-02
  2.953500E+03 -6.649175E-01
  2.954000E+03 -1.190519E+00
  2.954500E+03 -1.597950E+00
  2.955000E+03 -1.899736E+00
  2.955500E+03 -2.127638E+00
  2.956000E+03 -2.319858E+00
  2.956500E+03 -2.507529E+00
  2.957000E+03 -2.704087E+00
  2.957500E+03 -2.900148E+00
  2.958000E+03 -3.064866E+00
  2.958500E+03 -3.152969E+00
  2.959000E+03 -3.115293E+00
  2.959500E+03 -2.909992E+00
  2.960000E+03 -2.511786E+00
  2.960500E+03 -1.917476E+00
  2.961000E+03 -1.147092E+00
  2.961500E+03 -2.411082E-01
  2.962000E+03  7.451653E-01
  2.962500E+03  1.748649E+00
  2.963000E+03  2.705803E+00
  2.963500E+03  3.559248E+00
  2.964000E+03  4.263053E+00
  2.964500E+03  4.786256E+00
  2.965000E+03  5.114251E+00
  2.965500E+03  5.247887E+00
  2.966000E+03  5.200327E+00
  2.966500E+03  4.992153E+00
  2.967000E+03  4.645623E+00
  2.967500E+03  4.179285E+00
  2.968000E+03  3.604232E+00
  2.968500E+03  2.922930E+00
  2.969000E+03  2.131055E+00
  2.969500E+03  1.221990E+00
  2.970000E+03  1.930935E-01
  2.970500E+03 -9.476015E-01
  2.971000E+03 -2.175690E+00
  2.971500E+03 -3.447001E+00
  2.972000E+03 -4.697483E+00
  2.972500E+03 -5.846943E+00
  2.973000E+03 -6.806663E+00
  2.973500E+03 -7.490333E+00
  2.974000E+03 -7.826975E+00
  2.974500E+03 -7.773839E+00
  2.975000E+03 -7.326701E+00
  2.975500E+03 -6.524958E+00
  2.976000E+03 -5.449517E+00
  2.976500E+03 -4.212849E+00
  2.977000E+03 -2.942383E+00
  2.977500E+03 -1.760233E+00
  2.978000E+03 -7.634752E-01
  2.978500E+03 -9.307030E-03
  2.979000E+03  4.916987E-01
  2.979500E+03  7.731157E-01
  2.980000E+03  9.022331E-01
  2.980500E+03  9.648611E-01
  2.981000E+03  1.049356E+00
  2.981500E+03  1.233286E+00
  2.982000E+03  1.574563E+00
  2.982500E+03  2.106927E+00
  2.983000E+03  2.838242E+00
  2.983500E+03  3.749731E+00
  2.984000E+03  4.795119E+00
  2.984500E+03  5.900209E+00
  2.985000E+03  6.964855E+00
  2.985500E+03  7.869731E+00
  2.986000E+03  8.489408E+00
  2.986500E+03  8.711035E+00
  2.987000E+03  8.455409E+00
  2.987500E+03  7.695260E+00
  2.988000E+03  6.465311E+00
  2.988500E+03  4.860321E+00
  2.989000E+03  3.020543E+00
  2.989500E+03  1.107754E+00
  2.990000E+03 -7.221422E-01
  2.990500E+03 -2.342944E+00
  2.991000E+03 -3.672789E+00
  2.991500E+03 -4.677089E+00
  2.992000E+03 -5.361035E+00
  2.992500E+03 -5.755991E+00
  2.993000E+03 -5.905286E+00
  2.993500E+03 -5.854018E+00
  2.994000E+03 -5.644898E+00
  2.994500E+03 -5.319154E+00
  2.995000E+03 -4.919256E+00
  2.995500E+03 -4.489677E+00
  2.996000E+03 -4.073190E+00
  2.996500E+03 -3.702747E+00
  2.997000E+03 -3.391577E+00
  2.997500E+03 -3.125751E+00
  2.998000E+03 -2.863254E+00
  2.998500E+03 -2.541712E+00
  2.999000E+03 -2.093962E+00
  2.999500E+03 -1.467806E+00
  3.000000E+03 -6.445564E-01
  3.000500E+03  3.490145E-01
  3.001000E+03  1.439000E+00
  3.001500E+03  2.513874E+00
  3.002000E+03  3.443203E+00
  3.002500E+03  4.101377E+00
  3.003000E+03  4.391232E+00
  3.003500E+03  4.262774E+00
  3.004000E+03  3.723538E+00
  3.004500E+03  2.838883E+00
  3.005000E+03  1.722376E+00
  3.005500E+03  5.180108E-01
  3.006000E+03 -6.226917E-01
  3.006500E+03 -1.564781E+00
  3.007000E+03 -2.210786E+00
  3.007500E+03 -2.514312E+00
  3.008000E+03 -2.483339E+00
  3.008500E+03 -2.172234E+00
  3.009000E+03 -1.664200E+00
  3.009500E+03 -1.048523E+00
  3.010000E+03 -3.987380E-01
  3.010500E+03  2.419800E-01
  3.011000E+03  8.637906E-01
  3.011500E+03  1.480602E+00
  3.012000E+03  2.111159E+00
  3.012500E+03  2.757475E+00
  3.013000E+03  3.388635E+00
  3.013500E+03  3.936687E+00
  3.014000E+03  4.307472E+00
  3.014500E+03  4.404164E+00
  3.015000E+03  4.156559E+00
  3.015500E+03  3.546669E+00
  3.016000E+03  2.621803E+00
  3.016500E+03  1.490057E+00
  3.017000E+03  2.987752E-01
  3.017500E+03 -7.979048E-01
  3.018000E+03 -1.672695E+00
  3.018500E+03 -2.250019E+00
  3.019000E+03 -2.515221E+00
  3.019500E+03 -2.506653E+00
  3.020000E+03 -2.294925E+00
  3.020500E+03 -1.957609E+00
  3.021000E+03 -1.558567E+00
  3.021500E+03 -1.138550E+00
  3.022000E+03 -7.188253E-01
  3.022500E+03 -3.142328E-01
  3.023000E+03  5.172519E-02
  3.023500E+03  3.378609E-01
  3.024000E+03  4.878423E-01
  3.024500E+03  4.448354E-01
  3.025000E+03  1.733973E-01
  3.025500E+03 -3.199211E-01
  3.026000E+03 -9.762759E-01
  3.026500E+03 -1.690458E+00
  3.027000E+03 -2.333342E+00
  3.027500E+03 -2.784970E+00
  3.028000E+03 -2.967983E+00
  3.028500E+03 -2.870177E+00
  3.029000E+03 -2.548010E+00
  3.029500E+03 -2.109016E+00
  3.030000E+03 -1.678160E+00
  3.030500E+03 -1.358759E+00
  3.031000E+03 -1.200642E+00
  3.031500E+03 -1.185987E+00
  3.032000E+03 -1.237405E+00
  3.032500E+03 -1.245410E+00
  3.033000E+03 -1.105927E+00
  3.033500E+03 -7.553136E-01
  3.034000E+03 -1.914004E-01
  3.034500E+03  5.258744E-01
  3.035000E+03  1.293640E+00
  3.035500E+03  1.997790E+00
  3.036000E+03  2.546026E+00
  3.036500E+03  2.891201E+00
  3.037000E+03  3.037890E+00
  3.037500E+03  3.031369E+00
  3.038000E+03  2.934406E+00
  3.038500E+03  2.801171E+00
  3.039000E+03  2.657970E+00
  3.039500E+03  2.497305E+00
  3.040000E+03  2.286465E+00
  3.040500E+03  1.986446E+00
  3.041000E+03  1.573438E+00
  3.041500E+03  1.054737E+00
  3.042000E+03  4.734434E-01
  3.042500E+03 -9.926122E-02
  3.043000E+03 -5.810230E-01
  3.043500E+03 -8.983246E-01
  3.044000E+03 -1.003145E+00
  3.044500E+03 -8.817938E-01
  3.045000E+03 -5.547380E-01
  3.045500E+03 -6.936205E-02
  3.046000E+03  5.105660E-01
  3.046500E+03  1.114995E+00
  3.047000E+03  1.675037E+00
  3.047500E+03  2.127609E+00
  3.048000E+03  2.418610E+00
  3.048500E+03  2.506307E+00
  3.049000E+03  2.365661E+00
  3.049500E+03  1.992776E+00
  3.050000E+03  1.407499E+00
  3.050500E+03  6.520528E-01
  3.051000E+03 -2.152385E-01
  3.051500E+03 -1.130137E+00
  3.052000E+03 -2.033745E+00
  3.052500E+03 -2.881210E+00
  3.053000E+03 -3.645001E+00
  3.053500E+03 -4.311902E+00
  3.054000E+03 -4.875357E+00
  3.054500E+03 -5.326662E+00
  3.055000E+03 -5.648858E+00
  3.055500E+03 -5.815926E+00
  3.056000E+03 -5.797488E+00
  3.056500E+03 -5.566903E+00
  3.057000E+03 -5.109270E+00
  3.057500E+03 -4.426253E+00
  3.058000E+03 -3.536374E+00
  3.058500E+03 -2.471775E+00
  3.059000E+03 -1.274123E+00
  3.059500E+03  7.552114E-03
  3.060000E+03  1.315796E+00
  3.060500E+03  2.581704E+00
  3.061000E+03  3.723324E+00
  3.061500E+03  4.649490E+00
  3.062000E+03  5.271461E+00
  3.062500E+03  5.521372E+00
  3.063000E+03  5.372677E+00
  3.063500E+03  4.855352E+00
  3.064000E+03  4.058835E+00
  3.064500E+03  3.119055E+00
  3.065000E+03  2.191255E+00
  3.065500E+03  1.415772E+00
  3.066000E+03  8.872624E-01
  3.066500E+03  6.373654E-01
  3.067000E+03  6.365800E-01
  3.067500E+03  8.143480E-01
  3.068000E+03  1.089712E+00
  3.068500E+03  1.400933E+00
  3.069000E+03  1.722837E+00
  3.069500E+03  2.065433E+00
  3.070000E+03  2.454710E+00
  3.070500E+03  2.903749E+00
  3.071000E+03  3.386439E+00
  3.071500E+03  3.825541E+00
  3.072000E+03  4.101616E+00
  3.072500E+03  4.081467E+00
  3.073000E+03  3.657092E+00
  3.073500E+03  2.781777E+00
  3.074000E+03  1.490460E+00
  3.074500E+03 -1.032142E-01
  3.075000E+03 -1.832683E+00
  3.075500E+03 -3.518745E+00
  3.076000E+03 -5.011199E+00
  3.076500E+03 -6.218646E+00
  3.077000E+03 -7.117788E+00
  3.077500E+03 -7.740912E+00
  3.078000E+03 -8.147643E+00
  3.078500E+03 -8.391896E+00
  3.079000E+03 -8.495708E+00
  3.079500E+03 -8.438313E+00
  3.080000E+03 -8.162975E+00
  3.080500E+03 -7.597888E+00
  3.081000E+03 -6.683190E+00
  3.081500E+03 -5.394918E+00
  3.082000E+03 -3.758796E+00
  3.082500E+03 -1.850755E+00
  3.083000E+03  2.144348E-01
  3.083500E+03  2.301752E+00
  3.084000E+03  4.275900E+00
  3.084500E+03  6.017664E+00
  3.085000E+03  7.433940E+00
  3.085500E+03  8.461208E+00
  3.086000E+03  9.064136E+00
  3.086500E+03  9.231792E+00
  3.087000E+03  8.973631E+00
  3.087500E+03  8.316575E+00
  3.088000E+03  7.303476E+00
  3.088500E+03  5.992586E+00
  3.089000E+03  4.457318E+00
  3.089500E+03  2.785555E+00
  3.090000E+03  1.077775E+00
  3.090500E+03 -5.567035E-01
  3.091000E+03 -2.005983E+00
  3.091500E+03 -3.164658E+00
  3.092000E+03 -3.945315E+00
  3.092500E+03 -4.291106E+00
  3.093000E+03 -4.187021E+00
  3.093500E+03 -3.666901E+00
  3.094000E+03 -2.813483E+00
  3.094500E+03 -1.749991E+00
  3.095000E+03 -6.237500E-01
  3.095500E+03  4.155447E-01
  3.096000E+03  1.238621E+00
  3.096500E+03  1.755720E+00
  3.097000E+03  1.928031E+00
  3.097500E+03  1.769431E+00
  3.098000E+03  1.338920E+00
  3.098500E+03  7.262124E-01
  3.099000E+03  3.416203E-02
  3.099500E+03 -6.382583E-01
  3.100000E+03 -1.209619E+00
  3.100500E+03 -1.624905E+00
  3.101000E+03 -1.859435E+00
  3.101500E+03 -1.918413E+00
  3.102000E+03 -1.832886E+00
  3.102500E+03 -1.652721E+00
  3.103000E+03 -1.437122E+00
  3.103500E+03 -1.243420E+00
  3.104000E+03 -1.115565E+00
  3.104500E+03 -1.074442E+00
  3.105000E+03 -1.112566E+00
  3.105500E+03 -1.195307E+00
  3.106000E+03 -1.269422E+00
  3.106500E+03 -1.277659E+00
  3.107000E+03 -1.176054E+00
  3.107500E+03 -9.491382E-01
  3.108000E+03 -6.182606E-01
  3.108500E+03 -2.397614E-01
  3.109000E+03  1.074705E-01
  3.109500E+03  3.422890E-01
  3.110000E+03  4.040570E-01
  3.110500E+03  2.714039E-01
  3.111000E+03 -2.866175E-02
  3.111500E+03 -4.243192E-01
  3.112000E+03 -8.146221E-01
  3.112500E+03 -1.093259E+00
  3.113000E+03 -1.174038E+00
  3.113500E+03 -1.011287E+00
  3.114000E+03 -6.099151E-01
  3.114500E+03 -2.281983E-02
  3.115000E+03  6.631104E-01
  3.115500E+03  1.348178E+00
  3.116000E+03  1.942350E+00
  3.116500E+03  2.383232E+00
  3.117000E+03  2.645428E+00
  3.117500E+03  2.739860E+00
  3.118000E+03  2.704441E+00
  3.118500E+03  2.589705E+00
  3.119000E+03  2.443899E+00
  3.119500E+03  2.301698E+00
  3.120000E+03  2.179106E+00
  3.120500E+03  2.075041E+00
  3.121000E+03  1.978057E+00
  3.121500E+03  1.875299E+00
  3.122000E+03  1.760423E+00
  3.122500E+03  1.637812E+00
  3.123000E+03  1.521825E+00
  3.123500E+03  1.431401E+00
  3.124000E+03  1.381799E+00
  3.124500E+03  1.376044E+00
  3.125000E+03  1.398725E+00
  3.125500E+03  1.414079E+00
  3.126000E+03  1.369192E+00
  3.126500E+03  1.201875E+00
  3.127000E+03  8.517097E-01
  3.127500E+03  2.721569E-01
  3.128000E+03 -5.585352E-01
  3.128500E+03 -1.629567E+00
  3.129000E+03 -2.894333E+00
  3.129500E+03 -4.272354E+00
  3.130000E+03 -5.656323E+00
  3.130500E+03 -6.923586E+00
  3.131000E+03 -7.950696E+00
  3.131500E+03 -8.629195E+00
  3.132000E+03 -8.880323E+00
  3.132500E+03 -8.666221E+00
  3.133000E+03 -7.995436E+00
  3.133500E+03 -6.921301E+00
  3.134000E+03 -5.533027E+00
  3.134500E+03 -3.940884E+00
  3.135000E+03 -2.258372E+00
  3.135500E+03 -5.852145E-01
  3.136000E+03  1.004898E+00
  3.136500E+03  2.468893E+00
  3.137000E+03  3.790278E+00
  3.137500E+03  4.967914E+00
  3.138000E+03  6.001249E+00
  3.138500E+03  6.876878E+00
  3.139000E+03  7.561136E+00
  3.139500E+03  8.001757E+00
  3.140000E+03  8.138864E+00
  3.140500E+03  7.922520E+00
  3.141000E+03  7.331739E+00
  3.141500E+03  6.388977E+00
  3.142000E+03  5.165140E+00
  3.142500E+03  3.772781E+00
  3.143000E+03  2.348609E+00
  3.143500E+03  1.029667E+00
  3.144000E+03 -7.058399E-02
  3.144500E+03 -8.800747E-01
  3.145000E+03 -1.375590E+00
  3.145500E+03 -1.578925E+00
  3.146000E+03 -1.544164E+00
  3.146500E+03 -1.340923E+00
  3.147000E+03 -1.039032E+00
  3.147500E+03 -6.988319E-01
  3.148000E+03 -3.685697E-01
  3.148500E+03 -8.742388E-02
  3.149000E+03  1.094389E-01
  3.149500E+03  1.878476E-01
  3.150000E+03  1.163833E-01
  3.150500E+03 -1.269106E-01
  3.151000E+03 -5.453761E-01
  3.151500E+03 -1.116342E+00
  3.152000E+03 -1.789581E+00
  3.152500E+03 -2.493811E+00
  3.153000E+03 -3.150388E+00
  3.153500E+03 -3.690386E+00
  3.154000E+03 -4.069568E+00
  3.154500E+03 -4.276141E+00
  3.155000E+03 -4.328543E+00
  3.155500E+03 -4.264055E+00
  3.156000E+03 -4.122400E+00
  3.156500E+03 -3.930375E+00
  3.157000E+03 -3.693208E+00
  3.157500E+03 -3.395806E+00
  3.158000E+03 -3.013287E+00
  3.158500E+03 -2.526575E+00
  3.159000E+03 -1.936811E+00
  3.159500E+03 -1.272607E+00
  3.160000E+03 -5.867150E-01
  3.160500E+03  5.740804E-02
  3.161000E+03  6.049299E-01
  3.161500E+03  1.028322E+00
  3.162000E+03  1.338855E+00
  3.162500E+03  1.586623E+00
  3.163000E+03  1.848474E+00
  3.163500E+03  2.207024E+00
  3.164000E+03  2.726595E+00
  3.164500E+03  3.432664E+00
  3.165000E+03  4.300149E+00
  3.165500E+03  5.253240E+00
  3.166000E+03  6.176386E+00
  3.166500E+03  6.933516E+00
  3.167000E+03  7.391147E+00
  3.167500E+03  7.440841E+00
  3.168000E+03  7.017270E+00
  3.168500E+03  6.109387E+00
  3.169000E+03  4.763512E+00
  3.169500E+03  3.078236E+00
  3.170000E+03  1.192019E+00
  3.170500E+03 -7.347672E-01
  3.171000E+03 -2.540767E+00
  3.171500E+03 -4.084269E+00
  3.172000E+03 -5.260053E+00
  3.172500E+03 -6.009469E+00
  3.173000E+03 -6.322123E+00
  3.173500E+03 -6.229409E+00
  3.174000E+03 -5.792173E+00
  3.174500E+03 -5.086125E+00
  3.175000E+03 -4.188919E+00
  3.175500E+03 -3.171807E+00
  3.176000E+03 -2.096916E+00
  3.176500E+03 -1.019036E+00
  3.177000E+03  1.064133E-02
  3.177500E+03  9.418141E-01
  3.178000E+03  1.725446E+00
  3.178500E+03  2.317598E+00
  3.179000E+03  2.685342E+00
  3.179500E+03  2.812336E+00
  3.180000E+03  2.701754E+00
  3.180500E+03  2.375393E+00
  3.181000E+03  1.869420E+00
  3.181500E+03  1.228574E+00
  3.182000E+03  5.010353E-01
  3.182500E+03 -2.644630E-01
  3.183000E+03 -1.019159E+00
  3.183500E+03 -1.713766E+00
  3.184000E+03 -2.299073E+00
  3.184500E+03 -2.729357E+00
  3.185000E+03 -2.968927E+00
  3.185500E+03 -3.000271E+00
  3.186000E+03 -2.830828E+00
  3.186500E+03 -2.495224E+00
  3.187000E+03 -2.050892E+00
  3.187500E+03 -1.567213E+00
  3.188000E+03 -1.110674E+00
  3.188500E+03 -7.301526E-01
  3.189000E+03 -4.466022E-01
  3.189500E+03 -2.501052E-01
  3.190000E+03 -1.048846E-01
  3.190500E+03  3.953751E-02
  3.191000E+03  2.344861E-01
  3.191500E+03  5.193381E-01
  3.192000E+03  9.125951E-01
  3.192500E+03  1.407993E+00
  3.193000E+03  1.975262E+00
  3.193500E+03  2.564307E+00
  3.194000E+03  3.111575E+00
  3.194500E+03  3.547984E+00
  3.195000E+03  3.808280E+00
  3.195500E+03  3.841656E+00
  3.196000E+03  3.622648E+00
  3.196500E+03  3.160128E+00
  3.197000E+03  2.501359E+00
  3.197500E+03  1.728265E+00
  3.198000E+03  9.447070E-01
  3.198500E+03  2.562960E-01
  3.199000E+03 -2.528125E-01
  3.199500E+03 -5.397717E-01
  3.200000E+03 -6.132803E-01
  3.200500E+03 -5.303148E-01
  3.201000E+03 -3.795207E-01
  3.201500E+03 -2.557883E-01
  3.202000E+03 -2.336141E-01
  3.202500E+03 -3.474159E-01
  3.203000E+03 -5.847260E-01
  3.203500E+03 -8.938618E-01
  3.204000E+03 -1.202838E+00
  3.204500E+03 -1.442684E+00
  3.205000E+03 -1.567257E+00
  3.205500E+03 -1.563459E+00
  3.206000E+03 -1.449590E+00
  3.206500E+03 -1.264023E+00
  3.207000E+03 -1.049612E+00
  3.207500E+03 -8.402051E-01
  3.208000E+03 -6.540350E-01
  3.208500E+03 -4.954488E-01
  3.209000E+03 -3.628224E-01
  3.209500E+03 -2.580692E-01
  3.210000E+03 -1.928114E-01
  3.210500E+03 -1.880454E-01
  3.211000E+03 -2.671651E-01
  3.211500E+03 -4.451881E-01
  3.212000E+03 -7.187351E-01
  3.212500E+03 -1.061108E+00
  3.213000E+03 -1.424847E+00
  3.213500E+03 -1.751291E+00
  3.214000E+03 -1.984103E+00
  3.214500E+03 -2.082356E+00
  3.215000E+03 -2.029161E+00
  3.215500E+03 -1.833529E+00
  3.216000E+03 -1.525568E+00
  3.216500E+03 -1.147175E+00
  3.217000E+03 -7.414413E-01
  3.217500E+03 -3.437980E-01
  3.218000E+03  2.321798E-02
  3.218500E+03  3.512071E-01
  3.219000E+03  6.440103E-01
  3.219500E+03  9.140631E-01
  3.220000E+03  1.178230E+00
  3.220500E+03  1.453770E+00
  3.221000E+03  1.754530E+00
  3.221500E+03  2.087230E+00
  3.222000E+03  2.447955E+00
  3.222500E+03  2.819423E+00
  3.223000E+03  3.170053E+00
  3.223500E+03  3.455858E+00
  3.224000E+03  3.625751E+00
  3.224500E+03  3.629917E+00
  3.225000E+03  3.429943E+00
  3.225500E+03  3.008587E+00
  3.226000E+03  2.376884E+00
  3.226500E+03  1.576626E+00
  3.227000E+03  6.772235E-01
  3.227500E+03 -2.328987E-01
  3.228000E+03 -1.058997E+00
  3.228500E+03 -1.714564E+00
  3.229000E+03 -2.135049E+00
  3.229500E+03 -2.288113E+00
  3.230000E+03 -2.178417E+00
  3.230500E+03 -1.845921E+00
  3.231000E+03 -1.358007E+00
  3.231500E+03 -7.970387E-01
  3.232000E+03 -2.460634E-01
  3.232500E+03  2.241776E-01
  3.233000E+03  5.640724E-01
  3.233500E+03  7.480694E-01
  3.234000E+03  7.716879E-01
  3.234500E+03  6.443458E-01
  3.235000E+03  3.810004E-01
  3.235500E+03 -4.145773E-03
  3.236000E+03 -4.995171E-01
  3.236500E+03 -1.093060E+00
  3.237000E+03 -1.765678E+00
  3.237500E+03 -2.484308E+00
  3.238000E+03 -3.198135E+00
  3.238500E+03 -3.840531E+00
  3.239000E+03 -4.337266E+00
  3.239500E+03 -4.619178E+00
  3.240000E+03 -4.635748E+00
  3.240500E+03 -4.365485E+00
  3.241000E+03 -3.820047E+00
  3.241500E+03 -3.041107E+00
  3.242000E+03 -2.091357E+00
  3.242500E+03 -1.042794E+00
  3.243000E+03  3.411926E-02
  3.243500E+03  1.077769E+00
  3.244000E+03  2.038391E+00
  3.244500E+03  2.877860E+00
  3.245000E+03  3.568467E+00
  3.245500E+03  4.092700E+00
  3.246000E+03  4.444756E+00
  3.246500E+03  4.632766E+00
  3.247000E+03  4.679474E+00
  3.247500E+03  4.619100E+00
  3.248000E+03  4.489495E+00
  3.248500E+03  4.320972E+00
  3.249000E+03  4.125374E+00
  3.249500E+03  3.889904E+00
  3.250000E+03  3.579339E+00
  3.250500E+03  3.147547E+00
  3.251000E+03  2.555671E+00
  3.251500E+03  1.791212E+00
  3.252000E+03  8.810275E-01
  3.252500E+03 -1.074338E-01
  3.253000E+03 -1.078688E+00
  3.253500E+03 -1.932745E+00
  3.254000E+03 -2.592572E+00
  3.254500E+03 -3.026437E+00
  3.255000E+03 -3.257174E+00
  3.255500E+03 -3.354476E+00
  3.256000E+03 -3.411918E+00
  3.256500E+03 -3.515742E+00
  3.257000E+03 -3.715441E+00
  3.257500E+03 -4.005836E+00
  3.258000E+03 -4.326681E+00
  3.258500E+03 -4.580025E+00
  3.259000E+03 -4.659722E+00
  3.259500E+03 -4.483557E+00
  3.260000E+03 -4.017793E+00
  3.260500E+03 -3.286705E+00
  3.261000E+03 -2.364871E+00
  3.261500E+03 -1.355670E+00
  3.262000E+03 -3.637057E-01
  3.262500E+03  5.297114E-01
  3.263000E+03  1.280704E+00
  3.263500E+03  1.883450E+00
  3.264000E+03  2.359104E+00
  3.264500E+03  2.738731E+00
  3.265000E+03  3.047461E+00
  3.265500E+03  3.295769E+00
  3.266000E+03  3.480324E+00
  3.266500E+03  3.592732E+00
  3.267000E+03  3.631240E+00
  3.267500E+03  3.609442E+00
  3.268000E+03  3.557417E+00
  3.268500E+03  3.514059E+00
  3.269000E+03  3.513124E+00
  3.269500E+03  3.568342E+00
  3.270000E+03  3.663587E+00
  3.270500E+03  3.752406E+00
  3.271000E+03  3.767737E+00
  3.271500E+03  3.638862E+00
  3.272000E+03  3.309940E+00
  3.272500E+03  2.753900E+00
  3.273000E+03  1.977342E+00
  3.273500E+03  1.015502E+00
  3.274000E+03 -7.989511E-02
  3.274500E+03 -1.254568E+00
  3.275000E+03 -2.461727E+00
  3.275500E+03 -3.664520E+00
  3.276000E+03 -4.830655E+00
  3.276500E+03 -5.922516E+00
  3.277000E+03 -6.888276E+00
  3.277500E+03 -7.659428E+00
  3.278000E+03 -8.157687E+00
  3.278500E+03 -8.310435E+00
  3.279000E+03 -8.070130E+00
  3.279500E+03 -7.430968E+00
  3.280000E+03 -6.436468E+00
  3.280500E+03 -5.174385E+00
  3.281000E+03 -3.759654E+00
  3.281500E+03 -2.310155E+00
  3.282000E+03 -9.226484E-01
  3.282500E+03  3.438233E-01
  3.283000E+03  1.472262E+00
  3.283500E+03  2.479071E+00
  3.284000E+03  3.395937E+00
  3.284500E+03  4.248594E+00
  3.285000E+03  5.039465E+00
  3.285500E+03  5.739546E+00
  3.286000E+03  6.291711E+00
  3.286500E+03  6.624049E+00
  3.287000E+03  6.669102E+00
  3.287500E+03  6.383596E+00
  3.288000E+03  5.763618E+00
  3.288500E+03  4.851772E+00
  3.289000E+03  3.734907E+00
  3.289500E+03  2.532955E+00
  3.290000E+03  1.380927E+00
  3.290500E+03  4.070743E-01
  3.291000E+03 -2.891661E-01
  3.291500E+03 -6.555201E-01
  3.292000E+03 -6.976973E-01
  3.292500E+03 -4.796326E-01
  3.293000E+03 -1.117720E-01
  3.293500E+03  2.714128E-01
  3.294000E+03  5.405390E-01
  3.294500E+03  6.004444E-01
  3.295000E+03  4.117501E-01
  3.295500E+03 -1.497166E-03
  3.296000E+03 -5.609781E-01
  3.296500E+03 -1.158071E+00
  3.297000E+03 -1.685920E+00
  3.297500E+03 -2.069966E+00
  3.298000E+03 -2.287403E+00
  3.298500E+03 -2.369397E+00
  3.299000E+03 -2.385478E+00
  3.299500E+03 -2.415542E+00
  3.300000E+03 -2.519114E+00
  3.300500E+03 -2.712431E+00
  3.301000E+03 -2.961111E+00
  3.301500E+03 -3.190628E+00
  3.302000E+03 -3.310551E+00
  3.302500E+03 -3.243823E+00
  3.303000E+03 -2.950913E+00
  3.303500E+03 -2.440972E+00
  3.304000E+03 -1.767134E+00
  3.304500E+03 -1.008903E+00
  3.305000E+03 -2.489372E-01
  3.305500E+03  4.471181E-01
  3.306000E+03  1.041115E+00
  3.306500E+03  1.520947E+00
  3.307000E+03  1.889802E+00
  3.307500E+03  2.152222E+00
  3.308000E+03  2.303742E+00
  3.308500E+03  2.328748E+00
  3.309000E+03  2.207202E+00
  3.309500E+03  1.926913E+00
  3.310000E+03  1.495615E+00
  3.310500E+03  9.472412E-01
  3.311000E+03  3.393365E-01
  3.311500E+03 -2.578059E-01
  3.312000E+03 -7.763400E-01
  3.312500E+03 -1.164912E+00
  3.313000E+03 -1.396803E+00
  3.313500E+03 -1.470012E+00
  3.314000E+03 -1.400406E+00
  3.314500E+03 -1.211582E+00
  3.315000E+03 -9.258869E-01
  3.315500E+03 -5.599256E-01
  3.316000E+03 -1.254225E-01
  3.316500E+03  3.661927E-01
  3.317000E+03  8.986644E-01
  3.317500E+03  1.448326E+00
  3.318000E+03  1.985550E+00
  3.318500E+03  2.479522E+00
  3.319000E+03  2.903871E+00
  3.319500E+03  3.240215E+00
  3.320000E+03  3.477743E+00
  3.320500E+03  3.608993E+00
  3.321000E+03  3.624068E+00
  3.321500E+03  3.506631E+00
  3.322000E+03  3.234520E+00
  3.322500E+03  2.785977E+00
  3.323000E+03  2.149933E+00
  3.323500E+03  1.336736E+00
  3.324000E+03  3.850465E-01
  3.324500E+03 -6.383233E-01
  3.325000E+03 -1.646471E+00
  3.325500E+03 -2.546425E+00
  3.326000E+03 -3.255152E+00
  3.326500E+03 -3.713090E+00
  3.327000E+03 -3.891882E+00
  3.327500E+03 -3.795313E+00
  3.328000E+03 -3.454795E+00
  3.328500E+03 -2.922281E+00
  3.329000E+03 -2.263470E+00
  3.329500E+03 -1.552858E+00
  3.330000E+03 -8.702256E-01
  3.330500E+03 -2.965980E-01
  3.331000E+03  9.257672E-02
  3.331500E+03  2.380812E-01
  3.332000E+03  1.101648E-01
  3.332500E+03 -2.792317E-01
  3.333000E+03 -8.701165E-01
  3.333500E+03 -1.558189E+00
  3.334000E+03 -2.210360E+00
  3.334500E+03 -2.689990E+00
  3.335000E+03 -2.886146E+00
  3.335500E+03 -2.739125E+00
  3.336000E+03 -2.254816E+00
  3.336500E+03 -1.503371E+00
  3.337000E+03 -6.022047E-01
  3.337500E+03  3.119587E-01
  3.338000E+03  1.113980E+00
  3.338500E+03  1.715447E+00
  3.339000E+03  2.077496E+00
  3.339500E+03  2.208968E+00
  3.340000E+03  2.152375E+00
  3.340500E+03  1.963899E+00
  3.341000E+03  1.695063E+00
  3.341500E+03  1.382319E+00
  3.342000E+03  1.047238E+00
  3.342500E+03  7.055427E-01
  3.343000E+03  3.796415E-01
  3.343500E+03  1.078597E-01
  3.344000E+03 -5.516840E-02
  3.344500E+03 -4.896578E-02
  3.345000E+03  1.739341E-01
  3.345500E+03  6.270144E-01
  3.346000E+03  1.274600E+00
  3.346500E+03  2.029201E+00
  3.347000E+03  2.764360E+00
  3.347500E+03  3.340914E+00
  3.348000E+03  3.639918E+00
  3.348500E+03  3.592832E+00
  3.349000E+03  3.199888E+00
  3.349500E+03  2.530859E+00
  3.350000E+03  1.707652E+00
  3.350500E+03  8.735682E-01
  3.351000E+03  1.580108E-01
  3.351500E+03 -3.534040E-01
  3.352000E+03 -6.353292E-01
  3.352500E+03 -7.220333E-01
  3.353000E+03 -6.911248E-01
  3.353500E+03 -6.376373E-01
  3.354000E+03 -6.467752E-01
  3.354500E+03 -7.732049E-01
  3.355000E+03 -1.031945E+00
  3.355500E+03 -1.401779E+00
  3.356000E+03 -1.838130E+00
  3.356500E+03 -2.289798E+00
  3.357000E+03 -2.713557E+00
  3.357500E+03 -3.082241E+00
  3.358000E+03 -3.384851E+00
  3.358500E+03 -3.620243E+00
  3.359000E+03 -3.788001E+00
  3.359500E+03 -3.880654E+00
  3.360000E+03 -3.880309E+00
  3.360500E+03 -3.760785E+00
  3.361000E+03 -3.494144E+00
  3.361500E+03 -3.059068E+00
  3.362000E+03 -2.448197E+00
  3.362500E+03 -1.672290E+00
  3.363000E+03 -7.605013E-01
  3.363500E+03  2.425480E-01
  3.364000E+03  1.281382E+00
  3.364500E+03  2.294457E+00
  3.365000E+03  3.218302E+00
  3.365500E+03  3.991105E+00
  3.366000E+03  4.556565E+00
  3.366500E+03  4.868813E+00
  3.367000E+03  4.898584E+00
  3.367500E+03  4.639748E+00
  3.368000E+03  4.114381E+00
  3.368500E+03  3.374184E+00
  3.369000E+03  2.496651E+00
  3.369500E+03  1.575669E+00
  3.370000E+03  7.079903E-01
  3.370500E+03 -2.159757E-02
  3.371000E+03 -5.529434E-01
  3.371500E+03 -8.581038E-01
  3.372000E+03 -9.423474E-01
  3.372500E+03 -8.390697E-01
  3.373000E+03 -6.008009E-01
  3.373500E+03 -2.893337E-01
  3.374000E+03  3.231852E-02
  3.374500E+03  3.047404E-01
  3.375000E+03  4.740792E-01
  3.375500E+03  4.929781E-01
  3.376000E+03  3.227947E-01
  3.376500E+03 -6.130300E-02
  3.377000E+03 -6.624772E-01
  3.377500E+03 -1.453714E+00
  3.378000E+03 -2.372209E+00
  3.378500E+03 -3.320302E+00
  3.379000E+03 -4.175199E+00
  3.379500E+03 -4.807074E+00
  3.380000E+03 -5.102207E+00
  3.380500E+03 -4.985617E+00
  3.381000E+03 -4.437098E+00
  3.381500E+03 -3.496065E+00
  3.382000E+03 -2.253653E+00
  3.382500E+03 -8.342316E-01
  3.383000E+03  6.284804E-01
  3.383500E+03  2.014178E+00
  3.384000E+03  3.231931E+00
  3.384500E+03  4.226314E+00
  3.385000E+03  4.974116E+00
  3.385500E+03  5.475029E+00
  3.386000E+03  5.741062E+00
  3.386500E+03  5.788853E+00
  3.387000E+03  5.636841E+00
  3.387500E+03  5.306482E+00
  3.388000E+03  4.824656E+00
  3.388500E+03  4.223910E+00
  3.389000E+03  3.538563E+00
  3.389500E+03  2.797221E+00
  3.390000E+03  2.014740E+00
  3.390500E+03  1.187918E+00
  3.391000E+03  2.984188E-01
  3.391500E+03 -6.762695E-01
  3.392000E+03 -1.746567E+00
  3.392500E+03 -2.894869E+00
  3.393000E+03 -4.066504E+00
  3.393500E+03 -5.172419E+00
  3.394000E+03 -6.104484E+00
  3.394500E+03 -6.759601E+00
  3.395000E+03 -7.065112E+00
  3.395500E+03 -6.996955E+00
  3.396000E+03 -6.584160E+00
  3.396500E+03 -5.897986E+00
  3.397000E+03 -5.029547E+00
  3.397500E+03 -4.064047E+00
  3.398000E+03 -3.061024E+00
  3.398500E+03 -2.047662E+00
  3.399000E+03 -1.027164E+00
  3.399500E+03  1.812873E-03
  3.400000E+03  1.023160E+00
  3.400500E+03  1.988575E+00
  3.401000E+03  2.817327E+00
  3.401500E+03  3.412388E+00
  3.402000E+03  3.688393E+00
  3.402500E+03  3.602102E+00
  3.403000E+03  3.174491E+00
  3.403500E+03  2.496020E+00
  3.404000E+03  1.712093E+00
  3.404500E+03  9.922608E-01
  3.405000E+03  4.920063E-01
  3.405500E+03  3.181666E-01
  3.406000E+03  5.075894E-01
  3.406500E+03  1.024111E+00
  3.407000E+03  1.773162E+00
  3.407500E+03  2.628231E+00
  3.408000E+03  3.460657E+00
  3.408500E+03  4.164471E+00
  3.409000E+03  4.670694E+00
  3.409500E+03  4.949550E+00
  3.410000E+03  5.002785E+00
  3.410500E+03  4.850655E+00
  3.411000E+03  4.518606E+00
  3.411500E+03  4.027483E+00
  3.412000E+03  3.389126E+00
  3.412500E+03  2.607196E+00
  3.413000E+03  1.681786E+00
  3.413500E+03  6.158825E-01
  3.414000E+03 -5.780274E-01
  3.414500E+03 -1.872514E+00
  3.415000E+03 -3.221832E+00
  3.415500E+03 -4.561350E+00
  3.416000E+03 -5.810384E+00
  3.416500E+03 -6.878698E+00
  3.417000E+03 -7.676330E+00
  3.417500E+03 -8.125512E+00
  3.418000E+03 -8.172606E+00
  3.418500E+03 -7.797593E+00
  3.419000E+03 -7.018880E+00
  3.419500E+03 -5.892199E+00
  3.420000E+03 -4.503730E+00
  3.420500E+03 -2.958963E+00
  3.421000E+03 -1.369669E+00
  3.421500E+03  1.585005E-01
  3.422000E+03  1.535821E+00
  3.422500E+03  2.694693E+00
  3.423000E+03  3.592151E+00
  3.423500E+03  4.209246E+00
  3.424000E+03  4.548090E+00
  3.424500E+03  4.627345E+00
  3.425000E+03  4.476841E+00
  3.425500E+03  4.132068E+00
  3.426000E+03  3.629476E+00
  3.426500E+03  3.003607E+00
  3.427000E+03  2.286833E+00
  3.427500E+03  1.511809E+00
  3.428000E+03  7.156340E-01
  3.428500E+03 -5.629154E-02
  3.429000E+03 -7.492048E-01
  3.429500E+03 -1.302700E+00
  3.430000E+03 -1.659688E+00
  3.430500E+03 -1.778928E+00
  3.431000E+03 -1.647524E+00
  3.431500E+03 -1.288905E+00
  3.432000E+03 -7.625592E-01
  3.432500E+03 -1.541153E-01
  3.433000E+03  4.424042E-01
  3.433500E+03  9.453943E-01
  3.434000E+03  1.303268E+00
  3.434500E+03  1.503214E+00
  3.435000E+03  1.568203E+00
  3.435500E+03  1.543249E+00
  3.436000E+03  1.475640E+00
  3.436500E+03  1.395973E+00
  3.437000E+03  1.306578E+00
  3.437500E+03  1.181272E+00
  3.438000E+03  9.764227E-01
  3.438500E+03  6.493381E-01
  3.439000E+03  1.775762E-01
  3.439500E+03 -4.273718E-01
  3.440000E+03 -1.116422E+00
  3.440500E+03 -1.810146E+00
  3.441000E+03 -2.414243E+00
  3.441500E+03 -2.838268E+00
  3.442000E+03 -3.012234E+00
  3.442500E+03 -2.897228E+00
  3.443000E+03 -2.488735E+00
  3.443500E+03 -1.813879E+00
  3.444000E+03 -9.253152E-01
  3.444500E+03  1.054153E-01
  3.445000E+03  1.193434E+00
  3.445500E+03  2.245030E+00
  3.446000E+03  3.162480E+00
  3.446500E+03  3.850856E+00
  3.447000E+03  4.227660E+00
  3.447500E+03  4.234527E+00
  3.448000E+03  3.848637E+00
  3.448500E+03  3.090585E+00
  3.449000E+03  2.025787E+00
  3.449500E+03  7.579059E-01
  3.450000E+03 -5.851215E-01
  3.450500E+03 -1.869839E+00
  3.451000E+03 -2.976908E+00
  3.451500E+03 -3.817538E+00
  3.452000E+03 -4.343569E+00
  3.452500E+03 -4.549676E+00
  3.453000E+03 -4.468090E+00
  3.453500E+03 -4.157708E+00
  3.454000E+03 -3.690416E+00
  3.454500E+03 -3.137562E+00
  3.455000E+03 -2.559080E+00
  3.455500E+03 -1.996852E+00
  3.456000E+03 -1.472877E+00
  3.456500E+03 -9.918065E-01
  3.457000E+03 -5.466085E-01
  3.457500E+03 -1.256355E-01
  3.458000E+03  2.807499E-01
  3.458500E+03  6.755509E-01
  3.459000E+03  1.053444E+00
  3.459500E+03  1.402116E+00
  3.460000E+03  1.705932E+00
  3.460500E+03  1.950650E+00
  3.461000E+03  2.127770E+00
  3.461500E+03  2.237357E+00
  3.462000E+03  2.288765E+00
  3.462500E+03  2.299282E+00
  3.463000E+03  2.291203E+00
  3.463500E+03  2.287981E+00
  3.464000E+03  2.309997E+00
  3.464500E+03  2.370356E+00
  3.465000E+03  2.471006E+00
  3.465500E+03  2.599712E+00
  3.466000E+03  2.728680E+00
  3.466500E+03  2.815878E+00
  3.467000E+03  2.809923E+00
  3.467500E+03  2.658654E+00
  3.468000E+03  2.320325E+00
  3.468500E+03  1.775084E+00
  3.469000E+03  1.033566E+00
  3.469500E+03  1.396358E-01
  3.470000E+03 -8.344162E-01
  3.470500E+03 -1.799748E+00
  3.471000E+03 -2.667148E+00
  3.471500E+03 -3.363166E+00
  3.472000E+03 -3.841676E+00
  3.472500E+03 -4.087771E+00
  3.473000E+03 -4.113503E+00
  3.473500E+03 -3.947780E+00
  3.474000E+03 -3.624665E+00
  3.474500E+03 -3.174639E+00
  3.475000E+03 -2.621802E+00
  3.475500E+03 -1.987327E+00
  3.476000E+03 -1.296614E+00
  3.476500E+03 -5.859282E-01
  3.477000E+03  9.556128E-02
  3.477500E+03  6.904419E-01
  3.478000E+03  1.143524E+00
  3.478500E+03  1.414503E+00
  3.479000E+03  1.487963E+00
  3.479500E+03  1.376698E+00
  3.480000E+03  1.116908E+00
  3.480500E+03  7.571769E-01
  3.481000E+03  3.456641E-01
  3.481500E+03 -7.933341E-02
  3.482000E+03 -4.918547E-01
  3.482500E+03 -8.733995E-01
  3.483000E+03 -1.203785E+00
  3.483500E+03 -1.453020E+00
  3.484000E+03 -1.579377E+00
  3.484500E+03 -1.536272E+00
  3.485000E+03 -1.286634E+00
  3.485500E+03 -8.196507E-01
  3.486000E+03 -1.629119E-01
  3.486500E+03  6.160464E-01
  3.487000E+03  1.421233E+00
  3.487500E+03  2.150207E+00
  3.488000E+03  2.719800E+00
  3.488500E+03  3.086809E+00
  3.489000E+03  3.256305E+00
  3.489500E+03  3.274419E+00
  3.490000E+03  3.208033E+00
  3.490500E+03  3.118550E+00
  3.491000E+03  3.039074E+00
  3.491500E+03  2.962960E+00
  3.492000E+03  2.847458E+00
  3.492500E+03  2.630586E+00
  3.493000E+03  2.254674E+00
  3.493500E+03  1.687882E+00
  3.494000E+03  9.362587E-01
  3.494500E+03  4.282403E-02
  3.495000E+03 -9.247957E-01
  3.495500E+03 -1.892557E+00
  3.496000E+03 -2.796759E+00
  3.496500E+03 -3.593498E+00
  3.497000E+03 -4.258536E+00
  3.497500E+03 -4.779594E+00
  3.498000E+03 -5.146165E+00
  3.498500E+03 -5.342610E+00
  3.499000E+03 -5.348372E+00
  3.499500E+03 -5.145490E+00
  3.500000E+03 -4.729891E+00
  3.500500E+03 -4.120792E+00
  3.501000E+03 -3.362964E+00
  3.501500E+03 -2.519416E+00
  3.502000E+03 -1.656151E+00
  3.502500E+03 -8.242473E-01
  3.503000E+03 -4.616703E-02
  3.503500E+03  6.880025E-01
  3.504000E+03  1.412217E+00
  3.504500E+03  2.166505E+00
  3.505000E+03  2.975655E+00
  3.505500E+03  3.832385E+00
  3.506000E+03  4.691371E+00
  3.506500E+03  5.476640E+00
  3.507000E+03  6.099921E+00
  3.507500E+03  6.483572E+00
  3.508000E+03  6.580096E+00
  3.508500E+03  6.381686E+00
  3.509000E+03  5.917081E+00
  3.509500E+03  5.237825E+00
  3.510000E+03  4.399855E+00
  3.510500E+03  3.447802E+00
  3.511000E+03  2.407913E+00
  3.511500E+03  1.291718E+00
  3.512000E+03  1.080066E-01
  3.512500E+03 -1.122818E+00
  3.513000E+03 -2.358940E+00
  3.513500E+03 -3.536989E+00
  3.514000E+03 -4.582608E+00
  3.514500E+03 -5.428209E+00
  3.515000E+03 -6.031116E+00
  3.515500E+03 -6.384684E+00
  3.516000E+03 -6.517369E+00
  3.516500E+03 -6.479278E+00
  3.517000E+03 -6.320728E+00
  3.517500E+03 -6.070786E+00
  3.518000E+03 -5.724302E+00
  3.518500E+03 -5.243166E+00
  3.519000E+03 -4.572427E+00
  3.519500E+03 -3.666274E+00
  3.520000E+03 -2.514822E+00
  3.520500E+03 -1.161775E+00
  3.521000E+03  2.943041E-01
  3.521500E+03  1.716972E+00
  3.522000E+03  2.962720E+00
  3.522500E+03  3.916345E+00
  3.523000E+03  4.519751E+00
  3.523500E+03  4.784997E+00
  3.524000E+03  4.787403E+00
  3.524500E+03  4.640889E+00
  3.525000E+03  4.463284E+00
  3.525500E+03  4.342306E+00
  3.526000E+03  4.312358E+00
  3.526500E+03  4.348547E+00
  3.527000E+03  4.378789E+00
  3.527500E+03  4.309371E+00
  3.528000E+03  4.055635E+00
  3.528500E+03  3.568555E+00
  3.529000E+03  2.849899E+00
  3.529500E+03  1.952600E+00
  3.530000E+03  9.674306E-01
  3.530500E+03  7.600435E-04
  3.531000E+03 -8.499328E-01
  3.531500E+03 -1.516285E+00
  3.532000E+03 -1.970398E+00
  3.532500E+03 -2.225520E+00
  3.533000E+03 -2.327109E+00
  3.533500E+03 -2.337566E+00
  3.534000E+03 -2.318991E+00
  3.534500E+03 -2.318326E+00
  3.535000E+03 -2.358271E+00
  3.535500E+03 -2.435668E+00
  3.536000E+03 -2.527213E+00
  3.536500E+03 -2.600425E+00
  3.537000E+03 -2.626544E+00
  3.537500E+03 -2.591391E+00
  3.538000E+03 -2.500785E+00
  3.538500E+03 -2.378583E+00
  3.539000E+03 -2.257678E+00
  3.539500E+03 -2.166669E+00
  3.540000E+03 -2.116634E+00
  3.540500E+03 -2.092858E+00
  3.541000E+03 -2.055116E+00
  3.541500E+03 -1.947469E+00
  3.542000E+03 -1.715229E+00
  3.542500E+03 -1.323942E+00
  3.543000E+03 -7.740170E-01
  3.543500E+03 -1.055251E-01
  3.544000E+03  6.093287E-01
  3.544500E+03  1.284513E+00
  3.545000E+03  1.843899E+00
  3.545500E+03  2.242912E+00
  3.546000E+03  2.480985E+00
  3.546500E+03  2.600519E+00
  3.547000E+03  2.672484E+00
  3.547500E+03  2.773199E+00
  3.548000E+03  2.959738E+00
  3.548500E+03  3.251745E+00
  3.549000E+03  3.625137E+00
  3.549500E+03  4.019048E+00
  3.550000E+03  4.353000E+00
  3.550500E+03  4.548130E+00
  3.551000E+03  4.545502E+00
  3.551500E+03  4.316208E+00
  3.552000E+03  3.861368E+00
  3.552500E+03  3.203876E+00
  3.553000E+03  2.376493E+00
  3.553500E+03  1.411591E+00
  3.554000E+03  3.364898E-01
  3.554500E+03 -8.244702E-01
  3.555000E+03 -2.042967E+00
  3.555500E+03 -3.278760E+00
  3.556000E+03 -4.474970E+00
  3.556500E+03 -5.559377E+00
  3.557000E+03 -6.452053E+00
  3.557500E+03 -7.077181E+00
  3.558000E+03 -7.375405E+00
  3.558500E+03 -7.313070E+00
  3.559000E+03 -6.886120E+00
  3.559500E+03 -6.118512E+00
  3.560000E+03 -5.056929E+00
  3.560500E+03 -3.764469E+00
  3.561000E+03 -2.315613E+00
  3.561500E+03 -7.933347E-01
  3.562000E+03  7.125160E-01
  3.562500E+03  2.107660E+00
  3.563000E+03  3.298840E+00
  3.563500E+03  4.203290E+00
  3.564000E+03  4.761200E+00
  3.564500E+03  4.948206E+00
  3.565000E+03  4.783779E+00
  3.565500E+03  4.331785E+00
  3.566000E+03  3.691378E+00
  3.566500E+03  2.979214E+00
  3.567000E+03  2.306875E+00
  3.567500E+03  1.759195E+00
  3.568000E+03  1.379286E+00
  3.568500E+03  1.164316E+00
  3.569000E+03  1.072902E+00
  3.569500E+03  1.041561E+00
  3.570000E+03  1.004943E+00
  3.570500E+03  9.136298E-01
  3.571000E+03  7.443474E-01
  3.571500E+03  5.002172E-01
  3.572000E+03  2.021422E-01
  3.572500E+03 -1.245311E-01
  3.573000E+03 -4.624504E-01
  3.573500E+03 -8.087150E-01
  3.574000E+03 -1.172683E+00
  3.574500E+03 -1.565873E+00
  3.575000E+03 -1.987896E+00
  3.575500E+03 -2.414186E+00
  3.576000E+03 -2.791007E+00
  3.576500E+03 -3.040991E+00
  3.577000E+03 -3.078838E+00
  3.577500E+03 -2.833285E+00
  3.578000E+03 -2.269013E+00
  3.578500E+03 -1.401873E+00
  3.579000E+03 -3.026381E-01
  3.579500E+03  9.121246E-01
  3.580000E+03  2.099694E+00
  3.580500E+03  3.116099E+00
  3.581000E+03  3.839944E+00
  3.581500E+03  4.189735E+00
  3.582000E+03  4.131790E+00
  3.582500E+03  3.678822E+00
  3.583000E+03  2.881800E+00
  3.583500E+03  1.818778E+00
  3.584000E+03  5.840038E-01
  3.584500E+03 -7.209512E-01
  3.585000E+03 -1.994092E+00
  3.585500E+03 -3.139183E+00
  3.586000E+03 -4.072552E+00
  3.586500E+03 -4.730826E+00
  3.587000E+03 -5.078386E+00
  3.587500E+03 -5.112126E+00
  3.588000E+03 -4.860978E+00
  3.588500E+03 -4.378822E+00
  3.589000E+03 -3.731594E+00
  3.589500E+03 -2.981734E+00
  3.590000E+03 -2.174578E+00
  3.590500E+03 -1.331234E+00
  3.591000E+03 -4.506312E-01
  3.591500E+03  4.795592E-01
  3.592000E+03  1.466665E+00
  3.592500E+03  2.497071E+00
  3.593000E+03  3.526559E+00
  3.593500E+03  4.481083E+00
  3.594000E+03  5.268795E+00
  3.594500E+03  5.800324E+00
  3.595000E+03  6.011424E+00
  3.595500E+03  5.880989E+00
  3.596000E+03  5.438626E+00
  3.596500E+03  4.759052E+00
  3.597000E+03  3.944521E+00
  3.597500E+03  3.100117E+00
  3.598000E+03  2.308890E+00
  3.598500E+03  1.613864E+00
  3.599000E+03  1.011903E+00
  3.599500E+03  4.609708E-01
  3.600000E+03 -1.015309E-01
  3.600500E+03 -7.347933E-01
  3.601000E+03 -1.471969E+00
  3.601500E+03 -2.305402E+00
  3.602000E+03 -3.183958E+00
  3.602500E+03 -4.023232E+00
  3.603000E+03 -4.725764E+00
  3.603500E+03 -5.205495E+00
  3.604000E+03 -5.409467E+00
  3.604500E+03 -5.330506E+00
  3.605000E+03 -5.007167E+00
  3.605500E+03 -4.510987E+00
  3.606000E+03 -3.924869E+00
  3.606500E+03 -3.319226E+00
  3.607000E+03 -2.733355E+00
  3.607500E+03 -2.168050E+00
  3.608000E+03 -1.592037E+00
  3.608500E+03 -9.604090E-01
  3.609000E+03 -2.391544E-01
  3.609500E+03  5.724568E-01
  3.610000E+03  1.429651E+00
  3.610500E+03  2.245260E+00
  3.611000E+03  2.908582E+00
  3.611500E+03  3.315295E+00
  3.612000E+03  3.399789E+00
  3.612500E+03  3.159929E+00
  3.613000E+03  2.666012E+00
  3.613500E+03  2.050036E+00
  3.614000E+03  1.477130E+00
  3.614500E+03  1.106319E+00
  3.615000E+03  1.051037E+00
  3.615500E+03  1.350065E+00
  3.616000E+03  1.956696E+00
  3.616500E+03  2.748887E+00
  3.617000E+03  3.557449E+00
  3.617500E+03  4.204615E+00
  3.618000E+03  4.542922E+00
  3.618500E+03  4.484766E+00
  3.619000E+03  4.016044E+00
  3.619500E+03  3.191848E+00
  3.620000E+03  2.116978E+00
  3.620500E+03  9.177272E-01
  3.621000E+03 -2.869459E-01
  3.621500E+03 -1.407382E+00
  3.622000E+03 -2.393465E+00
  3.622500E+03 -3.232013E+00
  3.623000E+03 -3.933957E+00
  3.623500E+03 -4.516710E+00
  3.624000E+03 -4.988122E+00
  3.624500E+03 -5.337489E+00
  3.625000E+03 -5.536444E+00
  3.625500E+03 -5.549082E+00
  3.626000E+03 -5.347444E+00
  3.626500E+03 -4.926449E+00
  3.627000E+03 -4.312369E+00
  3.627500E+03 -3.560957E+00
  3.628000E+03 -2.744907E+00
  3.628500E+03 -1.934198E+00
  3.629000E+03 -1.175832E+00
  3.629500E+03 -4.803110E-01
  3.630000E+03  1.795743E-01
  3.630500E+03  8.559528E-01
  3.631000E+03  1.602283E+00
  3.631500E+03  2.446326E+00
  3.632000E+03  3.368957E+00
  3.632500E+03  4.296877E+00
  3.633000E+03  5.113193E+00
  3.633500E+03  5.684023E+00
  3.634000E+03  5.893834E+00
  3.634500E+03  5.678838E+00
  3.635000E+03  5.047976E+00
  3.635500E+03  4.084589E+00
  3.636000E+03  2.927924E+00
  3.636500E+03  1.739931E+00
  3.637000E+03  6.673786E-01
  3.637500E+03 -1.894979E-01
  3.638000E+03 -7.930573E-01
  3.638500E+03 -1.165527E+00
  3.639000E+03 -1.370127E+00
  3.639500E+03 -1.483581E+00
  3.640000E+03 -1.569614E+00
  3.640500E+03 -1.661689E+00
  3.641000E+03 -1.759242E+00
  3.641500E+03 -1.836520E+00
  3.642000E+03 -1.858884E+00
  3.642500E+03 -1.799412E+00
  3.643000E+03 -1.649496E+00
  3.643500E+03 -1.420260E+00
  3.644000E+03 -1.135641E+00
  3.644500E+03 -8.213257E-01
  3.645000E+03 -4.950920E-01
  3.645500E+03 -1.630849E-01
  3.646000E+03  1.762957E-01
  3.646500E+03  5.227224E-01
  3.647000E+03  8.630044E-01
  3.647500E+03  1.164244E+00
  3.648000E+03  1.375092E+00
  3.648500E+03  1.436081E+00
  3.649000E+03  1.296479E+00
  3.649500E+03  9.323697E-01
  3.650000E+03  3.597406E-01
  3.650500E+03 -3.623580E-01
  3.651000E+03 -1.140492E+00
  3.651500E+03 -1.865522E+00
  3.652000E+03 -2.436218E+00
  3.652500E+03 -2.781160E+00
  3.653000E+03 -2.872776E+00
  3.653500E+03 -2.729837E+00
  3.654000E+03 -2.408250E+00
  3.654500E+03 -1.983476E+00
  3.655000E+03 -1.530195E+00
  3.655500E+03 -1.105270E+00
  3.656000E+03 -7.385419E-01
  3.656500E+03 -4.331336E-01
  3.657000E+03 -1.737093E-01
  3.657500E+03  6.134840E-02
  3.658000E+03  2.887940E-01
  3.658500E+03  5.144758E-01
  3.659000E+03  7.341375E-01
  3.659500E+03  9.399463E-01
  3.660000E+03  1.129293E+00
  3.660500E+03  1.311478E+00
  3.661000E+03  1.508723E+00
  3.661500E+03  1.750210E+00
  3.662000E+03  2.060746E+00
  3.662500E+03  2.447967E+00
  3.663000E+03  2.892974E+00
  3.663500E+03  3.348342E+00
  3.664000E+03  3.745069E+00
  3.664500E+03  4.006879E+00
  3.665000E+03  4.067783E+00
  3.665500E+03  3.887606E+00
  3.666000E+03  3.460980E+00
  3.666500E+03  2.817576E+00
  3.667000E+03  2.014295E+00
  3.667500E+03  1.122629E+00
  3.668000E+03  2.154751E-01
  3.668500E+03 -6.429349E-01
  3.669000E+03 -1.402236E+00
  3.669500E+03 -2.026871E+00
  3.670000E+03 -2.495042E+00
  3.670500E+03 -2.798237E+00
  3.671000E+03 -2.942796E+00
  3.671500E+03 -2.952916E+00
  3.672000E+03 -2.872718E+00
  3.672500E+03 -2.764245E+00
  3.673000E+03 -2.699221E+00
  3.673500E+03 -2.744695E+00
  3.674000E+03 -2.945506E+00
  3.674500E+03 -3.308589E+00
  3.675000E+03 -3.794503E+00
  3.675500E+03 -4.319896E+00
  3.676000E+03 -4.771374E+00
  3.676500E+03 -5.027637E+00
  3.677000E+03 -4.984013E+00
  3.677500E+03 -4.572900E+00
  3.678000E+03 -3.775102E+00
  3.678500E+03 -2.620249E+00
  3.679000E+03 -1.178034E+00
  3.679500E+03  4.554604E-01
  3.680000E+03  2.171365E+00
  3.680500E+03  3.857947E+00
  3.681000E+03  5.405884E+00
  3.681500E+03  6.710644E+00
  3.682000E+03  7.675279E+00
  3.682500E+03  8.216669E+00
  3.683000E+03  8.276238E+00
  3.683500E+03  7.833289E+00
  3.684000E+03  6.916694E+00
  3.684500E+03  5.609765E+00
  3.685000E+03  4.044378E+00
  3.685500E+03  2.383374E+00
  3.686000E+03  7.940407E-01
  3.686500E+03 -5.813754E-01
  3.687000E+03 -1.650716E+00
  3.687500E+03 -2.385918E+00
  3.688000E+03 -2.822240E+00
  3.688500E+03 -3.042927E+00
  3.689000E+03 -3.153390E+00
  3.689500E+03 -3.251608E+00
  3.690000E+03 -3.402190E+00
  3.690500E+03 -3.620319E+00
  3.691000E+03 -3.869076E+00
  3.691500E+03 -4.070281E+00
  3.692000E+03 -4.125790E+00
  3.692500E+03 -3.943918E+00
  3.693000E+03 -3.464648E+00
  3.693500E+03 -2.677768E+00
  3.694000E+03 -1.629736E+00
  3.694500E+03 -4.177023E-01
  3.695000E+03  8.279448E-01
  3.695500E+03  1.968439E+00
  3.696000E+03  2.883012E+00
  3.696500E+03  3.490486E+00
  3.697000E+03  3.761003E+00
  3.697500E+03  3.715366E+00
  3.698000E+03  3.412878E+00
  3.698500E+03  2.931701E+00
  3.699000E+03  2.347765E+00
  3.699500E+03  1.718394E+00
  3.700000E+03  1.075029E+00
  3.700500E+03  4.262413E-01
  3.701000E+03 -2.312379E-01
  3.701500E+03 -8.983362E-01
  3.702000E+03 -1.561941E+00
  3.702500E+03 -2.190055E+00
  3.703000E+03 -2.735386E+00
  3.703500E+03 -3.145711E+00
  3.704000E+03 -3.376898E+00
  3.704500E+03 -3.403694E+00
  3.705000E+03 -3.224522E+00
  3.705500E+03 -2.859034E+00
  3.706000E+03 -2.339998E+00
  3.706500E+03 -1.703150E+00
  3.707000E+03 -9.790912E-01
  3.707500E+03 -1.902074E-01
  3.708000E+03  6.466859E-01
  3.708500E+03  1.513566E+00
  3.709000E+03  2.383428E+00
  3.709500E+03  3.214841E+00
  3.710000E+03  3.951128E+00
  3.710500E+03  4.524769E+00
  3.711000E+03  4.865978E+00
  3.711500E+03  4.913501E+00
  3.712000E+03  4.625537E+00
  3.712500E+03  3.989149E+00
  3.713000E+03  3.027078E+00
  3.713500E+03  1.801046E+00
  3.714000E+03  4.104915E-01
  3.714500E+03 -1.014536E+00
  3.715000E+03 -2.327254E+00
  3.715500E+03 -3.384503E+00
  3.716000E+03 -4.071111E+00
  3.716500E+03 -4.323489E+00
  3.717000E+03 -4.146132E+00
  3.717500E+03 -3.614991E+00
  3.718000E+03 -2.864358E+00
  3.718500E+03 -2.058351E+00
  3.719000E+03 -1.353149E+00
  3.719500E+03 -8.599109E-01
  3.720000E+03 -6.191742E-01
  3.720500E+03 -5.948407E-01
  3.721000E+03 -6.901384E-01
  3.721500E+03 -7.809750E-01
  3.722000E+03 -7.563251E-01
  3.722500E+03 -5.528027E-01
  3.723000E+03 -1.724233E-01
  3.723500E+03  3.217782E-01
  3.724000E+03  8.300764E-01
  3.724500E+03  1.251403E+00
  3.725000E+03  1.517266E+00
  3.725500E+03  1.612712E+00
  3.726000E+03  1.577751E+00
  3.726500E+03  1.489762E+00
  3.727000E+03  1.433991E+00
  3.727500E+03  1.472995E+00
  3.728000E+03  1.625549E+00
  3.728500E+03  1.861428E+00
  3.729000E+03  2.112464E+00
  3.729500E+03  2.294593E+00
  3.730000E+03  2.332412E+00
  3.730500E+03  2.178041E+00
  3.731000E+03  1.819338E+00
  3.731500E+03  1.277159E+00
  3.732000E+03  5.954324E-01
  3.732500E+03 -1.703625E-01
  3.733000E+03 -9.615760E-01
  3.733500E+03 -1.719807E+00
  3.734000E+03 -2.386888E+00
  3.734500E+03 -2.905141E+00
  3.735000E+03 -3.221472E+00
  3.735500E+03 -3.296625E+00
  3.736000E+03 -3.117468E+00
  3.736500E+03 -2.707419E+00
  3.737000E+03 -2.129335E+00
  3.737500E+03 -1.477160E+00
  3.738000E+03 -8.565633E-01
  3.738500E+03 -3.593963E-01
  3.739000E+03 -3.987939E-02
  3.739500E+03  9.922633E-02
  3.740000E+03  1.051204E-01
  3.740500E+03  5.794279E-02
  3.741000E+03  4.357045E-02
  3.741500E+03  1.253461E-01
  3.742000E+03  3.243836E-01
  3.742500E+03  6.150835E-01
  3.743000E+03  9.370242E-01
  3.743500E+03  1.218503E+00
  3.744000E+03  1.402892E+00
  3.744500E+03  1.468170E+00
  3.745000E+03  1.432774E+00
  3.745500E+03  1.346162E+00
  3.746000E+03  1.268200E+00
  3.746500E+03  1.245510E+00
  3.747000E+03  1.293744E+00
  3.747500E+03  1.392224E+00
  3.748000E+03  1.492466E+00
  3.748500E+03  1.536830E+00
  3.749000E+03  1.479800E+00
  3.749500E+03  1.303750E+00
  3.750000E+03  1.023401E+00
  3.750500E+03  6.778025E-01
  3.751000E+03  3.134821E-01
  3.751500E+03 -3.425553E-02
  3.752000E+03 -3.543683E-01
  3.752500E+03 -6.623154E-01
  3.753000E+03 -9.906374E-01
  3.753500E+03 -1.371552E+00
  3.754000E+03 -1.818302E+00
  3.754500E+03 -2.312485E+00
  3.755000E+03 -2.802395E+00
  3.755500E+03 -3.213426E+00
  3.756000E+03 -3.467278E+00
  3.756500E+03 -3.503710E+00
  3.757000E+03 -3.297766E+00
  3.757500E+03 -2.867081E+00
  3.758000E+03 -2.267237E+00
  3.758500E+03 -1.576977E+00
  3.759000E+03 -8.781099E-01
  3.759500E+03 -2.362242E-01
  3.760000E+03  3.123987E-01
  3.760500E+03  7.645147E-01
  3.761000E+03  1.144092E+00
  3.761500E+03  1.489397E+00
  3.762000E+03  1.837130E+00
  3.762500E+03  2.208125E+00
  3.763000E+03  2.598320E+00
  3.763500E+03  2.977099E+00
  3.764000E+03  3.293259E+00
  3.764500E+03  3.487059E+00
  3.765000E+03  3.505549E+00
  3.765500E+03  3.317580E+00
  3.766000E+03  2.924887E+00
  3.766500E+03  2.366275E+00
  3.767000E+03  1.713327E+00
  3.767500E+03  1.057946E+00
  3.768000E+03  4.941263E-01
  3.768500E+03  9.808230E-02
  3.769000E+03 -8.834559E-02
  3.769500E+03 -6.662263E-02
  3.770000E+03  1.196968E-01
  3.770500E+03  3.959945E-01
  3.771000E+03  6.741912E-01
  3.771500E+03  8.717266E-01
  3.772000E+03  9.264243E-01
  3.772500E+03  8.033560E-01
  3.773000E+03  4.928111E-01
  3.773500E+03  1.801128E-03
  3.774000E+03 -6.561016E-01
  3.774500E+03 -1.467334E+00
  3.775000E+03 -2.417804E+00
  3.775500E+03 -3.485027E+00
  3.776000E+03 -4.626362E+00
  3.776500E+03 -5.769142E+00
  3.777000E+03 -6.808674E+00
  3.777500E+03 -7.617683E+00
  3.778000E+03 -8.066631E+00
  3.778500E+03 -8.050065E+00
  3.779000E+03 -7.511283E+00
  3.779500E+03 -6.457502E+00
  3.780000E+03 -4.960451E+00
  3.780500E+03 -3.142055E+00
  3.781000E+03 -1.149769E+00
  3.781500E+03  8.705479E-01
  3.782000E+03  2.795967E+00
  3.782500E+03  4.536423E+00
  3.783000E+03  6.032304E+00
  3.783500E+03  7.243567E+00
  3.784000E+03  8.137330E+00
  3.784500E+03  8.680957E+00
  3.785000E+03  8.844753E+00
  3.785500E+03  8.613651E+00
  3.786000E+03  8.002685E+00
  3.786500E+03  7.068532E+00
  3.787000E+03  5.910081E+00
  3.787500E+03  4.654836E+00
  3.788000E+03  3.433380E+00
  3.788500E+03  2.349305E+00
  3.789000E+03  1.454564E+00
  3.789500E+03  7.392887E-01
  3.790000E+03  1.406059E-01
  3.790500E+03 -4.313634E-01
  3.791000E+03 -1.058269E+00
  3.791500E+03 -1.780562E+00
  3.792000E+03 -2.577999E+00
  3.792500E+03 -3.370615E+00
  3.793000E+03 -4.040522E+00
  3.793500E+03 -4.467928E+00
  3.794000E+03 -4.570031E+00
  3.794500E+03 -4.330293E+00
  3.795000E+03 -3.808681E+00
  3.795500E+03 -3.129414E+00
  3.796000E+03 -2.449872E+00
  3.796500E+03 -1.920042E+00
  3.797000E+03 -1.644593E+00
  3.797500E+03 -1.658412E+00
  3.798000E+03 -1.922010E+00
  3.798500E+03 -2.336881E+00
  3.799000E+03 -2.775023E+00
  3.799500E+03 -3.113070E+00
  3.800000E+03 -3.260949E+00
  3.800500E+03 -3.177676E+00
  3.801000E+03 -2.871619E+00
  3.801500E+03 -2.387709E+00
  3.802000E+03 -1.787862E+00
  3.802500E+03 -1.132140E+00
  3.803000E+03 -4.667213E-01
  3.803500E+03  1.787324E-01
  3.804000E+03  7.857700E-01
  3.804500E+03  1.338456E+00
  3.805000E+03  1.816789E+00
  3.805500E+03  2.196302E+00
  3.806000E+03  2.454692E+00
  3.806500E+03  2.582704E+00
  3.807000E+03  2.594020E+00
  3.807500E+03  2.528592E+00
  3.808000E+03  2.446111E+00
  3.808500E+03  2.410195E+00
  3.809000E+03  2.468034E+00
  3.809500E+03  2.632778E+00
  3.810000E+03  2.875886E+00
  3.810500E+03  3.133569E+00
  3.811000E+03  3.326437E+00
  3.811500E+03  3.386279E+00
  3.812000E+03  3.280629E+00
  3.812500E+03  3.025759E+00
  3.813000E+03  2.682356E+00
  3.813500E+03  2.334186E+00
  3.814000E+03  2.056435E+00
  3.814500E+03  1.884708E+00
  3.815000E+03  1.796188E+00
  3.815500E+03  1.710756E+00
  3.816000E+03  1.513138E+00
  3.816500E+03  1.089722E+00
  3.817000E+03  3.682481E-01
  3.817500E+03 -6.528728E-01
  3.818000E+03 -1.895683E+00
  3.818500E+03 -3.217638E+00
  3.819000E+03 -4.445920E+00
  3.819500E+03 -5.420327E+00
  3.820000E+03 -6.031443E+00
  3.820500E+03 -6.242779E+00
  3.821000E+03 -6.091238E+00
  3.821500E+03 -5.667507E+00
  3.822000E+03 -5.084161E+00
  3.822500E+03 -4.442417E+00
  3.823000E+03 -3.807740E+00
  3.823500E+03 -3.200436E+00
  3.824000E+03 -2.601864E+00
  3.824500E+03 -1.971825E+00
  3.825000E+03 -1.269940E+00
  3.825500E+03 -4.738161E-01
  3.826000E+03  4.107644E-01
  3.826500E+03  1.348958E+00
  3.827000E+03  2.283525E+00
  3.827500E+03  3.145656E+00
  3.828000E+03  3.866568E+00
  3.828500E+03  4.387656E+00
  3.829000E+03  4.668348E+00
  3.829500E+03  4.691658E+00
  3.830000E+03  4.467364E+00
  3.830500E+03  4.032125E+00
  3.831000E+03  3.445409E+00
  3.831500E+03  2.780362E+00
  3.832000E+03  2.110169E+00
  3.832500E+03  1.492381E+00
  3.833000E+03  9.554501E-01
  3.833500E+03  4.922080E-01
  3.834000E+03  6.370187E-02
  3.834500E+03 -3.861696E-01
  3.835000E+03 -9.085084E-01
  3.835500E+03 -1.526148E+00
  3.836000E+03 -2.216855E+00
  3.836500E+03 -2.909224E+00
  3.837000E+03 -3.493869E+00
  3.837500E+03 -3.847738E+00
  3.838000E+03 -3.865134E+00
  3.838500E+03 -3.486751E+00
  3.839000E+03 -2.718469E+00
  3.839500E+03 -1.634714E+00
  3.840000E+03 -3.656650E-01
  3.840500E+03  9.279019E-01
  3.841000E+03  2.085326E+00
  3.841500E+03  2.974695E+00
  3.842000E+03  3.513201E+00
  3.842500E+03  3.675876E+00
  3.843000E+03  3.492652E+00
  3.843500E+03  3.036264E+00
  3.844000E+03  2.404893E+00
  3.844500E+03  1.703546E+00
  3.845000E+03  1.027339E+00
  3.845500E+03  4.487899E-01
  3.846000E+03  1.018325E-02
  3.846500E+03 -2.785993E-01
  3.847000E+03 -4.369411E-01
  3.847500E+03 -5.057297E-01
  3.848000E+03 -5.363384E-01
  3.848500E+03 -5.784290E-01
  3.849000E+03 -6.691173E-01
  3.849500E+03 -8.259328E-01
  3.850000E+03 -1.045153E+00
  3.850500E+03 -1.305631E+00
  3.851000E+03 -1.576621E+00
  3.851500E+03 -1.826899E+00
  3.852000E+03 -2.032173E+00
  3.852500E+03 -2.178572E+00
  3.853000E+03 -2.261571E+00
  3.853500E+03 -2.281483E+00
  3.854000E+03 -2.237959E+00
  3.854500E+03 -2.126194E+00
  3.855000E+03 -1.936727E+00
  3.855500E+03 -1.659080E+00
  3.856000E+03 -1.287816E+00
  3.856500E+03 -8.284773E-01
  3.857000E+03 -3.008088E-01
  3.857500E+03  2.623057E-01
  3.858000E+03  8.201192E-01
  3.858500E+03  1.331811E+00
  3.859000E+03  1.764149E+00
  3.859500E+03  2.096492E+00
  3.860000E+03  2.321654E+00
  3.860500E+03  2.442783E+00
  3.861000E+03  2.467839E+00
  3.861500E+03  2.404082E+00
  3.862000E+03  2.254817E+00
  3.862500E+03  2.019606E+00
  3.863000E+03  1.697744E+00
  3.863500E+03  1.293531E+00
  3.864000E+03  8.211472E-01
  3.864500E+03  3.071526E-01
  3.865000E+03 -2.105475E-01
  3.865500E+03 -6.871763E-01
  3.866000E+03 -1.077790E+00
  3.866500E+03 -1.344354E+00
  3.867000E+03 -1.461322E+00
  3.867500E+03 -1.418485E+00
  3.868000E+03 -1.220743E+00
  3.868500E+03 -8.854630E-01
  3.869000E+03 -4.386928E-01
  3.869500E+03  8.829582E-02
  3.870000E+03  6.610087E-01
  3.870500E+03  1.241857E+00
  3.871000E+03  1.788861E+00
  3.871500E+03  2.254137E+00
  3.872000E+03  2.583765E+00
  3.872500E+03  2.720491E+00
  3.873000E+03  2.610073E+00
  3.873500E+03  2.210920E+00
  3.874000E+03  1.505469E+00
  3.874500E+03  5.106734E-01
  3.875000E+03 -7.154752E-01
  3.875500E+03 -2.074065E+00
  3.876000E+03 -3.433493E+00
  3.876500E+03 -4.645381E+00
  3.877000E+03 -5.565775E+00
  3.877500E+03 -6.077605E+00
  3.878000E+03 -6.109766E+00
  3.878500E+03 -5.648704E+00
  3.879000E+03 -4.740025E+00
  3.879500E+03 -3.479982E+00
  3.880000E+03 -1.998978E+00
  3.880500E+03 -4.409384E-01
  3.881000E+03  1.057052E+00
  3.881500E+03  2.381036E+00
  3.882000E+03  3.450129E+00
  3.882500E+03  4.219743E+00
  3.883000E+03  4.679334E+00
  3.883500E+03  4.846797E+00
  3.884000E+03  4.761657E+00
  3.884500E+03  4.478424E+00
  3.885000E+03  4.060454E+00
  3.885500E+03  3.573832E+00
  3.886000E+03  3.080519E+00
  3.886500E+03  2.630487E+00
  3.887000E+03  2.253512E+00
  3.887500E+03  1.952351E+00
  3.888000E+03  1.699637E+00
  3.888500E+03  1.440656E+00
  3.889000E+03  1.103023E+00
  3.889500E+03  6.125262E-01
  3.890000E+03 -8.763233E-02
  3.890500E+03 -1.018472E+00
  3.891000E+03 -2.152538E+00
  3.891500E+03 -3.410845E+00
  3.892000E+03 -4.671374E+00
  3.892500E+03 -5.788187E+00
  3.893000E+03 -6.617390E+00
  3.893500E+03 -7.044136E+00
  3.894000E+03 -7.004341E+00
  3.894500E+03 -6.495907E+00
  3.895000E+03 -5.576926E+00
  3.895500E+03 -4.351696E+00
  3.896000E+03 -2.948556E+00
  3.896500E+03 -1.495534E+00
  3.897000E+03 -1.000050E-01
  3.897500E+03  1.163038E+00
  3.898000E+03  2.252446E+00
  3.898500E+03  3.153668E+00
  3.899000E+03  3.866909E+00
  3.899500E+03  4.395754E+00
  3.900000E+03  4.740521E+00
  3.900500E+03  4.898301E+00
  3.901000E+03  4.868804E+00
  3.901500E+03  4.662769E+00
  3.902000E+03  4.308649E+00
  3.902500E+03  3.853975E+00
  3.903000E+03  3.359795E+00
  3.903500E+03  2.889254E+00
  3.904000E+03  2.493595E+00
  3.904500E+03  2.199889E+00
  3.905000E+03  2.004302E+00
  3.905500E+03  1.872956E+00
  3.906000E+03  1.750117E+00
  3.906500E+03  1.571388E+00
  3.907000E+03  1.278490E+00
  3.907500E+03  8.322115E-01
  3.908000E+03  2.210692E-01
  3.908500E+03 -5.354808E-01
  3.909000E+03 -1.389277E+00
  3.909500E+03 -2.270407E+00
  3.910000E+03 -3.097874E+00
  3.910500E+03 -3.792792E+00
  3.911000E+03 -4.292562E+00
  3.911500E+03 -4.563838E+00
  3.912000E+03 -4.611396E+00
  3.912500E+03 -4.479830E+00
  3.913000E+03 -4.245825E+00
  3.913500E+03 -4.000829E+00
  3.914000E+03 -3.826885E+00
  3.914500E+03 -3.771329E+00
  3.915000E+03 -3.827794E+00
  3.915500E+03 -3.930430E+00
  3.916000E+03 -3.965296E+00
  3.916500E+03 -3.797864E+00
  3.917000E+03 -3.310281E+00
  3.917500E+03 -2.438031E+00
  3.918000E+03 -1.194771E+00
  3.918500E+03  3.231246E-01
  3.919000E+03  1.954942E+00
  3.919500E+03  3.512449E+00
  3.920000E+03  4.824651E+00
  3.920500E+03  5.777163E+00
  3.921000E+03  6.334396E+00
  3.921500E+03  6.538150E+00
  3.922000E+03  6.483819E+00
  3.922500E+03  6.282548E+00
  3.923000E+03  6.022093E+00
  3.923500E+03  5.739139E+00
  3.924000E+03  5.411701E+00
  3.924500E+03  4.973221E+00
  3.925000E+03  4.342741E+00
  3.925500E+03  3.460330E+00
  3.926000E+03  2.315609E+00
  3.926500E+03  9.599626E-01
  3.927000E+03 -5.011929E-01
  3.927500E+03 -1.933034E+00
  3.928000E+03 -3.204368E+00
  3.928500E+03 -4.218314E+00
  3.929000E+03 -4.931146E+00
  3.929500E+03 -5.354170E+00
  3.930000E+03 -5.539237E+00
  3.930500E+03 -5.553734E+00
  3.931000E+03 -5.453917E+00
  3.931500E+03 -5.265488E+00
  3.932000E+03 -4.977480E+00
  3.932500E+03 -4.550892E+00
  3.933000E+03 -3.938658E+00
  3.933500E+03 -3.109939E+00
  3.934000E+03 -2.070499E+00
  3.934500E+03 -8.722681E-01
  3.935000E+03  3.912442E-01
  3.935500E+03  1.602586E+00
  3.936000E+03  2.645815E+00
  3.936500E+03  3.432095E+00
  3.937000E+03  3.917718E+00
  3.937500E+03  4.109190E+00
  3.938000E+03  4.054107E+00
  3.938500E+03  3.821059E+00
  3.939000E+03  3.475339E+00
  3.939500E+03  3.058627E+00
  3.940000E+03  2.579539E+00
  3.940500E+03  2.018310E+00
  3.941000E+03  1.344071E+00
  3.941500E+03  5.387413E-01
  3.942000E+03 -3.810061E-01
  3.942500E+03 -1.351952E+00
  3.943000E+03 -2.267835E+00
  3.943500E+03 -2.998312E+00
  3.944000E+03 -3.418375E+00
  3.944500E+03 -3.439630E+00
  3.945000E+03 -3.034078E+00
  3.945500E+03 -2.243366E+00
  3.946000E+03 -1.171088E+00
  3.946500E+03  3.905239E-02
  3.947000E+03  1.232284E+00
  3.947500E+03  2.270533E+00
  3.948000E+03  3.051784E+00
  3.948500E+03  3.517540E+00
  3.949000E+03  3.649253E+00
  3.949500E+03  3.458111E+00
  3.950000E+03  2.973904E+00
  3.950500E+03  2.237636E+00
  3.951000E+03  1.299676E+00
  3.951500E+03  2.220029E-01
  3.952000E+03 -9.191811E-01
  3.952500E+03 -2.034491E+00
  3.953000E+03 -3.028396E+00
  3.953500E+03 -3.811753E+00
  3.954000E+03 -4.316565E+00
  3.954500E+03 -4.508280E+00
  3.955000E+03 -4.391435E+00
  3.955500E+03 -4.006642E+00
  3.956000E+03 -3.419849E+00
  3.956500E+03 -2.707325E+00
  3.957000E+03 -1.940809E+00
  3.957500E+03 -1.176660E+00
  3.958000E+03 -4.508234E-01
  3.958500E+03  2.207446E-01
  3.959000E+03  8.381557E-01
  3.959500E+03  1.412366E+00
  3.960000E+03  1.959972E+00
  3.960500E+03  2.498003E+00
  3.961000E+03  3.037857E+00
  3.961500E+03  3.577816E+00
  3.962000E+03  4.095035E+00
  3.962500E+03  4.539747E+00
  3.963000E+03  4.835612E+00
  3.963500E+03  4.889530E+00
  3.964000E+03  4.611684E+00
  3.964500E+03  3.942554E+00
  3.965000E+03  2.879756E+00
  3.965500E+03  1.495522E+00
  3.966000E+03 -6.330830E-02
  3.966500E+03 -1.596470E+00
  3.967000E+03 -2.889725E+00
  3.967500E+03 -3.763093E+00
  3.968000E+03 -4.114286E+00
  3.968500E+03 -3.943919E+00
  3.969000E+03 -3.353915E+00
  3.969500E+03 -2.518625E+00
  3.970000E+03 -1.636885E+00
  3.970500E+03 -8.796368E-01
  3.971000E+03 -3.492392E-01
  3.971500E+03 -6.281074E-02
  3.972000E+03  3.620842E-02
  3.972500E+03  4.361522E-02
  3.973000E+03  5.015259E-02
  3.973500E+03  1.034832E-01
  3.974000E+03  1.899548E-01
  3.974500E+03  2.423564E-01
  3.975000E+03  1.704151E-01
  3.975500E+03 -9.741482E-02
  3.976000E+03 -5.763906E-01
  3.976500E+03 -1.206219E+00
  3.977000E+03 -1.857782E+00
  3.977500E+03 -2.364541E+00
  3.978000E+03 -2.568858E+00
  3.978500E+03 -2.368473E+00
  3.979000E+03 -1.748449E+00
  3.979500E+03 -7.887658E-01
  3.980000E+03  3.542734E-01
  3.980500E+03  1.486575E+00
  3.981000E+03  2.422746E+00
  3.981500E+03  3.027046E+00
  3.982000E+03  3.238106E+00
  3.982500E+03  3.072503E+00
  3.983000E+03  2.609018E+00
  3.983500E+03  1.960668E+00
  3.984000E+03  1.244034E+00
  3.984500E+03  5.545527E-01
  3.985000E+03 -4.692573E-02
  3.985500E+03 -5.353635E-01
  3.986000E+03 -9.133339E-01
  3.986500E+03 -1.198259E+00
  3.987000E+03 -1.409977E+00
  3.987500E+03 -1.562033E+00
  3.988000E+03 -1.657934E+00
  3.988500E+03 -1.691758E+00
  3.989000E+03 -1.651551E+00
  3.989500E+03 -1.523878E+00
  3.990000E+03 -1.298416E+00
  3.990500E+03 -9.720581E-01
  3.991000E+03 -5.522183E-01
  3.991500E+03 -5.884697E-02
  3.992000E+03  4.756005E-01
  3.992500E+03  1.009058E+00
  3.993000E+03  1.495898E+00
  3.993500E+03  1.895395E+00
  3.994000E+03  2.180662E+00
  3.994500E+03  2.345359E+00
  3.995000E+03  2.405553E+00
  3.995500E+03  2.395327E+00
  3.996000E+03  2.356647E+00
  3.996500E+03  2.326064E+00
  3.997000E+03  2.322178E+00
  3.997500E+03  2.337845E+00
  3.998000E+03  2.339829E+00
  3.998500E+03  2.276240E+00
  3.999000E+03  2.089681E+00
  3.999500E+03  1.732264E+00
  4.000000E+03  1.178236E+00
  4.000500E+03  4.310115E-01
  4.001000E+03 -4.766330E-01
  4.001500E+03 -1.488219E+00
  4.002000E+03 -2.532592E+00
  4.002500E+03 -3.533393E+00
  4.003000E+03 -4.416793E+00
  4.003500E+03 -5.116726E+00
  4.004000E+03 -5.578231E+00
  4.004500E+03 -5.760241E+00
  4.005000E+03 -5.638960E+00
  4.005500E+03 -5.212029E+00
  4.006000E+03 -4.502482E+00
  4.006500E+03 -3.560718E+00
  4.007000E+03 -2.462729E+00
  4.007500E+03 -1.303668E+00
  4.008000E+03 -1.871910E-01
  4.008500E+03  7.876738E-01
  4.009000E+03  1.539697E+00
  4.009500E+03  2.016274E+00
  4.010000E+03  2.200278E+00
  4.010500E+03  2.112299E+00
  4.011000E+03  1.808453E+00
  4.011500E+03  1.374251E+00
  4.012000E+03  9.149819E-01
  4.012500E+03  5.429262E-01
  4.013000E+03  3.619066E-01
  4.013500E+03  4.504543E-01
  4.014000E+03  8.460118E-01
  4.014500E+03  1.533632E+00
  4.015000E+03  2.442857E+00
  4.015500E+03  3.455383E+00
  4.016000E+03  4.423707E+00
  4.016500E+03  5.197779E+00
  4.017000E+03  5.653866E+00
  4.017500E+03  5.718380E+00
  4.018000E+03  5.380263E+00
  4.018500E+03  4.688466E+00
  4.019000E+03  3.735447E+00
  4.019500E+03  2.631816E+00
  4.020000E+03  1.479987E+00
  4.020500E+03  3.547202E-01
  4.021000E+03 -7.041400E-01
  4.021500E+03 -1.685841E+00
  4.022000E+03 -2.593483E+00
  4.022500E+03 -3.426187E+00
  4.023000E+03 -4.166015E+00
  4.023500E+03 -4.774812E+00
  4.024000E+03 -5.202129E+00
  4.024500E+03 -5.401025E+00
  4.025000E+03 -5.345587E+00
  4.025500E+03 -5.043368E+00
  4.026000E+03 -4.537936E+00
  4.026500E+03 -3.900314E+00
  4.027000E+03 -3.212146E+00
  4.027500E+03 -2.546113E+00
  4.028000E+03 -1.949905E+00
  4.028500E+03 -1.438460E+00
  4.029000E+03 -9.961879E-01
  4.029500E+03 -5.875490E-01
  4.030000E+03 -1.719040E-01
  4.030500E+03  2.822373E-01
  4.031000E+03  7.875639E-01
  4.031500E+03  1.334842E+00
  4.032000E+03  1.895953E+00
  4.032500E+03  2.430987E+00
  4.033000E+03  2.896640E+00
  4.033500E+03  3.253544E+00
  4.034000E+03  3.471292E+00
  4.034500E+03  3.531055E+00
  4.035000E+03  3.426510E+00
  4.035500E+03  3.163999E+00
  4.036000E+03  2.762486E+00
  4.036500E+03  2.253295E+00
  4.037000E+03  1.679117E+00
  4.037500E+03  1.091566E+00
  4.038000E+03  5.467406E-01
  4.038500E+03  9.875031E-02
  4.039000E+03 -2.082248E-01
  4.039500E+03 -3.481424E-01
  4.040000E+03 -3.199327E-01
  4.040500E+03 -1.511420E-01
  4.041000E+03  1.032166E-01
  4.041500E+03  3.675238E-01
  4.042000E+03  5.578931E-01
  4.042500E+03  5.982942E-01
  4.043000E+03  4.373359E-01
  4.043500E+03  6.167543E-02
  4.044000E+03 -4.978888E-01
  4.044500E+03 -1.170242E+00
  4.045000E+03 -1.857853E+00
  4.045500E+03 -2.457960E+00
  4.046000E+03 -2.885787E+00
  4.046500E+03 -3.093409E+00
  4.047000E+03 -3.078801E+00
  4.047500E+03 -2.882387E+00
  4.048000E+03 -2.572247E+00
  4.048500E+03 -2.222842E+00
  4.049000E+03 -1.894157E+00
  4.049500E+03 -1.617891E+00
  4.050000E+03 -1.394619E+00
  4.050500E+03 -1.201740E+00
  4.051000E+03 -1.008051E+00
  4.051500E+03 -7.884934E-01
  4.052000E+03 -5.329278E-01
  4.052500E+03 -2.456307E-01
  4.053000E+03  6.356679E-02
  4.053500E+03  3.917139E-01
  4.054000E+03  7.520975E-01
  4.054500E+03  1.174870E+00
  4.055000E+03  1.696873E+00
  4.055500E+03  2.343334E+00
  4.056000E+03  3.108113E+00
  4.056500E+03  3.940713E+00
  4.057000E+03  4.746510E+00
  4.057500E+03  5.402244E+00
  4.058000E+03  5.783221E+00
  4.058500E+03  5.794169E+00
  4.059000E+03  5.393953E+00
  4.059500E+03  4.606172E+00
  4.060000E+03  3.512372E+00
  4.060500E+03  2.230483E+00
  4.061000E+03  8.859404E-01
  4.061500E+03 -4.149592E-01
  4.062000E+03 -1.601333E+00
  4.062500E+03 -2.639676E+00
  4.063000E+03 -3.522989E+00
  4.063500E+03 -4.253001E+00
  4.064000E+03 -4.823484E+00
  4.064500E+03 -5.211508E+00
  4.065000E+03 -5.379981E+00
  4.065500E+03 -5.290191E+00
  4.066000E+03 -4.919278E+00
  4.066500E+03 -4.275844E+00
  4.067000E+03 -3.407751E+00
  4.067500E+03 -2.399119E+00
  4.068000E+03 -1.357216E+00
  4.068500E+03 -3.931767E-01
  4.069000E+03  3.979509E-01
  4.069500E+03  9.526498E-01
  4.070000E+03  1.246571E+00
  4.070500E+03  1.293618E+00
  4.071000E+03  1.138018E+00
  4.071500E+03  8.423113E-01
  4.072000E+03  4.744497E-01
  4.072500E+03  9.659234E-02
  4.073000E+03 -2.427942E-01
  4.073500E+03 -5.129017E-01
  4.074000E+03 -7.006711E-01
  4.074500E+03 -8.075033E-01
  4.075000E+03 -8.434197E-01
  4.075500E+03 -8.198526E-01
  4.076000E+03 -7.426281E-01
  4.076500E+03 -6.069235E-01
  4.077000E+03 -3.958300E-01
  4.077500E+03 -8.346370E-02
  4.078000E+03  3.575860E-01
  4.078500E+03  9.460134E-01
  4.079000E+03  1.681361E+00
  4.079500E+03  2.536386E+00
  4.080000E+03  3.454731E+00
  4.080500E+03  4.355120E+00
  4.081000E+03  5.141648E+00
  4.081500E+03  5.718129E+00
  4.082000E+03  6.003474E+00
  4.082500E+03  5.944914E+00
  4.083000E+03  5.526439E+00
  4.083500E+03  4.771038E+00
  4.084000E+03  3.736632E+00
  4.084500E+03  2.506780E+00
  4.085000E+03  1.178085E+00
  4.085500E+03 -1.534041E-01
  4.086000E+03 -1.404477E+00
  4.086500E+03 -2.513736E+00
  4.087000E+03 -3.445890E+00
  4.087500E+03 -4.190844E+00
  4.088000E+03 -4.758050E+00
  4.088500E+03 -5.167626E+00
  4.089000E+03 -5.440526E+00
  4.089500E+03 -5.590301E+00
  4.090000E+03 -5.618660E+00
  4.090500E+03 -5.515937E+00
  4.091000E+03 -5.266204E+00
  4.091500E+03 -4.855302E+00
  4.092000E+03 -4.279231E+00
  4.092500E+03 -3.550229E+00
  4.093000E+03 -2.698691E+00
  4.093500E+03 -1.770445E+00
  4.094000E+03 -8.203477E-01
  4.094500E+03  9.584522E-02
  4.095000E+03  9.291464E-01
  4.095500E+03  1.642902E+00
  4.096000E+03  2.215618E+00
  4.096500E+03  2.641358E+00
  4.097000E+03  2.928554E+00
  4.097500E+03  3.097935E+00
  4.098000E+03  3.179721E+00
  4.098500E+03  3.209648E+00
  4.099000E+03  3.223192E+00
  4.099500E+03  3.247924E+00
  4.100000E+03  3.294979E+00
  4.100500E+03  3.351895E+00
  4.101000E+03  3.379712E+00
  4.101500E+03  3.316920E+00
  4.102000E+03  3.091241E+00
  4.102500E+03  2.637836E+00
  4.103000E+03  1.920042E+00
  4.103500E+03  9.470806E-01
  4.104000E+03 -2.168688E-01
  4.104500E+03 -1.456095E+00
  4.105000E+03 -2.620008E+00
  4.105500E+03 -3.550085E+00
  4.106000E+03 -4.111170E+00
  4.106500E+03 -4.219723E+00
  4.107000E+03 -3.862180E+00
  4.107500E+03 -3.099025E+00
  4.108000E+03 -2.053667E+00
  4.108500E+03 -8.888719E-01
  4.109000E+03  2.237680E-01
  4.109500E+03  1.134567E+00
  4.110000E+03  1.740371E+00
  4.110500E+03  1.998532E+00
  4.111000E+03  1.928299E+00
  4.111500E+03  1.600400E+00
  4.112000E+03  1.117885E+00
  4.112500E+03  5.927400E-01
  4.113000E+03  1.232735E-01
  4.113500E+03 -2.232326E-01
  4.114000E+03 -4.194488E-01
  4.114500E+03 -4.772450E-01
  4.115000E+03 -4.381528E-01
  4.115500E+03 -3.578832E-01
  4.116000E+03 -2.890531E-01
  4.116500E+03 -2.665916E-01
  4.117000E+03 -2.994676E-01
  4.117500E+03 -3.705754E-01
  4.118000E+03 -4.442833E-01
  4.118500E+03 -4.789882E-01
  4.119000E+03 -4.406754E-01
  4.119500E+03 -3.134010E-01
  4.120000E+03 -1.038122E-01
  4.120500E+03  1.611117E-01
  4.121000E+03  4.417104E-01
  4.121500E+03  6.957115E-01
  4.122000E+03  8.873173E-01
  4.122500E+03  9.927202E-01
  4.123000E+03  1.001130E+00
  4.123500E+03  9.122210E-01
  4.124000E+03  7.321469E-01
  4.124500E+03  4.704765E-01
  4.125000E+03  1.395086E-01
  4.125500E+03 -2.440666E-01
  4.126000E+03 -6.566392E-01
  4.126500E+03 -1.066451E+00
  4.127000E+03 -1.435447E+00
  4.127500E+03 -1.724640E+00
  4.128000E+03 -1.901721E+00
  4.128500E+03 -1.948296E+00
  4.129000E+03 -1.863882E+00
  4.129500E+03 -1.664726E+00
  4.130000E+03 -1.377481E+00
  4.130500E+03 -1.029900E+00
  4.131000E+03 -6.421810E-01
  4.131500E+03 -2.226834E-01
  4.132000E+03  2.297402E-01
  4.132500E+03  7.171127E-01
  4.133000E+03  1.230501E+00
  4.133500E+03  1.739924E+00
  4.134000E+03  2.191039E+00
  4.134500E+03  2.511786E+00
  4.135000E+03  2.628738E+00
  4.135500E+03  2.489193E+00
  4.136000E+03  2.082186E+00
  4.136500E+03  1.450909E+00
  4.137000E+03  6.908605E-01
  4.137500E+03 -6.788589E-02
  4.138000E+03 -6.908846E-01
  4.138500E+03 -1.074115E+00
  4.139000E+03 -1.173227E+00
  4.139500E+03 -1.017867E+00
  4.140000E+03 -7.055802E-01
  4.140500E+03 -3.756528E-01
  4.141000E+03 -1.694110E-01
  4.141500E+03 -1.879919E-01
  4.142000E+03 -4.599421E-01
  4.142500E+03 -9.286222E-01
  4.143000E+03 -1.463901E+00
  4.143500E+03 -1.895597E+00
  4.144000E+03 -2.059698E+00
  4.144500E+03 -1.844499E+00
  4.145000E+03 -1.223703E+00
  4.145500E+03 -2.672214E-01
  4.146000E+03  8.732178E-01
  4.146500E+03  1.999428E+00
  4.147000E+03  2.913175E+00
  4.147500E+03  3.461067E+00
  4.148000E+03  3.566424E+00
  4.148500E+03  3.240879E+00
  4.149000E+03  2.574475E+00
  4.149500E+03  1.708844E+00
  4.150000E+03  8.020208E-01
  4.150500E+03 -5.442651E-03
  4.151000E+03 -6.151423E-01
  4.151500E+03 -9.820463E-01
  4.152000E+03 -1.112324E+00
  4.152500E+03 -1.051273E+00
  4.153000E+03 -8.665683E-01
  4.153500E+03 -6.318490E-01
  4.154000E+03 -4.140358E-01
  4.154500E+03 -2.655999E-01
  4.155000E+03 -2.211702E-01
  4.155500E+03 -2.969716E-01
  4.156000E+03 -4.916779E-01
  4.156500E+03 -7.880019E-01
  4.157000E+03 -1.155150E+00
  4.157500E+03 -1.552650E+00
  4.158000E+03 -1.935806E+00
  4.158500E+03 -2.262328E+00
  4.159000E+03 -2.498885E+00
  4.159500E+03 -2.625947E+00
  4.160000E+03 -2.639552E+00
  4.160500E+03 -2.549495E+00
  4.161000E+03 -2.374621E+00
  4.161500E+03 -2.136846E+00
  4.162000E+03 -1.855890E+00
  4.162500E+03 -1.546285E+00
  4.163000E+03 -1.217201E+00
  4.163500E+03 -8.743845E-01
  4.164000E+03 -5.226602E-01
  4.164500E+03 -1.672173E-01
  4.165000E+03  1.874568E-01
  4.165500E+03  5.409325E-01
  4.166000E+03  9.011028E-01
  4.166500E+03  1.287084E+00
  4.167000E+03  1.728434E+00
  4.167500E+03  2.259274E+00
  4.168000E+03  2.907565E+00
  4.168500E+03  3.681664E+00
  4.169000E+03  4.557825E+00
  4.169500E+03  5.472850E+00
  4.170000E+03  6.325401E+00
  4.170500E+03  6.987629E+00
  4.171000E+03  7.326040E+00
  4.171500E+03  7.227825E+00
  4.172000E+03  6.626783E+00
  4.172500E+03  5.522367E+00
  4.173000E+03  3.986429E+00
  4.173500E+03  2.154939E+00
  4.174000E+03  2.056572E-01
  4.174500E+03 -1.673590E+00
  4.175000E+03 -3.318657E+00
  4.175500E+03 -4.616746E+00
  4.176000E+03 -5.521314E+00
  4.176500E+03 -6.050973E+00
  4.177000E+03 -6.273510E+00
  4.177500E+03 -6.280252E+00
  4.178000E+03 -6.158556E+00
  4.178500E+03 -5.970298E+00
  4.179000E+03 -5.741990E+00
  4.179500E+03 -5.468118E+00
  4.180000E+03 -5.124959E+00
  4.180500E+03 -4.688831E+00
  4.181000E+03 -4.151702E+00
  4.181500E+03 -3.528474E+00
  4.182000E+03 -2.853678E+00
  4.182500E+03 -2.169414E+00
  4.183000E+03 -1.509656E+00
  4.183500E+03 -8.873560E-01
  4.184000E+03 -2.896786E-01
  4.184500E+03  3.163946E-01
  4.185000E+03  9.697482E-01
  4.185500E+03  1.697003E+00
  4.186000E+03  2.496928E+00
  4.186500E+03  3.332919E+00
  4.187000E+03  4.136337E+00
  4.187500E+03  4.819934E+00
  4.188000E+03  5.297404E+00
  4.188500E+03  5.503469E+00
  4.189000E+03  5.409088E+00
  4.189500E+03  5.028258E+00
  4.190000E+03  4.415477E+00
  4.190500E+03  3.655406E+00
  4.191000E+03  2.847740E+00
  4.191500E+03  2.090656E+00
  4.192000E+03  1.465571E+00
  4.192500E+03  1.024998E+00
  4.193000E+03  7.845523E-01
  4.193500E+03  7.198343E-01
  4.194000E+03  7.689261E-01
  4.194500E+03  8.411554E-01
  4.195000E+03  8.321224E-01
  4.195500E+03  6.436574E-01
  4.196000E+03  2.056293E-01
  4.196500E+03 -5.049693E-01
  4.197000E+03 -1.452708E+00
  4.197500E+03 -2.544147E+00
  4.198000E+03 -3.641404E+00
  4.198500E+03 -4.586757E+00
  4.199000E+03 -5.232976E+00
  4.199500E+03 -5.472150E+00
  4.200000E+03 -5.255988E+00
  4.200500E+03 -4.602918E+00
  4.201000E+03 -3.591019E+00
  4.201500E+03 -2.339756E+00
  4.202000E+03 -9.862342E-01
  4.202500E+03  3.375084E-01
  4.203000E+03  1.521007E+00
  4.203500E+03  2.483326E+00
  4.204000E+03  3.173268E+00
  4.204500E+03  3.564976E+00
  4.205000E+03  3.652724E+00
  4.205500E+03  3.447727E+00
  4.206000E+03  2.977724E+00
  4.206500E+03  2.287952E+00
  4.207000E+03  1.440901E+00
  4.207500E+03  5.125055E-01
  4.208000E+03 -4.160663E-01
  4.208500E+03 -1.269665E+00
  4.209000E+03 -1.990330E+00
  4.209500E+03 -2.544694E+00
  4.210000E+03 -2.924898E+00
  4.210500E+03 -3.142560E+00
  4.211000E+03 -3.217888E+00
  4.211500E+03 -3.167963E+00
  4.212000E+03 -2.998662E+00
  4.212500E+03 -2.703401E+00
  4.213000E+03 -2.269293E+00
  4.213500E+03 -1.688447E+00
  4.214000E+03 -9.699757E-01
  4.214500E+03 -1.477761E-01
  4.215000E+03  7.194935E-01
  4.215500E+03  1.557127E+00
  4.216000E+03  2.289486E+00
  4.216500E+03  2.856860E+00
  4.217000E+03  3.228600E+00
  4.217500E+03  3.408220E+00
  4.218000E+03  3.428806E+00
  4.218500E+03  3.340276E+00
  4.219000E+03  3.192731E+00
  4.219500E+03  3.021303E+00
  4.220000E+03  2.837223E+00
  4.220500E+03  2.627612E+00
  4.221000E+03  2.363507E+00
  4.221500E+03  2.012968E+00
  4.222000E+03  1.554698E+00
  4.222500E+03  9.877401E-01
  4.223000E+03  3.345589E-01
  4.223500E+03 -3.628533E-01
  4.224000E+03 -1.051839E+00
  4.224500E+03 -1.679586E+00
  4.225000E+03 -2.201909E+00
  4.225500E+03 -2.588091E+00
  4.226000E+03 -2.821344E+00
  4.226500E+03 -2.896145E+00
  4.227000E+03 -2.814600E+00
  4.227500E+03 -2.583890E+00
  4.228000E+03 -2.215907E+00
  4.228500E+03 -1.728851E+00
  4.229000E+03 -1.149460E+00
  4.229500E+03 -5.141881E-01
  4.230000E+03  1.319556E-01
  4.230500E+03  7.392042E-01
  4.231000E+03  1.258662E+00
  4.231500E+03  1.648280E+00
  4.232000E+03  1.877647E+00
  4.232500E+03  1.930638E+00
  4.233000E+03  1.805828E+00
  4.233500E+03  1.515313E+00
  4.234000E+03  1.082780E+00
  4.234500E+03  5.414403E-01
  4.235000E+03 -6.819902E-02
  4.235500E+03 -7.012146E-01
  4.236000E+03 -1.312323E+00
  4.236500E+03 -1.861097E+00
  4.237000E+03 -2.317428E+00
  4.237500E+03 -2.665559E+00
  4.238000E+03 -2.904857E+00
  4.238500E+03 -3.046254E+00
  4.239000E+03 -3.104815E+00
  4.239500E+03 -3.090590E+00
  4.240000E+03 -3.001104E+00
  4.240500E+03 -2.818806E+00
  4.241000E+03 -2.515342E+00
  4.241500E+03 -2.062091E+00
  4.242000E+03 -1.443783E+00
  4.242500E+03 -6.703583E-01
  4.243000E+03  2.177288E-01
  4.243500E+03  1.153605E+00
  4.244000E+03  2.057093E+00
  4.244500E+03  2.853084E+00
  4.245000E+03  3.489182E+00
  4.245500E+03  3.946598E+00
  4.246000E+03  4.240373E+00
  4.246500E+03  4.408761E+00
  4.247000E+03  4.495443E+00
  4.247500E+03  4.530884E+00
  4.248000E+03  4.519439E+00
  4.248500E+03  4.436771E+00
  4.249000E+03  4.238429E+00
  4.249500E+03  3.876538E+00
  4.250000E+03  3.318805E+00
  4.250500E+03  2.563534E+00
  4.251000E+03  1.645976E+00
  4.251500E+03  6.345178E-01
  4.252000E+03 -3.815047E-01
  4.252500E+03 -1.308282E+00
  4.253000E+03 -2.063681E+00
  4.253500E+03 -2.589554E+00
  4.254000E+03 -2.858740E+00
  4.254500E+03 -2.877119E+00
  4.255000E+03 -2.682070E+00
  4.255500E+03 -2.338411E+00
  4.256000E+03 -1.931922E+00
  4.256500E+03 -1.559706E+00
  4.257000E+03 -1.316635E+00
  4.257500E+03 -1.278424E+00
  4.258000E+03 -1.483953E+00
  4.258500E+03 -1.921392E+00
  4.259000E+03 -2.523372E+00
  4.259500E+03 -3.175055E+00
  4.260000E+03 -3.735647E+00
  4.260500E+03 -4.069534E+00
  4.261000E+03 -4.079420E+00
  4.261500E+03 -3.732124E+00
  4.262000E+03 -3.069003E+00
  4.262500E+03 -2.197096E+00
  4.263000E+03 -1.262836E+00
  4.263500E+03 -4.155789E-01
  4.264000E+03  2.285610E-01
  4.264500E+03  6.123000E-01
  4.265000E+03  7.453852E-01
  4.265500E+03  6.942341E-01
  4.266000E+03  5.576021E-01
  4.266500E+03  4.368331E-01
  4.267000E+03  4.101398E-01
  4.267500E+03  5.180546E-01
  4.268000E+03  7.627010E-01
  4.268500E+03  1.118591E+00
  4.269000E+03  1.549014E+00
  4.269500E+03  2.020961E+00
  4.270000E+03  2.513033E+00
  4.270500E+03  3.014265E+00
  4.271000E+03  3.515624E+00
  4.271500E+03  3.998879E+00
  4.272000E+03  4.428410E+00
  4.272500E+03  4.750226E+00
  4.273000E+03  4.899617E+00
  4.273500E+03  4.815560E+00
  4.274000E+03  4.457465E+00
  4.274500E+03  3.818913E+00
  4.275000E+03  2.933918E+00
  4.275500E+03  1.873588E+00
  4.276000E+03  7.339331E-01
  4.276500E+03 -3.818591E-01
  4.277000E+03 -1.381953E+00
  4.277500E+03 -2.200508E+00
  4.278000E+03 -2.805124E+00
  4.278500E+03 -3.195992E+00
  4.279000E+03 -3.398009E+00
  4.279500E+03 -3.448922E+00
  4.280000E+03 -3.387335E+00
  4.280500E+03 -3.244018E+00
  4.281000E+03 -3.038563E+00
  4.281500E+03 -2.781456E+00
  4.282000E+03 -2.479845E+00
  4.282500E+03 -2.144033E+00
  4.283000E+03 -1.791662E+00
  4.283500E+03 -1.447494E+00
  4.284000E+03 -1.138489E+00
  4.284500E+03 -8.858122E-01
  4.285000E+03 -6.968612E-01
  4.285500E+03 -5.607223E-01
  4.286000E+03 -4.495427E-01
  4.286500E+03 -3.263122E-01
  4.287000E+03 -1.571936E-01
  4.287500E+03  7.535831E-02
  4.288000E+03  3.631502E-01
  4.288500E+03  6.701010E-01
  4.289000E+03  9.388632E-01
  4.289500E+03  1.104894E+00
  4.290000E+03  1.114191E+00
  4.290500E+03  9.396027E-01
  4.291000E+03  5.909544E-01
  4.291500E+03  1.160471E-01
  4.292000E+03 -4.077385E-01
  4.292500E+03 -8.888657E-01
  4.293000E+03 -1.239996E+00
  4.293500E+03 -1.394793E+00
  4.294000E+03 -1.319610E+00
  4.294500E+03 -1.018269E+00
  4.295000E+03 -5.299431E-01
  4.295500E+03  7.840664E-02
  4.296000E+03  7.230510E-01
  4.296500E+03  1.316054E+00
  4.297000E+03  1.777888E+00
  4.297500E+03  2.048955E+00
  4.298000E+03  2.098889E+00
  4.298500E+03  1.932313E+00
  4.299000E+03  1.589549E+00
  4.299500E+03  1.141166E+00
  4.300000E+03  6.762090E-01
  4.300500E+03  2.855693E-01
  4.301000E+03  4.363166E-02
  4.301500E+03 -7.551589E-03
  4.302000E+03  1.326944E-01
  4.302500E+03  4.242872E-01
  4.303000E+03  7.970877E-01
  4.303500E+03  1.169228E+00
  4.304000E+03  1.468251E+00
  4.304500E+03  1.649209E+00
  4.305000E+03  1.704523E+00
  4.305500E+03  1.662689E+00
  4.306000E+03  1.576078E+00
  4.306500E+03  1.501257E+00
  4.307000E+03  1.477506E+00
  4.307500E+03  1.509838E+00
  4.308000E+03  1.561762E+00
  4.308500E+03  1.560446E+00
  4.309000E+03  1.413642E+00
  4.309500E+03  1.034502E+00
  4.310000E+03  3.680745E-01
  4.310500E+03 -5.875634E-01
  4.311000E+03 -1.771613E+00
  4.311500E+03 -3.065855E+00
  4.312000E+03 -4.314814E+00
  4.312500E+03 -5.356717E+00
  4.313000E+03 -6.058025E+00
  4.313500E+03 -6.342767E+00
  4.314000E+03 -6.208682E+00
  4.314500E+03 -5.725257E+00
  4.315000E+03 -5.013478E+00
  4.315500E+03 -4.212310E+00
  4.316000E+03 -3.441026E+00
  4.316500E+03 -2.768123E+00
  4.317000E+03 -2.196025E+00
  4.317500E+03 -1.666300E+00
  4.318000E+03 -1.083933E+00
  4.318500E+03 -3.532526E-01
  4.319000E+03  5.856853E-01
  4.319500E+03  1.731719E+00
  4.320000E+03  3.016224E+00
  4.320500E+03  4.317701E+00
  4.321000E+03  5.492478E+00
  4.321500E+03  6.411577E+00
  4.322000E+03  6.992032E+00
  4.322500E+03  7.213113E+00
  4.323000E+03  7.113197E+00
  4.323500E+03  6.769574E+00
  4.324000E+03  6.268947E+00
  4.324500E+03  5.678983E+00
  4.325000E+03  5.030217E+00
  4.325500E+03  4.313439E+00
  4.326000E+03  3.492095E+00
  4.326500E+03  2.524232E+00
  4.327000E+03  1.385750E+00
  4.327500E+03  8.710108E-02
  4.328000E+03 -1.321514E+00
  4.328500E+03 -2.757095E+00
  4.329000E+03 -4.119626E+00
  4.329500E+03 -5.311096E+00
  4.330000E+03 -6.252061E+00
  4.330500E+03 -6.891885E+00
  4.331000E+03 -7.211499E+00
  4.331500E+03 -7.219958E+00
  4.332000E+03 -6.947467E+00
  4.332500E+03 -6.437563E+00
  4.333000E+03 -5.740236E+00
  4.333500E+03 -4.906568E+00
  4.334000E+03 -3.984678E+00
  4.334500E+03 -3.016635E+00
  4.335000E+03 -2.036407E+00
  4.335500E+03 -1.069365E+00
  4.336000E+03 -1.339373E-01
  4.336500E+03  7.545924E-01
  4.337000E+03  1.579149E+00
  4.337500E+03  2.316721E+00
  4.338000E+03  2.937214E+00
  4.338500E+03  3.406777E+00
  4.339000E+03  3.695512E+00
  4.339500E+03  3.787612E+00
  4.340000E+03  3.690577E+00
  4.340500E+03  3.439944E+00
  4.341000E+03  3.097081E+00
  4.341500E+03  2.739714E+00
  4.342000E+03  2.447276E+00
  4.342500E+03  2.284851E+00
  4.343000E+03  2.289942E+00
  4.343500E+03  2.465288E+00
  4.344000E+03  2.778995E+00
  4.344500E+03  3.171078E+00
  4.345000E+03  3.564001E+00
  4.345500E+03  3.874342E+00
  4.346000E+03  4.023407E+00
  4.346500E+03  3.945788E+00
  4.347000E+03  3.596034E+00
  4.347500E+03  2.954005E+00
  4.348000E+03  2.029166E+00
  4.348500E+03  8.631391E-01
  4.349000E+03 -4.709282E-01
  4.349500E+03 -1.873751E+00
  4.350000E+03 -3.230767E+00
  4.350500E+03 -4.427558E+00
  4.351000E+03 -5.367173E+00
  4.351500E+03 -5.985490E+00
  4.352000E+03 -6.260845E+00
  4.352500E+03 -6.215431E+00
  4.353000E+03 -5.908239E+00
  4.353500E+03 -5.421550E+00
  4.354000E+03 -4.844607E+00
  4.354500E+03 -4.258324E+00
  4.355000E+03 -3.723998E+00
  4.355500E+03 -3.277253E+00
  4.356000E+03 -2.926790E+00
  4.356500E+03 -2.656534E+00
  4.357000E+03 -2.429803E+00
  4.357500E+03 -2.194833E+00
  4.358000E+03 -1.891903E+00
  4.358500E+03 -1.462639E+00
  4.359000E+03 -8.615176E-01
  4.359500E+03 -6.821760E-02
  4.360000E+03  9.020188E-01
  4.360500E+03  1.993692E+00
  4.361000E+03  3.115121E+00
  4.361500E+03  4.152326E+00
  4.362000E+03  4.990689E+00
  4.362500E+03  5.539403E+00
  4.363000E+03  5.752043E+00
  4.363500E+03  5.637054E+00
  4.364000E+03  5.254607E+00
  4.364500E+03  4.700398E+00
  4.365000E+03  4.081085E+00
  4.365500E+03  3.488781E+00
  4.366000E+03  2.982212E+00
  4.366500E+03  2.579750E+00
  4.367000E+03  2.265346E+00
  4.367500E+03  2.003938E+00
  4.368000E+03  1.759831E+00
  4.368500E+03  1.510966E+00
  4.369000E+03  1.254118E+00
  4.369500E+03  9.999511E-01
  4.370000E+03  7.611128E-01
  4.370500E+03  5.393661E-01
  4.371000E+03  3.181274E-01
  4.371500E+03  6.449254E-02
  4.372000E+03 -2.591968E-01
  4.372500E+03 -6.783814E-01
  4.373000E+03 -1.190727E+00
  4.373500E+03 -1.758850E+00
  4.374000E+03 -2.315496E+00
  4.374500E+03 -2.780844E+00
  4.375000E+03 -3.086931E+00
  4.375500E+03 -3.201136E+00
  4.376000E+03 -3.140372E+00
  4.376500E+03 -2.970365E+00
  4.377000E+03 -2.789184E+00
  4.377500E+03 -2.699474E+00
  4.378000E+03 -2.777691E+00
  4.378500E+03 -3.049824E+00
  4.379000E+03 -3.481104E+00
  4.379500E+03 -3.982883E+00
  4.380000E+03 -4.434490E+00
  4.380500E+03 -4.713465E+00
  4.381000E+03 -4.725293E+00
  4.381500E+03 -4.424430E+00
  4.382000E+03 -3.821506E+00
  4.382500E+03 -2.976018E+00
  4.383000E+03 -1.978080E+00
  4.383500E+03 -9.254884E-01
  4.384000E+03  9.709225E-02
  4.384500E+03  1.031668E+00
  4.385000E+03  1.850931E+00
  4.385500E+03  2.553677E+00
  4.386000E+03  3.154850E+00
  4.386500E+03  3.674325E+00
  4.387000E+03  4.127918E+00
  4.387500E+03  4.522540E+00
  4.388000E+03  4.855569E+00
  4.388500E+03  5.117136E+00
  4.389000E+03  5.293500E+00
  4.389500E+03  5.370008E+00
  4.390000E+03  5.332965E+00
  4.390500E+03  5.170648E+00
  4.391000E+03  4.874180E+00
  4.391500E+03  4.438989E+00
  4.392000E+03  3.867019E+00
  4.392500E+03  3.169274E+00
  4.393000E+03  2.367673E+00
  4.393500E+03  1.495180E+00
  4.394000E+03  5.934899E-01
  4.394500E+03 -2.916987E-01
  4.395000E+03 -1.116982E+00
  4.395500E+03 -1.847665E+00
  4.396000E+03 -2.462601E+00
  4.396500E+03 -2.956027E+00
  4.397000E+03 -3.335661E+00
  4.397500E+03 -3.617290E+00
  4.398000E+03 -3.817074E+00
  4.398500E+03 -3.943583E+00
  4.399000E+03 -3.991971E+00
  4.399500E+03 -3.942401E+00
  4.400000E+03 -3.763983E+00
  4.400500E+03 -3.424067E+00
  4.401000E+03 -2.901075E+00
  4.401500E+03 -2.197641E+00
  4.402000E+03 -1.350109E+00
  4.402500E+03 -4.307523E-01
  4.403000E+03  4.593532E-01
  4.403500E+03  1.206491E+00
  4.404000E+03  1.706465E+00
  4.404500E+03  1.887589E+00
  4.405000E+03  1.728496E+00
  4.405500E+03  1.265679E+00
  4.406000E+03  5.881456E-01
  4.406500E+03 -1.799537E-01
  4.407000E+03 -9.045520E-01
  4.407500E+03 -1.468402E+00
  4.408000E+03 -1.792677E+00
  4.408500E+03 -1.848473E+00
  4.409000E+03 -1.656279E+00
  4.409500E+03 -1.274941E+00
  4.410000E+03 -7.842733E-01
  4.410500E+03 -2.665867E-01
  4.411000E+03  2.082368E-01
  4.411500E+03  5.914735E-01
  4.412000E+03  8.578414E-01
  4.412500E+03  1.003010E+00
  4.413000E+03  1.038825E+00
  4.413500E+03  9.883715E-01
  4.414000E+03  8.818543E-01
  4.414500E+03  7.531288E-01
  4.415000E+03  6.360992E-01
  4.415500E+03  5.604692E-01
  4.416000E+03  5.471846E-01
  4.416500E+03  6.048153E-01
  4.417000E+03  7.284404E-01
  4.417500E+03  9.020097E-01
  4.418000E+03  1.103797E+00
  4.418500E+03  1.313052E+00
  4.419000E+03  1.515091E+00
  4.419500E+03  1.702371E+00
  4.420000E+03  1.870719E+00
  4.420500E+03  2.012156E+00
  4.421000E+03  2.107747E+00
  4.421500E+03  2.124656E+00
  4.422000E+03  2.020420E+00
  4.422500E+03  1.754775E+00
  4.423000E+03  1.306007E+00
  4.423500E+03  6.861551E-01
  4.424000E+03 -5.122769E-02
  4.424500E+03 -8.153060E-01
  4.425000E+03 -1.494858E+00
  4.425500E+03 -1.984000E+00
  4.426000E+03 -2.209338E+00
  4.426500E+03 -2.150029E+00
  4.427000E+03 -1.844093E+00
  4.427500E+03 -1.378622E+00
  4.428000E+03 -8.667761E-01
  4.428500E+03 -4.187492E-01
  4.429000E+03 -1.156582E-01
  4.429500E+03  6.010576E-03
  4.430000E+03 -4.430393E-02
  4.430500E+03 -2.229234E-01
  4.431000E+03 -4.711075E-01
  4.431500E+03 -7.343043E-01
  4.432000E+03 -9.749740E-01
  4.432500E+03 -1.175710E+00
  4.433000E+03 -1.333525E+00
  4.433500E+03 -1.449560E+00
  4.434000E+03 -1.519840E+00
  4.434500E+03 -1.531642E+00
  4.435000E+03 -1.467154E+00
  4.435500E+03 -1.312633E+00
  4.436000E+03 -1.068752E+00
  4.436500E+03 -7.571415E-01
  4.437000E+03 -4.196135E-01
  4.437500E+03 -1.094356E-01
  4.438000E+03  1.227764E-01
  4.438500E+03  2.438263E-01
  4.439000E+03  2.482572E-01
  4.439500E+03  1.606237E-01
  4.440000E+03  2.888228E-02
  4.440500E+03 -8.897329E-02
  4.441000E+03 -1.407904E-01
  4.441500E+03 -9.382806E-02
  4.442000E+03  5.779303E-02
  4.442500E+03  2.934406E-01
  4.443000E+03  5.733663E-01
  4.443500E+03  8.504539E-01
  4.444000E+03  1.082727E+00
  4.444500E+03  1.243273E+00
  4.445000E+03  1.325396E+00
  4.445500E+03  1.342336E+00
  4.446000E+03  1.322368E+00
  4.446500E+03  1.301045E+00
  4.447000E+03  1.312682E+00
  4.447500E+03  1.383001E+00
  4.448000E+03  1.524187E+00
  4.448500E+03  1.732891E+00
  4.449000E+03  1.990988E+00
  4.449500E+03  2.268388E+00
  4.450000E+03  2.526977E+00
  4.450500E+03  2.724852E+00
  4.451000E+03  2.820310E+00
  4.451500E+03  2.775463E+00
  4.452000E+03  2.559722E+00
  4.452500E+03  2.153461E+00
  4.453000E+03  1.551989E+00
  4.453500E+03  7.694346E-01
  4.454000E+03 -1.584521E-01
  4.454500E+03 -1.173966E+00
  4.455000E+03 -2.200903E+00
  4.455500E+03 -3.152424E+00
  4.456000E+03 -3.942788E+00
  4.456500E+03 -4.501013E+00
  4.457000E+03 -4.783564E+00
  4.457500E+03 -4.782845E+00
  4.458000E+03 -4.529047E+00
  4.458500E+03 -4.084446E+00
  4.459000E+03 -3.531236E+00
  4.459500E+03 -2.955699E+00
  4.460000E+03 -2.432429E+00
  4.460500E+03 -2.012162E+00
  4.461000E+03 -1.715535E+00
  4.461500E+03 -1.533388E+00
  4.462000E+03 -1.432495E+00
  4.462500E+03 -1.364558E+00
  4.463000E+03 -1.276068E+00
  4.463500E+03 -1.117162E+00
  4.464000E+03 -8.485358E-01
  4.464500E+03 -4.462507E-01
  4.465000E+03  9.532213E-02
  4.465500E+03  7.622970E-01
  4.466000E+03  1.522021E+00
  4.466500E+03  2.326209E+00
  4.467000E+03  3.116678E+00
  4.467500E+03  3.833234E+00
  4.468000E+03  4.422324E+00
  4.468500E+03  4.844410E+00
  4.469000E+03  5.078044E+00
  4.469500E+03  5.119413E+00
  4.470000E+03  4.977676E+00
  4.470500E+03  4.667969E+00
  4.471000E+03  4.204981E+00
  4.471500E+03  3.599950E+00
  4.472000E+03  2.862633E+00
  4.472500E+03  2.007758E+00
  4.473000E+03  1.063383E+00
  4.473500E+03  7.731156E-02
  4.474000E+03 -8.820996E-01
  4.474500E+03 -1.732785E+00
  4.475000E+03 -2.392858E+00
  4.475500E+03 -2.798275E+00
  4.476000E+03 -2.919277E+00
  4.476500E+03 -2.770459E+00
  4.477000E+03 -2.410903E+00
  4.477500E+03 -1.933604E+00
  4.478000E+03 -1.446523E+00
  4.478500E+03 -1.049974E+00
  4.479000E+03 -8.160355E-01
  4.479500E+03 -7.749683E-01
  4.480000E+03 -9.115997E-01
  4.480500E+03 -1.171969E+00
  4.481000E+03 -1.478030E+00
  4.481500E+03 -1.746532E+00
  4.482000E+03 -1.907677E+00
  4.482500E+03 -1.919647E+00
  4.483000E+03 -1.776398E+00
  4.483500E+03 -1.507665E+00
  4.484000E+03 -1.171710E+00
  4.484500E+03 -8.425411E-01
  4.485000E+03 -5.942175E-01
  4.485500E+03 -4.852634E-01
  4.486000E+03 -5.461464E-01
  4.486500E+03 -7.722611E-01
  4.487000E+03 -1.123841E+00
  4.487500E+03 -1.532862E+00
  4.488000E+03 -1.915525E+00
  4.488500E+03 -2.187649E+00
  4.489000E+03 -2.279668E+00
  4.489500E+03 -2.148049E+00
  4.490000E+03 -1.780946E+00
  4.490500E+03 -1.197425E+00
  4.491000E+03 -4.412056E-01
  4.491500E+03  4.288832E-01
  4.492000E+03  1.349060E+00
  4.492500E+03  2.259010E+00
  4.493000E+03  3.107188E+00
  4.493500E+03  3.852851E+00
  4.494000E+03  4.465624E+00
  4.494500E+03  4.923918E+00
  4.495000E+03  5.213434E+00
  4.495500E+03  5.326430E+00
  4.496000E+03  5.261805E+00
  4.496500E+03  5.025560E+00
  4.497000E+03  4.631020E+00
  4.497500E+03  4.098363E+00
  4.498000E+03  3.453361E+00
  4.498500E+03  2.725492E+00
  4.499000E+03  1.945799E+00
  4.499500E+03  1.144781E+00
  4.500000E+03  3.505210E-01
  4.500500E+03 -4.128692E-01
  4.501000E+03 -1.126396E+00
  4.501500E+03 -1.776742E+00
  4.502000E+03 -2.355992E+00
  4.502500E+03 -2.860360E+00
  4.503000E+03 -3.288052E+00
  4.503500E+03 -3.636818E+00
  4.504000E+03 -3.902086E+00
  4.504500E+03 -4.076664E+00
  4.505000E+03 -4.152575E+00
  4.505500E+03 -4.124841E+00
  4.506000E+03 -3.996042E+00
  4.506500E+03 -3.779810E+00
  4.507000E+03 -3.501305E+00
  4.507500E+03 -3.193421E+00
  4.508000E+03 -2.888906E+00
  4.508500E+03 -2.610181E+00
  4.509000E+03 -2.360014E+00
  4.509500E+03 -2.116585E+00
  4.510000E+03 -1.835692E+00
  4.510500E+03 -1.460954E+00
  4.511000E+03 -9.403529E-01
  4.511500E+03 -2.451489E-01
  4.512000E+03  6.141555E-01
  4.512500E+03  1.579982E+00
  4.513000E+03  2.551408E+00
  4.513500E+03  3.399968E+00
  4.514000E+03  3.994706E+00
  4.514500E+03  4.230864E+00
  4.515000E+03  4.055191E+00
  4.515500E+03  3.481306E+00
  4.516000E+03  2.590755E+00
  4.516500E+03  1.518930E+00
  4.517000E+03  4.288376E-01
  4.517500E+03 -5.211008E-01
  4.518000E+03 -1.207432E+00
  4.518500E+03 -1.562876E+00
  4.519000E+03 -1.583399E+00
  4.519500E+03 -1.319968E+00
  4.520000E+03 -8.579745E-01
  4.520500E+03 -2.906034E-01
  4.521000E+03  3.059818E-01
  4.521500E+03  8.885362E-01
  4.522000E+03  1.449441E+00
  4.522500E+03  2.006113E+00
  4.523000E+03  2.581227E+00
  4.523500E+03  3.180796E+00
  4.524000E+03  3.777905E+00
  4.524500E+03  4.308091E+00
  4.525000E+03  4.678651E+00
  4.525500E+03  4.789579E+00
  4.526000E+03  4.560017E+00
  4.526500E+03  3.952182E+00
  4.527000E+03  2.985395E+00
  4.527500E+03  1.735906E+00
  4.528000E+03  3.225020E-01
  4.528500E+03 -1.117766E+00
  4.529000E+03 -2.456729E+00
  4.529500E+03 -3.597590E+00
  4.530000E+03 -4.487197E+00
  4.530500E+03 -5.116009E+00
  4.531000E+03 -5.507537E+00
  4.531500E+03 -5.701922E+00
  4.532000E+03 -5.739445E+00
  4.532500E+03 -5.648902E+00
  4.533000E+03 -5.443441E+00
  4.533500E+03 -5.123664E+00
  4.534000E+03 -4.685450E+00
  4.534500E+03 -4.128837E+00
  4.535000E+03 -3.464559E+00
  4.535500E+03 -2.716181E+00
  4.536000E+03 -1.917523E+00
  4.536500E+03 -1.106647E+00
  4.537000E+03 -3.185580E-01
  4.537500E+03  4.211578E-01
  4.538000E+03  1.100032E+00
  4.538500E+03  1.718939E+00
  4.539000E+03  2.288876E+00
  4.539500E+03  2.825088E+00
  4.540000E+03  3.339812E+00
  4.540500E+03  3.835247E+00
  4.541000E+03  4.298472E+00
  4.541500E+03  4.699835E+00
  4.542000E+03  4.995827E+00
  4.542500E+03  5.136465E+00
  4.543000E+03  5.076036E+00
  4.543500E+03  4.784831E+00
  4.544000E+03  4.258844E+00
  4.544500E+03  3.524507E+00
  4.545000E+03  2.636650E+00
  4.545500E+03  1.669694E+00
  4.546000E+03  7.040935E-01
  4.546500E+03 -1.884361E-01
  4.547000E+03 -9.569323E-01
  4.547500E+03 -1.577317E+00
  4.548000E+03 -2.051386E+00
  4.548500E+03 -2.399641E+00
  4.549000E+03 -2.650785E+00
  4.549500E+03 -2.831455E+00
  4.550000E+03 -2.959269E+00
  4.550500E+03 -3.040721E+00
  4.551000E+03 -3.073588E+00
  4.551500E+03 -3.051937E+00
  4.552000E+03 -2.971260E+00
  4.552500E+03 -2.831601E+00
  4.553000E+03 -2.637775E+00
  4.553500E+03 -2.397055E+00
  4.554000E+03 -2.115699E+00
  4.554500E+03 -1.795916E+00
  4.555000E+03 -1.434469E+00
  4.555500E+03 -1.023339E+00
  4.556000E+03 -5.521803E-01
  4.556500E+03 -1.195093E-02
  4.557000E+03  6.008589E-01
  4.557500E+03  1.279823E+00
  4.558000E+03  2.004411E+00
  4.558500E+03  2.736805E+00
  4.559000E+03  3.420999E+00
  4.559500E+03  3.985838E+00
  4.560000E+03  4.353349E+00
  4.560500E+03  4.452476E+00
  4.561000E+03  4.236286E+00
  4.561500E+03  3.698598E+00
  4.562000E+03  2.884637E+00
  4.562500E+03  1.890744E+00
  4.563000E+03  8.505355E-01
  4.563500E+03 -9.109900E-02
  4.564000E+03 -8.104680E-01
  4.564500E+03 -1.235234E+00
  4.565000E+03 -1.362974E+00
  4.565500E+03 -1.261516E+00
  4.566000E+03 -1.049626E+00
  4.566500E+03 -8.628043E-01
  4.567000E+03 -8.140360E-01
  4.567500E+03 -9.613670E-01
  4.568000E+03 -1.292427E+00
  4.568500E+03 -1.730769E+00
  4.569000E+03 -2.161944E+00
  4.569500E+03 -2.470905E+00
  4.570000E+03 -2.578716E+00
  4.570500E+03 -2.467019E+00
  4.571000E+03 -2.182837E+00
  4.571500E+03 -1.822852E+00
  4.572000E+03 -1.502811E+00
  4.572500E+03 -1.322121E+00
  4.573000E+03 -1.334656E+00
  4.573500E+03 -1.534119E+00
  4.574000E+03 -1.857250E+00
  4.574500E+03 -2.202481E+00
  4.575000E+03 -2.457325E+00
  4.575500E+03 -2.525975E+00
  4.576000E+03 -2.349658E+00
  4.576500E+03 -1.915442E+00
  4.577000E+03 -1.253143E+00
  4.577500E+03 -4.233111E-01
  4.578000E+03  4.988804E-01
  4.578500E+03  1.439021E+00
  4.579000E+03  2.334670E+00
  4.579500E+03  3.140928E+00
  4.580000E+03  3.830774E+00
  4.580500E+03  4.391724E+00
  4.581000E+03  4.820734E+00
  4.581500E+03  5.119027E+00
  4.582000E+03  5.288006E+00
  4.582500E+03  5.326877E+00
  4.583000E+03  5.232207E+00
  4.583500E+03  4.999272E+00
  4.584000E+03  4.624738E+00
  4.584500E+03  4.109872E+00
  4.585000E+03  3.463212E+00
  4.585500E+03  2.701698E+00
  4.586000E+03  1.849626E+00
  4.586500E+03  9.355915E-01
  4.587000E+03 -1.161626E-02
  4.587500E+03 -9.665917E-01
  4.588000E+03 -1.908820E+00
  4.588500E+03 -2.821268E+00
  4.589000E+03 -3.686405E+00
  4.589500E+03 -4.481243E+00
  4.590000E+03 -5.173665E+00
  4.590500E+03 -5.722151E+00
  4.591000E+03 -6.079904E+00
  4.591500E+03 -6.202748E+00
  4.592000E+03 -6.058628E+00
  4.592500E+03 -5.635821E+00
  4.593000E+03 -4.947275E+00
  4.593500E+03 -4.029915E+00
  4.594000E+03 -2.939539E+00
  4.594500E+03 -1.743478E+00
  4.595000E+03 -5.137061E-01
  4.595500E+03  6.776151E-01
  4.596000E+03  1.759783E+00
  4.596500E+03  2.663838E+00
  4.597000E+03  3.324031E+00
  4.597500E+03  3.682784E+00
  4.598000E+03  3.699894E+00
  4.598500E+03  3.364344E+00
  4.599000E+03  2.704943E+00
  4.599500E+03  1.795138E+00
  4.600000E+03  7.483314E-01
  4.600500E+03 -2.973005E-01
  4.601000E+03 -1.201930E+00
  4.601500E+03 -1.849542E+00
  4.602000E+03 -2.168787E+00
  4.602500E+03 -2.143286E+00
  4.603000E+03 -1.808634E+00
  4.603500E+03 -1.237558E+00
  4.604000E+03 -5.185181E-01
  4.604500E+03  2.650735E-01
  4.605000E+03  1.048494E+00
  4.605500E+03  1.788728E+00
  4.606000E+03  2.457630E+00
  4.606500E+03  3.029824E+00
  4.607000E+03  3.471881E+00
  4.607500E+03  3.738628E+00
  4.608000E+03  3.779365E+00
  4.608500E+03  3.552532E+00
  4.609000E+03  3.043603E+00
  4.609500E+03  2.279195E+00
  4.610000E+03  1.331270E+00
  4.610500E+03  3.085753E-01
  4.611000E+03 -6.630914E-01
  4.611500E+03 -1.466290E+00
  4.612000E+03 -2.015537E+00
  4.612500E+03 -2.272283E+00
  4.613000E+03 -2.247493E+00
  4.613500E+03 -1.992180E+00
  4.614000E+03 -1.580040E+00
  4.614500E+03 -1.088326E+00
  4.615000E+03 -5.827749E-01
  4.615500E+03 -1.100533E-01
  4.616000E+03  3.020513E-01
  4.616500E+03  6.393217E-01
  4.617000E+03  8.945922E-01
  4.617500E+03  1.063369E+00
  4.618000E+03  1.142958E+00
  4.618500E+03  1.134136E+00
  4.619000E+03  1.042872E+00
  4.619500E+03  8.795985E-01
  4.620000E+03  6.550714E-01
  4.620500E+03  3.741248E-01
  4.621000E+03  3.053886E-02
  4.621500E+03 -3.933181E-01
  4.622000E+03 -9.198262E-01
  4.622500E+03 -1.563069E+00
  4.623000E+03 -2.313253E+00
  4.623500E+03 -3.124580E+00
  4.624000E+03 -3.912513E+00
  4.624500E+03 -4.563888E+00
  4.625000E+03 -4.959093E+00
  4.625500E+03 -5.001002E+00
  4.626000E+03 -4.642288E+00
  4.626500E+03 -3.902310E+00
  4.627000E+03 -2.867476E+00
  4.627500E+03 -1.673824E+00
  4.628000E+03 -4.761346E-01
  4.628500E+03  5.878457E-01
  4.629000E+03  1.427904E+00
  4.629500E+03  2.018094E+00
  4.630000E+03  2.395479E+00
  4.630500E+03  2.642075E+00
  4.631000E+03  2.855986E+00
  4.631500E+03  3.120359E+00
  4.632000E+03  3.478690E+00
  4.632500E+03  3.922416E+00
  4.633000E+03  4.392788E+00
  4.633500E+03  4.795065E+00
  4.634000E+03  5.020286E+00
  4.634500E+03  4.968943E+00
  4.635000E+03  4.571503E+00
  4.635500E+03  3.802498E+00
  4.636000E+03  2.686835E+00
  4.636500E+03  1.298494E+00
  4.637000E+03 -2.473264E-01
  4.637500E+03 -1.807294E+00
  4.638000E+03 -3.226769E+00
  4.638500E+03 -4.358712E+00
  4.639000E+03 -5.082549E+00
  4.639500E+03 -5.320478E+00
  4.640000E+03 -5.048561E+00
  4.640500E+03 -4.300468E+00
  4.641000E+03 -3.162906E+00
  4.641500E+03 -1.763387E+00
  4.642000E+03 -2.525334E-01
  4.642500E+03  1.215793E+00
  4.643000E+03  2.503103E+00
  4.643500E+03  3.500793E+00
  4.644000E+03  4.138958E+00
  4.644500E+03  4.389202E+00
  4.645000E+03  4.262199E+00
  4.645500E+03  3.801275E+00
  4.646000E+03  3.073433E+00
  4.646500E+03  2.159086E+00
  4.647000E+03  1.141717E+00
  4.647500E+03  9.864840E-02
  4.648000E+03 -9.058462E-01
  4.648500E+03 -1.824060E+00
  4.649000E+03 -2.624530E+00
  4.649500E+03 -3.288344E+00
  4.650000E+03 -3.803593E+00
  4.650500E+03 -4.160213E+00
  4.651000E+03 -4.347436E+00
  4.651500E+03 -4.355179E+00
  4.652000E+03 -4.179075E+00
  4.652500E+03 -3.827213E+00
  4.653000E+03 -3.325511E+00
  4.653500E+03 -2.718786E+00
  4.654000E+03 -2.065889E+00
  4.654500E+03 -1.429473E+00
  4.655000E+03 -8.631482E-01
  4.655500E+03 -4.000801E-01
  4.656000E+03 -4.687825E-02
  4.656500E+03  2.150866E-01
  4.657000E+03  4.213729E-01
  4.657500E+03  6.120819E-01
  4.658000E+03  8.196663E-01
  4.658500E+03  1.060920E+00
  4.659000E+03  1.335328E+00
  4.659500E+03  1.629411E+00
  4.660000E+03  1.924464E+00
  4.660500E+03  2.204093E+00
  4.661000E+03  2.458559E+00
  4.661500E+03  2.684754E+00
  4.662000E+03  2.882856E+00
  4.662500E+03  3.052192E+00
  4.663000E+03  3.188986E+00
  4.663500E+03  3.287422E+00
  4.664000E+03  3.343372E+00
  4.664500E+03  3.358411E+00
  4.665000E+03  3.341153E+00
  4.665500E+03  3.303938E+00
  4.666000E+03  3.255182E+00
  4.666500E+03  3.190111E+00
  4.667000E+03  3.084168E+00
  4.667500E+03  2.893054E+00
  4.668000E+03  2.561223E+00
  4.668500E+03  2.037383E+00
  4.669000E+03  1.292434E+00
  4.669500E+03  3.337659E-01
  4.670000E+03 -7.894877E-01
  4.670500E+03 -1.992768E+00
  4.671000E+03 -3.172570E+00
  4.671500E+03 -4.228142E+00
  4.672000E+03 -5.081710E+00
  4.672500E+03 -5.691199E+00
  4.673000E+03 -6.052257E+00
  4.673500E+03 -6.190165E+00
  4.674000E+03 -6.145527E+00
  4.674500E+03 -5.959243E+00
  4.675000E+03 -5.661665E+00
  4.675500E+03 -5.268523E+00
  4.676000E+03 -4.783294E+00
  4.676500E+03 -4.203348E+00
  4.677000E+03 -3.526427E+00
  4.677500E+03 -2.754861E+00
  4.678000E+03 -1.896728E+00
  4.678500E+03 -9.650439E-01
  4.679000E+03  2.305876E-02
  4.679500E+03  1.045602E+00
  4.680000E+03  2.073376E+00
  4.680500E+03  3.067370E+00
  4.681000E+03  3.978371E+00
  4.681500E+03  4.750598E+00
  4.682000E+03  5.329592E+00
  4.682500E+03  5.672476E+00
  4.683000E+03  5.757153E+00
  4.683500E+03  5.586940E+00
  4.684000E+03  5.188648E+00
  4.684500E+03  4.604689E+00
  4.685000E+03  3.882334E+00
  4.685500E+03  3.064515E+00
  4.686000E+03  2.185958E+00
  4.686500E+03  1.276061E+00
  4.687000E+03  3.667112E-01
  4.687500E+03 -4.993133E-01
  4.688000E+03 -1.264523E+00
  4.688500E+03 -1.861119E+00
  4.689000E+03 -2.223946E+00
  4.689500E+03 -2.308486E+00
  4.690000E+03 -2.107674E+00
  4.690500E+03 -1.660907E+00
  4.691000E+03 -1.050841E+00
  4.691500E+03 -3.876945E-01
  4.692000E+03  2.147827E-01
  4.692500E+03  6.644493E-01
  4.693000E+03  9.093034E-01
  4.693500E+03  9.439866E-01
  4.694000E+03  8.030399E-01
  4.694500E+03  5.441886E-01
  4.695000E+03  2.280526E-01
  4.695500E+03 -9.868155E-02
  4.696000E+03 -4.115366E-01
  4.696500E+03 -7.065245E-01
  4.697000E+03 -9.908363E-01
  4.697500E+03 -1.270928E+00
  4.698000E+03 -1.543401E+00
  4.698500E+03 -1.792339E+00
  4.699000E+03 -1.993734E+00
  4.699500E+03 -2.124599E+00
  4.700000E+03 -2.172548E+00
  4.700500E+03 -2.141632E+00
  4.701000E+03 -2.051900E+00
  4.701500E+03 -1.932803E+00
  4.702000E+03 -1.812899E+00
  4.702500E+03 -1.709680E+00
  4.703000E+03 -1.623112E+00
  4.703500E+03 -1.534969E+00
  4.704000E+03 -1.413959E+00
  4.704500E+03 -1.224726E+00
  4.705000E+03 -9.378225E-01
  4.705500E+03 -5.378090E-01
  4.706000E+03 -2.762910E-02
  4.706500E+03  5.712504E-01
  4.707000E+03  1.222230E+00
  4.707500E+03  1.879121E+00
  4.708000E+03  2.492385E+00
  4.708500E+03  3.014963E+00
  4.709000E+03  3.407045E+00
  4.709500E+03  3.639544E+00
  4.710000E+03  3.696168E+00
  4.710500E+03  3.574030E+00
  4.711000E+03  3.282797E+00
  4.711500E+03  2.842514E+00
  4.712000E+03  2.280559E+00
  4.712500E+03  1.628427E+00
  4.713000E+03  9.191574E-01
  4.713500E+03  1.859930E-01
  4.714000E+03 -5.376419E-01
  4.714500E+03 -1.217380E+00
  4.715000E+03 -1.817364E+00
  4.715500E+03 -2.300982E+00
  4.716000E+03 -2.633570E+00
  4.716500E+03 -2.786964E+00
  4.717000E+03 -2.744937E+00
  4.717500E+03 -2.507961E+00
  4.718000E+03 -2.095640E+00
  4.718500E+03 -1.545695E+00
  4.719000E+03 -9.093511E-01
  4.719500E+03 -2.440495E-01
  4.720000E+03  3.947917E-01
  4.720500E+03  9.609756E-01
  4.721000E+03  1.422089E+00
  4.721500E+03  1.760695E+00
  4.722000E+03  1.972474E+00
  4.722500E+03  2.062458E+00
  4.723000E+03  2.040900E+00
  4.723500E+03  1.920111E+00
  4.724000E+03  1.712963E+00
  4.724500E+03  1.432921E+00
  4.725000E+03  1.094827E+00
  4.725500E+03  7.153701E-01
  4.726000E+03  3.124469E-01
  4.726500E+03 -9.676016E-02
  4.727000E+03 -4.983680E-01
  4.727500E+03 -8.838745E-01
  4.728000E+03 -1.250479E+00
  4.728500E+03 -1.598895E+00
  4.729000E+03 -1.928873E+00
  4.729500E+03 -2.233759E+00
  4.730000E+03 -2.496192E+00
  4.730500E+03 -2.687152E+00
  4.731000E+03 -2.769787E+00
  4.731500E+03 -2.707934E+00
  4.732000E+03 -2.477457E+00
  4.732500E+03 -2.077061E+00
  4.733000E+03 -1.534788E+00
  4.733500E+03 -9.071689E-01
  4.734000E+03 -2.700621E-01
  4.734500E+03  2.971290E-01
  4.735000E+03  7.297606E-01
  4.735500E+03  9.933704E-01
  4.736000E+03  1.091276E+00
  4.736500E+03  1.061604E+00
  4.737000E+03  9.643318E-01
  4.737500E+03  8.622528E-01
  4.738000E+03  8.019660E-01
  4.738500E+03  8.011087E-01
  4.739000E+03  8.460210E-01
  4.739500E+03  9.004260E-01
  4.740000E+03  9.218249E-01
  4.740500E+03  8.795349E-01
  4.741000E+03  7.677097E-01
  4.741500E+03  6.085521E-01
  4.742000E+03  4.446032E-01
  4.742500E+03  3.231343E-01
  4.743000E+03  2.787005E-01
  4.743500E+03  3.206605E-01
  4.744000E+03  4.305982E-01
  4.744500E+03  5.707653E-01
  4.745000E+03  7.003353E-01
  4.745500E+03  7.930908E-01
  4.746000E+03  8.494061E-01
  4.746500E+03  8.973830E-01
  4.747000E+03  9.820548E-01
  4.747500E+03  1.146170E+00
  4.748000E+03  1.409476E+00
  4.748500E+03  1.754319E+00
  4.749000E+03  2.123379E+00
  4.749500E+03  2.431161E+00
  4.750000E+03  2.586005E+00
  4.750500E+03  2.515586E+00
  4.751000E+03  2.187570E+00
  4.751500E+03  1.618710E+00
  4.752000E+03  8.696054E-01
  4.752500E+03  2.717777E-02
  4.753000E+03 -8.190410E-01
  4.753500E+03 -1.598902E+00
  4.754000E+03 -2.274945E+00
  4.754500E+03 -2.843316E+00
  4.755000E+03 -3.323017E+00
  4.755500E+03 -3.738130E+00
  4.756000E+03 -4.099870E+00
  4.756500E+03 -4.395047E+00
  4.757000E+03 -4.585046E+00
  4.757500E+03 -4.615661E+00
  4.758000E+03 -4.434388E+00
  4.758500E+03 -4.009337E+00
  4.759000E+03 -3.343452E+00
  4.759500E+03 -2.479389E+00
  4.760000E+03 -1.493412E+00
  4.760500E+03 -4.801322E-01
  4.761000E+03  4.673209E-01
  4.761500E+03  1.275920E+00
  4.762000E+03  1.904918E+00
  4.762500E+03  2.348517E+00
  4.763000E+03  2.628913E+00
  4.763500E+03  2.782479E+00
  4.764000E+03  2.843771E+00
  4.764500E+03  2.832492E+00
  4.765000E+03  2.747434E+00
  4.765500E+03  2.569111E+00
  4.766000E+03  2.270076E+00
  4.766500E+03  1.829492E+00
  4.767000E+03  1.247255E+00
  4.767500E+03  5.530741E-01
  4.768000E+03 -1.925252E-01
  4.768500E+03 -9.059508E-01
  4.769000E+03 -1.495113E+00
  4.769500E+03 -1.876979E+00
  4.770000E+03 -1.993544E+00
  4.770500E+03 -1.822269E+00
  4.771000E+03 -1.378817E+00
  4.771500E+03 -7.121549E-01
  4.772000E+03  1.058762E-01
  4.772500E+03  9.932097E-01
  4.773000E+03  1.869104E+00
  4.773500E+03  2.662260E+00
  4.774000E+03  3.314782E+00
  4.774500E+03  3.782822E+00
  4.775000E+03  4.035706E+00
  4.775500E+03  4.055439E+00
  4.776000E+03  3.837694E+00
  4.776500E+03  3.394167E+00
  4.777000E+03  2.755016E+00
  4.777500E+03  1.969479E+00
  4.778000E+03  1.103002E+00
  4.778500E+03  2.301707E-01
  4.779000E+03 -5.758048E-01
  4.779500E+03 -1.254989E+00
  4.780000E+03 -1.771105E+00
  4.780500E+03 -2.117595E+00
  4.781000E+03 -2.317467E+00
  4.781500E+03 -2.416625E+00
  4.782000E+03 -2.472089E+00
  4.782500E+03 -2.537939E+00
  4.783000E+03 -2.652426E+00
  4.783500E+03 -2.829444E+00
  4.784000E+03 -3.056349E+00
  4.784500E+03 -3.298424E+00
  4.785000E+03 -3.508491E+00
  4.785500E+03 -3.638829E+00
  4.786000E+03 -3.652067E+00
  4.786500E+03 -3.528188E+00
  4.787000E+03 -3.266162E+00
  4.787500E+03 -2.880473E+00
  4.788000E+03 -2.394486E+00
  4.788500E+03 -1.833508E+00
  4.789000E+03 -1.220334E+00
  4.789500E+03 -5.748513E-01
  4.790000E+03  8.248962E-02
  4.790500E+03  7.254051E-01
  4.791000E+03  1.317853E+00
  4.791500E+03  1.814475E+00
  4.792000E+03  2.167003E+00
  4.792500E+03  2.335881E+00
  4.793000E+03  2.304010E+00
  4.793500E+03  2.087974E+00
  4.794000E+03  1.742172E+00
  4.794500E+03  1.353025E+00
  4.795000E+03  1.023416E+00
  4.795500E+03  8.507595E-01
  4.796000E+03  9.044298E-01
  4.796500E+03  1.208857E+00
  4.797000E+03  1.737088E+00
  4.797500E+03  2.416558E+00
  4.798000E+03  3.145169E+00
  4.798500E+03  3.812884E+00
  4.799000E+03  4.322803E+00
  4.799500E+03  4.606472E+00
  4.800000E+03  4.630595E+00
  4.800500E+03  4.395346E+00
  4.801000E+03  3.926953E+00
  4.801500E+03  3.268327E+00
  4.802000E+03  2.470944E+00
  4.802500E+03  1.589434E+00
  4.803000E+03  6.783881E-01
  4.803500E+03 -2.103874E-01
  4.804000E+03 -1.031864E+00
  4.804500E+03 -1.753440E+00
  4.805000E+03 -2.360810E+00
  4.805500E+03 -2.861293E+00
  4.806000E+03 -3.281748E+00
  4.806500E+03 -3.659773E+00
  4.807000E+03 -4.029488E+00
  4.807500E+03 -4.405886E+00
  4.808000E+03 -4.773272E+00
  4.808500E+03 -5.082814E+00
  4.809000E+03 -5.261663E+00
  4.809500E+03 -5.232206E+00
  4.810000E+03 -4.936185E+00
  4.810500E+03 -4.356118E+00
  4.811000E+03 -3.526736E+00
  4.811500E+03 -2.531922E+00
  4.812000E+03 -1.487257E+00
  4.812500E+03 -5.129376E-01
  4.813000E+03  2.949242E-01
  4.813500E+03  8.860285E-01
  4.814000E+03  1.264298E+00
  4.814500E+03  1.480917E+00
  4.815000E+03  1.614790E+00
  4.815500E+03  1.746974E+00
  4.816000E+03  1.937084E+00
  4.816500E+03  2.208504E+00
  4.817000E+03  2.545893E+00
  4.817500E+03  2.904360E+00
  4.818000E+03  3.226079E+00
  4.818500E+03  3.458231E+00
  4.819000E+03  3.566463E+00
  4.819500E+03  3.540223E+00
  4.820000E+03  3.389426E+00
  4.820500E+03  3.134893E+00
  4.821000E+03  2.796857E+00
  4.821500E+03  2.386066E+00
  4.822000E+03  1.900772E+00
  4.822500E+03  1.330595E+00
  4.823000E+03  6.658744E-01
  4.823500E+03 -9.079028E-02
  4.824000E+03 -9.148439E-01
  4.824500E+03 -1.755494E+00
  4.825000E+03 -2.538893E+00
  4.825500E+03 -3.178747E+00
  4.826000E+03 -3.592173E+00
  4.826500E+03 -3.717121E+00
  4.827000E+03 -3.527022E+00
  4.827500E+03 -3.038877E+00
  4.828000E+03 -2.312515E+00
  4.828500E+03 -1.440950E+00
  4.829000E+03 -5.340287E-01
  4.829500E+03  3.007010E-01
  4.830000E+03  9.753260E-01
  4.830500E+03  1.433132E+00
  4.831000E+03  1.652234E+00
  4.831500E+03  1.641515E+00
  4.832000E+03  1.431395E+00
  4.832500E+03  1.063306E+00
  4.833000E+03  5.817211E-01
  4.833500E+03  3.110190E-02
  4.834000E+03 -5.422456E-01
  4.834500E+03 -1.085823E+00
  4.835000E+03 -1.537988E+00
  4.835500E+03 -1.830137E+00
  4.836000E+03 -1.895942E+00
  4.836500E+03 -1.686566E+00
  4.837000E+03 -1.187784E+00
  4.837500E+03 -4.330381E-01
  4.838000E+03  4.933504E-01
  4.838500E+03  1.466228E+00
  4.839000E+03  2.342314E+00
  4.839500E+03  2.990633E+00
  4.840000E+03  3.322620E+00
  4.840500E+03  3.313082E+00
  4.841000E+03  3.005341E+00
  4.841500E+03  2.498304E+00
  4.842000E+03  1.918636E+00
  4.842500E+03  1.385894E+00
  4.843000E+03  9.807228E-01
  4.843500E+03  7.254402E-01
  4.844000E+03  5.824824E-01
  4.844500E+03  4.707045E-01
  4.845000E+03  2.940423E-01
  4.845500E+03 -2.658569E-02
  4.846000E+03 -5.279192E-01
  4.846500E+03 -1.192869E+00
  4.847000E+03 -1.955551E+00
  4.847500E+03 -2.720227E+00
  4.848000E+03 -3.387369E+00
  4.848500E+03 -3.878428E+00
  4.849000E+03 -4.152012E+00
  4.849500E+03 -4.207628E+00
  4.850000E+03 -4.077541E+00
  4.850500E+03 -3.811044E+00
  4.851000E+03 -3.457341E+00
  4.851500E+03 -3.052828E+00
  4.852000E+03 -2.616118E+00
  4.852500E+03 -2.150897E+00
  4.853000E+03 -1.653817E+00
  4.853500E+03 -1.123180E+00
  4.854000E+03 -5.646026E-01
  4.854500E+03  8.265117E-03
  4.855000E+03  5.774679E-01
  4.855500E+03  1.126453E+00
  4.856000E+03  1.644671E+00
  4.856500E+03  2.128809E+00
  4.857000E+03  2.580215E+00
  4.857500E+03  3.000031E+00
  4.858000E+03  3.384723E+00
  4.858500E+03  3.724487E+00
  4.859000E+03  4.005634E+00
  4.859500E+03  4.215997E+00
  4.860000E+03  4.350728E+00
  4.860500E+03  4.415329E+00
  4.861000E+03  4.423687E+00
  4.861500E+03  4.390995E+00
  4.862000E+03  4.323853E+00
  4.862500E+03  4.211489E+00
  4.863000E+03  4.022215E+00
  4.863500E+03  3.707674E+00
  4.864000E+03  3.214727E+00
  4.864500E+03  2.501909E+00
  4.865000E+03  1.555470E+00
  4.865500E+03  3.997916E-01
  4.866000E+03 -9.014158E-01
  4.866500E+03 -2.253827E+00
  4.867000E+03 -3.548765E+00
  4.867500E+03 -4.682459E+00
  4.868000E+03 -5.573172E+00
  4.868500E+03 -6.172189E+00
  4.869000E+03 -6.466919E+00
  4.869500E+03 -6.476795E+00
  4.870000E+03 -6.244474E+00
  4.870500E+03 -5.825405E+00
  4.871000E+03 -5.278279E+00
  4.871500E+03 -4.657669E+00
  4.872000E+03 -4.008950E+00
  4.872500E+03 -3.365007E+00
  4.873000E+03 -2.744275E+00
  4.873500E+03 -2.150238E+00
  4.874000E+03 -1.572966E+00
  4.874500E+03 -9.932230E-01
  4.875000E+03 -3.890204E-01
  4.875500E+03  2.566333E-01
  4.876000E+03  9.488996E-01
  4.876500E+03  1.677498E+00
  4.877000E+03  2.417760E+00
  4.877500E+03  3.136136E+00
  4.878000E+03  3.798161E+00
  4.878500E+03  4.375694E+00
  4.879000E+03  4.850410E+00
  4.879500E+03  5.211970E+00
  4.880000E+03  5.451642E+00
  4.880500E+03  5.554396E+00
  4.881000E+03  5.493575E+00
  4.881500E+03  5.231744E+00
  4.882000E+03  4.729038E+00
  4.882500E+03  3.957371E+00
  4.883000E+03  2.916105E+00
  4.883500E+03  1.643602E+00
  4.884000E+03  2.198894E-01
  4.884500E+03 -1.241666E+00
  4.885000E+03 -2.612204E+00
  4.885500E+03 -3.770141E+00
  4.886000E+03 -4.622667E+00
  4.886500E+03 -5.120309E+00
  4.887000E+03 -5.261265E+00
  4.887500E+03 -5.085476E+00
  4.888000E+03 -4.661289E+00
  4.888500E+03 -4.069229E+00
  4.889000E+03 -3.387218E+00
  4.889500E+03 -2.680093E+00
  4.890000E+03 -1.994180E+00
  4.890500E+03 -1.355984E+00
  4.891000E+03 -7.733456E-01
  4.891500E+03 -2.378100E-01
  4.892000E+03  2.720248E-01
  4.892500E+03  7.855793E-01
  4.893000E+03  1.333038E+00
  4.893500E+03  1.935880E+00
  4.894000E+03  2.596726E+00
  4.894500E+03  3.291338E+00
  4.895000E+03  3.965999E+00
  4.895500E+03  4.542596E+00
  4.896000E+03  4.931607E+00
  4.896500E+03  5.050661E+00
  4.897000E+03  4.844175E+00
  4.897500E+03  4.298845E+00
  4.898000E+03  3.450557E+00
  4.898500E+03  2.380620E+00
  4.899000E+03  1.202091E+00
  4.899500E+03  3.954163E-02
  4.900000E+03 -9.929105E-01
  4.900500E+03 -1.810493E+00
  4.901000E+03 -2.370000E+00
  4.901500E+03 -2.673639E+00
  4.902000E+03 -2.764685E+00
  4.902500E+03 -2.716493E+00
  4.903000E+03 -2.617149E+00
  4.903500E+03 -2.552281E+00
  4.904000E+03 -2.588558E+00
  4.904500E+03 -2.760361E+00
  4.905000E+03 -3.062016E+00
  4.905500E+03 -3.447527E+00
  4.906000E+03 -3.838728E+00
  4.906500E+03 -4.141124E+00
  4.907000E+03 -4.264678E+00
  4.907500E+03 -4.145034E+00
  4.908000E+03 -3.759878E+00
  4.908500E+03 -3.135823E+00
  4.909000E+03 -2.343405E+00
  4.909500E+03 -1.480982E+00
  4.910000E+03 -6.515139E-01
  4.910500E+03  6.160940E-02
  4.911000E+03  6.131999E-01
  4.911500E+03  1.004484E+00
  4.912000E+03  1.279074E+00
  4.912500E+03  1.508356E+00
  4.913000E+03  1.770744E+00
  4.913500E+03  2.130505E+00
  4.914000E+03  2.621396E+00
  4.914500E+03  3.238465E+00
  4.915000E+03  3.938956E+00
  4.915500E+03  4.651012E+00
  4.916000E+03  5.287526E+00
  4.916500E+03  5.762026E+00
  4.917000E+03  6.003825E+00
  4.917500E+03  5.970209E+00
  4.918000E+03  5.654015E+00
  4.918500E+03  5.085348E+00
  4.919000E+03  4.326715E+00
  4.919500E+03  3.461657E+00
  4.920000E+03  2.578274E+00
  4.920500E+03  1.750604E+00
  4.921000E+03  1.022093E+00
  4.921500E+03  3.957584E-01
  4.922000E+03 -1.653846E-01
  4.922500E+03 -7.265575E-01
  4.923000E+03 -1.360294E+00
  4.923500E+03 -2.121643E+00
  4.924000E+03 -3.026515E+00
  4.924500E+03 -4.039839E+00
  4.925000E+03 -5.077622E+00
  4.925500E+03 -6.022996E+00
  4.926000E+03 -6.752079E+00
  4.926500E+03 -7.162487E+00
  4.927000E+03 -7.196536E+00
  4.927500E+03 -6.852850E+00
  4.928000E+03 -6.183675E+00
  4.928500E+03 -5.279448E+00
  4.929000E+03 -4.245670E+00
  4.929500E+03 -3.178915E+00
  4.930000E+03 -2.148381E+00
  4.930500E+03 -1.187184E+00
  4.931000E+03 -2.944724E-01
  4.931500E+03  5.535569E-01
  4.932000E+03  1.387654E+00
  4.932500E+03  2.229095E+00
  4.933000E+03  3.076843E+00
  4.933500E+03  3.900961E+00
  4.934000E+03  4.643362E+00
  4.934500E+03  5.225597E+00
  4.935000E+03  5.562225E+00
  4.935500E+03  5.577557E+00
  4.936000E+03  5.222875E+00
  4.936500E+03  4.490893E+00
  4.937000E+03  3.424216E+00
  4.937500E+03  2.115235E+00
  4.938000E+03  6.962720E-01
  4.938500E+03 -6.791115E-01
  4.939000E+03 -1.860538E+00
  4.939500E+03 -2.726035E+00
  4.940000E+03 -3.202459E+00
  4.940500E+03 -3.276339E+00
  4.941000E+03 -2.992534E+00
  4.941500E+03 -2.441147E+00
  4.942000E+03 -1.736115E+00
  4.942500E+03 -9.909297E-01
  4.943000E+03 -2.974297E-01
  4.943500E+03  2.875860E-01
  4.944000E+03  7.455776E-01
  4.944500E+03  1.089837E+00
  4.945000E+03  1.352377E+00
  4.945500E+03  1.568471E+00
  4.946000E+03  1.763221E+00
  4.946500E+03  1.943390E+00
  4.947000E+03  2.095998E+00
  4.947500E+03  2.193222E+00
  4.948000E+03  2.201737E+00
  4.948500E+03  2.093749E+00
  4.949000E+03  1.856923E+00
  4.949500E+03  1.500799E+00
  4.950000E+03  1.058195E+00
  4.950500E+03  5.810817E-01
  4.951000E+03  1.315532E-01
  4.951500E+03 -2.304960E-01
  4.952000E+03 -4.605353E-01
  4.952500E+03 -5.405729E-01
  4.953000E+03 -4.856514E-01
  4.953500E+03 -3.437677E-01
  4.954000E+03 -1.886533E-01
  4.954500E+03 -1.064606E-01
  4.955000E+03 -1.788820E-01
  4.955500E+03 -4.661686E-01
  4.956000E+03 -9.936323E-01
  4.956500E+03 -1.744451E+00
  4.957000E+03 -2.660172E+00
  4.957500E+03 -3.648603E+00
  4.958000E+03 -4.597316E+00
  4.958500E+03 -5.389986E+00
  4.959000E+03 -5.922622E+00
  4.959500E+03 -6.117116E+00
  4.960000E+03 -5.930414E+00
  4.960500E+03 -5.358554E+00
  4.961000E+03 -4.435711E+00
  4.961500E+03 -3.228962E+00
  4.962000E+03 -1.829857E+00
  4.962500E+03 -3.440123E-01
  4.963000E+03  1.120077E+00
  4.963500E+03  2.461876E+00
  4.964000E+03  3.598334E+00
  4.964500E+03  4.471316E+00
  4.965000E+03  5.052369E+00
  4.965500E+03  5.344454E+00
  4.966000E+03  5.380406E+00
  4.966500E+03  5.218007E+00
  4.967000E+03  4.931751E+00
  4.967500E+03  4.601711E+00
  4.968000E+03  4.300490E+00
  4.968500E+03  4.080006E+00
  4.969000E+03  3.960527E+00
  4.969500E+03  3.924709E+00
  4.970000E+03  3.918966E+00
  4.970500E+03  3.863177E+00
  4.971000E+03  3.667709E+00
  4.971500E+03  3.254474E+00
  4.972000E+03  2.577019E+00
  4.972500E+03  1.634226E+00
  4.973000E+03  4.734430E-01
  4.973500E+03 -8.183792E-01
  4.974000E+03 -2.133386E+00
  4.974500E+03 -3.366092E+00
  4.975000E+03 -4.434311E+00
  4.975500E+03 -5.291511E+00
  4.976000E+03 -5.927132E+00
  4.976500E+03 -6.355599E+00
  4.977000E+03 -6.598693E+00
  4.977500E+03 -6.668354E+00
  4.978000E+03 -6.556789E+00
  4.978500E+03 -6.237980E+00
  4.979000E+03 -5.680302E+00
  4.979500E+03 -4.865535E+00
  4.980000E+03 -3.806844E+00
  4.980500E+03 -2.558314E+00
  4.981000E+03 -1.211531E+00
  4.981500E+03  1.206319E-01
  4.982000E+03  1.328111E+00
  4.982500E+03  2.327683E+00
  4.983000E+03  3.078862E+00
  4.983500E+03  3.586474E+00
  4.984000E+03  3.889489E+00
  4.984500E+03  4.040644E+00
  4.985000E+03  4.084583E+00
  4.985500E+03  4.042571E+00
  4.986000E+03  3.909107E+00
  4.986500E+03  3.661170E+00
  4.987000E+03  3.275961E+00
  4.987500E+03  2.749845E+00
  4.988000E+03  2.110808E+00
  4.988500E+03  1.419237E+00
  4.989000E+03  7.562751E-01
  4.989500E+03  2.036052E-01
  4.990000E+03 -1.783441E-01
  4.990500E+03 -3.662503E-01
  4.991000E+03 -3.785045E-01
  4.991500E+03 -2.672964E-01
  4.992000E+03 -1.012399E-01
  4.992500E+03  5.531873E-02
  4.993000E+03  1.593839E-01
  4.993500E+03  1.975130E-01
  4.994000E+03  1.832327E-01
  4.994500E+03  1.455521E-01
  4.995000E+03  1.133177E-01
  4.995500E+03  1.011776E-01
  4.996000E+03  1.019066E-01
  4.996500E+03  8.732955E-02
  4.997000E+03  1.704844E-02
  4.997500E+03 -1.482882E-01
  4.998000E+03 -4.335988E-01
  4.998500E+03 -8.399226E-01
  4.999000E+03 -1.341394E+00
  4.999500E+03 -1.889005E+00
  5.000000E+03 -2.419621E+00
