 Variables = "t (s)" "<greek>z</greek> (m)" 
  5.000000E-01  0.000000E+00
  1.000000E+00 -9.073085E-04
  1.500000E+00 -3.820638E-03
  2.000000E+00 -8.249691E-03
  2.500000E+00 -1.082368E-02
  3.000000E+00 -7.193132E-03
  3.500000E+00  1.835577E-03
  4.000000E+00  9.302673E-03
  4.500000E+00  1.018386E-02
  5.000000E+00  7.716015E-03
  5.500000E+00  7.748784E-03
  6.000000E+00  9.317430E-03
  6.500000E+00  6.788727E-03
  7.000000E+00  3.504417E-04
  7.500000E+00 -3.966028E-03
  8.000000E+00 -6.998560E-03
  8.500000E+00 -1.848484E-02
  9.000000E+00 -3.631448E-02
  9.500000E+00 -3.117249E-02
  1.000000E+01  2.959750E-02
  1.050000E+01  1.374459E-01
  1.100000E+01  2.373013E-01
  1.150000E+01  2.802620E-01
  1.200000E+01  2.718850E-01
  1.250000E+01  2.484088E-01
  1.300000E+01  2.077603E-01
  1.350000E+01  9.346674E-02
  1.400000E+01 -1.318621E-01
  1.450000E+01 -4.115495E-01
  1.500000E+01 -6.235809E-01
  1.550000E+01 -6.912930E-01
  1.600000E+01 -6.460882E-01
  1.650000E+01 -5.699776E-01
  1.700000E+01 -4.950410E-01
  1.750000E+01 -3.800104E-01
  1.800000E+01 -1.726152E-01
  1.850000E+01  1.369140E-01
  1.900000E+01  5.238830E-01
  1.950000E+01  9.471368E-01
  2.000000E+01  1.327224E+00
  2.050000E+01  1.535129E+00
  2.100000E+01  1.464833E+00
  2.150000E+01  1.142394E+00
  2.200000E+01  7.316471E-01
  2.250000E+01  3.985573E-01
  2.300000E+01  1.816031E-01
  2.350000E+01  1.989861E-02
  2.400000E+01 -1.190412E-01
  2.450000E+01 -2.097766E-01
  2.500000E+01 -2.886756E-01
  2.550000E+01 -5.274168E-01
  2.600000E+01 -1.084185E+00
  2.650000E+01 -1.863097E+00
  2.700000E+01 -2.499838E+00
  2.750000E+01 -2.659234E+00
  2.800000E+01 -2.334232E+00
  2.850000E+01 -1.797608E+00
  2.900000E+01 -1.269037E+00
  2.950000E+01 -7.137164E-01
  3.000000E+01 -1.730641E-02
  3.050000E+01  7.125665E-01
  3.100000E+01  1.147366E+00
  3.150000E+01  1.085632E+00
  3.200000E+01  7.254327E-01
  3.250000E+01  4.958262E-01
  3.300000E+01  6.110983E-01
  3.350000E+01  8.604487E-01
  3.400000E+01  8.814569E-01
  3.450000E+01  6.083599E-01
  3.500000E+01  3.960643E-01
  3.550000E+01  6.927427E-01
  3.600000E+01  1.608085E+00
  3.650000E+01  2.785047E+00
  3.700000E+01  3.642489E+00
  3.750000E+01  3.739333E+00
  3.800000E+01  2.999192E+00
  3.850000E+01  1.712418E+00
  3.900000E+01  3.623518E-01
  3.950000E+01 -6.369188E-01
  4.000000E+01 -1.159727E+00
  4.050000E+01 -1.387055E+00
  4.100000E+01 -1.583642E+00
  4.150000E+01 -1.824785E+00
  4.200000E+01 -1.952299E+00
  4.250000E+01 -1.816351E+00
  4.300000E+01 -1.531930E+00
  4.350000E+01 -1.437052E+00
  4.400000E+01 -1.770432E+00
  4.450000E+01 -2.415705E+00
  4.500000E+01 -2.989705E+00
  4.550000E+01 -3.163469E+00
  4.600000E+01 -2.867184E+00
  4.650000E+01 -2.217502E+00
  4.700000E+01 -1.350946E+00
  4.750000E+01 -3.996252E-01
  4.800000E+01  4.341488E-01
  4.850000E+01  9.382472E-01
  4.900000E+01  1.119788E+00
  4.950000E+01  1.305757E+00
  5.000000E+01  1.860641E+00
  5.050000E+01  2.729376E+00
  5.100000E+01  3.339274E+00
  5.150000E+01  3.088672E+00
  5.200000E+01  1.983790E+00
  5.250000E+01  7.374948E-01
  5.300000E+01  1.602197E-01
  5.350000E+01  4.352777E-01
  5.400000E+01  1.010831E+00
  5.450000E+01  1.188951E+00
  5.500000E+01  7.752209E-01
  5.550000E+01  1.530517E-01
  5.600000E+01 -1.910317E-01
  5.650000E+01 -1.221287E-01
  5.700000E+01  1.383662E-01
  5.750000E+01  3.330068E-01
  5.800000E+01  3.981057E-01
  5.850000E+01  4.173462E-01
  5.900000E+01  4.704678E-01
  5.950000E+01  5.813391E-01
  6.000000E+01  7.347981E-01
  6.050000E+01  8.282306E-01
  6.100000E+01  6.000938E-01
  6.150000E+01 -2.640408E-01
  6.200000E+01 -1.807096E+00
  6.250000E+01 -3.547023E+00
  6.300000E+01 -4.646610E+00
  6.350000E+01 -4.490994E+00
  6.400000E+01 -3.210887E+00
  6.450000E+01 -1.652978E+00
  6.500000E+01 -7.553647E-01
  6.550000E+01 -8.213331E-01
  6.600000E+01 -1.304167E+00
  6.650000E+01 -1.300463E+00
  6.700000E+01 -3.460491E-01
  6.750000E+01  1.167996E+00
  6.800000E+01  2.328625E+00
  6.850000E+01  2.486314E+00
  6.900000E+01  1.770602E+00
  6.950000E+01  8.697273E-01
  7.000000E+01  3.435367E-01
  7.050000E+01  2.079701E-01
  7.100000E+01  1.968953E-01
  7.150000E+01  3.073484E-01
  7.200000E+01  8.913715E-01
  7.250000E+01  2.124409E+00
  7.300000E+01  3.514794E+00
  7.350000E+01  4.172235E+00
  7.400000E+01  3.666180E+00
  7.450000E+01  2.511058E+00
  7.500000E+01  1.641631E+00
  7.550000E+01  1.396747E+00
  7.600000E+01  1.157484E+00
  7.650000E+01  8.403713E-02
  7.700000E+01 -1.859156E+00
  7.750000E+01 -3.740848E+00
  7.800000E+01 -4.538372E+00
  7.850000E+01 -4.079458E+00
  7.900000E+01 -3.068069E+00
  7.950000E+01 -2.275301E+00
  8.000000E+01 -1.841653E+00
  8.050000E+01 -1.378886E+00
  8.100000E+01 -6.100196E-01
  8.150000E+01  2.289007E-01
  8.200000E+01  6.146362E-01
  8.250000E+01  2.715278E-01
  8.300000E+01 -5.483397E-01
  8.350000E+01 -1.264718E+00
  8.400000E+01 -1.420526E+00
  8.450000E+01 -9.953108E-01
  8.500000E+01 -3.436690E-01
  8.550000E+01  1.829464E-01
  8.600000E+01  6.044551E-01
  8.650000E+01  1.297835E+00
  8.700000E+01  2.543514E+00
  8.750000E+01  4.056313E+00
  8.800000E+01  5.045365E+00
  8.850000E+01  4.837824E+00
  8.900000E+01  3.446196E+00
  8.950000E+01  1.466961E+00
  9.000000E+01 -5.378454E-01
  9.050000E+01 -2.405252E+00
  9.100000E+01 -4.066572E+00
  9.150000E+01 -5.092342E+00
  9.200000E+01 -4.880155E+00
  9.250000E+01 -3.421974E+00
  9.300000E+01 -1.658777E+00
  9.350000E+01 -7.434376E-01
  9.400000E+01 -8.679858E-01
  9.450000E+01 -1.016689E+00
  9.500000E+01 -5.783467E-02
  9.550000E+01  1.983834E+00
  9.600000E+01  3.906711E+00
  9.650000E+01  4.573834E+00
  9.700000E+01  3.994731E+00
  9.750000E+01  3.094062E+00
  9.800000E+01  2.593826E+00
  9.850000E+01  2.373393E+00
  9.900000E+01  1.914166E+00
  9.950000E+01  1.072585E+00
  1.000000E+02  1.796166E-01
  1.005000E+02 -5.084244E-01
  1.010000E+02 -1.147254E+00
  1.015000E+02 -1.982092E+00
  1.020000E+02 -2.891451E+00
  1.025000E+02 -3.484102E+00
  1.030000E+02 -3.613937E+00
  1.035000E+02 -3.568130E+00
  1.040000E+02 -3.643022E+00
  1.045000E+02 -3.692496E+00
  1.050000E+02 -3.289030E+00
  1.055000E+02 -2.293126E+00
  1.060000E+02 -1.052342E+00
  1.065000E+02  4.788725E-02
  1.070000E+02  1.058249E+00
  1.075000E+02  2.280857E+00
  1.080000E+02  3.636606E+00
  1.085000E+02  4.455558E+00
  1.090000E+02  4.078844E+00
  1.095000E+02  2.623673E+00
  1.100000E+02  9.975224E-01
  1.105000E+02  1.016558E-01
  1.110000E+02  8.255787E-02
  1.115000E+02  3.797035E-01
  1.120000E+02  3.903455E-01
  1.125000E+02 -2.151961E-02
  1.130000E+02 -5.925908E-01
  1.135000E+02 -1.012954E+00
  1.140000E+02 -1.097719E+00
  1.145000E+02 -7.371583E-01
  1.150000E+02  8.816053E-02
  1.155000E+02  1.146478E+00
  1.160000E+02  1.929868E+00
  1.165000E+02  1.979131E+00
  1.170000E+02  1.314983E+00
  1.175000E+02  4.950375E-01
  1.180000E+02  1.577838E-01
  1.185000E+02  4.663340E-01
  1.190000E+02  9.897072E-01
  1.195000E+02  1.118366E+00
  1.200000E+02  5.920832E-01
  1.205000E+02 -3.473882E-01
  1.210000E+02 -1.263024E+00
  1.215000E+02 -1.940442E+00
  1.220000E+02 -2.509741E+00
  1.225000E+02 -3.185282E+00
  1.230000E+02 -3.913442E+00
  1.235000E+02 -4.307690E+00
  1.240000E+02 -3.973769E+00
  1.245000E+02 -2.930309E+00
  1.250000E+02 -1.690546E+00
  1.255000E+02 -8.627475E-01
  1.260000E+02 -6.074063E-01
  1.265000E+02 -4.783608E-01
  1.270000E+02  1.632177E-01
  1.275000E+02  1.534985E+00
  1.280000E+02  3.204414E+00
  1.285000E+02  4.453735E+00
  1.290000E+02  4.864537E+00
  1.295000E+02  4.560072E+00
  1.300000E+02  3.930715E+00
  1.305000E+02  3.200545E+00
  1.310000E+02  2.309670E+00
  1.315000E+02  1.194576E+00
  1.320000E+02  9.434158E-02
  1.325000E+02 -5.183397E-01
  1.330000E+02 -3.664287E-01
  1.335000E+02  2.714358E-01
  1.340000E+02  6.753680E-01
  1.345000E+02  2.300053E-01
  1.350000E+02 -1.068553E+00
  1.355000E+02 -2.594258E+00
  1.360000E+02 -3.563172E+00
  1.365000E+02 -3.569504E+00
  1.370000E+02 -2.761649E+00
  1.375000E+02 -1.620910E+00
  1.380000E+02 -6.390395E-01
  1.385000E+02 -1.452771E-01
  1.390000E+02 -2.553573E-01
  1.395000E+02 -8.058778E-01
  1.400000E+02 -1.319869E+00
  1.405000E+02 -1.202205E+00
  1.410000E+02 -1.713378E-01
  1.415000E+02  1.424886E+00
  1.420000E+02  2.784087E+00
  1.425000E+02  3.226932E+00
  1.430000E+02  2.639788E+00
  1.435000E+02  1.382076E+00
  1.440000E+02 -1.358567E-01
  1.445000E+02 -1.660784E+00
  1.450000E+02 -2.913116E+00
  1.455000E+02 -3.429216E+00
  1.460000E+02 -2.850922E+00
  1.465000E+02 -1.425978E+00
  1.470000E+02 -2.203861E-02
  1.475000E+02  5.925669E-01
  1.480000E+02  5.221778E-01
  1.485000E+02  6.517818E-01
  1.490000E+02  1.656085E+00
  1.495000E+02  3.142336E+00
  1.500000E+02  3.921603E+00
  1.505000E+02  3.202309E+00
  1.510000E+02  1.458524E+00
  1.515000E+02  3.749214E-02
  1.520000E+02 -9.491037E-02
  1.525000E+02  8.091096E-01
  1.530000E+02  1.639667E+00
  1.535000E+02  1.506864E+00
  1.540000E+02  4.219595E-01
  1.545000E+02 -9.631865E-01
  1.550000E+02 -2.088282E+00
  1.555000E+02 -2.864944E+00
  1.560000E+02 -3.431054E+00
  1.565000E+02 -3.722429E+00
  1.570000E+02 -3.418290E+00
  1.575000E+02 -2.317360E+00
  1.580000E+02 -7.043391E-01
  1.585000E+02  7.235090E-01
  1.590000E+02  1.353003E+00
  1.595000E+02  1.140905E+00
  1.600000E+02  6.460825E-01
  1.605000E+02  5.558702E-01
  1.610000E+02  1.102221E+00
  1.615000E+02  1.877748E+00
  1.620000E+02  2.221328E+00
  1.625000E+02  1.826064E+00
  1.630000E+02  1.004812E+00
  1.635000E+02  3.648372E-01
  1.640000E+02  2.138352E-01
  1.645000E+02  2.829076E-01
  1.650000E+02  3.250085E-02
  1.655000E+02 -7.760302E-01
  1.660000E+02 -1.813888E+00
  1.665000E+02 -2.472486E+00
  1.670000E+02 -2.406780E+00
  1.675000E+02 -1.813799E+00
  1.680000E+02 -1.212765E+00
  1.685000E+02 -9.646462E-01
  1.690000E+02 -9.734787E-01
  1.695000E+02 -8.079212E-01
  1.700000E+02 -1.031729E-01
  1.705000E+02  1.114584E+00
  1.710000E+02  2.444224E+00
  1.715000E+02  3.426389E+00
  1.720000E+02  3.863882E+00
  1.725000E+02  3.855819E+00
  1.730000E+02  3.536411E+00
  1.735000E+02  2.816646E+00
  1.740000E+02  1.444718E+00
  1.745000E+02 -6.309985E-01
  1.750000E+02 -2.972668E+00
  1.755000E+02 -4.795147E+00
  1.760000E+02 -5.472610E+00
  1.765000E+02 -4.950204E+00
  1.770000E+02 -3.682157E+00
  1.775000E+02 -2.198419E+00
  1.780000E+02 -7.534033E-01
  1.785000E+02  6.447214E-01
  1.790000E+02  1.974491E+00
  1.795000E+02  3.070192E+00
  1.800000E+02  3.742001E+00
  1.805000E+02  3.935146E+00
  1.810000E+02  3.709582E+00
  1.815000E+02  3.104797E+00
  1.820000E+02  2.111005E+00
  1.825000E+02  7.879734E-01
  1.830000E+02 -6.647274E-01
  1.835000E+02 -2.014202E+00
  1.840000E+02 -3.120348E+00
  1.845000E+02 -3.862015E+00
  1.850000E+02 -3.957338E+00
  1.855000E+02 -3.038515E+00
  1.860000E+02 -1.095244E+00
  1.865000E+02  1.156292E+00
  1.870000E+02  2.554172E+00
  1.875000E+02  2.366725E+00
  1.880000E+02  9.507748E-01
  1.885000E+02 -5.549934E-01
  1.890000E+02 -1.279682E+00
  1.895000E+02 -1.354415E+00
  1.900000E+02 -1.568504E+00
  1.905000E+02 -2.349700E+00
  1.910000E+02 -3.203610E+00
  1.915000E+02 -3.209283E+00
  1.920000E+02 -1.981997E+00
  1.925000E+02 -3.978923E-02
  1.930000E+02  1.754597E+00
  1.935000E+02  2.972393E+00
  1.940000E+02  3.774525E+00
  1.945000E+02  4.418217E+00
  1.950000E+02  4.816643E+00
  1.955000E+02  4.665274E+00
  1.960000E+02  3.887977E+00
  1.965000E+02  2.801627E+00
  1.970000E+02  1.816801E+00
  1.975000E+02  1.071635E+00
  1.980000E+02  4.144357E-01
  1.985000E+02 -3.259690E-01
  1.990000E+02 -1.153870E+00
  1.995000E+02 -1.974411E+00
  2.000000E+02 -2.726827E+00
  2.005000E+02 -3.370539E+00
  2.010000E+02 -3.788192E+00
  2.015000E+02 -3.810739E+00
  2.020000E+02 -3.384752E+00
  2.025000E+02 -2.682207E+00
  2.030000E+02 -2.012521E+00
  2.035000E+02 -1.630084E+00
  2.040000E+02 -1.607608E+00
  2.045000E+02 -1.808484E+00
  2.050000E+02 -1.902819E+00
  2.055000E+02 -1.465827E+00
  2.060000E+02 -2.477495E-01
  2.065000E+02  1.501687E+00
  2.070000E+02  3.011971E+00
  2.075000E+02  3.479217E+00
  2.080000E+02  2.738034E+00
  2.085000E+02  1.474875E+00
  2.090000E+02  7.018264E-01
  2.095000E+02  9.394357E-01
  2.100000E+02  1.853679E+00
  2.105000E+02  2.620420E+00
  2.110000E+02  2.593146E+00
  2.115000E+02  1.679467E+00
  2.120000E+02  2.618463E-01
  2.125000E+02 -1.072661E+00
  2.130000E+02 -1.752787E+00
  2.135000E+02 -1.414132E+00
  2.140000E+02 -1.150897E-01
  2.145000E+02  1.583414E+00
  2.150000E+02  2.883768E+00
  2.155000E+02  3.256930E+00
  2.160000E+02  2.761671E+00
  2.165000E+02  1.876518E+00
  2.170000E+02  1.020334E+00
  2.175000E+02  2.290608E-01
  2.180000E+02 -7.484373E-01
  2.185000E+02 -2.098778E+00
  2.190000E+02 -3.683208E+00
  2.195000E+02 -5.055198E+00
  2.200000E+02 -5.709655E+00
  2.205000E+02 -5.406984E+00
  2.210000E+02 -4.382471E+00
  2.215000E+02 -3.251932E+00
  2.220000E+02 -2.578258E+00
  2.225000E+02 -2.390703E+00
  2.230000E+02 -2.126792E+00
  2.235000E+02 -1.150838E+00
  2.240000E+02  6.065279E-01
  2.245000E+02  2.556676E+00
  2.250000E+02  4.033233E+00
  2.255000E+02  4.909854E+00
  2.260000E+02  5.554679E+00
  2.265000E+02  6.190943E+00
  2.270000E+02  6.452945E+00
  2.275000E+02  5.712496E+00
  2.280000E+02  3.830661E+00
  2.285000E+02  1.462487E+00
  2.290000E+02 -4.556513E-01
  2.295000E+02 -1.479535E+00
  2.300000E+02 -1.877161E+00
  2.305000E+02 -2.151734E+00
  2.310000E+02 -2.484743E+00
  2.315000E+02 -2.697977E+00
  2.320000E+02 -2.653336E+00
  2.325000E+02 -2.528771E+00
  2.330000E+02 -2.643455E+00
  2.335000E+02 -3.078602E+00
  2.340000E+02 -3.549025E+00
  2.345000E+02 -3.648833E+00
  2.350000E+02 -3.179585E+00
  2.355000E+02 -2.232620E+00
  2.360000E+02 -1.003850E+00
  2.365000E+02  4.124781E-01
  2.370000E+02  2.028665E+00
  2.375000E+02  3.779608E+00
  2.380000E+02  5.361075E+00
  2.385000E+02  6.294446E+00
  2.390000E+02  6.218355E+00
  2.395000E+02  5.172669E+00
  2.400000E+02  3.597994E+00
  2.405000E+02  2.013993E+00
  2.410000E+02  6.630317E-01
  2.415000E+02 -5.395336E-01
  2.420000E+02 -1.729409E+00
  2.425000E+02 -2.836188E+00
  2.430000E+02 -3.654982E+00
  2.435000E+02 -4.136229E+00
  2.440000E+02 -4.485538E+00
  2.445000E+02 -4.888859E+00
  2.450000E+02 -5.173494E+00
  2.455000E+02 -4.855507E+00
  2.460000E+02 -3.594994E+00
  2.465000E+02 -1.586164E+00
  2.470000E+02  5.418019E-01
  2.475000E+02  2.197718E+00
  2.480000E+02  3.179214E+00
  2.485000E+02  3.611209E+00
  2.490000E+02  3.667892E+00
  2.495000E+02  3.435170E+00
  2.500000E+02  2.979910E+00
  2.505000E+02  2.404538E+00
  2.510000E+02  1.760045E+00
  2.515000E+02  9.755384E-01
  2.520000E+02 -1.254247E-02
  2.525000E+02 -1.041531E+00
  2.530000E+02 -1.716838E+00
  2.535000E+02 -1.706826E+00
  2.540000E+02 -1.046163E+00
  2.545000E+02 -1.041724E-01
  2.550000E+02  7.547565E-01
  2.555000E+02  1.437923E+00
  2.560000E+02  2.028923E+00
  2.565000E+02  2.472066E+00
  2.570000E+02  2.445988E+00
  2.575000E+02  1.631932E+00
  2.580000E+02  1.313800E-01
  2.585000E+02 -1.422942E+00
  2.590000E+02 -2.259036E+00
  2.595000E+02 -2.069761E+00
  2.600000E+02 -1.290170E+00
  2.605000E+02 -7.564467E-01
  2.610000E+02 -1.004739E+00
  2.615000E+02 -1.824016E+00
  2.620000E+02 -2.474835E+00
  2.625000E+02 -2.371512E+00
  2.630000E+02 -1.581185E+00
  2.635000E+02 -6.835758E-01
  2.640000E+02 -1.861715E-01
  2.645000E+02 -1.191840E-01
  2.650000E+02 -1.837768E-01
  2.655000E+02 -1.938479E-01
  2.660000E+02 -2.636032E-01
  2.665000E+02 -5.568198E-01
  2.670000E+02 -9.594348E-01
  2.675000E+02 -1.105370E+00
  2.680000E+02 -7.303755E-01
  2.685000E+02  6.259419E-02
  2.690000E+02  9.107342E-01
  2.695000E+02  1.516897E+00
  2.700000E+02  1.846618E+00
  2.705000E+02  2.072045E+00
  2.710000E+02  2.412289E+00
  2.715000E+02  3.012862E+00
  2.720000E+02  3.847715E+00
  2.725000E+02  4.631321E+00
  2.730000E+02  4.875804E+00
  2.735000E+02  4.194674E+00
  2.740000E+02  2.654856E+00
  2.745000E+02  7.927341E-01
  2.750000E+02 -8.120590E-01
  2.755000E+02 -2.009092E+00
  2.760000E+02 -3.088728E+00
  2.765000E+02 -4.309635E+00
  2.770000E+02 -5.466122E+00
  2.775000E+02 -5.982602E+00
  2.780000E+02 -5.439568E+00
  2.785000E+02 -3.982104E+00
  2.790000E+02 -2.226625E+00
  2.795000E+02 -8.127250E-01
  2.800000E+02 -2.969063E-02
  2.805000E+02  2.436295E-01
  2.810000E+02  3.739356E-01
  2.815000E+02  7.591092E-01
  2.820000E+02  1.623903E+00
  2.825000E+02  2.842186E+00
  2.830000E+02  3.897781E+00
  2.835000E+02  4.115224E+00
  2.840000E+02  3.096161E+00
  2.845000E+02  1.061770E+00
  2.850000E+02 -1.193439E+00
  2.855000E+02 -2.749315E+00
  2.860000E+02 -3.109270E+00
  2.865000E+02 -2.467308E+00
  2.870000E+02 -1.506755E+00
  2.875000E+02 -8.777243E-01
  2.880000E+02 -7.445195E-01
  2.885000E+02 -7.575342E-01
  2.890000E+02 -4.624369E-01
  2.895000E+02  2.376835E-01
  2.900000E+02  1.017110E+00
  2.905000E+02  1.516282E+00
  2.910000E+02  1.758699E+00
  2.915000E+02  2.130902E+00
  2.920000E+02  2.941166E+00
  2.925000E+02  4.040604E+00
  2.930000E+02  4.906515E+00
  2.935000E+02  5.063515E+00
  2.940000E+02  4.383201E+00
  2.945000E+02  3.021879E+00
  2.950000E+02  1.195946E+00
  2.955000E+02 -9.006873E-01
  2.960000E+02 -3.019922E+00
  2.965000E+02 -4.834675E+00
  2.970000E+02 -6.054183E+00
  2.975000E+02 -6.537551E+00
  2.980000E+02 -6.289013E+00
  2.985000E+02 -5.424120E+00
  2.990000E+02 -4.212580E+00
  2.995000E+02 -3.081209E+00
  3.000000E+02 -2.390059E+00
  3.005000E+02 -2.094999E+00
  3.010000E+02 -1.697022E+00
  3.015000E+02 -6.560556E-01
  3.020000E+02  1.109420E+00
  3.025000E+02  3.174684E+00
  3.030000E+02  5.021710E+00
  3.035000E+02  6.360680E+00
  3.040000E+02  6.994314E+00
  3.045000E+02  6.575183E+00
  3.050000E+02  4.832985E+00
  3.055000E+02  2.163252E+00
  3.060000E+02 -2.462248E-01
  3.065000E+02 -1.226451E+00
  3.070000E+02 -6.925900E-01
  3.075000E+02  2.331467E-01
  3.080000E+02  3.006103E-01
  3.085000E+02 -6.979748E-01
  3.090000E+02 -1.905852E+00
  3.095000E+02 -2.447977E+00
  3.100000E+02 -2.287055E+00
  3.105000E+02 -1.997810E+00
  3.110000E+02 -1.941612E+00
  3.115000E+02 -1.950048E+00
  3.120000E+02 -1.800090E+00
  3.125000E+02 -1.673692E+00
  3.130000E+02 -1.891387E+00
  3.135000E+02 -2.295564E+00
  3.140000E+02 -2.214055E+00
  3.145000E+02 -1.182984E+00
  3.150000E+02  4.477934E-01
  3.155000E+02  1.833897E+00
  3.160000E+02  2.543083E+00
  3.165000E+02  2.959028E+00
  3.170000E+02  3.699019E+00
  3.175000E+02  4.762984E+00
  3.180000E+02  5.434030E+00
  3.185000E+02  5.024910E+00
  3.190000E+02  3.584766E+00
  3.195000E+02  1.797503E+00
  3.200000E+02  2.731045E-01
  3.205000E+02 -9.451489E-01
  3.210000E+02 -2.200543E+00
  3.215000E+02 -3.696104E+00
  3.220000E+02 -5.224367E+00
  3.225000E+02 -6.352107E+00
  3.230000E+02 -6.765835E+00
  3.235000E+02 -6.425505E+00
  3.240000E+02 -5.466541E+00
  3.245000E+02 -4.033158E+00
  3.250000E+02 -2.221593E+00
  3.255000E+02 -1.609955E-01
  3.260000E+02  1.879126E+00
  3.265000E+02  3.509310E+00
  3.270000E+02  4.426110E+00
  3.275000E+02  4.655725E+00
  3.280000E+02  4.565810E+00
  3.285000E+02  4.547914E+00
  3.290000E+02  4.640031E+00
  3.295000E+02  4.499498E+00
  3.300000E+02  3.795411E+00
  3.305000E+02  2.598208E+00
  3.310000E+02  1.310423E+00
  3.315000E+02  2.163708E-01
  3.320000E+02 -7.926831E-01
  3.325000E+02 -1.960904E+00
  3.330000E+02 -3.195687E+00
  3.335000E+02 -4.006622E+00
  3.340000E+02 -3.994393E+00
  3.345000E+02 -3.321517E+00
  3.350000E+02 -2.565548E+00
  3.355000E+02 -2.081240E+00
  3.360000E+02 -1.609730E+00
  3.365000E+02 -6.110429E-01
  3.370000E+02  1.042047E+00
  3.375000E+02  2.790751E+00
  3.380000E+02  3.837003E+00
  3.385000E+02  3.811727E+00
  3.390000E+02  2.972536E+00
  3.395000E+02  1.812985E+00
  3.400000E+02  5.902076E-01
  3.405000E+02 -7.379846E-01
  3.410000E+02 -2.214928E+00
  3.415000E+02 -3.652668E+00
  3.420000E+02 -4.717824E+00
  3.425000E+02 -5.167713E+00
  3.430000E+02 -4.939976E+00
  3.435000E+02 -4.059769E+00
  3.440000E+02 -2.580155E+00
  3.445000E+02 -6.773694E-01
  3.450000E+02  1.263524E+00
  3.455000E+02  2.795783E+00
  3.460000E+02  3.725006E+00
  3.465000E+02  4.245775E+00
  3.470000E+02  4.685391E+00
  3.475000E+02  5.082846E+00
  3.480000E+02  5.070035E+00
  3.485000E+02  4.226163E+00
  3.490000E+02  2.545555E+00
  3.495000E+02  5.124949E-01
  3.500000E+02 -1.288350E+00
  3.505000E+02 -2.578734E+00
  3.510000E+02 -3.379180E+00
  3.515000E+02 -3.683385E+00
  3.520000E+02 -3.297422E+00
  3.525000E+02 -2.088715E+00
  3.530000E+02 -3.323892E-01
  3.535000E+02  1.319274E+00
  3.540000E+02  2.271615E+00
  3.545000E+02  2.366264E+00
  3.550000E+02  1.831458E+00
  3.555000E+02  9.610521E-01
  3.560000E+02 -4.757857E-02
  3.565000E+02 -9.792127E-01
  3.570000E+02 -1.523462E+00
  3.575000E+02 -1.484628E+00
  3.580000E+02 -1.061594E+00
  3.585000E+02 -7.813382E-01
  3.590000E+02 -1.058180E+00
  3.595000E+02 -1.832205E+00
  3.600000E+02 -2.666539E+00
  3.605000E+02 -3.142172E+00
  3.610000E+02 -3.089726E+00
  3.615000E+02 -2.501972E+00
  3.620000E+02 -1.412501E+00
  3.625000E+02  1.733915E-02
  3.630000E+02  1.385789E+00
  3.635000E+02  2.231538E+00
  3.640000E+02  2.422448E+00
  3.645000E+02  2.284799E+00
  3.650000E+02  2.246977E+00
  3.655000E+02  2.382164E+00
  3.660000E+02  2.397926E+00
  3.665000E+02  2.074151E+00
  3.670000E+02  1.587780E+00
  3.675000E+02  1.321391E+00
  3.680000E+02  1.418574E+00
  3.685000E+02  1.643868E+00
  3.690000E+02  1.671810E+00
  3.695000E+02  1.388820E+00
  3.700000E+02  8.595580E-01
  3.705000E+02  1.241168E-01
  3.710000E+02 -8.072578E-01
  3.715000E+02 -1.768411E+00
  3.720000E+02 -2.422650E+00
  3.725000E+02 -2.560756E+00
  3.730000E+02 -2.359263E+00
  3.735000E+02 -2.217452E+00
  3.740000E+02 -2.323135E+00
  3.745000E+02 -2.470472E+00
  3.750000E+02 -2.336553E+00
  3.755000E+02 -1.836775E+00
  3.760000E+02 -1.118760E+00
  3.765000E+02 -2.830712E-01
  3.770000E+02  7.150332E-01
  3.775000E+02  1.827237E+00
  3.780000E+02  2.700622E+00
  3.785000E+02  2.852883E+00
  3.790000E+02  2.079528E+00
  3.795000E+02  6.371323E-01
  3.800000E+02 -9.496928E-01
  3.805000E+02 -2.172174E+00
  3.810000E+02 -2.656789E+00
  3.815000E+02 -2.216208E+00
  3.820000E+02 -9.843716E-01
  3.825000E+02  5.359950E-01
  3.830000E+02  1.780328E+00
  3.835000E+02  2.593196E+00
  3.840000E+02  3.273497E+00
  3.845000E+02  4.001702E+00
  3.850000E+02  4.311250E+00
  3.855000E+02  3.404093E+00
  3.860000E+02  1.128823E+00
  3.865000E+02 -1.521598E+00
  3.870000E+02 -3.141974E+00
  3.875000E+02 -3.190040E+00
  3.880000E+02 -2.388863E+00
  3.885000E+02 -1.810872E+00
  3.890000E+02 -1.735406E+00
  3.895000E+02 -1.582670E+00
  3.900000E+02 -8.666401E-01
  3.905000E+02  9.916499E-02
  3.910000E+02  5.877290E-01
  3.915000E+02  3.574715E-01
  3.920000E+02 -9.844473E-02
  3.925000E+02 -2.020768E-01
  3.930000E+02  4.324800E-02
  3.935000E+02  1.721397E-01
  3.940000E+02 -9.292861E-02
  3.945000E+02 -5.111696E-01
  3.950000E+02 -6.340860E-01
  3.955000E+02 -2.732511E-01
  3.960000E+02  3.981283E-01
  3.965000E+02  1.052004E+00
  3.970000E+02  1.378030E+00
  3.975000E+02  1.170141E+00
  3.980000E+02  4.955522E-01
  3.985000E+02 -1.645518E-01
  3.990000E+02 -1.701742E-01
  3.995000E+02  6.502014E-01
  4.000000E+02  1.664317E+00
  4.005000E+02  1.941121E+00
  4.010000E+02  1.176567E+00
  4.015000E+02 -7.278454E-03
  4.020000E+02 -7.776867E-01
  4.025000E+02 -9.761215E-01
  4.030000E+02 -1.106864E+00
  4.035000E+02 -1.506404E+00
  4.040000E+02 -1.821162E+00
  4.045000E+02 -1.491958E+00
  4.050000E+02 -5.874699E-01
  4.055000E+02  1.528901E-01
  4.060000E+02  1.626559E-01
  4.065000E+02 -3.060526E-01
  4.070000E+02 -5.603143E-01
  4.075000E+02 -3.465467E-01
  4.080000E+02 -8.219750E-02
  4.085000E+02 -1.979364E-01
  4.090000E+02 -5.428246E-01
  4.095000E+02 -6.658050E-01
  4.100000E+02 -5.317534E-01
  4.105000E+02 -6.017778E-01
  4.110000E+02 -1.089833E+00
  4.115000E+02 -1.408378E+00
  4.120000E+02 -6.698973E-01
  4.125000E+02  1.254371E+00
  4.130000E+02  3.415708E+00
  4.135000E+02  4.654530E+00
  4.140000E+02  4.658661E+00
  4.145000E+02  4.019551E+00
  4.150000E+02  3.353523E+00
  4.155000E+02  2.647133E+00
  4.160000E+02  1.566568E+00
  4.165000E+02  1.749490E-01
  4.170000E+02 -9.709229E-01
  4.175000E+02 -1.477108E+00
  4.180000E+02 -1.629412E+00
  4.185000E+02 -2.060106E+00
  4.190000E+02 -2.965534E+00
  4.195000E+02 -3.857271E+00
  4.200000E+02 -4.153428E+00
  4.205000E+02 -3.870924E+00
  4.210000E+02 -3.576035E+00
  4.215000E+02 -3.676470E+00
  4.220000E+02 -3.919815E+00
  4.225000E+02 -3.672358E+00
  4.230000E+02 -2.606278E+00
  4.235000E+02 -9.858760E-01
  4.240000E+02  7.125156E-01
  4.245000E+02  2.306648E+00
  4.250000E+02  3.905649E+00
  4.255000E+02  5.447327E+00
  4.260000E+02  6.428122E+00
  4.265000E+02  6.268566E+00
  4.270000E+02  4.975131E+00
  4.275000E+02  3.324951E+00
  4.280000E+02  2.251973E+00
  4.285000E+02  1.988485E+00
  4.290000E+02  1.846865E+00
  4.295000E+02  9.095900E-01
  4.300000E+02 -1.039245E+00
  4.305000E+02 -3.261195E+00
  4.310000E+02 -4.706022E+00
  4.315000E+02 -4.865852E+00
  4.320000E+02 -4.019700E+00
  4.325000E+02 -2.765705E+00
  4.330000E+02 -1.466470E+00
  4.335000E+02 -1.812978E-01
  4.340000E+02  1.010333E+00
  4.345000E+02  1.826173E+00
  4.350000E+02  1.994720E+00
  4.355000E+02  1.561743E+00
  4.360000E+02  8.773326E-01
  4.365000E+02  2.825424E-01
  4.370000E+02 -1.196451E-01
  4.375000E+02 -3.887921E-01
  4.380000E+02 -5.672149E-01
  4.385000E+02 -6.806021E-01
  4.390000E+02 -8.666588E-01
  4.395000E+02 -1.337773E+00
  4.400000E+02 -2.111381E+00
  4.405000E+02 -2.830526E+00
  4.410000E+02 -2.976615E+00
  4.415000E+02 -2.316584E+00
  4.420000E+02 -1.111201E+00
  4.425000E+02  1.348286E-01
  4.430000E+02  1.085288E+00
  4.435000E+02  1.715264E+00
  4.440000E+02  2.129136E+00
  4.445000E+02  2.370008E+00
  4.450000E+02  2.444187E+00
  4.455000E+02  2.422500E+00
  4.460000E+02  2.384368E+00
  4.465000E+02  2.258775E+00
  4.470000E+02  1.841336E+00
  4.475000E+02  1.063239E+00
  4.480000E+02  2.068120E-01
  4.485000E+02 -2.550605E-01
  4.490000E+02 -8.848554E-02
  4.495000E+02  4.643380E-01
  4.500000E+02  9.152226E-01
  4.505000E+02  9.767898E-01
  4.510000E+02  7.392451E-01
  4.515000E+02  4.185024E-01
  4.520000E+02  8.010875E-03
  4.525000E+02 -7.491553E-01
  4.530000E+02 -2.037676E+00
  4.535000E+02 -3.655180E+00
  4.540000E+02 -5.038028E+00
  4.545000E+02 -5.602493E+00
  4.550000E+02 -5.094982E+00
  4.555000E+02 -3.690308E+00
  4.560000E+02 -1.827885E+00
  4.565000E+02  3.992003E-02
  4.570000E+02  1.617192E+00
  4.575000E+02  2.795209E+00
  4.580000E+02  3.585291E+00
  4.585000E+02  4.025460E+00
  4.590000E+02  4.116226E+00
  4.595000E+02  3.809347E+00
  4.600000E+02  3.047728E+00
  4.605000E+02  1.840589E+00
  4.610000E+02  3.434003E-01
  4.615000E+02 -1.112535E+00
  4.620000E+02 -2.104412E+00
  4.625000E+02 -2.323219E+00
  4.630000E+02 -1.791267E+00
  4.635000E+02 -9.097883E-01
  4.640000E+02 -2.367402E-01
  4.645000E+02 -1.118410E-01
  4.650000E+02 -4.146645E-01
  4.655000E+02 -6.782019E-01
  4.660000E+02 -4.978104E-01
  4.665000E+02  9.469462E-02
  4.670000E+02  6.265455E-01
  4.675000E+02  5.847821E-01
  4.680000E+02 -1.074027E-01
  4.685000E+02 -9.707879E-01
  4.690000E+02 -1.348191E+00
  4.695000E+02 -9.627525E-01
  4.700000E+02 -1.360233E-01
  4.705000E+02  5.627082E-01
  4.710000E+02  9.086509E-01
  4.715000E+02  1.251283E+00
  4.720000E+02  2.105155E+00
  4.725000E+02  3.477937E+00
  4.730000E+02  4.628822E+00
  4.735000E+02  4.567558E+00
  4.740000E+02  2.876981E+00
  4.745000E+02  1.066509E-01
  4.750000E+02 -2.613369E+00
  4.755000E+02 -4.364838E+00
  4.760000E+02 -4.942344E+00
  4.765000E+02 -4.718080E+00
  4.770000E+02 -4.139191E+00
  4.775000E+02 -3.386480E+00
  4.780000E+02 -2.447133E+00
  4.785000E+02 -1.399091E+00
  4.790000E+02 -5.306970E-01
  4.795000E+02 -1.414231E-01
  4.800000E+02 -2.224517E-01
  4.805000E+02 -3.581206E-01
  4.810000E+02 -3.424115E-04
  4.815000E+02  1.080460E+00
  4.820000E+02  2.559684E+00
  4.825000E+02  3.772549E+00
  4.830000E+02  4.211887E+00
  4.835000E+02  3.868752E+00
  4.840000E+02  3.118649E+00
  4.845000E+02  2.304466E+00
  4.850000E+02  1.462133E+00
  4.855000E+02  4.532359E-01
  4.860000E+02 -6.933466E-01
  4.865000E+02 -1.651382E+00
  4.870000E+02 -2.036937E+00
  4.875000E+02 -1.748583E+00
  4.880000E+02 -1.045634E+00
  4.885000E+02 -3.203024E-01
  4.890000E+02  1.608783E-01
  4.895000E+02  3.156345E-01
  4.900000E+02  1.621176E-01
  4.905000E+02 -2.182095E-01
  4.910000E+02 -6.434765E-01
  4.915000E+02 -8.694850E-01
  4.920000E+02 -7.675346E-01
  4.925000E+02 -4.741721E-01
  4.930000E+02 -3.048981E-01
  4.935000E+02 -4.666766E-01
  4.940000E+02 -8.418330E-01
  4.945000E+02 -1.059477E+00
  4.950000E+02 -7.910944E-01
  4.955000E+02 -1.706184E-02
  4.960000E+02  9.286420E-01
  4.965000E+02  1.543746E+00
  4.970000E+02  1.453082E+00
  4.975000E+02  6.507104E-01
  4.980000E+02 -4.709704E-01
  4.985000E+02 -1.370844E+00
  4.990000E+02 -1.738659E+00
  4.995000E+02 -1.686018E+00
  5.000000E+02 -1.551875E+00
  5.005000E+02 -1.505559E+00
  5.010000E+02 -1.370387E+00
  5.015000E+02 -8.669137E-01
  5.020000E+02  4.275617E-03
  5.025000E+02  8.932231E-01
  5.030000E+02  1.433755E+00
  5.035000E+02  1.593838E+00
  5.040000E+02  1.650363E+00
  5.045000E+02  1.855504E+00
  5.050000E+02  2.207774E+00
  5.055000E+02  2.555241E+00
  5.060000E+02  2.816181E+00
  5.065000E+02  2.992540E+00
  5.070000E+02  2.993192E+00
  5.075000E+02  2.583992E+00
  5.080000E+02  1.614091E+00
  5.085000E+02  2.581772E-01
  5.090000E+02 -1.063655E+00
  5.095000E+02 -2.035121E+00
  5.100000E+02 -2.653837E+00
  5.105000E+02 -3.061504E+00
  5.110000E+02 -3.246917E+00
  5.115000E+02 -3.046671E+00
  5.120000E+02 -2.466762E+00
  5.125000E+02 -1.875395E+00
  5.130000E+02 -1.713073E+00
  5.135000E+02 -1.973367E+00
  5.140000E+02 -2.089324E+00
  5.145000E+02 -1.484077E+00
  5.150000E+02 -2.718433E-01
  5.155000E+02  6.820629E-01
  5.160000E+02  5.246368E-01
  5.165000E+02 -7.050131E-01
  5.170000E+02 -1.983258E+00
  5.175000E+02 -2.142921E+00
  5.180000E+02 -8.530205E-01
  5.185000E+02  1.188789E+00
  5.190000E+02  2.963157E+00
  5.195000E+02  3.962083E+00
  5.200000E+02  4.350097E+00
  5.205000E+02  4.460273E+00
  5.210000E+02  4.327436E+00
  5.215000E+02  3.783356E+00
  5.220000E+02  2.871249E+00
  5.225000E+02  1.947009E+00
  5.230000E+02  1.290286E+00
  5.235000E+02  7.423812E-01
  5.240000E+02 -9.919912E-02
  5.245000E+02 -1.317051E+00
  5.250000E+02 -2.455398E+00
  5.255000E+02 -2.973496E+00
  5.260000E+02 -2.842527E+00
  5.265000E+02 -2.536808E+00
  5.270000E+02 -2.419081E+00
  5.275000E+02 -2.309932E+00
  5.280000E+02 -1.820047E+00
  5.285000E+02 -1.029935E+00
  5.290000E+02 -5.946101E-01
  5.295000E+02 -1.035993E+00
  5.300000E+02 -2.041788E+00
  5.305000E+02 -2.662984E+00
  5.310000E+02 -2.245373E+00
  5.315000E+02 -1.038887E+00
  5.320000E+02  1.820933E-01
  5.325000E+02  9.709218E-01
  5.330000E+02  1.512881E+00
  5.335000E+02  2.123416E+00
  5.340000E+02  2.693326E+00
  5.345000E+02  2.813478E+00
  5.350000E+02  2.357026E+00
  5.355000E+02  1.697234E+00
  5.360000E+02  1.259501E+00
  5.365000E+02  1.014957E+00
  5.370000E+02  6.011625E-01
  5.375000E+02 -8.801017E-02
  5.380000E+02 -6.386489E-01
  5.385000E+02 -5.646783E-01
  5.390000E+02  6.885349E-02
  5.395000E+02  6.302665E-01
  5.400000E+02  5.665716E-01
  5.405000E+02 -1.955301E-02
  5.410000E+02 -4.880697E-01
  5.415000E+02 -3.065070E-01
  5.420000E+02  4.631462E-01
  5.425000E+02  1.246971E+00
  5.430000E+02  1.419541E+00
  5.435000E+02  7.135614E-01
  5.440000E+02 -6.396767E-01
  5.445000E+02 -2.022992E+00
  5.450000E+02 -2.746259E+00
  5.455000E+02 -2.470494E+00
  5.460000E+02 -1.486529E+00
  5.465000E+02 -5.494581E-01
  5.470000E+02 -3.045848E-01
  5.475000E+02 -7.866591E-01
  5.480000E+02 -1.472524E+00
  5.485000E+02 -1.818620E+00
  5.490000E+02 -1.713557E+00
  5.495000E+02 -1.413123E+00
  5.500000E+02 -1.131171E+00
  5.505000E+02 -8.027577E-01
  5.510000E+02 -2.400605E-01
  5.515000E+02  6.035539E-01
  5.520000E+02  1.615564E+00
  5.525000E+02  2.710138E+00
  5.530000E+02  3.886098E+00
  5.535000E+02  5.030922E+00
  5.540000E+02  5.747391E+00
  5.545000E+02  5.519342E+00
  5.550000E+02  4.134315E+00
  5.555000E+02  1.940197E+00
  5.560000E+02 -3.461698E-01
  5.565000E+02 -2.105498E+00
  5.570000E+02 -3.134598E+00
  5.575000E+02 -3.588853E+00
  5.580000E+02 -3.695402E+00
  5.585000E+02 -3.541834E+00
  5.590000E+02 -3.095704E+00
  5.595000E+02 -2.371924E+00
  5.600000E+02 -1.559062E+00
  5.605000E+02 -9.757603E-01
  5.610000E+02 -8.712182E-01
  5.615000E+02 -1.219049E+00
  5.620000E+02 -1.693460E+00
  5.625000E+02 -1.891009E+00
  5.630000E+02 -1.629067E+00
  5.635000E+02 -1.035941E+00
  5.640000E+02 -3.263324E-01
  5.645000E+02  5.002131E-01
  5.650000E+02  1.669730E+00
  5.655000E+02  3.276935E+00
  5.660000E+02  4.929488E+00
  5.665000E+02  5.848621E+00
  5.670000E+02  5.443681E+00
  5.675000E+02  3.846329E+00
  5.680000E+02  1.858196E+00
  5.685000E+02  3.198757E-01
  5.690000E+02 -5.106771E-01
  5.695000E+02 -9.932047E-01
  5.700000E+02 -1.575138E+00
  5.705000E+02 -2.273909E+00
  5.710000E+02 -2.686975E+00
  5.715000E+02 -2.461469E+00
  5.720000E+02 -1.692664E+00
  5.725000E+02 -8.516767E-01
  5.730000E+02 -3.727544E-01
  5.735000E+02 -3.538575E-01
  5.740000E+02 -6.219491E-01
  5.745000E+02 -9.823333E-01
  5.750000E+02 -1.328311E+00
  5.755000E+02 -1.552823E+00
  5.760000E+02 -1.491514E+00
  5.765000E+02 -1.057924E+00
  5.770000E+02 -4.151084E-01
  5.775000E+02  9.224902E-02
  5.780000E+02  2.521294E-01
  5.785000E+02  2.187564E-01
  5.790000E+02  3.785442E-01
  5.795000E+02  9.619042E-01
  5.800000E+02  1.804617E+00
  5.805000E+02  2.493982E+00
  5.810000E+02  2.713403E+00
  5.815000E+02  2.423822E+00
  5.820000E+02  1.766232E+00
  5.825000E+02  8.944186E-01
  5.830000E+02 -4.759812E-02
  5.835000E+02 -8.572231E-01
  5.840000E+02 -1.314377E+00
  5.845000E+02 -1.355356E+00
  5.850000E+02 -1.158460E+00
  5.855000E+02 -9.716042E-01
  5.860000E+02 -8.325590E-01
  5.865000E+02 -5.185630E-01
  5.870000E+02  1.584228E-01
  5.875000E+02  1.002029E+00
  5.880000E+02  1.440668E+00
  5.885000E+02  9.712698E-01
  5.890000E+02 -3.478733E-01
  5.895000E+02 -1.837472E+00
  5.900000E+02 -2.666261E+00
  5.905000E+02 -2.446624E+00
  5.910000E+02 -1.435884E+00
  5.915000E+02 -2.016418E-01
  5.920000E+02  8.835377E-01
  5.925000E+02  1.821595E+00
  5.930000E+02  2.721588E+00
  5.935000E+02  3.450909E+00
  5.940000E+02  3.639019E+00
  5.945000E+02  3.036282E+00
  5.950000E+02  1.793749E+00
  5.955000E+02  3.165668E-01
  5.960000E+02 -1.129093E+00
  5.965000E+02 -2.555956E+00
  5.970000E+02 -3.964035E+00
  5.975000E+02 -5.028331E+00
  5.980000E+02 -5.260085E+00
  5.985000E+02 -4.533964E+00
  5.990000E+02 -3.321150E+00
  5.995000E+02 -2.235678E+00
  6.000000E+02 -1.352528E+00
  6.005000E+02 -1.350062E-01
  6.010000E+02  1.850582E+00
  6.015000E+02  4.224071E+00
  6.020000E+02  5.952213E+00
  6.025000E+02  6.267601E+00
  6.030000E+02  5.343077E+00
  6.035000E+02  4.000119E+00
  6.040000E+02  2.843024E+00
  6.045000E+02  1.813791E+00
  6.050000E+02  5.733219E-01
  6.055000E+02 -8.795900E-01
  6.060000E+02 -2.124084E+00
  6.065000E+02 -2.788152E+00
  6.070000E+02 -2.927403E+00
  6.075000E+02 -2.876552E+00
  6.080000E+02 -2.839138E+00
  6.085000E+02 -2.732344E+00
  6.090000E+02 -2.380620E+00
  6.095000E+02 -1.722758E+00
  6.100000E+02 -8.102794E-01
  6.105000E+02  2.576452E-01
  6.110000E+02  1.289634E+00
  6.115000E+02  1.975607E+00
  6.120000E+02  2.081353E+00
  6.125000E+02  1.719921E+00
  6.130000E+02  1.307448E+00
  6.135000E+02  1.135878E+00
  6.140000E+02  1.036698E+00
  6.145000E+02  5.921399E-01
  6.150000E+02 -3.116387E-01
  6.155000E+02 -1.268437E+00
  6.160000E+02 -1.768364E+00
  6.165000E+02 -1.748251E+00
  6.170000E+02 -1.601648E+00
  6.175000E+02 -1.659665E+00
  6.180000E+02 -1.810949E+00
  6.185000E+02 -1.707069E+00
  6.190000E+02 -1.220051E+00
  6.195000E+02 -5.299054E-01
  6.200000E+02  2.199455E-01
  6.205000E+02  1.149482E+00
  6.210000E+02  2.382368E+00
  6.215000E+02  3.644881E+00
  6.220000E+02  4.319921E+00
  6.225000E+02  3.979236E+00
  6.230000E+02  2.782083E+00
  6.235000E+02  1.279402E+00
  6.240000E+02 -1.056361E-01
  6.245000E+02 -1.296498E+00
  6.250000E+02 -2.306812E+00
  6.255000E+02 -2.949684E+00
  6.260000E+02 -2.936633E+00
  6.265000E+02 -2.226643E+00
  6.270000E+02 -1.158436E+00
  6.275000E+02 -2.010674E-01
  6.280000E+02  3.731007E-01
  6.285000E+02  5.644884E-01
  6.290000E+02  5.068824E-01
  6.295000E+02  3.553646E-01
  6.300000E+02  2.728075E-01
  6.305000E+02  3.853800E-01
  6.310000E+02  6.724558E-01
  6.315000E+02  9.533437E-01
  6.320000E+02  1.059282E+00
  6.325000E+02  1.000757E+00
  6.330000E+02  8.940905E-01
  6.335000E+02  7.287167E-01
  6.340000E+02  3.074094E-01
  6.345000E+02 -5.171000E-01
  6.350000E+02 -1.601677E+00
  6.355000E+02 -2.594883E+00
  6.360000E+02 -3.236407E+00
  6.365000E+02 -3.464793E+00
  6.370000E+02 -3.206064E+00
  6.375000E+02 -2.219584E+00
  6.380000E+02 -3.676679E-01
  6.385000E+02  1.922439E+00
  6.390000E+02  3.645943E+00
  6.395000E+02  3.892158E+00
  6.400000E+02  2.618434E+00
  6.405000E+02  7.200349E-01
  6.410000E+02 -7.067114E-01
  6.415000E+02 -1.171246E+00
  6.420000E+02 -9.174819E-01
  6.425000E+02 -4.112532E-01
  6.430000E+02  1.423336E-01
  6.435000E+02  7.796249E-01
  6.440000E+02  1.461140E+00
  6.445000E+02  1.955078E+00
  6.450000E+02  2.055123E+00
  6.455000E+02  1.797655E+00
  6.460000E+02  1.376764E+00
  6.465000E+02  8.895003E-01
  6.470000E+02  2.739219E-01
  6.475000E+02 -4.688933E-01
  6.480000E+02 -1.082888E+00
  6.485000E+02 -1.211519E+00
  6.490000E+02 -7.896378E-01
  6.495000E+02 -2.244134E-01
  6.500000E+02 -9.353012E-02
  6.505000E+02 -6.128545E-01
  6.510000E+02 -1.414508E+00
  6.515000E+02 -1.887640E+00
  6.520000E+02 -1.755932E+00
  6.525000E+02 -1.313828E+00
  6.530000E+02 -1.094680E+00
  6.535000E+02 -1.327968E+00
  6.540000E+02 -1.736976E+00
  6.545000E+02 -1.840412E+00
  6.550000E+02 -1.398167E+00
  6.555000E+02 -5.546775E-01
  6.560000E+02  3.727724E-01
  6.565000E+02  1.143594E+00
  6.570000E+02  1.635529E+00
  6.575000E+02  1.774703E+00
  6.580000E+02  1.570036E+00
  6.585000E+02  1.225094E+00
  6.590000E+02  1.086795E+00
  6.595000E+02  1.362653E+00
  6.600000E+02  1.886890E+00
  6.605000E+02  2.232158E+00
  6.610000E+02  2.068709E+00
  6.615000E+02  1.377665E+00
  6.620000E+02  3.407843E-01
  6.625000E+02 -8.369783E-01
  6.630000E+02 -1.886384E+00
  6.635000E+02 -2.360743E+00
  6.640000E+02 -1.838772E+00
  6.645000E+02 -4.262644E-01
  6.650000E+02  1.034047E+00
  6.655000E+02  1.511161E+00
  6.660000E+02  7.042583E-01
  6.665000E+02 -6.323673E-01
  6.670000E+02 -1.391015E+00
  6.675000E+02 -1.148213E+00
  6.680000E+02 -4.543633E-01
  6.685000E+02 -1.308673E-01
  6.690000E+02 -4.160053E-01
  6.695000E+02 -8.641460E-01
  6.700000E+02 -9.509160E-01
  6.705000E+02 -5.808389E-01
  6.710000E+02  1.439684E-02
  6.715000E+02  6.723725E-01
  6.720000E+02  1.405923E+00
  6.725000E+02  2.153560E+00
  6.730000E+02  2.614876E+00
  6.735000E+02  2.440156E+00
  6.740000E+02  1.528070E+00
  6.745000E+02  7.644709E-02
  6.750000E+02 -1.584427E+00
  6.755000E+02 -3.089596E+00
  6.760000E+02 -4.013635E+00
  6.765000E+02 -3.968625E+00
  6.770000E+02 -2.915468E+00
  6.775000E+02 -1.356444E+00
  6.780000E+02 -5.757088E-02
  6.785000E+02  5.262347E-01
  6.790000E+02  5.433219E-01
  6.795000E+02  4.591763E-01
  6.800000E+02  5.425346E-01
  6.805000E+02  6.750697E-01
  6.810000E+02  5.884112E-01
  6.815000E+02  1.676924E-01
  6.820000E+02 -4.654089E-01
  6.825000E+02 -1.013073E+00
  6.830000E+02 -1.058687E+00
  6.835000E+02 -2.119798E-01
  6.840000E+02  1.555092E+00
  6.845000E+02  3.651138E+00
  6.850000E+02  5.130900E+00
  6.855000E+02  5.430589E+00
  6.860000E+02  4.851107E+00
  6.865000E+02  4.181810E+00
  6.870000E+02  3.810150E+00
  6.875000E+02  3.327545E+00
  6.880000E+02  2.101234E+00
  6.885000E+02  1.181799E-01
  6.890000E+02 -1.928690E+00
  6.895000E+02 -3.394213E+00
  6.900000E+02 -4.315167E+00
  6.905000E+02 -5.156236E+00
  6.910000E+02 -6.060072E+00
  6.915000E+02 -6.610282E+00
  6.920000E+02 -6.403150E+00
  6.925000E+02 -5.640384E+00
  6.930000E+02 -4.925225E+00
  6.935000E+02 -4.492853E+00
  6.940000E+02 -3.858585E+00
  6.945000E+02 -2.361706E+00
  6.950000E+02  1.688090E-02
  6.955000E+02  2.503626E+00
  6.960000E+02  4.193033E+00
  6.965000E+02  4.781798E+00
  6.970000E+02  4.669463E+00
  6.975000E+02  4.469245E+00
  6.980000E+02  4.493408E+00
  6.985000E+02  4.614879E+00
  6.990000E+02  4.471286E+00
  6.995000E+02  3.785108E+00
  7.000000E+02  2.614799E+00
  7.005000E+02  1.382187E+00
  7.010000E+02  5.826889E-01
  7.015000E+02  3.491845E-01
  7.020000E+02  3.048648E-01
  7.025000E+02 -4.608925E-02
  7.030000E+02 -7.458702E-01
  7.035000E+02 -1.297623E+00
  7.040000E+02 -1.237482E+00
  7.045000E+02 -7.225472E-01
  7.050000E+02 -3.997023E-01
  7.055000E+02 -6.632302E-01
  7.060000E+02 -1.186097E+00
  7.065000E+02 -1.313651E+00
  7.070000E+02 -8.601092E-01
  7.075000E+02 -3.494997E-01
  7.080000E+02 -4.245291E-01
  7.085000E+02 -1.150654E+00
  7.090000E+02 -2.021250E+00
  7.095000E+02 -2.574831E+00
  7.100000E+02 -2.828965E+00
  7.105000E+02 -3.061873E+00
  7.110000E+02 -3.322147E+00
  7.115000E+02 -3.315155E+00
  7.120000E+02 -2.751848E+00
  7.125000E+02 -1.674031E+00
  7.130000E+02 -3.994429E-01
  7.135000E+02  7.402487E-01
  7.140000E+02  1.531334E+00
  7.145000E+02  1.872253E+00
  7.150000E+02  1.845012E+00
  7.155000E+02  1.830350E+00
  7.160000E+02  2.350057E+00
  7.165000E+02  3.566992E+00
  7.170000E+02  4.924540E+00
  7.175000E+02  5.459347E+00
  7.180000E+02  4.626430E+00
  7.185000E+02  2.814657E+00
  7.190000E+02  9.783634E-01
  7.195000E+02 -2.338581E-01
  7.200000E+02 -9.212367E-01
  7.205000E+02 -1.530359E+00
  7.210000E+02 -2.168591E+00
  7.215000E+02 -2.461016E+00
  7.220000E+02 -2.073196E+00
  7.225000E+02 -1.220049E+00
  7.230000E+02 -5.294317E-01
  7.235000E+02 -4.162138E-01
  7.240000E+02 -6.863609E-01
  7.245000E+02 -7.990433E-01
  7.250000E+02 -4.615674E-01
  7.255000E+02  1.045717E-01
  7.260000E+02  4.739148E-01
  7.265000E+02  5.063357E-01
  7.270000E+02  4.602576E-01
  7.275000E+02  6.285214E-01
  7.280000E+02  9.278736E-01
  7.285000E+02  9.147576E-01
  7.290000E+02  2.340971E-01
  7.295000E+02 -9.596187E-01
  7.300000E+02 -2.054504E+00
  7.305000E+02 -2.478522E+00
  7.310000E+02 -2.170424E+00
  7.315000E+02 -1.587548E+00
  7.320000E+02 -1.275781E+00
  7.325000E+02 -1.433246E+00
  7.330000E+02 -1.849245E+00
  7.335000E+02 -2.191447E+00
  7.340000E+02 -2.301969E+00
  7.345000E+02 -2.239239E+00
  7.350000E+02 -2.107079E+00
  7.355000E+02 -1.885271E+00
  7.360000E+02 -1.394343E+00
  7.365000E+02 -3.789375E-01
  7.370000E+02  1.344398E+00
  7.375000E+02  3.714994E+00
  7.380000E+02  6.323799E+00
  7.385000E+02  8.514387E+00
  7.390000E+02  9.695118E+00
  7.395000E+02  9.627072E+00
  7.400000E+02  8.418799E+00
  7.405000E+02  6.270735E+00
  7.410000E+02  3.330225E+00
  7.415000E+02 -1.117212E-01
  7.420000E+02 -3.352748E+00
  7.425000E+02 -5.449875E+00
  7.430000E+02 -5.892464E+00
  7.435000E+02 -5.148982E+00
  7.440000E+02 -4.397070E+00
  7.445000E+02 -4.540144E+00
  7.450000E+02 -5.432128E+00
  7.455000E+02 -6.096404E+00
  7.460000E+02 -5.707449E+00
  7.465000E+02 -4.320405E+00
  7.470000E+02 -2.663937E+00
  7.475000E+02 -1.355658E+00
  7.480000E+02 -4.536635E-01
  7.485000E+02  2.612504E-01
  7.490000E+02  7.789565E-01
  7.495000E+02  8.315485E-01
  7.500000E+02  3.636793E-01
  7.505000E+02 -1.472427E-01
  7.510000E+02 -2.023511E-03
  7.515000E+02  1.071336E+00
  7.520000E+02  2.647352E+00
  7.525000E+02  4.001484E+00
  7.530000E+02  4.721396E+00
  7.535000E+02  4.888491E+00
  7.540000E+02  4.733756E+00
  7.545000E+02  4.266102E+00
  7.550000E+02  3.328129E+00
  7.555000E+02  1.963337E+00
  7.560000E+02  5.920000E-01
  7.565000E+02 -2.699133E-01
  7.570000E+02 -4.695258E-01
  7.575000E+02 -3.646635E-01
  7.580000E+02 -5.056256E-01
  7.585000E+02 -1.163239E+00
  7.590000E+02 -2.118102E+00
  7.595000E+02 -2.834407E+00
  7.600000E+02 -2.828559E+00
  7.605000E+02 -1.984007E+00
  7.610000E+02 -6.744477E-01
  7.615000E+02  3.642660E-01
  7.620000E+02  4.212022E-01
  7.625000E+02 -6.980494E-01
  7.630000E+02 -2.432779E+00
  7.635000E+02 -3.777620E+00
  7.640000E+02 -3.994766E+00
  7.645000E+02 -3.137593E+00
  7.650000E+02 -1.892452E+00
  7.655000E+02 -8.927641E-01
  7.660000E+02 -1.961395E-01
  7.665000E+02  5.774073E-01
  7.670000E+02  1.677437E+00
  7.675000E+02  2.891465E+00
  7.680000E+02  3.769556E+00
  7.685000E+02  4.052812E+00
  7.690000E+02  3.784443E+00
  7.695000E+02  3.074495E+00
  7.700000E+02  1.949647E+00
  7.705000E+02  5.315385E-01
  7.710000E+02 -7.632941E-01
  7.715000E+02 -1.420954E+00
  7.720000E+02 -1.308793E+00
  7.725000E+02 -8.495843E-01
  7.730000E+02 -5.997680E-01
  7.735000E+02 -6.892895E-01
  7.740000E+02 -8.041360E-01
  7.745000E+02 -7.296478E-01
  7.750000E+02 -7.320394E-01
  7.755000E+02 -1.221630E+00
  7.760000E+02 -2.069021E+00
  7.765000E+02 -2.471635E+00
  7.770000E+02 -1.671651E+00
  7.775000E+02  2.120294E-01
  7.780000E+02  2.181751E+00
  7.785000E+02  3.225577E+00
  7.790000E+02  3.133751E+00
  7.795000E+02  2.463018E+00
  7.800000E+02  1.826643E+00
  7.805000E+02  1.354055E+00
  7.810000E+02  8.089665E-01
  7.815000E+02  3.661794E-02
  7.820000E+02 -8.573390E-01
  7.825000E+02 -1.707298E+00
  7.830000E+02 -2.470773E+00
  7.835000E+02 -3.108339E+00
  7.840000E+02 -3.369399E+00
  7.845000E+02 -2.869151E+00
  7.850000E+02 -1.474248E+00
  7.855000E+02  4.087968E-01
  7.860000E+02  1.997491E+00
  7.865000E+02  2.648820E+00
  7.870000E+02  2.281860E+00
  7.875000E+02  1.363605E+00
  7.880000E+02  5.044458E-01
  7.885000E+02  1.398620E-02
  7.890000E+02 -2.319610E-01
  7.895000E+02 -5.271238E-01
  7.900000E+02 -9.229452E-01
  7.905000E+02 -1.075131E+00
  7.910000E+02 -5.537449E-01
  7.915000E+02  6.331858E-01
  7.920000E+02  1.841189E+00
  7.925000E+02  2.207935E+00
  7.930000E+02  1.362359E+00
  7.935000E+02 -2.507563E-01
  7.940000E+02 -1.754284E+00
  7.945000E+02 -2.541331E+00
  7.950000E+02 -2.613005E+00
  7.955000E+02 -2.306554E+00
  7.960000E+02 -1.816799E+00
  7.965000E+02 -1.042978E+00
  7.970000E+02  1.622344E-01
  7.975000E+02  1.700084E+00
  7.980000E+02  3.191685E+00
  7.985000E+02  4.157404E+00
  7.990000E+02  4.215538E+00
  7.995000E+02  3.241434E+00
  8.000000E+02  1.506308E+00
  8.005000E+02 -3.261310E-01
  8.010000E+02 -1.523847E+00
  8.015000E+02 -1.809575E+00
  8.020000E+02 -1.598952E+00
  8.025000E+02 -1.609138E+00
  8.030000E+02 -2.140162E+00
  8.035000E+02 -2.761439E+00
  8.040000E+02 -2.756720E+00
  8.045000E+02 -1.856892E+00
  8.050000E+02 -4.808219E-01
  8.055000E+02  7.161685E-01
  8.060000E+02  1.420055E+00
  8.065000E+02  1.749179E+00
  8.070000E+02  1.902872E+00
  8.075000E+02  1.901879E+00
  8.080000E+02  1.702466E+00
  8.085000E+02  1.400849E+00
  8.090000E+02  1.159950E+00
  8.095000E+02  9.579769E-01
  8.100000E+02  5.689096E-01
  8.105000E+02 -1.315115E-01
  8.110000E+02 -9.424675E-01
  8.115000E+02 -1.550051E+00
  8.120000E+02 -1.932069E+00
  8.125000E+02 -2.386919E+00
  8.130000E+02 -3.068929E+00
  8.135000E+02 -3.602447E+00
  8.140000E+02 -3.344051E+00
  8.145000E+02 -2.085672E+00
  8.150000E+02 -3.896685E-01
  8.155000E+02  8.855507E-01
  8.160000E+02  1.376079E+00
  8.165000E+02  1.456731E+00
  8.170000E+02  1.722586E+00
  8.175000E+02  2.356564E+00
  8.180000E+02  3.075706E+00
  8.185000E+02  3.579594E+00
  8.190000E+02  3.844764E+00
  8.195000E+02  3.919586E+00
  8.200000E+02  3.605449E+00
  8.205000E+02  2.573199E+00
  8.210000E+02  8.466319E-01
  8.215000E+02 -9.823999E-01
  8.220000E+02 -2.180956E+00
  8.225000E+02 -2.524568E+00
  8.230000E+02 -2.433139E+00
  8.235000E+02 -2.444108E+00
  8.240000E+02 -2.652377E+00
  8.245000E+02 -2.754248E+00
  8.250000E+02 -2.569741E+00
  8.255000E+02 -2.342185E+00
  8.260000E+02 -2.431764E+00
  8.265000E+02 -2.804217E+00
  8.270000E+02 -2.968468E+00
  8.275000E+02 -2.440144E+00
  8.280000E+02 -1.164478E+00
  8.285000E+02  5.588308E-01
  8.290000E+02  2.428775E+00
  8.295000E+02  4.234590E+00
  8.300000E+02  5.610168E+00
  8.305000E+02  5.962522E+00
  8.310000E+02  4.923952E+00
  8.315000E+02  2.900950E+00
  8.320000E+02  9.509557E-01
  8.325000E+02 -9.310572E-02
  8.330000E+02 -3.643814E-01
  8.335000E+02 -6.956368E-01
  8.340000E+02 -1.593671E+00
  8.345000E+02 -2.635819E+00
  8.350000E+02 -3.016943E+00
  8.355000E+02 -2.596476E+00
  8.360000E+02 -2.149736E+00
  8.365000E+02 -2.459089E+00
  8.370000E+02 -3.307593E+00
  8.375000E+02 -3.613574E+00
  8.380000E+02 -2.606038E+00
  8.385000E+02 -6.840151E-01
  8.390000E+02  1.040734E+00
  8.395000E+02  1.964776E+00
  8.400000E+02  2.543525E+00
  8.405000E+02  3.570544E+00
  8.410000E+02  5.096893E+00
  8.415000E+02  6.274210E+00
  8.420000E+02  6.253290E+00
  8.425000E+02  5.042150E+00
  8.430000E+02  3.370809E+00
  8.435000E+02  1.839202E+00
  8.440000E+02  3.948527E-01
  8.445000E+02 -1.347444E+00
  8.450000E+02 -3.472157E+00
  8.455000E+02 -5.591515E+00
  8.460000E+02 -7.204511E+00
  8.465000E+02 -8.022551E+00
  8.470000E+02 -7.916325E+00
  8.475000E+02 -6.767672E+00
  8.480000E+02 -4.612219E+00
  8.485000E+02 -1.918014E+00
  8.490000E+02  5.102069E-01
  8.495000E+02  2.099493E+00
  8.500000E+02  2.972811E+00
  8.505000E+02  3.727996E+00
  8.510000E+02  4.715367E+00
  8.515000E+02  5.610316E+00
  8.520000E+02  5.761312E+00
  8.525000E+02  4.911462E+00
  8.530000E+02  3.491167E+00
  8.535000E+02  2.201053E+00
  8.540000E+02  1.386991E+00
  8.545000E+02  8.542164E-01
  8.550000E+02  2.073927E-01
  8.555000E+02 -7.332888E-01
  8.560000E+02 -1.837074E+00
  8.565000E+02 -2.850503E+00
  8.570000E+02 -3.584750E+00
  8.575000E+02 -3.955261E+00
  8.580000E+02 -3.942621E+00
  8.585000E+02 -3.562363E+00
  8.590000E+02 -2.839034E+00
  8.595000E+02 -1.780604E+00
  8.600000E+02 -4.118579E-01
  8.605000E+02  1.125089E+00
  8.610000E+02  2.531945E+00
  8.615000E+02  3.494014E+00
  8.620000E+02  3.892755E+00
  8.625000E+02  3.836780E+00
  8.630000E+02  3.444094E+00
  8.635000E+02  2.643059E+00
  8.640000E+02  1.284780E+00
  8.645000E+02 -5.263291E-01
  8.650000E+02 -2.306732E+00
  8.655000E+02 -3.502943E+00
  8.660000E+02 -3.934748E+00
  8.665000E+02 -3.865157E+00
  8.670000E+02 -3.609578E+00
  8.675000E+02 -3.152587E+00
  8.680000E+02 -2.236308E+00
  8.685000E+02 -8.049650E-01
  8.690000E+02  7.552031E-01
  8.695000E+02  1.900337E+00
  8.700000E+02  2.425984E+00
  8.705000E+02  2.613453E+00
  8.710000E+02  2.877432E+00
  8.715000E+02  3.325789E+00
  8.720000E+02  3.690259E+00
  8.725000E+02  3.626867E+00
  8.730000E+02  3.006506E+00
  8.735000E+02  1.926742E+00
  8.740000E+02  5.500427E-01
  8.745000E+02 -9.757024E-01
  8.750000E+02 -2.452540E+00
  8.755000E+02 -3.583415E+00
  8.760000E+02 -4.067534E+00
  8.765000E+02 -3.776796E+00
  8.770000E+02 -2.859714E+00
  8.775000E+02 -1.699642E+00
  8.780000E+02 -7.582397E-01
  8.785000E+02 -3.659848E-01
  8.790000E+02 -5.391399E-01
  8.795000E+02 -9.440637E-01
  8.800000E+02 -1.092472E+00
  8.805000E+02 -6.695615E-01
  8.810000E+02  2.663576E-01
  8.815000E+02  1.386077E+00
  8.820000E+02  2.370188E+00
  8.825000E+02  3.074999E+00
  8.830000E+02  3.461432E+00
  8.835000E+02  3.462532E+00
  8.840000E+02  3.006377E+00
  8.845000E+02  2.154757E+00
  8.850000E+02  1.129179E+00
  8.855000E+02  1.448116E-01
  8.860000E+02 -7.474658E-01
  8.865000E+02 -1.603664E+00
  8.870000E+02 -2.397601E+00
  8.875000E+02 -2.966811E+00
  8.880000E+02 -3.165835E+00
  8.885000E+02 -2.994833E+00
  8.890000E+02 -2.503213E+00
  8.895000E+02 -1.616453E+00
  8.900000E+02 -2.015789E-01
  8.905000E+02  1.615500E+00
  8.910000E+02  3.269760E+00
  8.915000E+02  4.033976E+00
  8.920000E+02  3.551170E+00
  8.925000E+02  2.087247E+00
  8.930000E+02  2.644734E-01
  8.935000E+02 -1.393192E+00
  8.940000E+02 -2.631590E+00
  8.945000E+02 -3.311118E+00
  8.950000E+02 -3.285605E+00
  8.955000E+02 -2.539801E+00
  8.960000E+02 -1.368734E+00
  8.965000E+02 -2.708625E-01
  8.970000E+02  4.011114E-01
  8.975000E+02  6.544719E-01
  8.980000E+02  7.213636E-01
  8.985000E+02  7.852847E-01
  8.990000E+02  8.905212E-01
  8.995000E+02  1.041958E+00
  9.000000E+02  1.248763E+00
  9.005000E+02  1.429035E+00
  9.010000E+02  1.387870E+00
  9.015000E+02  1.016707E+00
  9.020000E+02  4.955761E-01
  9.025000E+02  1.741562E-01
  9.030000E+02  2.018048E-01
  9.035000E+02  3.667104E-01
  9.040000E+02  3.994432E-01
  9.045000E+02  3.870570E-01
  9.050000E+02  7.319970E-01
  9.055000E+02  1.622412E+00
  9.060000E+02  2.622325E+00
  9.065000E+02  2.909833E+00
  9.070000E+02  1.955847E+00
  9.075000E+02 -5.375142E-02
  9.080000E+02 -2.417406E+00
  9.085000E+02 -4.416756E+00
  9.090000E+02 -5.603341E+00
  9.095000E+02 -5.788105E+00
  9.100000E+02 -5.012483E+00
  9.105000E+02 -3.607311E+00
  9.110000E+02 -2.106969E+00
  9.115000E+02 -8.904171E-01
  9.120000E+02  1.268671E-01
  9.125000E+02  1.324053E+00
  9.130000E+02  2.826425E+00
  9.135000E+02  4.192168E+00
  9.140000E+02  4.736676E+00
  9.145000E+02  4.155524E+00
  9.150000E+02  2.761871E+00
  9.155000E+02  1.140359E+00
  9.160000E+02 -2.987674E-01
  9.165000E+02 -1.367980E+00
  9.170000E+02 -1.863509E+00
  9.175000E+02 -1.525114E+00
  9.180000E+02 -3.401095E-01
  9.185000E+02  1.207172E+00
  9.190000E+02  2.326032E+00
  9.195000E+02  2.402463E+00
  9.200000E+02  1.311561E+00
  9.205000E+02 -6.199564E-01
  9.210000E+02 -2.770380E+00
  9.215000E+02 -4.320514E+00
  9.220000E+02 -4.459915E+00
  9.225000E+02 -2.858784E+00
  9.230000E+02 -8.923836E-02
  9.235000E+02  2.562838E+00
  9.240000E+02  3.945033E+00
  9.245000E+02  3.834179E+00
  9.250000E+02  2.928857E+00
  9.255000E+02  2.107332E+00
  9.260000E+02  1.747351E+00
  9.265000E+02  1.688599E+00
  9.270000E+02  1.609425E+00
  9.275000E+02  1.244882E+00
  9.280000E+02  3.390036E-01
  9.285000E+02 -1.282049E+00
  9.290000E+02 -3.370101E+00
  9.295000E+02 -5.112790E+00
  9.300000E+02 -5.642831E+00
  9.305000E+02 -4.852786E+00
  9.310000E+02 -3.599170E+00
  9.315000E+02 -2.922152E+00
  9.320000E+02 -3.037290E+00
  9.325000E+02 -3.191659E+00
  9.330000E+02 -2.531560E+00
  9.335000E+02 -9.948338E-01
  9.340000E+02  7.344227E-01
  9.345000E+02  2.048607E+00
  9.350000E+02  3.004471E+00
  9.355000E+02  4.048678E+00
  9.360000E+02  5.311519E+00
  9.365000E+02  6.335758E+00
  9.370000E+02  6.504258E+00
  9.375000E+02  5.626908E+00
  9.380000E+02  4.076051E+00
  9.385000E+02  2.444618E+00
  9.390000E+02  1.148322E+00
  9.395000E+02  2.780198E-01
  9.400000E+02 -3.282825E-01
  9.405000E+02 -9.244608E-01
  9.410000E+02 -1.649693E+00
  9.415000E+02 -2.353718E+00
  9.420000E+02 -2.655179E+00
  9.425000E+02 -2.311191E+00
  9.430000E+02 -1.586240E+00
  9.435000E+02 -1.149879E+00
  9.440000E+02 -1.469918E+00
  9.445000E+02 -2.296601E+00
  9.450000E+02 -2.856365E+00
  9.455000E+02 -2.632153E+00
  9.460000E+02 -1.911240E+00
  9.465000E+02 -1.487895E+00
  9.470000E+02 -1.836317E+00
  9.475000E+02 -2.652773E+00
  9.480000E+02 -3.221588E+00
  9.485000E+02 -3.121930E+00
  9.490000E+02 -2.469257E+00
  9.495000E+02 -1.519848E+00
  9.500000E+02 -2.472652E-01
  9.505000E+02  1.524995E+00
  9.510000E+02  3.614454E+00
  9.515000E+02  5.305823E+00
  9.520000E+02  5.853059E+00
  9.525000E+02  5.168014E+00
  9.530000E+02  3.926019E+00
  9.535000E+02  2.941488E+00
  9.540000E+02  2.472746E+00
  9.545000E+02  2.172123E+00
  9.550000E+02  1.653302E+00
  9.555000E+02  9.748142E-01
  9.560000E+02  5.001468E-01
  9.565000E+02  3.677067E-01
  9.570000E+02  2.640645E-01
  9.575000E+02 -1.927850E-01
  9.580000E+02 -9.168032E-01
  9.585000E+02 -1.348322E+00
  9.590000E+02 -1.069905E+00
  9.595000E+02 -3.919379E-01
  9.600000E+02 -2.230336E-01
  9.605000E+02 -1.276472E+00
  9.610000E+02 -3.370384E+00
  9.615000E+02 -5.499205E+00
  9.620000E+02 -6.595077E+00
  9.625000E+02 -6.268077E+00
  9.630000E+02 -4.917620E+00
  9.635000E+02 -3.246762E+00
  9.640000E+02 -1.701558E+00
  9.645000E+02 -2.900462E-01
  9.650000E+02  1.189268E+00
  9.655000E+02  2.801430E+00
  9.660000E+02  4.306283E+00
  9.665000E+02  5.266203E+00
  9.670000E+02  5.333767E+00
  9.675000E+02  4.513629E+00
  9.680000E+02  3.198105E+00
  9.685000E+02  1.924480E+00
  9.690000E+02  1.033488E+00
  9.695000E+02  5.188290E-01
  9.700000E+02  1.883337E-01
  9.705000E+02 -5.866319E-02
  9.710000E+02 -1.502579E-01
  9.715000E+02 -3.016397E-02
  9.720000E+02  1.436173E-01
  9.725000E+02  7.113251E-02
  9.730000E+02 -3.929171E-01
  9.735000E+02 -1.052701E+00
  9.740000E+02 -1.523707E+00
  9.745000E+02 -1.576625E+00
  9.750000E+02 -1.322755E+00
  9.755000E+02 -1.081957E+00
  9.760000E+02 -1.106214E+00
  9.765000E+02 -1.423880E+00
  9.770000E+02 -1.875328E+00
  9.775000E+02 -2.218053E+00
  9.780000E+02 -2.201755E+00
  9.785000E+02 -1.641700E+00
  9.790000E+02 -5.292691E-01
  9.795000E+02  8.944856E-01
  9.800000E+02  2.216412E+00
  9.805000E+02  3.064972E+00
  9.810000E+02  3.297505E+00
  9.815000E+02  3.020236E+00
  9.820000E+02  2.461923E+00
  9.825000E+02  1.829569E+00
  9.830000E+02  1.232482E+00
  9.835000E+02  6.699460E-01
  9.840000E+02  5.873370E-02
  9.845000E+02 -6.961056E-01
  9.850000E+02 -1.603540E+00
  9.855000E+02 -2.533099E+00
  9.860000E+02 -3.263856E+00
  9.865000E+02 -3.597389E+00
  9.870000E+02 -3.436763E+00
  9.875000E+02 -2.793947E+00
  9.880000E+02 -1.777073E+00
  9.885000E+02 -5.905049E-01
  9.890000E+02  5.084385E-01
  9.895000E+02  1.341433E+00
  9.900000E+02  1.931274E+00
  9.905000E+02  2.444219E+00
  9.910000E+02  2.952619E+00
  9.915000E+02  3.268359E+00
  9.920000E+02  3.083698E+00
  9.925000E+02  2.316287E+00
  9.930000E+02  1.271876E+00
  9.935000E+02  3.991793E-01
  9.940000E+02 -1.184027E-01
  9.945000E+02 -4.682413E-01
  9.950000E+02 -8.800322E-01
  9.955000E+02 -1.256412E+00
  9.960000E+02 -1.233509E+00
  9.965000E+02 -6.461475E-01
  9.970000E+02  1.303433E-01
  9.975000E+02  3.976392E-01
  9.980000E+02 -2.556649E-01
  9.985000E+02 -1.554696E+00
  9.990000E+02 -2.740293E+00
  9.995000E+02 -3.156552E+00
  1.000000E+03 -2.671023E+00
  1.000500E+03 -1.619463E+00
  1.001000E+03 -4.563107E-01
  1.001500E+03  5.102490E-01
  1.002000E+03  1.141600E+00
  1.002500E+03  1.391794E+00
  1.003000E+03  1.301318E+00
  1.003500E+03  1.035824E+00
  1.004000E+03  8.301649E-01
  1.004500E+03  8.231746E-01
  1.005000E+03  9.532648E-01
  1.005500E+03  1.061310E+00
  1.006000E+03  1.110165E+00
  1.006500E+03  1.259802E+00
  1.007000E+03  1.667132E+00
  1.007500E+03  2.199202E+00
  1.008000E+03  2.397722E+00
  1.008500E+03  1.806962E+00
  1.009000E+03  3.873132E-01
  1.009500E+03 -1.391381E+00
  1.010000E+03 -2.882681E+00
  1.010500E+03 -3.705813E+00
  1.011000E+03 -3.891763E+00
  1.011500E+03 -3.664685E+00
  1.012000E+03 -3.166089E+00
  1.012500E+03 -2.424121E+00
  1.013000E+03 -1.522971E+00
  1.013500E+03 -6.791889E-01
  1.014000E+03 -8.093616E-02
  1.014500E+03  3.165031E-01
  1.015000E+03  7.626362E-01
  1.015500E+03  1.454541E+00
  1.016000E+03  2.335475E+00
  1.016500E+03  3.159058E+00
  1.017000E+03  3.704979E+00
  1.017500E+03  3.883332E+00
  1.018000E+03  3.665101E+00
  1.018500E+03  3.026508E+00
  1.019000E+03  2.039641E+00
  1.019500E+03  9.658979E-01
  1.020000E+03  1.286146E-01
  1.020500E+03 -3.789694E-01
  1.021000E+03 -8.076030E-01
  1.021500E+03 -1.477226E+00
  1.022000E+03 -2.360437E+00
  1.022500E+03 -3.002351E+00
  1.023000E+03 -2.930806E+00
  1.023500E+03 -2.166566E+00
  1.024000E+03 -1.301048E+00
  1.024500E+03 -1.038525E+00
  1.025000E+03 -1.625860E+00
  1.025500E+03 -2.666623E+00
  1.026000E+03 -3.423033E+00
  1.026500E+03 -3.304958E+00
  1.027000E+03 -2.188885E+00
  1.027500E+03 -4.267738E-01
  1.028000E+03  1.387752E+00
  1.028500E+03  2.747621E+00
  1.029000E+03  3.481525E+00
  1.029500E+03  3.761504E+00
  1.030000E+03  3.842266E+00
  1.030500E+03  3.745005E+00
  1.031000E+03  3.203158E+00
  1.031500E+03  1.965984E+00
  1.032000E+03  1.780017E-01
  1.032500E+03 -1.569191E+00
  1.033000E+03 -2.607712E+00
  1.033500E+03 -2.655919E+00
  1.034000E+03 -1.958398E+00
  1.034500E+03 -1.023131E+00
  1.035000E+03 -2.454422E-01
  1.035500E+03  2.615613E-01
  1.036000E+03  5.780498E-01
  1.036500E+03  8.055201E-01
  1.037000E+03  9.742173E-01
  1.037500E+03  1.053886E+00
  1.038000E+03  1.019345E+00
  1.038500E+03  9.265181E-01
  1.039000E+03  9.381040E-01
  1.039500E+03  1.219311E+00
  1.040000E+03  1.720826E+00
  1.040500E+03  2.048738E+00
  1.041000E+03  1.648954E+00
  1.041500E+03  2.592499E-01
  1.042000E+03 -1.759852E+00
  1.042500E+03 -3.591087E+00
  1.043000E+03 -4.546066E+00
  1.043500E+03 -4.547802E+00
  1.044000E+03 -4.062039E+00
  1.044500E+03 -3.581944E+00
  1.045000E+03 -3.206560E+00
  1.045500E+03 -2.697200E+00
  1.046000E+03 -1.849643E+00
  1.046500E+03 -7.196711E-01
  1.047000E+03  5.014784E-01
  1.047500E+03  1.711385E+00
  1.048000E+03  2.890707E+00
  1.048500E+03  3.901067E+00
  1.049000E+03  4.428357E+00
  1.049500E+03  4.246418E+00
  1.050000E+03  3.532034E+00
  1.050500E+03  2.814731E+00
  1.051000E+03  2.521628E+00
  1.051500E+03  2.558020E+00
  1.052000E+03  2.375710E+00
  1.052500E+03  1.486855E+00
  1.053000E+03 -7.325763E-02
  1.053500E+03 -1.757572E+00
  1.054000E+03 -2.930006E+00
  1.054500E+03 -3.279685E+00
  1.055000E+03 -2.907064E+00
  1.055500E+03 -2.120113E+00
  1.056000E+03 -1.187506E+00
  1.056500E+03 -2.251109E-01
  1.057000E+03  7.643471E-01
  1.057500E+03  1.748765E+00
  1.058000E+03  2.503870E+00
  1.058500E+03  2.582655E+00
  1.059000E+03  1.560610E+00
  1.059500E+03 -5.338417E-01
  1.060000E+03 -2.994926E+00
  1.060500E+03 -4.773369E+00
  1.061000E+03 -5.213457E+00
  1.061500E+03 -4.535528E+00
  1.062000E+03 -3.540760E+00
  1.062500E+03 -2.780167E+00
  1.063000E+03 -2.035578E+00
  1.063500E+03 -6.778682E-01
  1.064000E+03  1.469041E+00
  1.064500E+03  3.699988E+00
  1.065000E+03  4.923791E+00
  1.065500E+03  4.583932E+00
  1.066000E+03  3.082258E+00
  1.066500E+03  1.353853E+00
  1.067000E+03  1.145497E-01
  1.067500E+03 -4.832570E-01
  1.068000E+03 -6.184376E-01
  1.068500E+03 -4.240192E-01
  1.069000E+03  1.141988E-01
  1.069500E+03  1.004733E+00
  1.070000E+03  2.117021E+00
  1.070500E+03  3.185561E+00
  1.071000E+03  3.862294E+00
  1.071500E+03  3.780609E+00
  1.072000E+03  2.722958E+00
  1.072500E+03  8.644098E-01
  1.073000E+03 -1.183940E+00
  1.073500E+03 -2.737275E+00
  1.074000E+03 -3.549979E+00
  1.074500E+03 -3.929684E+00
  1.075000E+03 -4.267068E+00
  1.075500E+03 -4.488862E+00
  1.076000E+03 -4.102014E+00
  1.076500E+03 -2.829638E+00
  1.077000E+03 -1.097964E+00
  1.077500E+03  2.495197E-01
  1.078000E+03  7.412391E-01
  1.078500E+03  6.920931E-01
  1.079000E+03  7.882840E-01
  1.079500E+03  1.335608E+00
  1.080000E+03  2.003344E+00
  1.080500E+03  2.264029E+00
  1.081000E+03  1.944544E+00
  1.081500E+03  1.292971E+00
  1.082000E+03  6.287555E-01
  1.082500E+03  8.419796E-02
  1.083000E+03 -3.233941E-01
  1.083500E+03 -5.434228E-01
  1.084000E+03 -5.428348E-01
  1.084500E+03 -4.316797E-01
  1.085000E+03 -3.758535E-01
  1.085500E+03 -3.526154E-01
  1.086000E+03 -1.307870E-01
  1.086500E+03  3.863783E-01
  1.087000E+03  8.662702E-01
  1.087500E+03  7.793807E-01
  1.088000E+03  1.795883E-02
  1.088500E+03 -8.049178E-01
  1.089000E+03 -8.162399E-01
  1.089500E+03  3.070235E-01
  1.090000E+03  2.011877E+00
  1.090500E+03  3.334581E+00
  1.091000E+03  3.626825E+00
  1.091500E+03  2.842448E+00
  1.092000E+03  1.293275E+00
  1.092500E+03 -6.542699E-01
  1.093000E+03 -2.605673E+00
  1.093500E+03 -4.072044E+00
  1.094000E+03 -4.633911E+00
  1.094500E+03 -4.255624E+00
  1.095000E+03 -3.342986E+00
  1.095500E+03 -2.385184E+00
  1.096000E+03 -1.538536E+00
  1.096500E+03 -6.039913E-01
  1.097000E+03  6.118688E-01
  1.097500E+03  1.991826E+00
  1.098000E+03  3.174596E+00
  1.098500E+03  3.842021E+00
  1.099000E+03  3.877211E+00
  1.099500E+03  3.303900E+00
  1.100000E+03  2.214328E+00
  1.100500E+03  8.245428E-01
  1.101000E+03 -4.823711E-01
  1.101500E+03 -1.310846E+00
  1.102000E+03 -1.522194E+00
  1.102500E+03 -1.332334E+00
  1.103000E+03 -1.109558E+00
  1.103500E+03 -1.069419E+00
  1.104000E+03 -1.153578E+00
  1.104500E+03 -1.157975E+00
  1.105000E+03 -9.449968E-01
  1.105500E+03 -5.699680E-01
  1.106000E+03 -2.749067E-01
  1.106500E+03 -3.592454E-01
  1.107000E+03 -9.520391E-01
  1.107500E+03 -1.809797E+00
  1.108000E+03 -2.362561E+00
  1.108500E+03 -2.089296E+00
  1.109000E+03 -9.492285E-01
  1.109500E+03  5.622507E-01
  1.110000E+03  1.833239E+00
  1.110500E+03  2.617092E+00
  1.111000E+03  3.087159E+00
  1.111500E+03  3.472773E+00
  1.112000E+03  3.760577E+00
  1.112500E+03  3.801860E+00
  1.113000E+03  3.599124E+00
  1.113500E+03  3.313549E+00
  1.114000E+03  2.955744E+00
  1.114500E+03  2.219277E+00
  1.115000E+03  7.801921E-01
  1.115500E+03 -1.245129E+00
  1.116000E+03 -3.271301E+00
  1.116500E+03 -4.736948E+00
  1.117000E+03 -5.550985E+00
  1.117500E+03 -5.968279E+00
  1.118000E+03 -6.090395E+00
  1.118500E+03 -5.656432E+00
  1.119000E+03 -4.395579E+00
  1.119500E+03 -2.473127E+00
  1.120000E+03 -4.444312E-01
  1.120500E+03  1.221404E+00
  1.121000E+03  2.441433E+00
  1.121500E+03  3.306686E+00
  1.122000E+03  3.722698E+00
  1.122500E+03  3.444840E+00
  1.123000E+03  2.474534E+00
  1.123500E+03  1.250545E+00
  1.124000E+03  3.193096E-01
  1.124500E+03 -1.288965E-01
  1.125000E+03 -2.722639E-01
  1.125500E+03 -2.265535E-01
  1.126000E+03  2.183301E-01
  1.126500E+03  1.291339E+00
  1.127000E+03  2.729360E+00
  1.127500E+03  3.756054E+00
  1.128000E+03  3.683532E+00
  1.128500E+03  2.516824E+00
  1.129000E+03  9.282741E-01
  1.129500E+03 -3.198408E-01
  1.130000E+03 -8.851052E-01
  1.130500E+03 -8.920563E-01
  1.131000E+03 -6.996925E-01
  1.131500E+03 -7.319789E-01
  1.132000E+03 -1.372442E+00
  1.132500E+03 -2.717510E+00
  1.133000E+03 -4.287066E+00
  1.133500E+03 -5.136026E+00
  1.134000E+03 -4.541383E+00
  1.134500E+03 -2.719569E+00
  1.135000E+03 -7.730821E-01
  1.135500E+03  2.330737E-01
  1.136000E+03  1.948855E-01
  1.136500E+03 -6.535080E-02
  1.137000E+03  2.473099E-01
  1.137500E+03  1.065979E+00
  1.138000E+03  1.638648E+00
  1.138500E+03  1.466110E+00
  1.139000E+03  9.123949E-01
  1.139500E+03  8.093695E-01
  1.140000E+03  1.538499E+00
  1.140500E+03  2.641018E+00
  1.141000E+03  3.358789E+00
  1.141500E+03  3.432920E+00
  1.142000E+03  3.235407E+00
  1.142500E+03  3.134348E+00
  1.143000E+03  2.897418E+00
  1.143500E+03  1.870494E+00
  1.144000E+03 -2.571475E-01
  1.144500E+03 -2.969514E+00
  1.145000E+03 -5.252721E+00
  1.145500E+03 -6.351032E+00
  1.146000E+03 -6.156699E+00
  1.146500E+03 -4.961480E+00
  1.147000E+03 -3.049712E+00
  1.147500E+03 -6.767019E-01
  1.148000E+03  1.657604E+00
  1.148500E+03  3.193787E+00
  1.149000E+03  3.386807E+00
  1.149500E+03  2.405528E+00
  1.150000E+03  1.048908E+00
  1.150500E+03  1.003764E-01
  1.151000E+03 -2.166016E-01
  1.151500E+03 -1.614146E-01
  1.152000E+03  2.098758E-03
  1.152500E+03  2.529284E-01
  1.153000E+03  5.963086E-01
  1.153500E+03  8.004327E-01
  1.154000E+03  5.464639E-01
  1.154500E+03 -1.483253E-01
  1.155000E+03 -8.020092E-01
  1.155500E+03 -8.726272E-01
  1.156000E+03 -2.645506E-01
  1.156500E+03  6.379731E-01
  1.157000E+03  1.414567E+00
  1.157500E+03  1.977573E+00
  1.158000E+03  2.458960E+00
  1.158500E+03  2.833785E+00
  1.159000E+03  2.799687E+00
  1.159500E+03  2.067670E+00
  1.160000E+03  7.005393E-01
  1.160500E+03 -8.935551E-01
  1.161000E+03 -2.276845E+00
  1.161500E+03 -3.261232E+00
  1.162000E+03 -3.934318E+00
  1.162500E+03 -4.508107E+00
  1.163000E+03 -5.140281E+00
  1.163500E+03 -5.772582E+00
  1.164000E+03 -6.031469E+00
  1.164500E+03 -5.345580E+00
  1.165000E+03 -3.351650E+00
  1.165500E+03 -3.194542E-01
  1.166000E+03  2.859315E+00
  1.166500E+03  5.233867E+00
  1.167000E+03  6.438351E+00
  1.167500E+03  6.805389E+00
  1.168000E+03  6.871357E+00
  1.168500E+03  6.817366E+00
  1.169000E+03  6.389438E+00
  1.169500E+03  5.265883E+00
  1.170000E+03  3.405627E+00
  1.170500E+03  1.077004E+00
  1.171000E+03 -1.299767E+00
  1.171500E+03 -3.256067E+00
  1.172000E+03 -4.346064E+00
  1.172500E+03 -4.347371E+00
  1.173000E+03 -3.512568E+00
  1.173500E+03 -2.541663E+00
  1.174000E+03 -2.138276E+00
  1.174500E+03 -2.491740E+00
  1.175000E+03 -3.181716E+00
  1.175500E+03 -3.586929E+00
  1.176000E+03 -3.372389E+00
  1.176500E+03 -2.619782E+00
  1.177000E+03 -1.608732E+00
  1.177500E+03 -5.786713E-01
  1.178000E+03  3.288815E-01
  1.178500E+03  1.045104E+00
  1.179000E+03  1.601358E+00
  1.179500E+03  2.148301E+00
  1.180000E+03  2.839137E+00
  1.180500E+03  3.638189E+00
  1.181000E+03  4.267803E+00
  1.181500E+03  4.372676E+00
  1.182000E+03  3.737726E+00
  1.182500E+03  2.378724E+00
  1.183000E+03  5.253775E-01
  1.183500E+03 -1.393140E+00
  1.184000E+03 -2.799144E+00
  1.184500E+03 -3.196109E+00
  1.185000E+03 -2.520894E+00
  1.185500E+03 -1.286085E+00
  1.186000E+03 -2.696708E-01
  1.186500E+03  3.182584E-02
  1.187000E+03 -3.196483E-01
  1.187500E+03 -9.278449E-01
  1.188000E+03 -1.482836E+00
  1.188500E+03 -1.919937E+00
  1.189000E+03 -2.240415E+00
  1.189500E+03 -2.316857E+00
  1.190000E+03 -1.941633E+00
  1.190500E+03 -1.015407E+00
  1.191000E+03  3.688356E-01
  1.191500E+03  1.982763E+00
  1.192000E+03  3.517815E+00
  1.192500E+03  4.610361E+00
  1.193000E+03  4.969132E+00
  1.193500E+03  4.602935E+00
  1.194000E+03  3.878075E+00
  1.194500E+03  3.207442E+00
  1.195000E+03  2.624055E+00
  1.195500E+03  1.738205E+00
  1.196000E+03  1.902318E-01
  1.196500E+03 -1.896895E+00
  1.197000E+03 -3.992372E+00
  1.197500E+03 -5.644206E+00
  1.198000E+03 -6.759467E+00
  1.198500E+03 -7.369440E+00
  1.199000E+03 -7.287583E+00
  1.199500E+03 -6.214497E+00
  1.200000E+03 -4.199480E+00
  1.200500E+03 -1.810062E+00
  1.201000E+03  3.094524E-01
  1.201500E+03  1.991752E+00
  1.202000E+03  3.515969E+00
  1.202500E+03  5.032299E+00
  1.203000E+03  6.199264E+00
  1.203500E+03  6.521309E+00
  1.204000E+03  5.949586E+00
  1.204500E+03  4.952773E+00
  1.205000E+03  3.961840E+00
  1.205500E+03  2.922487E+00
  1.206000E+03  1.542459E+00
  1.206500E+03 -1.144936E-01
  1.207000E+03 -1.515349E+00
  1.207500E+03 -2.226235E+00
  1.208000E+03 -2.446952E+00
  1.208500E+03 -2.797175E+00
  1.209000E+03 -3.573560E+00
  1.209500E+03 -4.370276E+00
  1.210000E+03 -4.518453E+00
  1.210500E+03 -3.816832E+00
  1.211000E+03 -2.714021E+00
  1.211500E+03 -1.791262E+00
  1.212000E+03 -1.187962E+00
  1.212500E+03 -5.833028E-01
  1.213000E+03  3.544144E-01
  1.213500E+03  1.611987E+00
  1.214000E+03  2.896890E+00
  1.214500E+03  3.931830E+00
  1.215000E+03  4.618391E+00
  1.215500E+03  4.966133E+00
  1.216000E+03  4.946314E+00
  1.216500E+03  4.429871E+00
  1.217000E+03  3.240834E+00
  1.217500E+03  1.295193E+00
  1.218000E+03 -1.228344E+00
  1.218500E+03 -3.810284E+00
  1.219000E+03 -5.745685E+00
  1.219500E+03 -6.497895E+00
  1.220000E+03 -5.984278E+00
  1.220500E+03 -4.549621E+00
  1.221000E+03 -2.692427E+00
  1.221500E+03 -8.398080E-01
  1.222000E+03  6.779200E-01
  1.222500E+03  1.610575E+00
  1.223000E+03  1.907754E+00
  1.223500E+03  1.845086E+00
  1.224000E+03  1.865259E+00
  1.224500E+03  2.151687E+00
  1.225000E+03  2.380024E+00
  1.225500E+03  2.014198E+00
  1.226000E+03  9.087406E-01
  1.226500E+03 -4.369186E-01
  1.227000E+03 -1.286216E+00
  1.227500E+03 -1.309265E+00
  1.228000E+03 -7.823714E-01
  1.228500E+03 -1.983652E-01
  1.229000E+03  2.002853E-01
  1.229500E+03  4.651514E-01
  1.230000E+03  6.596475E-01
  1.230500E+03  7.269979E-01
  1.231000E+03  6.837503E-01
  1.231500E+03  7.930278E-01
  1.232000E+03  1.359218E+00
  1.232500E+03  2.304871E+00
  1.233000E+03  3.045105E+00
  1.233500E+03  2.883007E+00
  1.234000E+03  1.566714E+00
  1.234500E+03 -5.159006E-01
  1.235000E+03 -2.620137E+00
  1.235500E+03 -4.074310E+00
  1.236000E+03 -4.528832E+00
  1.236500E+03 -4.001133E+00
  1.237000E+03 -2.832041E+00
  1.237500E+03 -1.545621E+00
  1.238000E+03 -5.610660E-01
  1.238500E+03  7.652373E-02
  1.239000E+03  6.288929E-01
  1.239500E+03  1.230804E+00
  1.240000E+03  1.552900E+00
  1.240500E+03  1.056345E+00
  1.241000E+03 -3.080213E-01
  1.241500E+03 -1.738043E+00
  1.242000E+03 -2.120759E+00
  1.242500E+03 -1.062741E+00
  1.243000E+03  6.598986E-01
  1.243500E+03  1.793359E+00
  1.244000E+03  1.787975E+00
  1.244500E+03  1.244003E+00
  1.245000E+03  1.156342E+00
  1.245500E+03  1.784398E+00
  1.246000E+03  2.366400E+00
  1.246500E+03  1.961994E+00
  1.247000E+03  4.945996E-01
  1.247500E+03 -1.100672E+00
  1.248000E+03 -1.722589E+00
  1.248500E+03 -1.035882E+00
  1.249000E+03  3.801409E-01
  1.249500E+03  1.638662E+00
  1.250000E+03  2.190881E+00
  1.250500E+03  1.974906E+00
  1.251000E+03  1.184379E+00
  1.251500E+03  7.315537E-02
  1.252000E+03 -1.060856E+00
  1.252500E+03 -1.904585E+00
  1.253000E+03 -2.293783E+00
  1.253500E+03 -2.334103E+00
  1.254000E+03 -2.262276E+00
  1.254500E+03 -2.147627E+00
  1.255000E+03 -1.779336E+00
  1.255500E+03 -9.035772E-01
  1.256000E+03  4.300788E-01
  1.256500E+03  1.788204E+00
  1.257000E+03  2.627185E+00
  1.257500E+03  2.653247E+00
  1.258000E+03  1.961884E+00
  1.258500E+03  9.002893E-01
  1.259000E+03 -1.804623E-01
  1.259500E+03 -1.100045E+00
  1.260000E+03 -1.864475E+00
  1.260500E+03 -2.528342E+00
  1.261000E+03 -3.006297E+00
  1.261500E+03 -3.029053E+00
  1.262000E+03 -2.374311E+00
  1.262500E+03 -1.210153E+00
  1.263000E+03 -1.429120E-01
  1.263500E+03  2.437495E-01
  1.264000E+03 -8.552780E-04
  1.264500E+03 -1.123829E-01
  1.265000E+03  7.052659E-01
  1.265500E+03  2.436681E+00
  1.266000E+03  4.146421E+00
  1.266500E+03  4.796789E+00
  1.267000E+03  4.192683E+00
  1.267500E+03  3.089763E+00
  1.268000E+03  2.381710E+00
  1.268500E+03  2.237848E+00
  1.269000E+03  2.052971E+00
  1.269500E+03  1.169786E+00
  1.270000E+03 -4.235351E-01
  1.270500E+03 -2.070248E+00
  1.271000E+03 -2.998656E+00
  1.271500E+03 -2.874674E+00
  1.272000E+03 -1.948753E+00
  1.272500E+03 -8.383578E-01
  1.273000E+03 -1.930803E-01
  1.273500E+03 -4.071583E-01
  1.274000E+03 -1.447995E+00
  1.274500E+03 -2.870518E+00
  1.275000E+03 -4.045632E+00
  1.275500E+03 -4.483350E+00
  1.276000E+03 -4.042840E+00
  1.276500E+03 -2.926127E+00
  1.277000E+03 -1.525280E+00
  1.277500E+03 -2.355789E-01
  1.278000E+03  7.162656E-01
  1.278500E+03  1.377665E+00
  1.279000E+03  1.997789E+00
  1.279500E+03  2.750858E+00
  1.280000E+03  3.481138E+00
  1.280500E+03  3.786718E+00
  1.281000E+03  3.437459E+00
  1.281500E+03  2.687042E+00
  1.282000E+03  2.073246E+00
  1.282500E+03  1.877363E+00
  1.283000E+03  1.861056E+00
  1.283500E+03  1.602634E+00
  1.284000E+03  1.020448E+00
  1.284500E+03  4.268457E-01
  1.285000E+03  5.614388E-02
  1.285500E+03 -2.945951E-01
  1.286000E+03 -1.004755E+00
  1.286500E+03 -2.063434E+00
  1.287000E+03 -2.952247E+00
  1.287500E+03 -3.184771E+00
  1.288000E+03 -2.857982E+00
  1.288500E+03 -2.526827E+00
  1.289000E+03 -2.550697E+00
  1.289500E+03 -2.706099E+00
  1.290000E+03 -2.496375E+00
  1.290500E+03 -1.717473E+00
  1.291000E+03 -5.891948E-01
  1.291500E+03  6.011829E-01
  1.292000E+03  1.775632E+00
  1.292500E+03  2.905969E+00
  1.293000E+03  3.744762E+00
  1.293500E+03  3.940591E+00
  1.294000E+03  3.452219E+00
  1.294500E+03  2.682837E+00
  1.295000E+03  2.074024E+00
  1.295500E+03  1.627715E+00
  1.296000E+03  9.702270E-01
  1.296500E+03 -9.436801E-02
  1.297000E+03 -1.218349E+00
  1.297500E+03 -1.786149E+00
  1.298000E+03 -1.514494E+00
  1.298500E+03 -7.136077E-01
  1.299000E+03  7.336490E-04
  1.299500E+03  1.461579E-01
  1.300000E+03 -4.586248E-01
  1.300500E+03 -1.766365E+00
  1.301000E+03 -3.536056E+00
  1.301500E+03 -5.283672E+00
  1.302000E+03 -6.369347E+00
  1.302500E+03 -6.303921E+00
  1.303000E+03 -5.022406E+00
  1.303500E+03 -2.852578E+00
  1.304000E+03 -2.542228E-01
  1.304500E+03  2.362786E+00
  1.305000E+03  4.623469E+00
  1.305500E+03  6.168457E+00
  1.306000E+03  6.798555E+00
  1.306500E+03  6.644134E+00
  1.307000E+03  6.101239E+00
  1.307500E+03  5.538224E+00
  1.308000E+03  5.057796E+00
  1.308500E+03  4.515078E+00
  1.309000E+03  3.684372E+00
  1.309500E+03  2.372312E+00
  1.310000E+03  4.735771E-01
  1.310500E+03 -1.912184E+00
  1.311000E+03 -4.359835E+00
  1.311500E+03 -6.229637E+00
  1.312000E+03 -7.052154E+00
  1.312500E+03 -6.847210E+00
  1.313000E+03 -6.017901E+00
  1.313500E+03 -4.930619E+00
  1.314000E+03 -3.674387E+00
  1.314500E+03 -2.252295E+00
  1.315000E+03 -8.770931E-01
  1.315500E+03  9.858929E-02
  1.316000E+03  5.711159E-01
  1.316500E+03  8.621158E-01
  1.317000E+03  1.381352E+00
  1.317500E+03  2.149334E+00
  1.318000E+03  2.768015E+00
  1.318500E+03  2.872385E+00
  1.319000E+03  2.495399E+00
  1.319500E+03  1.929172E+00
  1.320000E+03  1.347033E+00
  1.320500E+03  7.259772E-01
  1.321000E+03  1.151790E-01
  1.321500E+03 -2.434426E-01
  1.322000E+03 -2.214130E-01
  1.322500E+03 -1.198760E-01
  1.323000E+03 -4.218322E-01
  1.323500E+03 -1.125923E+00
  1.324000E+03 -1.493438E+00
  1.324500E+03 -6.917691E-01
  1.325000E+03  1.261861E+00
  1.325500E+03  3.327538E+00
  1.326000E+03  4.306841E+00
  1.326500E+03  3.839723E+00
  1.327000E+03  2.503706E+00
  1.327500E+03  1.045121E+00
  1.328000E+03 -2.850705E-01
  1.328500E+03 -1.600778E+00
  1.329000E+03 -2.825535E+00
  1.329500E+03 -3.549488E+00
  1.330000E+03 -3.481042E+00
  1.330500E+03 -2.832403E+00
  1.331000E+03 -2.070728E+00
  1.331500E+03 -1.345707E+00
  1.332000E+03 -3.781995E-01
  1.332500E+03  9.903668E-01
  1.333000E+03  2.287116E+00
  1.333500E+03  2.667164E+00
  1.334000E+03  1.750486E+00
  1.334500E+03  9.435743E-02
  1.335000E+03 -1.273705E+00
  1.335500E+03 -1.777953E+00
  1.336000E+03 -1.692328E+00
  1.336500E+03 -1.663732E+00
  1.337000E+03 -1.979758E+00
  1.337500E+03 -2.381807E+00
  1.338000E+03 -2.492606E+00
  1.338500E+03 -2.228801E+00
  1.339000E+03 -1.715544E+00
  1.339500E+03 -9.323472E-01
  1.340000E+03  3.409016E-01
  1.340500E+03  2.145262E+00
  1.341000E+03  4.017371E+00
  1.341500E+03  5.200781E+00
  1.342000E+03  5.247326E+00
  1.342500E+03  4.378593E+00
  1.343000E+03  3.227626E+00
  1.343500E+03  2.260079E+00
  1.344000E+03  1.486217E+00
  1.344500E+03  6.944371E-01
  1.345000E+03 -1.468185E-01
  1.345500E+03 -7.903789E-01
  1.346000E+03 -9.765588E-01
  1.346500E+03 -7.247837E-01
  1.347000E+03 -3.529102E-01
  1.347500E+03 -2.633210E-01
  1.348000E+03 -7.231479E-01
  1.348500E+03 -1.756340E+00
  1.349000E+03 -3.113120E+00
  1.349500E+03 -4.310917E+00
  1.350000E+03 -4.822277E+00
  1.350500E+03 -4.382748E+00
  1.351000E+03 -3.179084E+00
  1.351500E+03 -1.689891E+00
  1.352000E+03 -2.889568E-01
  1.352500E+03  9.815258E-01
  1.353000E+03  2.217399E+00
  1.353500E+03  3.280794E+00
  1.354000E+03  3.738344E+00
  1.354500E+03  3.255049E+00
  1.355000E+03  2.026829E+00
  1.355500E+03  7.275711E-01
  1.356000E+03 -4.209864E-02
  1.356500E+03 -2.577130E-01
  1.357000E+03 -4.105296E-01
  1.357500E+03 -9.526549E-01
  1.358000E+03 -1.805158E+00
  1.358500E+03 -2.384137E+00
  1.359000E+03 -2.081276E+00
  1.359500E+03 -7.610307E-01
  1.360000E+03  1.096456E+00
  1.360500E+03  2.655975E+00
  1.361000E+03  3.191610E+00
  1.361500E+03  2.487366E+00
  1.362000E+03  9.525356E-01
  1.362500E+03 -6.349889E-01
  1.363000E+03 -1.609592E+00
  1.363500E+03 -1.774379E+00
  1.364000E+03 -1.355974E+00
  1.364500E+03 -6.454285E-01
  1.365000E+03  2.750715E-01
  1.365500E+03  1.431609E+00
  1.366000E+03  2.645081E+00
  1.366500E+03  3.440666E+00
  1.367000E+03  3.370109E+00
  1.367500E+03  2.436304E+00
  1.368000E+03  1.145860E+00
  1.368500E+03  9.763162E-02
  1.369000E+03 -4.884494E-01
  1.369500E+03 -8.490659E-01
  1.370000E+03 -1.340740E+00
  1.370500E+03 -2.076764E+00
  1.371000E+03 -2.882984E+00
  1.371500E+03 -3.536186E+00
  1.372000E+03 -3.981872E+00
  1.372500E+03 -4.318587E+00
  1.373000E+03 -4.605471E+00
  1.373500E+03 -4.697711E+00
  1.374000E+03 -4.260610E+00
  1.374500E+03 -2.978676E+00
  1.375000E+03 -8.546741E-01
  1.375500E+03  1.606036E+00
  1.376000E+03  3.545196E+00
  1.376500E+03  4.261143E+00
  1.377000E+03  3.753106E+00
  1.377500E+03  2.804438E+00
  1.378000E+03  2.420174E+00
  1.378500E+03  3.042346E+00
  1.379000E+03  4.251399E+00
  1.379500E+03  5.232323E+00
  1.380000E+03  5.517525E+00
  1.380500E+03  5.242388E+00
  1.381000E+03  4.708349E+00
  1.381500E+03  3.839620E+00
  1.382000E+03  2.230661E+00
  1.382500E+03 -2.413176E-01
  1.383000E+03 -2.986558E+00
  1.383500E+03 -5.050488E+00
  1.384000E+03 -5.941507E+00
  1.384500E+03 -6.039395E+00
  1.385000E+03 -6.105339E+00
  1.385500E+03 -6.411224E+00
  1.386000E+03 -6.444855E+00
  1.386500E+03 -5.516187E+00
  1.387000E+03 -3.592907E+00
  1.387500E+03 -1.446330E+00
  1.388000E+03  5.149452E-02
  1.388500E+03  7.305956E-01
  1.389000E+03  1.199972E+00
  1.389500E+03  2.155620E+00
  1.390000E+03  3.644589E+00
  1.390500E+03  4.992514E+00
  1.391000E+03  5.409761E+00
  1.391500E+03  4.673913E+00
  1.392000E+03  3.293744E+00
  1.392500E+03  2.072288E+00
  1.393000E+03  1.481662E+00
  1.393500E+03  1.358029E+00
  1.394000E+03  1.126237E+00
  1.394500E+03  3.391518E-01
  1.395000E+03 -9.232306E-01
  1.395500E+03 -2.124807E+00
  1.396000E+03 -2.734250E+00
  1.396500E+03 -2.643530E+00
  1.397000E+03 -2.164915E+00
  1.397500E+03 -1.659713E+00
  1.398000E+03 -1.219146E+00
  1.398500E+03 -7.137505E-01
  1.399000E+03 -7.719227E-02
  1.399500E+03  5.644620E-01
  1.400000E+03  1.061375E+00
  1.400500E+03  1.432663E+00
  1.401000E+03  1.776070E+00
  1.401500E+03  1.992786E+00
  1.402000E+03  1.729440E+00
  1.402500E+03  7.074426E-01
  1.403000E+03 -8.925113E-01
  1.403500E+03 -2.448906E+00
  1.404000E+03 -3.340881E+00
  1.404500E+03 -3.361967E+00
  1.405000E+03 -2.723484E+00
  1.405500E+03 -1.755149E+00
  1.406000E+03 -6.944955E-01
  1.406500E+03  2.755446E-01
  1.407000E+03  9.527872E-01
  1.407500E+03  1.217903E+00
  1.408000E+03  1.201036E+00
  1.408500E+03  1.245777E+00
  1.409000E+03  1.640799E+00
  1.409500E+03  2.380893E+00
  1.410000E+03  3.170074E+00
  1.410500E+03  3.595466E+00
  1.411000E+03  3.293580E+00
  1.411500E+03  2.089473E+00
  1.412000E+03  1.709356E-01
  1.412500E+03 -1.830852E+00
  1.413000E+03 -3.116497E+00
  1.413500E+03 -3.307279E+00
  1.414000E+03 -2.816278E+00
  1.414500E+03 -2.497135E+00
  1.415000E+03 -2.790775E+00
  1.415500E+03 -3.240393E+00
  1.416000E+03 -2.953405E+00
  1.416500E+03 -1.560948E+00
  1.417000E+03  3.664174E-01
  1.417500E+03  1.898828E+00
  1.418000E+03  2.656444E+00
  1.418500E+03  3.040074E+00
  1.419000E+03  3.590889E+00
  1.419500E+03  4.266539E+00
  1.420000E+03  4.435643E+00
  1.420500E+03  3.522011E+00
  1.421000E+03  1.560571E+00
  1.421500E+03 -8.369696E-01
  1.422000E+03 -2.912895E+00
  1.422500E+03 -4.116508E+00
  1.423000E+03 -4.217414E+00
  1.423500E+03 -3.337746E+00
  1.424000E+03 -1.966603E+00
  1.424500E+03 -7.926075E-01
  1.425000E+03 -3.018199E-01
  1.425500E+03 -4.436845E-01
  1.426000E+03 -7.276347E-01
  1.426500E+03 -6.925115E-01
  1.427000E+03 -2.770507E-01
  1.427500E+03  2.586301E-01
  1.428000E+03  6.943092E-01
  1.428500E+03  1.048329E+00
  1.429000E+03  1.433232E+00
  1.429500E+03  1.819295E+00
  1.430000E+03  2.022336E+00
  1.430500E+03  1.911719E+00
  1.431000E+03  1.570376E+00
  1.431500E+03  1.226662E+00
  1.432000E+03  1.046589E+00
  1.432500E+03  9.931228E-01
  1.433000E+03  8.562525E-01
  1.433500E+03  4.105110E-01
  1.434000E+03 -4.074236E-01
  1.434500E+03 -1.413569E+00
  1.435000E+03 -2.261738E+00
  1.435500E+03 -2.660904E+00
  1.436000E+03 -2.543905E+00
  1.436500E+03 -2.022887E+00
  1.437000E+03 -1.200794E+00
  1.437500E+03 -1.028750E-01
  1.438000E+03  1.148424E+00
  1.438500E+03  2.151375E+00
  1.439000E+03  2.374511E+00
  1.439500E+03  1.603470E+00
  1.440000E+03  2.202608E-01
  1.440500E+03 -1.051921E+00
  1.441000E+03 -1.718006E+00
  1.441500E+03 -1.800439E+00
  1.442000E+03 -1.588010E+00
  1.442500E+03 -1.230508E+00
  1.443000E+03 -7.058394E-01
  1.443500E+03 -1.370539E-01
  1.444000E+03  7.672716E-02
  1.444500E+03 -3.739229E-01
  1.445000E+03 -1.236850E+00
  1.445500E+03 -1.762367E+00
  1.446000E+03 -1.358010E+00
  1.446500E+03 -1.540067E-01
  1.447000E+03  1.156368E+00
  1.447500E+03  2.027499E+00
  1.448000E+03  2.532536E+00
  1.448500E+03  3.109542E+00
  1.449000E+03  3.940286E+00
  1.449500E+03  4.696359E+00
  1.450000E+03  4.895419E+00
  1.450500E+03  4.388711E+00
  1.451000E+03  3.407575E+00
  1.451500E+03  2.184906E+00
  1.452000E+03  6.835548E-01
  1.452500E+03 -1.207828E+00
  1.453000E+03 -3.270694E+00
  1.453500E+03 -4.903235E+00
  1.454000E+03 -5.582895E+00
  1.454500E+03 -5.373956E+00
  1.455000E+03 -4.883855E+00
  1.455500E+03 -4.645990E+00
  1.456000E+03 -4.567645E+00
  1.456500E+03 -4.069937E+00
  1.457000E+03 -2.811585E+00
  1.457500E+03 -1.205446E+00
  1.458000E+03 -9.810345E-02
  1.458500E+03  1.121518E-01
  1.459000E+03 -3.387361E-02
  1.459500E+03  4.443938E-01
  1.460000E+03  1.946477E+00
  1.460500E+03  3.826521E+00
  1.461000E+03  4.992307E+00
  1.461500E+03  4.927162E+00
  1.462000E+03  4.061221E+00
  1.462500E+03  3.184117E+00
  1.463000E+03  2.649829E+00
  1.463500E+03  2.249446E+00
  1.464000E+03  1.736847E+00
  1.464500E+03  1.220675E+00
  1.465000E+03  9.170508E-01
  1.465500E+03  6.749250E-01
  1.466000E+03  2.761151E-02
  1.466500E+03 -1.167928E+00
  1.467000E+03 -2.286723E+00
  1.467500E+03 -2.359810E+00
  1.468000E+03 -1.046383E+00
  1.468500E+03  8.692934E-01
  1.469000E+03  2.040760E+00
  1.469500E+03  1.668109E+00
  1.470000E+03  9.581415E-02
  1.470500E+03 -1.603786E+00
  1.471000E+03 -2.576850E+00
  1.471500E+03 -2.776331E+00
  1.472000E+03 -2.767705E+00
  1.472500E+03 -3.070300E+00
  1.473000E+03 -3.671717E+00
  1.473500E+03 -4.087787E+00
  1.474000E+03 -3.837599E+00
  1.474500E+03 -2.886472E+00
  1.475000E+03 -1.677978E+00
  1.475500E+03 -7.468241E-01
  1.476000E+03 -2.781720E-01
  1.476500E+03 -2.102107E-02
  1.477000E+03  3.932679E-01
  1.477500E+03  1.086071E+00
  1.478000E+03  1.894669E+00
  1.478500E+03  2.635259E+00
  1.479000E+03  3.297613E+00
  1.479500E+03  3.943353E+00
  1.480000E+03  4.505704E+00
  1.480500E+03  4.821345E+00
  1.481000E+03  4.871061E+00
  1.481500E+03  4.851353E+00
  1.482000E+03  4.876121E+00
  1.482500E+03  4.639801E+00
  1.483000E+03  3.546886E+00
  1.483500E+03  1.313176E+00
  1.484000E+03 -1.567077E+00
  1.484500E+03 -4.043981E+00
  1.485000E+03 -5.271124E+00
  1.485500E+03 -5.184553E+00
  1.486000E+03 -4.400894E+00
  1.486500E+03 -3.640083E+00
  1.487000E+03 -3.266368E+00
  1.487500E+03 -3.264330E+00
  1.488000E+03 -3.462378E+00
  1.488500E+03 -3.671287E+00
  1.489000E+03 -3.663839E+00
  1.489500E+03 -3.167283E+00
  1.490000E+03 -1.993412E+00
  1.490500E+03 -2.260422E-01
  1.491000E+03  1.711154E+00
  1.491500E+03  3.206017E+00
  1.492000E+03  3.779182E+00
  1.492500E+03  3.391495E+00
  1.493000E+03  2.496155E+00
  1.493500E+03  1.719025E+00
  1.494000E+03  1.368719E+00
  1.494500E+03  1.221559E+00
  1.495000E+03  8.440415E-01
  1.495500E+03  1.667333E-01
  1.496000E+03 -3.156953E-01
  1.496500E+03 -2.561888E-03
  1.497000E+03  1.138763E+00
  1.497500E+03  2.411717E+00
  1.498000E+03  2.943296E+00
  1.498500E+03  2.393608E+00
  1.499000E+03  1.141835E+00
  1.499500E+03 -1.276479E-01
  1.500000E+03 -9.392605E-01
  1.500500E+03 -1.212748E+00
  1.501000E+03 -1.164232E+00
  1.501500E+03 -1.162868E+00
  1.502000E+03 -1.573418E+00
  1.502500E+03 -2.486591E+00
  1.503000E+03 -3.486404E+00
  1.503500E+03 -3.818461E+00
  1.504000E+03 -3.003568E+00
  1.504500E+03 -1.348328E+00
  1.505000E+03  2.530633E-01
  1.505500E+03  1.110968E+00
  1.506000E+03  1.310937E+00
  1.506500E+03  1.461851E+00
  1.507000E+03  1.950300E+00
  1.507500E+03  2.560519E+00
  1.508000E+03  2.820084E+00
  1.508500E+03  2.558565E+00
  1.509000E+03  2.004791E+00
  1.509500E+03  1.421142E+00
  1.510000E+03  8.420063E-01
  1.510500E+03  2.301304E-01
  1.511000E+03 -2.833062E-01
  1.511500E+03 -5.201879E-01
  1.512000E+03 -6.129233E-01
  1.512500E+03 -1.040982E+00
  1.513000E+03 -2.143480E+00
  1.513500E+03 -3.616984E+00
  1.514000E+03 -4.633863E+00
  1.514500E+03 -4.541936E+00
  1.515000E+03 -3.433725E+00
  1.515500E+03 -2.005910E+00
  1.516000E+03 -8.919066E-01
  1.516500E+03 -1.610114E-01
  1.517000E+03  5.742512E-01
  1.517500E+03  1.642767E+00
  1.518000E+03  2.925060E+00
  1.518500E+03  3.913366E+00
  1.519000E+03  4.119301E+00
  1.519500E+03  3.476597E+00
  1.520000E+03  2.424592E+00
  1.520500E+03  1.594667E+00
  1.521000E+03  1.322888E+00
  1.521500E+03  1.391538E+00
  1.522000E+03  1.259639E+00
  1.522500E+03  6.079193E-01
  1.523000E+03 -3.164734E-01
  1.523500E+03 -9.152449E-01
  1.524000E+03 -8.176273E-01
  1.524500E+03 -2.459100E-01
  1.525000E+03  1.874356E-01
  1.525500E+03  2.521386E-02
  1.526000E+03 -6.800028E-01
  1.526500E+03 -1.482959E+00
  1.527000E+03 -1.944925E+00
  1.527500E+03 -1.938676E+00
  1.528000E+03 -1.666317E+00
  1.528500E+03 -1.453493E+00
  1.529000E+03 -1.486432E+00
  1.529500E+03 -1.652948E+00
  1.530000E+03 -1.616042E+00
  1.530500E+03 -1.123354E+00
  1.531000E+03 -3.205690E-01
  1.531500E+03  2.719505E-01
  1.532000E+03  1.971401E-01
  1.532500E+03 -4.661759E-01
  1.533000E+03 -1.101325E+00
  1.533500E+03 -1.081323E+00
  1.534000E+03 -3.135967E-01
  1.534500E+03  7.408879E-01
  1.535000E+03  1.545687E+00
  1.535500E+03  1.921841E+00
  1.536000E+03  2.021477E+00
  1.536500E+03  1.996754E+00
  1.537000E+03  1.820984E+00
  1.537500E+03  1.435532E+00
  1.538000E+03  9.530746E-01
  1.538500E+03  6.135881E-01
  1.539000E+03  5.508596E-01
  1.539500E+03  6.734009E-01
  1.540000E+03  7.935535E-01
  1.540500E+03  8.206035E-01
  1.541000E+03  7.895505E-01
  1.541500E+03  7.397820E-01
  1.542000E+03  6.332551E-01
  1.542500E+03  4.031299E-01
  1.543000E+03  3.667997E-02
  1.543500E+03 -4.155330E-01
  1.544000E+03 -8.776299E-01
  1.544500E+03 -1.256168E+00
  1.545000E+03 -1.437630E+00
  1.545500E+03 -1.355964E+00
  1.546000E+03 -1.104612E+00
  1.546500E+03 -9.411647E-01
  1.547000E+03 -1.104132E+00
  1.547500E+03 -1.586105E+00
  1.548000E+03 -2.103668E+00
  1.548500E+03 -2.320959E+00
  1.549000E+03 -2.116585E+00
  1.549500E+03 -1.641490E+00
  1.550000E+03 -1.141476E+00
  1.550500E+03 -7.475767E-01
  1.551000E+03 -4.249455E-01
  1.551500E+03 -6.754441E-02
  1.552000E+03  4.135291E-01
  1.552500E+03  1.091001E+00
  1.553000E+03  2.034304E+00
  1.553500E+03  3.225294E+00
  1.554000E+03  4.418682E+00
  1.554500E+03  5.138576E+00
  1.555000E+03  4.931058E+00
  1.555500E+03  3.718061E+00
  1.556000E+03  1.911413E+00
  1.556500E+03  1.158711E-01
  1.557000E+03 -1.330395E+00
  1.557500E+03 -2.513203E+00
  1.558000E+03 -3.629622E+00
  1.558500E+03 -4.576151E+00
  1.559000E+03 -4.956837E+00
  1.559500E+03 -4.540404E+00
  1.560000E+03 -3.606101E+00
  1.560500E+03 -2.683934E+00
  1.561000E+03 -1.925749E+00
  1.561500E+03 -8.741344E-01
  1.562000E+03  9.974657E-01
  1.562500E+03  3.528075E+00
  1.563000E+03  5.787319E+00
  1.563500E+03  6.827066E+00
  1.564000E+03  6.462190E+00
  1.564500E+03  5.251903E+00
  1.565000E+03  3.801054E+00
  1.565500E+03  2.252303E+00
  1.566000E+03  4.939980E-01
  1.566500E+03 -1.336369E+00
  1.567000E+03 -2.792540E+00
  1.567500E+03 -3.578993E+00
  1.568000E+03 -3.888380E+00
  1.568500E+03 -4.151003E+00
  1.569000E+03 -4.515008E+00
  1.569500E+03 -4.700115E+00
  1.570000E+03 -4.342170E+00
  1.570500E+03 -3.339813E+00
  1.571000E+03 -1.835915E+00
  1.571500E+03 -4.928505E-02
  1.572000E+03  1.680313E+00
  1.572500E+03  2.757393E+00
  1.573000E+03  2.557594E+00
  1.573500E+03  1.029888E+00
  1.574000E+03 -9.762791E-01
  1.574500E+03 -2.203755E+00
  1.575000E+03 -1.946361E+00
  1.575500E+03 -5.263778E-01
  1.576000E+03  1.151459E+00
  1.576500E+03  2.407947E+00
  1.577000E+03  3.121205E+00
  1.577500E+03  3.448401E+00
  1.578000E+03  3.497770E+00
  1.578500E+03  3.344158E+00
  1.579000E+03  3.148259E+00
  1.579500E+03  3.017799E+00
  1.580000E+03  2.769551E+00
  1.580500E+03  2.051947E+00
  1.581000E+03  8.253824E-01
  1.581500E+03 -4.024362E-01
  1.582000E+03 -9.999907E-01
  1.582500E+03 -8.759335E-01
  1.583000E+03 -5.908891E-01
  1.583500E+03 -7.613599E-01
  1.584000E+03 -1.451202E+00
  1.584500E+03 -2.217100E+00
  1.585000E+03 -2.644337E+00
  1.585500E+03 -2.689138E+00
  1.586000E+03 -2.543099E+00
  1.586500E+03 -2.386315E+00
  1.587000E+03 -2.380992E+00
  1.587500E+03 -2.721050E+00
  1.588000E+03 -3.414463E+00
  1.588500E+03 -3.997626E+00
  1.589000E+03 -3.729128E+00
  1.589500E+03 -2.295807E+00
  1.590000E+03 -2.799295E-01
  1.590500E+03  1.265038E+00
  1.591000E+03  1.756585E+00
  1.591500E+03  1.502843E+00
  1.592000E+03  1.181067E+00
  1.592500E+03  1.107450E+00
  1.593000E+03  1.205320E+00
  1.593500E+03  1.552514E+00
  1.594000E+03  2.565317E+00
  1.594500E+03  4.402410E+00
  1.595000E+03  6.352617E+00
  1.595500E+03  7.169684E+00
  1.596000E+03  6.176835E+00
  1.596500E+03  3.933181E+00
  1.597000E+03  1.693418E+00
  1.597500E+03  2.751434E-01
  1.598000E+03 -4.441573E-01
  1.598500E+03 -1.027338E+00
  1.599000E+03 -1.751100E+00
  1.599500E+03 -2.480518E+00
  1.600000E+03 -3.058192E+00
  1.600500E+03 -3.541418E+00
  1.601000E+03 -4.022882E+00
  1.601500E+03 -4.414290E+00
  1.602000E+03 -4.533565E+00
  1.602500E+03 -4.302863E+00
  1.603000E+03 -3.720344E+00
  1.603500E+03 -2.709462E+00
  1.604000E+03 -1.218992E+00
  1.604500E+03  4.572436E-01
  1.605000E+03  1.661551E+00
  1.605500E+03  1.908891E+00
  1.606000E+03  1.440060E+00
  1.606500E+03  1.047047E+00
  1.607000E+03  1.246729E+00
  1.607500E+03  1.740187E+00
  1.608000E+03  1.821143E+00
  1.608500E+03  1.247227E+00
  1.609000E+03  5.123122E-01
  1.609500E+03  2.164029E-01
  1.610000E+03  3.614382E-01
  1.610500E+03  4.589390E-01
  1.611000E+03  2.665256E-01
  1.611500E+03  1.685610E-01
  1.612000E+03  6.948504E-01
  1.612500E+03  1.780222E+00
  1.613000E+03  2.690236E+00
  1.613500E+03  2.714909E+00
  1.614000E+03  1.835654E+00
  1.614500E+03  6.653600E-01
  1.615000E+03 -1.809245E-01
  1.615500E+03 -5.826368E-01
  1.616000E+03 -8.662164E-01
  1.616500E+03 -1.408230E+00
  1.617000E+03 -2.297160E+00
  1.617500E+03 -3.246801E+00
  1.618000E+03 -3.739973E+00
  1.618500E+03 -3.337747E+00
  1.619000E+03 -2.019749E+00
  1.619500E+03 -2.838940E-01
  1.620000E+03  1.181076E+00
  1.620500E+03  2.023150E+00
  1.621000E+03  2.424564E+00
  1.621500E+03  2.727539E+00
  1.622000E+03  2.899740E+00
  1.622500E+03  2.482249E+00
  1.623000E+03  1.121969E+00
  1.623500E+03 -9.056206E-01
  1.624000E+03 -2.778524E+00
  1.624500E+03 -3.719952E+00
  1.625000E+03 -3.477629E+00
  1.625500E+03 -2.305289E+00
  1.626000E+03 -6.674124E-01
  1.626500E+03  9.348897E-01
  1.627000E+03  1.996719E+00
  1.627500E+03  2.166625E+00
  1.628000E+03  1.539661E+00
  1.628500E+03  7.058213E-01
  1.629000E+03  3.103930E-01
  1.629500E+03  4.810134E-01
  1.630000E+03  7.479891E-01
  1.630500E+03  5.813633E-01
  1.631000E+03 -4.836430E-02
  1.631500E+03 -7.110371E-01
  1.632000E+03 -1.064525E+00
  1.632500E+03 -1.223852E+00
  1.633000E+03 -1.523603E+00
  1.633500E+03 -2.004031E+00
  1.634000E+03 -2.261502E+00
  1.634500E+03 -1.821484E+00
  1.635000E+03 -5.713909E-01
  1.635500E+03  1.201692E+00
  1.636000E+03  3.078421E+00
  1.636500E+03  4.668596E+00
  1.637000E+03  5.547433E+00
  1.637500E+03  5.276480E+00
  1.638000E+03  3.728209E+00
  1.638500E+03  1.410214E+00
  1.639000E+03 -7.230817E-01
  1.639500E+03 -1.975196E+00
  1.640000E+03 -2.460273E+00
  1.640500E+03 -2.872696E+00
  1.641000E+03 -3.664746E+00
  1.641500E+03 -4.516200E+00
  1.642000E+03 -4.694406E+00
  1.642500E+03 -3.907400E+00
  1.643000E+03 -2.677777E+00
  1.643500E+03 -1.796640E+00
  1.644000E+03 -1.465486E+00
  1.644500E+03 -1.096641E+00
  1.645000E+03  2.433088E-04
  1.645500E+03  1.811931E+00
  1.646000E+03  3.573967E+00
  1.646500E+03  4.492292E+00
  1.647000E+03  4.418654E+00
  1.647500E+03  3.802148E+00
  1.648000E+03  3.105420E+00
  1.648500E+03  2.418148E+00
  1.649000E+03  1.637037E+00
  1.649500E+03  8.432620E-01
  1.650000E+03  3.214395E-01
  1.650500E+03  1.988707E-01
  1.651000E+03  2.046709E-01
  1.651500E+03 -1.073482E-01
  1.652000E+03 -9.234525E-01
  1.652500E+03 -2.025693E+00
  1.653000E+03 -3.050441E+00
  1.653500E+03 -3.769755E+00
  1.654000E+03 -4.064220E+00
  1.654500E+03 -3.741728E+00
  1.655000E+03 -2.593533E+00
  1.655500E+03 -7.288722E-01
  1.656000E+03  1.238327E+00
  1.656500E+03  2.504139E+00
  1.657000E+03  2.664549E+00
  1.657500E+03  1.980717E+00
  1.658000E+03  1.043314E+00
  1.658500E+03  2.173827E-01
  1.659000E+03 -5.369108E-01
  1.659500E+03 -1.342335E+00
  1.660000E+03 -2.036331E+00
  1.660500E+03 -2.225644E+00
  1.661000E+03 -1.702037E+00
  1.661500E+03 -7.271350E-01
  1.662000E+03  1.528886E-01
  1.662500E+03  5.804955E-01
  1.663000E+03  6.744182E-01
  1.663500E+03  8.807027E-01
  1.664000E+03  1.576447E+00
  1.664500E+03  2.799979E+00
  1.665000E+03  4.280054E+00
  1.665500E+03  5.631736E+00
  1.666000E+03  6.499706E+00
  1.666500E+03  6.585976E+00
  1.667000E+03  5.665540E+00
  1.667500E+03  3.678361E+00
  1.668000E+03  8.400228E-01
  1.668500E+03 -2.363087E+00
  1.669000E+03 -5.333517E+00
  1.669500E+03 -7.566322E+00
  1.670000E+03 -8.763958E+00
  1.670500E+03 -8.855811E+00
  1.671000E+03 -8.008623E+00
  1.671500E+03 -6.635155E+00
  1.672000E+03 -5.275323E+00
  1.672500E+03 -4.285633E+00
  1.673000E+03 -3.543689E+00
  1.673500E+03 -2.519530E+00
  1.674000E+03 -7.833016E-01
  1.674500E+03  1.487136E+00
  1.675000E+03  3.566316E+00
  1.675500E+03  4.844949E+00
  1.676000E+03  5.436862E+00
  1.676500E+03  6.030797E+00
  1.677000E+03  7.072308E+00
  1.677500E+03  8.146494E+00
  1.678000E+03  8.288233E+00
  1.678500E+03  6.951201E+00
  1.679000E+03  4.612138E+00
  1.679500E+03  2.352331E+00
  1.680000E+03  8.643782E-01
  1.680500E+03 -5.850994E-02
  1.681000E+03 -1.057442E+00
  1.681500E+03 -2.353016E+00
  1.682000E+03 -3.465823E+00
  1.682500E+03 -3.776560E+00
  1.683000E+03 -3.249917E+00
  1.683500E+03 -2.514196E+00
  1.684000E+03 -2.244714E+00
  1.684500E+03 -2.549407E+00
  1.685000E+03 -2.994263E+00
  1.685500E+03 -3.174526E+00
  1.686000E+03 -3.171138E+00
  1.686500E+03 -3.407570E+00
  1.687000E+03 -4.091355E+00
  1.687500E+03 -4.858736E+00
  1.688000E+03 -5.013556E+00
  1.688500E+03 -4.130961E+00
  1.689000E+03 -2.424961E+00
  1.689500E+03 -5.227688E-01
  1.690000E+03  1.109830E+00
  1.690500E+03  2.505209E+00
  1.691000E+03  3.973578E+00
  1.691500E+03  5.600981E+00
  1.692000E+03  7.025630E+00
  1.692500E+03  7.722059E+00
  1.693000E+03  7.455315E+00
  1.693500E+03  6.410688E+00
  1.694000E+03  4.921587E+00
  1.694500E+03  3.187123E+00
  1.695000E+03  1.316868E+00
  1.695500E+03 -4.448079E-01
  1.696000E+03 -1.727483E+00
  1.696500E+03 -2.362737E+00
  1.697000E+03 -2.618665E+00
  1.697500E+03 -2.950592E+00
  1.698000E+03 -3.469473E+00
  1.698500E+03 -3.761323E+00
  1.699000E+03 -3.355409E+00
  1.699500E+03 -2.365060E+00
  1.700000E+03 -1.542011E+00
  1.700500E+03 -1.592139E+00
  1.701000E+03 -2.437391E+00
  1.701500E+03 -3.211231E+00
  1.702000E+03 -3.012309E+00
  1.702500E+03 -1.665483E+00
  1.703000E+03  2.141478E-01
  1.703500E+03  1.805454E+00
  1.704000E+03  2.667876E+00
  1.704500E+03  2.832959E+00
  1.705000E+03  2.510769E+00
  1.705500E+03  1.862415E+00
  1.706000E+03  1.057416E+00
  1.706500E+03  4.052082E-01
  1.707000E+03  2.588048E-01
  1.707500E+03  7.088654E-01
  1.708000E+03  1.404089E+00
  1.708500E+03  1.759894E+00
  1.709000E+03  1.419156E+00
  1.709500E+03  5.394913E-01
  1.710000E+03 -3.735738E-01
  1.710500E+03 -9.213234E-01
  1.711000E+03 -1.101510E+00
  1.711500E+03 -1.164761E+00
  1.712000E+03 -1.239217E+00
  1.712500E+03 -1.169479E+00
  1.713000E+03 -7.552150E-01
  1.713500E+03 -9.666465E-02
  1.714000E+03  3.868609E-01
  1.714500E+03  3.262323E-01
  1.715000E+03 -2.349222E-01
  1.715500E+03 -8.758133E-01
  1.716000E+03 -1.171580E+00
  1.716500E+03 -9.919461E-01
  1.717000E+03 -4.679087E-01
  1.717500E+03  2.118683E-01
  1.718000E+03  8.794640E-01
  1.718500E+03  1.325141E+00
  1.719000E+03  1.328896E+00
  1.719500E+03  8.651859E-01
  1.720000E+03  2.270841E-01
  1.720500E+03 -1.735746E-01
  1.721000E+03 -1.692079E-01
  1.721500E+03  5.465863E-02
  1.722000E+03  2.329367E-01
  1.722500E+03  3.163563E-01
  1.723000E+03  4.076895E-01
  1.723500E+03  4.686072E-01
  1.724000E+03  2.777043E-01
  1.724500E+03 -2.175798E-01
  1.725000E+03 -6.274583E-01
  1.725500E+03 -4.187690E-01
  1.726000E+03  4.347073E-01
  1.726500E+03  1.240325E+00
  1.727000E+03  1.206980E+00
  1.727500E+03  3.029778E-01
  1.728000E+03 -6.252070E-01
  1.728500E+03 -6.796831E-01
  1.729000E+03  1.796782E-01
  1.729500E+03  1.116310E+00
  1.730000E+03  1.272221E+00
  1.730500E+03  5.460931E-01
  1.731000E+03 -4.872449E-01
  1.731500E+03 -1.295101E+00
  1.732000E+03 -1.881509E+00
  1.732500E+03 -2.581407E+00
  1.733000E+03 -3.518960E+00
  1.733500E+03 -4.391196E+00
  1.734000E+03 -4.755401E+00
  1.734500E+03 -4.416106E+00
  1.735000E+03 -3.492435E+00
  1.735500E+03 -2.194785E+00
  1.736000E+03 -6.428708E-01
  1.736500E+03  1.095486E+00
  1.737000E+03  2.885613E+00
  1.737500E+03  4.531522E+00
  1.738000E+03  5.892213E+00
  1.738500E+03  6.928068E+00
  1.739000E+03  7.599890E+00
  1.739500E+03  7.762250E+00
  1.740000E+03  7.227347E+00
  1.740500E+03  5.965154E+00
  1.741000E+03  4.204799E+00
  1.741500E+03  2.276687E+00
  1.742000E+03  3.362497E-01
  1.742500E+03 -1.703533E+00
  1.743000E+03 -3.896378E+00
  1.743500E+03 -5.925729E+00
  1.744000E+03 -7.153101E+00
  1.744500E+03 -7.134200E+00
  1.745000E+03 -6.116878E+00
  1.745500E+03 -4.927913E+00
  1.746000E+03 -4.253183E+00
  1.746500E+03 -4.028363E+00
  1.747000E+03 -3.629291E+00
  1.747500E+03 -2.691523E+00
  1.748000E+03 -1.625717E+00
  1.748500E+03 -1.177212E+00
  1.749000E+03 -1.484077E+00
  1.749500E+03 -1.750693E+00
  1.750000E+03 -1.015436E+00
  1.750500E+03  7.880366E-01
  1.751000E+03  2.693522E+00
  1.751500E+03  3.699329E+00
  1.752000E+03  3.805190E+00
  1.752500E+03  3.927271E+00
  1.753000E+03  4.805391E+00
  1.753500E+03  6.152428E+00
  1.754000E+03  6.975019E+00
  1.754500E+03  6.629757E+00
  1.755000E+03  5.390461E+00
  1.755500E+03  3.966175E+00
  1.756000E+03  2.656223E+00
  1.756500E+03  1.162250E+00
  1.757000E+03 -8.140210E-01
  1.757500E+03 -3.011069E+00
  1.758000E+03 -4.779686E+00
  1.758500E+03 -5.718214E+00
  1.759000E+03 -5.949737E+00
  1.759500E+03 -5.733154E+00
  1.760000E+03 -4.978691E+00
  1.760500E+03 -3.359852E+00
  1.761000E+03 -9.356253E-01
  1.761500E+03  1.499889E+00
  1.762000E+03  2.866539E+00
  1.762500E+03  2.657125E+00
  1.763000E+03  1.327483E+00
  1.763500E+03 -1.600064E-01
  1.764000E+03 -1.121866E+00
  1.764500E+03 -1.481861E+00
  1.765000E+03 -1.462513E+00
  1.765500E+03 -1.175296E+00
  1.766000E+03 -6.373336E-01
  1.766500E+03 -9.022992E-02
  1.767000E+03 -5.019735E-02
  1.767500E+03 -8.490593E-01
  1.768000E+03 -2.129997E+00
  1.768500E+03 -2.950473E+00
  1.769000E+03 -2.525807E+00
  1.769500E+03 -9.083454E-01
  1.770000E+03  1.087587E+00
  1.770500E+03  2.618722E+00
  1.771000E+03  3.432602E+00
  1.771500E+03  3.794785E+00
  1.772000E+03  3.949646E+00
  1.772500E+03  3.811618E+00
  1.773000E+03  3.208227E+00
  1.773500E+03  2.284345E+00
  1.774000E+03  1.503968E+00
  1.774500E+03  1.222067E+00
  1.775000E+03  1.341302E+00
  1.775500E+03  1.447681E+00
  1.776000E+03  1.225772E+00
  1.776500E+03  6.549424E-01
  1.777000E+03 -1.674220E-01
  1.777500E+03 -1.232274E+00
  1.778000E+03 -2.523587E+00
  1.778500E+03 -3.774957E+00
  1.779000E+03 -4.510870E+00
  1.779500E+03 -4.462894E+00
  1.780000E+03 -3.903031E+00
  1.780500E+03 -3.419730E+00
  1.781000E+03 -3.280463E+00
  1.781500E+03 -3.067044E+00
  1.782000E+03 -2.051324E+00
  1.782500E+03  1.392186E-02
  1.783000E+03  2.502818E+00
  1.783500E+03  4.354496E+00
  1.784000E+03  4.917140E+00
  1.784500E+03  4.366810E+00
  1.785000E+03  3.341100E+00
  1.785500E+03  2.253630E+00
  1.786000E+03  1.044752E+00
  1.786500E+03 -4.167286E-01
  1.787000E+03 -1.825846E+00
  1.787500E+03 -2.504465E+00
  1.788000E+03 -2.055362E+00
  1.788500E+03 -9.026221E-01
  1.789000E+03 -4.999524E-02
  1.789500E+03 -2.021203E-01
  1.790000E+03 -1.116809E+00
  1.790500E+03 -1.867869E+00
  1.791000E+03 -1.756825E+00
  1.791500E+03 -9.332275E-01
  1.792000E+03 -1.192440E-01
  1.792500E+03  1.912331E-01
  1.793000E+03  1.682920E-01
  1.793500E+03  3.145294E-01
  1.794000E+03  8.487974E-01
  1.794500E+03  1.533936E+00
  1.795000E+03  2.060855E+00
  1.795500E+03  2.428827E+00
  1.796000E+03  2.842549E+00
  1.796500E+03  3.311929E+00
  1.797000E+03  3.516824E+00
  1.797500E+03  3.135060E+00
  1.798000E+03  2.231491E+00
  1.798500E+03  1.232232E+00
  1.799000E+03  5.160021E-01
  1.799500E+03  8.315658E-02
  1.800000E+03 -3.796101E-01
  1.800500E+03 -1.181287E+00
  1.801000E+03 -2.396688E+00
  1.801500E+03 -3.856553E+00
  1.802000E+03 -5.241506E+00
  1.802500E+03 -6.176274E+00
  1.803000E+03 -6.350893E+00
  1.803500E+03 -5.673739E+00
  1.804000E+03 -4.334148E+00
  1.804500E+03 -2.680016E+00
  1.805000E+03 -1.018779E+00
  1.805500E+03  4.587228E-01
  1.806000E+03  1.608897E+00
  1.806500E+03  2.297957E+00
  1.807000E+03  2.497639E+00
  1.807500E+03  2.372597E+00
  1.808000E+03  2.187781E+00
  1.808500E+03  2.118879E+00
  1.809000E+03  2.207731E+00
  1.809500E+03  2.491949E+00
  1.810000E+03  3.045722E+00
  1.810500E+03  3.776347E+00
  1.811000E+03  4.249992E+00
  1.811500E+03  3.939264E+00
  1.812000E+03  2.789213E+00
  1.812500E+03  1.461478E+00
  1.813000E+03  8.254041E-01
  1.813500E+03  1.114194E+00
  1.814000E+03  1.643917E+00
  1.814500E+03  1.437972E+00
  1.815000E+03  1.084587E-01
  1.815500E+03 -1.902464E+00
  1.816000E+03 -3.844196E+00
  1.816500E+03 -5.243344E+00
  1.817000E+03 -5.960069E+00
  1.817500E+03 -5.905900E+00
  1.818000E+03 -4.997462E+00
  1.818500E+03 -3.447377E+00
  1.819000E+03 -1.890814E+00
  1.819500E+03 -9.872077E-01
  1.820000E+03 -8.459942E-01
  1.820500E+03 -9.361921E-01
  1.821000E+03 -6.121490E-01
  1.821500E+03  3.117548E-01
  1.822000E+03  1.507338E+00
  1.822500E+03  2.530434E+00
  1.823000E+03  3.155338E+00
  1.823500E+03  3.362911E+00
  1.824000E+03  3.182417E+00
  1.824500E+03  2.668339E+00
  1.825000E+03  1.976054E+00
  1.825500E+03  1.323703E+00
  1.826000E+03  8.326259E-01
  1.826500E+03  4.620323E-01
  1.827000E+03  1.305137E-01
  1.827500E+03 -1.602635E-01
  1.828000E+03 -3.790925E-01
  1.828500E+03 -5.875458E-01
  1.829000E+03 -8.981579E-01
  1.829500E+03 -1.285513E+00
  1.830000E+03 -1.525162E+00
  1.830500E+03 -1.390445E+00
  1.831000E+03 -8.692574E-01
  1.831500E+03 -1.135462E-01
  1.832000E+03  7.895268E-01
  1.832500E+03  1.863077E+00
  1.833000E+03  2.995686E+00
  1.833500E+03  3.756061E+00
  1.834000E+03  3.614871E+00
  1.834500E+03  2.403670E+00
  1.835000E+03  4.883557E-01
  1.835500E+03 -1.549396E+00
  1.836000E+03 -3.335764E+00
  1.836500E+03 -4.757092E+00
  1.837000E+03 -5.689219E+00
  1.837500E+03 -5.872854E+00
  1.838000E+03 -5.155086E+00
  1.838500E+03 -3.759639E+00
  1.839000E+03 -2.167265E+00
  1.839500E+03 -7.050987E-01
  1.840000E+03  6.506487E-01
  1.840500E+03  2.024615E+00
  1.841000E+03  3.298417E+00
  1.841500E+03  4.140718E+00
  1.842000E+03  4.371951E+00
  1.842500E+03  4.180539E+00
  1.843000E+03  3.908304E+00
  1.843500E+03  3.679588E+00
  1.844000E+03  3.323699E+00
  1.844500E+03  2.639874E+00
  1.845000E+03  1.640120E+00
  1.845500E+03  4.985156E-01
  1.846000E+03 -6.563073E-01
  1.846500E+03 -1.813920E+00
  1.847000E+03 -2.974381E+00
  1.847500E+03 -4.053550E+00
  1.848000E+03 -4.905949E+00
  1.848500E+03 -5.358997E+00
  1.849000E+03 -5.183312E+00
  1.849500E+03 -4.131812E+00
  1.850000E+03 -2.171597E+00
  1.850500E+03  2.767161E-01
  1.851000E+03  2.451708E+00
  1.851500E+03  3.756682E+00
  1.852000E+03  4.194572E+00
  1.852500E+03  4.241223E+00
  1.853000E+03  4.254559E+00
  1.853500E+03  4.066077E+00
  1.854000E+03  3.226465E+00
  1.854500E+03  1.636534E+00
  1.855000E+03 -1.600961E-01
  1.855500E+03 -1.380541E+00
  1.856000E+03 -1.693496E+00
  1.856500E+03 -1.486944E+00
  1.857000E+03 -1.471889E+00
  1.857500E+03 -2.058829E+00
  1.858000E+03 -3.095823E+00
  1.858500E+03 -4.101925E+00
  1.859000E+03 -4.644284E+00
  1.859500E+03 -4.501834E+00
  1.860000E+03 -3.622808E+00
  1.860500E+03 -2.107168E+00
  1.861000E+03 -2.768775E-01
  1.861500E+03  1.370124E+00
  1.862000E+03  2.462906E+00
  1.862500E+03  3.084579E+00
  1.863000E+03  3.702801E+00
  1.863500E+03  4.637374E+00
  1.864000E+03  5.578146E+00
  1.864500E+03  5.754564E+00
  1.865000E+03  4.706346E+00
  1.865500E+03  2.868943E+00
  1.866000E+03  1.269376E+00
  1.866500E+03  5.665141E-01
  1.867000E+03  4.457516E-01
  1.867500E+03  3.924446E-02
  1.868000E+03 -1.098112E+00
  1.868500E+03 -2.553011E+00
  1.869000E+03 -3.599829E+00
  1.869500E+03 -4.007259E+00
  1.870000E+03 -4.130249E+00
  1.870500E+03 -4.266673E+00
  1.871000E+03 -4.197237E+00
  1.871500E+03 -3.544176E+00
  1.872000E+03 -2.455077E+00
  1.872500E+03 -1.637781E+00
  1.873000E+03 -1.603459E+00
  1.873500E+03 -2.044900E+00
  1.874000E+03 -2.159580E+00
  1.874500E+03 -1.536838E+00
  1.875000E+03 -5.102773E-01
  1.875500E+03  4.185948E-01
  1.876000E+03  1.271192E+00
  1.876500E+03  2.465354E+00
  1.877000E+03  4.065950E+00
  1.877500E+03  5.470702E+00
  1.878000E+03  6.024222E+00
  1.878500E+03  5.797823E+00
  1.879000E+03  5.501750E+00
  1.879500E+03  5.594862E+00
  1.880000E+03  5.698283E+00
  1.880500E+03  5.046266E+00
  1.881000E+03  3.408908E+00
  1.881500E+03  1.366741E+00
  1.882000E+03 -3.320178E-01
  1.882500E+03 -1.495176E+00
  1.883000E+03 -2.480446E+00
  1.883500E+03 -3.641320E+00
  1.884000E+03 -4.999372E+00
  1.884500E+03 -6.424083E+00
  1.885000E+03 -7.845926E+00
  1.885500E+03 -9.090913E+00
  1.886000E+03 -9.636736E+00
  1.886500E+03 -8.847827E+00
  1.887000E+03 -6.615470E+00
  1.887500E+03 -3.669488E+00
  1.888000E+03 -1.092591E+00
  1.888500E+03  5.229799E-01
  1.889000E+03  1.426567E+00
  1.889500E+03  2.293344E+00
  1.890000E+03  3.570940E+00
  1.890500E+03  5.208106E+00
  1.891000E+03  6.821436E+00
  1.891500E+03  7.954005E+00
  1.892000E+03  8.235119E+00
  1.892500E+03  7.526424E+00
  1.893000E+03  6.065562E+00
  1.893500E+03  4.404464E+00
  1.894000E+03  3.062539E+00
  1.894500E+03  2.190286E+00
  1.895000E+03  1.593848E+00
  1.895500E+03  1.039917E+00
  1.896000E+03  4.192937E-01
  1.896500E+03 -3.938964E-01
  1.897000E+03 -1.645740E+00
  1.897500E+03 -3.444077E+00
  1.898000E+03 -5.397648E+00
  1.898500E+03 -6.727443E+00
  1.899000E+03 -6.909348E+00
  1.899500E+03 -6.164341E+00
  1.900000E+03 -5.182075E+00
  1.900500E+03 -4.371748E+00
  1.901000E+03 -3.539200E+00
  1.901500E+03 -2.359238E+00
  1.902000E+03 -9.884250E-01
  1.902500E+03  2.051771E-02
  1.903000E+03  4.196134E-01
  1.903500E+03  6.622944E-01
  1.904000E+03  1.429359E+00
  1.904500E+03  2.820772E+00
  1.905000E+03  4.186390E+00
  1.905500E+03  4.787854E+00
  1.906000E+03  4.493431E+00
  1.906500E+03  3.739285E+00
  1.907000E+03  2.931298E+00
  1.907500E+03  2.079579E+00
  1.908000E+03  1.035954E+00
  1.908500E+03 -1.047713E-01
  1.909000E+03 -1.013283E+00
  1.909500E+03 -1.494552E+00
  1.910000E+03 -1.684150E+00
  1.910500E+03 -1.811043E+00
  1.911000E+03 -1.861574E+00
  1.911500E+03 -1.591377E+00
  1.912000E+03 -8.597043E-01
  1.912500E+03  1.397368E-01
  1.913000E+03  1.019430E+00
  1.913500E+03  1.529430E+00
  1.914000E+03  1.727022E+00
  1.914500E+03  1.861269E+00
  1.915000E+03  2.122899E+00
  1.915500E+03  2.454501E+00
  1.916000E+03  2.523525E+00
  1.916500E+03  1.894422E+00
  1.917000E+03  3.514886E-01
  1.917500E+03 -1.841549E+00
  1.918000E+03 -4.019006E+00
  1.918500E+03 -5.538515E+00
  1.919000E+03 -6.170638E+00
  1.919500E+03 -6.048325E+00
  1.920000E+03 -5.266836E+00
  1.920500E+03 -3.681896E+00
  1.921000E+03 -1.241998E+00
  1.921500E+03  1.522776E+00
  1.922000E+03  3.565601E+00
  1.922500E+03  4.088232E+00
  1.923000E+03  3.285795E+00
  1.923500E+03  2.236155E+00
  1.924000E+03  1.960780E+00
  1.924500E+03  2.572116E+00
  1.925000E+03  3.322814E+00
  1.925500E+03  3.410483E+00
  1.926000E+03  2.664109E+00
  1.926500E+03  1.503102E+00
  1.927000E+03  4.029499E-01
  1.927500E+03 -4.714233E-01
  1.928000E+03 -1.170406E+00
  1.928500E+03 -1.695954E+00
  1.929000E+03 -1.959086E+00
  1.929500E+03 -1.952267E+00
  1.930000E+03 -1.828266E+00
  1.930500E+03 -1.738324E+00
  1.931000E+03 -1.639348E+00
  1.931500E+03 -1.344547E+00
  1.932000E+03 -7.880549E-01
  1.932500E+03 -1.915746E-01
  1.933000E+03  9.358548E-02
  1.933500E+03 -5.833526E-02
  1.934000E+03 -3.522382E-01
  1.934500E+03 -2.621587E-01
  1.935000E+03  5.212185E-01
  1.935500E+03  1.756804E+00
  1.936000E+03  2.733883E+00
  1.936500E+03  2.748907E+00
  1.937000E+03  1.639306E+00
  1.937500E+03 -4.146815E-02
  1.938000E+03 -1.377400E+00
  1.938500E+03 -1.731762E+00
  1.939000E+03 -1.181156E+00
  1.939500E+03 -3.844549E-01
  1.940000E+03  7.280647E-03
  1.940500E+03 -1.126302E-01
  1.941000E+03 -3.029869E-01
  1.941500E+03 -1.007139E-01
  1.942000E+03  4.356928E-01
  1.942500E+03  7.180355E-01
  1.943000E+03  2.050183E-01
  1.943500E+03 -9.743058E-01
  1.944000E+03 -1.978889E+00
  1.944500E+03 -1.897265E+00
  1.945000E+03 -5.213281E-01
  1.945500E+03  1.438540E+00
  1.946000E+03  2.876487E+00
  1.946500E+03  3.075691E+00
  1.947000E+03  2.105607E+00
  1.947500E+03  6.050628E-01
  1.948000E+03 -7.379743E-01
  1.948500E+03 -1.558883E+00
  1.949000E+03 -1.867440E+00
  1.949500E+03 -1.902988E+00
  1.950000E+03 -1.951570E+00
  1.950500E+03 -2.163589E+00
  1.951000E+03 -2.402049E+00
  1.951500E+03 -2.255020E+00
  1.952000E+03 -1.315071E+00
  1.952500E+03  4.270697E-01
  1.953000E+03  2.433857E+00
  1.953500E+03  3.919054E+00
  1.954000E+03  4.368444E+00
  1.954500E+03  3.824981E+00
  1.955000E+03  2.721273E+00
  1.955500E+03  1.496639E+00
  1.956000E+03  3.922250E-01
  1.956500E+03 -4.720730E-01
  1.957000E+03 -9.852723E-01
  1.957500E+03 -1.122467E+00
  1.958000E+03 -1.098844E+00
  1.958500E+03 -1.297592E+00
  1.959000E+03 -1.907518E+00
  1.959500E+03 -2.609504E+00
  1.960000E+03 -2.713631E+00
  1.960500E+03 -1.732596E+00
  1.961000E+03  1.014764E-01
  1.961500E+03  1.887292E+00
  1.962000E+03  2.682928E+00
  1.962500E+03  2.188554E+00
  1.963000E+03  9.099799E-01
  1.963500E+03 -2.953636E-01
  1.964000E+03 -8.562404E-01
  1.964500E+03 -7.797905E-01
  1.965000E+03 -4.505595E-01
  1.965500E+03 -2.326469E-01
  1.966000E+03 -2.541292E-01
  1.966500E+03 -4.682248E-01
  1.967000E+03 -7.985841E-01
  1.967500E+03 -1.184081E+00
  1.968000E+03 -1.549139E+00
  1.968500E+03 -1.821448E+00
  1.969000E+03 -1.988393E+00
  1.969500E+03 -2.059575E+00
  1.970000E+03 -1.919878E+00
  1.970500E+03 -1.283653E+00
  1.971000E+03  6.415639E-02
  1.971500E+03  1.904021E+00
  1.972000E+03  3.528970E+00
  1.972500E+03  4.209547E+00
  1.973000E+03  3.816931E+00
  1.973500E+03  2.979831E+00
  1.974000E+03  2.558910E+00
  1.974500E+03  2.906121E+00
  1.975000E+03  3.591483E+00
  1.975500E+03  3.803284E+00
  1.976000E+03  3.002479E+00
  1.976500E+03  1.280382E+00
  1.977000E+03 -7.536900E-01
  1.977500E+03 -2.349857E+00
  1.978000E+03 -3.009692E+00
  1.978500E+03 -2.758316E+00
  1.979000E+03 -2.173828E+00
  1.979500E+03 -2.052572E+00
  1.980000E+03 -2.825945E+00
  1.980500E+03 -4.183874E+00
  1.981000E+03 -5.317673E+00
  1.981500E+03 -5.623746E+00
  1.982000E+03 -5.180564E+00
  1.982500E+03 -4.504127E+00
  1.983000E+03 -3.874150E+00
  1.983500E+03 -3.004609E+00
  1.984000E+03 -1.415536E+00
  1.984500E+03  9.586046E-01
  1.985000E+03  3.619763E+00
  1.985500E+03  5.908219E+00
  1.986000E+03  7.412096E+00
  1.986500E+03  7.966028E+00
  1.987000E+03  7.458120E+00
  1.987500E+03  5.898081E+00
  1.988000E+03  3.710254E+00
  1.988500E+03  1.726335E+00
  1.989000E+03  6.298494E-01
  1.989500E+03  3.595169E-01
  1.990000E+03  1.906391E-01
  1.990500E+03 -5.051525E-01
  1.991000E+03 -1.635337E+00
  1.991500E+03 -2.584413E+00
  1.992000E+03 -2.963605E+00
  1.992500E+03 -3.009203E+00
  1.993000E+03 -3.185152E+00
  1.993500E+03 -3.517961E+00
  1.994000E+03 -3.493336E+00
  1.994500E+03 -2.644796E+00
  1.995000E+03 -1.144427E+00
  1.995500E+03  2.741725E-01
  1.996000E+03  9.630549E-01
  1.996500E+03  8.924896E-01
  1.997000E+03  5.817790E-01
  1.997500E+03  5.849321E-01
  1.998000E+03  1.046907E+00
  1.998500E+03  1.660591E+00
  1.999000E+03  1.963065E+00
  1.999500E+03  1.700294E+00
  2.000000E+03  1.013489E+00
  2.000500E+03  3.277787E-01
  2.001000E+03  2.863453E-03
  2.001500E+03  2.724531E-03
  2.002000E+03 -1.109128E-01
  2.002500E+03 -8.057589E-01
  2.003000E+03 -2.143599E+00
  2.003500E+03 -3.687637E+00
  2.004000E+03 -4.816529E+00
  2.004500E+03 -5.106865E+00
  2.005000E+03 -4.447973E+00
  2.005500E+03 -2.924271E+00
  2.006000E+03 -7.416271E-01
  2.006500E+03  1.712964E+00
  2.007000E+03  3.896666E+00
  2.007500E+03  5.382039E+00
  2.008000E+03  6.150978E+00
  2.008500E+03  6.527531E+00
  2.009000E+03  6.738434E+00
  2.009500E+03  6.578073E+00
  2.010000E+03  5.604623E+00
  2.010500E+03  3.690826E+00
  2.011000E+03  1.307009E+00
  2.011500E+03 -8.075339E-01
  2.012000E+03 -2.236290E+00
  2.012500E+03 -3.110941E+00
  2.013000E+03 -3.792623E+00
  2.013500E+03 -4.445335E+00
  2.014000E+03 -4.979273E+00
  2.014500E+03 -5.317103E+00
  2.015000E+03 -5.541627E+00
  2.015500E+03 -5.701000E+00
  2.016000E+03 -5.555778E+00
  2.016500E+03 -4.673222E+00
  2.017000E+03 -2.848836E+00
  2.017500E+03 -4.053484E-01
  2.018000E+03  1.973390E+00
  2.018500E+03  3.704492E+00
  2.019000E+03  4.597512E+00
  2.019500E+03  4.755777E+00
  2.020000E+03  4.322316E+00
  2.020500E+03  3.412642E+00
  2.021000E+03  2.250568E+00
  2.021500E+03  1.215188E+00
  2.022000E+03  6.185862E-01
  2.022500E+03  4.184272E-01
  2.023000E+03  2.274993E-01
  2.023500E+03 -3.141881E-01
  2.024000E+03 -1.158839E+00
  2.024500E+03 -1.860194E+00
  2.025000E+03 -1.968765E+00
  2.025500E+03 -1.407467E+00
  2.026000E+03 -4.694748E-01
  2.026500E+03  4.929051E-01
  2.027000E+03  1.311215E+00
  2.027500E+03  1.948256E+00
  2.028000E+03  2.317177E+00
  2.028500E+03  2.281472E+00
  2.029000E+03  1.863854E+00
  2.029500E+03  1.357915E+00
  2.030000E+03  1.103756E+00
  2.030500E+03  1.112230E+00
  2.031000E+03  9.797157E-01
  2.031500E+03  2.620004E-01
  2.032000E+03 -1.050667E+00
  2.032500E+03 -2.470419E+00
  2.033000E+03 -3.439299E+00
  2.033500E+03 -3.787465E+00
  2.034000E+03 -3.747562E+00
  2.034500E+03 -3.574578E+00
  2.035000E+03 -3.255871E+00
  2.035500E+03 -2.634158E+00
  2.036000E+03 -1.732065E+00
  2.036500E+03 -8.304945E-01
  2.037000E+03 -1.924556E-01
  2.037500E+03  2.110669E-01
  2.038000E+03  6.222047E-01
  2.038500E+03  1.172449E+00
  2.039000E+03  1.734769E+00
  2.039500E+03  2.132400E+00
  2.040000E+03  2.407033E+00
  2.040500E+03  2.763080E+00
  2.041000E+03  3.236275E+00
  2.041500E+03  3.528449E+00
  2.042000E+03  3.275914E+00
  2.042500E+03  2.468027E+00
  2.043000E+03  1.502104E+00
  2.043500E+03  7.740407E-01
  2.044000E+03  2.763850E-01
  2.044500E+03 -3.080227E-01
  2.045000E+03 -1.121177E+00
  2.045500E+03 -1.853542E+00
  2.046000E+03 -2.054055E+00
  2.046500E+03 -1.698000E+00
  2.047000E+03 -1.328887E+00
  2.047500E+03 -1.536738E+00
  2.048000E+03 -2.297966E+00
  2.048500E+03 -2.906037E+00
  2.049000E+03 -2.611918E+00
  2.049500E+03 -1.334200E+00
  2.050000E+03  2.740128E-01
  2.050500E+03  1.431698E+00
  2.051000E+03  1.859438E+00
  2.051500E+03  1.827382E+00
  2.052000E+03  1.689396E+00
  2.052500E+03  1.495057E+00
  2.053000E+03  1.088727E+00
  2.053500E+03  4.822698E-01
  2.054000E+03 -2.690324E-02
  2.054500E+03 -1.733646E-01
  2.055000E+03 -8.507316E-02
  2.055500E+03 -2.026437E-01
  2.056000E+03 -7.888482E-01
  2.056500E+03 -1.584194E+00
  2.057000E+03 -2.047754E+00
  2.057500E+03 -1.956918E+00
  2.058000E+03 -1.684496E+00
  2.058500E+03 -1.787091E+00
  2.059000E+03 -2.311572E+00
  2.059500E+03 -2.589872E+00
  2.060000E+03 -1.807898E+00
  2.060500E+03  1.888635E-01
  2.061000E+03  2.654740E+00
  2.061500E+03  4.496435E+00
  2.062000E+03  5.072533E+00
  2.062500E+03  4.530441E+00
  2.063000E+03  3.508306E+00
  2.063500E+03  2.611467E+00
  2.064000E+03  2.114783E+00
  2.064500E+03  1.960333E+00
  2.065000E+03  1.861726E+00
  2.065500E+03  1.429159E+00
  2.066000E+03  3.877166E-01
  2.066500E+03 -1.152937E+00
  2.067000E+03 -2.646881E+00
  2.067500E+03 -3.464698E+00
  2.068000E+03 -3.407845E+00
  2.068500E+03 -2.871867E+00
  2.069000E+03 -2.452213E+00
  2.069500E+03 -2.390068E+00
  2.070000E+03 -2.445909E+00
  2.070500E+03 -2.301464E+00
  2.071000E+03 -1.984373E+00
  2.071500E+03 -1.809750E+00
  2.072000E+03 -1.934877E+00
  2.072500E+03 -2.089436E+00
  2.073000E+03 -1.814615E+00
  2.073500E+03 -9.248032E-01
  2.074000E+03  3.371814E-01
  2.074500E+03  1.579508E+00
  2.075000E+03  2.594696E+00
  2.075500E+03  3.374594E+00
  2.076000E+03  3.891622E+00
  2.076500E+03  4.013475E+00
  2.077000E+03  3.682161E+00
  2.077500E+03  3.088630E+00
  2.078000E+03  2.559244E+00
  2.078500E+03  2.252401E+00
  2.079000E+03  2.027809E+00
  2.079500E+03  1.649486E+00
  2.080000E+03  1.079570E+00
  2.080500E+03  5.220598E-01
  2.081000E+03  1.833589E-01
  2.081500E+03  3.147896E-02
  2.082000E+03 -2.013452E-01
  2.082500E+03 -8.133319E-01
  2.083000E+03 -1.935342E+00
  2.083500E+03 -3.463164E+00
  2.084000E+03 -5.090346E+00
  2.084500E+03 -6.390737E+00
  2.085000E+03 -6.954893E+00
  2.085500E+03 -6.562258E+00
  2.086000E+03 -5.287360E+00
  2.086500E+03 -3.445948E+00
  2.087000E+03 -1.419523E+00
  2.087500E+03  5.027078E-01
  2.088000E+03  2.177402E+00
  2.088500E+03  3.584613E+00
  2.089000E+03  4.781177E+00
  2.089500E+03  5.825153E+00
  2.090000E+03  6.669823E+00
  2.090500E+03  7.109813E+00
  2.091000E+03  6.873176E+00
  2.091500E+03  5.812617E+00
  2.092000E+03  4.020237E+00
  2.092500E+03  1.768941E+00
  2.093000E+03 -6.131484E-01
  2.093500E+03 -2.782955E+00
  2.094000E+03 -4.368647E+00
  2.094500E+03 -5.066705E+00
  2.095000E+03 -4.858511E+00
  2.095500E+03 -4.101363E+00
  2.096000E+03 -3.300785E+00
  2.096500E+03 -2.744003E+00
  2.097000E+03 -2.386221E+00
  2.097500E+03 -2.088054E+00
  2.098000E+03 -1.844289E+00
  2.098500E+03 -1.661273E+00
  2.099000E+03 -1.275403E+00
  2.099500E+03 -2.383565E-01
  2.100000E+03  1.528664E+00
  2.100500E+03  3.333585E+00
  2.101000E+03  4.117654E+00
  2.101500E+03  3.438079E+00
  2.102000E+03  2.008093E+00
  2.102500E+03  1.113659E+00
  2.103000E+03  1.427402E+00
  2.103500E+03  2.429085E+00
  2.104000E+03  2.989195E+00
  2.104500E+03  2.429344E+00
  2.105000E+03  9.671160E-01
  2.105500E+03 -7.346176E-01
  2.106000E+03 -2.217261E+00
  2.106500E+03 -3.358410E+00
  2.107000E+03 -4.058233E+00
  2.107500E+03 -4.070334E+00
  2.108000E+03 -3.240931E+00
  2.108500E+03 -1.809507E+00
  2.109000E+03 -3.493666E-01
  2.109500E+03  6.058540E-01
  2.110000E+03  8.703022E-01
  2.110500E+03  6.370904E-01
  2.111000E+03  3.353158E-01
  2.111500E+03  4.402434E-01
  2.112000E+03  1.220664E+00
  2.112500E+03  2.476767E+00
  2.113000E+03  3.540641E+00
  2.113500E+03  3.718002E+00
  2.114000E+03  2.861780E+00
  2.114500E+03  1.483910E+00
  2.115000E+03  2.368604E-01
  2.115500E+03 -6.757659E-01
  2.116000E+03 -1.493610E+00
  2.116500E+03 -2.361250E+00
  2.117000E+03 -2.994067E+00
  2.117500E+03 -3.015334E+00
  2.118000E+03 -2.529740E+00
  2.118500E+03 -2.136252E+00
  2.119000E+03 -2.269672E+00
  2.119500E+03 -2.638920E+00
  2.120000E+03 -2.465907E+00
  2.120500E+03 -1.283124E+00
  2.121000E+03  5.990458E-01
  2.121500E+03  2.416420E+00
  2.122000E+03  3.613025E+00
  2.122500E+03  4.116747E+00
  2.123000E+03  4.097005E+00
  2.123500E+03  3.668085E+00
  2.124000E+03  2.884954E+00
  2.124500E+03  1.871593E+00
  2.125000E+03  7.941966E-01
  2.125500E+03 -2.612330E-01
  2.126000E+03 -1.250686E+00
  2.126500E+03 -2.008019E+00
  2.127000E+03 -2.285939E+00
  2.127500E+03 -2.081174E+00
  2.128000E+03 -1.811534E+00
  2.128500E+03 -1.944719E+00
  2.129000E+03 -2.379359E+00
  2.129500E+03 -2.359844E+00
  2.130000E+03 -1.205486E+00
  2.130500E+03  8.579549E-01
  2.131000E+03  2.718728E+00
  2.131500E+03  3.301467E+00
  2.132000E+03  2.432964E+00
  2.132500E+03  7.943127E-01
  2.133000E+03 -8.327734E-01
  2.133500E+03 -2.101981E+00
  2.134000E+03 -2.940365E+00
  2.134500E+03 -3.141096E+00
  2.135000E+03 -2.380793E+00
  2.135500E+03 -6.494336E-01
  2.136000E+03  1.516682E+00
  2.136500E+03  3.343127E+00
  2.137000E+03  4.307043E+00
  2.137500E+03  4.275444E+00
  2.138000E+03  3.295843E+00
  2.138500E+03  1.491816E+00
  2.139000E+03 -7.465809E-01
  2.139500E+03 -2.650943E+00
  2.140000E+03 -3.430213E+00
  2.140500E+03 -2.867423E+00
  2.141000E+03 -1.507692E+00
  2.141500E+03 -1.750842E-01
  2.142000E+03  6.864032E-01
  2.142500E+03  1.168328E+00
  2.143000E+03  1.484920E+00
  2.143500E+03  1.568627E+00
  2.144000E+03  1.152730E+00
  2.144500E+03  1.691734E-01
  2.145000E+03 -1.073087E+00
  2.145500E+03 -2.135554E+00
  2.146000E+03 -2.793300E+00
  2.146500E+03 -3.076852E+00
  2.147000E+03 -3.036655E+00
  2.147500E+03 -2.582107E+00
  2.148000E+03 -1.598139E+00
  2.148500E+03 -1.689026E-01
  2.149000E+03  1.376387E+00
  2.149500E+03  2.647114E+00
  2.150000E+03  3.412067E+00
  2.150500E+03  3.679226E+00
  2.151000E+03  3.628656E+00
  2.151500E+03  3.483063E+00
  2.152000E+03  3.371926E+00
  2.152500E+03  3.232608E+00
  2.153000E+03  2.827512E+00
  2.153500E+03  1.915285E+00
  2.154000E+03  4.601628E-01
  2.154500E+03 -1.320055E+00
  2.155000E+03 -3.116982E+00
  2.155500E+03 -4.710968E+00
  2.156000E+03 -5.951331E+00
  2.156500E+03 -6.592971E+00
  2.157000E+03 -6.277941E+00
  2.157500E+03 -4.810607E+00
  2.158000E+03 -2.483438E+00
  2.158500E+03 -5.019820E-02
  2.159000E+03  1.732379E+00
  2.159500E+03  2.597655E+00
  2.160000E+03  2.829849E+00
  2.160500E+03  2.868990E+00
  2.161000E+03  2.899557E+00
  2.161500E+03  2.823700E+00
  2.162000E+03  2.549009E+00
  2.162500E+03  2.184276E+00
  2.163000E+03  1.911037E+00
  2.163500E+03  1.730752E+00
  2.164000E+03  1.432836E+00
  2.164500E+03  8.304815E-01
  2.165000E+03 -2.746627E-02
  2.165500E+03 -9.099631E-01
  2.166000E+03 -1.615470E+00
  2.166500E+03 -2.060785E+00
  2.167000E+03 -2.186387E+00
  2.167500E+03 -1.907078E+00
  2.168000E+03 -1.267216E+00
  2.168500E+03 -6.033068E-01
  2.169000E+03 -3.850416E-01
  2.169500E+03 -7.640058E-01
  2.170000E+03 -1.304596E+00
  2.170500E+03 -1.292351E+00
  2.171000E+03 -3.991910E-01
  2.171500E+03  9.715686E-01
  2.172000E+03  2.047693E+00
  2.172500E+03  2.388368E+00
  2.173000E+03  2.192937E+00
  2.173500E+03  1.945261E+00
  2.174000E+03  1.852774E+00
  2.174500E+03  1.699291E+00
  2.175000E+03  1.186200E+00
  2.175500E+03  2.899909E-01
  2.176000E+03 -7.519506E-01
  2.176500E+03 -1.699166E+00
  2.177000E+03 -2.433970E+00
  2.177500E+03 -2.866930E+00
  2.178000E+03 -2.884607E+00
  2.178500E+03 -2.504020E+00
  2.179000E+03 -2.012616E+00
  2.179500E+03 -1.793984E+00
  2.180000E+03 -1.940414E+00
  2.180500E+03 -2.103543E+00
  2.181000E+03 -1.811726E+00
  2.181500E+03 -9.194931E-01
  2.182000E+03  3.226737E-01
  2.182500E+03  1.620652E+00
  2.183000E+03  2.925837E+00
  2.183500E+03  4.281154E+00
  2.184000E+03  5.458163E+00
  2.184500E+03  5.937901E+00
  2.185000E+03  5.367524E+00
  2.185500E+03  3.983104E+00
  2.186000E+03  2.458964E+00
  2.186500E+03  1.300687E+00
  2.187000E+03  4.435194E-01
  2.187500E+03 -5.220050E-01
  2.188000E+03 -1.804154E+00
  2.188500E+03 -3.182518E+00
  2.189000E+03 -4.299796E+00
  2.189500E+03 -5.040503E+00
  2.190000E+03 -5.512065E+00
  2.190500E+03 -5.695280E+00
  2.191000E+03 -5.270899E+00
  2.191500E+03 -3.914355E+00
  2.192000E+03 -1.758210E+00
  2.192500E+03  5.254260E-01
  2.193000E+03  2.179967E+00
  2.193500E+03  2.936393E+00
  2.194000E+03  3.152243E+00
  2.194500E+03  3.400713E+00
  2.195000E+03  3.914141E+00
  2.195500E+03  4.385204E+00
  2.196000E+03  4.263519E+00
  2.196500E+03  3.244484E+00
  2.197000E+03  1.524939E+00
  2.197500E+03 -3.481694E-01
  2.198000E+03 -1.852601E+00
  2.198500E+03 -2.758352E+00
  2.199000E+03 -3.114509E+00
  2.199500E+03 -3.061435E+00
  2.200000E+03 -2.699629E+00
  2.200500E+03 -2.116391E+00
  2.201000E+03 -1.456638E+00
  2.201500E+03 -8.804530E-01
  2.202000E+03 -4.240636E-01
  2.202500E+03  5.072969E-02
  2.203000E+03  7.008613E-01
  2.203500E+03  1.469176E+00
  2.204000E+03  2.036455E+00
  2.204500E+03  2.057098E+00
  2.205000E+03  1.479749E+00
  2.205500E+03  6.487669E-01
  2.206000E+03  8.330005E-02
  2.206500E+03  1.196145E-01
  2.207000E+03  6.936988E-01
  2.207500E+03  1.391561E+00
  2.208000E+03  1.695329E+00
  2.208500E+03  1.271376E+00
  2.209000E+03  1.687683E-01
  2.209500E+03 -1.165275E+00
  2.210000E+03 -2.094200E+00
  2.210500E+03 -2.149275E+00
  2.211000E+03 -1.321499E+00
  2.211500E+03 -6.801810E-02
  2.212000E+03  9.909324E-01
  2.212500E+03  1.455950E+00
  2.213000E+03  1.318955E+00
  2.213500E+03  8.233025E-01
  2.214000E+03  1.902243E-01
  2.214500E+03 -5.218183E-01
  2.215000E+03 -1.323485E+00
  2.215500E+03 -2.110051E+00
  2.216000E+03 -2.616223E+00
  2.216500E+03 -2.592967E+00
  2.217000E+03 -2.051834E+00
  2.217500E+03 -1.324771E+00
  2.218000E+03 -8.369505E-01
  2.218500E+03 -7.639125E-01
  2.219000E+03 -8.810791E-01
  2.219500E+03 -7.575871E-01
  2.220000E+03 -1.260645E-01
  2.220500E+03  9.074040E-01
  2.221000E+03  1.981907E+00
  2.221500E+03  2.767931E+00
  2.222000E+03  3.124325E+00
  2.222500E+03  3.026750E+00
  2.223000E+03  2.451023E+00
  2.223500E+03  1.418247E+00
  2.224000E+03  1.546333E-01
  2.224500E+03 -8.794002E-01
  2.225000E+03 -1.213447E+00
  2.225500E+03 -6.679733E-01
  2.226000E+03  5.461800E-01
  2.226500E+03  1.987458E+00
  2.227000E+03  3.202630E+00
  2.227500E+03  3.825733E+00
  2.228000E+03  3.606567E+00
  2.228500E+03  2.507544E+00
  2.229000E+03  8.213037E-01
  2.229500E+03 -9.138174E-01
  2.230000E+03 -2.265440E+00
  2.230500E+03 -3.228183E+00
  2.231000E+03 -4.130446E+00
  2.231500E+03 -5.148254E+00
  2.232000E+03 -5.933473E+00
  2.232500E+03 -5.826588E+00
  2.233000E+03 -4.515500E+00
  2.233500E+03 -2.468250E+00
  2.234000E+03 -6.416698E-01
  2.234500E+03  2.879107E-01
  2.235000E+03  4.120151E-01
  2.235500E+03  3.280716E-01
  2.236000E+03  4.520565E-01
  2.236500E+03  6.586428E-01
  2.237000E+03  6.072342E-01
  2.237500E+03  3.381959E-01
  2.238000E+03  4.222981E-01
  2.238500E+03  1.442672E+00
  2.239000E+03  3.335323E+00
  2.239500E+03  5.297723E+00
  2.240000E+03  6.395559E+00
  2.240500E+03  6.275822E+00
  2.241000E+03  5.297555E+00
  2.241500E+03  4.013121E+00
  2.242000E+03  2.600650E+00
  2.242500E+03  8.520913E-01
  2.243000E+03 -1.324128E+00
  2.243500E+03 -3.504469E+00
  2.244000E+03 -4.950977E+00
  2.244500E+03 -5.227391E+00
  2.245000E+03 -4.571602E+00
  2.245500E+03 -3.623307E+00
  2.246000E+03 -2.805122E+00
  2.246500E+03 -2.015753E+00
  2.247000E+03 -9.258297E-01
  2.247500E+03  4.986267E-01
  2.248000E+03  1.837461E+00
  2.248500E+03  2.571745E+00
  2.249000E+03  2.533830E+00
  2.249500E+03  1.975200E+00
  2.250000E+03  1.243129E+00
  2.250500E+03  4.744654E-01
  2.251000E+03 -3.777921E-01
  2.251500E+03 -1.301044E+00
  2.252000E+03 -2.109715E+00
  2.252500E+03 -2.597506E+00
  2.253000E+03 -2.742836E+00
  2.253500E+03 -2.702400E+00
  2.254000E+03 -2.602415E+00
  2.254500E+03 -2.378707E+00
  2.255000E+03 -1.845839E+00
  2.255500E+03 -9.112416E-01
  2.256000E+03  2.865292E-01
  2.256500E+03  1.427747E+00
  2.257000E+03  2.183686E+00
  2.257500E+03  2.389986E+00
  2.258000E+03  2.149311E+00
  2.258500E+03  1.818060E+00
  2.259000E+03  1.832389E+00
  2.259500E+03  2.413786E+00
  2.260000E+03  3.355725E+00
  2.260500E+03  4.123766E+00
  2.261000E+03  4.256633E+00
  2.261500E+03  3.726413E+00
  2.262000E+03  2.891399E+00
  2.262500E+03  2.069969E+00
  2.263000E+03  1.191216E+00
  2.263500E+03 -6.813428E-02
  2.264000E+03 -1.784303E+00
  2.264500E+03 -3.494836E+00
  2.265000E+03 -4.503481E+00
  2.265500E+03 -4.510095E+00
  2.266000E+03 -3.889787E+00
  2.266500E+03 -3.293472E+00
  2.267000E+03 -2.990844E+00
  2.267500E+03 -2.680555E+00
  2.268000E+03 -1.976498E+00
  2.268500E+03 -1.006100E+00
  2.269000E+03 -4.110263E-01
  2.269500E+03 -7.079566E-01
  2.270000E+03 -1.697791E+00
  2.270500E+03 -2.573396E+00
  2.271000E+03 -2.615250E+00
  2.271500E+03 -1.747987E+00
  2.272000E+03 -4.352516E-01
  2.272500E+03  8.666963E-01
  2.273000E+03  2.062666E+00
  2.273500E+03  3.278361E+00
  2.274000E+03  4.525180E+00
  2.274500E+03  5.608611E+00
  2.275000E+03  6.314213E+00
  2.275500E+03  6.546333E+00
  2.276000E+03  6.235772E+00
  2.276500E+03  5.220138E+00
  2.277000E+03  3.362989E+00
  2.277500E+03  8.216891E-01
  2.278000E+03 -1.892751E+00
  2.278500E+03 -4.197556E+00
  2.279000E+03 -5.761692E+00
  2.279500E+03 -6.521549E+00
  2.280000E+03 -6.462076E+00
  2.280500E+03 -5.556043E+00
  2.281000E+03 -4.001351E+00
  2.281500E+03 -2.386972E+00
  2.282000E+03 -1.381016E+00
  2.282500E+03 -1.122336E+00
  2.283000E+03 -9.953909E-01
  2.283500E+03 -1.678272E-01
  2.284000E+03  1.573561E+00
  2.284500E+03  3.551485E+00
  2.285000E+03  4.787196E+00
  2.285500E+03  4.835184E+00
  2.286000E+03  4.032616E+00
  2.286500E+03  3.020117E+00
  2.287000E+03  2.145754E+00
  2.287500E+03  1.351028E+00
  2.288000E+03  4.929890E-01
  2.288500E+03 -3.866560E-01
  2.289000E+03 -1.123088E+00
  2.289500E+03 -1.632239E+00
  2.290000E+03 -1.963654E+00
  2.290500E+03 -2.193931E+00
  2.291000E+03 -2.352234E+00
  2.291500E+03 -2.438307E+00
  2.292000E+03 -2.416860E+00
  2.292500E+03 -2.162391E+00
  2.293000E+03 -1.517778E+00
  2.293500E+03 -5.357000E-01
  2.294000E+03  3.599587E-01
  2.294500E+03  6.232705E-01
  2.295000E+03  1.385517E-01
  2.295500E+03 -4.995218E-01
  2.296000E+03 -3.963809E-01
  2.296500E+03  8.412164E-01
  2.297000E+03  2.684231E+00
  2.297500E+03  4.055436E+00
  2.298000E+03  4.120793E+00
  2.298500E+03  2.783594E+00
  2.299000E+03  5.880792E-01
  2.299500E+03 -1.675909E+00
  2.300000E+03 -3.289592E+00
  2.300500E+03 -3.791238E+00
  2.301000E+03 -3.137161E+00
  2.301500E+03 -1.748831E+00
  2.302000E+03 -2.495333E-01
  2.302500E+03  9.964360E-01
  2.303000E+03  2.074169E+00
  2.303500E+03  3.168103E+00
  2.304000E+03  4.052577E+00
  2.304500E+03  4.093980E+00
  2.305000E+03  2.884570E+00
  2.305500E+03  8.283692E-01
  2.306000E+03 -1.043590E+00
  2.306500E+03 -1.910128E+00
  2.307000E+03 -1.786168E+00
  2.307500E+03 -1.321817E+00
  2.308000E+03 -1.083166E+00
  2.308500E+03 -1.117181E+00
  2.309000E+03 -1.146581E+00
  2.309500E+03 -9.946020E-01
  2.310000E+03 -7.181948E-01
  2.310500E+03 -4.416588E-01
  2.311000E+03 -2.491027E-01
  2.311500E+03 -2.652063E-01
  2.312000E+03 -6.734886E-01
  2.312500E+03 -1.505746E+00
  2.313000E+03 -2.456774E+00
  2.313500E+03 -3.060612E+00
  2.314000E+03 -3.103377E+00
  2.314500E+03 -2.765773E+00
  2.315000E+03 -2.281260E+00
  2.315500E+03 -1.542962E+00
  2.316000E+03 -2.188671E-01
  2.316500E+03  1.701675E+00
  2.317000E+03  3.618087E+00
  2.317500E+03  4.733970E+00
  2.318000E+03  4.779677E+00
  2.318500E+03  4.234477E+00
  2.319000E+03  3.792510E+00
  2.319500E+03  3.666808E+00
  2.320000E+03  3.465539E+00
  2.320500E+03  2.694423E+00
  2.321000E+03  1.291246E+00
  2.321500E+03 -3.137481E-01
  2.322000E+03 -1.542633E+00
  2.322500E+03 -2.026190E+00
  2.323000E+03 -1.754999E+00
  2.323500E+03 -1.071996E+00
  2.324000E+03 -5.437081E-01
  2.324500E+03 -6.533296E-01
  2.325000E+03 -1.413981E+00
  2.325500E+03 -2.260169E+00
  2.326000E+03 -2.465250E+00
  2.326500E+03 -1.797331E+00
  2.327000E+03 -7.664508E-01
  2.327500E+03 -1.637172E-01
  2.328000E+03 -3.442850E-01
  2.328500E+03 -9.957052E-01
  2.329000E+03 -1.588549E+00
  2.329500E+03 -1.946370E+00
  2.330000E+03 -2.283042E+00
  2.330500E+03 -2.723306E+00
  2.331000E+03 -2.940920E+00
  2.331500E+03 -2.396852E+00
  2.332000E+03 -9.396614E-01
  2.332500E+03  9.114551E-01
  2.333000E+03  2.350124E+00
  2.333500E+03  2.965309E+00
  2.334000E+03  3.035350E+00
  2.334500E+03  3.144401E+00
  2.335000E+03  3.518469E+00
  2.335500E+03  3.759188E+00
  2.336000E+03  3.259985E+00
  2.336500E+03  1.905560E+00
  2.337000E+03  3.428684E-01
  2.337500E+03 -5.041454E-01
  2.338000E+03 -2.581685E-01
  2.338500E+03  5.487270E-01
  2.339000E+03  9.630502E-01
  2.339500E+03  4.951464E-01
  2.340000E+03 -4.728193E-01
  2.340500E+03 -1.152582E+00
  2.341000E+03 -1.178508E+00
  2.341500E+03 -9.215409E-01
  2.342000E+03 -9.897062E-01
  2.342500E+03 -1.502770E+00
  2.343000E+03 -1.942476E+00
  2.343500E+03 -1.712418E+00
  2.344000E+03 -7.737912E-01
  2.344500E+03  3.018393E-01
  2.345000E+03  8.516166E-01
  2.345500E+03  6.392311E-01
  2.346000E+03 -8.265767E-02
  2.346500E+03 -8.815450E-01
  2.347000E+03 -1.442809E+00
  2.347500E+03 -1.649043E+00
  2.348000E+03 -1.531079E+00
  2.348500E+03 -1.222901E+00
  2.349000E+03 -9.052312E-01
  2.349500E+03 -6.859819E-01
  2.350000E+03 -4.960255E-01
  2.350500E+03 -1.381541E-01
  2.351000E+03  5.223972E-01
  2.351500E+03  1.411059E+00
  2.352000E+03  2.283072E+00
  2.352500E+03  2.884124E+00
  2.353000E+03  3.064476E+00
  2.353500E+03  2.785605E+00
  2.354000E+03  2.094508E+00
  2.354500E+03  1.120960E+00
  2.355000E+03  5.032623E-02
  2.355500E+03 -9.674910E-01
  2.356000E+03 -1.892560E+00
  2.356500E+03 -2.741000E+00
  2.357000E+03 -3.438275E+00
  2.357500E+03 -3.758699E+00
  2.358000E+03 -3.455442E+00
  2.358500E+03 -2.461620E+00
  2.359000E+03 -9.508013E-01
  2.359500E+03  7.941783E-01
  2.360000E+03  2.542810E+00
  2.360500E+03  4.140085E+00
  2.361000E+03  5.407683E+00
  2.361500E+03  6.078835E+00
  2.362000E+03  5.869005E+00
  2.362500E+03  4.637182E+00
  2.363000E+03  2.519989E+00
  2.363500E+03 -4.749273E-02
  2.364000E+03 -2.451747E+00
  2.364500E+03 -4.134165E+00
  2.365000E+03 -4.835503E+00
  2.365500E+03 -4.696879E+00
  2.366000E+03 -4.130722E+00
  2.366500E+03 -3.551414E+00
  2.367000E+03 -3.166458E+00
  2.367500E+03 -2.945042E+00
  2.368000E+03 -2.707083E+00
  2.368500E+03 -2.223943E+00
  2.369000E+03 -1.315478E+00
  2.369500E+03  2.518820E-02
  2.370000E+03  1.548148E+00
  2.370500E+03  2.845528E+00
  2.371000E+03  3.622752E+00
  2.371500E+03  3.893847E+00
  2.372000E+03  3.873624E+00
  2.372500E+03  3.678087E+00
  2.373000E+03  3.197139E+00
  2.373500E+03  2.303251E+00
  2.374000E+03  1.118438E+00
  2.374500E+03 -3.919961E-02
  2.375000E+03 -9.915487E-01
  2.375500E+03 -1.874011E+00
  2.376000E+03 -2.873504E+00
  2.376500E+03 -3.831789E+00
  2.377000E+03 -4.240464E+00
  2.377500E+03 -3.693162E+00
  2.378000E+03 -2.280033E+00
  2.378500E+03 -4.691842E-01
  2.379000E+03  1.339421E+00
  2.379500E+03  3.009379E+00
  2.380000E+03  4.404789E+00
  2.380500E+03  5.104331E+00
  2.381000E+03  4.587534E+00
  2.381500E+03  2.771972E+00
  2.382000E+03  2.836815E-01
  2.382500E+03 -1.893463E+00
  2.383000E+03 -3.056317E+00
  2.383500E+03 -3.108768E+00
  2.384000E+03 -2.391262E+00
  2.384500E+03 -1.341744E+00
  2.385000E+03 -3.260679E-01
  2.385500E+03  3.826169E-01
  2.386000E+03  6.593980E-01
  2.386500E+03  6.049917E-01
  2.387000E+03  4.698368E-01
  2.387500E+03  4.214306E-01
  2.388000E+03  4.003325E-01
  2.388500E+03  2.308101E-01
  2.389000E+03 -1.734134E-01
  2.389500E+03 -7.707161E-01
  2.390000E+03 -1.508397E+00
  2.390500E+03 -2.342684E+00
  2.391000E+03 -3.082117E+00
  2.391500E+03 -3.317242E+00
  2.392000E+03 -2.671489E+00
  2.392500E+03 -1.175916E+00
  2.393000E+03  6.771642E-01
  2.393500E+03  2.308640E+00
  2.394000E+03  3.439435E+00
  2.394500E+03  4.069192E+00
  2.395000E+03  4.169413E+00
  2.395500E+03  3.578872E+00
  2.396000E+03  2.272893E+00
  2.396500E+03  6.116932E-01
  2.397000E+03 -8.477314E-01
  2.397500E+03 -1.808008E+00
  2.398000E+03 -2.391053E+00
  2.398500E+03 -2.796179E+00
  2.399000E+03 -2.915264E+00
  2.399500E+03 -2.436310E+00
  2.400000E+03 -1.322202E+00
  2.400500E+03 -2.701931E-02
  2.401000E+03  8.894850E-01
  2.401500E+03  1.330832E+00
  2.402000E+03  1.739974E+00
  2.402500E+03  2.569565E+00
  2.403000E+03  3.720107E+00
  2.403500E+03  4.530242E+00
  2.404000E+03  4.298019E+00
  2.404500E+03  2.825096E+00
  2.405000E+03  5.612834E-01
  2.405500E+03 -1.672155E+00
  2.406000E+03 -3.146750E+00
  2.406500E+03 -3.622503E+00
  2.407000E+03 -3.455418E+00
  2.407500E+03 -3.290164E+00
  2.408000E+03 -3.492619E+00
  2.408500E+03 -3.795884E+00
  2.409000E+03 -3.555882E+00
  2.409500E+03 -2.433880E+00
  2.410000E+03 -8.160389E-01
  2.410500E+03  5.014446E-01
  2.411000E+03  1.041989E+00
  2.411500E+03  1.011698E+00
  2.412000E+03  9.492719E-01
  2.412500E+03  1.131896E+00
  2.413000E+03  1.418722E+00
  2.413500E+03  1.605763E+00
  2.414000E+03  1.743673E+00
  2.414500E+03  2.003377E+00
  2.415000E+03  2.323578E+00
  2.415500E+03  2.359364E+00
  2.416000E+03  1.831091E+00
  2.416500E+03  8.463189E-01
  2.417000E+03 -1.788211E-01
  2.417500E+03 -8.662692E-01
  2.418000E+03 -1.092474E+00
  2.418500E+03 -9.373250E-01
  2.419000E+03 -5.690667E-01
  2.419500E+03 -2.180864E-01
  2.420000E+03 -1.231729E-01
  2.420500E+03 -3.389473E-01
  2.421000E+03 -5.941703E-01
  2.421500E+03 -4.789014E-01
  2.422000E+03  1.377008E-01
  2.422500E+03  9.282656E-01
  2.423000E+03  1.423484E+00
  2.423500E+03  1.470792E+00
  2.424000E+03  1.276115E+00
  2.424500E+03  1.002708E+00
  2.425000E+03  5.068600E-01
  2.425500E+03 -3.717210E-01
  2.426000E+03 -1.329175E+00
  2.426500E+03 -1.661406E+00
  2.427000E+03 -9.878034E-01
  2.427500E+03  1.499461E-01
  2.428000E+03  6.099649E-01
  2.428500E+03 -3.112755E-01
  2.429000E+03 -2.184446E+00
  2.429500E+03 -3.827059E+00
  2.430000E+03 -4.334658E+00
  2.430500E+03 -3.698292E+00
  2.431000E+03 -2.501780E+00
  2.431500E+03 -1.218880E+00
  2.432000E+03  7.106342E-02
  2.432500E+03  1.382444E+00
  2.433000E+03  2.475519E+00
  2.433500E+03  2.937255E+00
  2.434000E+03  2.554807E+00
  2.434500E+03  1.516230E+00
  2.435000E+03  2.661480E-01
  2.435500E+03 -7.314449E-01
  2.436000E+03 -1.079309E+00
  2.436500E+03 -4.704688E-01
  2.437000E+03  1.149747E+00
  2.437500E+03  3.362378E+00
  2.438000E+03  5.316388E+00
  2.438500E+03  6.154849E+00
  2.439000E+03  5.513492E+00
  2.439500E+03  3.668447E+00
  2.440000E+03  1.272917E+00
  2.440500E+03 -9.992702E-01
  2.441000E+03 -2.638405E+00
  2.441500E+03 -3.375196E+00
  2.442000E+03 -3.304687E+00
  2.442500E+03 -2.949157E+00
  2.443000E+03 -2.987037E+00
  2.443500E+03 -3.688497E+00
  2.444000E+03 -4.570966E+00
  2.444500E+03 -4.739248E+00
  2.445000E+03 -3.693159E+00
  2.445500E+03 -1.810698E+00
  2.446000E+03  1.095223E-02
  2.446500E+03  1.179984E+00
  2.447000E+03  1.825264E+00
  2.447500E+03  2.419054E+00
  2.448000E+03  3.124225E+00
  2.448500E+03  3.625394E+00
  2.449000E+03  3.543108E+00
  2.449500E+03  2.831531E+00
  2.450000E+03  1.687373E+00
  2.450500E+03  2.205522E-01
  2.451000E+03 -1.543350E+00
  2.451500E+03 -3.281220E+00
  2.452000E+03 -4.212518E+00
  2.452500E+03 -3.605282E+00
  2.453000E+03 -1.541429E+00
  2.453500E+03  9.314892E-01
  2.454000E+03  2.547329E+00
  2.454500E+03  2.755519E+00
  2.455000E+03  1.921980E+00
  2.455500E+03  7.145967E-01
  2.456000E+03 -5.334867E-01
  2.456500E+03 -1.800692E+00
  2.457000E+03 -2.900136E+00
  2.457500E+03 -3.292661E+00
  2.458000E+03 -2.500964E+00
  2.458500E+03 -6.411696E-01
  2.459000E+03  1.571299E+00
  2.459500E+03  3.365887E+00
  2.460000E+03  4.437872E+00
  2.460500E+03  4.974406E+00
  2.461000E+03  5.286627E+00
  2.461500E+03  5.477863E+00
  2.462000E+03  5.389328E+00
  2.462500E+03  4.736324E+00
  2.463000E+03  3.278061E+00
  2.463500E+03  9.764981E-01
  2.464000E+03 -1.889624E+00
  2.464500E+03 -4.772550E+00
  2.465000E+03 -7.110970E+00
  2.465500E+03 -8.601713E+00
  2.466000E+03 -9.221202E+00
  2.466500E+03 -9.003516E+00
  2.467000E+03 -7.892348E+00
  2.467500E+03 -5.894574E+00
  2.468000E+03 -3.341758E+00
  2.468500E+03 -8.626059E-01
  2.469000E+03  1.006578E+00
  2.469500E+03  2.180371E+00
  2.470000E+03  2.957075E+00
  2.470500E+03  3.619962E+00
  2.471000E+03  4.171910E+00
  2.471500E+03  4.465308E+00
  2.472000E+03  4.491236E+00
  2.472500E+03  4.432309E+00
  2.473000E+03  4.428966E+00
  2.473500E+03  4.382580E+00
  2.474000E+03  4.054115E+00
  2.474500E+03  3.339472E+00
  2.475000E+03  2.404759E+00
  2.475500E+03  1.552715E+00
  2.476000E+03  9.839206E-01
  2.476500E+03  6.755557E-01
  2.477000E+03  4.375432E-01
  2.477500E+03  5.975917E-02
  2.478000E+03 -5.557698E-01
  2.478500E+03 -1.353264E+00
  2.479000E+03 -2.209283E+00
  2.479500E+03 -3.086511E+00
  2.480000E+03 -4.084735E+00
  2.480500E+03 -5.274913E+00
  2.481000E+03 -6.458129E+00
  2.481500E+03 -7.156575E+00
  2.482000E+03 -6.934191E+00
  2.482500E+03 -5.740573E+00
  2.483000E+03 -3.891779E+00
  2.483500E+03 -1.720162E+00
  2.484000E+03  6.547619E-01
  2.484500E+03  3.138470E+00
  2.485000E+03  5.342015E+00
  2.485500E+03  6.655692E+00
  2.486000E+03  6.755236E+00
  2.486500E+03  5.955962E+00
  2.487000E+03  4.918414E+00
  2.487500E+03  3.981536E+00
  2.488000E+03  2.901698E+00
  2.488500E+03  1.328343E+00
  2.489000E+03 -5.418723E-01
  2.489500E+03 -1.928110E+00
  2.490000E+03 -2.128817E+00
  2.490500E+03 -1.174045E+00
  2.491000E+03  1.928374E-01
  2.491500E+03  1.105997E+00
  2.492000E+03  1.120977E+00
  2.492500E+03  3.206075E-01
  2.493000E+03 -8.830790E-01
  2.493500E+03 -1.970514E+00
  2.494000E+03 -2.511214E+00
  2.494500E+03 -2.388339E+00
  2.495000E+03 -1.911249E+00
  2.495500E+03 -1.598668E+00
  2.496000E+03 -1.735347E+00
  2.496500E+03 -2.145065E+00
  2.497000E+03 -2.442079E+00
  2.497500E+03 -2.458729E+00
  2.498000E+03 -2.327573E+00
  2.498500E+03 -2.154403E+00
  2.499000E+03 -1.769831E+00
  2.499500E+03 -9.389476E-01
  2.500000E+03  2.387512E-01
  2.500500E+03  1.317696E+00
  2.501000E+03  1.980021E+00
  2.501500E+03  2.429682E+00
  2.502000E+03  3.184884E+00
  2.502500E+03  4.470022E+00
  2.503000E+03  5.895820E+00
  2.503500E+03  6.763621E+00
  2.504000E+03  6.614987E+00
  2.504500E+03  5.461654E+00
  2.505000E+03  3.612032E+00
  2.505500E+03  1.448947E+00
  2.506000E+03 -6.235093E-01
  2.506500E+03 -2.228593E+00
  2.507000E+03 -3.224388E+00
  2.507500E+03 -3.864456E+00
  2.508000E+03 -4.590057E+00
  2.508500E+03 -5.550396E+00
  2.509000E+03 -6.369246E+00
  2.509500E+03 -6.473249E+00
  2.510000E+03 -5.651752E+00
  2.510500E+03 -4.237395E+00
  2.511000E+03 -2.747327E+00
  2.511500E+03 -1.438538E+00
  2.512000E+03 -2.537432E-01
  2.512500E+03  8.975061E-01
  2.513000E+03  1.942472E+00
  2.513500E+03  2.732889E+00
  2.514000E+03  3.201146E+00
  2.514500E+03  3.345714E+00
  2.515000E+03  3.135604E+00
  2.515500E+03  2.564277E+00
  2.516000E+03  1.816974E+00
  2.516500E+03  1.262511E+00
  2.517000E+03  1.166991E+00
  2.517500E+03  1.430537E+00
  2.518000E+03  1.688313E+00
  2.518500E+03  1.686191E+00
  2.519000E+03  1.493901E+00
  2.519500E+03  1.324160E+00
  2.520000E+03  1.220403E+00
  2.520500E+03  1.011806E+00
  2.521000E+03  5.566456E-01
  2.521500E+03 -7.068278E-02
  2.522000E+03 -6.741885E-01
  2.522500E+03 -1.141751E+00
  2.523000E+03 -1.478418E+00
  2.523500E+03 -1.674770E+00
  2.524000E+03 -1.657041E+00
  2.524500E+03 -1.408784E+00
  2.525000E+03 -1.060508E+00
  2.525500E+03 -7.774020E-01
  2.526000E+03 -5.989028E-01
  2.526500E+03 -4.937120E-01
  2.527000E+03 -5.721873E-01
  2.527500E+03 -1.091440E+00
  2.528000E+03 -2.106395E+00
  2.528500E+03 -3.154726E+00
  2.529000E+03 -3.474929E+00
  2.529500E+03 -2.672532E+00
  2.530000E+03 -1.137926E+00
  2.530500E+03  2.988207E-01
  2.531000E+03  1.138880E+00
  2.531500E+03  1.560858E+00
  2.532000E+03  1.979155E+00
  2.532500E+03  2.386296E+00
  2.533000E+03  2.304418E+00
  2.533500E+03  1.424705E+00
  2.534000E+03  1.647337E-01
  2.534500E+03 -5.574946E-01
  2.535000E+03 -1.377284E-01
  2.535500E+03  1.166447E+00
  2.536000E+03  2.489401E+00
  2.536500E+03  3.082090E+00
  2.537000E+03  2.771190E+00
  2.537500E+03  1.843595E+00
  2.538000E+03  6.905145E-01
  2.538500E+03 -3.513357E-01
  2.539000E+03 -9.510850E-01
  2.539500E+03 -8.293510E-01
  2.540000E+03 -1.340844E-03
  2.540500E+03  1.064091E+00
  2.541000E+03  1.663006E+00
  2.541500E+03  1.337096E+00
  2.542000E+03  1.781547E-01
  2.542500E+03 -1.315853E+00
  2.543000E+03 -2.646906E+00
  2.543500E+03 -3.577256E+00
  2.544000E+03 -4.066193E+00
  2.544500E+03 -4.073443E+00
  2.545000E+03 -3.506065E+00
  2.545500E+03 -2.353655E+00
  2.546000E+03 -8.248941E-01
  2.546500E+03  6.835569E-01
  2.547000E+03  1.766558E+00
  2.547500E+03  2.196158E+00
  2.548000E+03  2.002331E+00
  2.548500E+03  1.424981E+00
  2.549000E+03  7.671878E-01
  2.549500E+03  2.208047E-01
  2.550000E+03 -2.171002E-01
  2.550500E+03 -6.440428E-01
  2.551000E+03 -1.032727E+00
  2.551500E+03 -1.120632E+00
  2.552000E+03 -5.846572E-01
  2.552500E+03  6.111250E-01
  2.553000E+03  2.040807E+00
  2.553500E+03  3.042338E+00
  2.554000E+03  3.175928E+00
  2.554500E+03  2.497211E+00
  2.555000E+03  1.412797E+00
  2.555500E+03  3.113305E-01
  2.556000E+03 -6.434643E-01
  2.556500E+03 -1.408431E+00
  2.557000E+03 -1.864469E+00
  2.557500E+03 -1.817962E+00
  2.558000E+03 -1.211246E+00
  2.558500E+03 -2.811631E-01
  2.559000E+03  5.434720E-01
  2.559500E+03  9.249367E-01
  2.560000E+03  8.173683E-01
  2.560500E+03  4.287201E-01
  2.561000E+03  2.440020E-02
  2.561500E+03 -2.401723E-01
  2.562000E+03 -3.576215E-01
  2.562500E+03 -4.117751E-01
  2.563000E+03 -5.063003E-01
  2.563500E+03 -7.200918E-01
  2.564000E+03 -1.083049E+00
  2.564500E+03 -1.549931E+00
  2.565000E+03 -1.965687E+00
  2.565500E+03 -2.057806E+00
  2.566000E+03 -1.526523E+00
  2.566500E+03 -2.567914E-01
  2.567000E+03  1.471352E+00
  2.567500E+03  3.004212E+00
  2.568000E+03  3.672082E+00
  2.568500E+03  3.260134E+00
  2.569000E+03  2.169947E+00
  2.569500E+03  1.071690E+00
  2.570000E+03  3.433822E-01
  2.570500E+03 -1.590557E-01
  2.571000E+03 -7.809358E-01
  2.571500E+03 -1.563416E+00
  2.572000E+03 -2.122933E+00
  2.572500E+03 -2.059157E+00
  2.573000E+03 -1.446558E+00
  2.573500E+03 -8.686994E-01
  2.574000E+03 -9.432070E-01
  2.574500E+03 -1.800260E+00
  2.575000E+03 -2.975294E+00
  2.575500E+03 -3.733231E+00
  2.576000E+03 -3.488573E+00
  2.576500E+03 -2.045843E+00
  2.577000E+03  3.496248E-01
  2.577500E+03  3.064227E+00
  2.578000E+03  5.254197E+00
  2.578500E+03  6.219067E+00
  2.579000E+03  5.785605E+00
  2.579500E+03  4.407032E+00
  2.580000E+03  2.825185E+00
  2.580500E+03  1.550565E+00
  2.581000E+03  6.202782E-01
  2.581500E+03 -1.774237E-01
  2.582000E+03 -9.055908E-01
  2.582500E+03 -1.364248E+00
  2.583000E+03 -1.371785E+00
  2.583500E+03 -1.088218E+00
  2.584000E+03 -9.635259E-01
  2.584500E+03 -1.310898E+00
  2.585000E+03 -1.942424E+00
  2.585500E+03 -2.277912E+00
  2.586000E+03 -1.863367E+00
  2.586500E+03 -8.107467E-01
  2.587000E+03  2.625528E-01
  2.587500E+03  7.304743E-01
  2.588000E+03  4.209577E-01
  2.588500E+03 -3.560928E-01
  2.589000E+03 -1.170992E+00
  2.589500E+03 -1.828164E+00
  2.590000E+03 -2.386784E+00
  2.590500E+03 -2.902770E+00
  2.591000E+03 -3.218681E+00
  2.591500E+03 -3.034207E+00
  2.592000E+03 -2.171531E+00
  2.592500E+03 -7.569602E-01
  2.593000E+03  8.490537E-01
  2.593500E+03  2.278577E+00
  2.594000E+03  3.313970E+00
  2.594500E+03  3.866353E+00
  2.595000E+03  3.876307E+00
  2.595500E+03  3.312876E+00
  2.596000E+03  2.306083E+00
  2.596500E+03  1.245051E+00
  2.597000E+03  6.426363E-01
  2.597500E+03  7.848312E-01
  2.598000E+03  1.456513E+00
  2.598500E+03  2.055827E+00
  2.599000E+03  2.078223E+00
  2.599500E+03  1.553881E+00
  2.600000E+03  9.970882E-01
  2.600500E+03  8.788795E-01
  2.601000E+03  1.134422E+00
  2.601500E+03  1.207399E+00
  2.602000E+03  5.778581E-01
  2.602500E+03 -7.853126E-01
  2.603000E+03 -2.484163E+00
  2.603500E+03 -4.096553E+00
  2.604000E+03 -5.401747E+00
  2.604500E+03 -6.219093E+00
  2.605000E+03 -6.215731E+00
  2.605500E+03 -5.093973E+00
  2.606000E+03 -3.017829E+00
  2.606500E+03 -7.105119E-01
  2.607000E+03  1.028009E+00
  2.607500E+03  1.915692E+00
  2.608000E+03  2.232150E+00
  2.608500E+03  2.284795E+00
  2.609000E+03  1.974251E+00
  2.609500E+03  1.008755E+00
  2.610000E+03 -5.051271E-01
  2.610500E+03 -1.857222E+00
  2.611000E+03 -2.216046E+00
  2.611500E+03 -1.278662E+00
  2.612000E+03  5.912186E-01
  2.612500E+03  2.764498E+00
  2.613000E+03  4.729131E+00
  2.613500E+03  6.092266E+00
  2.614000E+03  6.455467E+00
  2.614500E+03  5.562210E+00
  2.615000E+03  3.618749E+00
  2.615500E+03  1.302559E+00
  2.616000E+03 -6.997161E-01
  2.616500E+03 -2.155355E+00
  2.617000E+03 -3.228665E+00
  2.617500E+03 -4.023080E+00
  2.618000E+03 -4.336856E+00
  2.618500E+03 -3.934660E+00
  2.619000E+03 -2.935376E+00
  2.619500E+03 -1.767334E+00
  2.620000E+03 -7.385470E-01
  2.620500E+03  2.031209E-01
  2.621000E+03  1.200734E+00
  2.621500E+03  2.081385E+00
  2.622000E+03  2.379282E+00
  2.622500E+03  1.802396E+00
  2.623000E+03  5.908277E-01
  2.623500E+03 -6.393391E-01
  2.624000E+03 -1.354226E+00
  2.624500E+03 -1.375083E+00
  2.625000E+03 -8.245380E-01
  2.625500E+03 -3.734987E-03
  2.626000E+03  6.346596E-01
  2.626500E+03  5.952070E-01
  2.627000E+03 -3.156917E-01
  2.627500E+03 -1.679962E+00
  2.628000E+03 -2.645231E+00
  2.628500E+03 -2.585060E+00
  2.629000E+03 -1.635289E+00
  2.629500E+03 -5.404334E-01
  2.630000E+03  4.507192E-02
  2.630500E+03  9.295410E-02
  2.631000E+03  9.203553E-02
  2.631500E+03  5.092367E-01
  2.632000E+03  1.389085E+00
  2.632500E+03  2.376084E+00
  2.633000E+03  2.998501E+00
  2.633500E+03  2.951001E+00
  2.634000E+03  2.277018E+00
  2.634500E+03  1.409498E+00
  2.635000E+03  9.591452E-01
  2.635500E+03  1.254264E+00
  2.636000E+03  1.969907E+00
  2.636500E+03  2.286568E+00
  2.637000E+03  1.570582E+00
  2.637500E+03 -3.306803E-02
  2.638000E+03 -1.717310E+00
  2.638500E+03 -2.753329E+00
  2.639000E+03 -3.096395E+00
  2.639500E+03 -3.242704E+00
  2.640000E+03 -3.539401E+00
  2.640500E+03 -3.723153E+00
  2.641000E+03 -3.177170E+00
  2.641500E+03 -1.616022E+00
  2.642000E+03  5.094665E-01
  2.642500E+03  2.271893E+00
  2.643000E+03  2.933173E+00
  2.643500E+03  2.441317E+00
  2.644000E+03  1.397404E+00
  2.644500E+03  5.831872E-01
  2.645000E+03  4.364152E-01
  2.645500E+03  8.370221E-01
  2.646000E+03  1.300317E+00
  2.646500E+03  1.371615E+00
  2.647000E+03  9.038827E-01
  2.647500E+03  5.934078E-02
  2.648000E+03 -8.599866E-01
  2.648500E+03 -1.559160E+00
  2.649000E+03 -1.831350E+00
  2.649500E+03 -1.663702E+00
  2.650000E+03 -1.346341E+00
  2.650500E+03 -1.370239E+00
  2.651000E+03 -2.009370E+00
  2.651500E+03 -2.906395E+00
  2.652000E+03 -3.189749E+00
  2.652500E+03 -2.209359E+00
  2.653000E+03 -2.444557E-01
  2.653500E+03  1.607821E+00
  2.654000E+03  2.377550E+00
  2.654500E+03  2.092056E+00
  2.655000E+03  1.670186E+00
  2.655500E+03  1.955643E+00
  2.656000E+03  2.916836E+00
  2.656500E+03  3.817392E+00
  2.657000E+03  4.069651E+00
  2.657500E+03  3.779060E+00
  2.658000E+03  3.434625E+00
  2.658500E+03  3.210242E+00
  2.659000E+03  2.729747E+00
  2.659500E+03  1.536043E+00
  2.660000E+03 -3.185283E-01
  2.660500E+03 -2.231709E+00
  2.661000E+03 -3.568873E+00
  2.661500E+03 -4.153139E+00
  2.662000E+03 -4.253505E+00
  2.662500E+03 -4.187824E+00
  2.663000E+03 -4.022019E+00
  2.663500E+03 -3.639864E+00
  2.664000E+03 -3.005366E+00
  2.664500E+03 -2.272042E+00
  2.665000E+03 -1.638767E+00
  2.665500E+03 -1.166860E+00
  2.666000E+03 -7.874342E-01
  2.666500E+03 -4.590557E-01
  2.667000E+03 -2.341025E-01
  2.667500E+03 -1.178072E-01
  2.668000E+03  8.944024E-02
  2.668500E+03  6.865056E-01
  2.669000E+03  1.720119E+00
  2.669500E+03  2.771229E+00
  2.670000E+03  3.215817E+00
  2.670500E+03  2.795062E+00
  2.671000E+03  1.916670E+00
  2.671500E+03  1.320967E+00
  2.672000E+03  1.418358E+00
  2.672500E+03  1.979794E+00
  2.673000E+03  2.470742E+00
  2.673500E+03  2.599683E+00
  2.674000E+03  2.460596E+00
  2.674500E+03  2.202902E+00
  2.675000E+03  1.749348E+00
  2.675500E+03  9.580643E-01
  2.676000E+03 -2.371002E-02
  2.676500E+03 -7.618923E-01
  2.677000E+03 -9.746269E-01
  2.677500E+03 -8.765453E-01
  2.678000E+03 -9.690631E-01
  2.678500E+03 -1.503957E+00
  2.679000E+03 -2.254554E+00
  2.679500E+03 -2.827590E+00
  2.680000E+03 -3.078779E+00
  2.680500E+03 -3.132895E+00
  2.681000E+03 -3.090949E+00
  2.681500E+03 -2.906406E+00
  2.682000E+03 -2.593685E+00
  2.682500E+03 -2.385710E+00
  2.683000E+03 -2.496716E+00
  2.683500E+03 -2.745698E+00
  2.684000E+03 -2.597492E+00
  2.684500E+03 -1.690896E+00
  2.685000E+03 -2.536710E-01
  2.685500E+03  1.126124E+00
  2.686000E+03  2.123728E+00
  2.686500E+03  2.949839E+00
  2.687000E+03  3.962967E+00
  2.687500E+03  5.129780E+00
  2.688000E+03  5.995671E+00
  2.688500E+03  6.156934E+00
  2.689000E+03  5.623794E+00
  2.689500E+03  4.677988E+00
  2.690000E+03  3.507349E+00
  2.690500E+03  2.126205E+00
  2.691000E+03  6.219785E-01
  2.691500E+03 -7.002077E-01
  2.692000E+03 -1.537107E+00
  2.692500E+03 -1.903305E+00
  2.693000E+03 -2.128136E+00
  2.693500E+03 -2.534829E+00
  2.694000E+03 -3.192692E+00
  2.694500E+03 -3.983291E+00
  2.695000E+03 -4.785223E+00
  2.695500E+03 -5.477198E+00
  2.696000E+03 -5.797080E+00
  2.696500E+03 -5.360911E+00
  2.697000E+03 -3.949778E+00
  2.697500E+03 -1.785050E+00
  2.698000E+03  5.307307E-01
  2.698500E+03  2.368109E+00
  2.699000E+03  3.382944E+00
  2.699500E+03  3.562675E+00
  2.700000E+03  3.101295E+00
  2.700500E+03  2.301818E+00
  2.701000E+03  1.532836E+00
  2.701500E+03  1.129290E+00
  2.702000E+03  1.226191E+00
  2.702500E+03  1.673364E+00
  2.703000E+03  2.144429E+00
  2.703500E+03  2.358735E+00
  2.704000E+03  2.230957E+00
  2.704500E+03  1.857443E+00
  2.705000E+03  1.397336E+00
  2.705500E+03  9.531817E-01
  2.706000E+03  5.181296E-01
  2.706500E+03  1.789278E-02
  2.707000E+03 -5.721079E-01
  2.707500E+03 -1.135647E+00
  2.708000E+03 -1.474919E+00
  2.708500E+03 -1.505400E+00
  2.709000E+03 -1.383573E+00
  2.709500E+03 -1.389204E+00
  2.710000E+03 -1.660300E+00
  2.710500E+03 -2.081510E+00
  2.711000E+03 -2.457689E+00
  2.711500E+03 -2.741851E+00
  2.712000E+03 -3.010716E+00
  2.712500E+03 -3.225638E+00
  2.713000E+03 -3.132996E+00
  2.713500E+03 -2.492236E+00
  2.714000E+03 -1.363478E+00
  2.714500E+03 -6.588961E-02
  2.715000E+03  1.161834E+00
  2.715500E+03  2.353875E+00
  2.716000E+03  3.597187E+00
  2.716500E+03  4.703634E+00
  2.717000E+03  5.268344E+00
  2.717500E+03  5.113959E+00
  2.718000E+03  4.567122E+00
  2.718500E+03  4.157002E+00
  2.719000E+03  4.031711E+00
  2.719500E+03  3.767957E+00
  2.720000E+03  2.806835E+00
  2.720500E+03  1.029758E+00
  2.721000E+03 -1.130191E+00
  2.721500E+03 -3.074711E+00
  2.722000E+03 -4.448250E+00
  2.722500E+03 -5.217760E+00
  2.723000E+03 -5.537718E+00
  2.723500E+03 -5.655506E+00
  2.724000E+03 -5.844743E+00
  2.724500E+03 -6.201793E+00
  2.725000E+03 -6.399610E+00
  2.725500E+03 -5.760672E+00
  2.726000E+03 -3.776300E+00
  2.726500E+03 -6.482998E-01
  2.727000E+03  2.722754E+00
  2.727500E+03  5.345184E+00
  2.728000E+03  6.755684E+00
  2.728500E+03  7.094080E+00
  2.729000E+03  6.709041E+00
  2.729500E+03  5.829954E+00
  2.730000E+03  4.615516E+00
  2.730500E+03  3.345299E+00
  2.731000E+03  2.369581E+00
  2.731500E+03  1.815893E+00
  2.732000E+03  1.420136E+00
  2.732500E+03  7.286933E-01
  2.733000E+03 -5.113510E-01
  2.733500E+03 -2.152067E+00
  2.734000E+03 -3.779059E+00
  2.734500E+03 -4.991819E+00
  2.735000E+03 -5.579488E+00
  2.735500E+03 -5.526934E+00
  2.736000E+03 -4.938599E+00
  2.736500E+03 -3.956816E+00
  2.737000E+03 -2.694805E+00
  2.737500E+03 -1.212721E+00
  2.738000E+03  4.249600E-01
  2.738500E+03  2.046819E+00
  2.739000E+03  3.347845E+00
  2.739500E+03  4.012971E+00
  2.740000E+03  3.904357E+00
  2.740500E+03  3.142097E+00
  2.741000E+03  2.016084E+00
  2.741500E+03  8.415361E-01
  2.742000E+03 -1.022330E-01
  2.742500E+03 -5.592073E-01
  2.743000E+03 -3.459931E-01
  2.743500E+03  4.783295E-01
  2.744000E+03  1.475165E+00
  2.744500E+03  1.960492E+00
  2.745000E+03  1.442993E+00
  2.745500E+03  5.526061E-02
  2.746000E+03 -1.450152E+00
  2.746500E+03 -2.247108E+00
  2.747000E+03 -2.103792E+00
  2.747500E+03 -1.549390E+00
  2.748000E+03 -1.340157E+00
  2.748500E+03 -1.725615E+00
  2.749000E+03 -2.255272E+00
  2.749500E+03 -2.316000E+00
  2.750000E+03 -1.796693E+00
  2.750500E+03 -1.137126E+00
  2.751000E+03 -7.340146E-01
  2.751500E+03 -4.348813E-01
  2.752000E+03  2.631165E-01
  2.752500E+03  1.557836E+00
  2.753000E+03  3.037014E+00
  2.753500E+03  4.080980E+00
  2.754000E+03  4.442461E+00
  2.754500E+03  4.285983E+00
  2.755000E+03  3.723424E+00
  2.755500E+03  2.573486E+00
  2.756000E+03  7.556992E-01
  2.756500E+03 -1.204170E+00
  2.757000E+03 -2.365742E+00
  2.757500E+03 -2.239352E+00
  2.758000E+03 -1.368917E+00
  2.758500E+03 -8.782765E-01
  2.759000E+03 -1.399622E+00
  2.759500E+03 -2.530608E+00
  2.760000E+03 -3.356505E+00
  2.760500E+03 -3.376151E+00
  2.761000E+03 -2.818383E+00
  2.761500E+03 -2.159881E+00
  2.762000E+03 -1.559881E+00
  2.762500E+03 -8.509477E-01
  2.763000E+03  7.263466E-02
  2.763500E+03  1.056651E+00
  2.764000E+03  1.877842E+00
  2.764500E+03  2.473377E+00
  2.765000E+03  2.894234E+00
  2.765500E+03  3.127112E+00
  2.766000E+03  3.093818E+00
  2.766500E+03  2.804934E+00
  2.767000E+03  2.370544E+00
  2.767500E+03  1.797312E+00
  2.768000E+03  8.908369E-01
  2.768500E+03 -4.854030E-01
  2.769000E+03 -2.043849E+00
  2.769500E+03 -3.100028E+00
  2.770000E+03 -3.091969E+00
  2.770500E+03 -2.094755E+00
  2.771000E+03 -7.856486E-01
  2.771500E+03  1.130520E-01
  2.772000E+03  3.653045E-01
  2.772500E+03  2.674608E-01
  2.773000E+03  2.667802E-01
  2.773500E+03  5.605868E-01
  2.774000E+03  9.888659E-01
  2.774500E+03  1.218571E+00
  2.775000E+03  1.011900E+00
  2.775500E+03  3.659822E-01
  2.776000E+03 -5.595208E-01
  2.776500E+03 -1.621530E+00
  2.777000E+03 -2.750555E+00
  2.777500E+03 -3.774531E+00
  2.778000E+03 -4.226047E+00
  2.778500E+03 -3.507389E+00
  2.779000E+03 -1.448461E+00
  2.779500E+03  1.267548E+00
  2.780000E+03  3.398055E+00
  2.780500E+03  4.050190E+00
  2.781000E+03  3.364870E+00
  2.781500E+03  2.279104E+00
  2.782000E+03  1.629910E+00
  2.782500E+03  1.542209E+00
  2.783000E+03  1.635716E+00
  2.783500E+03  1.618723E+00
  2.784000E+03  1.509476E+00
  2.784500E+03  1.363281E+00
  2.785000E+03  1.052331E+00
  2.785500E+03  4.550452E-01
  2.786000E+03 -2.803772E-01
  2.786500E+03 -8.743336E-01
  2.787000E+03 -1.303122E+00
  2.787500E+03 -1.830937E+00
  2.788000E+03 -2.549132E+00
  2.788500E+03 -3.062183E+00
  2.789000E+03 -2.880404E+00
  2.789500E+03 -2.116356E+00
  2.790000E+03 -1.529619E+00
  2.790500E+03 -1.701664E+00
  2.791000E+03 -2.290504E+00
  2.791500E+03 -2.343365E+00
  2.792000E+03 -1.373803E+00
  2.792500E+03  7.743381E-02
  2.793000E+03  1.075543E+00
  2.793500E+03  1.330347E+00
  2.794000E+03  1.383057E+00
  2.794500E+03  1.791850E+00
  2.795000E+03  2.405609E+00
  2.795500E+03  2.618016E+00
  2.796000E+03  2.195475E+00
  2.796500E+03  1.590045E+00
  2.797000E+03  1.395705E+00
  2.797500E+03  1.704137E+00
  2.798000E+03  2.134245E+00
  2.798500E+03  2.353717E+00
  2.799000E+03  2.341344E+00
  2.799500E+03  2.147464E+00
  2.800000E+03  1.657323E+00
  2.800500E+03  7.700314E-01
  2.801000E+03 -3.138061E-01
  2.801500E+03 -1.227833E+00
  2.802000E+03 -1.897777E+00
  2.802500E+03 -2.661689E+00
  2.803000E+03 -3.784827E+00
  2.803500E+03 -4.960931E+00
  2.804000E+03 -5.506596E+00
  2.804500E+03 -5.088433E+00
  2.805000E+03 -4.098244E+00
  2.805500E+03 -3.193968E+00
  2.806000E+03 -2.555835E+00
  2.806500E+03 -1.743457E+00
  2.807000E+03 -2.801672E-01
  2.807500E+03  1.758471E+00
  2.808000E+03  3.778516E+00
  2.808500E+03  5.158171E+00
  2.809000E+03  5.609549E+00
  2.809500E+03  5.187348E+00
  2.810000E+03  4.190138E+00
  2.810500E+03  3.118028E+00
  2.811000E+03  2.502507E+00
  2.811500E+03  2.503042E+00
  2.812000E+03  2.634388E+00
  2.812500E+03  2.081398E+00
  2.813000E+03  4.450505E-01
  2.813500E+03 -1.833150E+00
  2.814000E+03 -3.848467E+00
  2.814500E+03 -4.992724E+00
  2.815000E+03 -5.265235E+00
  2.815500E+03 -4.906332E+00
  2.816000E+03 -3.959572E+00
  2.816500E+03 -2.363372E+00
  2.817000E+03 -3.800518E-01
  2.817500E+03  1.324709E+00
  2.818000E+03  2.178295E+00
  2.818500E+03  2.212534E+00
  2.819000E+03  1.964616E+00
  2.819500E+03  1.879224E+00
  2.820000E+03  1.905186E+00
  2.820500E+03  1.695676E+00
  2.821000E+03  1.089920E+00
  2.821500E+03  2.987406E-01
  2.822000E+03 -3.393967E-01
  2.822500E+03 -6.723572E-01
  2.823000E+03 -7.968345E-01
  2.823500E+03 -9.205166E-01
  2.824000E+03 -1.229664E+00
  2.824500E+03 -1.801690E+00
  2.825000E+03 -2.497322E+00
  2.825500E+03 -2.915114E+00
  2.826000E+03 -2.589459E+00
  2.826500E+03 -1.378372E+00
  2.827000E+03  3.253169E-01
  2.827500E+03  1.833735E+00
  2.828000E+03  2.652630E+00
  2.828500E+03  2.738355E+00
  2.829000E+03  2.336534E+00
  2.829500E+03  1.705732E+00
  2.830000E+03  1.073495E+00
  2.830500E+03  7.430421E-01
  2.831000E+03  1.002229E+00
  2.831500E+03  1.793575E+00
  2.832000E+03  2.565331E+00
  2.832500E+03  2.638199E+00
  2.833000E+03  1.802289E+00
  2.833500E+03  4.923769E-01
  2.834000E+03 -6.811928E-01
  2.834500E+03 -1.516522E+00
  2.835000E+03 -2.253375E+00
  2.835500E+03 -3.068806E+00
  2.836000E+03 -3.709428E+00
  2.836500E+03 -3.748632E+00
  2.837000E+03 -3.154128E+00
  2.837500E+03 -2.438635E+00
  2.838000E+03 -2.162512E+00
  2.838500E+03 -2.345680E+00
  2.839000E+03 -2.459008E+00
  2.839500E+03 -1.983363E+00
  2.840000E+03 -8.930861E-01
  2.840500E+03  4.241194E-01
  2.841000E+03  1.611987E+00
  2.841500E+03  2.599666E+00
  2.842000E+03  3.455132E+00
  2.842500E+03  4.153553E+00
  2.843000E+03  4.602350E+00
  2.843500E+03  4.828577E+00
  2.844000E+03  4.977250E+00
  2.844500E+03  5.049744E+00
  2.845000E+03  4.732955E+00
  2.845500E+03  3.629133E+00
  2.846000E+03  1.702614E+00
  2.846500E+03 -5.593929E-01
  2.847000E+03 -2.487865E+00
  2.847500E+03 -3.729856E+00
  2.848000E+03 -4.401473E+00
  2.848500E+03 -4.810910E+00
  2.849000E+03 -5.125183E+00
  2.849500E+03 -5.318119E+00
  2.850000E+03 -5.327991E+00
  2.850500E+03 -5.135118E+00
  2.851000E+03 -4.684287E+00
  2.851500E+03 -3.857423E+00
  2.852000E+03 -2.623998E+00
  2.852500E+03 -1.181461E+00
  2.853000E+03  1.651406E-01
  2.853500E+03  1.300549E+00
  2.854000E+03  2.401336E+00
  2.854500E+03  3.667350E+00
  2.855000E+03  4.985992E+00
  2.855500E+03  5.963717E+00
  2.856000E+03  6.322354E+00
  2.856500E+03  6.182437E+00
  2.857000E+03  5.865671E+00
  2.857500E+03  5.439788E+00
  2.858000E+03  4.569297E+00
  2.858500E+03  2.888165E+00
  2.859000E+03  4.940243E-01
  2.859500E+03 -1.977393E+00
  2.860000E+03 -3.763127E+00
  2.860500E+03 -4.441945E+00
  2.861000E+03 -4.075194E+00
  2.861500E+03 -3.052075E+00
  2.862000E+03 -1.900755E+00
  2.862500E+03 -1.162403E+00
  2.863000E+03 -1.224023E+00
  2.863500E+03 -2.101522E+00
  2.864000E+03 -3.380342E+00
  2.864500E+03 -4.461875E+00
  2.865000E+03 -4.933537E+00
  2.865500E+03 -4.716375E+00
  2.866000E+03 -3.901517E+00
  2.866500E+03 -2.550497E+00
  2.867000E+03 -7.288636E-01
  2.867500E+03  1.314358E+00
  2.868000E+03  3.124910E+00
  2.868500E+03  4.269025E+00
  2.869000E+03  4.562682E+00
  2.869500E+03  4.074576E+00
  2.870000E+03  2.999061E+00
  2.870500E+03  1.645364E+00
  2.871000E+03  5.292525E-01
  2.871500E+03  2.682425E-01
  2.872000E+03  1.153021E+00
  2.872500E+03  2.756697E+00
  2.873000E+03  4.093692E+00
  2.873500E+03  4.335748E+00
  2.874000E+03  3.450842E+00
  2.874500E+03  2.128806E+00
  2.875000E+03  1.069901E+00
  2.875500E+03  3.699061E-01
  2.876000E+03 -3.939487E-01
  2.876500E+03 -1.536287E+00
  2.877000E+03 -2.810773E+00
  2.877500E+03 -3.614319E+00
  2.878000E+03 -3.609892E+00
  2.878500E+03 -3.100700E+00
  2.879000E+03 -2.767035E+00
  2.879500E+03 -3.030845E+00
  2.880000E+03 -3.672874E+00
  2.880500E+03 -4.063900E+00
  2.881000E+03 -3.769640E+00
  2.881500E+03 -2.935050E+00
  2.882000E+03 -2.081581E+00
  2.882500E+03 -1.536751E+00
  2.883000E+03 -1.082777E+00
  2.883500E+03 -1.856453E-01
  2.884000E+03  1.430657E+00
  2.884500E+03  3.448026E+00
  2.885000E+03  5.173086E+00
  2.885500E+03  6.050519E+00
  2.886000E+03  5.963026E+00
  2.886500E+03  5.128202E+00
  2.887000E+03  3.851556E+00
  2.887500E+03  2.430197E+00
  2.888000E+03  1.161150E+00
  2.888500E+03  2.303298E-01
  2.889000E+03 -4.814407E-01
  2.889500E+03 -1.342235E+00
  2.890000E+03 -2.529174E+00
  2.890500E+03 -3.622793E+00
  2.891000E+03 -3.810464E+00
  2.891500E+03 -2.667132E+00
  2.892000E+03 -7.360933E-01
  2.892500E+03  8.008851E-01
  2.893000E+03  1.134100E+00
  2.893500E+03  5.037599E-01
  2.894000E+03 -1.523353E-01
  2.894500E+03 -1.762471E-01
  2.895000E+03  2.553843E-01
  2.895500E+03  5.147610E-01
  2.896000E+03  3.031952E-01
  2.896500E+03 -7.620846E-02
  2.897000E+03 -1.804326E-01
  2.897500E+03  3.279165E-03
  2.898000E+03  5.177224E-02
  2.898500E+03 -3.836187E-01
  2.899000E+03 -1.179986E+00
  2.899500E+03 -1.889166E+00
  2.900000E+03 -2.202174E+00
  2.900500E+03 -2.188112E+00
  2.901000E+03 -2.086546E+00
  2.901500E+03 -1.947255E+00
  2.902000E+03 -1.534472E+00
  2.902500E+03 -5.806431E-01
  2.903000E+03  8.903304E-01
  2.903500E+03  2.482419E+00
  2.904000E+03  3.644022E+00
  2.904500E+03  3.988883E+00
  2.905000E+03  3.490149E+00
  2.905500E+03  2.448915E+00
  2.906000E+03  1.295715E+00
  2.906500E+03  3.675483E-01
  2.907000E+03 -2.060541E-01
  2.907500E+03 -4.595912E-01
  2.908000E+03 -4.591577E-01
  2.908500E+03 -2.181249E-01
  2.909000E+03  2.509401E-01
  2.909500E+03  8.056242E-01
  2.910000E+03  1.133117E+00
  2.910500E+03  9.108370E-01
  2.911000E+03  6.926276E-02
  2.911500E+03 -1.101689E+00
  2.912000E+03 -2.161447E+00
  2.912500E+03 -2.881161E+00
  2.913000E+03 -3.382026E+00
  2.913500E+03 -3.855440E+00
  2.914000E+03 -4.136865E+00
  2.914500E+03 -3.651128E+00
  2.915000E+03 -1.916036E+00
  2.915500E+03  8.403419E-01
  2.916000E+03  3.622276E+00
  2.916500E+03  5.327881E+00
  2.917000E+03  5.532327E+00
  2.917500E+03  4.644829E+00
  2.918000E+03  3.351962E+00
  2.918500E+03  1.999693E+00
  2.919000E+03  5.470816E-01
  2.919500E+03 -9.985496E-01
  2.920000E+03 -2.298252E+00
  2.920500E+03 -2.917623E+00
  2.921000E+03 -2.761488E+00
  2.921500E+03 -2.155782E+00
  2.922000E+03 -1.505221E+00
  2.922500E+03 -9.811699E-01
  2.923000E+03 -5.865660E-01
  2.923500E+03 -3.958360E-01
  2.924000E+03 -5.477314E-01
  2.924500E+03 -9.709585E-01
  2.925000E+03 -1.270755E+00
  2.925500E+03 -1.049212E+00
  2.926000E+03 -3.479620E-01
  2.926500E+03  3.297118E-01
  2.927000E+03  4.977660E-01
  2.927500E+03  1.580432E-01
  2.928000E+03 -2.262463E-01
  2.928500E+03 -1.609247E-01
  2.929000E+03  5.396837E-01
  2.929500E+03  1.768407E+00
  2.930000E+03  3.286808E+00
  2.930500E+03  4.752122E+00
  2.931000E+03  5.680607E+00
  2.931500E+03  5.614099E+00
  2.932000E+03  4.469486E+00
  2.932500E+03  2.683043E+00
  2.933000E+03  8.857580E-01
  2.933500E+03 -6.156694E-01
  2.934000E+03 -1.998397E+00
  2.934500E+03 -3.545979E+00
  2.935000E+03 -5.166335E+00
  2.935500E+03 -6.354587E+00
  2.936000E+03 -6.639342E+00
  2.936500E+03 -6.017443E+00
  2.937000E+03 -4.923331E+00
  2.937500E+03 -3.801334E+00
  2.938000E+03 -2.745989E+00
  2.938500E+03 -1.552930E+00
  2.939000E+03 -7.920750E-02
  2.939500E+03  1.474975E+00
  2.940000E+03  2.642951E+00
  2.940500E+03  3.060205E+00
  2.941000E+03  2.793973E+00
  2.941500E+03  2.327933E+00
  2.942000E+03  2.189273E+00
  2.942500E+03  2.535034E+00
  2.943000E+03  3.078913E+00
  2.943500E+03  3.428494E+00
  2.944000E+03  3.481879E+00
  2.944500E+03  3.453011E+00
  2.945000E+03  3.498297E+00
  2.945500E+03  3.390595E+00
  2.946000E+03  2.668834E+00
  2.946500E+03  1.149942E+00
  2.947000E+03 -7.680466E-01
  2.947500E+03 -2.393217E+00
  2.948000E+03 -3.342808E+00
  2.948500E+03 -3.818970E+00
  2.949000E+03 -4.272233E+00
  2.949500E+03 -4.842705E+00
  2.950000E+03 -5.187290E+00
  2.950500E+03 -4.840550E+00
  2.951000E+03 -3.679228E+00
  2.951500E+03 -2.012324E+00
  2.952000E+03 -2.839123E-01
  2.952500E+03  1.231130E+00
  2.953000E+03  2.452201E+00
  2.953500E+03  3.331323E+00
  2.954000E+03  3.774397E+00
  2.954500E+03  3.730790E+00
  2.955000E+03  3.286152E+00
  2.955500E+03  2.598697E+00
  2.956000E+03  1.741446E+00
  2.956500E+03  6.529256E-01
  2.957000E+03 -7.141415E-01
  2.957500E+03 -2.185217E+00
  2.958000E+03 -3.325418E+00
  2.958500E+03 -3.656483E+00
  2.959000E+03 -2.982629E+00
  2.959500E+03 -1.565999E+00
  2.960000E+03  2.505040E-03
  2.960500E+03  1.152729E+00
  2.961000E+03  1.644788E+00
  2.961500E+03  1.617951E+00
  2.962000E+03  1.384700E+00
  2.962500E+03  1.182284E+00
  2.963000E+03  1.084479E+00
  2.963500E+03  1.074068E+00
  2.964000E+03  1.113685E+00
  2.964500E+03  1.112508E+00
  2.965000E+03  8.818541E-01
  2.965500E+03  2.404152E-01
  2.966000E+03 -7.488003E-01
  2.966500E+03 -1.655872E+00
  2.967000E+03 -1.898080E+00
  2.967500E+03 -1.196642E+00
  2.968000E+03  1.169007E-01
  2.968500E+03  1.272864E+00
  2.969000E+03  1.622170E+00
  2.969500E+03  1.108520E+00
  2.970000E+03  2.342680E-01
  2.970500E+03 -4.328200E-01
  2.971000E+03 -7.326147E-01
  2.971500E+03 -9.265462E-01
  2.972000E+03 -1.294162E+00
  2.972500E+03 -1.778268E+00
  2.973000E+03 -2.060319E+00
  2.973500E+03 -1.947523E+00
  2.974000E+03 -1.598668E+00
  2.974500E+03 -1.316321E+00
  2.975000E+03 -1.158646E+00
  2.975500E+03 -8.491085E-01
  2.976000E+03 -1.073144E-01
  2.976500E+03  9.866332E-01
  2.977000E+03  2.021609E+00
  2.977500E+03  2.626709E+00
  2.978000E+03  2.737525E+00
  2.978500E+03  2.491976E+00
  2.979000E+03  1.986464E+00
  2.979500E+03  1.262619E+00
  2.980000E+03  4.989341E-01
  2.980500E+03  2.427678E-02
  2.981000E+03 -1.362298E-03
  2.981500E+03  1.452217E-01
  2.982000E+03 -1.492579E-02
  2.982500E+03 -5.859754E-01
  2.983000E+03 -1.072774E+00
  2.983500E+03 -8.818063E-01
  2.984000E+03 -3.494966E-02
  2.984500E+03  7.617937E-01
  2.985000E+03  8.398092E-01
  2.985500E+03  2.720788E-01
  2.986000E+03 -2.539758E-01
  2.986500E+03 -2.279742E-01
  2.987000E+03  1.631493E-01
  2.987500E+03  3.396814E-01
  2.988000E+03 -5.721766E-03
  2.988500E+03 -7.070227E-01
  2.989000E+03 -1.514161E+00
  2.989500E+03 -2.419186E+00
  2.990000E+03 -3.439781E+00
  2.990500E+03 -4.227730E+00
  2.991000E+03 -4.189315E+00
  2.991500E+03 -3.113838E+00
  2.992000E+03 -1.523350E+00
  2.992500E+03 -1.917691E-01
  2.993000E+03  6.783743E-01
  2.993500E+03  1.619051E+00
  2.994000E+03  3.142474E+00
  2.994500E+03  4.949186E+00
  2.995000E+03  6.081728E+00
  2.995500E+03  5.896227E+00
  2.996000E+03  4.730591E+00
  2.996500E+03  3.488854E+00
  2.997000E+03  2.638689E+00
  2.997500E+03  1.801332E+00
  2.998000E+03  3.912692E-01
  2.998500E+03 -1.488780E+00
  2.999000E+03 -2.986804E+00
  2.999500E+03 -3.370733E+00
  3.000000E+03 -2.827972E+00
  3.000500E+03 -2.273198E+00
  3.001000E+03 -2.383439E+00
  3.001500E+03 -2.950671E+00
  3.002000E+03 -3.250666E+00
  3.002500E+03 -2.947238E+00
  3.003000E+03 -2.451770E+00
  3.003500E+03 -2.323051E+00
  3.004000E+03 -2.443567E+00
  3.004500E+03 -2.001856E+00
  3.005000E+03 -3.850049E-01
  3.005500E+03  2.004119E+00
  3.006000E+03  3.969105E+00
  3.006500E+03  4.601015E+00
  3.007000E+03  4.065531E+00
  3.007500E+03  3.267553E+00
  3.008000E+03  2.817766E+00
  3.008500E+03  2.466731E+00
  3.009000E+03  1.571938E+00
  3.009500E+03 -3.090539E-02
  3.010000E+03 -1.766565E+00
  3.010500E+03 -2.883657E+00
  3.011000E+03 -3.113077E+00
  3.011500E+03 -2.716970E+00
  3.012000E+03 -2.052645E+00
  3.012500E+03 -1.287465E+00
  3.013000E+03 -5.188471E-01
  3.013500E+03  7.027013E-02
  3.014000E+03  3.611526E-01
  3.014500E+03  5.235981E-01
  3.015000E+03  8.786841E-01
  3.015500E+03  1.483792E+00
  3.016000E+03  2.017782E+00
  3.016500E+03  2.210949E+00
  3.017000E+03  2.272030E+00
  3.017500E+03  2.644206E+00
  3.018000E+03  3.283516E+00
  3.018500E+03  3.411385E+00
  3.019000E+03  2.240223E+00
  3.019500E+03 -5.823214E-02
  3.020000E+03 -2.319418E+00
  3.020500E+03 -3.449071E+00
  3.021000E+03 -3.441569E+00
  3.021500E+03 -3.233992E+00
  3.022000E+03 -3.620155E+00
  3.022500E+03 -4.478625E+00
  3.023000E+03 -5.079035E+00
  3.023500E+03 -4.925647E+00
  3.024000E+03 -4.108791E+00
  3.024500E+03 -2.932149E+00
  3.025000E+03 -1.497950E+00
  3.025500E+03  1.961361E-01
  3.026000E+03  1.929689E+00
  3.026500E+03  3.296855E+00
  3.027000E+03  4.110017E+00
  3.027500E+03  4.586742E+00
  3.028000E+03  5.019570E+00
  3.028500E+03  5.367445E+00
  3.029000E+03  5.334342E+00
  3.029500E+03  4.817665E+00
  3.030000E+03  4.076944E+00
  3.030500E+03  3.359514E+00
  3.031000E+03  2.506728E+00
  3.031500E+03  1.146640E+00
  3.032000E+03 -7.044033E-01
  3.032500E+03 -2.420707E+00
  3.033000E+03 -3.303516E+00
  3.033500E+03 -3.302729E+00
  3.034000E+03 -3.074481E+00
  3.034500E+03 -3.282064E+00
  3.035000E+03 -3.911318E+00
  3.035500E+03 -4.321373E+00
  3.036000E+03 -3.914595E+00
  3.036500E+03 -2.699872E+00
  3.037000E+03 -1.253861E+00
  3.037500E+03 -2.427857E-01
  3.038000E+03  1.010641E-02
  3.038500E+03 -3.696725E-01
  3.039000E+03 -9.800290E-01
  3.039500E+03 -1.419058E+00
  3.040000E+03 -1.511363E+00
  3.040500E+03 -1.348468E+00
  3.041000E+03 -1.093871E+00
  3.041500E+03 -7.181956E-01
  3.042000E+03  3.663016E-02
  3.042500E+03  1.368351E+00
  3.043000E+03  3.094861E+00
  3.043500E+03  4.694866E+00
  3.044000E+03  5.713035E+00
  3.044500E+03  6.097340E+00
  3.045000E+03  6.099915E+00
  3.045500E+03  5.882139E+00
  3.046000E+03  5.298484E+00
  3.046500E+03  4.091083E+00
  3.047000E+03  2.232771E+00
  3.047500E+03  2.271928E-02
  3.048000E+03 -2.119197E+00
  3.048500E+03 -3.875001E+00
  3.049000E+03 -5.056885E+00
  3.049500E+03 -5.541941E+00
  3.050000E+03 -5.311692E+00
  3.050500E+03 -4.574419E+00
  3.051000E+03 -3.756413E+00
  3.051500E+03 -3.270116E+00
  3.052000E+03 -3.243372E+00
  3.052500E+03 -3.462479E+00
  3.053000E+03 -3.562548E+00
  3.053500E+03 -3.267397E+00
  3.054000E+03 -2.489206E+00
  3.054500E+03 -1.283587E+00
  3.055000E+03  2.193687E-01
  3.055500E+03  1.830229E+00
  3.056000E+03  3.295346E+00
  3.056500E+03  4.349316E+00
  3.057000E+03  4.842812E+00
  3.057500E+03  4.860454E+00
  3.058000E+03  4.691985E+00
  3.058500E+03  4.605668E+00
  3.059000E+03  4.576539E+00
  3.059500E+03  4.252068E+00
  3.060000E+03  3.276703E+00
  3.060500E+03  1.712386E+00
  3.061000E+03  9.569137E-02
  3.061500E+03 -1.014225E+00
  3.062000E+03 -1.570600E+00
  3.062500E+03 -2.059794E+00
  3.063000E+03 -2.931533E+00
  3.063500E+03 -4.039003E+00
  3.064000E+03 -4.716389E+00
  3.064500E+03 -4.417708E+00
  3.065000E+03 -3.216846E+00
  3.065500E+03 -1.664778E+00
  3.066000E+03 -2.616334E-01
  3.066500E+03  8.114511E-01
  3.067000E+03  1.484290E+00
  3.067500E+03  1.542124E+00
  3.068000E+03  7.705256E-01
  3.068500E+03 -6.512895E-01
  3.069000E+03 -2.061251E+00
  3.069500E+03 -2.744382E+00
  3.070000E+03 -2.458422E+00
  3.070500E+03 -1.509795E+00
  3.071000E+03 -3.648152E-01
  3.071500E+03  7.203469E-01
  3.072000E+03  1.689915E+00
  3.072500E+03  2.453455E+00
  3.073000E+03  2.812193E+00
  3.073500E+03  2.647645E+00
  3.074000E+03  2.105506E+00
  3.074500E+03  1.525599E+00
  3.075000E+03  1.190203E+00
  3.075500E+03  1.152456E+00
  3.076000E+03  1.272679E+00
  3.076500E+03  1.362734E+00
  3.077000E+03  1.288504E+00
  3.077500E+03  9.921662E-01
  3.078000E+03  4.823920E-01
  3.078500E+03 -1.708882E-01
  3.079000E+03 -8.389767E-01
  3.079500E+03 -1.351410E+00
  3.080000E+03 -1.551301E+00
  3.080500E+03 -1.394511E+00
  3.081000E+03 -1.024755E+00
  3.081500E+03 -7.089724E-01
  3.082000E+03 -6.307242E-01
  3.082500E+03 -7.463588E-01
  3.083000E+03 -9.102042E-01
  3.083500E+03 -1.148577E+00
  3.084000E+03 -1.680240E+00
  3.084500E+03 -2.521614E+00
  3.085000E+03 -3.123538E+00
  3.085500E+03 -2.664094E+00
  3.086000E+03 -9.276829E-01
  3.086500E+03  1.162848E+00
  3.087000E+03  2.159349E+00
  3.087500E+03  1.418704E+00
  3.088000E+03 -2.310339E-01
  3.088500E+03 -1.282270E+00
  3.089000E+03 -9.864713E-01
  3.089500E+03  1.182728E-01
  3.090000E+03  1.083660E+00
  3.090500E+03  1.691430E+00
  3.091000E+03  2.496289E+00
  3.091500E+03  3.841846E+00
  3.092000E+03  5.183925E+00
  3.092500E+03  5.583017E+00
  3.093000E+03  4.695193E+00
  3.093500E+03  3.005649E+00
  3.094000E+03  1.118093E+00
  3.094500E+03 -8.469585E-01
  3.095000E+03 -2.942659E+00
  3.095500E+03 -4.728905E+00
  3.096000E+03 -5.368348E+00
  3.096500E+03 -4.556975E+00
  3.097000E+03 -3.095416E+00
  3.097500E+03 -2.197185E+00
  3.098000E+03 -2.212823E+00
  3.098500E+03 -2.290981E+00
  3.099000E+03 -1.437499E+00
  3.099500E+03  2.594409E-01
  3.100000E+03  1.683133E+00
  3.100500E+03  1.929860E+00
  3.101000E+03  1.260411E+00
  3.101500E+03  7.061946E-01
  3.102000E+03  8.968718E-01
  3.102500E+03  1.494703E+00
  3.103000E+03  1.759190E+00
  3.103500E+03  1.424129E+00
  3.104000E+03  8.669448E-01
  3.104500E+03  5.435965E-01
  3.105000E+03  4.928023E-01
  3.105500E+03  4.431464E-01
  3.106000E+03  2.251285E-01
  3.106500E+03 -9.108427E-02
  3.107000E+03 -4.165810E-01
  3.107500E+03 -8.153879E-01
  3.108000E+03 -1.361227E+00
  3.108500E+03 -1.902715E+00
  3.109000E+03 -2.104210E+00
  3.109500E+03 -1.772053E+00
  3.110000E+03 -1.109893E+00
  3.110500E+03 -6.085260E-01
  3.111000E+03 -6.465441E-01
  3.111500E+03 -1.140453E+00
  3.112000E+03 -1.531252E+00
  3.112500E+03 -1.142311E+00
  3.113000E+03  3.164519E-01
  3.113500E+03  2.458408E+00
  3.114000E+03  4.407793E+00
  3.114500E+03  5.382185E+00
  3.115000E+03  5.222403E+00
  3.115500E+03  4.416461E+00
  3.116000E+03  3.608867E+00
  3.116500E+03  3.066426E+00
  3.117000E+03  2.572598E+00
  3.117500E+03  1.750640E+00
  3.118000E+03  4.171744E-01
  3.118500E+03 -1.338074E+00
  3.119000E+03 -3.272332E+00
  3.119500E+03 -5.084539E+00
  3.120000E+03 -6.453595E+00
  3.120500E+03 -7.146388E+00
  3.121000E+03 -7.170928E+00
  3.121500E+03 -6.751436E+00
  3.122000E+03 -6.051041E+00
  3.122500E+03 -4.941656E+00
  3.123000E+03 -3.169726E+00
  3.123500E+03 -8.014090E-01
  3.124000E+03  1.597803E+00
  3.124500E+03  3.362090E+00
  3.125000E+03  4.315205E+00
  3.125500E+03  4.863176E+00
  3.126000E+03  5.448325E+00
  3.126500E+03  5.994056E+00
  3.127000E+03  6.001146E+00
  3.127500E+03  5.173538E+00
  3.128000E+03  3.810097E+00
  3.128500E+03  2.497690E+00
  3.129000E+03  1.507381E+00
  3.129500E+03  6.452172E-01
  3.130000E+03 -2.875781E-01
  3.130500E+03 -1.052391E+00
  3.131000E+03 -1.158170E+00
  3.131500E+03 -4.880015E-01
  3.132000E+03  3.999652E-01
  3.132500E+03  7.139807E-01
  3.133000E+03  1.671867E-01
  3.133500E+03 -7.845920E-01
  3.134000E+03 -1.453474E+00
  3.134500E+03 -1.626729E+00
  3.135000E+03 -1.750743E+00
  3.135500E+03 -2.450997E+00
  3.136000E+03 -3.895064E+00
  3.136500E+03 -5.581880E+00
  3.137000E+03 -6.684238E+00
  3.137500E+03 -6.607102E+00
  3.138000E+03 -5.334696E+00
  3.138500E+03 -3.372527E+00
  3.139000E+03 -1.380854E+00
  3.139500E+03  2.332364E-01
  3.140000E+03  1.491604E+00
  3.140500E+03  2.675602E+00
  3.141000E+03  3.962913E+00
  3.141500E+03  5.198319E+00
  3.142000E+03  6.015582E+00
  3.142500E+03  6.184462E+00
  3.143000E+03  5.818423E+00
  3.143500E+03  5.223384E+00
  3.144000E+03  4.562651E+00
  3.144500E+03  3.718813E+00
  3.145000E+03  2.505316E+00
  3.145500E+03  9.759099E-01
  3.146000E+03 -5.304617E-01
  3.146500E+03 -1.663141E+00
  3.147000E+03 -2.346876E+00
  3.147500E+03 -2.784061E+00
  3.148000E+03 -3.209535E+00
  3.148500E+03 -3.684346E+00
  3.149000E+03 -4.106582E+00
  3.149500E+03 -4.339827E+00
  3.150000E+03 -4.276448E+00
  3.150500E+03 -3.822799E+00
  3.151000E+03 -2.929836E+00
  3.151500E+03 -1.691955E+00
  3.152000E+03 -3.681324E-01
  3.152500E+03  7.695960E-01
  3.153000E+03  1.618672E+00
  3.153500E+03  2.235688E+00
  3.154000E+03  2.644271E+00
  3.154500E+03  2.731480E+00
  3.155000E+03  2.405720E+00
  3.155500E+03  1.819165E+00
  3.156000E+03  1.313989E+00
  3.156500E+03  1.084592E+00
  3.157000E+03  9.585704E-01
  3.157500E+03  6.127707E-01
  3.158000E+03 -1.788344E-03
  3.158500E+03 -5.645411E-01
  3.159000E+03 -7.779653E-01
  3.159500E+03 -7.647183E-01
  3.160000E+03 -9.234849E-01
  3.160500E+03 -1.368172E+00
  3.161000E+03 -1.660745E+00
  3.161500E+03 -1.255668E+00
  3.162000E+03 -1.923180E-01
  3.162500E+03  8.101907E-01
  3.163000E+03  1.047099E+00
  3.163500E+03  5.565610E-01
  3.164000E+03  4.540453E-02
  3.164500E+03  9.048775E-02
  3.165000E+03  5.290569E-01
  3.165500E+03  7.169267E-01
  3.166000E+03  3.232051E-01
  3.166500E+03 -2.596556E-01
  3.167000E+03 -3.311481E-01
  3.167500E+03  3.686249E-01
  3.168000E+03  1.381368E+00
  3.168500E+03  1.957230E+00
  3.169000E+03  1.696444E+00
  3.169500E+03  8.082036E-01
  3.170000E+03 -1.391893E-01
  3.170500E+03 -6.581906E-01
  3.171000E+03 -6.229763E-01
  3.171500E+03 -2.756408E-01
  3.172000E+03 -2.784146E-02
  3.172500E+03 -1.925219E-01
  3.173000E+03 -8.029990E-01
  3.173500E+03 -1.640375E+00
  3.174000E+03 -2.431736E+00
  3.174500E+03 -3.015771E+00
  3.175000E+03 -3.322330E+00
  3.175500E+03 -3.263597E+00
  3.176000E+03 -2.761914E+00
  3.176500E+03 -1.928656E+00
  3.177000E+03 -1.117400E+00
  3.177500E+03 -6.463848E-01
  3.178000E+03 -4.160555E-01
  3.178500E+03  1.064538E-01
  3.179000E+03  1.404721E+00
  3.179500E+03  3.391480E+00
  3.180000E+03  5.416740E+00
  3.180500E+03  6.807347E+00
  3.181000E+03  7.346988E+00
  3.181500E+03  7.206969E+00
  3.182000E+03  6.512030E+00
  3.182500E+03  5.140158E+00
  3.183000E+03  3.006512E+00
  3.183500E+03  4.246510E-01
  3.184000E+03 -1.988178E+00
  3.184500E+03 -3.823865E+00
  3.185000E+03 -5.218168E+00
  3.185500E+03 -6.569282E+00
  3.186000E+03 -7.913156E+00
  3.186500E+03 -8.663264E+00
  3.187000E+03 -8.067633E+00
  3.187500E+03 -5.971599E+00
  3.188000E+03 -3.123267E+00
  3.188500E+03 -6.851262E-01
  3.189000E+03  6.214164E-01
  3.189500E+03  9.660513E-01
  3.190000E+03  1.073703E+00
  3.190500E+03  1.465258E+00
  3.191000E+03  2.023190E+00
  3.191500E+03  2.286692E+00
  3.192000E+03  2.128157E+00
  3.192500E+03  2.047818E+00
  3.193000E+03  2.705560E+00
  3.193500E+03  4.143157E+00
  3.194000E+03  5.555837E+00
  3.194500E+03  5.948208E+00
  3.195000E+03  5.056628E+00
  3.195500E+03  3.580780E+00
  3.196000E+03  2.468318E+00
  3.196500E+03  1.999134E+00
  3.197000E+03  1.605587E+00
  3.197500E+03  5.382147E-01
  3.198000E+03 -1.398610E+00
  3.198500E+03 -3.770557E+00
  3.199000E+03 -5.992802E+00
  3.199500E+03 -7.691059E+00
  3.200000E+03 -8.600076E+00
  3.200500E+03 -8.356201E+00
  3.201000E+03 -6.661972E+00
  3.201500E+03 -3.715246E+00
  3.202000E+03 -3.292143E-01
  3.202500E+03  2.521123E+00
  3.203000E+03  4.294537E+00
  3.203500E+03  5.018283E+00
  3.204000E+03  4.934056E+00
  3.204500E+03  4.192161E+00
  3.205000E+03  2.959471E+00
  3.205500E+03  1.662094E+00
  3.206000E+03  8.564674E-01
  3.206500E+03  7.370192E-01
  3.207000E+03  8.627564E-01
  3.207500E+03  5.274459E-01
  3.208000E+03 -5.447462E-01
  3.208500E+03 -1.909580E+00
  3.209000E+03 -2.814956E+00
  3.209500E+03 -2.850880E+00
  3.210000E+03 -2.181282E+00
  3.210500E+03 -1.239870E+00
  3.211000E+03 -3.366479E-01
  3.211500E+03  4.261327E-01
  3.212000E+03  1.007692E+00
  3.212500E+03  1.371881E+00
  3.213000E+03  1.588949E+00
  3.213500E+03  1.851663E+00
  3.214000E+03  2.256433E+00
  3.214500E+03  2.574547E+00
  3.215000E+03  2.357332E+00
  3.215500E+03  1.368910E+00
  3.216000E+03 -7.704189E-02
  3.216500E+03 -1.267977E+00
  3.217000E+03 -1.644470E+00
  3.217500E+03 -1.256869E+00
  3.218000E+03 -7.122275E-01
  3.218500E+03 -6.649907E-01
  3.219000E+03 -1.290579E+00
  3.219500E+03 -2.160197E+00
  3.220000E+03 -2.587037E+00
  3.220500E+03 -2.157562E+00
  3.221000E+03 -1.050203E+00
  3.221500E+03  8.182226E-02
  3.222000E+03  5.668839E-01
  3.222500E+03  1.703573E-01
  3.223000E+03 -7.789801E-01
  3.223500E+03 -1.652462E+00
  3.224000E+03 -1.931062E+00
  3.224500E+03 -1.440816E+00
  3.225000E+03 -3.023668E-01
  3.225500E+03  1.247624E+00
  3.226000E+03  2.946202E+00
  3.226500E+03  4.467007E+00
  3.227000E+03  5.404106E+00
  3.227500E+03  5.401214E+00
  3.228000E+03  4.360203E+00
  3.228500E+03  2.537243E+00
  3.229000E+03  4.200911E-01
  3.229500E+03 -1.520040E+00
  3.230000E+03 -3.006149E+00
  3.230500E+03 -3.955011E+00
  3.231000E+03 -4.363815E+00
  3.231500E+03 -4.232301E+00
  3.232000E+03 -3.595859E+00
  3.232500E+03 -2.603901E+00
  3.233000E+03 -1.514401E+00
  3.233500E+03 -5.576258E-01
  3.234000E+03  2.242660E-01
  3.234500E+03  9.877956E-01
  3.235000E+03  1.889726E+00
  3.235500E+03  2.834883E+00
  3.236000E+03  3.426395E+00
  3.236500E+03  3.224340E+00
  3.237000E+03  2.127814E+00
  3.237500E+03  5.460169E-01
  3.238000E+03 -8.150243E-01
  3.238500E+03 -1.392545E+00
  3.239000E+03 -1.093089E+00
  3.239500E+03 -2.896460E-01
  3.240000E+03  4.443739E-01
  3.240500E+03  6.421883E-01
  3.241000E+03  1.332161E-01
  3.241500E+03 -9.072265E-01
  3.242000E+03 -2.025027E+00
  3.242500E+03 -2.671879E+00
  3.243000E+03 -2.474069E+00
  3.243500E+03 -1.448932E+00
  3.244000E+03 -4.531463E-03
  3.244500E+03  1.298856E+00
  3.245000E+03  2.050442E+00
  3.245500E+03  2.139847E+00
  3.246000E+03  1.703954E+00
  3.246500E+03  9.905637E-01
  3.247000E+03  2.639263E-01
  3.247500E+03 -2.475842E-01
  3.248000E+03 -4.235255E-01
  3.248500E+03 -3.270390E-01
  3.249000E+03 -1.846149E-01
  3.249500E+03 -2.317694E-01
  3.250000E+03 -5.381697E-01
  3.250500E+03 -9.706851E-01
  3.251000E+03 -1.315507E+00
  3.251500E+03 -1.419045E+00
  3.252000E+03 -1.216366E+00
  3.252500E+03 -6.759342E-01
  3.253000E+03  2.083755E-01
  3.253500E+03  1.331608E+00
  3.254000E+03  2.409707E+00
  3.254500E+03  3.062660E+00
  3.255000E+03  3.029273E+00
  3.255500E+03  2.340353E+00
  3.256000E+03  1.297486E+00
  3.256500E+03  2.746761E-01
  3.257000E+03 -4.964335E-01
  3.257500E+03 -1.005731E+00
  3.258000E+03 -1.381365E+00
  3.258500E+03 -1.736315E+00
  3.259000E+03 -2.067987E+00
  3.259500E+03 -2.276533E+00
  3.260000E+03 -2.271005E+00
  3.260500E+03 -2.063020E+00
  3.261000E+03 -1.761214E+00
  3.261500E+03 -1.473610E+00
  3.262000E+03 -1.214106E+00
  3.262500E+03 -8.987809E-01
  3.263000E+03 -4.186308E-01
  3.263500E+03  2.932834E-01
  3.264000E+03  1.240410E+00
  3.264500E+03  2.346952E+00
  3.265000E+03  3.418843E+00
  3.265500E+03  4.146888E+00
  3.266000E+03  4.237103E+00
  3.266500E+03  3.615231E+00
  3.267000E+03  2.509731E+00
  3.267500E+03  1.289994E+00
  3.268000E+03  1.940812E-01
  3.268500E+03 -7.772237E-01
  3.269000E+03 -1.700520E+00
  3.269500E+03 -2.513887E+00
  3.270000E+03 -3.016576E+00
  3.270500E+03 -3.082828E+00
  3.271000E+03 -2.820422E+00
  3.271500E+03 -2.480897E+00
  3.272000E+03 -2.241209E+00
  3.272500E+03 -2.111210E+00
  3.273000E+03 -2.015123E+00
  3.273500E+03 -1.858925E+00
  3.274000E+03 -1.475312E+00
  3.274500E+03 -6.103424E-01
  3.275000E+03  8.595187E-01
  3.275500E+03  2.629895E+00
  3.276000E+03  3.996194E+00
  3.276500E+03  4.346102E+00
  3.277000E+03  3.694423E+00
  3.277500E+03  2.680069E+00
  3.278000E+03  1.978214E+00
  3.278500E+03  1.730928E+00
  3.279000E+03  1.582550E+00
  3.279500E+03  1.211666E+00
  3.280000E+03  7.002222E-01
  3.280500E+03  3.277250E-01
  3.281000E+03  1.043146E-01
  3.281500E+03 -3.344515E-01
  3.282000E+03 -1.315035E+00
  3.282500E+03 -2.682963E+00
  3.283000E+03 -3.852316E+00
  3.283500E+03 -4.290385E+00
  3.284000E+03 -3.909738E+00
  3.284500E+03 -3.007617E+00
  3.285000E+03 -1.923990E+00
  3.285500E+03 -8.307211E-01
  3.286000E+03  1.960462E-01
  3.286500E+03  1.025524E+00
  3.287000E+03  1.475120E+00
  3.287500E+03  1.449385E+00
  3.288000E+03  1.037760E+00
  3.288500E+03  4.779744E-01
  3.289000E+03  4.017169E-02
  3.289500E+03 -8.769989E-02
  3.290000E+03  1.186035E-01
  3.290500E+03  5.053021E-01
  3.291000E+03  8.434346E-01
  3.291500E+03  1.012489E+00
  3.292000E+03  1.098264E+00
  3.292500E+03  1.272367E+00
  3.293000E+03  1.555501E+00
  3.293500E+03  1.734904E+00
  3.294000E+03  1.558756E+00
  3.294500E+03  1.005376E+00
  3.295000E+03  3.215830E-01
  3.295500E+03 -2.090787E-01
  3.296000E+03 -4.928412E-01
  3.296500E+03 -6.017414E-01
  3.297000E+03 -5.838933E-01
  3.297500E+03 -3.928067E-01
  3.298000E+03 -3.541727E-02
  3.298500E+03  2.823458E-01
  3.299000E+03  2.630366E-01
  3.299500E+03 -1.845471E-01
  3.300000E+03 -7.869267E-01
  3.300500E+03 -1.098753E+00
  3.301000E+03 -8.836879E-01
  3.301500E+03 -3.153132E-01
  3.302000E+03  1.833203E-01
  3.302500E+03  2.819574E-01
  3.303000E+03 -6.365517E-02
  3.303500E+03 -7.071314E-01
  3.304000E+03 -1.526263E+00
  3.304500E+03 -2.486690E+00
  3.305000E+03 -3.486317E+00
  3.305500E+03 -4.198418E+00
  3.306000E+03 -4.177761E+00
  3.306500E+03 -3.210123E+00
  3.307000E+03 -1.556962E+00
  3.307500E+03  2.216471E-01
  3.308000E+03  1.741536E+00
  3.308500E+03  3.056547E+00
  3.309000E+03  4.378845E+00
  3.309500E+03  5.565834E+00
  3.310000E+03  6.039621E+00
  3.310500E+03  5.355541E+00
  3.311000E+03  3.815123E+00
  3.311500E+03  2.336984E+00
  3.312000E+03  1.604533E+00
  3.312500E+03  1.412587E+00
  3.313000E+03  9.911010E-01
  3.313500E+03 -4.232184E-02
  3.314000E+03 -1.225314E+00
  3.314500E+03 -1.836272E+00
  3.315000E+03 -1.793418E+00
  3.315500E+03 -1.745142E+00
  3.316000E+03 -2.243208E+00
  3.316500E+03 -3.049437E+00
  3.317000E+03 -3.449066E+00
  3.317500E+03 -3.147004E+00
  3.318000E+03 -2.581529E+00
  3.318500E+03 -2.273105E+00
  3.319000E+03 -2.107673E+00
  3.319500E+03 -1.534604E+00
  3.320000E+03 -4.170218E-01
  3.320500E+03  6.397080E-01
  3.321000E+03  9.852445E-01
  3.321500E+03  7.520063E-01
  3.322000E+03  6.709564E-01
  3.322500E+03  1.043113E+00
  3.323000E+03  1.216726E+00
  3.323500E+03  3.654380E-01
  3.324000E+03 -1.308226E+00
  3.324500E+03 -2.476713E+00
  3.325000E+03 -1.963300E+00
  3.325500E+03  1.492968E-02
  3.326000E+03  2.050856E+00
  3.326500E+03  2.947902E+00
  3.327000E+03  2.752953E+00
  3.327500E+03  2.405020E+00
  3.328000E+03  2.598180E+00
  3.328500E+03  3.175331E+00
  3.329000E+03  3.519008E+00
  3.329500E+03  3.242344E+00
  3.330000E+03  2.397766E+00
  3.330500E+03  1.234722E+00
  3.331000E+03  1.750099E-02
  3.331500E+03 -9.511744E-01
  3.332000E+03 -1.409771E+00
  3.332500E+03 -1.418160E+00
  3.333000E+03 -1.434588E+00
  3.333500E+03 -1.886268E+00
  3.334000E+03 -2.634502E+00
  3.334500E+03 -3.047204E+00
  3.335000E+03 -2.727546E+00
  3.335500E+03 -2.071659E+00
  3.336000E+03 -1.922628E+00
  3.336500E+03 -2.642911E+00
  3.337000E+03 -3.656935E+00
  3.337500E+03 -3.988093E+00
  3.338000E+03 -3.169139E+00
  3.338500E+03 -1.542006E+00
  3.339000E+03  2.359943E-01
  3.339500E+03  1.764853E+00
  3.340000E+03  2.932130E+00
  3.340500E+03  3.605238E+00
  3.341000E+03  3.590485E+00
  3.341500E+03  2.958243E+00
  3.342000E+03  2.202039E+00
  3.342500E+03  1.858880E+00
  3.343000E+03  1.967480E+00
  3.343500E+03  2.048320E+00
  3.344000E+03  1.692766E+00
  3.344500E+03  1.084649E+00
  3.345000E+03  8.241060E-01
  3.345500E+03  1.239156E+00
  3.346000E+03  1.962281E+00
  3.346500E+03  2.227923E+00
  3.347000E+03  1.542091E+00
  3.347500E+03  3.732514E-02
  3.348000E+03 -1.738024E+00
  3.348500E+03 -3.245626E+00
  3.349000E+03 -4.164158E+00
  3.349500E+03 -4.341080E+00
  3.350000E+03 -3.753167E+00
  3.350500E+03 -2.607550E+00
  3.351000E+03 -1.408563E+00
  3.351500E+03 -7.677984E-01
  3.352000E+03 -1.004863E+00
  3.352500E+03 -1.850360E+00
  3.353000E+03 -2.534029E+00
  3.353500E+03 -2.254153E+00
  3.354000E+03 -7.278325E-01
  3.354500E+03  1.568547E+00
  3.355000E+03  3.676161E+00
  3.355500E+03  4.788677E+00
  3.356000E+03  4.776269E+00
  3.356500E+03  4.163501E+00
  3.357000E+03  3.566909E+00
  3.357500E+03  3.103685E+00
  3.358000E+03  2.342001E+00
  3.358500E+03  8.444986E-01
  3.359000E+03 -1.251619E+00
  3.359500E+03 -3.221582E+00
  3.360000E+03 -4.317824E+00
  3.360500E+03 -4.324334E+00
  3.361000E+03 -3.565683E+00
  3.361500E+03 -2.463382E+00
  3.362000E+03 -1.201996E+00
  3.362500E+03  1.492994E-01
  3.363000E+03  1.321517E+00
  3.363500E+03  1.843829E+00
  3.364000E+03  1.449605E+00
  3.364500E+03  4.337595E-01
  3.365000E+03 -4.969087E-01
  3.365500E+03 -7.747378E-01
  3.366000E+03 -3.641304E-01
  3.366500E+03  3.683541E-01
  3.367000E+03  1.078248E+00
  3.367500E+03  1.657973E+00
  3.368000E+03  2.079488E+00
  3.368500E+03  2.192479E+00
  3.369000E+03  1.821202E+00
  3.369500E+03  1.049590E+00
  3.370000E+03  2.751259E-01
  3.370500E+03 -1.279849E-01
  3.371000E+03 -1.839226E-01
  3.371500E+03 -2.752609E-01
  3.372000E+03 -7.059426E-01
  3.372500E+03 -1.365234E+00
  3.373000E+03 -1.883004E+00
  3.373500E+03 -2.087750E+00
  3.374000E+03 -2.221542E+00
  3.374500E+03 -2.653818E+00
  3.375000E+03 -3.416876E+00
  3.375500E+03 -4.077299E+00
  3.376000E+03 -4.066469E+00
  3.376500E+03 -3.106855E+00
  3.377000E+03 -1.332770E+00
  3.377500E+03  9.121546E-01
  3.378000E+03  3.302292E+00
  3.378500E+03  5.559101E+00
  3.379000E+03  7.352274E+00
  3.379500E+03  8.281574E+00
  3.380000E+03  8.021259E+00
  3.380500E+03  6.519480E+00
  3.381000E+03  4.092041E+00
  3.381500E+03  1.328433E+00
  3.382000E+03 -1.160640E+00
  3.382500E+03 -3.023077E+00
  3.383000E+03 -4.280420E+00
  3.383500E+03 -5.160558E+00
  3.384000E+03 -5.769881E+00
  3.384500E+03 -5.928074E+00
  3.385000E+03 -5.371814E+00
  3.385500E+03 -4.133987E+00
  3.386000E+03 -2.658550E+00
  3.386500E+03 -1.468757E+00
  3.387000E+03 -7.279012E-01
  3.387500E+03 -1.879567E-01
  3.388000E+03  4.265440E-01
  3.388500E+03  1.080715E+00
  3.389000E+03  1.550646E+00
  3.389500E+03  1.808888E+00
  3.390000E+03  2.112029E+00
  3.390500E+03  2.616877E+00
  3.391000E+03  3.024984E+00
  3.391500E+03  2.808417E+00
  3.392000E+03  1.853025E+00
  3.392500E+03  7.493120E-01
  3.393000E+03  2.914289E-01
  3.393500E+03  6.822289E-01
  3.394000E+03  1.341773E+00
  3.394500E+03  1.543395E+00
  3.395000E+03  1.143805E+00
  3.395500E+03  5.926746E-01
  3.396000E+03  2.908658E-01
  3.396500E+03  1.206179E-01
  3.397000E+03 -3.091168E-01
  3.397500E+03 -1.074454E+00
  3.398000E+03 -1.769335E+00
  3.398500E+03 -1.945779E+00
  3.399000E+03 -1.587315E+00
  3.399500E+03 -1.056427E+00
  3.400000E+03 -6.611879E-01
  3.400500E+03 -4.273448E-01
  3.401000E+03 -3.014811E-01
  3.401500E+03 -3.965236E-01
  3.402000E+03 -8.713595E-01
  3.402500E+03 -1.609686E+00
  3.403000E+03 -2.202813E+00
  3.403500E+03 -2.343713E+00
  3.404000E+03 -2.135177E+00
  3.404500E+03 -1.865446E+00
  3.405000E+03 -1.513241E+00
  3.405500E+03 -6.816606E-01
  3.406000E+03  8.298448E-01
  3.406500E+03  2.480200E+00
  3.407000E+03  3.255497E+00
  3.407500E+03  2.633655E+00
  3.408000E+03  1.223267E+00
  3.408500E+03  2.917909E-01
  3.409000E+03  5.983950E-01
  3.409500E+03  1.746370E+00
  3.410000E+03  2.713110E+00
  3.410500E+03  2.916877E+00
  3.411000E+03  2.631774E+00
  3.411500E+03  2.383396E+00
  3.412000E+03  2.160598E+00
  3.412500E+03  1.442977E+00
  3.413000E+03 -1.156609E-03
  3.413500E+03 -1.571714E+00
  3.414000E+03 -2.298893E+00
  3.414500E+03 -1.849276E+00
  3.415000E+03 -9.197800E-01
  3.415500E+03 -5.340215E-01
  3.416000E+03 -1.015220E+00
  3.416500E+03 -1.772034E+00
  3.417000E+03 -2.074956E+00
  3.417500E+03 -1.865992E+00
  3.418000E+03 -1.674489E+00
  3.418500E+03 -1.836999E+00
  3.419000E+03 -2.052995E+00
  3.419500E+03 -1.839493E+00
  3.420000E+03 -1.274265E+00
  3.420500E+03 -1.014695E+00
  3.421000E+03 -1.477497E+00
  3.421500E+03 -2.168963E+00
  3.422000E+03 -2.070383E+00
  3.422500E+03 -7.439959E-01
  3.423000E+03  1.095222E+00
  3.423500E+03  2.252697E+00
  3.424000E+03  2.268007E+00
  3.424500E+03  1.832540E+00
  3.425000E+03  1.972362E+00
  3.425500E+03  2.938411E+00
  3.426000E+03  4.018754E+00
  3.426500E+03  4.388870E+00
  3.427000E+03  3.967732E+00
  3.427500E+03  3.348924E+00
  3.428000E+03  3.006833E+00
  3.428500E+03  2.762466E+00
  3.429000E+03  2.080419E+00
  3.429500E+03  7.609947E-01
  3.430000E+03 -7.972579E-01
  3.430500E+03 -2.000944E+00
  3.431000E+03 -2.605015E+00
  3.431500E+03 -2.815435E+00
  3.432000E+03 -2.958669E+00
  3.432500E+03 -3.170173E+00
  3.433000E+03 -3.392539E+00
  3.433500E+03 -3.545487E+00
  3.434000E+03 -3.606805E+00
  3.434500E+03 -3.578472E+00
  3.435000E+03 -3.482940E+00
  3.435500E+03 -3.404581E+00
  3.436000E+03 -3.424250E+00
  3.436500E+03 -3.417332E+00
  3.437000E+03 -2.963493E+00
  3.437500E+03 -1.610844E+00
  3.438000E+03  6.580495E-01
  3.438500E+03  3.241504E+00
  3.439000E+03  5.293846E+00
  3.439500E+03  6.352626E+00
  3.440000E+03  6.603619E+00
  3.440500E+03  6.530016E+00
  3.441000E+03  6.342683E+00
  3.441500E+03  5.803388E+00
  3.442000E+03  4.598563E+00
  3.442500E+03  2.817413E+00
  3.443000E+03  9.993510E-01
  3.443500E+03 -2.953192E-01
  3.444000E+03 -9.377992E-01
  3.444500E+03 -1.268297E+00
  3.445000E+03 -1.736183E+00
  3.445500E+03 -2.531799E+00
  3.446000E+03 -3.527595E+00
  3.446500E+03 -4.486191E+00
  3.447000E+03 -5.259770E+00
  3.447500E+03 -5.798597E+00
  3.448000E+03 -6.033068E+00
  3.448500E+03 -5.810065E+00
  3.449000E+03 -4.969302E+00
  3.449500E+03 -3.485065E+00
  3.450000E+03 -1.539882E+00
  3.450500E+03  5.349552E-01
  3.451000E+03  2.407698E+00
  3.451500E+03  3.876133E+00
  3.452000E+03  4.890002E+00
  3.452500E+03  5.463197E+00
  3.453000E+03  5.572223E+00
  3.453500E+03  5.159774E+00
  3.454000E+03  4.258263E+00
  3.454500E+03  3.096923E+00
  3.455000E+03  2.028233E+00
  3.455500E+03  1.281049E+00
  3.456000E+03  7.647608E-01
  3.456500E+03  1.538332E-01
  3.457000E+03 -7.834997E-01
  3.457500E+03 -1.923439E+00
  3.458000E+03 -2.865956E+00
  3.458500E+03 -3.283801E+00
  3.459000E+03 -3.182631E+00
  3.459500E+03 -2.815429E+00
  3.460000E+03 -2.380957E+00
  3.460500E+03 -1.866092E+00
  3.461000E+03 -1.198198E+00
  3.461500E+03 -4.872998E-01
  3.462000E+03 -2.220483E-02
  3.462500E+03  1.703688E-02
  3.463000E+03 -1.913305E-01
  3.463500E+03 -2.119815E-01
  3.464000E+03  2.573284E-01
  3.464500E+03  1.084865E+00
  3.465000E+03  1.785960E+00
  3.465500E+03  1.906103E+00
  3.466000E+03  1.367981E+00
  3.466500E+03  5.221153E-01
  3.467000E+03 -9.417828E-02
  3.467500E+03 -1.014048E-01
  3.468000E+03  4.765457E-01
  3.468500E+03  1.200269E+00
  3.469000E+03  1.472043E+00
  3.469500E+03  9.432485E-01
  3.470000E+03 -2.041687E-01
  3.470500E+03 -1.355243E+00
  3.471000E+03 -1.906140E+00
  3.471500E+03 -1.698759E+00
  3.472000E+03 -1.077241E+00
  3.472500E+03 -5.506009E-01
  3.473000E+03 -4.018210E-01
  3.473500E+03 -5.665349E-01
  3.474000E+03 -7.753684E-01
  3.474500E+03 -7.285135E-01
  3.475000E+03 -1.845634E-01
  3.475500E+03  9.375815E-01
  3.476000E+03  2.383933E+00
  3.476500E+03  3.511010E+00
  3.477000E+03  3.597108E+00
  3.477500E+03  2.410619E+00
  3.478000E+03  5.329810E-01
  3.478500E+03 -9.651738E-01
  3.479000E+03 -1.300100E+00
  3.479500E+03 -5.375546E-01
  3.480000E+03  5.342809E-01
  3.480500E+03  1.042993E+00
  3.481000E+03  5.867113E-01
  3.481500E+03 -6.762362E-01
  3.482000E+03 -2.278162E+00
  3.482500E+03 -3.696789E+00
  3.483000E+03 -4.486069E+00
  3.483500E+03 -4.388844E+00
  3.484000E+03 -3.472530E+00
  3.484500E+03 -2.132761E+00
  3.485000E+03 -8.479940E-01
  3.485500E+03  1.469080E-01
  3.486000E+03  9.471805E-01
  3.486500E+03  1.732969E+00
  3.487000E+03  2.468663E+00
  3.487500E+03  2.886763E+00
  3.488000E+03  2.773912E+00
  3.488500E+03  2.245134E+00
  3.489000E+03  1.716133E+00
  3.489500E+03  1.597401E+00
  3.490000E+03  1.978793E+00
  3.490500E+03  2.542244E+00
  3.491000E+03  2.747107E+00
  3.491500E+03  2.173916E+00
  3.492000E+03  8.363053E-01
  3.492500E+03 -7.496996E-01
  3.493000E+03 -1.857533E+00
  3.493500E+03 -2.063581E+00
  3.494000E+03 -1.584764E+00
  3.494500E+03 -1.098836E+00
  3.495000E+03 -1.145076E+00
  3.495500E+03 -1.637842E+00
  3.496000E+03 -1.969082E+00
  3.496500E+03 -1.619213E+00
  3.497000E+03 -6.893154E-01
  3.497500E+03  1.575696E-01
  3.498000E+03  2.797067E-01
  3.498500E+03 -3.887106E-01
  3.499000E+03 -1.297259E+00
  3.499500E+03 -1.742490E+00
  3.500000E+03 -1.405749E+00
  3.500500E+03 -5.398951E-01
  3.501000E+03  2.854837E-01
  3.501500E+03  6.306080E-01
  3.502000E+03  4.722809E-01
  3.502500E+03  1.416824E-01
  3.503000E+03  8.455658E-03
  3.503500E+03  1.982540E-01
  3.504000E+03  5.700297E-01
  3.504500E+03  9.128333E-01
  3.505000E+03  1.115951E+00
  3.505500E+03  1.150004E+00
  3.506000E+03  9.686792E-01
  3.506500E+03  5.457735E-01
  3.507000E+03  3.799959E-02
  3.507500E+03 -1.962041E-01
  3.508000E+03  1.167672E-01
  3.508500E+03  8.281992E-01
  3.509000E+03  1.416410E+00
  3.509500E+03  1.475177E+00
  3.510000E+03  1.135198E+00
  3.510500E+03  9.024972E-01
  3.511000E+03  1.049083E+00
  3.511500E+03  1.258749E+00
  3.512000E+03  9.805122E-01
  3.512500E+03  1.086275E-01
  3.513000E+03 -8.155543E-01
  3.513500E+03 -1.152308E+00
  3.514000E+03 -8.560106E-01
  3.514500E+03 -5.273969E-01
  3.515000E+03 -7.760543E-01
  3.515500E+03 -1.611242E+00
  3.516000E+03 -2.495592E+00
  3.516500E+03 -2.920746E+00
  3.517000E+03 -2.836582E+00
  3.517500E+03 -2.537826E+00
  3.518000E+03 -2.255497E+00
  3.518500E+03 -1.943212E+00
  3.519000E+03 -1.416424E+00
  3.519500E+03 -5.993785E-01
  3.520000E+03  3.901774E-01
  3.520500E+03  1.337001E+00
  3.521000E+03  2.064017E+00
  3.521500E+03  2.510997E+00
  3.522000E+03  2.736666E+00
  3.522500E+03  2.837612E+00
  3.523000E+03  2.819626E+00
  3.523500E+03  2.550439E+00
  3.524000E+03  1.897288E+00
  3.524500E+03  9.356718E-01
  3.525000E+03 -3.728683E-02
  3.525500E+03 -7.593340E-01
  3.526000E+03 -1.237544E+00
  3.526500E+03 -1.633150E+00
  3.527000E+03 -1.907360E+00
  3.527500E+03 -1.716143E+00
  3.528000E+03 -7.891787E-01
  3.528500E+03  6.231328E-01
  3.529000E+03  1.846403E+00
  3.529500E+03  2.411294E+00
  3.530000E+03  2.486484E+00
  3.530500E+03  2.544288E+00
  3.531000E+03  2.628322E+00
  3.531500E+03  2.158404E+00
  3.532000E+03  6.102085E-01
  3.532500E+03 -1.690353E+00
  3.533000E+03 -3.648544E+00
  3.533500E+03 -4.361369E+00
  3.534000E+03 -3.920182E+00
  3.534500E+03 -3.187520E+00
  3.535000E+03 -2.853676E+00
  3.535500E+03 -2.844559E+00
  3.536000E+03 -2.643752E+00
  3.536500E+03 -2.005365E+00
  3.537000E+03 -1.188856E+00
  3.537500E+03 -5.492115E-01
  3.538000E+03 -9.547722E-02
  3.538500E+03  4.456766E-01
  3.539000E+03  1.229690E+00
  3.539500E+03  2.104390E+00
  3.540000E+03  2.822172E+00
  3.540500E+03  3.315935E+00
  3.541000E+03  3.683774E+00
  3.541500E+03  3.956886E+00
  3.542000E+03  3.986563E+00
  3.542500E+03  3.583665E+00
  3.543000E+03  2.717371E+00
  3.543500E+03  1.554319E+00
  3.544000E+03  3.479603E-01
  3.544500E+03 -6.791899E-01
  3.545000E+03 -1.400689E+00
  3.545500E+03 -1.827618E+00
  3.546000E+03 -2.103747E+00
  3.546500E+03 -2.386796E+00
  3.547000E+03 -2.668716E+00
  3.547500E+03 -2.733393E+00
  3.548000E+03 -2.359106E+00
  3.548500E+03 -1.587782E+00
  3.549000E+03 -7.606197E-01
  3.549500E+03 -2.562541E-01
  3.550000E+03 -1.975205E-01
  3.550500E+03 -4.138955E-01
  3.551000E+03 -6.459748E-01
  3.551500E+03 -7.393574E-01
  3.552000E+03 -6.642110E-01
  3.552500E+03 -4.386840E-01
  3.553000E+03 -9.830992E-02
  3.553500E+03  2.900803E-01
  3.554000E+03  6.618464E-01
  3.554500E+03  1.028756E+00
  3.555000E+03  1.478437E+00
  3.555500E+03  2.060647E+00
  3.556000E+03  2.684340E+00
  3.556500E+03  3.149274E+00
  3.557000E+03  3.261730E+00
  3.557500E+03  2.891685E+00
  3.558000E+03  1.956244E+00
  3.558500E+03  4.577668E-01
  3.559000E+03 -1.384174E+00
  3.559500E+03 -3.086306E+00
  3.560000E+03 -4.120712E+00
  3.560500E+03 -4.278807E+00
  3.561000E+03 -3.818438E+00
  3.561500E+03 -3.204186E+00
  3.562000E+03 -2.681603E+00
  3.562500E+03 -2.108807E+00
  3.563000E+03 -1.182338E+00
  3.563500E+03  2.148998E-01
  3.564000E+03  1.880772E+00
  3.564500E+03  3.422841E+00
  3.565000E+03  4.451213E+00
  3.565500E+03  4.695645E+00
  3.566000E+03  4.085532E+00
  3.566500E+03  2.833424E+00
  3.567000E+03  1.417567E+00
  3.567500E+03  3.513221E-01
  3.568000E+03 -1.507060E-01
  3.568500E+03 -3.153541E-01
  3.569000E+03 -5.941564E-01
  3.569500E+03 -1.256179E+00
  3.570000E+03 -2.145048E+00
  3.570500E+03 -2.799647E+00
  3.571000E+03 -2.820112E+00
  3.571500E+03 -2.180988E+00
  3.572000E+03 -1.262705E+00
  3.572500E+03 -5.866648E-01
  3.573000E+03 -4.460446E-01
  3.573500E+03 -7.095377E-01
  3.574000E+03 -9.614027E-01
  3.574500E+03 -8.622663E-01
  3.575000E+03 -3.971321E-01
  3.575500E+03  2.220952E-01
  3.576000E+03  8.591550E-01
  3.576500E+03  1.580988E+00
  3.577000E+03  2.443944E+00
  3.577500E+03  3.220318E+00
  3.578000E+03  3.466399E+00
  3.578500E+03  2.924928E+00
  3.579000E+03  1.803217E+00
  3.579500E+03  5.695523E-01
  3.580000E+03 -5.155106E-01
  3.580500E+03 -1.579619E+00
  3.581000E+03 -2.822627E+00
  3.581500E+03 -4.105000E+00
  3.582000E+03 -4.948523E+00
  3.582500E+03 -4.935506E+00
  3.583000E+03 -4.018725E+00
  3.583500E+03 -2.421135E+00
  3.584000E+03 -3.547007E-01
  3.584500E+03  2.020880E+00
  3.585000E+03  4.377468E+00
  3.585500E+03  6.131721E+00
  3.586000E+03  6.741416E+00
  3.586500E+03  6.112859E+00
  3.587000E+03  4.652019E+00
  3.587500E+03  2.891142E+00
  3.588000E+03  1.107492E+00
  3.588500E+03 -6.814984E-01
  3.589000E+03 -2.436215E+00
  3.589500E+03 -3.920839E+00
  3.590000E+03 -4.832614E+00
  3.590500E+03 -5.041406E+00
  3.591000E+03 -4.657219E+00
  3.591500E+03 -3.892033E+00
  3.592000E+03 -2.903193E+00
  3.592500E+03 -1.761870E+00
  3.593000E+03 -5.211688E-01
  3.593500E+03  7.098376E-01
  3.594000E+03  1.742494E+00
  3.594500E+03  2.364338E+00
  3.595000E+03  2.478747E+00
  3.595500E+03  2.236725E+00
  3.596000E+03  1.988990E+00
  3.596500E+03  2.011397E+00
  3.597000E+03  2.234679E+00
  3.597500E+03  2.289833E+00
  3.598000E+03  1.867018E+00
  3.598500E+03  1.005859E+00
  3.599000E+03 -4.786396E-03
  3.599500E+03 -9.565538E-01
  3.600000E+03 -1.827473E+00
  3.600500E+03 -2.533341E+00
  3.601000E+03 -2.734021E+00
  3.601500E+03 -2.101796E+00
  3.602000E+03 -8.310861E-01
  3.602500E+03  2.811149E-01
  3.603000E+03  4.524229E-01
  3.603500E+03 -3.484690E-01
  3.604000E+03 -1.357696E+00
  3.604500E+03 -1.737884E+00
  3.605000E+03 -1.287203E+00
  3.605500E+03 -4.194987E-01
  3.606000E+03  4.235055E-01
  3.606500E+03  1.165243E+00
  3.607000E+03  1.897977E+00
  3.607500E+03  2.493824E+00
  3.608000E+03  2.610213E+00
  3.608500E+03  2.088438E+00
  3.609000E+03  1.204340E+00
  3.609500E+03  4.340525E-01
  3.610000E+03  2.533923E-02
  3.610500E+03 -1.217706E-01
  3.611000E+03 -1.941603E-01
  3.611500E+03 -2.165854E-01
  3.612000E+03 -1.142139E-01
  3.612500E+03  6.638958E-02
  3.613000E+03  1.161964E-01
  3.613500E+03 -1.365796E-01
  3.614000E+03 -6.377489E-01
  3.614500E+03 -1.131778E+00
  3.615000E+03 -1.335127E+00
  3.615500E+03 -1.093817E+00
  3.616000E+03 -4.773778E-01
  3.616500E+03  1.822962E-01
  3.617000E+03  3.948367E-01
  3.617500E+03 -1.652210E-01
  3.618000E+03 -1.307225E+00
  3.618500E+03 -2.342375E+00
  3.619000E+03 -2.604346E+00
  3.619500E+03 -2.040680E+00
  3.620000E+03 -1.252499E+00
  3.620500E+03 -8.850717E-01
  3.621000E+03 -9.819707E-01
  3.621500E+03 -9.789442E-01
  3.622000E+03 -3.224507E-01
  3.622500E+03  9.630565E-01
  3.623000E+03  2.325872E+00
  3.623500E+03  3.221456E+00
  3.624000E+03  3.531419E+00
  3.624500E+03  3.501401E+00
  3.625000E+03  3.384458E+00
  3.625500E+03  3.199640E+00
  3.626000E+03  2.775958E+00
  3.626500E+03  1.948802E+00
  3.627000E+03  7.281592E-01
  3.627500E+03 -6.345806E-01
  3.628000E+03 -1.710892E+00
  3.628500E+03 -2.111156E+00
  3.629000E+03 -1.753151E+00
  3.629500E+03 -9.437218E-01
  3.630000E+03 -1.396829E-01
  3.630500E+03  4.036555E-01
  3.631000E+03  7.149044E-01
  3.631500E+03  8.325601E-01
  3.632000E+03  5.491006E-01
  3.632500E+03 -4.270804E-01
  3.633000E+03 -2.016281E+00
  3.633500E+03 -3.592453E+00
  3.634000E+03 -4.417517E+00
  3.634500E+03 -4.294718E+00
  3.635000E+03 -3.723836E+00
  3.635500E+03 -3.357431E+00
  3.636000E+03 -3.342526E+00
  3.636500E+03 -3.252344E+00
  3.637000E+03 -2.621566E+00
  3.637500E+03 -1.428063E+00
  3.638000E+03 -1.403123E-03
  3.638500E+03  1.432161E+00
  3.639000E+03  2.955488E+00
  3.639500E+03  4.688742E+00
  3.640000E+03  6.441924E+00
  3.640500E+03  7.759497E+00
  3.641000E+03  8.285527E+00
  3.641500E+03  7.973298E+00
  3.642000E+03  6.917678E+00
  3.642500E+03  5.127054E+00
  3.643000E+03  2.621795E+00
  3.643500E+03 -2.587168E-01
  3.644000E+03 -2.838400E+00
  3.644500E+03 -4.558121E+00
  3.645000E+03 -5.432271E+00
  3.645500E+03 -5.925823E+00
  3.646000E+03 -6.326329E+00
  3.646500E+03 -6.335710E+00
  3.647000E+03 -5.404655E+00
  3.647500E+03 -3.462293E+00
  3.648000E+03 -1.197676E+00
  3.648500E+03  4.522888E-01
  3.649000E+03  1.050869E+00
  3.649500E+03  8.603187E-01
  3.650000E+03  3.904697E-01
  3.650500E+03 -8.291988E-02
  3.651000E+03 -5.126676E-01
  3.651500E+03 -7.755035E-01
  3.652000E+03 -6.084525E-01
  3.652500E+03  9.492169E-02
  3.653000E+03  1.072357E+00
  3.653500E+03  1.918934E+00
  3.654000E+03  2.490486E+00
  3.654500E+03  2.948952E+00
  3.655000E+03  3.387346E+00
  3.655500E+03  3.561998E+00
  3.656000E+03  3.141019E+00
  3.656500E+03  2.172301E+00
  3.657000E+03  1.128303E+00
  3.657500E+03  4.045884E-01
  3.658000E+03 -1.171759E-01
  3.658500E+03 -8.650941E-01
  3.659000E+03 -1.958566E+00
  3.659500E+03 -2.953504E+00
  3.660000E+03 -3.299896E+00
  3.660500E+03 -2.974513E+00
  3.661000E+03 -2.523040E+00
  3.661500E+03 -2.454234E+00
  3.662000E+03 -2.684421E+00
  3.662500E+03 -2.629598E+00
  3.663000E+03 -1.779339E+00
  3.663500E+03 -1.200116E-01
  3.664000E+03  1.922887E+00
  3.664500E+03  3.794821E+00
  3.665000E+03  5.030873E+00
  3.665500E+03  5.345253E+00
  3.666000E+03  4.724393E+00
  3.666500E+03  3.477846E+00
  3.667000E+03  2.068131E+00
  3.667500E+03  7.749542E-01
  3.668000E+03 -4.533811E-01
  3.668500E+03 -1.751454E+00
  3.669000E+03 -2.973840E+00
  3.669500E+03 -3.695307E+00
  3.670000E+03 -3.628986E+00
  3.670500E+03 -2.982631E+00
  3.671000E+03 -2.318985E+00
  3.671500E+03 -2.064490E+00
  3.672000E+03 -2.190516E+00
  3.672500E+03 -2.332067E+00
  3.673000E+03 -2.109842E+00
  3.673500E+03 -1.321781E+00
  3.674000E+03  2.054030E-02
  3.674500E+03  1.657484E+00
  3.675000E+03  3.085683E+00
  3.675500E+03  3.788830E+00
  3.676000E+03  3.622483E+00
  3.676500E+03  2.935997E+00
  3.677000E+03  2.193191E+00
  3.677500E+03  1.477811E+00
  3.678000E+03  5.185089E-01
  3.678500E+03 -7.283788E-01
  3.679000E+03 -1.676648E+00
  3.679500E+03 -1.531853E+00
  3.680000E+03 -1.926051E-01
  3.680500E+03  1.408290E+00
  3.681000E+03  2.029800E+00
  3.681500E+03  1.221390E+00
  3.682000E+03 -3.403843E-01
  3.682500E+03 -1.563752E+00
  3.683000E+03 -1.875644E+00
  3.683500E+03 -1.457953E+00
  3.684000E+03 -7.726879E-01
  3.684500E+03 -8.713414E-02
  3.685000E+03  5.331638E-01
  3.685500E+03  1.000046E+00
  3.686000E+03  1.177594E+00
  3.686500E+03  1.045062E+00
  3.687000E+03  7.096321E-01
  3.687500E+03  1.962190E-01
  3.688000E+03 -6.485857E-01
  3.688500E+03 -1.909871E+00
  3.689000E+03 -3.296708E+00
  3.689500E+03 -4.225645E+00
  3.690000E+03 -4.281817E+00
  3.690500E+03 -3.542635E+00
  3.691000E+03 -2.397531E+00
  3.691500E+03 -1.116686E+00
  3.692000E+03  2.983865E-01
  3.692500E+03  1.858767E+00
  3.693000E+03  3.334917E+00
  3.693500E+03  4.370274E+00
  3.694000E+03  4.803560E+00
  3.694500E+03  4.765476E+00
  3.695000E+03  4.437904E+00
  3.695500E+03  3.819444E+00
  3.696000E+03  2.813978E+00
  3.696500E+03  1.508968E+00
  3.697000E+03  2.529763E-01
  3.697500E+03 -5.973588E-01
  3.698000E+03 -9.773223E-01
  3.698500E+03 -1.137155E+00
  3.699000E+03 -1.400157E+00
  3.699500E+03 -1.927648E+00
  3.700000E+03 -2.670987E+00
  3.700500E+03 -3.452516E+00
  3.701000E+03 -4.051118E+00
  3.701500E+03 -4.273209E+00
  3.702000E+03 -4.036984E+00
  3.702500E+03 -3.421249E+00
  3.703000E+03 -2.602652E+00
  3.703500E+03 -1.722123E+00
  3.704000E+03 -8.215512E-01
  3.704500E+03  9.560512E-02
  3.705000E+03  9.947294E-01
  3.705500E+03  1.846385E+00
  3.706000E+03  2.698898E+00
  3.706500E+03  3.619912E+00
  3.707000E+03  4.506679E+00
  3.707500E+03  4.997966E+00
  3.708000E+03  4.684472E+00
  3.708500E+03  3.494625E+00
  3.709000E+03  1.887097E+00
  3.709500E+03  6.117097E-01
  3.710000E+03  1.905049E-01
  3.710500E+03  5.326490E-01
  3.711000E+03  9.960571E-01
  3.711500E+03  8.581107E-01
  3.712000E+03 -1.535532E-01
  3.712500E+03 -1.673163E+00
  3.713000E+03 -3.006598E+00
  3.713500E+03 -3.690109E+00
  3.714000E+03 -3.803946E+00
  3.714500E+03 -3.740149E+00
  3.715000E+03 -3.664771E+00
  3.715500E+03 -3.276376E+00
  3.716000E+03 -2.180707E+00
  3.716500E+03 -4.927311E-01
  3.717000E+03  1.059378E+00
  3.717500E+03  1.741104E+00
  3.718000E+03  1.502508E+00
  3.718500E+03  9.676383E-01
  3.719000E+03  7.216520E-01
  3.719500E+03  7.216505E-01
  3.720000E+03  5.064486E-01
  3.720500E+03 -9.471904E-02
  3.721000E+03 -6.588788E-01
  3.721500E+03 -6.507934E-01
  3.722000E+03 -7.264260E-02
  3.722500E+03  5.407577E-01
  3.723000E+03  7.644627E-01
  3.723500E+03  7.445199E-01
  3.724000E+03  9.177254E-01
  3.724500E+03  1.394073E+00
  3.725000E+03  1.814234E+00
  3.725500E+03  1.835999E+00
  3.726000E+03  1.573582E+00
  3.726500E+03  1.411452E+00
  3.727000E+03  1.482568E+00
  3.727500E+03  1.549529E+00
  3.728000E+03  1.442401E+00
  3.728500E+03  1.391171E+00
  3.729000E+03  1.690599E+00
  3.729500E+03  2.074320E+00
  3.730000E+03  1.699395E+00
  3.730500E+03 -3.103715E-02
  3.731000E+03 -2.671331E+00
  3.731500E+03 -4.937620E+00
  3.732000E+03 -5.794088E+00
  3.732500E+03 -5.294666E+00
  3.733000E+03 -4.339969E+00
  3.733500E+03 -3.723520E+00
  3.734000E+03 -3.528186E+00
  3.734500E+03 -3.362322E+00
  3.735000E+03 -2.919407E+00
  3.735500E+03 -2.147062E+00
  3.736000E+03 -1.015476E+00
  3.736500E+03  5.683125E-01
  3.737000E+03  2.476253E+00
  3.737500E+03  4.153346E+00
  3.738000E+03  4.953677E+00
  3.738500E+03  4.760425E+00
  3.739000E+03  4.146684E+00
  3.739500E+03  3.803134E+00
  3.740000E+03  3.847071E+00
  3.740500E+03  3.802705E+00
  3.741000E+03  3.245578E+00
  3.741500E+03  2.312937E+00
  3.742000E+03  1.481548E+00
  3.742500E+03  9.438310E-01
  3.743000E+03  3.983123E-01
  3.743500E+03 -4.868069E-01
  3.744000E+03 -1.553956E+00
  3.744500E+03 -2.277369E+00
  3.745000E+03 -2.409161E+00
  3.745500E+03 -2.354227E+00
  3.746000E+03 -2.779826E+00
  3.746500E+03 -3.874811E+00
  3.747000E+03 -5.084668E+00
  3.747500E+03 -5.595084E+00
  3.748000E+03 -5.015569E+00
  3.748500E+03 -3.579122E+00
  3.749000E+03 -1.790551E+00
  3.749500E+03 -2.275330E-02
  3.750000E+03  1.545040E+00
  3.750500E+03  2.766678E+00
  3.751000E+03  3.490509E+00
  3.751500E+03  3.708163E+00
  3.752000E+03  3.632153E+00
  3.752500E+03  3.525058E+00
  3.753000E+03  3.447791E+00
  3.753500E+03  3.218166E+00
  3.754000E+03  2.617518E+00
  3.754500E+03  1.600139E+00
  3.755000E+03  3.010011E-01
  3.755500E+03 -1.093456E+00
  3.756000E+03 -2.416222E+00
  3.756500E+03 -3.478172E+00
  3.757000E+03 -4.037052E+00
  3.757500E+03 -3.874728E+00
  3.758000E+03 -2.925532E+00
  3.758500E+03 -1.343365E+00
  3.759000E+03  5.180525E-01
  3.759500E+03  2.175686E+00
  3.760000E+03  3.147383E+00
  3.760500E+03  3.166941E+00
  3.761000E+03  2.385642E+00
  3.761500E+03  1.347146E+00
  3.762000E+03  6.503113E-01
  3.762500E+03  5.282863E-01
  3.763000E+03  7.134884E-01
  3.763500E+03  7.090742E-01
  3.764000E+03  1.955667E-01
  3.764500E+03 -7.913770E-01
  3.765000E+03 -1.983398E+00
  3.765500E+03 -3.072427E+00
  3.766000E+03 -3.783336E+00
  3.766500E+03 -3.890693E+00
  3.767000E+03 -3.320729E+00
  3.767500E+03 -2.272842E+00
  3.768000E+03 -1.140174E+00
  3.768500E+03 -1.993205E-01
  3.769000E+03  6.267077E-01
  3.769500E+03  1.621886E+00
  3.770000E+03  2.855678E+00
  3.770500E+03  3.962800E+00
  3.771000E+03  4.427137E+00
  3.771500E+03  4.099796E+00
  3.772000E+03  3.368606E+00
  3.772500E+03  2.747701E+00
  3.773000E+03  2.310138E+00
  3.773500E+03  1.603874E+00
  3.774000E+03  1.959925E-01
  3.774500E+03 -1.703519E+00
  3.775000E+03 -3.228581E+00
  3.775500E+03 -3.556618E+00
  3.776000E+03 -2.690029E+00
  3.776500E+03 -1.552899E+00
  3.777000E+03 -1.252260E+00
  3.777500E+03 -2.139251E+00
  3.778000E+03 -3.510648E+00
  3.778500E+03 -4.213387E+00
  3.779000E+03 -3.594759E+00
  3.779500E+03 -1.952463E+00
  3.780000E+03 -1.458570E-01
  3.780500E+03  1.174675E+00
  3.781000E+03  1.962322E+00
  3.781500E+03  2.498753E+00
  3.782000E+03  2.869400E+00
  3.782500E+03  2.817478E+00
  3.783000E+03  2.119550E+00
  3.783500E+03  1.012133E+00
  3.784000E+03  1.396177E-01
  3.784500E+03  3.352198E-02
  3.785000E+03  6.554082E-01
  3.785500E+03  1.470199E+00
  3.786000E+03  1.958910E+00
  3.786500E+03  2.044669E+00
  3.787000E+03  2.032697E+00
  3.787500E+03  2.176784E+00
  3.788000E+03  2.338418E+00
  3.788500E+03  2.076563E+00
  3.789000E+03  1.070661E+00
  3.789500E+03 -5.304974E-01
  3.790000E+03 -2.161413E+00
  3.790500E+03 -3.252883E+00
  3.791000E+03 -3.642655E+00
  3.791500E+03 -3.625706E+00
  3.792000E+03 -3.614374E+00
  3.792500E+03 -3.737026E+00
  3.793000E+03 -3.752105E+00
  3.793500E+03 -3.333890E+00
  3.794000E+03 -2.415192E+00
  3.794500E+03 -1.239737E+00
  3.795000E+03 -1.147909E-01
  3.795500E+03  8.226103E-01
  3.796000E+03  1.573686E+00
  3.796500E+03  2.084749E+00
  3.797000E+03  2.202652E+00
  3.797500E+03  1.884325E+00
  3.798000E+03  1.407238E+00
  3.798500E+03  1.269942E+00
  3.799000E+03  1.803713E+00
  3.799500E+03  2.851940E+00
  3.800000E+03  3.828310E+00
  3.800500E+03  4.105008E+00
  3.801000E+03  3.407744E+00
  3.801500E+03  1.948517E+00
  3.802000E+03  2.701708E-01
  3.802500E+03 -1.057003E+00
  3.803000E+03 -1.726100E+00
  3.803500E+03 -1.835987E+00
  3.804000E+03 -1.787570E+00
  3.804500E+03 -1.964167E+00
  3.805000E+03 -2.418497E+00
  3.805500E+03 -2.840308E+00
  3.806000E+03 -2.852676E+00
  3.806500E+03 -2.362833E+00
  3.807000E+03 -1.625530E+00
  3.807500E+03 -9.657747E-01
  3.808000E+03 -4.541026E-01
  3.808500E+03  1.366229E-01
  3.809000E+03  1.059451E+00
  3.809500E+03  2.275450E+00
  3.810000E+03  3.379224E+00
  3.810500E+03  3.825885E+00
  3.811000E+03  3.277951E+00
  3.811500E+03  1.825183E+00
  3.812000E+03 -5.792743E-02
  3.812500E+03 -1.766337E+00
  3.813000E+03 -2.842306E+00
  3.813500E+03 -3.100718E+00
  3.814000E+03 -2.587085E+00
  3.814500E+03 -1.507979E+00
  3.815000E+03 -2.346970E-01
  3.815500E+03  7.162503E-01
  3.816000E+03  8.956589E-01
  3.816500E+03  2.684893E-01
  3.817000E+03 -6.522639E-01
  3.817500E+03 -1.146667E+00
  3.818000E+03 -8.760899E-01
  3.818500E+03 -1.407312E-01
  3.819000E+03  4.833063E-01
  3.819500E+03  7.384003E-01
  3.820000E+03  8.510297E-01
  3.820500E+03  1.117000E+00
  3.821000E+03  1.453982E+00
  3.821500E+03  1.491303E+00
  3.822000E+03  1.071659E+00
  3.822500E+03  5.049801E-01
  3.823000E+03  2.299757E-01
  3.823500E+03  3.038227E-01
  3.824000E+03  3.675466E-01
  3.824500E+03  1.287171E-01
  3.825000E+03 -2.528843E-01
  3.825500E+03 -3.563162E-01
  3.826000E+03 -1.158443E-02
  3.826500E+03  5.067811E-01
  3.827000E+03  8.110876E-01
  3.827500E+03  8.082364E-01
  3.828000E+03  6.941984E-01
  3.828500E+03  6.118447E-01
  3.829000E+03  4.504065E-01
  3.829500E+03  1.952803E-02
  3.830000E+03 -6.688549E-01
  3.830500E+03 -1.369899E+00
  3.831000E+03 -1.823739E+00
  3.831500E+03 -1.940099E+00
  3.832000E+03 -1.796787E+00
  3.832500E+03 -1.557937E+00
  3.833000E+03 -1.422176E+00
  3.833500E+03 -1.543245E+00
  3.834000E+03 -1.878255E+00
  3.834500E+03 -2.124120E+00
  3.835000E+03 -1.925465E+00
  3.835500E+03 -1.223464E+00
  3.836000E+03 -3.579608E-01
  3.836500E+03  2.460415E-01
  3.837000E+03  4.887442E-01
  3.837500E+03  6.525105E-01
  3.838000E+03  1.073632E+00
  3.838500E+03  1.830061E+00
  3.839000E+03  2.746994E+00
  3.839500E+03  3.581081E+00
  3.840000E+03  4.097628E+00
  3.840500E+03  4.060438E+00
  3.841000E+03  3.370031E+00
  3.841500E+03  2.309471E+00
  3.842000E+03  1.493781E+00
  3.842500E+03  1.338227E+00
  3.843000E+03  1.536162E+00
  3.843500E+03  1.248789E+00
  3.844000E+03 -2.071652E-02
  3.844500E+03 -1.786216E+00
  3.845000E+03 -2.966501E+00
  3.845500E+03 -2.960383E+00
  3.846000E+03 -2.238254E+00
  3.846500E+03 -1.805807E+00
  3.847000E+03 -2.183006E+00
  3.847500E+03 -3.040850E+00
  3.848000E+03 -3.775839E+00
  3.848500E+03 -4.187127E+00
  3.849000E+03 -4.425581E+00
  3.849500E+03 -4.418320E+00
  3.850000E+03 -3.662209E+00
  3.850500E+03 -1.759003E+00
  3.851000E+03  9.501688E-01
  3.851500E+03  3.480979E+00
  3.852000E+03  4.994722E+00
  3.852500E+03  5.420535E+00
  3.853000E+03  5.272867E+00
  3.853500E+03  4.964307E+00
  3.854000E+03  4.418371E+00
  3.854500E+03  3.331264E+00
  3.855000E+03  1.664122E+00
  3.855500E+03 -2.203565E-01
  3.856000E+03 -1.851641E+00
  3.856500E+03 -2.966875E+00
  3.857000E+03 -3.522202E+00
  3.857500E+03 -3.505546E+00
  3.858000E+03 -2.865582E+00
  3.858500E+03 -1.660429E+00
  3.859000E+03 -2.203197E-01
  3.859500E+03  9.177744E-01
  3.860000E+03  1.304846E+00
  3.860500E+03  8.720583E-01
  3.861000E+03 -1.422205E-02
  3.861500E+03 -7.710063E-01
  3.862000E+03 -9.214018E-01
  3.862500E+03 -3.054376E-01
  3.863000E+03  9.089353E-01
  3.863500E+03  2.337719E+00
  3.864000E+03  3.501041E+00
  3.864500E+03  3.940363E+00
  3.865000E+03  3.395769E+00
  3.865500E+03  2.006399E+00
  3.866000E+03  3.327227E-01
  3.866500E+03 -9.542153E-01
  3.867000E+03 -1.551758E+00
  3.867500E+03 -1.745192E+00
  3.868000E+03 -2.109070E+00
  3.868500E+03 -2.940012E+00
  3.869000E+03 -3.973249E+00
  3.869500E+03 -4.654106E+00
  3.870000E+03 -4.654494E+00
  3.870500E+03 -4.092955E+00
  3.871000E+03 -3.283640E+00
  3.871500E+03 -2.358894E+00
  3.872000E+03 -1.191001E+00
  3.872500E+03  3.558138E-01
  3.873000E+03  2.174558E+00
  3.873500E+03  3.931651E+00
  3.874000E+03  5.278731E+00
  3.874500E+03  6.012646E+00
  3.875000E+03  6.073176E+00
  3.875500E+03  5.475017E+00
  3.876000E+03  4.292032E+00
  3.876500E+03  2.686478E+00
  3.877000E+03  9.051823E-01
  3.877500E+03 -7.830698E-01
  3.878000E+03 -2.163639E+00
  3.878500E+03 -3.116525E+00
  3.879000E+03 -3.608381E+00
  3.879500E+03 -3.653229E+00
  3.880000E+03 -3.284637E+00
  3.880500E+03 -2.587448E+00
  3.881000E+03 -1.769494E+00
  3.881500E+03 -1.147979E+00
  3.882000E+03 -9.477469E-01
  3.882500E+03 -1.033999E+00
  3.883000E+03 -8.985821E-01
  3.883500E+03 -5.751885E-02
  3.884000E+03  1.443157E+00
  3.884500E+03  2.951725E+00
  3.885000E+03  3.727855E+00
  3.885500E+03  3.564745E+00
  3.886000E+03  2.870855E+00
  3.886500E+03  2.152593E+00
  3.887000E+03  1.508632E+00
  3.887500E+03  6.901968E-01
  3.888000E+03 -4.282661E-01
  3.888500E+03 -1.597329E+00
  3.889000E+03 -2.450162E+00
  3.889500E+03 -2.885429E+00
  3.890000E+03 -3.071345E+00
  3.890500E+03 -3.122151E+00
  3.891000E+03 -2.941784E+00
  3.891500E+03 -2.454053E+00
  3.892000E+03 -1.849519E+00
  3.892500E+03 -1.426382E+00
  3.893000E+03 -1.187560E+00
  3.893500E+03 -7.657632E-01
  3.894000E+03  1.314487E-01
  3.894500E+03  1.273417E+00
  3.895000E+03  2.056057E+00
  3.895500E+03  2.144836E+00
  3.896000E+03  1.883424E+00
  3.896500E+03  1.986300E+00
  3.897000E+03  2.841095E+00
  3.897500E+03  4.139102E+00
  3.898000E+03  5.130336E+00
  3.898500E+03  5.158909E+00
  3.899000E+03  4.006888E+00
  3.899500E+03  1.929255E+00
  3.900000E+03 -4.738694E-01
  3.900500E+03 -2.474078E+00
  3.901000E+03 -3.534457E+00
  3.901500E+03 -3.593329E+00
  3.902000E+03 -3.042014E+00
  3.902500E+03 -2.361776E+00
  3.903000E+03 -1.779505E+00
  3.903500E+03 -1.301047E+00
  3.904000E+03 -1.003868E+00
  3.904500E+03 -1.127212E+00
  3.905000E+03 -1.785224E+00
  3.905500E+03 -2.688924E+00
  3.906000E+03 -3.313115E+00
  3.906500E+03 -3.363232E+00
  3.907000E+03 -2.958038E+00
  3.907500E+03 -2.287546E+00
  3.908000E+03 -1.219666E+00
  3.908500E+03  5.561640E-01
  3.909000E+03  2.961438E+00
  3.909500E+03  5.274262E+00
  3.910000E+03  6.613646E+00
  3.910500E+03  6.678960E+00
  3.911000E+03  5.903566E+00
  3.911500E+03  4.859395E+00
  3.912000E+03  3.637699E+00
  3.912500E+03  1.932181E+00
  3.913000E+03 -3.240787E-01
  3.913500E+03 -2.580764E+00
  3.914000E+03 -4.029145E+00
  3.914500E+03 -4.294334E+00
  3.915000E+03 -3.703025E+00
  3.915500E+03 -2.902644E+00
  3.916000E+03 -2.321893E+00
  3.916500E+03 -2.025853E+00
  3.917000E+03 -1.961779E+00
  3.917500E+03 -2.154875E+00
  3.918000E+03 -2.584104E+00
  3.918500E+03 -2.950519E+00
  3.919000E+03 -2.722167E+00
  3.919500E+03 -1.516927E+00
  3.920000E+03  5.238087E-01
  3.920500E+03  2.744682E+00
  3.921000E+03  4.379129E+00
  3.921500E+03  4.999841E+00
  3.922000E+03  4.670359E+00
  3.922500E+03  3.760093E+00
  3.923000E+03  2.665638E+00
  3.923500E+03  1.672906E+00
  3.924000E+03  9.664778E-01
  3.924500E+03  6.364182E-01
  3.925000E+03  6.191753E-01
  3.925500E+03  6.882112E-01
  3.926000E+03  6.040521E-01
  3.926500E+03  3.147003E-01
  3.927000E+03 -3.591691E-02
  3.927500E+03 -3.405204E-01
  3.928000E+03 -7.255871E-01
  3.928500E+03 -1.424198E+00
  3.929000E+03 -2.433968E+00
  3.929500E+03 -3.402035E+00
  3.930000E+03 -3.957739E+00
  3.930500E+03 -4.134130E+00
  3.931000E+03 -4.320386E+00
  3.931500E+03 -4.715984E+00
  3.932000E+03 -4.922362E+00
  3.932500E+03 -4.239341E+00
  3.933000E+03 -2.418289E+00
  3.933500E+03 -2.646177E-02
  3.934000E+03  2.025100E+00
  3.934500E+03  3.276457E+00
  3.935000E+03  3.960227E+00
  3.935500E+03  4.495778E+00
  3.936000E+03  4.922413E+00
  3.936500E+03  4.955382E+00
  3.937000E+03  4.509687E+00
  3.937500E+03  3.950301E+00
  3.938000E+03  3.718432E+00
  3.938500E+03  3.808627E+00
  3.939000E+03  3.760700E+00
  3.939500E+03  3.170666E+00
  3.940000E+03  2.089224E+00
  3.940500E+03  8.591989E-01
  3.941000E+03 -3.392108E-01
  3.941500E+03 -1.645563E+00
  3.942000E+03 -3.223476E+00
  3.942500E+03 -4.932691E+00
  3.943000E+03 -6.378922E+00
  3.943500E+03 -7.236214E+00
  3.944000E+03 -7.420015E+00
  3.944500E+03 -6.945365E+00
  3.945000E+03 -5.743238E+00
  3.945500E+03 -3.747233E+00
  3.946000E+03 -1.178113E+00
  3.946500E+03  1.346665E+00
  3.947000E+03  3.098000E+00
  3.947500E+03  3.716113E+00
  3.948000E+03  3.470132E+00
  3.948500E+03  3.063919E+00
  3.949000E+03  3.133715E+00
  3.949500E+03  3.813218E+00
  3.950000E+03  4.666911E+00
  3.950500E+03  5.006326E+00
  3.951000E+03  4.333606E+00
  3.951500E+03  2.601916E+00
  3.952000E+03  1.728465E-01
  3.952500E+03 -2.397848E+00
  3.953000E+03 -4.544308E+00
  3.953500E+03 -5.789045E+00
  3.954000E+03 -5.843211E+00
  3.954500E+03 -4.736634E+00
  3.955000E+03 -2.845164E+00
  3.955500E+03 -6.966492E-01
  3.956000E+03  1.327166E+00
  3.956500E+03  3.111862E+00
  3.957000E+03  4.637976E+00
  3.957500E+03  5.728356E+00
  3.958000E+03  6.021504E+00
  3.958500E+03  5.218025E+00
  3.959000E+03  3.360512E+00
  3.959500E+03  9.135571E-01
  3.960000E+03 -1.381482E+00
  3.960500E+03 -2.794398E+00
  3.961000E+03 -2.977640E+00
  3.961500E+03 -2.284238E+00
  3.962000E+03 -1.713612E+00
  3.962500E+03 -2.265565E+00
  3.963000E+03 -4.045910E+00
  3.963500E+03 -5.959086E+00
  3.964000E+03 -6.485948E+00
  3.964500E+03 -4.979039E+00
  3.965000E+03 -2.239676E+00
  3.965500E+03  2.309634E-01
  3.966000E+03  1.550158E+00
  3.966500E+03  2.006593E+00
  3.967000E+03  2.405020E+00
  3.967500E+03  3.080050E+00
  3.968000E+03  3.675338E+00
  3.968500E+03  3.747663E+00
  3.969000E+03  3.314134E+00
  3.969500E+03  2.719069E+00
  3.970000E+03  2.163000E+00
  3.970500E+03  1.588967E+00
  3.971000E+03  9.903251E-01
  3.971500E+03  5.715083E-01
  3.972000E+03  4.577302E-01
  3.972500E+03  3.874831E-01
  3.973000E+03 -7.078917E-02
  3.973500E+03 -9.585724E-01
  3.974000E+03 -1.753901E+00
  3.974500E+03 -1.885152E+00
  3.975000E+03 -1.353554E+00
  3.975500E+03 -7.226026E-01
  3.976000E+03 -5.076250E-01
  3.976500E+03 -7.028996E-01
  3.977000E+03 -9.402036E-01
  3.977500E+03 -9.719522E-01
  3.978000E+03 -8.697762E-01
  3.978500E+03 -8.160785E-01
  3.979000E+03 -8.800565E-01
  3.979500E+03 -1.043312E+00
  3.980000E+03 -1.290150E+00
  3.980500E+03 -1.529262E+00
  3.981000E+03 -1.494832E+00
  3.981500E+03 -9.196859E-01
  3.982000E+03  1.182588E-01
  3.982500E+03  1.131814E+00
  3.983000E+03  1.618318E+00
  3.983500E+03  1.487004E+00
  3.984000E+03  1.023880E+00
  3.984500E+03  5.054596E-01
  3.985000E+03  2.630383E-02
  3.985500E+03 -2.569840E-01
  3.986000E+03  5.584604E-02
  3.986500E+03  1.260889E+00
  3.987000E+03  2.987185E+00
  3.987500E+03  4.217678E+00
  3.988000E+03  4.103182E+00
  3.988500E+03  2.769259E+00
  3.989000E+03  1.198673E+00
  3.989500E+03  2.825362E-01
  3.990000E+03  6.327582E-02
  3.990500E+03 -8.088129E-02
  3.991000E+03 -6.564374E-01
  3.991500E+03 -1.598063E+00
  3.992000E+03 -2.512410E+00
  3.992500E+03 -3.157260E+00
  3.993000E+03 -3.578212E+00
  3.993500E+03 -3.895846E+00
  3.994000E+03 -4.124352E+00
  3.994500E+03 -4.190007E+00
  3.995000E+03 -3.984782E+00
  3.995500E+03 -3.356180E+00
  3.996000E+03 -2.180457E+00
  3.996500E+03 -5.774069E-01
  3.997000E+03  1.012085E+00
  3.997500E+03  2.142966E+00
  3.998000E+03  2.815347E+00
  3.998500E+03  3.471213E+00
  3.999000E+03  4.415597E+00
  3.999500E+03  5.309980E+00
  4.000000E+03  5.422157E+00
  4.000500E+03  4.433853E+00
  4.001000E+03  2.866529E+00
  4.001500E+03  1.578717E+00
  4.002000E+03  8.942717E-01
  4.002500E+03  3.733237E-01
  4.003000E+03 -5.381025E-01
  4.003500E+03 -1.783487E+00
  4.004000E+03 -2.732268E+00
  4.004500E+03 -2.860641E+00
  4.005000E+03 -2.242128E+00
  4.005500E+03 -1.355569E+00
  4.006000E+03 -5.724804E-01
  4.006500E+03  4.153855E-02
  4.007000E+03  5.061122E-01
  4.007500E+03  7.110570E-01
  4.008000E+03  5.041864E-01
  4.008500E+03 -1.053642E-01
  4.009000E+03 -9.434780E-01
  4.009500E+03 -1.841517E+00
  4.010000E+03 -2.700923E+00
  4.010500E+03 -3.368436E+00
  4.011000E+03 -3.562017E+00
  4.011500E+03 -3.045090E+00
  4.012000E+03 -1.894455E+00
  4.012500E+03 -5.429481E-01
  4.013000E+03  4.792569E-01
  4.013500E+03  8.668961E-01
  4.014000E+03  6.824196E-01
  4.014500E+03  2.972150E-01
  4.015000E+03  2.190186E-01
  4.015500E+03  8.348216E-01
  4.016000E+03  2.119994E+00
  4.016500E+03  3.532287E+00
  4.017000E+03  4.318569E+00
  4.017500E+03  4.104919E+00
  4.018000E+03  3.248714E+00
  4.018500E+03  2.544941E+00
  4.019000E+03  2.500951E+00
  4.019500E+03  2.866163E+00
  4.020000E+03  2.869363E+00
  4.020500E+03  1.916414E+00
  4.021000E+03  9.179678E-02
  4.021500E+03 -1.931685E+00
  4.022000E+03 -3.408593E+00
  4.022500E+03 -4.012576E+00
  4.023000E+03 -3.986559E+00
  4.023500E+03 -3.902724E+00
  4.024000E+03 -4.182971E+00
  4.024500E+03 -4.681662E+00
  4.025000E+03 -4.692429E+00
  4.025500E+03 -3.504247E+00
  4.026000E+03 -1.117135E+00
  4.026500E+03  1.571535E+00
  4.027000E+03  3.401127E+00
  4.027500E+03  3.861956E+00
  4.028000E+03  3.391770E+00
  4.028500E+03  2.775528E+00
  4.029000E+03  2.334245E+00
  4.029500E+03  1.783621E+00
  4.030000E+03  8.222376E-01
  4.030500E+03 -3.457862E-01
  4.031000E+03 -1.206156E+00
  4.031500E+03 -1.561710E+00
  4.032000E+03 -1.757627E+00
  4.032500E+03 -2.193096E+00
  4.033000E+03 -2.726078E+00
  4.033500E+03 -2.730220E+00
  4.034000E+03 -1.768796E+00
  4.034500E+03 -1.090432E-01
  4.035000E+03  1.491339E+00
  4.035500E+03  2.440548E+00
  4.036000E+03  2.686403E+00
  4.036500E+03  2.517530E+00
  4.037000E+03  2.178120E+00
  4.037500E+03  1.765248E+00
  4.038000E+03  1.385836E+00
  4.038500E+03  1.214675E+00
  4.039000E+03  1.327037E+00
  4.039500E+03  1.571616E+00
  4.040000E+03  1.714913E+00
  4.040500E+03  1.689515E+00
  4.041000E+03  1.606168E+00
  4.041500E+03  1.505234E+00
  4.042000E+03  1.188980E+00
  4.042500E+03  3.756619E-01
  4.043000E+03 -1.013454E+00
  4.043500E+03 -2.782374E+00
  4.044000E+03 -4.628178E+00
  4.044500E+03 -6.248359E+00
  4.045000E+03 -7.251745E+00
  4.045500E+03 -7.150723E+00
  4.046000E+03 -5.706827E+00
  4.046500E+03 -3.360116E+00
  4.047000E+03 -1.120302E+00
  4.047500E+03  2.271593E-01
  4.048000E+03  8.692227E-01
  4.048500E+03  1.773149E+00
  4.049000E+03  3.602926E+00
  4.049500E+03  5.850981E+00
  4.050000E+03  7.173270E+00
  4.050500E+03  6.638542E+00
  4.051000E+03  4.592172E+00
  4.051500E+03  2.267933E+00
  4.052000E+03  6.552237E-01
  4.052500E+03 -1.495542E-01
  4.053000E+03 -5.811860E-01
  4.053500E+03 -8.927974E-01
  4.054000E+03 -9.887678E-01
  4.054500E+03 -8.325065E-01
  4.055000E+03 -7.006970E-01
  4.055500E+03 -8.696035E-01
  4.056000E+03 -1.196028E+00
  4.056500E+03 -1.257716E+00
  4.057000E+03 -9.518640E-01
  4.057500E+03 -7.556632E-01
  4.058000E+03 -1.207836E+00
  4.058500E+03 -2.169433E+00
  4.059000E+03 -2.778132E+00
  4.059500E+03 -2.227876E+00
  4.060000E+03 -5.372201E-01
  4.060500E+03  1.498757E+00
  4.061000E+03  3.023181E+00
  4.061500E+03  3.667352E+00
  4.062000E+03  3.467821E+00
  4.062500E+03  2.514489E+00
  4.063000E+03  9.074140E-01
  4.063500E+03 -9.847908E-01
  4.064000E+03 -2.482316E+00
  4.064500E+03 -3.018673E+00
  4.065000E+03 -2.622421E+00
  4.065500E+03 -1.888868E+00
  4.066000E+03 -1.433742E+00
  4.066500E+03 -1.387311E+00
  4.067000E+03 -1.392706E+00
  4.067500E+03 -1.008049E+00
  4.068000E+03 -7.852437E-02
  4.068500E+03  1.176459E+00
  4.069000E+03  2.297226E+00
  4.069500E+03  2.806792E+00
  4.070000E+03  2.474050E+00
  4.070500E+03  1.518344E+00
  4.071000E+03  5.402672E-01
  4.071500E+03  1.011257E-01
  4.072000E+03  2.557401E-01
  4.072500E+03  5.032023E-01
  4.073000E+03  2.518461E-01
  4.073500E+03 -6.411223E-01
  4.074000E+03 -1.763215E+00
  4.074500E+03 -2.499060E+00
  4.075000E+03 -2.428985E+00
  4.075500E+03 -1.461376E+00
  4.076000E+03  2.117011E-01
  4.076500E+03  2.130911E+00
  4.077000E+03  3.621189E+00
  4.077500E+03  4.085452E+00
  4.078000E+03  3.440551E+00
  4.078500E+03  2.236773E+00
  4.079000E+03  1.196053E+00
  4.079500E+03  5.536782E-01
  4.080000E+03 -9.840396E-02
  4.080500E+03 -1.269410E+00
  4.081000E+03 -2.915915E+00
  4.081500E+03 -4.394623E+00
  4.082000E+03 -5.046388E+00
  4.082500E+03 -4.744104E+00
  4.083000E+03 -3.847840E+00
  4.083500E+03 -2.731187E+00
  4.084000E+03 -1.479633E+00
  4.084500E+03 -4.827942E-02
  4.085000E+03  1.424879E+00
  4.085500E+03  2.587001E+00
  4.086000E+03  3.147977E+00
  4.086500E+03  3.117992E+00
  4.087000E+03  2.748971E+00
  4.087500E+03  2.292364E+00
  4.088000E+03  1.849515E+00
  4.088500E+03  1.414079E+00
  4.089000E+03  9.795960E-01
  4.089500E+03  5.752619E-01
  4.090000E+03  2.324914E-01
  4.090500E+03 -4.260483E-02
  4.091000E+03 -2.623809E-01
  4.091500E+03 -4.394011E-01
  4.092000E+03 -5.726421E-01
  4.092500E+03 -6.424570E-01
  4.093000E+03 -6.322940E-01
  4.093500E+03 -5.778480E-01
  4.094000E+03 -5.833691E-01
  4.094500E+03 -7.432021E-01
  4.095000E+03 -1.023672E+00
  4.095500E+03 -1.259088E+00
  4.096000E+03 -1.315200E+00
  4.096500E+03 -1.246207E+00
  4.097000E+03 -1.221967E+00
  4.097500E+03 -1.264432E+00
  4.098000E+03 -1.115983E+00
  4.098500E+03 -4.695544E-01
  4.099000E+03  6.391893E-01
  4.099500E+03  1.736356E+00
  4.100000E+03  2.290171E+00
  4.100500E+03  2.204436E+00
  4.101000E+03  1.894231E+00
  4.101500E+03  1.846496E+00
  4.102000E+03  2.123263E+00
  4.102500E+03  2.314512E+00
  4.103000E+03  1.953689E+00
  4.103500E+03  9.438838E-01
  4.104000E+03 -4.028076E-01
  4.104500E+03 -1.666570E+00
  4.105000E+03 -2.608797E+00
  4.105500E+03 -3.208056E+00
  4.106000E+03 -3.513130E+00
  4.106500E+03 -3.520541E+00
  4.107000E+03 -3.170285E+00
  4.107500E+03 -2.406434E+00
  4.108000E+03 -1.238843E+00
  4.108500E+03  1.999656E-01
  4.109000E+03  1.621081E+00
  4.109500E+03  2.645242E+00
  4.110000E+03  3.003977E+00
  4.110500E+03  2.748044E+00
  4.111000E+03  2.239111E+00
  4.111500E+03  1.852103E+00
  4.112000E+03  1.621460E+00
  4.112500E+03  1.197156E+00
  4.113000E+03  2.256323E-01
  4.113500E+03 -1.170190E+00
  4.114000E+03 -2.311828E+00
  4.114500E+03 -2.449579E+00
  4.115000E+03 -1.409037E+00
  4.115500E+03  2.120254E-01
  4.116000E+03  1.502001E+00
  4.116500E+03  1.917887E+00
  4.117000E+03  1.559509E+00
  4.117500E+03  8.552621E-01
  4.118000E+03  8.510986E-02
  4.118500E+03 -7.410271E-01
  4.119000E+03 -1.619118E+00
  4.119500E+03 -2.331006E+00
  4.120000E+03 -2.585116E+00
  4.120500E+03 -2.326457E+00
  4.121000E+03 -1.788006E+00
  4.121500E+03 -1.193774E+00
  4.122000E+03 -4.912787E-01
  4.122500E+03  5.282222E-01
  4.123000E+03  1.854631E+00
  4.123500E+03  3.096208E+00
  4.124000E+03  3.746168E+00
  4.124500E+03  3.583607E+00
  4.125000E+03  2.780872E+00
  4.125500E+03  1.667781E+00
  4.126000E+03  4.792366E-01
  4.126500E+03 -6.661216E-01
  4.127000E+03 -1.660297E+00
  4.127500E+03 -2.394423E+00
  4.128000E+03 -2.833585E+00
  4.128500E+03 -2.996266E+00
  4.129000E+03 -2.826016E+00
  4.129500E+03 -2.186211E+00
  4.130000E+03 -1.095355E+00
  4.130500E+03  6.379038E-02
  4.131000E+03  7.269401E-01
  4.131500E+03  6.542523E-01
  4.132000E+03  2.196182E-01
  4.132500E+03  8.855871E-02
  4.133000E+03  5.691124E-01
  4.133500E+03  1.331339E+00
  4.134000E+03  1.799466E+00
  4.134500E+03  1.764002E+00
  4.135000E+03  1.536190E+00
  4.135500E+03  1.524893E+00
  4.136000E+03  1.765812E+00
  4.136500E+03  1.916555E+00
  4.137000E+03  1.639093E+00
  4.137500E+03  8.836084E-01
  4.138000E+03 -1.870255E-01
  4.138500E+03 -1.407743E+00
  4.139000E+03 -2.628045E+00
  4.139500E+03 -3.562656E+00
  4.140000E+03 -3.795573E+00
  4.140500E+03 -3.078419E+00
  4.141000E+03 -1.644994E+00
  4.141500E+03 -1.510462E-01
  4.142000E+03  7.883231E-01
  4.142500E+03  1.054493E+00
  4.143000E+03  1.042984E+00
  4.143500E+03  1.230073E+00
  4.144000E+03  1.702559E+00
  4.144500E+03  2.084680E+00
  4.145000E+03  1.910242E+00
  4.145500E+03  1.076452E+00
  4.146000E+03 -3.966124E-02
  4.146500E+03 -8.840279E-01
  4.147000E+03 -1.134610E+00
  4.147500E+03 -8.421058E-01
  4.148000E+03 -2.496400E-01
  4.148500E+03  4.197374E-01
  4.149000E+03  9.540898E-01
  4.149500E+03  1.033602E+00
  4.150000E+03  3.294412E-01
  4.150500E+03 -1.120184E+00
  4.151000E+03 -2.663508E+00
  4.151500E+03 -3.356460E+00
  4.152000E+03 -2.712370E+00
  4.152500E+03 -1.170000E+00
  4.153000E+03  2.584294E-01
  4.153500E+03  8.658626E-01
  4.154000E+03  7.826558E-01
  4.154500E+03  6.579445E-01
  4.155000E+03  9.111462E-01
  4.155500E+03  1.396838E+00
  4.156000E+03  1.773159E+00
  4.156500E+03  2.020710E+00
  4.157000E+03  2.433374E+00
  4.157500E+03  3.106854E+00
  4.158000E+03  3.595520E+00
  4.158500E+03  3.213629E+00
  4.159000E+03  1.687398E+00
  4.159500E+03 -5.423452E-01
  4.160000E+03 -2.659068E+00
  4.160500E+03 -4.052755E+00
  4.161000E+03 -4.578390E+00
  4.161500E+03 -4.383919E+00
  4.162000E+03 -3.662312E+00
  4.162500E+03 -2.620917E+00
  4.163000E+03 -1.564616E+00
  4.163500E+03 -8.247031E-01
  4.164000E+03 -5.226350E-01
  4.164500E+03 -4.495278E-01
  4.165000E+03 -2.542214E-01
  4.165500E+03  2.335858E-01
  4.166000E+03  8.925656E-01
  4.166500E+03  1.511723E+00
  4.167000E+03  2.038075E+00
  4.167500E+03  2.565870E+00
  4.168000E+03  3.099245E+00
  4.168500E+03  3.414615E+00
  4.169000E+03  3.236231E+00
  4.169500E+03  2.548229E+00
  4.170000E+03  1.672704E+00
  4.170500E+03  9.936475E-01
  4.171000E+03  6.148450E-01
  4.171500E+03  3.191699E-01
  4.172000E+03 -1.527256E-01
  4.172500E+03 -8.441567E-01
  4.173000E+03 -1.617509E+00
  4.173500E+03 -2.360789E+00
  4.174000E+03 -3.038384E+00
  4.174500E+03 -3.519363E+00
  4.175000E+03 -3.493654E+00
  4.175500E+03 -2.733450E+00
  4.176000E+03 -1.474569E+00
  4.176500E+03 -4.036044E-01
  4.177000E+03 -1.091384E-01
  4.177500E+03 -5.212679E-01
  4.178000E+03 -9.856517E-01
  4.178500E+03 -9.445313E-01
  4.179000E+03 -4.771871E-01
  4.179500E+03 -8.252006E-02
  4.180000E+03  2.642574E-02
  4.180500E+03  2.497236E-01
  4.181000E+03  1.124511E+00
  4.181500E+03  2.596272E+00
  4.182000E+03  3.921392E+00
  4.182500E+03  4.358117E+00
  4.183000E+03  3.879101E+00
  4.183500E+03  3.114717E+00
  4.184000E+03  2.623061E+00
  4.184500E+03  2.323729E+00
  4.185000E+03  1.693363E+00
  4.185500E+03  4.418576E-01
  4.186000E+03 -1.102195E+00
  4.186500E+03 -2.281041E+00
  4.187000E+03 -2.715833E+00
  4.187500E+03 -2.601492E+00
  4.188000E+03 -2.444910E+00
  4.188500E+03 -2.557554E+00
  4.189000E+03 -2.791610E+00
  4.189500E+03 -2.733462E+00
  4.190000E+03 -2.149951E+00
  4.190500E+03 -1.265207E+00
  4.191000E+03 -5.870451E-01
  4.191500E+03 -4.124627E-01
  4.192000E+03 -4.917728E-01
  4.192500E+03 -2.447961E-01
  4.193000E+03  6.200444E-01
  4.193500E+03  1.716566E+00
  4.194000E+03  2.289003E+00
  4.194500E+03  1.944260E+00
  4.195000E+03  1.025837E+00
  4.195500E+03  2.164625E-01
  4.196000E+03 -1.646709E-01
  4.196500E+03 -3.573277E-01
  4.197000E+03 -6.690750E-01
  4.197500E+03 -9.676679E-01
  4.198000E+03 -8.256887E-01
  4.198500E+03 -1.261365E-01
  4.199000E+03  6.809440E-01
  4.199500E+03  1.046409E+00
  4.200000E+03  9.467449E-01
  4.200500E+03  8.677114E-01
  4.201000E+03  1.152195E+00
  4.201500E+03  1.536875E+00
  4.202000E+03  1.481878E+00
  4.202500E+03  9.027235E-01
  4.203000E+03  3.946473E-01
  4.203500E+03  6.416772E-01
  4.204000E+03  1.672051E+00
  4.204500E+03  2.783063E+00
  4.205000E+03  3.171493E+00
  4.205500E+03  2.558433E+00
  4.206000E+03  1.225403E+00
  4.206500E+03 -3.993559E-01
  4.207000E+03 -2.059686E+00
  4.207500E+03 -3.634260E+00
  4.208000E+03 -4.960240E+00
  4.208500E+03 -5.810685E+00
  4.209000E+03 -6.025402E+00
  4.209500E+03 -5.598988E+00
  4.210000E+03 -4.642617E+00
  4.210500E+03 -3.314608E+00
  4.211000E+03 -1.801435E+00
  4.211500E+03 -3.079493E-01
  4.212000E+03  9.950576E-01
  4.212500E+03  2.018549E+00
  4.213000E+03  2.732147E+00
  4.213500E+03  3.113022E+00
  4.214000E+03  3.166784E+00
  4.214500E+03  3.010876E+00
  4.215000E+03  2.884062E+00
  4.215500E+03  3.004081E+00
  4.216000E+03  3.385942E+00
  4.216500E+03  3.804709E+00
  4.217000E+03  3.940206E+00
  4.217500E+03  3.564157E+00
  4.218000E+03  2.630916E+00
  4.218500E+03  1.267391E+00
  4.219000E+03 -2.710418E-01
  4.219500E+03 -1.662605E+00
  4.220000E+03 -2.624961E+00
  4.220500E+03 -3.035726E+00
  4.221000E+03 -2.978660E+00
  4.221500E+03 -2.673988E+00
  4.222000E+03 -2.353424E+00
  4.222500E+03 -2.163132E+00
  4.223000E+03 -2.115280E+00
  4.223500E+03 -2.078148E+00
  4.224000E+03 -1.829716E+00
  4.224500E+03 -1.193189E+00
  4.225000E+03 -1.774723E-01
  4.225500E+03  1.004290E+00
  4.226000E+03  2.051832E+00
  4.226500E+03  2.696343E+00
  4.227000E+03  2.727264E+00
  4.227500E+03  2.018995E+00
  4.228000E+03  6.709452E-01
  4.228500E+03 -8.695985E-01
  4.229000E+03 -1.987243E+00
  4.229500E+03 -2.378822E+00
  4.230000E+03 -2.361330E+00
  4.230500E+03 -2.555476E+00
  4.231000E+03 -3.168455E+00
  4.231500E+03 -3.670835E+00
  4.232000E+03 -3.314948E+00
  4.232500E+03 -1.956408E+00
  4.233000E+03 -2.144324E-01
  4.233500E+03  1.236011E+00
  4.234000E+03  2.377246E+00
  4.234500E+03  3.684486E+00
  4.235000E+03  5.314545E+00
  4.235500E+03  6.720399E+00
  4.236000E+03  7.217941E+00
  4.236500E+03  6.769299E+00
  4.237000E+03  5.926666E+00
  4.237500E+03  4.975006E+00
  4.238000E+03  3.421570E+00
  4.238500E+03  6.137010E-01
  4.239000E+03 -3.179609E+00
  4.239500E+03 -6.573980E+00
  4.240000E+03 -8.120424E+00
  4.240500E+03 -7.488192E+00
  4.241000E+03 -5.536020E+00
  4.241500E+03 -3.353323E+00
  4.242000E+03 -1.456799E+00
  4.242500E+03  8.769854E-02
  4.243000E+03  1.103949E+00
  4.243500E+03  1.228778E+00
  4.244000E+03  4.082964E-01
  4.244500E+03 -8.188786E-01
  4.245000E+03 -1.758122E+00
  4.245500E+03 -2.213417E+00
  4.246000E+03 -2.517870E+00
  4.246500E+03 -2.895611E+00
  4.247000E+03 -2.990268E+00
  4.247500E+03 -2.201533E+00
  4.248000E+03 -4.536233E-01
  4.248500E+03  1.534357E+00
  4.249000E+03  2.830830E+00
  4.249500E+03  3.111812E+00
  4.250000E+03  2.876731E+00
  4.250500E+03  2.904010E+00
  4.251000E+03  3.535950E+00
  4.251500E+03  4.432676E+00
  4.252000E+03  4.910258E+00
  4.252500E+03  4.503972E+00
  4.253000E+03  3.322215E+00
  4.253500E+03  1.965230E+00
  4.254000E+03  1.067752E+00
  4.254500E+03  7.886331E-01
  4.255000E+03  6.747941E-01
  4.255500E+03  7.947612E-02
  4.256000E+03 -1.200314E+00
  4.256500E+03 -2.691963E+00
  4.257000E+03 -3.698354E+00
  4.257500E+03 -3.993505E+00
  4.258000E+03 -4.021595E+00
  4.258500E+03 -4.367102E+00
  4.259000E+03 -5.057602E+00
  4.259500E+03 -5.449110E+00
  4.260000E+03 -4.813324E+00
  4.260500E+03 -3.012360E+00
  4.261000E+03 -6.091322E-01
  4.261500E+03  1.603546E+00
  4.262000E+03  3.115827E+00
  4.262500E+03  3.808295E+00
  4.263000E+03  3.733943E+00
  4.263500E+03  2.968487E+00
  4.264000E+03  1.716654E+00
  4.264500E+03  4.559986E-01
  4.265000E+03 -1.993628E-01
  4.265500E+03  8.809091E-02
  4.266000E+03  1.061969E+00
  4.266500E+03  2.012518E+00
  4.267000E+03  2.317624E+00
  4.267500E+03  1.911917E+00
  4.268000E+03  1.246364E+00
  4.268500E+03  7.907646E-01
  4.269000E+03  5.897708E-01
  4.269500E+03  3.128658E-01
  4.270000E+03 -3.047489E-01
  4.270500E+03 -1.151890E+00
  4.271000E+03 -1.894649E+00
  4.271500E+03 -2.354308E+00
  4.272000E+03 -2.613972E+00
  4.272500E+03 -2.737092E+00
  4.273000E+03 -2.513141E+00
  4.273500E+03 -1.632692E+00
  4.274000E+03 -1.294487E-01
  4.274500E+03  1.464404E+00
  4.275000E+03  2.493956E+00
  4.275500E+03  2.698549E+00
  4.276000E+03  2.323723E+00
  4.276500E+03  1.783293E+00
  4.277000E+03  1.317816E+00
  4.277500E+03  9.693036E-01
  4.278000E+03  7.067516E-01
  4.278500E+03  4.125342E-01
  4.279000E+03 -1.855301E-01
  4.279500E+03 -1.316166E+00
  4.280000E+03 -2.744133E+00
  4.280500E+03 -3.664593E+00
  4.281000E+03 -3.271267E+00
  4.281500E+03 -1.558091E+00
  4.282000E+03  5.142546E-01
  4.282500E+03  1.754642E+00
  4.283000E+03  1.655685E+00
  4.283500E+03  5.830851E-01
  4.284000E+03 -7.997991E-01
  4.284500E+03 -2.085234E+00
  4.285000E+03 -3.073311E+00
  4.285500E+03 -3.428588E+00
  4.286000E+03 -2.706879E+00
  4.286500E+03 -8.185857E-01
  4.287000E+03  1.690361E+00
  4.287500E+03  3.972765E+00
  4.288000E+03  5.466547E+00
  4.288500E+03  6.061072E+00
  4.289000E+03  5.764686E+00
  4.289500E+03  4.463652E+00
  4.290000E+03  2.184986E+00
  4.290500E+03 -4.994418E-01
  4.291000E+03 -2.587702E+00
  4.291500E+03 -3.328401E+00
  4.292000E+03 -2.782844E+00
  4.292500E+03 -1.684348E+00
  4.293000E+03 -7.973700E-01
  4.293500E+03 -4.553310E-01
  4.294000E+03 -6.033410E-01
  4.294500E+03 -1.057228E+00
  4.295000E+03 -1.604894E+00
  4.295500E+03 -1.982483E+00
  4.296000E+03 -1.970704E+00
  4.296500E+03 -1.587009E+00
  4.297000E+03 -1.080771E+00
  4.297500E+03 -6.488495E-01
  4.298000E+03 -2.059288E-01
  4.298500E+03  4.667554E-01
  4.299000E+03  1.357599E+00
  4.299500E+03  2.117999E+00
  4.300000E+03  2.369807E+00
  4.300500E+03  2.052305E+00
  4.301000E+03  1.400206E+00
  4.301500E+03  6.407741E-01
  4.302000E+03 -1.620615E-01
  4.302500E+03 -9.538041E-01
  4.303000E+03 -1.529554E+00
  4.303500E+03 -1.670869E+00
  4.304000E+03 -1.422536E+00
  4.304500E+03 -1.101161E+00
  4.305000E+03 -9.601880E-01
  4.305500E+03 -9.057076E-01
  4.306000E+03 -6.166638E-01
  4.306500E+03  7.975119E-02
  4.307000E+03  1.023780E+00
  4.307500E+03  1.900799E+00
  4.308000E+03  2.510652E+00
  4.308500E+03  2.828866E+00
  4.309000E+03  2.901821E+00
  4.309500E+03  2.797058E+00
  4.310000E+03  2.626174E+00
  4.310500E+03  2.460314E+00
  4.311000E+03  2.135915E+00
  4.311500E+03  1.246972E+00
  4.312000E+03 -4.887712E-01
  4.312500E+03 -2.795637E+00
  4.313000E+03 -4.869394E+00
  4.313500E+03 -5.953226E+00
  4.314000E+03 -5.899580E+00
  4.314500E+03 -5.134378E+00
  4.315000E+03 -4.116398E+00
  4.315500E+03 -2.943124E+00
  4.316000E+03 -1.509498E+00
  4.316500E+03  9.170539E-02
  4.317000E+03  1.509800E+00
  4.317500E+03  2.500715E+00
  4.318000E+03  3.209424E+00
  4.318500E+03  3.955560E+00
  4.319000E+03  4.756476E+00
  4.319500E+03  5.184027E+00
  4.320000E+03  4.761090E+00
  4.320500E+03  3.454096E+00
  4.321000E+03  1.710448E+00
  4.321500E+03  3.313196E-02
  4.322000E+03 -1.398778E+00
  4.322500E+03 -2.664208E+00
  4.323000E+03 -3.742434E+00
  4.323500E+03 -4.338848E+00
  4.324000E+03 -4.117118E+00
  4.324500E+03 -3.074499E+00
  4.325000E+03 -1.635495E+00
  4.325500E+03 -3.462562E-01
  4.326000E+03  5.340414E-01
  4.326500E+03  1.153221E+00
  4.327000E+03  1.795074E+00
  4.327500E+03  2.490005E+00
  4.328000E+03  2.892154E+00
  4.328500E+03  2.560305E+00
  4.329000E+03  1.395938E+00
  4.329500E+03 -1.749670E-01
  4.330000E+03 -1.467549E+00
  4.330500E+03 -2.024124E+00
  4.331000E+03 -1.885116E+00
  4.331500E+03 -1.426022E+00
  4.332000E+03 -9.634496E-01
  4.332500E+03 -5.232118E-01
  4.333000E+03  5.424628E-02
  4.333500E+03  8.487147E-01
  4.334000E+03  1.716224E+00
  4.334500E+03  2.351606E+00
  4.335000E+03  2.441808E+00
  4.335500E+03  1.806306E+00
  4.336000E+03  5.255799E-01
  4.336500E+03 -9.724446E-01
  4.337000E+03 -2.019204E+00
  4.337500E+03 -2.093031E+00
  4.338000E+03 -1.261549E+00
  4.338500E+03 -2.406326E-01
  4.339000E+03  1.151469E-01
  4.339500E+03 -4.864214E-01
  4.340000E+03 -1.525777E+00
  4.340500E+03 -2.127385E+00
  4.341000E+03 -1.795042E+00
  4.341500E+03 -7.522942E-01
  4.342000E+03  3.526726E-01
  4.342500E+03  1.001949E+00
  4.343000E+03  1.100129E+00
  4.343500E+03  8.667081E-01
  4.344000E+03  5.875947E-01
  4.344500E+03  4.741618E-01
  4.345000E+03  6.169387E-01
  4.345500E+03  9.305275E-01
  4.346000E+03  1.146637E+00
  4.346500E+03  9.903172E-01
  4.347000E+03  4.591709E-01
  4.347500E+03 -1.087938E-01
  4.348000E+03 -3.413089E-01
  4.348500E+03 -2.212903E-01
  4.349000E+03 -8.249172E-02
  4.349500E+03 -1.483438E-01
  4.350000E+03 -1.404315E-01
  4.350500E+03  4.992042E-01
  4.351000E+03  1.908056E+00
  4.351500E+03  3.387610E+00
  4.352000E+03  3.824187E+00
  4.352500E+03  2.615134E+00
  4.353000E+03  1.984056E-01
  4.353500E+03 -2.313400E+00
  4.354000E+03 -3.973095E+00
  4.354500E+03 -4.491717E+00
  4.355000E+03 -4.072355E+00
  4.355500E+03 -3.011069E+00
  4.356000E+03 -1.586501E+00
  4.356500E+03 -2.116783E-01
  4.357000E+03  5.806096E-01
  4.357500E+03  4.832368E-01
  4.358000E+03 -2.747990E-01
  4.358500E+03 -1.069001E+00
  4.359000E+03 -1.370882E+00
  4.359500E+03 -1.081330E+00
  4.360000E+03 -4.196215E-01
  4.360500E+03  3.792700E-01
  4.361000E+03  1.160517E+00
  4.361500E+03  1.730675E+00
  4.362000E+03  1.854097E+00
  4.362500E+03  1.492840E+00
  4.363000E+03  9.776519E-01
  4.363500E+03  7.827717E-01
  4.364000E+03  1.071613E+00
  4.364500E+03  1.530425E+00
  4.365000E+03  1.704008E+00
  4.365500E+03  1.448684E+00
  4.366000E+03  9.965717E-01
  4.366500E+03  6.337736E-01
  4.367000E+03  4.515888E-01
  4.367500E+03  4.409265E-01
  4.368000E+03  6.667966E-01
  4.368500E+03  1.155154E+00
  4.369000E+03  1.608122E+00
  4.369500E+03  1.436850E+00
  4.370000E+03  2.704013E-01
  4.370500E+03 -1.559963E+00
  4.371000E+03 -3.158478E+00
  4.371500E+03 -3.753820E+00
  4.372000E+03 -3.242484E+00
  4.372500E+03 -2.087719E+00
  4.373000E+03 -8.287523E-01
  4.373500E+03  1.943285E-01
  4.374000E+03  7.302544E-01
  4.374500E+03  5.106823E-01
  4.375000E+03 -5.465672E-01
  4.375500E+03 -2.078575E+00
  4.376000E+03 -3.408296E+00
  4.376500E+03 -4.026542E+00
  4.377000E+03 -3.890524E+00
  4.377500E+03 -3.212328E+00
  4.378000E+03 -2.069419E+00
  4.378500E+03 -3.823287E-01
  4.379000E+03  1.731155E+00
  4.379500E+03  3.769567E+00
  4.380000E+03  5.169336E+00
  4.380500E+03  5.772610E+00
  4.381000E+03  5.842480E+00
  4.381500E+03  5.605647E+00
  4.382000E+03  4.931889E+00
  4.382500E+03  3.580240E+00
  4.383000E+03  1.676425E+00
  4.383500E+03 -2.388924E-01
  4.384000E+03 -1.686616E+00
  4.384500E+03 -2.639479E+00
  4.385000E+03 -3.320036E+00
  4.385500E+03 -3.692702E+00
  4.386000E+03 -3.365414E+00
  4.386500E+03 -2.096999E+00
  4.387000E+03 -2.981636E-01
  4.387500E+03  1.137190E+00
  4.388000E+03  1.551940E+00
  4.388500E+03  1.036445E+00
  4.389000E+03  2.299875E-01
  4.389500E+03 -2.972591E-01
  4.390000E+03 -4.304965E-01
  4.390500E+03 -4.049996E-01
  4.391000E+03 -4.941623E-01
  4.391500E+03 -8.351345E-01
  4.392000E+03 -1.413579E+00
  4.392500E+03 -2.063834E+00
  4.393000E+03 -2.491828E+00
  4.393500E+03 -2.432685E+00
  4.394000E+03 -1.872249E+00
  4.394500E+03 -1.075999E+00
  4.395000E+03 -3.425802E-01
  4.395500E+03  2.373977E-01
  4.396000E+03  7.074094E-01
  4.396500E+03  9.642740E-01
  4.397000E+03  7.051683E-01
  4.397500E+03 -2.192879E-01
  4.398000E+03 -1.430762E+00
  4.398500E+03 -2.140761E+00
  4.399000E+03 -1.737128E+00
  4.399500E+03 -2.534250E-01
  4.400000E+03  1.745729E+00
  4.400500E+03  3.667793E+00
  4.401000E+03  5.202179E+00
  4.401500E+03  6.194878E+00
  4.402000E+03  6.429292E+00
  4.402500E+03  5.719363E+00
  4.403000E+03  4.217635E+00
  4.403500E+03  2.471070E+00
  4.404000E+03  1.033593E+00
  4.404500E+03  1.858073E-02
  4.405000E+03 -8.994580E-01
  4.405500E+03 -2.026391E+00
  4.406000E+03 -3.247023E+00
  4.406500E+03 -4.115445E+00
  4.407000E+03 -4.311312E+00
  4.407500E+03 -3.960966E+00
  4.408000E+03 -3.520413E+00
  4.408500E+03 -3.391504E+00
  4.409000E+03 -3.650459E+00
  4.409500E+03 -4.065604E+00
  4.410000E+03 -4.289164E+00
  4.410500E+03 -4.036946E+00
  4.411000E+03 -3.186153E+00
  4.411500E+03 -1.809119E+00
  4.412000E+03 -1.470151E-01
  4.412500E+03  1.484079E+00
  4.413000E+03  2.813067E+00
  4.413500E+03  3.687306E+00
  4.414000E+03  4.079677E+00
  4.414500E+03  4.071351E+00
  4.415000E+03  3.828389E+00
  4.415500E+03  3.530534E+00
  4.416000E+03  3.245465E+00
  4.416500E+03  2.859170E+00
  4.417000E+03  2.188625E+00
  4.417500E+03  1.220577E+00
  4.418000E+03  2.282875E-01
  4.418500E+03 -4.073217E-01
  4.419000E+03 -5.247564E-01
  4.419500E+03 -3.075183E-01
  4.420000E+03 -5.799014E-02
  4.420500E+03  1.212193E-01
  4.421000E+03  3.509877E-01
  4.421500E+03  6.646334E-01
  4.422000E+03  7.588508E-01
  4.422500E+03  1.849916E-01
  4.423000E+03 -1.146805E+00
  4.423500E+03 -2.701087E+00
  4.424000E+03 -3.651981E+00
  4.424500E+03 -3.547650E+00
  4.425000E+03 -2.651973E+00
  4.425500E+03 -1.632359E+00
  4.426000E+03 -9.431912E-01
  4.426500E+03 -5.404252E-01
  4.427000E+03 -1.518709E-01
  4.427500E+03  2.892022E-01
  4.428000E+03  5.592790E-01
  4.428500E+03  4.484436E-01
  4.429000E+03  2.769973E-02
  4.429500E+03 -4.491526E-01
  4.430000E+03 -8.398181E-01
  4.430500E+03 -1.188424E+00
  4.431000E+03 -1.486660E+00
  4.431500E+03 -1.485404E+00
  4.432000E+03 -8.883822E-01
  4.432500E+03  2.618239E-01
  4.433000E+03  1.526170E+00
  4.433500E+03  2.503670E+00
  4.434000E+03  3.261022E+00
  4.434500E+03  4.158647E+00
  4.435000E+03  5.177017E+00
  4.435500E+03  5.559438E+00
  4.436000E+03  4.367457E+00
  4.436500E+03  1.509735E+00
  4.437000E+03 -1.870168E+00
  4.437500E+03 -4.192388E+00
  4.438000E+03 -4.697305E+00
  4.438500E+03 -3.894303E+00
  4.439000E+03 -2.802312E+00
  4.439500E+03 -1.893466E+00
  4.440000E+03 -9.028003E-01
  4.440500E+03  4.192164E-01
  4.441000E+03  1.655614E+00
  4.441500E+03  2.038447E+00
  4.442000E+03  1.356796E+00
  4.442500E+03  3.095972E-01
  4.443000E+03 -1.964708E-01
  4.443500E+03 -1.725132E-02
  4.444000E+03  1.326331E-01
  4.444500E+03 -4.197528E-01
  4.445000E+03 -1.460263E+00
  4.445500E+03 -2.079558E+00
  4.446000E+03 -1.672347E+00
  4.446500E+03 -6.034356E-01
  4.447000E+03  1.760345E-01
  4.447500E+03  8.557466E-02
  4.448000E+03 -5.937426E-01
  4.448500E+03 -1.114843E+00
  4.449000E+03 -1.003501E+00
  4.449500E+03 -3.816927E-01
  4.450000E+03  2.826252E-01
  4.450500E+03  5.861080E-01
  4.451000E+03  3.987969E-01
  4.451500E+03 -1.158190E-01
  4.452000E+03 -5.463342E-01
  4.452500E+03 -4.001079E-01
  4.453000E+03  5.466490E-01
  4.453500E+03  1.957931E+00
  4.454000E+03  3.095313E+00
  4.454500E+03  3.415193E+00
  4.455000E+03  3.035234E+00
  4.455500E+03  2.531870E+00
  4.456000E+03  2.258866E+00
  4.456500E+03  1.969480E+00
  4.457000E+03  1.203038E+00
  4.457500E+03 -2.431916E-02
  4.458000E+03 -1.093914E+00
  4.458500E+03 -1.441870E+00
  4.459000E+03 -1.252697E+00
  4.459500E+03 -1.338243E+00
  4.460000E+03 -2.272978E+00
  4.460500E+03 -3.730826E+00
  4.461000E+03 -4.762474E+00
  4.461500E+03 -4.705400E+00
  4.462000E+03 -3.743906E+00
  4.462500E+03 -2.577817E+00
  4.463000E+03 -1.656305E+00
  4.463500E+03 -8.400205E-01
  4.464000E+03  2.224799E-01
  4.464500E+03  1.538323E+00
  4.465000E+03  2.695446E+00
  4.465500E+03  3.301959E+00
  4.466000E+03  3.376838E+00
  4.466500E+03  3.236625E+00
  4.467000E+03  3.047552E+00
  4.467500E+03  2.602450E+00
  4.468000E+03  1.605024E+00
  4.468500E+03  1.427360E-01
  4.469000E+03 -1.207350E+00
  4.469500E+03 -1.804764E+00
  4.470000E+03 -1.484188E+00
  4.470500E+03 -6.510769E-01
  4.471000E+03  1.544274E-01
  4.471500E+03  7.488589E-01
  4.472000E+03  1.330404E+00
  4.472500E+03  2.045416E+00
  4.473000E+03  2.624293E+00
  4.473500E+03  2.537708E+00
  4.474000E+03  1.528189E+00
  4.474500E+03 -6.899290E-02
  4.475000E+03 -1.579461E+00
  4.475500E+03 -2.548337E+00
  4.476000E+03 -3.016586E+00
  4.476500E+03 -3.276450E+00
  4.477000E+03 -3.450910E+00
  4.477500E+03 -3.380206E+00
  4.478000E+03 -2.878127E+00
  4.478500E+03 -1.993791E+00
  4.479000E+03 -9.807342E-01
  4.479500E+03 -7.793946E-02
  4.480000E+03  6.027581E-01
  4.480500E+03  1.013423E+00
  4.481000E+03  1.127363E+00
  4.481500E+03  1.030118E+00
  4.482000E+03  9.713203E-01
  4.482500E+03  1.179794E+00
  4.483000E+03  1.577788E+00
  4.483500E+03  1.770466E+00
  4.484000E+03  1.437005E+00
  4.484500E+03  7.510159E-01
  4.485000E+03  3.346856E-01
  4.485500E+03  7.137507E-01
  4.486000E+03  1.785929E+00
  4.486500E+03  2.824736E+00
  4.487000E+03  3.016246E+00
  4.487500E+03  2.050589E+00
  4.488000E+03  3.144920E-01
  4.488500E+03 -1.381383E+00
  4.489000E+03 -2.291555E+00
  4.489500E+03 -2.145376E+00
  4.490000E+03 -1.275673E+00
  4.490500E+03 -3.850669E-01
  4.491000E+03 -5.757361E-02
  4.491500E+03 -3.495119E-01
  4.492000E+03 -8.127651E-01
  4.492500E+03 -9.568366E-01
  4.493000E+03 -7.184046E-01
  4.493500E+03 -4.752453E-01
  4.494000E+03 -6.150174E-01
  4.494500E+03 -1.139568E+00
  4.495000E+03 -1.708392E+00
  4.495500E+03 -2.002020E+00
  4.496000E+03 -1.954516E+00
  4.496500E+03 -1.641365E+00
  4.497000E+03 -1.069353E+00
  4.497500E+03 -1.987505E-01
  4.498000E+03  8.406003E-01
  4.498500E+03  1.680512E+00
  4.499000E+03  1.962665E+00
  4.499500E+03  1.658469E+00
  4.500000E+03  1.100023E+00
  4.500500E+03  6.876816E-01
  4.501000E+03  5.904191E-01
  4.501500E+03  7.174981E-01
  4.502000E+03  9.084400E-01
  4.502500E+03  1.084671E+00
  4.503000E+03  1.227275E+00
  4.503500E+03  1.277906E+00
  4.504000E+03  1.122073E+00
  4.504500E+03  6.914732E-01
  4.505000E+03  9.313426E-02
  4.505500E+03 -3.578240E-01
  4.506000E+03 -2.804996E-01
  4.506500E+03  4.798210E-01
  4.507000E+03  1.595468E+00
  4.507500E+03  2.310806E+00
  4.508000E+03  1.905768E+00
  4.508500E+03  2.692266E-01
  4.509000E+03 -1.937772E+00
  4.509500E+03 -3.746271E+00
  4.510000E+03 -4.578788E+00
  4.510500E+03 -4.531962E+00
  4.511000E+03 -4.025388E+00
  4.511500E+03 -3.275085E+00
  4.512000E+03 -2.193167E+00
  4.512500E+03 -7.619593E-01
  4.513000E+03  6.522454E-01
  4.513500E+03  1.497145E+00
  4.514000E+03  1.562991E+00
  4.514500E+03  1.247534E+00
  4.515000E+03  1.243902E+00
  4.515500E+03  1.954338E+00
  4.516000E+03  3.182103E+00
  4.516500E+03  4.324104E+00
  4.517000E+03  4.812559E+00
  4.517500E+03  4.420387E+00
  4.518000E+03  3.269750E+00
  4.518500E+03  1.647087E+00
  4.519000E+03 -1.853062E-01
  4.519500E+03 -2.050897E+00
  4.520000E+03 -3.779572E+00
  4.520500E+03 -5.102868E+00
  4.521000E+03 -5.695895E+00
  4.521500E+03 -5.403017E+00
  4.522000E+03 -4.429559E+00
  4.522500E+03 -3.221183E+00
  4.523000E+03 -2.068513E+00
  4.523500E+03 -8.590852E-01
  4.524000E+03  6.755514E-01
  4.524500E+03  2.438971E+00
  4.525000E+03  3.810240E+00
  4.525500E+03  4.146694E+00
  4.526000E+03  3.464407E+00
  4.526500E+03  2.514922E+00
  4.527000E+03  2.104638E+00
  4.527500E+03  2.362580E+00
  4.528000E+03  2.724638E+00
  4.528500E+03  2.583479E+00
  4.529000E+03  1.840477E+00
  4.529500E+03  8.199134E-01
  4.530000E+03 -1.836161E-01
  4.530500E+03 -1.095734E+00
  4.531000E+03 -1.839854E+00
  4.531500E+03 -2.151480E+00
  4.532000E+03 -1.792269E+00
  4.532500E+03 -9.166475E-01
  4.533000E+03 -7.452562E-02
  4.533500E+03  2.220073E-01
  4.534000E+03 -1.143560E-01
  4.534500E+03 -8.178471E-01
  4.535000E+03 -1.636261E+00
  4.535500E+03 -2.516979E+00
  4.536000E+03 -3.453488E+00
  4.536500E+03 -4.290481E+00
  4.537000E+03 -4.770097E+00
  4.537500E+03 -4.711934E+00
  4.538000E+03 -4.055827E+00
  4.538500E+03 -2.767425E+00
  4.539000E+03 -8.533091E-01
  4.539500E+03  1.455978E+00
  4.540000E+03  3.644118E+00
  4.540500E+03  5.193883E+00
  4.541000E+03  5.975004E+00
  4.541500E+03  6.263320E+00
  4.542000E+03  6.322896E+00
  4.542500E+03  6.041955E+00
  4.543000E+03  5.077388E+00
  4.543500E+03  3.336087E+00
  4.544000E+03  1.204934E+00
  4.544500E+03 -7.260703E-01
  4.545000E+03 -2.074140E+00
  4.545500E+03 -2.741760E+00
  4.546000E+03 -2.720267E+00
  4.546500E+03 -2.046277E+00
  4.547000E+03 -1.022300E+00
  4.547500E+03 -2.836946E-01
  4.548000E+03 -3.793082E-01
  4.548500E+03 -1.215795E+00
  4.549000E+03 -2.068404E+00
  4.549500E+03 -2.287371E+00
  4.550000E+03 -1.959930E+00
  4.550500E+03 -1.750231E+00
  4.551000E+03 -2.077050E+00
  4.551500E+03 -2.588697E+00
  4.552000E+03 -2.553535E+00
  4.552500E+03 -1.697276E+00
  4.553000E+03 -5.077657E-01
  4.553500E+03  3.035999E-01
  4.554000E+03  5.019203E-01
  4.554500E+03  4.015235E-01
  4.555000E+03  3.587504E-01
  4.555500E+03  4.070594E-01
  4.556000E+03  4.507367E-01
  4.556500E+03  6.247589E-01
  4.557000E+03  1.211202E+00
  4.557500E+03  2.150926E+00
  4.558000E+03  2.826007E+00
  4.558500E+03  2.543453E+00
  4.559000E+03  1.287948E+00
  4.559500E+03 -1.024705E-01
  4.560000E+03 -6.111042E-01
  4.560500E+03  7.319177E-02
  4.561000E+03  1.323402E+00
  4.561500E+03  2.168726E+00
  4.562000E+03  2.089431E+00
  4.562500E+03  1.294780E+00
  4.563000E+03  3.641819E-01
  4.563500E+03 -2.891355E-01
  4.564000E+03 -6.454722E-01
  4.564500E+03 -9.087391E-01
  4.565000E+03 -1.198367E+00
  4.565500E+03 -1.394451E+00
  4.566000E+03 -1.240822E+00
  4.566500E+03 -6.073054E-01
  4.567000E+03  3.025568E-01
  4.567500E+03  9.950619E-01
  4.568000E+03  1.001828E+00
  4.568500E+03  2.385455E-01
  4.569000E+03 -9.120696E-01
  4.569500E+03 -1.889948E+00
  4.570000E+03 -2.359464E+00
  4.570500E+03 -2.355838E+00
  4.571000E+03 -2.094732E+00
  4.571500E+03 -1.721674E+00
  4.572000E+03 -1.283406E+00
  4.572500E+03 -8.667775E-01
  4.573000E+03 -6.246436E-01
  4.573500E+03 -5.998188E-01
  4.574000E+03 -6.003022E-01
  4.574500E+03 -3.666518E-01
  4.575000E+03  1.312422E-01
  4.575500E+03  6.785505E-01
  4.576000E+03  1.167064E+00
  4.576500E+03  1.855702E+00
  4.577000E+03  3.076532E+00
  4.577500E+03  4.607389E+00
  4.578000E+03  5.505382E+00
  4.578500E+03  4.826099E+00
  4.579000E+03  2.613343E+00
  4.579500E+03  5.242761E-02
  4.580000E+03 -1.534428E+00
  4.580500E+03 -1.880197E+00
  4.581000E+03 -1.880529E+00
  4.581500E+03 -2.483812E+00
  4.582000E+03 -3.578541E+00
  4.582500E+03 -4.103245E+00
  4.583000E+03 -3.239211E+00
  4.583500E+03 -1.353566E+00
  4.584000E+03  3.217682E-01
  4.584500E+03  8.752218E-01
  4.585000E+03  4.837234E-01
  4.585500E+03  5.613699E-02
  4.586000E+03  2.902529E-01
  4.586500E+03  1.162151E+00
  4.587000E+03  2.191831E+00
  4.587500E+03  2.958537E+00
  4.588000E+03  3.275023E+00
  4.588500E+03  3.042529E+00
  4.589000E+03  2.192433E+00
  4.589500E+03  8.444042E-01
  4.590000E+03 -6.152409E-01
  4.590500E+03 -1.763997E+00
  4.591000E+03 -2.464272E+00
  4.591500E+03 -2.886657E+00
  4.592000E+03 -3.209794E+00
  4.592500E+03 -3.377441E+00
  4.593000E+03 -3.197819E+00
  4.593500E+03 -2.616800E+00
  4.594000E+03 -1.799162E+00
  4.594500E+03 -9.492184E-01
  4.595000E+03 -1.539891E-01
  4.595500E+03  5.454688E-01
  4.596000E+03  1.016365E+00
  4.596500E+03  1.102796E+00
  4.597000E+03  8.569677E-01
  4.597500E+03  5.992407E-01
  4.598000E+03  6.523252E-01
  4.598500E+03  1.035252E+00
  4.599000E+03  1.500517E+00
  4.599500E+03  1.877986E+00
  4.600000E+03  2.280025E+00
  4.600500E+03  2.878958E+00
  4.601000E+03  3.524733E+00
  4.601500E+03  3.720965E+00
  4.602000E+03  3.072690E+00
  4.602500E+03  1.732268E+00
  4.603000E+03  3.216162E-01
  4.603500E+03 -6.213278E-01
  4.604000E+03 -1.095182E+00
  4.604500E+03 -1.524055E+00
  4.605000E+03 -2.227856E+00
  4.605500E+03 -3.036232E+00
  4.606000E+03 -3.418652E+00
  4.606500E+03 -2.972424E+00
  4.607000E+03 -1.805955E+00
  4.607500E+03 -5.129489E-01
  4.608000E+03  1.955365E-01
  4.608500E+03 -8.641902E-02
  4.609000E+03 -1.232938E+00
  4.609500E+03 -2.646753E+00
  4.610000E+03 -3.556302E+00
  4.610500E+03 -3.403918E+00
  4.611000E+03 -2.129319E+00
  4.611500E+03 -1.881616E-01
  4.612000E+03  1.710830E+00
  4.612500E+03  2.989478E+00
  4.613000E+03  3.465657E+00
  4.613500E+03  3.347941E+00
  4.614000E+03  2.994709E+00
  4.614500E+03  2.628414E+00
  4.615000E+03  2.212960E+00
  4.615500E+03  1.569828E+00
  4.616000E+03  6.191841E-01
  4.616500E+03 -4.683819E-01
  4.617000E+03 -1.343674E+00
  4.617500E+03 -1.708077E+00
  4.618000E+03 -1.497398E+00
  4.618500E+03 -8.777881E-01
  4.619000E+03 -9.989228E-02
  4.619500E+03  6.293851E-01
  4.620000E+03  1.169632E+00
  4.620500E+03  1.421986E+00
  4.621000E+03  1.347017E+00
  4.621500E+03  1.010733E+00
  4.622000E+03  5.633123E-01
  4.622500E+03  1.258820E-01
  4.623000E+03 -3.045413E-01
  4.623500E+03 -8.134058E-01
  4.624000E+03 -1.424172E+00
  4.624500E+03 -2.015168E+00
  4.625000E+03 -2.398919E+00
  4.625500E+03 -2.476009E+00
  4.626000E+03 -2.289623E+00
  4.626500E+03 -1.929299E+00
  4.627000E+03 -1.412885E+00
  4.627500E+03 -6.964796E-01
  4.628000E+03  1.968356E-01
  4.628500E+03  1.084997E+00
  4.629000E+03  1.694757E+00
  4.629500E+03  1.846718E+00
  4.630000E+03  1.598251E+00
  4.630500E+03  1.222713E+00
  4.631000E+03  1.036934E+00
  4.631500E+03  1.195053E+00
  4.632000E+03  1.583099E+00
  4.632500E+03  1.887061E+00
  4.633000E+03  1.802117E+00
  4.633500E+03  1.248276E+00
  4.634000E+03  4.304867E-01
  4.634500E+03 -3.171562E-01
  4.635000E+03 -7.860639E-01
  4.635500E+03 -1.032171E+00
  4.636000E+03 -1.279503E+00
  4.636500E+03 -1.683001E+00
  4.637000E+03 -2.172982E+00
  4.637500E+03 -2.515933E+00
  4.638000E+03 -2.514256E+00
  4.638500E+03 -2.146159E+00
  4.639000E+03 -1.528801E+00
  4.639500E+03 -7.745673E-01
  4.640000E+03  9.147617E-02
  4.640500E+03  1.064641E+00
  4.641000E+03  2.023088E+00
  4.641500E+03  2.685309E+00
  4.642000E+03  2.749006E+00
  4.642500E+03  2.122052E+00
  4.643000E+03  1.045957E+00
  4.643500E+03 -1.942684E-02
  4.644000E+03 -6.781279E-01
  4.644500E+03 -8.184224E-01
  4.645000E+03 -5.914889E-01
  4.645500E+03 -1.939840E-01
  4.646000E+03  3.140526E-01
  4.646500E+03  9.731237E-01
  4.647000E+03  1.727720E+00
  4.647500E+03  2.306858E+00
  4.648000E+03  2.343812E+00
  4.648500E+03  1.647499E+00
  4.649000E+03  3.811510E-01
  4.649500E+03 -1.006563E+00
  4.650000E+03 -2.034301E+00
  4.650500E+03 -2.439428E+00
  4.651000E+03 -2.290878E+00
  4.651500E+03 -1.929412E+00
  4.652000E+03 -1.758440E+00
  4.652500E+03 -1.960633E+00
  4.653000E+03 -2.314207E+00
  4.653500E+03 -2.317955E+00
  4.654000E+03 -1.637040E+00
  4.654500E+03 -5.280868E-01
  4.655000E+03  2.284652E-01
  4.655500E+03 -1.496197E-02
  4.656000E+03 -1.057443E+00
  4.656500E+03 -1.818675E+00
  4.657000E+03 -1.176938E+00
  4.657500E+03  1.014047E+00
  4.658000E+03  3.699138E+00
  4.658500E+03  5.457946E+00
  4.659000E+03  5.643129E+00
  4.659500E+03  4.758186E+00
  4.660000E+03  3.778205E+00
  4.660500E+03  3.165853E+00
  4.661000E+03  2.576742E+00
  4.661500E+03  1.460994E+00
  4.662000E+03 -1.767736E-01
  4.662500E+03 -1.698333E+00
  4.663000E+03 -2.480016E+00
  4.663500E+03 -2.550777E+00
  4.664000E+03 -2.538822E+00
  4.664500E+03 -3.015340E+00
  4.665000E+03 -3.936309E+00
  4.665500E+03 -4.716775E+00
  4.666000E+03 -4.787014E+00
  4.666500E+03 -4.040995E+00
  4.667000E+03 -2.796938E+00
  4.667500E+03 -1.424453E+00
  4.668000E+03 -6.289177E-02
  4.668500E+03  1.340009E+00
  4.669000E+03  2.795751E+00
  4.669500E+03  4.114110E+00
  4.670000E+03  4.946745E+00
  4.670500E+03  4.978094E+00
  4.671000E+03  4.124301E+00
  4.671500E+03  2.618230E+00
  4.672000E+03  9.182219E-01
  4.672500E+03 -5.201825E-01
  4.673000E+03 -1.451811E+00
  4.673500E+03 -1.859245E+00
  4.674000E+03 -1.787016E+00
  4.674500E+03 -1.215361E+00
  4.675000E+03 -1.732414E-01
  4.675500E+03  1.015894E+00
  4.676000E+03  1.711523E+00
  4.676500E+03  1.342560E+00
  4.677000E+03 -8.885282E-02
  4.677500E+03 -1.913533E+00
  4.678000E+03 -3.281268E+00
  4.678500E+03 -3.785626E+00
  4.679000E+03 -3.621524E+00
  4.679500E+03 -3.175378E+00
  4.680000E+03 -2.557759E+00
  4.680500E+03 -1.594383E+00
  4.681000E+03 -2.045813E-01
  4.681500E+03  1.357877E+00
  4.682000E+03  2.705200E+00
  4.682500E+03  3.674681E+00
  4.683000E+03  4.371395E+00
  4.683500E+03  4.853538E+00
  4.684000E+03  4.899229E+00
  4.684500E+03  4.189170E+00
  4.685000E+03  2.693277E+00
  4.685500E+03  7.800850E-01
  4.686000E+03 -1.079116E+00
  4.686500E+03 -2.637953E+00
  4.687000E+03 -3.864041E+00
  4.687500E+03 -4.692299E+00
  4.688000E+03 -4.935468E+00
  4.688500E+03 -4.475942E+00
  4.689000E+03 -3.438723E+00
  4.689500E+03 -2.072842E+00
  4.690000E+03 -5.051146E-01
  4.690500E+03  1.261532E+00
  4.691000E+03  3.079883E+00
  4.691500E+03  4.522630E+00
  4.692000E+03  5.152917E+00
  4.692500E+03  4.912186E+00
  4.693000E+03  4.112338E+00
  4.693500E+03  3.005637E+00
  4.694000E+03  1.494927E+00
  4.694500E+03 -5.865259E-01
  4.695000E+03 -2.952845E+00
  4.695500E+03 -4.828818E+00
  4.696000E+03 -5.578016E+00
  4.696500E+03 -5.314582E+00
  4.697000E+03 -4.754086E+00
  4.697500E+03 -4.434311E+00
  4.698000E+03 -4.188790E+00
  4.698500E+03 -3.445868E+00
  4.699000E+03 -1.940806E+00
  4.699500E+03  1.053275E-02
  4.700000E+03  1.916988E+00
  4.700500E+03  3.599684E+00
  4.701000E+03  5.153209E+00
  4.701500E+03  6.522964E+00
  4.702000E+03  7.330900E+00
  4.702500E+03  7.202058E+00
  4.703000E+03  6.160922E+00
  4.703500E+03  4.598146E+00
  4.704000E+03  2.894503E+00
  4.704500E+03  1.200834E+00
  4.705000E+03 -4.186151E-01
  4.705500E+03 -1.801383E+00
  4.706000E+03 -2.789617E+00
  4.706500E+03 -3.456569E+00
  4.707000E+03 -4.049252E+00
  4.707500E+03 -4.635859E+00
  4.708000E+03 -4.931268E+00
  4.708500E+03 -4.614559E+00
  4.709000E+03 -3.792382E+00
  4.709500E+03 -2.987889E+00
  4.710000E+03 -2.584120E+00
  4.710500E+03 -2.366550E+00
  4.711000E+03 -1.755237E+00
  4.711500E+03 -5.062761E-01
  4.712000E+03  9.201536E-01
  4.712500E+03  1.761080E+00
  4.713000E+03  1.684431E+00
  4.713500E+03  1.075015E+00
  4.714000E+03  6.319748E-01
  4.714500E+03  7.655935E-01
  4.715000E+03  1.381153E+00
  4.715500E+03  2.123664E+00
  4.716000E+03  2.716025E+00
  4.716500E+03  3.089939E+00
  4.717000E+03  3.330320E+00
  4.717500E+03  3.576779E+00
  4.718000E+03  3.912994E+00
  4.718500E+03  4.226967E+00
  4.719000E+03  4.149509E+00
  4.719500E+03  3.229865E+00
  4.720000E+03  1.300730E+00
  4.720500E+03 -1.272437E+00
  4.721000E+03 -3.723142E+00
  4.721500E+03 -5.320077E+00
  4.722000E+03 -5.757845E+00
  4.722500E+03 -5.232218E+00
  4.723000E+03 -4.231008E+00
  4.723500E+03 -3.254827E+00
  4.724000E+03 -2.623779E+00
  4.724500E+03 -2.395632E+00
  4.725000E+03 -2.384904E+00
  4.725500E+03 -2.287808E+00
  4.726000E+03 -1.870297E+00
  4.726500E+03 -1.096031E+00
  4.727000E+03 -9.310826E-02
  4.727500E+03  9.965082E-01
  4.728000E+03  2.125293E+00
  4.728500E+03  3.296229E+00
  4.729000E+03  4.421094E+00
  4.729500E+03  5.243684E+00
  4.730000E+03  5.441672E+00
  4.730500E+03  4.861838E+00
  4.731000E+03  3.702856E+00
  4.731500E+03  2.454892E+00
  4.732000E+03  1.577335E+00
  4.732500E+03  1.146075E+00
  4.733000E+03  7.987375E-01
  4.733500E+03  8.231283E-02
  4.734000E+03 -1.091060E+00
  4.734500E+03 -2.334675E+00
  4.735000E+03 -3.159037E+00
  4.735500E+03 -3.448804E+00
  4.736000E+03 -3.538367E+00
  4.736500E+03 -3.813687E+00
  4.737000E+03 -4.287314E+00
  4.737500E+03 -4.596537E+00
  4.738000E+03 -4.374684E+00
  4.738500E+03 -3.557123E+00
  4.739000E+03 -2.344686E+00
  4.739500E+03 -9.840157E-01
  4.740000E+03  3.425656E-01
  4.740500E+03  1.494490E+00
  4.741000E+03  2.401760E+00
  4.741500E+03  3.159580E+00
  4.742000E+03  3.964558E+00
  4.742500E+03  4.818232E+00
  4.743000E+03  5.325551E+00
  4.743500E+03  4.952772E+00
  4.744000E+03  3.583705E+00
  4.744500E+03  1.755224E+00
  4.745000E+03  2.369028E-01
  4.745500E+03 -6.142289E-01
  4.746000E+03 -1.007712E+00
  4.746500E+03 -1.270681E+00
  4.747000E+03 -1.422422E+00
  4.747500E+03 -1.305256E+00
  4.748000E+03 -1.006710E+00
  4.748500E+03 -8.955622E-01
  4.749000E+03 -1.150340E+00
  4.749500E+03 -1.428396E+00
  4.750000E+03 -1.210447E+00
  4.750500E+03 -4.491749E-01
  4.751000E+03  3.243625E-01
  4.751500E+03  6.163810E-01
  4.752000E+03  5.186909E-01
  4.752500E+03  4.526571E-01
  4.753000E+03  4.470247E-01
  4.753500E+03 -2.849958E-02
  4.754000E+03 -1.337091E+00
  4.754500E+03 -2.944444E+00
  4.755000E+03 -3.713208E+00
  4.755500E+03 -3.026937E+00
  4.756000E+03 -1.469576E+00
  4.756500E+03 -2.474724E-01
  4.757000E+03 -7.427366E-03
  4.757500E+03 -3.700996E-01
  4.758000E+03 -5.766466E-01
  4.758500E+03 -3.391789E-01
  4.759000E+03  9.631385E-02
  4.759500E+03  5.403549E-01
  4.760000E+03  1.164507E+00
  4.760500E+03  2.098283E+00
  4.761000E+03  2.957125E+00
  4.761500E+03  3.087852E+00
  4.762000E+03  2.352822E+00
  4.762500E+03  1.478867E+00
  4.763000E+03  1.435426E+00
  4.763500E+03  2.455858E+00
  4.764000E+03  3.762582E+00
  4.764500E+03  4.276702E+00
  4.765000E+03  3.541613E+00
  4.765500E+03  1.962051E+00
  4.766000E+03  2.797402E-01
  4.766500E+03 -1.050194E+00
  4.767000E+03 -2.011340E+00
  4.767500E+03 -2.765783E+00
  4.768000E+03 -3.404315E+00
  4.768500E+03 -3.929966E+00
  4.769000E+03 -4.342044E+00
  4.769500E+03 -4.631729E+00
  4.770000E+03 -4.707662E+00
  4.770500E+03 -4.397705E+00
  4.771000E+03 -3.571221E+00
  4.771500E+03 -2.269350E+00
  4.772000E+03 -7.217588E-01
  4.772500E+03  7.506087E-01
  4.773000E+03  1.854556E+00
  4.773500E+03  2.392668E+00
  4.774000E+03  2.285945E+00
  4.774500E+03  1.599488E+00
  4.775000E+03  5.851213E-01
  4.775500E+03 -3.219325E-01
  4.776000E+03 -6.421567E-01
  4.776500E+03 -1.172701E-01
  4.777000E+03  1.078672E+00
  4.777500E+03  2.411310E+00
  4.778000E+03  3.357141E+00
  4.778500E+03  3.772117E+00
  4.779000E+03  3.895685E+00
  4.779500E+03  3.974689E+00
  4.780000E+03  3.914507E+00
  4.780500E+03  3.365437E+00
  4.781000E+03  2.169555E+00
  4.781500E+03  6.532489E-01
  4.782000E+03 -6.129493E-01
  4.782500E+03 -1.367527E+00
  4.783000E+03 -1.919425E+00
  4.783500E+03 -2.799412E+00
  4.784000E+03 -4.139186E+00
  4.784500E+03 -5.420694E+00
  4.785000E+03 -5.866548E+00
  4.785500E+03 -5.101973E+00
  4.786000E+03 -3.467554E+00
  4.786500E+03 -1.714794E+00
  4.787000E+03 -3.898441E-01
  4.787500E+03  5.323908E-01
  4.788000E+03  1.455794E+00
  4.788500E+03  2.615734E+00
  4.789000E+03  3.704985E+00
  4.789500E+03  4.054762E+00
  4.790000E+03  3.238972E+00
  4.790500E+03  1.538220E+00
  4.791000E+03 -2.112219E-01
  4.791500E+03 -1.276126E+00
  4.792000E+03 -1.569223E+00
  4.792500E+03 -1.563381E+00
  4.793000E+03 -1.717648E+00
  4.793500E+03 -2.046754E+00
  4.794000E+03 -2.246592E+00
  4.794500E+03 -2.128549E+00
  4.795000E+03 -1.800082E+00
  4.795500E+03 -1.408642E+00
  4.796000E+03 -8.343665E-01
  4.796500E+03  2.397376E-01
  4.797000E+03  1.951822E+00
  4.797500E+03  4.028503E+00
  4.798000E+03  5.935600E+00
  4.798500E+03  7.182350E+00
  4.799000E+03  7.449347E+00
  4.799500E+03  6.554785E+00
  4.800000E+03  4.515143E+00
  4.800500E+03  1.730596E+00
  4.801000E+03 -1.019505E+00
  4.801500E+03 -2.982287E+00
  4.802000E+03 -3.946660E+00
  4.802500E+03 -4.332963E+00
  4.803000E+03 -4.723923E+00
  4.803500E+03 -5.308654E+00
  4.804000E+03 -5.787613E+00
  4.804500E+03 -5.754267E+00
  4.805000E+03 -5.086428E+00
  4.805500E+03 -3.983137E+00
  4.806000E+03 -2.741958E+00
  4.806500E+03 -1.579726E+00
  4.807000E+03 -5.941533E-01
  4.807500E+03  2.503693E-01
  4.808000E+03  1.140803E+00
  4.808500E+03  2.299526E+00
  4.809000E+03  3.715117E+00
  4.809500E+03  4.989522E+00
  4.810000E+03  5.563743E+00
  4.810500E+03  5.170785E+00
  4.811000E+03  4.045287E+00
  4.811500E+03  2.659840E+00
  4.812000E+03  1.309638E+00
  4.812500E+03  3.358951E-02
  4.813000E+03 -1.088425E+00
  4.813500E+03 -1.716482E+00
  4.814000E+03 -1.464831E+00
  4.814500E+03 -3.399058E-01
  4.815000E+03  1.113360E+00
  4.815500E+03  2.144693E+00
  4.816000E+03  2.271846E+00
  4.816500E+03  1.470003E+00
  4.817000E+03  3.668091E-02
  4.817500E+03 -1.601582E+00
  4.818000E+03 -2.985497E+00
  4.818500E+03 -3.722245E+00
  4.819000E+03 -3.668109E+00
  4.819500E+03 -3.038856E+00
  4.820000E+03 -2.256813E+00
  4.820500E+03 -1.632941E+00
  4.821000E+03 -1.209397E+00
  4.821500E+03 -9.035512E-01
  4.822000E+03 -7.143902E-01
  4.822500E+03 -6.914745E-01
  4.823000E+03 -7.222188E-01
  4.823500E+03 -4.841974E-01
  4.824000E+03  2.792860E-01
  4.824500E+03  1.440866E+00
  4.825000E+03  2.514863E+00
  4.825500E+03  3.029701E+00
  4.826000E+03  2.857142E+00
  4.826500E+03  2.194216E+00
  4.827000E+03  1.318101E+00
  4.827500E+03  4.419199E-01
  4.828000E+03 -2.354336E-01
  4.828500E+03 -4.972562E-01
  4.829000E+03 -2.514554E-01
  4.829500E+03  3.105136E-01
  4.830000E+03  7.998574E-01
  4.830500E+03  9.420191E-01
  4.831000E+03  7.949887E-01
  4.831500E+03  6.458058E-01
  4.832000E+03  7.254661E-01
  4.832500E+03  1.053876E+00
  4.833000E+03  1.502812E+00
  4.833500E+03  1.882693E+00
  4.834000E+03  1.912432E+00
  4.834500E+03  1.219504E+00
  4.835000E+03 -4.207362E-01
  4.835500E+03 -2.725904E+00
  4.836000E+03 -4.852634E+00
  4.836500E+03 -5.878170E+00
  4.837000E+03 -5.476978E+00
  4.837500E+03 -4.158312E+00
  4.838000E+03 -2.815600E+00
  4.838500E+03 -2.020012E+00
  4.839000E+03 -1.715059E+00
  4.839500E+03 -1.497352E+00
  4.840000E+03 -1.060422E+00
  4.840500E+03 -3.208354E-01
  4.841000E+03  7.614388E-01
  4.841500E+03  2.267918E+00
  4.842000E+03  4.108427E+00
  4.842500E+03  5.802856E+00
  4.843000E+03  6.666180E+00
  4.843500E+03  6.339724E+00
  4.844000E+03  5.125142E+00
  4.844500E+03  3.708138E+00
  4.845000E+03  2.514979E+00
  4.845500E+03  1.376565E+00
  4.846000E+03 -1.394427E-01
  4.846500E+03 -2.090882E+00
  4.847000E+03 -3.904611E+00
  4.847500E+03 -4.772626E+00
  4.848000E+03 -4.304536E+00
  4.848500E+03 -2.834272E+00
  4.849000E+03 -1.172500E+00
  4.849500E+03 -9.059488E-02
  4.850000E+03  6.555096E-02
  4.850500E+03 -5.336285E-01
  4.851000E+03 -1.350844E+00
  4.851500E+03 -1.775353E+00
  4.852000E+03 -1.461923E+00
  4.852500E+03 -5.448111E-01
  4.853000E+03  4.505459E-01
  4.853500E+03  9.730393E-01
  4.854000E+03  8.047619E-01
  4.854500E+03  1.271357E-01
  4.855000E+03 -6.958043E-01
  4.855500E+03 -1.348771E+00
  4.856000E+03 -1.619786E+00
  4.856500E+03 -1.364347E+00
  4.857000E+03 -5.600404E-01
  4.857500E+03  5.698551E-01
  4.858000E+03  1.576542E+00
  4.858500E+03  2.045765E+00
  4.859000E+03  1.898241E+00
  4.859500E+03  1.440526E+00
  4.860000E+03  1.114577E+00
  4.860500E+03  1.173807E+00
  4.861000E+03  1.532056E+00
  4.861500E+03  1.840934E+00
  4.862000E+03  1.708441E+00
  4.862500E+03  9.578976E-01
  4.863000E+03 -1.906411E-01
  4.863500E+03 -1.180924E+00
  4.864000E+03 -1.484142E+00
  4.864500E+03 -1.025085E+00
  4.865000E+03 -2.521326E-01
  4.865500E+03  2.858289E-01
  4.866000E+03  4.536681E-01
  4.866500E+03  5.761950E-01
  4.867000E+03  9.605995E-01
  4.867500E+03  1.457331E+00
  4.868000E+03  1.584408E+00
  4.868500E+03  1.054342E+00
  4.869000E+03  5.278278E-02
  4.869500E+03 -1.049950E+00
  4.870000E+03 -2.142981E+00
  4.870500E+03 -3.381934E+00
  4.871000E+03 -4.764832E+00
  4.871500E+03 -5.864274E+00
  4.872000E+03 -6.100320E+00
  4.872500E+03 -5.233959E+00
  4.873000E+03 -3.498043E+00
  4.873500E+03 -1.286951E+00
  4.874000E+03  1.117229E+00
  4.874500E+03  3.450584E+00
  4.875000E+03  5.276198E+00
  4.875500E+03  6.137940E+00
  4.876000E+03  5.975881E+00
  4.876500E+03  5.247714E+00
  4.877000E+03  4.499451E+00
  4.877500E+03  3.846735E+00
  4.878000E+03  2.986813E+00
  4.878500E+03  1.704590E+00
  4.879000E+03  2.192185E-01
  4.879500E+03 -1.039437E+00
  4.880000E+03 -1.871107E+00
  4.880500E+03 -2.364183E+00
  4.881000E+03 -2.563838E+00
  4.881500E+03 -2.316004E+00
  4.882000E+03 -1.590495E+00
  4.882500E+03 -8.387996E-01
  4.883000E+03 -7.776083E-01
  4.883500E+03 -1.703968E+00
  4.884000E+03 -3.115301E+00
  4.884500E+03 -4.110895E+00
  4.885000E+03 -4.137666E+00
  4.885500E+03 -3.278838E+00
  4.886000E+03 -1.906883E+00
  4.886500E+03 -2.785854E-01
  4.887000E+03  1.432124E+00
  4.887500E+03  2.887240E+00
  4.888000E+03  3.660041E+00
  4.888500E+03  3.650021E+00
  4.889000E+03  3.267967E+00
  4.889500E+03  3.036204E+00
  4.890000E+03  3.017403E+00
  4.890500E+03  2.768819E+00
  4.891000E+03  1.902591E+00
  4.891500E+03  5.946261E-01
  4.892000E+03 -5.409434E-01
  4.892500E+03 -1.034052E+00
  4.893000E+03 -9.430480E-01
  4.893500E+03 -7.144401E-01
  4.894000E+03 -7.966744E-01
  4.894500E+03 -1.405603E+00
  4.895000E+03 -2.484037E+00
  4.895500E+03 -3.691444E+00
  4.896000E+03 -4.454662E+00
  4.896500E+03 -4.259719E+00
  4.897000E+03 -3.085869E+00
  4.897500E+03 -1.528559E+00
  4.898000E+03 -3.458572E-01
  4.898500E+03  1.898342E-01
  4.899000E+03  4.532051E-01
  4.899500E+03  9.743636E-01
  4.900000E+03  1.877299E+00
  4.900500E+03  2.876650E+00
  4.901000E+03  3.737184E+00
  4.901500E+03  4.535003E+00
  4.902000E+03  5.372674E+00
  4.902500E+03  5.965028E+00
  4.903000E+03  5.717615E+00
  4.903500E+03  4.295512E+00
  4.904000E+03  2.035822E+00
  4.904500E+03 -2.846323E-01
  4.905000E+03 -2.068564E+00
  4.905500E+03 -3.246160E+00
  4.906000E+03 -4.081511E+00
  4.906500E+03 -4.788736E+00
  4.907000E+03 -5.398439E+00
  4.907500E+03 -5.872080E+00
  4.908000E+03 -6.151141E+00
  4.908500E+03 -6.039415E+00
  4.909000E+03 -5.179575E+00
  4.909500E+03 -3.335072E+00
  4.910000E+03 -7.581516E-01
  4.910500E+03  1.802743E+00
  4.911000E+03  3.576320E+00
  4.911500E+03  4.311731E+00
  4.912000E+03  4.367190E+00
  4.912500E+03  4.267462E+00
  4.913000E+03  4.180242E+00
  4.913500E+03  3.821126E+00
  4.914000E+03  2.856586E+00
  4.914500E+03  1.388918E+00
  4.915000E+03  3.061273E-02
  4.915500E+03 -5.423293E-01
  4.916000E+03 -1.770603E-01
  4.916500E+03  5.756367E-01
  4.917000E+03  9.018880E-01
  4.917500E+03  4.319857E-01
  4.918000E+03 -4.307788E-01
  4.918500E+03 -8.950668E-01
  4.919000E+03 -5.436159E-01
  4.919500E+03  2.503809E-01
  4.920000E+03  6.561670E-01
  4.920500E+03  1.397768E-01
  4.921000E+03 -1.085434E+00
  4.921500E+03 -2.298308E+00
  4.922000E+03 -2.894582E+00
  4.922500E+03 -2.782396E+00
  4.923000E+03 -2.270243E+00
  4.923500E+03 -1.700911E+00
  4.924000E+03 -1.231258E+00
  4.924500E+03 -8.664566E-01
  4.925000E+03 -5.663854E-01
  4.925500E+03 -2.726761E-01
  4.926000E+03  9.385087E-02
  4.926500E+03  5.721238E-01
  4.927000E+03  1.088284E+00
  4.927500E+03  1.494149E+00
  4.928000E+03  1.698762E+00
  4.928500E+03  1.727755E+00
  4.929000E+03  1.630718E+00
  4.929500E+03  1.378536E+00
  4.930000E+03  9.285300E-01
  4.930500E+03  3.981695E-01
  4.931000E+03  8.798838E-02
  4.931500E+03  2.374489E-01
  4.932000E+03  7.451869E-01
  4.932500E+03  1.189953E+00
  4.933000E+03  1.173797E+00
  4.933500E+03  6.349006E-01
  4.934000E+03 -1.881468E-01
  4.934500E+03 -1.043107E+00
  4.935000E+03 -1.821235E+00
  4.935500E+03 -2.414083E+00
  4.936000E+03 -2.536541E+00
  4.936500E+03 -1.870824E+00
  4.937000E+03 -4.711929E-01
  4.937500E+03  1.048949E+00
  4.938000E+03  1.886154E+00
  4.938500E+03  1.702859E+00
  4.939000E+03  9.126789E-01
  4.939500E+03  2.622608E-01
  4.940000E+03  1.068280E-01
  4.940500E+03  1.165266E-01
  4.941000E+03 -2.906611E-01
  4.941500E+03 -1.253817E+00
  4.942000E+03 -2.243079E+00
  4.942500E+03 -2.533203E+00
  4.943000E+03 -1.884118E+00
  4.943500E+03 -7.467629E-01
  4.944000E+03  1.793249E-01
  4.944500E+03  5.658538E-01
  4.945000E+03  6.562356E-01
  4.945500E+03  9.161587E-01
  4.946000E+03  1.538792E+00
  4.946500E+03  2.282887E+00
  4.947000E+03  2.728787E+00
  4.947500E+03  2.633532E+00
  4.948000E+03  2.049096E+00
  4.948500E+03  1.180974E+00
  4.949000E+03  2.209002E-01
  4.949500E+03 -6.745653E-01
  4.950000E+03 -1.334947E+00
  4.950500E+03 -1.628267E+00
  4.951000E+03 -1.611133E+00
  4.951500E+03 -1.564960E+00
  4.952000E+03 -1.772990E+00
  4.952500E+03 -2.204088E+00
  4.953000E+03 -2.454845E+00
  4.953500E+03 -2.082966E+00
  4.954000E+03 -1.035197E+00
  4.954500E+03  2.751627E-01
  4.955000E+03  1.336639E+00
  4.955500E+03  1.965937E+00
  4.956000E+03  2.343869E+00
  4.956500E+03  2.661331E+00
  4.957000E+03  2.816201E+00
  4.957500E+03  2.516146E+00
  4.958000E+03  1.642856E+00
  4.958500E+03  4.310687E-01
  4.959000E+03 -7.346578E-01
  4.959500E+03 -1.637000E+00
  4.960000E+03 -2.292397E+00
  4.960500E+03 -2.759839E+00
  4.961000E+03 -2.994569E+00
  4.961500E+03 -2.915385E+00
  4.962000E+03 -2.512388E+00
  4.962500E+03 -1.789003E+00
  4.963000E+03 -6.536065E-01
  4.963500E+03  9.591468E-01
  4.964000E+03  2.775855E+00
  4.964500E+03  4.118919E+00
  4.965000E+03  4.366422E+00
  4.965500E+03  3.556928E+00
  4.966000E+03  2.428258E+00
  4.966500E+03  1.726210E+00
  4.967000E+03  1.485439E+00
  4.967500E+03  1.090274E+00
  4.968000E+03  4.626768E-02
  4.968500E+03 -1.442031E+00
  4.969000E+03 -2.742406E+00
  4.969500E+03 -3.522236E+00
  4.970000E+03 -4.000205E+00
  4.970500E+03 -4.444210E+00
  4.971000E+03 -4.637086E+00
  4.971500E+03 -4.071176E+00
  4.972000E+03 -2.644757E+00
  4.972500E+03 -9.137823E-01
  4.973000E+03  5.111252E-01
  4.973500E+03  1.687350E+00
  4.974000E+03  3.195389E+00
  4.974500E+03  5.194956E+00
  4.975000E+03  6.834415E+00
  4.975500E+03  6.869683E+00
  4.976000E+03  4.935646E+00
  4.976500E+03  2.061280E+00
  4.977000E+03 -2.098189E-01
  4.977500E+03 -1.198294E+00
  4.978000E+03 -1.534337E+00
  4.978500E+03 -2.276430E+00
  4.979000E+03 -3.709699E+00
  4.979500E+03 -5.056345E+00
  4.980000E+03 -5.268542E+00
  4.980500E+03 -3.995220E+00
  4.981000E+03 -1.816331E+00
  4.981500E+03  2.957668E-01
  4.982000E+03  1.647527E+00
  4.982500E+03  2.091783E+00
  4.983000E+03  1.885773E+00
  4.983500E+03  1.430164E+00
  4.984000E+03  1.075534E+00
  4.984500E+03  1.002932E+00
  4.985000E+03  1.175611E+00
  4.985500E+03  1.407231E+00
  4.986000E+03  1.517692E+00
  4.986500E+03  1.430334E+00
  4.987000E+03  1.115540E+00
  4.987500E+03  4.927792E-01
  4.988000E+03 -5.086476E-01
  4.988500E+03 -1.728761E+00
  4.989000E+03 -2.668267E+00
  4.989500E+03 -2.741535E+00
  4.990000E+03 -1.765241E+00
  4.990500E+03 -2.224627E-01
  4.991000E+03  1.027983E+00
  4.991500E+03  1.394803E+00
  4.992000E+03  9.585497E-01
  4.992500E+03  2.540909E-01
  4.993000E+03 -3.171377E-01
  4.993500E+03 -8.037262E-01
  4.994000E+03 -1.416899E+00
  4.994500E+03 -2.007487E+00
  4.995000E+03 -1.986826E+00
  4.995500E+03 -8.962051E-01
  4.996000E+03  9.447009E-01
  4.996500E+03  2.474297E+00
  4.997000E+03  2.707620E+00
  4.997500E+03  1.592121E+00
  4.998000E+03  6.210180E-02
  4.998500E+03 -7.653309E-01
  4.999000E+03 -4.780975E-01
  4.999500E+03  4.551788E-01
  5.000000E+03  1.264279E+00
