 Variables = "t (s)" "<greek>z</greek> (m)" 
  5.000000E-01  0.000000E+00
  1.000000E+00 -1.826146E-04
  1.500000E+00 -7.879569E-04
  2.000000E+00 -1.879427E-03
  2.500000E+00 -2.820866E-03
  3.000000E+00 -2.089620E-03
  3.500000E+00  5.312680E-04
  4.000000E+00  2.326672E-03
  4.500000E+00  9.201790E-04
  5.000000E+00 -1.581678E-03
  5.500000E+00 -9.370925E-04
  6.000000E+00  3.967412E-03
  6.500000E+00  1.179382E-02
  7.000000E+00  2.206268E-02
  7.500000E+00  3.275649E-02
  8.000000E+00  3.812204E-02
  8.500000E+00  3.520608E-02
  9.000000E+00  2.804393E-02
  9.500000E+00  1.799597E-02
  1.000000E+01 -2.731033E-03
  1.050000E+01 -3.676667E-02
  1.100000E+01 -6.896753E-02
  1.150000E+01 -8.264877E-02
  1.200000E+01 -7.933798E-02
  1.250000E+01 -6.446660E-02
  1.300000E+01 -2.655022E-02
  1.350000E+01  3.990880E-02
  1.400000E+01  9.972535E-02
  1.450000E+01  1.061738E-01
  1.500000E+01  6.958077E-02
  1.550000E+01  5.439550E-02
  1.600000E+01  9.064035E-02
  1.650000E+01  1.267909E-01
  1.700000E+01  9.712545E-02
  1.750000E+01  3.851232E-03
  1.800000E+01 -9.907580E-02
  1.850000E+01 -1.758154E-01
  1.900000E+01 -2.235695E-01
  1.950000E+01 -2.382147E-01
  2.000000E+01 -2.120211E-01
  2.050000E+01 -1.628660E-01
  2.100000E+01 -1.250320E-01
  2.150000E+01 -1.044083E-01
  2.200000E+01 -7.385241E-02
  2.250000E+01 -1.763119E-02
  2.300000E+01  5.156474E-02
  2.350000E+01  1.259710E-01
  2.400000E+01  2.148929E-01
  2.450000E+01  3.066891E-01
  2.500000E+01  3.576237E-01
  2.550000E+01  3.480211E-01
  2.600000E+01  3.127103E-01
  2.650000E+01  2.735565E-01
  2.700000E+01  1.806075E-01
  2.750000E+01 -7.204312E-03
  2.800000E+01 -2.010116E-01
  2.850000E+01 -2.398864E-01
  2.900000E+01 -9.622019E-02
  2.950000E+01  6.593597E-02
  3.000000E+01  8.723803E-02
  3.050000E+01 -1.680139E-02
  3.100000E+01 -1.482582E-01
  3.150000E+01 -2.906732E-01
  3.200000E+01 -4.604441E-01
  3.250000E+01 -5.685504E-01
  3.300000E+01 -4.965827E-01
  3.350000E+01 -2.934989E-01
  3.400000E+01 -1.297621E-01
  3.450000E+01 -4.198449E-02
  3.500000E+01  1.017243E-01
  3.550000E+01  3.343137E-01
  3.600000E+01  4.729883E-01
  3.650000E+01  3.750002E-01
  3.700000E+01  1.582678E-01
  3.750000E+01  3.637300E-02
  3.800000E+01  5.188697E-02
  3.850000E+01  1.038296E-01
  3.900000E+01  1.303652E-01
  3.950000E+01  1.252194E-01
  4.000000E+01  7.672418E-02
  4.050000E+01  3.975712E-02
  4.100000E+01  1.589467E-01
  4.150000E+01  4.386477E-01
  4.200000E+01  5.882189E-01
  4.250000E+01  3.234400E-01
  4.300000E+01 -2.214703E-01
  4.350000E+01 -6.083056E-01
  4.400000E+01 -6.142681E-01
  4.450000E+01 -4.271669E-01
  4.500000E+01 -3.155628E-01
  4.550000E+01 -3.178500E-01
  4.600000E+01 -3.016225E-01
  4.650000E+01 -1.488526E-01
  4.700000E+01  1.606525E-01
  4.750000E+01  4.892332E-01
  4.800000E+01  5.547037E-01
  4.850000E+01  1.981243E-01
  4.900000E+01 -3.390097E-01
  4.950000E+01 -6.154591E-01
  5.000000E+01 -5.027292E-01
  5.050000E+01 -2.707240E-01
  5.100000E+01 -1.247438E-01
  5.150000E+01  5.341239E-02
  5.200000E+01  3.809108E-01
  5.250000E+01  6.792104E-01
  5.300000E+01  7.197131E-01
  5.350000E+01  5.591398E-01
  5.400000E+01  4.034604E-01
  5.450000E+01  2.907063E-01
  5.500000E+01  1.290784E-01
  5.550000E+01 -7.328374E-02
  5.600000E+01 -2.331179E-01
  5.650000E+01 -3.518247E-01
  5.700000E+01 -4.571218E-01
  5.750000E+01 -4.801674E-01
  5.800000E+01 -3.791009E-01
  5.850000E+01 -2.854395E-01
  5.900000E+01 -3.307106E-01
  5.950000E+01 -4.215608E-01
  6.000000E+01 -3.814954E-01
  6.050000E+01 -2.084453E-01
  6.100000E+01  1.249310E-02
  6.150000E+01  3.100024E-01
  6.200000E+01  6.758959E-01
  6.250000E+01  8.569087E-01
  6.300000E+01  6.461934E-01
  6.350000E+01  3.037161E-01
  6.400000E+01  2.912937E-01
  6.450000E+01  5.871030E-01
  6.500000E+01  6.678245E-01
  6.550000E+01  2.461097E-01
  6.600000E+01 -3.698850E-01
  6.650000E+01 -7.818948E-01
  6.700000E+01 -9.713509E-01
  6.750000E+01 -1.058613E+00
  6.800000E+01 -9.651646E-01
  6.850000E+01 -6.231376E-01
  6.900000E+01 -2.549033E-01
  6.950000E+01 -1.186055E-01
  7.000000E+01 -1.471279E-01
  7.050000E+01 -1.113073E-01
  7.100000E+01  3.194341E-02
  7.150000E+01  2.282023E-01
  7.200000E+01  5.758270E-01
  7.250000E+01  1.148493E+00
  7.300000E+01  1.680811E+00
  7.350000E+01  1.777060E+00
  7.400000E+01  1.393648E+00
  7.450000E+01  8.192864E-01
  7.500000E+01  2.270978E-01
  7.550000E+01 -4.314115E-01
  7.600000E+01 -1.101503E+00
  7.650000E+01 -1.543548E+00
  7.700000E+01 -1.656471E+00
  7.750000E+01 -1.604931E+00
  7.800000E+01 -1.526900E+00
  7.850000E+01 -1.342702E+00
  7.900000E+01 -9.431491E-01
  7.950000E+01 -3.647261E-01
  8.000000E+01  2.966851E-01
  8.050000E+01  9.523716E-01
  8.100000E+01  1.443292E+00
  8.150000E+01  1.606046E+00
  8.200000E+01  1.486587E+00
  8.250000E+01  1.287879E+00
  8.300000E+01  1.057430E+00
  8.350000E+01  6.683296E-01
  8.400000E+01  1.675632E-01
  8.450000E+01 -1.670918E-01
  8.500000E+01 -2.605012E-01
  8.550000E+01 -4.145928E-01
  8.600000E+01 -8.184180E-01
  8.650000E+01 -1.166050E+00
  8.700000E+01 -1.075194E+00
  8.750000E+01 -6.771461E-01
  8.800000E+01 -4.304397E-01
  8.850000E+01 -4.702655E-01
  8.900000E+01 -5.134282E-01
  8.950000E+01 -3.590853E-01
  9.000000E+01 -1.058312E-01
  9.050000E+01  1.623185E-01
  9.100000E+01  5.381463E-01
  9.150000E+01  1.000643E+00
  9.200000E+01  1.253703E+00
  9.250000E+01  1.061578E+00
  9.300000E+01  5.758479E-01
  9.350000E+01  1.518391E-01
  9.400000E+01 -4.499397E-02
  9.450000E+01 -1.061862E-01
  9.500000E+01 -1.622132E-01
  9.550000E+01 -2.580603E-01
  9.600000E+01 -3.913274E-01
  9.650000E+01 -5.288616E-01
  9.700000E+01 -5.900086E-01
  9.750000E+01 -5.114591E-01
  9.800000E+01 -3.372812E-01
  9.850000E+01 -1.854012E-01
  9.900000E+01 -1.215685E-01
  9.950000E+01 -1.027640E-01
  1.000000E+02 -4.110089E-02
  1.005000E+02  1.008235E-01
  1.010000E+02  2.752022E-01
  1.015000E+02  4.018045E-01
  1.020000E+02  4.553927E-01
  1.025000E+02  4.756009E-01
  1.030000E+02  4.730871E-01
  1.035000E+02  3.853818E-01
  1.040000E+02  1.925799E-01
  1.045000E+02  1.673714E-02
  1.050000E+02 -1.288604E-02
  1.055000E+02  3.205219E-02
  1.060000E+02 -4.992018E-02
  1.065000E+02 -2.955874E-01
  1.070000E+02 -5.039090E-01
  1.075000E+02 -5.098115E-01
  1.080000E+02 -3.845546E-01
  1.085000E+02 -2.751761E-01
  1.090000E+02 -1.839981E-01
  1.095000E+02 -4.628295E-02
  1.100000E+02  7.244349E-02
  1.105000E+02  3.183627E-02
  1.110000E+02 -1.550227E-01
  1.115000E+02 -2.986952E-01
  1.120000E+02 -2.541501E-01
  1.125000E+02 -5.266033E-02
  1.130000E+02  2.015570E-01
  1.135000E+02  4.506223E-01
  1.140000E+02  6.497315E-01
  1.145000E+02  7.139102E-01
  1.150000E+02  5.972722E-01
  1.155000E+02  3.991376E-01
  1.160000E+02  2.991949E-01
  1.165000E+02  3.485836E-01
  1.170000E+02  3.689063E-01
  1.175000E+02  1.240455E-01
  1.180000E+02 -3.960413E-01
  1.185000E+02 -9.182630E-01
  1.190000E+02 -1.153724E+00
  1.195000E+02 -1.074650E+00
  1.200000E+02 -8.615945E-01
  1.205000E+02 -6.299863E-01
  1.210000E+02 -3.348716E-01
  1.215000E+02  5.539805E-02
  1.220000E+02  4.405546E-01
  1.225000E+02  7.092023E-01
  1.230000E+02  8.608683E-01
  1.235000E+02  9.210520E-01
  1.240000E+02  8.374162E-01
  1.245000E+02  5.728687E-01
  1.250000E+02  2.256913E-01
  1.255000E+02 -6.621513E-02
  1.260000E+02 -2.880291E-01
  1.265000E+02 -4.913469E-01
  1.270000E+02 -6.203364E-01
  1.275000E+02 -5.436623E-01
  1.280000E+02 -2.630311E-01
  1.285000E+02  3.868825E-02
  1.290000E+02  1.852910E-01
  1.295000E+02  1.526760E-01
  1.300000E+02  2.267332E-02
  1.305000E+02 -1.056003E-01
  1.310000E+02 -1.489131E-01
  1.315000E+02 -9.796143E-02
  1.320000E+02 -7.209303E-02
  1.325000E+02 -2.057476E-01
  1.330000E+02 -4.301174E-01
  1.335000E+02 -4.690206E-01
  1.340000E+02 -1.324468E-01
  1.345000E+02  4.399330E-01
  1.350000E+02  8.894214E-01
  1.355000E+02  9.596343E-01
  1.360000E+02  6.819796E-01
  1.365000E+02  2.993029E-01
  1.370000E+02  4.895387E-02
  1.375000E+02 -1.935824E-02
  1.380000E+02 -4.973583E-02
  1.385000E+02 -1.891219E-01
  1.390000E+02 -3.988163E-01
  1.395000E+02 -5.095871E-01
  1.400000E+02 -4.510610E-01
  1.405000E+02 -3.318537E-01
  1.410000E+02 -2.687444E-01
  1.415000E+02 -2.334817E-01
  1.420000E+02 -1.271089E-01
  1.425000E+02  5.986994E-02
  1.430000E+02  2.194772E-01
  1.435000E+02  2.230479E-01
  1.440000E+02  2.969856E-02
  1.445000E+02 -2.447183E-01
  1.450000E+02 -3.667198E-01
  1.455000E+02 -1.893768E-01
  1.460000E+02  1.591589E-01
  1.465000E+02  3.934782E-01
  1.470000E+02  4.025138E-01
  1.475000E+02  3.345565E-01
  1.480000E+02  3.091856E-01
  1.485000E+02  2.191771E-01
  1.490000E+02 -5.556968E-02
  1.495000E+02 -3.791546E-01
  1.500000E+02 -4.783791E-01
  1.505000E+02 -2.554336E-01
  1.510000E+02  1.635571E-01
  1.515000E+02  6.108032E-01
  1.520000E+02  9.425395E-01
  1.525000E+02  9.976206E-01
  1.530000E+02  7.008660E-01
  1.535000E+02  2.037098E-01
  1.540000E+02 -2.507751E-01
  1.545000E+02 -6.006610E-01
  1.550000E+02 -9.377388E-01
  1.555000E+02 -1.224379E+00
  1.560000E+02 -1.253065E+00
  1.565000E+02 -9.398142E-01
  1.570000E+02 -4.708417E-01
  1.575000E+02 -8.179052E-02
  1.580000E+02  1.511298E-01
  1.585000E+02  2.388193E-01
  1.590000E+02  1.849383E-01
  1.595000E+02  7.094232E-02
  1.600000E+02  6.514942E-02
  1.605000E+02  2.081231E-01
  1.610000E+02  3.317188E-01
  1.615000E+02  3.407732E-01
  1.620000E+02  4.303338E-01
  1.625000E+02  8.153296E-01
  1.630000E+02  1.331640E+00
  1.635000E+02  1.538638E+00
  1.640000E+02  1.214370E+00
  1.645000E+02  5.592249E-01
  1.650000E+02 -1.073673E-01
  1.655000E+02 -6.648429E-01
  1.660000E+02 -1.140310E+00
  1.665000E+02 -1.497514E+00
  1.670000E+02 -1.609605E+00
  1.675000E+02 -1.402158E+00
  1.680000E+02 -9.474690E-01
  1.685000E+02 -4.207999E-01
  1.690000E+02  1.871934E-02
  1.695000E+02  3.213151E-01
  1.700000E+02  5.267379E-01
  1.705000E+02  6.509549E-01
  1.710000E+02  6.417073E-01
  1.715000E+02  4.868538E-01
  1.720000E+02  2.992466E-01
  1.725000E+02  2.027736E-01
  1.730000E+02  1.794345E-01
  1.735000E+02  1.406060E-01
  1.740000E+02  1.121921E-01
  1.745000E+02  1.930148E-01
  1.750000E+02  3.168873E-01
  1.755000E+02  2.341421E-01
  1.760000E+02 -1.707398E-01
  1.765000E+02 -6.637863E-01
  1.770000E+02 -8.883483E-01
  1.775000E+02 -7.396798E-01
  1.780000E+02 -3.980687E-01
  1.785000E+02 -4.835210E-02
  1.790000E+02  2.742538E-01
  1.795000E+02  5.491802E-01
  1.800000E+02  6.539527E-01
  1.805000E+02  5.106207E-01
  1.810000E+02  2.767606E-01
  1.815000E+02  2.283579E-01
  1.820000E+02  4.110824E-01
  1.825000E+02  5.287143E-01
  1.830000E+02  2.858183E-01
  1.835000E+02 -2.205640E-01
  1.840000E+02 -5.892165E-01
  1.845000E+02 -5.862320E-01
  1.850000E+02 -3.735226E-01
  1.855000E+02 -2.234815E-01
  1.860000E+02 -1.820841E-01
  1.865000E+02 -1.475019E-01
  1.870000E+02 -1.359478E-01
  1.875000E+02 -2.521681E-01
  1.880000E+02 -4.487565E-01
  1.885000E+02 -5.368537E-01
  1.890000E+02 -4.497203E-01
  1.895000E+02 -3.006375E-01
  1.900000E+02 -1.503047E-01
  1.905000E+02  7.276068E-02
  1.910000E+02  3.495052E-01
  1.915000E+02  4.911376E-01
  1.920000E+02  4.275371E-01
  1.925000E+02  3.890131E-01
  1.930000E+02  6.011914E-01
  1.935000E+02  9.238107E-01
  1.940000E+02  1.014770E+00
  1.945000E+02  7.878270E-01
  1.950000E+02  4.832371E-01
  1.955000E+02  2.957097E-01
  1.960000E+02  1.478273E-01
  1.965000E+02 -1.206420E-01
  1.970000E+02 -5.127689E-01
  1.975000E+02 -8.982969E-01
  1.980000E+02 -1.150453E+00
  1.985000E+02 -1.188887E+00
  1.990000E+02 -9.919448E-01
  1.995000E+02 -6.429989E-01
  2.000000E+02 -2.937641E-01
  2.005000E+02 -2.691526E-02
  2.010000E+02  1.829199E-01
  2.015000E+02  3.451222E-01
  2.020000E+02  3.883483E-01
  2.025000E+02  2.798285E-01
  2.030000E+02  1.214210E-01
  2.035000E+02  4.266551E-02
  2.040000E+02  5.401432E-02
  2.045000E+02  8.208258E-02
  2.050000E+02  1.017917E-01
  2.055000E+02  1.503380E-01
  2.060000E+02  2.384957E-01
  2.065000E+02  3.272832E-01
  2.070000E+02  3.832534E-01
  2.075000E+02  3.942419E-01
  2.080000E+02  3.413369E-01
  2.085000E+02  2.225509E-01
  2.090000E+02  1.068623E-01
  2.095000E+02  9.349983E-02
  2.100000E+02  1.804504E-01
  2.105000E+02  2.168597E-01
  2.110000E+02  4.423282E-02
  2.115000E+02 -3.082666E-01
  2.120000E+02 -6.089272E-01
  2.125000E+02 -6.417553E-01
  2.130000E+02 -4.338358E-01
  2.135000E+02 -2.229318E-01
  2.140000E+02 -1.886442E-01
  2.145000E+02 -2.743046E-01
  2.150000E+02 -3.188856E-01
  2.155000E+02 -2.980348E-01
  2.160000E+02 -3.290643E-01
  2.165000E+02 -4.522912E-01
  2.170000E+02 -5.262009E-01
  2.175000E+02 -3.815090E-01
  2.180000E+02 -8.646424E-04
  2.185000E+02  4.908484E-01
  2.190000E+02  9.364893E-01
  2.195000E+02  1.203426E+00
  2.200000E+02  1.219161E+00
  2.205000E+02  1.034892E+00
  2.210000E+02  8.082088E-01
  2.215000E+02  6.467727E-01
  2.220000E+02  4.904321E-01
  2.225000E+02  1.984942E-01
  2.230000E+02 -2.732751E-01
  2.235000E+02 -8.208606E-01
  2.240000E+02 -1.275129E+00
  2.245000E+02 -1.496561E+00
  2.250000E+02 -1.442907E+00
  2.255000E+02 -1.202737E+00
  2.260000E+02 -9.202422E-01
  2.265000E+02 -6.369746E-01
  2.270000E+02 -2.617734E-01
  2.275000E+02  2.518199E-01
  2.280000E+02  7.788928E-01
  2.285000E+02  1.159346E+00
  2.290000E+02  1.383443E+00
  2.295000E+02  1.524491E+00
  2.300000E+02  1.545936E+00
  2.305000E+02  1.319862E+00
  2.310000E+02  8.196414E-01
  2.315000E+02  1.656536E-01
  2.320000E+02 -5.031640E-01
  2.325000E+02 -1.069004E+00
  2.330000E+02 -1.375477E+00
  2.335000E+02 -1.320313E+00
  2.340000E+02 -1.047870E+00
  2.345000E+02 -8.684598E-01
  2.350000E+02 -8.972695E-01
  2.355000E+02 -9.146375E-01
  2.360000E+02 -6.751474E-01
  2.365000E+02 -2.154944E-01
  2.370000E+02  2.587463E-01
  2.375000E+02  6.584262E-01
  2.380000E+02  1.025344E+00
  2.385000E+02  1.348393E+00
  2.390000E+02  1.531448E+00
  2.395000E+02  1.509973E+00
  2.400000E+02  1.272616E+00
  2.405000E+02  8.157760E-01
  2.410000E+02  2.147309E-01
  2.415000E+02 -3.117872E-01
  2.420000E+02 -5.846714E-01
  2.425000E+02 -7.036168E-01
  2.430000E+02 -9.221559E-01
  2.435000E+02 -1.258062E+00
  2.440000E+02 -1.419768E+00
  2.445000E+02 -1.205391E+00
  2.450000E+02 -8.009514E-01
  2.455000E+02 -5.303011E-01
  2.460000E+02 -4.173279E-01
  2.465000E+02 -1.794454E-01
  2.470000E+02  3.639176E-01
  2.475000E+02  1.029224E+00
  2.480000E+02  1.449330E+00
  2.485000E+02  1.421392E+00
  2.490000E+02  1.042787E+00
  2.495000E+02  5.806468E-01
  2.500000E+02  2.573566E-01
  2.505000E+02  1.144791E-01
  2.510000E+02  2.744595E-02
  2.515000E+02 -1.406060E-01
  2.520000E+02 -3.778494E-01
  2.525000E+02 -5.353084E-01
  2.530000E+02 -5.187299E-01
  2.535000E+02 -4.272654E-01
  2.540000E+02 -4.357524E-01
  2.545000E+02 -5.485889E-01
  2.550000E+02 -5.618263E-01
  2.555000E+02 -3.229523E-01
  2.560000E+02  3.971905E-02
  2.565000E+02  2.437542E-01
  2.570000E+02  1.884281E-01
  2.575000E+02  5.568096E-02
  2.580000E+02  5.279494E-02
  2.585000E+02  1.616612E-01
  2.590000E+02  2.140348E-01
  2.595000E+02  1.363106E-01
  2.600000E+02  2.249677E-02
  2.605000E+02  4.862190E-03
  2.610000E+02  1.443778E-01
  2.615000E+02  4.210766E-01
  2.620000E+02  7.309688E-01
  2.625000E+02  8.961360E-01
  2.630000E+02  7.790734E-01
  2.635000E+02  4.150441E-01
  2.640000E+02 -3.226132E-02
  2.645000E+02 -4.481409E-01
  2.650000E+02 -8.228153E-01
  2.655000E+02 -1.135802E+00
  2.660000E+02 -1.298502E+00
  2.665000E+02 -1.252033E+00
  2.670000E+02 -1.025857E+00
  2.675000E+02 -6.509050E-01
  2.680000E+02 -1.150884E-01
  2.685000E+02  5.206008E-01
  2.690000E+02  1.053836E+00
  2.695000E+02  1.295312E+00
  2.700000E+02  1.243248E+00
  2.705000E+02  1.019335E+00
  2.710000E+02  6.923634E-01
  2.715000E+02  2.770685E-01
  2.720000E+02 -1.388330E-01
  2.725000E+02 -4.129624E-01
  2.730000E+02 -5.068514E-01
  2.735000E+02 -5.088962E-01
  2.740000E+02 -4.762251E-01
  2.745000E+02 -3.703271E-01
  2.750000E+02 -1.935099E-01
  2.755000E+02 -6.655655E-02
  2.760000E+02 -7.537899E-02
  2.765000E+02 -1.240256E-01
  2.770000E+02 -5.826127E-02
  2.775000E+02  1.057351E-01
  2.780000E+02  2.009172E-01
  2.785000E+02  1.560278E-01
  2.790000E+02  9.652861E-02
  2.795000E+02  1.506528E-01
  2.800000E+02  2.586063E-01
  2.805000E+02  2.629489E-01
  2.810000E+02  1.206999E-01
  2.815000E+02 -8.430566E-02
  2.820000E+02 -2.998689E-01
  2.825000E+02 -5.310910E-01
  2.830000E+02 -6.898166E-01
  2.835000E+02 -5.803335E-01
  2.840000E+02 -1.466192E-01
  2.845000E+02  3.664548E-01
  2.850000E+02  6.390216E-01
  2.855000E+02  6.163810E-01
  2.860000E+02  4.901326E-01
  2.865000E+02  3.793267E-01
  2.870000E+02  2.051510E-01
  2.875000E+02 -9.597027E-02
  2.880000E+02 -4.101578E-01
  2.885000E+02 -5.782927E-01
  2.890000E+02 -5.582074E-01
  2.895000E+02 -3.691048E-01
  2.900000E+02 -5.686027E-03
  2.905000E+02  4.697774E-01
  2.910000E+02  8.487608E-01
  2.915000E+02  9.272369E-01
  2.920000E+02  6.834197E-01
  2.925000E+02  2.188605E-01
  2.930000E+02 -3.708974E-01
  2.935000E+02 -9.346387E-01
  2.940000E+02 -1.196858E+00
  2.945000E+02 -9.759555E-01
  2.950000E+02 -4.488792E-01
  2.955000E+02 -2.611842E-03
  2.960000E+02  1.843865E-01
  2.965000E+02  2.434806E-01
  2.970000E+02  3.122832E-01
  2.975000E+02  3.443638E-01
  2.980000E+02  2.667793E-01
  2.985000E+02  1.273867E-01
  2.990000E+02  3.345187E-03
  2.995000E+02 -7.502524E-02
  3.000000E+02 -4.195899E-02
  3.005000E+02  1.841622E-01
  3.010000E+02  5.089434E-01
  3.015000E+02  6.662200E-01
  3.020000E+02  5.278073E-01
  3.025000E+02  2.487652E-01
  3.030000E+02 -2.962454E-03
  3.035000E+02 -2.672621E-01
  3.040000E+02 -5.874124E-01
  3.045000E+02 -7.868889E-01
  3.050000E+02 -6.831393E-01
  3.055000E+02 -3.869686E-01
  3.060000E+02 -1.455139E-01
  3.065000E+02  1.000581E-02
  3.070000E+02  2.075586E-01
  3.075000E+02  4.103421E-01
  3.080000E+02  4.361049E-01
  3.085000E+02  2.751284E-01
  3.090000E+02  1.118874E-01
  3.095000E+02  2.044920E-02
  3.100000E+02 -9.347779E-02
  3.105000E+02 -2.200585E-01
  3.110000E+02 -2.014671E-01
  3.115000E+02 -3.993005E-02
  3.120000E+02  2.335355E-02
  3.125000E+02 -1.356862E-01
  3.130000E+02 -3.240389E-01
  3.135000E+02 -3.290794E-01
  3.140000E+02 -2.007040E-01
  3.145000E+02 -8.198315E-02
  3.150000E+02  3.370453E-02
  3.155000E+02  1.914411E-01
  3.160000E+02  3.059895E-01
  3.165000E+02  3.150352E-01
  3.170000E+02  3.510007E-01
  3.175000E+02  5.392619E-01
  3.180000E+02  7.439049E-01
  3.185000E+02  7.353612E-01
  3.190000E+02  5.141633E-01
  3.195000E+02  2.510375E-01
  3.200000E+02 -2.073924E-03
  3.205000E+02 -3.062122E-01
  3.210000E+02 -6.140036E-01
  3.215000E+02 -8.012219E-01
  3.220000E+02 -8.739555E-01
  3.225000E+02 -9.048753E-01
  3.230000E+02 -8.175765E-01
  3.235000E+02 -5.145453E-01
  3.240000E+02 -1.887968E-01
  3.245000E+02 -1.717501E-01
  3.250000E+02 -4.176893E-01
  3.255000E+02 -4.737475E-01
  3.260000E+02 -8.739112E-02
  3.265000E+02  4.643253E-01
  3.270000E+02  8.204130E-01
  3.275000E+02  1.004846E+00
  3.280000E+02  1.195383E+00
  3.285000E+02  1.284043E+00
  3.290000E+02  1.025294E+00
  3.295000E+02  5.026734E-01
  3.300000E+02  9.061248E-02
  3.305000E+02 -4.744843E-02
  3.310000E+02 -1.254863E-01
  3.315000E+02 -3.454628E-01
  3.320000E+02 -5.957338E-01
  3.325000E+02 -6.541411E-01
  3.330000E+02 -5.133054E-01
  3.335000E+02 -3.602768E-01
  3.340000E+02 -3.229573E-01
  3.345000E+02 -3.576404E-01
  3.350000E+02 -3.580226E-01
  3.355000E+02 -2.941591E-01
  3.360000E+02 -2.322328E-01
  3.365000E+02 -2.395578E-01
  3.370000E+02 -2.867904E-01
  3.375000E+02 -2.749736E-01
  3.380000E+02 -1.646650E-01
  3.385000E+02 -1.386649E-02
  3.390000E+02  1.452593E-01
  3.395000E+02  3.724447E-01
  3.400000E+02  6.754685E-01
  3.405000E+02  8.903431E-01
  3.410000E+02  8.431178E-01
  3.415000E+02  5.838553E-01
  3.420000E+02  3.175252E-01
  3.425000E+02  1.375245E-01
  3.430000E+02 -1.319519E-02
  3.435000E+02 -1.426856E-01
  3.440000E+02 -1.757259E-01
  3.445000E+02 -1.493147E-01
  3.450000E+02 -2.314201E-01
  3.455000E+02 -4.525644E-01
  3.460000E+02 -6.044622E-01
  3.465000E+02 -5.351549E-01
  3.470000E+02 -3.788488E-01
  3.475000E+02 -3.216337E-01
  3.480000E+02 -2.801790E-01
  3.485000E+02 -4.507244E-02
  3.490000E+02  3.257608E-01
  3.495000E+02  5.229352E-01
  3.500000E+02  4.335855E-01
  3.505000E+02  3.391961E-01
  3.510000E+02  5.330145E-01
  3.515000E+02  8.866735E-01
  3.520000E+02  9.679612E-01
  3.525000E+02  5.420082E-01
  3.530000E+02 -1.878224E-01
  3.535000E+02 -8.367957E-01
  3.540000E+02 -1.202691E+00
  3.545000E+02 -1.317017E+00
  3.550000E+02 -1.245171E+00
  3.555000E+02 -9.839035E-01
  3.560000E+02 -5.678598E-01
  3.565000E+02 -1.456711E-01
  3.570000E+02  1.529308E-01
  3.575000E+02  3.704131E-01
  3.580000E+02  6.291349E-01
  3.585000E+02  9.085300E-01
  3.590000E+02  1.050585E+00
  3.595000E+02  1.008671E+00
  3.600000E+02  9.321873E-01
  3.605000E+02  9.083905E-01
  3.610000E+02  7.630992E-01
  3.615000E+02  2.946515E-01
  3.620000E+02 -3.606636E-01
  3.625000E+02 -8.003248E-01
  3.630000E+02 -8.116732E-01
  3.635000E+02 -5.845666E-01
  3.640000E+02 -4.144725E-01
  3.645000E+02 -3.577578E-01
  3.650000E+02 -2.922469E-01
  3.655000E+02 -1.868684E-01
  3.660000E+02 -1.369618E-01
  3.665000E+02 -1.724412E-01
  3.670000E+02 -1.938798E-01
  3.675000E+02 -1.267854E-01
  3.680000E+02 -2.592917E-02
  3.685000E+02  1.701033E-02
  3.690000E+02 -1.372211E-02
  3.695000E+02 -8.068185E-02
  3.700000E+02 -1.516528E-01
  3.705000E+02 -1.790544E-01
  3.710000E+02 -9.529706E-02
  3.715000E+02  8.241389E-02
  3.720000E+02  1.911692E-01
  3.725000E+02  8.368186E-02
  3.730000E+02 -1.469576E-01
  3.735000E+02 -2.153937E-01
  3.740000E+02  4.333316E-02
  3.745000E+02  4.995136E-01
  3.750000E+02  9.103435E-01
  3.755000E+02  1.162264E+00
  3.760000E+02  1.239532E+00
  3.765000E+02  1.072558E+00
  3.770000E+02  6.115527E-01
  3.775000E+02  2.773136E-02
  3.780000E+02 -3.669965E-01
  3.785000E+02 -4.704999E-01
  3.790000E+02 -5.060445E-01
  3.795000E+02 -7.016193E-01
  3.800000E+02 -9.974368E-01
  3.805000E+02 -1.188619E+00
  3.810000E+02 -1.220463E+00
  3.815000E+02 -1.170888E+00
  3.820000E+02 -1.036567E+00
  3.825000E+02 -7.479339E-01
  3.830000E+02 -3.662240E-01
  3.835000E+02 -5.104583E-02
  3.840000E+02  1.959618E-01
  3.845000E+02  5.583660E-01
  3.850000E+02  1.101377E+00
  3.855000E+02  1.601048E+00
  3.860000E+02  1.775047E+00
  3.865000E+02  1.567031E+00
  3.870000E+02  1.119218E+00
  3.875000E+02  5.880991E-01
  3.880000E+02  9.619795E-02
  3.885000E+02 -2.466414E-01
  3.890000E+02 -4.209491E-01
  3.895000E+02 -5.433911E-01
  3.900000E+02 -7.166213E-01
  3.905000E+02 -8.766386E-01
  3.910000E+02 -8.929440E-01
  3.915000E+02 -7.683946E-01
  3.920000E+02 -6.200533E-01
  3.925000E+02 -4.977826E-01
  3.930000E+02 -3.483393E-01
  3.935000E+02 -1.458847E-01
  3.940000E+02  6.305954E-02
  3.945000E+02  2.496699E-01
  3.950000E+02  4.313737E-01
  3.955000E+02  5.977769E-01
  3.960000E+02  6.979592E-01
  3.965000E+02  7.089568E-01
  3.970000E+02  6.345420E-01
  3.975000E+02  4.439726E-01
  3.980000E+02  1.141409E-01
  3.985000E+02 -2.626437E-01
  3.990000E+02 -5.213709E-01
  3.995000E+02 -5.983202E-01
  4.000000E+02 -5.691771E-01
  4.005000E+02 -4.995167E-01
  4.010000E+02 -3.657039E-01
  4.015000E+02 -1.552117E-01
  4.020000E+02  6.372282E-02
  4.025000E+02  2.226760E-01
  4.030000E+02  3.135038E-01
  4.035000E+02  3.289708E-01
  4.040000E+02  2.409589E-01
  4.045000E+02  8.380751E-02
  4.050000E+02 -4.038917E-02
  4.055000E+02 -8.834785E-02
  4.060000E+02 -1.018909E-01
  4.065000E+02 -6.383763E-02
  4.070000E+02  1.273556E-01
  4.075000E+02  4.467154E-01
  4.080000E+02  6.520510E-01
  4.085000E+02  5.481945E-01
  4.090000E+02  2.364180E-01
  4.095000E+02 -4.774335E-02
  4.100000E+02 -2.414696E-01
  4.105000E+02 -4.201699E-01
  4.110000E+02 -5.498781E-01
  4.115000E+02 -5.130205E-01
  4.120000E+02 -3.597108E-01
  4.125000E+02 -2.886811E-01
  4.130000E+02 -3.383146E-01
  4.135000E+02 -3.261476E-01
  4.140000E+02 -1.777436E-01
  4.145000E+02 -8.865864E-02
  4.150000E+02 -2.036029E-01
  4.155000E+02 -3.131898E-01
  4.160000E+02 -8.708270E-02
  4.165000E+02  4.698801E-01
  4.170000E+02  9.962759E-01
  4.175000E+02  1.192228E+00
  4.180000E+02  1.087331E+00
  4.185000E+02  8.701685E-01
  4.190000E+02  6.083322E-01
  4.195000E+02  2.305664E-01
  4.200000E+02 -2.860001E-01
  4.205000E+02 -8.104565E-01
  4.210000E+02 -1.153162E+00
  4.215000E+02 -1.229222E+00
  4.220000E+02 -1.097350E+00
  4.225000E+02 -8.364314E-01
  4.230000E+02 -4.364639E-01
  4.235000E+02  1.176405E-01
  4.240000E+02  6.751728E-01
  4.245000E+02  9.566037E-01
  4.250000E+02  8.283629E-01
  4.255000E+02  4.592546E-01
  4.260000E+02  1.224523E-01
  4.265000E+02 -8.805996E-02
  4.270000E+02 -2.439451E-01
  4.275000E+02 -3.526148E-01
  4.280000E+02 -2.968236E-01
  4.285000E+02 -1.982872E-02
  4.290000E+02  3.503022E-01
  4.295000E+02  6.079362E-01
  4.300000E+02  6.278576E-01
  4.305000E+02  4.001283E-01
  4.310000E+02  8.982714E-03
  4.315000E+02 -3.711389E-01
  4.320000E+02 -5.483935E-01
  4.325000E+02 -4.714413E-01
  4.330000E+02 -2.830020E-01
  4.335000E+02 -1.619328E-01
  4.340000E+02 -1.495425E-01
  4.345000E+02 -1.789293E-01
  4.350000E+02 -2.107010E-01
  4.355000E+02 -2.403581E-01
  4.360000E+02 -2.035409E-01
  4.365000E+02 -9.969983E-03
  4.370000E+02  2.849330E-01
  4.375000E+02  4.560049E-01
  4.380000E+02  3.567729E-01
  4.385000E+02  1.304766E-01
  4.390000E+02  4.702127E-02
  4.395000E+02  1.438792E-01
  4.400000E+02  1.805142E-01
  4.405000E+02  4.778991E-03
  4.410000E+02 -1.919122E-01
  4.415000E+02 -1.347960E-01
  4.420000E+02  1.200372E-01
  4.425000E+02  2.483718E-01
  4.430000E+02  1.246159E-01
  4.435000E+02 -1.154387E-02
  4.440000E+02  6.195179E-02
  4.445000E+02  2.219522E-01
  4.450000E+02  2.222382E-01
  4.455000E+02  6.817835E-02
  4.460000E+02 -5.678383E-02
  4.465000E+02 -1.219384E-01
  4.470000E+02 -2.383572E-01
  4.475000E+02 -3.691492E-01
  4.480000E+02 -3.481998E-01
  4.485000E+02 -2.143630E-01
  4.490000E+02 -2.226968E-01
  4.495000E+02 -4.155885E-01
  4.500000E+02 -4.742999E-01
  4.505000E+02 -1.904325E-01
  4.510000E+02  1.617797E-01
  4.515000E+02  1.892951E-01
  4.520000E+02 -5.655050E-02
  4.525000E+02 -1.852422E-01
  4.530000E+02 -3.923710E-02
  4.535000E+02  1.672798E-01
  4.540000E+02  2.719970E-01
  4.545000E+02  3.955780E-01
  4.550000E+02  6.516807E-01
  4.555000E+02  8.952579E-01
  4.560000E+02  9.213415E-01
  4.565000E+02  7.338252E-01
  4.570000E+02  4.604089E-01
  4.575000E+02  1.433593E-01
  4.580000E+02 -2.214304E-01
  4.585000E+02 -5.439661E-01
  4.590000E+02 -7.121851E-01
  4.595000E+02 -7.509657E-01
  4.600000E+02 -7.636586E-01
  4.605000E+02 -7.522322E-01
  4.610000E+02 -6.328752E-01
  4.615000E+02 -4.134606E-01
  4.620000E+02 -2.233868E-01
  4.625000E+02 -1.487741E-01
  4.630000E+02 -1.328056E-01
  4.635000E+02 -6.066966E-02
  4.640000E+02  1.223704E-01
  4.645000E+02  3.811503E-01
  4.650000E+02  6.140229E-01
  4.655000E+02  7.036028E-01
  4.660000E+02  6.048285E-01
  4.665000E+02  3.924479E-01
  4.670000E+02  1.872667E-01
  4.675000E+02  5.446642E-02
  4.680000E+02  1.051712E-02
  4.685000E+02  7.245061E-02
  4.690000E+02  2.084876E-01
  4.695000E+02  2.732272E-01
  4.700000E+02  1.149703E-01
  4.705000E+02 -2.279621E-01
  4.710000E+02 -5.284387E-01
  4.715000E+02 -6.012834E-01
  4.720000E+02 -4.653297E-01
  4.725000E+02 -2.546915E-01
  4.730000E+02 -5.004032E-02
  4.735000E+02  1.506406E-01
  4.740000E+02  3.448703E-01
  4.745000E+02  4.662500E-01
  4.750000E+02  4.117765E-01
  4.755000E+02  1.361586E-01
  4.760000E+02 -2.513675E-01
  4.765000E+02 -5.173152E-01
  4.770000E+02 -5.113746E-01
  4.775000E+02 -3.382085E-01
  4.780000E+02 -2.335503E-01
  4.785000E+02 -2.671411E-01
  4.790000E+02 -2.802358E-01
  4.795000E+02 -1.426000E-01
  4.800000E+02  6.510510E-02
  4.805000E+02  2.037433E-01
  4.810000E+02  2.871318E-01
  4.815000E+02  4.145501E-01
  4.820000E+02  5.700297E-01
  4.825000E+02  6.335609E-01
  4.830000E+02  5.646029E-01
  4.835000E+02  4.422784E-01
  4.840000E+02  3.216067E-01
  4.845000E+02  1.684206E-01
  4.850000E+02 -3.711680E-02
  4.855000E+02 -2.315510E-01
  4.860000E+02 -3.471170E-01
  4.865000E+02 -3.911964E-01
  4.870000E+02 -4.046966E-01
  4.875000E+02 -3.925100E-01
  4.880000E+02 -3.407041E-01
  4.885000E+02 -2.773150E-01
  4.890000E+02 -2.762316E-01
  4.895000E+02 -3.852985E-01
  4.900000E+02 -5.384130E-01
  4.905000E+02 -5.512664E-01
  4.910000E+02 -2.709402E-01
  4.915000E+02  2.278755E-01
  4.920000E+02  6.580533E-01
  4.925000E+02  7.999896E-01
  4.930000E+02  7.100632E-01
  4.935000E+02  5.695177E-01
  4.940000E+02  4.092624E-01
  4.945000E+02  1.383516E-01
  4.950000E+02 -1.981485E-01
  4.955000E+02 -3.940828E-01
  4.960000E+02 -3.518801E-01
  4.965000E+02 -1.938490E-01
  4.970000E+02 -3.647695E-02
  4.975000E+02  1.607656E-01
  4.980000E+02  4.095811E-01
  4.985000E+02  5.390478E-01
  4.990000E+02  4.065626E-01
  4.995000E+02  1.338251E-01
  5.000000E+02 -6.464111E-02
  5.005000E+02 -1.889546E-01
  5.010000E+02 -3.674487E-01
  5.015000E+02 -5.375944E-01
  5.020000E+02 -4.937940E-01
  5.025000E+02 -2.691559E-01
  5.030000E+02 -1.851531E-01
  5.035000E+02 -4.079348E-01
  5.040000E+02 -6.833770E-01
  5.045000E+02 -6.720716E-01
  5.050000E+02 -3.699362E-01
  5.055000E+02 -1.083910E-02
  5.060000E+02  3.055979E-01
  5.065000E+02  6.536734E-01
  5.070000E+02  1.008779E+00
  5.075000E+02  1.174530E+00
  5.080000E+02  1.023972E+00
  5.085000E+02  6.536781E-01
  5.090000E+02  2.464718E-01
  5.095000E+02 -1.004356E-01
  5.100000E+02 -3.651203E-01
  5.105000E+02 -5.282838E-01
  5.110000E+02 -5.806057E-01
  5.115000E+02 -5.444208E-01
  5.120000E+02 -4.465881E-01
  5.125000E+02 -3.125572E-01
  5.130000E+02 -1.920851E-01
  5.135000E+02 -1.208526E-01
  5.140000E+02 -5.105664E-02
  5.145000E+02  9.038618E-02
  5.150000E+02  2.583286E-01
  5.155000E+02  3.121661E-01
  5.160000E+02  2.238605E-01
  5.165000E+02  1.471086E-01
  5.170000E+02  2.014927E-01
  5.175000E+02  2.926994E-01
  5.180000E+02  2.537889E-01
  5.185000E+02  7.845205E-02
  5.190000E+02 -1.157970E-01
  5.195000E+02 -2.889912E-01
  5.200000E+02 -4.840037E-01
  5.205000E+02 -6.577645E-01
  5.210000E+02 -6.778031E-01
  5.215000E+02 -5.081699E-01
  5.220000E+02 -2.486988E-01
  5.225000E+02  3.821782E-02
  5.230000E+02  3.694566E-01
  5.235000E+02  6.509519E-01
  5.240000E+02  6.536355E-01
  5.245000E+02  3.435469E-01
  5.250000E+02  7.669109E-02
  5.255000E+02  2.201293E-01
  5.260000E+02  6.329307E-01
  5.265000E+02  7.748897E-01
  5.270000E+02  3.637310E-01
  5.275000E+02 -2.957063E-01
  5.280000E+02 -7.139675E-01
  5.285000E+02 -7.405645E-01
  5.290000E+02 -5.531006E-01
  5.295000E+02 -3.144246E-01
  5.300000E+02 -6.584108E-02
  5.305000E+02  1.298561E-01
  5.310000E+02  1.889045E-01
  5.315000E+02  1.664593E-01
  5.320000E+02  2.191426E-01
  5.325000E+02  3.571810E-01
  5.330000E+02  4.011072E-01
  5.335000E+02  2.549456E-01
  5.340000E+02  5.829290E-02
  5.345000E+02 -4.829598E-02
  5.350000E+02 -1.657651E-01
  5.355000E+02 -4.739256E-01
  5.360000E+02 -9.070537E-01
  5.365000E+02 -1.181574E+00
  5.370000E+02 -1.135401E+00
  5.375000E+02 -8.688078E-01
  5.380000E+02 -5.242468E-01
  5.385000E+02 -9.636251E-02
  5.390000E+02  4.542227E-01
  5.395000E+02  1.025638E+00
  5.400000E+02  1.433375E+00
  5.405000E+02  1.582773E+00
  5.410000E+02  1.490403E+00
  5.415000E+02  1.193379E+00
  5.420000E+02  7.478113E-01
  5.425000E+02  2.837195E-01
  5.430000E+02 -6.227460E-02
  5.435000E+02 -2.828148E-01
  5.440000E+02 -4.746727E-01
  5.445000E+02 -6.633496E-01
  5.450000E+02 -7.544678E-01
  5.455000E+02 -7.027450E-01
  5.460000E+02 -6.300693E-01
  5.465000E+02 -6.849940E-01
  5.470000E+02 -8.349233E-01
  5.475000E+02 -8.915230E-01
  5.480000E+02 -7.295152E-01
  5.485000E+02 -4.033487E-01
  5.490000E+02 -5.101193E-02
  5.495000E+02  2.361208E-01
  5.500000E+02  4.276340E-01
  5.505000E+02  5.176259E-01
  5.510000E+02  5.298887E-01
  5.515000E+02  5.159734E-01
  5.520000E+02  4.900078E-01
  5.525000E+02  3.898659E-01
  5.530000E+02  1.668660E-01
  5.535000E+02 -8.620837E-02
  5.540000E+02 -1.628072E-01
  5.545000E+02  5.680878E-02
  5.550000E+02  4.498802E-01
  5.555000E+02  7.334636E-01
  5.560000E+02  7.166751E-01
  5.565000E+02  4.641177E-01
  5.570000E+02  1.996245E-01
  5.575000E+02  5.363220E-02
  5.580000E+02 -6.343267E-02
  5.585000E+02 -3.079828E-01
  5.590000E+02 -6.529743E-01
  5.595000E+02 -8.720669E-01
  5.600000E+02 -8.053019E-01
  5.605000E+02 -5.607515E-01
  5.610000E+02 -3.687542E-01
  5.615000E+02 -2.909409E-01
  5.620000E+02 -1.991440E-01
  5.625000E+02 -3.093463E-02
  5.630000E+02  9.402539E-02
  5.635000E+02  8.008228E-02
  5.640000E+02  3.842106E-02
  5.645000E+02  1.318173E-01
  5.650000E+02  3.174157E-01
  5.655000E+02  3.965664E-01
  5.660000E+02  2.929155E-01
  5.665000E+02  1.326431E-01
  5.670000E+02  4.079781E-02
  5.675000E+02  2.344397E-04
  5.680000E+02 -4.605594E-02
  5.685000E+02 -7.821488E-02
  5.690000E+02 -5.131492E-02
  5.695000E+02  3.189358E-02
  5.700000E+02  1.599359E-01
  5.705000E+02  3.305589E-01
  5.710000E+02  4.699716E-01
  5.715000E+02  4.452563E-01
  5.720000E+02  2.483152E-01
  5.725000E+02  6.060766E-02
  5.730000E+02  1.416811E-02
  5.735000E+02 -1.425634E-02
  5.740000E+02 -2.128262E-01
  5.745000E+02 -5.094677E-01
  5.750000E+02 -6.317287E-01
  5.755000E+02 -4.778725E-01
  5.760000E+02 -2.341167E-01
  5.765000E+02 -9.281773E-02
  5.770000E+02 -4.026937E-02
  5.775000E+02  8.986679E-03
  5.780000E+02  4.214266E-02
  5.785000E+02  1.979112E-02
  5.790000E+02 -2.232128E-02
  5.795000E+02 -6.041783E-02
  5.800000E+02 -1.485387E-01
  5.805000E+02 -2.696576E-01
  5.810000E+02 -2.433997E-01
  5.815000E+02  4.747550E-02
  5.820000E+02  4.217607E-01
  5.825000E+02  5.791669E-01
  5.830000E+02  4.744646E-01
  5.835000E+02  3.275032E-01
  5.840000E+02  2.790906E-01
  5.845000E+02  2.396647E-01
  5.850000E+02  1.084849E-01
  5.855000E+02 -5.765302E-02
  5.860000E+02 -1.747194E-01
  5.865000E+02 -2.593705E-01
  5.870000E+02 -3.189789E-01
  5.875000E+02 -2.613819E-01
  5.880000E+02 -5.315451E-02
  5.885000E+02  1.421856E-01
  5.890000E+02  1.403843E-01
  5.895000E+02 -1.528294E-02
  5.900000E+02 -1.299440E-01
  5.905000E+02 -1.327047E-01
  5.910000E+02 -1.189476E-01
  5.915000E+02 -1.401792E-01
  5.920000E+02 -1.252425E-01
  5.925000E+02 -4.070624E-02
  5.930000E+02  2.893322E-02
  5.935000E+02  3.296855E-02
  5.940000E+02  5.561746E-02
  5.945000E+02  1.619202E-01
  5.950000E+02  2.384135E-01
  5.955000E+02  1.207460E-01
  5.960000E+02 -1.555696E-01
  5.965000E+02 -3.563707E-01
  5.970000E+02 -3.110910E-01
  5.975000E+02 -8.157374E-02
  5.980000E+02  1.501728E-01
  5.985000E+02  2.729299E-01
  5.990000E+02  2.781636E-01
  5.995000E+02  1.839270E-01
  6.000000E+02  2.772949E-02
  6.005000E+02 -8.373643E-02
  6.010000E+02 -2.628615E-02
  6.015000E+02  1.863607E-01
  6.020000E+02  3.562871E-01
  6.025000E+02  2.867103E-01
  6.030000E+02  8.148493E-03
  6.035000E+02 -2.404549E-01
  6.040000E+02 -2.708571E-01
  6.045000E+02 -1.374817E-01
  6.050000E+02 -4.660275E-02
  6.055000E+02 -1.216170E-01
  6.060000E+02 -3.059668E-01
  6.065000E+02 -4.669136E-01
  6.070000E+02 -5.230362E-01
  6.075000E+02 -4.571407E-01
  6.080000E+02 -2.681235E-01
  6.085000E+02  2.968127E-02
  6.090000E+02  3.659786E-01
  6.095000E+02  6.236973E-01
  6.100000E+02  7.245695E-01
  6.105000E+02  6.983148E-01
  6.110000E+02  6.338732E-01
  6.115000E+02  5.536646E-01
  6.120000E+02  3.808017E-01
  6.125000E+02  7.519258E-02
  6.130000E+02 -2.366635E-01
  6.135000E+02 -3.612458E-01
  6.140000E+02 -2.832688E-01
  6.145000E+02 -2.164198E-01
  6.150000E+02 -3.484165E-01
  6.155000E+02 -6.094525E-01
  6.160000E+02 -7.776043E-01
  6.165000E+02 -7.538417E-01
  6.170000E+02 -6.204265E-01
  6.175000E+02 -4.599723E-01
  6.180000E+02 -2.537257E-01
  6.185000E+02  2.218154E-02
  6.190000E+02  3.193809E-01
  6.195000E+02  5.773596E-01
  6.200000E+02  7.623211E-01
  6.205000E+02  8.135174E-01
  6.210000E+02  6.709660E-01
  6.215000E+02  4.162334E-01
  6.220000E+02  2.551613E-01
  6.225000E+02  2.603841E-01
  6.230000E+02  2.554353E-01
  6.235000E+02  9.415336E-02
  6.240000E+02 -6.688302E-02
  6.245000E+02  9.525706E-03
  6.250000E+02  2.076624E-01
  6.255000E+02  1.218781E-01
  6.260000E+02 -3.830549E-01
  6.265000E+02 -9.114768E-01
  6.270000E+02 -9.818380E-01
  6.275000E+02 -5.711590E-01
  6.280000E+02 -6.039424E-02
  6.285000E+02  2.251053E-01
  6.290000E+02  2.274302E-01
  6.295000E+02  1.716252E-02
  6.300000E+02 -2.925415E-01
  6.305000E+02 -4.866872E-01
  6.310000E+02 -3.560555E-01
  6.315000E+02  2.446745E-02
  6.320000E+02  2.934111E-01
  6.325000E+02  2.109958E-01
  6.330000E+02 -4.304109E-02
  6.335000E+02 -1.088649E-01
  6.340000E+02  1.105281E-01
  6.345000E+02  3.962655E-01
  6.350000E+02  5.390188E-01
  6.355000E+02  5.364317E-01
  6.360000E+02  4.660484E-01
  6.365000E+02  3.398995E-01
  6.370000E+02  1.587900E-01
  6.375000E+02 -7.928444E-03
  6.380000E+02 -8.641375E-02
  6.385000E+02 -7.681494E-02
  6.390000E+02 -1.195399E-02
  6.395000E+02  8.676219E-02
  6.400000E+02  1.539853E-01
  6.405000E+02  7.497912E-02
  6.410000E+02 -1.652439E-01
  6.415000E+02 -3.986450E-01
  6.420000E+02 -4.608755E-01
  6.425000E+02 -4.154895E-01
  6.430000E+02 -4.555125E-01
  6.435000E+02 -6.009714E-01
  6.440000E+02 -6.520616E-01
  6.445000E+02 -4.760725E-01
  6.450000E+02 -1.931582E-01
  6.455000E+02  2.464958E-03
  6.460000E+02  9.225438E-02
  6.465000E+02  2.017848E-01
  6.470000E+02  3.940806E-01
  6.475000E+02  5.995045E-01
  6.480000E+02  7.143583E-01
  6.485000E+02  6.879453E-01
  6.490000E+02  5.431029E-01
  6.495000E+02  3.754897E-01
  6.500000E+02  2.899680E-01
  6.505000E+02  2.718683E-01
  6.510000E+02  1.782921E-01
  6.515000E+02 -5.948040E-02
  6.520000E+02 -2.905301E-01
  6.525000E+02 -3.205076E-01
  6.530000E+02 -1.892433E-01
  6.535000E+02 -1.303489E-01
  6.540000E+02 -2.652053E-01
  6.545000E+02 -4.823790E-01
  6.550000E+02 -6.294428E-01
  6.555000E+02 -6.644680E-01
  6.560000E+02 -5.737658E-01
  6.565000E+02 -3.103667E-01
  6.570000E+02  7.572211E-02
  6.575000E+02  3.691827E-01
  6.580000E+02  3.869163E-01
  6.585000E+02  1.869477E-01
  6.590000E+02 -1.217189E-02
  6.595000E+02 -5.599007E-02
  6.600000E+02  8.248120E-02
  6.605000E+02  3.644831E-01
  6.610000E+02  6.716406E-01
  6.615000E+02  7.918169E-01
  6.620000E+02  5.845359E-01
  6.625000E+02  1.680216E-01
  6.630000E+02 -1.784344E-01
  6.635000E+02 -3.063671E-01
  6.640000E+02 -2.919498E-01
  6.645000E+02 -2.525290E-01
  6.650000E+02 -2.061431E-01
  6.655000E+02 -1.411010E-01
  6.660000E+02 -9.547893E-02
  6.665000E+02 -1.003750E-01
  6.670000E+02 -1.301530E-01
  6.675000E+02 -1.673449E-01
  6.680000E+02 -2.454751E-01
  6.685000E+02 -3.745756E-01
  6.690000E+02 -4.873466E-01
  6.695000E+02 -5.058015E-01
  6.700000E+02 -3.996896E-01
  6.705000E+02 -1.417429E-01
  6.710000E+02  3.062968E-01
  6.715000E+02  8.811135E-01
  6.720000E+02  1.347426E+00
  6.725000E+02  1.437340E+00
  6.730000E+02  1.067379E+00
  6.735000E+02  3.936249E-01
  6.740000E+02 -3.088595E-01
  6.745000E+02 -7.944526E-01
  6.750000E+02 -9.561113E-01
  6.755000E+02 -8.798693E-01
  6.760000E+02 -7.649882E-01
  6.765000E+02 -7.133140E-01
  6.770000E+02 -6.117171E-01
  6.775000E+02 -2.897064E-01
  6.780000E+02  2.224586E-01
  6.785000E+02  6.715792E-01
  6.790000E+02  8.285498E-01
  6.795000E+02  6.980653E-01
  6.800000E+02  4.647943E-01
  6.805000E+02  2.829292E-01
  6.810000E+02  1.575489E-01
  6.815000E+02  1.653116E-02
  6.820000E+02 -1.433278E-01
  6.825000E+02 -2.258212E-01
  6.830000E+02 -1.742302E-01
  6.835000E+02 -9.970581E-02
  6.840000E+02 -1.848382E-01
  6.845000E+02 -4.433254E-01
  6.850000E+02 -6.652538E-01
  6.855000E+02 -6.529111E-01
  6.860000E+02 -4.288567E-01
  6.865000E+02 -1.383761E-01
  6.870000E+02  1.633223E-01
  6.875000E+02  5.026169E-01
  6.880000E+02  8.247373E-01
  6.885000E+02  9.977854E-01
  6.890000E+02  9.811627E-01
  6.895000E+02  8.452611E-01
  6.900000E+02  5.960890E-01
  6.905000E+02  1.326172E-01
  6.910000E+02 -5.387945E-01
  6.915000E+02 -1.169268E+00
  6.920000E+02 -1.471082E+00
  6.925000E+02 -1.399410E+00
  6.930000E+02 -1.122506E+00
  6.935000E+02 -7.532050E-01
  6.940000E+02 -2.435072E-01
  6.945000E+02  4.319042E-01
  6.950000E+02  1.102149E+00
  6.955000E+02  1.500984E+00
  6.960000E+02  1.515379E+00
  6.965000E+02  1.264824E+00
  6.970000E+02  9.264815E-01
  6.975000E+02  5.454864E-01
  6.980000E+02  6.922148E-02
  6.985000E+02 -4.711909E-01
  6.990000E+02 -9.119176E-01
  6.995000E+02 -1.119880E+00
  7.000000E+02 -1.130231E+00
  7.005000E+02 -1.061846E+00
  7.010000E+02 -9.495448E-01
  7.015000E+02 -7.309148E-01
  7.020000E+02 -3.642493E-01
  7.025000E+02  1.054357E-01
  7.030000E+02  5.598332E-01
  7.035000E+02  8.281876E-01
  7.040000E+02  7.697532E-01
  7.045000E+02  4.437882E-01
  7.050000E+02  1.331334E-01
  7.055000E+02  5.861230E-02
  7.060000E+02  1.214540E-01
  7.065000E+02  9.414317E-02
  7.070000E+02  5.224178E-03
  7.075000E+02  8.701253E-02
  7.080000E+02  3.439755E-01
  7.085000E+02  4.836439E-01
  7.090000E+02  3.823045E-01
  7.095000E+02  3.040276E-01
  7.100000E+02  4.413312E-01
  7.105000E+02  5.184429E-01
  7.110000E+02  1.767621E-01
  7.115000E+02 -4.288429E-01
  7.120000E+02 -7.995300E-01
  7.125000E+02 -7.822803E-01
  7.130000E+02 -6.991129E-01
  7.135000E+02 -7.667290E-01
  7.140000E+02 -7.781600E-01
  7.145000E+02 -5.075270E-01
  7.150000E+02 -1.143360E-01
  7.155000E+02  8.016627E-02
  7.160000E+02  1.937386E-02
  7.165000E+02 -9.731955E-02
  7.170000E+02 -1.093483E-01
  7.175000E+02  1.168612E-02
  7.180000E+02  2.543344E-01
  7.185000E+02  5.561964E-01
  7.190000E+02  7.550533E-01
  7.195000E+02  7.195005E-01
  7.200000E+02  5.132062E-01
  7.205000E+02  3.158818E-01
  7.210000E+02  2.102048E-01
  7.215000E+02  1.443995E-01
  7.220000E+02  6.709379E-02
  7.225000E+02 -1.925866E-03
  7.230000E+02 -1.751809E-02
  7.235000E+02  3.932733E-02
  7.240000E+02  1.236211E-01
  7.245000E+02  1.083784E-01
  7.250000E+02 -1.059598E-01
  7.255000E+02 -4.052094E-01
  7.260000E+02 -5.028471E-01
  7.265000E+02 -2.770911E-01
  7.270000E+02  3.220706E-02
  7.275000E+02  8.977000E-02
  7.280000E+02 -1.550146E-01
  7.285000E+02 -4.781594E-01
  7.290000E+02 -6.724433E-01
  7.295000E+02 -6.704388E-01
  7.300000E+02 -4.675793E-01
  7.305000E+02 -1.279110E-01
  7.310000E+02  1.654333E-01
  7.315000E+02  2.581100E-01
  7.320000E+02  2.205515E-01
  7.325000E+02  2.356281E-01
  7.330000E+02  3.149675E-01
  7.335000E+02  3.089867E-01
  7.340000E+02  1.809421E-01
  7.345000E+02  6.377931E-02
  7.350000E+02  3.611160E-02
  7.355000E+02  5.701302E-02
  7.360000E+02  1.485669E-01
  7.365000E+02  4.020780E-01
  7.370000E+02  7.267310E-01
  7.375000E+02  8.259133E-01
  7.380000E+02  5.496707E-01
  7.385000E+02  8.870760E-02
  7.390000E+02 -2.859062E-01
  7.395000E+02 -4.811572E-01
  7.400000E+02 -4.813327E-01
  7.405000E+02 -2.458075E-01
  7.410000E+02  9.969742E-02
  7.415000E+02  2.015463E-01
  7.420000E+02 -1.228946E-01
  7.425000E+02 -5.780746E-01
  7.430000E+02 -7.533836E-01
  7.435000E+02 -6.659272E-01
  7.440000E+02 -6.373222E-01
  7.445000E+02 -7.194860E-01
  7.450000E+02 -6.089110E-01
  7.455000E+02 -1.632983E-01
  7.460000E+02  3.327129E-01
  7.465000E+02  5.430147E-01
  7.470000E+02  4.742795E-01
  7.475000E+02  3.567465E-01
  7.480000E+02  3.276869E-01
  7.485000E+02  3.831605E-01
  7.490000E+02  4.947431E-01
  7.495000E+02  6.151174E-01
  7.500000E+02  6.509682E-01
  7.505000E+02  5.499408E-01
  7.510000E+02  3.630658E-01
  7.515000E+02  1.589704E-01
  7.520000E+02 -4.997920E-02
  7.525000E+02 -2.538695E-01
  7.530000E+02 -4.162984E-01
  7.535000E+02 -5.410112E-01
  7.540000E+02 -6.532696E-01
  7.545000E+02 -6.771693E-01
  7.550000E+02 -4.831736E-01
  7.555000E+02 -1.277760E-01
  7.560000E+02  1.231853E-01
  7.565000E+02  1.256584E-01
  7.570000E+02  5.345679E-02
  7.575000E+02  1.189607E-01
  7.580000E+02  2.527934E-01
  7.585000E+02  2.541155E-01
  7.590000E+02  1.326731E-01
  7.595000E+02  6.232153E-02
  7.600000E+02  6.518429E-02
  7.605000E+02  1.657854E-03
  7.610000E+02 -1.349292E-01
  7.615000E+02 -1.765016E-01
  7.620000E+02 -9.016322E-02
  7.625000E+02 -8.950271E-02
  7.630000E+02 -3.126856E-01
  7.635000E+02 -5.696719E-01
  7.640000E+02 -5.625877E-01
  7.645000E+02 -2.430061E-01
  7.650000E+02  1.879244E-01
  7.655000E+02  5.409651E-01
  7.660000E+02  7.502508E-01
  7.665000E+02  7.852818E-01
  7.670000E+02  6.254091E-01
  7.675000E+02  3.469324E-01
  7.680000E+02  1.192857E-01
  7.685000E+02  5.678864E-02
  7.690000E+02  1.158618E-01
  7.695000E+02  1.597976E-01
  7.700000E+02  9.258808E-02
  7.705000E+02 -7.957775E-02
  7.710000E+02 -2.863961E-01
  7.715000E+02 -4.721555E-01
  7.720000E+02 -6.348030E-01
  7.725000E+02 -7.789675E-01
  7.730000E+02 -8.446097E-01
  7.735000E+02 -7.378189E-01
  7.740000E+02 -4.568005E-01
  7.745000E+02 -1.278580E-01
  7.750000E+02  1.370463E-01
  7.755000E+02  3.646507E-01
  7.760000E+02  6.221043E-01
  7.765000E+02  8.389077E-01
  7.770000E+02  8.541759E-01
  7.775000E+02  6.539675E-01
  7.780000E+02  4.253781E-01
  7.785000E+02  3.016152E-01
  7.790000E+02  1.740215E-01
  7.795000E+02 -1.109774E-01
  7.800000E+02 -4.525372E-01
  7.805000E+02 -5.845843E-01
  7.810000E+02 -4.594699E-01
  7.815000E+02 -3.312570E-01
  7.820000E+02 -3.728051E-01
  7.825000E+02 -4.083084E-01
  7.830000E+02 -1.983309E-01
  7.835000E+02  1.608612E-01
  7.840000E+02  3.681449E-01
  7.845000E+02  3.719261E-01
  7.850000E+02  3.974601E-01
  7.855000E+02  4.937571E-01
  7.860000E+02  3.701323E-01
  7.865000E+02 -1.494914E-01
  7.870000E+02 -7.504733E-01
  7.875000E+02 -9.444411E-01
  7.880000E+02 -6.266096E-01
  7.885000E+02 -9.804186E-02
  7.890000E+02  3.497578E-01
  7.895000E+02  6.212389E-01
  7.900000E+02  6.701552E-01
  7.905000E+02  4.711065E-01
  7.910000E+02  1.676333E-01
  7.915000E+02 -4.009817E-03
  7.920000E+02 -6.635137E-03
  7.925000E+02 -1.397281E-02
  7.930000E+02 -8.497938E-02
  7.935000E+02 -6.273519E-02
  7.940000E+02  1.092919E-01
  7.945000E+02  2.112739E-01
  7.950000E+02  4.699988E-02
  7.955000E+02 -2.713647E-01
  7.960000E+02 -5.128995E-01
  7.965000E+02 -6.305304E-01
  7.970000E+02 -6.719593E-01
  7.975000E+02 -5.440534E-01
  7.980000E+02 -1.355389E-01
  7.985000E+02  3.841305E-01
  7.990000E+02  6.474028E-01
  7.995000E+02  4.979788E-01
  8.000000E+02  1.424775E-01
  8.005000E+02 -1.218725E-01
  8.010000E+02 -1.786239E-01
  8.015000E+02 -8.566995E-02
  8.020000E+02  4.283614E-02
  8.025000E+02  1.087299E-01
  8.030000E+02  9.994885E-02
  8.035000E+02  1.166401E-01
  8.040000E+02  2.445872E-01
  8.045000E+02  4.203879E-01
  8.050000E+02  5.209306E-01
  8.055000E+02  5.382117E-01
  8.060000E+02  5.219912E-01
  8.065000E+02  3.960965E-01
  8.070000E+02  3.175943E-02
  8.075000E+02 -4.858253E-01
  8.080000E+02 -8.654608E-01
  8.085000E+02 -9.408402E-01
  8.090000E+02 -8.247348E-01
  8.095000E+02 -6.785793E-01
  8.100000E+02 -5.061110E-01
  8.105000E+02 -2.595193E-01
  8.110000E+02  1.453744E-02
  8.115000E+02  2.413597E-01
  8.120000E+02  3.971096E-01
  8.125000E+02  4.344904E-01
  8.130000E+02  2.811709E-01
  8.135000E+02  1.825964E-02
  8.140000E+02 -9.964741E-02
  8.145000E+02  5.116024E-02
  8.150000E+02  2.713111E-01
  8.155000E+02  3.086889E-01
  8.160000E+02  2.049408E-01
  8.165000E+02  1.948224E-01
  8.170000E+02  3.473599E-01
  8.175000E+02  4.955307E-01
  8.180000E+02  4.771569E-01
  8.185000E+02  2.802286E-01
  8.190000E+02 -1.377735E-02
  8.195000E+02 -2.760239E-01
  8.200000E+02 -3.578922E-01
  8.205000E+02 -2.351081E-01
  8.210000E+02 -1.057000E-01
  8.215000E+02 -1.930579E-01
  8.220000E+02 -4.621224E-01
  8.225000E+02 -6.666782E-01
  8.230000E+02 -6.549628E-01
  8.235000E+02 -4.867157E-01
  8.240000E+02 -2.780382E-01
  8.245000E+02 -9.324759E-02
  8.250000E+02  2.335717E-02
  8.255000E+02  7.336154E-02
  8.260000E+02  1.583425E-01
  8.265000E+02  3.536605E-01
  8.270000E+02  5.520014E-01
  8.275000E+02  6.102061E-01
  8.280000E+02  6.119993E-01
  8.285000E+02  7.420830E-01
  8.290000E+02  8.995893E-01
  8.295000E+02  7.341380E-01
  8.300000E+02  1.590967E-01
  8.305000E+02 -4.525337E-01
  8.310000E+02 -7.428332E-01
  8.315000E+02 -7.951185E-01
  8.320000E+02 -8.859911E-01
  8.325000E+02 -1.024577E+00
  8.330000E+02 -9.955835E-01
  8.335000E+02 -7.274883E-01
  8.340000E+02 -3.545701E-01
  8.345000E+02  2.893850E-02
  8.350000E+02  4.491253E-01
  8.355000E+02  9.017590E-01
  8.360000E+02  1.288363E+00
  8.365000E+02  1.483268E+00
  8.370000E+02  1.353439E+00
  8.375000E+02  8.065707E-01
  8.380000E+02 -2.290368E-02
  8.385000E+02 -7.435222E-01
  8.390000E+02 -1.068703E+00
  8.395000E+02 -1.124531E+00
  8.400000E+02 -1.175997E+00
  8.405000E+02 -1.150398E+00
  8.410000E+02 -7.461831E-01
  8.415000E+02  1.254401E-02
  8.420000E+02  6.886063E-01
  8.425000E+02  9.803279E-01
  8.430000E+02  1.031471E+00
  8.435000E+02  1.050008E+00
  8.440000E+02  9.295245E-01
  8.445000E+02  4.921293E-01
  8.450000E+02 -1.180870E-01
  8.455000E+02 -5.717574E-01
  8.460000E+02 -7.653866E-01
  8.465000E+02 -8.409669E-01
  8.470000E+02 -8.721733E-01
  8.475000E+02 -7.793924E-01
  8.480000E+02 -5.322994E-01
  8.485000E+02 -2.153278E-01
  8.490000E+02  1.156465E-01
  8.495000E+02  4.497669E-01
  8.500000E+02  6.814152E-01
  8.505000E+02  6.520700E-01
  8.510000E+02  3.912311E-01
  8.515000E+02  1.505889E-01
  8.520000E+02  1.154651E-01
  8.525000E+02  2.106468E-01
  8.530000E+02  2.735581E-01
  8.535000E+02  2.912993E-01
  8.540000E+02  3.408252E-01
  8.545000E+02  3.769487E-01
  8.550000E+02  2.359177E-01
  8.555000E+02 -1.388836E-01
  8.560000E+02 -5.734576E-01
  8.565000E+02 -8.080705E-01
  8.570000E+02 -7.335330E-01
  8.575000E+02 -4.698216E-01
  8.580000E+02 -2.362472E-01
  8.585000E+02 -1.587353E-01
  8.590000E+02 -1.927575E-01
  8.595000E+02 -2.147788E-01
  8.600000E+02 -1.634549E-01
  8.605000E+02 -7.025214E-02
  8.610000E+02  3.111372E-02
  8.615000E+02  1.703389E-01
  8.620000E+02  3.835874E-01
  8.625000E+02  6.209158E-01
  8.630000E+02  7.634242E-01
  8.635000E+02  7.430035E-01
  8.640000E+02  6.056712E-01
  8.645000E+02  4.276360E-01
  8.650000E+02  2.041753E-01
  8.655000E+02 -1.133405E-01
  8.660000E+02 -4.722886E-01
  8.665000E+02 -6.989081E-01
  8.670000E+02 -6.809203E-01
  8.675000E+02 -5.089348E-01
  8.680000E+02 -3.576093E-01
  8.685000E+02 -2.747721E-01
  8.690000E+02 -1.891936E-01
  8.695000E+02 -8.450512E-02
  8.700000E+02 -1.801500E-02
  8.705000E+02  3.167329E-02
  8.710000E+02  1.601017E-01
  8.715000E+02  3.257384E-01
  8.720000E+02  3.253060E-01
  8.725000E+02  9.750555E-02
  8.730000E+02 -1.093336E-01
  8.735000E+02 -4.220514E-02
  8.740000E+02  2.043930E-01
  8.745000E+02  3.369478E-01
  8.750000E+02  2.733368E-01
  8.755000E+02  1.777656E-01
  8.760000E+02  1.385883E-01
  8.765000E+02  7.731430E-02
  8.770000E+02 -3.040413E-03
  8.775000E+02  4.507611E-02
  8.780000E+02  2.254030E-01
  8.785000E+02  2.826936E-01
  8.790000E+02  3.379858E-02
  8.795000E+02 -3.610858E-01
  8.800000E+02 -6.201233E-01
  8.805000E+02 -6.783710E-01
  8.810000E+02 -6.256928E-01
  8.815000E+02 -4.568361E-01
  8.820000E+02 -1.304051E-01
  8.825000E+02  1.978948E-01
  8.830000E+02  2.699278E-01
  8.835000E+02  7.230402E-02
  8.840000E+02 -1.315435E-01
  8.845000E+02 -1.626090E-01
  8.850000E+02 -1.134398E-01
  8.855000E+02 -9.324970E-02
  8.860000E+02  7.358982E-03
  8.865000E+02  3.289053E-01
  8.870000E+02  7.450438E-01
  8.875000E+02  9.489652E-01
  8.880000E+02  8.098288E-01
  8.885000E+02  4.877479E-01
  8.890000E+02  1.910225E-01
  8.895000E+02 -3.372013E-02
  8.900000E+02 -2.216204E-01
  8.905000E+02 -3.358827E-01
  8.910000E+02 -3.170406E-01
  8.915000E+02 -2.322496E-01
  8.920000E+02 -2.395679E-01
  8.925000E+02 -3.778105E-01
  8.930000E+02 -4.921294E-01
  8.935000E+02 -4.289804E-01
  8.940000E+02 -2.332653E-01
  8.945000E+02 -6.932108E-02
  8.950000E+02  1.679649E-03
  8.955000E+02  5.203027E-02
  8.960000E+02  1.114030E-01
  8.965000E+02  9.806080E-02
  8.970000E+02 -2.653852E-02
  8.975000E+02 -1.506619E-01
  8.980000E+02 -1.482804E-01
  8.985000E+02 -4.695584E-02
  8.990000E+02  3.296876E-02
  8.995000E+02  5.210333E-02
  9.000000E+02  6.645398E-02
  9.005000E+02  1.046991E-01
  9.010000E+02  1.361855E-01
  9.015000E+02  1.537269E-01
  9.020000E+02  1.961683E-01
  9.025000E+02  2.777185E-01
  9.030000E+02  3.606112E-01
  9.035000E+02  4.017043E-01
  9.040000E+02  3.761383E-01
  9.045000E+02  2.742564E-01
  9.050000E+02  1.364798E-01
  9.055000E+02  6.166604E-02
  9.060000E+02  9.993675E-02
  9.065000E+02  1.599911E-01
  9.070000E+02  1.104498E-01
  9.075000E+02 -5.182892E-02
  9.080000E+02 -2.371365E-01
  9.085000E+02 -4.369670E-01
  9.090000E+02 -7.184891E-01
  9.095000E+02 -1.031959E+00
  9.100000E+02 -1.173815E+00
  9.105000E+02 -1.003746E+00
  9.110000E+02 -5.923212E-01
  9.115000E+02 -1.104406E-01
  9.120000E+02  3.098786E-01
  9.125000E+02  5.620161E-01
  9.130000E+02  5.688806E-01
  9.135000E+02  4.093263E-01
  9.140000E+02  3.216192E-01
  9.145000E+02  4.504297E-01
  9.150000E+02  6.645492E-01
  9.155000E+02  7.333038E-01
  9.160000E+02  6.039218E-01
  9.165000E+02  3.911653E-01
  9.170000E+02  1.813329E-01
  9.175000E+02 -5.168469E-03
  9.180000E+02 -1.191725E-01
  9.185000E+02 -1.187363E-01
  9.190000E+02 -8.251123E-02
  9.195000E+02 -1.400335E-01
  9.200000E+02 -2.903413E-01
  9.205000E+02 -4.151823E-01
  9.210000E+02 -4.566187E-01
  9.215000E+02 -4.416795E-01
  9.220000E+02 -3.465257E-01
  9.225000E+02 -1.121497E-01
  9.230000E+02  1.754283E-01
  9.235000E+02  2.974705E-01
  9.240000E+02  1.715839E-01
  9.245000E+02 -3.289399E-02
  9.250000E+02 -1.301139E-01
  9.255000E+02 -1.333709E-01
  9.260000E+02 -1.389588E-01
  9.265000E+02 -1.357515E-01
  9.270000E+02 -8.145830E-02
  9.275000E+02 -6.676486E-02
  9.280000E+02 -2.096707E-01
  9.285000E+02 -4.100865E-01
  9.290000E+02 -3.973325E-01
  9.295000E+02 -7.224300E-02
  9.300000E+02  3.370480E-01
  9.305000E+02  5.454133E-01
  9.310000E+02  5.422818E-01
  9.315000E+02  5.420514E-01
  9.320000E+02  6.466417E-01
  9.325000E+02  6.955996E-01
  9.330000E+02  5.031419E-01
  9.335000E+02  1.438279E-01
  9.340000E+02 -1.214641E-01
  9.345000E+02 -1.865322E-01
  9.350000E+02 -2.246541E-01
  9.355000E+02 -4.072468E-01
  9.360000E+02 -6.203022E-01
  9.365000E+02 -6.043734E-01
  9.370000E+02 -3.252145E-01
  9.375000E+02 -3.921718E-02
  9.380000E+02  2.752233E-02
  9.385000E+02 -7.951384E-02
  9.390000E+02 -1.706224E-01
  9.395000E+02 -1.479580E-01
  9.400000E+02 -3.571679E-02
  9.405000E+02  1.125702E-01
  9.410000E+02  2.279233E-01
  9.415000E+02  2.183042E-01
  9.420000E+02  5.727088E-02
  9.425000E+02 -1.502889E-01
  9.430000E+02 -2.654869E-01
  9.435000E+02 -2.431347E-01
  9.440000E+02 -1.102088E-01
  9.445000E+02  1.084109E-01
  9.450000E+02  3.510068E-01
  9.455000E+02  4.709649E-01
  9.460000E+02  3.551702E-01
  9.465000E+02  8.052011E-02
  9.470000E+02 -1.441608E-01
  9.475000E+02 -1.880776E-01
  9.480000E+02 -7.751105E-02
  9.485000E+02  1.025867E-01
  9.490000E+02  2.810911E-01
  9.495000E+02  3.817951E-01
  9.500000E+02  3.412540E-01
  9.505000E+02  1.774066E-01
  9.510000E+02 -2.196274E-02
  9.515000E+02 -1.877955E-01
  9.520000E+02 -2.943681E-01
  9.525000E+02 -3.187454E-01
  9.530000E+02 -2.615354E-01
  9.535000E+02 -2.003010E-01
  9.540000E+02 -2.267539E-01
  9.545000E+02 -3.168349E-01
  9.550000E+02 -3.456407E-01
  9.555000E+02 -2.466293E-01
  9.560000E+02 -7.982782E-02
  9.565000E+02  6.839503E-02
  9.570000E+02  1.721159E-01
  9.575000E+02  2.384095E-01
  9.580000E+02  2.753258E-01
  9.585000E+02  3.060084E-01
  9.590000E+02  3.370440E-01
  9.595000E+02  3.008273E-01
  9.600000E+02  1.209819E-01
  9.605000E+02 -1.401863E-01
  9.610000E+02 -2.939016E-01
  9.615000E+02 -2.279016E-01
  9.620000E+02 -2.365736E-02
  9.625000E+02  1.608361E-01
  9.630000E+02  2.473302E-01
  9.635000E+02  2.436663E-01
  9.640000E+02  1.758390E-01
  9.645000E+02  6.133303E-02
  9.650000E+02 -1.008258E-01
  9.655000E+02 -3.230460E-01
  9.660000E+02 -5.471424E-01
  9.665000E+02 -5.977336E-01
  9.670000E+02 -3.499182E-01
  9.675000E+02  5.281997E-02
  9.680000E+02  3.078263E-01
  9.685000E+02  3.160855E-01
  9.690000E+02  2.640928E-01
  9.695000E+02  2.903061E-01
  9.700000E+02  2.835136E-01
  9.705000E+02  1.348877E-01
  9.710000E+02 -2.534508E-02
  9.715000E+02 -4.104183E-02
  9.720000E+02 -6.837962E-03
  9.725000E+02 -9.079452E-02
  9.730000E+02 -2.083289E-01
  9.735000E+02 -1.472335E-01
  9.740000E+02  5.688506E-02
  9.745000E+02  1.649465E-01
  9.750000E+02  1.354114E-01
  9.755000E+02  1.713143E-01
  9.760000E+02  3.098299E-01
  9.765000E+02  2.647359E-01
  9.770000E+02 -1.687445E-01
  9.775000E+02 -7.675549E-01
  9.780000E+02 -1.118053E+00
  9.785000E+02 -1.063797E+00
  9.790000E+02 -7.613878E-01
  9.795000E+02 -3.973145E-01
  9.800000E+02 -1.540335E-02
  9.805000E+02  4.120943E-01
  9.810000E+02  8.664669E-01
  9.815000E+02  1.247129E+00
  9.820000E+02  1.421834E+00
  9.825000E+02  1.340165E+00
  9.830000E+02  1.093553E+00
  9.835000E+02  7.932669E-01
  9.840000E+02  4.098149E-01
  9.845000E+02 -1.450631E-01
  9.850000E+02 -7.863225E-01
  9.855000E+02 -1.274095E+00
  9.860000E+02 -1.495011E+00
  9.865000E+02 -1.542087E+00
  9.870000E+02 -1.457916E+00
  9.875000E+02 -1.115379E+00
  9.880000E+02 -4.816823E-01
  9.885000E+02  1.943751E-01
  9.890000E+02  6.342822E-01
  9.895000E+02  8.241481E-01
  9.900000E+02  8.971487E-01
  9.905000E+02  8.837613E-01
  9.910000E+02  7.773146E-01
  9.915000E+02  6.900551E-01
  9.920000E+02  6.854162E-01
  9.925000E+02  5.625091E-01
  9.930000E+02  9.637404E-02
  9.935000E+02 -5.498840E-01
  9.940000E+02 -9.320731E-01
  9.945000E+02 -8.442502E-01
  9.950000E+02 -4.829647E-01
  9.955000E+02 -1.049953E-01
  9.960000E+02  1.925531E-01
  9.965000E+02  3.251564E-01
  9.970000E+02  1.820126E-01
  9.975000E+02 -1.331420E-01
  9.980000E+02 -2.898167E-01
  9.985000E+02 -1.311532E-01
  9.990000E+02  1.164175E-01
  9.995000E+02  1.852835E-01
  1.000000E+03  1.098193E-01
  1.000500E+03  5.156110E-02
  1.001000E+03 -6.824318E-03
  1.001500E+03 -1.511752E-01
  1.002000E+03 -2.745604E-01
  1.002500E+03 -1.984913E-01
  1.003000E+03  2.635267E-02
  1.003500E+03  1.932638E-01
  1.004000E+03  2.603015E-01
  1.004500E+03  3.435936E-01
  1.005000E+03  4.134106E-01
  1.005500E+03  2.754576E-01
  1.006000E+03 -8.649547E-02
  1.006500E+03 -3.932671E-01
  1.007000E+03 -4.118225E-01
  1.007500E+03 -2.352988E-01
  1.008000E+03 -9.693955E-02
  1.008500E+03 -5.089289E-02
  1.009000E+03  1.173526E-02
  1.009500E+03  1.254632E-01
  1.010000E+03  1.952039E-01
  1.010500E+03  1.573894E-01
  1.011000E+03  6.825059E-02
  1.011500E+03  1.133318E-02
  1.012000E+03 -4.170342E-03
  1.012500E+03 -2.539197E-02
  1.013000E+03 -8.086123E-02
  1.013500E+03 -1.498688E-01
  1.014000E+03 -1.910760E-01
  1.014500E+03 -1.878132E-01
  1.015000E+03 -1.637646E-01
  1.015500E+03 -1.513183E-01
  1.016000E+03 -1.468694E-01
  1.016500E+03 -1.061819E-01
  1.017000E+03  1.528591E-02
  1.017500E+03  2.172799E-01
  1.018000E+03  4.369307E-01
  1.018500E+03  5.762076E-01
  1.019000E+03  5.768611E-01
  1.019500E+03  4.780422E-01
  1.020000E+03  3.620420E-01
  1.020500E+03  2.319461E-01
  1.021000E+03  7.846459E-03
  1.021500E+03 -3.162326E-01
  1.022000E+03 -5.909491E-01
  1.022500E+03 -6.737587E-01
  1.023000E+03 -6.153447E-01
  1.023500E+03 -5.692070E-01
  1.024000E+03 -5.439084E-01
  1.024500E+03 -3.864409E-01
  1.025000E+03 -3.896498E-02
  1.025500E+03  3.177379E-01
  1.026000E+03  4.546826E-01
  1.026500E+03  3.528304E-01
  1.027000E+03  1.974007E-01
  1.027500E+03  1.616730E-01
  1.028000E+03  2.589828E-01
  1.028500E+03  3.745559E-01
  1.029000E+03  3.815126E-01
  1.029500E+03  2.365441E-01
  1.030000E+03  7.785520E-03
  1.030500E+03 -1.844729E-01
  1.031000E+03 -2.674009E-01
  1.031500E+03 -2.533826E-01
  1.032000E+03 -1.908492E-01
  1.032500E+03 -1.164372E-01
  1.033000E+03 -6.116087E-02
  1.033500E+03 -5.243022E-02
  1.034000E+03 -7.168249E-02
  1.034500E+03 -3.531909E-02
  1.035000E+03  1.342660E-01
  1.035500E+03  3.990898E-01
  1.036000E+03  5.805995E-01
  1.036500E+03  4.857546E-01
  1.037000E+03  1.036052E-01
  1.037500E+03 -3.366476E-01
  1.038000E+03 -5.736473E-01
  1.038500E+03 -5.892857E-01
  1.039000E+03 -5.835350E-01
  1.039500E+03 -6.451940E-01
  1.040000E+03 -5.915708E-01
  1.040500E+03 -2.503462E-01
  1.041000E+03  2.302336E-01
  1.041500E+03  5.410434E-01
  1.042000E+03  6.061816E-01
  1.042500E+03  6.017793E-01
  1.043000E+03  6.179429E-01
  1.043500E+03  5.521498E-01
  1.044000E+03  3.657815E-01
  1.044500E+03  1.902753E-01
  1.045000E+03  8.970792E-02
  1.045500E+03 -4.762536E-02
  1.046000E+03 -2.604081E-01
  1.046500E+03 -3.844160E-01
  1.047000E+03 -3.320074E-01
  1.047500E+03 -2.888115E-01
  1.048000E+03 -4.235582E-01
  1.048500E+03 -5.784400E-01
  1.049000E+03 -4.906687E-01
  1.049500E+03 -1.949962E-01
  1.050000E+03  4.434565E-02
  1.050500E+03  1.143310E-01
  1.051000E+03  1.212927E-01
  1.051500E+03  1.458825E-01
  1.052000E+03  1.760122E-01
  1.052500E+03  2.421596E-01
  1.053000E+03  3.807157E-01
  1.053500E+03  4.886496E-01
  1.054000E+03  4.378764E-01
  1.054500E+03  2.944185E-01
  1.055000E+03  1.907578E-01
  1.055500E+03  4.854231E-02
  1.056000E+03 -2.706471E-01
  1.056500E+03 -5.808825E-01
  1.057000E+03 -5.113832E-01
  1.057500E+03 -7.844552E-02
  1.058000E+03  2.574506E-01
  1.058500E+03  2.188512E-01
  1.059000E+03  2.694669E-02
  1.059500E+03 -6.904715E-02
  1.060000E+03 -1.834830E-01
  1.060500E+03 -4.432710E-01
  1.061000E+03 -5.953485E-01
  1.061500E+03 -3.440895E-01
  1.062000E+03  1.438222E-01
  1.062500E+03  4.544814E-01
  1.063000E+03  4.977360E-01
  1.063500E+03  4.909198E-01
  1.064000E+03  4.795758E-01
  1.064500E+03  2.738492E-01
  1.065000E+03 -1.467355E-01
  1.065500E+03 -5.239126E-01
  1.066000E+03 -6.712239E-01
  1.066500E+03 -6.526688E-01
  1.067000E+03 -5.640578E-01
  1.067500E+03 -3.916365E-01
  1.068000E+03 -1.388059E-01
  1.068500E+03  1.376794E-01
  1.069000E+03  4.572724E-01
  1.069500E+03  8.559572E-01
  1.070000E+03  1.173157E+00
  1.070500E+03  1.150667E+00
  1.071000E+03  7.954990E-01
  1.071500E+03  3.955430E-01
  1.072000E+03  1.141555E-01
  1.072500E+03 -1.687961E-01
  1.073000E+03 -5.315922E-01
  1.073500E+03 -8.123297E-01
  1.074000E+03 -8.788180E-01
  1.074500E+03 -8.445433E-01
  1.075000E+03 -8.439661E-01
  1.075500E+03 -8.062105E-01
  1.076000E+03 -6.216581E-01
  1.076500E+03 -3.332000E-01
  1.077000E+03  1.780571E-03
  1.077500E+03  4.211352E-01
  1.078000E+03  8.383076E-01
  1.078500E+03  9.459340E-01
  1.079000E+03  6.002866E-01
  1.079500E+03  1.225884E-01
  1.080000E+03 -6.311978E-02
  1.080500E+03  4.521961E-02
  1.081000E+03  1.398199E-01
  1.081500E+03  9.996167E-02
  1.082000E+03  5.266731E-02
  1.082500E+03  3.059816E-02
  1.083000E+03 -6.655196E-02
  1.083500E+03 -1.740649E-01
  1.084000E+03 -7.057456E-02
  1.084500E+03  2.500577E-01
  1.085000E+03  4.991122E-01
  1.085500E+03  4.638767E-01
  1.086000E+03  2.194314E-01
  1.086500E+03 -8.015348E-02
  1.087000E+03 -3.618976E-01
  1.087500E+03 -5.198065E-01
  1.088000E+03 -4.268205E-01
  1.088500E+03 -1.850902E-01
  1.089000E+03 -1.019018E-01
  1.089500E+03 -2.596403E-01
  1.090000E+03 -3.528474E-01
  1.090500E+03 -1.392164E-01
  1.091000E+03  1.773708E-01
  1.091500E+03  2.472641E-01
  1.092000E+03  6.674912E-02
  1.092500E+03 -1.040469E-01
  1.093000E+03 -1.801900E-01
  1.093500E+03 -3.022720E-01
  1.094000E+03 -4.904201E-01
  1.094500E+03 -5.364843E-01
  1.095000E+03 -2.880417E-01
  1.095500E+03  1.638401E-01
  1.096000E+03  6.285989E-01
  1.096500E+03  9.828016E-01
  1.097000E+03  1.148546E+00
  1.097500E+03  1.060407E+00
  1.098000E+03  7.349643E-01
  1.098500E+03  2.896256E-01
  1.099000E+03 -1.512563E-01
  1.099500E+03 -5.084138E-01
  1.100000E+03 -7.108311E-01
  1.100500E+03 -7.045180E-01
  1.101000E+03 -5.196347E-01
  1.101500E+03 -2.586975E-01
  1.102000E+03 -1.528671E-02
  1.102500E+03  1.370089E-01
  1.103000E+03  1.200152E-01
  1.103500E+03 -7.038571E-02
  1.104000E+03 -2.847971E-01
  1.104500E+03 -3.538160E-01
  1.105000E+03 -3.000715E-01
  1.105500E+03 -2.765994E-01
  1.106000E+03 -2.881499E-01
  1.106500E+03 -1.536133E-01
  1.107000E+03  1.874126E-01
  1.107500E+03  5.063912E-01
  1.108000E+03  5.579017E-01
  1.108500E+03  3.993904E-01
  1.109000E+03  2.812817E-01
  1.109500E+03  2.857429E-01
  1.110000E+03  2.425491E-01
  1.110500E+03  1.216275E-03
  1.111000E+03 -3.524742E-01
  1.111500E+03 -5.906512E-01
  1.112000E+03 -5.673000E-01
  1.112500E+03 -3.166284E-01
  1.113000E+03  1.600677E-03
  1.113500E+03  2.205967E-01
  1.114000E+03  2.882175E-01
  1.114500E+03  3.103443E-01
  1.115000E+03  4.313238E-01
  1.115500E+03  6.356520E-01
  1.116000E+03  7.139324E-01
  1.116500E+03  4.840309E-01
  1.117000E+03  2.107571E-02
  1.117500E+03 -4.039659E-01
  1.118000E+03 -6.159909E-01
  1.118500E+03 -6.854760E-01
  1.119000E+03 -7.511267E-01
  1.119500E+03 -7.806597E-01
  1.120000E+03 -6.122850E-01
  1.120500E+03 -2.055034E-01
  1.121000E+03  2.656028E-01
  1.121500E+03  5.885339E-01
  1.122000E+03  6.841296E-01
  1.122500E+03  5.785198E-01
  1.123000E+03  3.261705E-01
  1.123500E+03  3.497948E-02
  1.124000E+03 -1.426752E-01
  1.124500E+03 -1.631493E-01
  1.125000E+03 -1.701389E-01
  1.125500E+03 -3.050749E-01
  1.126000E+03 -4.943022E-01
  1.126500E+03 -5.450691E-01
  1.127000E+03 -3.967536E-01
  1.127500E+03 -1.348608E-01
  1.128000E+03  1.895356E-01
  1.128500E+03  5.676687E-01
  1.129000E+03  8.816273E-01
  1.129500E+03  9.657822E-01
  1.130000E+03  8.588326E-01
  1.130500E+03  7.739479E-01
  1.131000E+03  7.312536E-01
  1.131500E+03  4.448331E-01
  1.132000E+03 -2.623560E-01
  1.132500E+03 -1.107351E+00
  1.133000E+03 -1.612860E+00
  1.133500E+03 -1.612226E+00
  1.134000E+03 -1.298098E+00
  1.134500E+03 -8.713549E-01
  1.135000E+03 -3.781187E-01
  1.135500E+03  1.411212E-01
  1.136000E+03  5.842210E-01
  1.136500E+03  9.149960E-01
  1.137000E+03  1.176419E+00
  1.137500E+03  1.320099E+00
  1.138000E+03  1.179959E+00
  1.138500E+03  6.984987E-01
  1.139000E+03  7.204850E-02
  1.139500E+03 -4.031847E-01
  1.140000E+03 -5.668096E-01
  1.140500E+03 -4.622061E-01
  1.141000E+03 -2.767544E-01
  1.141500E+03 -2.462331E-01
  1.142000E+03 -4.920264E-01
  1.142500E+03 -8.677948E-01
  1.143000E+03 -1.042690E+00
  1.143500E+03 -8.132780E-01
  1.144000E+03 -2.937537E-01
  1.144500E+03  2.305828E-01
  1.145000E+03  5.641663E-01
  1.145500E+03  6.810175E-01
  1.146000E+03  6.479486E-01
  1.146500E+03  5.636494E-01
  1.147000E+03  5.264270E-01
  1.147500E+03  5.707074E-01
  1.148000E+03  6.318030E-01
  1.148500E+03  6.094759E-01
  1.149000E+03  4.588112E-01
  1.149500E+03  2.103606E-01
  1.150000E+03 -6.751712E-02
  1.150500E+03 -3.175568E-01
  1.151000E+03 -5.365605E-01
  1.151500E+03 -7.578468E-01
  1.152000E+03 -9.457056E-01
  1.152500E+03 -9.512783E-01
  1.153000E+03 -6.793641E-01
  1.153500E+03 -2.799185E-01
  1.154000E+03 -3.382228E-02
  1.154500E+03 -2.943151E-02
  1.155000E+03 -9.699137E-02
  1.155500E+03 -9.265751E-02
  1.156000E+03 -6.234616E-02
  1.156500E+03 -4.112054E-02
  1.157000E+03  1.021556E-01
  1.157500E+03  4.432022E-01
  1.158000E+03  7.793860E-01
  1.158500E+03  8.509247E-01
  1.159000E+03  6.983694E-01
  1.159500E+03  5.728075E-01
  1.160000E+03  5.362634E-01
  1.160500E+03  3.950826E-01
  1.161000E+03  4.834149E-02
  1.161500E+03 -3.264421E-01
  1.162000E+03 -5.113024E-01
  1.162500E+03 -4.940977E-01
  1.163000E+03 -3.906249E-01
  1.163500E+03 -2.721140E-01
  1.164000E+03 -1.724064E-01
  1.164500E+03 -1.449165E-01
  1.165000E+03 -1.960620E-01
  1.165500E+03 -2.368024E-01
  1.166000E+03 -1.931499E-01
  1.166500E+03 -1.063761E-01
  1.167000E+03 -5.314894E-02
  1.167500E+03 -3.150423E-02
  1.168000E+03  4.874156E-04
  1.168500E+03  3.101890E-02
  1.169000E+03  1.549810E-02
  1.169500E+03 -4.665991E-02
  1.170000E+03 -1.106245E-01
  1.170500E+03 -1.247732E-01
  1.171000E+03 -4.196128E-02
  1.171500E+03  1.426583E-01
  1.172000E+03  3.310643E-01
  1.172500E+03  3.863498E-01
  1.173000E+03  3.129669E-01
  1.173500E+03  2.813480E-01
  1.174000E+03  3.973903E-01
  1.174500E+03  5.416610E-01
  1.175000E+03  5.387936E-01
  1.175500E+03  3.948160E-01
  1.176000E+03  2.255907E-01
  1.176500E+03  1.467641E-02
  1.177000E+03 -3.728756E-01
  1.177500E+03 -9.190701E-01
  1.178000E+03 -1.352876E+00
  1.178500E+03 -1.396696E+00
  1.179000E+03 -1.034516E+00
  1.179500E+03 -4.884936E-01
  1.180000E+03  2.554911E-03
  1.180500E+03  3.356910E-01
  1.181000E+03  5.350718E-01
  1.181500E+03  6.593389E-01
  1.182000E+03  7.243095E-01
  1.182500E+03  7.100880E-01
  1.183000E+03  6.380094E-01
  1.183500E+03  5.894500E-01
  1.184000E+03  5.963124E-01
  1.184500E+03  5.570806E-01
  1.185000E+03  3.516928E-01
  1.185500E+03  2.418236E-02
  1.186000E+03 -2.544680E-01
  1.186500E+03 -4.202865E-01
  1.187000E+03 -6.002494E-01
  1.187500E+03 -9.006390E-01
  1.188000E+03 -1.196244E+00
  1.188500E+03 -1.225522E+00
  1.189000E+03 -8.724372E-01
  1.189500E+03 -2.859428E-01
  1.190000E+03  2.724802E-01
  1.190500E+03  6.434255E-01
  1.191000E+03  8.262151E-01
  1.191500E+03  8.770998E-01
  1.192000E+03  8.066573E-01
  1.192500E+03  5.939101E-01
  1.193000E+03  2.721835E-01
  1.193500E+03 -5.069058E-02
  1.194000E+03 -2.735563E-01
  1.194500E+03 -3.654598E-01
  1.195000E+03 -3.340226E-01
  1.195500E+03 -1.936641E-01
  1.196000E+03 -1.095015E-02
  1.196500E+03  9.239856E-02
  1.197000E+03  7.601825E-02
  1.197500E+03  7.024107E-02
  1.198000E+03  2.049635E-01
  1.198500E+03  3.694579E-01
  1.199000E+03  2.953001E-01
  1.199500E+03 -8.259642E-02
  1.200000E+03 -4.865237E-01
  1.200500E+03 -5.993738E-01
  1.201000E+03 -4.064652E-01
  1.201500E+03 -1.435143E-01
  1.202000E+03  1.240428E-02
  1.202500E+03  8.456006E-02
  1.203000E+03  1.692092E-01
  1.203500E+03  2.785805E-01
  1.204000E+03  3.247509E-01
  1.204500E+03  2.084350E-01
  1.205000E+03 -7.525401E-02
  1.205500E+03 -3.970584E-01
  1.206000E+03 -5.896223E-01
  1.206500E+03 -6.020618E-01
  1.207000E+03 -5.054886E-01
  1.207500E+03 -3.296177E-01
  1.208000E+03 -8.763032E-05
  1.208500E+03  4.852731E-01
  1.209000E+03  9.177924E-01
  1.209500E+03  1.048137E+00
  1.210000E+03  8.576294E-01
  1.210500E+03  5.498218E-01
  1.211000E+03  3.067145E-01
  1.211500E+03  1.641194E-01
  1.212000E+03  8.372310E-02
  1.212500E+03 -3.851255E-03
  1.213000E+03 -2.194535E-01
  1.213500E+03 -6.266273E-01
  1.214000E+03 -1.054144E+00
  1.214500E+03 -1.180097E+00
  1.215000E+03 -8.837320E-01
  1.215500E+03 -4.052800E-01
  1.216000E+03 -6.555574E-02
  1.216500E+03  7.717248E-02
  1.217000E+03  1.883968E-01
  1.217500E+03  3.667419E-01
  1.218000E+03  5.385975E-01
  1.218500E+03  6.112638E-01
  1.219000E+03  5.817948E-01
  1.219500E+03  4.641603E-01
  1.220000E+03  2.298526E-01
  1.220500E+03 -1.013350E-01
  1.221000E+03 -3.807854E-01
  1.221500E+03 -4.422209E-01
  1.222000E+03 -2.922326E-01
  1.222500E+03 -1.113626E-01
  1.223000E+03 -3.196342E-02
  1.223500E+03  1.890925E-02
  1.224000E+03  1.792870E-01
  1.224500E+03  3.972664E-01
  1.225000E+03  4.496700E-01
  1.225500E+03  2.533726E-01
  1.226000E+03  1.885401E-02
  1.226500E+03 -2.713660E-02
  1.227000E+03  3.010806E-02
  1.227500E+03 -7.404332E-02
  1.228000E+03 -3.578463E-01
  1.228500E+03 -5.204285E-01
  1.229000E+03 -3.566496E-01
  1.229500E+03 -5.380233E-02
  1.230000E+03  5.332692E-02
  1.230500E+03 -1.084039E-01
  1.231000E+03 -3.278479E-01
  1.231500E+03 -3.969584E-01
  1.232000E+03 -2.651184E-01
  1.232500E+03  2.282614E-02
  1.233000E+03  3.614882E-01
  1.233500E+03  5.700559E-01
  1.234000E+03  5.132476E-01
  1.234500E+03  2.791755E-01
  1.235000E+03  1.154823E-01
  1.235500E+03  1.437858E-01
  1.236000E+03  2.352671E-01
  1.236500E+03  2.098838E-01
  1.237000E+03  6.126114E-02
  1.237500E+03 -7.754439E-02
  1.238000E+03 -1.158224E-01
  1.238500E+03 -7.938330E-02
  1.239000E+03 -4.751243E-02
  1.239500E+03 -8.433578E-02
  1.240000E+03 -2.160509E-01
  1.240500E+03 -4.169452E-01
  1.241000E+03 -5.958923E-01
  1.241500E+03 -6.139286E-01
  1.242000E+03 -3.589910E-01
  1.242500E+03  1.313851E-01
  1.243000E+03  6.027503E-01
  1.243500E+03  7.262804E-01
  1.244000E+03  4.072684E-01
  1.244500E+03 -7.705586E-02
  1.245000E+03 -3.385864E-01
  1.245500E+03 -2.581882E-01
  1.246000E+03 -2.168046E-02
  1.246500E+03  1.671471E-01
  1.247000E+03  2.505769E-01
  1.247500E+03  2.088672E-01
  1.248000E+03  7.415351E-03
  1.248500E+03 -2.518237E-01
  1.249000E+03 -3.088576E-01
  1.249500E+03 -4.238950E-02
  1.250000E+03  3.171919E-01
  1.250500E+03  4.388130E-01
  1.251000E+03  2.886943E-01
  1.251500E+03  1.136076E-01
  1.252000E+03  7.588105E-02
  1.252500E+03  9.410205E-02
  1.253000E+03  4.792128E-02
  1.253500E+03 -5.223110E-02
  1.254000E+03 -1.621312E-01
  1.254500E+03 -3.065274E-01
  1.255000E+03 -4.769109E-01
  1.255500E+03 -5.402704E-01
  1.256000E+03 -3.818993E-01
  1.256500E+03 -9.172187E-02
  1.257000E+03  1.025017E-01
  1.257500E+03  7.985448E-02
  1.258000E+03 -6.554429E-02
  1.258500E+03 -1.494393E-01
  1.259000E+03 -7.501109E-02
  1.259500E+03  9.838893E-02
  1.260000E+03  2.120789E-01
  1.260500E+03  1.528646E-01
  1.261000E+03 -4.959929E-03
  1.261500E+03 -2.865824E-02
  1.262000E+03  2.253560E-01
  1.262500E+03  6.023775E-01
  1.263000E+03  7.801696E-01
  1.263500E+03  6.281875E-01
  1.264000E+03  3.382041E-01
  1.264500E+03  1.448599E-01
  1.265000E+03  2.433358E-02
  1.265500E+03 -2.052574E-01
  1.266000E+03 -5.457451E-01
  1.266500E+03 -7.602114E-01
  1.267000E+03 -6.872044E-01
  1.267500E+03 -4.530830E-01
  1.268000E+03 -2.682995E-01
  1.268500E+03 -1.372135E-01
  1.269000E+03  7.012703E-02
  1.269500E+03  3.248697E-01
  1.270000E+03  4.159638E-01
  1.270500E+03  2.418454E-01
  1.271000E+03 -4.471818E-02
  1.271500E+03 -2.520732E-01
  1.272000E+03 -3.689134E-01
  1.272500E+03 -4.699211E-01
  1.273000E+03 -5.188784E-01
  1.273500E+03 -4.001847E-01
  1.274000E+03 -9.002680E-02
  1.274500E+03  3.151504E-01
  1.275000E+03  6.969971E-01
  1.275500E+03  9.475630E-01
  1.276000E+03  9.670153E-01
  1.276500E+03  7.561307E-01
  1.277000E+03  4.726759E-01
  1.277500E+03  2.659480E-01
  1.278000E+03  8.531042E-02
  1.278500E+03 -2.061741E-01
  1.279000E+03 -5.559552E-01
  1.279500E+03 -7.409967E-01
  1.280000E+03 -6.814987E-01
  1.280500E+03 -5.464957E-01
  1.281000E+03 -4.791421E-01
  1.281500E+03 -3.986295E-01
  1.282000E+03 -1.922567E-01
  1.282500E+03  5.308604E-02
  1.283000E+03  1.763913E-01
  1.283500E+03  1.971855E-01
  1.284000E+03  2.658376E-01
  1.284500E+03  4.080876E-01
  1.285000E+03  4.887499E-01
  1.285500E+03  4.212901E-01
  1.286000E+03  2.640399E-01
  1.286500E+03  9.450763E-02
  1.287000E+03 -7.638980E-02
  1.287500E+03 -2.322923E-01
  1.288000E+03 -3.203991E-01
  1.288500E+03 -3.541056E-01
  1.289000E+03 -4.418399E-01
  1.289500E+03 -6.200076E-01
  1.290000E+03 -7.168492E-01
  1.290500E+03 -4.936567E-01
  1.291000E+03  6.330480E-02
  1.291500E+03  6.561833E-01
  1.292000E+03  9.261279E-01
  1.292500E+03  7.865575E-01
  1.293000E+03  4.841601E-01
  1.293500E+03  3.226007E-01
  1.294000E+03  3.554426E-01
  1.294500E+03  3.876011E-01
  1.295000E+03  2.529121E-01
  1.295500E+03  7.378464E-03
  1.296000E+03 -1.782653E-01
  1.296500E+03 -2.394204E-01
  1.297000E+03 -2.650855E-01
  1.297500E+03 -3.645559E-01
  1.298000E+03 -5.474680E-01
  1.298500E+03 -7.188798E-01
  1.299000E+03 -7.588276E-01
  1.299500E+03 -6.324007E-01
  1.300000E+03 -4.352881E-01
  1.300500E+03 -2.761664E-01
  1.301000E+03 -1.079664E-01
  1.301500E+03  2.154413E-01
  1.302000E+03  6.682949E-01
  1.302500E+03  9.781216E-01
  1.303000E+03  9.356313E-01
  1.303500E+03  6.609642E-01
  1.304000E+03  4.134996E-01
  1.304500E+03  2.453478E-01
  1.305000E+03  3.670604E-02
  1.305500E+03 -2.068561E-01
  1.306000E+03 -3.333151E-01
  1.306500E+03 -3.014319E-01
  1.307000E+03 -2.242494E-01
  1.307500E+03 -1.465511E-01
  1.308000E+03 -1.896484E-02
  1.308500E+03  7.519658E-02
  1.309000E+03 -6.647145E-02
  1.309500E+03 -4.361286E-01
  1.310000E+03 -7.462896E-01
  1.310500E+03 -7.975278E-01
  1.311000E+03 -6.687625E-01
  1.311500E+03 -4.269887E-01
  1.312000E+03  4.347553E-02
  1.312500E+03  7.070813E-01
  1.313000E+03  1.173148E+00
  1.313500E+03  1.147935E+00
  1.314000E+03  8.703471E-01
  1.314500E+03  7.396257E-01
  1.315000E+03  6.900969E-01
  1.315500E+03  3.616875E-01
  1.316000E+03 -2.131155E-01
  1.316500E+03 -5.833387E-01
  1.317000E+03 -5.710002E-01
  1.317500E+03 -5.167471E-01
  1.318000E+03 -6.948458E-01
  1.318500E+03 -9.031648E-01
  1.319000E+03 -8.548440E-01
  1.319500E+03 -6.212103E-01
  1.320000E+03 -4.113211E-01
  1.320500E+03 -2.006978E-01
  1.321000E+03  1.108854E-01
  1.321500E+03  3.925767E-01
  1.322000E+03  4.600575E-01
  1.322500E+03  4.081675E-01
  1.323000E+03  4.499911E-01
  1.323500E+03  5.367217E-01
  1.324000E+03  4.599498E-01
  1.324500E+03  2.606148E-01
  1.325000E+03  1.942018E-01
  1.325500E+03  2.872909E-01
  1.326000E+03  2.593334E-01
  1.326500E+03 -3.286649E-02
  1.327000E+03 -3.497835E-01
  1.327500E+03 -3.987788E-01
  1.328000E+03 -2.052143E-01
  1.328500E+03 -1.286521E-02
  1.329000E+03  4.613087E-02
  1.329500E+03  4.956860E-02
  1.330000E+03  1.326555E-01
  1.330500E+03  3.256297E-01
  1.331000E+03  4.974120E-01
  1.331500E+03  4.398639E-01
  1.332000E+03  8.043583E-02
  1.332500E+03 -3.954272E-01
  1.333000E+03 -7.318154E-01
  1.333500E+03 -8.827804E-01
  1.334000E+03 -9.656053E-01
  1.334500E+03 -9.774533E-01
  1.335000E+03 -7.835721E-01
  1.335500E+03 -4.127846E-01
  1.336000E+03 -1.075654E-01
  1.336500E+03  3.268361E-02
  1.337000E+03  2.264931E-01
  1.337500E+03  6.593685E-01
  1.338000E+03  1.148518E+00
  1.338500E+03  1.363140E+00
  1.339000E+03  1.237786E+00
  1.339500E+03  9.547049E-01
  1.340000E+03  6.364251E-01
  1.340500E+03  2.982752E-01
  1.341000E+03  2.343726E-02
  1.341500E+03 -9.183815E-02
  1.342000E+03 -1.624833E-01
  1.342500E+03 -4.242513E-01
  1.343000E+03 -8.640120E-01
  1.343500E+03 -1.156228E+00
  1.344000E+03 -1.051225E+00
  1.344500E+03 -6.558974E-01
  1.345000E+03 -2.542813E-01
  1.345500E+03 -1.810588E-02
  1.346000E+03  1.997253E-02
  1.346500E+03 -1.098089E-01
  1.347000E+03 -2.707411E-01
  1.347500E+03 -2.402948E-01
  1.348000E+03  4.899683E-02
  1.348500E+03  3.690811E-01
  1.349000E+03  4.613674E-01
  1.349500E+03  3.855627E-01
  1.350000E+03  4.280649E-01
  1.350500E+03  6.799962E-01
  1.351000E+03  8.924648E-01
  1.351500E+03  7.999496E-01
  1.352000E+03  4.337024E-01
  1.352500E+03  2.276911E-02
  1.353000E+03 -2.996353E-01
  1.353500E+03 -5.575122E-01
  1.354000E+03 -7.535899E-01
  1.354500E+03 -7.858193E-01
  1.355000E+03 -5.920286E-01
  1.355500E+03 -2.878499E-01
  1.356000E+03 -7.571790E-02
  1.356500E+03 -3.502395E-02
  1.357000E+03 -6.412117E-02
  1.357500E+03 -3.191052E-02
  1.358000E+03  6.943031E-02
  1.358500E+03  1.459310E-01
  1.359000E+03  1.324217E-01
  1.359500E+03  6.543637E-02
  1.360000E+03  4.844746E-02
  1.360500E+03  1.651248E-01
  1.361000E+03  3.874287E-01
  1.361500E+03  5.397333E-01
  1.362000E+03  4.186331E-01
  1.362500E+03  2.947991E-02
  1.363000E+03 -3.355150E-01
  1.363500E+03 -3.631809E-01
  1.364000E+03 -6.329239E-02
  1.364500E+03  2.540677E-01
  1.365000E+03  3.471152E-01
  1.365500E+03  2.568889E-01
  1.366000E+03  1.194180E-01
  1.366500E+03 -6.214375E-02
  1.367000E+03 -3.180590E-01
  1.367500E+03 -5.094316E-01
  1.368000E+03 -4.404484E-01
  1.368500E+03 -1.621744E-01
  1.369000E+03  2.940851E-02
  1.369500E+03 -4.698194E-02
  1.370000E+03 -2.550973E-01
  1.370500E+03 -3.769430E-01
  1.371000E+03 -4.005165E-01
  1.371500E+03 -4.274440E-01
  1.372000E+03 -3.987362E-01
  1.372500E+03 -1.265851E-01
  1.373000E+03  3.839466E-01
  1.373500E+03  8.294774E-01
  1.374000E+03  9.252115E-01
  1.374500E+03  7.195570E-01
  1.375000E+03  4.806862E-01
  1.375500E+03  3.456672E-01
  1.376000E+03  2.254361E-01
  1.376500E+03  3.310709E-02
  1.377000E+03 -1.596097E-01
  1.377500E+03 -2.485871E-01
  1.378000E+03 -2.467972E-01
  1.378500E+03 -2.095499E-01
  1.379000E+03 -1.084160E-01
  1.379500E+03  8.759879E-02
  1.380000E+03  2.571050E-01
  1.380500E+03  2.053869E-01
  1.381000E+03 -8.882886E-02
  1.381500E+03 -4.250320E-01
  1.382000E+03 -6.050263E-01
  1.382500E+03 -6.008471E-01
  1.383000E+03 -4.784339E-01
  1.383500E+03 -2.868747E-01
  1.384000E+03 -9.354741E-02
  1.384500E+03 -1.130878E-02
  1.385000E+03 -7.696978E-02
  1.385500E+03 -1.663704E-01
  1.386000E+03 -1.302574E-01
  1.386500E+03  2.942302E-02
  1.387000E+03  1.978695E-01
  1.387500E+03  3.025356E-01
  1.388000E+03  3.389349E-01
  1.388500E+03  3.069595E-01
  1.389000E+03  2.412410E-01
  1.389500E+03  2.579461E-01
  1.390000E+03  4.323773E-01
  1.390500E+03  6.471413E-01
  1.391000E+03  7.011722E-01
  1.391500E+03  5.720670E-01
  1.392000E+03  4.297858E-01
  1.392500E+03  3.673033E-01
  1.393000E+03  2.596480E-01
  1.393500E+03 -5.293430E-02
  1.394000E+03 -5.515012E-01
  1.394500E+03 -1.057582E+00
  1.395000E+03 -1.366462E+00
  1.395500E+03 -1.332815E+00
  1.396000E+03 -9.594513E-01
  1.396500E+03 -4.679747E-01
  1.397000E+03 -1.536387E-01
  1.397500E+03 -8.095395E-02
  1.398000E+03 -3.172350E-02
  1.398500E+03  1.667259E-01
  1.399000E+03  4.018683E-01
  1.399500E+03  4.859682E-01
  1.400000E+03  4.648389E-01
  1.400500E+03  5.300726E-01
  1.401000E+03  7.031687E-01
  1.401500E+03  8.047564E-01
  1.402000E+03  7.101591E-01
  1.402500E+03  4.589264E-01
  1.403000E+03  1.265471E-01
  1.403500E+03 -2.308939E-01
  1.404000E+03 -4.974603E-01
  1.404500E+03 -5.517998E-01
  1.405000E+03 -4.495937E-01
  1.405500E+03 -3.870444E-01
  1.406000E+03 -4.174509E-01
  1.406500E+03 -3.568073E-01
  1.407000E+03 -5.872958E-02
  1.407500E+03  3.491659E-01
  1.408000E+03  6.081468E-01
  1.408500E+03  6.065635E-01
  1.409000E+03  4.167241E-01
  1.409500E+03  1.463999E-01
  1.410000E+03 -1.338183E-01
  1.410500E+03 -3.747016E-01
  1.411000E+03 -5.598949E-01
  1.411500E+03 -6.970721E-01
  1.412000E+03 -7.387139E-01
  1.412500E+03 -5.828723E-01
  1.413000E+03 -2.293476E-01
  1.413500E+03  1.416343E-01
  1.414000E+03  3.458116E-01
  1.414500E+03  3.938231E-01
  1.415000E+03  4.230596E-01
  1.415500E+03  4.931641E-01
  1.416000E+03  5.514691E-01
  1.416500E+03  5.424458E-01
  1.417000E+03  4.385992E-01
  1.417500E+03  2.191762E-01
  1.418000E+03 -5.604066E-02
  1.418500E+03 -2.102906E-01
  1.419000E+03 -1.454876E-01
  1.419500E+03 -3.813320E-02
  1.420000E+03 -1.548050E-01
  1.420500E+03 -4.697228E-01
  1.421000E+03 -6.641979E-01
  1.421500E+03 -5.537807E-01
  1.422000E+03 -3.140636E-01
  1.422500E+03 -1.796918E-01
  1.423000E+03 -1.081979E-01
  1.423500E+03  8.378380E-02
  1.424000E+03  3.764513E-01
  1.424500E+03  5.499002E-01
  1.425000E+03  4.932420E-01
  1.425500E+03  3.208947E-01
  1.426000E+03  1.598266E-01
  1.426500E+03 -2.003137E-02
  1.427000E+03 -2.891239E-01
  1.427500E+03 -5.689033E-01
  1.428000E+03 -6.513458E-01
  1.428500E+03 -3.936778E-01
  1.429000E+03  1.361033E-01
  1.429500E+03  6.872264E-01
  1.430000E+03  9.870686E-01
  1.430500E+03  9.129161E-01
  1.431000E+03  5.504431E-01
  1.431500E+03  1.037695E-01
  1.432000E+03 -2.462424E-01
  1.432500E+03 -4.170493E-01
  1.433000E+03 -4.228012E-01
  1.433500E+03 -3.480387E-01
  1.434000E+03 -2.998943E-01
  1.434500E+03 -3.320956E-01
  1.435000E+03 -4.080175E-01
  1.435500E+03 -4.600308E-01
  1.436000E+03 -4.703401E-01
  1.436500E+03 -4.583572E-01
  1.437000E+03 -4.015793E-01
  1.437500E+03 -2.233809E-01
  1.438000E+03  1.128051E-01
  1.438500E+03  5.117659E-01
  1.439000E+03  7.733875E-01
  1.439500E+03  7.403266E-01
  1.440000E+03  4.514453E-01
  1.440500E+03  1.439395E-01
  1.441000E+03  5.513306E-02
  1.441500E+03  2.022232E-01
  1.442000E+03  3.937779E-01
  1.442500E+03  4.610709E-01
  1.443000E+03  4.051469E-01
  1.443500E+03  2.908208E-01
  1.444000E+03  1.059034E-01
  1.444500E+03 -1.730396E-01
  1.445000E+03 -4.475138E-01
  1.445500E+03 -5.679001E-01
  1.446000E+03 -5.254965E-01
  1.446500E+03 -4.548646E-01
  1.447000E+03 -4.393614E-01
  1.447500E+03 -4.279484E-01
  1.448000E+03 -3.627210E-01
  1.448500E+03 -2.687649E-01
  1.449000E+03 -1.707326E-01
  1.449500E+03 -2.976659E-02
  1.450000E+03  1.645852E-01
  1.450500E+03  3.236801E-01
  1.451000E+03  3.602684E-01
  1.451500E+03  3.009487E-01
  1.452000E+03  2.312415E-01
  1.452500E+03  1.853232E-01
  1.453000E+03  1.556532E-01
  1.453500E+03  1.491256E-01
  1.454000E+03  1.511129E-01
  1.454500E+03  8.698911E-02
  1.455000E+03 -8.239183E-02
  1.455500E+03 -2.571539E-01
  1.456000E+03 -2.888822E-01
  1.456500E+03 -1.649744E-01
  1.457000E+03 -1.476985E-02
  1.457500E+03  6.413674E-02
  1.458000E+03  9.623840E-02
  1.458500E+03  1.364705E-01
  1.459000E+03  1.810777E-01
  1.459500E+03  2.087825E-01
  1.460000E+03  2.420149E-01
  1.460500E+03  3.125152E-01
  1.461000E+03  3.974694E-01
  1.461500E+03  4.315933E-01
  1.462000E+03  3.722861E-01
  1.462500E+03  2.286023E-01
  1.463000E+03  2.400583E-02
  1.463500E+03 -2.591802E-01
  1.464000E+03 -6.693359E-01
  1.464500E+03 -1.172657E+00
  1.465000E+03 -1.556198E+00
  1.465500E+03 -1.539085E+00
  1.466000E+03 -1.053414E+00
  1.466500E+03 -3.590332E-01
  1.467000E+03  2.007110E-01
  1.467500E+03  5.112129E-01
  1.468000E+03  6.781136E-01
  1.468500E+03  7.901853E-01
  1.469000E+03  8.452508E-01
  1.469500E+03  8.769259E-01
  1.470000E+03  9.609320E-01
  1.470500E+03  1.052912E+00
  1.471000E+03  9.876093E-01
  1.471500E+03  7.103555E-01
  1.472000E+03  3.592124E-01
  1.472500E+03  3.793152E-02
  1.473000E+03 -3.239745E-01
  1.473500E+03 -7.581677E-01
  1.474000E+03 -1.072302E+00
  1.474500E+03 -1.075846E+00
  1.475000E+03 -8.804389E-01
  1.475500E+03 -7.463559E-01
  1.476000E+03 -6.854965E-01
  1.476500E+03 -4.675300E-01
  1.477000E+03 -3.165753E-02
  1.477500E+03  3.611530E-01
  1.478000E+03  4.761382E-01
  1.478500E+03  3.927401E-01
  1.479000E+03  3.101666E-01
  1.479500E+03  2.416394E-01
  1.480000E+03  9.325927E-02
  1.480500E+03 -5.803479E-02
  1.481000E+03  7.595399E-03
  1.481500E+03  3.340032E-01
  1.482000E+03  6.624788E-01
  1.482500E+03  6.904007E-01
  1.483000E+03  3.751659E-01
  1.483500E+03 -6.334814E-02
  1.484000E+03 -3.763084E-01
  1.484500E+03 -4.667860E-01
  1.485000E+03 -3.826357E-01
  1.485500E+03 -2.175653E-01
  1.486000E+03 -6.025773E-02
  1.486500E+03 -4.755156E-04
  1.487000E+03 -9.394259E-02
  1.487500E+03 -2.736047E-01
  1.488000E+03 -3.618214E-01
  1.488500E+03 -2.642425E-01
  1.489000E+03 -1.173926E-01
  1.489500E+03 -1.204171E-01
  1.490000E+03 -2.239306E-01
  1.490500E+03 -1.473191E-01
  1.491000E+03  2.308501E-01
  1.491500E+03  6.570999E-01
  1.492000E+03  8.009919E-01
  1.492500E+03  6.427832E-01
  1.493000E+03  4.054137E-01
  1.493500E+03  2.084723E-01
  1.494000E+03  1.214477E-02
  1.494500E+03 -1.367233E-01
  1.495000E+03 -6.975459E-02
  1.495500E+03  2.128173E-01
  1.496000E+03  4.271654E-01
  1.496500E+03  3.188739E-01
  1.497000E+03 -4.366911E-02
  1.497500E+03 -4.187214E-01
  1.498000E+03 -7.115581E-01
  1.498500E+03 -9.772271E-01
  1.499000E+03 -1.178757E+00
  1.499500E+03 -1.146722E+00
  1.500000E+03 -8.090613E-01
  1.500500E+03 -3.199537E-01
  1.501000E+03  9.873724E-02
  1.501500E+03  3.581585E-01
  1.502000E+03  4.999546E-01
  1.502500E+03  5.763169E-01
  1.503000E+03  6.098822E-01
  1.503500E+03  6.372449E-01
  1.504000E+03  7.083613E-01
  1.504500E+03  8.127328E-01
  1.505000E+03  8.403612E-01
  1.505500E+03  6.674636E-01
  1.506000E+03  3.037307E-01
  1.506500E+03 -7.526001E-02
  1.507000E+03 -2.869910E-01
  1.507500E+03 -3.191349E-01
  1.508000E+03 -2.925628E-01
  1.508500E+03 -2.686850E-01
  1.509000E+03 -2.021235E-01
  1.509500E+03 -1.082404E-01
  1.510000E+03 -1.337379E-01
  1.510500E+03 -3.508132E-01
  1.511000E+03 -5.900300E-01
  1.511500E+03 -6.357273E-01
  1.512000E+03 -5.237339E-01
  1.512500E+03 -4.611812E-01
  1.513000E+03 -4.762095E-01
  1.513500E+03 -3.672149E-01
  1.514000E+03 -4.835039E-02
  1.514500E+03  2.728061E-01
  1.515000E+03  3.848366E-01
  1.515500E+03  3.596214E-01
  1.516000E+03  3.804601E-01
  1.516500E+03  4.252733E-01
  1.517000E+03  3.444735E-01
  1.517500E+03  1.855183E-01
  1.518000E+03  1.917984E-01
  1.518500E+03  4.482214E-01
  1.519000E+03  7.276593E-01
  1.519500E+03  7.626441E-01
  1.520000E+03  5.212902E-01
  1.520500E+03  1.448972E-01
  1.521000E+03 -2.389976E-01
  1.521500E+03 -5.382845E-01
  1.522000E+03 -6.609523E-01
  1.522500E+03 -6.029600E-01
  1.523000E+03 -5.046318E-01
  1.523500E+03 -4.894861E-01
  1.524000E+03 -4.883741E-01
  1.524500E+03 -3.446663E-01
  1.525000E+03 -6.530661E-02
  1.525500E+03  1.596531E-01
  1.526000E+03  1.881596E-01
  1.526500E+03  6.646084E-02
  1.527000E+03 -6.851569E-02
  1.527500E+03 -1.185225E-01
  1.528000E+03 -3.967561E-02
  1.528500E+03  1.528075E-01
  1.529000E+03  3.460177E-01
  1.529500E+03  3.957183E-01
  1.530000E+03  2.975099E-01
  1.530500E+03  2.124042E-01
  1.531000E+03  2.552389E-01
  1.531500E+03  3.353008E-01
  1.532000E+03  2.889367E-01
  1.532500E+03  1.014065E-01
  1.533000E+03 -1.012323E-01
  1.533500E+03 -2.250353E-01
  1.534000E+03 -2.594100E-01
  1.534500E+03 -1.996895E-01
  1.535000E+03 -6.290700E-02
  1.535500E+03  1.965145E-02
  1.536000E+03 -1.199944E-01
  1.536500E+03 -4.561014E-01
  1.537000E+03 -7.303399E-01
  1.537500E+03 -7.190529E-01
  1.538000E+03 -4.559297E-01
  1.538500E+03 -1.230951E-01
  1.539000E+03  1.800747E-01
  1.539500E+03  4.531370E-01
  1.540000E+03  6.570138E-01
  1.540500E+03  7.075506E-01
  1.541000E+03  6.021750E-01
  1.541500E+03  4.389361E-01
  1.542000E+03  2.924914E-01
  1.542500E+03  1.558490E-01
  1.543000E+03  1.259827E-02
  1.543500E+03 -1.230340E-01
  1.544000E+03 -2.546048E-01
  1.544500E+03 -3.985868E-01
  1.545000E+03 -4.981220E-01
  1.545500E+03 -4.315144E-01
  1.546000E+03 -1.608909E-01
  1.546500E+03  1.943991E-01
  1.547000E+03  4.772343E-01
  1.547500E+03  6.126435E-01
  1.548000E+03  5.644583E-01
  1.548500E+03  2.804143E-01
  1.549000E+03 -2.046769E-01
  1.549500E+03 -6.691657E-01
  1.550000E+03 -8.441300E-01
  1.550500E+03 -6.679541E-01
  1.551000E+03 -3.329002E-01
  1.551500E+03 -9.480122E-02
  1.552000E+03 -1.024270E-01
  1.552500E+03 -3.549205E-01
  1.553000E+03 -6.836583E-01
  1.553500E+03 -7.809828E-01
  1.554000E+03 -4.166895E-01
  1.554500E+03  2.965179E-01
  1.555000E+03  9.637801E-01
  1.555500E+03  1.303748E+00
  1.556000E+03  1.376718E+00
  1.556500E+03  1.349906E+00
  1.557000E+03  1.192385E+00
  1.557500E+03  7.761828E-01
  1.558000E+03  1.850969E-01
  1.558500E+03 -3.062739E-01
  1.559000E+03 -5.676681E-01
  1.559500E+03 -7.231131E-01
  1.560000E+03 -8.721052E-01
  1.560500E+03 -8.985291E-01
  1.561000E+03 -6.796700E-01
  1.561500E+03 -3.307505E-01
  1.562000E+03 -7.331699E-02
  1.562500E+03  4.257099E-02
  1.563000E+03  1.049489E-01
  1.563500E+03  9.701256E-02
  1.564000E+03 -9.223280E-02
  1.564500E+03 -4.095189E-01
  1.565000E+03 -6.113552E-01
  1.565500E+03 -5.718423E-01
  1.566000E+03 -4.249282E-01
  1.566500E+03 -2.923731E-01
  1.567000E+03 -7.035174E-02
  1.567500E+03  3.232642E-01
  1.568000E+03  6.569477E-01
  1.568500E+03  6.289863E-01
  1.569000E+03  3.468266E-01
  1.569500E+03  2.495900E-01
  1.570000E+03  5.013079E-01
  1.570500E+03  7.637837E-01
  1.571000E+03  7.161964E-01
  1.571500E+03  5.172994E-01
  1.572000E+03  4.942157E-01
  1.572500E+03  5.785810E-01
  1.573000E+03  4.034517E-01
  1.573500E+03 -1.045805E-01
  1.574000E+03 -5.862175E-01
  1.574500E+03 -7.527226E-01
  1.575000E+03 -7.147679E-01
  1.575500E+03 -6.873112E-01
  1.576000E+03 -6.496094E-01
  1.576500E+03 -5.030484E-01
  1.577000E+03 -3.493450E-01
  1.577500E+03 -3.466068E-01
  1.578000E+03 -4.086748E-01
  1.578500E+03 -3.127626E-01
  1.579000E+03 -5.497468E-02
  1.579500E+03  1.476480E-01
  1.580000E+03  1.944666E-01
  1.580500E+03  1.957964E-01
  1.581000E+03  2.059007E-01
  1.581500E+03  1.156426E-01
  1.582000E+03 -8.898759E-02
  1.582500E+03 -1.800421E-01
  1.583000E+03  3.852355E-02
  1.583500E+03  4.485684E-01
  1.584000E+03  7.640830E-01
  1.584500E+03  8.583636E-01
  1.585000E+03  7.994228E-01
  1.585500E+03  6.529765E-01
  1.586000E+03  4.282496E-01
  1.586500E+03  1.799046E-01
  1.587000E+03 -1.041156E-02
  1.587500E+03 -1.642750E-01
  1.588000E+03 -3.770339E-01
  1.588500E+03 -6.314081E-01
  1.589000E+03 -7.645016E-01
  1.589500E+03 -6.732133E-01
  1.590000E+03 -4.646479E-01
  1.590500E+03 -3.457036E-01
  1.591000E+03 -4.136375E-01
  1.591500E+03 -5.844414E-01
  1.592000E+03 -6.739535E-01
  1.592500E+03 -5.244181E-01
  1.593000E+03 -1.107563E-01
  1.593500E+03  4.300767E-01
  1.594000E+03  8.924876E-01
  1.594500E+03  1.139982E+00
  1.595000E+03  1.143369E+00
  1.595500E+03  9.243250E-01
  1.596000E+03  5.361698E-01
  1.596500E+03  9.428786E-02
  1.597000E+03 -2.592330E-01
  1.597500E+03 -4.486262E-01
  1.598000E+03 -4.762342E-01
  1.598500E+03 -3.606130E-01
  1.599000E+03 -1.560238E-01
  1.599500E+03 -2.277690E-02
  1.600000E+03 -1.280986E-01
  1.600500E+03 -4.109157E-01
  1.601000E+03 -5.750563E-01
  1.601500E+03 -4.243660E-01
  1.602000E+03 -1.070251E-01
  1.602500E+03  9.573529E-02
  1.603000E+03  1.342147E-01
  1.603500E+03  1.781841E-01
  1.604000E+03  2.900759E-01
  1.604500E+03  3.161234E-01
  1.605000E+03  1.462292E-01
  1.605500E+03 -8.940705E-02
  1.606000E+03 -1.824981E-01
  1.606500E+03 -9.648143E-02
  1.607000E+03  4.759687E-02
  1.607500E+03  1.590487E-01
  1.608000E+03  2.459352E-01
  1.608500E+03  3.378665E-01
  1.609000E+03  4.358519E-01
  1.609500E+03  5.194953E-01
  1.610000E+03  5.287733E-01
  1.610500E+03  3.651829E-01
  1.611000E+03  1.381864E-03
  1.611500E+03 -4.156742E-01
  1.612000E+03 -6.624624E-01
  1.612500E+03 -6.608675E-01
  1.613000E+03 -5.341482E-01
  1.613500E+03 -4.300977E-01
  1.614000E+03 -3.741786E-01
  1.614500E+03 -3.302524E-01
  1.615000E+03 -3.047045E-01
  1.615500E+03 -3.009878E-01
  1.616000E+03 -2.371957E-01
  1.616500E+03 -2.769868E-02
  1.617000E+03  2.677944E-01
  1.617500E+03  4.871873E-01
  1.618000E+03  5.671123E-01
  1.618500E+03  5.884093E-01
  1.619000E+03  5.871886E-01
  1.619500E+03  4.528459E-01
  1.620000E+03  1.191813E-01
  1.620500E+03 -2.385685E-01
  1.621000E+03 -3.544472E-01
  1.621500E+03 -1.995610E-01
  1.622000E+03 -1.281036E-02
  1.622500E+03  1.521110E-02
  1.623000E+03 -5.017524E-02
  1.623500E+03 -4.803789E-02
  1.624000E+03  4.785493E-02
  1.624500E+03  1.606142E-01
  1.625000E+03  2.636243E-01
  1.625500E+03  3.627755E-01
  1.626000E+03  3.867807E-01
  1.626500E+03  2.494407E-01
  1.627000E+03  1.066802E-02
  1.627500E+03 -1.644238E-01
  1.628000E+03 -2.215950E-01
  1.628500E+03 -2.647966E-01
  1.629000E+03 -3.642884E-01
  1.629500E+03 -4.577197E-01
  1.630000E+03 -4.980958E-01
  1.630500E+03 -5.540975E-01
  1.631000E+03 -6.539637E-01
  1.631500E+03 -6.493904E-01
  1.632000E+03 -3.906187E-01
  1.632500E+03  2.470177E-02
  1.633000E+03  3.378408E-01
  1.633500E+03  4.421305E-01
  1.634000E+03  4.508522E-01
  1.634500E+03  4.479723E-01
  1.635000E+03  3.558324E-01
  1.635500E+03  1.354325E-01
  1.636000E+03 -3.573905E-02
  1.636500E+03  5.563379E-02
  1.637000E+03  3.599749E-01
  1.637500E+03  5.992788E-01
  1.638000E+03  6.063984E-01
  1.638500E+03  5.073648E-01
  1.639000E+03  5.151209E-01
  1.639500E+03  6.235888E-01
  1.640000E+03  5.920686E-01
  1.640500E+03  2.306906E-01
  1.641000E+03 -3.473517E-01
  1.641500E+03 -7.933474E-01
  1.642000E+03 -8.587185E-01
  1.642500E+03 -6.539032E-01
  1.643000E+03 -5.299686E-01
  1.643500E+03 -6.825631E-01
  1.644000E+03 -9.330981E-01
  1.644500E+03 -9.674677E-01
  1.645000E+03 -7.316915E-01
  1.645500E+03 -4.569319E-01
  1.646000E+03 -2.958847E-01
  1.646500E+03 -1.153136E-01
  1.647000E+03  2.453788E-01
  1.647500E+03  6.586024E-01
  1.648000E+03  8.447979E-01
  1.648500E+03  7.643416E-01
  1.649000E+03  6.591938E-01
  1.649500E+03  6.898038E-01
  1.650000E+03  7.461788E-01
  1.650500E+03  6.992596E-01
  1.651000E+03  6.277111E-01
  1.651500E+03  6.323937E-01
  1.652000E+03  5.909310E-01
  1.652500E+03  3.185341E-01
  1.653000E+03 -1.230650E-01
  1.653500E+03 -5.156247E-01
  1.654000E+03 -8.264457E-01
  1.654500E+03 -1.182845E+00
  1.655000E+03 -1.495419E+00
  1.655500E+03 -1.424750E+00
  1.656000E+03 -8.627223E-01
  1.656500E+03 -1.862464E-01
  1.657000E+03  1.779243E-01
  1.657500E+03  2.507853E-01
  1.658000E+03  3.348069E-01
  1.658500E+03  5.175162E-01
  1.659000E+03  6.381257E-01
  1.659500E+03  6.604274E-01
  1.660000E+03  7.355339E-01
  1.660500E+03  8.576018E-01
  1.661000E+03  7.691262E-01
  1.661500E+03  3.431575E-01
  1.662000E+03 -1.680792E-01
  1.662500E+03 -4.303130E-01
  1.663000E+03 -4.172474E-01
  1.663500E+03 -3.518908E-01
  1.664000E+03 -3.867472E-01
  1.664500E+03 -5.027097E-01
  1.665000E+03 -6.315880E-01
  1.665500E+03 -7.108633E-01
  1.666000E+03 -6.617319E-01
  1.666500E+03 -4.546225E-01
  1.667000E+03 -1.758810E-01
  1.667500E+03  7.366128E-02
  1.668000E+03  3.057789E-01
  1.668500E+03  5.641059E-01
  1.669000E+03  7.649972E-01
  1.669500E+03  7.530336E-01
  1.670000E+03  5.070740E-01
  1.670500E+03  1.826416E-01
  1.671000E+03 -4.499802E-02
  1.671500E+03 -9.120887E-02
  1.672000E+03  5.065340E-02
  1.672500E+03  3.107318E-01
  1.673000E+03  5.383793E-01
  1.673500E+03  6.091190E-01
  1.674000E+03  5.357461E-01
  1.674500E+03  3.785565E-01
  1.675000E+03  8.920249E-02
  1.675500E+03 -3.946382E-01
  1.676000E+03 -9.078260E-01
  1.676500E+03 -1.119681E+00
  1.677000E+03 -9.217715E-01
  1.677500E+03 -5.903029E-01
  1.678000E+03 -4.458278E-01
  1.678500E+03 -4.802341E-01
  1.679000E+03 -4.559047E-01
  1.679500E+03 -2.697418E-01
  1.680000E+03 -4.983663E-02
  1.680500E+03  6.635934E-02
  1.681000E+03  9.009851E-02
  1.681500E+03  1.098981E-01
  1.682000E+03  1.830802E-01
  1.682500E+03  3.232420E-01
  1.683000E+03  5.078751E-01
  1.683500E+03  6.739501E-01
  1.684000E+03  7.692169E-01
  1.684500E+03  8.141388E-01
  1.685000E+03  8.437315E-01
  1.685500E+03  7.859835E-01
  1.686000E+03  4.965319E-01
  1.686500E+03 -2.926635E-02
  1.687000E+03 -5.420593E-01
  1.687500E+03 -7.210543E-01
  1.688000E+03 -4.804559E-01
  1.688500E+03 -6.087522E-02
  1.689000E+03  1.905636E-01
  1.689500E+03  1.129766E-01
  1.690000E+03 -1.873353E-01
  1.690500E+03 -4.952146E-01
  1.691000E+03 -6.696280E-01
  1.691500E+03 -6.831383E-01
  1.692000E+03 -5.770290E-01
  1.692500E+03 -4.497979E-01
  1.693000E+03 -4.280933E-01
  1.693500E+03 -5.294902E-01
  1.694000E+03 -5.618994E-01
  1.694500E+03 -2.899268E-01
  1.695000E+03  2.580434E-01
  1.695500E+03  7.655173E-01
  1.696000E+03  9.744325E-01
  1.696500E+03  9.422116E-01
  1.697000E+03  8.611935E-01
  1.697500E+03  7.433481E-01
  1.698000E+03  4.537383E-01
  1.698500E+03  1.199353E-02
  1.699000E+03 -3.251253E-01
  1.699500E+03 -3.348969E-01
  1.700000E+03 -8.041733E-02
  1.700500E+03  1.610005E-01
  1.701000E+03  1.733263E-01
  1.701500E+03 -1.126532E-02
  1.702000E+03 -1.662262E-01
  1.702500E+03 -1.191069E-01
  1.703000E+03  3.338710E-02
  1.703500E+03  1.702242E-02
  1.704000E+03 -2.672590E-01
  1.704500E+03 -5.813857E-01
  1.705000E+03 -6.473302E-01
  1.705500E+03 -5.026645E-01
  1.706000E+03 -3.857976E-01
  1.706500E+03 -3.420816E-01
  1.707000E+03 -1.866530E-01
  1.707500E+03  1.335822E-01
  1.708000E+03  3.970512E-01
  1.708500E+03  4.179750E-01
  1.709000E+03  2.877323E-01
  1.709500E+03  1.876876E-01
  1.710000E+03  1.552873E-01
  1.710500E+03  1.831954E-01
  1.711000E+03  3.577821E-01
  1.711500E+03  6.786609E-01
  1.712000E+03  8.672473E-01
  1.712500E+03  6.113068E-01
  1.713000E+03 -2.329099E-02
  1.713500E+03 -6.228721E-01
  1.714000E+03 -8.641215E-01
  1.714500E+03 -7.623233E-01
  1.715000E+03 -5.064510E-01
  1.715500E+03 -2.415513E-01
  1.716000E+03 -5.024388E-02
  1.716500E+03  1.860242E-02
  1.717000E+03 -1.193939E-02
  1.717500E+03 -6.455066E-02
  1.718000E+03 -1.023434E-01
  1.718500E+03 -1.354193E-01
  1.719000E+03 -1.346507E-01
  1.719500E+03 -4.151140E-02
  1.720000E+03  1.233609E-01
  1.720500E+03  2.632304E-01
  1.721000E+03  3.356457E-01
  1.721500E+03  3.839288E-01
  1.722000E+03  4.224664E-01
  1.722500E+03  3.914823E-01
  1.723000E+03  2.556358E-01
  1.723500E+03  6.605400E-02
  1.724000E+03 -9.297344E-02
  1.724500E+03 -1.487441E-01
  1.725000E+03 -5.257815E-02
  1.725500E+03  1.443787E-01
  1.726000E+03  2.476761E-01
  1.726500E+03  9.387360E-02
  1.727000E+03 -2.250254E-01
  1.727500E+03 -4.553263E-01
  1.728000E+03 -5.036927E-01
  1.728500E+03 -4.902701E-01
  1.729000E+03 -4.617550E-01
  1.729500E+03 -2.830004E-01
  1.730000E+03  7.935044E-02
  1.730500E+03  3.779562E-01
  1.731000E+03  3.653258E-01
  1.731500E+03  1.132234E-01
  1.732000E+03 -1.169436E-01
  1.732500E+03 -2.076444E-01
  1.733000E+03 -2.196641E-01
  1.733500E+03 -1.945240E-01
  1.734000E+03 -1.102003E-01
  1.734500E+03  2.067249E-02
  1.735000E+03  1.629632E-01
  1.735500E+03  3.122575E-01
  1.736000E+03  4.040840E-01
  1.736500E+03  2.738100E-01
  1.737000E+03 -1.055280E-01
  1.737500E+03 -4.318256E-01
  1.738000E+03 -3.506416E-01
  1.738500E+03  1.060231E-01
  1.739000E+03  5.692485E-01
  1.739500E+03  7.937187E-01
  1.740000E+03  8.373143E-01
  1.740500E+03  7.927847E-01
  1.741000E+03  6.184673E-01
  1.741500E+03  3.115238E-01
  1.742000E+03  6.603398E-03
  1.742500E+03 -2.196147E-01
  1.743000E+03 -4.565108E-01
  1.743500E+03 -7.604775E-01
  1.744000E+03 -1.017331E+00
  1.744500E+03 -1.114340E+00
  1.745000E+03 -1.089019E+00
  1.745500E+03 -9.975658E-01
  1.746000E+03 -8.021222E-01
  1.746500E+03 -5.108840E-01
  1.747000E+03 -2.560536E-01
  1.747500E+03 -8.355125E-02
  1.748000E+03  1.616010E-01
  1.748500E+03  5.573098E-01
  1.749000E+03  8.760260E-01
  1.749500E+03  8.664748E-01
  1.750000E+03  6.477334E-01
  1.750500E+03  5.707679E-01
  1.751000E+03  7.521449E-01
  1.751500E+03  9.879161E-01
  1.752000E+03  1.085204E+00
  1.752500E+03  1.020580E+00
  1.753000E+03  7.798167E-01
  1.753500E+03  3.225975E-01
  1.754000E+03 -2.254483E-01
  1.754500E+03 -5.914314E-01
  1.755000E+03 -6.829711E-01
  1.755500E+03 -7.143383E-01
  1.756000E+03 -8.924862E-01
  1.756500E+03 -1.135969E+00
  1.757000E+03 -1.223031E+00
  1.757500E+03 -1.076123E+00
  1.758000E+03 -7.705402E-01
  1.758500E+03 -3.869819E-01
  1.759000E+03 -7.216517E-03
  1.759500E+03  2.337622E-01
  1.760000E+03  2.586938E-01
  1.760500E+03  1.870177E-01
  1.761000E+03  2.357138E-01
  1.761500E+03  4.741191E-01
  1.762000E+03  7.469158E-01
  1.762500E+03  8.313447E-01
  1.763000E+03  6.335862E-01
  1.763500E+03  2.765245E-01
  1.764000E+03  3.635283E-02
  1.764500E+03  1.199122E-01
  1.765000E+03  4.311850E-01
  1.765500E+03  6.170837E-01
  1.766000E+03  4.207094E-01
  1.766500E+03 -6.103857E-02
  1.767000E+03 -5.266440E-01
  1.767500E+03 -7.832994E-01
  1.768000E+03 -8.170609E-01
  1.768500E+03 -6.599012E-01
  1.769000E+03 -3.626934E-01
  1.769500E+03 -6.661089E-02
  1.770000E+03  7.644654E-02
  1.770500E+03  8.043665E-02
  1.771000E+03  9.041930E-02
  1.771500E+03  1.572430E-01
  1.772000E+03  1.896158E-01
  1.772500E+03  1.558877E-01
  1.773000E+03  1.602252E-01
  1.773500E+03  2.326083E-01
  1.774000E+03  2.077551E-01
  1.774500E+03 -3.277996E-02
  1.775000E+03 -3.081362E-01
  1.775500E+03 -3.218849E-01
  1.776000E+03 -6.564158E-02
  1.776500E+03  1.513739E-01
  1.777000E+03  1.069366E-01
  1.777500E+03 -6.805947E-02
  1.778000E+03 -1.078431E-01
  1.778500E+03  4.193158E-02
  1.779000E+03  2.195950E-01
  1.779500E+03  2.947089E-01
  1.780000E+03  2.648071E-01
  1.780500E+03  1.449101E-01
  1.781000E+03 -6.845970E-02
  1.781500E+03 -2.964492E-01
  1.782000E+03 -3.943875E-01
  1.782500E+03 -3.421666E-01
  1.783000E+03 -2.942602E-01
  1.783500E+03 -3.440408E-01
  1.784000E+03 -3.526477E-01
  1.784500E+03 -1.518125E-01
  1.785000E+03  1.656007E-01
  1.785500E+03  3.366760E-01
  1.786000E+03  2.868177E-01
  1.786500E+03  2.132225E-01
  1.787000E+03  2.803897E-01
  1.787500E+03  4.035533E-01
  1.788000E+03  4.131329E-01
  1.788500E+03  2.993525E-01
  1.789000E+03  1.927396E-01
  1.789500E+03  1.907366E-01
  1.790000E+03  2.823048E-01
  1.790500E+03  3.596863E-01
  1.791000E+03  2.457195E-01
  1.791500E+03 -1.683705E-01
  1.792000E+03 -7.149299E-01
  1.792500E+03 -1.002800E+00
  1.793000E+03 -8.203037E-01
  1.793500E+03 -4.004489E-01
  1.794000E+03 -1.421149E-01
  1.794500E+03 -1.458044E-01
  1.795000E+03 -1.861744E-01
  1.795500E+03 -7.530326E-02
  1.796000E+03  1.439441E-01
  1.796500E+03  3.427537E-01
  1.797000E+03  4.443125E-01
  1.797500E+03  3.979514E-01
  1.798000E+03  1.941411E-01
  1.798500E+03 -5.278033E-02
  1.799000E+03 -1.859213E-01
  1.799500E+03 -2.026694E-01
  1.800000E+03 -2.246949E-01
  1.800500E+03 -2.528341E-01
  1.801000E+03 -1.348436E-01
  1.801500E+03  1.609039E-01
  1.802000E+03  4.177518E-01
  1.802500E+03  4.188148E-01
  1.803000E+03  1.920826E-01
  1.803500E+03 -6.974331E-02
  1.804000E+03 -1.970004E-01
  1.804500E+03 -8.344659E-02
  1.805000E+03  2.847413E-01
  1.805500E+03  7.218787E-01
  1.806000E+03  9.201297E-01
  1.806500E+03  7.710876E-01
  1.807000E+03  4.804976E-01
  1.807500E+03  2.469045E-01
  1.808000E+03 -3.795886E-03
  1.808500E+03 -4.030079E-01
  1.809000E+03 -8.380670E-01
  1.809500E+03 -1.092475E+00
  1.810000E+03 -1.155326E+00
  1.810500E+03 -1.147704E+00
  1.811000E+03 -1.050225E+00
  1.811500E+03 -7.754959E-01
  1.812000E+03 -4.322886E-01
  1.812500E+03 -2.152643E-01
  1.813000E+03 -6.631820E-02
  1.813500E+03  2.330409E-01
  1.814000E+03  6.230251E-01
  1.814500E+03  7.703642E-01
  1.815000E+03  6.008596E-01
  1.815500E+03  4.834436E-01
  1.816000E+03  7.055742E-01
  1.816500E+03  1.055025E+00
  1.817000E+03  1.152653E+00
  1.817500E+03  9.662954E-01
  1.818000E+03  7.257177E-01
  1.818500E+03  5.005594E-01
  1.819000E+03  1.677655E-01
  1.819500E+03 -2.763664E-01
  1.820000E+03 -6.539248E-01
  1.820500E+03 -8.578534E-01
  1.821000E+03 -9.505971E-01
  1.821500E+03 -9.880945E-01
  1.822000E+03 -9.199569E-01
  1.822500E+03 -7.031747E-01
  1.823000E+03 -3.892678E-01
  1.823500E+03 -7.253488E-02
  1.824000E+03  1.560793E-01
  1.824500E+03  2.150174E-01
  1.825000E+03  1.020995E-01
  1.825500E+03 -4.465487E-02
  1.826000E+03 -6.151369E-02
  1.826500E+03  6.015384E-02
  1.827000E+03  1.917299E-01
  1.827500E+03  2.530293E-01
  1.828000E+03  2.862548E-01
  1.828500E+03  3.482964E-01
  1.829000E+03  4.153386E-01
  1.829500E+03  4.039329E-01
  1.830000E+03  2.433938E-01
  1.830500E+03 -4.105250E-02
  1.831000E+03 -2.815043E-01
  1.831500E+03 -2.906671E-01
  1.832000E+03 -1.058211E-01
  1.832500E+03  2.475541E-03
  1.833000E+03 -1.170570E-01
  1.833500E+03 -2.607583E-01
  1.834000E+03 -1.598717E-01
  1.834500E+03  1.134527E-01
  1.835000E+03  2.660532E-01
  1.835500E+03  2.247648E-01
  1.836000E+03  1.674789E-01
  1.836500E+03  1.445836E-01
  1.837000E+03  9.550343E-03
  1.837500E+03 -2.105184E-01
  1.838000E+03 -2.228597E-01
  1.838500E+03  8.402913E-02
  1.839000E+03  3.905049E-01
  1.839500E+03  3.642023E-01
  1.840000E+03  9.972330E-02
  1.840500E+03 -9.672089E-02
  1.841000E+03 -1.562677E-01
  1.841500E+03 -1.994299E-01
  1.842000E+03 -2.033245E-01
  1.842500E+03 -5.751474E-02
  1.843000E+03  1.110609E-01
  1.843500E+03  9.021505E-03
  1.844000E+03 -3.886037E-01
  1.844500E+03 -7.450741E-01
  1.845000E+03 -7.741385E-01
  1.845500E+03 -5.303331E-01
  1.846000E+03 -2.245909E-01
  1.846500E+03  3.733102E-02
  1.847000E+03  2.358190E-01
  1.847500E+03  3.415805E-01
  1.848000E+03  3.670322E-01
  1.848500E+03  3.915869E-01
  1.849000E+03  4.350076E-01
  1.849500E+03  4.136063E-01
  1.850000E+03  3.061670E-01
  1.850500E+03  2.423945E-01
  1.851000E+03  3.186721E-01
  1.851500E+03  4.276768E-01
  1.852000E+03  3.926447E-01
  1.852500E+03  2.002880E-01
  1.853000E+03 -1.422790E-02
  1.853500E+03 -1.592406E-01
  1.854000E+03 -2.488883E-01
  1.854500E+03 -3.051427E-01
  1.855000E+03 -3.050465E-01
  1.855500E+03 -2.265255E-01
  1.856000E+03 -7.934712E-02
  1.856500E+03  1.016880E-01
  1.857000E+03  2.451669E-01
  1.857500E+03  2.485860E-01
  1.858000E+03  5.045280E-02
  1.858500E+03 -3.118031E-01
  1.859000E+03 -7.332126E-01
  1.859500E+03 -1.082965E+00
  1.860000E+03 -1.201390E+00
  1.860500E+03 -9.684775E-01
  1.861000E+03 -4.729570E-01
  1.861500E+03 -2.772680E-02
  1.862000E+03  1.305933E-01
  1.862500E+03  1.339354E-01
  1.863000E+03  3.312699E-01
  1.863500E+03  8.303734E-01
  1.864000E+03  1.326475E+00
  1.864500E+03  1.441317E+00
  1.865000E+03  1.123888E+00
  1.865500E+03  6.431431E-01
  1.866000E+03  2.778858E-01
  1.866500E+03  1.148555E-01
  1.867000E+03  8.739246E-02
  1.867500E+03  7.599371E-02
  1.868000E+03 -3.651569E-02
  1.868500E+03 -2.919108E-01
  1.869000E+03 -5.778283E-01
  1.869500E+03 -6.879458E-01
  1.870000E+03 -5.311107E-01
  1.870500E+03 -2.551435E-01
  1.871000E+03 -1.085798E-01
  1.871500E+03 -1.979053E-01
  1.872000E+03 -4.297608E-01
  1.872500E+03 -6.555150E-01
  1.873000E+03 -7.756657E-01
  1.873500E+03 -7.068010E-01
  1.874000E+03 -3.902685E-01
  1.874500E+03  7.267488E-02
  1.875000E+03  3.950386E-01
  1.875500E+03  3.639015E-01
  1.876000E+03  1.105768E-01
  1.876500E+03 -5.243359E-03
  1.877000E+03  2.039698E-01
  1.877500E+03  5.721783E-01
  1.878000E+03  8.109385E-01
  1.878500E+03  8.045636E-01
  1.879000E+03  6.374138E-01
  1.879500E+03  4.484072E-01
  1.880000E+03  3.368235E-01
  1.880500E+03  3.243714E-01
  1.881000E+03  3.234981E-01
  1.881500E+03  1.984882E-01
  1.882000E+03 -8.044191E-02
  1.882500E+03 -4.048462E-01
  1.883000E+03 -6.912717E-01
  1.883500E+03 -9.715829E-01
  1.884000E+03 -1.241230E+00
  1.884500E+03 -1.336519E+00
  1.885000E+03 -1.101634E+00
  1.885500E+03 -6.033328E-01
  1.886000E+03 -4.104650E-02
  1.886500E+03  4.864731E-01
  1.887000E+03  9.659070E-01
  1.887500E+03  1.289056E+00
  1.888000E+03  1.303747E+00
  1.888500E+03  1.049094E+00
  1.889000E+03  7.369405E-01
  1.889500E+03  4.598276E-01
  1.890000E+03  1.122847E-01
  1.890500E+03 -3.317511E-01
  1.891000E+03 -6.668997E-01
  1.891500E+03 -7.123670E-01
  1.892000E+03 -5.682299E-01
  1.892500E+03 -4.688436E-01
  1.893000E+03 -4.894892E-01
  1.893500E+03 -5.378536E-01
  1.894000E+03 -5.386166E-01
  1.894500E+03 -4.716157E-01
  1.895000E+03 -2.987370E-01
  1.895500E+03 -1.551446E-02
  1.896000E+03  2.643998E-01
  1.896500E+03  4.277150E-01
  1.897000E+03  5.356594E-01
  1.897500E+03  7.249450E-01
  1.898000E+03  9.468341E-01
  1.898500E+03  9.720454E-01
  1.899000E+03  6.865071E-01
  1.899500E+03  2.374538E-01
  1.900000E+03 -1.621464E-01
  1.900500E+03 -4.419422E-01
  1.901000E+03 -6.253637E-01
  1.901500E+03 -7.049980E-01
  1.902000E+03 -6.732589E-01
  1.902500E+03 -5.910101E-01
  1.903000E+03 -5.117006E-01
  1.903500E+03 -3.850362E-01
  1.904000E+03 -1.391398E-01
  1.904500E+03  1.727559E-01
  1.905000E+03  4.113148E-01
  1.905500E+03  5.245553E-01
  1.906000E+03  5.757477E-01
  1.906500E+03  5.886779E-01
  1.907000E+03  4.869297E-01
  1.907500E+03  2.520677E-01
  1.908000E+03  3.747263E-02
  1.908500E+03  5.642988E-04
  1.909000E+03  6.876194E-02
  1.909500E+03  2.075872E-02
  1.910000E+03 -1.896851E-01
  1.910500E+03 -3.529910E-01
  1.911000E+03 -3.216008E-01
  1.911500E+03 -2.482804E-01
  1.912000E+03 -3.498861E-01
  1.912500E+03 -5.534343E-01
  1.913000E+03 -6.061813E-01
  1.913500E+03 -4.881035E-01
  1.914000E+03 -4.347545E-01
  1.914500E+03 -5.036082E-01
  1.915000E+03 -4.171224E-01
  1.915500E+03 -1.361429E-04
  1.916000E+03  4.881896E-01
  1.916500E+03  7.134067E-01
  1.917000E+03  7.590807E-01
  1.917500E+03  9.372527E-01
  1.918000E+03  1.221276E+00
  1.918500E+03  1.248461E+00
  1.919000E+03  8.942379E-01
  1.919500E+03  4.654320E-01
  1.920000E+03  2.072861E-01
  1.920500E+03 -3.832453E-02
  1.921000E+03 -4.716867E-01
  1.921500E+03 -9.085406E-01
  1.922000E+03 -1.005672E+00
  1.922500E+03 -7.588130E-01
  1.923000E+03 -4.888037E-01
  1.923500E+03 -4.023685E-01
  1.924000E+03 -4.252977E-01
  1.924500E+03 -4.473948E-01
  1.925000E+03 -4.820300E-01
  1.925500E+03 -5.361543E-01
  1.926000E+03 -5.187573E-01
  1.926500E+03 -3.618037E-01
  1.927000E+03 -1.095641E-01
  1.927500E+03  1.699086E-01
  1.928000E+03  4.588015E-01
  1.928500E+03  7.246254E-01
  1.929000E+03  8.716020E-01
  1.929500E+03  8.180120E-01
  1.930000E+03  5.817298E-01
  1.930500E+03  2.750770E-01
  1.931000E+03  5.469784E-02
  1.931500E+03  4.325175E-02
  1.932000E+03  2.085713E-01
  1.932500E+03  3.367564E-01
  1.933000E+03  2.372050E-01
  1.933500E+03 -1.981218E-02
  1.934000E+03 -1.809015E-01
  1.934500E+03 -1.317719E-01
  1.935000E+03 -9.826393E-03
  1.935500E+03  3.351442E-02
  1.936000E+03  2.478320E-02
  1.936500E+03  3.365962E-02
  1.937000E+03 -1.279497E-02
  1.937500E+03 -2.288800E-01
  1.938000E+03 -5.505717E-01
  1.938500E+03 -7.709800E-01
  1.939000E+03 -7.876878E-01
  1.939500E+03 -6.905907E-01
  1.940000E+03 -5.868273E-01
  1.940500E+03 -4.518695E-01
  1.941000E+03 -2.135915E-01
  1.941500E+03  9.097569E-02
  1.942000E+03  3.304199E-01
  1.942500E+03  4.376208E-01
  1.943000E+03  4.836399E-01
  1.943500E+03  5.718645E-01
  1.944000E+03  7.103057E-01
  1.944500E+03  8.331820E-01
  1.945000E+03  9.040051E-01
  1.945500E+03  9.078117E-01
  1.946000E+03  7.493171E-01
  1.946500E+03  2.916673E-01
  1.947000E+03 -4.194596E-01
  1.947500E+03 -1.062033E+00
  1.948000E+03 -1.295008E+00
  1.948500E+03 -1.083535E+00
  1.949000E+03 -6.744472E-01
  1.949500E+03 -2.960492E-01
  1.950000E+03 -9.743536E-03
  1.950500E+03  1.796161E-01
  1.951000E+03  2.491815E-01
  1.951500E+03  2.334133E-01
  1.952000E+03  2.216757E-01
  1.952500E+03  2.184870E-01
  1.953000E+03  1.352074E-01
  1.953500E+03 -1.950552E-02
  1.954000E+03 -8.174497E-02
  1.954500E+03  4.813758E-02
  1.955000E+03  2.571390E-01
  1.955500E+03  3.890709E-01
  1.956000E+03  4.318733E-01
  1.956500E+03  4.162938E-01
  1.957000E+03  2.665071E-01
  1.957500E+03 -6.988354E-02
  1.958000E+03 -4.326473E-01
  1.958500E+03 -5.876374E-01
  1.959000E+03 -5.223467E-01
  1.959500E+03 -4.297769E-01
  1.960000E+03 -4.155664E-01
  1.960500E+03 -3.922078E-01
  1.961000E+03 -2.676914E-01
  1.961500E+03 -6.958691E-02
  1.962000E+03  1.533738E-01
  1.962500E+03  4.025445E-01
  1.963000E+03  6.416494E-01
  1.963500E+03  7.520353E-01
  1.964000E+03  6.438695E-01
  1.964500E+03  3.508163E-01
  1.965000E+03 -8.718601E-03
  1.965500E+03 -3.063085E-01
  1.966000E+03 -4.562470E-01
  1.966500E+03 -4.804659E-01
  1.967000E+03 -4.956843E-01
  1.967500E+03 -5.341004E-01
  1.968000E+03 -4.280215E-01
  1.968500E+03 -3.141896E-02
  1.969000E+03  4.774370E-01
  1.969500E+03  7.253479E-01
  1.970000E+03  5.997492E-01
  1.970500E+03  3.586591E-01
  1.971000E+03  2.292682E-01
  1.971500E+03  1.397526E-01
  1.972000E+03 -2.153183E-02
  1.972500E+03 -1.211518E-01
  1.973000E+03  1.497076E-02
  1.973500E+03  2.605814E-01
  1.974000E+03  3.077636E-01
  1.974500E+03  7.395246E-02
  1.975000E+03 -2.246605E-01
  1.975500E+03 -3.930572E-01
  1.976000E+03 -4.657223E-01
  1.976500E+03 -5.774262E-01
  1.977000E+03 -7.690267E-01
  1.977500E+03 -9.499318E-01
  1.978000E+03 -9.591298E-01
  1.978500E+03 -6.692042E-01
  1.979000E+03 -1.267121E-01
  1.979500E+03  4.221589E-01
  1.980000E+03  7.385175E-01
  1.980500E+03  8.082733E-01
  1.981000E+03  7.780730E-01
  1.981500E+03  7.312250E-01
  1.982000E+03  6.439595E-01
  1.982500E+03  5.152747E-01
  1.983000E+03  3.920591E-01
  1.983500E+03  2.766241E-01
  1.984000E+03  1.440763E-01
  1.984500E+03  4.424834E-02
  1.985000E+03  4.996152E-02
  1.985500E+03  1.036983E-01
  1.986000E+03  5.479405E-02
  1.986500E+03 -1.370089E-01
  1.987000E+03 -3.620673E-01
  1.987500E+03 -5.283434E-01
  1.988000E+03 -6.301988E-01
  1.988500E+03 -6.460563E-01
  1.989000E+03 -5.299430E-01
  1.989500E+03 -3.408843E-01
  1.990000E+03 -2.269233E-01
  1.990500E+03 -2.290945E-01
  1.991000E+03 -2.378341E-01
  1.991500E+03 -1.810363E-01
  1.992000E+03 -9.946019E-02
  1.992500E+03  8.579774E-03
  1.993000E+03  2.310925E-01
  1.993500E+03  5.404729E-01
  1.994000E+03  7.214106E-01
  1.994500E+03  6.244297E-01
  1.995000E+03  3.572165E-01
  1.995500E+03  1.176393E-01
  1.996000E+03 -2.176926E-02
  1.996500E+03 -6.039858E-02
  1.997000E+03  2.235627E-02
  1.997500E+03  1.552372E-01
  1.998000E+03  1.395082E-01
  1.998500E+03 -8.773576E-02
  1.999000E+03 -2.990770E-01
  1.999500E+03 -2.854841E-01
  2.000000E+03 -1.727405E-01
  2.000500E+03 -1.904209E-01
  2.001000E+03 -2.654320E-01
  2.001500E+03 -1.532472E-01
  2.002000E+03  1.110251E-01
  2.002500E+03  2.480424E-01
  2.003000E+03  2.163232E-01
  2.003500E+03  2.872872E-01
  2.004000E+03  5.503901E-01
  2.004500E+03  6.970784E-01
  2.005000E+03  4.768677E-01
  2.005500E+03  7.311525E-02
  2.006000E+03 -2.078861E-01
  2.006500E+03 -3.810577E-01
  2.007000E+03 -6.330481E-01
  2.007500E+03 -8.979810E-01
  2.008000E+03 -9.097435E-01
  2.008500E+03 -6.297806E-01
  2.009000E+03 -3.309250E-01
  2.009500E+03 -2.207397E-01
  2.010000E+03 -2.077531E-01
  2.010500E+03 -1.079708E-01
  2.011000E+03  9.704160E-02
  2.011500E+03  3.024010E-01
  2.012000E+03  4.549102E-01
  2.012500E+03  5.819223E-01
  2.013000E+03  7.055241E-01
  2.013500E+03  8.006247E-01
  2.014000E+03  8.100570E-01
  2.014500E+03  6.686966E-01
  2.015000E+03  3.500805E-01
  2.015500E+03 -7.845213E-02
  2.016000E+03 -4.693948E-01
  2.016500E+03 -6.847787E-01
  2.017000E+03 -6.707209E-01
  2.017500E+03 -4.657201E-01
  2.018000E+03 -1.716688E-01
  2.018500E+03  9.530176E-02
  2.019000E+03  2.672028E-01
  2.019500E+03  3.405240E-01
  2.020000E+03  3.179105E-01
  2.020500E+03  1.743332E-01
  2.021000E+03 -7.066487E-02
  2.021500E+03 -2.901953E-01
  2.022000E+03 -3.493597E-01
  2.022500E+03 -2.683745E-01
  2.023000E+03 -2.040785E-01
  2.023500E+03 -2.447731E-01
  2.024000E+03 -2.962946E-01
  2.024500E+03 -2.186736E-01
  2.025000E+03 -2.337320E-02
  2.025500E+03  1.301559E-01
  2.026000E+03  1.195679E-01
  2.026500E+03 -1.241991E-02
  2.027000E+03 -1.210157E-01
  2.027500E+03 -1.090487E-01
  2.028000E+03  5.899575E-03
  2.028500E+03  1.391489E-01
  2.029000E+03  2.094031E-01
  2.029500E+03  1.732359E-01
  2.030000E+03  5.059144E-02
  2.030500E+03 -5.856982E-02
  2.031000E+03 -3.699286E-02
  2.031500E+03  1.213629E-01
  2.032000E+03  2.865897E-01
  2.032500E+03  3.526239E-01
  2.033000E+03  3.721716E-01
  2.033500E+03  4.471501E-01
  2.034000E+03  5.331367E-01
  2.034500E+03  4.845827E-01
  2.035000E+03  2.846946E-01
  2.035500E+03  8.044461E-02
  2.036000E+03 -3.832033E-02
  2.036500E+03 -1.402648E-01
  2.037000E+03 -2.797829E-01
  2.037500E+03 -3.893306E-01
  2.038000E+03 -4.397519E-01
  2.038500E+03 -5.450407E-01
  2.039000E+03 -7.680389E-01
  2.039500E+03 -9.623881E-01
  2.040000E+03 -9.722089E-01
  2.040500E+03 -8.626214E-01
  2.041000E+03 -7.615061E-01
  2.041500E+03 -5.931711E-01
  2.042000E+03 -2.128913E-01
  2.042500E+03  2.738407E-01
  2.043000E+03  6.107680E-01
  2.043500E+03  7.927634E-01
  2.044000E+03  1.070375E+00
  2.044500E+03  1.500246E+00
  2.045000E+03  1.778153E+00
  2.045500E+03  1.640741E+00
  2.046000E+03  1.189837E+00
  2.046500E+03  6.640386E-01
  2.047000E+03  1.048897E-01
  2.047500E+03 -5.461333E-01
  2.048000E+03 -1.170766E+00
  2.048500E+03 -1.521025E+00
  2.049000E+03 -1.491760E+00
  2.049500E+03 -1.194583E+00
  2.050000E+03 -8.035465E-01
  2.050500E+03 -4.354487E-01
  2.051000E+03 -1.259140E-01
  2.051500E+03  1.656848E-01
  2.052000E+03  4.652339E-01
  2.052500E+03  6.497399E-01
  2.053000E+03  5.323850E-01
  2.053500E+03  1.593798E-01
  2.054000E+03 -1.408592E-01
  2.054500E+03 -1.358005E-01
  2.055000E+03  3.639777E-02
  2.055500E+03  1.205101E-01
  2.056000E+03  1.064465E-01
  2.056500E+03  1.372204E-01
  2.057000E+03  2.088223E-01
  2.057500E+03  2.189348E-01
  2.058000E+03  2.108869E-01
  2.058500E+03  2.876563E-01
  2.059000E+03  3.368300E-01
  2.059500E+03  1.303650E-01
  2.060000E+03 -3.031380E-01
  2.060500E+03 -6.723608E-01
  2.061000E+03 -8.061852E-01
  2.061500E+03 -7.867132E-01
  2.062000E+03 -6.776165E-01
  2.062500E+03 -4.003140E-01
  2.063000E+03  4.035951E-02
  2.063500E+03  4.596653E-01
  2.064000E+03  7.279849E-01
  2.064500E+03  8.939119E-01
  2.065000E+03  9.916031E-01
  2.065500E+03  9.442122E-01
  2.066000E+03  7.421492E-01
  2.066500E+03  4.859109E-01
  2.067000E+03  1.646377E-01
  2.067500E+03 -3.437823E-01
  2.068000E+03 -9.338580E-01
  2.068500E+03 -1.231353E+00
  2.069000E+03 -1.079908E+00
  2.069500E+03 -7.859933E-01
  2.070000E+03 -6.399979E-01
  2.070500E+03 -4.706399E-01
  2.071000E+03  5.469289E-03
  2.071500E+03  6.173971E-01
  2.072000E+03  9.103422E-01
  2.072500E+03  7.621193E-01
  2.073000E+03  4.595208E-01
  2.073500E+03  2.280536E-01
  2.074000E+03  4.730256E-02
  2.074500E+03 -9.282618E-02
  2.075000E+03 -1.160815E-01
  2.075500E+03 -7.313420E-02
  2.076000E+03 -1.072784E-01
  2.076500E+03 -1.630211E-01
  2.077000E+03 -4.492323E-02
  2.077500E+03  1.755466E-01
  2.078000E+03  1.501856E-01
  2.078500E+03 -2.274240E-01
  2.079000E+03 -6.027335E-01
  2.079500E+03 -6.243294E-01
  2.080000E+03 -3.639416E-01
  2.080500E+03 -9.918077E-02
  2.081000E+03  7.749100E-02
  2.081500E+03  2.298775E-01
  2.082000E+03  3.649704E-01
  2.082500E+03  4.648966E-01
  2.083000E+03  5.767520E-01
  2.083500E+03  6.854559E-01
  2.084000E+03  6.485921E-01
  2.084500E+03  4.281057E-01
  2.085000E+03  2.157993E-01
  2.085500E+03  1.412636E-01
  2.086000E+03  3.932536E-02
  2.086500E+03 -2.673144E-01
  2.087000E+03 -6.338010E-01
  2.087500E+03 -8.089649E-01
  2.088000E+03 -8.240606E-01
  2.088500E+03 -8.491538E-01
  2.089000E+03 -7.869738E-01
  2.089500E+03 -3.923845E-01
  2.090000E+03  2.307235E-01
  2.090500E+03  6.399660E-01
  2.091000E+03  6.298874E-01
  2.091500E+03  4.543884E-01
  2.092000E+03  3.609210E-01
  2.092500E+03  2.318461E-01
  2.093000E+03 -1.096125E-01
  2.093500E+03 -4.959823E-01
  2.094000E+03 -5.873425E-01
  2.094500E+03 -3.246320E-01
  2.095000E+03  1.238290E-02
  2.095500E+03  1.524009E-01
  2.096000E+03  8.452647E-02
  2.096500E+03 -3.629010E-03
  2.097000E+03  6.910333E-02
  2.097500E+03  3.101254E-01
  2.098000E+03  5.367578E-01
  2.098500E+03  5.762959E-01
  2.099000E+03  4.904075E-01
  2.099500E+03  4.798260E-01
  2.100000E+03  5.462321E-01
  2.100500E+03  4.446867E-01
  2.101000E+03  7.563439E-02
  2.101500E+03 -2.804982E-01
  2.102000E+03 -3.143973E-01
  2.102500E+03 -1.258781E-01
  2.103000E+03 -7.566248E-02
  2.103500E+03 -2.874670E-01
  2.104000E+03 -5.533014E-01
  2.104500E+03 -7.052151E-01
  2.105000E+03 -8.086462E-01
  2.105500E+03 -9.297474E-01
  2.106000E+03 -9.551218E-01
  2.106500E+03 -7.771034E-01
  2.107000E+03 -4.903454E-01
  2.107500E+03 -2.490647E-01
  2.108000E+03 -3.323712E-02
  2.108500E+03  2.889303E-01
  2.109000E+03  7.186848E-01
  2.109500E+03  1.088326E+00
  2.110000E+03  1.255704E+00
  2.110500E+03  1.225049E+00
  2.111000E+03  1.066628E+00
  2.111500E+03  8.210013E-01
  2.112000E+03  5.259884E-01
  2.112500E+03  2.593201E-01
  2.113000E+03  7.712348E-02
  2.113500E+03 -6.575400E-02
  2.114000E+03 -2.646641E-01
  2.114500E+03 -5.262922E-01
  2.115000E+03 -7.385445E-01
  2.115500E+03 -8.093093E-01
  2.116000E+03 -7.825756E-01
  2.116500E+03 -7.529252E-01
  2.117000E+03 -6.966834E-01
  2.117500E+03 -4.878044E-01
  2.118000E+03 -1.057102E-01
  2.118500E+03  2.650023E-01
  2.119000E+03  4.123179E-01
  2.119500E+03  3.232030E-01
  2.120000E+03  1.640156E-01
  2.120500E+03  7.611041E-02
  2.121000E+03  7.111210E-02
  2.121500E+03  1.017680E-01
  2.122000E+03  1.344106E-01
  2.122500E+03  1.338472E-01
  2.123000E+03  6.265219E-02
  2.123500E+03 -5.836194E-02
  2.124000E+03 -1.425151E-01
  2.124500E+03 -1.353180E-01
  2.125000E+03 -7.927194E-02
  2.125500E+03 -2.825352E-02
  2.126000E+03  7.161874E-02
  2.126500E+03  3.296087E-01
  2.127000E+03  7.048509E-01
  2.127500E+03  9.210302E-01
  2.128000E+03  6.935000E-01
  2.128500E+03  7.213695E-02
  2.129000E+03 -5.255596E-01
  2.129500E+03 -7.077495E-01
  2.130000E+03 -4.965759E-01
  2.130500E+03 -2.353778E-01
  2.131000E+03 -1.526208E-01
  2.131500E+03 -1.709882E-01
  2.132000E+03 -1.609983E-01
  2.132500E+03 -1.800718E-01
  2.133000E+03 -3.218188E-01
  2.133500E+03 -4.665403E-01
  2.134000E+03 -3.793764E-01
  2.134500E+03 -1.970096E-02
  2.135000E+03  4.057571E-01
  2.135500E+03  6.826635E-01
  2.136000E+03  7.436187E-01
  2.136500E+03  6.052571E-01
  2.137000E+03  3.146785E-01
  2.137500E+03 -1.750433E-02
  2.138000E+03 -2.660261E-01
  2.138500E+03 -4.039344E-01
  2.139000E+03 -4.620783E-01
  2.139500E+03 -3.916123E-01
  2.140000E+03 -1.252772E-01
  2.140500E+03  2.183133E-01
  2.141000E+03  3.884010E-01
  2.141500E+03  3.216260E-01
  2.142000E+03  2.175434E-01
  2.142500E+03  2.014095E-01
  2.143000E+03  1.092451E-01
  2.143500E+03 -2.329904E-01
  2.144000E+03 -6.723385E-01
  2.144500E+03 -8.670958E-01
  2.145000E+03 -6.772088E-01
  2.145500E+03 -2.545076E-01
  2.146000E+03  1.726954E-01
  2.146500E+03  4.390318E-01
  2.147000E+03  4.510692E-01
  2.147500E+03  2.601174E-01
  2.148000E+03  9.713166E-02
  2.148500E+03  1.568119E-01
  2.149000E+03  3.598808E-01
  2.149500E+03  4.785566E-01
  2.150000E+03  4.516950E-01
  2.150500E+03  3.923669E-01
  2.151000E+03  3.281728E-01
  2.151500E+03  1.715910E-01
  2.152000E+03 -4.185590E-02
  2.152500E+03 -1.403516E-01
  2.153000E+03 -1.152183E-01
  2.153500E+03 -1.991364E-01
  2.154000E+03 -5.213548E-01
  2.154500E+03 -8.818063E-01
  2.155000E+03 -1.017077E+00
  2.155500E+03 -9.237316E-01
  2.156000E+03 -7.503616E-01
  2.156500E+03 -5.161498E-01
  2.157000E+03 -1.430664E-01
  2.157500E+03  3.204372E-01
  2.158000E+03  7.133468E-01
  2.158500E+03  9.604795E-01
  2.159000E+03  1.079923E+00
  2.159500E+03  1.025649E+00
  2.160000E+03  7.179735E-01
  2.160500E+03  2.507576E-01
  2.161000E+03 -1.077975E-01
  2.161500E+03 -1.931736E-01
  2.162000E+03 -1.149079E-01
  2.162500E+03 -9.386721E-02
  2.163000E+03 -2.154061E-01
  2.163500E+03 -3.886205E-01
  2.164000E+03 -4.692081E-01
  2.164500E+03 -3.705702E-01
  2.165000E+03 -1.202838E-01
  2.165500E+03  1.321361E-01
  2.166000E+03  2.043900E-01
  2.166500E+03  3.926241E-02
  2.167000E+03 -2.288384E-01
  2.167500E+03 -3.894835E-01
  2.168000E+03 -3.383178E-01
  2.168500E+03 -1.461501E-01
  2.169000E+03  3.510058E-02
  2.169500E+03  1.279819E-01
  2.170000E+03  1.908177E-01
  2.170500E+03  3.135333E-01
  2.171000E+03  4.687088E-01
  2.171500E+03  5.239195E-01
  2.172000E+03  4.152049E-01
  2.172500E+03  2.307002E-01
  2.173000E+03  7.462653E-02
  2.173500E+03 -7.008631E-02
  2.174000E+03 -2.616449E-01
  2.174500E+03 -4.534868E-01
  2.175000E+03 -5.415662E-01
  2.175500E+03 -5.156849E-01
  2.176000E+03 -4.457857E-01
  2.176500E+03 -3.455932E-01
  2.177000E+03 -1.783151E-01
  2.177500E+03  1.453378E-02
  2.178000E+03  1.308640E-01
  2.178500E+03  1.660534E-01
  2.179000E+03  2.122406E-01
  2.179500E+03  2.737460E-01
  2.180000E+03  2.374410E-01
  2.180500E+03  8.835519E-02
  2.181000E+03  3.818085E-03
  2.181500E+03  1.290530E-01
  2.182000E+03  3.733619E-01
  2.182500E+03  5.388192E-01
  2.183000E+03  5.556860E-01
  2.183500E+03  4.793626E-01
  2.184000E+03  3.489474E-01
  2.184500E+03  1.840401E-01
  2.185000E+03  4.702527E-02
  2.185500E+03 -4.450625E-02
  2.186000E+03 -2.181463E-01
  2.186500E+03 -5.905833E-01
  2.187000E+03 -1.021792E+00
  2.187500E+03 -1.197854E+00
  2.188000E+03 -9.986562E-01
  2.188500E+03 -6.387558E-01
  2.189000E+03 -3.799706E-01
  2.189500E+03 -2.299058E-01
  2.190000E+03 -1.739695E-02
  2.190500E+03  3.275048E-01
  2.191000E+03  6.871475E-01
  2.191500E+03  9.137877E-01
  2.192000E+03  9.723659E-01
  2.192500E+03  9.216862E-01
  2.193000E+03  8.183322E-01
  2.193500E+03  6.551219E-01
  2.194000E+03  3.646850E-01
  2.194500E+03 -1.099005E-01
  2.195000E+03 -7.079181E-01
  2.195500E+03 -1.213026E+00
  2.196000E+03 -1.373827E+00
  2.196500E+03 -1.105978E+00
  2.197000E+03 -5.701258E-01
  2.197500E+03 -2.536314E-02
  2.198000E+03  3.907619E-01
  2.198500E+03  7.101913E-01
  2.199000E+03  9.752258E-01
  2.199500E+03  1.107979E+00
  2.200000E+03  9.998797E-01
  2.200500E+03  6.849544E-01
  2.201000E+03  3.256340E-01
  2.201500E+03  2.770181E-02
  2.202000E+03 -2.290477E-01
  2.202500E+03 -4.569499E-01
  2.203000E+03 -5.830018E-01
  2.203500E+03 -5.786664E-01
  2.204000E+03 -5.555913E-01
  2.204500E+03 -6.162456E-01
  2.205000E+03 -6.889105E-01
  2.205500E+03 -6.452225E-01
  2.206000E+03 -5.208382E-01
  2.206500E+03 -4.559549E-01
  2.207000E+03 -4.410042E-01
  2.207500E+03 -3.056367E-01
  2.208000E+03  9.179950E-03
  2.208500E+03  3.419167E-01
  2.209000E+03  5.441078E-01
  2.209500E+03  6.707675E-01
  2.210000E+03  8.363466E-01
  2.210500E+03  1.009191E+00
  2.211000E+03  1.078312E+00
  2.211500E+03  1.029951E+00
  2.212000E+03  9.117810E-01
  2.212500E+03  6.801613E-01
  2.213000E+03  2.456702E-01
  2.213500E+03 -3.247647E-01
  2.214000E+03 -7.857009E-01
  2.214500E+03 -9.442099E-01
  2.215000E+03 -8.458235E-01
  2.215500E+03 -6.974438E-01
  2.216000E+03 -6.474133E-01
  2.216500E+03 -6.600791E-01
  2.217000E+03 -5.827362E-01
  2.217500E+03 -3.349758E-01
  2.218000E+03 -3.906470E-02
  2.218500E+03  7.993046E-02
  2.219000E+03 -3.944058E-02
  2.219500E+03 -1.825845E-01
  2.220000E+03 -8.699834E-02
  2.220500E+03  2.491074E-01
  2.221000E+03  5.723281E-01
  2.221500E+03  6.764004E-01
  2.222000E+03  6.051052E-01
  2.222500E+03  5.321907E-01
  2.223000E+03  5.194705E-01
  2.223500E+03  4.526558E-01
  2.224000E+03  1.981250E-01
  2.224500E+03 -2.100135E-01
  2.225000E+03 -5.566451E-01
  2.225500E+03 -6.446947E-01
  2.226000E+03 -5.079874E-01
  2.226500E+03 -3.657925E-01
  2.227000E+03 -3.358995E-01
  2.227500E+03 -2.813373E-01
  2.228000E+03 -2.929870E-02
  2.228500E+03  3.372004E-01
  2.229000E+03  5.512519E-01
  2.229500E+03  5.005027E-01
  2.230000E+03  3.388322E-01
  2.230500E+03  2.431791E-01
  2.231000E+03  2.135862E-01
  2.231500E+03  1.719112E-01
  2.232000E+03  1.119412E-01
  2.232500E+03  4.445887E-02
  2.233000E+03 -1.014132E-01
  2.233500E+03 -3.890826E-01
  2.234000E+03 -7.284456E-01
  2.234500E+03 -9.214947E-01
  2.235000E+03 -8.373105E-01
  2.235500E+03 -4.866529E-01
  2.236000E+03  1.801389E-02
  2.236500E+03  4.902034E-01
  2.237000E+03  7.163692E-01
  2.237500E+03  6.111498E-01
  2.238000E+03  3.397600E-01
  2.238500E+03  1.869188E-01
  2.239000E+03  2.676612E-01
  2.239500E+03  4.242493E-01
  2.240000E+03  4.247001E-01
  2.240500E+03  2.020206E-01
  2.241000E+03 -1.278876E-01
  2.241500E+03 -4.241717E-01
  2.242000E+03 -6.348982E-01
  2.242500E+03 -7.594297E-01
  2.243000E+03 -7.494270E-01
  2.243500E+03 -5.112734E-01
  2.244000E+03 -5.185075E-02
  2.244500E+03  4.078664E-01
  2.245000E+03  5.667572E-01
  2.245500E+03  3.499710E-01
  2.246000E+03  2.272984E-02
  2.246500E+03 -7.621715E-02
  2.247000E+03  1.154752E-01
  2.247500E+03  3.644056E-01
  2.248000E+03  4.346049E-01
  2.248500E+03  3.104225E-01
  2.249000E+03  1.364107E-01
  2.249500E+03  3.158454E-02
  2.250000E+03  7.923770E-04
  2.250500E+03 -1.813842E-02
  2.251000E+03 -5.379887E-02
  2.251500E+03 -5.062521E-02
  2.252000E+03  4.835642E-02
  2.252500E+03  1.509535E-01
  2.253000E+03  3.780782E-02
  2.253500E+03 -3.601954E-01
  2.254000E+03 -7.661729E-01
  2.254500E+03 -8.005258E-01
  2.255000E+03 -4.343898E-01
  2.255500E+03 -4.876973E-02
  2.256000E+03  1.459036E-02
  2.256500E+03 -1.721570E-01
  2.257000E+03 -2.750471E-01
  2.257500E+03 -9.667104E-02
  2.258000E+03  2.909119E-01
  2.258500E+03  6.986595E-01
  2.259000E+03  9.419087E-01
  2.259500E+03  8.661858E-01
  2.260000E+03  4.436959E-01
  2.260500E+03 -1.168416E-01
  2.261000E+03 -4.887938E-01
  2.261500E+03 -5.230686E-01
  2.262000E+03 -3.579097E-01
  2.262500E+03 -2.089958E-01
  2.263000E+03 -1.414557E-01
  2.263500E+03 -9.801318E-02
  2.264000E+03 -5.364318E-02
  2.264500E+03 -3.176124E-02
  2.265000E+03  1.182394E-03
  2.265500E+03  1.457811E-01
  2.266000E+03  4.397928E-01
  2.266500E+03  7.726362E-01
  2.267000E+03  9.658701E-01
  2.267500E+03  9.164283E-01
  2.268000E+03  6.435547E-01
  2.268500E+03  2.291738E-01
  2.269000E+03 -2.440919E-01
  2.269500E+03 -7.025516E-01
  2.270000E+03 -1.076242E+00
  2.270500E+03 -1.312292E+00
  2.271000E+03 -1.385078E+00
  2.271500E+03 -1.287853E+00
  2.272000E+03 -1.033099E+00
  2.272500E+03 -6.666946E-01
  2.273000E+03 -2.514393E-01
  2.273500E+03  1.803070E-01
  2.274000E+03  6.225607E-01
  2.274500E+03  1.017824E+00
  2.275000E+03  1.232162E+00
  2.275500E+03  1.173434E+00
  2.276000E+03  9.145898E-01
  2.276500E+03  6.317502E-01
  2.277000E+03  4.257842E-01
  2.277500E+03  2.684209E-01
  2.278000E+03  1.108802E-01
  2.278500E+03 -4.384383E-02
  2.279000E+03 -1.833677E-01
  2.279500E+03 -2.985380E-01
  2.280000E+03 -3.235540E-01
  2.280500E+03 -1.736082E-01
  2.281000E+03  9.245656E-02
  2.281500E+03  2.478449E-01
  2.282000E+03  1.377208E-01
  2.282500E+03 -1.180637E-01
  2.283000E+03 -2.635173E-01
  2.283500E+03 -2.110821E-01
  2.284000E+03 -1.185844E-01
  2.284500E+03 -1.907594E-01
  2.285000E+03 -4.818695E-01
  2.285500E+03 -8.599193E-01
  2.286000E+03 -1.084940E+00
  2.286500E+03 -9.650476E-01
  2.287000E+03 -5.377969E-01
  2.287500E+03 -7.678390E-02
  2.288000E+03  1.719478E-01
  2.288500E+03  2.332869E-01
  2.289000E+03  2.984636E-01
  2.289500E+03  4.401343E-01
  2.290000E+03  5.744390E-01
  2.290500E+03  6.690307E-01
  2.291000E+03  8.015059E-01
  2.291500E+03  9.780708E-01
  2.292000E+03  1.056890E+00
  2.292500E+03  9.153020E-01
  2.293000E+03  5.705097E-01
  2.293500E+03  9.780578E-02
  2.294000E+03 -4.206854E-01
  2.294500E+03 -8.130267E-01
  2.295000E+03 -8.653065E-01
  2.295500E+03 -5.753468E-01
  2.296000E+03 -2.241617E-01
  2.296500E+03 -6.551348E-02
  2.297000E+03 -5.778966E-02
  2.297500E+03 -2.857059E-02
  2.298000E+03  2.471518E-02
  2.298500E+03 -2.923296E-02
  2.299000E+03 -2.130910E-01
  2.299500E+03 -4.226311E-01
  2.300000E+03 -5.952705E-01
  2.300500E+03 -7.158310E-01
  2.301000E+03 -6.978321E-01
  2.301500E+03 -4.576480E-01
  2.302000E+03 -1.019512E-01
  2.302500E+03  1.491555E-01
  2.303000E+03  2.472478E-01
  2.303500E+03  3.498179E-01
  2.304000E+03  5.459771E-01
  2.304500E+03  7.377333E-01
  2.305000E+03  8.497161E-01
  2.305500E+03  9.541055E-01
  2.306000E+03  1.063982E+00
  2.306500E+03  9.705880E-01
  2.307000E+03  4.744738E-01
  2.307500E+03 -2.868980E-01
  2.308000E+03 -9.064050E-01
  2.308500E+03 -1.103480E+00
  2.309000E+03 -9.519575E-01
  2.309500E+03 -7.110944E-01
  2.310000E+03 -5.246766E-01
  2.310500E+03 -3.403132E-01
  2.311000E+03 -9.104579E-02
  2.311500E+03  1.304096E-01
  2.312000E+03  1.662918E-01
  2.312500E+03  5.629459E-02
  2.313000E+03  6.262466E-02
  2.313500E+03  3.250980E-01
  2.314000E+03  6.108272E-01
  2.314500E+03  5.966976E-01
  2.315000E+03  3.307756E-01
  2.315500E+03  1.626516E-01
  2.316000E+03  2.142875E-01
  2.316500E+03  2.105475E-01
  2.317000E+03 -6.399546E-02
  2.317500E+03 -4.194792E-01
  2.318000E+03 -5.605765E-01
  2.318500E+03 -5.033722E-01
  2.319000E+03 -4.487440E-01
  2.319500E+03 -4.106236E-01
  2.320000E+03 -2.578414E-01
  2.320500E+03 -3.619718E-02
  2.321000E+03  4.173995E-02
  2.321500E+03 -8.159290E-02
  2.322000E+03 -2.329559E-01
  2.322500E+03 -2.553329E-01
  2.323000E+03 -1.237637E-01
  2.323500E+03  1.682644E-01
  2.324000E+03  5.996223E-01
  2.324500E+03  9.766140E-01
  2.325000E+03  1.034688E+00
  2.325500E+03  7.537240E-01
  2.326000E+03  3.828842E-01
  2.326500E+03  1.055677E-01
  2.327000E+03 -1.178369E-01
  2.327500E+03 -3.263192E-01
  2.328000E+03 -4.188751E-01
  2.328500E+03 -3.491605E-01
  2.329000E+03 -2.488040E-01
  2.329500E+03 -2.235605E-01
  2.330000E+03 -2.064864E-01
  2.330500E+03 -1.369762E-01
  2.331000E+03 -9.436467E-02
  2.331500E+03 -1.141682E-01
  2.332000E+03 -7.772172E-02
  2.332500E+03  3.755825E-02
  2.333000E+03  8.057296E-03
  2.333500E+03 -3.012995E-01
  2.334000E+03 -6.341431E-01
  2.334500E+03 -6.556480E-01
  2.335000E+03 -4.298703E-01
  2.335500E+03 -2.705380E-01
  2.336000E+03 -2.110752E-01
  2.336500E+03  1.706065E-02
  2.337000E+03  4.872901E-01
  2.337500E+03  9.192079E-01
  2.338000E+03  1.090703E+00
  2.338500E+03  1.091474E+00
  2.339000E+03  1.048128E+00
  2.339500E+03  8.830817E-01
  2.340000E+03  5.102021E-01
  2.340500E+03  3.645546E-02
  2.341000E+03 -4.034399E-01
  2.341500E+03 -8.104830E-01
  2.342000E+03 -1.149627E+00
  2.342500E+03 -1.223419E+00
  2.343000E+03 -9.347160E-01
  2.343500E+03 -5.074903E-01
  2.344000E+03 -2.103090E-01
  2.344500E+03 -2.732199E-04
  2.345000E+03  2.984036E-01
  2.345500E+03  5.785377E-01
  2.346000E+03  5.325959E-01
  2.346500E+03  1.342792E-01
  2.347000E+03 -2.611581E-01
  2.347500E+03 -3.492551E-01
  2.348000E+03 -1.599115E-01
  2.348500E+03  1.487682E-01
  2.349000E+03  5.102769E-01
  2.349500E+03  8.263919E-01
  2.350000E+03  8.604696E-01
  2.350500E+03  4.821359E-01
  2.351000E+03 -8.951618E-02
  2.351500E+03 -4.832954E-01
  2.352000E+03 -5.671089E-01
  2.352500E+03 -4.945799E-01
  2.353000E+03 -4.209200E-01
  2.353500E+03 -3.492593E-01
  2.354000E+03 -2.527464E-01
  2.354500E+03 -1.734067E-01
  2.355000E+03 -1.338303E-01
  2.355500E+03 -6.356232E-02
  2.356000E+03  1.048624E-01
  2.356500E+03  3.248935E-01
  2.357000E+03  4.854947E-01
  2.357500E+03  5.350278E-01
  2.358000E+03  4.996784E-01
  2.358500E+03  4.022215E-01
  2.359000E+03  2.267770E-01
  2.359500E+03 -2.007289E-02
  2.360000E+03 -2.550431E-01
  2.360500E+03 -3.706294E-01
  2.361000E+03 -3.521026E-01
  2.361500E+03 -3.129096E-01
  2.362000E+03 -3.722187E-01
  2.362500E+03 -4.939654E-01
  2.363000E+03 -4.979064E-01
  2.363500E+03 -2.714703E-01
  2.364000E+03  6.473643E-02
  2.364500E+03  2.724534E-01
  2.365000E+03  2.743000E-01
  2.365500E+03  2.355004E-01
  2.366000E+03  3.297171E-01
  2.366500E+03  5.034337E-01
  2.367000E+03  5.663274E-01
  2.367500E+03  4.742977E-01
  2.368000E+03  3.863130E-01
  2.368500E+03  4.039103E-01
  2.369000E+03  3.841249E-01
  2.369500E+03  1.260495E-01
  2.370000E+03 -3.253268E-01
  2.370500E+03 -7.042528E-01
  2.371000E+03 -8.440740E-01
  2.371500E+03 -8.314230E-01
  2.372000E+03 -8.100373E-01
  2.372500E+03 -7.768176E-01
  2.373000E+03 -6.633688E-01
  2.373500E+03 -4.974556E-01
  2.374000E+03 -3.383216E-01
  2.374500E+03 -1.200797E-01
  2.375000E+03  2.700797E-01
  2.375500E+03  7.620751E-01
  2.376000E+03  1.111696E+00
  2.376500E+03  1.182368E+00
  2.377000E+03  1.085053E+00
  2.377500E+03  9.735693E-01
  2.378000E+03  8.293853E-01
  2.378500E+03  5.601859E-01
  2.379000E+03  2.166622E-01
  2.379500E+03 -4.421367E-02
  2.380000E+03 -1.942329E-01
  2.380500E+03 -3.900954E-01
  2.381000E+03 -7.483636E-01
  2.381500E+03 -1.152248E+00
  2.382000E+03 -1.347206E+00
  2.382500E+03 -1.193490E+00
  2.383000E+03 -7.818195E-01
  2.383500E+03 -3.271029E-01
  2.384000E+03  6.768241E-03
  2.384500E+03  1.910018E-01
  2.385000E+03  3.004429E-01
  2.385500E+03  4.265665E-01
  2.386000E+03  5.896946E-01
  2.386500E+03  6.965225E-01
  2.387000E+03  6.012499E-01
  2.387500E+03  2.682595E-01
  2.388000E+03 -1.175193E-01
  2.388500E+03 -2.779816E-01
  2.389000E+03 -1.325169E-01
  2.389500E+03  9.816452E-02
  2.390000E+03  1.527758E-01
  2.390500E+03  3.735996E-02
  2.391000E+03 -3.730204E-02
  2.391500E+03  1.744038E-02
  2.392000E+03  7.202303E-02
  2.392500E+03  3.756897E-02
  2.393000E+03  4.117326E-02
  2.393500E+03  2.244076E-01
  2.394000E+03  4.837415E-01
  2.394500E+03  5.591697E-01
  2.395000E+03  3.357102E-01
  2.395500E+03 -5.489457E-02
  2.396000E+03 -3.948170E-01
  2.396500E+03 -5.464275E-01
  2.397000E+03 -5.079783E-01
  2.397500E+03 -4.144824E-01
  2.398000E+03 -4.461434E-01
  2.398500E+03 -6.245471E-01
  2.399000E+03 -7.332685E-01
  2.399500E+03 -5.541886E-01
  2.400000E+03 -1.441266E-01
  2.400500E+03  2.478698E-01
  2.401000E+03  4.858114E-01
  2.401500E+03  6.038312E-01
  2.402000E+03  6.041593E-01
  2.402500E+03  4.312241E-01
  2.403000E+03  1.795443E-01
  2.403500E+03  8.719268E-02
  2.404000E+03  2.130070E-01
  2.404500E+03  3.194404E-01
  2.405000E+03  2.156178E-01
  2.405500E+03  4.215938E-02
  2.406000E+03  4.514812E-02
  2.406500E+03  2.120397E-01
  2.407000E+03  3.277119E-01
  2.407500E+03  2.843078E-01
  2.408000E+03  1.279491E-01
  2.408500E+03 -1.228494E-01
  2.409000E+03 -4.760203E-01
  2.409500E+03 -8.108239E-01
  2.410000E+03 -9.434212E-01
  2.410500E+03 -8.636103E-01
  2.411000E+03 -7.238620E-01
  2.411500E+03 -5.814934E-01
  2.412000E+03 -3.392617E-01
  2.412500E+03  3.332890E-02
  2.413000E+03  4.168110E-01
  2.413500E+03  7.311072E-01
  2.414000E+03  1.011412E+00
  2.414500E+03  1.215517E+00
  2.415000E+03  1.154672E+00
  2.415500E+03  7.506187E-01
  2.416000E+03  2.083374E-01
  2.416500E+03 -2.100112E-01
  2.417000E+03 -4.579589E-01
  2.417500E+03 -6.149486E-01
  2.418000E+03 -6.606149E-01
  2.418500E+03 -5.285147E-01
  2.419000E+03 -3.038908E-01
  2.419500E+03 -1.705776E-01
  2.420000E+03 -1.831619E-01
  2.420500E+03 -2.453241E-01
  2.421000E+03 -2.840086E-01
  2.421500E+03 -2.874405E-01
  2.422000E+03 -1.965646E-01
  2.422500E+03  5.847671E-02
  2.423000E+03  3.942926E-01
  2.423500E+03  6.115470E-01
  2.424000E+03  6.373318E-01
  2.424500E+03  5.842487E-01
  2.425000E+03  5.228285E-01
  2.425500E+03  3.519543E-01
  2.426000E+03 -1.597053E-02
  2.426500E+03 -4.678565E-01
  2.427000E+03 -7.959637E-01
  2.427500E+03 -9.029660E-01
  2.428000E+03 -8.068850E-01
  2.428500E+03 -5.333356E-01
  2.429000E+03 -1.275748E-01
  2.429500E+03  2.810855E-01
  2.430000E+03  5.582456E-01
  2.430500E+03  6.984019E-01
  2.431000E+03  7.818499E-01
  2.431500E+03  8.111832E-01
  2.432000E+03  6.984196E-01
  2.432500E+03  4.264299E-01
  2.433000E+03  1.152526E-01
  2.433500E+03 -1.239975E-01
  2.434000E+03 -3.218716E-01
  2.434500E+03 -5.603203E-01
  2.435000E+03 -7.908494E-01
  2.435500E+03 -8.385037E-01
  2.436000E+03 -6.120183E-01
  2.436500E+03 -2.463852E-01
  2.437000E+03  2.318651E-02
  2.437500E+03  1.057389E-01
  2.438000E+03  1.024355E-01
  2.438500E+03  1.071468E-01
  2.439000E+03  5.990324E-02
  2.439500E+03 -1.218560E-01
  2.440000E+03 -3.362523E-01
  2.440500E+03 -3.582027E-01
  2.441000E+03 -1.173597E-01
  2.441500E+03  2.025070E-01
  2.442000E+03  3.840288E-01
  2.442500E+03  3.975433E-01
  2.443000E+03  3.507081E-01
  2.443500E+03  3.233225E-01
  2.444000E+03  3.415364E-01
  2.444500E+03  4.286381E-01
  2.445000E+03  5.602688E-01
  2.445500E+03  6.169323E-01
  2.446000E+03  5.020877E-01
  2.446500E+03  2.808085E-01
  2.447000E+03  8.135032E-02
  2.447500E+03 -1.178343E-01
  2.448000E+03 -4.495442E-01
  2.448500E+03 -8.807590E-01
  2.449000E+03 -1.133694E+00
  2.449500E+03 -9.833859E-01
  2.450000E+03 -5.375754E-01
  2.450500E+03 -1.131778E-01
  2.451000E+03  1.044793E-01
  2.451500E+03  1.695957E-01
  2.452000E+03  1.857331E-01
  2.452500E+03  1.510364E-01
  2.453000E+03  3.350198E-02
  2.453500E+03 -1.049280E-01
  2.454000E+03 -1.574115E-01
  2.454500E+03 -1.209878E-01
  2.455000E+03 -1.069029E-01
  2.455500E+03 -1.729099E-01
  2.456000E+03 -2.126289E-01
  2.456500E+03 -8.549586E-02
  2.457000E+03  1.725790E-01
  2.457500E+03  3.725592E-01
  2.458000E+03  4.300720E-01
  2.458500E+03  4.868551E-01
  2.459000E+03  6.869398E-01
  2.459500E+03  9.184642E-01
  2.460000E+03  9.187800E-01
  2.460500E+03  6.125033E-01
  2.461000E+03  2.063046E-01
  2.461500E+03 -6.406309E-02
  2.462000E+03 -1.533353E-01
  2.462500E+03 -1.530896E-01
  2.463000E+03 -1.625818E-01
  2.463500E+03 -2.687679E-01
  2.464000E+03 -5.120434E-01
  2.464500E+03 -7.786253E-01
  2.465000E+03 -8.527148E-01
  2.465500E+03 -6.928471E-01
  2.466000E+03 -5.451796E-01
  2.466500E+03 -6.414309E-01
  2.467000E+03 -8.786036E-01
  2.467500E+03 -9.602976E-01
  2.468000E+03 -7.729728E-01
  2.468500E+03 -4.252342E-01
  2.469000E+03  2.254872E-02
  2.469500E+03  6.055158E-01
  2.470000E+03  1.207814E+00
  2.470500E+03  1.541284E+00
  2.471000E+03  1.499075E+00
  2.471500E+03  1.322241E+00
  2.472000E+03  1.245081E+00
  2.472500E+03  1.137960E+00
  2.473000E+03  7.140111E-01
  2.473500E+03 -7.389002E-03
  2.474000E+03 -6.741877E-01
  2.474500E+03 -1.016717E+00
  2.475000E+03 -1.081567E+00
  2.475500E+03 -1.027911E+00
  2.476000E+03 -8.895065E-01
  2.476500E+03 -6.336976E-01
  2.477000E+03 -3.167090E-01
  2.477500E+03 -4.904039E-02
  2.478000E+03  1.342795E-01
  2.478500E+03  2.638802E-01
  2.479000E+03  3.257376E-01
  2.479500E+03  2.567124E-01
  2.480000E+03  6.018004E-02
  2.480500E+03 -1.420174E-01
  2.481000E+03 -2.093786E-01
  2.481500E+03 -1.124943E-01
  2.482000E+03  5.620084E-02
  2.482500E+03  1.841727E-01
  2.483000E+03  2.254504E-01
  2.483500E+03  1.923048E-01
  2.484000E+03  1.064386E-01
  2.484500E+03 -2.530368E-03
  2.485000E+03 -7.491053E-02
  2.485500E+03 -6.347721E-02
  2.486000E+03 -1.040327E-02
  2.486500E+03 -1.974058E-02
  2.487000E+03 -1.228776E-01
  2.487500E+03 -2.294253E-01
  2.488000E+03 -2.512545E-01
  2.488500E+03 -2.102193E-01
  2.489000E+03 -1.646765E-01
  2.489500E+03 -1.007686E-01
  2.490000E+03  1.313209E-02
  2.490500E+03  1.270610E-01
  2.491000E+03  1.878894E-01
  2.491500E+03  2.763887E-01
  2.492000E+03  5.107640E-01
  2.492500E+03  8.092406E-01
  2.493000E+03  9.148734E-01
  2.493500E+03  7.141960E-01
  2.494000E+03  3.870474E-01
  2.494500E+03  1.574146E-01
  2.495000E+03  2.833377E-02
  2.495500E+03 -1.263156E-01
  2.496000E+03 -3.305373E-01
  2.496500E+03 -5.212724E-01
  2.497000E+03 -7.123599E-01
  2.497500E+03 -9.621981E-01
  2.498000E+03 -1.197495E+00
  2.498500E+03 -1.238548E+00
  2.499000E+03 -1.028607E+00
  2.499500E+03 -7.065076E-01
  2.500000E+03 -4.133205E-01
  2.500500E+03 -1.419379E-01
  2.501000E+03  1.716586E-01
  2.501500E+03  5.090949E-01
  2.502000E+03  7.893313E-01
  2.502500E+03  9.611354E-01
  2.503000E+03  1.022894E+00
  2.503500E+03  1.006014E+00
  2.504000E+03  9.768856E-01
  2.504500E+03  9.900799E-01
  2.505000E+03  9.937827E-01
  2.505500E+03  8.456409E-01
  2.506000E+03  4.778886E-01
  2.506500E+03 -4.858355E-03
  2.507000E+03 -4.404920E-01
  2.507500E+03 -7.638070E-01
  2.508000E+03 -9.902387E-01
  2.508500E+03 -1.109427E+00
  2.509000E+03 -1.082419E+00
  2.509500E+03 -9.205913E-01
  2.510000E+03 -6.953420E-01
  2.510500E+03 -4.728883E-01
  2.511000E+03 -2.722055E-01
  2.511500E+03 -5.808031E-02
  2.512000E+03  2.428732E-01
  2.512500E+03  6.402544E-01
  2.513000E+03  9.420862E-01
  2.513500E+03  8.369865E-01
  2.514000E+03  2.580370E-01
  2.514500E+03 -4.013374E-01
  2.515000E+03 -6.215830E-01
  2.515500E+03 -3.184350E-01
  2.516000E+03  9.253987E-02
  2.516500E+03  2.232389E-01
  2.517000E+03  1.246516E-01
  2.517500E+03  8.305966E-02
  2.518000E+03  1.801834E-01
  2.518500E+03  2.365243E-01
  2.519000E+03  1.155204E-01
  2.519500E+03 -9.818050E-02
  2.520000E+03 -2.263876E-01
  2.520500E+03 -1.754483E-01
  2.521000E+03  2.616743E-02
  2.521500E+03  2.658155E-01
  2.522000E+03  4.060304E-01
  2.522500E+03  3.935041E-01
  2.523000E+03  3.243849E-01
  2.523500E+03  3.238158E-01
  2.524000E+03  3.604327E-01
  2.524500E+03  2.818440E-01
  2.525000E+03  4.912271E-02
  2.525500E+03 -1.895720E-01
  2.526000E+03 -3.183653E-01
  2.526500E+03 -4.244885E-01
  2.527000E+03 -6.390237E-01
  2.527500E+03 -8.926428E-01
  2.528000E+03 -9.779904E-01
  2.528500E+03 -8.315888E-01
  2.529000E+03 -6.050358E-01
  2.529500E+03 -4.240275E-01
  2.530000E+03 -2.082584E-01
  2.530500E+03  1.781002E-01
  2.531000E+03  6.702990E-01
  2.531500E+03  1.011542E+00
  2.532000E+03  1.021230E+00
  2.532500E+03  7.813567E-01
  2.533000E+03  5.277899E-01
  2.533500E+03  4.008796E-01
  2.534000E+03  3.475016E-01
  2.534500E+03  2.537868E-01
  2.535000E+03  1.126784E-01
  2.535500E+03  1.509155E-02
  2.536000E+03 -4.736945E-04
  2.536500E+03 -1.803847E-02
  2.537000E+03 -1.371708E-01
  2.537500E+03 -3.518860E-01
  2.538000E+03 -5.836517E-01
  2.538500E+03 -7.805702E-01
  2.539000E+03 -9.012937E-01
  2.539500E+03 -8.397782E-01
  2.540000E+03 -4.994073E-01
  2.540500E+03  2.475893E-02
  2.541000E+03  4.558712E-01
  2.541500E+03  6.055857E-01
  2.542000E+03  5.525843E-01
  2.542500E+03  4.712698E-01
  2.543000E+03  3.762966E-01
  2.543500E+03  1.733833E-01
  2.544000E+03 -9.317452E-02
  2.544500E+03 -2.273890E-01
  2.545000E+03 -1.446119E-01
  2.545500E+03  9.093774E-03
  2.546000E+03  7.243203E-02
  2.546500E+03  7.442089E-02
  2.547000E+03  1.233045E-01
  2.547500E+03  1.956139E-01
  2.548000E+03  1.751296E-01
  2.548500E+03  5.062146E-02
  2.549000E+03 -6.816122E-02
  2.549500E+03 -1.279558E-01
  2.550000E+03 -1.997233E-01
  2.550500E+03 -3.384853E-01
  2.551000E+03 -4.694972E-01
  2.551500E+03 -4.597975E-01
  2.552000E+03 -2.515626E-01
  2.552500E+03  9.044551E-02
  2.553000E+03  4.055766E-01
  2.553500E+03  5.112038E-01
  2.554000E+03  3.425372E-01
  2.554500E+03  5.500546E-02
  2.555000E+03 -9.457960E-02
  2.555500E+03 -2.292764E-02
  2.556000E+03  8.777678E-02
  2.556500E+03  2.567485E-02
  2.557000E+03 -1.886223E-01
  2.557500E+03 -3.436171E-01
  2.558000E+03 -2.845889E-01
  2.558500E+03 -3.978087E-02
  2.559000E+03  2.564345E-01
  2.559500E+03  4.704806E-01
  2.560000E+03  5.169004E-01
  2.560500E+03  3.966218E-01
  2.561000E+03  2.083520E-01
  2.561500E+03  6.409959E-02
  2.562000E+03 -1.342991E-02
  2.562500E+03 -6.690039E-02
  2.563000E+03 -1.064631E-01
  2.563500E+03 -1.162624E-01
  2.564000E+03 -1.433450E-01
  2.564500E+03 -2.733646E-01
  2.565000E+03 -4.952503E-01
  2.565500E+03 -6.870744E-01
  2.566000E+03 -7.702694E-01
  2.566500E+03 -7.743369E-01
  2.567000E+03 -6.949442E-01
  2.567500E+03 -4.120463E-01
  2.568000E+03  1.257995E-01
  2.568500E+03  7.097623E-01
  2.569000E+03  1.020062E+00
  2.569500E+03  9.662944E-01
  2.570000E+03  7.549452E-01
  2.570500E+03  6.063810E-01
  2.571000E+03  5.344662E-01
  2.571500E+03  4.506212E-01
  2.572000E+03  3.468492E-01
  2.572500E+03  2.590235E-01
  2.573000E+03  1.350950E-01
  2.573500E+03 -1.057002E-01
  2.574000E+03 -3.941673E-01
  2.574500E+03 -5.384788E-01
  2.575000E+03 -4.785934E-01
  2.575500E+03 -3.972303E-01
  2.576000E+03 -4.867140E-01
  2.576500E+03 -6.806215E-01
  2.577000E+03 -7.332568E-01
  2.577500E+03 -5.368179E-01
  2.578000E+03 -2.358729E-01
  2.578500E+03 -1.416767E-02
  2.579000E+03  1.052010E-01
  2.579500E+03  1.846533E-01
  2.580000E+03  2.126066E-01
  2.580500E+03  1.439222E-01
  2.581000E+03  4.717698E-02
  2.581500E+03  7.034362E-02
  2.582000E+03  2.462507E-01
  2.582500E+03  4.435268E-01
  2.583000E+03  5.468110E-01
  2.583500E+03  5.897506E-01
  2.584000E+03  6.504098E-01
  2.584500E+03  6.897581E-01
  2.585000E+03  5.757773E-01
  2.585500E+03  2.425933E-01
  2.586000E+03 -2.258381E-01
  2.586500E+03 -6.509189E-01
  2.587000E+03 -8.713877E-01
  2.587500E+03 -8.431056E-01
  2.588000E+03 -6.683378E-01
  2.588500E+03 -4.935393E-01
  2.589000E+03 -3.531036E-01
  2.589500E+03 -1.647505E-01
  2.590000E+03  1.002410E-01
  2.590500E+03  3.336087E-01
  2.591000E+03  4.366849E-01
  2.591500E+03  4.509962E-01
  2.592000E+03  4.416372E-01
  2.592500E+03  3.451879E-01
  2.593000E+03  8.455623E-02
  2.593500E+03 -2.264656E-01
  2.594000E+03 -3.792315E-01
  2.594500E+03 -3.593163E-01
  2.595000E+03 -3.471542E-01
  2.595500E+03 -4.034625E-01
  2.596000E+03 -3.562810E-01
  2.596500E+03 -8.054862E-02
  2.597000E+03  2.967307E-01
  2.597500E+03  5.837353E-01
  2.598000E+03  7.405097E-01
  2.598500E+03  7.656943E-01
  2.599000E+03  5.537224E-01
  2.599500E+03  9.545292E-02
  2.600000E+03 -3.055238E-01
  2.600500E+03 -3.078344E-01
  2.601000E+03 -3.144273E-03
  2.601500E+03  1.616016E-01
  2.602000E+03 -2.547969E-02
  2.602500E+03 -2.888003E-01
  2.603000E+03 -3.076278E-01
  2.603500E+03 -1.711170E-01
  2.604000E+03 -2.015385E-01
  2.604500E+03 -4.757113E-01
  2.605000E+03 -7.387873E-01
  2.605500E+03 -7.366142E-01
  2.606000E+03 -4.556600E-01
  2.606500E+03 -5.292763E-02
  2.607000E+03  3.007354E-01
  2.607500E+03  5.002216E-01
  2.608000E+03  5.502697E-01
  2.608500E+03  5.522614E-01
  2.609000E+03  5.723758E-01
  2.609500E+03  5.405319E-01
  2.610000E+03  3.714400E-01
  2.610500E+03  1.513108E-01
  2.611000E+03  6.246434E-02
  2.611500E+03  1.132544E-01
  2.612000E+03  9.974639E-02
  2.612500E+03 -9.764878E-02
  2.613000E+03 -3.170520E-01
  2.613500E+03 -3.293806E-01
  2.614000E+03 -1.588502E-01
  2.614500E+03 -4.947867E-02
  2.615000E+03 -1.428607E-01
  2.615500E+03 -3.213050E-01
  2.616000E+03 -3.880015E-01
  2.616500E+03 -2.958190E-01
  2.617000E+03 -1.469445E-01
  2.617500E+03 -3.718674E-02
  2.618000E+03  2.816347E-02
  2.618500E+03  8.374729E-02
  2.619000E+03  1.265168E-01
  2.619500E+03  1.097411E-01
  2.620000E+03  8.380576E-03
  2.620500E+03 -1.195700E-01
  2.621000E+03 -1.613635E-01
  2.621500E+03 -6.608144E-02
  2.622000E+03  8.046827E-02
  2.622500E+03  1.406327E-01
  2.623000E+03  8.640084E-02
  2.623500E+03  2.525896E-02
  2.624000E+03  4.939552E-02
  2.624500E+03  1.230265E-01
  2.625000E+03  1.687246E-01
  2.625500E+03  2.071518E-01
  2.626000E+03  3.189891E-01
  2.626500E+03  4.833715E-01
  2.627000E+03  5.567140E-01
  2.627500E+03  4.443582E-01
  2.628000E+03  2.157907E-01
  2.628500E+03  5.644648E-03
  2.629000E+03 -1.307503E-01
  2.629500E+03 -2.109031E-01
  2.630000E+03 -2.528016E-01
  2.630500E+03 -2.984809E-01
  2.631000E+03 -4.470767E-01
  2.631500E+03 -7.343605E-01
  2.632000E+03 -9.935886E-01
  2.632500E+03 -9.751591E-01
  2.633000E+03 -6.402090E-01
  2.633500E+03 -2.199832E-01
  2.634000E+03  6.391737E-02
  2.634500E+03  2.198272E-01
  2.635000E+03  3.559142E-01
  2.635500E+03  4.610310E-01
  2.636000E+03  4.528429E-01
  2.636500E+03  3.612058E-01
  2.637000E+03  2.987648E-01
  2.637500E+03  2.820882E-01
  2.638000E+03  2.492078E-01
  2.638500E+03  2.494332E-01
  2.639000E+03  4.207645E-01
  2.639500E+03  7.152427E-01
  2.640000E+03  8.335034E-01
  2.640500E+03  5.742126E-01
  2.641000E+03  1.244094E-01
  2.641500E+03 -1.675898E-01
  2.642000E+03 -2.332523E-01
  2.642500E+03 -3.036898E-01
  2.643000E+03 -5.077841E-01
  2.643500E+03 -6.738098E-01
  2.644000E+03 -6.219227E-01
  2.644500E+03 -4.756428E-01
  2.645000E+03 -5.019027E-01
  2.645500E+03 -7.111567E-01
  2.646000E+03 -8.088880E-01
  2.646500E+03 -5.738133E-01
  2.647000E+03 -1.333323E-01
  2.647500E+03  2.218586E-01
  2.648000E+03  3.898985E-01
  2.648500E+03  4.959977E-01
  2.649000E+03  6.283339E-01
  2.649500E+03  6.974286E-01
  2.650000E+03  6.058427E-01
  2.650500E+03  4.325874E-01
  2.651000E+03  3.375389E-01
  2.651500E+03  3.364246E-01
  2.652000E+03  2.906711E-01
  2.652500E+03  1.210158E-01
  2.653000E+03 -8.050917E-02
  2.653500E+03 -2.007726E-01
  2.654000E+03 -2.843388E-01
  2.654500E+03 -4.691300E-01
  2.655000E+03 -7.589901E-01
  2.655500E+03 -9.471360E-01
  2.656000E+03 -8.163988E-01
  2.656500E+03 -3.911281E-01
  2.657000E+03  6.522889E-02
  2.657500E+03  3.248849E-01
  2.658000E+03  4.267728E-01
  2.658500E+03  5.764335E-01
  2.659000E+03  8.357498E-01
  2.659500E+03  1.014738E+00
  2.660000E+03  9.195170E-01
  2.660500E+03  6.124039E-01
  2.661000E+03  3.220771E-01
  2.661500E+03  1.537019E-01
  2.662000E+03  1.713950E-02
  2.662500E+03 -1.825869E-01
  2.663000E+03 -4.313800E-01
  2.663500E+03 -6.951900E-01
  2.664000E+03 -9.703608E-01
  2.664500E+03 -1.194083E+00
  2.665000E+03 -1.246526E+00
  2.665500E+03 -1.116618E+00
  2.666000E+03 -9.332690E-01
  2.666500E+03 -7.480554E-01
  2.667000E+03 -4.377370E-01
  2.667500E+03  5.265421E-02
  2.668000E+03  5.277835E-01
  2.668500E+03  7.929342E-01
  2.669000E+03  9.622935E-01
  2.669500E+03  1.271861E+00
  2.670000E+03  1.647837E+00
  2.670500E+03  1.738487E+00
  2.671000E+03  1.397051E+00
  2.671500E+03  8.748275E-01
  2.672000E+03  4.577662E-01
  2.672500E+03  1.416539E-01
  2.673000E+03 -2.158594E-01
  2.673500E+03 -6.208348E-01
  2.674000E+03 -9.691633E-01
  2.674500E+03 -1.194368E+00
  2.675000E+03 -1.248819E+00
  2.675500E+03 -1.079031E+00
  2.676000E+03 -7.656810E-01
  2.676500E+03 -5.452623E-01
  2.677000E+03 -5.161794E-01
  2.677500E+03 -4.492548E-01
  2.678000E+03 -9.686451E-02
  2.678500E+03  4.068683E-01
  2.679000E+03  6.878591E-01
  2.679500E+03  6.195799E-01
  2.680000E+03  4.245361E-01
  2.680500E+03  3.000754E-01
  2.681000E+03  1.972531E-01
  2.681500E+03  2.377642E-02
  2.682000E+03 -1.650711E-01
  2.682500E+03 -2.819998E-01
  2.683000E+03 -3.355759E-01
  2.683500E+03 -3.341179E-01
  2.684000E+03 -2.127859E-01
  2.684500E+03  3.357527E-02
  2.685000E+03  2.819373E-01
  2.685500E+03  4.584739E-01
  2.686000E+03  6.449646E-01
  2.686500E+03  8.681104E-01
  2.687000E+03  9.199535E-01
  2.687500E+03  5.954523E-01
  2.688000E+03  4.999432E-02
  2.688500E+03 -2.930777E-01
  2.689000E+03 -2.137326E-01
  2.689500E+03  8.224416E-02
  2.690000E+03  2.423843E-01
  2.690500E+03  1.245656E-01
  2.691000E+03 -1.800060E-01
  2.691500E+03 -5.363699E-01
  2.692000E+03 -8.474202E-01
  2.692500E+03 -1.007119E+00
  2.693000E+03 -9.219983E-01
  2.693500E+03 -6.298750E-01
  2.694000E+03 -3.276217E-01
  2.694500E+03 -2.042150E-01
  2.695000E+03 -2.420192E-01
  2.695500E+03 -2.311167E-01
  2.696000E+03 -6.849719E-03
  2.696500E+03  3.558454E-01
  2.697000E+03  6.158910E-01
  2.697500E+03  6.088932E-01
  2.698000E+03  3.823010E-01
  2.698500E+03  1.247732E-01
  2.699000E+03  2.140197E-02
  2.699500E+03  1.463928E-01
  2.700000E+03  4.077896E-01
  2.700500E+03  6.025552E-01
  2.701000E+03  6.159146E-01
  2.701500E+03  5.581307E-01
  2.702000E+03  5.901344E-01
  2.702500E+03  6.244613E-01
  2.703000E+03  3.837251E-01
  2.703500E+03 -1.755187E-01
  2.704000E+03 -6.938509E-01
  2.704500E+03 -8.232260E-01
  2.705000E+03 -6.630193E-01
  2.705500E+03 -5.707434E-01
  2.706000E+03 -6.299476E-01
  2.706500E+03 -5.703120E-01
  2.707000E+03 -2.300753E-01
  2.707500E+03  1.552949E-01
  2.708000E+03  2.476950E-01
  2.708500E+03  3.160253E-02
  2.709000E+03 -2.029300E-01
  2.709500E+03 -2.322666E-01
  2.710000E+03 -1.233073E-01
  2.710500E+03 -8.419907E-02
  2.711000E+03 -1.743144E-01
  2.711500E+03 -2.221138E-01
  2.712000E+03 -4.793927E-02
  2.712500E+03  2.730281E-01
  2.713000E+03  4.681095E-01
  2.713500E+03  4.157317E-01
  2.714000E+03  3.083498E-01
  2.714500E+03  3.623951E-01
  2.715000E+03  4.908369E-01
  2.715500E+03  4.480397E-01
  2.716000E+03  2.216221E-01
  2.716500E+03  4.741765E-02
  2.717000E+03  4.811515E-02
  2.717500E+03  9.933832E-02
  2.718000E+03  8.844839E-02
  2.718500E+03  5.793526E-02
  2.719000E+03  1.298650E-02
  2.719500E+03 -1.604911E-01
  2.720000E+03 -4.516483E-01
  2.720500E+03 -6.330692E-01
  2.721000E+03 -5.876959E-01
  2.721500E+03 -5.104232E-01
  2.722000E+03 -5.695814E-01
  2.722500E+03 -5.715429E-01
  2.723000E+03 -2.413997E-01
  2.723500E+03  3.100183E-01
  2.724000E+03  7.115562E-01
  2.724500E+03  8.328924E-01
  2.725000E+03  8.296113E-01
  2.725500E+03  7.299495E-01
  2.726000E+03  3.508291E-01
  2.726500E+03 -2.980839E-01
  2.727000E+03 -8.563617E-01
  2.727500E+03 -1.013539E+00
  2.728000E+03 -8.291418E-01
  2.728500E+03 -5.124384E-01
  2.729000E+03 -1.169435E-01
  2.729500E+03  3.602188E-01
  2.730000E+03  7.685279E-01
  2.730500E+03  9.246564E-01
  2.731000E+03  8.423067E-01
  2.731500E+03  6.533818E-01
  2.732000E+03  3.820537E-01
  2.732500E+03 -1.980304E-02
  2.733000E+03 -4.669857E-01
  2.733500E+03 -7.523903E-01
  2.734000E+03 -7.624490E-01
  2.734500E+03 -5.603081E-01
  2.735000E+03 -2.756994E-01
  2.735500E+03 -2.457846E-02
  2.736000E+03  9.475618E-02
  2.736500E+03  6.101987E-02
  2.737000E+03 -7.115672E-03
  2.737500E+03  4.677358E-02
  2.738000E+03  2.341367E-01
  2.738500E+03  4.130446E-01
  2.739000E+03  4.610848E-01
  2.739500E+03  3.876489E-01
  2.740000E+03  2.788111E-01
  2.740500E+03  1.972770E-01
  2.741000E+03  1.406990E-01
  2.741500E+03  5.431312E-02
  2.742000E+03 -1.092644E-01
  2.742500E+03 -3.181038E-01
  2.743000E+03 -4.800441E-01
  2.743500E+03 -5.526435E-01
  2.744000E+03 -5.737999E-01
  2.744500E+03 -5.583872E-01
  2.745000E+03 -4.585120E-01
  2.745500E+03 -2.783776E-01
  2.746000E+03 -1.164304E-01
  2.746500E+03 -1.026236E-02
  2.747000E+03  1.399769E-01
  2.747500E+03  3.815801E-01
  2.748000E+03  5.741237E-01
  2.748500E+03  5.980331E-01
  2.749000E+03  5.644926E-01
  2.749500E+03  6.062635E-01
  2.750000E+03  5.772250E-01
  2.750500E+03  2.496524E-01
  2.751000E+03 -2.328883E-01
  2.751500E+03 -4.304821E-01
  2.752000E+03 -1.972907E-01
  2.752500E+03  1.014797E-01
  2.753000E+03  8.823752E-02
  2.753500E+03 -1.681699E-01
  2.754000E+03 -3.513817E-01
  2.754500E+03 -3.266018E-01
  2.755000E+03 -1.726015E-01
  2.755500E+03  2.752922E-02
  2.756000E+03  1.987109E-01
  2.756500E+03  2.080872E-01
  2.757000E+03  1.742425E-02
  2.757500E+03 -1.832496E-01
  2.758000E+03 -2.050055E-01
  2.758500E+03 -1.506442E-01
  2.759000E+03 -2.609853E-01
  2.759500E+03 -5.244348E-01
  2.760000E+03 -6.705472E-01
  2.760500E+03 -5.433371E-01
  2.761000E+03 -2.622901E-01
  2.761500E+03  9.145266E-03
  2.762000E+03  2.496986E-01
  2.762500E+03  4.834227E-01
  2.763000E+03  6.749018E-01
  2.763500E+03  7.920588E-01
  2.764000E+03  8.389252E-01
  2.764500E+03  7.804837E-01
  2.765000E+03  5.714105E-01
  2.765500E+03  2.929733E-01
  2.766000E+03  1.007922E-01
  2.766500E+03 -1.485612E-02
  2.767000E+03 -2.387204E-01
  2.767500E+03 -6.122823E-01
  2.768000E+03 -8.823598E-01
  2.768500E+03 -8.051068E-01
  2.769000E+03 -4.637664E-01
  2.769500E+03 -1.333609E-01
  2.770000E+03  5.572470E-02
  2.770500E+03  1.536519E-01
  2.771000E+03  1.888284E-01
  2.771500E+03  1.284107E-01
  2.772000E+03  8.978677E-04
  2.772500E+03 -1.259306E-01
  2.773000E+03 -2.744949E-01
  2.773500E+03 -4.868379E-01
  2.774000E+03 -6.267725E-01
  2.774500E+03 -4.558887E-01
  2.775000E+03  3.216985E-02
  2.775500E+03  5.309742E-01
  2.776000E+03  7.689222E-01
  2.776500E+03  7.832642E-01
  2.777000E+03  7.318611E-01
  2.777500E+03  5.947224E-01
  2.778000E+03  2.671633E-01
  2.778500E+03 -1.360918E-01
  2.779000E+03 -3.207869E-01
  2.779500E+03 -1.911052E-01
  2.780000E+03  1.502219E-02
  2.780500E+03  5.442133E-02
  2.781000E+03 -2.688076E-02
  2.781500E+03 -5.639612E-02
  2.782000E+03 -4.783101E-02
  2.782500E+03 -1.526539E-01
  2.783000E+03 -3.612626E-01
  2.783500E+03 -4.705899E-01
  2.784000E+03 -3.754827E-01
  2.784500E+03 -2.067656E-01
  2.785000E+03 -1.130898E-01
  2.785500E+03 -7.209429E-02
  2.786000E+03 -2.015051E-02
  2.786500E+03 -1.506338E-02
  2.787000E+03 -1.148575E-01
  2.787500E+03 -2.048943E-01
  2.788000E+03 -1.292353E-01
  2.788500E+03  6.529513E-02
  2.789000E+03  2.020732E-01
  2.789500E+03  2.608412E-01
  2.790000E+03  3.895616E-01
  2.790500E+03  6.164284E-01
  2.791000E+03  7.557174E-01
  2.791500E+03  6.707522E-01
  2.792000E+03  4.510655E-01
  2.792500E+03  2.257104E-01
  2.793000E+03 -3.775332E-02
  2.793500E+03 -3.993762E-01
  2.794000E+03 -7.243808E-01
  2.794500E+03 -7.734365E-01
  2.795000E+03 -4.961130E-01
  2.795500E+03 -1.146294E-01
  2.796000E+03  9.047065E-02
  2.796500E+03  2.160467E-02
  2.797000E+03 -1.789105E-01
  2.797500E+03 -2.624463E-01
  2.798000E+03 -1.052057E-01
  2.798500E+03  1.529624E-01
  2.799000E+03  2.500025E-01
  2.799500E+03  9.798264E-02
  2.800000E+03 -1.513757E-01
  2.800500E+03 -3.443270E-01
  2.801000E+03 -4.641696E-01
  2.801500E+03 -4.717943E-01
  2.802000E+03 -2.257525E-01
  2.802500E+03  2.602880E-01
  2.803000E+03  6.544269E-01
  2.803500E+03  6.469267E-01
  2.804000E+03  3.563174E-01
  2.804500E+03  1.544025E-01
  2.805000E+03  1.706874E-01
  2.805500E+03  2.481713E-01
  2.806000E+03  3.308774E-01
  2.806500E+03  5.402270E-01
  2.807000E+03  8.109143E-01
  2.807500E+03  7.996170E-01
  2.808000E+03  3.287563E-01
  2.808500E+03 -3.286026E-01
  2.809000E+03 -7.866423E-01
  2.809500E+03 -9.658889E-01
  2.810000E+03 -1.002505E+00
  2.810500E+03 -9.484137E-01
  2.811000E+03 -7.943127E-01
  2.811500E+03 -6.428242E-01
  2.812000E+03 -6.000955E-01
  2.812500E+03 -5.577632E-01
  2.813000E+03 -3.034820E-01
  2.813500E+03  1.691392E-01
  2.814000E+03  6.253904E-01
  2.814500E+03  8.466735E-01
  2.815000E+03  8.034942E-01
  2.815500E+03  6.246461E-01
  2.816000E+03  5.125813E-01
  2.816500E+03  6.125778E-01
  2.817000E+03  8.308233E-01
  2.817500E+03  8.671692E-01
  2.818000E+03  5.742930E-01
  2.818500E+03  1.791062E-01
  2.819000E+03 -3.192222E-02
  2.819500E+03 -1.280985E-01
  2.820000E+03 -3.917618E-01
  2.820500E+03 -8.472797E-01
  2.821000E+03 -1.224457E+00
  2.821500E+03 -1.361866E+00
  2.822000E+03 -1.331805E+00
  2.822500E+03 -1.138677E+00
  2.823000E+03 -6.357668E-01
  2.823500E+03  1.324027E-01
  2.824000E+03  8.047960E-01
  2.824500E+03  1.108377E+00
  2.825000E+03  1.158842E+00
  2.825500E+03  1.172155E+00
  2.826000E+03  1.098845E+00
  2.826500E+03  7.858913E-01
  2.827000E+03  3.356184E-01
  2.827500E+03  2.518389E-02
  2.828000E+03 -6.349748E-02
  2.828500E+03 -1.027243E-01
  2.829000E+03 -2.448301E-01
  2.829500E+03 -4.848760E-01
  2.830000E+03 -7.676207E-01
  2.830500E+03 -1.041904E+00
  2.831000E+03 -1.206651E+00
  2.831500E+03 -1.158370E+00
  2.832000E+03 -9.041794E-01
  2.832500E+03 -5.198080E-01
  2.833000E+03 -3.173175E-02
  2.833500E+03  5.275231E-01
  2.834000E+03  9.937256E-01
  2.834500E+03  1.173203E+00
  2.835000E+03  1.071806E+00
  2.835500E+03  8.741386E-01
  2.836000E+03  6.926368E-01
  2.836500E+03  4.823353E-01
  2.837000E+03  2.087694E-01
  2.837500E+03 -5.636814E-02
  2.838000E+03 -2.380348E-01
  2.838500E+03 -3.215440E-01
  2.839000E+03 -2.909847E-01
  2.839500E+03 -1.452994E-01
  2.840000E+03 -4.014144E-03
  2.840500E+03 -4.047978E-02
  2.841000E+03 -2.462446E-01
  2.841500E+03 -3.964251E-01
  2.842000E+03 -3.241054E-01
  2.842500E+03 -1.178199E-01
  2.843000E+03  1.737542E-02
  2.843500E+03 -1.804785E-02
  2.844000E+03 -1.968171E-01
  2.844500E+03 -4.364894E-01
  2.845000E+03 -6.003756E-01
  2.845500E+03 -5.397803E-01
  2.846000E+03 -2.478594E-01
  2.846500E+03  1.008785E-01
  2.847000E+03  3.451967E-01
  2.847500E+03  4.820420E-01
  2.848000E+03  5.369518E-01
  2.848500E+03  4.168183E-01
  2.849000E+03  5.105407E-02
  2.849500E+03 -3.797546E-01
  2.850000E+03 -5.256421E-01
  2.850500E+03 -2.076505E-01
  2.851000E+03  3.955355E-01
  2.851500E+03  8.958119E-01
  2.852000E+03  9.917564E-01
  2.852500E+03  6.801732E-01
  2.853000E+03  2.504038E-01
  2.853500E+03  1.878509E-02
  2.854000E+03  3.848126E-03
  2.854500E+03 -6.133105E-02
  2.855000E+03 -3.261904E-01
  2.855500E+03 -5.611685E-01
  2.856000E+03 -4.500730E-01
  2.856500E+03 -4.485480E-02
  2.857000E+03  2.741879E-01
  2.857500E+03  2.513080E-01
  2.858000E+03 -3.681868E-02
  2.858500E+03 -4.035523E-01
  2.859000E+03 -7.363182E-01
  2.859500E+03 -9.135632E-01
  2.860000E+03 -7.970381E-01
  2.860500E+03 -4.503598E-01
  2.861000E+03 -1.711016E-01
  2.861500E+03 -1.278074E-01
  2.862000E+03 -1.094927E-01
  2.862500E+03  1.673545E-01
  2.863000E+03  6.129156E-01
  2.863500E+03  8.590248E-01
  2.864000E+03  7.566393E-01
  2.864500E+03  5.309606E-01
  2.865000E+03  4.029188E-01
  2.865500E+03  2.916945E-01
  2.866000E+03  2.713838E-02
  2.866500E+03 -3.076193E-01
  2.867000E+03 -4.415388E-01
  2.867500E+03 -2.717635E-01
  2.868000E+03  1.989665E-02
  2.868500E+03  2.238439E-01
  2.869000E+03  3.340588E-01
  2.869500E+03  4.543381E-01
  2.870000E+03  5.763273E-01
  2.870500E+03  5.705031E-01
  2.871000E+03  3.785029E-01
  2.871500E+03  1.086448E-01
  2.872000E+03 -9.651413E-02
  2.872500E+03 -2.252095E-01
  2.873000E+03 -3.807181E-01
  2.873500E+03 -6.335679E-01
  2.874000E+03 -9.338750E-01
  2.874500E+03 -1.152542E+00
  2.875000E+03 -1.172003E+00
  2.875500E+03 -9.558759E-01
  2.876000E+03 -5.805619E-01
  2.876500E+03 -2.018516E-01
  2.877000E+03  5.271308E-02
  2.877500E+03  1.818941E-01
  2.878000E+03  2.928843E-01
  2.878500E+03  4.830513E-01
  2.879000E+03  7.422902E-01
  2.879500E+03  9.569790E-01
  2.880000E+03  1.001858E+00
  2.880500E+03  8.552411E-01
  2.881000E+03  6.400172E-01
  2.881500E+03  5.139773E-01
  2.882000E+03  4.936123E-01
  2.882500E+03  4.326128E-01
  2.883000E+03  2.114225E-01
  2.883500E+03 -1.130872E-01
  2.884000E+03 -4.043125E-01
  2.884500E+03 -6.138347E-01
  2.885000E+03 -7.496013E-01
  2.885500E+03 -7.478373E-01
  2.886000E+03 -5.394130E-01
  2.886500E+03 -2.321469E-01
  2.887000E+03 -5.480303E-02
  2.887500E+03 -8.008286E-02
  2.888000E+03 -1.543168E-01
  2.888500E+03 -1.523138E-01
  2.889000E+03 -1.374918E-01
  2.889500E+03 -1.825906E-01
  2.890000E+03 -2.015790E-01
  2.890500E+03 -1.053963E-01
  2.891000E+03  1.009354E-02
  2.891500E+03  1.232860E-02
  2.892000E+03 -2.398925E-02
  2.892500E+03  7.664194E-02
  2.893000E+03  2.807648E-01
  2.893500E+03  3.500775E-01
  2.894000E+03  1.763736E-01
  2.894500E+03 -5.998192E-02
  2.895000E+03 -1.171124E-01
  2.895500E+03  5.247068E-02
  2.896000E+03  3.166801E-01
  2.896500E+03  5.157344E-01
  2.897000E+03  5.503634E-01
  2.897500E+03  4.253500E-01
  2.898000E+03  2.623845E-01
  2.898500E+03  1.872904E-01
  2.899000E+03  1.655101E-01
  2.899500E+03  3.621877E-02
  2.900000E+03 -2.567986E-01
  2.900500E+03 -5.678887E-01
  2.901000E+03 -7.264073E-01
  2.901500E+03 -7.051438E-01
  2.902000E+03 -5.534226E-01
  2.902500E+03 -2.770129E-01
  2.903000E+03  1.105190E-01
  2.903500E+03  4.875252E-01
  2.904000E+03  6.836339E-01
  2.904500E+03  6.177163E-01
  2.905000E+03  3.247046E-01
  2.905500E+03 -9.669350E-02
  2.906000E+03 -4.964412E-01
  2.906500E+03 -7.027016E-01
  2.907000E+03 -6.453131E-01
  2.907500E+03 -4.332331E-01
  2.908000E+03 -2.375307E-01
  2.908500E+03 -1.170468E-01
  2.909000E+03 -1.462001E-02
  2.909500E+03  1.158594E-01
  2.910000E+03  2.554769E-01
  2.910500E+03  3.689888E-01
  2.911000E+03  4.388672E-01
  2.911500E+03  4.678622E-01
  2.912000E+03  4.938567E-01
  2.912500E+03  5.559906E-01
  2.913000E+03  5.868946E-01
  2.913500E+03  4.120525E-01
  2.914000E+03 -2.973817E-02
  2.914500E+03 -5.097631E-01
  2.915000E+03 -6.964897E-01
  2.915500E+03 -5.273608E-01
  2.916000E+03 -2.660762E-01
  2.916500E+03 -1.610478E-01
  2.917000E+03 -1.756024E-01
  2.917500E+03 -1.216492E-01
  2.918000E+03  5.706209E-02
  2.918500E+03  2.500231E-01
  2.919000E+03  3.617970E-01
  2.919500E+03  3.924540E-01
  2.920000E+03  3.357598E-01
  2.920500E+03  1.256879E-01
  2.921000E+03 -2.374544E-01
  2.921500E+03 -5.734819E-01
  2.922000E+03 -6.493388E-01
  2.922500E+03 -4.379587E-01
  2.923000E+03 -1.612178E-01
  2.923500E+03 -1.961316E-02
  2.924000E+03  3.798969E-02
  2.924500E+03  1.691242E-01
  2.925000E+03  3.287285E-01
  2.925500E+03  2.891089E-01
  2.926000E+03 -5.772304E-03
  2.926500E+03 -2.970605E-01
  2.927000E+03 -3.286276E-01
  2.927500E+03 -1.523673E-01
  2.928000E+03  2.728066E-02
  2.928500E+03  1.707942E-01
  2.929000E+03  3.626801E-01
  2.929500E+03  5.508803E-01
  2.930000E+03  5.757862E-01
  2.930500E+03  4.386532E-01
  2.931000E+03  3.017731E-01
  2.931500E+03  2.046168E-01
  2.932000E+03  2.290288E-02
  2.932500E+03 -2.355168E-01
  2.933000E+03 -3.517243E-01
  2.933500E+03 -2.345354E-01
  2.934000E+03 -1.050871E-01
  2.934500E+03 -1.690035E-01
  2.935000E+03 -3.015650E-01
  2.935500E+03 -2.747673E-01
  2.936000E+03 -1.400824E-01
  2.936500E+03 -1.246171E-01
  2.937000E+03 -2.350044E-01
  2.937500E+03 -2.429236E-01
  2.938000E+03 -6.032147E-02
  2.938500E+03  1.192717E-01
  2.939000E+03  1.067249E-01
  2.939500E+03 -4.975447E-02
  2.940000E+03 -1.849429E-01
  2.940500E+03 -2.134060E-01
  2.941000E+03 -1.399904E-01
  2.941500E+03 -1.221138E-02
  2.942000E+03  7.005272E-02
  2.942500E+03  2.691981E-02
  2.943000E+03 -4.488714E-02
  2.943500E+03  8.297340E-02
  2.944000E+03  4.660841E-01
  2.944500E+03  8.352679E-01
  2.945000E+03  8.771244E-01
  2.945500E+03  6.010640E-01
  2.946000E+03  2.969750E-01
  2.946500E+03  1.617836E-01
  2.947000E+03  1.065713E-01
  2.947500E+03 -4.715069E-02
  2.948000E+03 -3.033132E-01
  2.948500E+03 -5.031409E-01
  2.949000E+03 -5.416533E-01
  2.949500E+03 -4.762052E-01
  2.950000E+03 -4.136995E-01
  2.950500E+03 -3.722585E-01
  2.951000E+03 -3.119537E-01
  2.951500E+03 -2.495186E-01
  2.952000E+03 -2.443988E-01
  2.952500E+03 -2.769506E-01
  2.953000E+03 -2.539697E-01
  2.953500E+03 -1.696753E-01
  2.954000E+03 -1.349794E-01
  2.954500E+03 -1.618824E-01
  2.955000E+03 -4.807851E-02
  2.955500E+03  3.636353E-01
  2.956000E+03  8.847296E-01
  2.956500E+03  1.130167E+00
  2.957000E+03  9.581896E-01
  2.957500E+03  5.866205E-01
  2.958000E+03  2.633681E-01
  2.958500E+03  1.472087E-02
  2.959000E+03 -2.218915E-01
  2.959500E+03 -4.065548E-01
  2.960000E+03 -4.617477E-01
  2.960500E+03 -4.013241E-01
  2.961000E+03 -2.750444E-01
  2.961500E+03 -8.210486E-02
  2.962000E+03  1.486251E-01
  2.962500E+03  2.813331E-01
  2.963000E+03  2.009470E-01
  2.963500E+03 -3.241703E-02
  2.964000E+03 -2.511634E-01
  2.964500E+03 -3.520880E-01
  2.965000E+03 -3.290770E-01
  2.965500E+03 -2.147435E-01
  2.966000E+03 -8.709538E-02
  2.966500E+03 -6.435745E-02
  2.967000E+03 -1.853803E-01
  2.967500E+03 -3.417215E-01
  2.968000E+03 -4.097311E-01
  2.968500E+03 -3.836454E-01
  2.969000E+03 -3.000814E-01
  2.969500E+03 -1.329053E-01
  2.970000E+03  1.189451E-01
  2.970500E+03  3.405146E-01
  2.971000E+03  4.519865E-01
  2.971500E+03  5.731826E-01
  2.972000E+03  8.659796E-01
  2.972500E+03  1.261544E+00
  2.973000E+03  1.508026E+00
  2.973500E+03  1.444395E+00
  2.974000E+03  1.068887E+00
  2.974500E+03  4.135335E-01
  2.975000E+03 -4.285450E-01
  2.975500E+03 -1.196757E+00
  2.976000E+03 -1.642672E+00
  2.976500E+03 -1.824915E+00
  2.977000E+03 -1.972049E+00
  2.977500E+03 -2.034114E+00
  2.978000E+03 -1.677218E+00
  2.978500E+03 -8.248909E-01
  2.979000E+03  1.009554E-01
  2.979500E+03  6.677237E-01
  2.980000E+03  9.133193E-01
  2.980500E+03  1.122918E+00
  2.981000E+03  1.348667E+00
  2.981500E+03  1.431151E+00
  2.982000E+03  1.345745E+00
  2.982500E+03  1.214494E+00
  2.983000E+03  1.031809E+00
  2.983500E+03  6.671651E-01
  2.984000E+03  1.480834E-01
  2.984500E+03 -3.008332E-01
  2.985000E+03 -5.405501E-01
  2.985500E+03 -6.516489E-01
  2.986000E+03 -7.559936E-01
  2.986500E+03 -8.728894E-01
  2.987000E+03 -9.757650E-01
  2.987500E+03 -1.024353E+00
  2.988000E+03 -9.132280E-01
  2.988500E+03 -5.621984E-01
  2.989000E+03 -1.052476E-01
  2.989500E+03  1.827648E-01
  2.990000E+03  2.235850E-01
  2.990500E+03  2.451531E-01
  2.991000E+03  4.558522E-01
  2.991500E+03  7.418324E-01
  2.992000E+03  8.152616E-01
  2.992500E+03  5.810510E-01
  2.993000E+03  2.328502E-01
  2.993500E+03  2.246381E-02
  2.994000E+03  3.128125E-02
  2.994500E+03  1.547351E-01
  2.995000E+03  2.320857E-01
  2.995500E+03  1.692850E-01
  2.996000E+03 -3.390439E-02
  2.996500E+03 -3.337687E-01
  2.997000E+03 -6.616152E-01
  2.997500E+03 -8.783723E-01
  2.998000E+03 -8.109430E-01
  2.998500E+03 -4.447040E-01
  2.999000E+03 -2.511779E-02
  2.999500E+03  1.731402E-01
  3.000000E+03  1.623340E-01
  3.000500E+03  1.877071E-01
  3.001000E+03  3.713966E-01
  3.001500E+03  5.816360E-01
  3.002000E+03  6.728058E-01
  3.002500E+03  6.562001E-01
  3.003000E+03  5.593800E-01
  3.003500E+03  3.122648E-01
  3.004000E+03 -9.202535E-02
  3.004500E+03 -4.698163E-01
  3.005000E+03 -6.312477E-01
  3.005500E+03 -5.943322E-01
  3.006000E+03 -4.937043E-01
  3.006500E+03 -3.814422E-01
  3.007000E+03 -2.446694E-01
  3.007500E+03 -1.089795E-01
  3.008000E+03  2.355979E-02
  3.008500E+03  2.347763E-01
  3.009000E+03  5.223198E-01
  3.009500E+03  6.687765E-01
  3.010000E+03  4.768966E-01
  3.010500E+03  7.148575E-02
  3.011000E+03 -2.391168E-01
  3.011500E+03 -3.583798E-01
  3.012000E+03 -4.372185E-01
  3.012500E+03 -5.367612E-01
  3.013000E+03 -5.123005E-01
  3.013500E+03 -2.887109E-01
  3.014000E+03 -2.319109E-02
  3.014500E+03  1.111384E-01
  3.015000E+03  1.319198E-01
  3.015500E+03  1.402817E-01
  3.016000E+03  1.650552E-01
  3.016500E+03  2.183950E-01
  3.017000E+03  3.566855E-01
  3.017500E+03  5.607645E-01
  3.018000E+03  6.798419E-01
  3.018500E+03  6.228784E-01
  3.019000E+03  4.961819E-01
  3.019500E+03  4.213523E-01
  3.020000E+03  3.272840E-01
  3.020500E+03  7.836188E-02
  3.021000E+03 -2.830788E-01
  3.021500E+03 -6.017183E-01
  3.022000E+03 -8.530227E-01
  3.022500E+03 -1.118854E+00
  3.023000E+03 -1.332970E+00
  3.023500E+03 -1.263068E+00
  3.024000E+03 -8.083720E-01
  3.024500E+03 -1.570022E-01
  3.025000E+03  4.267365E-01
  3.025500E+03  8.357874E-01
  3.026000E+03  1.058110E+00
  3.026500E+03  1.028345E+00
  3.027000E+03  7.059829E-01
  3.027500E+03  2.435464E-01
  3.028000E+03 -8.877927E-02
  3.028500E+03 -1.674072E-01
  3.029000E+03 -9.893611E-02
  3.029500E+03 -2.628104E-02
  3.030000E+03  3.322743E-02
  3.030500E+03  1.078106E-01
  3.031000E+03  1.426458E-01
  3.031500E+03  5.896847E-02
  3.032000E+03 -1.124675E-01
  3.032500E+03 -2.639705E-01
  3.033000E+03 -3.477176E-01
  3.033500E+03 -3.731723E-01
  3.034000E+03 -2.970505E-01
  3.034500E+03 -6.452367E-02
  3.035000E+03  2.262500E-01
  3.035500E+03  3.723089E-01
  3.036000E+03  3.463676E-01
  3.036500E+03  3.524352E-01
  3.037000E+03  4.804590E-01
  3.037500E+03  4.919864E-01
  3.038000E+03  1.634768E-01
  3.038500E+03 -2.967024E-01
  3.039000E+03 -4.642034E-01
  3.039500E+03 -2.842678E-01
  3.040000E+03 -1.320044E-01
  3.040500E+03 -2.543582E-01
  3.041000E+03 -4.631218E-01
  3.041500E+03 -4.993349E-01
  3.042000E+03 -4.140532E-01
  3.042500E+03 -3.904177E-01
  3.043000E+03 -4.128530E-01
  3.043500E+03 -3.475031E-01
  3.044000E+03 -1.918977E-01
  3.044500E+03 -1.245027E-02
  3.045000E+03  2.362256E-01
  3.045500E+03  5.863142E-01
  3.046000E+03  8.521316E-01
  3.046500E+03  8.108606E-01
  3.047000E+03  5.375270E-01
  3.047500E+03  3.170034E-01
  3.048000E+03  2.553323E-01
  3.048500E+03  2.203994E-01
  3.049000E+03  1.487502E-01
  3.049500E+03  1.455807E-01
  3.050000E+03  2.442375E-01
  3.050500E+03  3.089802E-01
  3.051000E+03  2.450439E-01
  3.051500E+03  1.036326E-01
  3.052000E+03 -7.756247E-02
  3.052500E+03 -3.360032E-01
  3.053000E+03 -6.270424E-01
  3.053500E+03 -8.106782E-01
  3.054000E+03 -8.660301E-01
  3.054500E+03 -9.130663E-01
  3.055000E+03 -9.452111E-01
  3.055500E+03 -7.690547E-01
  3.056000E+03 -3.264454E-01
  3.056500E+03  1.422297E-01
  3.057000E+03  3.998571E-01
  3.057500E+03  4.783074E-01
  3.058000E+03  4.965500E-01
  3.058500E+03  4.294246E-01
  3.059000E+03  2.521107E-01
  3.059500E+03  1.217614E-01
  3.060000E+03  1.833077E-01
  3.060500E+03  3.366025E-01
  3.061000E+03  4.123358E-01
  3.061500E+03  4.364687E-01
  3.062000E+03  4.946983E-01
  3.062500E+03  4.894791E-01
  3.063000E+03  3.061317E-01
  3.063500E+03  9.166314E-02
  3.064000E+03  5.512129E-02
  3.064500E+03  7.840295E-02
  3.065000E+03 -1.295719E-01
  3.065500E+03 -5.216478E-01
  3.066000E+03 -7.136848E-01
  3.066500E+03 -5.340959E-01
  3.067000E+03 -2.333288E-01
  3.067500E+03 -6.265828E-02
  3.068000E+03  2.850845E-02
  3.068500E+03  1.366256E-01
  3.069000E+03  1.451142E-01
  3.069500E+03 -7.193212E-02
  3.070000E+03 -3.923582E-01
  3.070500E+03 -5.840636E-01
  3.071000E+03 -5.567025E-01
  3.071500E+03 -3.438463E-01
  3.072000E+03 -2.223711E-03
  3.072500E+03  3.314092E-01
  3.073000E+03  4.518849E-01
  3.073500E+03  3.141511E-01
  3.074000E+03  1.157668E-01
  3.074500E+03  2.336916E-02
  3.075000E+03 -2.619032E-02
  3.075500E+03 -1.207744E-01
  3.076000E+03 -1.580179E-01
  3.076500E+03 -1.658771E-02
  3.077000E+03  2.222904E-01
  3.077500E+03  4.188378E-01
  3.078000E+03  5.854704E-01
  3.078500E+03  7.474121E-01
  3.079000E+03  7.526415E-01
  3.079500E+03  4.701817E-01
  3.080000E+03  5.291201E-02
  3.080500E+03 -2.539710E-01
  3.081000E+03 -4.510050E-01
  3.081500E+03 -6.562542E-01
  3.082000E+03 -7.617970E-01
  3.082500E+03 -5.663028E-01
  3.083000E+03 -1.940644E-01
  3.083500E+03 -1.525330E-03
  3.084000E+03 -4.304345E-02
  3.084500E+03 -6.513950E-03
  3.085000E+03  2.330272E-01
  3.085500E+03  3.733182E-01
  3.086000E+03  1.736567E-01
  3.086500E+03 -1.456915E-01
  3.087000E+03 -2.410775E-01
  3.087500E+03 -1.396649E-01
  3.088000E+03 -1.245559E-01
  3.088500E+03 -2.849071E-01
  3.089000E+03 -4.403914E-01
  3.089500E+03 -4.261397E-01
  3.090000E+03 -2.400296E-01
  3.090500E+03  3.193455E-02
  3.091000E+03  2.644837E-01
  3.091500E+03  3.303397E-01
  3.092000E+03  2.428352E-01
  3.092500E+03  1.997393E-01
  3.093000E+03  3.489447E-01
  3.093500E+03  5.814231E-01
  3.094000E+03  6.827603E-01
  3.094500E+03  5.986845E-01
  3.095000E+03  4.162692E-01
  3.095500E+03  1.950093E-01
  3.096000E+03 -1.797976E-02
  3.096500E+03 -1.216803E-01
  3.097000E+03 -1.131427E-01
  3.097500E+03 -2.007354E-01
  3.098000E+03 -5.225571E-01
  3.098500E+03 -8.278646E-01
  3.099000E+03 -7.249726E-01
  3.099500E+03 -2.333654E-01
  3.100000E+03  2.015836E-01
  3.100500E+03  2.797072E-01
  3.101000E+03  1.405040E-01
  3.101500E+03  7.553352E-03
  3.102000E+03 -1.492972E-01
  3.102500E+03 -4.090975E-01
  3.103000E+03 -6.067303E-01
  3.103500E+03 -5.100345E-01
  3.104000E+03 -1.687580E-01
  3.104500E+03  1.451868E-01
  3.105000E+03  2.839659E-01
  3.105500E+03  3.194254E-01
  3.106000E+03  3.410635E-01
  3.106500E+03  3.456426E-01
  3.107000E+03  3.173808E-01
  3.107500E+03  2.585795E-01
  3.108000E+03  1.361995E-01
  3.108500E+03 -6.405108E-02
  3.109000E+03 -2.250988E-01
  3.109500E+03 -1.790914E-01
  3.110000E+03  7.122236E-02
  3.110500E+03  3.333918E-01
  3.111000E+03  4.635134E-01
  3.111500E+03  5.061909E-01
  3.112000E+03  5.428256E-01
  3.112500E+03  5.173241E-01
  3.113000E+03  3.170142E-01
  3.113500E+03 -3.353329E-02
  3.114000E+03 -3.678466E-01
  3.114500E+03 -5.595172E-01
  3.115000E+03 -6.315876E-01
  3.115500E+03 -6.733609E-01
  3.116000E+03 -7.094846E-01
  3.116500E+03 -6.896208E-01
  3.117000E+03 -5.832208E-01
  3.117500E+03 -4.382711E-01
  3.118000E+03 -3.221689E-01
  3.118500E+03 -2.177574E-01
  3.119000E+03 -2.124682E-02
  3.119500E+03  3.218520E-01
  3.120000E+03  6.967804E-01
  3.120500E+03  8.909393E-01
  3.121000E+03  8.072454E-01
  3.121500E+03  5.658986E-01
  3.122000E+03  3.560388E-01
  3.122500E+03  2.207387E-01
  3.123000E+03  5.518701E-02
  3.123500E+03 -1.931190E-01
  3.124000E+03 -4.210178E-01
  3.124500E+03 -5.156513E-01
  3.125000E+03 -5.111353E-01
  3.125500E+03 -4.844233E-01
  3.126000E+03 -3.462381E-01
  3.126500E+03  8.648640E-02
  3.127000E+03  7.581499E-01
  3.127500E+03  1.276278E+00
  3.128000E+03  1.283129E+00
  3.128500E+03  8.425856E-01
  3.129000E+03  3.213991E-01
  3.129500E+03 -4.882681E-02
  3.130000E+03 -3.272734E-01
  3.130500E+03 -6.196708E-01
  3.131000E+03 -8.880024E-01
  3.131500E+03 -1.057859E+00
  3.132000E+03 -1.142062E+00
  3.132500E+03 -1.157662E+00
  3.133000E+03 -1.043880E+00
  3.133500E+03 -7.670371E-01
  3.134000E+03 -4.109246E-01
  3.134500E+03 -6.383176E-02
  3.135000E+03  2.937541E-01
  3.135500E+03  6.816515E-01
  3.136000E+03  9.867772E-01
  3.136500E+03  1.071355E+00
  3.137000E+03  9.672351E-01
  3.137500E+03  8.387241E-01
  3.138000E+03  7.766927E-01
  3.138500E+03  7.313908E-01
  3.139000E+03  6.224749E-01
  3.139500E+03  4.220063E-01
  3.140000E+03  1.595800E-01
  3.140500E+03 -7.132811E-02
  3.141000E+03 -1.679254E-01
  3.141500E+03 -1.778211E-01
  3.142000E+03 -3.245142E-01
  3.142500E+03 -7.264141E-01
  3.143000E+03 -1.156441E+00
  3.143500E+03 -1.270036E+00
  3.144000E+03 -1.041972E+00
  3.144500E+03 -7.640058E-01
  3.145000E+03 -6.031064E-01
  3.145500E+03 -4.065992E-01
  3.146000E+03 -2.693637E-02
  3.146500E+03  3.923288E-01
  3.147000E+03  6.128865E-01
  3.147500E+03  6.225319E-01
  3.148000E+03  5.888724E-01
  3.148500E+03  6.020159E-01
  3.149000E+03  6.266134E-01
  3.149500E+03  6.301532E-01
  3.150000E+03  5.994745E-01
  3.150500E+03  4.828697E-01
  3.151000E+03  2.664421E-01
  3.151500E+03  7.274808E-02
  3.152000E+03  3.441514E-02
  3.152500E+03  7.752449E-02
  3.153000E+03 -3.131190E-02
  3.153500E+03 -3.959564E-01
  3.154000E+03 -8.446734E-01
  3.154500E+03 -1.098946E+00
  3.155000E+03 -1.026873E+00
  3.155500E+03 -7.219939E-01
  3.156000E+03 -3.817552E-01
  3.156500E+03 -1.135469E-01
  3.157000E+03  1.526337E-01
  3.157500E+03  5.231388E-01
  3.158000E+03  9.150999E-01
  3.158500E+03  1.081067E+00
  3.159000E+03  9.086756E-01
  3.159500E+03  5.610141E-01
  3.160000E+03  2.199663E-01
  3.160500E+03 -1.530677E-01
  3.161000E+03 -6.234370E-01
  3.161500E+03 -9.913977E-01
  3.162000E+03 -9.644464E-01
  3.162500E+03 -5.810931E-01
  3.163000E+03 -1.913277E-01
  3.163500E+03  6.054421E-03
  3.164000E+03  1.458427E-01
  3.164500E+03  3.621103E-01
  3.165000E+03  5.492957E-01
  3.165500E+03  5.888306E-01
  3.166000E+03  5.687235E-01
  3.166500E+03  5.867580E-01
  3.167000E+03  5.241412E-01
  3.167500E+03  2.323308E-01
  3.168000E+03 -1.882553E-01
  3.168500E+03 -5.107874E-01
  3.169000E+03 -6.783263E-01
  3.169500E+03 -7.623802E-01
  3.170000E+03 -7.236719E-01
  3.170500E+03 -4.760801E-01
  3.171000E+03 -1.512634E-01
  3.171500E+03 -1.729381E-02
  3.172000E+03 -8.486584E-02
  3.172500E+03 -4.184022E-02
  3.173000E+03  3.140068E-01
  3.173500E+03  7.708523E-01
  3.174000E+03  9.609467E-01
  3.174500E+03  7.772924E-01
  3.175000E+03  4.013432E-01
  3.175500E+03  4.013576E-02
  3.176000E+03 -2.065738E-01
  3.176500E+03 -3.001685E-01
  3.177000E+03 -2.642198E-01
  3.177500E+03 -2.243730E-01
  3.178000E+03 -3.058904E-01
  3.178500E+03 -4.667343E-01
  3.179000E+03 -5.357285E-01
  3.179500E+03 -4.423054E-01
  3.180000E+03 -3.086817E-01
  3.180500E+03 -2.623432E-01
  3.181000E+03 -2.428015E-01
  3.181500E+03 -8.495931E-02
  3.182000E+03  2.428819E-01
  3.182500E+03  5.823486E-01
  3.183000E+03  7.737254E-01
  3.183500E+03  8.127790E-01
  3.184000E+03  7.782216E-01
  3.184500E+03  6.858573E-01
  3.185000E+03  5.045424E-01
  3.185500E+03  2.676514E-01
  3.186000E+03  4.390240E-02
  3.186500E+03 -2.016516E-01
  3.187000E+03 -5.740027E-01
  3.187500E+03 -1.014689E+00
  3.188000E+03 -1.235495E+00
  3.188500E+03 -1.012598E+00
  3.189000E+03 -4.757534E-01
  3.189500E+03  2.198992E-02
  3.190000E+03  2.724506E-01
  3.190500E+03  3.199496E-01
  3.191000E+03  2.573372E-01
  3.191500E+03  1.083129E-01
  3.192000E+03 -6.499860E-02
  3.192500E+03 -1.295809E-01
  3.193000E+03 -5.412741E-02
  3.193500E+03  2.093434E-02
  3.194000E+03 -2.181778E-03
  3.194500E+03  1.030641E-03
  3.195000E+03  2.122062E-01
  3.195500E+03  5.881639E-01
  3.196000E+03  8.737979E-01
  3.196500E+03  8.747374E-01
  3.197000E+03  6.176486E-01
  3.197500E+03  2.632077E-01
  3.198000E+03 -3.521028E-02
  3.198500E+03 -1.934262E-01
  3.199000E+03 -2.289560E-01
  3.199500E+03 -2.670477E-01
  3.200000E+03 -4.397808E-01
  3.200500E+03 -7.321173E-01
  3.201000E+03 -9.586683E-01
  3.201500E+03 -9.172774E-01
  3.202000E+03 -5.588674E-01
  3.202500E+03 -2.952126E-02
  3.203000E+03  4.142404E-01
  3.203500E+03  5.597874E-01
  3.204000E+03  3.922312E-01
  3.204500E+03  1.236169E-01
  3.205000E+03  1.863165E-02
  3.205500E+03  1.501935E-01
  3.206000E+03  3.378895E-01
  3.206500E+03  3.397152E-01
  3.207000E+03  9.394592E-02
  3.207500E+03 -2.263756E-01
  3.208000E+03 -3.795443E-01
  3.208500E+03 -2.751742E-01
  3.209000E+03 -4.377597E-02
  3.209500E+03  1.109144E-01
  3.210000E+03  1.234071E-01
  3.210500E+03  1.047626E-01
  3.211000E+03  1.715222E-01
  3.211500E+03  2.914996E-01
  3.212000E+03  3.314557E-01
  3.212500E+03  2.104414E-01
  3.213000E+03 -3.491773E-02
  3.213500E+03 -2.884807E-01
  3.214000E+03 -4.085092E-01
  3.214500E+03 -3.041967E-01
  3.215000E+03 -3.852116E-02
  3.215500E+03  1.875318E-01
  3.216000E+03  2.398949E-01
  3.216500E+03  2.024006E-01
  3.217000E+03  2.261345E-01
  3.217500E+03  2.755104E-01
  3.218000E+03  1.733367E-01
  3.218500E+03 -1.017747E-01
  3.219000E+03 -3.335775E-01
  3.219500E+03 -3.526452E-01
  3.220000E+03 -2.640229E-01
  3.220500E+03 -2.805025E-01
  3.221000E+03 -4.181866E-01
  3.221500E+03 -4.823180E-01
  3.222000E+03 -3.238398E-01
  3.222500E+03 -1.377302E-02
  3.223000E+03  2.312237E-01
  3.223500E+03  2.400988E-01
  3.224000E+03  2.691636E-02
  3.224500E+03 -2.041982E-01
  3.225000E+03 -2.125916E-01
  3.225500E+03  6.612464E-02
  3.226000E+03  4.598475E-01
  3.226500E+03  7.262135E-01
  3.227000E+03  7.518203E-01
  3.227500E+03  5.872559E-01
  3.228000E+03  3.605775E-01
  3.228500E+03  1.928421E-01
  3.229000E+03  1.187073E-01
  3.229500E+03  2.903962E-02
  3.230000E+03 -2.301352E-01
  3.230500E+03 -6.215540E-01
  3.231000E+03 -8.573371E-01
  3.231500E+03 -6.879964E-01
  3.232000E+03 -2.002224E-01
  3.232500E+03  2.895167E-01
  3.233000E+03  5.876809E-01
  3.233500E+03  7.182214E-01
  3.234000E+03  6.886343E-01
  3.234500E+03  3.703135E-01
  3.235000E+03 -2.823878E-01
  3.235500E+03 -1.013065E+00
  3.236000E+03 -1.402567E+00
  3.236500E+03 -1.228107E+00
  3.237000E+03 -6.458436E-01
  3.237500E+03 -4.380073E-02
  3.238000E+03  2.683449E-01
  3.238500E+03  2.781356E-01
  3.239000E+03  2.265281E-01
  3.239500E+03  3.294252E-01
  3.240000E+03  5.401724E-01
  3.240500E+03  6.285216E-01
  3.241000E+03  4.799158E-01
  3.241500E+03  2.298265E-01
  3.242000E+03  8.221862E-02
  3.242500E+03  8.891356E-02
  3.243000E+03  1.611553E-01
  3.243500E+03  2.204603E-01
  3.244000E+03  2.624964E-01
  3.244500E+03  3.133760E-01
  3.245000E+03  3.790386E-01
  3.245500E+03  4.061044E-01
  3.246000E+03  2.717876E-01
  3.246500E+03 -1.057050E-01
  3.247000E+03 -5.907657E-01
  3.247500E+03 -8.619314E-01
  3.248000E+03 -7.369851E-01
  3.248500E+03 -4.155994E-01
  3.249000E+03 -2.677915E-01
  3.249500E+03 -3.935292E-01
  3.250000E+03 -5.233885E-01
  3.250500E+03 -3.805294E-01
  3.251000E+03 -1.785741E-02
  3.251500E+03  2.735730E-01
  3.252000E+03  3.070974E-01
  3.252500E+03  1.632177E-01
  3.253000E+03  5.054439E-02
  3.253500E+03  9.022972E-02
  3.254000E+03  2.388910E-01
  3.254500E+03  3.590822E-01
  3.255000E+03  3.371775E-01
  3.255500E+03  1.672629E-01
  3.256000E+03 -4.147359E-02
  3.256500E+03 -1.454762E-01
  3.257000E+03 -9.099895E-02
  3.257500E+03  2.617771E-02
  3.258000E+03  5.288863E-02
  3.258500E+03 -4.241004E-02
  3.259000E+03 -1.114954E-01
  3.259500E+03  4.813646E-03
  3.260000E+03  2.726791E-01
  3.260500E+03  5.019623E-01
  3.261000E+03  5.749203E-01
  3.261500E+03  5.312969E-01
  3.262000E+03  4.035493E-01
  3.262500E+03  1.150848E-01
  3.263000E+03 -3.416553E-01
  3.263500E+03 -7.367898E-01
  3.264000E+03 -7.997249E-01
  3.264500E+03 -5.674284E-01
  3.265000E+03 -3.580253E-01
  3.265500E+03 -3.541075E-01
  3.266000E+03 -3.705056E-01
  3.266500E+03 -1.333252E-01
  3.267000E+03  3.264451E-01
  3.267500E+03  6.929297E-01
  3.268000E+03  7.291256E-01
  3.268500E+03  4.897157E-01
  3.269000E+03  1.671984E-01
  3.269500E+03 -1.565728E-01
  3.270000E+03 -5.314682E-01
  3.270500E+03 -9.524868E-01
  3.271000E+03 -1.239177E+00
  3.271500E+03 -1.160595E+00
  3.272000E+03 -6.826878E-01
  3.272500E+03 -4.010911E-02
  3.273000E+03  4.847453E-01
  3.273500E+03  8.261379E-01
  3.274000E+03  1.113882E+00
  3.274500E+03  1.405592E+00
  3.275000E+03  1.546817E+00
  3.275500E+03  1.351147E+00
  3.276000E+03  8.473652E-01
  3.276500E+03  2.712100E-01
  3.277000E+03 -1.549361E-01
  3.277500E+03 -3.691944E-01
  3.278000E+03 -4.303029E-01
  3.278500E+03 -4.228108E-01
  3.279000E+03 -4.229284E-01
  3.279500E+03 -4.949724E-01
  3.280000E+03 -6.669986E-01
  3.280500E+03 -9.046101E-01
  3.281000E+03 -1.115749E+00
  3.281500E+03 -1.186124E+00
  3.282000E+03 -1.034938E+00
  3.282500E+03 -6.718129E-01
  3.283000E+03 -2.082518E-01
  3.283500E+03  2.102891E-01
  3.284000E+03  5.101572E-01
  3.284500E+03  7.329708E-01
  3.285000E+03  9.551428E-01
  3.285500E+03  1.148513E+00
  3.286000E+03  1.151208E+00
  3.286500E+03  8.381805E-01
  3.287000E+03  3.193860E-01
  3.287500E+03 -1.231328E-01
  3.288000E+03 -3.408831E-01
  3.288500E+03 -4.610249E-01
  3.289000E+03 -6.309554E-01
  3.289500E+03 -7.325138E-01
  3.290000E+03 -5.335247E-01
  3.290500E+03 -7.558960E-02
  3.291000E+03  3.186739E-01
  3.291500E+03  4.608451E-01
  3.292000E+03  4.949810E-01
  3.292500E+03  5.913073E-01
  3.293000E+03  6.673223E-01
  3.293500E+03  5.780502E-01
  3.294000E+03  3.934439E-01
  3.294500E+03  2.640280E-01
  3.295000E+03  1.408213E-01
  3.295500E+03 -1.277569E-01
  3.296000E+03 -5.013491E-01
  3.296500E+03 -7.970090E-01
  3.297000E+03 -9.791850E-01
  3.297500E+03 -1.137427E+00
  3.298000E+03 -1.199982E+00
  3.298500E+03 -9.706794E-01
  3.299000E+03 -5.002001E-01
  3.299500E+03 -1.240132E-01
  3.300000E+03 -1.316335E-02
  3.300500E+03  4.868010E-02
  3.301000E+03  2.830499E-01
  3.301500E+03  5.577558E-01
  3.302000E+03  6.265718E-01
  3.302500E+03  5.350630E-01
  3.303000E+03  5.303704E-01
  3.303500E+03  6.821407E-01
  3.304000E+03  8.429560E-01
  3.304500E+03  9.174638E-01
  3.305000E+03  9.286873E-01
  3.305500E+03  8.450941E-01
  3.306000E+03  5.788869E-01
  3.306500E+03  1.831778E-01
  3.307000E+03 -1.466018E-01
  3.307500E+03 -3.236051E-01
  3.308000E+03 -4.743359E-01
  3.308500E+03 -7.405265E-01
  3.309000E+03 -1.089900E+00
  3.309500E+03 -1.361837E+00
  3.310000E+03 -1.409008E+00
  3.310500E+03 -1.180660E+00
  3.311000E+03 -7.594847E-01
  3.311500E+03 -3.186294E-01
  3.312000E+03  4.592114E-02
  3.312500E+03  4.122318E-01
  3.313000E+03  8.498272E-01
  3.313500E+03  1.191862E+00
  3.314000E+03  1.169155E+00
  3.314500E+03  7.726985E-01
  3.315000E+03  2.976000E-01
  3.315500E+03 -7.592924E-03
  3.316000E+03 -1.547072E-01
  3.316500E+03 -2.345552E-01
  3.317000E+03 -2.303530E-01
  3.317500E+03 -1.250303E-01
  3.318000E+03 -2.364951E-02
  3.318500E+03 -2.278060E-02
  3.319000E+03 -7.164282E-02
  3.319500E+03 -8.552713E-02
  3.320000E+03 -8.700713E-02
  3.320500E+03 -1.105109E-01
  3.321000E+03 -7.631498E-02
  3.321500E+03  9.387296E-02
  3.322000E+03  3.132090E-01
  3.322500E+03  4.188727E-01
  3.323000E+03  3.663050E-01
  3.323500E+03  2.220305E-01
  3.324000E+03  3.806943E-02
  3.324500E+03 -1.467987E-01
  3.325000E+03 -2.619778E-01
  3.325500E+03 -2.944467E-01
  3.326000E+03 -3.446618E-01
  3.326500E+03 -4.555695E-01
  3.327000E+03 -4.804353E-01
  3.327500E+03 -2.946673E-01
  3.328000E+03 -5.069810E-02
  3.328500E+03 -1.943073E-03
  3.329000E+03 -1.202478E-01
  3.329500E+03 -1.290487E-01
  3.330000E+03  8.500296E-02
  3.330500E+03  3.381543E-01
  3.331000E+03  4.638303E-01
  3.331500E+03  5.151672E-01
  3.332000E+03  5.660588E-01
  3.332500E+03  5.342204E-01
  3.333000E+03  3.365750E-01
  3.333500E+03  4.946518E-02
  3.334000E+03 -2.181551E-01
  3.334500E+03 -4.622517E-01
  3.335000E+03 -6.674474E-01
  3.335500E+03 -7.064856E-01
  3.336000E+03 -5.137909E-01
  3.336500E+03 -2.363498E-01
  3.337000E+03 -4.476854E-02
  3.337500E+03  1.064297E-01
  3.338000E+03  3.555413E-01
  3.338500E+03  6.464364E-01
  3.339000E+03  7.495849E-01
  3.339500E+03  5.454597E-01
  3.340000E+03  1.451142E-01
  3.340500E+03 -2.411758E-01
  3.341000E+03 -4.323221E-01
  3.341500E+03 -3.355237E-01
  3.342000E+03 -4.070200E-02
  3.342500E+03  1.750137E-01
  3.343000E+03  1.026818E-01
  3.343500E+03 -1.430134E-01
  3.344000E+03 -2.659538E-01
  3.344500E+03 -1.660274E-01
  3.345000E+03 -1.423749E-02
  3.345500E+03  3.214023E-02
  3.346000E+03 -5.935498E-03
  3.346500E+03 -7.616786E-02
  3.347000E+03 -2.048345E-01
  3.347500E+03 -3.755878E-01
  3.348000E+03 -4.557059E-01
  3.348500E+03 -3.404093E-01
  3.349000E+03 -5.958449E-02
  3.349500E+03  3.123804E-01
  3.350000E+03  7.066450E-01
  3.350500E+03  9.550331E-01
  3.351000E+03  8.256274E-01
  3.351500E+03  3.159353E-01
  3.352000E+03 -2.218318E-01
  3.352500E+03 -4.200275E-01
  3.353000E+03 -2.825717E-01
  3.353500E+03 -9.369226E-02
  3.354000E+03 -3.395502E-02
  3.354500E+03 -5.742139E-02
  3.355000E+03 -7.906489E-02
  3.355500E+03 -8.343639E-02
  3.356000E+03 -6.035341E-02
  3.356500E+03 -1.086288E-02
  3.357000E+03 -2.366226E-02
  3.357500E+03 -1.815142E-01
  3.358000E+03 -3.789383E-01
  3.358500E+03 -4.013391E-01
  3.359000E+03 -2.158681E-01
  3.359500E+03 -1.350162E-02
  3.360000E+03  8.350130E-02
  3.360500E+03  1.681060E-01
  3.361000E+03  3.167603E-01
  3.361500E+03  4.052477E-01
  3.362000E+03  3.080703E-01
  3.362500E+03  1.263161E-01
  3.363000E+03  2.486815E-02
  3.363500E+03 -4.123296E-02
  3.364000E+03 -2.048438E-01
  3.364500E+03 -3.522161E-01
  3.365000E+03 -1.880303E-01
  3.365500E+03  3.117535E-01
  3.366000E+03  7.514611E-01
  3.366500E+03  7.516974E-01
  3.367000E+03  3.700383E-01
  3.367500E+03 -5.531201E-02
  3.368000E+03 -3.399205E-01
  3.368500E+03 -5.400730E-01
  3.369000E+03 -6.905805E-01
  3.369500E+03 -6.937234E-01
  3.370000E+03 -5.078274E-01
  3.370500E+03 -2.694907E-01
  3.371000E+03 -1.368406E-01
  3.371500E+03 -1.089674E-01
  3.372000E+03 -7.039148E-02
  3.372500E+03  6.417115E-02
  3.373000E+03  3.037287E-01
  3.373500E+03  5.866623E-01
  3.374000E+03  7.590664E-01
  3.374500E+03  6.457524E-01
  3.375000E+03  2.601343E-01
  3.375500E+03 -1.206554E-01
  3.376000E+03 -2.247273E-01
  3.376500E+03 -1.009606E-01
  3.377000E+03 -3.318444E-02
  3.377500E+03 -1.540330E-01
  3.378000E+03 -2.978797E-01
  3.378500E+03 -2.617373E-01
  3.379000E+03 -5.081352E-02
  3.379500E+03  2.060482E-01
  3.380000E+03  4.298930E-01
  3.380500E+03  5.558765E-01
  3.381000E+03  4.522945E-01
  3.381500E+03  6.575981E-02
  3.382000E+03 -3.880661E-01
  3.382500E+03 -5.628818E-01
  3.383000E+03 -3.600822E-01
  3.383500E+03 -5.759868E-02
  3.384000E+03 -5.254458E-03
  3.384500E+03 -2.573362E-01
  3.385000E+03 -5.479866E-01
  3.385500E+03 -5.824486E-01
  3.386000E+03 -3.181237E-01
  3.386500E+03  1.630980E-02
  3.387000E+03  1.630449E-01
  3.387500E+03  1.022609E-01
  3.388000E+03  5.234064E-02
  3.388500E+03  1.839579E-01
  3.389000E+03  4.020560E-01
  3.389500E+03  4.899256E-01
  3.390000E+03  4.062951E-01
  3.390500E+03  3.058788E-01
  3.391000E+03  2.845125E-01
  3.391500E+03  2.616401E-01
  3.392000E+03  1.518335E-01
  3.392500E+03  5.867745E-03
  3.393000E+03 -9.381475E-02
  3.393500E+03 -1.544397E-01
  3.394000E+03 -1.939529E-01
  3.394500E+03 -1.468362E-01
  3.395000E+03  2.767910E-02
  3.395500E+03  2.081602E-01
  3.396000E+03  2.060602E-01
  3.396500E+03 -2.446093E-02
  3.397000E+03 -3.560285E-01
  3.397500E+03 -6.287488E-01
  3.398000E+03 -7.371352E-01
  3.398500E+03 -6.280783E-01
  3.399000E+03 -3.290686E-01
  3.399500E+03  3.047028E-02
  3.400000E+03  3.138816E-01
  3.400500E+03  4.811458E-01
  3.401000E+03  5.353500E-01
  3.401500E+03  4.311160E-01
  3.402000E+03  1.602796E-01
  3.402500E+03 -1.176810E-01
  3.403000E+03 -2.011361E-01
  3.403500E+03 -1.171742E-01
  3.404000E+03 -1.032105E-01
  3.404500E+03 -2.608120E-01
  3.405000E+03 -3.776647E-01
  3.405500E+03 -1.994741E-01
  3.406000E+03  2.221867E-01
  3.406500E+03  5.727290E-01
  3.407000E+03  6.170834E-01
  3.407500E+03  4.037428E-01
  3.408000E+03  1.533950E-01
  3.408500E+03  2.610054E-02
  3.409000E+03  4.589620E-04
  3.409500E+03 -6.226360E-02
  3.410000E+03 -2.404979E-01
  3.410500E+03 -4.341888E-01
  3.411000E+03 -4.484428E-01
  3.411500E+03 -1.961640E-01
  3.412000E+03  2.166989E-01
  3.412500E+03  5.908673E-01
  3.413000E+03  7.578626E-01
  3.413500E+03  6.359223E-01
  3.414000E+03  2.804167E-01
  3.414500E+03 -1.082977E-01
  3.415000E+03 -3.509532E-01
  3.415500E+03 -4.964876E-01
  3.416000E+03 -7.329821E-01
  3.416500E+03 -1.052814E+00
  3.417000E+03 -1.178995E+00
  3.417500E+03 -9.231055E-01
  3.418000E+03 -4.454845E-01
  3.418500E+03 -1.496729E-02
  3.419000E+03  3.227857E-01
  3.419500E+03  6.373782E-01
  3.420000E+03  8.282444E-01
  3.420500E+03  7.324386E-01
  3.421000E+03  4.569361E-01
  3.421500E+03  3.087519E-01
  3.422000E+03  3.809633E-01
  3.422500E+03  4.752870E-01
  3.423000E+03  4.660227E-01
  3.423500E+03  4.506928E-01
  3.424000E+03  4.567520E-01
  3.424500E+03  3.077033E-01
  3.425000E+03 -4.417861E-02
  3.425500E+03 -3.216132E-01
  3.426000E+03 -3.008813E-01
  3.426500E+03 -1.809303E-01
  3.427000E+03 -2.974127E-01
  3.427500E+03 -6.152626E-01
  3.428000E+03 -8.091236E-01
  3.428500E+03 -7.638304E-01
  3.429000E+03 -6.718348E-01
  3.429500E+03 -6.393270E-01
  3.430000E+03 -5.105539E-01
  3.430500E+03 -1.608863E-01
  3.431000E+03  2.923112E-01
  3.431500E+03  6.768224E-01
  3.432000E+03  9.491713E-01
  3.432500E+03  1.080566E+00
  3.433000E+03  9.674840E-01
  3.433500E+03  6.093960E-01
  3.434000E+03  2.105361E-01
  3.434500E+03 -6.199738E-02
  3.435000E+03 -2.878258E-01
  3.435500E+03 -5.904812E-01
  3.436000E+03 -8.536976E-01
  3.436500E+03 -8.599619E-01
  3.437000E+03 -6.431622E-01
  3.437500E+03 -4.670673E-01
  3.438000E+03 -4.498231E-01
  3.438500E+03 -4.211740E-01
  3.439000E+03 -1.979374E-01
  3.439500E+03  1.867961E-01
  3.440000E+03  6.045203E-01
  3.440500E+03  1.002530E+00
  3.441000E+03  1.323981E+00
  3.441500E+03  1.396522E+00
  3.442000E+03  1.092225E+00
  3.442500E+03  5.607137E-01
  3.443000E+03  1.312527E-01
  3.443500E+03 -4.564153E-02
  3.444000E+03 -1.334884E-01
  3.444500E+03 -3.419177E-01
  3.445000E+03 -6.393776E-01
  3.445500E+03 -8.260895E-01
  3.446000E+03 -8.181925E-01
  3.446500E+03 -7.288872E-01
  3.447000E+03 -6.739382E-01
  3.447500E+03 -6.268083E-01
  3.448000E+03 -5.249375E-01
  3.448500E+03 -4.173146E-01
  3.449000E+03 -3.917010E-01
  3.449500E+03 -3.930661E-01
  3.450000E+03 -2.434022E-01
  3.450500E+03  1.247069E-01
  3.451000E+03  5.436446E-01
  3.451500E+03  7.747446E-01
  3.452000E+03  7.442456E-01
  3.452500E+03  5.725205E-01
  3.453000E+03  4.239464E-01
  3.453500E+03  3.882162E-01
  3.454000E+03  4.656091E-01
  3.454500E+03  5.817594E-01
  3.455000E+03  6.104840E-01
  3.455500E+03  4.459665E-01
  3.456000E+03  9.100862E-02
  3.456500E+03 -3.270456E-01
  3.457000E+03 -6.254507E-01
  3.457500E+03 -6.634330E-01
  3.458000E+03 -4.278773E-01
  3.458500E+03 -6.365057E-02
  3.459000E+03  2.166507E-01
  3.459500E+03  3.039624E-01
  3.460000E+03  2.621192E-01
  3.460500E+03  2.060810E-01
  3.461000E+03  1.575498E-01
  3.461500E+03  6.233697E-02
  3.462000E+03 -1.083763E-01
  3.462500E+03 -3.437639E-01
  3.463000E+03 -6.260332E-01
  3.463500E+03 -8.893689E-01
  3.464000E+03 -9.993827E-01
  3.464500E+03 -8.910098E-01
  3.465000E+03 -6.896534E-01
  3.465500E+03 -5.546705E-01
  3.466000E+03 -4.273537E-01
  3.466500E+03 -1.169087E-01
  3.467000E+03  3.471237E-01
  3.467500E+03  6.718586E-01
  3.468000E+03  7.116431E-01
  3.468500E+03  7.078231E-01
  3.469000E+03  9.310730E-01
  3.469500E+03  1.247129E+00
  3.470000E+03  1.294565E+00
  3.470500E+03  1.017153E+00
  3.471000E+03  7.282437E-01
  3.471500E+03  6.152168E-01
  3.472000E+03  4.585802E-01
  3.472500E+03 -8.977489E-03
  3.473000E+03 -6.543191E-01
  3.473500E+03 -1.058875E+00
  3.474000E+03 -1.011325E+00
  3.474500E+03 -7.121123E-01
  3.475000E+03 -4.950128E-01
  3.475500E+03 -4.873258E-01
  3.476000E+03 -5.869063E-01
  3.476500E+03 -6.690717E-01
  3.477000E+03 -7.138186E-01
  3.477500E+03 -7.331689E-01
  3.478000E+03 -6.572124E-01
  3.478500E+03 -3.807946E-01
  3.479000E+03  5.934726E-02
  3.479500E+03  4.348605E-01
  3.480000E+03  5.425740E-01
  3.480500E+03  4.487686E-01
  3.481000E+03  4.208550E-01
  3.481500E+03  6.047985E-01
  3.482000E+03  8.619417E-01
  3.482500E+03  9.538955E-01
  3.483000E+03  7.960286E-01
  3.483500E+03  4.796918E-01
  3.484000E+03  1.370846E-01
  3.484500E+03 -1.364567E-01
  3.485000E+03 -2.956930E-01
  3.485500E+03 -3.710236E-01
  3.486000E+03 -4.367181E-01
  3.486500E+03 -4.814479E-01
  3.487000E+03 -3.721997E-01
  3.487500E+03 -4.646407E-02
  3.488000E+03  3.103525E-01
  3.488500E+03  4.077827E-01
  3.489000E+03  1.666313E-01
  3.489500E+03 -2.094201E-01
  3.490000E+03 -4.679168E-01
  3.490500E+03 -5.028824E-01
  3.491000E+03 -3.311392E-01
  3.491500E+03 -3.319648E-02
  3.492000E+03  2.272922E-01
  3.492500E+03  2.646499E-01
  3.493000E+03  5.772462E-02
  3.493500E+03 -2.012504E-01
  3.494000E+03 -3.275074E-01
  3.494500E+03 -3.368229E-01
  3.495000E+03 -3.283271E-01
  3.495500E+03 -2.642658E-01
  3.496000E+03 -1.919988E-02
  3.496500E+03  3.736286E-01
  3.497000E+03  6.816400E-01
  3.497500E+03  7.237795E-01
  3.498000E+03  5.527223E-01
  3.498500E+03  3.296623E-01
  3.499000E+03  1.148721E-01
  3.499500E+03 -1.225053E-01
  3.500000E+03 -3.467693E-01
  3.500500E+03 -4.393319E-01
  3.501000E+03 -3.633241E-01
  3.501500E+03 -2.462402E-01
  3.502000E+03 -2.268650E-01
  3.502500E+03 -2.678714E-01
  3.503000E+03 -2.069196E-01
  3.503500E+03  1.465990E-02
  3.504000E+03  2.692339E-01
  3.504500E+03  4.213610E-01
  3.505000E+03  4.926816E-01
  3.505500E+03  5.630630E-01
  3.506000E+03  5.811171E-01
  3.506500E+03  4.134752E-01
  3.507000E+03  7.323949E-02
  3.507500E+03 -2.483442E-01
  3.508000E+03 -4.208180E-01
  3.508500E+03 -5.101214E-01
  3.509000E+03 -6.013517E-01
  3.509500E+03 -6.223715E-01
  3.510000E+03 -4.757916E-01
  3.510500E+03 -2.458930E-01
  3.511000E+03 -1.020226E-01
  3.511500E+03 -4.169998E-02
  3.512000E+03  8.911065E-02
  3.512500E+03  3.207492E-01
  3.513000E+03  4.861422E-01
  3.513500E+03  4.645134E-01
  3.514000E+03  3.308447E-01
  3.514500E+03  1.886387E-01
  3.515000E+03  1.582302E-02
  3.515500E+03 -2.034414E-01
  3.516000E+03 -3.310109E-01
  3.516500E+03 -2.277541E-01
  3.517000E+03  1.588566E-02
  3.517500E+03  1.658613E-01
  3.518000E+03  1.327220E-01
  3.518500E+03  3.020496E-02
  3.519000E+03 -3.339369E-02
  3.519500E+03 -6.320114E-02
  3.520000E+03 -6.051669E-02
  3.520500E+03  4.054057E-02
  3.521000E+03  2.421243E-01
  3.521500E+03  3.990995E-01
  3.522000E+03  3.595055E-01
  3.522500E+03  1.346137E-01
  3.523000E+03 -1.288931E-01
  3.523500E+03 -2.950231E-01
  3.524000E+03 -3.161680E-01
  3.524500E+03 -2.326872E-01
  3.525000E+03 -1.498548E-01
  3.525500E+03 -1.550044E-01
  3.526000E+03 -2.028643E-01
  3.526500E+03 -1.472912E-01
  3.527000E+03  5.202216E-02
  3.527500E+03  2.303172E-01
  3.528000E+03  2.147743E-01
  3.528500E+03  5.469423E-02
  3.529000E+03 -6.146377E-02
  3.529500E+03 -7.395687E-02
  3.530000E+03 -9.461988E-02
  3.530500E+03 -1.870330E-01
  3.531000E+03 -2.543443E-01
  3.531500E+03 -1.929974E-01
  3.532000E+03 -3.563512E-02
  3.532500E+03  1.258070E-01
  3.533000E+03  2.570407E-01
  3.533500E+03  3.447803E-01
  3.534000E+03  3.385797E-01
  3.534500E+03  2.304490E-01
  3.535000E+03  1.210783E-01
  3.535500E+03  9.430585E-02
  3.536000E+03  7.913396E-02
  3.536500E+03 -3.699171E-02
  3.537000E+03 -1.932239E-01
  3.537500E+03 -2.061914E-01
  3.538000E+03 -4.505584E-02
  3.538500E+03  1.024093E-01
  3.539000E+03  1.000870E-01
  3.539500E+03  5.599599E-02
  3.540000E+03  1.281916E-01
  3.540500E+03  2.391758E-01
  3.541000E+03  1.454984E-01
  3.541500E+03 -2.230618E-01
  3.542000E+03 -6.340395E-01
  3.542500E+03 -8.027616E-01
  3.543000E+03 -6.811258E-01
  3.543500E+03 -4.415249E-01
  3.544000E+03 -2.326484E-01
  3.544500E+03 -2.557163E-02
  3.545000E+03  2.955080E-01
  3.545500E+03  7.291319E-01
  3.546000E+03  1.075694E+00
  3.546500E+03  1.086620E+00
  3.547000E+03  7.073015E-01
  3.547500E+03  1.508510E-01
  3.548000E+03 -2.917556E-01
  3.548500E+03 -4.917267E-01
  3.549000E+03 -5.104183E-01
  3.549500E+03 -4.447884E-01
  3.550000E+03 -3.348235E-01
  3.550500E+03 -2.161877E-01
  3.551000E+03 -1.559500E-01
  3.551500E+03 -1.752473E-01
  3.552000E+03 -1.913040E-01
  3.552500E+03 -9.781141E-02
  3.553000E+03  1.147464E-01
  3.553500E+03  3.456464E-01
  3.554000E+03  4.596437E-01
  3.554500E+03  3.599565E-01
  3.555000E+03  4.894301E-02
  3.555500E+03 -3.277783E-01
  3.556000E+03 -5.414562E-01
  3.556500E+03 -4.579878E-01
  3.557000E+03 -1.525320E-01
  3.557500E+03  1.871727E-01
  3.558000E+03  4.407508E-01
  3.558500E+03  5.939809E-01
  3.559000E+03  6.462201E-01
  3.559500E+03  5.690428E-01
  3.560000E+03  3.591355E-01
  3.560500E+03  7.076707E-02
  3.561000E+03 -2.075627E-01
  3.561500E+03 -3.746651E-01
  3.562000E+03 -3.605502E-01
  3.562500E+03 -2.277063E-01
  3.563000E+03 -1.819881E-01
  3.563500E+03 -3.543789E-01
  3.564000E+03 -5.825204E-01
  3.564500E+03 -5.643515E-01
  3.565000E+03 -2.646066E-01
  3.565500E+03 -4.924446E-04
  3.566000E+03 -2.781579E-02
  3.566500E+03 -1.976822E-01
  3.567000E+03 -1.821318E-01
  3.567500E+03  7.187572E-02
  3.568000E+03  3.176634E-01
  3.568500E+03  3.896692E-01
  3.569000E+03  3.843680E-01
  3.569500E+03  4.285250E-01
  3.570000E+03  4.751234E-01
  3.570500E+03  4.373104E-01
  3.571000E+03  3.713591E-01
  3.571500E+03  3.745055E-01
  3.572000E+03  3.821418E-01
  3.572500E+03  2.232104E-01
  3.573000E+03 -1.349684E-01
  3.573500E+03 -5.165095E-01
  3.574000E+03 -7.255766E-01
  3.574500E+03 -7.188835E-01
  3.575000E+03 -5.740435E-01
  3.575500E+03 -3.688506E-01
  3.576000E+03 -1.387597E-01
  3.576500E+03  9.006701E-02
  3.577000E+03  2.730920E-01
  3.577500E+03  3.499311E-01
  3.578000E+03  2.748866E-01
  3.578500E+03  7.826131E-02
  3.579000E+03 -9.645718E-02
  3.579500E+03 -7.420399E-02
  3.580000E+03  1.749587E-01
  3.580500E+03  4.539270E-01
  3.581000E+03  4.915042E-01
  3.581500E+03  2.016227E-01
  3.582000E+03 -2.341138E-01
  3.582500E+03 -5.527996E-01
  3.583000E+03 -6.440308E-01
  3.583500E+03 -5.803984E-01
  3.584000E+03 -4.764602E-01
  3.584500E+03 -3.934367E-01
  3.585000E+03 -3.514620E-01
  3.585500E+03 -3.179251E-01
  3.586000E+03 -1.589307E-01
  3.586500E+03  2.649816E-01
  3.587000E+03  8.597942E-01
  3.587500E+03  1.263408E+00
  3.588000E+03  1.203668E+00
  3.588500E+03  8.360325E-01
  3.589000E+03  5.476879E-01
  3.589500E+03  4.453547E-01
  3.590000E+03  2.606907E-01
  3.590500E+03 -1.762282E-01
  3.591000E+03 -6.134097E-01
  3.591500E+03 -7.070800E-01
  3.592000E+03 -5.028792E-01
  3.592500E+03 -3.432505E-01
  3.593000E+03 -3.815433E-01
  3.593500E+03 -4.601696E-01
  3.594000E+03 -4.683058E-01
  3.594500E+03 -5.289935E-01
  3.595000E+03 -7.108162E-01
  3.595500E+03 -7.859682E-01
  3.596000E+03 -4.876605E-01
  3.596500E+03  9.821587E-02
  3.597000E+03  5.966756E-01
  3.597500E+03  7.642114E-01
  3.598000E+03  6.846027E-01
  3.598500E+03  5.582200E-01
  3.599000E+03  4.643327E-01
  3.599500E+03  3.816483E-01
  3.600000E+03  3.080144E-01
  3.600500E+03  2.546360E-01
  3.601000E+03  1.824067E-01
  3.601500E+03  4.576310E-02
  3.602000E+03 -1.080924E-01
  3.602500E+03 -1.654690E-01
  3.603000E+03 -1.010755E-01
  3.603500E+03 -5.159353E-02
  3.604000E+03 -1.718878E-01
  3.604500E+03 -4.248236E-01
  3.605000E+03 -5.814187E-01
  3.605500E+03 -4.699498E-01
  3.606000E+03 -1.812506E-01
  3.606500E+03  3.518789E-02
  3.607000E+03  5.752047E-02
  3.607500E+03  2.349202E-03
  3.608000E+03  5.687525E-02
  3.608500E+03  2.841533E-01
  3.609000E+03  6.022324E-01
  3.609500E+03  8.500952E-01
  3.610000E+03  8.329909E-01
  3.610500E+03  4.288052E-01
  3.611000E+03 -2.336897E-01
  3.611500E+03 -7.760545E-01
  3.612000E+03 -8.897305E-01
  3.612500E+03 -6.429214E-01
  3.613000E+03 -3.650460E-01
  3.613500E+03 -2.481552E-01
  3.614000E+03 -1.886176E-01
  3.614500E+03 -2.342695E-02
  3.615000E+03  2.251717E-01
  3.615500E+03  4.005088E-01
  3.616000E+03  3.963819E-01
  3.616500E+03  2.187808E-01
  3.617000E+03 -5.324082E-02
  3.617500E+03 -2.951617E-01
  3.618000E+03 -3.927020E-01
  3.618500E+03 -3.404250E-01
  3.619000E+03 -2.333764E-01
  3.619500E+03 -1.184815E-01
  3.620000E+03  5.481674E-02
  3.620500E+03  2.698963E-01
  3.621000E+03  3.574973E-01
  3.621500E+03  2.278898E-01
  3.622000E+03  1.045658E-01
  3.622500E+03  3.124840E-01
  3.623000E+03  8.205699E-01
  3.623500E+03  1.193808E+00
  3.624000E+03  1.080833E+00
  3.624500E+03  5.935555E-01
  3.625000E+03  9.660825E-02
  3.625500E+03 -2.394092E-01
  3.626000E+03 -5.158085E-01
  3.626500E+03 -8.278680E-01
  3.627000E+03 -1.106215E+00
  3.627500E+03 -1.235772E+00
  3.628000E+03 -1.170881E+00
  3.628500E+03 -8.993446E-01
  3.629000E+03 -4.393801E-01
  3.629500E+03  6.038933E-02
  3.630000E+03  3.503396E-01
  3.630500E+03  3.226957E-01
  3.631000E+03  1.445835E-01
  3.631500E+03  3.859191E-02
  3.632000E+03  5.020344E-03
  3.632500E+03 -9.317138E-02
  3.633000E+03 -2.184604E-01
  3.633500E+03 -1.375087E-01
  3.634000E+03  2.304103E-01
  3.634500E+03  6.211618E-01
  3.635000E+03  7.238359E-01
  3.635500E+03  5.758114E-01
  3.636000E+03  5.002041E-01
  3.636500E+03  6.773262E-01
  3.637000E+03  9.324099E-01
  3.637500E+03  9.806868E-01
  3.638000E+03  7.588322E-01
  3.638500E+03  4.374826E-01
  3.639000E+03  1.766597E-01
  3.639500E+03 -4.197790E-02
  3.640000E+03 -3.475952E-01
  3.640500E+03 -7.943773E-01
  3.641000E+03 -1.255398E+00
  3.641500E+03 -1.503430E+00
  3.642000E+03 -1.416035E+00
  3.642500E+03 -1.095555E+00
  3.643000E+03 -7.562588E-01
  3.643500E+03 -5.081626E-01
  3.644000E+03 -3.066268E-01
  3.644500E+03 -9.921814E-02
  3.645000E+03  7.818040E-02
  3.645500E+03  1.892516E-01
  3.646000E+03  2.890435E-01
  3.646500E+03  4.497882E-01
  3.647000E+03  6.465976E-01
  3.647500E+03  7.906013E-01
  3.648000E+03  8.389679E-01
  3.648500E+03  8.043436E-01
  3.649000E+03  6.927704E-01
  3.649500E+03  5.106526E-01
  3.650000E+03  3.088332E-01
  3.650500E+03  1.430952E-01
  3.651000E+03  1.186790E-02
  3.651500E+03 -9.109228E-02
  3.652000E+03 -9.656136E-02
  3.652500E+03  5.587123E-02
  3.653000E+03  2.597478E-01
  3.653500E+03  2.965168E-01
  3.654000E+03  8.664944E-02
  3.654500E+03 -2.232530E-01
  3.655000E+03 -4.755435E-01
  3.655500E+03 -6.890868E-01
  3.656000E+03 -9.380679E-01
  3.656500E+03 -1.135986E+00
  3.657000E+03 -1.086377E+00
  3.657500E+03 -7.417909E-01
  3.658000E+03 -2.960251E-01
  3.658500E+03  1.956231E-02
  3.659000E+03  1.659126E-01
  3.659500E+03  2.851155E-01
  3.660000E+03  4.997391E-01
  3.660500E+03  7.618785E-01
  3.661000E+03  8.926366E-01
  3.661500E+03  7.551854E-01
  3.662000E+03  3.971098E-01
  3.662500E+03  3.359372E-02
  3.663000E+03 -1.179433E-01
  3.663500E+03 -1.248550E-02
  3.664000E+03  1.847875E-01
  3.664500E+03  2.341322E-01
  3.665000E+03  3.197134E-02
  3.665500E+03 -2.815465E-01
  3.666000E+03 -4.422213E-01
  3.666500E+03 -3.173914E-01
  3.667000E+03 -2.588404E-02
  3.667500E+03  2.125274E-01
  3.668000E+03  2.909557E-01
  3.668500E+03  2.267245E-01
  3.669000E+03  4.104947E-02
  3.669500E+03 -2.346624E-01
  3.670000E+03 -4.540254E-01
  3.670500E+03 -4.263729E-01
  3.671000E+03 -1.517224E-01
  3.671500E+03  1.390842E-01
  3.672000E+03  2.458990E-01
  3.672500E+03  1.901392E-01
  3.673000E+03  8.520394E-02
  3.673500E+03 -3.919035E-02
  3.674000E+03 -1.735286E-01
  3.674500E+03 -2.275704E-01
  3.675000E+03 -1.530334E-01
  3.675500E+03 -7.008948E-02
  3.676000E+03 -9.965208E-02
  3.676500E+03 -1.472901E-01
  3.677000E+03 -4.456707E-02
  3.677500E+03  1.547521E-01
  3.678000E+03  2.413611E-01
  3.678500E+03  1.901313E-01
  3.679000E+03  1.877319E-01
  3.679500E+03  2.887973E-01
  3.680000E+03  2.952481E-01
  3.680500E+03  7.823296E-02
  3.681000E+03 -1.970543E-01
  3.681500E+03 -3.100040E-01
  3.682000E+03 -2.761967E-01
  3.682500E+03 -2.447106E-01
  3.683000E+03 -2.407819E-01
  3.683500E+03 -1.747469E-01
  3.684000E+03 -9.686173E-03
  3.684500E+03  2.254606E-01
  3.685000E+03  4.999857E-01
  3.685500E+03  7.224874E-01
  3.686000E+03  7.186631E-01
  3.686500E+03  4.252945E-01
  3.687000E+03  2.238853E-02
  3.687500E+03 -2.837836E-01
  3.688000E+03 -5.145044E-01
  3.688500E+03 -7.738762E-01
  3.689000E+03 -9.532860E-01
  3.689500E+03 -8.328754E-01
  3.690000E+03 -4.436909E-01
  3.690500E+03 -6.332476E-02
  3.691000E+03  1.760866E-01
  3.691500E+03  4.205083E-01
  3.692000E+03  7.623358E-01
  3.692500E+03  1.019134E+00
  3.693000E+03  9.749966E-01
  3.693500E+03  6.544865E-01
  3.694000E+03  2.196623E-01
  3.694500E+03 -2.336563E-01
  3.695000E+03 -6.206374E-01
  3.695500E+03 -7.739696E-01
  3.696000E+03 -6.220148E-01
  3.696500E+03 -3.709742E-01
  3.697000E+03 -2.955189E-01
  3.697500E+03 -3.817712E-01
  3.698000E+03 -3.689999E-01
  3.698500E+03 -1.360031E-01
  3.699000E+03  1.450376E-01
  3.699500E+03  2.733018E-01
  3.700000E+03  2.630689E-01
  3.700500E+03  2.424340E-01
  3.701000E+03  2.442066E-01
  3.701500E+03  2.160409E-01
  3.702000E+03  1.656987E-01
  3.702500E+03  1.702202E-01
  3.703000E+03  2.463551E-01
  3.703500E+03  3.072737E-01
  3.704000E+03  2.813425E-01
  3.704500E+03  2.144531E-01
  3.705000E+03  1.982585E-01
  3.705500E+03  2.212424E-01
  3.706000E+03  1.662395E-01
  3.706500E+03 -1.901700E-02
  3.707000E+03 -2.192205E-01
  3.707500E+03 -2.912547E-01
  3.708000E+03 -2.665842E-01
  3.708500E+03 -3.159029E-01
  3.709000E+03 -5.128453E-01
  3.709500E+03 -7.313525E-01
  3.710000E+03 -8.031133E-01
  3.710500E+03 -6.877250E-01
  3.711000E+03 -4.533270E-01
  3.711500E+03 -1.808251E-01
  3.712000E+03  6.421475E-02
  3.712500E+03  2.530216E-01
  3.713000E+03  4.424606E-01
  3.713500E+03  7.122357E-01
  3.714000E+03  9.931193E-01
  3.714500E+03  1.063612E+00
  3.715000E+03  8.073296E-01
  3.715500E+03  3.779988E-01
  3.716000E+03  9.454858E-03
  3.716500E+03 -2.364109E-01
  3.717000E+03 -4.109422E-01
  3.717500E+03 -4.800386E-01
  3.718000E+03 -3.650004E-01
  3.718500E+03 -1.296891E-01
  3.719000E+03  4.646428E-02
  3.719500E+03  6.501380E-02
  3.720000E+03 -5.146098E-02
  3.720500E+03 -2.535610E-01
  3.721000E+03 -4.377120E-01
  3.721500E+03 -4.076770E-01
  3.722000E+03 -9.708189E-02
  3.722500E+03  2.096170E-01
  3.723000E+03  1.531855E-01
  3.723500E+03 -1.843943E-01
  3.724000E+03 -3.278891E-01
  3.724500E+03 -4.438279E-02
  3.725000E+03  3.656312E-01
  3.725500E+03  5.414177E-01
  3.726000E+03  5.204083E-01
  3.726500E+03  5.052742E-01
  3.727000E+03  4.448231E-01
  3.727500E+03  1.628956E-01
  3.728000E+03 -2.550353E-01
  3.728500E+03 -5.307609E-01
  3.729000E+03 -5.807351E-01
  3.729500E+03 -5.524276E-01
  3.730000E+03 -5.197207E-01
  3.730500E+03 -4.191848E-01
  3.731000E+03 -2.720692E-01
  3.731500E+03 -1.876955E-01
  3.732000E+03 -1.205551E-01
  3.732500E+03  1.017198E-01
  3.733000E+03  4.425739E-01
  3.733500E+03  6.144391E-01
  3.734000E+03  4.925530E-01
  3.734500E+03  3.395023E-01
  3.735000E+03  4.456543E-01
  3.735500E+03  7.113077E-01
  3.736000E+03  7.756878E-01
  3.736500E+03  4.693228E-01
  3.737000E+03 -2.785148E-02
  3.737500E+03 -4.330562E-01
  3.738000E+03 -6.279576E-01
  3.738500E+03 -6.840012E-01
  3.739000E+03 -7.080979E-01
  3.739500E+03 -6.895371E-01
  3.740000E+03 -5.109291E-01
  3.740500E+03 -1.453703E-01
  3.741000E+03  2.094751E-01
  3.741500E+03  3.176934E-01
  3.742000E+03  2.064562E-01
  3.742500E+03  1.132439E-01
  3.743000E+03  1.179680E-01
  3.743500E+03  4.563241E-02
  3.744000E+03 -1.756741E-01
  3.744500E+03 -2.935621E-01
  3.745000E+03 -6.232096E-02
  3.745500E+03  3.656313E-01
  3.746000E+03  6.082318E-01
  3.746500E+03  5.231619E-01
  3.747000E+03  2.883321E-01
  3.747500E+03  7.372141E-02
  3.748000E+03 -1.290188E-01
  3.748500E+03 -3.469445E-01
  3.749000E+03 -5.136016E-01
  3.749500E+03 -5.706333E-01
  3.750000E+03 -5.231971E-01
  3.750500E+03 -3.539071E-01
  3.751000E+03 -3.522349E-02
  3.751500E+03  3.237460E-01
  3.752000E+03  4.992962E-01
  3.752500E+03  4.086616E-01
  3.753000E+03  2.274908E-01
  3.753500E+03  1.660066E-01
  3.754000E+03  2.241186E-01
  3.754500E+03  2.588453E-01
  3.755000E+03  2.138578E-01
  3.755500E+03  1.714869E-01
  3.756000E+03  2.057473E-01
  3.756500E+03  2.729624E-01
  3.757000E+03  2.596485E-01
  3.757500E+03  1.024852E-01
  3.758000E+03 -1.462763E-01
  3.758500E+03 -3.700756E-01
  3.759000E+03 -5.107878E-01
  3.759500E+03 -6.168126E-01
  3.760000E+03 -7.411761E-01
  3.760500E+03 -8.356445E-01
  3.761000E+03 -8.086171E-01
  3.761500E+03 -6.458446E-01
  3.762000E+03 -3.881235E-01
  3.762500E+03 -3.650773E-02
  3.763000E+03  3.932060E-01
  3.763500E+03  7.502824E-01
  3.764000E+03  8.528241E-01
  3.764500E+03  7.399831E-01
  3.765000E+03  6.555076E-01
  3.765500E+03  7.128828E-01
  3.766000E+03  7.267757E-01
  3.766500E+03  4.718264E-01
  3.767000E+03 -1.710735E-02
  3.767500E+03 -5.010795E-01
  3.768000E+03 -7.714635E-01
  3.768500E+03 -7.241865E-01
  3.769000E+03 -3.411927E-01
  3.769500E+03  2.350121E-01
  3.770000E+03  6.936535E-01
  3.770500E+03  7.942638E-01
  3.771000E+03  5.801438E-01
  3.771500E+03  2.407680E-01
  3.772000E+03 -1.496900E-01
  3.772500E+03 -5.938699E-01
  3.773000E+03 -9.603049E-01
  3.773500E+03 -1.048301E+00
  3.774000E+03 -8.663467E-01
  3.774500E+03 -6.340109E-01
  3.775000E+03 -4.700734E-01
  3.775500E+03 -2.744289E-01
  3.776000E+03  2.557222E-02
  3.776500E+03  3.140026E-01
  3.777000E+03  4.719050E-01
  3.777500E+03  5.444359E-01
  3.778000E+03  5.928517E-01
  3.778500E+03  5.417392E-01
  3.779000E+03  3.462727E-01
  3.779500E+03  1.885827E-01
  3.780000E+03  2.929234E-01
  3.780500E+03  5.855092E-01
  3.781000E+03  7.307270E-01
  3.781500E+03  5.164704E-01
  3.782000E+03  5.779881E-02
  3.782500E+03 -3.861957E-01
  3.783000E+03 -6.470079E-01
  3.783500E+03 -6.804223E-01
  3.784000E+03 -5.376955E-01
  3.784500E+03 -3.818504E-01
  3.785000E+03 -3.927582E-01
  3.785500E+03 -5.434621E-01
  3.786000E+03 -5.711170E-01
  3.786500E+03 -2.916208E-01
  3.787000E+03  1.386355E-01
  3.787500E+03  4.149851E-01
  3.788000E+03  4.699297E-01
  3.788500E+03  4.799120E-01
  3.789000E+03  5.074105E-01
  3.789500E+03  3.763813E-01
  3.790000E+03  4.462212E-03
  3.790500E+03 -3.450112E-01
  3.791000E+03 -3.365053E-01
  3.791500E+03  2.002015E-02
  3.792000E+03  4.199649E-01
  3.792500E+03  6.574502E-01
  3.793000E+03  7.423921E-01
  3.793500E+03  6.609746E-01
  3.794000E+03  3.063436E-01
  3.794500E+03 -2.650560E-01
  3.795000E+03 -7.541139E-01
  3.795500E+03 -9.500830E-01
  3.796000E+03 -9.566523E-01
  3.796500E+03 -9.319594E-01
  3.797000E+03 -7.993581E-01
  3.797500E+03 -4.416883E-01
  3.798000E+03 -2.328281E-02
  3.798500E+03  1.718823E-01
  3.799000E+03  1.480736E-01
  3.799500E+03  1.571091E-01
  3.800000E+03  2.866224E-01
  3.800500E+03  3.880682E-01
  3.801000E+03  4.145901E-01
  3.801500E+03  4.985755E-01
  3.802000E+03  6.241929E-01
  3.802500E+03  5.676655E-01
  3.803000E+03  3.179388E-01
  3.803500E+03  2.285261E-01
  3.804000E+03  5.038728E-01
  3.804500E+03  8.020301E-01
  3.805000E+03  6.617990E-01
  3.805500E+03  1.469940E-01
  3.806000E+03 -2.674755E-01
  3.806500E+03 -3.501413E-01
  3.807000E+03 -3.209453E-01
  3.807500E+03 -4.356350E-01
  3.808000E+03 -6.769115E-01
  3.808500E+03 -9.008579E-01
  3.809000E+03 -1.033366E+00
  3.809500E+03 -1.049669E+00
  3.810000E+03 -9.518641E-01
  3.810500E+03 -8.172218E-01
  3.811000E+03 -7.026491E-01
  3.811500E+03 -4.896588E-01
  3.812000E+03 -2.060566E-02
  3.812500E+03  5.907791E-01
  3.813000E+03  1.002892E+00
  3.813500E+03  1.052520E+00
  3.814000E+03  9.124889E-01
  3.814500E+03  7.927793E-01
  3.815000E+03  7.126776E-01
  3.815500E+03  6.491294E-01
  3.816000E+03  6.597281E-01
  3.816500E+03  7.128815E-01
  3.817000E+03  6.190800E-01
  3.817500E+03  3.165660E-01
  3.818000E+03  4.128879E-02
  3.818500E+03  8.535286E-03
  3.819000E+03  7.702896E-02
  3.819500E+03 -5.098876E-02
  3.820000E+03 -4.115310E-01
  3.820500E+03 -7.848223E-01
  3.821000E+03 -1.032654E+00
  3.821500E+03 -1.195738E+00
  3.822000E+03 -1.291246E+00
  3.822500E+03 -1.231085E+00
  3.823000E+03 -9.578020E-01
  3.823500E+03 -5.161988E-01
  3.824000E+03  1.657678E-04
  3.824500E+03  4.609488E-01
  3.825000E+03  7.229827E-01
  3.825500E+03  7.826261E-01
  3.826000E+03  8.183639E-01
  3.826500E+03  9.114199E-01
  3.827000E+03  8.345070E-01
  3.827500E+03  3.633241E-01
  3.828000E+03 -2.797846E-01
  3.828500E+03 -5.985492E-01
  3.829000E+03 -4.360224E-01
  3.829500E+03 -1.055432E-01
  3.830000E+03  1.288383E-01
  3.830500E+03  3.545005E-01
  3.831000E+03  6.574551E-01
  3.831500E+03  8.096785E-01
  3.832000E+03  5.781216E-01
  3.832500E+03  1.287475E-01
  3.833000E+03 -1.658054E-01
  3.833500E+03 -2.008486E-01
  3.834000E+03 -1.670144E-01
  3.834500E+03 -1.940550E-01
  3.835000E+03 -2.330583E-01
  3.835500E+03 -2.664221E-01
  3.836000E+03 -3.815863E-01
  3.836500E+03 -5.867501E-01
  3.837000E+03 -7.371074E-01
  3.837500E+03 -7.115978E-01
  3.838000E+03 -5.406303E-01
  3.838500E+03 -3.122753E-01
  3.839000E+03 -5.705213E-02
  3.839500E+03  2.255620E-01
  3.840000E+03  5.017798E-01
  3.840500E+03  7.042286E-01
  3.841000E+03  7.559791E-01
  3.841500E+03  5.974529E-01
  3.842000E+03  2.520134E-01
  3.842500E+03 -1.322699E-01
  3.843000E+03 -3.630900E-01
  3.843500E+03 -3.415960E-01
  3.844000E+03 -1.135860E-01
  3.844500E+03  1.709925E-01
  3.845000E+03  3.287656E-01
  3.845500E+03  2.641540E-01
  3.846000E+03  9.011339E-02
  3.846500E+03  3.868372E-02
  3.847000E+03  1.602010E-01
  3.847500E+03  2.159063E-01
  3.848000E+03  2.673628E-03
  3.848500E+03 -3.219275E-01
  3.849000E+03 -4.300895E-01
  3.849500E+03 -2.676073E-01
  3.850000E+03 -7.748050E-02
  3.850500E+03 -6.999768E-03
  3.851000E+03  4.609310E-02
  3.851500E+03  1.557460E-01
  3.852000E+03  2.064512E-01
  3.852500E+03  1.259751E-01
  3.853000E+03  4.224914E-02
  3.853500E+03  4.277171E-02
  3.854000E+03 -2.248757E-02
  3.854500E+03 -2.924866E-01
  3.855000E+03 -6.038440E-01
  3.855500E+03 -6.805957E-01
  3.856000E+03 -5.121433E-01
  3.856500E+03 -3.007620E-01
  3.857000E+03 -1.025931E-01
  3.857500E+03  2.015797E-01
  3.858000E+03  5.730377E-01
  3.858500E+03  7.405797E-01
  3.859000E+03  5.723432E-01
  3.859500E+03  3.057454E-01
  3.860000E+03  2.438236E-01
  3.860500E+03  3.630229E-01
  3.861000E+03  3.988871E-01
  3.861500E+03  2.401082E-01
  3.862000E+03  4.994435E-02
  3.862500E+03  4.928988E-04
  3.863000E+03  4.659447E-02
  3.863500E+03  2.133901E-02
  3.864000E+03 -1.475558E-01
  3.864500E+03 -3.979711E-01
  3.865000E+03 -6.533289E-01
  3.865500E+03 -8.835507E-01
  3.866000E+03 -1.038195E+00
  3.866500E+03 -1.001604E+00
  3.867000E+03 -6.868454E-01
  3.867500E+03 -1.662761E-01
  3.868000E+03  3.460309E-01
  3.868500E+03  6.632091E-01
  3.869000E+03  7.535609E-01
  3.869500E+03  7.019157E-01
  3.870000E+03  5.998132E-01
  3.870500E+03  5.076569E-01
  3.871000E+03  4.715467E-01
  3.871500E+03  5.005416E-01
  3.872000E+03  5.299081E-01
  3.872500E+03  4.684442E-01
  3.873000E+03  3.006269E-01
  3.873500E+03  1.026595E-01
  3.874000E+03 -5.897158E-02
  3.874500E+03 -2.090714E-01
  3.875000E+03 -4.175635E-01
  3.875500E+03 -6.918045E-01
  3.876000E+03 -9.442545E-01
  3.876500E+03 -1.068667E+00
  3.877000E+03 -1.030440E+00
  3.877500E+03 -8.685666E-01
  3.878000E+03 -6.193242E-01
  3.878500E+03 -2.791928E-01
  3.879000E+03  1.244517E-01
  3.879500E+03  4.645655E-01
  3.880000E+03  6.045151E-01
  3.880500E+03  5.800214E-01
  3.881000E+03  6.067629E-01
  3.881500E+03  8.324528E-01
  3.882000E+03  1.122893E+00
  3.882500E+03  1.175978E+00
  3.883000E+03  8.426360E-01
  3.883500E+03  2.751500E-01
  3.884000E+03 -2.369425E-01
  3.884500E+03 -5.175909E-01
  3.885000E+03 -5.899054E-01
  3.885500E+03 -5.810070E-01
  3.886000E+03 -5.847172E-01
  3.886500E+03 -6.012603E-01
  3.887000E+03 -5.818329E-01
  3.887500E+03 -5.035444E-01
  3.888000E+03 -3.706837E-01
  3.888500E+03 -1.639845E-01
  3.889000E+03  1.263166E-01
  3.889500E+03  3.916047E-01
  3.890000E+03  4.389795E-01
  3.890500E+03  2.293021E-01
  3.891000E+03  2.398258E-03
  3.891500E+03  3.568147E-02
  3.892000E+03  3.160438E-01
  3.892500E+03  5.775922E-01
  3.893000E+03  6.281093E-01
  3.893500E+03  4.814116E-01
  3.894000E+03  1.845818E-01
  3.894500E+03 -2.733064E-01
  3.895000E+03 -8.021309E-01
  3.895500E+03 -1.137997E+00
  3.896000E+03 -1.071497E+00
  3.896500E+03 -6.665972E-01
  3.897000E+03 -1.627403E-01
  3.897500E+03  2.488690E-01
  3.898000E+03  4.716084E-01
  3.898500E+03  4.596124E-01
  3.899000E+03  2.830069E-01
  3.899500E+03  1.627187E-01
  3.900000E+03  2.733320E-01
  3.900500E+03  5.251786E-01
  3.901000E+03  6.687078E-01
  3.901500E+03  6.010664E-01
  3.902000E+03  4.465747E-01
  3.902500E+03  3.378916E-01
  3.903000E+03  2.469103E-01
  3.903500E+03  6.843551E-02
  3.904000E+03 -2.202133E-01
  3.904500E+03 -5.278310E-01
  3.905000E+03 -7.311908E-01
  3.905500E+03 -7.732810E-01
  3.906000E+03 -7.105193E-01
  3.906500E+03 -6.475032E-01
  3.907000E+03 -5.992819E-01
  3.907500E+03 -4.718305E-01
  3.908000E+03 -2.215540E-01
  3.908500E+03  5.745746E-02
  3.909000E+03  2.891448E-01
  3.909500E+03  5.391458E-01
  3.910000E+03  8.258536E-01
  3.910500E+03  9.187407E-01
  3.911000E+03  5.792460E-01
  3.911500E+03 -1.557595E-02
  3.912000E+03 -3.709391E-01
  3.912500E+03 -2.733986E-01
  3.913000E+03 -3.902815E-02
  3.913500E+03 -3.105108E-02
  3.914000E+03 -1.726173E-01
  3.914500E+03 -1.562660E-01
  3.915000E+03  5.041769E-02
  3.915500E+03  2.015033E-01
  3.916000E+03  1.962325E-01
  3.916500E+03  2.007162E-01
  3.917000E+03  3.119139E-01
  3.917500E+03  3.615850E-01
  3.918000E+03  1.761567E-01
  3.918500E+03 -1.440864E-01
  3.919000E+03 -3.522414E-01
  3.919500E+03 -3.583633E-01
  3.920000E+03 -2.671368E-01
  3.920500E+03 -1.759388E-01
  3.921000E+03 -8.574124E-02
  3.921500E+03 -1.018387E-02
  3.922000E+03 -2.999371E-02
  3.922500E+03 -1.664616E-01
  3.923000E+03 -2.847685E-01
  3.923500E+03 -2.262785E-01
  3.924000E+03 -1.334008E-02
  3.924500E+03  1.793485E-01
  3.925000E+03  2.655555E-01
  3.925500E+03  3.382075E-01
  3.926000E+03  4.527028E-01
  3.926500E+03  4.460012E-01
  3.927000E+03  1.329861E-01
  3.927500E+03 -3.677651E-01
  3.928000E+03 -6.949455E-01
  3.928500E+03 -6.553419E-01
  3.929000E+03 -4.040804E-01
  3.929500E+03 -1.693602E-01
  3.930000E+03  1.192713E-02
  3.930500E+03  1.815185E-01
  3.931000E+03  2.765686E-01
  3.931500E+03  2.436329E-01
  3.932000E+03  2.023584E-01
  3.932500E+03  2.810560E-01
  3.933000E+03  3.727129E-01
  3.933500E+03  2.858216E-01
  3.934000E+03  9.610336E-02
  3.934500E+03  9.231851E-02
  3.935000E+03  3.437245E-01
  3.935500E+03  5.642842E-01
  3.936000E+03  4.947464E-01
  3.936500E+03  2.117925E-01
  3.937000E+03 -6.507702E-02
  3.937500E+03 -2.895556E-01
  3.938000E+03 -5.350773E-01
  3.938500E+03 -7.459855E-01
  3.939000E+03 -7.502346E-01
  3.939500E+03 -5.103269E-01
  3.940000E+03 -2.190481E-01
  3.940500E+03 -1.151405E-01
  3.941000E+03 -2.660266E-01
  3.941500E+03 -5.288830E-01
  3.942000E+03 -6.768969E-01
  3.942500E+03 -5.772211E-01
  3.943000E+03 -2.853442E-01
  3.943500E+03  4.180293E-02
  3.944000E+03  3.240468E-01
  3.944500E+03  5.999257E-01
  3.945000E+03  8.934793E-01
  3.945500E+03  1.131036E+00
  3.946000E+03  1.225322E+00
  3.946500E+03  1.153307E+00
  3.947000E+03  9.077517E-01
  3.947500E+03  4.764358E-01
  3.948000E+03 -5.821639E-02
  3.948500E+03 -4.987590E-01
  3.949000E+03 -7.089859E-01
  3.949500E+03 -7.368848E-01
  3.950000E+03 -6.815487E-01
  3.950500E+03 -5.385711E-01
  3.951000E+03 -2.924163E-01
  3.951500E+03 -6.003669E-02
  3.952000E+03  2.169450E-02
  3.952500E+03 -7.990592E-03
  3.953000E+03 -2.262075E-02
  3.953500E+03 -5.489622E-02
  3.954000E+03 -2.550161E-01
  3.954500E+03 -5.880455E-01
  3.955000E+03 -7.741602E-01
  3.955500E+03 -6.152250E-01
  3.956000E+03 -2.339601E-01
  3.956500E+03  1.116810E-01
  3.957000E+03  3.363291E-01
  3.957500E+03  5.293704E-01
  3.958000E+03  7.237872E-01
  3.958500E+03  8.043246E-01
  3.959000E+03  6.604401E-01
  3.959500E+03  3.495930E-01
  3.960000E+03  6.376758E-02
  3.960500E+03 -5.221730E-02
  3.961000E+03 -2.037242E-02
  3.961500E+03  4.964991E-02
  3.962000E+03  1.297235E-01
  3.962500E+03  2.809857E-01
  3.963000E+03  4.663505E-01
  3.963500E+03  4.692003E-01
  3.964000E+03  1.189699E-01
  3.964500E+03 -4.539198E-01
  3.965000E+03 -9.155162E-01
  3.965500E+03 -1.059610E+00
  3.966000E+03 -9.309205E-01
  3.966500E+03 -6.637922E-01
  3.967000E+03 -3.645696E-01
  3.967500E+03 -1.505025E-01
  3.968000E+03 -1.126799E-01
  3.968500E+03 -1.718160E-01
  3.969000E+03 -1.178891E-01
  3.969500E+03  1.321975E-01
  3.970000E+03  4.402951E-01
  3.970500E+03  6.674810E-01
  3.971000E+03  8.420374E-01
  3.971500E+03  1.021135E+00
  3.972000E+03  1.129182E+00
  3.972500E+03  1.055616E+00
  3.973000E+03  8.080903E-01
  3.973500E+03  4.577743E-01
  3.974000E+03  3.083982E-02
  3.974500E+03 -4.408509E-01
  3.975000E+03 -8.635717E-01
  3.975500E+03 -1.182987E+00
  3.976000E+03 -1.433958E+00
  3.976500E+03 -1.585030E+00
  3.977000E+03 -1.473438E+00
  3.977500E+03 -1.042818E+00
  3.978000E+03 -5.076680E-01
  3.978500E+03 -9.424871E-02
  3.979000E+03  2.600905E-01
  3.979500E+03  7.292526E-01
  3.980000E+03  1.224002E+00
  3.980500E+03  1.457600E+00
  3.981000E+03  1.334846E+00
  3.981500E+03  1.012566E+00
  3.982000E+03  6.057346E-01
  3.982500E+03  1.311898E-01
  3.983000E+03 -2.428555E-01
  3.983500E+03 -2.299728E-01
  3.984000E+03  1.628457E-01
  3.984500E+03  5.242972E-01
  3.985000E+03  4.990378E-01
  3.985500E+03  1.521253E-01
  3.986000E+03 -2.551986E-01
  3.986500E+03 -6.122510E-01
  3.987000E+03 -8.949417E-01
  3.987500E+03 -9.884364E-01
  3.988000E+03 -8.456023E-01
  3.988500E+03 -6.784296E-01
  3.989000E+03 -7.057833E-01
  3.989500E+03 -7.810609E-01
  3.990000E+03 -5.492119E-01
  3.990500E+03  2.838634E-02
  3.991000E+03  5.543749E-01
  3.991500E+03  6.571386E-01
  3.992000E+03  3.900619E-01
  3.992500E+03  1.051292E-01
  3.993000E+03  7.000752E-02
  3.993500E+03  2.825835E-01
  3.994000E+03  5.614780E-01
  3.994500E+03  7.323376E-01
  3.995000E+03  7.454248E-01
  3.995500E+03  6.384613E-01
  3.996000E+03  4.126119E-01
  3.996500E+03  4.053149E-02
  3.997000E+03 -3.567720E-01
  3.997500E+03 -4.865272E-01
  3.998000E+03 -2.005485E-01
  3.998500E+03  2.455765E-01
  3.999000E+03  4.406924E-01
  3.999500E+03  2.911725E-01
  4.000000E+03  5.106509E-02
  4.000500E+03 -1.008597E-01
  4.001000E+03 -2.703031E-01
  4.001500E+03 -5.680018E-01
  4.002000E+03 -8.508804E-01
  4.002500E+03 -8.978030E-01
  4.003000E+03 -7.085194E-01
  4.003500E+03 -4.746070E-01
  4.004000E+03 -3.280658E-01
  4.004500E+03 -2.421418E-01
  4.005000E+03 -1.291502E-01
  4.005500E+03  6.742315E-02
  4.006000E+03  3.407648E-01
  4.006500E+03  5.960001E-01
  4.007000E+03  6.902139E-01
  4.007500E+03  5.690163E-01
  4.008000E+03  3.388972E-01
  4.008500E+03  1.566336E-01
  4.009000E+03  8.771792E-02
  4.009500E+03  1.165182E-01
  4.010000E+03  2.295041E-01
  4.010500E+03  4.049461E-01
  4.011000E+03  5.500714E-01
  4.011500E+03  5.308106E-01
  4.012000E+03  2.841423E-01
  4.012500E+03 -1.122064E-01
  4.013000E+03 -4.720036E-01
  4.013500E+03 -6.209075E-01
  4.014000E+03 -5.466224E-01
  4.014500E+03 -4.273513E-01
  4.015000E+03 -4.319781E-01
  4.015500E+03 -4.936296E-01
  4.016000E+03 -3.958568E-01
  4.016500E+03 -1.011414E-01
  4.017000E+03  1.634041E-01
  4.017500E+03  2.264196E-01
  4.018000E+03  2.175990E-01
  4.018500E+03  3.445205E-01
  4.019000E+03  5.424495E-01
  4.019500E+03  5.395291E-01
  4.020000E+03  2.257444E-01
  4.020500E+03 -2.219906E-01
  4.021000E+03 -5.734359E-01
  4.021500E+03 -7.384664E-01
  4.022000E+03 -7.150506E-01
  4.022500E+03 -5.138895E-01
  4.023000E+03 -2.072814E-01
  4.023500E+03  6.120027E-02
  4.024000E+03  2.022041E-01
  4.024500E+03  2.646687E-01
  4.025000E+03  3.497455E-01
  4.025500E+03  4.850308E-01
  4.026000E+03  6.110212E-01
  4.026500E+03  6.524777E-01
  4.027000E+03  5.886054E-01
  4.027500E+03  4.817170E-01
  4.028000E+03  4.225773E-01
  4.028500E+03  4.104025E-01
  4.029000E+03  3.297688E-01
  4.029500E+03  1.112704E-01
  4.030000E+03 -1.460808E-01
  4.030500E+03 -3.232771E-01
  4.031000E+03 -4.957373E-01
  4.031500E+03 -8.297684E-01
  4.032000E+03 -1.265329E+00
  4.032500E+03 -1.491661E+00
  4.033000E+03 -1.307976E+00
  4.033500E+03 -8.517058E-01
  4.034000E+03 -3.791212E-01
  4.034500E+03  2.821121E-02
  4.035000E+03  4.086757E-01
  4.035500E+03  7.095262E-01
  4.036000E+03  8.244189E-01
  4.036500E+03  7.916061E-01
  4.037000E+03  7.717661E-01
  4.037500E+03  8.203327E-01
  4.038000E+03  8.290112E-01
  4.038500E+03  7.177707E-01
  4.039000E+03  5.437514E-01
  4.039500E+03  3.641434E-01
  4.040000E+03  1.273043E-01
  4.040500E+03 -1.870913E-01
  4.041000E+03 -4.150144E-01
  4.041500E+03 -3.623522E-01
  4.042000E+03 -1.077410E-01
  4.042500E+03  1.068941E-02
  4.043000E+03 -2.165058E-01
  4.043500E+03 -6.208882E-01
  4.044000E+03 -9.079218E-01
  4.044500E+03 -1.037773E+00
  4.045000E+03 -1.151121E+00
  4.045500E+03 -1.173696E+00
  4.046000E+03 -7.991884E-01
  4.046500E+03  1.916606E-02
  4.047000E+03  8.256039E-01
  4.047500E+03  1.143285E+00
  4.048000E+03  1.029062E+00
  4.048500E+03  8.865322E-01
  4.049000E+03  8.602757E-01
  4.049500E+03  7.465935E-01
  4.050000E+03  4.524867E-01
  4.050500E+03  1.663802E-01
  4.051000E+03  1.037118E-02
  4.051500E+03 -1.295235E-01
  4.052000E+03 -3.040315E-01
  4.052500E+03 -3.612200E-01
  4.053000E+03 -2.789255E-01
  4.053500E+03 -3.155563E-01
  4.054000E+03 -5.880785E-01
  4.054500E+03 -7.869625E-01
  4.055000E+03 -6.074186E-01
  4.055500E+03 -2.169487E-01
  4.056000E+03  4.384156E-02
  4.056500E+03  2.038410E-01
  4.057000E+03  4.989053E-01
  4.057500E+03  8.278913E-01
  4.058000E+03  8.396817E-01
  4.058500E+03  5.130596E-01
  4.059000E+03  1.884419E-01
  4.059500E+03  2.235046E-03
  4.060000E+03 -2.528029E-01
  4.060500E+03 -6.232621E-01
  4.061000E+03 -8.171207E-01
  4.061500E+03 -6.988170E-01
  4.062000E+03 -5.304414E-01
  4.062500E+03 -4.856903E-01
  4.063000E+03 -3.256942E-01
  4.063500E+03  1.350671E-01
  4.064000E+03  5.940233E-01
  4.064500E+03  6.684126E-01
  4.065000E+03  4.698924E-01
  4.065500E+03  3.718465E-01
  4.066000E+03  4.080261E-01
  4.066500E+03  3.334528E-01
  4.067000E+03  1.548278E-01
  4.067500E+03  1.411283E-01
  4.068000E+03  3.179072E-01
  4.068500E+03  3.680710E-01
  4.069000E+03  1.090714E-01
  4.069500E+03 -2.680673E-01
  4.070000E+03 -5.269487E-01
  4.070500E+03 -6.607755E-01
  4.071000E+03 -7.302357E-01
  4.071500E+03 -6.781641E-01
  4.072000E+03 -4.416866E-01
  4.072500E+03 -7.992907E-02
  4.073000E+03  2.961555E-01
  4.073500E+03  5.776306E-01
  4.074000E+03  6.225986E-01
  4.074500E+03  3.662107E-01
  4.075000E+03 -1.731913E-03
  4.075500E+03 -1.871307E-01
  4.076000E+03 -1.678215E-01
  4.076500E+03 -1.911886E-01
  4.077000E+03 -3.427709E-01
  4.077500E+03 -3.891470E-01
  4.078000E+03 -1.668631E-01
  4.078500E+03  1.400645E-01
  4.079000E+03  2.863699E-01
  4.079500E+03  2.998541E-01
  4.080000E+03  3.272451E-01
  4.080500E+03  3.424398E-01
  4.081000E+03  2.361946E-01
  4.081500E+03  4.999858E-02
  4.082000E+03 -9.790783E-02
  4.082500E+03 -1.969728E-01
  4.083000E+03 -2.521180E-01
  4.083500E+03 -1.430153E-01
  4.084000E+03  1.877049E-01
  4.084500E+03  5.131528E-01
  4.085000E+03  5.442560E-01
  4.085500E+03  3.068950E-01
  4.086000E+03  5.531900E-02
  4.086500E+03 -1.265916E-01
  4.087000E+03 -3.647310E-01
  4.087500E+03 -6.582555E-01
  4.088000E+03 -7.941818E-01
  4.088500E+03 -6.536681E-01
  4.089000E+03 -3.685174E-01
  4.089500E+03 -1.051013E-01
  4.090000E+03  1.031955E-01
  4.090500E+03  2.450200E-01
  4.091000E+03  2.595247E-01
  4.091500E+03  1.697958E-01
  4.092000E+03  1.166481E-01
  4.092500E+03  1.664268E-01
  4.093000E+03  2.300793E-01
  4.093500E+03  2.411159E-01
  4.094000E+03  2.508915E-01
  4.094500E+03  2.715647E-01
  4.095000E+03  2.061471E-01
  4.095500E+03  4.522990E-02
  4.096000E+03 -4.306486E-02
  4.096500E+03  3.124588E-02
  4.097000E+03  8.102282E-02
  4.097500E+03 -1.233348E-01
  4.098000E+03 -5.105795E-01
  4.098500E+03 -7.637599E-01
  4.099000E+03 -6.667782E-01
  4.099500E+03 -2.734872E-01
  4.100000E+03  2.054198E-01
  4.100500E+03  5.638112E-01
  4.101000E+03  7.073114E-01
  4.101500E+03  7.109496E-01
  4.102000E+03  7.160488E-01
  4.102500E+03  6.932117E-01
  4.103000E+03  4.244222E-01
  4.103500E+03 -1.543822E-01
  4.104000E+03 -7.296228E-01
  4.104500E+03 -9.290640E-01
  4.105000E+03 -7.753693E-01
  4.105500E+03 -5.936193E-01
  4.106000E+03 -5.224208E-01
  4.106500E+03 -3.899710E-01
  4.107000E+03 -9.876920E-02
  4.107500E+03  1.494635E-01
  4.108000E+03  1.415734E-01
  4.108500E+03 -3.918812E-02
  4.109000E+03 -1.512907E-01
  4.109500E+03 -1.027321E-01
  4.110000E+03  3.210027E-02
  4.110500E+03  1.998652E-01
  4.111000E+03  4.115427E-01
  4.111500E+03  6.468863E-01
  4.112000E+03  8.445252E-01
  4.112500E+03  9.580297E-01
  4.113000E+03  9.261913E-01
  4.113500E+03  6.415885E-01
  4.114000E+03  7.787666E-02
  4.114500E+03 -5.664992E-01
  4.115000E+03 -9.747672E-01
  4.115500E+03 -9.895218E-01
  4.116000E+03 -7.178996E-01
  4.116500E+03 -3.703246E-01
  4.117000E+03 -8.298561E-02
  4.117500E+03  1.012539E-01
  4.118000E+03  1.882596E-01
  4.118500E+03  2.230595E-01
  4.119000E+03  2.577892E-01
  4.119500E+03  2.789573E-01
  4.120000E+03  2.117926E-01
  4.120500E+03  3.058682E-02
  4.121000E+03 -1.900494E-01
  4.121500E+03 -3.751855E-01
  4.122000E+03 -5.363780E-01
  4.122500E+03 -6.883519E-01
  4.123000E+03 -7.359005E-01
  4.123500E+03 -5.593252E-01
  4.124000E+03 -2.105911E-01
  4.124500E+03  9.499462E-02
  4.125000E+03  2.338953E-01
  4.125500E+03  3.272633E-01
  4.126000E+03  5.565047E-01
  4.126500E+03  8.910188E-01
  4.127000E+03  1.106405E+00
  4.127500E+03  1.050538E+00
  4.128000E+03  7.868204E-01
  4.128500E+03  4.710834E-01
  4.129000E+03  1.910475E-01
  4.129500E+03 -4.177820E-02
  4.130000E+03 -2.338780E-01
  4.130500E+03 -3.963363E-01
  4.131000E+03 -5.271953E-01
  4.131500E+03 -5.747533E-01
  4.132000E+03 -4.940535E-01
  4.132500E+03 -3.712408E-01
  4.133000E+03 -3.860086E-01
  4.133500E+03 -5.809548E-01
  4.134000E+03 -7.694356E-01
  4.134500E+03 -7.654124E-01
  4.135000E+03 -6.067021E-01
  4.135500E+03 -4.351028E-01
  4.136000E+03 -2.603016E-01
  4.136500E+03 -8.271235E-03
  4.137000E+03  2.776619E-01
  4.137500E+03  4.973329E-01
  4.138000E+03  7.232742E-01
  4.138500E+03  1.124738E+00
  4.139000E+03  1.614860E+00
  4.139500E+03  1.801585E+00
  4.140000E+03  1.407141E+00
  4.140500E+03  5.812016E-01
  4.141000E+03 -2.966752E-01
  4.141500E+03 -9.644246E-01
  4.142000E+03 -1.325958E+00
  4.142500E+03 -1.348666E+00
  4.143000E+03 -1.107526E+00
  4.143500E+03 -8.182313E-01
  4.144000E+03 -6.327113E-01
  4.144500E+03 -4.603281E-01
  4.145000E+03 -1.433806E-01
  4.145500E+03  2.668535E-01
  4.146000E+03  5.769971E-01
  4.146500E+03  7.211160E-01
  4.147000E+03  7.687166E-01
  4.147500E+03  7.112318E-01
  4.148000E+03  4.605557E-01
  4.148500E+03  6.722723E-02
  4.149000E+03 -2.641699E-01
  4.149500E+03 -4.161054E-01
  4.150000E+03 -4.382406E-01
  4.150500E+03 -3.543579E-01
  4.151000E+03 -9.021396E-02
  4.151500E+03  3.211476E-01
  4.152000E+03  6.400541E-01
  4.152500E+03  6.530651E-01
  4.153000E+03  3.918681E-01
  4.153500E+03  2.583885E-02
  4.154000E+03 -3.402385E-01
  4.154500E+03 -6.506281E-01
  4.155000E+03 -8.016348E-01
  4.155500E+03 -7.167234E-01
  4.156000E+03 -4.709183E-01
  4.156500E+03 -2.204086E-01
  4.157000E+03 -3.658461E-02
  4.157500E+03  1.042154E-01
  4.158000E+03  2.104425E-01
  4.158500E+03  2.520514E-01
  4.159000E+03  2.292021E-01
  4.159500E+03  1.927966E-01
  4.160000E+03  2.045749E-01
  4.160500E+03  3.004105E-01
  4.161000E+03  4.427577E-01
  4.161500E+03  4.926690E-01
  4.162000E+03  3.278854E-01
  4.162500E+03  3.913552E-02
  4.163000E+03 -1.081961E-01
  4.163500E+03  3.507845E-03
  4.164000E+03  1.737494E-01
  4.164500E+03  1.512586E-01
  4.165000E+03 -3.884058E-02
  4.165500E+03 -1.837963E-01
  4.166000E+03 -2.027857E-01
  4.166500E+03 -1.916347E-01
  4.167000E+03 -2.055705E-01
  4.167500E+03 -1.997028E-01
  4.168000E+03 -1.749237E-01
  4.168500E+03 -1.943886E-01
  4.169000E+03 -2.462118E-01
  4.169500E+03 -2.677259E-01
  4.170000E+03 -3.125611E-01
  4.170500E+03 -4.902721E-01
  4.171000E+03 -7.049605E-01
  4.171500E+03 -6.786813E-01
  4.172000E+03 -3.259039E-01
  4.172500E+03  1.050301E-01
  4.173000E+03  3.888838E-01
  4.173500E+03  6.133946E-01
  4.174000E+03  9.283900E-01
  4.174500E+03  1.189847E+00
  4.175000E+03  1.122442E+00
  4.175500E+03  7.553819E-01
  4.176000E+03  4.175520E-01
  4.176500E+03  2.840081E-01
  4.177000E+03  1.712420E-01
  4.177500E+03 -1.336717E-01
  4.178000E+03 -5.338471E-01
  4.178500E+03 -7.487052E-01
  4.179000E+03 -6.682182E-01
  4.179500E+03 -4.433627E-01
  4.180000E+03 -2.699170E-01
  4.180500E+03 -2.023361E-01
  4.181000E+03 -1.857549E-01
  4.181500E+03 -1.796224E-01
  4.182000E+03 -1.958307E-01
  4.182500E+03 -2.398369E-01
  4.183000E+03 -2.641421E-01
  4.183500E+03 -2.058942E-01
  4.184000E+03 -5.751185E-02
  4.184500E+03  1.288549E-01
  4.185000E+03  3.006091E-01
  4.185500E+03  4.253299E-01
  4.186000E+03  4.507149E-01
  4.186500E+03  3.137256E-01
  4.187000E+03  3.217857E-02
  4.187500E+03 -2.664695E-01
  4.188000E+03 -4.581877E-01
  4.188500E+03 -5.134356E-01
  4.189000E+03 -4.263211E-01
  4.189500E+03 -1.411866E-01
  4.190000E+03  3.279896E-01
  4.190500E+03  7.528647E-01
  4.191000E+03  8.339204E-01
  4.191500E+03  5.329329E-01
  4.192000E+03  1.436555E-01
  4.192500E+03 -2.986002E-02
  4.193000E+03  2.939294E-02
  4.193500E+03  1.386561E-01
  4.194000E+03  1.950956E-01
  4.194500E+03  2.468318E-01
  4.195000E+03  3.285354E-01
  4.195500E+03  3.574800E-01
  4.196000E+03  2.242970E-01
  4.196500E+03 -8.339070E-02
  4.197000E+03 -4.760504E-01
  4.197500E+03 -8.314882E-01
  4.198000E+03 -1.046570E+00
  4.198500E+03 -1.072439E+00
  4.199000E+03 -9.473713E-01
  4.199500E+03 -7.728862E-01
  4.200000E+03 -6.088689E-01
  4.200500E+03 -3.977818E-01
  4.201000E+03 -4.790292E-02
  4.201500E+03  3.900194E-01
  4.202000E+03  6.939420E-01
  4.202500E+03  6.919213E-01
  4.203000E+03  4.919953E-01
  4.203500E+03  4.012832E-01
  4.204000E+03  5.891925E-01
  4.204500E+03  9.033738E-01
  4.205000E+03  1.061216E+00
  4.205500E+03  9.511895E-01
  4.206000E+03  6.791450E-01
  4.206500E+03  3.861385E-01
  4.207000E+03  1.266577E-01
  4.207500E+03 -1.011519E-01
  4.208000E+03 -3.149679E-01
  4.208500E+03 -5.450896E-01
  4.209000E+03 -7.848957E-01
  4.209500E+03 -9.393576E-01
  4.210000E+03 -9.096295E-01
  4.210500E+03 -7.363127E-01
  4.211000E+03 -5.657187E-01
  4.211500E+03 -4.601106E-01
  4.212000E+03 -3.447040E-01
  4.212500E+03 -1.691825E-01
  4.213000E+03 -3.064734E-03
  4.213500E+03  8.946432E-02
  4.214000E+03  1.598028E-01
  4.214500E+03  2.747234E-01
  4.215000E+03  3.953953E-01
  4.215500E+03  4.519167E-01
  4.216000E+03  4.625093E-01
  4.216500E+03  4.714098E-01
  4.217000E+03  4.298649E-01
  4.217500E+03  2.625632E-01
  4.218000E+03  2.328834E-02
  4.218500E+03 -1.322553E-01
  4.219000E+03 -1.252560E-01
  4.219500E+03 -1.794433E-02
  4.220000E+03  8.460192E-02
  4.220500E+03  1.102540E-01
  4.221000E+03  2.703645E-02
  4.221500E+03 -1.133568E-01
  4.222000E+03 -1.503937E-01
  4.222500E+03  4.214236E-02
  4.223000E+03  3.646004E-01
  4.223500E+03  5.466759E-01
  4.224000E+03  4.231534E-01
  4.224500E+03  6.898320E-02
  4.225000E+03 -3.455367E-01
  4.225500E+03 -7.102612E-01
  4.226000E+03 -9.467776E-01
  4.226500E+03 -9.609450E-01
  4.227000E+03 -7.297381E-01
  4.227500E+03 -3.684155E-01
  4.228000E+03 -2.580256E-02
  4.228500E+03  2.408595E-01
  4.229000E+03  4.274069E-01
  4.229500E+03  4.911586E-01
  4.230000E+03  3.945972E-01
  4.230500E+03  2.054348E-01
  4.231000E+03  5.929073E-02
  4.231500E+03  2.576850E-02
  4.232000E+03  7.470021E-02
  4.232500E+03  1.629594E-01
  4.233000E+03  2.840605E-01
  4.233500E+03  4.213540E-01
  4.234000E+03  5.070957E-01
  4.234500E+03  4.607283E-01
  4.235000E+03  2.623197E-01
  4.235500E+03 -1.427601E-02
  4.236000E+03 -2.473099E-01
  4.236500E+03 -3.692137E-01
  4.237000E+03 -4.197539E-01
  4.237500E+03 -4.627296E-01
  4.238000E+03 -4.659158E-01
  4.238500E+03 -3.418809E-01
  4.239000E+03 -1.183888E-01
  4.239500E+03  3.727713E-02
  4.240000E+03  2.380251E-02
  4.240500E+03 -5.737557E-02
  4.241000E+03 -5.880696E-02
  4.241500E+03 -8.181156E-04
  4.242000E+03 -1.017190E-02
  4.242500E+03 -9.421152E-02
  4.243000E+03 -1.126992E-01
  4.243500E+03  2.575437E-02
  4.244000E+03  2.506133E-01
  4.244500E+03  4.221218E-01
  4.245000E+03  4.434931E-01
  4.245500E+03  2.855433E-01
  4.246000E+03  1.677336E-02
  4.246500E+03 -1.731304E-01
  4.247000E+03 -1.088612E-01
  4.247500E+03  1.487790E-01
  4.248000E+03  3.158123E-01
  4.248500E+03  1.953483E-01
  4.249000E+03 -9.817506E-02
  4.249500E+03 -2.954178E-01
  4.250000E+03 -2.808414E-01
  4.250500E+03 -1.569451E-01
  4.251000E+03 -5.779220E-02
  4.251500E+03 -1.571268E-02
  4.252000E+03 -1.085590E-02
  4.252500E+03 -4.865305E-02
  4.253000E+03 -1.375241E-01
  4.253500E+03 -2.342997E-01
  4.254000E+03 -2.616337E-01
  4.254500E+03 -1.830767E-01
  4.255000E+03 -4.393344E-02
  4.255500E+03  7.638841E-02
  4.256000E+03  1.534359E-01
  4.256500E+03  2.334884E-01
  4.257000E+03  3.379900E-01
  4.257500E+03  3.913026E-01
  4.258000E+03  3.121697E-01
  4.258500E+03  1.610697E-01
  4.259000E+03  9.551027E-02
  4.259500E+03  1.485908E-01
  4.260000E+03  1.554503E-01
  4.260500E+03 -2.549691E-02
  4.261000E+03 -3.029070E-01
  4.261500E+03 -4.728549E-01
  4.262000E+03 -4.953244E-01
  4.262500E+03 -5.122815E-01
  4.263000E+03 -5.883766E-01
  4.263500E+03 -5.764225E-01
  4.264000E+03 -3.150932E-01
  4.264500E+03  1.296076E-01
  4.265000E+03  5.222797E-01
  4.265500E+03  7.251874E-01
  4.266000E+03  8.077951E-01
  4.266500E+03  8.737762E-01
  4.267000E+03  8.681354E-01
  4.267500E+03  6.382885E-01
  4.268000E+03  1.684338E-01
  4.268500E+03 -3.345815E-01
  4.269000E+03 -6.352075E-01
  4.269500E+03 -7.020754E-01
  4.270000E+03 -6.871610E-01
  4.270500E+03 -7.011229E-01
  4.271000E+03 -6.914880E-01
  4.271500E+03 -5.509894E-01
  4.272000E+03 -2.646511E-01
  4.272500E+03  8.635444E-02
  4.273000E+03  3.975115E-01
  4.273500E+03  5.690931E-01
  4.274000E+03  5.289923E-01
  4.274500E+03  3.059050E-01
  4.275000E+03  4.953505E-02
  4.275500E+03 -8.955945E-02
  4.276000E+03 -8.574891E-02
  4.276500E+03 -2.555278E-03
  4.277000E+03  1.235979E-01
  4.277500E+03  2.892042E-01
  4.278000E+03  4.412372E-01
  4.278500E+03  4.804157E-01
  4.279000E+03  3.601956E-01
  4.279500E+03  1.272774E-01
  4.280000E+03 -1.356619E-01
  4.280500E+03 -3.555882E-01
  4.281000E+03 -4.717088E-01
  4.281500E+03 -4.652581E-01
  4.282000E+03 -3.954447E-01
  4.282500E+03 -3.474533E-01
  4.283000E+03 -3.342978E-01
  4.283500E+03 -2.925644E-01
  4.284000E+03 -1.667047E-01
  4.284500E+03  4.937772E-02
  4.285000E+03  3.262907E-01
  4.285500E+03  5.819193E-01
  4.286000E+03  6.775273E-01
  4.286500E+03  5.309033E-01
  4.287000E+03  2.320240E-01
  4.287500E+03 -4.668784E-02
  4.288000E+03 -2.462783E-01
  4.288500E+03 -4.169421E-01
  4.289000E+03 -5.339219E-01
  4.289500E+03 -4.845359E-01
  4.290000E+03 -2.805855E-01
  4.290500E+03 -1.074289E-01
  4.291000E+03 -6.311010E-02
  4.291500E+03 -1.026023E-02
  4.292000E+03  1.683684E-01
  4.292500E+03  3.143362E-01
  4.293000E+03  2.106589E-01
  4.293500E+03 -1.655370E-02
  4.294000E+03  3.278892E-02
  4.294500E+03  5.120762E-01
  4.295000E+03  1.067666E+00
  4.295500E+03  1.205578E+00
  4.296000E+03  8.077092E-01
  4.296500E+03  1.815328E-01
  4.297000E+03 -3.262591E-01
  4.297500E+03 -6.400519E-01
  4.298000E+03 -8.874363E-01
  4.298500E+03 -1.136256E+00
  4.299000E+03 -1.283743E+00
  4.299500E+03 -1.192782E+00
  4.300000E+03 -8.575764E-01
  4.300500E+03 -3.844499E-01
  4.301000E+03  1.328872E-01
  4.301500E+03  6.221854E-01
  4.302000E+03  9.478301E-01
  4.302500E+03  9.657960E-01
  4.303000E+03  7.083957E-01
  4.303500E+03  3.853851E-01
  4.304000E+03  1.367453E-01
  4.304500E+03 -7.950486E-02
  4.305000E+03 -2.712224E-01
  4.305500E+03 -2.653150E-01
  4.306000E+03  4.584673E-02
  4.306500E+03  4.500544E-01
  4.307000E+03  6.328836E-01
  4.307500E+03  5.616300E-01
  4.308000E+03  4.158016E-01
  4.308500E+03  2.180629E-01
  4.309000E+03 -1.584438E-01
  4.309500E+03 -6.267522E-01
  4.310000E+03 -8.742377E-01
  4.310500E+03 -8.023510E-01
  4.311000E+03 -6.623698E-01
  4.311500E+03 -6.111241E-01
  4.312000E+03 -4.410965E-01
  4.312500E+03  2.666250E-02
  4.313000E+03  5.486492E-01
  4.313500E+03  7.469168E-01
  4.314000E+03  6.061254E-01
  4.314500E+03  3.872027E-01
  4.315000E+03  1.892414E-01
  4.315500E+03 -7.572545E-02
  4.316000E+03 -3.501655E-01
  4.316500E+03 -4.155288E-01
  4.317000E+03 -2.242599E-01
  4.317500E+03  3.003362E-02
  4.318000E+03  2.004610E-01
  4.318500E+03  2.976153E-01
  4.319000E+03  3.020619E-01
  4.319500E+03  1.441384E-01
  4.320000E+03 -7.571114E-02
  4.320500E+03 -1.242840E-01
  4.321000E+03  1.060118E-02
  4.321500E+03  6.398408E-02
  4.322000E+03 -8.746996E-02
  4.322500E+03 -2.121890E-01
  4.323000E+03 -1.023539E-01
  4.323500E+03  7.330861E-02
  4.324000E+03  2.691398E-02
  4.324500E+03 -2.152153E-01
  4.325000E+03 -3.872858E-01
  4.325500E+03 -3.711639E-01
  4.326000E+03 -2.556320E-01
  4.326500E+03 -8.505955E-02
  4.327000E+03  1.894213E-01
  4.327500E+03  5.136113E-01
  4.328000E+03  7.103344E-01
  4.328500E+03  6.962046E-01
  4.329000E+03  5.585605E-01
  4.329500E+03  3.899036E-01
  4.330000E+03  1.862966E-01
  4.330500E+03 -6.456071E-02
  4.331000E+03 -3.189008E-01
  4.331500E+03 -5.269458E-01
  4.332000E+03 -6.508718E-01
  4.332500E+03 -6.368887E-01
  4.333000E+03 -4.771312E-01
  4.333500E+03 -2.865214E-01
  4.334000E+03 -1.942722E-01
  4.334500E+03 -1.649816E-01
  4.335000E+03 -5.760516E-02
  4.335500E+03  1.413584E-01
  4.336000E+03  2.870684E-01
  4.336500E+03  2.868514E-01
  4.337000E+03  1.908512E-01
  4.337500E+03  5.526854E-02
  4.338000E+03 -1.150077E-01
  4.338500E+03 -2.405468E-01
  4.339000E+03 -1.638991E-01
  4.339500E+03  1.304194E-01
  4.340000E+03  4.348708E-01
  4.340500E+03  5.626244E-01
  4.341000E+03  5.496125E-01
  4.341500E+03  5.117831E-01
  4.342000E+03  4.347646E-01
  4.342500E+03  2.479078E-01
  4.343000E+03  5.984008E-03
  4.343500E+03 -1.654378E-01
  4.344000E+03 -2.524383E-01
  4.344500E+03 -3.363423E-01
  4.345000E+03 -4.294806E-01
  4.345500E+03 -4.608682E-01
  4.346000E+03 -4.102720E-01
  4.346500E+03 -3.412459E-01
  4.347000E+03 -3.051156E-01
  4.347500E+03 -2.979188E-01
  4.348000E+03 -2.876503E-01
  4.348500E+03 -2.020152E-01
  4.349000E+03  5.731492E-02
  4.349500E+03  4.686049E-01
  4.350000E+03  7.950635E-01
  4.350500E+03  7.743964E-01
  4.351000E+03  4.029363E-01
  4.351500E+03 -7.867616E-02
  4.352000E+03 -4.588604E-01
  4.352500E+03 -6.809717E-01
  4.353000E+03 -7.250996E-01
  4.353500E+03 -5.551661E-01
  4.354000E+03 -2.307496E-01
  4.354500E+03  9.126657E-02
  4.355000E+03  3.391412E-01
  4.355500E+03  5.730733E-01
  4.356000E+03  7.818525E-01
  4.356500E+03  7.920212E-01
  4.357000E+03  5.023039E-01
  4.357500E+03  8.488470E-02
  4.358000E+03 -1.896670E-01
  4.358500E+03 -2.410159E-01
  4.359000E+03 -1.596538E-01
  4.359500E+03  2.770955E-03
  4.360000E+03  2.380330E-01
  4.360500E+03  4.227595E-01
  4.361000E+03  3.676205E-01
  4.361500E+03  7.014192E-02
  4.362000E+03 -2.354940E-01
  4.362500E+03 -3.480383E-01
  4.363000E+03 -3.110775E-01
  4.363500E+03 -3.019490E-01
  4.364000E+03 -4.118750E-01
  4.364500E+03 -6.017397E-01
  4.365000E+03 -7.845203E-01
  4.365500E+03 -8.675597E-01
  4.366000E+03 -7.766236E-01
  4.366500E+03 -5.241835E-01
  4.367000E+03 -2.204578E-01
  4.367500E+03  4.330190E-02
  4.368000E+03  2.795675E-01
  4.368500E+03  5.170858E-01
  4.369000E+03  6.977861E-01
  4.369500E+03  7.617484E-01
  4.370000E+03  7.856568E-01
  4.370500E+03  8.948438E-01
  4.371000E+03  1.031251E+00
  4.371500E+03  9.615198E-01
  4.372000E+03  5.934035E-01
  4.372500E+03  1.651096E-01
  4.373000E+03 -1.120081E-02
  4.373500E+03  5.965144E-02
  4.374000E+03  6.403934E-02
  4.374500E+03 -2.161590E-01
  4.375000E+03 -6.399548E-01
  4.375500E+03 -9.050072E-01
  4.376000E+03 -9.022065E-01
  4.376500E+03 -7.691312E-01
  4.377000E+03 -6.492300E-01
  4.377500E+03 -5.364539E-01
  4.378000E+03 -3.826942E-01
  4.378500E+03 -2.413803E-01
  4.379000E+03 -2.068788E-01
  4.379500E+03 -2.503046E-01
  4.380000E+03 -2.197227E-01
  4.380500E+03 -3.247557E-02
  4.381000E+03  2.049232E-01
  4.381500E+03  3.339580E-01
  4.382000E+03  3.615183E-01
  4.382500E+03  4.391930E-01
  4.383000E+03  6.067372E-01
  4.383500E+03  6.741328E-01
  4.384000E+03  4.692861E-01
  4.384500E+03  1.354135E-01
  4.385000E+03  1.060512E-02
  4.385500E+03  1.900087E-01
  4.386000E+03  3.843963E-01
  4.386500E+03  3.160225E-01
  4.387000E+03  1.005224E-01
  4.387500E+03  5.435933E-02
  4.388000E+03  2.151570E-01
  4.388500E+03  2.888333E-01
  4.389000E+03  7.998264E-02
  4.389500E+03 -2.513201E-01
  4.390000E+03 -4.449109E-01
  4.390500E+03 -4.688306E-01
  4.391000E+03 -4.685834E-01
  4.391500E+03 -5.259216E-01
  4.392000E+03 -6.077620E-01
  4.392500E+03 -6.566111E-01
  4.393000E+03 -5.978879E-01
  4.393500E+03 -3.482068E-01
  4.394000E+03  3.537614E-02
  4.394500E+03  2.944102E-01
  4.395000E+03  2.332886E-01
  4.395500E+03  2.084862E-03
  4.396000E+03 -6.196534E-02
  4.396500E+03  1.424495E-01
  4.397000E+03  3.933170E-01
  4.397500E+03  4.767579E-01
  4.398000E+03  4.121648E-01
  4.398500E+03  3.158805E-01
  4.399000E+03  2.379257E-01
  4.399500E+03  2.068750E-01
  4.400000E+03  2.562728E-01
  4.400500E+03  3.072306E-01
  4.401000E+03  1.892678E-01
  4.401500E+03 -1.023273E-01
  4.402000E+03 -3.202619E-01
  4.402500E+03 -2.736870E-01
  4.403000E+03 -8.346732E-02
  4.403500E+03  2.823995E-02
  4.404000E+03  6.522220E-02
  4.404500E+03  1.664474E-01
  4.405000E+03  2.901879E-01
  4.405500E+03  2.440985E-01
  4.406000E+03  1.132015E-02
  4.406500E+03 -1.971150E-01
  4.407000E+03 -2.580437E-01
  4.407500E+03 -2.992352E-01
  4.408000E+03 -4.765951E-01
  4.408500E+03 -7.590560E-01
  4.409000E+03 -1.012116E+00
  4.409500E+03 -1.135439E+00
  4.410000E+03 -1.023933E+00
  4.410500E+03 -5.537003E-01
  4.411000E+03  2.374684E-01
  4.411500E+03  1.043440E+00
  4.412000E+03  1.513712E+00
  4.412500E+03  1.559395E+00
  4.413000E+03  1.348997E+00
  4.413500E+03  1.055142E+00
  4.414000E+03  7.173077E-01
  4.414500E+03  3.270312E-01
  4.415000E+03 -7.299364E-02
  4.415500E+03 -4.091446E-01
  4.416000E+03 -6.401016E-01
  4.416500E+03 -7.757475E-01
  4.417000E+03 -8.489860E-01
  4.417500E+03 -8.626681E-01
  4.418000E+03 -7.621296E-01
  4.418500E+03 -4.984543E-01
  4.419000E+03 -1.328497E-01
  4.419500E+03  1.699488E-01
  4.420000E+03  2.748907E-01
  4.420500E+03  1.658188E-01
  4.421000E+03 -8.278621E-02
  4.421500E+03 -3.299058E-01
  4.422000E+03 -3.662588E-01
  4.422500E+03 -4.583318E-02
  4.423000E+03  4.967613E-01
  4.423500E+03  8.917162E-01
  4.424000E+03  9.167044E-01
  4.424500E+03  7.311740E-01
  4.425000E+03  6.043958E-01
  4.425500E+03  5.282705E-01
  4.426000E+03  2.839815E-01
  4.426500E+03 -1.859687E-01
  4.427000E+03 -6.872807E-01
  4.427500E+03 -1.024370E+00
  4.428000E+03 -1.126175E+00
  4.428500E+03 -9.352235E-01
  4.429000E+03 -4.303419E-01
  4.429500E+03  1.699810E-01
  4.430000E+03  4.690811E-01
  4.430500E+03  3.046914E-01
  4.431000E+03 -5.500909E-02
  4.431500E+03 -2.449740E-01
  4.432000E+03 -1.753750E-01
  4.432500E+03  4.686699E-02
  4.433000E+03  3.661473E-01
  4.433500E+03  7.289442E-01
  4.434000E+03  9.240081E-01
  4.434500E+03  7.470377E-01
  4.435000E+03  3.059085E-01
  4.435500E+03 -6.255620E-02
  4.436000E+03 -1.991551E-01
  4.436500E+03 -2.605028E-01
  4.437000E+03 -4.275846E-01
  4.437500E+03 -6.611296E-01
  4.438000E+03 -8.071269E-01
  4.438500E+03 -7.860495E-01
  4.439000E+03 -5.932639E-01
  4.439500E+03 -2.418353E-01
  4.440000E+03  1.912892E-01
  4.440500E+03  5.467416E-01
  4.441000E+03  7.056534E-01
  4.441500E+03  6.892505E-01
  4.442000E+03  5.901998E-01
  4.442500E+03  4.666339E-01
  4.443000E+03  3.428736E-01
  4.443500E+03  2.352098E-01
  4.444000E+03  1.200809E-01
  4.444500E+03 -5.514121E-02
  4.445000E+03 -2.782423E-01
  4.445500E+03 -4.589521E-01
  4.446000E+03 -5.532926E-01
  4.446500E+03 -6.093014E-01
  4.447000E+03 -6.288436E-01
  4.447500E+03 -4.979931E-01
  4.448000E+03 -1.659961E-01
  4.448500E+03  1.976816E-01
  4.449000E+03  3.670693E-01
  4.449500E+03  3.279641E-01
  4.450000E+03  2.410653E-01
  4.450500E+03  1.801861E-01
  4.451000E+03  8.022147E-02
  4.451500E+03 -5.265795E-02
  4.452000E+03 -7.099698E-02
  4.452500E+03  9.269581E-02
  4.453000E+03  2.769126E-01
  4.453500E+03  2.771716E-01
  4.454000E+03  9.715838E-02
  4.454500E+03 -8.724660E-02
  4.455000E+03 -1.502419E-01
  4.455500E+03 -1.021659E-01
  4.456000E+03 -7.576509E-03
  4.456500E+03  6.583750E-02
  4.457000E+03  4.157364E-02
  4.457500E+03 -9.680755E-02
  4.458000E+03 -2.165341E-01
  4.458500E+03 -1.334417E-01
  4.459000E+03  1.465360E-01
  4.459500E+03  3.772868E-01
  4.460000E+03  3.482618E-01
  4.460500E+03  1.488313E-01
  4.461000E+03  4.910634E-02
  4.461500E+03  1.355281E-01
  4.462000E+03  1.901837E-01
  4.462500E+03 -1.723682E-02
  4.463000E+03 -4.149988E-01
  4.463500E+03 -7.079592E-01
  4.464000E+03 -7.293916E-01
  4.464500E+03 -5.956551E-01
  4.465000E+03 -4.918281E-01
  4.465500E+03 -4.165712E-01
  4.466000E+03 -2.268674E-01
  4.466500E+03  1.177818E-01
  4.467000E+03  4.644541E-01
  4.467500E+03  6.378770E-01
  4.468000E+03  6.322275E-01
  4.468500E+03  5.853564E-01
  4.469000E+03  5.869126E-01
  4.469500E+03  5.620616E-01
  4.470000E+03  3.715114E-01
  4.470500E+03  1.477261E-02
  4.471000E+03 -3.117366E-01
  4.471500E+03 -3.985740E-01
  4.472000E+03 -2.426066E-01
  4.472500E+03 -2.676406E-02
  4.473000E+03  9.991129E-02
  4.473500E+03  1.274289E-01
  4.474000E+03  6.770207E-02
  4.474500E+03 -1.130822E-01
  4.475000E+03 -3.466280E-01
  4.475500E+03 -3.889121E-01
  4.476000E+03 -8.746818E-02
  4.476500E+03  3.330007E-01
  4.477000E+03  4.609355E-01
  4.477500E+03  1.803337E-01
  4.478000E+03 -2.367832E-01
  4.478500E+03 -5.464082E-01
  4.479000E+03 -7.951180E-01
  4.479500E+03 -1.049583E+00
  4.480000E+03 -1.108534E+00
  4.480500E+03 -7.304306E-01
  4.481000E+03 -2.608379E-02
  4.481500E+03  6.252538E-01
  4.482000E+03  1.001397E+00
  4.482500E+03  1.154144E+00
  4.483000E+03  1.140978E+00
  4.483500E+03  9.115698E-01
  4.484000E+03  5.151498E-01
  4.484500E+03  1.752286E-01
  4.485000E+03  3.037929E-02
  4.485500E+03 -2.773169E-02
  4.486000E+03 -1.330605E-01
  4.486500E+03 -2.170595E-01
  4.487000E+03 -1.534502E-01
  4.487500E+03 -1.082518E-02
  4.488000E+03  1.405109E-02
  4.488500E+03 -1.459573E-01
  4.489000E+03 -3.855154E-01
  4.489500E+03 -5.925940E-01
  4.490000E+03 -7.149186E-01
  4.490500E+03 -7.040119E-01
  4.491000E+03 -5.500260E-01
  4.491500E+03 -3.611375E-01
  4.492000E+03 -2.601536E-01
  4.492500E+03 -1.973108E-01
  4.493000E+03 -1.024696E-02
  4.493500E+03  3.139570E-01
  4.494000E+03  5.914116E-01
  4.494500E+03  7.009935E-01
  4.495000E+03  7.347423E-01
  4.495500E+03  8.012855E-01
  4.496000E+03  8.171924E-01
  4.496500E+03  6.282172E-01
  4.497000E+03  2.562291E-01
  4.497500E+03 -1.114645E-01
  4.498000E+03 -3.387472E-01
  4.498500E+03 -4.279804E-01
  4.499000E+03 -4.239509E-01
  4.499500E+03 -3.645934E-01
  4.500000E+03 -3.311474E-01
  4.500500E+03 -4.133407E-01
  4.501000E+03 -5.706858E-01
  4.501500E+03 -6.259123E-01
  4.502000E+03 -4.706024E-01
  4.502500E+03 -2.135648E-01
  4.503000E+03 -4.272774E-02
  4.503500E+03  2.167336E-02
  4.504000E+03  1.376202E-01
  4.504500E+03  3.979421E-01
  4.505000E+03  6.710207E-01
  4.505500E+03  7.502586E-01
  4.506000E+03  6.155543E-01
  4.506500E+03  4.549412E-01
  4.507000E+03  4.152977E-01
  4.507500E+03  4.166453E-01
  4.508000E+03  2.774985E-01
  4.508500E+03 -2.663574E-02
  4.509000E+03 -3.254338E-01
  4.509500E+03 -4.733536E-01
  4.510000E+03 -5.112331E-01
  4.510500E+03 -5.639497E-01
  4.511000E+03 -6.494586E-01
  4.511500E+03 -6.643343E-01
  4.512000E+03 -5.275971E-01
  4.512500E+03 -2.686472E-01
  4.513000E+03  1.889133E-02
  4.513500E+03  2.515340E-01
  4.514000E+03  3.842779E-01
  4.514500E+03  4.200851E-01
  4.515000E+03  4.060253E-01
  4.515500E+03  3.841916E-01
  4.516000E+03  3.397255E-01
  4.516500E+03  2.318847E-01
  4.517000E+03  7.736246E-02
  4.517500E+03 -4.523343E-02
  4.518000E+03 -9.335255E-02
  4.518500E+03 -1.219425E-01
  4.519000E+03 -2.094757E-01
  4.519500E+03 -3.356104E-01
  4.520000E+03 -3.671619E-01
  4.520500E+03 -1.891340E-01
  4.521000E+03  1.397546E-01
  4.521500E+03  3.791960E-01
  4.522000E+03  3.096840E-01
  4.522500E+03 -2.166540E-02
  4.523000E+03 -3.010226E-01
  4.523500E+03 -2.549147E-01
  4.524000E+03  6.605213E-02
  4.524500E+03  3.713320E-01
  4.525000E+03  4.598335E-01
  4.525500E+03  3.639363E-01
  4.526000E+03  1.918941E-01
  4.526500E+03 -8.507058E-03
  4.527000E+03 -1.742473E-01
  4.527500E+03 -1.822993E-01
  4.528000E+03 -2.349900E-02
  4.528500E+03  8.363447E-02
  4.529000E+03 -6.950165E-02
  4.529500E+03 -3.706393E-01
  4.530000E+03 -4.917129E-01
  4.530500E+03 -3.111835E-01
  4.531000E+03 -5.954061E-02
  4.531500E+03  2.224062E-03
  4.532000E+03 -1.152058E-01
  4.532500E+03 -2.369322E-01
  4.533000E+03 -2.858111E-01
  4.533500E+03 -2.972515E-01
  4.534000E+03 -2.679641E-01
  4.534500E+03 -1.522976E-01
  4.535000E+03  2.192646E-02
  4.535500E+03  1.729731E-01
  4.536000E+03  2.953352E-01
  4.536500E+03  4.520587E-01
  4.537000E+03  6.374243E-01
  4.537500E+03  7.650452E-01
  4.538000E+03  8.029442E-01
  4.538500E+03  7.964189E-01
  4.539000E+03  7.281883E-01
  4.539500E+03  4.917189E-01
  4.540000E+03  7.547513E-02
  4.540500E+03 -3.408428E-01
  4.541000E+03 -5.705090E-01
  4.541500E+03 -6.153871E-01
  4.542000E+03 -5.858257E-01
  4.542500E+03 -5.219414E-01
  4.543000E+03 -4.277244E-01
  4.543500E+03 -4.038204E-01
  4.544000E+03 -5.559693E-01
  4.544500E+03 -7.703073E-01
  4.545000E+03 -7.620149E-01
  4.545500E+03 -4.144122E-01
  4.546000E+03  6.003899E-02
  4.546500E+03  3.663649E-01
  4.547000E+03  4.176304E-01
  4.547500E+03  3.032808E-01
  4.548000E+03  1.020877E-01
  4.548500E+03 -1.280228E-01
  4.549000E+03 -2.526679E-01
  4.549500E+03 -1.307830E-01
  4.550000E+03  2.080994E-01
  4.550500E+03  5.766873E-01
  4.551000E+03  8.334164E-01
  4.551500E+03  9.697928E-01
  4.552000E+03  9.902175E-01
  4.552500E+03  8.413717E-01
  4.553000E+03  5.291264E-01
  4.553500E+03  2.042432E-01
  4.554000E+03  2.762766E-02
  4.554500E+03 -1.609935E-02
  4.555000E+03 -9.512017E-02
  4.555500E+03 -3.308649E-01
  4.556000E+03 -6.678364E-01
  4.556500E+03 -9.320553E-01
  4.557000E+03 -9.894632E-01
  4.557500E+03 -8.618557E-01
  4.558000E+03 -7.047465E-01
  4.558500E+03 -6.455596E-01
  4.559000E+03 -6.324009E-01
  4.559500E+03 -4.880391E-01
  4.560000E+03 -1.353303E-01
  4.560500E+03  2.892932E-01
  4.561000E+03  5.872318E-01
  4.561500E+03  6.993031E-01
  4.562000E+03  6.912203E-01
  4.562500E+03  5.977179E-01
  4.563000E+03  3.886530E-01
  4.563500E+03  8.585932E-02
  4.564000E+03 -1.793722E-01
  4.564500E+03 -2.586205E-01
  4.565000E+03 -9.945189E-02
  4.565500E+03  2.249999E-01
  4.566000E+03  5.462034E-01
  4.566500E+03  6.774693E-01
  4.567000E+03  5.449055E-01
  4.567500E+03  2.608742E-01
  4.568000E+03  9.987665E-03
  4.568500E+03 -1.404665E-01
  4.569000E+03 -2.475999E-01
  4.569500E+03 -3.190257E-01
  4.570000E+03 -2.534211E-01
  4.570500E+03 -1.747270E-02
  4.571000E+03  2.114699E-01
  4.571500E+03  1.867913E-01
  4.572000E+03 -1.404588E-01
  4.572500E+03 -5.566829E-01
  4.573000E+03 -7.747074E-01
  4.573500E+03 -6.600890E-01
  4.574000E+03 -3.196681E-01
  4.574500E+03 -2.196180E-02
  4.575000E+03  1.003499E-02
  4.575500E+03 -2.030299E-01
  4.576000E+03 -4.158225E-01
  4.576500E+03 -4.132766E-01
  4.577000E+03 -2.105240E-01
  4.577500E+03  4.334379E-02
  4.578000E+03  2.858800E-01
  4.578500E+03  5.547997E-01
  4.579000E+03  8.158214E-01
  4.579500E+03  9.230215E-01
  4.580000E+03  7.964548E-01
  4.580500E+03  5.397974E-01
  4.581000E+03  3.183830E-01
  4.581500E+03  1.858269E-01
  4.582000E+03  9.052330E-02
  4.582500E+03 -3.473556E-03
  4.583000E+03 -8.151550E-02
  4.583500E+03 -1.448805E-01
  4.584000E+03 -2.393112E-01
  4.584500E+03 -3.941493E-01
  4.585000E+03 -5.608492E-01
  4.585500E+03 -6.370374E-01
  4.586000E+03 -5.647935E-01
  4.586500E+03 -4.090707E-01
  4.587000E+03 -3.125911E-01
  4.587500E+03 -3.362336E-01
  4.588000E+03 -3.586449E-01
  4.588500E+03 -1.906353E-01
  4.589000E+03  1.997462E-01
  4.589500E+03  6.229479E-01
  4.590000E+03  8.403926E-01
  4.590500E+03  7.568569E-01
  4.591000E+03  4.434027E-01
  4.591500E+03  5.351670E-02
  4.592000E+03 -2.401716E-01
  4.592500E+03 -3.051199E-01
  4.593000E+03 -1.399319E-01
  4.593500E+03  1.016803E-01
  4.594000E+03  2.322954E-01
  4.594500E+03  1.771054E-01
  4.595000E+03 -1.261019E-02
  4.595500E+03 -2.409288E-01
  4.596000E+03 -4.120577E-01
  4.596500E+03 -4.400121E-01
  4.597000E+03 -2.950182E-01
  4.597500E+03 -3.985453E-02
  4.598000E+03  2.268965E-01
  4.598500E+03  4.482410E-01
  4.599000E+03  5.867968E-01
  4.599500E+03  5.701514E-01
  4.600000E+03  3.505305E-01
  4.600500E+03  1.368549E-02
  4.601000E+03 -2.659254E-01
  4.601500E+03 -4.046118E-01
  4.602000E+03 -4.706930E-01
  4.602500E+03 -5.386316E-01
  4.603000E+03 -5.605399E-01
  4.603500E+03 -4.416639E-01
  4.604000E+03 -1.928244E-01
  4.604500E+03  6.250219E-02
  4.605000E+03  2.195732E-01
  4.605500E+03  2.786330E-01
  4.606000E+03  2.986560E-01
  4.606500E+03  3.077745E-01
  4.607000E+03  2.893985E-01
  4.607500E+03  2.522376E-01
  4.608000E+03  2.729842E-01
  4.608500E+03  4.085607E-01
  4.609000E+03  5.555655E-01
  4.609500E+03  4.836991E-01
  4.610000E+03  9.418395E-02
  4.610500E+03 -4.053715E-01
  4.611000E+03 -6.996725E-01
  4.611500E+03 -7.211049E-01
  4.612000E+03 -6.689338E-01
  4.612500E+03 -6.610240E-01
  4.613000E+03 -5.443250E-01
  4.613500E+03 -1.559208E-01
  4.614000E+03  3.702874E-01
  4.614500E+03  7.207994E-01
  4.615000E+03  7.538728E-01
  4.615500E+03  5.765793E-01
  4.616000E+03  3.230618E-01
  4.616500E+03  3.948854E-02
  4.617000E+03 -2.143626E-01
  4.617500E+03 -3.457875E-01
  4.618000E+03 -3.760966E-01
  4.618500E+03 -4.452770E-01
  4.619000E+03 -5.761278E-01
  4.619500E+03 -5.748792E-01
  4.620000E+03 -2.950886E-01
  4.620500E+03  1.133027E-01
  4.621000E+03  3.836001E-01
  4.621500E+03  4.918387E-01
  4.622000E+03  6.420914E-01
  4.622500E+03  8.950809E-01
  4.623000E+03  1.013995E+00
  4.623500E+03  7.690609E-01
  4.624000E+03  2.522719E-01
  4.624500E+03 -2.345188E-01
  4.625000E+03 -5.118448E-01
  4.625500E+03 -6.055220E-01
  4.626000E+03 -5.628555E-01
  4.626500E+03 -3.743292E-01
  4.627000E+03 -1.126671E-01
  4.627500E+03  1.592612E-02
  4.628000E+03 -1.183094E-01
  4.628500E+03 -3.824347E-01
  4.629000E+03 -5.253296E-01
  4.629500E+03 -4.800671E-01
  4.630000E+03 -4.068747E-01
  4.630500E+03 -4.318963E-01
  4.631000E+03 -4.631210E-01
  4.631500E+03 -3.212477E-01
  4.632000E+03  3.271505E-02
  4.632500E+03  4.733135E-01
  4.633000E+03  8.483531E-01
  4.633500E+03  1.050480E+00
  4.634000E+03  9.997735E-01
  4.634500E+03  6.870317E-01
  4.635000E+03  2.634505E-01
  4.635500E+03 -1.595664E-02
  4.636000E+03 -1.929753E-02
  4.636500E+03  1.206896E-01
  4.637000E+03  1.450720E-01
  4.637500E+03 -6.025401E-02
  4.638000E+03 -3.611888E-01
  4.638500E+03 -5.268271E-01
  4.639000E+03 -4.490769E-01
  4.639500E+03 -2.148797E-01
  4.640000E+03  5.674750E-03
  4.640500E+03  1.202265E-01
  4.641000E+03  1.639531E-01
  4.641500E+03  2.046988E-01
  4.642000E+03  2.287402E-01
  4.642500E+03  1.493550E-01
  4.643000E+03 -7.758438E-02
  4.643500E+03 -3.821498E-01
  4.644000E+03 -6.380750E-01
  4.644500E+03 -7.677066E-01
  4.645000E+03 -7.731397E-01
  4.645500E+03 -6.858923E-01
  4.646000E+03 -5.183464E-01
  4.646500E+03 -2.712103E-01
  4.647000E+03  2.659618E-02
  4.647500E+03  3.047520E-01
  4.648000E+03  4.941652E-01
  4.648500E+03  5.850173E-01
  4.649000E+03  6.265665E-01
  4.649500E+03  6.643393E-01
  4.650000E+03  7.022659E-01
  4.650500E+03  7.354621E-01
  4.651000E+03  7.716257E-01
  4.651500E+03  7.772998E-01
  4.652000E+03  6.508921E-01
  4.652500E+03  3.312896E-01
  4.653000E+03 -7.947350E-02
  4.653500E+03 -3.884729E-01
  4.654000E+03 -5.166781E-01
  4.654500E+03 -5.492596E-01
  4.655000E+03 -5.666885E-01
  4.655500E+03 -5.328304E-01
  4.656000E+03 -4.157766E-01
  4.656500E+03 -3.299991E-01
  4.657000E+03 -4.435731E-01
  4.657500E+03 -7.549474E-01
  4.658000E+03 -1.038325E+00
  4.658500E+03 -1.030286E+00
  4.659000E+03 -6.598590E-01
  4.659500E+03 -1.194022E-01
  4.660000E+03  2.839990E-01
  4.660500E+03  4.011451E-01
  4.661000E+03  3.846248E-01
  4.661500E+03  4.943935E-01
  4.662000E+03  7.506238E-01
  4.662500E+03  9.070739E-01
  4.663000E+03  8.297846E-01
  4.663500E+03  7.315194E-01
  4.664000E+03  8.573948E-01
  4.664500E+03  1.060081E+00
  4.665000E+03  9.408155E-01
  4.665500E+03  3.960132E-01
  4.666000E+03 -2.310675E-01
  4.666500E+03 -6.072145E-01
  4.667000E+03 -7.865923E-01
  4.667500E+03 -9.982372E-01
  4.668000E+03 -1.238902E+00
  4.668500E+03 -1.273064E+00
  4.669000E+03 -9.615365E-01
  4.669500E+03 -4.251656E-01
  4.670000E+03  9.231302E-02
  4.670500E+03  4.070190E-01
  4.671000E+03  4.709017E-01
  4.671500E+03  3.808717E-01
  4.672000E+03  3.079869E-01
  4.672500E+03  3.336289E-01
  4.673000E+03  3.642595E-01
  4.673500E+03  2.706814E-01
  4.674000E+03  7.517803E-02
  4.674500E+03 -8.391331E-02
  4.675000E+03 -1.430379E-01
  4.675500E+03 -1.661641E-01
  4.676000E+03 -2.080496E-01
  4.676500E+03 -2.210700E-01
  4.677000E+03 -1.299806E-01
  4.677500E+03  5.696595E-02
  4.678000E+03  2.410444E-01
  4.678500E+03  3.169831E-01
  4.679000E+03  2.638757E-01
  4.679500E+03  1.616604E-01
  4.680000E+03  9.111554E-02
  4.680500E+03  1.830187E-02
  4.681000E+03 -1.468508E-01
  4.681500E+03 -3.503943E-01
  4.682000E+03 -3.665745E-01
  4.682500E+03 -6.756836E-02
  4.683000E+03  3.596968E-01
  4.683500E+03  5.826870E-01
  4.684000E+03  4.557444E-01
  4.684500E+03  8.539979E-02
  4.685000E+03 -3.443545E-01
  4.685500E+03 -6.559523E-01
  4.686000E+03 -6.674743E-01
  4.686500E+03 -3.243248E-01
  4.687000E+03  1.469553E-01
  4.687500E+03  4.114471E-01
  4.688000E+03  3.874903E-01
  4.688500E+03  2.659473E-01
  4.689000E+03  1.602428E-01
  4.689500E+03 -2.924331E-02
  4.690000E+03 -3.273793E-01
  4.690500E+03 -5.108121E-01
  4.691000E+03 -3.934875E-01
  4.691500E+03 -1.091880E-01
  4.692000E+03  7.826338E-02
  4.692500E+03  1.177460E-01
  4.693000E+03  1.419235E-01
  4.693500E+03  2.085986E-01
  4.694000E+03  2.681477E-01
  4.694500E+03  3.083842E-01
  4.695000E+03  3.349373E-01
  4.695500E+03  2.666082E-01
  4.696000E+03  4.852216E-02
  4.696500E+03 -1.733634E-01
  4.697000E+03 -1.974152E-01
  4.697500E+03 -6.786733E-02
  4.698000E+03 -2.486332E-02
  4.698500E+03 -1.534020E-01
  4.699000E+03 -2.964484E-01
  4.699500E+03 -3.406583E-01
  4.700000E+03 -3.539716E-01
  4.700500E+03 -3.611023E-01
  4.701000E+03 -2.139375E-01
  4.701500E+03  1.576336E-01
  4.702000E+03  5.273885E-01
  4.702500E+03  5.887710E-01
  4.703000E+03  3.150883E-01
  4.703500E+03 -3.252772E-02
  4.704000E+03 -2.014465E-01
  4.704500E+03 -1.422367E-01
  4.705000E+03  3.457400E-02
  4.705500E+03  1.799302E-01
  4.706000E+03  2.099669E-01
  4.706500E+03  1.736090E-01
  4.707000E+03  1.948479E-01
  4.707500E+03  2.955453E-01
  4.708000E+03  3.311252E-01
  4.708500E+03  1.698919E-01
  4.709000E+03 -1.242103E-01
  4.709500E+03 -3.698406E-01
  4.710000E+03 -4.764840E-01
  4.710500E+03 -4.868184E-01
  4.711000E+03 -4.594957E-01
  4.711500E+03 -4.136073E-01
  4.712000E+03 -3.686174E-01
  4.712500E+03 -3.415580E-01
  4.713000E+03 -3.005085E-01
  4.713500E+03 -1.892510E-01
  4.714000E+03  1.232761E-03
  4.714500E+03  2.303987E-01
  4.715000E+03  4.497775E-01
  4.715500E+03  5.933010E-01
  4.716000E+03  5.712076E-01
  4.716500E+03  3.638197E-01
  4.717000E+03  1.083255E-01
  4.717500E+03  4.327947E-03
  4.718000E+03  1.155096E-01
  4.718500E+03  3.145103E-01
  4.719000E+03  4.244361E-01
  4.719500E+03  3.724768E-01
  4.720000E+03  2.172553E-01
  4.720500E+03  7.493663E-02
  4.721000E+03  1.346711E-02
  4.721500E+03 -1.414457E-02
  4.722000E+03 -1.150295E-01
  4.722500E+03 -3.120076E-01
  4.723000E+03 -4.951352E-01
  4.723500E+03 -5.497663E-01
  4.724000E+03 -4.786342E-01
  4.724500E+03 -3.591682E-01
  4.725000E+03 -2.551749E-01
  4.725500E+03 -2.243226E-01
  4.726000E+03 -3.124385E-01
  4.726500E+03 -4.458331E-01
  4.727000E+03 -4.290167E-01
  4.727500E+03 -1.815019E-01
  4.728000E+03  1.043204E-01
  4.728500E+03  1.933791E-01
  4.729000E+03  1.268845E-01
  4.729500E+03  1.391303E-01
  4.730000E+03  3.143333E-01
  4.730500E+03  5.280984E-01
  4.731000E+03  6.921445E-01
  4.731500E+03  8.183570E-01
  4.732000E+03  8.333255E-01
  4.732500E+03  5.932116E-01
  4.733000E+03  1.615624E-01
  4.733500E+03 -1.611104E-01
  4.734000E+03 -1.942444E-01
  4.734500E+03 -6.596939E-02
  4.735000E+03  4.590875E-02
  4.735500E+03  1.308527E-01
  4.736000E+03  1.758990E-01
  4.736500E+03  3.373465E-02
  4.737000E+03 -3.306835E-01
  4.737500E+03 -6.707710E-01
  4.738000E+03 -7.734317E-01
  4.738500E+03 -7.618868E-01
  4.739000E+03 -8.236695E-01
  4.739500E+03 -8.192596E-01
  4.740000E+03 -5.027469E-01
  4.740500E+03 -1.701516E-02
  4.741000E+03  2.233157E-01
  4.741500E+03  1.291549E-01
  4.742000E+03  3.479522E-02
  4.742500E+03  1.452030E-01
  4.743000E+03  2.656143E-01
  4.743500E+03  2.219918E-01
  4.744000E+03  1.981594E-01
  4.744500E+03  4.155550E-01
  4.745000E+03  7.380713E-01
  4.745500E+03  8.723843E-01
  4.746000E+03  7.918172E-01
  4.746500E+03  6.871784E-01
  4.747000E+03  6.014676E-01
  4.747500E+03  3.864003E-01
  4.748000E+03 -2.262769E-03
  4.748500E+03 -3.942200E-01
  4.749000E+03 -6.185799E-01
  4.749500E+03 -6.769600E-01
  4.750000E+03 -6.817370E-01
  4.750500E+03 -7.293381E-01
  4.751000E+03 -8.323550E-01
  4.751500E+03 -8.854519E-01
  4.752000E+03 -7.221651E-01
  4.752500E+03 -2.981919E-01
  4.753000E+03  2.166137E-01
  4.753500E+03  6.187292E-01
  4.754000E+03  8.782343E-01
  4.754500E+03  1.042876E+00
  4.755000E+03  1.017557E+00
  4.755500E+03  6.487790E-01
  4.756000E+03  3.362871E-02
  4.756500E+03 -4.686000E-01
  4.757000E+03 -6.256515E-01
  4.757500E+03 -5.863363E-01
  4.758000E+03 -6.331296E-01
  4.758500E+03 -7.820458E-01
  4.759000E+03 -7.615030E-01
  4.759500E+03 -3.607966E-01
  4.760000E+03  3.005935E-01
  4.760500E+03  8.637276E-01
  4.761000E+03  1.044058E+00
  4.761500E+03  8.527195E-01
  4.762000E+03  5.389856E-01
  4.762500E+03  3.316640E-01
  4.763000E+03  2.445246E-01
  4.763500E+03  1.328227E-01
  4.764000E+03 -9.831492E-02
  4.764500E+03 -3.837238E-01
  4.765000E+03 -5.752940E-01
  4.765500E+03 -5.801623E-01
  4.766000E+03 -4.279560E-01
  4.766500E+03 -2.379355E-01
  4.767000E+03 -1.098338E-01
  4.767500E+03 -2.382863E-02
  4.768000E+03  1.125087E-01
  4.768500E+03  2.838352E-01
  4.769000E+03  3.115046E-01
  4.769500E+03  7.603289E-02
  4.770000E+03 -2.606015E-01
  4.770500E+03 -3.956582E-01
  4.771000E+03 -2.460982E-01
  4.771500E+03 -3.207029E-02
  4.772000E+03  2.639168E-02
  4.772500E+03 -3.690355E-02
  4.773000E+03 -4.274440E-02
  4.773500E+03  8.589718E-02
  4.774000E+03  2.695071E-01
  4.774500E+03  3.882493E-01
  4.775000E+03  3.729289E-01
  4.775500E+03  2.335910E-01
  4.776000E+03  6.191610E-02
  4.776500E+03 -3.796500E-02
  4.777000E+03 -6.408691E-02
  4.777500E+03 -1.087051E-01
  4.778000E+03 -2.024820E-01
  4.778500E+03 -2.421103E-01
  4.779000E+03 -1.247287E-01
  4.779500E+03  1.150366E-01
  4.780000E+03  3.491861E-01
  4.780500E+03  4.597827E-01
  4.781000E+03  3.621598E-01
  4.781500E+03  4.895427E-02
  4.782000E+03 -3.072435E-01
  4.782500E+03 -4.326340E-01
  4.783000E+03 -2.753719E-01
  4.783500E+03 -1.379479E-01
  4.784000E+03 -3.049859E-01
  4.784500E+03 -6.223452E-01
  4.785000E+03 -6.756316E-01
  4.785500E+03 -3.607818E-01
  4.786000E+03 -1.430032E-02
  4.786500E+03  8.432751E-02
  4.787000E+03  8.142230E-02
  4.787500E+03  2.631228E-01
  4.788000E+03  5.996396E-01
  4.788500E+03  8.049096E-01
  4.789000E+03  7.539919E-01
  4.789500E+03  5.997716E-01
  4.790000E+03  4.829802E-01
  4.790500E+03  3.523681E-01
  4.791000E+03  1.441963E-01
  4.791500E+03 -4.596001E-02
  4.792000E+03 -1.109184E-01
  4.792500E+03 -1.381974E-01
  4.793000E+03 -2.981626E-01
  4.793500E+03 -5.632663E-01
  4.794000E+03 -7.108969E-01
  4.794500E+03 -6.354009E-01
  4.795000E+03 -4.994261E-01
  4.795500E+03 -4.845761E-01
  4.796000E+03 -5.197996E-01
  4.796500E+03 -4.044403E-01
  4.797000E+03 -1.274341E-01
  4.797500E+03  1.163254E-01
  4.798000E+03  2.202784E-01
  4.798500E+03  2.939792E-01
  4.799000E+03  4.456737E-01
  4.799500E+03  6.012326E-01
  4.800000E+03  6.338332E-01
  4.800500E+03  5.386598E-01
  4.801000E+03  3.643129E-01
  4.801500E+03  9.592951E-02
  4.802000E+03 -2.396395E-01
  4.802500E+03 -4.448944E-01
  4.803000E+03 -3.164675E-01
  4.803500E+03  8.105495E-02
  4.804000E+03  4.562608E-01
  4.804500E+03  5.981292E-01
  4.805000E+03  5.189364E-01
  4.805500E+03  3.229733E-01
  4.806000E+03  8.830045E-02
  4.806500E+03 -1.207953E-01
  4.807000E+03 -2.689400E-01
  4.807500E+03 -3.924111E-01
  4.808000E+03 -5.134113E-01
  4.808500E+03 -5.415309E-01
  4.809000E+03 -4.101111E-01
  4.809500E+03 -2.659190E-01
  4.810000E+03 -3.111158E-01
  4.810500E+03 -4.688084E-01
  4.811000E+03 -4.622552E-01
  4.811500E+03 -2.627500E-01
  4.812000E+03 -1.626605E-01
  4.812500E+03 -2.860457E-01
  4.813000E+03 -3.293952E-01
  4.813500E+03 -7.248821E-03
  4.814000E+03  4.881404E-01
  4.814500E+03  7.434658E-01
  4.815000E+03  6.677139E-01
  4.815500E+03  5.006343E-01
  4.816000E+03  4.123795E-01
  4.816500E+03  3.902859E-01
  4.817000E+03  4.343550E-01
  4.817500E+03  5.557332E-01
  4.818000E+03  6.153858E-01
  4.818500E+03  4.597399E-01
  4.819000E+03  2.139229E-01
  4.819500E+03  1.559685E-01
  4.820000E+03  2.808023E-01
  4.820500E+03  2.706678E-01
  4.821000E+03 -5.735783E-02
  4.821500E+03 -5.453628E-01
  4.822000E+03 -9.800717E-01
  4.822500E+03 -1.288117E+00
  4.823000E+03 -1.372854E+00
  4.823500E+03 -1.091912E+00
  4.824000E+03 -5.644287E-01
  4.824500E+03 -2.032995E-01
  4.825000E+03 -2.198202E-01
  4.825500E+03 -3.359062E-01
  4.826000E+03 -2.108094E-01
  4.826500E+03  8.711769E-02
  4.827000E+03  3.001195E-01
  4.827500E+03  4.392361E-01
  4.828000E+03  6.713534E-01
  4.828500E+03  8.974494E-01
  4.829000E+03  8.396977E-01
  4.829500E+03  5.199437E-01
  4.830000E+03  2.883256E-01
  4.830500E+03  3.271444E-01
  4.831000E+03  4.346448E-01
  4.831500E+03  3.869541E-01
  4.832000E+03  2.450975E-01
  4.832500E+03  1.790109E-01
  4.833000E+03  1.987487E-01
  4.833500E+03  1.956646E-01
  4.834000E+03  1.007783E-01
  4.834500E+03 -9.976219E-02
  4.835000E+03 -3.732374E-01
  4.835500E+03 -5.878532E-01
  4.836000E+03 -5.947468E-01
  4.836500E+03 -4.393506E-01
  4.837000E+03 -3.465046E-01
  4.837500E+03 -4.194585E-01
  4.838000E+03 -5.130263E-01
  4.838500E+03 -4.970390E-01
  4.839000E+03 -4.649138E-01
  4.839500E+03 -5.340628E-01
  4.840000E+03 -5.967476E-01
  4.840500E+03 -4.628068E-01
  4.841000E+03 -1.517825E-01
  4.841500E+03  1.527334E-01
  4.842000E+03  3.821783E-01
  4.842500E+03  6.212624E-01
  4.843000E+03  8.818541E-01
  4.843500E+03  1.025626E+00
  4.844000E+03  9.565113E-01
  4.844500E+03  7.571125E-01
  4.845000E+03  5.726146E-01
  4.845500E+03  4.413668E-01
  4.846000E+03  2.917666E-01
  4.846500E+03  5.793130E-02
  4.847000E+03 -2.384721E-01
  4.847500E+03 -5.007512E-01
  4.848000E+03 -6.397862E-01
  4.848500E+03 -6.471459E-01
  4.849000E+03 -5.670908E-01
  4.849500E+03 -4.077951E-01
  4.850000E+03 -1.560979E-01
  4.850500E+03  1.025572E-01
  4.851000E+03  1.980396E-01
  4.851500E+03  9.517071E-02
  4.852000E+03 -4.756597E-03
  4.852500E+03  8.494526E-02
  4.853000E+03  2.508737E-01
  4.853500E+03  1.997931E-01
  4.854000E+03 -1.594929E-01
  4.854500E+03 -6.011772E-01
  4.855000E+03 -8.446842E-01
  4.855500E+03 -7.888954E-01
  4.856000E+03 -4.830243E-01
  4.856500E+03 -3.530507E-02
  4.857000E+03  3.885050E-01
  4.857500E+03  6.205038E-01
  4.858000E+03  6.422845E-01
  4.858500E+03  5.922653E-01
  4.859000E+03  5.508952E-01
  4.859500E+03  4.185383E-01
  4.860000E+03  1.018195E-01
  4.860500E+03 -2.642297E-01
  4.861000E+03 -4.085385E-01
  4.861500E+03 -2.175457E-01
  4.862000E+03  1.541946E-01
  4.862500E+03  4.547058E-01
  4.863000E+03  5.422745E-01
  4.863500E+03  4.341476E-01
  4.864000E+03  2.285126E-01
  4.864500E+03  8.657764E-03
  4.865000E+03 -2.024853E-01
  4.865500E+03 -4.097206E-01
  4.866000E+03 -5.798460E-01
  4.866500E+03 -6.444926E-01
  4.867000E+03 -5.806713E-01
  4.867500E+03 -4.447524E-01
  4.868000E+03 -3.025032E-01
  4.868500E+03 -1.706018E-01
  4.869000E+03 -5.267742E-02
  4.869500E+03  2.819861E-02
  4.870000E+03  8.048553E-02
  4.870500E+03  1.682267E-01
  4.871000E+03  3.190252E-01
  4.871500E+03  4.572796E-01
  4.872000E+03  5.013920E-01
  4.872500E+03  4.766657E-01
  4.873000E+03  4.383531E-01
  4.873500E+03  3.307242E-01
  4.874000E+03  6.053104E-02
  4.874500E+03 -2.899897E-01
  4.875000E+03 -4.780157E-01
  4.875500E+03 -3.934704E-01
  4.876000E+03 -2.138654E-01
  4.876500E+03 -1.656601E-01
  4.877000E+03 -2.258875E-01
  4.877500E+03 -1.950845E-01
  4.878000E+03 -1.100963E-02
  4.878500E+03  1.755867E-01
  4.879000E+03  2.450766E-01
  4.879500E+03  2.604359E-01
  4.880000E+03  3.021366E-01
  4.880500E+03  2.991912E-01
  4.881000E+03  1.605352E-01
  4.881500E+03 -2.501484E-02
  4.882000E+03 -9.996547E-02
  4.882500E+03 -1.108603E-01
  4.883000E+03 -2.637983E-01
  4.883500E+03 -5.696269E-01
  4.884000E+03 -7.358767E-01
  4.884500E+03 -5.278294E-01
  4.885000E+03 -7.832050E-02
  4.885500E+03  3.135341E-01
  4.886000E+03  5.568627E-01
  4.886500E+03  7.427769E-01
  4.887000E+03  8.431462E-01
  4.887500E+03  6.993518E-01
  4.888000E+03  3.148479E-01
  4.888500E+03 -8.528191E-02
  4.889000E+03 -3.456811E-01
  4.889500E+03 -5.164589E-01
  4.890000E+03 -6.268840E-01
  4.890500E+03 -5.662364E-01
  4.891000E+03 -3.350745E-01
  4.891500E+03 -1.854103E-01
  4.892000E+03 -2.791248E-01
  4.892500E+03 -3.679405E-01
  4.893000E+03 -9.378891E-02
  4.893500E+03  4.635858E-01
  4.894000E+03  8.206429E-01
  4.894500E+03  6.790014E-01
  4.895000E+03  2.359771E-01
  4.895500E+03 -1.372859E-01
  4.896000E+03 -3.014595E-01
  4.896500E+03 -3.434050E-01
  4.897000E+03 -3.579555E-01
  4.897500E+03 -3.706859E-01
  4.898000E+03 -3.628361E-01
  4.898500E+03 -2.600582E-01
  4.899000E+03  2.387610E-02
  4.899500E+03  4.507266E-01
  4.900000E+03  8.404444E-01
  4.900500E+03  1.050624E+00
  4.901000E+03  1.087543E+00
  4.901500E+03  9.883266E-01
  4.902000E+03  7.122787E-01
  4.902500E+03  2.429502E-01
  4.903000E+03 -3.008374E-01
  4.903500E+03 -7.658287E-01
  4.904000E+03 -1.106156E+00
  4.904500E+03 -1.330313E+00
  4.905000E+03 -1.387668E+00
  4.905500E+03 -1.227837E+00
  4.906000E+03 -9.186936E-01
  4.906500E+03 -5.853495E-01
  4.907000E+03 -2.646917E-01
  4.907500E+03  7.549251E-02
  4.908000E+03  4.122283E-01
  4.908500E+03  6.777588E-01
  4.909000E+03  8.660661E-01
  4.909500E+03  1.006811E+00
  4.910000E+03  1.045698E+00
  4.910500E+03  8.825276E-01
  4.911000E+03  5.508167E-01
  4.911500E+03  2.456371E-01
  4.912000E+03  1.253569E-01
  4.912500E+03  1.597628E-01
  4.913000E+03  2.052515E-01
  4.913500E+03  1.587436E-01
  4.914000E+03  5.553092E-03
  4.914500E+03 -2.133578E-01
  4.915000E+03 -4.273457E-01
  4.915500E+03 -5.646362E-01
  4.916000E+03 -5.975123E-01
  4.916500E+03 -5.539449E-01
  4.917000E+03 -4.806013E-01
  4.917500E+03 -4.075980E-01
  4.918000E+03 -3.367255E-01
  4.918500E+03 -2.444847E-01
  4.919000E+03 -1.204310E-01
  4.919500E+03 -1.813020E-02
  4.920000E+03 -9.644247E-03
  4.920500E+03 -4.774800E-02
  4.921000E+03  4.152996E-02
  4.921500E+03  3.294327E-01
  4.922000E+03  6.094443E-01
  4.922500E+03  5.855390E-01
  4.923000E+03  2.198630E-01
  4.923500E+03 -2.237870E-01
  4.924000E+03 -4.629180E-01
  4.924500E+03 -3.944458E-01
  4.925000E+03 -4.565901E-02
  4.925500E+03  4.713376E-01
  4.926000E+03  9.099213E-01
  4.926500E+03  9.916606E-01
  4.927000E+03  6.850747E-01
  4.927500E+03  2.628495E-01
  4.928000E+03 -2.401232E-02
  4.928500E+03 -2.137988E-01
  4.929000E+03 -4.635945E-01
  4.929500E+03 -7.368085E-01
  4.930000E+03 -8.350957E-01
  4.930500E+03 -6.863365E-01
  4.931000E+03 -4.320097E-01
  4.931500E+03 -2.312325E-01
  4.932000E+03 -1.125868E-01
  4.932500E+03 -3.380220E-02
  4.933000E+03  2.846866E-02
  4.933500E+03  8.746293E-02
  4.934000E+03  1.680955E-01
  4.934500E+03  2.799854E-01
  4.935000E+03  4.011315E-01
  4.935500E+03  4.930515E-01
  4.936000E+03  5.076737E-01
  4.936500E+03  4.057398E-01
  4.937000E+03  2.085083E-01
  4.937500E+03 -2.937462E-03
  4.938000E+03 -1.845367E-01
  4.938500E+03 -3.738929E-01
  4.939000E+03 -5.724357E-01
  4.939500E+03 -6.448239E-01
  4.940000E+03 -4.501379E-01
  4.940500E+03 -6.133490E-02
  4.941000E+03  2.522944E-01
  4.941500E+03  2.875428E-01
  4.942000E+03  9.567371E-02
  4.942500E+03 -9.236625E-02
  4.943000E+03 -7.953955E-02
  4.943500E+03  1.418764E-01
  4.944000E+03  3.924813E-01
  4.944500E+03  4.791490E-01
  4.945000E+03  4.024229E-01
  4.945500E+03  3.362937E-01
  4.946000E+03  3.541422E-01
  4.946500E+03  2.852364E-01
  4.947000E+03 -2.786402E-02
  4.947500E+03 -4.250672E-01
  4.948000E+03 -5.822423E-01
  4.948500E+03 -4.441940E-01
  4.949000E+03 -2.933573E-01
  4.949500E+03 -3.534656E-01
  4.950000E+03 -5.215645E-01
  4.950500E+03 -5.654033E-01
  4.951000E+03 -4.091562E-01
  4.951500E+03 -1.260009E-01
  4.952000E+03  1.907187E-01
  4.952500E+03  4.253076E-01
  4.953000E+03  4.502528E-01
  4.953500E+03  2.889107E-01
  4.954000E+03  1.669640E-01
  4.954500E+03  2.539751E-01
  4.955000E+03  4.317085E-01
  4.955500E+03  4.631707E-01
  4.956000E+03  3.206445E-01
  4.956500E+03  1.834782E-01
  4.957000E+03  1.521527E-01
  4.957500E+03  1.379181E-01
  4.958000E+03  4.235978E-02
  4.958500E+03 -1.063735E-01
  4.959000E+03 -2.374283E-01
  4.959500E+03 -3.415123E-01
  4.960000E+03 -4.348279E-01
  4.960500E+03 -4.907351E-01
  4.961000E+03 -4.581503E-01
  4.961500E+03 -3.188203E-01
  4.962000E+03 -1.123739E-01
  4.962500E+03  7.365415E-02
  4.963000E+03  1.526210E-01
  4.963500E+03  1.086060E-01
  4.964000E+03 -1.019228E-04
  4.964500E+03 -1.191330E-01
  4.965000E+03 -2.218023E-01
  4.965500E+03 -2.332396E-01
  4.966000E+03 -4.067750E-02
  4.966500E+03  3.284058E-01
  4.967000E+03  6.292323E-01
  4.967500E+03  6.327458E-01
  4.968000E+03  3.885875E-01
  4.968500E+03  1.359347E-01
  4.969000E+03  3.537878E-03
  4.969500E+03 -6.355345E-02
  4.970000E+03 -1.246370E-01
  4.970500E+03 -1.631878E-01
  4.971000E+03 -1.829551E-01
  4.971500E+03 -2.172598E-01
  4.972000E+03 -2.172519E-01
  4.972500E+03 -8.031164E-02
  4.973000E+03  1.772491E-01
  4.973500E+03  4.131268E-01
  4.974000E+03  5.467757E-01
  4.974500E+03  5.991618E-01
  4.975000E+03  5.170597E-01
  4.975500E+03  1.549292E-01
  4.976000E+03 -4.653811E-01
  4.976500E+03 -1.036560E+00
  4.977000E+03 -1.244932E+00
  4.977500E+03 -1.074934E+00
  4.978000E+03 -7.403430E-01
  4.978500E+03 -4.187982E-01
  4.979000E+03 -1.581754E-01
  4.979500E+03  5.801691E-02
  4.980000E+03  2.753546E-01
  4.980500E+03  5.261914E-01
  4.981000E+03  7.250886E-01
  4.981500E+03  6.940386E-01
  4.982000E+03  4.024252E-01
  4.982500E+03  1.005547E-01
  4.983000E+03  9.042780E-02
  4.983500E+03  4.106930E-01
  4.984000E+03  8.304928E-01
  4.984500E+03  1.077175E+00
  4.985000E+03  9.904458E-01
  4.985500E+03  5.711585E-01
  4.986000E+03  9.307199E-03
  4.986500E+03 -4.303236E-01
  4.987000E+03 -6.768242E-01
  4.987500E+03 -9.037194E-01
  4.988000E+03 -1.189455E+00
  4.988500E+03 -1.294983E+00
  4.989000E+03 -9.960455E-01
  4.989500E+03 -4.916732E-01
  4.990000E+03 -1.843760E-01
  4.990500E+03 -1.232489E-01
  4.991000E+03  9.631406E-03
  4.991500E+03  3.597381E-01
  4.992000E+03  6.805678E-01
  4.992500E+03  7.214299E-01
  4.993000E+03  5.220619E-01
  4.993500E+03  2.095155E-01
  4.994000E+03 -1.895439E-01
  4.994500E+03 -5.610483E-01
  4.995000E+03 -6.187420E-01
  4.995500E+03 -2.619722E-01
  4.996000E+03  1.859197E-01
  4.996500E+03  3.587224E-01
  4.997000E+03  3.122445E-01
  4.997500E+03  3.488465E-01
  4.998000E+03  5.193353E-01
  4.998500E+03  6.104081E-01
  4.999000E+03  5.573046E-01
  4.999500E+03  5.341129E-01
  5.000000E+03  6.023612E-01
