 Variables = "t (s)" "<greek>z</greek> (m)" 
  5.000000E-01  0.000000E+00
  1.000000E+00  5.773628E-04
  1.500000E+00  1.931351E-03
  2.000000E+00  3.387451E-03
  2.500000E+00  4.159441E-03
  3.000000E+00  3.397212E-03
  3.500000E+00  2.418369E-04
  4.000000E+00 -6.115980E-03
  4.500000E+00 -1.637809E-02
  5.000000E+00 -3.108558E-02
  5.500000E+00 -5.057330E-02
  6.000000E+00 -7.493504E-02
  6.500000E+00 -1.040013E-01
  7.000000E+00 -1.373304E-01
  7.500000E+00 -1.742145E-01
  8.000000E+00 -2.136973E-01
  8.500000E+00 -2.546060E-01
  9.000000E+00 -2.955927E-01
  9.500000E+00 -3.351847E-01
  1.000000E+01 -3.718416E-01
  1.050000E+01 -4.040154E-01
  1.100000E+01 -4.302133E-01
  1.150000E+01 -4.490581E-01
  1.200000E+01 -4.593455E-01
  1.250000E+01 -4.600943E-01
  1.300000E+01 -4.505889E-01
  1.350000E+01 -4.304093E-01
  1.400000E+01 -3.994490E-01
  1.450000E+01 -3.579181E-01
  1.500000E+01 -3.063303E-01
  1.550000E+01 -2.454758E-01
  1.600000E+01 -1.763781E-01
  1.650000E+01 -1.002394E-01
  1.700000E+01 -1.837551E-02
  1.750000E+01  6.785351E-02
  1.800000E+01  1.571143E-01
  1.850000E+01  2.481655E-01
  1.900000E+01  3.399125E-01
  1.950000E+01  4.314463E-01
  2.000000E+01  5.220617E-01
  2.050000E+01  6.112523E-01
  2.100000E+01  6.986798E-01
  2.150000E+01  7.841197E-01
  2.200000E+01  8.673857E-01
  2.250000E+01  9.482385E-01
  2.300000E+01  1.026286E+00
  2.350000E+01  1.100884E+00
  2.400000E+01  1.171052E+00
  2.450000E+01  1.235400E+00
  2.500000E+01  1.292102E+00
  2.550000E+01  1.338891E+00
  2.600000E+01  1.373110E+00
  2.650000E+01  1.391808E+00
  2.700000E+01  1.391874E+00
  2.750000E+01  1.370219E+00
  2.800000E+01  1.323986E+00
  2.850000E+01  1.250774E+00
  2.900000E+01  1.148874E+00
  2.950000E+01  1.017485E+00
  3.000000E+01  8.569014E-01
  3.050000E+01  6.686570E-01
  3.100000E+01  4.556083E-01
  3.150000E+01  2.219469E-01
  3.200000E+01 -2.686349E-02
  3.250000E+01 -2.842276E-01
  3.300000E+01 -5.426325E-01
  3.350000E+01 -7.939267E-01
  3.400000E+01 -1.029650E+00
  3.450000E+01 -1.241399E+00
  3.500000E+01 -1.421203E+00
  3.550000E+01 -1.561901E+00
  3.600000E+01 -1.657489E+00
  3.650000E+01 -1.703415E+00
  3.700000E+01 -1.696828E+00
  3.750000E+01 -1.636741E+00
  3.800000E+01 -1.524115E+00
  3.850000E+01 -1.361866E+00
  3.900000E+01 -1.154778E+00
  3.950000E+01 -9.093515E-01
  4.000000E+01 -6.335759E-01
  4.050000E+01 -3.366528E-01
  4.100000E+01 -2.867684E-02
  4.150000E+01  2.797088E-01
  4.200000E+01  5.776681E-01
  4.250000E+01  8.545263E-01
  4.300000E+01  1.100111E+00
  4.350000E+01  1.305070E+00
  4.400000E+01  1.461161E+00
  4.450000E+01  1.561505E+00
  4.500000E+01  1.600799E+00
  4.550000E+01  1.575497E+00
  4.600000E+01  1.483934E+00
  4.650000E+01  1.326421E+00
  4.700000E+01  1.105283E+00
  4.750000E+01  8.248560E-01
  4.800000E+01  4.914322E-01
  4.850000E+01  1.131499E-01
  4.900000E+01 -3.001679E-01
  4.950000E+01 -7.372331E-01
  5.000000E+01 -1.185568E+00
  5.050000E+01 -1.631835E+00
  5.100000E+01 -2.062723E+00
  5.150000E+01 -2.465257E+00
  5.200000E+01 -2.826442E+00
  5.250000E+01 -3.133961E+00
  5.300000E+01 -3.376577E+00
  5.350000E+01 -3.544532E+00
  5.400000E+01 -3.629915E+00
  5.450000E+01 -3.626987E+00
  5.500000E+01 -3.532447E+00
  5.550000E+01 -3.345620E+00
  5.600000E+01 -3.068565E+00
  5.650000E+01 -2.706076E+00
  5.700000E+01 -2.265591E+00
  5.750000E+01 -1.756997E+00
  5.800000E+01 -1.192343E+00
  5.850000E+01 -5.854687E-01
  5.900000E+01  4.844197E-02
  5.950000E+01  6.933503E-01
  6.000000E+01  1.332888E+00
  6.050000E+01  1.950890E+00
  6.100000E+01  2.531907E+00
  6.150000E+01  3.061692E+00
  6.200000E+01  3.527620E+00
  6.250000E+01  3.919042E+00
  6.300000E+01  4.227553E+00
  6.350000E+01  4.447171E+00
  6.400000E+01  4.574417E+00
  6.450000E+01  4.608311E+00
  6.500000E+01  4.550273E+00
  6.550000E+01  4.403955E+00
  6.600000E+01  4.175016E+00
  6.650000E+01  3.870834E+00
  6.700000E+01  3.500208E+00
  6.750000E+01  3.073026E+00
  6.800000E+01  2.599941E+00
  6.850000E+01  2.092063E+00
  6.900000E+01  1.560663E+00
  6.950000E+01  1.016912E+00
  7.000000E+01  4.716567E-01
  7.050000E+01 -6.477308E-02
  7.100000E+01 -5.827208E-01
  7.150000E+01 -1.073325E+00
  7.200000E+01 -1.528616E+00
  7.250000E+01 -1.941585E+00
  7.300000E+01 -2.306237E+00
  7.350000E+01 -2.617631E+00
  7.400000E+01 -2.871909E+00
  7.450000E+01 -3.066315E+00
  7.500000E+01 -3.199213E+00
  7.550000E+01 -3.270095E+00
  7.600000E+01 -3.279578E+00
  7.650000E+01 -3.229400E+00
  7.700000E+01 -3.122391E+00
  7.750000E+01 -2.962433E+00
  7.800000E+01 -2.754400E+00
  7.850000E+01 -2.504072E+00
  7.900000E+01 -2.218026E+00
  7.950000E+01 -1.903502E+00
  8.000000E+01 -1.568245E+00
  8.050000E+01 -1.220328E+00
  8.100000E+01 -8.679524E-01
  8.150000E+01 -5.192448E-01
  8.200000E+01 -1.820436E-01
  8.250000E+01  1.363101E-01
  8.300000E+01  4.291722E-01
  8.350000E+01  6.907769E-01
  8.400000E+01  9.163945E-01
  8.450000E+01  1.102457E+00
  8.500000E+01  1.246648E+00
  8.550000E+01  1.347952E+00
  8.600000E+01  1.406660E+00
  8.650000E+01  1.424333E+00
  8.700000E+01  1.403723E+00
  8.750000E+01  1.348647E+00
  8.800000E+01  1.263833E+00
  8.850000E+01  1.154727E+00
  8.900000E+01  1.027280E+00
  8.950000E+01  8.877132E-01
  9.000000E+01  7.422766E-01
  9.050000E+01  5.970073E-01
  9.100000E+01  4.574951E-01
  9.150000E+01  3.286682E-01
  9.200000E+01  2.146055E-01
  9.250000E+01  1.183845E-01
  9.300000E+01  4.197179E-02
  9.350000E+01 -1.383738E-02
  9.400000E+01 -4.942750E-02
  9.450000E+01 -6.631613E-02
  9.500000E+01 -6.705321E-02
  9.550000E+01 -5.506858E-02
  9.600000E+01 -3.447350E-02
  9.650000E+01 -9.823581E-03
  9.700000E+01  1.414642E-02
  9.750000E+01  3.280409E-02
  9.800000E+01  4.190342E-02
  9.850000E+01  3.785694E-02
  9.900000E+01  1.798131E-02
  9.950000E+01 -1.929789E-02
  1.000000E+02 -7.429472E-02
  1.005000E+02 -1.459756E-01
  1.010000E+02 -2.319435E-01
  1.015000E+02 -3.284984E-01
  1.020000E+02 -4.307738E-01
  1.025000E+02 -5.329451E-01
  1.030000E+02 -6.285030E-01
  1.035000E+02 -7.105788E-01
  1.040000E+02 -7.723069E-01
  1.045000E+02 -8.072062E-01
  1.050000E+02 -8.095613E-01
  1.055000E+02 -7.747817E-01
  1.060000E+02 -6.997210E-01
  1.065000E+02 -5.829356E-01
  1.070000E+02 -4.248679E-01
  1.075000E+02 -2.279430E-01
  1.080000E+02  3.430986E-03
  1.085000E+02  2.629602E-01
  1.090000E+02  5.426579E-01
  1.095000E+02  8.331258E-01
  1.100000E+02  1.123911E+00
  1.105000E+02  1.403923E+00
  1.110000E+02  1.661890E+00
  1.115000E+02  1.886831E+00
  1.120000E+02  2.068529E+00
  1.125000E+02  2.197971E+00
  1.130000E+02  2.267740E+00
  1.135000E+02  2.272343E+00
  1.140000E+02  2.208454E+00
  1.145000E+02  2.075068E+00
  1.150000E+02  1.873551E+00
  1.155000E+02  1.607601E+00
  1.160000E+02  1.283102E+00
  1.165000E+02  9.079030E-01
  1.170000E+02  4.915196E-01
  1.175000E+02  4.477774E-02
  1.180000E+02 -4.205798E-01
  1.185000E+02 -8.923070E-01
  1.190000E+02 -1.358070E+00
  1.195000E+02 -1.805842E+00
  1.200000E+02 -2.224272E+00
  1.205000E+02 -2.602994E+00
  1.210000E+02 -2.932893E+00
  1.215000E+02 -3.206294E+00
  1.220000E+02 -3.417096E+00
  1.225000E+02 -3.560828E+00
  1.230000E+02 -3.634655E+00
  1.235000E+02 -3.637320E+00
  1.240000E+02 -3.569047E+00
  1.245000E+02 -3.431407E+00
  1.250000E+02 -3.227161E+00
  1.255000E+02 -2.960098E+00
  1.260000E+02 -2.634866E+00
  1.265000E+02 -2.256817E+00
  1.270000E+02 -1.831875E+00
  1.275000E+02 -1.366422E+00
  1.280000E+02 -8.672088E-01
  1.285000E+02 -3.413045E-01
  1.290000E+02  2.039425E-01
  1.295000E+02  7.609141E-01
  1.300000E+02  1.321722E+00
  1.305000E+02  1.878202E+00
  1.310000E+02  2.421907E+00
  1.315000E+02  2.944120E+00
  1.320000E+02  3.435880E+00
  1.325000E+02  3.888047E+00
  1.330000E+02  4.291387E+00
  1.335000E+02  4.636715E+00
  1.340000E+02  4.915059E+00
  1.345000E+02  5.117878E+00
  1.350000E+02  5.237301E+00
  1.355000E+02  5.266405E+00
  1.360000E+02  5.199496E+00
  1.365000E+02  5.032404E+00
  1.370000E+02  4.762764E+00
  1.375000E+02  4.390268E+00
  1.380000E+02  3.916883E+00
  1.385000E+02  3.347009E+00
  1.390000E+02  2.687569E+00
  1.395000E+02  1.948026E+00
  1.400000E+02  1.140300E+00
  1.405000E+02  2.786148E-01
  1.410000E+02 -6.207679E-01
  1.415000E+02 -1.539882E+00
  1.420000E+02 -2.459477E+00
  1.425000E+02 -3.359500E+00
  1.430000E+02 -4.219625E+00
  1.435000E+02 -5.019813E+00
  1.440000E+02 -5.740878E+00
  1.445000E+02 -6.365042E+00
  1.450000E+02 -6.876456E+00
  1.455000E+02 -7.261660E+00
  1.460000E+02 -7.509981E+00
  1.465000E+02 -7.613836E+00
  1.470000E+02 -7.568939E+00
  1.475000E+02 -7.374409E+00
  1.480000E+02 -7.032772E+00
  1.485000E+02 -6.549857E+00
  1.490000E+02 -5.934608E+00
  1.495000E+02 -5.198806E+00
  1.500000E+02 -4.356728E+00
  1.505000E+02 -3.424752E+00
  1.510000E+02 -2.420931E+00
  1.515000E+02 -1.364541E+00
  1.520000E+02 -2.756417E-01
  1.525000E+02  8.253663E-01
  1.530000E+02  1.918147E+00
  1.535000E+02  2.982809E+00
  1.540000E+02  4.000248E+00
  1.545000E+02  4.952447E+00
  1.550000E+02  5.822733E+00
  1.555000E+02  6.596007E+00
  1.560000E+02  7.258932E+00
  1.565000E+02  7.800096E+00
  1.570000E+02  8.210148E+00
  1.575000E+02  8.481922E+00
  1.580000E+02  8.610534E+00
  1.585000E+02  8.593468E+00
  1.590000E+02  8.430644E+00
  1.595000E+02  8.124458E+00
  1.600000E+02  7.679797E+00
  1.605000E+02  7.104028E+00
  1.610000E+02  6.406928E+00
  1.615000E+02  5.600585E+00
  1.620000E+02  4.699227E+00
  1.625000E+02  3.719006E+00
  1.630000E+02  2.677717E+00
  1.635000E+02  1.594454E+00
  1.640000E+02  4.892226E-01
  1.645000E+02 -6.174967E-01
  1.650000E+02 -1.705218E+00
  1.655000E+02 -2.753933E+00
  1.660000E+02 -3.744596E+00
  1.665000E+02 -4.659585E+00
  1.670000E+02 -5.483136E+00
  1.675000E+02 -6.201711E+00
  1.680000E+02 -6.804306E+00
  1.685000E+02 -7.282669E+00
  1.690000E+02 -7.631437E+00
  1.695000E+02 -7.848171E+00
  1.700000E+02 -7.933302E+00
  1.705000E+02 -7.889994E+00
  1.710000E+02 -7.723917E+00
  1.715000E+02 -7.442966E+00
  1.720000E+02 -7.056926E+00
  1.725000E+02 -6.577104E+00
  1.730000E+02 -6.015945E+00
  1.735000E+02 -5.386651E+00
  1.740000E+02 -4.702818E+00
  1.745000E+02 -3.978096E+00
  1.750000E+02 -3.225894E+00
  1.755000E+02 -2.459126E+00
  1.760000E+02 -1.690002E+00
  1.765000E+02 -9.298720E-01
  1.770000E+02 -1.891041E-01
  1.775000E+02  5.229938E-01
  1.780000E+02  1.198223E+00
  1.785000E+02  1.829521E+00
  1.790000E+02  2.410969E+00
  1.795000E+02  2.937787E+00
  1.800000E+02  3.406325E+00
  1.805000E+02  3.814044E+00
  1.810000E+02  4.159493E+00
  1.815000E+02  4.442276E+00
  1.820000E+02  4.663008E+00
  1.825000E+02  4.823259E+00
  1.830000E+02  4.925472E+00
  1.835000E+02  4.972859E+00
  1.840000E+02  4.969280E+00
  1.845000E+02  4.919085E+00
  1.850000E+02  4.826942E+00
  1.855000E+02  4.697646E+00
  1.860000E+02  4.535916E+00
  1.865000E+02  4.346199E+00
  1.870000E+02  4.132482E+00
  1.875000E+02  3.898132E+00
  1.880000E+02  3.645774E+00
  1.885000E+02  3.377219E+00
  1.890000E+02  3.093446E+00
  1.895000E+02  2.794655E+00
  1.900000E+02  2.480376E+00
  1.905000E+02  2.149647E+00
  1.910000E+02  1.801236E+00
  1.915000E+02  1.433917E+00
  1.920000E+02  1.046756E+00
  1.925000E+02  6.394115E-01
  1.930000E+02  2.124203E-01
  1.935000E+02 -2.325617E-01
  1.940000E+02 -6.925679E-01
  1.945000E+02 -1.163208E+00
  1.950000E+02 -1.638642E+00
  1.955000E+02 -2.111647E+00
  1.960000E+02 -2.573788E+00
  1.965000E+02 -3.015676E+00
  1.970000E+02 -3.427313E+00
  1.975000E+02 -3.798500E+00
  1.980000E+02 -4.119295E+00
  1.985000E+02 -4.380484E+00
  1.990000E+02 -4.574045E+00
  1.995000E+02 -4.693587E+00
  2.000000E+02 -4.734708E+00
  2.005000E+02 -4.695284E+00
  2.010000E+02 -4.575651E+00
  2.015000E+02 -4.378663E+00
  2.020000E+02 -4.109638E+00
  2.025000E+02 -3.776178E+00
  2.030000E+02 -3.387881E+00
  2.035000E+02 -2.955955E+00
  2.040000E+02 -2.492752E+00
  2.045000E+02 -2.011263E+00
  2.050000E+02 -1.524578E+00
  2.055000E+02 -1.045358E+00
  2.060000E+02 -5.853420E-01
  2.065000E+02 -1.549075E-01
  2.070000E+02  2.372829E-01
  2.075000E+02  5.845432E-01
  2.080000E+02  8.823182E-01
  2.085000E+02  1.128229E+00
  2.090000E+02  1.322011E+00
  2.095000E+02  1.465360E+00
  2.100000E+02  1.561688E+00
  2.105000E+02  1.615822E+00
  2.110000E+02  1.633653E+00
  2.115000E+02  1.621772E+00
  2.120000E+02  1.587093E+00
  2.125000E+02  1.536514E+00
  2.130000E+02  1.476601E+00
  2.135000E+02  1.413332E+00
  2.140000E+02  1.351898E+00
  2.145000E+02  1.296575E+00
  2.150000E+02  1.250651E+00
  2.155000E+02  1.216425E+00
  2.160000E+02  1.195254E+00
  2.165000E+02  1.187637E+00
  2.170000E+02  1.193340E+00
  2.175000E+02  1.211527E+00
  2.180000E+02  1.240902E+00
  2.185000E+02  1.279837E+00
  2.190000E+02  1.326489E+00
  2.195000E+02  1.378890E+00
  2.200000E+02  1.435008E+00
  2.205000E+02  1.492785E+00
  2.210000E+02  1.550140E+00
  2.215000E+02  1.604965E+00
  2.220000E+02  1.655089E+00
  2.225000E+02  1.698255E+00
  2.230000E+02  1.732083E+00
  2.235000E+02  1.754054E+00
  2.240000E+02  1.761508E+00
  2.245000E+02  1.751670E+00
  2.250000E+02  1.721701E+00
  2.255000E+02  1.668777E+00
  2.260000E+02  1.590197E+00
  2.265000E+02  1.483518E+00
  2.270000E+02  1.346700E+00
  2.275000E+02  1.178266E+00
  2.280000E+02  9.774558E-01
  2.285000E+02  7.443742E-01
  2.290000E+02  4.801117E-01
  2.295000E+02  1.868353E-01
  2.300000E+02 -1.321625E-01
  2.305000E+02 -4.724617E-01
  2.310000E+02 -8.285666E-01
  2.315000E+02 -1.194011E+00
  2.320000E+02 -1.561516E+00
  2.325000E+02 -1.923197E+00
  2.330000E+02 -2.270812E+00
  2.335000E+02 -2.596044E+00
  2.340000E+02 -2.890795E+00
  2.345000E+02 -3.147498E+00
  2.350000E+02 -3.359408E+00
  2.355000E+02 -3.520880E+00
  2.360000E+02 -3.627606E+00
  2.365000E+02 -3.676797E+00
  2.370000E+02 -3.667311E+00
  2.375000E+02 -3.599710E+00
  2.380000E+02 -3.476241E+00
  2.385000E+02 -3.300746E+00
  2.390000E+02 -3.078497E+00
  2.395000E+02 -2.815970E+00
  2.400000E+02 -2.520557E+00
  2.405000E+02 -2.200242E+00
  2.410000E+02 -1.863251E+00
  2.415000E+02 -1.517685E+00
  2.420000E+02 -1.171179E+00
  2.425000E+02 -8.305709E-01
  2.430000E+02 -5.016285E-01
  2.435000E+02 -1.888344E-01
  2.440000E+02  1.047583E-01
  2.445000E+02  3.775872E-01
  2.450000E+02  6.295566E-01
  2.455000E+02  8.619293E-01
  2.460000E+02  1.077138E+00
  2.465000E+02  1.278529E+00
  2.470000E+02  1.470046E+00
  2.475000E+02  1.655884E+00
  2.480000E+02  1.840115E+00
  2.485000E+02  2.026325E+00
  2.490000E+02  2.217272E+00
  2.495000E+02  2.414584E+00
  2.500000E+02  2.618528E+00
  2.505000E+02  2.827853E+00
  2.510000E+02  3.039715E+00
  2.515000E+02  3.249703E+00
  2.520000E+02  3.451953E+00
  2.525000E+02  3.639353E+00
  2.530000E+02  3.803828E+00
  2.535000E+02  3.936687E+00
  2.540000E+02  4.029017E+00
  2.545000E+02  4.072107E+00
  2.550000E+02  4.057872E+00
  2.555000E+02  3.979269E+00
  2.560000E+02  3.830668E+00
  2.565000E+02  3.608174E+00
  2.570000E+02  3.309876E+00
  2.575000E+02  2.936023E+00
  2.580000E+02  2.489105E+00
  2.585000E+02  1.973850E+00
  2.590000E+02  1.397140E+00
  2.595000E+02  7.678385E-01
  2.600000E+02  9.655937E-02
  2.605000E+02 -6.046250E-01
  2.610000E+02 -1.322515E+00
  2.615000E+02 -2.043143E+00
  2.620000E+02 -2.752138E+00
  2.625000E+02 -3.435098E+00
  2.630000E+02 -4.077936E+00
  2.635000E+02 -4.667209E+00
  2.640000E+02 -5.190415E+00
  2.645000E+02 -5.636254E+00
  2.650000E+02 -5.994847E+00
  2.655000E+02 -6.257922E+00
  2.660000E+02 -6.418959E+00
  2.665000E+02 -6.473309E+00
  2.670000E+02 -6.418268E+00
  2.675000E+02 -6.253135E+00
  2.680000E+02 -5.979232E+00
  2.685000E+02 -5.599909E+00
  2.690000E+02 -5.120511E+00
  2.695000E+02 -4.548325E+00
  2.700000E+02 -3.892491E+00
  2.705000E+02 -3.163883E+00
  2.710000E+02 -2.374950E+00
  2.715000E+02 -1.539523E+00
  2.720000E+02 -6.725747E-01
  2.725000E+02  2.100521E-01
  2.730000E+02  1.091962E+00
  2.735000E+02  1.956551E+00
  2.740000E+02  2.787378E+00
  2.745000E+02  3.568552E+00
  2.750000E+02  4.285118E+00
  2.755000E+02  4.923441E+00
  2.760000E+02  5.471554E+00
  2.765000E+02  5.919478E+00
  2.770000E+02  6.259479E+00
  2.775000E+02  6.486267E+00
  2.780000E+02  6.597119E+00
  2.785000E+02  6.591922E+00
  2.790000E+02  6.473129E+00
  2.795000E+02  6.245642E+00
  2.800000E+02  5.916610E+00
  2.805000E+02  5.495166E+00
  2.810000E+02  4.992111E+00
  2.815000E+02  4.419548E+00
  2.820000E+02  3.790506E+00
  2.825000E+02  3.118547E+00
  2.830000E+02  2.417386E+00
  2.835000E+02  1.700535E+00
  2.840000E+02  9.809892E-01
  2.845000E+02  2.709504E-01
  2.850000E+02 -4.183844E-01
  2.855000E+02 -1.076983E+00
  2.860000E+02 -1.696083E+00
  2.865000E+02 -2.268235E+00
  2.870000E+02 -2.787310E+00
  2.875000E+02 -3.248461E+00
  2.880000E+02 -3.648057E+00
  2.885000E+02 -3.983603E+00
  2.890000E+02 -4.253642E+00
  2.895000E+02 -4.457664E+00
  2.900000E+02 -4.596020E+00
  2.905000E+02 -4.669845E+00
  2.910000E+02 -4.680991E+00
  2.915000E+02 -4.631983E+00
  2.920000E+02 -4.525973E+00
  2.925000E+02 -4.366706E+00
  2.930000E+02 -4.158490E+00
  2.935000E+02 -3.906156E+00
  2.940000E+02 -3.615008E+00
  2.945000E+02 -3.290761E+00
  2.950000E+02 -2.939458E+00
  2.955000E+02 -2.567364E+00
  2.960000E+02 -2.180846E+00
  2.965000E+02 -1.786232E+00
  2.970000E+02 -1.389661E+00
  2.975000E+02 -9.969247E-01
  2.980000E+02 -6.133176E-01
  2.985000E+02 -2.434946E-01
  2.990000E+02  1.086458E-01
  2.995000E+02  4.400515E-01
  3.000000E+02  7.485678E-01
  3.005000E+02  1.032949E+00
  3.010000E+02  1.292822E+00
  3.015000E+02  1.528615E+00
  3.020000E+02  1.741434E+00
  3.025000E+02  1.932913E+00
  3.030000E+02  2.105038E+00
  3.035000E+02  2.259954E+00
  3.040000E+02  2.399765E+00
  3.045000E+02  2.526348E+00
  3.050000E+02  2.641186E+00
  3.055000E+02  2.745224E+00
  3.060000E+02  2.838775E+00
  3.065000E+02  2.921467E+00
  3.070000E+02  2.992235E+00
  3.075000E+02  3.049368E+00
  3.080000E+02  3.090601E+00
  3.085000E+02  3.113244E+00
  3.090000E+02  3.114348E+00
  3.095000E+02  3.090887E+00
  3.100000E+02  3.039955E+00
  3.105000E+02  2.958955E+00
  3.110000E+02  2.845780E+00
  3.115000E+02  2.698965E+00
  3.120000E+02  2.517805E+00
  3.125000E+02  2.302434E+00
  3.130000E+02  2.053861E+00
  3.135000E+02  1.773962E+00
  3.140000E+02  1.465425E+00
  3.145000E+02  1.131665E+00
  3.150000E+02  7.767043E-01
  3.155000E+02  4.050370E-01
  3.160000E+02  2.147797E-02
  3.165000E+02 -3.689837E-01
  3.170000E+02 -7.613227E-01
  3.175000E+02 -1.150597E+00
  3.180000E+02 -1.532042E+00
  3.185000E+02 -1.901136E+00
  3.190000E+02 -2.253633E+00
  3.195000E+02 -2.585568E+00
  3.200000E+02 -2.893240E+00
  3.205000E+02 -3.173168E+00
  3.210000E+02 -3.422046E+00
  3.215000E+02 -3.636694E+00
  3.220000E+02 -3.814017E+00
  3.225000E+02 -3.950984E+00
  3.230000E+02 -4.044636E+00
  3.235000E+02 -4.092128E+00
  3.240000E+02 -4.090799E+00
  3.245000E+02 -4.038291E+00
  3.250000E+02 -3.932693E+00
  3.255000E+02 -3.772713E+00
  3.260000E+02 -3.557869E+00
  3.265000E+02 -3.288679E+00
  3.270000E+02 -2.966845E+00
  3.275000E+02 -2.595406E+00
  3.280000E+02 -2.178855E+00
  3.285000E+02 -1.723192E+00
  3.290000E+02 -1.235916E+00
  3.295000E+02 -7.259341E-01
  3.300000E+02 -2.033948E-01
  3.305000E+02  3.205649E-01
  3.310000E+02  8.341439E-01
  3.315000E+02  1.325269E+00
  3.320000E+02  1.782033E+00
  3.325000E+02  2.193167E+00
  3.330000E+02  2.548517E+00
  3.335000E+02  2.839499E+00
  3.340000E+02  3.059517E+00
  3.345000E+02  3.204305E+00
  3.350000E+02  3.272188E+00
  3.355000E+02  3.264223E+00
  3.360000E+02  3.184229E+00
  3.365000E+02  3.038677E+00
  3.370000E+02  2.836461E+00
  3.375000E+02  2.588543E+00
  3.380000E+02  2.307485E+00
  3.385000E+02  2.006903E+00
  3.390000E+02  1.700852E+00
  3.395000E+02  1.403181E+00
  3.400000E+02  1.126892E+00
  3.405000E+02  8.835254E-01
  3.410000E+02  6.826162E-01
  3.415000E+02  5.312456E-01
  3.420000E+02  4.337077E-01
  3.425000E+02  3.913154E-01
  3.430000E+02  4.023537E-01
  3.435000E+02  4.621837E-01
  3.440000E+02  5.634929E-01
  3.445000E+02  6.966779E-01
  3.450000E+02  8.503410E-01
  3.455000E+02  1.011872E+00
  3.460000E+02  1.168090E+00
  3.465000E+02  1.305901E+00
  3.470000E+02  1.412955E+00
  3.475000E+02  1.478250E+00
  3.480000E+02  1.492667E+00
  3.485000E+02  1.449402E+00
  3.490000E+02  1.344282E+00
  3.495000E+02  1.175944E+00
  3.500000E+02  9.458822E-01
  3.505000E+02  6.583516E-01
  3.510000E+02  3.201505E-01
  3.515000E+02 -5.971150E-02
  3.520000E+02 -4.704364E-01
  3.525000E+02 -8.999268E-01
  3.530000E+02 -1.335315E+00
  3.535000E+02 -1.763505E+00
  3.540000E+02 -2.171699E+00
  3.545000E+02 -2.547888E+00
  3.550000E+02 -2.881279E+00
  3.555000E+02 -3.162651E+00
  3.560000E+02 -3.384622E+00
  3.565000E+02 -3.541822E+00
  3.570000E+02 -3.630978E+00
  3.575000E+02 -3.650903E+00
  3.580000E+02 -3.602413E+00
  3.585000E+02 -3.488166E+00
  3.590000E+02 -3.312453E+00
  3.595000E+02 -3.080946E+00
  3.600000E+02 -2.800428E+00
  3.605000E+02 -2.478500E+00
  3.610000E+02 -2.123309E+00
  3.615000E+02 -1.743276E+00
  3.620000E+02 -1.346858E+00
  3.625000E+02 -9.423314E-01
  3.630000E+02 -5.376125E-01
  3.635000E+02 -1.401117E-01
  3.640000E+02  2.433814E-01
  3.645000E+02  6.067811E-01
  3.650000E+02  9.447617E-01
  3.655000E+02  1.252790E+00
  3.660000E+02  1.527140E+00
  3.665000E+02  1.764887E+00
  3.670000E+02  1.963896E+00
  3.675000E+02  2.122793E+00
  3.680000E+02  2.240930E+00
  3.685000E+02  2.318346E+00
  3.690000E+02  2.355718E+00
  3.695000E+02  2.354303E+00
  3.700000E+02  2.315886E+00
  3.705000E+02  2.242713E+00
  3.710000E+02  2.137427E+00
  3.715000E+02  2.003003E+00
  3.720000E+02  1.842686E+00
  3.725000E+02  1.659928E+00
  3.730000E+02  1.458339E+00
  3.735000E+02  1.241638E+00
  3.740000E+02  1.013624E+00
  3.745000E+02  7.781474E-01
  3.750000E+02  5.390991E-01
  3.755000E+02  3.004077E-01
  3.760000E+02  6.604041E-02
  3.765000E+02 -1.599918E-01
  3.770000E+02 -3.736321E-01
  3.775000E+02 -5.707843E-01
  3.780000E+02 -7.473324E-01
  3.785000E+02 -8.991794E-01
  3.790000E+02 -1.022310E+00
  3.795000E+02 -1.112878E+00
  3.800000E+02 -1.167323E+00
  3.805000E+02 -1.182509E+00
  3.810000E+02 -1.155888E+00
  3.815000E+02 -1.085676E+00
  3.820000E+02 -9.710384E-01
  3.825000E+02 -8.122611E-01
  3.830000E+02 -6.109159E-01
  3.835000E+02 -3.699869E-01
  3.840000E+02 -9.395650E-02
  3.845000E+02  2.111645E-01
  3.850000E+02  5.378711E-01
  3.855000E+02  8.772705E-01
  3.860000E+02  1.219263E+00
  3.865000E+02  1.552794E+00
  3.870000E+02  1.866182E+00
  3.875000E+02  2.147494E+00
  3.880000E+02  2.384975E+00
  3.885000E+02  2.567502E+00
  3.890000E+02  2.685043E+00
  3.895000E+02  2.729109E+00
  3.900000E+02  2.693161E+00
  3.905000E+02  2.572971E+00
  3.910000E+02  2.366893E+00
  3.915000E+02  2.076056E+00
  3.920000E+02  1.704440E+00
  3.925000E+02  1.258851E+00
  3.930000E+02  7.487683E-01
  3.935000E+02  1.860970E-01
  3.940000E+02 -4.151926E-01
  3.945000E+02 -1.039508E+00
  3.950000E+02 -1.670147E+00
  3.955000E+02 -2.289860E+00
  3.960000E+02 -2.881438E+00
  3.965000E+02 -3.428292E+00
  3.970000E+02 -3.915020E+00
  3.975000E+02 -4.327918E+00
  3.980000E+02 -4.655425E+00
  3.985000E+02 -4.888482E+00
  3.990000E+02 -5.020800E+00
  3.995000E+02 -5.049014E+00
  4.000000E+02 -4.972734E+00
  4.005000E+02 -4.794483E+00
  4.010000E+02 -4.519542E+00
  4.015000E+02 -4.155699E+00
  4.020000E+02 -3.712919E+00
  4.025000E+02 -3.202956E+00
  4.030000E+02 -2.638920E+00
  4.035000E+02 -2.034822E+00
  4.040000E+02 -1.405100E+00
  4.045000E+02 -7.641750E-01
  4.050000E+02 -1.260161E-01
  4.055000E+02  4.962427E-01
  4.060000E+02  1.090637E+00
  4.065000E+02  1.646646E+00
  4.070000E+02  2.155398E+00
  4.075000E+02  2.609803E+00
  4.080000E+02  3.004623E+00
  4.085000E+02  3.336469E+00
  4.090000E+02  3.603733E+00
  4.095000E+02  3.806471E+00
  4.100000E+02  3.946230E+00
  4.105000E+02  4.025846E+00
  4.110000E+02  4.049204E+00
  4.115000E+02  4.020994E+00
  4.120000E+02  3.946447E+00
  4.125000E+02  3.831086E+00
  4.130000E+02  3.680488E+00
  4.135000E+02  3.500072E+00
  4.140000E+02  3.294912E+00
  4.145000E+02  3.069596E+00
  4.150000E+02  2.828122E+00
  4.155000E+02  2.573835E+00
  4.160000E+02  2.309419E+00
  4.165000E+02  2.036919E+00
  4.170000E+02  1.757813E+00
  4.175000E+02  1.473115E+00
  4.180000E+02  1.183502E+00
  4.185000E+02  8.894609E-01
  4.190000E+02  5.914511E-01
  4.195000E+02  2.900567E-01
  4.200000E+02 -1.386463E-02
  4.205000E+02 -3.190551E-01
  4.210000E+02 -6.237585E-01
  4.215000E+02 -9.256568E-01
  4.220000E+02 -1.221847E+00
  4.225000E+02 -1.508864E+00
  4.230000E+02 -1.782742E+00
  4.235000E+02 -2.039126E+00
  4.240000E+02 -2.273415E+00
  4.245000E+02 -2.480940E+00
  4.250000E+02 -2.657165E+00
  4.255000E+02 -2.797898E+00
  4.260000E+02 -2.899507E+00
  4.265000E+02 -2.959120E+00
  4.270000E+02 -2.974816E+00
  4.275000E+02 -2.945766E+00
  4.280000E+02 -2.872348E+00
  4.285000E+02 -2.756202E+00
  4.290000E+02 -2.600238E+00
  4.295000E+02 -2.408584E+00
  4.300000E+02 -2.186479E+00
  4.305000E+02 -1.940113E+00
  4.310000E+02 -1.676418E+00
  4.315000E+02 -1.402829E+00
  4.320000E+02 -1.127004E+00
  4.325000E+02 -8.565414E-01
  4.330000E+02 -5.986862E-01
  4.335000E+02 -3.600488E-01
  4.340000E+02 -1.463472E-01
  4.345000E+02  3.781625E-02
  4.350000E+02  1.891332E-01
  4.355000E+02  3.057149E-01
  4.360000E+02  3.871586E-01
  4.365000E+02  4.345525E-01
  4.370000E+02  4.504181E-01
  4.375000E+02  4.385939E-01
  4.380000E+02  4.040644E-01
  4.385000E+02  3.527421E-01
  4.390000E+02  2.912126E-01
  4.395000E+02  2.264536E-01
  4.400000E+02  1.655388E-01
  4.405000E+02  1.153407E-01
  4.410000E+02  8.224300E-02
  4.415000E+02  7.187517E-02
  4.420000E+02  8.887936E-02
  4.425000E+02  1.367181E-01
  4.430000E+02  2.175301E-01
  4.435000E+02  3.320388E-01
  4.440000E+02  4.795160E-01
  4.445000E+02  6.578007E-01
  4.450000E+02  8.633714E-01
  4.455000E+02  1.091467E+00
  4.460000E+02  1.336250E+00
  4.465000E+02  1.591008E+00
  4.470000E+02  1.848379E+00
  4.475000E+02  2.100594E+00
  4.480000E+02  2.339733E+00
  4.485000E+02  2.557974E+00
  4.490000E+02  2.747836E+00
  4.495000E+02  2.902400E+00
  4.500000E+02  3.015513E+00
  4.505000E+02  3.081955E+00
  4.510000E+02  3.097574E+00
  4.515000E+02  3.059390E+00
  4.520000E+02  2.965658E+00
  4.525000E+02  2.815892E+00
  4.530000E+02  2.610864E+00
  4.535000E+02  2.352562E+00
  4.540000E+02  2.044127E+00
  4.545000E+02  1.689765E+00
  4.550000E+02  1.294634E+00
  4.555000E+02  8.647282E-01
  4.560000E+02  4.067386E-01
  4.565000E+02 -7.208326E-02
  4.570000E+02 -5.640700E-01
  4.575000E+02 -1.061282E+00
  4.580000E+02 -1.555648E+00
  4.585000E+02 -2.039103E+00
  4.590000E+02 -2.503725E+00
  4.595000E+02 -2.941852E+00
  4.600000E+02 -3.346211E+00
  4.605000E+02 -3.710020E+00
  4.610000E+02 -4.027095E+00
  4.615000E+02 -4.291941E+00
  4.620000E+02 -4.499831E+00
  4.625000E+02 -4.646878E+00
  4.630000E+02 -4.730090E+00
  4.635000E+02 -4.747415E+00
  4.640000E+02 -4.697770E+00
  4.645000E+02 -4.581051E+00
  4.650000E+02 -4.398138E+00
  4.655000E+02 -4.150870E+00
  4.660000E+02 -3.842021E+00
  4.665000E+02 -3.475252E+00
  4.670000E+02 -3.055054E+00
  4.675000E+02 -2.586681E+00
  4.680000E+02 -2.076080E+00
  4.685000E+02 -1.529807E+00
  4.690000E+02 -9.549460E-01
  4.695000E+02 -3.590277E-01
  4.700000E+02  2.500567E-01
  4.705000E+02  8.641363E-01
  4.710000E+02  1.474841E+00
  4.715000E+02  2.073682E+00
  4.720000E+02  2.652133E+00
  4.725000E+02  3.201711E+00
  4.730000E+02  3.714067E+00
  4.735000E+02  4.181082E+00
  4.740000E+02  4.594970E+00
  4.745000E+02  4.948396E+00
  4.750000E+02  5.234603E+00
  4.755000E+02  5.447560E+00
  4.760000E+02  5.582102E+00
  4.765000E+02  5.634097E+00
  4.770000E+02  5.600603E+00
  4.775000E+02  5.480023E+00
  4.780000E+02  5.272245E+00
  4.785000E+02  4.978768E+00
  4.790000E+02  4.602792E+00
  4.795000E+02  4.149263E+00
  4.800000E+02  3.624888E+00
  4.805000E+02  3.038071E+00
  4.810000E+02  2.398813E+00
  4.815000E+02  1.718535E+00
  4.820000E+02  1.009844E+00
  4.825000E+02  2.862493E-01
  4.830000E+02 -4.381788E-01
  4.835000E+02 -1.149184E+00
  4.840000E+02 -1.832725E+00
  4.845000E+02 -2.475383E+00
  4.850000E+02 -3.064763E+00
  4.855000E+02 -3.589870E+00
  4.860000E+02 -4.041440E+00
  4.865000E+02 -4.412209E+00
  4.870000E+02 -4.697121E+00
  4.875000E+02 -4.893436E+00
  4.880000E+02 -5.000768E+00
  4.885000E+02 -5.021013E+00
  4.890000E+02 -4.958211E+00
  4.895000E+02 -4.818306E+00
  4.900000E+02 -4.608856E+00
  4.905000E+02 -4.338674E+00
  4.910000E+02 -4.017450E+00
  4.915000E+02 -3.655338E+00
  4.920000E+02 -3.262565E+00
  4.925000E+02 -2.849055E+00
  4.930000E+02 -2.424093E+00
  4.935000E+02 -1.996053E+00
  4.940000E+02 -1.572189E+00
  4.945000E+02 -1.158502E+00
  4.950000E+02 -7.596864E-01
  4.955000E+02 -3.791508E-01
  4.960000E+02 -1.910883E-02
  4.965000E+02  3.192729E-01
  4.970000E+02  6.356810E-01
  4.975000E+02  9.304328E-01
  4.980000E+02  1.204242E+00
  4.985000E+02  1.457987E+00
  4.990000E+02  1.692507E+00
  4.995000E+02  1.908417E+00
  5.000000E+02  2.105988E+00
  5.005000E+02  2.285056E+00
  5.010000E+02  2.445005E+00
  5.015000E+02  2.584791E+00
  5.020000E+02  2.703015E+00
  5.025000E+02  2.798045E+00
  5.030000E+02  2.868152E+00
  5.035000E+02  2.911677E+00
  5.040000E+02  2.927190E+00
  5.045000E+02  2.913645E+00
  5.050000E+02  2.870509E+00
  5.055000E+02  2.797860E+00
  5.060000E+02  2.696441E+00
  5.065000E+02  2.567677E+00
  5.070000E+02  2.413641E+00
  5.075000E+02  2.236980E+00
  5.080000E+02  2.040805E+00
  5.085000E+02  1.828553E+00
  5.090000E+02  1.603832E+00
  5.095000E+02  1.370260E+00
  5.100000E+02  1.131308E+00
  5.105000E+02  8.901674E-01
  5.110000E+02  6.496351E-01
  5.115000E+02  4.120408E-01
  5.120000E+02  1.792088E-01
  5.125000E+02 -4.753648E-02
  5.130000E+02 -2.673270E-01
  5.135000E+02 -4.796722E-01
  5.140000E+02 -6.843527E-01
  5.145000E+02 -8.812952E-01
  5.150000E+02 -1.070440E+00
  5.155000E+02 -1.251614E+00
  5.160000E+02 -1.424413E+00
  5.165000E+02 -1.588116E+00
  5.170000E+02 -1.741626E+00
  5.175000E+02 -1.883451E+00
  5.180000E+02 -2.011729E+00
  5.185000E+02 -2.124288E+00
  5.190000E+02 -2.218744E+00
  5.195000E+02 -2.292634E+00
  5.200000E+02 -2.343565E+00
  5.205000E+02 -2.369377E+00
  5.210000E+02 -2.368303E+00
  5.215000E+02 -2.339120E+00
  5.220000E+02 -2.281275E+00
  5.225000E+02 -2.194973E+00
  5.230000E+02 -2.081233E+00
  5.235000E+02 -1.941893E+00
  5.240000E+02 -1.779566E+00
  5.245000E+02 -1.597559E+00
  5.250000E+02 -1.399740E+00
  5.255000E+02 -1.190381E+00
  5.260000E+02 -9.739750E-01
  5.265000E+02 -7.550383E-01
  5.270000E+02 -5.379188E-01
  5.275000E+02 -3.266134E-01
  5.280000E+02 -1.246120E-01
  5.285000E+02  6.522533E-02
  5.290000E+02  2.407492E-01
  5.295000E+02  4.005556E-01
  5.300000E+02  5.439743E-01
  5.305000E+02  6.710115E-01
  5.310000E+02  7.822543E-01
  5.315000E+02  8.787421E-01
  5.320000E+02  9.618187E-01
  5.325000E+02  1.032974E+00
  5.330000E+02  1.093688E+00
  5.335000E+02  1.145294E+00
  5.340000E+02  1.188859E+00
  5.345000E+02  1.225109E+00
  5.350000E+02  1.254384E+00
  5.355000E+02  1.276645E+00
  5.360000E+02  1.291516E+00
  5.365000E+02  1.298370E+00
  5.370000E+02  1.296441E+00
  5.375000E+02  1.284959E+00
  5.380000E+02  1.263294E+00
  5.385000E+02  1.231095E+00
  5.390000E+02  1.188416E+00
  5.395000E+02  1.135805E+00
  5.400000E+02  1.074363E+00
  5.405000E+02  1.005754E+00
  5.410000E+02  9.321583E-01
  5.415000E+02  8.561851E-01
  5.420000E+02  7.807333E-01
  5.425000E+02  7.088147E-01
  5.430000E+02  6.433496E-01
  5.435000E+02  5.869489E-01
  5.440000E+02  5.416990E-01
  5.445000E+02  5.089641E-01
  5.450000E+02  4.892237E-01
  5.455000E+02  4.819591E-01
  5.460000E+02  4.855996E-01
  5.465000E+02  4.975376E-01
  5.470000E+02  5.142155E-01
  5.475000E+02  5.312826E-01
  5.480000E+02  5.438173E-01
  5.485000E+02  5.466012E-01
  5.490000E+02  5.344331E-01
  5.495000E+02  5.024619E-01
  5.500000E+02  4.465199E-01
  5.505000E+02  3.634340E-01
  5.510000E+02  2.512954E-01
  5.515000E+02  1.096684E-01
  5.520000E+02 -6.027756E-02
  5.525000E+02 -2.557223E-01
  5.530000E+02 -4.722434E-01
  5.535000E+02 -7.039572E-01
  5.540000E+02 -9.437493E-01
  5.545000E+02 -1.183581E+00
  5.550000E+02 -1.414858E+00
  5.555000E+02 -1.628840E+00
  5.560000E+02 -1.817068E+00
  5.565000E+02 -1.971789E+00
  5.570000E+02 -2.086353E+00
  5.575000E+02 -2.155549E+00
  5.580000E+02 -2.175889E+00
  5.585000E+02 -2.145786E+00
  5.590000E+02 -2.065654E+00
  5.595000E+02 -1.937896E+00
  5.600000E+02 -1.766801E+00
  5.605000E+02 -1.558347E+00
  5.610000E+02 -1.319925E+00
  5.615000E+02 -1.060000E+00
  5.620000E+02 -7.877247E-01
  5.625000E+02 -5.125405E-01
  5.630000E+02 -2.437660E-01
  5.635000E+02  9.787705E-03
  5.640000E+02  2.401650E-01
  5.645000E+02  4.405605E-01
  5.650000E+02  6.055474E-01
  5.655000E+02  7.312341E-01
  5.660000E+02  8.153452E-01
  5.665000E+02  8.572294E-01
  5.670000E+02  8.577996E-01
  5.675000E+02  8.194150E-01
  5.680000E+02  7.457151E-01
  5.685000E+02  6.414198E-01
  5.690000E+02  5.121075E-01
  5.695000E+02  3.639843E-01
  5.700000E+02  2.036547E-01
  5.705000E+02  3.790331E-02
  5.710000E+02 -1.265059E-01
  5.715000E+02 -2.830092E-01
  5.720000E+02 -4.254001E-01
  5.725000E+02 -5.479631E-01
  5.730000E+02 -6.455886E-01
  5.735000E+02 -7.138692E-01
  5.740000E+02 -7.491844E-01
  5.745000E+02 -7.487726E-01
  5.750000E+02 -7.107964E-01
  5.755000E+02 -6.343992E-01
  5.760000E+02 -5.197527E-01
  5.765000E+02 -3.680933E-01
  5.770000E+02 -1.817423E-01
  5.775000E+02  3.589539E-02
  5.780000E+02  2.803595E-01
  5.785000E+02  5.461957E-01
  5.790000E+02  8.270542E-01
  5.795000E+02  1.115830E+00
  5.800000E+02  1.404842E+00
  5.805000E+02  1.686058E+00
  5.810000E+02  1.951341E+00
  5.815000E+02  2.192737E+00
  5.820000E+02  2.402761E+00
  5.825000E+02  2.574698E+00
  5.830000E+02  2.702873E+00
  5.835000E+02  2.782905E+00
  5.840000E+02  2.811902E+00
  5.845000E+02  2.788600E+00
  5.850000E+02  2.713431E+00
  5.855000E+02  2.588504E+00
  5.860000E+02  2.417513E+00
  5.865000E+02  2.205553E+00
  5.870000E+02  1.958871E+00
  5.875000E+02  1.684549E+00
  5.880000E+02  1.390142E+00
  5.885000E+02  1.083298E+00
  5.890000E+02  7.713621E-01
  5.895000E+02  4.610163E-01
  5.900000E+02  1.579510E-01
  5.905000E+02 -1.333919E-01
  5.910000E+02 -4.099963E-01
  5.915000E+02 -6.703536E-01
  5.920000E+02 -9.144432E-01
  5.925000E+02 -1.143610E+00
  5.930000E+02 -1.360347E+00
  5.935000E+02 -1.567992E+00
  5.940000E+02 -1.770360E+00
  5.945000E+02 -1.971329E+00
  5.950000E+02 -2.174416E+00
  5.955000E+02 -2.382353E+00
  5.960000E+02 -2.596713E+00
  5.965000E+02 -2.817589E+00
  5.970000E+02 -3.043365E+00
  5.975000E+02 -3.270598E+00
  5.980000E+02 -3.494004E+00
  5.985000E+02 -3.706573E+00
  5.990000E+02 -3.899804E+00
  5.995000E+02 -4.064047E+00
  6.000000E+02 -4.188937E+00
  6.005000E+02 -4.263904E+00
  6.010000E+02 -4.278723E+00
  6.015000E+02 -4.224089E+00
  6.020000E+02 -4.092163E+00
  6.025000E+02 -3.877091E+00
  6.030000E+02 -3.575433E+00
  6.035000E+02 -3.186506E+00
  6.040000E+02 -2.712609E+00
  6.045000E+02 -2.159110E+00
  6.050000E+02 -1.534410E+00
  6.055000E+02 -8.497586E-01
  6.060000E+02 -1.189480E-01
  6.065000E+02  6.421103E-01
  6.070000E+02  1.415905E+00
  6.075000E+02  2.183915E+00
  6.080000E+02  2.927252E+00
  6.085000E+02  3.627312E+00
  6.090000E+02  4.266421E+00
  6.095000E+02  4.828444E+00
  6.100000E+02  5.299331E+00
  6.105000E+02  5.667576E+00
  6.110000E+02  5.924579E+00
  6.115000E+02  6.064895E+00
  6.120000E+02  6.086362E+00
  6.125000E+02  5.990114E+00
  6.130000E+02  5.780472E+00
  6.135000E+02  5.464729E+00
  6.140000E+02  5.052847E+00
  6.145000E+02  4.557061E+00
  6.150000E+02  3.991435E+00
  6.155000E+02  3.371369E+00
  6.160000E+02  2.713082E+00
  6.165000E+02  2.033097E+00
  6.170000E+02  1.347741E+00
  6.175000E+02  6.726720E-01
  6.180000E+02  2.246108E-02
  6.185000E+02 -5.897764E-01
  6.190000E+02 -1.152676E+00
  6.195000E+02 -1.656849E+00
  6.200000E+02 -2.095030E+00
  6.205000E+02 -2.462151E+00
  6.210000E+02 -2.755339E+00
  6.215000E+02 -2.973847E+00
  6.220000E+02 -3.118921E+00
  6.225000E+02 -3.193615E+00
  6.230000E+02 -3.202567E+00
  6.235000E+02 -3.151729E+00
  6.240000E+02 -3.048092E+00
  6.245000E+02 -2.899387E+00
  6.250000E+02 -2.713789E+00
  6.255000E+02 -2.499638E+00
  6.260000E+02 -2.265168E+00
  6.265000E+02 -2.018272E+00
  6.270000E+02 -1.766293E+00
  6.275000E+02 -1.515864E+00
  6.280000E+02 -1.272775E+00
  6.285000E+02 -1.041890E+00
  6.290000E+02 -8.271118E-01
  6.295000E+02 -6.313696E-01
  6.300000E+02 -4.566586E-01
  6.305000E+02 -3.040997E-01
  6.310000E+02 -1.740281E-01
  6.315000E+02 -6.609728E-02
  6.320000E+02  2.060503E-02
  6.325000E+02  8.743814E-02
  6.330000E+02  1.360920E-01
  6.335000E+02  1.684790E-01
  6.340000E+02  1.866393E-01
  6.345000E+02  1.926612E-01
  6.350000E+02  1.886197E-01
  6.355000E+02  1.765332E-01
  6.360000E+02  1.583367E-01
  6.365000E+02  1.358692E-01
  6.370000E+02  1.108729E-01
  6.375000E+02  8.499794E-02
  6.380000E+02  5.981052E-02
  6.385000E+02  3.679866E-02
  6.390000E+02  1.737204E-02
  6.395000E+02  2.852951E-03
  6.400000E+02 -5.543615E-03
  6.405000E+02 -6.741444E-03
  6.410000E+02  1.548666E-04
  6.415000E+02  1.580954E-02
  6.420000E+02  4.060064E-02
  6.425000E+02  7.456515E-02
  6.430000E+02  1.173497E-01
  6.435000E+02  1.681726E-01
  6.440000E+02  2.258033E-01
  6.445000E+02  2.885634E-01
  6.450000E+02  3.543543E-01
  6.455000E+02  4.207129E-01
  6.460000E+02  4.848962E-01
  6.465000E+02  5.439929E-01
  6.470000E+02  5.950589E-01
  6.475000E+02  6.352698E-01
  6.480000E+02  6.620834E-01
  6.485000E+02  6.734024E-01
  6.490000E+02  6.677283E-01
  6.495000E+02  6.442941E-01
  6.500000E+02  6.031685E-01
  6.505000E+02  5.453200E-01
  6.510000E+02  4.726358E-01
  6.515000E+02  3.878898E-01
  6.520000E+02  2.946586E-01
  6.525000E+02  1.971860E-01
  6.530000E+02  1.002012E-01
  6.535000E+02  8.698856E-03
  6.540000E+02 -7.230934E-02
  6.545000E+02 -1.380580E-01
  6.550000E+02 -1.842915E-01
  6.555000E+02 -2.075132E-01
  6.560000E+02 -2.052043E-01
  6.565000E+02 -1.759990E-01
  6.570000E+02 -1.198045E-01
  6.575000E+02 -3.785571E-02
  6.580000E+02  6.729934E-02
  6.585000E+02  1.918850E-01
  6.590000E+02  3.310520E-01
  6.595000E+02  4.790920E-01
  6.600000E+02  6.297024E-01
  6.605000E+02  7.762859E-01
  6.610000E+02  9.122699E-01
  6.615000E+02  1.031426E+00
  6.620000E+02  1.128173E+00
  6.625000E+02  1.197842E+00
  6.630000E+02  1.236895E+00
  6.635000E+02  1.243081E+00
  6.640000E+02  1.215512E+00
  6.645000E+02  1.154679E+00
  6.650000E+02  1.062378E+00
  6.655000E+02  9.415752E-01
  6.660000E+02  7.962133E-01
  6.665000E+02  6.309662E-01
  6.670000E+02  4.509678E-01
  6.675000E+02  2.615280E-01
  6.680000E+02  6.785469E-02
  6.685000E+02 -1.251999E-01
  6.690000E+02 -3.133534E-01
  6.695000E+02 -4.930554E-01
  6.700000E+02 -6.615888E-01
  6.705000E+02 -8.171064E-01
  6.710000E+02 -9.586041E-01
  6.715000E+02 -1.085834E+00
  6.720000E+02 -1.199172E+00
  6.725000E+02 -1.299441E+00
  6.730000E+02 -1.387726E+00
  6.735000E+02 -1.465172E+00
  6.740000E+02 -1.532804E+00
  6.745000E+02 -1.591371E+00
  6.750000E+02 -1.641228E+00
  6.755000E+02 -1.682275E+00
  6.760000E+02 -1.713939E+00
  6.765000E+02 -1.735228E+00
  6.770000E+02 -1.744813E+00
  6.775000E+02 -1.741177E+00
  6.780000E+02 -1.722772E+00
  6.785000E+02 -1.688201E+00
  6.790000E+02 -1.636401E+00
  6.795000E+02 -1.566794E+00
  6.800000E+02 -1.479423E+00
  6.805000E+02 -1.375019E+00
  6.810000E+02 -1.255034E+00
  6.815000E+02 -1.121593E+00
  6.820000E+02 -9.774039E-01
  6.825000E+02 -8.255971E-01
  6.830000E+02 -6.695302E-01
  6.835000E+02 -5.125590E-01
  6.840000E+02 -3.577957E-01
  6.845000E+02 -2.078746E-01
  6.850000E+02 -6.474397E-02
  6.855000E+02  7.049747E-02
  6.860000E+02  1.977037E-01
  6.865000E+02  3.177123E-01
  6.870000E+02  4.322976E-01
  6.875000E+02  5.440436E-01
  6.880000E+02  6.561452E-01
  6.885000E+02  7.721454E-01
  6.890000E+02  8.956280E-01
  6.895000E+02  1.029886E+00
  6.900000E+02  1.177586E+00
  6.905000E+02  1.340460E+00
  6.910000E+02  1.519040E+00
  6.915000E+02  1.712464E+00
  6.920000E+02  1.918366E+00
  6.925000E+02  2.132864E+00
  6.930000E+02  2.350649E+00
  6.935000E+02  2.565177E+00
  6.940000E+02  2.768950E+00
  6.945000E+02  2.953876E+00
  6.950000E+02  3.111679E+00
  6.955000E+02  3.234345E+00
  6.960000E+02  3.314559E+00
  6.965000E+02  3.346125E+00
  6.970000E+02  3.324324E+00
  6.975000E+02  3.246193E+00
  6.980000E+02  3.110708E+00
  6.985000E+02  2.918857E+00
  6.990000E+02  2.673594E+00
  6.995000E+02  2.379684E+00
  7.000000E+02  2.043440E+00
  7.005000E+02  1.672381E+00
  7.010000E+02  1.274825E+00
  7.015000E+02  8.594474E-01
  7.020000E+02  4.348344E-01
  7.025000E+02  9.064704E-03
  7.030000E+02 -4.106583E-01
  7.035000E+02 -8.182950E-01
  7.040000E+02 -1.209162E+00
  7.045000E+02 -1.580017E+00
  7.050000E+02 -1.929029E+00
  7.055000E+02 -2.255646E+00
  7.060000E+02 -2.560360E+00
  7.065000E+02 -2.844399E+00
  7.070000E+02 -3.109367E+00
  7.075000E+02 -3.356854E+00
  7.080000E+02 -3.588057E+00
  7.085000E+02 -3.803432E+00
  7.090000E+02 -4.002415E+00
  7.095000E+02 -4.183222E+00
  7.100000E+02 -4.342757E+00
  7.105000E+02 -4.476631E+00
  7.110000E+02 -4.579300E+00
  7.115000E+02 -4.644307E+00
  7.120000E+02 -4.664624E+00
  7.125000E+02 -4.633073E+00
  7.130000E+02 -4.542783E+00
  7.135000E+02 -4.387686E+00
  7.140000E+02 -4.162984E+00
  7.145000E+02 -3.865586E+00
  7.150000E+02 -3.494465E+00
  7.155000E+02 -3.050928E+00
  7.160000E+02 -2.538765E+00
  7.165000E+02 -1.964274E+00
  7.170000E+02 -1.336161E+00
  7.175000E+02 -6.653097E-01
  7.180000E+02  3.556059E-02
  7.185000E+02  7.523335E-01
  7.190000E+02  1.470005E+00
  7.195000E+02  2.173238E+00
  7.200000E+02  2.846929E+00
  7.205000E+02  3.476766E+00
  7.210000E+02  4.049732E+00
  7.215000E+02  4.554548E+00
  7.220000E+02  4.982020E+00
  7.225000E+02  5.325288E+00
  7.230000E+02  5.579953E+00
  7.235000E+02  5.744099E+00
  7.240000E+02  5.818198E+00
  7.245000E+02  5.804923E+00
  7.250000E+02  5.708869E+00
  7.255000E+02  5.536227E+00
  7.260000E+02  5.294403E+00
  7.265000E+02  4.991627E+00
  7.270000E+02  4.636573E+00
  7.275000E+02  4.237996E+00
  7.280000E+02  3.804423E+00
  7.285000E+02  3.343900E+00
  7.290000E+02  2.863804E+00
  7.295000E+02  2.370735E+00
  7.300000E+02  1.870468E+00
  7.305000E+02  1.367984E+00
  7.310000E+02  8.675433E-01
  7.315000E+02  3.728122E-01
  7.320000E+02 -1.129852E-01
  7.325000E+02 -5.869037E-01
  7.330000E+02 -1.046116E+00
  7.335000E+02 -1.487770E+00
  7.340000E+02 -1.908876E+00
  7.345000E+02 -2.306239E+00
  7.350000E+02 -2.676430E+00
  7.355000E+02 -3.015815E+00
  7.360000E+02 -3.320626E+00
  7.365000E+02 -3.587081E+00
  7.370000E+02 -3.811535E+00
  7.375000E+02 -3.990658E+00
  7.380000E+02 -4.121627E+00
  7.385000E+02 -4.202311E+00
  7.390000E+02 -4.231444E+00
  7.395000E+02 -4.208769E+00
  7.400000E+02 -4.135142E+00
  7.405000E+02 -4.012585E+00
  7.410000E+02 -3.844281E+00
  7.415000E+02 -3.634518E+00
  7.420000E+02 -3.388559E+00
  7.425000E+02 -3.112474E+00
  7.430000E+02 -2.812916E+00
  7.435000E+02 -2.496856E+00
  7.440000E+02 -2.171308E+00
  7.445000E+02 -1.843028E+00
  7.450000E+02 -1.518237E+00
  7.455000E+02 -1.202352E+00
  7.460000E+02 -8.997622E-01
  7.465000E+02 -6.136586E-01
  7.470000E+02 -3.459192E-01
  7.475000E+02 -9.706883E-02
  7.480000E+02  1.336875E-01
  7.485000E+02  3.483574E-01
  7.490000E+02  5.499828E-01
  7.495000E+02  7.423993E-01
  7.500000E+02  9.299439E-01
  7.505000E+02  1.117127E+00
  7.510000E+02  1.308286E+00
  7.515000E+02  1.507235E+00
  7.520000E+02  1.716941E+00
  7.525000E+02  1.939225E+00
  7.530000E+02  2.174537E+00
  7.535000E+02  2.421777E+00
  7.540000E+02  2.678223E+00
  7.545000E+02  2.939522E+00
  7.550000E+02  3.199793E+00
  7.555000E+02  3.451802E+00
  7.560000E+02  3.687232E+00
  7.565000E+02  3.897014E+00
  7.570000E+02  4.071712E+00
  7.575000E+02  4.201951E+00
  7.580000E+02  4.278853E+00
  7.585000E+02  4.294468E+00
  7.590000E+02  4.242177E+00
  7.595000E+02  4.117038E+00
  7.600000E+02  3.916079E+00
  7.605000E+02  3.638496E+00
  7.610000E+02  3.285761E+00
  7.615000E+02  2.861640E+00
  7.620000E+02  2.372103E+00
  7.625000E+02  1.825151E+00
  7.630000E+02  1.230552E+00
  7.635000E+02  5.995144E-01
  7.640000E+02 -5.569787E-02
  7.645000E+02 -7.221751E-01
  7.650000E+02 -1.386789E+00
  7.655000E+02 -2.036608E+00
  7.660000E+02 -2.659284E+00
  7.665000E+02 -3.243395E+00
  7.670000E+02 -3.778728E+00
  7.675000E+02 -4.256490E+00
  7.680000E+02 -4.669449E+00
  7.685000E+02 -5.011999E+00
  7.690000E+02 -5.280150E+00
  7.695000E+02 -5.471459E+00
  7.700000E+02 -5.584902E+00
  7.705000E+02 -5.620719E+00
  7.710000E+02 -5.580220E+00
  7.715000E+02 -5.465592E+00
  7.720000E+02 -5.279714E+00
  7.725000E+02 -5.025983E+00
  7.730000E+02 -4.708181E+00
  7.735000E+02 -4.330373E+00
  7.740000E+02 -3.896852E+00
  7.745000E+02 -3.412124E+00
  7.750000E+02 -2.880933E+00
  7.755000E+02 -2.308322E+00
  7.760000E+02 -1.699713E+00
  7.765000E+02 -1.061002E+00
  7.770000E+02 -3.986560E-01
  7.775000E+02  2.802143E-01
  7.780000E+02  9.677933E-01
  7.785000E+02  1.655545E+00
  7.790000E+02  2.334242E+00
  7.795000E+02  2.994037E+00
  7.800000E+02  3.624599E+00
  7.805000E+02  4.215291E+00
  7.810000E+02  4.755398E+00
  7.815000E+02  5.234394E+00
  7.820000E+02  5.642238E+00
  7.825000E+02  5.969681E+00
  7.830000E+02  6.208583E+00
  7.835000E+02  6.352207E+00
  7.840000E+02  6.395497E+00
  7.845000E+02  6.335308E+00
  7.850000E+02  6.170585E+00
  7.855000E+02  5.902482E+00
  7.860000E+02  5.534419E+00
  7.865000E+02  5.072056E+00
  7.870000E+02  4.523206E+00
  7.875000E+02  3.897677E+00
  7.880000E+02  3.207046E+00
  7.885000E+02  2.464381E+00
  7.890000E+02  1.683922E+00
  7.895000E+02  8.807166E-01
  7.900000E+02  7.024758E-02
  7.905000E+02 -7.319604E-01
  7.910000E+02 -1.510723E+00
  7.915000E+02 -2.251563E+00
  7.920000E+02 -2.941057E+00
  7.925000E+02 -3.567135E+00
  7.930000E+02 -4.119345E+00
  7.935000E+02 -4.589064E+00
  7.940000E+02 -4.969652E+00
  7.945000E+02 -5.256553E+00
  7.950000E+02 -5.447333E+00
  7.955000E+02 -5.541670E+00
  7.960000E+02 -5.541281E+00
  7.965000E+02 -5.449804E+00
  7.970000E+02 -5.272638E+00
  7.975000E+02 -5.016737E+00
  7.980000E+02 -4.690384E+00
  7.985000E+02 -4.302933E+00
  7.990000E+02 -3.864537E+00
  7.995000E+02 -3.385877E+00
  8.000000E+02 -2.877879E+00
  8.005000E+02 -2.351450E+00
  8.010000E+02 -1.817225E+00
  8.015000E+02 -1.285335E+00
  8.020000E+02 -7.652106E-01
  8.025000E+02 -2.654023E-01
  8.030000E+02  2.065483E-01
  8.035000E+02  6.442106E-01
  8.040000E+02  1.042326E+00
  8.045000E+02  1.396836E+00
  8.050000E+02  1.704871E+00
  8.055000E+02  1.964716E+00
  8.060000E+02  2.175740E+00
  8.065000E+02  2.338319E+00
  8.070000E+02  2.453728E+00
  8.075000E+02  2.524032E+00
  8.080000E+02  2.551971E+00
  8.085000E+02  2.540844E+00
  8.090000E+02  2.494394E+00
  8.095000E+02  2.416713E+00
  8.100000E+02  2.312139E+00
  8.105000E+02  2.185177E+00
  8.110000E+02  2.040426E+00
  8.115000E+02  1.882513E+00
  8.120000E+02  1.716038E+00
  8.125000E+02  1.545521E+00
  8.130000E+02  1.375351E+00
  8.135000E+02  1.209734E+00
  8.140000E+02  1.052637E+00
  8.145000E+02  9.077279E-01
  8.150000E+02  7.783090E-01
  8.155000E+02  6.672429E-01
  8.160000E+02  5.768768E-01
  8.165000E+02  5.089648E-01
  8.170000E+02  4.645924E-01
  8.175000E+02  4.441086E-01
  8.180000E+02  4.470708E-01
  8.185000E+02  4.722070E-01
  8.190000E+02  5.174013E-01
  8.195000E+02  5.797069E-01
  8.200000E+02  6.553888E-01
  8.205000E+02  7.400005E-01
  8.210000E+02  8.284912E-01
  8.215000E+02  9.153457E-01
  8.220000E+02  9.947500E-01
  8.225000E+02  1.060780E+00
  8.230000E+02  1.107603E+00
  8.235000E+02  1.129689E+00
  8.240000E+02  1.122018E+00
  8.245000E+02  1.080276E+00
  8.250000E+02  1.001029E+00
  8.255000E+02  8.818786E-01
  8.260000E+02  7.215679E-01
  8.265000E+02  5.200610E-01
  8.270000E+02  2.785740E-01
  8.275000E+02 -4.363748E-04
  8.280000E+02 -3.133255E-01
  8.285000E+02 -6.553523E-01
  8.290000E+02 -1.020803E+00
  8.295000E+02 -1.403145E+00
  8.300000E+02 -1.795193E+00
  8.305000E+02 -2.189296E+00
  8.310000E+02 -2.577516E+00
  8.315000E+02 -2.951819E+00
  8.320000E+02 -3.304238E+00
  8.325000E+02 -3.627038E+00
  8.330000E+02 -3.912856E+00
  8.335000E+02 -4.154820E+00
  8.340000E+02 -4.346657E+00
  8.345000E+02 -4.482783E+00
  8.350000E+02 -4.558371E+00
  8.355000E+02 -4.569422E+00
  8.360000E+02 -4.512815E+00
  8.365000E+02 -4.386367E+00
  8.370000E+02 -4.188879E+00
  8.375000E+02 -3.920192E+00
  8.380000E+02 -3.581237E+00
  8.385000E+02 -3.174087E+00
  8.390000E+02 -2.702002E+00
  8.395000E+02 -2.169467E+00
  8.400000E+02 -1.582211E+00
  8.405000E+02 -9.472130E-01
  8.410000E+02 -2.726725E-01
  8.415000E+02  4.320456E-01
  8.420000E+02  1.156507E+00
  8.425000E+02  1.889346E+00
  8.430000E+02  2.618436E+00
  8.435000E+02  3.331114E+00
  8.440000E+02  4.014430E+00
  8.445000E+02  4.655432E+00
  8.450000E+02  5.241470E+00
  8.455000E+02  5.760514E+00
  8.460000E+02  6.201472E+00
  8.465000E+02  6.554492E+00
  8.470000E+02  6.811245E+00
  8.475000E+02  6.965161E+00
  8.480000E+02  7.011633E+00
  8.485000E+02  6.948151E+00
  8.490000E+02  6.774383E+00
  8.495000E+02  6.492195E+00
  8.500000E+02  6.105598E+00
  8.505000E+02  5.620645E+00
  8.510000E+02  5.045264E+00
  8.515000E+02  4.389053E+00
  8.520000E+02  3.663035E+00
  8.525000E+02  2.879383E+00
  8.530000E+02  2.051141E+00
  8.535000E+02  1.191932E+00
  8.540000E+02  3.156824E-01
  8.545000E+02 -5.636495E-01
  8.550000E+02 -1.432311E+00
  8.555000E+02 -2.276974E+00
  8.560000E+02 -3.084920E+00
  8.565000E+02 -3.844203E+00
  8.570000E+02 -4.543778E+00
  8.575000E+02 -5.173613E+00
  8.580000E+02 -5.724775E+00
  8.585000E+02 -6.189514E+00
  8.590000E+02 -6.561322E+00
  8.595000E+02 -6.834999E+00
  8.600000E+02 -7.006708E+00
  8.605000E+02 -7.074036E+00
  8.610000E+02 -7.036046E+00
  8.615000E+02 -6.893327E+00
  8.620000E+02 -6.648037E+00
  8.625000E+02 -6.303932E+00
  8.630000E+02 -5.866377E+00
  8.635000E+02 -5.342328E+00
  8.640000E+02 -4.740288E+00
  8.645000E+02 -4.070223E+00
  8.650000E+02 -3.343439E+00
  8.655000E+02 -2.572415E+00
  8.660000E+02 -1.770598E+00
  8.665000E+02 -9.521508E-01
  8.670000E+02 -1.316726E-01
  8.675000E+02  6.761151E-01
  8.680000E+02  1.456699E+00
  8.685000E+02  2.196115E+00
  8.690000E+02  2.881285E+00
  8.695000E+02  3.500342E+00
  8.700000E+02  4.042927E+00
  8.705000E+02  4.500450E+00
  8.710000E+02  4.866304E+00
  8.715000E+02  5.136019E+00
  8.720000E+02  5.307366E+00
  8.725000E+02  5.380384E+00
  8.730000E+02  5.357344E+00
  8.735000E+02  5.242655E+00
  8.740000E+02  5.042699E+00
  8.745000E+02  4.765612E+00
  8.750000E+02  4.421023E+00
  8.755000E+02  4.019742E+00
  8.760000E+02  3.573431E+00
  8.765000E+02  3.094247E+00
  8.770000E+02  2.594481E+00
  8.775000E+02  2.086204E+00
  8.780000E+02  1.580925E+00
  8.785000E+02  1.089275E+00
  8.790000E+02  6.207314E-01
  8.795000E+02  1.833833E-01
  8.800000E+02 -2.162507E-01
  8.805000E+02 -5.733455E-01
  8.810000E+02 -8.848306E-01
  8.815000E+02 -1.149387E+00
  8.820000E+02 -1.367380E+00
  8.825000E+02 -1.540730E+00
  8.830000E+02 -1.672723E+00
  8.835000E+02 -1.767777E+00
  8.840000E+02 -1.831155E+00
  8.845000E+02 -1.868661E+00
  8.850000E+02 -1.886308E+00
  8.855000E+02 -1.889984E+00
  8.860000E+02 -1.885134E+00
  8.865000E+02 -1.876466E+00
  8.870000E+02 -1.867692E+00
  8.875000E+02 -1.861337E+00
  8.880000E+02 -1.858603E+00
  8.885000E+02 -1.859310E+00
  8.890000E+02 -1.861921E+00
  8.895000E+02 -1.863642E+00
  8.900000E+02 -1.860607E+00
  8.905000E+02 -1.848127E+00
  8.910000E+02 -1.821001E+00
  8.915000E+02 -1.773874E+00
  8.920000E+02 -1.701617E+00
  8.925000E+02 -1.599715E+00
  8.930000E+02 -1.464633E+00
  8.935000E+02 -1.294152E+00
  8.940000E+02 -1.087642E+00
  8.945000E+02 -8.462579E-01
  8.950000E+02 -5.730439E-01
  8.955000E+02 -2.729425E-01
  8.960000E+02  4.730691E-02
  8.965000E+02  3.793713E-01
  8.970000E+02  7.136231E-01
  8.975000E+02  1.039525E+00
  8.980000E+02  1.346077E+00
  8.985000E+02  1.622316E+00
  8.990000E+02  1.857824E+00
  8.995000E+02  2.043239E+00
  9.000000E+02  2.170728E+00
  9.005000E+02  2.234403E+00
  9.010000E+02  2.230656E+00
  9.015000E+02  2.158393E+00
  9.020000E+02  2.019160E+00
  9.025000E+02  1.817143E+00
  9.030000E+02  1.559050E+00
  9.035000E+02  1.253875E+00
  9.040000E+02  9.125542E-01
  9.045000E+02  5.475339E-01
  9.050000E+02  1.722680E-01
  9.055000E+02 -1.993318E-01
  9.060000E+02 -5.534648E-01
  9.065000E+02 -8.770056E-01
  9.070000E+02 -1.158036E+00
  9.075000E+02 -1.386324E+00
  9.080000E+02 -1.553724E+00
  9.085000E+02 -1.654485E+00
  9.090000E+02 -1.685461E+00
  9.095000E+02 -1.646203E+00
  9.100000E+02 -1.538941E+00
  9.105000E+02 -1.368460E+00
  9.110000E+02 -1.141868E+00
  9.115000E+02 -8.682830E-01
  9.120000E+02 -5.584379E-01
  9.125000E+02 -2.242377E-01
  9.130000E+02  1.217254E-01
  9.135000E+02  4.666698E-01
  9.140000E+02  7.981180E-01
  9.145000E+02  1.104366E+00
  9.150000E+02  1.374910E+00
  9.155000E+02  1.600816E+00
  9.160000E+02  1.775017E+00
  9.165000E+02  1.892532E+00
  9.170000E+02  1.950592E+00
  9.175000E+02  1.948681E+00
  9.180000E+02  1.888483E+00
  9.185000E+02  1.773742E+00
  9.190000E+02  1.610045E+00
  9.195000E+02  1.404532E+00
  9.200000E+02  1.165556E+00
  9.205000E+02  9.022919E-01
  9.210000E+02  6.243325E-01
  9.215000E+02  3.412699E-01
  9.220000E+02  6.229348E-02
  9.225000E+02 -2.041833E-01
  9.230000E+02 -4.508489E-01
  9.235000E+02 -6.717577E-01
  9.240000E+02 -8.625211E-01
  9.245000E+02 -1.020416E+00
  9.250000E+02 -1.144408E+00
  9.255000E+02 -1.235084E+00
  9.260000E+02 -1.294511E+00
  9.265000E+02 -1.326012E+00
  9.270000E+02 -1.333887E+00
  9.275000E+02 -1.323090E+00
  9.280000E+02 -1.298876E+00
  9.285000E+02 -1.266453E+00
  9.290000E+02 -1.230635E+00
  9.295000E+02 -1.195551E+00
  9.300000E+02 -1.164389E+00
  9.305000E+02 -1.139221E+00
  9.310000E+02 -1.120902E+00
  9.315000E+02 -1.109060E+00
  9.320000E+02 -1.102160E+00
  9.325000E+02 -1.097656E+00
  9.330000E+02 -1.092208E+00
  9.335000E+02 -1.081954E+00
  9.340000E+02 -1.062812E+00
  9.345000E+02 -1.030798E+00
  9.350000E+02 -9.823361E-01
  9.355000E+02 -9.145355E-01
  9.360000E+02 -8.254175E-01
  9.365000E+02 -7.140794E-01
  9.370000E+02 -5.807811E-01
  9.375000E+02 -4.269499E-01
  9.380000E+02 -2.551048E-01
  9.385000E+02 -6.870600E-02
  9.390000E+02  1.280576E-01
  9.395000E+02  3.305272E-01
  9.400000E+02  5.338587E-01
  9.405000E+02  7.333110E-01
  9.410000E+02  9.245168E-01
  9.415000E+02  1.103714E+00
  9.420000E+02  1.267923E+00
  9.425000E+02  1.415052E+00
  9.430000E+02  1.543929E+00
  9.435000E+02  1.654251E+00
  9.440000E+02  1.746469E+00
  9.445000E+02  1.821602E+00
  9.450000E+02  1.881009E+00
  9.455000E+02  1.926135E+00
  9.460000E+02  1.958254E+00
  9.465000E+02  1.978233E+00
  9.470000E+02  1.986331E+00
  9.475000E+02  1.982069E+00
  9.480000E+02  1.964165E+00
  9.485000E+02  1.930559E+00
  9.490000E+02  1.878524E+00
  9.495000E+02  1.804854E+00
  9.500000E+02  1.706126E+00
  9.505000E+02  1.579010E+00
  9.510000E+02  1.420620E+00
  9.515000E+02  1.228854E+00
  9.520000E+02  1.002730E+00
  9.525000E+02  7.426602E-01
  9.530000E+02  4.506655E-01
  9.535000E+02  1.304944E-01
  9.540000E+02 -2.123599E-01
  9.545000E+02 -5.707525E-01
  9.550000E+02 -9.360885E-01
  9.555000E+02 -1.298626E+00
  9.560000E+02 -1.647867E+00
  9.565000E+02 -1.973009E+00
  9.570000E+02 -2.263442E+00
  9.575000E+02 -2.509253E+00
  9.580000E+02 -2.701714E+00
  9.585000E+02 -2.833726E+00
  9.590000E+02 -2.900187E+00
  9.595000E+02 -2.898275E+00
  9.600000E+02 -2.827617E+00
  9.605000E+02 -2.690343E+00
  9.610000E+02 -2.491026E+00
  9.615000E+02 -2.236505E+00
  9.620000E+02 -1.935602E+00
  9.625000E+02 -1.598765E+00
  9.630000E+02 -1.237632E+00
  9.635000E+02 -8.645600E-01
  9.640000E+02 -4.921358E-01
  9.645000E+02 -1.326869E-01
  9.650000E+02  2.021763E-01
  9.655000E+02  5.019750E-01
  9.660000E+02  7.577161E-01
  9.665000E+02  9.621745E-01
  9.670000E+02  1.110098E+00
  9.675000E+02  1.198334E+00
  9.680000E+02  1.225875E+00
  9.685000E+02  1.193835E+00
  9.690000E+02  1.105358E+00
  9.695000E+02  9.654652E-01
  9.700000E+02  7.808601E-01
  9.705000E+02  5.596899E-01
  9.710000E+02  3.112766E-01
  9.715000E+02  4.582604E-02
  9.720000E+02 -2.258797E-01
  9.725000E+02 -4.928003E-01
  9.730000E+02 -7.439593E-01
  9.735000E+02 -9.687660E-01
  9.740000E+02 -1.157331E+00
  9.745000E+02 -1.300772E+00
  9.750000E+02 -1.391496E+00
  9.755000E+02 -1.423461E+00
  9.760000E+02 -1.392400E+00
  9.765000E+02 -1.296006E+00
  9.770000E+02 -1.134054E+00
  9.775000E+02 -9.084762E-01
  9.780000E+02 -6.233581E-01
  9.785000E+02 -2.848674E-01
  9.790000E+02  9.889579E-02
  9.795000E+02  5.181216E-01
  9.800000E+02  9.615841E-01
  9.805000E+02  1.416996E+00
  9.810000E+02  1.871412E+00
  9.815000E+02  2.311663E+00
  9.820000E+02  2.724812E+00
  9.825000E+02  3.098591E+00
  9.830000E+02  3.421827E+00
  9.835000E+02  3.684809E+00
  9.840000E+02  3.879599E+00
  9.845000E+02  4.000260E+00
  9.850000E+02  4.043005E+00
  9.855000E+02  4.006237E+00
  9.860000E+02  3.890519E+00
  9.865000E+02  3.698434E+00
  9.870000E+02  3.434392E+00
  9.875000E+02  3.104364E+00
  9.880000E+02  2.715577E+00
  9.885000E+02  2.276192E+00
  9.890000E+02  1.794981E+00
  9.895000E+02  1.281016E+00
  9.900000E+02  7.434010E-01
  9.905000E+02  1.910510E-01
  9.910000E+02 -3.674790E-01
  9.915000E+02 -9.240997E-01
  9.920000E+02 -1.471240E+00
  9.925000E+02 -2.001847E+00
  9.930000E+02 -2.509354E+00
  9.935000E+02 -2.987612E+00
  9.940000E+02 -3.430829E+00
  9.945000E+02 -3.833502E+00
  9.950000E+02 -4.190376E+00
  9.955000E+02 -4.496440E+00
  9.960000E+02 -4.746957E+00
  9.965000E+02 -4.937539E+00
  9.970000E+02 -5.064273E+00
  9.975000E+02 -5.123871E+00
  9.980000E+02 -5.113850E+00
  9.985000E+02 -5.032722E+00
  9.990000E+02 -4.880178E+00
  9.995000E+02 -4.657243E+00
  1.000000E+03 -4.366394E+00
  1.000500E+03 -4.011620E+00
  1.001000E+03 -3.598411E+00
  1.001500E+03 -3.133683E+00
  1.002000E+03 -2.625617E+00
  1.002500E+03 -2.083435E+00
  1.003000E+03 -1.517112E+00
  1.003500E+03 -9.370492E-01
  1.004000E+03 -3.537123E-01
  1.004500E+03  2.227280E-01
  1.005000E+03  7.827416E-01
  1.005500E+03  1.317746E+00
  1.006000E+03  1.820357E+00
  1.006500E+03  2.284565E+00
  1.007000E+03  2.705835E+00
  1.007500E+03  3.081112E+00
  1.008000E+03  3.408754E+00
  1.008500E+03  3.688382E+00
  1.009000E+03  3.920667E+00
  1.009500E+03  4.107077E+00
  1.010000E+03  4.249596E+00
  1.010500E+03  4.350443E+00
  1.011000E+03  4.411802E+00
  1.011500E+03  4.435605E+00
  1.012000E+03  4.423351E+00
  1.012500E+03  4.376009E+00
  1.013000E+03  4.293977E+00
  1.013500E+03  4.177125E+00
  1.014000E+03  4.024902E+00
  1.014500E+03  3.836498E+00
  1.015000E+03  3.611053E+00
  1.015500E+03  3.347889E+00
  1.016000E+03  3.046751E+00
  1.016500E+03  2.708035E+00
  1.017000E+03  2.332983E+00
  1.017500E+03  1.923836E+00
  1.018000E+03  1.483927E+00
  1.018500E+03  1.017712E+00
  1.019000E+03  5.307301E-01
  1.019500E+03  2.950333E-02
  1.020000E+03 -4.786260E-01
  1.020500E+03 -9.857036E-01
  1.021000E+03 -1.483407E+00
  1.021500E+03 -1.963311E+00
  1.022000E+03 -2.417153E+00
  1.022500E+03 -2.837098E+00
  1.023000E+03 -3.215972E+00
  1.023500E+03 -3.547464E+00
  1.024000E+03 -3.826295E+00
  1.024500E+03 -4.048328E+00
  1.025000E+03 -4.210643E+00
  1.025500E+03 -4.311560E+00
  1.026000E+03 -4.350626E+00
  1.026500E+03 -4.328560E+00
  1.027000E+03 -4.247179E+00
  1.027500E+03 -4.109290E+00
  1.028000E+03 -3.918583E+00
  1.028500E+03 -3.679499E+00
  1.029000E+03 -3.397111E+00
  1.029500E+03 -3.076990E+00
  1.030000E+03 -2.725083E+00
  1.030500E+03 -2.347588E+00
  1.031000E+03 -1.950839E+00
  1.031500E+03 -1.541187E+00
  1.032000E+03 -1.124885E+00
  1.032500E+03 -7.079848E-01
  1.033000E+03 -2.962273E-01
  1.033500E+03  1.050511E-01
  1.034000E+03  4.910057E-01
  1.034500E+03  8.573546E-01
  1.035000E+03  1.200431E+00
  1.035500E+03  1.517213E+00
  1.036000E+03  1.805325E+00
  1.036500E+03  2.063011E+00
  1.037000E+03  2.289076E+00
  1.037500E+03  2.482806E+00
  1.038000E+03  2.643857E+00
  1.038500E+03  2.772130E+00
  1.039000E+03  2.867641E+00
  1.039500E+03  2.930397E+00
  1.040000E+03  2.960275E+00
  1.040500E+03  2.956946E+00
  1.041000E+03  2.919827E+00
  1.041500E+03  2.848082E+00
  1.042000E+03  2.740683E+00
  1.042500E+03  2.596519E+00
  1.043000E+03  2.414566E+00
  1.043500E+03  2.194096E+00
  1.044000E+03  1.934930E+00
  1.044500E+03  1.637699E+00
  1.045000E+03  1.304108E+00
  1.045500E+03  9.371825E-01
  1.046000E+03  5.414549E-01
  1.046500E+03  1.230976E-01
  1.047000E+03 -3.100369E-01
  1.047500E+03 -7.484759E-01
  1.048000E+03 -1.181295E+00
  1.048500E+03 -1.596397E+00
  1.049000E+03 -1.980902E+00
  1.049500E+03 -2.321623E+00
  1.050000E+03 -2.605624E+00
  1.050500E+03 -2.820814E+00
  1.051000E+03 -2.956571E+00
  1.051500E+03 -3.004336E+00
  1.052000E+03 -2.958155E+00
  1.052500E+03 -2.815143E+00
  1.053000E+03 -2.575817E+00
  1.053500E+03 -2.244295E+00
  1.054000E+03 -1.828331E+00
  1.054500E+03 -1.339176E+00
  1.055000E+03 -7.912786E-01
  1.055500E+03 -2.018141E-01
  1.056000E+03  4.099200E-01
  1.056500E+03  1.023227E+00
  1.057000E+03  1.616811E+00
  1.057500E+03  2.169623E+00
  1.058000E+03  2.661704E+00
  1.058500E+03  3.074990E+00
  1.059000E+03  3.394038E+00
  1.059500E+03  3.606632E+00
  1.060000E+03  3.704257E+00
  1.060500E+03  3.682403E+00
  1.061000E+03  3.540696E+00
  1.061500E+03  3.282859E+00
  1.062000E+03  2.916493E+00
  1.062500E+03  2.452715E+00
  1.063000E+03  1.905662E+00
  1.063500E+03  1.291893E+00
  1.064000E+03  6.297163E-01
  1.064500E+03 -6.150886E-02
  1.065000E+03 -7.620806E-01
  1.065500E+03 -1.452629E+00
  1.066000E+03 -2.114729E+00
  1.066500E+03 -2.731442E+00
  1.067000E+03 -3.287741E+00
  1.067500E+03 -3.770847E+00
  1.068000E+03 -4.170432E+00
  1.068500E+03 -4.478729E+00
  1.069000E+03 -4.690525E+00
  1.069500E+03 -4.803074E+00
  1.070000E+03 -4.815933E+00
  1.070500E+03 -4.730741E+00
  1.071000E+03 -4.550965E+00
  1.071500E+03 -4.281631E+00
  1.072000E+03 -3.929048E+00
  1.072500E+03 -3.500556E+00
  1.073000E+03 -3.004296E+00
  1.073500E+03 -2.449013E+00
  1.074000E+03 -1.843902E+00
  1.074500E+03 -1.198487E+00
  1.075000E+03 -5.225453E-01
  1.075500E+03  1.739469E-01
  1.076000E+03  8.808417E-01
  1.076500E+03  1.587833E+00
  1.077000E+03  2.284469E+00
  1.077500E+03  2.960166E+00
  1.078000E+03  3.604247E+00
  1.078500E+03  4.205989E+00
  1.079000E+03  4.754717E+00
  1.079500E+03  5.239911E+00
  1.080000E+03  5.651364E+00
  1.080500E+03  5.979365E+00
  1.081000E+03  6.214908E+00
  1.081500E+03  6.349933E+00
  1.082000E+03  6.377575E+00
  1.082500E+03  6.292424E+00
  1.083000E+03  6.090785E+00
  1.083500E+03  5.770908E+00
  1.084000E+03  5.333212E+00
  1.084500E+03  4.780454E+00
  1.085000E+03  4.117863E+00
  1.085500E+03  3.353203E+00
  1.086000E+03  2.496783E+00
  1.086500E+03  1.561391E+00
  1.087000E+03  5.621513E-01
  1.087500E+03 -4.836864E-01
  1.088000E+03 -1.557039E+00
  1.088500E+03 -2.637342E+00
  1.089000E+03 -3.702972E+00
  1.089500E+03 -4.731708E+00
  1.090000E+03 -5.701243E+00
  1.090500E+03 -6.589712E+00
  1.091000E+03 -7.376236E+00
  1.091500E+03 -8.041453E+00
  1.092000E+03 -8.568034E+00
  1.092500E+03 -8.941152E+00
  1.093000E+03 -9.148903E+00
  1.093500E+03 -9.182665E+00
  1.094000E+03 -9.037367E+00
  1.094500E+03 -8.711687E+00
  1.095000E+03 -8.208151E+00
  1.095500E+03 -7.533138E+00
  1.096000E+03 -6.696794E+00
  1.096500E+03 -5.712855E+00
  1.097000E+03 -4.598382E+00
  1.097500E+03 -3.373422E+00
  1.098000E+03 -2.060595E+00
  1.098500E+03 -6.846263E-01
  1.099000E+03  7.281654E-01
  1.099500E+03  2.150419E+00
  1.100000E+03  3.554299E+00
  1.100500E+03  4.912077E+00
  1.101000E+03  6.196710E+00
  1.101500E+03  7.382399E+00
  1.102000E+03  8.445135E+00
  1.102500E+03  9.363195E+00
  1.103000E+03  1.011761E+01
  1.103500E+03  1.069255E+01
  1.104000E+03  1.107572E+01
  1.104500E+03  1.125855E+01
  1.105000E+03  1.123647E+01
  1.105500E+03  1.100898E+01
  1.106000E+03  1.057972E+01
  1.106500E+03  9.956334E+00
  1.107000E+03  9.150406E+00
  1.107500E+03  8.177158E+00
  1.108000E+03  7.055144E+00
  1.108500E+03  5.805838E+00
  1.109000E+03  4.453153E+00
  1.109500E+03  3.022905E+00
  1.110000E+03  1.542220E+00
  1.110500E+03  3.893049E-02
  1.111000E+03 -1.459063E+00
  1.111500E+03 -2.924404E+00
  1.112000E+03 -4.330878E+00
  1.112500E+03 -5.653965E+00
  1.113000E+03 -6.871329E+00
  1.113500E+03 -7.963235E+00
  1.114000E+03 -8.912886E+00
  1.114500E+03 -9.706661E+00
  1.115000E+03 -1.033426E+01
  1.115500E+03 -1.078877E+01
  1.116000E+03 -1.106660E+01
  1.116500E+03 -1.116738E+01
  1.117000E+03 -1.109379E+01
  1.117500E+03 -1.085129E+01
  1.118000E+03 -1.044784E+01
  1.118500E+03 -9.893602E+00
  1.119000E+03 -9.200639E+00
  1.119500E+03 -8.382567E+00
  1.120000E+03 -7.454276E+00
  1.120500E+03 -6.431649E+00
  1.121000E+03 -5.331305E+00
  1.121500E+03 -4.170383E+00
  1.122000E+03 -2.966335E+00
  1.122500E+03 -1.736757E+00
  1.123000E+03 -4.992243E-01
  1.123500E+03  7.288650E-01
  1.124000E+03  1.930442E+00
  1.124500E+03  3.088929E+00
  1.125000E+03  4.188418E+00
  1.125500E+03  5.213857E+00
  1.126000E+03  6.151262E+00
  1.126500E+03  6.987934E+00
  1.127000E+03  7.712693E+00
  1.127500E+03  8.316102E+00
  1.128000E+03  8.790687E+00
  1.128500E+03  9.131126E+00
  1.129000E+03  9.334413E+00
  1.129500E+03  9.399957E+00
  1.130000E+03  9.329637E+00
  1.130500E+03  9.127781E+00
  1.131000E+03  8.801071E+00
  1.131500E+03  8.358380E+00
  1.132000E+03  7.810537E+00
  1.132500E+03  7.170019E+00
  1.133000E+03  6.450605E+00
  1.133500E+03  5.666979E+00
  1.134000E+03  4.834317E+00
  1.134500E+03  3.967866E+00
  1.135000E+03  3.082547E+00
  1.135500E+03  2.192577E+00
  1.136000E+03  1.311147E+00
  1.136500E+03  4.501613E-01
  1.137000E+03 -3.799550E-01
  1.137500E+03 -1.170375E+00
  1.138000E+03 -1.913909E+00
  1.138500E+03 -2.604975E+00
  1.139000E+03 -3.239498E+00
  1.139500E+03 -3.814765E+00
  1.140000E+03 -4.329226E+00
  1.140500E+03 -4.782280E+00
  1.141000E+03 -5.174044E+00
  1.141500E+03 -5.505131E+00
  1.142000E+03 -5.776438E+00
  1.142500E+03 -5.988971E+00
  1.143000E+03 -6.143705E+00
  1.143500E+03 -6.241487E+00
  1.144000E+03 -6.282986E+00
  1.144500E+03 -6.268687E+00
  1.145000E+03 -6.198927E+00
  1.145500E+03 -6.073967E+00
  1.146000E+03 -5.894089E+00
  1.146500E+03 -5.659717E+00
  1.147000E+03 -5.371536E+00
  1.147500E+03 -5.030626E+00
  1.148000E+03 -4.638575E+00
  1.148500E+03 -4.197587E+00
  1.149000E+03 -3.710558E+00
  1.149500E+03 -3.181141E+00
  1.150000E+03 -2.613773E+00
  1.150500E+03 -2.013684E+00
  1.151000E+03 -1.386871E+00
  1.151500E+03 -7.400598E-01
  1.152000E+03 -8.063352E-02
  1.152500E+03  5.834522E-01
  1.153000E+03  1.243771E+00
  1.153500E+03  1.891542E+00
  1.154000E+03  2.517757E+00
  1.154500E+03  3.113323E+00
  1.155000E+03  3.669203E+00
  1.155500E+03  4.176577E+00
  1.156000E+03  4.627001E+00
  1.156500E+03  5.012580E+00
  1.157000E+03  5.326138E+00
  1.157500E+03  5.561392E+00
  1.158000E+03  5.713132E+00
  1.158500E+03  5.777386E+00
  1.159000E+03  5.751579E+00
  1.159500E+03  5.634685E+00
  1.160000E+03  5.427342E+00
  1.160500E+03  5.131949E+00
  1.161000E+03  4.752726E+00
  1.161500E+03  4.295730E+00
  1.162000E+03  3.768828E+00
  1.162500E+03  3.181614E+00
  1.163000E+03  2.545276E+00
  1.163500E+03  1.872406E+00
  1.164000E+03  1.176759E+00
  1.164500E+03  4.729627E-01
  1.165000E+03 -2.238214E-01
  1.165500E+03 -8.982655E-01
  1.166000E+03 -1.535274E+00
  1.166500E+03 -2.120394E+00
  1.167000E+03 -2.640226E+00
  1.167500E+03 -3.082828E+00
  1.168000E+03 -3.438086E+00
  1.168500E+03 -3.698050E+00
  1.169000E+03 -3.857214E+00
  1.169500E+03 -3.912737E+00
  1.170000E+03 -3.864583E+00
  1.170500E+03 -3.715584E+00
  1.171000E+03 -3.471412E+00
  1.171500E+03 -3.140465E+00
  1.172000E+03 -2.733660E+00
  1.172500E+03 -2.264141E+00
  1.173000E+03 -1.746912E+00
  1.173500E+03 -1.198395E+00
  1.174000E+03 -6.359365E-01
  1.174500E+03 -7.727099E-02
  1.175000E+03  4.600364E-01
  1.175500E+03  9.591538E-01
  1.176000E+03  1.404530E+00
  1.176500E+03  1.782404E+00
  1.177000E+03  2.081262E+00
  1.177500E+03  2.292222E+00
  1.178000E+03  2.409322E+00
  1.178500E+03  2.429717E+00
  1.179000E+03  2.353760E+00
  1.179500E+03  2.184965E+00
  1.180000E+03  1.929867E+00
  1.180500E+03  1.597760E+00
  1.181000E+03  1.200345E+00
  1.181500E+03  7.512857E-01
  1.182000E+03  2.657056E-01
  1.182500E+03 -2.403675E-01
  1.183000E+03 -7.505758E-01
  1.183500E+03 -1.248803E+00
  1.184000E+03 -1.719722E+00
  1.184500E+03 -2.149292E+00
  1.185000E+03 -2.525186E+00
  1.185500E+03 -2.837138E+00
  1.186000E+03 -3.077186E+00
  1.186500E+03 -3.239824E+00
  1.187000E+03 -3.322038E+00
  1.187500E+03 -3.323250E+00
  1.188000E+03 -3.245171E+00
  1.188500E+03 -3.091573E+00
  1.189000E+03 -2.868007E+00
  1.189500E+03 -2.581478E+00
  1.190000E+03 -2.240095E+00
  1.190500E+03 -1.852730E+00
  1.191000E+03 -1.428683E+00
  1.191500E+03 -9.773850E-01
  1.192000E+03 -5.081503E-01
  1.192500E+03 -2.997134E-02
  1.193000E+03  4.486243E-01
  1.193500E+03  9.196642E-01
  1.194000E+03  1.375772E+00
  1.194500E+03  1.810169E+00
  1.195000E+03  2.216644E+00
  1.195500E+03  2.589508E+00
  1.196000E+03  2.923547E+00
  1.196500E+03  3.213979E+00
  1.197000E+03  3.456432E+00
  1.197500E+03  3.646952E+00
  1.198000E+03  3.782037E+00
  1.198500E+03  3.858703E+00
  1.199000E+03  3.874584E+00
  1.199500E+03  3.828050E+00
  1.200000E+03  3.718339E+00
  1.200500E+03  3.545698E+00
  1.201000E+03  3.311499E+00
  1.201500E+03  3.018353E+00
  1.202000E+03  2.670173E+00
  1.202500E+03  2.272205E+00
  1.203000E+03  1.831002E+00
  1.203500E+03  1.354346E+00
  1.204000E+03  8.511202E-01
  1.204500E+03  3.311196E-01
  1.205000E+03 -1.951725E-01
  1.205500E+03 -7.168505E-01
  1.206000E+03 -1.222876E+00
  1.206500E+03 -1.702376E+00
  1.207000E+03 -2.144950E+00
  1.207500E+03 -2.540952E+00
  1.208000E+03 -2.881755E+00
  1.208500E+03 -3.159991E+00
  1.209000E+03 -3.369731E+00
  1.209500E+03 -3.506645E+00
  1.210000E+03 -3.568097E+00
  1.210500E+03 -3.553206E+00
  1.211000E+03 -3.462863E+00
  1.211500E+03 -3.299699E+00
  1.212000E+03 -3.068032E+00
  1.212500E+03 -2.773774E+00
  1.213000E+03 -2.424308E+00
  1.213500E+03 -2.028347E+00
  1.214000E+03 -1.595770E+00
  1.214500E+03 -1.137426E+00
  1.215000E+03 -6.649269E-01
  1.215500E+03 -1.904115E-01
  1.216000E+03  2.737157E-01
  1.216500E+03  7.150673E-01
  1.217000E+03  1.121580E+00
  1.217500E+03  1.481839E+00
  1.218000E+03  1.785424E+00
  1.218500E+03  2.023246E+00
  1.219000E+03  2.187897E+00
  1.219500E+03  2.273964E+00
  1.220000E+03  2.278319E+00
  1.220500E+03  2.200353E+00
  1.221000E+03  2.042142E+00
  1.221500E+03  1.808527E+00
  1.222000E+03  1.507098E+00
  1.222500E+03  1.148070E+00
  1.223000E+03  7.440435E-01
  1.223500E+03  3.096513E-01
  1.224000E+03 -1.388985E-01
  1.224500E+03 -5.843766E-01
  1.225000E+03 -1.009161E+00
  1.225500E+03 -1.395918E+00
  1.226000E+03 -1.728301E+00
  1.226500E+03 -1.991645E+00
  1.227000E+03 -2.173615E+00
  1.227500E+03 -2.264777E+00
  1.228000E+03 -2.259072E+00
  1.228500E+03 -2.154141E+00
  1.229000E+03 -1.951519E+00
  1.229500E+03 -1.656647E+00
  1.230000E+03 -1.278723E+00
  1.230500E+03 -8.303870E-01
  1.231000E+03 -3.272494E-01
  1.231500E+03  2.127101E-01
  1.232000E+03  7.698517E-01
  1.232500E+03  1.323656E+00
  1.233000E+03  1.853545E+00
  1.233500E+03  2.339696E+00
  1.234000E+03  2.763827E+00
  1.234500E+03  3.109900E+00
  1.235000E+03  3.364730E+00
  1.235500E+03  3.518459E+00
  1.236000E+03  3.564890E+00
  1.236500E+03  3.501661E+00
  1.237000E+03  3.330265E+00
  1.237500E+03  3.055913E+00
  1.238000E+03  2.687259E+00
  1.238500E+03  2.236004E+00
  1.239000E+03  1.716394E+00
  1.239500E+03  1.144653E+00
  1.240000E+03  5.383608E-01
  1.240500E+03 -8.418282E-02
  1.241000E+03 -7.045886E-01
  1.241500E+03 -1.304978E+00
  1.242000E+03 -1.868531E+00
  1.242500E+03 -2.379970E+00
  1.243000E+03 -2.825960E+00
  1.243500E+03 -3.195431E+00
  1.244000E+03 -3.479802E+00
  1.244500E+03 -3.673122E+00
  1.245000E+03 -3.772127E+00
  1.245500E+03 -3.776213E+00
  1.246000E+03 -3.687346E+00
  1.246500E+03 -3.509899E+00
  1.247000E+03 -3.250447E+00
  1.247500E+03 -2.917506E+00
  1.248000E+03 -2.521245E+00
  1.248500E+03 -2.073170E+00
  1.249000E+03 -1.585781E+00
  1.249500E+03 -1.072226E+00
  1.250000E+03 -5.459424E-01
  1.250500E+03 -2.030384E-02
  1.251000E+03  4.917245E-01
  1.251500E+03  9.779161E-01
  1.252000E+03  1.427089E+00
  1.252500E+03  1.829383E+00
  1.253000E+03  2.176493E+00
  1.253500E+03  2.461864E+00
  1.254000E+03  2.680830E+00
  1.254500E+03  2.830697E+00
  1.255000E+03  2.910764E+00
  1.255500E+03  2.922282E+00
  1.256000E+03  2.868353E+00
  1.256500E+03  2.753765E+00
  1.257000E+03  2.584779E+00
  1.257500E+03  2.368863E+00
  1.258000E+03  2.114398E+00
  1.258500E+03  1.830354E+00
  1.259000E+03  1.525956E+00
  1.259500E+03  1.210358E+00
  1.260000E+03  8.923232E-01
  1.260500E+03  5.799459E-01
  1.261000E+03  2.804033E-01
  1.261500E+03 -2.377855E-04
  1.262000E+03 -2.571590E-01
  1.262500E+03 -4.868683E-01
  1.263000E+03 -6.872176E-01
  1.263500E+03 -8.573607E-01
  1.264000E+03 -9.976581E-01
  1.264500E+03 -1.109535E+00
  1.265000E+03 -1.195304E+00
  1.265500E+03 -1.257955E+00
  1.266000E+03 -1.300941E+00
  1.266500E+03 -1.327946E+00
  1.267000E+03 -1.342672E+00
  1.267500E+03 -1.348636E+00
  1.268000E+03 -1.348989E+00
  1.268500E+03 -1.346374E+00
  1.269000E+03 -1.342814E+00
  1.269500E+03 -1.339639E+00
  1.270000E+03 -1.337450E+00
  1.270500E+03 -1.336124E+00
  1.271000E+03 -1.334851E+00
  1.271500E+03 -1.332202E+00
  1.272000E+03 -1.326221E+00
  1.272500E+03 -1.314541E+00
  1.273000E+03 -1.294509E+00
  1.273500E+03 -1.263329E+00
  1.274000E+03 -1.218200E+00
  1.274500E+03 -1.156457E+00
  1.275000E+03 -1.075707E+00
  1.275500E+03 -9.739500E-01
  1.276000E+03 -8.496981E-01
  1.276500E+03 -7.020653E-01
  1.277000E+03 -5.308479E-01
  1.277500E+03 -3.365805E-01
  1.278000E+03 -1.205719E-01
  1.278500E+03  1.150834E-01
  1.279000E+03  3.675168E-01
  1.279500E+03  6.331210E-01
  1.280000E+03  9.076095E-01
  1.280500E+03  1.186098E+00
  1.281000E+03  1.463209E+00
  1.281500E+03  1.733189E+00
  1.282000E+03  1.990053E+00
  1.282500E+03  2.227729E+00
  1.283000E+03  2.440222E+00
  1.283500E+03  2.621772E+00
  1.284000E+03  2.767024E+00
  1.284500E+03  2.871178E+00
  1.285000E+03  2.930144E+00
  1.285500E+03  2.940669E+00
  1.286000E+03  2.900452E+00
  1.286500E+03  2.808238E+00
  1.287000E+03  2.663879E+00
  1.287500E+03  2.468375E+00
  1.288000E+03  2.223880E+00
  1.288500E+03  1.933679E+00
  1.289000E+03  1.602142E+00
  1.289500E+03  1.234639E+00
  1.290000E+03  8.374388E-01
  1.290500E+03  4.175767E-01
  1.291000E+03 -1.729387E-02
  1.291500E+03 -4.590683E-01
  1.292000E+03 -8.993713E-01
  1.292500E+03 -1.329745E+00
  1.293000E+03 -1.741844E+00
  1.293500E+03 -2.127624E+00
  1.294000E+03 -2.479535E+00
  1.294500E+03 -2.790695E+00
  1.295000E+03 -3.055055E+00
  1.295500E+03 -3.267543E+00
  1.296000E+03 -3.424185E+00
  1.296500E+03 -3.522200E+00
  1.297000E+03 -3.560060E+00
  1.297500E+03 -3.537521E+00
  1.298000E+03 -3.455617E+00
  1.298500E+03 -3.316619E+00
  1.299000E+03 -3.123958E+00
  1.299500E+03 -2.882118E+00
  1.300000E+03 -2.596491E+00
  1.300500E+03 -2.273217E+00
  1.301000E+03 -1.918997E+00
  1.301500E+03 -1.540899E+00
  1.302000E+03 -1.146152E+00
  1.302500E+03 -7.419549E-01
  1.303000E+03 -3.352840E-01
  1.303500E+03  6.726919E-02
  1.304000E+03  4.596397E-01
  1.304500E+03  8.363969E-01
  1.305000E+03  1.192817E+00
  1.305500E+03  1.524915E+00
  1.306000E+03  1.829447E+00
  1.306500E+03  2.103865E+00
  1.307000E+03  2.346253E+00
  1.307500E+03  2.555235E+00
  1.308000E+03  2.729860E+00
  1.308500E+03  2.869496E+00
  1.309000E+03  2.973708E+00
  1.309500E+03  3.042164E+00
  1.310000E+03  3.074554E+00
  1.310500E+03  3.070531E+00
  1.311000E+03  3.029702E+00
  1.311500E+03  2.951632E+00
  1.312000E+03  2.835907E+00
  1.312500E+03  2.682211E+00
  1.313000E+03  2.490445E+00
  1.313500E+03  2.260856E+00
  1.314000E+03  1.994189E+00
  1.314500E+03  1.691832E+00
  1.315000E+03  1.355952E+00
  1.315500E+03  9.896095E-01
  1.316000E+03  5.968458E-01
  1.316500E+03  1.827208E-01
  1.317000E+03 -2.466912E-01
  1.317500E+03 -6.843596E-01
  1.318000E+03 -1.122410E+00
  1.318500E+03 -1.552286E+00
  1.319000E+03 -1.964966E+00
  1.319500E+03 -2.351208E+00
  1.320000E+03 -2.701834E+00
  1.320500E+03 -3.008031E+00
  1.321000E+03 -3.261653E+00
  1.321500E+03 -3.455515E+00
  1.322000E+03 -3.583675E+00
  1.322500E+03 -3.641663E+00
  1.323000E+03 -3.626682E+00
  1.323500E+03 -3.537746E+00
  1.324000E+03 -3.375756E+00
  1.324500E+03 -3.143513E+00
  1.325000E+03 -2.845665E+00
  1.325500E+03 -2.488592E+00
  1.326000E+03 -2.080224E+00
  1.326500E+03 -1.629819E+00
  1.327000E+03 -1.147684E+00
  1.327500E+03 -6.448720E-01
  1.328000E+03 -1.328566E-01
  1.328500E+03  3.768046E-01
  1.329000E+03  8.728020E-01
  1.329500E+03  1.344391E+00
  1.330000E+03  1.781684E+00
  1.330500E+03  2.175907E+00
  1.331000E+03  2.519610E+00
  1.331500E+03  2.806833E+00
  1.332000E+03  3.033219E+00
  1.332500E+03  3.196063E+00
  1.333000E+03  3.294317E+00
  1.333500E+03  3.328535E+00
  1.334000E+03  3.300769E+00
  1.334500E+03  3.214426E+00
  1.335000E+03  3.074080E+00
  1.335500E+03  2.885262E+00
  1.336000E+03  2.654231E+00
  1.336500E+03  2.387731E+00
  1.337000E+03  2.092750E+00
  1.337500E+03  1.776287E+00
  1.338000E+03  1.445142E+00
  1.338500E+03  1.105726E+00
  1.339000E+03  7.639067E-01
  1.339500E+03  4.248920E-01
  1.340000E+03  9.315335E-02
  1.340500E+03 -2.276086E-01
  1.341000E+03 -5.344582E-01
  1.341500E+03 -8.251805E-01
  1.342000E+03 -1.098204E+00
  1.342500E+03 -1.352498E+00
  1.343000E+03 -1.587447E+00
  1.343500E+03 -1.802720E+00
  1.344000E+03 -1.998134E+00
  1.344500E+03 -2.173526E+00
  1.345000E+03 -2.328638E+00
  1.345500E+03 -2.463028E+00
  1.346000E+03 -2.576005E+00
  1.346500E+03 -2.666593E+00
  1.347000E+03 -2.733538E+00
  1.347500E+03 -2.775334E+00
  1.348000E+03 -2.790289E+00
  1.348500E+03 -2.776610E+00
  1.349000E+03 -2.732518E+00
  1.349500E+03 -2.656364E+00
  1.350000E+03 -2.546761E+00
  1.350500E+03 -2.402708E+00
  1.351000E+03 -2.223708E+00
  1.351500E+03 -2.009872E+00
  1.352000E+03 -1.761995E+00
  1.352500E+03 -1.481613E+00
  1.353000E+03 -1.171032E+00
  1.353500E+03 -8.333250E-01
  1.354000E+03 -4.723022E-01
  1.354500E+03 -9.245891E-02
  1.355000E+03  3.011027E-01
  1.355500E+03  7.027685E-01
  1.356000E+03  1.106521E+00
  1.356500E+03  1.506059E+00
  1.357000E+03  1.894919E+00
  1.357500E+03  2.266600E+00
  1.358000E+03  2.614690E+00
  1.358500E+03  2.932979E+00
  1.359000E+03  3.215581E+00
  1.359500E+03  3.457038E+00
  1.360000E+03  3.652423E+00
  1.360500E+03  3.797438E+00
  1.361000E+03  3.888507E+00
  1.361500E+03  3.922859E+00
  1.362000E+03  3.898606E+00
  1.362500E+03  3.814815E+00
  1.363000E+03  3.671567E+00
  1.363500E+03  3.470001E+00
  1.364000E+03  3.212348E+00
  1.364500E+03  2.901935E+00
  1.365000E+03  2.543169E+00
  1.365500E+03  2.141495E+00
  1.366000E+03  1.703318E+00
  1.366500E+03  1.235898E+00
  1.367000E+03  7.472079E-01
  1.367500E+03  2.457682E-01
  1.368000E+03 -2.595524E-01
  1.368500E+03 -7.597508E-01
  1.369000E+03 -1.245919E+00
  1.369500E+03 -1.709477E+00
  1.370000E+03 -2.142399E+00
  1.370500E+03 -2.537427E+00
  1.371000E+03 -2.888255E+00
  1.371500E+03 -3.189683E+00
  1.372000E+03 -3.437724E+00
  1.372500E+03 -3.629669E+00
  1.373000E+03 -3.764102E+00
  1.373500E+03 -3.840864E+00
  1.374000E+03 -3.860976E+00
  1.374500E+03 -3.826513E+00
  1.375000E+03 -3.740455E+00
  1.375500E+03 -3.606515E+00
  1.376000E+03 -3.428948E+00
  1.376500E+03 -3.212373E+00
  1.377000E+03 -2.961594E+00
  1.377500E+03 -2.681454E+00
  1.378000E+03 -2.376709E+00
  1.378500E+03 -2.051939E+00
  1.379000E+03 -1.711500E+00
  1.379500E+03 -1.359508E+00
  1.380000E+03 -9.998515E-01
  1.380500E+03 -6.362416E-01
  1.381000E+03 -2.722687E-01
  1.381500E+03  8.852731E-02
  1.382000E+03  4.425912E-01
  1.382500E+03  7.862990E-01
  1.383000E+03  1.115928E+00
  1.383500E+03  1.427654E+00
  1.384000E+03  1.717586E+00
  1.384500E+03  1.981833E+00
  1.385000E+03  2.216609E+00
  1.385500E+03  2.418364E+00
  1.386000E+03  2.583937E+00
  1.386500E+03  2.710719E+00
  1.387000E+03  2.796820E+00
  1.387500E+03  2.841213E+00
  1.388000E+03  2.843856E+00
  1.388500E+03  2.805775E+00
  1.389000E+03  2.729095E+00
  1.389500E+03  2.617017E+00
  1.390000E+03  2.473735E+00
  1.390500E+03  2.304295E+00
  1.391000E+03  2.114395E+00
  1.391500E+03  1.910150E+00
  1.392000E+03  1.697811E+00
  1.392500E+03  1.483473E+00
  1.393000E+03  1.272781E+00
  1.393500E+03  1.070647E+00
  1.394000E+03  8.810080E-01
  1.394500E+03  7.066241E-01
  1.395000E+03  5.489500E-01
  1.395500E+03  4.080724E-01
  1.396000E+03  2.827301E-01
  1.396500E+03  1.704147E-01
  1.397000E+03  6.754807E-02
  1.397500E+03 -3.026954E-02
  1.398000E+03 -1.279558E-01
  1.398500E+03 -2.306010E-01
  1.399000E+03 -3.431017E-01
  1.399500E+03 -4.697932E-01
  1.400000E+03 -6.141022E-01
  1.400500E+03 -7.782409E-01
  1.401000E+03 -9.629602E-01
  1.401500E+03 -1.167379E+00
  1.402000E+03 -1.388898E+00
  1.402500E+03 -1.623216E+00
  1.403000E+03 -1.864429E+00
  1.403500E+03 -2.105238E+00
  1.404000E+03 -2.337229E+00
  1.404500E+03 -2.551237E+00
  1.405000E+03 -2.737754E+00
  1.405500E+03 -2.887382E+00
  1.406000E+03 -2.991295E+00
  1.406500E+03 -3.041689E+00
  1.407000E+03 -3.032203E+00
  1.407500E+03 -2.958280E+00
  1.408000E+03 -2.817463E+00
  1.408500E+03 -2.609592E+00
  1.409000E+03 -2.336908E+00
  1.409500E+03 -2.004049E+00
  1.410000E+03 -1.617934E+00
  1.410500E+03 -1.187553E+00
  1.411000E+03 -7.236550E-01
  1.411500E+03 -2.383602E-01
  1.412000E+03  2.552913E-01
  1.412500E+03  7.438320E-01
  1.413000E+03  1.213878E+00
  1.413500E+03  1.652636E+00
  1.414000E+03  2.048385E+00
  1.414500E+03  2.390902E+00
  1.415000E+03  2.671830E+00
  1.415500E+03  2.884954E+00
  1.416000E+03  3.026389E+00
  1.416500E+03  3.094660E+00
  1.417000E+03  3.090689E+00
  1.417500E+03  3.017676E+00
  1.418000E+03  2.880889E+00
  1.418500E+03  2.687384E+00
  1.419000E+03  2.445653E+00
  1.419500E+03  2.165232E+00
  1.420000E+03  1.856292E+00
  1.420500E+03  1.529209E+00
  1.421000E+03  1.194174E+00
  1.421500E+03  8.608134E-01
  1.422000E+03  5.378780E-01
  1.422500E+03  2.329815E-01
  1.423000E+03 -4.758523E-02
  1.423500E+03 -2.989681E-01
  1.424000E+03 -5.177902E-01
  1.424500E+03 -7.021223E-01
  1.425000E+03 -8.513924E-01
  1.425500E+03 -9.662439E-01
  1.426000E+03 -1.048356E+00
  1.426500E+03 -1.100237E+00
  1.427000E+03 -1.125011E+00
  1.427500E+03 -1.126206E+00
  1.428000E+03 -1.107550E+00
  1.428500E+03 -1.072800E+00
  1.429000E+03 -1.025594E+00
  1.429500E+03 -9.693410E-01
  1.430000E+03 -9.071426E-01
  1.430500E+03 -8.417502E-01
  1.431000E+03 -7.755477E-01
  1.431500E+03 -7.105578E-01
  1.432000E+03 -6.484630E-01
  1.432500E+03 -5.906326E-01
  1.433000E+03 -5.381517E-01
  1.433500E+03 -4.918422E-01
  1.434000E+03 -4.522754E-01
  1.434500E+03 -4.197709E-01
  1.435000E+03 -3.943840E-01
  1.435500E+03 -3.758831E-01
  1.436000E+03 -3.637218E-01
  1.436500E+03 -3.570113E-01
  1.437000E+03 -3.545013E-01
  1.437500E+03 -3.545744E-01
  1.438000E+03 -3.552636E-01
  1.438500E+03 -3.542952E-01
  1.439000E+03 -3.491627E-01
  1.439500E+03 -3.372316E-01
  1.440000E+03 -3.158726E-01
  1.440500E+03 -2.826193E-01
  1.441000E+03 -2.353409E-01
  1.441500E+03 -1.724213E-01
  1.442000E+03 -9.293087E-02
  1.442500E+03  3.221018E-03
  1.443000E+03  1.151667E-01
  1.443500E+03  2.410056E-01
  1.444000E+03  3.777854E-01
  1.444500E+03  5.215446E-01
  1.445000E+03  6.674217E-01
  1.445500E+03  8.098286E-01
  1.446000E+03  9.426849E-01
  1.446500E+03  1.059702E+00
  1.447000E+03  1.154703E+00
  1.447500E+03  1.221966E+00
  1.448000E+03  1.256563E+00
  1.448500E+03  1.254683E+00
  1.449000E+03  1.213916E+00
  1.449500E+03  1.133474E+00
  1.450000E+03  1.014338E+00
  1.450500E+03  8.593209E-01
  1.451000E+03  6.730302E-01
  1.451500E+03  4.617353E-01
  1.452000E+03  2.331390E-01
  1.452500E+03 -3.935998E-03
  1.453000E+03 -2.399330E-01
  1.453500E+03 -4.649997E-01
  1.454000E+03 -6.694580E-01
  1.454500E+03 -8.442795E-01
  1.455000E+03 -9.815434E-01
  1.455500E+03 -1.074850E+00
  1.456000E+03 -1.119668E+00
  1.456500E+03 -1.113600E+00
  1.457000E+03 -1.056540E+00
  1.457500E+03 -9.507299E-01
  1.458000E+03 -8.006988E-01
  1.458500E+03 -6.130876E-01
  1.459000E+03 -3.963743E-01
  1.459500E+03 -1.605070E-01
  1.460000E+03  8.353595E-02
  1.460500E+03  3.242373E-01
  1.461000E+03  5.500601E-01
  1.461500E+03  7.499697E-01
  1.462000E+03  9.139350E-01
  1.462500E+03  1.033385E+00
  1.463000E+03  1.101600E+00
  1.463500E+03  1.114020E+00
  1.464000E+03  1.068460E+00
  1.464500E+03  9.652172E-01
  1.465000E+03  8.070782E-01
  1.465500E+03  5.992117E-01
  1.466000E+03  3.489680E-01
  1.466500E+03  6.558577E-02
  1.467000E+03 -2.401774E-01
  1.467500E+03 -5.564742E-01
  1.468000E+03 -8.708381E-01
  1.468500E+03 -1.170677E+00
  1.469000E+03 -1.443770E+00
  1.469500E+03 -1.678745E+00
  1.470000E+03 -1.865521E+00
  1.470500E+03 -1.995706E+00
  1.471000E+03 -2.062918E+00
  1.471500E+03 -2.063037E+00
  1.472000E+03 -1.994367E+00
  1.472500E+03 -1.857711E+00
  1.473000E+03 -1.656347E+00
  1.473500E+03 -1.395917E+00
  1.474000E+03 -1.084224E+00
  1.474500E+03 -7.309562E-01
  1.475000E+03 -3.473309E-01
  1.475500E+03  5.430931E-02
  1.476000E+03  4.609470E-01
  1.476500E+03  8.593643E-01
  1.477000E+03  1.236625E+00
  1.477500E+03  1.580547E+00
  1.478000E+03  1.880143E+00
  1.478500E+03  2.126022E+00
  1.479000E+03  2.310720E+00
  1.479500E+03  2.428965E+00
  1.480000E+03  2.477850E+00
  1.480500E+03  2.456916E+00
  1.481000E+03  2.368137E+00
  1.481500E+03  2.215810E+00
  1.482000E+03  2.006354E+00
  1.482500E+03  1.748026E+00
  1.483000E+03  1.450567E+00
  1.483500E+03  1.124791E+00
  1.484000E+03  7.821448E-01
  1.484500E+03  4.342411E-01
  1.485000E+03  9.240627E-02
  1.485500E+03 -2.327530E-01
  1.486000E+03 -5.317369E-01
  1.486500E+03 -7.964790E-01
  1.487000E+03 -1.020597E+00
  1.487500E+03 -1.199562E+00
  1.488000E+03 -1.330770E+00
  1.488500E+03 -1.413535E+00
  1.489000E+03 -1.448983E+00
  1.489500E+03 -1.439877E+00
  1.490000E+03 -1.390370E+00
  1.490500E+03 -1.305716E+00
  1.491000E+03 -1.191944E+00
  1.491500E+03 -1.055519E+00
  1.492000E+03 -9.030141E-01
  1.492500E+03 -7.408084E-01
  1.493000E+03 -5.748213E-01
  1.493500E+03 -4.103060E-01
  1.494000E+03 -2.517035E-01
  1.494500E+03 -1.025663E-01
  1.495000E+03  3.445210E-02
  1.495500E+03  1.575430E-01
  1.496000E+03  2.656347E-01
  1.496500E+03  3.582428E-01
  1.497000E+03  4.352927E-01
  1.497500E+03  4.969323E-01
  1.498000E+03  5.433506E-01
  1.498500E+03  5.746189E-01
  1.499000E+03  5.905699E-01
  1.499500E+03  5.907236E-01
  1.500000E+03  5.742705E-01
  1.500500E+03  5.401139E-01
  1.501000E+03  4.869696E-01
  1.501500E+03  4.135184E-01
  1.502000E+03  3.186002E-01
  1.502500E+03  2.014353E-01
  1.503000E+03  6.185719E-02
  1.503500E+03 -9.946212E-02
  1.504000E+03 -2.808140E-01
  1.504500E+03 -4.792996E-01
  1.505000E+03 -6.907376E-01
  1.505500E+03 -9.096464E-01
  1.506000E+03 -1.129309E+00
  1.506500E+03 -1.341924E+00
  1.507000E+03 -1.538846E+00
  1.507500E+03 -1.710896E+00
  1.508000E+03 -1.848748E+00
  1.508500E+03 -1.943357E+00
  1.509000E+03 -1.986415E+00
  1.509500E+03 -1.970813E+00
  1.510000E+03 -1.891084E+00
  1.510500E+03 -1.743788E+00
  1.511000E+03 -1.527839E+00
  1.511500E+03 -1.244733E+00
  1.512000E+03 -8.986634E-01
  1.512500E+03 -4.965265E-01
  1.513000E+03 -4.778953E-02
  1.513500E+03  4.357587E-01
  1.514000E+03  9.403783E-01
  1.514500E+03  1.450850E+00
  1.515000E+03  1.951034E+00
  1.515500E+03  2.424481E+00
  1.516000E+03  2.855082E+00
  1.516500E+03  3.227717E+00
  1.517000E+03  3.528868E+00
  1.517500E+03  3.747183E+00
  1.518000E+03  3.873946E+00
  1.518500E+03  3.903447E+00
  1.519000E+03  3.833218E+00
  1.519500E+03  3.664139E+00
  1.520000E+03  3.400404E+00
  1.520500E+03  3.049346E+00
  1.521000E+03  2.621136E+00
  1.521500E+03  2.128369E+00
  1.522000E+03  1.585559E+00
  1.522500E+03  1.008567E+00
  1.523000E+03  4.139908E-01
  1.523500E+03 -1.814584E-01
  1.524000E+03 -7.615582E-01
  1.524500E+03 -1.311135E+00
  1.525000E+03 -1.816554E+00
  1.525500E+03 -2.266127E+00
  1.526000E+03 -2.650413E+00
  1.526500E+03 -2.962419E+00
  1.527000E+03 -3.197681E+00
  1.527500E+03 -3.354245E+00
  1.528000E+03 -3.432547E+00
  1.528500E+03 -3.435206E+00
  1.529000E+03 -3.366753E+00
  1.529500E+03 -3.233304E+00
  1.530000E+03 -3.042211E+00
  1.530500E+03 -2.801698E+00
  1.531000E+03 -2.520507E+00
  1.531500E+03 -2.207572E+00
  1.532000E+03 -1.871731E+00
  1.532500E+03 -1.521484E+00
  1.533000E+03 -1.164809E+00
  1.533500E+03 -8.090269E-01
  1.534000E+03 -4.607297E-01
  1.534500E+03 -1.257461E-01
  1.535000E+03  1.908467E-01
  1.535500E+03  4.846846E-01
  1.536000E+03  7.520588E-01
  1.536500E+03  9.898507E-01
  1.537000E+03  1.195470E+00
  1.537500E+03  1.366803E+00
  1.538000E+03  1.502182E+00
  1.538500E+03  1.600373E+00
  1.539000E+03  1.660591E+00
  1.539500E+03  1.682534E+00
  1.540000E+03  1.666436E+00
  1.540500E+03  1.613132E+00
  1.541000E+03  1.524130E+00
  1.541500E+03  1.401672E+00
  1.542000E+03  1.248786E+00
  1.542500E+03  1.069313E+00
  1.543000E+03  8.679044E-01
  1.543500E+03  6.499839E-01
  1.544000E+03  4.216664E-01
  1.544500E+03  1.896377E-01
  1.545000E+03 -3.900722E-02
  1.545500E+03 -2.569622E-01
  1.546000E+03 -4.569385E-01
  1.546500E+03 -6.319145E-01
  1.547000E+03 -7.753970E-01
  1.547500E+03 -8.816817E-01
  1.548000E+03 -9.461015E-01
  1.548500E+03 -9.652497E-01
  1.549000E+03 -9.371664E-01
  1.549500E+03 -8.614784E-01
  1.550000E+03 -7.394832E-01
  1.550500E+03 -5.741713E-01
  1.551000E+03 -3.701825E-01
  1.551500E+03 -1.336955E-01
  1.552000E+03  1.277470E-01
  1.552500E+03  4.054732E-01
  1.553000E+03  6.899696E-01
  1.553500E+03  9.712098E-01
  1.554000E+03  1.239013E+00
  1.554500E+03  1.483420E+00
  1.555000E+03  1.695064E+00
  1.555500E+03  1.865536E+00
  1.556000E+03  1.987711E+00
  1.556500E+03  2.056033E+00
  1.557000E+03  2.066744E+00
  1.557500E+03  2.018044E+00
  1.558000E+03  1.910168E+00
  1.558500E+03  1.745395E+00
  1.559000E+03  1.527962E+00
  1.559500E+03  1.263902E+00
  1.560000E+03  9.608129E-01
  1.560500E+03  6.275520E-01
  1.561000E+03  2.738863E-01
  1.561500E+03 -8.989683E-02
  1.562000E+03 -4.533975E-01
  1.562500E+03 -8.065112E-01
  1.563000E+03 -1.139818E+00
  1.563500E+03 -1.444935E+00
  1.564000E+03 -1.714812E+00
  1.564500E+03 -1.943966E+00
  1.565000E+03 -2.128628E+00
  1.565500E+03 -2.266809E+00
  1.566000E+03 -2.358275E+00
  1.566500E+03 -2.404441E+00
  1.567000E+03 -2.408180E+00
  1.567500E+03 -2.373567E+00
  1.568000E+03 -2.305569E+00
  1.568500E+03 -2.209707E+00
  1.569000E+03 -2.091696E+00
  1.569500E+03 -1.957096E+00
  1.570000E+03 -1.810994E+00
  1.570500E+03 -1.657726E+00
  1.571000E+03 -1.500668E+00
  1.571500E+03 -1.342100E+00
  1.572000E+03 -1.183154E+00
  1.572500E+03 -1.023848E+00
  1.573000E+03 -8.632023E-01
  1.573500E+03 -6.994296E-01
  1.574000E+03 -5.301893E-01
  1.574500E+03 -3.528850E-01
  1.575000E+03 -1.649871E-01
  1.575500E+03  3.564230E-02
  1.576000E+03  2.504424E-01
  1.576500E+03  4.798887E-01
  1.577000E+03  7.232862E-01
  1.577500E+03  9.786373E-01
  1.578000E+03  1.242595E+00
  1.578500E+03  1.510504E+00
  1.579000E+03  1.776536E+00
  1.579500E+03  2.033902E+00
  1.580000E+03  2.275144E+00
  1.580500E+03  2.492470E+00
  1.581000E+03  2.678143E+00
  1.581500E+03  2.824865E+00
  1.582000E+03  2.926164E+00
  1.582500E+03  2.976741E+00
  1.583000E+03  2.972773E+00
  1.583500E+03  2.912135E+00
  1.584000E+03  2.794546E+00
  1.584500E+03  2.621625E+00
  1.585000E+03  2.396843E+00
  1.585500E+03  2.125393E+00
  1.586000E+03  1.813974E+00
  1.586500E+03  1.470502E+00
  1.587000E+03  1.103775E+00
  1.587500E+03  7.230952E-01
  1.588000E+03  3.378860E-01
  1.588500E+03 -4.268642E-02
  1.589000E+03 -4.100618E-01
  1.589500E+03 -7.565894E-01
  1.590000E+03 -1.075771E+00
  1.590500E+03 -1.362435E+00
  1.591000E+03 -1.612832E+00
  1.591500E+03 -1.824659E+00
  1.592000E+03 -1.997006E+00
  1.592500E+03 -2.130240E+00
  1.593000E+03 -2.225835E+00
  1.593500E+03 -2.286165E+00
  1.594000E+03 -2.314260E+00
  1.594500E+03 -2.313572E+00
  1.595000E+03 -2.287727E+00
  1.595500E+03 -2.240309E+00
  1.596000E+03 -2.174667E+00
  1.596500E+03 -2.093770E+00
  1.597000E+03 -2.000092E+00
  1.597500E+03 -1.895561E+00
  1.598000E+03 -1.781540E+00
  1.598500E+03 -1.658860E+00
  1.599000E+03 -1.527886E+00
  1.599500E+03 -1.388608E+00
  1.600000E+03 -1.240763E+00
  1.600500E+03 -1.083960E+00
  1.601000E+03 -9.178090E-01
  1.601500E+03 -7.420458E-01
  1.602000E+03 -5.566442E-01
  1.602500E+03 -3.619088E-01
  1.603000E+03 -1.585459E-01
  1.603500E+03  5.228985E-02
  1.604000E+03  2.689748E-01
  1.604500E+03  4.894202E-01
  1.605000E+03  7.110998E-01
  1.605500E+03  9.310980E-01
  1.606000E+03  1.146176E+00
  1.606500E+03  1.352854E+00
  1.607000E+03  1.547501E+00
  1.607500E+03  1.726438E+00
  1.608000E+03  1.886041E+00
  1.608500E+03  2.022853E+00
  1.609000E+03  2.133687E+00
  1.609500E+03  2.215733E+00
  1.610000E+03  2.266653E+00
  1.610500E+03  2.284677E+00
  1.611000E+03  2.268673E+00
  1.611500E+03  2.218218E+00
  1.612000E+03  2.133638E+00
  1.612500E+03  2.016038E+00
  1.613000E+03  1.867298E+00
  1.613500E+03  1.690056E+00
  1.614000E+03  1.487651E+00
  1.614500E+03  1.264047E+00
  1.615000E+03  1.023730E+00
  1.615500E+03  7.715730E-01
  1.616000E+03  5.126889E-01
  1.616500E+03  2.522642E-01
  1.617000E+03 -4.616997E-03
  1.617500E+03 -2.531477E-01
  1.618000E+03 -4.889669E-01
  1.618500E+03 -7.083109E-01
  1.619000E+03 -9.081400E-01
  1.619500E+03 -1.086232E+00
  1.620000E+03 -1.241238E+00
  1.620500E+03 -1.372689E+00
  1.621000E+03 -1.480964E+00
  1.621500E+03 -1.567208E+00
  1.622000E+03 -1.633207E+00
  1.622500E+03 -1.681228E+00
  1.623000E+03 -1.713832E+00
  1.623500E+03 -1.733668E+00
  1.624000E+03 -1.743265E+00
  1.624500E+03 -1.744826E+00
  1.625000E+03 -1.740049E+00
  1.625500E+03 -1.729977E+00
  1.626000E+03 -1.714895E+00
  1.626500E+03 -1.694277E+00
  1.627000E+03 -1.666786E+00
  1.627500E+03 -1.630343E+00
  1.628000E+03 -1.582243E+00
  1.628500E+03 -1.519330E+00
  1.629000E+03 -1.438208E+00
  1.629500E+03 -1.335491E+00
  1.630000E+03 -1.208062E+00
  1.630500E+03 -1.053343E+00
  1.631000E+03 -8.695389E-01
  1.631500E+03 -6.558636E-01
  1.632000E+03 -4.127147E-01
  1.632500E+03 -1.417953E-01
  1.633000E+03  1.538285E-01
  1.633500E+03  4.697397E-01
  1.634000E+03  8.002525E-01
  1.634500E+03  1.138562E+00
  1.635000E+03  1.476955E+00
  1.635500E+03  1.807070E+00
  1.636000E+03  2.120200E+00
  1.636500E+03  2.407607E+00
  1.637000E+03  2.660857E+00
  1.637500E+03  2.872137E+00
  1.638000E+03  3.034548E+00
  1.638500E+03  3.142361E+00
  1.639000E+03  3.191228E+00
  1.639500E+03  3.178325E+00
  1.640000E+03  3.102446E+00
  1.640500E+03  2.964024E+00
  1.641000E+03  2.765094E+00
  1.641500E+03  2.509207E+00
  1.642000E+03  2.201286E+00
  1.642500E+03  1.847455E+00
  1.643000E+03  1.454834E+00
  1.643500E+03  1.031324E+00
  1.644000E+03  5.853878E-01
  1.644500E+03  1.258327E-01
  1.645000E+03 -3.383898E-01
  1.645500E+03 -7.983666E-01
  1.646000E+03 -1.245383E+00
  1.646500E+03 -1.671062E+00
  1.647000E+03 -2.067474E+00
  1.647500E+03 -2.427242E+00
  1.648000E+03 -2.743617E+00
  1.648500E+03 -3.010558E+00
  1.649000E+03 -3.222799E+00
  1.649500E+03 -3.375921E+00
  1.650000E+03 -3.466429E+00
  1.650500E+03 -3.491828E+00
  1.651000E+03 -3.450709E+00
  1.651500E+03 -3.342836E+00
  1.652000E+03 -3.169224E+00
  1.652500E+03 -2.932212E+00
  1.653000E+03 -2.635512E+00
  1.653500E+03 -2.284233E+00
  1.654000E+03 -1.884871E+00
  1.654500E+03 -1.445247E+00
  1.655000E+03 -9.744056E-01
  1.655500E+03 -4.824491E-01
  1.656000E+03  1.967292E-02
  1.656500E+03  5.204295E-01
  1.657000E+03  1.008017E+00
  1.657500E+03  1.470703E+00
  1.658000E+03  1.897187E+00
  1.658500E+03  2.276973E+00
  1.659000E+03  2.600726E+00
  1.659500E+03  2.860600E+00
  1.660000E+03  3.050519E+00
  1.660500E+03  3.166402E+00
  1.661000E+03  3.206306E+00
  1.661500E+03  3.170489E+00
  1.662000E+03  3.061391E+00
  1.662500E+03  2.883516E+00
  1.663000E+03  2.643238E+00
  1.663500E+03  2.348536E+00
  1.664000E+03  2.008661E+00
  1.664500E+03  1.633770E+00
  1.665000E+03  1.234528E+00
  1.665500E+03  8.217124E-01
  1.666000E+03  4.058343E-01
  1.666500E+03 -3.204122E-03
  1.667000E+03 -3.964005E-01
  1.667500E+03 -7.658771E-01
  1.668000E+03 -1.105033E+00
  1.668500E+03 -1.408620E+00
  1.669000E+03 -1.672744E+00
  1.669500E+03 -1.894802E+00
  1.670000E+03 -2.073356E+00
  1.670500E+03 -2.207974E+00
  1.671000E+03 -2.299035E+00
  1.671500E+03 -2.347536E+00
  1.672000E+03 -2.354899E+00
  1.672500E+03 -2.322808E+00
  1.673000E+03 -2.253080E+00
  1.673500E+03 -2.147580E+00
  1.674000E+03 -2.008188E+00
  1.674500E+03 -1.836814E+00
  1.675000E+03 -1.635458E+00
  1.675500E+03 -1.406297E+00
  1.676000E+03 -1.151808E+00
  1.676500E+03 -8.748852E-01
  1.677000E+03 -5.789544E-01
  1.677500E+03 -2.680609E-01
  1.678000E+03  5.308059E-02
  1.678500E+03  3.790867E-01
  1.679000E+03  7.039628E-01
  1.679500E+03  1.021221E+00
  1.680000E+03  1.324053E+00
  1.680500E+03  1.605556E+00
  1.681000E+03  1.858996E+00
  1.681500E+03  2.078086E+00
  1.682000E+03  2.257280E+00
  1.682500E+03  2.392035E+00
  1.683000E+03  2.479051E+00
  1.683500E+03  2.516446E+00
  1.684000E+03  2.503866E+00
  1.684500E+03  2.442515E+00
  1.685000E+03  2.335099E+00
  1.685500E+03  2.185688E+00
  1.686000E+03  1.999498E+00
  1.686500E+03  1.782610E+00
  1.687000E+03  1.541641E+00
  1.687500E+03  1.283396E+00
  1.688000E+03  1.014502E+00
  1.688500E+03  7.410845E-01
  1.689000E+03  4.684741E-01
  1.689500E+03  2.009858E-01
  1.690000E+03 -5.822070E-02
  1.690500E+03 -3.071889E-01
  1.691000E+03 -5.451170E-01
  1.691500E+03 -7.722168E-01
  1.692000E+03 -9.894890E-01
  1.692500E+03 -1.198433E+00
  1.693000E+03 -1.400710E+00
  1.693500E+03 -1.597788E+00
  1.694000E+03 -1.790598E+00
  1.694500E+03 -1.979215E+00
  1.695000E+03 -2.162617E+00
  1.695500E+03 -2.338513E+00
  1.696000E+03 -2.503278E+00
  1.696500E+03 -2.652004E+00
  1.697000E+03 -2.778649E+00
  1.697500E+03 -2.876313E+00
  1.698000E+03 -2.937593E+00
  1.698500E+03 -2.955022E+00
  1.699000E+03 -2.921551E+00
  1.699500E+03 -2.831056E+00
  1.700000E+03 -2.678828E+00
  1.700500E+03 -2.462014E+00
  1.701000E+03 -2.179988E+00
  1.701500E+03 -1.834614E+00
  1.702000E+03 -1.430391E+00
  1.702500E+03 -9.744509E-01
  1.703000E+03 -4.764268E-01
  1.703500E+03  5.183016E-02
  1.704000E+03  5.966545E-01
  1.704500E+03  1.143082E+00
  1.705000E+03  1.675447E+00
  1.705500E+03  2.178033E+00
  1.706000E+03  2.635737E+00
  1.706500E+03  3.034725E+00
  1.707000E+03  3.363021E+00
  1.707500E+03  3.611031E+00
  1.708000E+03  3.771938E+00
  1.708500E+03  3.841985E+00
  1.709000E+03  3.820598E+00
  1.709500E+03  3.710379E+00
  1.710000E+03  3.516936E+00
  1.710500E+03  3.248593E+00
  1.711000E+03  2.915982E+00
  1.711500E+03  2.531535E+00
  1.712000E+03  2.108924E+00
  1.712500E+03  1.662456E+00
  1.713000E+03  1.206476E+00
  1.713500E+03  7.547883E-01
  1.714000E+03  3.201352E-01
  1.714500E+03 -8.624326E-02
  1.715000E+03 -4.549589E-01
  1.715500E+03 -7.787155E-01
  1.716000E+03 -1.052437E+00
  1.716500E+03 -1.273286E+00
  1.717000E+03 -1.440573E+00
  1.717500E+03 -1.555576E+00
  1.718000E+03 -1.621291E+00
  1.718500E+03 -1.642110E+00
  1.719000E+03 -1.623479E+00
  1.719500E+03 -1.571535E+00
  1.720000E+03 -1.492752E+00
  1.720500E+03 -1.393610E+00
  1.721000E+03 -1.280312E+00
  1.721500E+03 -1.158547E+00
  1.722000E+03 -1.033321E+00
  1.722500E+03 -9.088463E-01
  1.723000E+03 -7.885036E-01
  1.723500E+03 -6.748558E-01
  1.724000E+03 -5.697167E-01
  1.724500E+03 -4.742595E-01
  1.725000E+03 -3.891525E-01
  1.725500E+03 -3.147089E-01
  1.726000E+03 -2.510363E-01
  1.726500E+03 -1.981745E-01
  1.727000E+03 -1.562082E-01
  1.727500E+03 -1.253482E-01
  1.728000E+03 -1.059730E-01
  1.728500E+03 -9.862916E-02
  1.729000E+03 -1.039906E-01
  1.729500E+03 -1.227799E-01
  1.730000E+03 -1.556582E-01
  1.730500E+03 -2.030926E-01
  1.731000E+03 -2.652116E-01
  1.731500E+03 -3.416606E-01
  1.732000E+03 -4.314693E-01
  1.732500E+03 -5.329426E-01
  1.733000E+03 -6.435873E-01
  1.733500E+03 -7.600813E-01
  1.734000E+03 -8.782928E-01
  1.734500E+03 -9.933537E-01
  1.735000E+03 -1.099786E+00
  1.735500E+03 -1.191678E+00
  1.736000E+03 -1.262911E+00
  1.736500E+03 -1.307411E+00
  1.737000E+03 -1.319432E+00
  1.737500E+03 -1.293849E+00
  1.738000E+03 -1.226443E+00
  1.738500E+03 -1.114162E+00
  1.739000E+03 -9.553604E-01
  1.739500E+03 -7.499703E-01
  1.740000E+03 -4.996283E-01
  1.740500E+03 -2.077246E-01
  1.741000E+03  1.206206E-01
  1.741500E+03  4.786566E-01
  1.742000E+03  8.581773E-01
  1.742500E+03  1.249764E+00
  1.743000E+03  1.643085E+00
  1.743500E+03  2.027247E+00
  1.744000E+03  2.391170E+00
  1.744500E+03  2.723985E+00
  1.745000E+03  3.015418E+00
  1.745500E+03  3.256163E+00
  1.746000E+03  3.438218E+00
  1.746500E+03  3.555161E+00
  1.747000E+03  3.602372E+00
  1.747500E+03  3.577185E+00
  1.748000E+03  3.478957E+00
  1.748500E+03  3.309070E+00
  1.749000E+03  3.070851E+00
  1.749500E+03  2.769432E+00
  1.750000E+03  2.411545E+00
  1.750500E+03  2.005276E+00
  1.751000E+03  1.559783E+00
  1.751500E+03  1.084989E+00
  1.752000E+03  5.912770E-01
  1.752500E+03  8.917863E-02
  1.753000E+03 -4.109084E-01
  1.753500E+03 -8.989855E-01
  1.754000E+03 -1.365682E+00
  1.754500E+03 -1.802447E+00
  1.755000E+03 -2.201705E+00
  1.755500E+03 -2.556966E+00
  1.756000E+03 -2.862907E+00
  1.756500E+03 -3.115412E+00
  1.757000E+03 -3.311589E+00
  1.757500E+03 -3.449758E+00
  1.758000E+03 -3.529421E+00
  1.758500E+03 -3.551212E+00
  1.759000E+03 -3.516841E+00
  1.759500E+03 -3.429018E+00
  1.760000E+03 -3.291372E+00
  1.760500E+03 -3.108358E+00
  1.761000E+03 -2.885151E+00
  1.761500E+03 -2.627533E+00
  1.762000E+03 -2.341759E+00
  1.762500E+03 -2.034421E+00
  1.763000E+03 -1.712284E+00
  1.763500E+03 -1.382127E+00
  1.764000E+03 -1.050567E+00
  1.764500E+03 -7.238793E-01
  1.765000E+03 -4.078261E-01
  1.765500E+03 -1.074920E-01
  1.766000E+03  1.728613E-01
  1.766500E+03  4.299146E-01
  1.767000E+03  6.613756E-01
  1.767500E+03  8.660232E-01
  1.768000E+03  1.043705E+00
  1.768500E+03  1.195288E+00
  1.769000E+03  1.322554E+00
  1.769500E+03  1.428061E+00
  1.770000E+03  1.514947E+00
  1.770500E+03  1.586715E+00
  1.771000E+03  1.646993E+00
  1.771500E+03  1.699277E+00
  1.772000E+03  1.746693E+00
  1.772500E+03  1.791768E+00
  1.773000E+03  1.836238E+00
  1.773500E+03  1.880901E+00
  1.774000E+03  1.925526E+00
  1.774500E+03  1.968827E+00
  1.775000E+03  2.008500E+00
  1.775500E+03  2.041327E+00
  1.776000E+03  2.063346E+00
  1.776500E+03  2.070067E+00
  1.777000E+03  2.056743E+00
  1.777500E+03  2.018655E+00
  1.778000E+03  1.951422E+00
  1.778500E+03  1.851304E+00
  1.779000E+03  1.715478E+00
  1.779500E+03  1.542285E+00
  1.780000E+03  1.331420E+00
  1.780500E+03  1.084067E+00
  1.781000E+03  8.029539E-01
  1.781500E+03  4.923436E-01
  1.782000E+03  1.579429E-01
  1.782500E+03 -1.932553E-01
  1.783000E+03 -5.531952E-01
  1.783500E+03 -9.130325E-01
  1.784000E+03 -1.263451E+00
  1.784500E+03 -1.595002E+00
  1.785000E+03 -1.898457E+00
  1.785500E+03 -2.165150E+00
  1.786000E+03 -2.387303E+00
  1.786500E+03 -2.558316E+00
  1.787000E+03 -2.673011E+00
  1.787500E+03 -2.727822E+00
  1.788000E+03 -2.720924E+00
  1.788500E+03 -2.652300E+00
  1.789000E+03 -2.523739E+00
  1.789500E+03 -2.338778E+00
  1.790000E+03 -2.102582E+00
  1.790500E+03 -1.821773E+00
  1.791000E+03 -1.504215E+00
  1.791500E+03 -1.158767E+00
  1.792000E+03 -7.950037E-01
  1.792500E+03 -4.229288E-01
  1.793000E+03 -5.267583E-02
  1.793500E+03  3.057869E-01
  1.794000E+03  6.429397E-01
  1.794500E+03  9.499770E-01
  1.795000E+03  1.219047E+00
  1.795500E+03  1.443462E+00
  1.796000E+03  1.617867E+00
  1.796500E+03  1.738378E+00
  1.797000E+03  1.802669E+00
  1.797500E+03  1.810017E+00
  1.798000E+03  1.761305E+00
  1.798500E+03  1.658975E+00
  1.799000E+03  1.506940E+00
  1.799500E+03  1.310456E+00
  1.800000E+03  1.075956E+00
  1.800500E+03  8.108494E-01
  1.801000E+03  5.233016E-01
  1.801500E+03  2.219869E-01
  1.802000E+03 -8.416411E-02
  1.802500E+03 -3.862234E-01
  1.803000E+03 -6.755179E-01
  1.803500E+03 -9.438694E-01
  1.804000E+03 -1.183813E+00
  1.804500E+03 -1.388786E+00
  1.805000E+03 -1.553288E+00
  1.805500E+03 -1.672995E+00
  1.806000E+03 -1.744845E+00
  1.806500E+03 -1.767066E+00
  1.807000E+03 -1.739185E+00
  1.807500E+03 -1.661978E+00
  1.808000E+03 -1.537405E+00
  1.808500E+03 -1.368504E+00
  1.809000E+03 -1.159274E+00
  1.809500E+03 -9.145388E-01
  1.810000E+03 -6.397980E-01
  1.810500E+03 -3.410857E-01
  1.811000E+03 -2.482513E-02
  1.811500E+03  3.023063E-01
  1.812000E+03  6.335027E-01
  1.812500E+03  9.619435E-01
  1.813000E+03  1.280895E+00
  1.813500E+03  1.583804E+00
  1.814000E+03  1.864380E+00
  1.814500E+03  2.116672E+00
  1.815000E+03  2.335147E+00
  1.815500E+03  2.514767E+00
  1.816000E+03  2.651063E+00
  1.816500E+03  2.740219E+00
  1.817000E+03  2.779161E+00
  1.817500E+03  2.765642E+00
  1.818000E+03  2.698327E+00
  1.818500E+03  2.576881E+00
  1.819000E+03  2.402037E+00
  1.819500E+03  2.175655E+00
  1.820000E+03  1.900757E+00
  1.820500E+03  1.581529E+00
  1.821000E+03  1.223298E+00
  1.821500E+03  8.324688E-01
  1.822000E+03  4.164157E-01
  1.822500E+03 -1.665793E-02
  1.823000E+03 -4.579025E-01
  1.823500E+03 -8.980374E-01
  1.824000E+03 -1.327593E+00
  1.824500E+03 -1.737174E+00
  1.825000E+03 -2.117727E+00
  1.825500E+03 -2.460811E+00
  1.826000E+03 -2.758853E+00
  1.826500E+03 -3.005376E+00
  1.827000E+03 -3.195197E+00
  1.827500E+03 -3.324581E+00
  1.828000E+03 -3.391338E+00
  1.828500E+03 -3.394874E+00
  1.829000E+03 -3.336178E+00
  1.829500E+03 -3.217759E+00
  1.830000E+03 -3.043528E+00
  1.830500E+03 -2.818632E+00
  1.831000E+03 -2.549253E+00
  1.831500E+03 -2.242378E+00
  1.832000E+03 -1.905549E+00
  1.832500E+03 -1.546610E+00
  1.833000E+03 -1.173456E+00
  1.833500E+03 -7.937934E-01
  1.834000E+03 -4.149326E-01
  1.834500E+03 -4.360128E-02
  1.835000E+03  3.142005E-01
  1.835500E+03  6.533077E-01
  1.836000E+03  9.694570E-01
  1.836500E+03  1.259314E+00
  1.837000E+03  1.520461E+00
  1.837500E+03  1.751357E+00
  1.838000E+03  1.951261E+00
  1.838500E+03  2.120137E+00
  1.839000E+03  2.258543E+00
  1.839500E+03  2.367507E+00
  1.840000E+03  2.448395E+00
  1.840500E+03  2.502787E+00
  1.841000E+03  2.532352E+00
  1.841500E+03  2.538732E+00
  1.842000E+03  2.523440E+00
  1.842500E+03  2.487779E+00
  1.843000E+03  2.432768E+00
  1.843500E+03  2.359097E+00
  1.844000E+03  2.267104E+00
  1.844500E+03  2.156764E+00
  1.845000E+03  2.027717E+00
  1.845500E+03  1.879309E+00
  1.846000E+03  1.710661E+00
  1.846500E+03  1.520760E+00
  1.847000E+03  1.308575E+00
  1.847500E+03  1.073187E+00
  1.848000E+03  8.139387E-01
  1.848500E+03  5.305918E-01
  1.849000E+03  2.234905E-01
  1.849500E+03 -1.062801E-01
  1.850000E+03 -4.567453E-01
  1.850500E+03 -8.249144E-01
  1.851000E+03 -1.206683E+00
  1.851500E+03 -1.596779E+00
  1.852000E+03 -1.988747E+00
  1.852500E+03 -2.375001E+00
  1.853000E+03 -2.746929E+00
  1.853500E+03 -3.095062E+00
  1.854000E+03 -3.409310E+00
  1.854500E+03 -3.679254E+00
  1.855000E+03 -3.894492E+00
  1.855500E+03 -4.045030E+00
  1.856000E+03 -4.121694E+00
  1.856500E+03 -4.116566E+00
  1.857000E+03 -4.023397E+00
  1.857500E+03 -3.838009E+00
  1.858000E+03 -3.558634E+00
  1.858500E+03 -3.186198E+00
  1.859000E+03 -2.724512E+00
  1.859500E+03 -2.180360E+00
  1.860000E+03 -1.563482E+00
  1.860500E+03 -8.864266E-01
  1.861000E+03 -1.642953E-01
  1.861500E+03  5.856406E-01
  1.862000E+03  1.344424E+00
  1.862500E+03  2.091989E+00
  1.863000E+03  2.807808E+00
  1.863500E+03  3.471587E+00
  1.864000E+03  4.063975E+00
  1.864500E+03  4.567267E+00
  1.865000E+03  4.966063E+00
  1.865500E+03  5.247860E+00
  1.866000E+03  5.403541E+00
  1.866500E+03  5.427757E+00
  1.867000E+03  5.319157E+00
  1.867500E+03  5.080481E+00
  1.868000E+03  4.718489E+00
  1.868500E+03  4.243750E+00
  1.869000E+03  3.670269E+00
  1.869500E+03  3.014997E+00
  1.870000E+03  2.297225E+00
  1.870500E+03  1.537892E+00
  1.871000E+03  7.588395E-01
  1.871500E+03 -1.795942E-02
  1.872000E+03 -7.711675E-01
  1.872500E+03 -1.480810E+00
  1.873000E+03 -2.128935E+00
  1.873500E+03 -2.700183E+00
  1.874000E+03 -3.182239E+00
  1.874500E+03 -3.566156E+00
  1.875000E+03 -3.846542E+00
  1.875500E+03 -4.021596E+00
  1.876000E+03 -4.093012E+00
  1.876500E+03 -4.065743E+00
  1.877000E+03 -3.947654E+00
  1.877500E+03 -3.749071E+00
  1.878000E+03 -3.482255E+00
  1.878500E+03 -3.160828E+00
  1.879000E+03 -2.799170E+00
  1.879500E+03 -2.411820E+00
  1.880000E+03 -2.012907E+00
  1.880500E+03 -1.615622E+00
  1.881000E+03 -1.231775E+00
  1.881500E+03 -8.714208E-01
  1.882000E+03 -5.425984E-01
  1.882500E+03 -2.511632E-01
  1.883000E+03 -7.292975E-04
  1.883500E+03  2.072878E-01
  1.884000E+03  3.735342E-01
  1.884500E+03  5.004990E-01
  1.885000E+03  5.922287E-01
  1.885500E+03  6.539912E-01
  1.886000E+03  6.919098E-01
  1.886500E+03  7.125843E-01
  1.887000E+03  7.227189E-01
  1.887500E+03  7.287733E-01
  1.888000E+03  7.366524E-01
  1.888500E+03  7.514457E-01
  1.889000E+03  7.772262E-01
  1.889500E+03  8.169131E-01
  1.890000E+03  8.721996E-01
  1.890500E+03  9.435457E-01
  1.891000E+03  1.030228E+00
  1.891500E+03  1.130444E+00
  1.892000E+03  1.241450E+00
  1.892500E+03  1.359743E+00
  1.893000E+03  1.481246E+00
  1.893500E+03  1.601512E+00
  1.894000E+03  1.715921E+00
  1.894500E+03  1.819865E+00
  1.895000E+03  1.908911E+00
  1.895500E+03  1.978947E+00
  1.896000E+03  2.026291E+00
  1.896500E+03  2.047780E+00
  1.897000E+03  2.040829E+00
  1.897500E+03  2.003468E+00
  1.898000E+03  1.934362E+00
  1.898500E+03  1.832816E+00
  1.899000E+03  1.698771E+00
  1.899500E+03  1.532803E+00
  1.900000E+03  1.336110E+00
  1.900500E+03  1.110516E+00
  1.901000E+03  8.584642E-01
  1.901500E+03  5.830207E-01
  1.902000E+03  2.878715E-01
  1.902500E+03 -2.268638E-02
  1.903000E+03 -3.437647E-01
  1.903500E+03 -6.699239E-01
  1.904000E+03 -9.952356E-01
  1.904500E+03 -1.313375E+00
  1.905000E+03 -1.617745E+00
  1.905500E+03 -1.901633E+00
  1.906000E+03 -2.158402E+00
  1.906500E+03 -2.381703E+00
  1.907000E+03 -2.565716E+00
  1.907500E+03 -2.705388E+00
  1.908000E+03 -2.796681E+00
  1.908500E+03 -2.836794E+00
  1.909000E+03 -2.824353E+00
  1.909500E+03 -2.759558E+00
  1.910000E+03 -2.644270E+00
  1.910500E+03 -2.482021E+00
  1.911000E+03 -2.277953E+00
  1.911500E+03 -2.038670E+00
  1.912000E+03 -1.772013E+00
  1.912500E+03 -1.486760E+00
  1.913000E+03 -1.192267E+00
  1.913500E+03 -8.980606E-01
  1.914000E+03 -6.134030E-01
  1.914500E+03 -3.468618E-01
  1.915000E+03 -1.058942E-01
  1.915500E+03  1.035199E-01
  1.916000E+03  2.771768E-01
  1.916500E+03  4.128604E-01
  1.917000E+03  5.104499E-01
  1.917500E+03  5.719155E-01
  1.918000E+03  6.011977E-01
  1.918500E+03  6.039757E-01
  1.919000E+03  5.873330E-01
  1.919500E+03  5.593397E-01
  1.920000E+03  5.285722E-01
  1.920500E+03  5.035973E-01
  1.921000E+03  4.924508E-01
  1.921500E+03  5.021395E-01
  1.922000E+03  5.381973E-01
  1.922500E+03  6.043208E-01
  1.923000E+03  7.021077E-01
  1.923500E+03  8.309124E-01
  1.924000E+03  9.878308E-01
  1.924500E+03  1.167813E+00
  1.925000E+03  1.363903E+00
  1.925500E+03  1.567583E+00
  1.926000E+03  1.769217E+00
  1.926500E+03  1.958557E+00
  1.927000E+03  2.125283E+00
  1.927500E+03  2.259560E+00
  1.928000E+03  2.352560E+00
  1.928500E+03  2.396944E+00
  1.929000E+03  2.387256E+00
  1.929500E+03  2.320224E+00
  1.930000E+03  2.194942E+00
  1.930500E+03  2.012942E+00
  1.931000E+03  1.778129E+00
  1.931500E+03  1.496607E+00
  1.932000E+03  1.176404E+00
  1.932500E+03  8.270963E-01
  1.933000E+03  4.593825E-01
  1.933500E+03  8.460127E-02
  1.934000E+03 -2.857594E-01
  1.934500E+03 -6.405490E-01
  1.935000E+03 -9.694093E-01
  1.935500E+03 -1.263178E+00
  1.936000E+03 -1.514227E+00
  1.936500E+03 -1.716713E+00
  1.937000E+03 -1.866754E+00
  1.937500E+03 -1.962502E+00
  1.938000E+03 -2.004136E+00
  1.938500E+03 -1.993772E+00
  1.939000E+03 -1.935292E+00
  1.939500E+03 -1.834120E+00
  1.940000E+03 -1.696942E+00
  1.940500E+03 -1.531395E+00
  1.941000E+03 -1.345730E+00
  1.941500E+03 -1.148468E+00
  1.942000E+03 -9.480646E-01
  1.942500E+03 -7.525844E-01
  1.943000E+03 -5.694069E-01
  1.943500E+03 -4.049634E-01
  1.944000E+03 -2.645186E-01
  1.944500E+03 -1.519991E-01
  1.945000E+03 -6.987508E-02
  1.945500E+03 -1.909864E-02
  1.946000E+03  8.996493E-04
  1.946500E+03 -7.845366E-03
  1.947000E+03 -4.194813E-02
  1.947500E+03 -9.684308E-02
  1.948000E+03 -1.670069E-01
  1.948500E+03 -2.462258E-01
  1.949000E+03 -3.278983E-01
  1.949500E+03 -4.053629E-01
  1.950000E+03 -4.722370E-01
  1.950500E+03 -5.227519E-01
  1.951000E+03 -5.520672E-01
  1.951500E+03 -5.565490E-01
  1.952000E+03 -5.339942E-01
  1.952500E+03 -4.837867E-01
  1.953000E+03 -4.069733E-01
  1.953500E+03 -3.062504E-01
  1.954000E+03 -1.858569E-01
  1.954500E+03 -5.137430E-02
  1.955000E+03  9.055882E-02
  1.955500E+03  2.326073E-01
  1.956000E+03  3.671560E-01
  1.956500E+03  4.867621E-01
  1.957000E+03  5.846154E-01
  1.957500E+03  6.549813E-01
  1.958000E+03  6.935966E-01
  1.958500E+03  6.979932E-01
  1.959000E+03  6.677241E-01
  1.959500E+03  6.044755E-01
  1.960000E+03  5.120511E-01
  1.960500E+03  3.962260E-01
  1.961000E+03  2.644726E-01
  1.961500E+03  1.255703E-01
  1.962000E+03 -1.087851E-02
  1.962500E+03 -1.350025E-01
  1.963000E+03 -2.372508E-01
  1.963500E+03 -3.089825E-01
  1.964000E+03 -3.430207E-01
  1.964500E+03 -3.341336E-01
  1.965000E+03 -2.794115E-01
  1.965500E+03 -1.785137E-01
  1.966000E+03 -3.376631E-02
  1.966500E+03  1.498977E-01
  1.967000E+03  3.651570E-01
  1.967500E+03  6.026662E-01
  1.968000E+03  8.515481E-01
  1.968500E+03  1.099983E+00
  1.969000E+03  1.335865E+00
  1.969500E+03  1.547472E+00
  1.970000E+03  1.724134E+00
  1.970500E+03  1.856829E+00
  1.971000E+03  1.938690E+00
  1.971500E+03  1.965387E+00
  1.972000E+03  1.935359E+00
  1.972500E+03  1.849881E+00
  1.973000E+03  1.712969E+00
  1.973500E+03  1.531118E+00
  1.974000E+03  1.312914E+00
  1.974500E+03  1.068505E+00
  1.975000E+03  8.090125E-01
  1.975500E+03  5.458781E-01
  1.976000E+03  2.902111E-01
  1.976500E+03  5.216563E-02
  1.977000E+03 -1.596138E-01
  1.977500E+03 -3.384473E-01
  1.978000E+03 -4.799506E-01
  1.978500E+03 -5.822243E-01
  1.979000E+03 -6.458972E-01
  1.979500E+03 -6.740212E-01
  1.980000E+03 -6.718327E-01
  1.980500E+03 -6.463947E-01
  1.981000E+03 -6.061464E-01
  1.981500E+03 -5.603888E-01
  1.982000E+03 -5.187354E-01
  1.982500E+03 -4.905622E-01
  1.983000E+03 -4.844854E-01
  1.983500E+03 -5.078925E-01
  1.984000E+03 -5.665513E-01
  1.984500E+03 -6.643104E-01
  1.985000E+03 -8.029026E-01
  1.985500E+03 -9.818550E-01
  1.986000E+03 -1.198503E+00
  1.986500E+03 -1.448103E+00
  1.987000E+03 -1.724027E+00
  1.987500E+03 -2.018031E+00
  1.988000E+03 -2.320580E+00
  1.988500E+03 -2.621205E+00
  1.989000E+03 -2.908885E+00
  1.989500E+03 -3.172430E+00
  1.990000E+03 -3.400862E+00
  1.990500E+03 -3.583771E+00
  1.991000E+03 -3.711644E+00
  1.991500E+03 -3.776158E+00
  1.992000E+03 -3.770436E+00
  1.992500E+03 -3.689254E+00
  1.993000E+03 -3.529215E+00
  1.993500E+03 -3.288857E+00
  1.994000E+03 -2.968738E+00
  1.994500E+03 -2.571451E+00
  1.995000E+03 -2.101607E+00
  1.995500E+03 -1.565759E+00
  1.996000E+03 -9.722826E-01
  1.996500E+03 -3.312057E-01
  1.997000E+03  3.460089E-01
  1.997500E+03  1.046724E+00
  1.998000E+03  1.757427E+00
  1.998500E+03  2.464062E+00
  1.999000E+03  3.152388E+00
  1.999500E+03  3.808343E+00
  2.000000E+03  4.418415E+00
  2.000500E+03  4.970001E+00
  2.001000E+03  5.451735E+00
  2.001500E+03  5.853782E+00
  2.002000E+03  6.168082E+00
  2.002500E+03  6.388527E+00
  2.003000E+03  6.511083E+00
  2.003500E+03  6.533833E+00
  2.004000E+03  6.456958E+00
  2.004500E+03  6.282641E+00
  2.005000E+03  6.014929E+00
  2.005500E+03  5.659538E+00
  2.006000E+03  5.223619E+00
  2.006500E+03  4.715515E+00
  2.007000E+03  4.144502E+00
  2.007500E+03  3.520532E+00
  2.008000E+03  2.854009E+00
  2.008500E+03  2.155570E+00
  2.009000E+03  1.435914E+00
  2.009500E+03  7.056524E-01
  2.010000E+03 -2.480460E-02
  2.010500E+03 -7.453351E-01
  2.011000E+03 -1.446176E+00
  2.011500E+03 -2.117985E+00
  2.012000E+03 -2.751898E+00
  2.012500E+03 -3.339597E+00
  2.013000E+03 -3.873402E+00
  2.013500E+03 -4.346368E+00
  2.014000E+03 -4.752423E+00
  2.014500E+03 -5.086510E+00
  2.015000E+03 -5.344752E+00
  2.015500E+03 -5.524620E+00
  2.016000E+03 -5.625084E+00
  2.016500E+03 -5.646752E+00
  2.017000E+03 -5.591955E+00
  2.017500E+03 -5.464788E+00
  2.018000E+03 -5.271078E+00
  2.018500E+03 -5.018272E+00
  2.019000E+03 -4.715246E+00
  2.019500E+03 -4.372030E+00
  2.020000E+03 -3.999457E+00
  2.020500E+03 -3.608746E+00
  2.021000E+03 -3.211045E+00
  2.021500E+03 -2.816946E+00
  2.022000E+03 -2.436004E+00
  2.022500E+03 -2.076288E+00
  2.023000E+03 -1.743994E+00
  2.023500E+03 -1.443130E+00
  2.024000E+03 -1.175325E+00
  2.024500E+03 -9.397456E-01
  2.025000E+03 -7.331528E-01
  2.025500E+03 -5.500938E-01
  2.026000E+03 -3.832193E-01
  2.026500E+03 -2.237188E-01
  2.027000E+03 -6.184886E-02
  2.027500E+03  1.124718E-01
  2.028000E+03  3.090310E-01
  2.028500E+03  5.366916E-01
  2.029000E+03  8.027932E-01
  2.029500E+03  1.112621E+00
  2.030000E+03  1.468972E+00
  2.030500E+03  1.871843E+00
  2.031000E+03  2.318254E+00
  2.031500E+03  2.802227E+00
  2.032000E+03  3.314913E+00
  2.032500E+03  3.844862E+00
  2.033000E+03  4.378425E+00
  2.033500E+03  4.900270E+00
  2.034000E+03  5.393980E+00
  2.034500E+03  5.842703E+00
  2.035000E+03  6.229832E+00
  2.035500E+03  6.539671E+00
  2.036000E+03  6.758067E+00
  2.036500E+03  6.872976E+00
  2.037000E+03  6.874937E+00
  2.037500E+03  6.757443E+00
  2.038000E+03  6.517200E+00
  2.038500E+03  6.154253E+00
  2.039000E+03  5.671995E+00
  2.039500E+03  5.077061E+00
  2.040000E+03  4.379107E+00
  2.040500E+03  3.590501E+00
  2.041000E+03  2.725936E+00
  2.041500E+03  1.801984E+00
  2.042000E+03  8.366066E-01
  2.042500E+03 -1.513549E-01
  2.043000E+03 -1.142689E+00
  2.043500E+03 -2.118316E+00
  2.044000E+03 -3.059763E+00
  2.044500E+03 -3.949599E+00
  2.045000E+03 -4.771819E+00
  2.045500E+03 -5.512177E+00
  2.046000E+03 -6.158452E+00
  2.046500E+03 -6.700652E+00
  2.047000E+03 -7.131147E+00
  2.047500E+03 -7.444744E+00
  2.048000E+03 -7.638684E+00
  2.048500E+03 -7.712593E+00
  2.049000E+03 -7.668362E+00
  2.049500E+03 -7.509987E+00
  2.050000E+03 -7.243364E+00
  2.050500E+03 -6.876047E+00
  2.051000E+03 -6.416983E+00
  2.051500E+03 -5.876237E+00
  2.052000E+03 -5.264705E+00
  2.052500E+03 -4.593839E+00
  2.053000E+03 -3.875386E+00
  2.053500E+03 -3.121148E+00
  2.054000E+03 -2.342778E+00
  2.054500E+03 -1.551610E+00
  2.055000E+03 -7.585256E-01
  2.055500E+03  2.613899E-02
  2.056000E+03  7.926492E-01
  2.056500E+03  1.531897E+00
  2.057000E+03  2.235399E+00
  2.057500E+03  2.895282E+00
  2.058000E+03  3.504256E+00
  2.058500E+03  4.055590E+00
  2.059000E+03  4.543101E+00
  2.059500E+03  4.961157E+00
  2.060000E+03  5.304708E+00
  2.060500E+03  5.569339E+00
  2.061000E+03  5.751356E+00
  2.061500E+03  5.847894E+00
  2.062000E+03  5.857037E+00
  2.062500E+03  5.777963E+00
  2.063000E+03  5.611077E+00
  2.063500E+03  5.358136E+00
  2.064000E+03  5.022356E+00
  2.064500E+03  4.608480E+00
  2.065000E+03  4.122802E+00
  2.065500E+03  3.573143E+00
  2.066000E+03  2.968766E+00
  2.066500E+03  2.320238E+00
  2.067000E+03  1.639233E+00
  2.067500E+03  9.382870E-01
  2.068000E+03  2.305173E-01
  2.068500E+03 -4.706948E-01
  2.069000E+03 -1.152030E+00
  2.069500E+03 -1.800558E+00
  2.070000E+03 -2.404055E+00
  2.070500E+03 -2.951289E+00
  2.071000E+03 -3.432271E+00
  2.071500E+03 -3.838456E+00
  2.072000E+03 -4.162898E+00
  2.072500E+03 -4.400344E+00
  2.073000E+03 -4.547286E+00
  2.073500E+03 -4.601959E+00
  2.074000E+03 -4.564298E+00
  2.074500E+03 -4.435871E+00
  2.075000E+03 -4.219787E+00
  2.075500E+03 -3.920589E+00
  2.076000E+03 -3.544146E+00
  2.076500E+03 -3.097552E+00
  2.077000E+03 -2.589018E+00
  2.077500E+03 -2.027790E+00
  2.078000E+03 -1.424055E+00
  2.078500E+03 -7.888603E-01
  2.079000E+03 -1.340207E-01
  2.079500E+03  5.279859E-01
  2.080000E+03  1.184145E+00
  2.080500E+03  1.821062E+00
  2.081000E+03  2.425159E+00
  2.081500E+03  2.982905E+00
  2.082000E+03  3.481097E+00
  2.082500E+03  3.907172E+00
  2.083000E+03  4.249553E+00
  2.083500E+03  4.498018E+00
  2.084000E+03  4.644071E+00
  2.084500E+03  4.681306E+00
  2.085000E+03  4.605733E+00
  2.085500E+03  4.416066E+00
  2.086000E+03  4.113929E+00
  2.086500E+03  3.703985E+00
  2.087000E+03  3.193966E+00
  2.087500E+03  2.594584E+00
  2.088000E+03  1.919344E+00
  2.088500E+03  1.184233E+00
  2.089000E+03  4.073091E-01
  2.089500E+03 -3.917955E-01
  2.090000E+03 -1.192456E+00
  2.090500E+03 -1.973679E+00
  2.091000E+03 -2.714762E+00
  2.091500E+03 -3.395944E+00
  2.092000E+03 -3.999042E+00
  2.092500E+03 -4.508027E+00
  2.093000E+03 -4.909531E+00
  2.093500E+03 -5.193258E+00
  2.094000E+03 -5.352291E+00
  2.094500E+03 -5.383270E+00
  2.095000E+03 -5.286462E+00
  2.095500E+03 -5.065693E+00
  2.096000E+03 -4.728173E+00
  2.096500E+03 -4.284212E+00
  2.097000E+03 -3.746838E+00
  2.097500E+03 -3.131350E+00
  2.098000E+03 -2.454801E+00
  2.098500E+03 -1.735454E+00
  2.099000E+03 -9.922135E-01
  2.099500E+03 -2.440648E-01
  2.100000E+03  4.904729E-01
  2.100500E+03  1.193853E+00
  2.101000E+03  1.849961E+00
  2.101500E+03  2.444511E+00
  2.102000E+03  2.965374E+00
  2.102500E+03  3.402832E+00
  2.103000E+03  3.749749E+00
  2.103500E+03  4.001660E+00
  2.104000E+03  4.156789E+00
  2.104500E+03  4.215975E+00
  2.105000E+03  4.182537E+00
  2.105500E+03  4.062066E+00
  2.106000E+03  3.862163E+00
  2.106500E+03  3.592121E+00
  2.107000E+03  3.262573E+00
  2.107500E+03  2.885112E+00
  2.108000E+03  2.471895E+00
  2.108500E+03  2.035246E+00
  2.109000E+03  1.587274E+00
  2.109500E+03  1.139505E+00
  2.110000E+03  7.025642E-01
  2.110500E+03  2.858976E-01
  2.111000E+03 -1.024502E-01
  2.111500E+03 -4.559910E-01
  2.112000E+03 -7.698826E-01
  2.112500E+03 -1.040949E+00
  2.113000E+03 -1.267636E+00
  2.113500E+03 -1.449897E+00
  2.114000E+03 -1.589036E+00
  2.114500E+03 -1.687497E+00
  2.115000E+03 -1.748621E+00
  2.115500E+03 -1.776395E+00
  2.116000E+03 -1.775181E+00
  2.116500E+03 -1.749466E+00
  2.117000E+03 -1.703625E+00
  2.117500E+03 -1.641725E+00
  2.118000E+03 -1.567359E+00
  2.118500E+03 -1.483536E+00
  2.119000E+03 -1.392614E+00
  2.119500E+03 -1.296289E+00
  2.120000E+03 -1.195620E+00
  2.120500E+03 -1.091100E+00
  2.121000E+03 -9.827613E-01
  2.121500E+03 -8.702947E-01
  2.122000E+03 -7.531891E-01
  2.122500E+03 -6.308706E-01
  2.123000E+03 -5.028349E-01
  2.123500E+03 -3.687659E-01
  2.124000E+03 -2.286333E-01
  2.124500E+03 -8.276553E-02
  2.125000E+03  6.810437E-02
  2.125500E+03  2.228192E-01
  2.126000E+03  3.798035E-01
  2.126500E+03  5.370901E-01
  2.127000E+03  6.923652E-01
  2.127500E+03  8.430250E-01
  2.128000E+03  9.862409E-01
  2.128500E+03  1.119029E+00
  2.129000E+03  1.238318E+00
  2.129500E+03  1.341022E+00
  2.130000E+03  1.424104E+00
  2.130500E+03  1.484640E+00
  2.131000E+03  1.519889E+00
  2.131500E+03  1.527354E+00
  2.132000E+03  1.504855E+00
  2.132500E+03  1.450604E+00
  2.133000E+03  1.363285E+00
  2.133500E+03  1.242144E+00
  2.134000E+03  1.087076E+00
  2.134500E+03  8.987213E-01
  2.135000E+03  6.785534E-01
  2.135500E+03  4.289548E-01
  2.136000E+03  1.532799E-01
  2.136500E+03 -1.441106E-01
  2.137000E+03 -4.578466E-01
  2.137500E+03 -7.815855E-01
  2.138000E+03 -1.108095E+00
  2.138500E+03 -1.429382E+00
  2.139000E+03 -1.736876E+00
  2.139500E+03 -2.021650E+00
  2.140000E+03 -2.274694E+00
  2.140500E+03 -2.487213E+00
  2.141000E+03 -2.650949E+00
  2.141500E+03 -2.758515E+00
  2.142000E+03 -2.803720E+00
  2.142500E+03 -2.781867E+00
  2.143000E+03 -2.690018E+00
  2.143500E+03 -2.527205E+00
  2.144000E+03 -2.294572E+00
  2.144500E+03 -1.995445E+00
  2.145000E+03 -1.635312E+00
  2.145500E+03 -1.221726E+00
  2.146000E+03 -7.641196E-01
  2.146500E+03 -2.735379E-01
  2.147000E+03  2.376912E-01
  2.147500E+03  7.563480E-01
  2.148000E+03  1.268750E+00
  2.148500E+03  1.761206E+00
  2.149000E+03  2.220471E+00
  2.149500E+03  2.634191E+00
  2.150000E+03  2.991307E+00
  2.150500E+03  3.282422E+00
  2.151000E+03  3.500089E+00
  2.151500E+03  3.639038E+00
  2.152000E+03  3.696313E+00
  2.152500E+03  3.671324E+00
  2.153000E+03  3.565816E+00
  2.153500E+03  3.383754E+00
  2.154000E+03  3.131128E+00
  2.154500E+03  2.815700E+00
  2.155000E+03  2.446690E+00
  2.155500E+03  2.034430E+00
  2.156000E+03  1.589987E+00
  2.156500E+03  1.124780E+00
  2.157000E+03  6.502037E-01
  2.157500E+03  1.772708E-01
  2.158000E+03 -2.837075E-01
  2.158500E+03 -7.234007E-01
  2.159000E+03 -1.133682E+00
  2.159500E+03 -1.507793E+00
  2.160000E+03 -1.840442E+00
  2.160500E+03 -2.127841E+00
  2.161000E+03 -2.367682E+00
  2.161500E+03 -2.559051E+00
  2.162000E+03 -2.702296E+00
  2.162500E+03 -2.798853E+00
  2.163000E+03 -2.851043E+00
  2.163500E+03 -2.861846E+00
  2.164000E+03 -2.834677E+00
  2.164500E+03 -2.773156E+00
  2.165000E+03 -2.680912E+00
  2.165500E+03 -2.561396E+00
  2.166000E+03 -2.417749E+00
  2.166500E+03 -2.252697E+00
  2.167000E+03 -2.068502E+00
  2.167500E+03 -1.866956E+00
  2.168000E+03 -1.649422E+00
  2.168500E+03 -1.416913E+00
  2.169000E+03 -1.170208E+00
  2.169500E+03 -9.099892E-01
  2.170000E+03 -6.369915E-01
  2.170500E+03 -3.521579E-01
  2.171000E+03 -5.678188E-02
  2.171500E+03  2.473689E-01
  2.172000E+03  5.579600E-01
  2.172500E+03  8.720340E-01
  2.173000E+03  1.185998E+00
  2.173500E+03  1.495653E+00
  2.174000E+03  1.796273E+00
  2.174500E+03  2.082716E+00
  2.175000E+03  2.349571E+00
  2.175500E+03  2.591337E+00
  2.176000E+03  2.802606E+00
  2.176500E+03  2.978253E+00
  2.177000E+03  3.113624E+00
  2.177500E+03  3.204697E+00
  2.178000E+03  3.248226E+00
  2.178500E+03  3.241840E+00
  2.179000E+03  3.184117E+00
  2.179500E+03  3.074611E+00
  2.180000E+03  2.913843E+00
  2.180500E+03  2.703261E+00
  2.181000E+03  2.445172E+00
  2.181500E+03  2.142652E+00
  2.182000E+03  1.799451E+00
  2.182500E+03  1.419891E+00
  2.183000E+03  1.008773E+00
  2.183500E+03  5.712960E-01
  2.184000E+03  1.129933E-01
  2.184500E+03 -3.603132E-01
  2.185000E+03 -8.425386E-01
  2.185500E+03 -1.327347E+00
  2.186000E+03 -1.808155E+00
  2.186500E+03 -2.278128E+00
  2.187000E+03 -2.730194E+00
  2.187500E+03 -3.157057E+00
  2.188000E+03 -3.551252E+00
  2.188500E+03 -3.905214E+00
  2.189000E+03 -4.211394E+00
  2.189500E+03 -4.462402E+00
  2.190000E+03 -4.651190E+00
  2.190500E+03 -4.771267E+00
  2.191000E+03 -4.816926E+00
  2.191500E+03 -4.783495E+00
  2.192000E+03 -4.667571E+00
  2.192500E+03 -4.467253E+00
  2.193000E+03 -4.182330E+00
  2.193500E+03 -3.814435E+00
  2.194000E+03 -3.367135E+00
  2.194500E+03 -2.845964E+00
  2.195000E+03 -2.258374E+00
  2.195500E+03 -1.613623E+00
  2.196000E+03 -9.225879E-01
  2.196500E+03 -1.975145E-01
  2.197000E+03  5.482879E-01
  2.197500E+03  1.300790E+00
  2.198000E+03  2.045615E+00
  2.198500E+03  2.768416E+00
  2.199000E+03  3.455254E+00
  2.199500E+03  4.092943E+00
  2.200000E+03  4.669373E+00
  2.200500E+03  5.173774E+00
  2.201000E+03  5.596934E+00
  2.201500E+03  5.931357E+00
  2.202000E+03  6.171362E+00
  2.202500E+03  6.313128E+00
  2.203000E+03  6.354687E+00
  2.203500E+03  6.295875E+00
  2.204000E+03  6.138249E+00
  2.204500E+03  5.884978E+00
  2.205000E+03  5.540718E+00
  2.205500E+03  5.111472E+00
  2.206000E+03  4.604457E+00
  2.206500E+03  4.027958E+00
  2.207000E+03  3.391193E+00
  2.207500E+03  2.704173E+00
  2.208000E+03  1.977563E+00
  2.208500E+03  1.222538E+00
  2.209000E+03  4.506334E-01
  2.209500E+03 -3.264143E-01
  2.210000E+03 -1.096842E+00
  2.210500E+03 -1.849043E+00
  2.211000E+03 -2.571763E+00
  2.211500E+03 -3.254304E+00
  2.212000E+03 -3.886723E+00
  2.212500E+03 -4.460035E+00
  2.213000E+03 -4.966390E+00
  2.213500E+03 -5.399234E+00
  2.214000E+03 -5.753433E+00
  2.214500E+03 -6.025351E+00
  2.215000E+03 -6.212892E+00
  2.215500E+03 -6.315478E+00
  2.216000E+03 -6.333982E+00
  2.216500E+03 -6.270618E+00
  2.217000E+03 -6.128774E+00
  2.217500E+03 -5.912829E+00
  2.218000E+03 -5.627936E+00
  2.218500E+03 -5.279808E+00
  2.219000E+03 -4.874501E+00
  2.219500E+03 -4.418227E+00
  2.220000E+03 -3.917195E+00
  2.220500E+03 -3.377492E+00
  2.221000E+03 -2.805016E+00
  2.221500E+03 -2.205458E+00
  2.222000E+03 -1.584336E+00
  2.222500E+03 -9.470617E-01
  2.223000E+03 -2.990498E-01
  2.223500E+03  3.541616E-01
  2.224000E+03  1.006784E+00
  2.224500E+03  1.652664E+00
  2.225000E+03  2.285201E+00
  2.225500E+03  2.897300E+00
  2.226000E+03  3.481383E+00
  2.226500E+03  4.029462E+00
  2.227000E+03  4.533265E+00
  2.227500E+03  4.984433E+00
  2.228000E+03  5.374759E+00
  2.228500E+03  5.696471E+00
  2.229000E+03  5.942544E+00
  2.229500E+03  6.107002E+00
  2.230000E+03  6.185223E+00
  2.230500E+03  6.174197E+00
  2.231000E+03  6.072739E+00
  2.231500E+03  5.881630E+00
  2.232000E+03  5.603680E+00
  2.232500E+03  5.243712E+00
  2.233000E+03  4.808452E+00
  2.233500E+03  4.306341E+00
  2.234000E+03  3.747281E+00
  2.234500E+03  3.142317E+00
  2.235000E+03  2.503280E+00
  2.235500E+03  1.842414E+00
  2.236000E+03  1.171998E+00
  2.236500E+03  5.039912E-01
  2.237000E+03 -1.502899E-01
  2.237500E+03 -7.804402E-01
  2.238000E+03 -1.377176E+00
  2.238500E+03 -1.932479E+00
  2.239000E+03 -2.439674E+00
  2.239500E+03 -2.893447E+00
  2.240000E+03 -3.289803E+00
  2.240500E+03 -3.625991E+00
  2.241000E+03 -3.900389E+00
  2.241500E+03 -4.112379E+00
  2.242000E+03 -4.262220E+00
  2.242500E+03 -4.350928E+00
  2.243000E+03 -4.380177E+00
  2.243500E+03 -4.352220E+00
  2.244000E+03 -4.269843E+00
  2.244500E+03 -4.136336E+00
  2.245000E+03 -3.955492E+00
  2.245500E+03 -3.731612E+00
  2.246000E+03 -3.469512E+00
  2.246500E+03 -3.174522E+00
  2.247000E+03 -2.852470E+00
  2.247500E+03 -2.509626E+00
  2.248000E+03 -2.152622E+00
  2.248500E+03 -1.788328E+00
  2.249000E+03 -1.423690E+00
  2.249500E+03 -1.065534E+00
  2.250000E+03 -7.203474E-01
  2.250500E+03 -3.940411E-01
  2.251000E+03 -9.171936E-02
  2.251500E+03  1.825389E-01
  2.252000E+03  4.258634E-01
  2.252500E+03  6.367278E-01
  2.253000E+03  8.150233E-01
  2.253500E+03  9.620605E-01
  2.254000E+03  1.080495E+00
  2.254500E+03  1.174173E+00
  2.255000E+03  1.247909E+00
  2.255500E+03  1.307194E+00
  2.256000E+03  1.357859E+00
  2.256500E+03  1.405706E+00
  2.257000E+03  1.456133E+00
  2.257500E+03  1.513761E+00
  2.258000E+03  1.582114E+00
  2.258500E+03  1.663338E+00
  2.259000E+03  1.758001E+00
  2.259500E+03  1.864985E+00
  2.260000E+03  1.981470E+00
  2.260500E+03  2.103021E+00
  2.261000E+03  2.223769E+00
  2.261500E+03  2.336693E+00
  2.262000E+03  2.433965E+00
  2.262500E+03  2.507360E+00
  2.263000E+03  2.548706E+00
  2.263500E+03  2.550340E+00
  2.264000E+03  2.505553E+00
  2.264500E+03  2.409006E+00
  2.265000E+03  2.257078E+00
  2.265500E+03  2.048145E+00
  2.266000E+03  1.782762E+00
  2.266500E+03  1.463750E+00
  2.267000E+03  1.096170E+00
  2.267500E+03  6.871971E-01
  2.268000E+03  2.458954E-01
  2.268500E+03 -2.170941E-01
  2.269000E+03 -6.899374E-01
  2.269500E+03 -1.160044E+00
  2.270000E+03 -1.614536E+00
  2.270500E+03 -2.040727E+00
  2.271000E+03 -2.426591E+00
  2.271500E+03 -2.761201E+00
  2.272000E+03 -3.035115E+00
  2.272500E+03 -3.240700E+00
  2.273000E+03 -3.372377E+00
  2.273500E+03 -3.426789E+00
  2.274000E+03 -3.402869E+00
  2.274500E+03 -3.301832E+00
  2.275000E+03 -3.127075E+00
  2.275500E+03 -2.884014E+00
  2.276000E+03 -2.579837E+00
  2.276500E+03 -2.223226E+00
  2.277000E+03 -1.824023E+00
  2.277500E+03 -1.392886E+00
  2.278000E+03 -9.409264E-01
  2.278500E+03 -4.793597E-01
  2.279000E+03 -1.917116E-02
  2.279500E+03  4.291886E-01
  2.280000E+03  8.560686E-01
  2.280500E+03  1.252837E+00
  2.281000E+03  1.612055E+00
  2.281500E+03  1.927590E+00
  2.282000E+03  2.194693E+00
  2.282500E+03  2.410016E+00
  2.283000E+03  2.571589E+00
  2.283500E+03  2.678762E+00
  2.284000E+03  2.732115E+00
  2.284500E+03  2.733337E+00
  2.285000E+03  2.685092E+00
  2.285500E+03  2.590875E+00
  2.286000E+03  2.454855E+00
  2.286500E+03  2.281722E+00
  2.287000E+03  2.076535E+00
  2.287500E+03  1.844575E+00
  2.288000E+03  1.591208E+00
  2.288500E+03  1.321758E+00
  2.289000E+03  1.041384E+00
  2.289500E+03  7.549790E-01
  2.290000E+03  4.670726E-01
  2.290500E+03  1.817499E-01
  2.291000E+03 -9.741508E-02
  2.291500E+03 -3.674117E-01
  2.292000E+03 -6.258258E-01
  2.292500E+03 -8.708541E-01
  2.293000E+03 -1.101296E+00
  2.293500E+03 -1.316519E+00
  2.294000E+03 -1.516405E+00
  2.294500E+03 -1.701261E+00
  2.295000E+03 -1.871713E+00
  2.295500E+03 -2.028571E+00
  2.296000E+03 -2.172677E+00
  2.296500E+03 -2.304743E+00
  2.297000E+03 -2.425181E+00
  2.297500E+03 -2.533935E+00
  2.298000E+03 -2.630338E+00
  2.298500E+03 -2.712986E+00
  2.299000E+03 -2.779656E+00
  2.299500E+03 -2.827271E+00
  2.300000E+03 -2.851927E+00
  2.300500E+03 -2.848977E+00
  2.301000E+03 -2.813189E+00
  2.301500E+03 -2.738965E+00
  2.302000E+03 -2.620630E+00
  2.302500E+03 -2.452760E+00
  2.303000E+03 -2.230558E+00
  2.303500E+03 -1.950246E+00
  2.304000E+03 -1.609453E+00
  2.304500E+03 -1.207583E+00
  2.305000E+03 -7.461356E-01
  2.305500E+03 -2.289499E-01
  2.306000E+03  3.376386E-01
  2.306500E+03  9.447516E-01
  2.307000E+03  1.581044E+00
  2.307500E+03  2.232908E+00
  2.308000E+03  2.884802E+00
  2.308500E+03  3.519706E+00
  2.309000E+03  4.119674E+00
  2.309500E+03  4.666473E+00
  2.310000E+03  5.142282E+00
  2.310500E+03  5.530408E+00
  2.311000E+03  5.815998E+00
  2.311500E+03  5.986702E+00
  2.312000E+03  6.033256E+00
  2.312500E+03  5.949961E+00
  2.313000E+03  5.735011E+00
  2.313500E+03  5.390681E+00
  2.314000E+03  4.923334E+00
  2.314500E+03  4.343264E+00
  2.315000E+03  3.664372E+00
  2.315500E+03  2.903686E+00
  2.316000E+03  2.080758E+00
  2.316500E+03  1.216958E+00
  2.317000E+03  3.347034E-01
  2.317500E+03 -5.433508E-01
  2.318000E+03 -1.395103E+00
  2.318500E+03 -2.199763E+00
  2.319000E+03 -2.938524E+00
  2.319500E+03 -3.595142E+00
  2.320000E+03 -4.156379E+00
  2.320500E+03 -4.612314E+00
  2.321000E+03 -4.956499E+00
  2.321500E+03 -5.185981E+00
  2.322000E+03 -5.301177E+00
  2.322500E+03 -5.305631E+00
  2.323000E+03 -5.205678E+00
  2.323500E+03 -5.010021E+00
  2.324000E+03 -4.729263E+00
  2.324500E+03 -4.375416E+00
  2.325000E+03 -3.961410E+00
  2.325500E+03 -3.500623E+00
  2.326000E+03 -3.006456E+00
  2.326500E+03 -2.491964E+00
  2.327000E+03 -1.969544E+00
  2.327500E+03 -1.450701E+00
  2.328000E+03 -9.458670E-01
  2.328500E+03 -4.642932E-01
  2.329000E+03 -1.398449E-02
  2.329500E+03  3.983194E-01
  2.330000E+03  7.671341E-01
  2.330500E+03  1.088201E+00
  2.331000E+03  1.358448E+00
  2.331500E+03  1.575950E+00
  2.332000E+03  1.739887E+00
  2.332500E+03  1.850518E+00
  2.333000E+03  1.909144E+00
  2.333500E+03  1.918089E+00
  2.334000E+03  1.880666E+00
  2.334500E+03  1.801135E+00
  2.335000E+03  1.684645E+00
  2.335500E+03  1.537154E+00
  2.336000E+03  1.365317E+00
  2.336500E+03  1.176342E+00
  2.337000E+03  9.778174E-01
  2.337500E+03  7.775084E-01
  2.338000E+03  5.831242E-01
  2.338500E+03  4.020734E-01
  2.339000E+03  2.412099E-01
  2.339500E+03  1.065848E-01
  2.340000E+03  3.215263E-03
  2.340500E+03 -6.511573E-02
  2.341000E+03 -9.601802E-02
  2.341500E+03 -8.860040E-02
  2.342000E+03 -4.351718E-02
  2.342500E+03  3.704942E-02
  2.343000E+03  1.494723E-01
  2.343500E+03  2.888255E-01
  2.344000E+03  4.490870E-01
  2.344500E+03  6.233896E-01
  2.345000E+03  8.043085E-01
  2.345500E+03  9.841711E-01
  2.346000E+03  1.155375E+00
  2.346500E+03  1.310700E+00
  2.347000E+03  1.443597E+00
  2.347500E+03  1.548442E+00
  2.348000E+03  1.620748E+00
  2.348500E+03  1.657317E+00
  2.349000E+03  1.656336E+00
  2.349500E+03  1.617410E+00
  2.350000E+03  1.541528E+00
  2.350500E+03  1.430980E+00
  2.351000E+03  1.289209E+00
  2.351500E+03  1.120632E+00
  2.352000E+03  9.304166E-01
  2.352500E+03  7.242427E-01
  2.353000E+03  5.080461E-01
  2.353500E+03  2.877685E-01
  2.354000E+03  6.911619E-02
  2.354500E+03 -1.426592E-01
  2.355000E+03 -3.429499E-01
  2.355500E+03 -5.279441E-01
  2.356000E+03 -6.947371E-01
  2.356500E+03 -8.413976E-01
  2.357000E+03 -9.669886E-01
  2.357500E+03 -1.071544E+00
  2.358000E+03 -1.156004E+00
  2.358500E+03 -1.222114E+00
  2.359000E+03 -1.272288E+00
  2.359500E+03 -1.309453E+00
  2.360000E+03 -1.336873E+00
  2.360500E+03 -1.357959E+00
  2.361000E+03 -1.376085E+00
  2.361500E+03 -1.394406E+00
  2.362000E+03 -1.415687E+00
  2.362500E+03 -1.442154E+00
  2.363000E+03 -1.475375E+00
  2.363500E+03 -1.516164E+00
  2.364000E+03 -1.564520E+00
  2.364500E+03 -1.619613E+00
  2.365000E+03 -1.679785E+00
  2.365500E+03 -1.742610E+00
  2.366000E+03 -1.804969E+00
  2.366500E+03 -1.863168E+00
  2.367000E+03 -1.913068E+00
  2.367500E+03 -1.950248E+00
  2.368000E+03 -1.970169E+00
  2.368500E+03 -1.968354E+00
  2.369000E+03 -1.940561E+00
  2.369500E+03 -1.882953E+00
  2.370000E+03 -1.792253E+00
  2.370500E+03 -1.665881E+00
  2.371000E+03 -1.502072E+00
  2.371500E+03 -1.299961E+00
  2.372000E+03 -1.059651E+00
  2.372500E+03 -7.822396E-01
  2.373000E+03 -4.698288E-01
  2.373500E+03 -1.255017E-01
  2.374000E+03  2.467238E-01
  2.374500E+03  6.419637E-01
  2.375000E+03  1.054555E+00
  2.375500E+03  1.478159E+00
  2.376000E+03  1.905875E+00
  2.376500E+03  2.330365E+00
  2.377000E+03  2.743985E+00
  2.377500E+03  3.138916E+00
  2.378000E+03  3.507307E+00
  2.378500E+03  3.841404E+00
  2.379000E+03  4.133696E+00
  2.379500E+03  4.377048E+00
  2.380000E+03  4.564840E+00
  2.380500E+03  4.691101E+00
  2.381000E+03  4.750639E+00
  2.381500E+03  4.739176E+00
  2.382000E+03  4.653471E+00
  2.382500E+03  4.491433E+00
  2.383000E+03  4.252236E+00
  2.383500E+03  3.936411E+00
  2.384000E+03  3.545921E+00
  2.384500E+03  3.084227E+00
  2.385000E+03  2.556314E+00
  2.385500E+03  1.968698E+00
  2.386000E+03  1.329398E+00
  2.386500E+03  6.478736E-01
  2.387000E+03 -6.508364E-02
  2.387500E+03 -7.974878E-01
  2.388000E+03 -1.536345E+00
  2.388500E+03 -2.267876E+00
  2.389000E+03 -2.977776E+00
  2.389500E+03 -3.651512E+00
  2.390000E+03 -4.274641E+00
  2.390500E+03 -4.833156E+00
  2.391000E+03 -5.313841E+00
  2.391500E+03 -5.704634E+00
  2.392000E+03 -5.994981E+00
  2.392500E+03 -6.176169E+00
  2.393000E+03 -6.241637E+00
  2.393500E+03 -6.187245E+00
  2.394000E+03 -6.011487E+00
  2.394500E+03 -5.715645E+00
  2.395000E+03 -5.303877E+00
  2.395500E+03 -4.783224E+00
  2.396000E+03 -4.163530E+00
  2.396500E+03 -3.457284E+00
  2.397000E+03 -2.679372E+00
  2.397500E+03 -1.846751E+00
  2.398000E+03 -9.780467E-01
  2.398500E+03 -9.308015E-02
  2.399000E+03  7.876486E-01
  2.399500E+03  1.643522E+00
  2.400000E+03  2.454381E+00
  2.400500E+03  3.201108E+00
  2.401000E+03  3.866181E+00
  2.401500E+03  4.434194E+00
  2.402000E+03  4.892315E+00
  2.402500E+03  5.230664E+00
  2.403000E+03  5.442602E+00
  2.403500E+03  5.524912E+00
  2.404000E+03  5.477867E+00
  2.404500E+03  5.305181E+00
  2.405000E+03  5.013848E+00
  2.405500E+03  4.613871E+00
  2.406000E+03  4.117897E+00
  2.406500E+03  3.540767E+00
  2.407000E+03  2.899006E+00
  2.407500E+03  2.210273E+00
  2.408000E+03  1.492791E+00
  2.408500E+03  7.647850E-01
  2.409000E+03  4.394749E-02
  2.409500E+03 -6.530514E-01
  2.410000E+03 -1.310984E+00
  2.410500E+03 -1.916409E+00
  2.411000E+03 -2.457928E+00
  2.411500E+03 -2.926349E+00
  2.412000E+03 -3.314764E+00
  2.412500E+03 -3.618536E+00
  2.413000E+03 -3.835217E+00
  2.413500E+03 -3.964396E+00
  2.414000E+03 -4.007508E+00
  2.414500E+03 -3.967603E+00
  2.415000E+03 -3.849105E+00
  2.415500E+03 -3.657568E+00
  2.416000E+03 -3.399443E+00
  2.416500E+03 -3.081865E+00
  2.417000E+03 -2.712475E+00
  2.417500E+03 -2.299267E+00
  2.418000E+03 -1.850469E+00
  2.418500E+03 -1.374453E+00
  2.419000E+03 -8.796613E-01
  2.419500E+03 -3.745555E-01
  2.420000E+03  1.324368E-01
  2.420500E+03  6.329749E-01
  2.421000E+03  1.118869E+00
  2.421500E+03  1.582164E+00
  2.422000E+03  2.015234E+00
  2.422500E+03  2.410912E+00
  2.423000E+03  2.762622E+00
  2.423500E+03  3.064535E+00
  2.424000E+03  3.311719E+00
  2.424500E+03  3.500293E+00
  2.425000E+03  3.627559E+00
  2.425500E+03  3.692109E+00
  2.426000E+03  3.693890E+00
  2.426500E+03  3.634228E+00
  2.427000E+03  3.515802E+00
  2.427500E+03  3.342555E+00
  2.428000E+03  3.119563E+00
  2.428500E+03  2.852848E+00
  2.429000E+03  2.549153E+00
  2.429500E+03  2.215691E+00
  2.430000E+03  1.859874E+00
  2.430500E+03  1.489041E+00
  2.431000E+03  1.110207E+00
  2.431500E+03  7.298309E-01
  2.432000E+03  3.536336E-01
  2.432500E+03 -1.354106E-02
  2.433000E+03 -3.678032E-01
  2.433500E+03 -7.062357E-01
  2.434000E+03 -1.026854E+00
  2.434500E+03 -1.328515E+00
  2.435000E+03 -1.610778E+00
  2.435500E+03 -1.873734E+00
  2.436000E+03 -2.117823E+00
  2.436500E+03 -2.343630E+00
  2.437000E+03 -2.551707E+00
  2.437500E+03 -2.742408E+00
  2.438000E+03 -2.915754E+00
  2.438500E+03 -3.071352E+00
  2.439000E+03 -3.208339E+00
  2.439500E+03 -3.325393E+00
  2.440000E+03 -3.420774E+00
  2.440500E+03 -3.492410E+00
  2.441000E+03 -3.538008E+00
  2.441500E+03 -3.555191E+00
  2.442000E+03 -3.541641E+00
  2.442500E+03 -3.495242E+00
  2.443000E+03 -3.414204E+00
  2.443500E+03 -3.297179E+00
  2.444000E+03 -3.143339E+00
  2.444500E+03 -2.952433E+00
  2.445000E+03 -2.724800E+00
  2.445500E+03 -2.461373E+00
  2.446000E+03 -2.163636E+00
  2.446500E+03 -1.833583E+00
  2.447000E+03 -1.473651E+00
  2.447500E+03 -1.086664E+00
  2.448000E+03 -6.757644E-01
  2.448500E+03 -2.443752E-01
  2.449000E+03  2.038387E-01
  2.449500E+03  6.649830E-01
  2.450000E+03  1.134932E+00
  2.450500E+03  1.609314E+00
  2.451000E+03  2.083481E+00
  2.451500E+03  2.552485E+00
  2.452000E+03  3.011053E+00
  2.452500E+03  3.453576E+00
  2.453000E+03  3.874124E+00
  2.453500E+03  4.266485E+00
  2.454000E+03  4.624238E+00
  2.454500E+03  4.940863E+00
  2.455000E+03  5.209877E+00
  2.455500E+03  5.425016E+00
  2.456000E+03  5.580420E+00
  2.456500E+03  5.670850E+00
  2.457000E+03  5.691897E+00
  2.457500E+03  5.640187E+00
  2.458000E+03  5.513557E+00
  2.458500E+03  5.311207E+00
  2.459000E+03  5.033802E+00
  2.459500E+03  4.683517E+00
  2.460000E+03  4.264035E+00
  2.460500E+03  3.780477E+00
  2.461000E+03  3.239287E+00
  2.461500E+03  2.648050E+00
  2.462000E+03  2.015288E+00
  2.462500E+03  1.350211E+00
  2.463000E+03  6.624575E-01
  2.463500E+03 -3.816156E-02
  2.464000E+03 -7.419177E-01
  2.464500E+03 -1.439386E+00
  2.465000E+03 -2.121636E+00
  2.465500E+03 -2.780374E+00
  2.466000E+03 -3.408038E+00
  2.466500E+03 -3.997850E+00
  2.467000E+03 -4.543807E+00
  2.467500E+03 -5.040648E+00
  2.468000E+03 -5.483773E+00
  2.468500E+03 -5.869156E+00
  2.469000E+03 -6.193238E+00
  2.469500E+03 -6.452831E+00
  2.470000E+03 -6.645037E+00
  2.470500E+03 -6.767196E+00
  2.471000E+03 -6.816870E+00
  2.471500E+03 -6.791864E+00
  2.472000E+03 -6.690293E+00
  2.472500E+03 -6.510693E+00
  2.473000E+03 -6.252161E+00
  2.473500E+03 -5.914526E+00
  2.474000E+03 -5.498535E+00
  2.474500E+03 -5.006040E+00
  2.475000E+03 -4.440173E+00
  2.475500E+03 -3.805499E+00
  2.476000E+03 -3.108119E+00
  2.476500E+03 -2.355733E+00
  2.477000E+03 -1.557636E+00
  2.477500E+03 -7.246442E-01
  2.478000E+03  1.310408E-01
  2.478500E+03  9.960424E-01
  2.479000E+03  1.856080E+00
  2.479500E+03  2.696297E+00
  2.480000E+03  3.501630E+00
  2.480500E+03  4.257210E+00
  2.481000E+03  4.948779E+00
  2.481500E+03  5.563100E+00
  2.482000E+03  6.088354E+00
  2.482500E+03  6.514500E+00
  2.483000E+03  6.833586E+00
  2.483500E+03  7.040000E+00
  2.484000E+03  7.130648E+00
  2.484500E+03  7.105060E+00
  2.485000E+03  6.965410E+00
  2.485500E+03  6.716454E+00
  2.486000E+03  6.365390E+00
  2.486500E+03  5.921648E+00
  2.487000E+03  5.396606E+00
  2.487500E+03  4.803258E+00
  2.488000E+03  4.155833E+00
  2.488500E+03  3.469387E+00
  2.489000E+03  2.759371E+00
  2.489500E+03  2.041207E+00
  2.490000E+03  1.329859E+00
  2.490500E+03  6.394459E-01
  2.491000E+03 -1.712828E-02
  2.491500E+03 -6.284850E-01
  2.492000E+03 -1.185033E+00
  2.492500E+03 -1.679165E+00
  2.493000E+03 -2.105391E+00
  2.493500E+03 -2.460394E+00
  2.494000E+03 -2.743027E+00
  2.494500E+03 -2.954224E+00
  2.495000E+03 -3.096868E+00
  2.495500E+03 -3.175575E+00
  2.496000E+03 -3.196452E+00
  2.496500E+03 -3.166792E+00
  2.497000E+03 -3.094758E+00
  2.497500E+03 -2.989031E+00
  2.498000E+03 -2.858470E+00
  2.498500E+03 -2.711768E+00
  2.499000E+03 -2.557134E+00
  2.499500E+03 -2.402007E+00
  2.500000E+03 -2.252812E+00
  2.500500E+03 -2.114769E+00
  2.501000E+03 -1.991759E+00
  2.501500E+03 -1.886254E+00
  2.502000E+03 -1.799309E+00
  2.502500E+03 -1.730620E+00
  2.503000E+03 -1.678636E+00
  2.503500E+03 -1.640723E+00
  2.504000E+03 -1.613378E+00
  2.504500E+03 -1.592460E+00
  2.505000E+03 -1.573457E+00
  2.505500E+03 -1.551743E+00
  2.506000E+03 -1.522840E+00
  2.506500E+03 -1.482654E+00
  2.507000E+03 -1.427681E+00
  2.507500E+03 -1.355172E+00
  2.508000E+03 -1.263250E+00
  2.508500E+03 -1.150975E+00
  2.509000E+03 -1.018352E+00
  2.509500E+03 -8.662902E-01
  2.510000E+03 -6.965116E-01
  2.510500E+03 -5.114174E-01
  2.511000E+03 -3.139251E-01
  2.511500E+03 -1.072838E-01
  2.512000E+03  1.051192E-01
  2.512500E+03  3.199467E-01
  2.513000E+03  5.340840E-01
  2.513500E+03  7.447842E-01
  2.514000E+03  9.497773E-01
  2.514500E+03  1.147336E+00
  2.515000E+03  1.336294E+00
  2.515500E+03  1.516022E+00
  2.516000E+03  1.686350E+00
  2.516500E+03  1.847459E+00
  2.517000E+03  1.999737E+00
  2.517500E+03  2.143619E+00
  2.518000E+03  2.279416E+00
  2.518500E+03  2.407146E+00
  2.519000E+03  2.526393E+00
  2.519500E+03  2.636185E+00
  2.520000E+03  2.734917E+00
  2.520500E+03  2.820325E+00
  2.521000E+03  2.889505E+00
  2.521500E+03  2.938996E+00
  2.522000E+03  2.964906E+00
  2.522500E+03  2.963092E+00
  2.523000E+03  2.929377E+00
  2.523500E+03  2.859785E+00
  2.524000E+03  2.750803E+00
  2.524500E+03  2.599628E+00
  2.525000E+03  2.404405E+00
  2.525500E+03  2.164426E+00
  2.526000E+03  1.880289E+00
  2.526500E+03  1.554000E+00
  2.527000E+03  1.189010E+00
  2.527500E+03  7.901855E-01
  2.528000E+03  3.637101E-01
  2.528500E+03 -8.307561E-02
  2.529000E+03 -5.418922E-01
  2.529500E+03 -1.003785E+00
  2.530000E+03 -1.459419E+00
  2.530500E+03 -1.899395E+00
  2.531000E+03 -2.314559E+00
  2.531500E+03 -2.696308E+00
  2.532000E+03 -3.036862E+00
  2.532500E+03 -3.329490E+00
  2.533000E+03 -3.568698E+00
  2.533500E+03 -3.750350E+00
  2.534000E+03 -3.871733E+00
  2.534500E+03 -3.931564E+00
  2.535000E+03 -3.929942E+00
  2.535500E+03 -3.868255E+00
  2.536000E+03 -3.749047E+00
  2.536500E+03 -3.575864E+00
  2.537000E+03 -3.353079E+00
  2.537500E+03 -3.085721E+00
  2.538000E+03 -2.779310E+00
  2.538500E+03 -2.439705E+00
  2.539000E+03 -2.072981E+00
  2.539500E+03 -1.685324E+00
  2.540000E+03 -1.282958E+00
  2.540500E+03 -8.720926E-01
  2.541000E+03 -4.588864E-01
  2.541500E+03 -4.942716E-02
  2.542000E+03  3.502894E-01
  2.542500E+03  7.343837E-01
  2.543000E+03  1.097129E+00
  2.543500E+03  1.433007E+00
  2.544000E+03  1.736786E+00
  2.544500E+03  2.003624E+00
  2.545000E+03  2.229189E+00
  2.545500E+03  2.409806E+00
  2.546000E+03  2.542605E+00
  2.546500E+03  2.625671E+00
  2.547000E+03  2.658189E+00
  2.547500E+03  2.640555E+00
  2.548000E+03  2.574457E+00
  2.548500E+03  2.462908E+00
  2.549000E+03  2.310224E+00
  2.549500E+03  2.121937E+00
  2.550000E+03  1.904654E+00
  2.550500E+03  1.665842E+00
  2.551000E+03  1.413574E+00
  2.551500E+03  1.156218E+00
  2.552000E+03  9.021091E-01
  2.552500E+03  6.591967E-01
  2.553000E+03  4.347088E-01
  2.553500E+03  2.348344E-01
  2.554000E+03  6.445246E-02
  2.554500E+03 -7.308062E-02
  2.555000E+03 -1.760697E-01
  2.555500E+03 -2.445373E-01
  2.556000E+03 -2.801934E-01
  2.556500E+03 -2.863184E-01
  2.557000E+03 -2.675653E-01
  2.557500E+03 -2.296926E-01
  2.558000E+03 -1.792402E-01
  2.558500E+03 -1.231695E-01
  2.559000E+03 -6.848504E-02
  2.559500E+03 -2.186058E-02
  2.560000E+03  1.071038E-02
  2.560500E+03  2.422094E-02
  2.561000E+03  1.489750E-02
  2.561500E+03 -1.962493E-02
  2.562000E+03 -8.020683E-02
  2.562500E+03 -1.661901E-01
  2.563000E+03 -2.754641E-01
  2.563500E+03 -4.046044E-01
  2.564000E+03 -5.490742E-01
  2.564500E+03 -7.034737E-01
  2.565000E+03 -8.618215E-01
  2.565500E+03 -1.017851E+00
  2.566000E+03 -1.165306E+00
  2.566500E+03 -1.298215E+00
  2.567000E+03 -1.411135E+00
  2.567500E+03 -1.499358E+00
  2.568000E+03 -1.559062E+00
  2.568500E+03 -1.587407E+00
  2.569000E+03 -1.582590E+00
  2.569500E+03 -1.543836E+00
  2.570000E+03 -1.471358E+00
  2.570500E+03 -1.366275E+00
  2.571000E+03 -1.230510E+00
  2.571500E+03 -1.066672E+00
  2.572000E+03 -8.779314E-01
  2.572500E+03 -6.679035E-01
  2.573000E+03 -4.405383E-01
  2.573500E+03 -2.000274E-01
  2.574000E+03  4.927220E-02
  2.574500E+03  3.028975E-01
  2.575000E+03  5.563250E-01
  2.575500E+03  8.050049E-01
  2.576000E+03  1.044391E+00
  2.576500E+03  1.269972E+00
  2.577000E+03  1.477306E+00
  2.577500E+03  1.662070E+00
  2.578000E+03  1.820125E+00
  2.578500E+03  1.947588E+00
  2.579000E+03  2.040933E+00
  2.579500E+03  2.097096E+00
  2.580000E+03  2.113590E+00
  2.580500E+03  2.088627E+00
  2.581000E+03  2.021229E+00
  2.581500E+03  1.911329E+00
  2.582000E+03  1.759851E+00
  2.582500E+03  1.568760E+00
  2.583000E+03  1.341078E+00
  2.583500E+03  1.080860E+00
  2.584000E+03  7.931258E-01
  2.584500E+03  4.837555E-01
  2.585000E+03  1.593421E-01
  2.585500E+03 -1.729882E-01
  2.586000E+03 -5.057828E-01
  2.586500E+03 -8.314862E-01
  2.587000E+03 -1.142672E+00
  2.587500E+03 -1.432271E+00
  2.588000E+03 -1.693789E+00
  2.588500E+03 -1.921494E+00
  2.589000E+03 -2.110583E+00
  2.589500E+03 -2.257303E+00
  2.590000E+03 -2.359032E+00
  2.590500E+03 -2.414316E+00
  2.591000E+03 -2.422864E+00
  2.591500E+03 -2.385500E+00
  2.592000E+03 -2.304078E+00
  2.592500E+03 -2.181367E+00
  2.593000E+03 -2.020915E+00
  2.593500E+03 -1.826895E+00
  2.594000E+03 -1.603946E+00
  2.594500E+03 -1.357012E+00
  2.595000E+03 -1.091193E+00
  2.595500E+03 -8.116075E-01
  2.596000E+03 -5.232698E-01
  2.596500E+03 -2.309952E-01
  2.597000E+03  6.067791E-02
  2.597500E+03  3.475410E-01
  2.598000E+03  6.257477E-01
  2.598500E+03  8.918278E-01
  2.599000E+03  1.142685E+00
  2.599500E+03  1.375584E+00
  2.600000E+03  1.588129E+00
  2.600500E+03  1.778238E+00
  2.601000E+03  1.944116E+00
  2.601500E+03  2.084234E+00
  2.602000E+03  2.197307E+00
  2.602500E+03  2.282282E+00
  2.603000E+03  2.338333E+00
  2.603500E+03  2.364857E+00
  2.604000E+03  2.361486E+00
  2.604500E+03  2.328096E+00
  2.605000E+03  2.264823E+00
  2.605500E+03  2.172079E+00
  2.606000E+03  2.050572E+00
  2.606500E+03  1.901321E+00
  2.607000E+03  1.725670E+00
  2.607500E+03  1.525297E+00
  2.608000E+03  1.302217E+00
  2.608500E+03  1.058782E+00
  2.609000E+03  7.976667E-01
  2.609500E+03  5.218607E-01
  2.610000E+03  2.346393E-01
  2.610500E+03 -6.046301E-02
  2.611000E+03 -3.596884E-01
  2.611500E+03 -6.590974E-01
  2.612000E+03 -9.546153E-01
  2.612500E+03 -1.242084E+00
  2.613000E+03 -1.517319E+00
  2.613500E+03 -1.776165E+00
  2.614000E+03 -2.014561E+00
  2.614500E+03 -2.228607E+00
  2.615000E+03 -2.414623E+00
  2.615500E+03 -2.569220E+00
  2.616000E+03 -2.689366E+00
  2.616500E+03 -2.772446E+00
  2.617000E+03 -2.816328E+00
  2.617500E+03 -2.819418E+00
  2.618000E+03 -2.780712E+00
  2.618500E+03 -2.699842E+00
  2.619000E+03 -2.577111E+00
  2.619500E+03 -2.413521E+00
  2.620000E+03 -2.210788E+00
  2.620500E+03 -1.971346E+00
  2.621000E+03 -1.698330E+00
  2.621500E+03 -1.395555E+00
  2.622000E+03 -1.067467E+00
  2.622500E+03 -7.190896E-01
  2.623000E+03 -3.559411E-01
  2.623500E+03  1.605191E-02
  2.624000E+03  3.906630E-01
  2.624500E+03  7.614846E-01
  2.625000E+03  1.122058E+00
  2.625500E+03  1.466008E+00
  2.626000E+03  1.787187E+00
  2.626500E+03  2.079813E+00
  2.627000E+03  2.338608E+00
  2.627500E+03  2.558920E+00
  2.628000E+03  2.736842E+00
  2.628500E+03  2.869307E+00
  2.629000E+03  2.954157E+00
  2.629500E+03  2.990199E+00
  2.630000E+03  2.977223E+00
  2.630500E+03  2.915994E+00
  2.631000E+03  2.808223E+00
  2.631500E+03  2.656501E+00
  2.632000E+03  2.464212E+00
  2.632500E+03  2.235427E+00
  2.633000E+03  1.974777E+00
  2.633500E+03  1.687320E+00
  2.634000E+03  1.378397E+00
  2.634500E+03  1.053495E+00
  2.635000E+03  7.181101E-01
  2.635500E+03  3.776325E-01
  2.636000E+03  3.724059E-02
  2.636500E+03 -2.981802E-01
  2.637000E+03 -6.240957E-01
  2.637500E+03 -9.363589E-01
  2.638000E+03 -1.231222E+00
  2.638500E+03 -1.505330E+00
  2.639000E+03 -1.755696E+00
  2.639500E+03 -1.979671E+00
  2.640000E+03 -2.174899E+00
  2.640500E+03 -2.339286E+00
  2.641000E+03 -2.470965E+00
  2.641500E+03 -2.568281E+00
  2.642000E+03 -2.629785E+00
  2.642500E+03 -2.654260E+00
  2.643000E+03 -2.640752E+00
  2.643500E+03 -2.588634E+00
  2.644000E+03 -2.497676E+00
  2.644500E+03 -2.368138E+00
  2.645000E+03 -2.200856E+00
  2.645500E+03 -1.997333E+00
  2.646000E+03 -1.759820E+00
  2.646500E+03 -1.491372E+00
  2.647000E+03 -1.195880E+00
  2.647500E+03 -8.780714E-01
  2.648000E+03 -5.434634E-01
  2.648500E+03 -1.982802E-01
  2.649000E+03  1.506761E-01
  2.649500E+03  4.961944E-01
  2.650000E+03  8.308598E-01
  2.650500E+03  1.147286E+00
  2.651000E+03  1.438367E+00
  2.651500E+03  1.697530E+00
  2.652000E+03  1.918991E+00
  2.652500E+03  2.097979E+00
  2.653000E+03  2.230930E+00
  2.653500E+03  2.315642E+00
  2.654000E+03  2.351370E+00
  2.654500E+03  2.338856E+00
  2.655000E+03  2.280302E+00
  2.655500E+03  2.179271E+00
  2.656000E+03  2.040533E+00
  2.656500E+03  1.869848E+00
  2.657000E+03  1.673711E+00
  2.657500E+03  1.459067E+00
  2.658000E+03  1.233005E+00
  2.658500E+03  1.002457E+00
  2.659000E+03  7.739085E-01
  2.659500E+03  5.531474E-01
  2.660000E+03  3.450516E-01
  2.660500E+03  1.534371E-01
  2.661000E+03 -1.903209E-02
  2.661500E+03 -1.708654E-01
  2.662000E+03 -3.017007E-01
  2.662500E+03 -4.121961E-01
  2.663000E+03 -5.038672E-01
  2.663500E+03 -5.788820E-01
  2.664000E+03 -6.398258E-01
  2.664500E+03 -6.894550E-01
  2.665000E+03 -7.304534E-01
  2.665500E+03 -7.652100E-01
  2.666000E+03 -7.956304E-01
  2.666500E+03 -8.229980E-01
  2.667000E+03 -8.478908E-01
  2.667500E+03 -8.701618E-01
  2.668000E+03 -8.889830E-01
  2.668500E+03 -9.029508E-01
  2.669000E+03 -9.102444E-01
  2.669500E+03 -9.088277E-01
  2.670000E+03 -8.966784E-01
  2.670500E+03 -8.720295E-01
  2.671000E+03 -8.336043E-01
  2.671500E+03 -7.808283E-01
  2.672000E+03 -7.139992E-01
  2.672500E+03 -6.344036E-01
  2.673000E+03 -5.443653E-01
  2.673500E+03 -4.472218E-01
  2.674000E+03 -3.472235E-01
  2.674500E+03 -2.493590E-01
  2.675000E+03 -1.591139E-01
  2.675500E+03 -8.217428E-02
  2.676000E+03 -2.409112E-02
  2.676500E+03  1.007570E-02
  2.677000E+03  1.611270E-02
  2.677500E+03 -9.014280E-03
  2.678000E+03 -6.687098E-02
  2.678500E+03 -1.573289E-01
  2.679000E+03 -2.784194E-01
  2.679500E+03 -4.262802E-01
  2.680000E+03 -5.952014E-01
  2.680500E+03 -7.777749E-01
  2.681000E+03 -9.651406E-01
  2.681500E+03 -1.147324E+00
  2.682000E+03 -1.313646E+00
  2.682500E+03 -1.453194E+00
  2.683000E+03 -1.555323E+00
  2.683500E+03 -1.610164E+00
  2.684000E+03 -1.609124E+00
  2.684500E+03 -1.545340E+00
  2.685000E+03 -1.414067E+00
  2.685500E+03 -1.212986E+00
  2.686000E+03 -9.424125E-01
  2.686500E+03 -6.053856E-01
  2.687000E+03 -2.076516E-01
  2.687500E+03  2.424757E-01
  2.688000E+03  7.343624E-01
  2.688500E+03  1.255401E+00
  2.689000E+03  1.791437E+00
  2.689500E+03  2.327265E+00
  2.690000E+03  2.847157E+00
  2.690500E+03  3.335415E+00
  2.691000E+03  3.776912E+00
  2.691500E+03  4.157614E+00
  2.692000E+03  4.465037E+00
  2.692500E+03  4.688657E+00
  2.693000E+03  4.820226E+00
  2.693500E+03  4.854009E+00
  2.694000E+03  4.786922E+00
  2.694500E+03  4.618582E+00
  2.695000E+03  4.351264E+00
  2.695500E+03  3.989774E+00
  2.696000E+03  3.541255E+00
  2.696500E+03  3.014924E+00
  2.697000E+03  2.421770E+00
  2.697500E+03  1.774206E+00
  2.698000E+03  1.085711E+00
  2.698500E+03  3.704563E-01
  2.699000E+03 -3.570619E-01
  2.699500E+03 -1.082383E+00
  2.700000E+03 -1.791416E+00
  2.700500E+03 -2.470754E+00
  2.701000E+03 -3.107948E+00
  2.701500E+03 -3.691760E+00
  2.702000E+03 -4.212361E+00
  2.702500E+03 -4.661506E+00
  2.703000E+03 -5.032658E+00
  2.703500E+03 -5.321072E+00
  2.704000E+03 -5.523845E+00
  2.704500E+03 -5.639907E+00
  2.705000E+03 -5.669986E+00
  2.705500E+03 -5.616517E+00
  2.706000E+03 -5.483517E+00
  2.706500E+03 -5.276416E+00
  2.707000E+03 -5.001855E+00
  2.707500E+03 -4.667449E+00
  2.708000E+03 -4.281531E+00
  2.708500E+03 -3.852871E+00
  2.709000E+03 -3.390395E+00
  2.709500E+03 -2.902905E+00
  2.710000E+03 -2.398813E+00
  2.710500E+03 -1.885902E+00
  2.711000E+03 -1.371125E+00
  2.711500E+03 -8.604535E-01
  2.712000E+03 -3.587758E-01
  2.712500E+03  1.301385E-01
  2.713000E+03  6.036143E-01
  2.713500E+03  1.059983E+00
  2.714000E+03  1.498437E+00
  2.714500E+03  1.918838E+00
  2.715000E+03  2.321484E+00
  2.715500E+03  2.706854E+00
  2.716000E+03  3.075344E+00
  2.716500E+03  3.427010E+00
  2.717000E+03  3.761345E+00
  2.717500E+03  4.077083E+00
  2.718000E+03  4.372070E+00
  2.718500E+03  4.643193E+00
  2.719000E+03  4.886384E+00
  2.719500E+03  5.096698E+00
  2.720000E+03  5.268460E+00
  2.720500E+03  5.395484E+00
  2.721000E+03  5.471340E+00
  2.721500E+03  5.489670E+00
  2.722000E+03  5.444519E+00
  2.722500E+03  5.330678E+00
  2.723000E+03  5.144015E+00
  2.723500E+03  4.881774E+00
  2.724000E+03  4.542818E+00
  2.724500E+03  4.127829E+00
  2.725000E+03  3.639416E+00
  2.725500E+03  3.082162E+00
  2.726000E+03  2.462584E+00
  2.726500E+03  1.789014E+00
  2.727000E+03  1.071419E+00
  2.727500E+03  3.211523E-01
  2.728000E+03 -4.493409E-01
  2.728500E+03 -1.226848E+00
  2.729000E+03 -1.997733E+00
  2.729500E+03 -2.748289E+00
  2.730000E+03 -3.465074E+00
  2.730500E+03 -4.135223E+00
  2.731000E+03 -4.746737E+00
  2.731500E+03 -5.288730E+00
  2.732000E+03 -5.751625E+00
  2.732500E+03 -6.127324E+00
  2.733000E+03 -6.409324E+00
  2.733500E+03 -6.592799E+00
  2.734000E+03 -6.674652E+00
  2.734500E+03 -6.653531E+00
  2.735000E+03 -6.529836E+00
  2.735500E+03 -6.305696E+00
  2.736000E+03 -5.984932E+00
  2.736500E+03 -5.573015E+00
  2.737000E+03 -5.077003E+00
  2.737500E+03 -4.505460E+00
  2.738000E+03 -3.868366E+00
  2.738500E+03 -3.176992E+00
  2.739000E+03 -2.443754E+00
  2.739500E+03 -1.682034E+00
  2.740000E+03 -9.059640E-01
  2.740500E+03 -1.301713E-01
  2.741000E+03  6.305082E-01
  2.741500E+03  1.361353E+00
  2.742000E+03  2.048105E+00
  2.742500E+03  2.677333E+00
  2.743000E+03  3.236811E+00
  2.743500E+03  3.715873E+00
  2.744000E+03  4.105760E+00
  2.744500E+03  4.399920E+00
  2.745000E+03  4.594251E+00
  2.745500E+03  4.687281E+00
  2.746000E+03  4.680263E+00
  2.746500E+03  4.577180E+00
  2.747000E+03  4.384654E+00
  2.747500E+03  4.111766E+00
  2.748000E+03  3.769771E+00
  2.748500E+03  3.371738E+00
  2.749000E+03  2.932118E+00
  2.749500E+03  2.466250E+00
  2.750000E+03  1.989832E+00
  2.750500E+03  1.518382E+00
  2.751000E+03  1.066691E+00
  2.751500E+03  6.483218E-01
  2.752000E+03  2.751364E-01
  2.752500E+03 -4.309450E-02
  2.753000E+03 -2.990073E-01
  2.753500E+03 -4.878656E-01
  2.754000E+03 -6.076769E-01
  2.754500E+03 -6.592060E-01
  2.755000E+03 -6.458821E-01
  2.755500E+03 -5.736090E-01
  2.756000E+03 -4.504843E-01
  2.756500E+03 -2.864434E-01
  2.757000E+03 -9.284135E-02
  2.757500E+03  1.180085E-01
  2.758000E+03  3.333207E-01
  2.758500E+03  5.403311E-01
  2.759000E+03  7.267766E-01
  2.759500E+03  8.813464E-01
  2.760000E+03  9.940874E-01
  2.760500E+03  1.056752E+00
  2.761000E+03  1.063075E+00
  2.761500E+03  1.008978E+00
  2.762000E+03  8.926856E-01
  2.762500E+03  7.147663E-01
  2.763000E+03  4.780866E-01
  2.763500E+03  1.876893E-01
  2.764000E+03 -1.493975E-01
  2.764500E+03 -5.244155E-01
  2.765000E+03 -9.271807E-01
  2.765500E+03 -1.346428E+00
  2.766000E+03 -1.770184E+00
  2.766500E+03 -2.186147E+00
  2.767000E+03 -2.582077E+00
  2.767500E+03 -2.946168E+00
  2.768000E+03 -3.267391E+00
  2.768500E+03 -3.535818E+00
  2.769000E+03 -3.742887E+00
  2.769500E+03 -3.881628E+00
  2.770000E+03 -3.946832E+00
  2.770500E+03 -3.935160E+00
  2.771000E+03 -3.845204E+00
  2.771500E+03 -3.677481E+00
  2.772000E+03 -3.434381E+00
  2.772500E+03 -3.120072E+00
  2.773000E+03 -2.740352E+00
  2.773500E+03 -2.302482E+00
  2.774000E+03 -1.814977E+00
  2.774500E+03 -1.287393E+00
  2.775000E+03 -7.300926E-01
  2.775500E+03 -1.540058E-01
  2.776000E+03  4.296028E-01
  2.776500E+03  1.009366E+00
  2.777000E+03  1.574039E+00
  2.777500E+03  2.112704E+00
  2.778000E+03  2.614976E+00
  2.778500E+03  3.071183E+00
  2.779000E+03  3.472541E+00
  2.779500E+03  3.811305E+00
  2.780000E+03  4.080918E+00
  2.780500E+03  4.276140E+00
  2.781000E+03  4.393154E+00
  2.781500E+03  4.429669E+00
  2.782000E+03  4.384987E+00
  2.782500E+03  4.260058E+00
  2.783000E+03  4.057499E+00
  2.783500E+03  3.781583E+00
  2.784000E+03  3.438192E+00
  2.784500E+03  3.034732E+00
  2.785000E+03  2.579999E+00
  2.785500E+03  2.084005E+00
  2.786000E+03  1.557764E+00
  2.786500E+03  1.013033E+00
  2.787000E+03  4.620205E-01
  2.787500E+03 -8.293425E-02
  2.788000E+03 -6.096979E-01
  2.788500E+03 -1.106687E+00
  2.789000E+03 -1.563206E+00
  2.789500E+03 -1.969763E+00
  2.790000E+03 -2.318360E+00
  2.790500E+03 -2.602723E+00
  2.791000E+03 -2.818488E+00
  2.791500E+03 -2.963316E+00
  2.792000E+03 -3.036930E+00
  2.792500E+03 -3.041082E+00
  2.793000E+03 -2.979448E+00
  2.793500E+03 -2.857437E+00
  2.794000E+03 -2.681958E+00
  2.794500E+03 -2.461115E+00
  2.795000E+03 -2.203874E+00
  2.795500E+03 -1.919709E+00
  2.796000E+03 -1.618230E+00
  2.796500E+03 -1.308831E+00
  2.797000E+03 -1.000360E+00
  2.797500E+03 -7.008302E-01
  2.798000E+03 -4.171836E-01
  2.798500E+03 -1.551138E-01
  2.799000E+03  8.104178E-02
  2.799500E+03  2.883422E-01
  2.800000E+03  4.652167E-01
  2.800500E+03  6.113762E-01
  2.801000E+03  7.276721E-01
  2.801500E+03  8.159117E-01
  2.802000E+03  8.786444E-01
  2.802500E+03  9.189308E-01
  2.803000E+03  9.401083E-01
  2.803500E+03  9.455674E-01
  2.804000E+03  9.385493E-01
  2.804500E+03  9.219745E-01
  2.805000E+03  8.983103E-01
  2.805500E+03  8.694815E-01
  2.806000E+03  8.368261E-01
  2.806500E+03  8.010959E-01
  2.807000E+03  7.624972E-01
  2.807500E+03  7.207679E-01
  2.808000E+03  6.752823E-01
  2.808500E+03  6.251767E-01
  2.809000E+03  5.694848E-01
  2.809500E+03  5.072764E-01
  2.810000E+03  4.377884E-01
  2.810500E+03  3.605420E-01
  2.811000E+03  2.754386E-01
  2.811500E+03  1.828298E-01
  2.812000E+03  8.355826E-02
  2.812500E+03 -2.103265E-02
  2.813000E+03 -1.291199E-01
  2.813500E+03 -2.384509E-01
  2.814000E+03 -3.464201E-01
  2.814500E+03 -4.501668E-01
  2.815000E+03 -5.466898E-01
  2.815500E+03 -6.329735E-01
  2.816000E+03 -7.061174E-01
  2.816500E+03 -7.634648E-01
  2.817000E+03 -8.027239E-01
  2.817500E+03 -8.220747E-01
  2.818000E+03 -8.202590E-01
  2.818500E+03 -7.966467E-01
  2.819000E+03 -7.512775E-01
  2.819500E+03 -6.848749E-01
  2.820000E+03 -5.988314E-01
  2.820500E+03 -4.951671E-01
  2.821000E+03 -3.764605E-01
  2.821500E+03 -2.457578E-01
  2.822000E+03 -1.064619E-01
  2.822500E+03  3.779298E-02
  2.823000E+03  1.832740E-01
  2.823500E+03  3.262862E-01
  2.824000E+03  4.633043E-01
  2.824500E+03  5.910938E-01
  2.825000E+03  7.068167E-01
  2.825500E+03  8.081150E-01
  2.826000E+03  8.931697E-01
  2.826500E+03  9.607313E-01
  2.827000E+03  1.010122E+00
  2.827500E+03  1.041206E+00
  2.828000E+03  1.054343E+00
  2.828500E+03  1.050303E+00
  2.829000E+03  1.030182E+00
  2.829500E+03  9.952924E-01
  2.830000E+03  9.470592E-01
  2.830500E+03  8.869141E-01
  2.831000E+03  8.162028E-01
  2.831500E+03  7.361093E-01
  2.832000E+03  6.476030E-01
  2.832500E+03  5.514119E-01
  2.833000E+03  4.480243E-01
  2.833500E+03  3.377194E-01
  2.834000E+03  2.206240E-01
  2.834500E+03  9.679055E-02
  2.835000E+03 -3.370726E-02
  2.835500E+03 -1.706712E-01
  2.836000E+03 -3.136735E-01
  2.836500E+03 -4.619604E-01
  2.837000E+03 -6.143708E-01
  2.837500E+03 -7.692788E-01
  2.838000E+03 -9.245655E-01
  2.838500E+03 -1.077624E+00
  2.839000E+03 -1.225400E+00
  2.839500E+03 -1.364466E+00
  2.840000E+03 -1.491131E+00
  2.840500E+03 -1.601572E+00
  2.841000E+03 -1.691992E+00
  2.841500E+03 -1.758783E+00
  2.842000E+03 -1.798695E+00
  2.842500E+03 -1.808997E+00
  2.843000E+03 -1.787623E+00
  2.843500E+03 -1.733287E+00
  2.844000E+03 -1.645576E+00
  2.844500E+03 -1.524996E+00
  2.845000E+03 -1.372984E+00
  2.845500E+03 -1.191882E+00
  2.846000E+03 -9.848692E-01
  2.846500E+03 -7.558612E-01
  2.847000E+03 -5.093840E-01
  2.847500E+03 -2.504247E-01
  2.848000E+03  1.572950E-02
  2.848500E+03  2.836571E-01
  2.849000E+03  5.479653E-01
  2.849500E+03  8.034431E-01
  2.850000E+03  1.045198E+00
  2.850500E+03  1.268773E+00
  2.851000E+03  1.470244E+00
  2.851500E+03  1.646284E+00
  2.852000E+03  1.794219E+00
  2.852500E+03  1.912049E+00
  2.853000E+03  1.998456E+00
  2.853500E+03  2.052796E+00
  2.854000E+03  2.075078E+00
  2.854500E+03  2.065930E+00
  2.855000E+03  2.026561E+00
  2.855500E+03  1.958715E+00
  2.856000E+03  1.864620E+00
  2.856500E+03  1.746933E+00
  2.857000E+03  1.608676E+00
  2.857500E+03  1.453169E+00
  2.858000E+03  1.283949E+00
  2.858500E+03  1.104691E+00
  2.859000E+03  9.191087E-01
  2.859500E+03  7.308550E-01
  2.860000E+03  5.434160E-01
  2.860500E+03  3.600020E-01
  2.861000E+03  1.834419E-01
  2.861500E+03  1.608605E-02
  2.862000E+03 -1.402766E-01
  2.862500E+03 -2.844794E-01
  2.863000E+03 -4.160124E-01
  2.863500E+03 -5.350238E-01
  2.864000E+03 -6.422856E-01
  2.864500E+03 -7.391213E-01
  2.865000E+03 -8.272969E-01
  2.865500E+03 -9.088786E-01
  2.866000E+03 -9.860631E-01
  2.866500E+03 -1.060990E+00
  2.867000E+03 -1.135546E+00
  2.867500E+03 -1.211174E+00
  2.868000E+03 -1.288701E+00
  2.868500E+03 -1.368196E+00
  2.869000E+03 -1.448872E+00
  2.869500E+03 -1.529039E+00
  2.870000E+03 -1.606115E+00
  2.870500E+03 -1.676709E+00
  2.871000E+03 -1.736755E+00
  2.871500E+03 -1.781711E+00
  2.872000E+03 -1.806807E+00
  2.872500E+03 -1.807324E+00
  2.873000E+03 -1.778899E+00
  2.873500E+03 -1.717830E+00
  2.874000E+03 -1.621363E+00
  2.874500E+03 -1.487946E+00
  2.875000E+03 -1.317428E+00
  2.875500E+03 -1.111190E+00
  2.876000E+03 -8.722015E-01
  2.876500E+03 -6.049834E-01
  2.877000E+03 -3.154926E-01
  2.877500E+03 -1.091879E-02
  2.878000E+03  3.005908E-01
  2.878500E+03  6.102659E-01
  2.879000E+03  9.090907E-01
  2.879500E+03  1.188201E+00
  2.880000E+03  1.439283E+00
  2.880500E+03  1.654946E+00
  2.881000E+03  1.829052E+00
  2.881500E+03  1.956987E+00
  2.882000E+03  2.035848E+00
  2.882500E+03  2.064550E+00
  2.883000E+03  2.043841E+00
  2.883500E+03  1.976222E+00
  2.884000E+03  1.865787E+00
  2.884500E+03  1.717993E+00
  2.885000E+03  1.539367E+00
  2.885500E+03  1.337176E+00
  2.886000E+03  1.119078E+00
  2.886500E+03  8.927736E-01
  2.887000E+03  6.656750E-01
  2.887500E+03  4.446162E-01
  2.888000E+03  2.356099E-01
  2.888500E+03  4.366758E-02
  2.889000E+03 -1.273154E-01
  2.889500E+03 -2.746069E-01
  2.890000E+03 -3.966215E-01
  2.890500E+03 -4.928472E-01
  2.891000E+03 -5.637257E-01
  2.891500E+03 -6.104986E-01
  2.892000E+03 -6.350329E-01
  2.892500E+03 -6.396393E-01
  2.893000E+03 -6.268962E-01
  2.893500E+03 -5.994891E-01
  2.894000E+03 -5.600749E-01
  2.894500E+03 -5.111754E-01
  2.895000E+03 -4.551020E-01
  2.895500E+03 -3.939125E-01
  2.896000E+03 -3.293944E-01
  2.896500E+03 -2.630722E-01
  2.897000E+03 -1.962294E-01
  2.897500E+03 -1.299408E-01
  2.898000E+03 -6.510641E-02
  2.898500E+03 -2.482752E-03
  2.899000E+03  5.729342E-02
  2.899500E+03  1.136908E-01
  2.900000E+03  1.662790E-01
  2.900500E+03  2.147313E-01
  2.901000E+03  2.588325E-01
  2.901500E+03  2.984856E-01
  2.902000E+03  3.337132E-01
  2.902500E+03  3.646483E-01
  2.903000E+03  3.915104E-01
  2.903500E+03  4.145649E-01
  2.904000E+03  4.340639E-01
  2.904500E+03  4.501728E-01
  2.905000E+03  4.628850E-01
  2.905500E+03  4.719323E-01
  2.906000E+03  4.767009E-01
  2.906500E+03  4.761599E-01
  2.907000E+03  4.688159E-01
  2.907500E+03  4.527010E-01
  2.908000E+03  4.254035E-01
  2.908500E+03  3.841458E-01
  2.909000E+03  3.259127E-01
  2.909500E+03  2.476278E-01
  2.910000E+03  1.463727E-01
  2.910500E+03  1.963756E-02
  2.911000E+03 -1.344089E-01
  2.911500E+03 -3.166489E-01
  2.912000E+03 -5.267619E-01
  2.912500E+03 -7.630092E-01
  2.913000E+03 -1.022075E+00
  2.913500E+03 -1.298983E+00
  2.914000E+03 -1.587098E+00
  2.914500E+03 -1.878229E+00
  2.915000E+03 -2.162830E+00
  2.915500E+03 -2.430301E+00
  2.916000E+03 -2.669377E+00
  2.916500E+03 -2.868589E+00
  2.917000E+03 -3.016781E+00
  2.917500E+03 -3.103651E+00
  2.918000E+03 -3.120287E+00
  2.918500E+03 -3.059674E+00
  2.919000E+03 -2.917139E+00
  2.919500E+03 -2.690701E+00
  2.920000E+03 -2.381311E+00
  2.920500E+03 -1.992963E+00
  2.921000E+03 -1.532657E+00
  2.921500E+03 -1.010224E+00
  2.922000E+03 -4.380106E-01
  2.922500E+03  1.695637E-01
  2.923000E+03  7.965505E-01
  2.923500E+03  1.426095E+00
  2.924000E+03  2.041104E+00
  2.924500E+03  2.624924E+00
  2.925000E+03  3.161997E+00
  2.925500E+03  3.638456E+00
  2.926000E+03  4.042633E+00
  2.926500E+03  4.365460E+00
  2.927000E+03  4.600724E+00
  2.927500E+03  4.745200E+00
  2.928000E+03  4.798617E+00
  2.928500E+03  4.763509E+00
  2.929000E+03  4.644920E+00
  2.929500E+03  4.450018E+00
  2.930000E+03  4.187624E+00
  2.930500E+03  3.867698E+00
  2.931000E+03  3.500799E+00
  2.931500E+03  3.097566E+00
  2.932000E+03  2.668242E+00
  2.932500E+03  2.222257E+00
  2.933000E+03  1.767916E+00
  2.933500E+03  1.312173E+00
  2.934000E+03  8.605270E-01
  2.934500E+03  4.170219E-01
  2.935000E+03 -1.565109E-02
  2.935500E+03 -4.359598E-01
  2.936000E+03 -8.432686E-01
  2.936500E+03 -1.237526E+00
  2.937000E+03 -1.618932E+00
  2.937500E+03 -1.987598E+00
  2.938000E+03 -2.343245E+00
  2.938500E+03 -2.684939E+00
  2.939000E+03 -3.010897E+00
  2.939500E+03 -3.318369E+00
  2.940000E+03 -3.603609E+00
  2.940500E+03 -3.861936E+00
  2.941000E+03 -4.087875E+00
  2.941500E+03 -4.275384E+00
  2.942000E+03 -4.418134E+00
  2.942500E+03 -4.509845E+00
  2.943000E+03 -4.544638E+00
  2.943500E+03 -4.517403E+00
  2.944000E+03 -4.424144E+00
  2.944500E+03 -4.262288E+00
  2.945000E+03 -4.030941E+00
  2.945500E+03 -3.731077E+00
  2.946000E+03 -3.365645E+00
  2.946500E+03 -2.939586E+00
  2.947000E+03 -2.459763E+00
  2.947500E+03 -1.934808E+00
  2.948000E+03 -1.374884E+00
  2.948500E+03 -7.913783E-01
  2.949000E+03 -1.965446E-01
  2.949500E+03  3.968999E-01
  2.950000E+03  9.761932E-01
  2.950500E+03  1.528952E+00
  2.951000E+03  2.043576E+00
  2.951500E+03  2.509623E+00
  2.952000E+03  2.918132E+00
  2.952500E+03  3.261881E+00
  2.953000E+03  3.535579E+00
  2.953500E+03  3.735972E+00
  2.954000E+03  3.861881E+00
  2.954500E+03  3.914143E+00
  2.955000E+03  3.895495E+00
  2.955500E+03  3.810381E+00
  2.956000E+03  3.664710E+00
  2.956500E+03  3.465568E+00
  2.957000E+03  3.220912E+00
  2.957500E+03  2.939245E+00
  2.958000E+03  2.629302E+00
  2.958500E+03  2.299751E+00
  2.959000E+03  1.958931E+00
  2.959500E+03  1.614629E+00
  2.960000E+03  1.273906E+00
  2.960500E+03  9.429806E-01
  2.961000E+03  6.271616E-01
  2.961500E+03  3.308340E-01
  2.962000E+03  5.748866E-02
  2.962500E+03 -1.902124E-01
  2.963000E+03 -4.103461E-01
  2.963500E+03 -6.016257E-01
  2.964000E+03 -7.632969E-01
  2.964500E+03 -8.950455E-01
  2.965000E+03 -9.969235E-01
  2.965500E+03 -1.069304E+00
  2.966000E+03 -1.112867E+00
  2.966500E+03 -1.128612E+00
  2.967000E+03 -1.117909E+00
  2.967500E+03 -1.082556E+00
  2.968000E+03 -1.024861E+00
  2.968500E+03 -9.477126E-01
  2.969000E+03 -8.546441E-01
  2.969500E+03 -7.498609E-01
  2.970000E+03 -6.382322E-01
  2.970500E+03 -5.252279E-01
  2.971000E+03 -4.167978E-01
  2.971500E+03 -3.191889E-01
  2.972000E+03 -2.387037E-01
  2.972500E+03 -1.814074E-01
  2.973000E+03 -1.527968E-01
  2.973500E+03 -1.574493E-01
  2.974000E+03 -1.986732E-01
  2.974500E+03 -2.781830E-01
  2.975000E+03 -3.958263E-01
  2.975500E+03 -5.493846E-01
  2.976000E+03 -7.344711E-01
  2.976500E+03 -9.445416E-01
  2.977000E+03 -1.171030E+00
  2.977500E+03 -1.403610E+00
  2.978000E+03 -1.630586E+00
  2.978500E+03 -1.839384E+00
  2.979000E+03 -2.017146E+00
  2.979500E+03 -2.151375E+00
  2.980000E+03 -2.230609E+00
  2.980500E+03 -2.245093E+00
  2.981000E+03 -2.187390E+00
  2.981500E+03 -2.052910E+00
  2.982000E+03 -1.840316E+00
  2.982500E+03 -1.551774E+00
  2.983000E+03 -1.193028E+00
  2.983500E+03 -7.732923E-01
  2.984000E+03 -3.049556E-01
  2.984500E+03  1.968953E-01
  2.985000E+03  7.151036E-01
  2.985500E+03  1.231198E+00
  2.986000E+03  1.726233E+00
  2.986500E+03  2.181671E+00
  2.987000E+03  2.580259E+00
  2.987500E+03  2.906846E+00
  2.988000E+03  3.149105E+00
  2.988500E+03  3.298106E+00
  2.989000E+03  3.348725E+00
  2.989500E+03  3.299852E+00
  2.990000E+03  3.154399E+00
  2.990500E+03  2.919095E+00
  2.991000E+03  2.604109E+00
  2.991500E+03  2.222488E+00
  2.992000E+03  1.789482E+00
  2.992500E+03  1.321770E+00
  2.993000E+03  8.366430E-01
  2.993500E+03  3.511943E-01
  2.994000E+03 -1.184458E-01
  2.994500E+03 -5.577840E-01
  2.995000E+03 -9.545147E-01
  2.995500E+03 -1.298923E+00
  2.996000E+03 -1.584122E+00
  2.996500E+03 -1.806126E+00
  2.997000E+03 -1.963757E+00
  2.997500E+03 -2.058413E+00
  2.998000E+03 -2.093711E+00
  2.998500E+03 -2.075040E+00
  2.999000E+03 -2.009066E+00
  2.999500E+03 -1.903211E+00
  3.000000E+03 -1.765153E+00
  3.000500E+03 -1.602376E+00
  3.001000E+03 -1.421791E+00
  3.001500E+03 -1.229451E+00
  3.002000E+03 -1.030372E+00
  3.002500E+03 -8.284615E-01
  3.003000E+03 -6.265436E-01
  3.003500E+03 -4.264800E-01
  3.004000E+03 -2.293559E-01
  3.004500E+03 -3.571662E-02
  3.005000E+03  1.541731E-01
  3.005500E+03  3.400712E-01
  3.006000E+03  5.215248E-01
  3.006500E+03  6.976799E-01
  3.007000E+03  8.671507E-01
  3.007500E+03  1.027956E+00
  3.008000E+03  1.177527E+00
  3.008500E+03  1.312784E+00
  3.009000E+03  1.430270E+00
  3.009500E+03  1.526338E+00
  3.010000E+03  1.597365E+00
  3.010500E+03  1.639982E+00
  3.011000E+03  1.651302E+00
  3.011500E+03  1.629129E+00
  3.012000E+03  1.572130E+00
  3.012500E+03  1.479964E+00
  3.013000E+03  1.353362E+00
  3.013500E+03  1.194146E+00
  3.014000E+03  1.005201E+00
  3.014500E+03  7.903882E-01
  3.015000E+03  5.544310E-01
  3.015500E+03  3.027548E-01
  3.016000E+03  4.131298E-02
  3.016500E+03 -2.236000E-01
  3.017000E+03 -4.855375E-01
  3.017500E+03 -7.380825E-01
  3.018000E+03 -9.750169E-01
  3.018500E+03 -1.190475E+00
  3.019000E+03 -1.379077E+00
  3.019500E+03 -1.536051E+00
  3.020000E+03 -1.657332E+00
  3.020500E+03 -1.739651E+00
  3.021000E+03 -1.780617E+00
  3.021500E+03 -1.778788E+00
  3.022000E+03 -1.733728E+00
  3.022500E+03 -1.646072E+00
  3.023000E+03 -1.517559E+00
  3.023500E+03 -1.351066E+00
  3.024000E+03 -1.150612E+00
  3.024500E+03 -9.213365E-01
  3.025000E+03 -6.694395E-01
  3.025500E+03 -4.020825E-01
  3.026000E+03 -1.272417E-01
  3.026500E+03  1.464873E-01
  3.027000E+03  4.101344E-01
  3.027500E+03  6.546422E-01
  3.028000E+03  8.711907E-01
  3.028500E+03  1.051545E+00
  3.029000E+03  1.188412E+00
  3.029500E+03  1.275791E+00
  3.030000E+03  1.309294E+00
  3.030500E+03  1.286418E+00
  3.031000E+03  1.206759E+00
  3.031500E+03  1.072136E+00
  3.032000E+03  8.866257E-01
  3.032500E+03  6.564957E-01
  3.033000E+03  3.900314E-01
  3.033500E+03  9.726367E-02
  3.034000E+03 -2.103970E-01
  3.034500E+03 -5.206018E-01
  3.035000E+03 -8.205637E-01
  3.035500E+03 -1.097591E+00
  3.036000E+03 -1.339630E+00
  3.036500E+03 -1.535788E+00
  3.037000E+03 -1.676814E+00
  3.037500E+03 -1.755509E+00
  3.038000E+03 -1.767045E+00
  3.038500E+03 -1.709188E+00
  3.039000E+03 -1.582394E+00
  3.039500E+03 -1.389793E+00
  3.040000E+03 -1.137059E+00
  3.040500E+03 -8.321592E-01
  3.041000E+03 -4.850218E-01
  3.041500E+03 -1.071158E-01
  3.042000E+03  2.890198E-01
  3.042500E+03  6.902824E-01
  3.043000E+03  1.083520E+00
  3.043500E+03  1.456030E+00
  3.044000E+03  1.796028E+00
  3.044500E+03  2.093049E+00
  3.045000E+03  2.338295E+00
  3.045500E+03  2.524891E+00
  3.046000E+03  2.648057E+00
  3.046500E+03  2.705192E+00
  3.047000E+03  2.695874E+00
  3.047500E+03  2.621769E+00
  3.048000E+03  2.486483E+00
  3.048500E+03  2.295341E+00
  3.049000E+03  2.055123E+00
  3.049500E+03  1.773768E+00
  3.050000E+03  1.460050E+00
  3.050500E+03  1.123257E+00
  3.051000E+03  7.728655E-01
  3.051500E+03  4.182349E-01
  3.052000E+03  6.832879E-02
  3.052500E+03 -2.685347E-01
  3.053000E+03 -5.848925E-01
  3.053500E+03 -8.743039E-01
  3.054000E+03 -1.131474E+00
  3.054500E+03 -1.352331E+00
  3.055000E+03 -1.534063E+00
  3.055500E+03 -1.675103E+00
  3.056000E+03 -1.775088E+00
  3.056500E+03 -1.834774E+00
  3.057000E+03 -1.855925E+00
  3.057500E+03 -1.841179E+00
  3.058000E+03 -1.793893E+00
  3.058500E+03 -1.717986E+00
  3.059000E+03 -1.617768E+00
  3.059500E+03 -1.497780E+00
  3.060000E+03 -1.362644E+00
  3.060500E+03 -1.216915E+00
  3.061000E+03 -1.064974E+00
  3.061500E+03 -9.109168E-01
  3.062000E+03 -7.584901E-01
  3.062500E+03 -6.110341E-01
  3.063000E+03 -4.714564E-01
  3.063500E+03 -3.422214E-01
  3.064000E+03 -2.253562E-01
  3.064500E+03 -1.224670E-01
  3.065000E+03 -3.476124E-02
  3.065500E+03  3.692982E-02
  3.066000E+03  9.213185E-02
  3.066500E+03  1.307153E-01
  3.067000E+03  1.528923E-01
  3.067500E+03  1.592222E-01
  3.068000E+03  1.506257E-01
  3.068500E+03  1.284021E-01
  3.069000E+03  9.424761E-02
  3.069500E+03  5.026705E-02
  3.070000E+03 -1.026975E-03
  3.070500E+03 -5.673306E-02
  3.071000E+03 -1.136042E-01
  3.071500E+03 -1.681193E-01
  3.072000E+03 -2.165842E-01
  3.072500E+03 -2.552629E-01
  3.073000E+03 -2.805346E-01
  3.073500E+03 -2.890710E-01
  3.074000E+03 -2.780244E-01
  3.074500E+03 -2.452164E-01
  3.075000E+03 -1.893134E-01
  3.075500E+03 -1.099765E-01
  3.076000E+03 -7.972687E-03
  3.076500E+03  1.147655E-01
  3.077000E+03  2.551396E-01
  3.077500E+03  4.089504E-01
  3.078000E+03  5.710322E-01
  3.078500E+03  7.354509E-01
  3.079000E+03  8.957608E-01
  3.079500E+03  1.045307E+00
  3.080000E+03  1.177560E+00
  3.080500E+03  1.286457E+00
  3.081000E+03  1.366743E+00
  3.081500E+03  1.414275E+00
  3.082000E+03  1.426278E+00
  3.082500E+03  1.401534E+00
  3.083000E+03  1.340489E+00
  3.083500E+03  1.245270E+00
  3.084000E+03  1.119602E+00
  3.084500E+03  9.686416E-01
  3.085000E+03  7.987191E-01
  3.085500E+03  6.170134E-01
  3.086000E+03  4.311777E-01
  3.086500E+03  2.489349E-01
  3.087000E+03  7.767106E-02
  3.087500E+03 -7.595103E-02
  3.088000E+03 -2.063321E-01
  3.088500E+03 -3.092112E-01
  3.089000E+03 -3.818580E-01
  3.089500E+03 -4.231715E-01
  3.090000E+03 -4.336810E-01
  3.090500E+03 -4.154513E-01
  3.091000E+03 -3.718994E-01
  3.091500E+03 -3.075390E-01
  3.092000E+03 -2.276689E-01
  3.092500E+03 -1.380304E-01
  3.093000E+03 -4.445515E-02
  3.093500E+03  4.747074E-02
  3.094000E+03  1.327056E-01
  3.094500E+03  2.069939E-01
  3.095000E+03  2.670380E-01
  3.095500E+03  3.105895E-01
  3.096000E+03  3.364598E-01
  3.096500E+03  3.444509E-01
  3.097000E+03  3.352188E-01
  3.097500E+03  3.100815E-01
  3.098000E+03  2.707909E-01
  3.098500E+03  2.192887E-01
  3.099000E+03  1.574685E-01
  3.099500E+03  8.696244E-02
  3.100000E+03  8.972618E-03
  3.100500E+03 -7.584069E-02
  3.101000E+03 -1.674034E-01
  3.101500E+03 -2.662017E-01
  3.102000E+03 -3.731867E-01
  3.102500E+03 -4.896183E-01
  3.103000E+03 -6.168599E-01
  3.103500E+03 -7.561400E-01
  3.104000E+03 -9.082997E-01
  3.104500E+03 -1.073547E+00
  3.105000E+03 -1.251236E+00
  3.105500E+03 -1.439692E+00
  3.106000E+03 -1.636096E+00
  3.106500E+03 -1.836439E+00
  3.107000E+03 -2.035553E+00
  3.107500E+03 -2.227227E+00
  3.108000E+03 -2.404389E+00
  3.108500E+03 -2.559363E+00
  3.109000E+03 -2.684172E+00
  3.109500E+03 -2.770887E+00
  3.110000E+03 -2.811988E+00
  3.110500E+03 -2.800729E+00
  3.111000E+03 -2.731483E+00
  3.111500E+03 -2.600048E+00
  3.112000E+03 -2.403906E+00
  3.112500E+03 -2.142414E+00
  3.113000E+03 -1.816922E+00
  3.113500E+03 -1.430815E+00
  3.114000E+03 -9.894745E-01
  3.114500E+03 -5.001661E-01
  3.115000E+03  2.814326E-02
  3.115500E+03  5.850287E-01
  3.116000E+03  1.158901E+00
  3.116500E+03  1.737339E+00
  3.117000E+03  2.307447E+00
  3.117500E+03  2.856221E+00
  3.118000E+03  3.370926E+00
  3.118500E+03  3.839450E+00
  3.119000E+03  4.250645E+00
  3.119500E+03  4.594637E+00
  3.120000E+03  4.863098E+00
  3.120500E+03  5.049474E+00
  3.121000E+03  5.149165E+00
  3.121500E+03  5.159651E+00
  3.122000E+03  5.080565E+00
  3.122500E+03  4.913703E+00
  3.123000E+03  4.662982E+00
  3.123500E+03  4.334332E+00
  3.124000E+03  3.935534E+00
  3.124500E+03  3.476005E+00
  3.125000E+03  2.966531E+00
  3.125500E+03  2.418952E+00
  3.126000E+03  1.845817E+00
  3.126500E+03  1.260009E+00
  3.127000E+03  6.743579E-01
  3.127500E+03  1.012447E-01
  3.128000E+03 -4.477743E-01
  3.128500E+03 -9.623226E-01
  3.129000E+03 -1.433516E+00
  3.129500E+03 -1.854224E+00
  3.130000E+03 -2.219258E+00
  3.130500E+03 -2.525496E+00
  3.131000E+03 -2.771916E+00
  3.131500E+03 -2.959547E+00
  3.132000E+03 -3.091338E+00
  3.132500E+03 -3.171947E+00
  3.133000E+03 -3.207456E+00
  3.133500E+03 -3.205031E+00
  3.134000E+03 -3.172540E+00
  3.134500E+03 -3.118138E+00
  3.135000E+03 -3.049860E+00
  3.135500E+03 -2.975213E+00
  3.136000E+03 -2.900810E+00
  3.136500E+03 -2.832058E+00
  3.137000E+03 -2.772902E+00
  3.137500E+03 -2.725659E+00
  3.138000E+03 -2.690928E+00
  3.138500E+03 -2.667604E+00
  3.139000E+03 -2.652968E+00
  3.139500E+03 -2.642867E+00
  3.140000E+03 -2.631970E+00
  3.140500E+03 -2.614080E+00
  3.141000E+03 -2.582494E+00
  3.141500E+03 -2.530386E+00
  3.142000E+03 -2.451202E+00
  3.142500E+03 -2.339027E+00
  3.143000E+03 -2.188940E+00
  3.143500E+03 -1.997300E+00
  3.144000E+03 -1.761983E+00
  3.144500E+03 -1.482531E+00
  3.145000E+03 -1.160234E+00
  3.145500E+03 -7.981152E-01
  3.146000E+03 -4.008385E-01
  3.146500E+03  2.546017E-02
  3.147000E+03  4.734121E-01
  3.147500E+03  9.347088E-01
  3.148000E+03  1.400435E+00
  3.148500E+03  1.861424E+00
  3.149000E+03  2.308618E+00
  3.149500E+03  2.733416E+00
  3.150000E+03  3.127990E+00
  3.150500E+03  3.485552E+00
  3.151000E+03  3.800567E+00
  3.151500E+03  4.068896E+00
  3.152000E+03  4.287861E+00
  3.152500E+03  4.456235E+00
  3.153000E+03  4.574159E+00
  3.153500E+03  4.642991E+00
  3.154000E+03  4.665089E+00
  3.154500E+03  4.643560E+00
  3.155000E+03  4.581970E+00
  3.155500E+03  4.484053E+00
  3.156000E+03  4.353411E+00
  3.156500E+03  4.193256E+00
  3.157000E+03  4.006185E+00
  3.157500E+03  3.794007E+00
  3.158000E+03  3.557652E+00
  3.158500E+03  3.297138E+00
  3.159000E+03  3.011635E+00
  3.159500E+03  2.699587E+00
  3.160000E+03  2.358925E+00
  3.160500E+03  1.987322E+00
  3.161000E+03  1.582502E+00
  3.161500E+03  1.142579E+00
  3.162000E+03  6.663933E-01
  3.162500E+03  1.538409E-01
  3.163000E+03 -3.938355E-01
  3.163500E+03 -9.738101E-01
  3.164000E+03 -1.581510E+00
  3.164500E+03 -2.210537E+00
  3.165000E+03 -2.852682E+00
  3.165500E+03 -3.498034E+00
  3.166000E+03 -4.135194E+00
  3.166500E+03 -4.751563E+00
  3.167000E+03 -5.333718E+00
  3.167500E+03 -5.867837E+00
  3.168000E+03 -6.340167E+00
  3.168500E+03 -6.737511E+00
  3.169000E+03 -7.047704E+00
  3.169500E+03 -7.260064E+00
  3.170000E+03 -7.365792E+00
  3.170500E+03 -7.358310E+00
  3.171000E+03 -7.233511E+00
  3.171500E+03 -6.989934E+00
  3.172000E+03 -6.628828E+00
  3.172500E+03 -6.154141E+00
  3.173000E+03 -5.572410E+00
  3.173500E+03 -4.892582E+00
  3.174000E+03 -4.125763E+00
  3.174500E+03 -3.284917E+00
  3.175000E+03 -2.384537E+00
  3.175500E+03 -1.440283E+00
  3.176000E+03 -4.686197E-01
  3.176500E+03  5.135366E-01
  3.177000E+03  1.489165E+00
  3.177500E+03  2.441461E+00
  3.178000E+03  3.354130E+00
  3.178500E+03  4.211658E+00
  3.179000E+03  4.999560E+00
  3.179500E+03  5.704595E+00
  3.180000E+03  6.314974E+00
  3.180500E+03  6.820539E+00
  3.181000E+03  7.212941E+00
  3.181500E+03  7.485789E+00
  3.182000E+03  7.634799E+00
  3.182500E+03  7.657907E+00
  3.183000E+03  7.555373E+00
  3.183500E+03  7.329843E+00
  3.184000E+03  6.986372E+00
  3.184500E+03  6.532401E+00
  3.185000E+03  5.977665E+00
  3.185500E+03  5.334050E+00
  3.186000E+03  4.615373E+00
  3.186500E+03  3.837086E+00
  3.187000E+03  3.015927E+00
  3.187500E+03  2.169502E+00
  3.188000E+03  1.315816E+00
  3.188500E+03  4.727814E-01
  3.189000E+03 -3.422925E-01
  3.189500E+03 -1.113205E+00
  3.190000E+03 -1.825336E+00
  3.190500E+03 -2.466069E+00
  3.191000E+03 -3.025138E+00
  3.191500E+03 -3.494899E+00
  3.192000E+03 -3.870484E+00
  3.192500E+03 -4.149861E+00
  3.193000E+03 -4.333773E+00
  3.193500E+03 -4.425585E+00
  3.194000E+03 -4.431016E+00
  3.194500E+03 -4.357808E+00
  3.195000E+03 -4.215321E+00
  3.195500E+03 -4.014092E+00
  3.196000E+03 -3.765375E+00
  3.196500E+03 -3.480684E+00
  3.197000E+03 -3.171369E+00
  3.197500E+03 -2.848232E+00
  3.198000E+03 -2.521204E+00
  3.198500E+03 -2.199092E+00
  3.199000E+03 -1.889405E+00
  3.199500E+03 -1.598249E+00
  3.200000E+03 -1.330293E+00
  3.200500E+03 -1.088805E+00
  3.201000E+03 -8.757240E-01
  3.201500E+03 -6.917794E-01
  3.202000E+03 -5.366313E-01
  3.202500E+03 -4.090178E-01
  3.203000E+03 -3.069043E-01
  3.203500E+03 -2.276216E-01
  3.204000E+03 -1.679893E-01
  3.204500E+03 -1.244226E-01
  3.205000E+03 -9.302272E-02
  3.205500E+03 -6.965580E-02
  3.206000E+03 -5.002621E-02
  3.206500E+03 -2.975099E-02
  3.207000E+03 -4.442892E-03
  3.207500E+03  3.019219E-02
  3.208000E+03  7.823910E-02
  3.208500E+03  1.434374E-01
  3.209000E+03  2.290276E-01
  3.209500E+03  3.375844E-01
  3.210000E+03  4.708459E-01
  3.210500E+03  6.295502E-01
  3.211000E+03  8.132914E-01
  3.211500E+03  1.020410E+00
  3.212000E+03  1.247928E+00
  3.212500E+03  1.491548E+00
  3.213000E+03  1.745709E+00
  3.213500E+03  2.003726E+00
  3.214000E+03  2.257988E+00
  3.214500E+03  2.500230E+00
  3.215000E+03  2.721858E+00
  3.215500E+03  2.914309E+00
  3.216000E+03  3.069441E+00
  3.216500E+03  3.179915E+00
  3.217000E+03  3.239556E+00
  3.217500E+03  3.243668E+00
  3.218000E+03  3.189286E+00
  3.218500E+03  3.075340E+00
  3.219000E+03  2.902728E+00
  3.219500E+03  2.674288E+00
  3.220000E+03  2.394669E+00
  3.220500E+03  2.070107E+00
  3.221000E+03  1.708124E+00
  3.221500E+03  1.317166E+00
  3.222000E+03  9.061920E-01
  3.222500E+03  4.842654E-01
  3.223000E+03  6.014437E-02
  3.223500E+03 -3.580837E-01
  3.224000E+03 -7.633086E-01
  3.224500E+03 -1.149626E+00
  3.225000E+03 -1.512471E+00
  3.225500E+03 -1.848663E+00
  3.226000E+03 -2.156341E+00
  3.226500E+03 -2.434820E+00
  3.227000E+03 -2.684365E+00
  3.227500E+03 -2.905911E+00
  3.228000E+03 -3.100750E+00
  3.228500E+03 -3.270202E+00
  3.229000E+03 -3.415309E+00
  3.229500E+03 -3.536568E+00
  3.230000E+03 -3.633723E+00
  3.230500E+03 -3.705635E+00
  3.231000E+03 -3.750242E+00
  3.231500E+03 -3.764612E+00
  3.232000E+03 -3.745086E+00
  3.232500E+03 -3.687504E+00
  3.233000E+03 -3.587498E+00
  3.233500E+03 -3.440835E+00
  3.234000E+03 -3.243786E+00
  3.234500E+03 -2.993492E+00
  3.235000E+03 -2.688317E+00
  3.235500E+03 -2.328141E+00
  3.236000E+03 -1.914593E+00
  3.236500E+03 -1.451202E+00
  3.237000E+03 -9.434467E-01
  3.237500E+03 -3.987058E-01
  3.238000E+03  1.738874E-01
  3.238500E+03  7.636896E-01
  3.239000E+03  1.358872E+00
  3.239500E+03  1.946812E+00
  3.240000E+03  2.514529E+00
  3.240500E+03  3.049145E+00
  3.241000E+03  3.538350E+00
  3.241500E+03  3.970844E+00
  3.242000E+03  4.336734E+00
  3.242500E+03  4.627881E+00
  3.243000E+03  4.838160E+00
  3.243500E+03  4.963649E+00
  3.244000E+03  5.002721E+00
  3.244500E+03  4.956044E+00
  3.245000E+03  4.826498E+00
  3.245500E+03  4.619012E+00
  3.246000E+03  4.340325E+00
  3.246500E+03  3.998701E+00
  3.247000E+03  3.603591E+00
  3.247500E+03  3.165280E+00
  3.248000E+03  2.694521E+00
  3.248500E+03  2.202171E+00
  3.249000E+03  1.698856E+00
  3.249500E+03  1.194660E+00
  3.250000E+03  6.988632E-01
  3.250500E+03  2.197230E-01
  3.251000E+03 -2.356836E-01
  3.251500E+03 -6.615663E-01
  3.252000E+03 -1.053470E+00
  3.252500E+03 -1.408270E+00
  3.253000E+03 -1.724120E+00
  3.253500E+03 -2.000357E+00
  3.254000E+03 -2.237371E+00
  3.254500E+03 -2.436452E+00
  3.255000E+03 -2.599614E+00
  3.255500E+03 -2.729413E+00
  3.256000E+03 -2.828765E+00
  3.256500E+03 -2.900768E+00
  3.257000E+03 -2.948538E+00
  3.257500E+03 -2.975065E+00
  3.258000E+03 -2.983088E+00
  3.258500E+03 -2.974996E+00
  3.259000E+03 -2.952757E+00
  3.259500E+03 -2.917876E+00
  3.260000E+03 -2.871367E+00
  3.260500E+03 -2.813767E+00
  3.261000E+03 -2.745153E+00
  3.261500E+03 -2.665192E+00
  3.262000E+03 -2.573194E+00
  3.262500E+03 -2.468188E+00
  3.263000E+03 -2.348998E+00
  3.263500E+03 -2.214331E+00
  3.264000E+03 -2.062864E+00
  3.264500E+03 -1.893335E+00
  3.265000E+03 -1.704637E+00
  3.265500E+03 -1.495903E+00
  3.266000E+03 -1.266597E+00
  3.266500E+03 -1.016592E+00
  3.267000E+03 -7.462497E-01
  3.267500E+03 -4.564879E-01
  3.268000E+03 -1.488387E-01
  3.268500E+03  1.745060E-01
  3.269000E+03  5.106665E-01
  3.269500E+03  8.560666E-01
  3.270000E+03  1.206450E+00
  3.270500E+03  1.556921E+00
  3.271000E+03  1.902023E+00
  3.271500E+03  2.235836E+00
  3.272000E+03  2.552120E+00
  3.272500E+03  2.844481E+00
  3.273000E+03  3.106565E+00
  3.273500E+03  3.332277E+00
  3.274000E+03  3.516013E+00
  3.274500E+03  3.652892E+00
  3.275000E+03  3.738989E+00
  3.275500E+03  3.771539E+00
  3.276000E+03  3.749120E+00
  3.276500E+03  3.671778E+00
  3.277000E+03  3.541107E+00
  3.277500E+03  3.360261E+00
  3.278000E+03  3.133891E+00
  3.278500E+03  2.868017E+00
  3.279000E+03  2.569819E+00
  3.279500E+03  2.247371E+00
  3.280000E+03  1.909316E+00
  3.280500E+03  1.564501E+00
  3.281000E+03  1.221588E+00
  3.281500E+03  8.886667E-01
  3.282000E+03  5.728833E-01
  3.282500E+03  2.801067E-01
  3.283000E+03  1.465987E-02
  3.283500E+03 -2.208736E-01
  3.284000E+03 -4.257515E-01
  3.284500E+03 -6.010755E-01
  3.285000E+03 -7.496910E-01
  3.285500E+03 -8.759889E-01
  3.286000E+03 -9.856158E-01
  3.286500E+03 -1.085111E+00
  3.287000E+03 -1.181488E+00
  3.287500E+03 -1.281781E+00
  3.288000E+03 -1.392589E+00
  3.288500E+03 -1.519639E+00
  3.289000E+03 -1.667390E+00
  3.289500E+03 -1.838710E+00
  3.290000E+03 -2.034634E+00
  3.290500E+03 -2.254226E+00
  3.291000E+03 -2.494546E+00
  3.291500E+03 -2.750724E+00
  3.292000E+03 -3.016140E+00
  3.292500E+03 -3.282690E+00
  3.293000E+03 -3.541132E+00
  3.293500E+03 -3.781486E+00
  3.294000E+03 -3.993461E+00
  3.294500E+03 -4.166896E+00
  3.295000E+03 -4.292185E+00
  3.295500E+03 -4.360661E+00
  3.296000E+03 -4.364935E+00
  3.296500E+03 -4.299162E+00
  3.297000E+03 -4.159233E+00
  3.297500E+03 -3.942896E+00
  3.298000E+03 -3.649796E+00
  3.298500E+03 -3.281444E+00
  3.299000E+03 -2.841137E+00
  3.299500E+03 -2.333826E+00
  3.300000E+03 -1.765949E+00
  3.300500E+03 -1.145256E+00
  3.301000E+03 -4.806169E-01
  3.301500E+03  2.181600E-01
  3.302000E+03  9.405004E-01
  3.302500E+03  1.675223E+00
  3.303000E+03  2.410684E+00
  3.303500E+03  3.134915E+00
  3.304000E+03  3.835748E+00
  3.304500E+03  4.500957E+00
  3.305000E+03  5.118400E+00
  3.305500E+03  5.676189E+00
  3.306000E+03  6.162882E+00
  3.306500E+03  6.567702E+00
  3.307000E+03  6.880795E+00
  3.307500E+03  7.093498E+00
  3.308000E+03  7.198633E+00
  3.308500E+03  7.190799E+00
  3.309000E+03  7.066658E+00
  3.309500E+03  6.825181E+00
  3.310000E+03  6.467853E+00
  3.310500E+03  5.998812E+00
  3.311000E+03  5.424896E+00
  3.311500E+03  4.755607E+00
  3.312000E+03  4.002963E+00
  3.312500E+03  3.181246E+00
  3.313000E+03  2.306653E+00
  3.313500E+03  1.396850E+00
  3.314000E+03  4.704583E-01
  3.314500E+03 -4.535206E-01
  3.315000E+03 -1.356301E+00
  3.315500E+03 -2.219912E+00
  3.316000E+03 -3.027765E+00
  3.316500E+03 -3.765169E+00
  3.317000E+03 -4.419753E+00
  3.317500E+03 -4.981798E+00
  3.318000E+03 -5.444445E+00
  3.318500E+03 -5.803773E+00
  3.319000E+03 -6.058757E+00
  3.319500E+03 -6.211101E+00
  3.320000E+03 -6.264961E+00
  3.320500E+03 -6.226588E+00
  3.321000E+03 -6.103890E+00
  3.321500E+03 -5.905971E+00
  3.322000E+03 -5.642646E+00
  3.322500E+03 -5.323982E+00
  3.323000E+03 -4.959869E+00
  3.323500E+03 -4.559662E+00
  3.324000E+03 -4.131897E+00
  3.324500E+03 -3.684097E+00
  3.325000E+03 -3.222666E+00
  3.325500E+03 -2.752880E+00
  3.326000E+03 -2.278950E+00
  3.326500E+03 -1.804165E+00
  3.327000E+03 -1.331073E+00
  3.327500E+03 -8.617069E-01
  3.328000E+03 -3.978100E-01
  3.328500E+03  5.893713E-02
  3.329000E+03  5.067229E-01
  3.329500E+03  9.434498E-01
  3.330000E+03  1.366631E+00
  3.330500E+03  1.773347E+00
  3.331000E+03  2.160259E+00
  3.331500E+03  2.523679E+00
  3.332000E+03  2.859693E+00
  3.332500E+03  3.164312E+00
  3.333000E+03  3.433652E+00
  3.333500E+03  3.664127E+00
  3.334000E+03  3.852628E+00
  3.334500E+03  3.996684E+00
  3.335000E+03  4.094597E+00
  3.335500E+03  4.145526E+00
  3.336000E+03  4.149533E+00
  3.336500E+03  4.107573E+00
  3.337000E+03  4.021445E+00
  3.337500E+03  3.893690E+00
  3.338000E+03  3.727468E+00
  3.338500E+03  3.526397E+00
  3.339000E+03  3.294389E+00
  3.339500E+03  3.035488E+00
  3.340000E+03  2.753704E+00
  3.340500E+03  2.452889E+00
  3.341000E+03  2.136625E+00
  3.341500E+03  1.808158E+00
  3.342000E+03  1.470364E+00
  3.342500E+03  1.125763E+00
  3.343000E+03  7.765528E-01
  3.343500E+03  4.246913E-01
  3.344000E+03  7.198623E-02
  3.344500E+03 -2.797924E-01
  3.345000E+03 -6.287988E-01
  3.345500E+03 -9.730040E-01
  3.346000E+03 -1.310103E+00
  3.346500E+03 -1.637444E+00
  3.347000E+03 -1.951992E+00
  3.347500E+03 -2.250320E+00
  3.348000E+03 -2.528642E+00
  3.348500E+03 -2.782879E+00
  3.349000E+03 -3.008759E+00
  3.349500E+03 -3.201945E+00
  3.350000E+03 -3.358190E+00
  3.350500E+03 -3.473497E+00
  3.351000E+03 -3.544296E+00
  3.351500E+03 -3.567610E+00
  3.352000E+03 -3.541214E+00
  3.352500E+03 -3.463777E+00
  3.353000E+03 -3.334968E+00
  3.353500E+03 -3.155540E+00
  3.354000E+03 -2.927379E+00
  3.354500E+03 -2.653503E+00
  3.355000E+03 -2.338038E+00
  3.355500E+03 -1.986146E+00
  3.356000E+03 -1.603922E+00
  3.356500E+03 -1.198264E+00
  3.357000E+03 -7.767103E-01
  3.357500E+03 -3.472647E-01
  3.358000E+03  8.179638E-02
  3.358500E+03  5.021218E-01
  3.359000E+03  9.054851E-01
  3.359500E+03  1.283979E+00
  3.360000E+03  1.630199E+00
  3.360500E+03  1.937416E+00
  3.361000E+03  2.199724E+00
  3.361500E+03  2.412177E+00
  3.362000E+03  2.570894E+00
  3.362500E+03  2.673145E+00
  3.363000E+03  2.717412E+00
  3.363500E+03  2.703425E+00
  3.364000E+03  2.632170E+00
  3.364500E+03  2.505881E+00
  3.365000E+03  2.327997E+00
  3.365500E+03  2.103105E+00
  3.366000E+03  1.836855E+00
  3.366500E+03  1.535855E+00
  3.367000E+03  1.207540E+00
  3.367500E+03  8.600256E-01
  3.368000E+03  5.019397E-01
  3.368500E+03  1.422332E-01
  3.369000E+03 -2.100213E-01
  3.369500E+03 -5.458442E-01
  3.370000E+03 -8.565731E-01
  3.370500E+03 -1.134089E+00
  3.371000E+03 -1.371039E+00
  3.371500E+03 -1.561056E+00
  3.372000E+03 -1.698950E+00
  3.372500E+03 -1.780886E+00
  3.373000E+03 -1.804527E+00
  3.373500E+03 -1.769133E+00
  3.374000E+03 -1.675620E+00
  3.374500E+03 -1.526570E+00
  3.375000E+03 -1.326181E+00
  3.375500E+03 -1.080169E+00
  3.376000E+03 -7.956134E-01
  3.376500E+03 -4.807544E-01
  3.377000E+03 -1.447450E-01
  3.377500E+03  2.026303E-01
  3.378000E+03  5.512614E-01
  3.378500E+03  8.910329E-01
  3.379000E+03  1.212143E+00
  3.379500E+03  1.505411E+00
  3.380000E+03  1.762555E+00
  3.380500E+03  1.976440E+00
  3.381000E+03  2.141272E+00
  3.381500E+03  2.252744E+00
  3.382000E+03  2.308116E+00
  3.382500E+03  2.306246E+00
  3.383000E+03  2.247550E+00
  3.383500E+03  2.133922E+00
  3.384000E+03  1.968596E+00
  3.384500E+03  1.755978E+00
  3.385000E+03  1.501451E+00
  3.385500E+03  1.211160E+00
  3.386000E+03  8.918048E-01
  3.386500E+03  5.504266E-01
  3.387000E+03  1.942237E-01
  3.387500E+03 -1.696176E-01
  3.388000E+03 -5.340610E-01
  3.388500E+03 -8.923287E-01
  3.389000E+03 -1.237982E+00
  3.389500E+03 -1.564975E+00
  3.390000E+03 -1.867691E+00
  3.390500E+03 -2.140961E+00
  3.391000E+03 -2.380080E+00
  3.391500E+03 -2.580821E+00
  3.392000E+03 -2.739462E+00
  3.392500E+03 -2.852814E+00
  3.393000E+03 -2.918278E+00
  3.393500E+03 -2.933903E+00
  3.394000E+03 -2.898469E+00
  3.394500E+03 -2.811571E+00
  3.395000E+03 -2.673705E+00
  3.395500E+03 -2.486351E+00
  3.396000E+03 -2.252033E+00
  3.396500E+03 -1.974360E+00
  3.397000E+03 -1.658031E+00
  3.397500E+03 -1.308792E+00
  3.398000E+03 -9.333585E-01
  3.398500E+03 -5.392809E-01
  3.399000E+03 -1.347674E-01
  3.399500E+03  2.715349E-01
  3.400000E+03  6.707924E-01
  3.400500E+03  1.054260E+00
  3.401000E+03  1.413563E+00
  3.401500E+03  1.740981E+00
  3.402000E+03  2.029701E+00
  3.402500E+03  2.274046E+00
  3.403000E+03  2.469652E+00
  3.403500E+03  2.613591E+00
  3.404000E+03  2.704429E+00
  3.404500E+03  2.742222E+00
  3.405000E+03  2.728441E+00
  3.405500E+03  2.665842E+00
  3.406000E+03  2.558288E+00
  3.406500E+03  2.410522E+00
  3.407000E+03  2.227924E+00
  3.407500E+03  2.016253E+00
  3.408000E+03  1.781396E+00
  3.408500E+03  1.529131E+00
  3.409000E+03  1.264933E+00
  3.409500E+03  9.938055E-01
  3.410000E+03  7.201724E-01
  3.410500E+03  4.478159E-01
  3.411000E+03  1.798641E-01
  3.411500E+03 -8.117461E-02
  3.412000E+03 -3.333385E-01
  3.412500E+03 -5.751105E-01
  3.413000E+03 -8.052974E-01
  3.413500E+03 -1.022902E+00
  3.414000E+03 -1.227001E+00
  3.414500E+03 -1.416634E+00
  3.415000E+03 -1.590718E+00
  3.415500E+03 -1.747989E+00
  3.416000E+03 -1.886972E+00
  3.416500E+03 -2.005989E+00
  3.417000E+03 -2.103187E+00
  3.417500E+03 -2.176600E+00
  3.418000E+03 -2.224224E+00
  3.418500E+03 -2.244103E+00
  3.419000E+03 -2.234426E+00
  3.419500E+03 -2.193614E+00
  3.420000E+03 -2.120402E+00
  3.420500E+03 -2.013912E+00
  3.421000E+03 -1.873703E+00
  3.421500E+03 -1.699814E+00
  3.422000E+03 -1.492788E+00
  3.422500E+03 -1.253682E+00
  3.423000E+03 -9.840725E-01
  3.423500E+03 -6.860568E-01
  3.424000E+03 -3.622499E-01
  3.424500E+03 -1.578656E-02
  3.425000E+03  3.496729E-01
  3.425500E+03  7.299331E-01
  3.426000E+03  1.120250E+00
  3.426500E+03  1.515322E+00
  3.427000E+03  1.909281E+00
  3.427500E+03  2.295700E+00
  3.428000E+03  2.667621E+00
  3.428500E+03  3.017607E+00
  3.429000E+03  3.337826E+00
  3.429500E+03  3.620174E+00
  3.430000E+03  3.856432E+00
  3.430500E+03  4.038475E+00
  3.431000E+03  4.158499E+00
  3.431500E+03  4.209290E+00
  3.432000E+03  4.184505E+00
  3.432500E+03  4.078966E+00
  3.433000E+03  3.888942E+00
  3.433500E+03  3.612413E+00
  3.434000E+03  3.249295E+00
  3.434500E+03  2.801612E+00
  3.435000E+03  2.273609E+00
  3.435500E+03  1.671787E+00
  3.436000E+03  1.004861E+00
  3.436500E+03  2.836360E-01
  3.437000E+03 -4.791982E-01
  3.437500E+03 -1.269345E+00
  3.438000E+03 -2.071241E+00
  3.438500E+03 -2.868451E+00
  3.439000E+03 -3.644092E+00
  3.439500E+03 -4.381278E+00
  3.440000E+03 -5.063568E+00
  3.440500E+03 -5.675393E+00
  3.441000E+03 -6.202455E+00
  3.441500E+03 -6.632079E+00
  3.442000E+03 -6.953510E+00
  3.442500E+03 -7.158154E+00
  3.443000E+03 -7.239751E+00
  3.443500E+03 -7.194480E+00
  3.444000E+03 -7.021012E+00
  3.444500E+03 -6.720499E+00
  3.445000E+03 -6.296512E+00
  3.445500E+03 -5.754948E+00
  3.446000E+03 -5.103887E+00
  3.446500E+03 -4.353436E+00
  3.447000E+03 -3.515536E+00
  3.447500E+03 -2.603765E+00
  3.448000E+03 -1.633115E+00
  3.448500E+03 -6.197596E-01
  3.449000E+03  4.191933E-01
  3.449500E+03  1.465968E+00
  3.450000E+03  2.502404E+00
  3.450500E+03  3.510254E+00
  3.451000E+03  4.471505E+00
  3.451500E+03  5.368715E+00
  3.452000E+03  6.185359E+00
  3.452500E+03  6.906186E+00
  3.453000E+03  7.517572E+00
  3.453500E+03  8.007858E+00
  3.454000E+03  8.367663E+00
  3.454500E+03  8.590161E+00
  3.455000E+03  8.671303E+00
  3.455500E+03  8.609969E+00
  3.456000E+03  8.408047E+00
  3.456500E+03  8.070426E+00
  3.457000E+03  7.604890E+00
  3.457500E+03  7.021932E+00
  3.458000E+03  6.334465E+00
  3.458500E+03  5.557459E+00
  3.459000E+03  4.707507E+00
  3.459500E+03  3.802340E+00
  3.460000E+03  2.860303E+00
  3.460500E+03  1.899822E+00
  3.461000E+03  9.388841E-01
  3.461500E+03 -5.457497E-03
  3.462000E+03 -9.175202E-01
  3.462500E+03 -1.783361E+00
  3.463000E+03 -2.591061E+00
  3.463500E+03 -3.330916E+00
  3.464000E+03 -3.995530E+00
  3.464500E+03 -4.579808E+00
  3.465000E+03 -5.080866E+00
  3.465500E+03 -5.497849E+00
  3.466000E+03 -5.831690E+00
  3.466500E+03 -6.084820E+00
  3.467000E+03 -6.260840E+00
  3.467500E+03 -6.364194E+00
  3.468000E+03 -6.399840E+00
  3.468500E+03 -6.372949E+00
  3.469000E+03 -6.288650E+00
  3.469500E+03 -6.151820E+00
  3.470000E+03 -5.966933E+00
  3.470500E+03 -5.737972E+00
  3.471000E+03 -5.468403E+00
  3.471500E+03 -5.161200E+00
  3.472000E+03 -4.818925E+00
  3.472500E+03 -4.443833E+00
  3.473000E+03 -4.038013E+00
  3.473500E+03 -3.603534E+00
  3.474000E+03 -3.142588E+00
  3.474500E+03 -2.657630E+00
  3.475000E+03 -2.151476E+00
  3.475500E+03 -1.627390E+00
  3.476000E+03 -1.089116E+00
  3.476500E+03 -5.408890E-01
  3.477000E+03  1.260723E-02
  3.477500E+03  5.663067E-01
  3.478000E+03  1.114860E+00
  3.478500E+03  1.652756E+00
  3.479000E+03  2.174451E+00
  3.479500E+03  2.674507E+00
  3.480000E+03  3.147724E+00
  3.480500E+03  3.589259E+00
  3.481000E+03  3.994721E+00
  3.481500E+03  4.360252E+00
  3.482000E+03  4.682568E+00
  3.482500E+03  4.958985E+00
  3.483000E+03  5.187405E+00
  3.483500E+03  5.366289E+00
  3.484000E+03  5.494604E+00
  3.484500E+03  5.571757E+00
  3.485000E+03  5.597527E+00
  3.485500E+03  5.571993E+00
  3.486000E+03  5.495464E+00
  3.486500E+03  5.368436E+00
  3.487000E+03  5.191548E+00
  3.487500E+03  4.965571E+00
  3.488000E+03  4.691420E+00
  3.488500E+03  4.370178E+00
  3.489000E+03  4.003153E+00
  3.489500E+03  3.591948E+00
  3.490000E+03  3.138541E+00
  3.490500E+03  2.645378E+00
  3.491000E+03  2.115465E+00
  3.491500E+03  1.552448E+00
  3.492000E+03  9.606919E-01
  3.492500E+03  3.453267E-01
  3.493000E+03 -2.877246E-01
  3.493500E+03 -9.317506E-01
  3.494000E+03 -1.579290E+00
  3.494500E+03 -2.222205E+00
  3.495000E+03 -2.851789E+00
  3.495500E+03 -3.458911E+00
  3.496000E+03 -4.034185E+00
  3.496500E+03 -4.568165E+00
  3.497000E+03 -5.051567E+00
  3.497500E+03 -5.475484E+00
  3.498000E+03 -5.831625E+00
  3.498500E+03 -6.112533E+00
  3.499000E+03 -6.311796E+00
  3.499500E+03 -6.424237E+00
  3.500000E+03 -6.446078E+00
  3.500500E+03 -6.375066E+00
  3.501000E+03 -6.210569E+00
  3.501500E+03 -5.953622E+00
  3.502000E+03 -5.606945E+00
  3.502500E+03 -5.174908E+00
  3.503000E+03 -4.663466E+00
  3.503500E+03 -4.080057E+00
  3.504000E+03 -3.433462E+00
  3.504500E+03 -2.733649E+00
  3.505000E+03 -1.991588E+00
  3.505500E+03 -1.219050E+00
  3.506000E+03 -4.284033E-01
  3.506500E+03  3.676067E-01
  3.507000E+03  1.156072E+00
  3.507500E+03  1.924135E+00
  3.508000E+03  2.659203E+00
  3.508500E+03  3.349144E+00
  3.509000E+03  3.982485E+00
  3.509500E+03  4.548593E+00
  3.510000E+03  5.037849E+00
  3.510500E+03  5.441806E+00
  3.511000E+03  5.753340E+00
  3.511500E+03  5.966782E+00
  3.512000E+03  6.078037E+00
  3.512500E+03  6.084685E+00
  3.513000E+03  5.986060E+00
  3.513500E+03  5.783311E+00
  3.514000E+03  5.479432E+00
  3.514500E+03  5.079262E+00
  3.515000E+03  4.589460E+00
  3.515500E+03  4.018431E+00
  3.516000E+03  3.376230E+00
  3.516500E+03  2.674418E+00
  3.517000E+03  1.925881E+00
  3.517500E+03  1.144617E+00
  3.518000E+03  3.454810E-01
  3.518500E+03 -4.560912E-01
  3.519000E+03 -1.244389E+00
  3.519500E+03 -2.003750E+00
  3.520000E+03 -2.718887E+00
  3.520500E+03 -3.375226E+00
  3.521000E+03 -3.959228E+00
  3.521500E+03 -4.458695E+00
  3.522000E+03 -4.863060E+00
  3.522500E+03 -5.163632E+00
  3.523000E+03 -5.353814E+00
  3.523500E+03 -5.429260E+00
  3.524000E+03 -5.388003E+00
  3.524500E+03 -5.230511E+00
  3.525000E+03 -4.959703E+00
  3.525500E+03 -4.580901E+00
  3.526000E+03 -4.101741E+00
  3.526500E+03 -3.532019E+00
  3.527000E+03 -2.883502E+00
  3.527500E+03 -2.169693E+00
  3.528000E+03 -1.405557E+00
  3.528500E+03 -6.072128E-01
  3.529000E+03  2.083913E-01
  3.529500E+03  1.023832E+00
  3.530000E+03  1.821574E+00
  3.530500E+03  2.584333E+00
  3.531000E+03  3.295450E+00
  3.531500E+03  3.939242E+00
  3.532000E+03  4.501348E+00
  3.532500E+03  4.969048E+00
  3.533000E+03  5.331546E+00
  3.533500E+03  5.580225E+00
  3.534000E+03  5.708849E+00
  3.534500E+03  5.713721E+00
  3.535000E+03  5.593785E+00
  3.535500E+03  5.350665E+00
  3.536000E+03  4.988650E+00
  3.536500E+03  4.514614E+00
  3.537000E+03  3.937870E+00
  3.537500E+03  3.269979E+00
  3.538000E+03  2.524490E+00
  3.538500E+03  1.716646E+00
  3.539000E+03  8.630393E-01
  3.539500E+03 -1.875553E-02
  3.540000E+03 -9.105726E-01
  3.540500E+03 -1.794056E+00
  3.541000E+03 -2.651058E+00
  3.541500E+03 -3.464032E+00
  3.542000E+03 -4.216393E+00
  3.542500E+03 -4.892862E+00
  3.543000E+03 -5.479766E+00
  3.543500E+03 -5.965292E+00
  3.544000E+03 -6.339703E+00
  3.544500E+03 -6.595498E+00
  3.545000E+03 -6.727525E+00
  3.545500E+03 -6.733041E+00
  3.546000E+03 -6.611729E+00
  3.546500E+03 -6.365666E+00
  3.547000E+03 -5.999250E+00
  3.547500E+03 -5.519093E+00
  3.548000E+03 -4.933873E+00
  3.548500E+03 -4.254162E+00
  3.549000E+03 -3.492222E+00
  3.549500E+03 -2.661781E+00
  3.550000E+03 -1.777788E+00
  3.550500E+03 -8.561439E-01
  3.551000E+03  8.657129E-02
  3.551500E+03  1.033396E+00
  3.552000E+03  1.967283E+00
  3.552500E+03  2.871412E+00
  3.553000E+03  3.729490E+00
  3.553500E+03  4.526057E+00
  3.554000E+03  5.246779E+00
  3.554500E+03  5.878722E+00
  3.555000E+03  6.410607E+00
  3.555500E+03  6.833033E+00
  3.556000E+03  7.138659E+00
  3.556500E+03  7.322352E+00
  3.557000E+03  7.381281E+00
  3.557500E+03  7.314958E+00
  3.558000E+03  7.125233E+00
  3.558500E+03  6.816229E+00
  3.559000E+03  6.394222E+00
  3.559500E+03  5.867487E+00
  3.560000E+03  5.246079E+00
  3.560500E+03  4.541601E+00
  3.561000E+03  3.766928E+00
  3.561500E+03  2.935920E+00
  3.562000E+03  2.063126E+00
  3.562500E+03  1.163485E+00
  3.563000E+03  2.520367E-01
  3.563500E+03 -6.563487E-01
  3.564000E+03 -1.547223E+00
  3.564500E+03 -2.406785E+00
  3.565000E+03 -3.222074E+00
  3.565500E+03 -3.981139E+00
  3.566000E+03 -4.673175E+00
  3.566500E+03 -5.288631E+00
  3.567000E+03 -5.819301E+00
  3.567500E+03 -6.258385E+00
  3.568000E+03 -6.600536E+00
  3.568500E+03 -6.841897E+00
  3.569000E+03 -6.980116E+00
  3.569500E+03 -7.014357E+00
  3.570000E+03 -6.945296E+00
  3.570500E+03 -6.775106E+00
  3.571000E+03 -6.507432E+00
  3.571500E+03 -6.147337E+00
  3.572000E+03 -5.701249E+00
  3.572500E+03 -5.176865E+00
  3.573000E+03 -4.583042E+00
  3.573500E+03 -3.929664E+00
  3.574000E+03 -3.227473E+00
  3.574500E+03 -2.487883E+00
  3.575000E+03 -1.722772E+00
  3.575500E+03 -9.442495E-01
  3.576000E+03 -1.644205E-01
  3.576500E+03  6.048575E-01
  3.577000E+03  1.352213E+00
  3.577500E+03  2.066986E+00
  3.578000E+03  2.739428E+00
  3.578500E+03  3.360880E+00
  3.579000E+03  3.923904E+00
  3.579500E+03  4.422382E+00
  3.580000E+03  4.851565E+00
  3.580500E+03  5.208080E+00
  3.581000E+03  5.489896E+00
  3.581500E+03  5.696245E+00
  3.582000E+03  5.827521E+00
  3.582500E+03  5.885139E+00
  3.583000E+03  5.871397E+00
  3.583500E+03  5.789312E+00
  3.584000E+03  5.642473E+00
  3.584500E+03  5.434897E+00
  3.585000E+03  5.170903E+00
  3.585500E+03  4.855013E+00
  3.586000E+03  4.491875E+00
  3.586500E+03  4.086210E+00
  3.587000E+03  3.642797E+00
  3.587500E+03  3.166464E+00
  3.588000E+03  2.662111E+00
  3.588500E+03  2.134733E+00
  3.589000E+03  1.589457E+00
  3.589500E+03  1.031567E+00
  3.590000E+03  4.665291E-01
  3.590500E+03 -1.000066E-01
  3.591000E+03 -6.622190E-01
  3.591500E+03 -1.214153E+00
  3.592000E+03 -1.749778E+00
  3.592500E+03 -2.263070E+00
  3.593000E+03 -2.748112E+00
  3.593500E+03 -3.199208E+00
  3.594000E+03 -3.611006E+00
  3.594500E+03 -3.978621E+00
  3.595000E+03 -4.297761E+00
  3.595500E+03 -4.564827E+00
  3.596000E+03 -4.777009E+00
  3.596500E+03 -4.932353E+00
  3.597000E+03 -5.029799E+00
  3.597500E+03 -5.069195E+00
  3.598000E+03 -5.051282E+00
  3.598500E+03 -4.977643E+00
  3.599000E+03 -4.850637E+00
  3.599500E+03 -4.673307E+00
  3.600000E+03 -4.449268E+00
  3.600500E+03 -4.182595E+00
  3.601000E+03 -3.877691E+00
  3.601500E+03 -3.539172E+00
  3.602000E+03 -3.171746E+00
  3.602500E+03 -2.780115E+00
  3.603000E+03 -2.368881E+00
  3.603500E+03 -1.942478E+00
  3.604000E+03 -1.505123E+00
  3.604500E+03 -1.060783E+00
  3.605000E+03 -6.131686E-01
  3.605500E+03 -1.657400E-01
  3.606000E+03  2.782683E-01
  3.606500E+03  7.158102E-01
  3.607000E+03  1.143982E+00
  3.607500E+03  1.559972E+00
  3.608000E+03  1.961008E+00
  3.608500E+03  2.344306E+00
  3.609000E+03  2.707034E+00
  3.609500E+03  3.046276E+00
  3.610000E+03  3.359017E+00
  3.610500E+03  3.642144E+00
  3.611000E+03  3.892464E+00
  3.611500E+03  4.106745E+00
  3.612000E+03  4.281772E+00
  3.612500E+03  4.414434E+00
  3.613000E+03  4.501815E+00
  3.613500E+03  4.541309E+00
  3.614000E+03  4.530751E+00
  3.614500E+03  4.468541E+00
  3.615000E+03  4.353784E+00
  3.615500E+03  4.186410E+00
  3.616000E+03  3.967295E+00
  3.616500E+03  3.698347E+00
  3.617000E+03  3.382575E+00
  3.617500E+03  3.024117E+00
  3.618000E+03  2.628231E+00
  3.618500E+03  2.201240E+00
  3.619000E+03  1.750427E+00
  3.619500E+03  1.283886E+00
  3.620000E+03  8.103269E-01
  3.620500E+03  3.388364E-01
  3.621000E+03 -1.213912E-01
  3.621500E+03 -5.613491E-01
  3.622000E+03 -9.725259E-01
  3.622500E+03 -1.347213E+00
  3.623000E+03 -1.678795E+00
  3.623500E+03 -1.962015E+00
  3.624000E+03 -2.193196E+00
  3.624500E+03 -2.370403E+00
  3.625000E+03 -2.493543E+00
  3.625500E+03 -2.564392E+00
  3.626000E+03 -2.586541E+00
  3.626500E+03 -2.565265E+00
  3.627000E+03 -2.507312E+00
  3.627500E+03 -2.420632E+00
  3.628000E+03 -2.314036E+00
  3.628500E+03 -2.196819E+00
  3.629000E+03 -2.078350E+00
  3.629500E+03 -1.967655E+00
  3.630000E+03 -1.873005E+00
  3.630500E+03 -1.801532E+00
  3.631000E+03 -1.758891E+00
  3.631500E+03 -1.748984E+00
  3.632000E+03 -1.773756E+00
  3.632500E+03 -1.833071E+00
  3.633000E+03 -1.924686E+00
  3.633500E+03 -2.044306E+00
  3.634000E+03 -2.185735E+00
  3.634500E+03 -2.341103E+00
  3.635000E+03 -2.501168E+00
  3.635500E+03 -2.655679E+00
  3.636000E+03 -2.793772E+00
  3.636500E+03 -2.904407E+00
  3.637000E+03 -2.976805E+00
  3.637500E+03 -3.000878E+00
  3.638000E+03 -2.967636E+00
  3.638500E+03 -2.869554E+00
  3.639000E+03 -2.700890E+00
  3.639500E+03 -2.457933E+00
  3.640000E+03 -2.139190E+00
  3.640500E+03 -1.745495E+00
  3.641000E+03 -1.280045E+00
  3.641500E+03 -7.483548E-01
  3.642000E+03 -1.581512E-01
  3.642500E+03  4.808067E-01
  3.643000E+03  1.156962E+00
  3.643500E+03  1.857245E+00
  3.644000E+03  2.567398E+00
  3.644500E+03  3.272334E+00
  3.645000E+03  3.956513E+00
  3.645500E+03  4.604329E+00
  3.646000E+03  5.200503E+00
  3.646500E+03  5.730464E+00
  3.647000E+03  6.180717E+00
  3.647500E+03  6.539180E+00
  3.648000E+03  6.795498E+00
  3.648500E+03  6.941314E+00
  3.649000E+03  6.970491E+00
  3.649500E+03  6.879295E+00
  3.650000E+03  6.666513E+00
  3.650500E+03  6.333524E+00
  3.651000E+03  5.884300E+00
  3.651500E+03  5.325357E+00
  3.652000E+03  4.665641E+00
  3.652500E+03  3.916357E+00
  3.653000E+03  3.090744E+00
  3.653500E+03  2.203805E+00
  3.654000E+03  1.271984E+00
  3.654500E+03  3.128143E-01
  3.655000E+03 -6.554588E-01
  3.655500E+03 -1.614280E+00
  3.656000E+03 -2.545188E+00
  3.656500E+03 -3.430223E+00
  3.657000E+03 -4.252313E+00
  3.657500E+03 -4.995649E+00
  3.658000E+03 -5.646023E+00
  3.658500E+03 -6.191129E+00
  3.659000E+03 -6.620819E+00
  3.659500E+03 -6.927308E+00
  3.660000E+03 -7.105328E+00
  3.660500E+03 -7.152224E+00
  3.661000E+03 -7.067995E+00
  3.661500E+03 -6.855276E+00
  3.662000E+03 -6.519273E+00
  3.662500E+03 -6.067635E+00
  3.663000E+03 -5.510297E+00
  3.663500E+03 -4.859259E+00
  3.664000E+03 -4.128341E+00
  3.664500E+03 -3.332901E+00
  3.665000E+03 -2.489522E+00
  3.665500E+03 -1.615675E+00
  3.666000E+03 -7.293684E-01
  3.666500E+03  1.512188E-01
  3.667000E+03  1.008110E+00
  3.667500E+03  1.823902E+00
  3.668000E+03  2.582138E+00
  3.668500E+03  3.267658E+00
  3.669000E+03  3.866936E+00
  3.669500E+03  4.368387E+00
  3.670000E+03  4.762644E+00
  3.670500E+03  5.042783E+00
  3.671000E+03  5.204501E+00
  3.671500E+03  5.246241E+00
  3.672000E+03  5.169245E+00
  3.672500E+03  4.977540E+00
  3.673000E+03  4.677854E+00
  3.673500E+03  4.279454E+00
  3.674000E+03  3.793918E+00
  3.674500E+03  3.234831E+00
  3.675000E+03  2.617426E+00
  3.675500E+03  1.958167E+00
  3.676000E+03  1.274296E+00
  3.676500E+03  5.833499E-01
  3.677000E+03 -9.733423E-02
  3.677500E+03 -7.511052E-01
  3.678000E+03 -1.362464E+00
  3.678500E+03 -1.917492E+00
  3.679000E+03 -2.404217E+00
  3.679500E+03 -2.812923E+00
  3.680000E+03 -3.136369E+00
  3.680500E+03 -3.369926E+00
  3.681000E+03 -3.511621E+00
  3.681500E+03 -3.562089E+00
  3.682000E+03 -3.524433E+00
  3.682500E+03 -3.404011E+00
  3.683000E+03 -3.208145E+00
  3.683500E+03 -2.945775E+00
  3.684000E+03 -2.627080E+00
  3.684500E+03 -2.263066E+00
  3.685000E+03 -1.865159E+00
  3.685500E+03 -1.444806E+00
  3.686000E+03 -1.013112E+00
  3.686500E+03 -5.805149E-01
  3.687000E+03 -1.565224E-01
  3.687500E+03  2.504927E-01
  3.688000E+03  6.334242E-01
  3.688500E+03  9.864993E-01
  3.689000E+03  1.305279E+00
  3.689500E+03  1.586600E+00
  3.690000E+03  1.828471E+00
  3.690500E+03  2.029931E+00
  3.691000E+03  2.190883E+00
  3.691500E+03  2.311922E+00
  3.692000E+03  2.394164E+00
  3.692500E+03  2.439093E+00
  3.693000E+03  2.448427E+00
  3.693500E+03  2.424030E+00
  3.694000E+03  2.367839E+00
  3.694500E+03  2.281846E+00
  3.695000E+03  2.168105E+00
  3.695500E+03  2.028768E+00
  3.696000E+03  1.866136E+00
  3.696500E+03  1.682732E+00
  3.697000E+03  1.481361E+00
  3.697500E+03  1.265163E+00
  3.698000E+03  1.037649E+00
  3.698500E+03  8.026985E-01
  3.699000E+03  5.645278E-01
  3.699500E+03  3.276200E-01
  3.700000E+03  9.661361E-02
  3.700500E+03 -1.238406E-01
  3.701000E+03 -3.292516E-01
  3.701500E+03 -5.154771E-01
  3.702000E+03 -6.789200E-01
  3.702500E+03 -8.167172E-01
  3.703000E+03 -9.269090E-01
  3.703500E+03 -1.008575E+00
  3.704000E+03 -1.061928E+00
  3.704500E+03 -1.088347E+00
  3.705000E+03 -1.090364E+00
  3.705500E+03 -1.071575E+00
  3.706000E+03 -1.036501E+00
  3.706500E+03 -9.903896E-01
  3.707000E+03 -9.389699E-01
  3.707500E+03 -8.881771E-01
  3.708000E+03 -8.438553E-01
  3.708500E+03 -8.114580E-01
  3.709000E+03 -7.957610E-01
  3.709500E+03 -8.006058E-01
  3.710000E+03 -8.286858E-01
  3.710500E+03 -8.813873E-01
  3.711000E+03 -9.586965E-01
  3.711500E+03 -1.059174E+00
  3.712000E+03 -1.179998E+00
  3.712500E+03 -1.317081E+00
  3.713000E+03 -1.465237E+00
  3.713500E+03 -1.618406E+00
  3.714000E+03 -1.769912E+00
  3.714500E+03 -1.912745E+00
  3.715000E+03 -2.039856E+00
  3.715500E+03 -2.144432E+00
  3.716000E+03 -2.220164E+00
  3.716500E+03 -2.261480E+00
  3.717000E+03 -2.263728E+00
  3.717500E+03 -2.223324E+00
  3.718000E+03 -2.137843E+00
  3.718500E+03 -2.006062E+00
  3.719000E+03 -1.827957E+00
  3.719500E+03 -1.604664E+00
  3.720000E+03 -1.338400E+00
  3.720500E+03 -1.032364E+00
  3.721000E+03 -6.906219E-01
  3.721500E+03 -3.179859E-01
  3.722000E+03  8.010893E-02
  3.722500E+03  4.977209E-01
  3.723000E+03  9.285089E-01
  3.723500E+03  1.365830E+00
  3.724000E+03  1.802825E+00
  3.724500E+03  2.232502E+00
  3.725000E+03  2.647805E+00
  3.725500E+03  3.041700E+00
  3.726000E+03  3.407247E+00
  3.726500E+03  3.737698E+00
  3.727000E+03  4.026597E+00
  3.727500E+03  4.267896E+00
  3.728000E+03  4.456087E+00
  3.728500E+03  4.586337E+00
  3.729000E+03  4.654635E+00
  3.729500E+03  4.657933E+00
  3.730000E+03  4.594281E+00
  3.730500E+03  4.462939E+00
  3.731000E+03  4.264467E+00
  3.731500E+03  4.000775E+00
  3.732000E+03  3.675136E+00
  3.732500E+03  3.292148E+00
  3.733000E+03  2.857649E+00
  3.733500E+03  2.378586E+00
  3.734000E+03  1.862837E+00
  3.734500E+03  1.318998E+00
  3.735000E+03  7.561406E-01
  3.735500E+03  1.835564E-01
  3.736000E+03 -3.895053E-01
  3.736500E+03 -9.540891E-01
  3.737000E+03 -1.501762E+00
  3.737500E+03 -2.024808E+00
  3.738000E+03 -2.516385E+00
  3.738500E+03 -2.970620E+00
  3.739000E+03 -3.382667E+00
  3.739500E+03 -3.748705E+00
  3.740000E+03 -4.065885E+00
  3.740500E+03 -4.332241E+00
  3.741000E+03 -4.546572E+00
  3.741500E+03 -4.708299E+00
  3.742000E+03 -4.817318E+00
  3.742500E+03 -4.873860E+00
  3.743000E+03 -4.878372E+00
  3.743500E+03 -4.831421E+00
  3.744000E+03 -4.733642E+00
  3.744500E+03 -4.585728E+00
  3.745000E+03 -4.388454E+00
  3.745500E+03 -4.142753E+00
  3.746000E+03 -3.849817E+00
  3.746500E+03 -3.511233E+00
  3.747000E+03 -3.129122E+00
  3.747500E+03 -2.706283E+00
  3.748000E+03 -2.246331E+00
  3.748500E+03 -1.753790E+00
  3.749000E+03 -1.234164E+00
  3.749500E+03 -6.939488E-01
  3.750000E+03 -1.405900E-01
  3.750500E+03  4.176198E-01
  3.751000E+03  9.717021E-01
  3.751500E+03  1.512209E+00
  3.752000E+03  2.029486E+00
  3.752500E+03  2.513969E+00
  3.753000E+03  2.956505E+00
  3.753500E+03  3.348672E+00
  3.754000E+03  3.683090E+00
  3.754500E+03  3.953706E+00
  3.755000E+03  4.156027E+00
  3.755500E+03  4.287303E+00
  3.756000E+03  4.346641E+00
  3.756500E+03  4.335043E+00
  3.757000E+03  4.255366E+00
  3.757500E+03  4.112213E+00
  3.758000E+03  3.911745E+00
  3.758500E+03  3.661439E+00
  3.759000E+03  3.369792E+00
  3.759500E+03  3.045990E+00
  3.760000E+03  2.699562E+00
  3.760500E+03  2.340021E+00
  3.761000E+03  1.976526E+00
  3.761500E+03  1.617570E+00
  3.762000E+03  1.270703E+00
  3.762500E+03  9.423132E-01
  3.763000E+03  6.374613E-01
  3.763500E+03  3.597807E-01
  3.764000E+03  1.114417E-01
  3.764500E+03 -1.068221E-01
  3.765000E+03 -2.956289E-01
  3.765500E+03 -4.568126E-01
  3.766000E+03 -5.932451E-01
  3.766500E+03 -7.086254E-01
  3.767000E+03 -8.072490E-01
  3.767500E+03 -8.937650E-01
  3.768000E+03 -9.729355E-01
  3.768500E+03 -1.049403E+00
  3.769000E+03 -1.127478E+00
  3.769500E+03 -1.210946E+00
  3.770000E+03 -1.302914E+00
  3.770500E+03 -1.405678E+00
  3.771000E+03 -1.520635E+00
  3.771500E+03 -1.648227E+00
  3.772000E+03 -1.787914E+00
  3.772500E+03 -1.938184E+00
  3.773000E+03 -2.096597E+00
  3.773500E+03 -2.259840E+00
  3.774000E+03 -2.423822E+00
  3.774500E+03 -2.583778E+00
  3.775000E+03 -2.734395E+00
  3.775500E+03 -2.869952E+00
  3.776000E+03 -2.984471E+00
  3.776500E+03 -3.071881E+00
  3.777000E+03 -3.126187E+00
  3.777500E+03 -3.141654E+00
  3.778000E+03 -3.112980E+00
  3.778500E+03 -3.035487E+00
  3.779000E+03 -2.905299E+00
  3.779500E+03 -2.719522E+00
  3.780000E+03 -2.476403E+00
  3.780500E+03 -2.175484E+00
  3.781000E+03 -1.817728E+00
  3.781500E+03 -1.405613E+00
  3.782000E+03 -9.431967E-01
  3.782500E+03 -4.361347E-01
  3.783000E+03  1.083485E-01
  3.783500E+03  6.815390E-01
  3.784000E+03  1.273370E+00
  3.784500E+03  1.872610E+00
  3.785000E+03  2.467112E+00
  3.785500E+03  3.044105E+00
  3.786000E+03  3.590529E+00
  3.786500E+03  4.093408E+00
  3.787000E+03  4.540241E+00
  3.787500E+03  4.919391E+00
  3.788000E+03  5.220482E+00
  3.788500E+03  5.434757E+00
  3.789000E+03  5.555396E+00
  3.789500E+03  5.577784E+00
  3.790000E+03  5.499706E+00
  3.790500E+03  5.321454E+00
  3.791000E+03  5.045856E+00
  3.791500E+03  4.678207E+00
  3.792000E+03  4.226111E+00
  3.792500E+03  3.699239E+00
  3.793000E+03  3.109006E+00
  3.793500E+03  2.468191E+00
  3.794000E+03  1.790511E+00
  3.794500E+03  1.090165E+00
  3.795000E+03  3.813775E-01
  3.795500E+03 -3.220449E-01
  3.796000E+03 -1.007119E+00
  3.796500E+03 -1.662038E+00
  3.797000E+03 -2.276456E+00
  3.797500E+03 -2.841690E+00
  3.798000E+03 -3.350838E+00
  3.798500E+03 -3.798810E+00
  3.799000E+03 -4.182275E+00
  3.799500E+03 -4.499534E+00
  3.800000E+03 -4.750329E+00
  3.800500E+03 -4.935609E+00
  3.801000E+03 -5.057264E+00
  3.801500E+03 -5.117858E+00
  3.802000E+03 -5.120366E+00
  3.802500E+03 -5.067938E+00
  3.803000E+03 -4.963713E+00
  3.803500E+03 -4.810677E+00
  3.804000E+03 -4.611584E+00
  3.804500E+03 -4.368943E+00
  3.805000E+03 -4.085050E+00
  3.805500E+03 -3.762082E+00
  3.806000E+03 -3.402222E+00
  3.806500E+03 -3.007812E+00
  3.807000E+03 -2.581511E+00
  3.807500E+03 -2.126440E+00
  3.808000E+03 -1.646310E+00
  3.808500E+03 -1.145505E+00
  3.809000E+03 -6.291174E-01
  3.809500E+03 -1.029230E-01
  3.810000E+03  4.266957E-01
  3.810500E+03  9.528875E-01
  3.811000E+03  1.468518E+00
  3.811500E+03  1.966389E+00
  3.812000E+03  2.439491E+00
  3.812500E+03  2.881245E+00
  3.813000E+03  3.285751E+00
  3.813500E+03  3.647996E+00
  3.814000E+03  3.964023E+00
  3.814500E+03  4.231042E+00
  3.815000E+03  4.447481E+00
  3.815500E+03  4.612963E+00
  3.816000E+03  4.728219E+00
  3.816500E+03  4.794941E+00
  3.817000E+03  4.815580E+00
  3.817500E+03  4.793116E+00
  3.818000E+03  4.730799E+00
  3.818500E+03  4.631899E+00
  3.819000E+03  4.499465E+00
  3.819500E+03  4.336128E+00
  3.820000E+03  4.143948E+00
  3.820500E+03  3.924327E+00
  3.821000E+03  3.677983E+00
  3.821500E+03  3.405003E+00
  3.822000E+03  3.104957E+00
  3.822500E+03  2.777067E+00
  3.823000E+03  2.420431E+00
  3.823500E+03  2.034265E+00
  3.824000E+03  1.618167E+00
  3.824500E+03  1.172367E+00
  3.825000E+03  6.979509E-01
  3.825500E+03  1.970462E-01
  3.826000E+03 -3.270548E-01
  3.826500E+03 -8.698347E-01
  3.827000E+03 -1.425566E+00
  3.827500E+03 -1.987394E+00
  3.828000E+03 -2.547499E+00
  3.828500E+03 -3.097304E+00
  3.829000E+03 -3.627743E+00
  3.829500E+03 -4.129554E+00
  3.830000E+03 -4.593592E+00
  3.830500E+03 -5.011138E+00
  3.831000E+03 -5.374190E+00
  3.831500E+03 -5.675720E+00
  3.832000E+03 -5.909885E+00
  3.832500E+03 -6.072188E+00
  3.833000E+03 -6.159569E+00
  3.833500E+03 -6.170450E+00
  3.834000E+03 -6.104706E+00
  3.834500E+03 -5.963600E+00
  3.835000E+03 -5.749664E+00
  3.835500E+03 -5.466552E+00
  3.836000E+03 -5.118877E+00
  3.836500E+03 -4.712028E+00
  3.837000E+03 -4.252003E+00
  3.837500E+03 -3.745246E+00
  3.838000E+03 -3.198497E+00
  3.838500E+03 -2.618680E+00
  3.839000E+03 -2.012802E+00
  3.839500E+03 -1.387880E+00
  3.840000E+03 -7.508978E-01
  3.840500E+03 -1.087649E-01
  3.841000E+03  5.317006E-01
  3.841500E+03  1.163791E+00
  3.842000E+03  1.780928E+00
  3.842500E+03  2.376684E+00
  3.843000E+03  2.944822E+00
  3.843500E+03  3.479339E+00
  3.844000E+03  3.974524E+00
  3.844500E+03  4.425038E+00
  3.845000E+03  4.825986E+00
  3.845500E+03  5.173004E+00
  3.846000E+03  5.462349E+00
  3.846500E+03  5.690967E+00
  3.847000E+03  5.856571E+00
  3.847500E+03  5.957684E+00
  3.848000E+03  5.993674E+00
  3.848500E+03  5.964761E+00
  3.849000E+03  5.872009E+00
  3.849500E+03  5.717285E+00
  3.850000E+03  5.503209E+00
  3.850500E+03  5.233084E+00
  3.851000E+03  4.910812E+00
  3.851500E+03  4.540806E+00
  3.852000E+03  4.127899E+00
  3.852500E+03  3.677257E+00
  3.853000E+03  3.194295E+00
  3.853500E+03  2.684601E+00
  3.854000E+03  2.153874E+00
  3.854500E+03  1.607866E+00
  3.855000E+03  1.052343E+00
  3.855500E+03  4.930410E-01
  3.856000E+03 -6.436216E-02
  3.856500E+03 -6.142790E-01
  3.857000E+03 -1.151242E+00
  3.857500E+03 -1.669936E+00
  3.858000E+03 -2.165239E+00
  3.858500E+03 -2.632259E+00
  3.859000E+03 -3.066390E+00
  3.859500E+03 -3.463357E+00
  3.860000E+03 -3.819277E+00
  3.860500E+03 -4.130711E+00
  3.861000E+03 -4.394717E+00
  3.861500E+03 -4.608896E+00
  3.862000E+03 -4.771435E+00
  3.862500E+03 -4.881127E+00
  3.863000E+03 -4.937395E+00
  3.863500E+03 -4.940293E+00
  3.864000E+03 -4.890497E+00
  3.864500E+03 -4.789288E+00
  3.865000E+03 -4.638527E+00
  3.865500E+03 -4.440617E+00
  3.866000E+03 -4.198472E+00
  3.866500E+03 -3.915475E+00
  3.867000E+03 -3.595445E+00
  3.867500E+03 -3.242597E+00
  3.868000E+03 -2.861512E+00
  3.868500E+03 -2.457101E+00
  3.869000E+03 -2.034577E+00
  3.869500E+03 -1.599411E+00
  3.870000E+03 -1.157291E+00
  3.870500E+03 -7.140661E-01
  3.871000E+03 -2.756764E-01
  3.871500E+03  1.519322E-01
  3.872000E+03  5.629112E-01
  3.872500E+03  9.516300E-01
  3.873000E+03  1.312811E+00
  3.873500E+03  1.641676E+00
  3.874000E+03  1.934095E+00
  3.874500E+03  2.186737E+00
  3.875000E+03  2.397199E+00
  3.875500E+03  2.564123E+00
  3.876000E+03  2.687278E+00
  3.876500E+03  2.767596E+00
  3.877000E+03  2.807164E+00
  3.877500E+03  2.809172E+00
  3.878000E+03  2.777789E+00
  3.878500E+03  2.718000E+00
  3.879000E+03  2.635392E+00
  3.879500E+03  2.535893E+00
  3.880000E+03  2.425499E+00
  3.880500E+03  2.309969E+00
  3.881000E+03  2.194538E+00
  3.881500E+03  2.083646E+00
  3.882000E+03  1.980699E+00
  3.882500E+03  1.887890E+00
  3.883000E+03  1.806085E+00
  3.883500E+03  1.734775E+00
  3.884000E+03  1.672122E+00
  3.884500E+03  1.615078E+00
  3.885000E+03  1.559575E+00
  3.885500E+03  1.500799E+00
  3.886000E+03  1.433498E+00
  3.886500E+03  1.352338E+00
  3.887000E+03  1.252268E+00
  3.887500E+03  1.128884E+00
  3.888000E+03  9.787646E-01
  3.888500E+03  7.997507E-01
  3.889000E+03  5.911718E-01
  3.889500E+03  3.539840E-01
  3.890000E+03  9.082138E-02
  3.890500E+03 -1.940455E-01
  3.891000E+03 -4.948448E-01
  3.891500E+03 -8.045229E-01
  3.892000E+03 -1.115038E+00
  3.892500E+03 -1.417714E+00
  3.893000E+03 -1.703628E+00
  3.893500E+03 -1.964020E+00
  3.894000E+03 -2.190698E+00
  3.894500E+03 -2.376414E+00
  3.895000E+03 -2.515195E+00
  3.895500E+03 -2.602615E+00
  3.896000E+03 -2.635986E+00
  3.896500E+03 -2.614469E+00
  3.897000E+03 -2.539097E+00
  3.897500E+03 -2.412707E+00
  3.898000E+03 -2.239798E+00
  3.898500E+03 -2.026310E+00
  3.899000E+03 -1.779353E+00
  3.899500E+03 -1.506885E+00
  3.900000E+03 -1.217373E+00
  3.900500E+03 -9.194405E-01
  3.901000E+03 -6.215246E-01
  3.901500E+03 -3.315609E-01
  3.902000E+03 -5.670414E-02
  3.902500E+03  1.969004E-01
  3.903000E+03  4.242888E-01
  3.903500E+03  6.217884E-01
  3.904000E+03  7.870637E-01
  3.904500E+03  9.191006E-01
  3.905000E+03  1.018132E+00
  3.905500E+03  1.085513E+00
  3.906000E+03  1.123552E+00
  3.906500E+03  1.135305E+00
  3.907000E+03  1.124357E+00
  3.907500E+03  1.094577E+00
  3.908000E+03  1.049884E+00
  3.908500E+03  9.940199E-01
  3.909000E+03  9.303352E-01
  3.909500E+03  8.616163E-01
  3.910000E+03  7.899409E-01
  3.910500E+03  7.165825E-01
  3.911000E+03  6.419621E-01
  3.911500E+03  5.656545E-01
  3.912000E+03  4.864475E-01
  3.912500E+03  4.024553E-01
  3.913000E+03  3.112812E-01
  3.913500E+03  2.102248E-01
  3.914000E+03  9.652542E-02
  3.914500E+03 -3.237007E-02
  3.915000E+03 -1.785262E-01
  3.915500E+03 -3.432404E-01
  3.916000E+03 -5.267828E-01
  3.916500E+03 -7.281707E-01
  3.917000E+03 -9.449928E-01
  3.917500E+03 -1.173301E+00
  3.918000E+03 -1.407578E+00
  3.918500E+03 -1.640798E+00
  3.919000E+03 -1.864575E+00
  3.919500E+03 -2.069412E+00
  3.920000E+03 -2.245035E+00
  3.920500E+03 -2.380817E+00
  3.921000E+03 -2.466252E+00
  3.921500E+03 -2.491492E+00
  3.922000E+03 -2.447887E+00
  3.922500E+03 -2.328530E+00
  3.923000E+03 -2.128754E+00
  3.923500E+03 -1.846570E+00
  3.924000E+03 -1.483000E+00
  3.924500E+03 -1.042293E+00
  3.925000E+03 -5.320024E-01
  3.925500E+03  3.709640E-02
  3.926000E+03  6.512466E-01
  3.926500E+03  1.294106E+00
  3.927000E+03  1.947289E+00
  3.927500E+03  2.591035E+00
  3.928000E+03  3.204966E+00
  3.928500E+03  3.768914E+00
  3.929000E+03  4.263764E+00
  3.929500E+03  4.672275E+00
  3.930000E+03  4.979841E+00
  3.930500E+03  5.175145E+00
  3.931000E+03  5.250670E+00
  3.931500E+03  5.203051E+00
  3.932000E+03  5.033226E+00
  3.932500E+03  4.746391E+00
  3.933000E+03  4.351764E+00
  3.933500E+03  3.862147E+00
  3.934000E+03  3.293338E+00
  3.934500E+03  2.663397E+00
  3.935000E+03  1.991825E+00
  3.935500E+03  1.298688E+00
  3.936000E+03  6.037402E-01
  3.936500E+03 -7.441585E-02
  3.937000E+03 -7.190750E-01
  3.937500E+03 -1.316055E+00
  3.938000E+03 -1.854167E+00
  3.938500E+03 -2.325501E+00
  3.939000E+03 -2.725537E+00
  3.939500E+03 -3.053054E+00
  3.940000E+03 -3.309873E+00
  3.940500E+03 -3.500445E+00
  3.941000E+03 -3.631311E+00
  3.941500E+03 -3.710476E+00
  3.942000E+03 -3.746745E+00
  3.942500E+03 -3.749044E+00
  3.943000E+03 -3.725793E+00
  3.943500E+03 -3.684343E+00
  3.944000E+03 -3.630536E+00
  3.944500E+03 -3.568383E+00
  3.945000E+03 -3.499909E+00
  3.945500E+03 -3.425129E+00
  3.946000E+03 -3.342198E+00
  3.946500E+03 -3.247668E+00
  3.947000E+03 -3.136884E+00
  3.947500E+03 -3.004441E+00
  3.948000E+03 -2.844704E+00
  3.948500E+03 -2.652334E+00
  3.949000E+03 -2.422799E+00
  3.949500E+03 -2.152823E+00
  3.950000E+03 -1.840754E+00
  3.950500E+03 -1.486830E+00
  3.951000E+03 -1.093318E+00
  3.951500E+03 -6.645296E-01
  3.952000E+03 -2.067084E-01
  3.952500E+03  2.721986E-01
  3.953000E+03  7.628679E-01
  3.953500E+03  1.255005E+00
  3.954000E+03  1.737799E+00
  3.954500E+03  2.200403E+00
  3.955000E+03  2.632399E+00
  3.955500E+03  3.024239E+00
  3.956000E+03  3.367616E+00
  3.956500E+03  3.655767E+00
  3.957000E+03  3.883676E+00
  3.957500E+03  4.048179E+00
  3.958000E+03  4.147975E+00
  3.958500E+03  4.183535E+00
  3.959000E+03  4.156936E+00
  3.959500E+03  4.071619E+00
  3.960000E+03  3.932109E+00
  3.960500E+03  3.743705E+00
  3.961000E+03  3.512170E+00
  3.961500E+03  3.243431E+00
  3.962000E+03  2.943324E+00
  3.962500E+03  2.617384E+00
  3.963000E+03  2.270698E+00
  3.963500E+03  1.907825E+00
  3.964000E+03  1.532783E+00
  3.964500E+03  1.149099E+00
  3.965000E+03  7.599134E-01
  3.965500E+03  3.681244E-01
  3.966000E+03 -2.344259E-02
  3.966500E+03 -4.118554E-01
  3.967000E+03 -7.939071E-01
  3.967500E+03 -1.165973E+00
  3.968000E+03 -1.523909E+00
  3.968500E+03 -1.863005E+00
  3.969000E+03 -2.177998E+00
  3.969500E+03 -2.463150E+00
  3.970000E+03 -2.712397E+00
  3.970500E+03 -2.919552E+00
  3.971000E+03 -3.078564E+00
  3.971500E+03 -3.183809E+00
  3.972000E+03 -3.230417E+00
  3.972500E+03 -3.214583E+00
  3.973000E+03 -3.133882E+00
  3.973500E+03 -2.987534E+00
  3.974000E+03 -2.776625E+00
  3.974500E+03 -2.504256E+00
  3.975000E+03 -2.175609E+00
  3.975500E+03 -1.797918E+00
  3.976000E+03 -1.380348E+00
  3.976500E+03 -9.337752E-01
  3.977000E+03 -4.704792E-01
  3.977500E+03 -3.747660E-03
  3.978000E+03  4.525785E-01
  3.978500E+03  8.846099E-01
  3.979000E+03  1.278938E+00
  3.979500E+03  1.623166E+00
  3.980000E+03  1.906415E+00
  3.980500E+03  2.119782E+00
  3.981000E+03  2.256724E+00
  3.981500E+03  2.313357E+00
  3.982000E+03  2.288639E+00
  3.982500E+03  2.184437E+00
  3.983000E+03  2.005472E+00
  3.983500E+03  1.759133E+00
  3.984000E+03  1.455183E+00
  3.984500E+03  1.105351E+00
  3.985000E+03  7.228445E-01
  3.985500E+03  3.217957E-01
  3.986000E+03 -8.333011E-02
  3.986500E+03 -4.783316E-01
  3.987000E+03 -8.498498E-01
  3.987500E+03 -1.185897E+00
  3.988000E+03 -1.476312E+00
  3.988500E+03 -1.713116E+00
  3.989000E+03 -1.890760E+00
  3.989500E+03 -2.006249E+00
  3.990000E+03 -2.059135E+00
  3.990500E+03 -2.051394E+00
  3.991000E+03 -1.987185E+00
  3.991500E+03 -1.872517E+00
  3.992000E+03 -1.714837E+00
  3.992500E+03 -1.522576E+00
  3.993000E+03 -1.304662E+00
  3.993500E+03 -1.070051E+00
  3.994000E+03 -8.272853E-01
  3.994500E+03 -5.841073E-01
  3.995000E+03 -3.471565E-01
  3.995500E+03 -1.217521E-01
  3.996000E+03  8.822221E-02
  3.996500E+03  2.803343E-01
  3.997000E+03  4.535245E-01
  3.997500E+03  6.079428E-01
  3.998000E+03  7.447196E-01
  3.998500E+03  8.656895E-01
  3.999000E+03  9.730923E-01
  3.999500E+03  1.069274E+00
  4.000000E+03  1.156408E+00
  4.000500E+03  1.236266E+00
  4.001000E+03  1.310034E+00
  4.001500E+03  1.378212E+00
  4.002000E+03  1.440578E+00
  4.002500E+03  1.496228E+00
  4.003000E+03  1.543684E+00
  4.003500E+03  1.581051E+00
  4.004000E+03  1.606220E+00
  4.004500E+03  1.617086E+00
  4.005000E+03  1.611766E+00
  4.005500E+03  1.588800E+00
  4.006000E+03  1.547316E+00
  4.006500E+03  1.487138E+00
  4.007000E+03  1.408840E+00
  4.007500E+03  1.313736E+00
  4.008000E+03  1.203802E+00
  4.008500E+03  1.081540E+00
  4.009000E+03  9.498097E-01
  4.009500E+03  8.116122E-01
  4.010000E+03  6.698771E-01
  4.010500E+03  5.272495E-01
  4.011000E+03  3.859059E-01
  4.011500E+03  2.474118E-01
  4.012000E+03  1.126353E-01
  4.012500E+03 -1.827457E-02
  4.013000E+03 -1.458426E-01
  4.013500E+03 -2.711576E-01
  4.014000E+03 -3.957049E-01
  4.014500E+03 -5.211565E-01
  4.015000E+03 -6.491331E-01
  4.015500E+03 -7.809602E-01
  4.016000E+03 -9.174373E-01
  4.016500E+03 -1.058641E+00
  4.017000E+03 -1.203780E+00
  4.017500E+03 -1.351115E+00
  4.018000E+03 -1.497955E+00
  4.018500E+03 -1.640734E+00
  4.019000E+03 -1.775156E+00
  4.019500E+03 -1.896422E+00
  4.020000E+03 -1.999493E+00
  4.020500E+03 -2.079405E+00
  4.021000E+03 -2.131588E+00
  4.021500E+03 -2.152175E+00
  4.022000E+03 -2.138288E+00
  4.022500E+03 -2.088261E+00
  4.023000E+03 -2.001798E+00
  4.023500E+03 -1.880048E+00
  4.024000E+03 -1.725592E+00
  4.024500E+03 -1.542336E+00
  4.025000E+03 -1.335328E+00
  4.025500E+03 -1.110494E+00
  4.026000E+03 -8.743304E-01
  4.026500E+03 -6.335542E-01
  4.027000E+03 -3.947477E-01
  4.027500E+03 -1.640147E-01
  4.028000E+03  5.332685E-02
  4.028500E+03  2.529974E-01
  4.029000E+03  4.319363E-01
  4.029500E+03  5.884016E-01
  4.030000E+03  7.219827E-01
  4.030500E+03  8.335286E-01
  4.031000E+03  9.249986E-01
  4.031500E+03  9.992474E-01
  4.032000E+03  1.059761E+00
  4.032500E+03  1.110362E+00
  4.033000E+03  1.154910E+00
  4.033500E+03  1.197004E+00
  4.034000E+03  1.239723E+00
  4.034500E+03  1.285410E+00
  4.035000E+03  1.335508E+00
  4.035500E+03  1.390467E+00
  4.036000E+03  1.449718E+00
  4.036500E+03  1.511708E+00
  4.037000E+03  1.573997E+00
  4.037500E+03  1.633408E+00
  4.038000E+03  1.686208E+00
  4.038500E+03  1.728318E+00
  4.039000E+03  1.755533E+00
  4.039500E+03  1.763738E+00
  4.040000E+03  1.749110E+00
  4.040500E+03  1.708304E+00
  4.041000E+03  1.638602E+00
  4.041500E+03  1.538035E+00
  4.042000E+03  1.405478E+00
  4.042500E+03  1.240703E+00
  4.043000E+03  1.044419E+00
  4.043500E+03  8.182757E-01
  4.044000E+03  5.648589E-01
  4.044500E+03  2.876656E-01
  4.045000E+03 -8.934198E-03
  4.045500E+03 -3.197463E-01
  4.046000E+03 -6.388162E-01
  4.046500E+03 -9.595089E-01
  4.047000E+03 -1.274609E+00
  4.047500E+03 -1.576444E+00
  4.048000E+03 -1.857040E+00
  4.048500E+03 -2.108305E+00
  4.049000E+03 -2.322246E+00
  4.049500E+03 -2.491221E+00
  4.050000E+03 -2.608215E+00
  4.050500E+03 -2.667135E+00
  4.051000E+03 -2.663112E+00
  4.051500E+03 -2.592801E+00
  4.052000E+03 -2.454648E+00
  4.052500E+03 -2.249124E+00
  4.053000E+03 -1.978894E+00
  4.053500E+03 -1.648908E+00
  4.054000E+03 -1.266406E+00
  4.054500E+03 -8.408196E-01
  4.055000E+03 -3.835610E-01
  4.055500E+03  9.228298E-02
  4.056000E+03  5.723615E-01
  4.056500E+03  1.041552E+00
  4.057000E+03  1.484518E+00
  4.057500E+03  1.886303E+00
  4.058000E+03  2.232941E+00
  4.058500E+03  2.512041E+00
  4.059000E+03  2.713325E+00
  4.059500E+03  2.829084E+00
  4.060000E+03  2.854532E+00
  4.060500E+03  2.788029E+00
  4.061000E+03  2.631173E+00
  4.061500E+03  2.388741E+00
  4.062000E+03  2.068489E+00
  4.062500E+03  1.680825E+00
  4.063000E+03  1.238358E+00
  4.063500E+03  7.553706E-01
  4.064000E+03  2.472175E-01
  4.064500E+03 -2.702959E-01
  4.065000E+03 -7.815360E-01
  4.065500E+03 -1.271625E+00
  4.066000E+03 -1.726963E+00
  4.066500E+03 -2.135661E+00
  4.067000E+03 -2.487867E+00
  4.067500E+03 -2.775978E+00
  4.068000E+03 -2.994736E+00
  4.068500E+03 -3.141199E+00
  4.069000E+03 -3.214625E+00
  4.069500E+03 -3.216252E+00
  4.070000E+03 -3.149028E+00
  4.070500E+03 -3.017293E+00
  4.071000E+03 -2.826443E+00
  4.071500E+03 -2.582605E+00
  4.072000E+03 -2.292340E+00
  4.072500E+03 -1.962389E+00
  4.073000E+03 -1.599473E+00
  4.073500E+03 -1.210163E+00
  4.074000E+03 -8.008054E-01
  4.074500E+03 -3.775076E-01
  4.075000E+03  5.382754E-02
  4.075500E+03  4.874362E-01
  4.076000E+03  9.176103E-01
  4.076500E+03  1.338613E+00
  4.077000E+03  1.744612E+00
  4.077500E+03  2.129642E+00
  4.078000E+03  2.487611E+00
  4.078500E+03  2.812352E+00
  4.079000E+03  3.097732E+00
  4.079500E+03  3.337804E+00
  4.080000E+03  3.526999E+00
  4.080500E+03  3.660356E+00
  4.081000E+03  3.733755E+00
  4.081500E+03  3.744159E+00
  4.082000E+03  3.689826E+00
  4.082500E+03  3.570489E+00
  4.083000E+03  3.387485E+00
  4.083500E+03  3.143813E+00
  4.084000E+03  2.844122E+00
  4.084500E+03  2.494626E+00
  4.085000E+03  2.102934E+00
  4.085500E+03  1.677819E+00
  4.086000E+03  1.228921E+00
  4.086500E+03  7.664132E-01
  4.087000E+03  3.006326E-01
  4.087500E+03 -1.582902E-01
  4.088000E+03 -6.007931E-01
  4.088500E+03 -1.018212E+00
  4.089000E+03 -1.403063E+00
  4.089500E+03 -1.749261E+00
  4.090000E+03 -2.052265E+00
  4.090500E+03 -2.309146E+00
  4.091000E+03 -2.518576E+00
  4.091500E+03 -2.680732E+00
  4.092000E+03 -2.797137E+00
  4.092500E+03 -2.870445E+00
  4.093000E+03 -2.904174E+00
  4.093500E+03 -2.902422E+00
  4.094000E+03 -2.869565E+00
  4.094500E+03 -2.809971E+00
  4.095000E+03 -2.727739E+00
  4.095500E+03 -2.626473E+00
  4.096000E+03 -2.509122E+00
  4.096500E+03 -2.377866E+00
  4.097000E+03 -2.234081E+00
  4.097500E+03 -2.078366E+00
  4.098000E+03 -1.910635E+00
  4.098500E+03 -1.730261E+00
  4.099000E+03 -1.536275E+00
  4.099500E+03 -1.327587E+00
  4.100000E+03 -1.103232E+00
  4.100500E+03 -8.626104E-01
  4.101000E+03 -6.057162E-01
  4.101500E+03 -3.333344E-01
  4.102000E+03 -4.719089E-02
  4.102500E+03  2.499526E-01
  4.103000E+03  5.542679E-01
  4.103500E+03  8.608985E-01
  4.104000E+03  1.164067E+00
  4.104500E+03  1.457247E+00
  4.105000E+03  1.733397E+00
  4.105500E+03  1.985233E+00
  4.106000E+03  2.205543E+00
  4.106500E+03  2.387518E+00
  4.107000E+03  2.525074E+00
  4.107500E+03  2.613171E+00
  4.108000E+03  2.648085E+00
  4.108500E+03  2.627634E+00
  4.109000E+03  2.551349E+00
  4.109500E+03  2.420558E+00
  4.110000E+03  2.238407E+00
  4.110500E+03  2.009786E+00
  4.111000E+03  1.741192E+00
  4.111500E+03  1.440504E+00
  4.112000E+03  1.116714E+00
  4.112500E+03  7.795949E-01
  4.113000E+03  4.393436E-01
  4.113500E+03  1.062078E-01
  4.114000E+03 -2.098873E-01
  4.114500E+03 -4.996929E-01
  4.115000E+03 -7.549552E-01
  4.115500E+03 -9.686884E-01
  4.116000E+03 -1.135388E+00
  4.116500E+03 -1.251185E+00
  4.117000E+03 -1.313922E+00
  4.117500E+03 -1.323179E+00
  4.118000E+03 -1.280224E+00
  4.118500E+03 -1.187911E+00
  4.119000E+03 -1.050537E+00
  4.119500E+03 -8.736550E-01
  4.120000E+03 -6.638721E-01
  4.120500E+03 -4.286246E-01
  4.121000E+03 -1.759553E-01
  4.121500E+03  8.570741E-02
  4.122000E+03  3.477591E-01
  4.122500E+03  6.016153E-01
  4.123000E+03  8.388918E-01
  4.123500E+03  1.051570E+00
  4.124000E+03  1.232147E+00
  4.124500E+03  1.373784E+00
  4.125000E+03  1.470436E+00
  4.125500E+03  1.516993E+00
  4.126000E+03  1.509406E+00
  4.126500E+03  1.444826E+00
  4.127000E+03  1.321729E+00
  4.127500E+03  1.140042E+00
  4.128000E+03  9.012509E-01
  4.128500E+03  6.084888E-01
  4.129000E+03  2.665935E-01
  4.129500E+03 -1.178791E-01
  4.130000E+03 -5.366931E-01
  4.130500E+03 -9.800309E-01
  4.131000E+03 -1.436660E+00
  4.131500E+03 -1.894171E+00
  4.132000E+03 -2.339281E+00
  4.132500E+03 -2.758213E+00
  4.133000E+03 -3.137114E+00
  4.133500E+03 -3.462529E+00
  4.134000E+03 -3.721889E+00
  4.134500E+03 -3.904003E+00
  4.135000E+03 -3.999529E+00
  4.135500E+03 -4.001392E+00
  4.136000E+03 -3.905147E+00
  4.136500E+03 -3.709237E+00
  4.137000E+03 -3.415159E+00
  4.137500E+03 -3.027497E+00
  4.138000E+03 -2.553844E+00
  4.138500E+03 -2.004592E+00
  4.139000E+03 -1.392607E+00
  4.139500E+03 -7.328044E-01
  4.140000E+03 -4.163138E-02
  4.140500E+03  6.635021E-01
  4.141000E+03  1.364832E+00
  4.141500E+03  2.044850E+00
  4.142000E+03  2.686897E+00
  4.142500E+03  3.275696E+00
  4.143000E+03  3.797820E+00
  4.143500E+03  4.242064E+00
  4.144000E+03  4.599714E+00
  4.144500E+03  4.864695E+00
  4.145000E+03  5.033617E+00
  4.145500E+03  5.105704E+00
  4.146000E+03  5.082635E+00
  4.146500E+03  4.968290E+00
  4.147000E+03  4.768455E+00
  4.147500E+03  4.490467E+00
  4.148000E+03  4.142851E+00
  4.148500E+03  3.734958E+00
  4.149000E+03  3.276621E+00
  4.149500E+03  2.777849E+00
  4.150000E+03  2.248562E+00
  4.150500E+03  1.698387E+00
  4.151000E+03  1.136503E+00
  4.151500E+03  5.715447E-01
  4.152000E+03  1.154401E-02
  4.152500E+03 -5.360799E-01
  4.153000E+03 -1.064510E+00
  4.153500E+03 -1.567501E+00
  4.154000E+03 -2.039346E+00
  4.154500E+03 -2.474848E+00
  4.155000E+03 -2.869300E+00
  4.155500E+03 -3.218488E+00
  4.156000E+03 -3.518714E+00
  4.156500E+03 -3.766832E+00
  4.157000E+03 -3.960311E+00
  4.157500E+03 -4.097300E+00
  4.158000E+03 -4.176697E+00
  4.158500E+03 -4.198223E+00
  4.159000E+03 -4.162472E+00
  4.159500E+03 -4.070946E+00
  4.160000E+03 -3.926064E+00
  4.160500E+03 -3.731144E+00
  4.161000E+03 -3.490342E+00
  4.161500E+03 -3.208571E+00
  4.162000E+03 -2.891381E+00
  4.162500E+03 -2.544821E+00
  4.163000E+03 -2.175278E+00
  4.163500E+03 -1.789308E+00
  4.164000E+03 -1.393458E+00
  4.164500E+03 -9.941040E-01
  4.165000E+03 -5.972910E-01
  4.165500E+03 -2.085974E-01
  4.166000E+03  1.669775E-01
  4.166500E+03  5.250988E-01
  4.167000E+03  8.621511E-01
  4.167500E+03  1.175265E+00
  4.168000E+03  1.462315E+00
  4.168500E+03  1.721892E+00
  4.169000E+03  1.953253E+00
  4.169500E+03  2.156250E+00
  4.170000E+03  2.331253E+00
  4.170500E+03  2.479049E+00
  4.171000E+03  2.600749E+00
  4.171500E+03  2.697681E+00
  4.172000E+03  2.771290E+00
  4.172500E+03  2.823040E+00
  4.173000E+03  2.854319E+00
  4.173500E+03  2.866356E+00
  4.174000E+03  2.860150E+00
  4.174500E+03  2.836409E+00
  4.175000E+03  2.795507E+00
  4.175500E+03  2.737464E+00
  4.176000E+03  2.661945E+00
  4.176500E+03  2.568278E+00
  4.177000E+03  2.455510E+00
  4.177500E+03  2.322475E+00
  4.178000E+03  2.167899E+00
  4.178500E+03  1.990521E+00
  4.179000E+03  1.789233E+00
  4.179500E+03  1.563241E+00
  4.180000E+03  1.312220E+00
  4.180500E+03  1.036474E+00
  4.181000E+03  7.370796E-01
  4.181500E+03  4.160038E-01
  4.182000E+03  7.619243E-02
  4.182500E+03 -2.783907E-01
  4.183000E+03 -6.427733E-01
  4.183500E+03 -1.011042E+00
  4.184000E+03 -1.376466E+00
  4.184500E+03 -1.731685E+00
  4.185000E+03 -2.068939E+00
  4.185500E+03 -2.380352E+00
  4.186000E+03 -2.658241E+00
  4.186500E+03 -2.895441E+00
  4.187000E+03 -3.085633E+00
  4.187500E+03 -3.223645E+00
  4.188000E+03 -3.305723E+00
  4.188500E+03 -3.329742E+00
  4.189000E+03 -3.295351E+00
  4.189500E+03 -3.204031E+00
  4.190000E+03 -3.059079E+00
  4.190500E+03 -2.865487E+00
  4.191000E+03 -2.629751E+00
  4.191500E+03 -2.359597E+00
  4.192000E+03 -2.063646E+00
  4.192500E+03 -1.751034E+00
  4.193000E+03 -1.431009E+00
  4.193500E+03 -1.112530E+00
  4.194000E+03 -8.038788E-01
  4.194500E+03 -5.123216E-01
  4.195000E+03 -2.438290E-01
  4.195500E+03 -2.870642E-03
  4.196000E+03  2.077016E-01
  4.196500E+03  3.866810E-01
  4.197000E+03  5.344419E-01
  4.197500E+03  6.527927E-01
  4.198000E+03  7.447553E-01
  4.198500E+03  8.142886E-01
  4.199000E+03  8.659737E-01
  4.199500E+03  9.046817E-01
  4.200000E+03  9.352455E-01
  4.200500E+03  9.621554E-01
  4.201000E+03  9.892975E-01
  4.201500E+03  1.019747E+00
  4.202000E+03  1.055632E+00
  4.202500E+03  1.098062E+00
  4.203000E+03  1.147139E+00
  4.203500E+03  1.202027E+00
  4.204000E+03  1.261089E+00
  4.204500E+03  1.322064E+00
  4.205000E+03  1.382280E+00
  4.205500E+03  1.438877E+00
  4.206000E+03  1.489035E+00
  4.206500E+03  1.530176E+00
  4.207000E+03  1.560141E+00
  4.207500E+03  1.577319E+00
  4.208000E+03  1.580727E+00
  4.208500E+03  1.570035E+00
  4.209000E+03  1.545543E+00
  4.209500E+03  1.508100E+00
  4.210000E+03  1.458989E+00
  4.210500E+03  1.399780E+00
  4.211000E+03  1.332163E+00
  4.211500E+03  1.257780E+00
  4.212000E+03  1.178063E+00
  4.212500E+03  1.094099E+00
  4.213000E+03  1.006518E+00
  4.213500E+03  9.154342E-01
  4.214000E+03  8.204233E-01
  4.214500E+03  7.205522E-01
  4.215000E+03  6.144544E-01
  4.215500E+03  5.004476E-01
  4.216000E+03  3.766851E-01
  4.216500E+03  2.413327E-01
  4.217000E+03  9.275782E-02
  4.217500E+03 -7.027957E-02
  4.218000E+03 -2.484490E-01
  4.218500E+03 -4.416948E-01
  4.219000E+03 -6.491164E-01
  4.219500E+03 -8.688916E-01
  4.220000E+03 -1.098251E+00
  4.220500E+03 -1.333504E+00
  4.221000E+03 -1.570121E+00
  4.221500E+03 -1.802866E+00
  4.222000E+03 -2.025976E+00
  4.222500E+03 -2.233380E+00
  4.223000E+03 -2.418942E+00
  4.223500E+03 -2.576728E+00
  4.224000E+03 -2.701266E+00
  4.224500E+03 -2.787805E+00
  4.225000E+03 -2.832544E+00
  4.225500E+03 -2.832825E+00
  4.226000E+03 -2.787280E+00
  4.226500E+03 -2.695923E+00
  4.227000E+03 -2.560176E+00
  4.227500E+03 -2.382833E+00
  4.228000E+03 -2.167959E+00
  4.228500E+03 -1.920728E+00
  4.229000E+03 -1.647207E+00
  4.229500E+03 -1.354097E+00
  4.230000E+03 -1.048449E+00
  4.230500E+03 -7.373556E-01
  4.231000E+03 -4.276498E-01
  4.231500E+03 -1.256223E-01
  4.232000E+03  1.632325E-01
  4.232500E+03  4.344206E-01
  4.233000E+03  6.845939E-01
  4.233500E+03  9.116288E-01
  4.234000E+03  1.114632E+00
  4.234500E+03  1.293874E+00
  4.235000E+03  1.450653E+00
  4.235500E+03  1.587104E+00
  4.236000E+03  1.705950E+00
  4.236500E+03  1.810231E+00
  4.237000E+03  1.903012E+00
  4.237500E+03  1.987096E+00
  4.238000E+03  2.064765E+00
  4.238500E+03  2.137552E+00
  4.239000E+03  2.206081E+00
  4.239500E+03  2.269967E+00
  4.240000E+03  2.327793E+00
  4.240500E+03  2.377169E+00
  4.241000E+03  2.414862E+00
  4.241500E+03  2.436997E+00
  4.242000E+03  2.439308E+00
  4.242500E+03  2.417438E+00
  4.243000E+03  2.367244E+00
  4.243500E+03  2.285115E+00
  4.244000E+03  2.168257E+00
  4.244500E+03  2.014943E+00
  4.245000E+03  1.824701E+00
  4.245500E+03  1.598433E+00
  4.246000E+03  1.338449E+00
  4.246500E+03  1.048426E+00
  4.247000E+03  7.332809E-01
  4.247500E+03  3.989766E-01
  4.248000E+03  5.226770E-02
  4.248500E+03 -2.995941E-01
  4.249000E+03 -6.491764E-01
  4.249500E+03 -9.891833E-01
  4.250000E+03 -1.312753E+00
  4.250500E+03 -1.613716E+00
  4.251000E+03 -1.886805E+00
  4.251500E+03 -2.127789E+00
  4.252000E+03 -2.333554E+00
  4.252500E+03 -2.502095E+00
  4.253000E+03 -2.632455E+00
  4.253500E+03 -2.724601E+00
  4.254000E+03 -2.779260E+00
  4.254500E+03 -2.797726E+00
  4.255000E+03 -2.781664E+00
  4.255500E+03 -2.732918E+00
  4.256000E+03 -2.653353E+00
  4.256500E+03 -2.544728E+00
  4.257000E+03 -2.408629E+00
  4.257500E+03 -2.246448E+00
  4.258000E+03 -2.059423E+00
  4.258500E+03 -1.848723E+00
  4.259000E+03 -1.615577E+00
  4.259500E+03 -1.361419E+00
  4.260000E+03 -1.088057E+00
  4.260500E+03 -7.978183E-01
  4.261000E+03 -4.936797E-01
  4.261500E+03 -1.793506E-01
  4.262000E+03  1.406949E-01
  4.262500E+03  4.612487E-01
  4.263000E+03  7.764642E-01
  4.263500E+03  1.080015E+00
  4.264000E+03  1.365307E+00
  4.264500E+03  1.625738E+00
  4.265000E+03  1.854982E+00
  4.265500E+03  2.047278E+00
  4.266000E+03  2.197718E+00
  4.266500E+03  2.302493E+00
  4.267000E+03  2.359095E+00
  4.267500E+03  2.366463E+00
  4.268000E+03  2.325043E+00
  4.268500E+03  2.236779E+00
  4.269000E+03  2.105027E+00
  4.269500E+03  1.934393E+00
  4.270000E+03  1.730516E+00
  4.270500E+03  1.499798E+00
  4.271000E+03  1.249118E+00
  4.271500E+03  9.855258E-01
  4.272000E+03  7.159573E-01
  4.272500E+03  4.469709E-01
  4.273000E+03  1.845324E-01
  4.273500E+03 -6.614612E-02
  4.274000E+03 -3.007070E-01
  4.274500E+03 -5.156838E-01
  4.275000E+03 -7.084797E-01
  4.275500E+03 -8.772950E-01
  4.276000E+03 -1.021014E+00
  4.276500E+03 -1.139071E+00
  4.277000E+03 -1.231297E+00
  4.277500E+03 -1.297788E+00
  4.278000E+03 -1.338778E+00
  4.278500E+03 -1.354552E+00
  4.279000E+03 -1.345394E+00
  4.279500E+03 -1.311581E+00
  4.280000E+03 -1.253416E+00
  4.280500E+03 -1.171295E+00
  4.281000E+03 -1.065810E+00
  4.281500E+03 -9.378587E-01
  4.282000E+03 -7.887616E-01
  4.282500E+03 -6.203666E-01
  4.283000E+03 -4.351286E-01
  4.283500E+03 -2.361528E-01
  4.284000E+03 -2.719396E-02
  4.284500E+03  1.873935E-01
  4.285000E+03  4.027546E-01
  4.285500E+03  6.136777E-01
  4.286000E+03  8.147762E-01
  4.286500E+03  1.000696E+00
  4.287000E+03  1.166333E+00
  4.287500E+03  1.307053E+00
  4.288000E+03  1.418886E+00
  4.288500E+03  1.498693E+00
  4.289000E+03  1.544292E+00
  4.289500E+03  1.554526E+00
  4.290000E+03  1.529280E+00
  4.290500E+03  1.469440E+00
  4.291000E+03  1.376802E+00
  4.291500E+03  1.253941E+00
  4.292000E+03  1.104045E+00
  4.292500E+03  9.307307E-01
  4.293000E+03  7.378646E-01
  4.293500E+03  5.293865E-01
  4.294000E+03  3.091642E-01
  4.294500E+03  8.088172E-02
  4.295000E+03 -1.520298E-01
  4.295500E+03 -3.864160E-01
  4.296000E+03 -6.193790E-01
  4.296500E+03 -8.482196E-01
  4.297000E+03 -1.070349E+00
  4.297500E+03 -1.283188E+00
  4.298000E+03 -1.484054E+00
  4.298500E+03 -1.670077E+00
  4.299000E+03 -1.838124E+00
  4.299500E+03 -1.984773E+00
  4.300000E+03 -2.106331E+00
  4.300500E+03 -2.198908E+00
  4.301000E+03 -2.258540E+00
  4.301500E+03 -2.281362E+00
  4.302000E+03 -2.263827E+00
  4.302500E+03 -2.202945E+00
  4.303000E+03 -2.096541E+00
  4.303500E+03 -1.943499E+00
  4.304000E+03 -1.743989E+00
  4.304500E+03 -1.499640E+00
  4.305000E+03 -1.213661E+00
  4.305500E+03 -8.908852E-01
  4.306000E+03 -5.377271E-01
  4.306500E+03 -1.620588E-01
  4.307000E+03  2.270039E-01
  4.307500E+03  6.193918E-01
  4.308000E+03  1.004440E+00
  4.308500E+03  1.371296E+00
  4.309000E+03  1.709355E+00
  4.309500E+03  2.008706E+00
  4.310000E+03  2.260558E+00
  4.310500E+03  2.457629E+00
  4.311000E+03  2.594474E+00
  4.311500E+03  2.667730E+00
  4.312000E+03  2.676276E+00
  4.312500E+03  2.621285E+00
  4.313000E+03  2.506176E+00
  4.313500E+03  2.336455E+00
  4.314000E+03  2.119473E+00
  4.314500E+03  1.864092E+00
  4.315000E+03  1.580287E+00
  4.315500E+03  1.278705E+00
  4.316000E+03  9.702013E-01
  4.316500E+03  6.653685E-01
  4.317000E+03  3.740939E-01
  4.317500E+03  1.051563E-01
  4.318000E+03 -1.341160E-01
  4.318500E+03 -3.381109E-01
  4.319000E+03 -5.031121E-01
  4.319500E+03 -6.273860E-01
  4.320000E+03 -7.111738E-01
  4.320500E+03 -7.565927E-01
  4.321000E+03 -7.674526E-01
  4.321500E+03 -7.490000E-01
  4.322000E+03 -7.076029E-01
  4.322500E+03 -6.503929E-01
  4.323000E+03 -5.848838E-01
  4.323500E+03 -5.185826E-01
  4.324000E+03 -4.586143E-01
  4.324500E+03 -4.113753E-01
  4.325000E+03 -3.822312E-01
  4.325500E+03 -3.752719E-01
  4.326000E+03 -3.931341E-01
  4.326500E+03 -4.368961E-01
  4.327000E+03 -5.060495E-01
  4.327500E+03 -5.985451E-01
  4.328000E+03 -7.109108E-01
  4.328500E+03 -8.384322E-01
  4.329000E+03 -9.753879E-01
  4.329500E+03 -1.115324E+00
  4.330000E+03 -1.251360E+00
  4.330500E+03 -1.376504E+00
  4.331000E+03 -1.483964E+00
  4.331500E+03 -1.567454E+00
  4.332000E+03 -1.621457E+00
  4.332500E+03 -1.641457E+00
  4.333000E+03 -1.624121E+00
  4.333500E+03 -1.567420E+00
  4.334000E+03 -1.470700E+00
  4.334500E+03 -1.334687E+00
  4.335000E+03 -1.161442E+00
  4.335500E+03 -9.542567E-01
  4.336000E+03 -7.175138E-01
  4.336500E+03 -4.565068E-01
  4.337000E+03 -1.772363E-01
  4.337500E+03  1.138077E-01
  4.338000E+03  4.098682E-01
  4.338500E+03  7.041373E-01
  4.339000E+03  9.899585E-01
  4.339500E+03  1.261008E+00
  4.340000E+03  1.511449E+00
  4.340500E+03  1.736061E+00
  4.341000E+03  1.930332E+00
  4.341500E+03  2.090527E+00
  4.342000E+03  2.213732E+00
  4.342500E+03  2.297868E+00
  4.343000E+03  2.341686E+00
  4.343500E+03  2.344759E+00
  4.344000E+03  2.307443E+00
  4.344500E+03  2.230850E+00
  4.345000E+03  2.116803E+00
  4.345500E+03  1.967789E+00
  4.346000E+03  1.786918E+00
  4.346500E+03  1.577862E+00
  4.347000E+03  1.344801E+00
  4.347500E+03  1.092353E+00
  4.348000E+03  8.254975E-01
  4.348500E+03  5.494835E-01
  4.349000E+03  2.697275E-01
  4.349500E+03 -8.305275E-03
  4.350000E+03 -2.792302E-01
  4.350500E+03 -5.378821E-01
  4.351000E+03 -7.794592E-01
  4.351500E+03 -9.996658E-01
  4.352000E+03 -1.194847E+00
  4.352500E+03 -1.362108E+00
  4.353000E+03 -1.499411E+00
  4.353500E+03 -1.605644E+00
  4.354000E+03 -1.680646E+00
  4.354500E+03 -1.725203E+00
  4.355000E+03 -1.740993E+00
  4.355500E+03 -1.730494E+00
  4.356000E+03 -1.696848E+00
  4.356500E+03 -1.643699E+00
  4.357000E+03 -1.574996E+00
  4.357500E+03 -1.494790E+00
  4.358000E+03 -1.407017E+00
  4.358500E+03 -1.315300E+00
  4.359000E+03 -1.222760E+00
  4.359500E+03 -1.131864E+00
  4.360000E+03 -1.044312E+00
  4.360500E+03 -9.609681E-01
  4.361000E+03 -8.818491E-01
  4.361500E+03 -8.061594E-01
  4.362000E+03 -7.323798E-01
  4.362500E+03 -6.584000E-01
  4.363000E+03 -5.816894E-01
  4.363500E+03 -4.994932E-01
  4.364000E+03 -4.090438E-01
  4.364500E+03 -3.077744E-01
  4.365000E+03 -1.935212E-01
  4.365500E+03 -6.470320E-02
  4.366000E+03  7.953074E-02
  4.366500E+03  2.391966E-01
  4.367000E+03  4.134159E-01
  4.367500E+03  6.004055E-01
  4.368000E+03  7.975157E-01
  4.368500E+03  1.001314E+00
  4.369000E+03  1.207705E+00
  4.369500E+03  1.412088E+00
  4.370000E+03  1.609528E+00
  4.370500E+03  1.794945E+00
  4.371000E+03  1.963302E+00
  4.371500E+03  2.109784E+00
  4.372000E+03  2.229965E+00
  4.372500E+03  2.319949E+00
  4.373000E+03  2.376484E+00
  4.373500E+03  2.397044E+00
  4.374000E+03  2.379887E+00
  4.374500E+03  2.324075E+00
  4.375000E+03  2.229471E+00
  4.375500E+03  2.096716E+00
  4.376000E+03  1.927179E+00
  4.376500E+03  1.722909E+00
  4.377000E+03  1.486560E+00
  4.377500E+03  1.221327E+00
  4.378000E+03  9.308778E-01
  4.378500E+03  6.192796E-01
  4.379000E+03  2.909404E-01
  4.379500E+03 -4.945301E-02
  4.380000E+03 -3.969901E-01
  4.380500E+03 -7.465904E-01
  4.381000E+03 -1.093055E+00
  4.381500E+03 -1.431121E+00
  4.382000E+03 -1.755515E+00
  4.382500E+03 -2.061016E+00
  4.383000E+03 -2.342516E+00
  4.383500E+03 -2.595097E+00
  4.384000E+03 -2.814099E+00
  4.384500E+03 -2.995209E+00
  4.385000E+03 -3.134542E+00
  4.385500E+03 -3.228723E+00
  4.386000E+03 -3.274980E+00
  4.386500E+03 -3.271218E+00
  4.387000E+03 -3.216102E+00
  4.387500E+03 -3.109119E+00
  4.388000E+03 -2.950637E+00
  4.388500E+03 -2.741949E+00
  4.389000E+03 -2.485302E+00
  4.389500E+03 -2.183905E+00
  4.390000E+03 -1.841919E+00
  4.390500E+03 -1.464433E+00
  4.391000E+03 -1.057403E+00
  4.391500E+03 -6.275849E-01
  4.392000E+03 -1.824259E-01
  4.392500E+03  2.700553E-01
  4.393000E+03  7.214199E-01
  4.393500E+03  1.162981E+00
  4.394000E+03  1.585994E+00
  4.394500E+03  1.981872E+00
  4.395000E+03  2.342403E+00
  4.395500E+03  2.659977E+00
  4.396000E+03  2.927823E+00
  4.396500E+03  3.140216E+00
  4.397000E+03  3.292687E+00
  4.397500E+03  3.382189E+00
  4.398000E+03  3.407238E+00
  4.398500E+03  3.367999E+00
  4.399000E+03  3.266322E+00
  4.399500E+03  3.105724E+00
  4.400000E+03  2.891297E+00
  4.400500E+03  2.629567E+00
  4.401000E+03  2.328281E+00
  4.401500E+03  1.996147E+00
  4.402000E+03  1.642527E+00
  4.402500E+03  1.277097E+00
  4.403000E+03  9.094899E-01
  4.403500E+03  5.489326E-01
  4.404000E+03  2.039046E-01
  4.404500E+03 -1.181757E-01
  4.405000E+03 -4.112142E-01
  4.405500E+03 -6.706419E-01
  4.406000E+03 -8.935416E-01
  4.406500E+03 -1.078694E+00
  4.407000E+03 -1.226540E+00
  4.407500E+03 -1.339056E+00
  4.408000E+03 -1.419562E+00
  4.408500E+03 -1.472452E+00
  4.409000E+03 -1.502882E+00
  4.409500E+03 -1.516418E+00
  4.410000E+03 -1.518674E+00
  4.410500E+03 -1.514950E+00
  4.411000E+03 -1.509903E+00
  4.411500E+03 -1.507254E+00
  4.412000E+03 -1.509566E+00
  4.412500E+03 -1.518085E+00
  4.413000E+03 -1.532672E+00
  4.413500E+03 -1.551816E+00
  4.414000E+03 -1.572730E+00
  4.414500E+03 -1.591533E+00
  4.415000E+03 -1.603494E+00
  4.415500E+03 -1.603332E+00
  4.416000E+03 -1.585559E+00
  4.416500E+03 -1.544832E+00
  4.417000E+03 -1.476317E+00
  4.417500E+03 -1.376024E+00
  4.418000E+03 -1.241107E+00
  4.418500E+03 -1.070113E+00
  4.419000E+03 -8.631655E-01
  4.419500E+03 -6.220651E-01
  4.420000E+03 -3.503188E-01
  4.420500E+03 -5.308116E-02
  4.421000E+03  2.629829E-01
  4.421500E+03  5.899088E-01
  4.422000E+03  9.187087E-01
  4.422500E+03  1.239699E+00
  4.423000E+03  1.542871E+00
  4.423500E+03  1.818275E+00
  4.424000E+03  2.056428E+00
  4.424500E+03  2.248697E+00
  4.425000E+03  2.387669E+00
  4.425500E+03  2.467473E+00
  4.426000E+03  2.484063E+00
  4.426500E+03  2.435423E+00
  4.427000E+03  2.321710E+00
  4.427500E+03  2.145314E+00
  4.428000E+03  1.910835E+00
  4.428500E+03  1.624978E+00
  4.429000E+03  1.296361E+00
  4.429500E+03  9.352482E-01
  4.430000E+03  5.532153E-01
  4.430500E+03  1.627476E-01
  4.431000E+03 -2.232012E-01
  4.431500E+03 -5.916849E-01
  4.432000E+03 -9.302530E-01
  4.432500E+03 -1.227434E+00
  4.433000E+03 -1.473192E+00
  4.433500E+03 -1.659341E+00
  4.434000E+03 -1.779893E+00
  4.434500E+03 -1.831323E+00
  4.435000E+03 -1.812747E+00
  4.435500E+03 -1.725984E+00
  4.436000E+03 -1.575514E+00
  4.436500E+03 -1.368316E+00
  4.437000E+03 -1.113599E+00
  4.437500E+03 -8.224369E-01
  4.438000E+03 -5.073039E-01
  4.438500E+03 -1.815582E-01
  4.439000E+03  1.411288E-01
  4.439500E+03  4.473573E-01
  4.440000E+03  7.245754E-01
  4.440500E+03  9.616192E-01
  4.441000E+03  1.149189E+00
  4.441500E+03  1.280240E+00
  4.442000E+03  1.350265E+00
  4.442500E+03  1.357462E+00
  4.443000E+03  1.302767E+00
  4.443500E+03  1.189771E+00
  4.444000E+03  1.024496E+00
  4.444500E+03  8.150827E-01
  4.445000E+03  5.713660E-01
  4.445500E+03  3.043939E-01
  4.446000E+03  2.589784E-02
  4.446500E+03 -2.522516E-01
  4.447000E+03 -5.185762E-01
  4.447500E+03 -7.624822E-01
  4.448000E+03 -9.746901E-01
  4.448500E+03 -1.147582E+00
  4.449000E+03 -1.275455E+00
  4.449500E+03 -1.354666E+00
  4.450000E+03 -1.383679E+00
  4.450500E+03 -1.363004E+00
  4.451000E+03 -1.295050E+00
  4.451500E+03 -1.183902E+00
  4.452000E+03 -1.035035E+00
  4.452500E+03 -8.549936E-01
  4.453000E+03 -6.510537E-01
  4.453500E+03 -4.308841E-01
  4.454000E+03 -2.022291E-01
  4.454500E+03  2.737603E-02
  4.455000E+03  2.508440E-01
  4.455500E+03  4.617239E-01
  4.456000E+03  6.543366E-01
  4.456500E+03  8.238588E-01
  4.457000E+03  9.663617E-01
  4.457500E+03  1.078812E+00
  4.458000E+03  1.159046E+00
  4.458500E+03  1.205725E+00
  4.459000E+03  1.218280E+00
  4.459500E+03  1.196867E+00
  4.460000E+03  1.142316E+00
  4.460500E+03  1.056100E+00
  4.461000E+03  9.403084E-01
  4.461500E+03  7.976347E-01
  4.462000E+03  6.313631E-01
  4.462500E+03  4.453563E-01
  4.463000E+03  2.440317E-01
  4.463500E+03  3.232146E-02
  4.464000E+03 -1.843921E-01
  4.464500E+03 -4.003692E-01
  4.465000E+03 -6.096371E-01
  4.465500E+03 -8.061454E-01
  4.466000E+03 -9.839489E-01
  4.466500E+03 -1.137411E+00
  4.467000E+03 -1.261419E+00
  4.467500E+03 -1.351597E+00
  4.468000E+03 -1.404511E+00
  4.468500E+03 -1.417841E+00
  4.469000E+03 -1.390517E+00
  4.469500E+03 -1.322808E+00
  4.470000E+03 -1.216346E+00
  4.470500E+03 -1.074092E+00
  4.471000E+03 -9.002377E-01
  4.471500E+03 -7.000452E-01
  4.472000E+03 -4.796325E-01
  4.472500E+03 -2.457188E-01
  4.473000E+03 -5.339918E-03
  4.473500E+03  2.344480E-01
  4.474000E+03  4.668605E-01
  4.474500E+03  6.856552E-01
  4.475000E+03  8.853659E-01
  4.475500E+03  1.061487E+00
  4.476000E+03  1.210597E+00
  4.476500E+03  1.330422E+00
  4.477000E+03  1.419828E+00
  4.477500E+03  1.478755E+00
  4.478000E+03  1.508093E+00
  4.478500E+03  1.509515E+00
  4.479000E+03  1.485285E+00
  4.479500E+03  1.438041E+00
  4.480000E+03  1.370588E+00
  4.480500E+03  1.285702E+00
  4.481000E+03  1.185970E+00
  4.481500E+03  1.073662E+00
  4.482000E+03  9.506584E-01
  4.482500E+03  8.184245E-01
  4.483000E+03  6.780386E-01
  4.483500E+03  5.302630E-01
  4.484000E+03  3.756535E-01
  4.484500E+03  2.146946E-01
  4.485000E+03  4.794771E-02
  4.485500E+03 -1.238025E-01
  4.486000E+03 -2.994171E-01
  4.486500E+03 -4.773009E-01
  4.487000E+03 -6.553385E-01
  4.487500E+03 -8.308773E-01
  4.488000E+03 -1.000761E+00
  4.488500E+03 -1.161416E+00
  4.489000E+03 -1.308976E+00
  4.489500E+03 -1.439458E+00
  4.490000E+03 -1.548960E+00
  4.490500E+03 -1.633869E+00
  4.491000E+03 -1.691080E+00
  4.491500E+03 -1.718198E+00
  4.492000E+03 -1.713702E+00
  4.492500E+03 -1.677085E+00
  4.493000E+03 -1.608925E+00
  4.493500E+03 -1.510915E+00
  4.494000E+03 -1.385815E+00
  4.494500E+03 -1.237355E+00
  4.495000E+03 -1.070082E+00
  4.495500E+03 -8.891494E-01
  4.496000E+03 -7.000826E-01
  4.496500E+03 -5.085139E-01
  4.497000E+03 -3.199140E-01
  4.497500E+03 -1.393311E-01
  4.498000E+03  2.884560E-02
  4.498500E+03  1.810852E-01
  4.499000E+03  3.148648E-01
  4.499500E+03  4.287612E-01
  4.500000E+03  5.224801E-01
  4.500500E+03  5.968214E-01
  4.501000E+03  6.535823E-01
  4.501500E+03  6.954061E-01
  4.502000E+03  7.255843E-01
  4.502500E+03  7.478258E-01
  4.503000E+03  7.660056E-01
  4.503500E+03  7.839082E-01
  4.504000E+03  8.049822E-01
  4.504500E+03  8.321170E-01
  4.505000E+03  8.674576E-01
  4.505500E+03  9.122649E-01
  4.506000E+03  9.668303E-01
  4.506500E+03  1.030448E+00
  4.507000E+03  1.101444E+00
  4.507500E+03  1.177263E+00
  4.508000E+03  1.254600E+00
  4.508500E+03  1.329579E+00
  4.509000E+03  1.397951E+00
  4.509500E+03  1.455319E+00
  4.510000E+03  1.497362E+00
  4.510500E+03  1.520048E+00
  4.511000E+03  1.519836E+00
  4.511500E+03  1.493834E+00
  4.512000E+03  1.439934E+00
  4.512500E+03  1.356893E+00
  4.513000E+03  1.244372E+00
  4.513500E+03  1.102933E+00
  4.514000E+03  9.339896E-01
  4.514500E+03  7.397280E-01
  4.515000E+03  5.229965E-01
  4.515500E+03  2.871777E-01
  4.516000E+03  3.605246E-02
  4.516500E+03 -2.263358E-01
  4.517000E+03 -4.958072E-01
  4.517500E+03 -7.681549E-01
  4.518000E+03 -1.039232E+00
  4.518500E+03 -1.305012E+00
  4.519000E+03 -1.561629E+00
  4.519500E+03 -1.805383E+00
  4.520000E+03 -2.032741E+00
  4.520500E+03 -2.240306E+00
  4.521000E+03 -2.424799E+00
  4.521500E+03 -2.583024E+00
  4.522000E+03 -2.711859E+00
  4.522500E+03 -2.808250E+00
  4.523000E+03 -2.869238E+00
  4.523500E+03 -2.892009E+00
  4.524000E+03 -2.873969E+00
  4.524500E+03 -2.812847E+00
  4.525000E+03 -2.706827E+00
  4.525500E+03 -2.554688E+00
  4.526000E+03 -2.355955E+00
  4.526500E+03 -2.111049E+00
  4.527000E+03 -1.821419E+00
  4.527500E+03 -1.489652E+00
  4.528000E+03 -1.119547E+00
  4.528500E+03 -7.161430E-01
  4.529000E+03 -2.856938E-01
  4.529500E+03  1.644122E-01
  4.530000E+03  6.257890E-01
  4.530500E+03  1.089246E+00
  4.531000E+03  1.545027E+00
  4.531500E+03  1.983094E+00
  4.532000E+03  2.393433E+00
  4.532500E+03  2.766377E+00
  4.533000E+03  3.092929E+00
  4.533500E+03  3.365068E+00
  4.534000E+03  3.576023E+00
  4.534500E+03  3.720512E+00
  4.535000E+03  3.794914E+00
  4.535500E+03  3.797390E+00
  4.536000E+03  3.727939E+00
  4.536500E+03  3.588373E+00
  4.537000E+03  3.382251E+00
  4.537500E+03  3.114729E+00
  4.538000E+03  2.792380E+00
  4.538500E+03  2.422967E+00
  4.539000E+03  2.015183E+00
  4.539500E+03  1.578385E+00
  4.540000E+03  1.122320E+00
  4.540500E+03  6.568564E-01
  4.541000E+03  1.917397E-01
  4.541500E+03 -2.636369E-01
  4.542000E+03 -7.004251E-01
  4.542500E+03 -1.110486E+00
  4.543000E+03 -1.486522E+00
  4.543500E+03 -1.822178E+00
  4.544000E+03 -2.112113E+00
  4.544500E+03 -2.352055E+00
  4.545000E+03 -2.538828E+00
  4.545500E+03 -2.670374E+00
  4.546000E+03 -2.745756E+00
  4.546500E+03 -2.765155E+00
  4.547000E+03 -2.729861E+00
  4.547500E+03 -2.642251E+00
  4.548000E+03 -2.505762E+00
  4.548500E+03 -2.324845E+00
  4.549000E+03 -2.104905E+00
  4.549500E+03 -1.852218E+00
  4.550000E+03 -1.573825E+00
  4.550500E+03 -1.277397E+00
  4.551000E+03 -9.710699E-01
  4.551500E+03 -6.632547E-01
  4.552000E+03 -3.624200E-01
  4.552500E+03 -7.685416E-02
  4.553000E+03  1.855842E-01
  4.553500E+03  4.177206E-01
  4.554000E+03  6.133127E-01
  4.554500E+03  7.672786E-01
  4.555000E+03  8.758980E-01
  4.555500E+03  9.369701E-01
  4.556000E+03  9.499234E-01
  4.556500E+03  9.158664E-01
  4.557000E+03  8.375760E-01
  4.557500E+03  7.194205E-01
  4.558000E+03  5.672197E-01
  4.558500E+03  3.880453E-01
  4.559000E+03  1.899693E-01
  4.559500E+03 -1.822791E-02
  4.560000E+03 -2.273803E-01
  4.560500E+03 -4.282730E-01
  4.561000E+03 -6.119808E-01
  4.561500E+03 -7.701938E-01
  4.562000E+03 -8.955157E-01
  4.562500E+03 -9.817242E-01
  4.563000E+03 -1.023984E+00
  4.563500E+03 -1.019002E+00
  4.564000E+03 -9.651283E-01
  4.564500E+03 -8.623901E-01
  4.565000E+03 -7.124700E-01
  4.565500E+03 -5.186267E-01
  4.566000E+03 -2.855665E-01
  4.566500E+03 -1.927127E-02
  4.567000E+03  2.732076E-01
  4.567500E+03  5.839804E-01
  4.568000E+03  9.045659E-01
  4.568500E+03  1.226147E+00
  4.569000E+03  1.539822E+00
  4.569500E+03  1.836856E+00
  4.570000E+03  2.108906E+00
  4.570500E+03  2.348241E+00
  4.571000E+03  2.547931E+00
  4.571500E+03  2.702010E+00
  4.572000E+03  2.805619E+00
  4.572500E+03  2.855111E+00
  4.573000E+03  2.848133E+00
  4.573500E+03  2.783673E+00
  4.574000E+03  2.662074E+00
  4.574500E+03  2.485024E+00
  4.575000E+03  2.255511E+00
  4.575500E+03  1.977738E+00
  4.576000E+03  1.657028E+00
  4.576500E+03  1.299681E+00
  4.577000E+03  9.128198E-01
  4.577500E+03  5.042087E-01
  4.578000E+03  8.205317E-02
  4.578500E+03 -3.452085E-01
  4.579000E+03 -7.691216E-01
  4.579500E+03 -1.181430E+00
  4.580000E+03 -1.574281E+00
  4.580500E+03 -1.940421E+00
  4.581000E+03 -2.273361E+00
  4.581500E+03 -2.567520E+00
  4.582000E+03 -2.818330E+00
  4.582500E+03 -3.022315E+00
  4.583000E+03 -3.177116E+00
  4.583500E+03 -3.281494E+00
  4.584000E+03 -3.335281E+00
  4.584500E+03 -3.339313E+00
  4.585000E+03 -3.295322E+00
  4.585500E+03 -3.205814E+00
  4.586000E+03 -3.073933E+00
  4.586500E+03 -2.903316E+00
  4.587000E+03 -2.697947E+00
  4.587500E+03 -2.462027E+00
  4.588000E+03 -2.199856E+00
  4.588500E+03 -1.915725E+00
  4.589000E+03 -1.613849E+00
  4.589500E+03 -1.298307E+00
  4.590000E+03 -9.730199E-01
  4.590500E+03 -6.417387E-01
  4.591000E+03 -3.080617E-01
  4.591500E+03  2.454033E-02
  4.592000E+03  3.526889E-01
  4.592500E+03  6.730601E-01
  4.593000E+03  9.823502E-01
  4.593500E+03  1.277252E+00
  4.594000E+03  1.554441E+00
  4.594500E+03  1.810589E+00
  4.595000E+03  2.042384E+00
  4.595500E+03  2.246581E+00
  4.596000E+03  2.420074E+00
  4.596500E+03  2.559976E+00
  4.597000E+03  2.663724E+00
  4.597500E+03  2.729190E+00
  4.598000E+03  2.754791E+00
  4.598500E+03  2.739603E+00
  4.599000E+03  2.683463E+00
  4.599500E+03  2.587056E+00
  4.600000E+03  2.451982E+00
  4.600500E+03  2.280789E+00
  4.601000E+03  2.076982E+00
  4.601500E+03  1.844993E+00
  4.602000E+03  1.590111E+00
  4.602500E+03  1.318381E+00
  4.603000E+03  1.036461E+00
  4.603500E+03  7.514424E-01
  4.604000E+03  4.706470E-01
  4.604500E+03  2.013951E-01
  4.605000E+03 -4.924175E-02
  4.605500E+03 -2.746970E-01
  4.606000E+03 -4.691631E-01
  4.606500E+03 -6.278353E-01
  4.607000E+03 -7.471318E-01
  4.607500E+03 -8.248817E-01
  4.608000E+03 -8.604699E-01
  4.608500E+03 -8.549288E-01
  4.609000E+03 -8.109706E-01
  4.609500E+03 -7.329533E-01
  4.610000E+03 -6.267772E-01
  4.610500E+03 -4.997122E-01
  4.611000E+03 -3.601574E-01
  4.611500E+03 -2.173397E-01
  4.612000E+03 -8.095962E-02
  4.612500E+03  3.920237E-02
  4.613000E+03  1.337050E-01
  4.613500E+03  1.938732E-01
  4.614000E+03  2.122148E-01
  4.614500E+03  1.828074E-01
  4.615000E+03  1.016357E-01
  4.615500E+03 -3.313690E-02
  4.616000E+03 -2.209791E-01
  4.616500E+03 -4.588973E-01
  4.617000E+03 -7.414435E-01
  4.617500E+03 -1.060830E+00
  4.618000E+03 -1.407150E+00
  4.618500E+03 -1.768696E+00
  4.619000E+03 -2.132368E+00
  4.619500E+03 -2.484153E+00
  4.620000E+03 -2.809653E+00
  4.620500E+03 -3.094654E+00
  4.621000E+03 -3.325682E+00
  4.621500E+03 -3.490562E+00
  4.622000E+03 -3.578912E+00
  4.622500E+03 -3.582584E+00
  4.623000E+03 -3.496018E+00
  4.623500E+03 -3.316489E+00
  4.624000E+03 -3.044252E+00
  4.624500E+03 -2.682567E+00
  4.625000E+03 -2.237609E+00
  4.625500E+03 -1.718272E+00
  4.626000E+03 -1.135870E+00
  4.626500E+03 -5.037615E-01
  4.627000E+03  1.630961E-01
  4.627500E+03  8.486355E-01
  4.628000E+03  1.536191E+00
  4.628500E+03  2.209014E+00
  4.629000E+03  2.850769E+00
  4.629500E+03  3.445994E+00
  4.630000E+03  3.980517E+00
  4.630500E+03  4.441805E+00
  4.631000E+03  4.819245E+00
  4.631500E+03  5.104361E+00
  4.632000E+03  5.290948E+00
  4.632500E+03  5.375148E+00
  4.633000E+03  5.355451E+00
  4.633500E+03  5.232651E+00
  4.634000E+03  5.009744E+00
  4.634500E+03  4.691792E+00
  4.635000E+03  4.285753E+00
  4.635500E+03  3.800286E+00
  4.636000E+03  3.245539E+00
  4.636500E+03  2.632920E+00
  4.637000E+03  1.974865E+00
  4.637500E+03  1.284584E+00
  4.638000E+03  5.758151E-01
  4.638500E+03 -1.374388E-01
  4.639000E+03 -8.411716E-01
  4.639500E+03 -1.521644E+00
  4.640000E+03 -2.165651E+00
  4.640500E+03 -2.760793E+00
  4.641000E+03 -3.295733E+00
  4.641500E+03 -3.760452E+00
  4.642000E+03 -4.146467E+00
  4.642500E+03 -4.447045E+00
  4.643000E+03 -4.657358E+00
  4.643500E+03 -4.774612E+00
  4.644000E+03 -4.798112E+00
  4.644500E+03 -4.729280E+00
  4.645000E+03 -4.571608E+00
  4.645500E+03 -4.330548E+00
  4.646000E+03 -4.013348E+00
  4.646500E+03 -3.628829E+00
  4.647000E+03 -3.187116E+00
  4.647500E+03 -2.699326E+00
  4.648000E+03 -2.177243E+00
  4.648500E+03 -1.632966E+00
  4.649000E+03 -1.078568E+00
  4.649500E+03 -5.257709E-01
  4.650000E+03  1.435823E-02
  4.650500E+03  5.316616E-01
  4.651000E+03  1.017102E+00
  4.651500E+03  1.462917E+00
  4.652000E+03  1.862717E+00
  4.652500E+03  2.211525E+00
  4.653000E+03  2.505762E+00
  4.653500E+03  2.743187E+00
  4.654000E+03  2.922800E+00
  4.654500E+03  3.044714E+00
  4.655000E+03  3.110012E+00
  4.655500E+03  3.120595E+00
  4.656000E+03  3.079042E+00
  4.656500E+03  2.988473E+00
  4.657000E+03  2.852441E+00
  4.657500E+03  2.674840E+00
  4.658000E+03  2.459842E+00
  4.658500E+03  2.211858E+00
  4.659000E+03  1.935516E+00
  4.659500E+03  1.635658E+00
  4.660000E+03  1.317335E+00
  4.660500E+03  9.858100E-01
  4.661000E+03  6.465469E-01
  4.661500E+03  3.051838E-01
  4.662000E+03 -3.251558E-02
  4.662500E+03 -3.607363E-01
  4.663000E+03 -6.737132E-01
  4.663500E+03 -9.658572E-01
  4.664000E+03 -1.231903E+00
  4.664500E+03 -1.467069E+00
  4.665000E+03 -1.667228E+00
  4.665500E+03 -1.829062E+00
  4.666000E+03 -1.950214E+00
  4.666500E+03 -2.029404E+00
  4.667000E+03 -2.066506E+00
  4.667500E+03 -2.062588E+00
  4.668000E+03 -2.019886E+00
  4.668500E+03 -1.941741E+00
  4.669000E+03 -1.832461E+00
  4.669500E+03 -1.697147E+00
  4.670000E+03 -1.541468E+00
  4.670500E+03 -1.371403E+00
  4.671000E+03 -1.192967E+00
  4.671500E+03 -1.011922E+00
  4.672000E+03 -8.335090E-01
  4.672500E+03 -6.622013E-01
  4.673000E+03 -5.014962E-01
  4.673500E+03 -3.537663E-01
  4.674000E+03 -2.201723E-01
  4.674500E+03 -1.006477E-01
  4.675000E+03  6.042466E-03
  4.675500E+03  1.021707E-01
  4.676000E+03  1.908504E-01
  4.676500E+03  2.757825E-01
  4.677000E+03  3.609605E-01
  4.677500E+03  4.503497E-01
  4.678000E+03  5.475594E-01
  4.678500E+03  6.555277E-01
  4.679000E+03  7.762385E-01
  4.679500E+03  9.104884E-01
  4.680000E+03  1.057719E+00
  4.680500E+03  1.215925E+00
  4.681000E+03  1.381653E+00
  4.681500E+03  1.550081E+00
  4.682000E+03  1.715194E+00
  4.682500E+03  1.870029E+00
  4.683000E+03  2.007001E+00
  4.683500E+03  2.118268E+00
  4.684000E+03  2.196144E+00
  4.684500E+03  2.233514E+00
  4.685000E+03  2.224242E+00
  4.685500E+03  2.163552E+00
  4.686000E+03  2.048348E+00
  4.686500E+03  1.877469E+00
  4.687000E+03  1.651851E+00
  4.687500E+03  1.374600E+00
  4.688000E+03  1.050954E+00
  4.688500E+03  6.881492E-01
  4.689000E+03  2.951855E-01
  4.689500E+03 -1.174966E-01
  4.690000E+03 -5.384077E-01
  4.690500E+03 -9.554570E-01
  4.691000E+03 -1.356432E+00
  4.691500E+03 -1.729485E+00
  4.692000E+03 -2.063611E+00
  4.692500E+03 -2.349078E+00
  4.693000E+03 -2.577815E+00
  4.693500E+03 -2.743710E+00
  4.694000E+03 -2.842832E+00
  4.694500E+03 -2.873552E+00
  4.695000E+03 -2.836559E+00
  4.695500E+03 -2.734784E+00
  4.696000E+03 -2.573229E+00
  4.696500E+03 -2.358712E+00
  4.697000E+03 -2.099544E+00
  4.697500E+03 -1.805157E+00
  4.698000E+03 -1.485696E+00
  4.698500E+03 -1.151606E+00
  4.699000E+03 -8.132187E-01
  4.699500E+03 -4.803701E-01
  4.700000E+03 -1.620564E-01
  4.700500E+03  1.338529E-01
  4.701000E+03  4.008386E-01
  4.701500E+03  6.338836E-01
  4.702000E+03  8.295531E-01
  4.702500E+03  9.860020E-01
  4.703000E+03  1.102917E+00
  4.703500E+03  1.181397E+00
  4.704000E+03  1.223790E+00
  4.704500E+03  1.233483E+00
  4.705000E+03  1.214677E+00
  4.705500E+03  1.172143E+00
  4.706000E+03  1.110973E+00
  4.706500E+03  1.036351E+00
  4.707000E+03  9.533328E-01
  4.707500E+03  8.666581E-01
  4.708000E+03  7.805887E-01
  4.708500E+03  6.987859E-01
  4.709000E+03  6.242208E-01
  4.709500E+03  5.591219E-01
  4.710000E+03  5.049559E-01
  4.710500E+03  4.624391E-01
  4.711000E+03  4.315763E-01
  4.711500E+03  4.117224E-01
  4.712000E+03  4.016625E-01
  4.712500E+03  3.997053E-01
  4.713000E+03  4.037869E-01
  4.713500E+03  4.115801E-01
  4.714000E+03  4.206059E-01
  4.714500E+03  4.283443E-01
  4.715000E+03  4.323417E-01
  4.715500E+03  4.303119E-01
  4.716000E+03  4.202292E-01
  4.716500E+03  4.004108E-01
  4.717000E+03  3.695877E-01
  4.717500E+03  3.269607E-01
  4.718000E+03  2.722418E-01
  4.718500E+03  2.056776E-01
  4.719000E+03  1.280557E-01
  4.719500E+03  4.069164E-02
  4.720000E+03 -5.460293E-02
  4.720500E+03 -1.555705E-01
  4.721000E+03 -2.595756E-01
  4.721500E+03 -3.636878E-01
  4.722000E+03 -4.647788E-01
  4.722500E+03 -5.596284E-01
  4.723000E+03 -6.450377E-01
  4.723500E+03 -7.179439E-01
  4.724000E+03 -7.755336E-01
  4.724500E+03 -8.153493E-01
  4.725000E+03 -8.353855E-01
  4.725500E+03 -8.341717E-01
  4.726000E+03 -8.108369E-01
  4.726500E+03 -7.651564E-01
  4.727000E+03 -6.975768E-01
  4.727500E+03 -6.092207E-01
  4.728000E+03 -5.018702E-01
  4.728500E+03 -3.779306E-01
  4.729000E+03 -2.403771E-01
  4.729500E+03 -9.268491E-02
  4.730000E+03  6.125305E-02
  4.730500E+03  2.172188E-01
  4.731000E+03  3.707701E-01
  4.731500E+03  5.173457E-01
  4.732000E+03  6.523752E-01
  4.732500E+03  7.713889E-01
  4.733000E+03  8.701293E-01
  4.733500E+03  9.446598E-01
  4.734000E+03  9.914732E-01
  4.734500E+03  1.007596E+00
  4.735000E+03  9.906880E-01
  4.735500E+03  9.391396E-01
  4.736000E+03  8.521562E-01
  4.736500E+03  7.298376E-01
  4.737000E+03  5.732416E-01
  4.737500E+03  3.844325E-01
  4.738000E+03  1.665082E-01
  4.738500E+03 -7.639674E-02
  4.739000E+03 -3.391363E-01
  4.739500E+03 -6.156114E-01
  4.740000E+03 -8.988628E-01
  4.740500E+03 -1.181202E+00
  4.741000E+03 -1.454377E+00
  4.741500E+03 -1.709780E+00
  4.742000E+03 -1.938682E+00
  4.742500E+03 -2.132497E+00
  4.743000E+03 -2.283070E+00
  4.743500E+03 -2.382973E+00
  4.744000E+03 -2.425800E+00
  4.744500E+03 -2.406456E+00
  4.745000E+03 -2.321420E+00
  4.745500E+03 -2.168967E+00
  4.746000E+03 -1.949348E+00
  4.746500E+03 -1.664904E+00
  4.747000E+03 -1.320116E+00
  4.747500E+03 -9.215763E-01
  4.748000E+03 -4.778822E-01
  4.748500E+03  5.527066E-04
  4.749000E+03  5.017611E-01
  4.749500E+03  1.012557E+00
  4.750000E+03  1.518928E+00
  4.750500E+03  2.006481E+00
  4.751000E+03  2.460912E+00
  4.751500E+03  2.868492E+00
  4.752000E+03  3.216554E+00
  4.752500E+03  3.493947E+00
  4.753000E+03  3.691453E+00
  4.753500E+03  3.802139E+00
  4.754000E+03  3.821640E+00
  4.754500E+03  3.748345E+00
  4.755000E+03  3.583492E+00
  4.755500E+03  3.331159E+00
  4.756000E+03  2.998145E+00
  4.756500E+03  2.593761E+00
  4.757000E+03  2.129521E+00
  4.757500E+03  1.618748E+00
  4.758000E+03  1.076124E+00
  4.758500E+03  5.171744E-01
  4.759000E+03 -4.226122E-02
  4.759500E+03 -5.865809E-01
  4.760000E+03 -1.100952E+00
  4.760500E+03 -1.571816E+00
  4.761000E+03 -1.987334E+00
  4.761500E+03 -2.337770E+00
  4.762000E+03 -2.615786E+00
  4.762500E+03 -2.816642E+00
  4.763000E+03 -2.938300E+00
  4.763500E+03 -2.981415E+00
  4.764000E+03 -2.949226E+00
  4.764500E+03 -2.847356E+00
  4.765000E+03 -2.683513E+00
  4.765500E+03 -2.467127E+00
  4.766000E+03 -2.208920E+00
  4.766500E+03 -1.920440E+00
  4.767000E+03 -1.613576E+00
  4.767500E+03 -1.300068E+00
  4.768000E+03 -9.910435E-01
  4.768500E+03 -6.965889E-01
  4.769000E+03 -4.253789E-01
  4.769500E+03 -1.843783E-01
  4.770000E+03  2.137410E-02
  4.770500E+03  1.888907E-01
  4.771000E+03  3.172656E-01
  4.771500E+03  4.076104E-01
  4.772000E+03  4.629003E-01
  4.772500E+03  4.877383E-01
  4.773000E+03  4.880484E-01
  4.773500E+03  4.707140E-01
  4.774000E+03  4.431769E-01
  4.774500E+03  4.130164E-01
  4.775000E+03  3.875277E-01
  4.775500E+03  3.733182E-01
  4.776000E+03  3.759415E-01
  4.776500E+03  3.995845E-01
  4.777000E+03  4.468233E-01
  4.777500E+03  5.184581E-01
  4.778000E+03  6.134366E-01
  4.778500E+03  7.288690E-01
  4.779000E+03  8.601343E-01
  4.779500E+03  1.001076E+00
  4.780000E+03  1.144279E+00
  4.780500E+03  1.281408E+00
  4.781000E+03  1.403615E+00
  4.781500E+03  1.501965E+00
  4.782000E+03  1.567897E+00
  4.782500E+03  1.593667E+00
  4.783000E+03  1.572780E+00
  4.783500E+03  1.500371E+00
  4.784000E+03  1.373530E+00
  4.784500E+03  1.191540E+00
  4.785000E+03  9.560385E-01
  4.785500E+03  6.710607E-01
  4.786000E+03  3.429925E-01
  4.786500E+03 -1.959218E-02
  4.787000E+03 -4.061931E-01
  4.787500E+03 -8.047400E-01
  4.788000E+03 -1.202029E+00
  4.788500E+03 -1.584222E+00
  4.789000E+03 -1.937390E+00
  4.789500E+03 -2.248076E+00
  4.790000E+03 -2.503854E+00
  4.790500E+03 -2.693855E+00
  4.791000E+03 -2.809249E+00
  4.791500E+03 -2.843640E+00
  4.792000E+03 -2.793375E+00
  4.792500E+03 -2.657739E+00
  4.793000E+03 -2.439032E+00
  4.793500E+03 -2.142521E+00
  4.794000E+03 -1.776262E+00
  4.794500E+03 -1.350815E+00
  4.795000E+03 -8.788409E-01
  4.795500E+03 -3.746239E-01
  4.796000E+03  1.464847E-01
  4.796500E+03  6.686553E-01
  4.797000E+03  1.176187E+00
  4.797500E+03  1.654099E+00
  4.798000E+03  2.088683E+00
  4.798500E+03  2.467987E+00
  4.799000E+03  2.782217E+00
  4.799500E+03  3.024028E+00
  4.800000E+03  3.188710E+00
  4.800500E+03  3.274242E+00
  4.801000E+03  3.281235E+00
  4.801500E+03  3.212764E+00
  4.802000E+03  3.074090E+00
  4.802500E+03  2.872315E+00
  4.803000E+03  2.615969E+00
  4.803500E+03  2.314559E+00
  4.804000E+03  1.978116E+00
  4.804500E+03  1.616747E+00
  4.805000E+03  1.240228E+00
  4.805500E+03  8.576561E-01
  4.806000E+03  4.771677E-01
  4.806500E+03  1.057415E-01
  4.807000E+03 -2.509113E-01
  4.807500E+03 -5.883712E-01
  4.808000E+03 -9.034548E-01
  4.808500E+03 -1.194089E+00
  4.809000E+03 -1.459133E+00
  4.809500E+03 -1.698159E+00
  4.810000E+03 -1.911222E+00
  4.810500E+03 -2.098618E+00
  4.811000E+03 -2.260680E+00
  4.811500E+03 -2.397584E+00
  4.812000E+03 -2.509224E+00
  4.812500E+03 -2.595129E+00
  4.813000E+03 -2.654440E+00
  4.813500E+03 -2.685949E+00
  4.814000E+03 -2.688185E+00
  4.814500E+03 -2.659553E+00
  4.815000E+03 -2.598493E+00
  4.815500E+03 -2.503675E+00
  4.816000E+03 -2.374179E+00
  4.816500E+03 -2.209681E+00
  4.817000E+03 -2.010610E+00
  4.817500E+03 -1.778264E+00
  4.818000E+03 -1.514894E+00
  4.818500E+03 -1.223726E+00
  4.819000E+03 -9.089483E-01
  4.819500E+03 -5.756291E-01
  4.820000E+03 -2.296050E-01
  4.820500E+03  1.226789E-01
  4.821000E+03  4.743551E-01
  4.821500E+03  8.183420E-01
  4.822000E+03  1.147561E+00
  4.822500E+03  1.455152E+00
  4.823000E+03  1.734687E+00
  4.823500E+03  1.980351E+00
  4.824000E+03  2.187120E+00
  4.824500E+03  2.350892E+00
  4.825000E+03  2.468605E+00
  4.825500E+03  2.538308E+00
  4.826000E+03  2.559215E+00
  4.826500E+03  2.531724E+00
  4.827000E+03  2.457406E+00
  4.827500E+03  2.338973E+00
  4.828000E+03  2.180220E+00
  4.828500E+03  1.985940E+00
  4.829000E+03  1.761825E+00
  4.829500E+03  1.514332E+00
  4.830000E+03  1.250540E+00
  4.830500E+03  9.779706E-01
  4.831000E+03  7.043953E-01
  4.831500E+03  4.376216E-01
  4.832000E+03  1.852577E-01
  4.832500E+03 -4.553140E-02
  4.833000E+03 -2.482759E-01
  4.833500E+03 -4.174485E-01
  4.834000E+03 -5.486995E-01
  4.834500E+03 -6.390655E-01
  4.835000E+03 -6.871412E-01
  4.835500E+03 -6.932010E-01
  4.836000E+03 -6.592596E-01
  4.836500E+03 -5.890612E-01
  4.837000E+03 -4.879925E-01
  4.837500E+03 -3.629160E-01
  4.838000E+03 -2.219242E-01
  4.838500E+03 -7.402249E-02
  4.839000E+03  7.124917E-02
  4.839500E+03  2.042408E-01
  4.840000E+03  3.156429E-01
  4.840500E+03  3.969426E-01
  4.841000E+03  4.408590E-01
  4.841500E+03  4.417371E-01
  4.842000E+03  3.958745E-01
  4.842500E+03  3.017619E-01
  4.843000E+03  1.602217E-01
  4.843500E+03 -2.556678E-02
  4.844000E+03 -2.501607E-01
  4.844500E+03 -5.060625E-01
  4.845000E+03 -7.840364E-01
  4.845500E+03 -1.073517E+00
  4.846000E+03 -1.363092E+00
  4.846500E+03 -1.641027E+00
  4.847000E+03 -1.895815E+00
  4.847500E+03 -2.116711E+00
  4.848000E+03 -2.294229E+00
  4.848500E+03 -2.420575E+00
  4.849000E+03 -2.489986E+00
  4.849500E+03 -2.498971E+00
  4.850000E+03 -2.446428E+00
  4.850500E+03 -2.333640E+00
  4.851000E+03 -2.164161E+00
  4.851500E+03 -1.943583E+00
  4.852000E+03 -1.679214E+00
  4.852500E+03 -1.379683E+00
  4.853000E+03 -1.054501E+00
  4.853500E+03 -7.135928E-01
  4.854000E+03 -3.668377E-01
  4.854500E+03 -2.363928E-02
  4.855000E+03  3.074538E-01
  4.855500E+03  6.190574E-01
  4.856000E+03  9.051788E-01
  4.856500E+03  1.161354E+00
  4.857000E+03  1.384691E+00
  4.857500E+03  1.573835E+00
  4.858000E+03  1.728842E+00
  4.858500E+03  1.850998E+00
  4.859000E+03  1.942587E+00
  4.859500E+03  2.006629E+00
  4.860000E+03  2.046600E+00
  4.860500E+03  2.066168E+00
  4.861000E+03  2.068937E+00
  4.861500E+03  2.058232E+00
  4.862000E+03  2.036928E+00
  4.862500E+03  2.007318E+00
  4.863000E+03  1.971042E+00
  4.863500E+03  1.929057E+00
  4.864000E+03  1.881654E+00
  4.864500E+03  1.828513E+00
  4.865000E+03  1.768786E+00
  4.865500E+03  1.701204E+00
  4.866000E+03  1.624187E+00
  4.866500E+03  1.535973E+00
  4.867000E+03  1.434730E+00
  4.867500E+03  1.318670E+00
  4.868000E+03  1.186146E+00
  4.868500E+03  1.035743E+00
  4.869000E+03  8.663565E-01
  4.869500E+03  6.772515E-01
  4.870000E+03  4.681247E-01
  4.870500E+03  2.391512E-01
  4.871000E+03 -8.971260E-03
  4.871500E+03 -2.749846E-01
  4.872000E+03 -5.570362E-01
  4.872500E+03 -8.526526E-01
  4.873000E+03 -1.158721E+00
  4.873500E+03 -1.471485E+00
  4.874000E+03 -1.786552E+00
  4.874500E+03 -2.098927E+00
  4.875000E+03 -2.403068E+00
  4.875500E+03 -2.692966E+00
  4.876000E+03 -2.962256E+00
  4.876500E+03 -3.204358E+00
  4.877000E+03 -3.412646E+00
  4.877500E+03 -3.580631E+00
  4.878000E+03 -3.702172E+00
  4.878500E+03 -3.771692E+00
  4.879000E+03 -3.784388E+00
  4.879500E+03 -3.736442E+00
  4.880000E+03 -3.625202E+00
  4.880500E+03 -3.449340E+00
  4.881000E+03 -3.208965E+00
  4.881500E+03 -2.905701E+00
  4.882000E+03 -2.542699E+00
  4.882500E+03 -2.124615E+00
  4.883000E+03 -1.657518E+00
  4.883500E+03 -1.148763E+00
  4.884000E+03 -6.068082E-01
  4.884500E+03 -4.100751E-02
  4.885000E+03  5.386361E-01
  4.885500E+03  1.121726E+00
  4.886000E+03  1.697740E+00
  4.886500E+03  2.256288E+00
  4.887000E+03  2.787363E+00
  4.887500E+03  3.281568E+00
  4.888000E+03  3.730311E+00
  4.888500E+03  4.125972E+00
  4.889000E+03  4.462028E+00
  4.889500E+03  4.733146E+00
  4.890000E+03  4.935232E+00
  4.890500E+03  5.065454E+00
  4.891000E+03  5.122226E+00
  4.891500E+03  5.105169E+00
  4.892000E+03  5.015049E+00
  4.892500E+03  4.853697E+00
  4.893000E+03  4.623921E+00
  4.893500E+03  4.329401E+00
  4.894000E+03  3.974587E+00
  4.894500E+03  3.564595E+00
  4.895000E+03  3.105101E+00
  4.895500E+03  2.602245E+00
  4.896000E+03  2.062532E+00
  4.896500E+03  1.492745E+00
  4.897000E+03  8.998670E-01
  4.897500E+03  2.910068E-01
  4.898000E+03 -3.266652E-01
  4.898500E+03 -9.459717E-01
  4.899000E+03 -1.559775E+00
  4.899500E+03 -2.161015E+00
  4.900000E+03 -2.742741E+00
  4.900500E+03 -3.298137E+00
  4.901000E+03 -3.820542E+00
  4.901500E+03 -4.303474E+00
  4.902000E+03 -4.740648E+00
  4.902500E+03 -5.126007E+00
  4.903000E+03 -5.453759E+00
  4.903500E+03 -5.718429E+00
  4.904000E+03 -5.914920E+00
  4.904500E+03 -6.038602E+00
  4.905000E+03 -6.085410E+00
  4.905500E+03 -6.051969E+00
  4.906000E+03 -5.935731E+00
  4.906500E+03 -5.735119E+00
  4.907000E+03 -5.449688E+00
  4.907500E+03 -5.080273E+00
  4.908000E+03 -4.629131E+00
  4.908500E+03 -4.100062E+00
  4.909000E+03 -3.498493E+00
  4.909500E+03 -2.831527E+00
  4.910000E+03 -2.107931E+00
  4.910500E+03 -1.338073E+00
  4.911000E+03 -5.337926E-01
  4.911500E+03  2.917925E-01
  4.912000E+03  1.124548E+00
  4.912500E+03  1.949635E+00
  4.913000E+03  2.751876E+00
  4.913500E+03  3.516159E+00
  4.914000E+03  4.227852E+00
  4.914500E+03  4.873235E+00
  4.915000E+03  5.439907E+00
  4.915500E+03  5.917165E+00
  4.916000E+03  6.296330E+00
  4.916500E+03  6.571006E+00
  4.917000E+03  6.737262E+00
  4.917500E+03  6.793726E+00
  4.918000E+03  6.741586E+00
  4.918500E+03  6.584499E+00
  4.919000E+03  6.328418E+00
  4.919500E+03  5.981332E+00
  4.920000E+03  5.552952E+00
  4.920500E+03  5.054344E+00
  4.921000E+03  4.497528E+00
  4.921500E+03  3.895071E+00
  4.922000E+03  3.259688E+00
  4.922500E+03  2.603860E+00
  4.923000E+03  1.939501E+00
  4.923500E+03  1.277673E+00
  4.924000E+03  6.283579E-01
  4.924500E+03  3.034961E-04
  4.925000E+03 -5.990740E-01
  4.925500E+03 -1.163718E+00
  4.926000E+03 -1.688907E+00
  4.926500E+03 -2.171176E+00
  4.927000E+03 -2.608210E+00
  4.927500E+03 -2.998697E+00
  4.928000E+03 -3.342182E+00
  4.928500E+03 -3.638903E+00
  4.929000E+03 -3.889637E+00
  4.929500E+03 -4.095561E+00
  4.930000E+03 -4.258124E+00
  4.930500E+03 -4.378941E+00
  4.931000E+03 -4.459713E+00
  4.931500E+03 -4.502160E+00
  4.932000E+03 -4.507977E+00
  4.932500E+03 -4.478803E+00
  4.933000E+03 -4.416200E+00
  4.933500E+03 -4.321643E+00
  4.934000E+03 -4.196516E+00
  4.934500E+03 -4.042110E+00
  4.935000E+03 -3.859624E+00
  4.935500E+03 -3.650172E+00
  4.936000E+03 -3.414796E+00
  4.936500E+03 -3.154481E+00
  4.937000E+03 -2.870185E+00
  4.937500E+03 -2.562878E+00
  4.938000E+03 -2.233592E+00
  4.938500E+03 -1.883482E+00
  4.939000E+03 -1.513903E+00
  4.939500E+03 -1.126488E+00
  4.940000E+03 -7.232343E-01
  4.940500E+03 -3.065857E-01
  4.941000E+03  1.204985E-01
  4.941500E+03  5.544871E-01
  4.942000E+03  9.912479E-01
  4.942500E+03  1.426050E+00
  4.943000E+03  1.853600E+00
  4.943500E+03  2.268124E+00
  4.944000E+03  2.663483E+00
  4.944500E+03  3.033333E+00
  4.945000E+03  3.371311E+00
  4.945500E+03  3.671254E+00
  4.946000E+03  3.927431E+00
  4.946500E+03  4.134772E+00
  4.947000E+03  4.289091E+00
  4.947500E+03  4.387288E+00
  4.948000E+03  4.427505E+00
  4.948500E+03  4.409240E+00
  4.949000E+03  4.333404E+00
  4.949500E+03  4.202310E+00
  4.950000E+03  4.019607E+00
  4.950500E+03  3.790139E+00
  4.951000E+03  3.519761E+00
  4.951500E+03  3.215101E+00
  4.952000E+03  2.883290E+00
  4.952500E+03  2.531676E+00
  4.953000E+03  2.167533E+00
  4.953500E+03  1.797781E+00
  4.954000E+03  1.428741E+00
  4.954500E+03  1.065929E+00
  4.955000E+03  7.138978E-01
  4.955500E+03  3.761475E-01
  4.956000E+03  5.508985E-02
  4.956500E+03 -2.479219E-01
  4.957000E+03 -5.325076E-01
  4.957500E+03 -7.991264E-01
  4.958000E+03 -1.048905E+00
  4.958500E+03 -1.283444E+00
  4.959000E+03 -1.504604E+00
  4.959500E+03 -1.714306E+00
  4.960000E+03 -1.914337E+00
  4.960500E+03 -2.106182E+00
  4.961000E+03 -2.290887E+00
  4.961500E+03 -2.468963E+00
  4.962000E+03 -2.640327E+00
  4.962500E+03 -2.804276E+00
  4.963000E+03 -2.959506E+00
  4.963500E+03 -3.104148E+00
  4.964000E+03 -3.235840E+00
  4.964500E+03 -3.351800E+00
  4.965000E+03 -3.448922E+00
  4.965500E+03 -3.523864E+00
  4.966000E+03 -3.573141E+00
  4.966500E+03 -3.593215E+00
  4.967000E+03 -3.580576E+00
  4.967500E+03 -3.531829E+00
  4.968000E+03 -3.443773E+00
  4.968500E+03 -3.313491E+00
  4.969000E+03 -3.138447E+00
  4.969500E+03 -2.916593E+00
  4.970000E+03 -2.646493E+00
  4.970500E+03 -2.327458E+00
  4.971000E+03 -1.959695E+00
  4.971500E+03 -1.544462E+00
  4.972000E+03 -1.084222E+00
  4.972500E+03 -5.827806E-01
  4.973000E+03 -4.540183E-02
  4.973500E+03  5.211127E-01
  4.974000E+03  1.108401E+00
  4.974500E+03  1.706578E+00
  4.975000E+03  2.304355E+00
  4.975500E+03  2.889229E+00
  4.976000E+03  3.447764E+00
  4.976500E+03  3.965952E+00
  4.977000E+03  4.429641E+00
  4.977500E+03  4.825023E+00
  4.978000E+03  5.139160E+00
  4.978500E+03  5.360523E+00
  4.979000E+03  5.479523E+00
  4.979500E+03  5.488994E+00
  4.980000E+03  5.384614E+00
  4.980500E+03  5.165232E+00
  4.981000E+03  4.833072E+00
  4.981500E+03  4.393809E+00
  4.982000E+03  3.856503E+00
  4.982500E+03  3.233378E+00
  4.983000E+03  2.539472E+00
  4.983500E+03  1.792147E+00
  4.984000E+03  1.010499E+00
  4.984500E+03  2.146913E-01
  4.985000E+03 -5.747717E-01
  4.985500E+03 -1.337772E+00
  4.986000E+03 -2.055293E+00
  4.986500E+03 -2.710068E+00
  4.987000E+03 -3.287151E+00
  4.987500E+03 -3.774370E+00
  4.988000E+03 -4.162639E+00
  4.988500E+03 -4.446140E+00
  4.989000E+03 -4.622349E+00
  4.989500E+03 -4.691916E+00
  4.990000E+03 -4.658424E+00
  4.990500E+03 -4.528032E+00
  4.991000E+03 -4.309040E+00
  4.991500E+03 -4.011390E+00
  4.992000E+03 -3.646154E+00
  4.992500E+03 -3.225016E+00
  4.993000E+03 -2.759798E+00
  4.993500E+03 -2.262038E+00
  4.994000E+03 -1.742649E+00
  4.994500E+03 -1.211660E+00
  4.995000E+03 -6.780634E-01
  4.995500E+03 -1.497426E-01
  4.996000E+03  3.665060E-01
  4.996500E+03  8.648814E-01
  4.997000E+03  1.340432E+00
  4.997500E+03  1.788875E+00
  4.998000E+03  2.206397E+00
  4.998500E+03  2.589470E+00
  4.999000E+03  2.934685E+00
  4.999500E+03  3.238627E+00
  5.000000E+03  3.497805E+00
