 Variables = "t (s)" "<greek>z</greek> (m)" 
  5.000000E-01  0.000000E+00
  1.000000E+00  6.367837E-05
  1.500000E+00  9.706671E-05
  2.000000E+00 -9.458364E-05
  2.500000E+00 -4.182546E-04
  3.000000E+00 -3.843370E-04
  3.500000E+00  6.335605E-04
  4.000000E+00  2.902530E-03
  4.500000E+00  5.982675E-03
  5.000000E+00  8.817013E-03
  5.500000E+00  1.016712E-02
  6.000000E+00  9.003591E-03
  6.500000E+00  4.564272E-03
  7.000000E+00 -3.773232E-03
  7.500000E+00 -1.634402E-02
  8.000000E+00 -3.252234E-02
  8.500000E+00 -4.991947E-02
  9.000000E+00 -6.434244E-02
  9.500000E+00 -7.113619E-02
  1.000000E+01 -6.750628E-02
  1.050000E+01 -5.438089E-02
  1.100000E+01 -3.626362E-02
  1.150000E+01 -1.867404E-02
  1.200000E+01 -4.480535E-03
  1.250000E+01  8.551919E-03
  1.300000E+01  2.719014E-02
  1.350000E+01  5.910315E-02
  1.400000E+01  1.079822E-01
  1.450000E+01  1.699292E-01
  1.500000E+01  2.329053E-01
  1.550000E+01  2.795528E-01
  1.600000E+01  2.924426E-01
  1.650000E+01  2.601806E-01
  1.700000E+01  1.825751E-01
  1.750000E+01  7.288513E-02
  1.800000E+01 -4.468355E-02
  1.850000E+01 -1.428223E-01
  1.900000E+01 -2.022640E-01
  1.950000E+01 -2.213030E-01
  2.000000E+01 -2.178794E-01
  2.050000E+01 -2.212560E-01
  2.100000E+01 -2.561716E-01
  2.150000E+01 -3.277990E-01
  2.200000E+01 -4.167346E-01
  2.250000E+01 -4.879784E-01
  2.300000E+01 -5.091723E-01
  2.350000E+01 -4.670261E-01
  2.400000E+01 -3.716823E-01
  2.450000E+01 -2.467519E-01
  2.500000E+01 -1.125702E-01
  2.550000E+01  2.519512E-02
  2.600000E+01  1.736484E-01
  2.650000E+01  3.396112E-01
  2.700000E+01  5.160200E-01
  2.750000E+01  6.788309E-01
  2.800000E+01  7.974582E-01
  2.850000E+01  8.513591E-01
  2.900000E+01  8.405826E-01
  2.950000E+01  7.826647E-01
  3.000000E+01  6.986212E-01
  3.050000E+01  5.989020E-01
  3.100000E+01  4.797205E-01
  3.150000E+01  3.316540E-01
  3.200000E+01  1.526638E-01
  3.250000E+01 -4.552164E-02
  3.300000E+01 -2.429281E-01
  3.350000E+01 -4.240241E-01
  3.400000E+01 -5.867509E-01
  3.450000E+01 -7.398385E-01
  3.500000E+01 -8.897535E-01
  3.550000E+01 -1.027155E+00
  3.600000E+01 -1.123662E+00
  3.650000E+01 -1.142420E+00
  3.700000E+01 -1.056238E+00
  3.750000E+01 -8.622358E-01
  3.800000E+01 -5.851263E-01
  3.850000E+01 -2.690963E-01
  3.900000E+01  3.569295E-02
  3.950000E+01  2.856375E-01
  4.000000E+01  4.528311E-01
  4.050000E+01  5.315621E-01
  4.100000E+01  5.419822E-01
  4.150000E+01  5.273757E-01
  4.200000E+01  5.407413E-01
  4.250000E+01  6.216765E-01
  4.300000E+01  7.732390E-01
  4.350000E+01  9.531702E-01
  4.400000E+01  1.088582E+00
  4.450000E+01  1.109278E+00
  4.500000E+01  9.815216E-01
  4.550000E+01  7.218183E-01
  4.600000E+01  3.825252E-01
  4.650000E+01  2.004597E-02
  4.700000E+01 -3.316294E-01
  4.750000E+01 -6.638110E-01
  4.800000E+01 -9.725363E-01
  4.850000E+01 -1.233295E+00
  4.900000E+01 -1.394301E+00
  4.950000E+01 -1.397833E+00
  5.000000E+01 -1.217103E+00
  5.050000E+01 -8.825154E-01
  5.100000E+01 -4.769156E-01
  5.150000E+01 -9.970940E-02
  5.200000E+01  1.769462E-01
  5.250000E+01  3.332258E-01
  5.300000E+01  3.954612E-01
  5.350000E+01  4.073268E-01
  5.400000E+01  4.013556E-01
  5.450000E+01  3.898191E-01
  5.500000E+01  3.762717E-01
  5.550000E+01  3.721827E-01
  5.600000E+01  4.003835E-01
  5.650000E+01  4.800855E-01
  5.700000E+01  6.057124E-01
  5.750000E+01  7.389549E-01
  5.800000E+01  8.239770E-01
  5.850000E+01  8.170404E-01
  5.900000E+01  7.092176E-01
  5.950000E+01  5.251417E-01
  6.000000E+01  2.991961E-01
  6.050000E+01  4.876603E-02
  6.100000E+01 -2.327671E-01
  6.150000E+01 -5.560646E-01
  6.200000E+01 -9.042347E-01
  6.250000E+01 -1.216832E+00
  6.300000E+01 -1.407580E+00
  6.350000E+01 -1.409367E+00
  6.400000E+01 -1.217927E+00
  6.450000E+01 -9.028422E-01
  6.500000E+01 -5.744573E-01
  6.550000E+01 -3.246647E-01
  6.600000E+01 -1.778233E-01
  6.650000E+01 -8.248692E-02
  6.700000E+01  5.112411E-02
  6.750000E+01  2.913855E-01
  6.800000E+01  6.392254E-01
  6.850000E+01  1.021358E+00
  6.900000E+01  1.323655E+00
  6.950000E+01  1.443291E+00
  7.000000E+01  1.331625E+00
  7.050000E+01  1.009675E+00
  7.100000E+01  5.552261E-01
  7.150000E+01  7.314921E-02
  7.200000E+01 -3.368921E-01
  7.250000E+01 -6.058387E-01
  7.300000E+01 -7.096354E-01
  7.350000E+01 -6.708604E-01
  7.400000E+01 -5.466001E-01
  7.450000E+01 -4.045438E-01
  7.500000E+01 -2.952121E-01
  7.550000E+01 -2.330109E-01
  7.600000E+01 -1.967520E-01
  7.650000E+01 -1.500024E-01
  7.700000E+01 -6.888493E-02
  7.750000E+01  4.085167E-02
  7.800000E+01  1.489294E-01
  7.850000E+01  2.235788E-01
  7.900000E+01  2.548828E-01
  7.950000E+01  2.601835E-01
  8.000000E+01  2.668604E-01
  8.050000E+01  2.858043E-01
  8.100000E+01  2.974409E-01
  8.150000E+01  2.637805E-01
  8.200000E+01  1.600723E-01
  8.250000E+01  3.014526E-03
  8.300000E+01 -1.476603E-01
  8.350000E+01 -2.197368E-01
  8.400000E+01 -1.734371E-01
  8.450000E+01 -3.107406E-02
  8.500000E+01  1.294832E-01
  8.550000E+01  2.148445E-01
  8.600000E+01  1.650182E-01
  8.650000E+01 -1.833775E-02
  8.700000E+01 -2.789467E-01
  8.750000E+01 -5.393667E-01
  8.800000E+01 -7.368279E-01
  8.850000E+01 -8.403324E-01
  8.900000E+01 -8.448540E-01
  8.950000E+01 -7.554824E-01
  9.000000E+01 -5.786370E-01
  9.050000E+01 -3.271808E-01
  9.100000E+01 -3.122119E-02
  9.150000E+01  2.603288E-01
  9.200000E+01  4.950475E-01
  9.250000E+01  6.416296E-01
  9.300000E+01  7.061479E-01
  9.350000E+01  7.260809E-01
  9.400000E+01  7.438095E-01
  9.450000E+01  7.767832E-01
  9.500000E+01  8.048584E-01
  9.550000E+01  7.835521E-01
  9.600000E+01  6.738348E-01
  9.650000E+01  4.680774E-01
  9.700000E+01  1.957290E-01
  9.750000E+01 -9.243171E-02
  9.800000E+01 -3.480506E-01
  9.850000E+01 -5.404310E-01
  9.900000E+01 -6.563348E-01
  9.950000E+01 -6.909739E-01
  1.000000E+02 -6.428752E-01
  1.005000E+02 -5.192679E-01
  1.010000E+02 -3.462958E-01
  1.015000E+02 -1.709715E-01
  1.020000E+02 -4.656595E-02
  1.025000E+02 -6.948799E-03
  1.030000E+02 -4.695160E-02
  1.035000E+02 -1.246936E-01
  1.040000E+02 -1.872684E-01
  1.045000E+02 -2.035550E-01
  1.050000E+02 -1.810026E-01
  1.055000E+02 -1.535324E-01
  1.060000E+02 -1.487017E-01
  1.065000E+02 -1.586956E-01
  1.070000E+02 -1.386856E-01
  1.075000E+02 -3.716444E-02
  1.080000E+02  1.610518E-01
  1.085000E+02  4.100078E-01
  1.090000E+02  6.168108E-01
  1.095000E+02  6.900535E-01
  1.100000E+02  5.937281E-01
  1.105000E+02  3.723048E-01
  1.110000E+02  1.297343E-01
  1.115000E+02 -2.615924E-02
  1.120000E+02 -4.091458E-02
  1.125000E+02  6.116204E-02
  1.130000E+02  1.965846E-01
  1.135000E+02  2.729997E-01
  1.140000E+02  2.389094E-01
  1.145000E+02  1.046665E-01
  1.150000E+02 -7.360000E-02
  1.155000E+02 -2.327336E-01
  1.160000E+02 -3.380849E-01
  1.165000E+02 -3.954298E-01
  1.170000E+02 -4.359396E-01
  1.175000E+02 -4.876557E-01
  1.180000E+02 -5.532351E-01
  1.185000E+02 -6.071343E-01
  1.190000E+02 -6.116757E-01
  1.195000E+02 -5.399258E-01
  1.200000E+02 -3.907137E-01
  1.205000E+02 -1.878381E-01
  1.210000E+02  3.376557E-02
  1.215000E+02  2.444596E-01
  1.220000E+02  4.282881E-01
  1.225000E+02  5.793191E-01
  1.230000E+02  6.907424E-01
  1.235000E+02  7.466766E-01
  1.240000E+02  7.248562E-01
  1.245000E+02  6.107309E-01
  1.250000E+02  4.147906E-01
  1.255000E+02  1.808367E-01
  1.260000E+02 -2.342861E-02
  1.265000E+02 -1.322509E-01
  1.270000E+02 -1.123879E-01
  1.275000E+02  1.791529E-02
  1.280000E+02  1.931358E-01
  1.285000E+02  3.275607E-01
  1.290000E+02  3.525012E-01
  1.295000E+02  2.452020E-01
  1.300000E+02  3.552286E-02
  1.305000E+02 -2.114916E-01
  1.310000E+02 -4.265908E-01
  1.315000E+02 -5.644914E-01
  1.320000E+02 -6.164458E-01
  1.325000E+02 -6.042387E-01
  1.330000E+02 -5.623503E-01
  1.335000E+02 -5.192575E-01
  1.340000E+02 -4.864595E-01
  1.345000E+02 -4.578498E-01
  1.350000E+02 -4.168602E-01
  1.355000E+02 -3.468196E-01
  1.360000E+02 -2.406089E-01
  1.365000E+02 -1.068115E-01
  1.370000E+02  3.000891E-02
  1.375000E+02  1.366674E-01
  1.380000E+02  1.856596E-01
  1.385000E+02  1.713409E-01
  1.390000E+02  1.192647E-01
  1.395000E+02  8.076603E-02
  1.400000E+02  1.116676E-01
  1.405000E+02  2.438169E-01
  1.410000E+02  4.647141E-01
  1.415000E+02  7.183163E-01
  1.420000E+02  9.290124E-01
  1.425000E+02  1.036918E+00
  1.430000E+02  1.024927E+00
  1.435000E+02  9.220006E-01
  1.440000E+02  7.810758E-01
  1.445000E+02  6.451784E-01
  1.450000E+02  5.221755E-01
  1.455000E+02  3.828161E-01
  1.460000E+02  1.822112E-01
  1.465000E+02 -1.089498E-01
  1.470000E+02 -4.819094E-01
  1.475000E+02 -8.880856E-01
  1.480000E+02 -1.257407E+00
  1.485000E+02 -1.525445E+00
  1.490000E+02 -1.655199E+00
  1.495000E+02 -1.644453E+00
  1.500000E+02 -1.518211E+00
  1.505000E+02 -1.312400E+00
  1.510000E+02 -1.057335E+00
  1.515000E+02 -7.677147E-01
  1.520000E+02 -4.425788E-01
  1.525000E+02 -7.485182E-02
  1.530000E+02  3.335713E-01
  1.535000E+02  7.584598E-01
  1.540000E+02  1.149901E+00
  1.545000E+02  1.444045E+00
  1.550000E+02  1.587340E+00
  1.555000E+02  1.562028E+00
  1.560000E+02  1.397953E+00
  1.565000E+02  1.161139E+00
  1.570000E+02  9.226872E-01
  1.575000E+02  7.246068E-01
  1.580000E+02  5.630217E-01
  1.585000E+02  3.996788E-01
  1.590000E+02  1.948529E-01
  1.595000E+02 -5.973899E-02
  1.600000E+02 -3.300720E-01
  1.605000E+02 -5.585159E-01
  1.610000E+02 -6.993642E-01
  1.615000E+02 -7.466216E-01
  1.620000E+02 -7.348312E-01
  1.625000E+02 -7.128349E-01
  1.630000E+02 -7.096759E-01
  1.635000E+02 -7.173156E-01
  1.640000E+02 -7.022663E-01
  1.645000E+02 -6.367454E-01
  1.650000E+02 -5.253895E-01
  1.655000E+02 -4.068621E-01
  1.660000E+02 -3.285266E-01
  1.665000E+02 -3.127116E-01
  1.670000E+02 -3.396376E-01
  1.675000E+02 -3.597569E-01
  1.680000E+02 -3.262772E-01
  1.685000E+02 -2.236474E-01
  1.690000E+02 -7.126602E-02
  1.695000E+02  9.890146E-02
  1.700000E+02  2.716130E-01
  1.705000E+02  4.597419E-01
  1.710000E+02  6.870070E-01
  1.715000E+02  9.545895E-01
  1.720000E+02  1.218796E+00
  1.725000E+02  1.400919E+00
  1.730000E+02  1.427289E+00
  1.735000E+02  1.274057E+00
  1.740000E+02  9.852280E-01
  1.745000E+02  6.493829E-01
  1.750000E+02  3.488617E-01
  1.755000E+02  1.147426E-01
  1.760000E+02 -8.255753E-02
  1.765000E+02 -3.016244E-01
  1.770000E+02 -5.799149E-01
  1.775000E+02 -8.996432E-01
  1.780000E+02 -1.191927E+00
  1.785000E+02 -1.374392E+00
  1.790000E+02 -1.395221E+00
  1.795000E+02 -1.254653E+00
  1.800000E+02 -9.935060E-01
  1.805000E+02 -6.625666E-01
  1.810000E+02 -2.986896E-01
  1.815000E+02  7.527792E-02
  1.820000E+02  4.311883E-01
  1.825000E+02  7.185607E-01
  1.830000E+02  8.706391E-01
  1.835000E+02  8.358641E-01
  1.840000E+02  6.150563E-01
  1.845000E+02  2.762477E-01
  1.850000E+02 -6.833250E-02
  1.855000E+02 -3.133578E-01
  1.860000E+02 -4.097837E-01
  1.865000E+02 -3.823934E-01
  1.870000E+02 -3.054564E-01
  1.875000E+02 -2.531554E-01
  1.880000E+02 -2.565549E-01
  1.885000E+02 -2.925620E-01
  1.890000E+02 -3.077475E-01
  1.895000E+02 -2.571511E-01
  1.900000E+02 -1.307028E-01
  1.905000E+02  4.833250E-02
  1.910000E+02  2.470031E-01
  1.915000E+02  4.471240E-01
  1.920000E+02  6.505215E-01
  1.925000E+02  8.612431E-01
  1.930000E+02  1.059701E+00
  1.935000E+02  1.191356E+00
  1.940000E+02  1.183499E+00
  1.945000E+02  9.841717E-01
  1.950000E+02  6.006980E-01
  1.955000E+02  1.128326E-01
  1.960000E+02 -3.509533E-01
  1.965000E+02 -6.645550E-01
  1.970000E+02 -7.574681E-01
  1.975000E+02 -6.435221E-01
  1.980000E+02 -4.114712E-01
  1.985000E+02 -1.832772E-01
  1.990000E+02 -6.112980E-02
  1.995000E+02 -8.789790E-02
  2.000000E+02 -2.372713E-01
  2.005000E+02 -4.348035E-01
  2.010000E+02 -5.971660E-01
  2.015000E+02 -6.702285E-01
  2.020000E+02 -6.490999E-01
  2.025000E+02 -5.728764E-01
  2.030000E+02 -4.988187E-01
  2.035000E+02 -4.697532E-01
  2.040000E+02 -4.909033E-01
  2.045000E+02 -5.271954E-01
  2.050000E+02 -5.217717E-01
  2.055000E+02 -4.258779E-01
  2.060000E+02 -2.247041E-01
  2.065000E+02  5.391297E-02
  2.070000E+02  3.518737E-01
  2.075000E+02  6.071116E-01
  2.080000E+02  7.796004E-01
  2.085000E+02  8.637767E-01
  2.090000E+02  8.822842E-01
  2.095000E+02  8.665713E-01
  2.100000E+02  8.367678E-01
  2.105000E+02  7.925848E-01
  2.110000E+02  7.194961E-01
  2.115000E+02  6.049063E-01
  2.120000E+02  4.531693E-01
  2.125000E+02  2.894658E-01
  2.130000E+02  1.496823E-01
  2.135000E+02  6.205156E-02
  2.140000E+02  3.128238E-02
  2.145000E+02  3.447603E-02
  2.150000E+02  3.137715E-02
  2.155000E+02 -1.649499E-02
  2.160000E+02 -1.279876E-01
  2.165000E+02 -2.948023E-01
  2.170000E+02 -4.874112E-01
  2.175000E+02 -6.701183E-01
  2.180000E+02 -8.163821E-01
  2.185000E+02 -9.161205E-01
  2.190000E+02 -9.719808E-01
  2.195000E+02 -9.883197E-01
  2.200000E+02 -9.609424E-01
  2.205000E+02 -8.749833E-01
  2.210000E+02 -7.130901E-01
  2.215000E+02 -4.693901E-01
  2.220000E+02 -1.606366E-01
  2.225000E+02  1.729998E-01
  2.230000E+02  4.793129E-01
  2.235000E+02  7.124204E-01
  2.240000E+02  8.487743E-01
  2.245000E+02  8.927283E-01
  2.250000E+02  8.693646E-01
  2.255000E+02  8.091393E-01
  2.260000E+02  7.328035E-01
  2.265000E+02  6.439967E-01
  2.270000E+02  5.320273E-01
  2.275000E+02  3.819128E-01
  2.280000E+02  1.858994E-01
  2.285000E+02 -4.860511E-02
  2.290000E+02 -2.968956E-01
  2.295000E+02 -5.202729E-01
  2.300000E+02 -6.735447E-01
  2.305000E+02 -7.157480E-01
  2.310000E+02 -6.228782E-01
  2.315000E+02 -3.997350E-01
  2.320000E+02 -8.587828E-02
  2.325000E+02  2.494563E-01
  2.330000E+02  5.250884E-01
  2.335000E+02  6.735012E-01
  2.340000E+02  6.639482E-01
  2.345000E+02  5.119581E-01
  2.350000E+02  2.699205E-01
  2.355000E+02  3.126256E-03
  2.360000E+02 -2.363905E-01
  2.365000E+02 -4.247365E-01
  2.370000E+02 -5.631152E-01
  2.375000E+02 -6.609969E-01
  2.380000E+02 -7.177595E-01
  2.385000E+02 -7.154388E-01
  2.390000E+02 -6.277343E-01
  2.395000E+02 -4.398833E-01
  2.400000E+02 -1.670312E-01
  2.405000E+02  1.406325E-01
  2.410000E+02  4.102824E-01
  2.415000E+02  5.713399E-01
  2.420000E+02  5.818196E-01
  2.425000E+02  4.451987E-01
  2.430000E+02  2.117262E-01
  2.435000E+02 -3.573684E-02
  2.440000E+02 -2.066245E-01
  2.445000E+02 -2.312888E-01
  2.450000E+02 -8.545179E-02
  2.455000E+02  1.973831E-01
  2.460000E+02  5.317456E-01
  2.465000E+02  8.056617E-01
  2.470000E+02  9.194217E-01
  2.475000E+02  8.235819E-01
  2.480000E+02  5.393575E-01
  2.485000E+02  1.502945E-01
  2.490000E+02 -2.328572E-01
  2.495000E+02 -5.181974E-01
  2.500000E+02 -6.672195E-01
  2.505000E+02 -7.010280E-01
  2.510000E+02 -6.768088E-01
  2.515000E+02 -6.495131E-01
  2.520000E+02 -6.411969E-01
  2.525000E+02 -6.344814E-01
  2.530000E+02 -5.910870E-01
  2.535000E+02 -4.812977E-01
  2.540000E+02 -3.049771E-01
  2.545000E+02 -9.210121E-02
  2.550000E+02  1.149235E-01
  2.555000E+02  2.835089E-01
  2.560000E+02  4.028989E-01
  2.565000E+02  4.800752E-01
  2.570000E+02  5.256498E-01
  2.575000E+02  5.421876E-01
  2.580000E+02  5.240817E-01
  2.585000E+02  4.682335E-01
  2.590000E+02  3.860418E-01
  2.595000E+02  3.059733E-01
  2.600000E+02  2.628406E-01
  2.605000E+02  2.795122E-01
  2.610000E+02  3.521354E-01
  2.615000E+02  4.475919E-01
  2.620000E+02  5.141642E-01
  2.625000E+02  4.991491E-01
  2.630000E+02  3.651685E-01
  2.635000E+02  1.003582E-01
  2.640000E+02 -2.775314E-01
  2.645000E+02 -7.212076E-01
  2.650000E+02 -1.158200E+00
  2.655000E+02 -1.502356E+00
  2.660000E+02 -1.674374E+00
  2.665000E+02 -1.627472E+00
  2.670000E+02 -1.367426E+00
  2.675000E+02 -9.544865E-01
  2.680000E+02 -4.817571E-01
  2.685000E+02 -3.773104E-02
  2.690000E+02  3.283828E-01
  2.695000E+02  6.192848E-01
  2.700000E+02  8.726252E-01
  2.705000E+02  1.124507E+00
  2.710000E+02  1.375810E+00
  2.715000E+02  1.582340E+00
  2.720000E+02  1.675129E+00
  2.725000E+02  1.598464E+00
  2.730000E+02  1.342396E+00
  2.735000E+02  9.505320E-01
  2.740000E+02  4.996753E-01
  2.745000E+02  6.500478E-02
  2.750000E+02 -3.081396E-01
  2.755000E+02 -6.110608E-01
  2.760000E+02 -8.570682E-01
  2.765000E+02 -1.058388E+00
  2.770000E+02 -1.210753E+00
  2.775000E+02 -1.294287E+00
  2.780000E+02 -1.287488E+00
  2.785000E+02 -1.183273E+00
  2.790000E+02 -9.966557E-01
  2.795000E+02 -7.607240E-01
  2.800000E+02 -5.151415E-01
  2.805000E+02 -2.943329E-01
  2.810000E+02 -1.200500E-01
  2.815000E+02  1.387230E-03
  2.820000E+02  7.914488E-02
  2.825000E+02  1.360429E-01
  2.830000E+02  2.033691E-01
  2.835000E+02  3.108381E-01
  2.840000E+02  4.735014E-01
  2.845000E+02  6.815860E-01
  2.850000E+02  9.001788E-01
  2.855000E+02  1.081302E+00
  2.860000E+02  1.183401E+00
  2.865000E+02  1.187819E+00
  2.870000E+02  1.102838E+00
  2.875000E+02  9.533598E-01
  2.880000E+02  7.634300E-01
  2.885000E+02  5.432972E-01
  2.890000E+02  2.892912E-01
  2.895000E+02 -4.184981E-03
  2.900000E+02 -3.295601E-01
  2.905000E+02 -6.588122E-01
  2.910000E+02 -9.493174E-01
  2.915000E+02 -1.159236E+00
  2.920000E+02 -1.262903E+00
  2.925000E+02 -1.257566E+00
  2.930000E+02 -1.159254E+00
  2.935000E+02 -9.926124E-01
  2.940000E+02 -7.821114E-01
  2.945000E+02 -5.490489E-01
  2.950000E+02 -3.131038E-01
  2.955000E+02 -9.362340E-02
  2.960000E+02  9.304774E-02
  2.965000E+02  2.393648E-01
  2.970000E+02  3.507185E-01
  2.975000E+02  4.431535E-01
  2.980000E+02  5.340887E-01
  2.985000E+02  6.306756E-01
  2.990000E+02  7.227589E-01
  2.995000E+02  7.850779E-01
  3.000000E+02  7.879898E-01
  3.005000E+02  7.112310E-01
  3.010000E+02  5.539977E-01
  3.015000E+02  3.372091E-01
  3.020000E+02  9.799476E-02
  3.025000E+02 -1.205034E-01
  3.030000E+02 -2.802935E-01
  3.035000E+02 -3.579712E-01
  3.040000E+02 -3.508176E-01
  3.045000E+02 -2.782106E-01
  3.050000E+02 -1.770539E-01
  3.055000E+02 -9.102827E-02
  3.060000E+02 -5.599687E-02
  3.065000E+02 -8.664763E-02
  3.070000E+02 -1.703040E-01
  3.075000E+02 -2.714773E-01
  3.080000E+02 -3.459255E-01
  3.085000E+02 -3.583081E-01
  3.090000E+02 -2.957395E-01
  3.095000E+02 -1.716823E-01
  3.100000E+02 -1.937390E-02
  3.105000E+02  1.213912E-01
  3.110000E+02  2.181250E-01
  3.115000E+02  2.550232E-01
  3.120000E+02  2.354888E-01
  3.125000E+02  1.783177E-01
  3.130000E+02  1.098706E-01
  3.135000E+02  5.512112E-02
  3.140000E+02  3.022839E-02
  3.145000E+02  3.858920E-02
  3.150000E+02  7.122946E-02
  3.155000E+02  1.109608E-01
  3.160000E+02  1.384148E-01
  3.165000E+02  1.376087E-01
  3.170000E+02  9.946895E-02
  3.175000E+02  2.325725E-02
  3.180000E+02 -8.308802E-02
  3.185000E+02 -2.029662E-01
  3.190000E+02 -3.121494E-01
  3.195000E+02 -3.825669E-01
  3.200000E+02 -3.898270E-01
  3.205000E+02 -3.227988E-01
  3.210000E+02 -1.907540E-01
  3.215000E+02 -2.306497E-02
  3.220000E+02  1.404406E-01
  3.225000E+02  2.650060E-01
  3.230000E+02  3.346530E-01
  3.235000E+02  3.564312E-01
  3.240000E+02  3.524881E-01
  3.245000E+02  3.442715E-01
  3.250000E+02  3.379498E-01
  3.255000E+02  3.195902E-01
  3.260000E+02  2.630942E-01
  3.265000E+02  1.467492E-01
  3.270000E+02 -3.033658E-02
  3.275000E+02 -2.404748E-01
  3.280000E+02 -4.326420E-01
  3.285000E+02 -5.493719E-01
  3.290000E+02 -5.493090E-01
  3.295000E+02 -4.270412E-01
  3.300000E+02 -2.218255E-01
  3.305000E+02 -9.337641E-03
  3.310000E+02  1.240442E-01
  3.315000E+02  1.171999E-01
  3.320000E+02 -3.404530E-02
  3.325000E+02 -2.662634E-01
  3.330000E+02 -4.689576E-01
  3.335000E+02 -5.317775E-01
  3.340000E+02 -3.979652E-01
  3.345000E+02 -9.629578E-02
  3.350000E+02  2.681617E-01
  3.355000E+02  5.629367E-01
  3.360000E+02  6.922797E-01
  3.365000E+02  6.418243E-01
  3.370000E+02  4.791798E-01
  3.375000E+02  3.112729E-01
  3.380000E+02  2.245539E-01
  3.385000E+02  2.431853E-01
  3.390000E+02  3.272448E-01
  3.395000E+02  4.067166E-01
  3.400000E+02  4.253794E-01
  3.405000E+02  3.659394E-01
  3.410000E+02  2.446318E-01
  3.415000E+02  8.678588E-02
  3.420000E+02 -9.290615E-02
  3.425000E+02 -2.890800E-01
  3.430000E+02 -4.874311E-01
  3.435000E+02 -6.501731E-01
  3.440000E+02 -7.246882E-01
  3.445000E+02 -6.757880E-01
  3.450000E+02 -5.197417E-01
  3.455000E+02 -3.311381E-01
  3.460000E+02 -2.094864E-01
  3.465000E+02 -2.213962E-01
  3.470000E+02 -3.551401E-01
  3.475000E+02 -5.204921E-01
  3.480000E+02 -5.984410E-01
  3.485000E+02 -5.114298E-01
  3.490000E+02 -2.692486E-01
  3.495000E+02  3.937988E-02
  3.500000E+02  3.035488E-01
  3.505000E+02  4.570193E-01
  3.510000E+02  5.109466E-01
  3.515000E+02  5.327091E-01
  3.520000E+02  5.886261E-01
  3.525000E+02  6.924767E-01
  3.530000E+02  7.957535E-01
  3.535000E+02  8.245238E-01
  3.540000E+02  7.344155E-01
  3.545000E+02  5.434539E-01
  3.550000E+02  3.199628E-01
  3.555000E+02  1.359327E-01
  3.560000E+02  2.066121E-02
  3.565000E+02 -5.221089E-02
  3.570000E+02 -1.367197E-01
  3.575000E+02 -2.680946E-01
  3.580000E+02 -4.326642E-01
  3.585000E+02 -5.756163E-01
  3.590000E+02 -6.396152E-01
  3.595000E+02 -6.051284E-01
  3.600000E+02 -5.032811E-01
  3.605000E+02 -3.931067E-01
  3.610000E+02 -3.208868E-01
  3.615000E+02 -2.909696E-01
  3.620000E+02 -2.674750E-01
  3.625000E+02 -2.033038E-01
  3.630000E+02 -7.432300E-02
  3.635000E+02  1.046012E-01
  3.640000E+02  2.897619E-01
  3.645000E+02  4.340260E-01
  3.650000E+02  5.081720E-01
  3.655000E+02  5.057976E-01
  3.660000E+02  4.343968E-01
  3.665000E+02  3.053038E-01
  3.670000E+02  1.328265E-01
  3.675000E+02 -5.865597E-02
  3.680000E+02 -2.306635E-01
  3.685000E+02 -3.396868E-01
  3.690000E+02 -3.580036E-01
  3.695000E+02 -2.926618E-01
  3.700000E+02 -1.868345E-01
  3.705000E+02 -9.855558E-02
  3.710000E+02 -6.812818E-02
  3.715000E+02 -9.480583E-02
  3.720000E+02 -1.381556E-01
  3.725000E+02 -1.431798E-01
  3.730000E+02 -7.264336E-02
  3.735000E+02  7.361706E-02
  3.740000E+02  2.621998E-01
  3.745000E+02  4.461129E-01
  3.750000E+02  5.851883E-01
  3.755000E+02  6.542320E-01
  3.760000E+02  6.386400E-01
  3.765000E+02  5.279693E-01
  3.770000E+02  3.182260E-01
  3.775000E+02  2.362990E-02
  3.780000E+02 -3.127586E-01
  3.785000E+02 -6.227215E-01
  3.790000E+02 -8.347556E-01
  3.795000E+02 -9.037196E-01
  3.800000E+02 -8.299499E-01
  3.805000E+02 -6.549545E-01
  3.810000E+02 -4.361776E-01
  3.815000E+02 -2.174314E-01
  3.820000E+02 -1.385424E-02
  3.825000E+02  1.810014E-01
  3.830000E+02  3.745461E-01
  3.835000E+02  5.585114E-01
  3.840000E+02  7.089850E-01
  3.845000E+02  8.015094E-01
  3.850000E+02  8.273605E-01
  3.855000E+02  7.966058E-01
  3.860000E+02  7.250586E-01
  3.865000E+02  6.163936E-01
  3.870000E+02  4.558359E-01
  3.875000E+02  2.233472E-01
  3.880000E+02 -8.166075E-02
  3.885000E+02 -4.229161E-01
  3.890000E+02 -7.328264E-01
  3.895000E+02 -9.409563E-01
  3.900000E+02 -1.008590E+00
  3.905000E+02 -9.470901E-01
  3.910000E+02 -8.081417E-01
  3.915000E+02 -6.528274E-01
  3.920000E+02 -5.203076E-01
  3.925000E+02 -4.157630E-01
  3.930000E+02 -3.224637E-01
  3.935000E+02 -2.255080E-01
  3.940000E+02 -1.276582E-01
  3.945000E+02 -4.555889E-02
  3.950000E+02  9.061141E-03
  3.955000E+02  4.649590E-02
  3.960000E+02  9.903101E-02
  3.965000E+02  2.017664E-01
  3.970000E+02  3.674655E-01
  3.975000E+02  5.738889E-01
  3.980000E+02  7.734293E-01
  3.985000E+02  9.188243E-01
  3.990000E+02  9.873031E-01
  3.995000E+02  9.871387E-01
  4.000000E+02  9.437661E-01
  4.005000E+02  8.773432E-01
  4.010000E+02  7.889102E-01
  4.015000E+02  6.645358E-01
  4.020000E+02  4.923280E-01
  4.025000E+02  2.772471E-01
  4.030000E+02  4.090700E-02
  4.035000E+02 -1.938311E-01
  4.040000E+02 -4.205749E-01
  4.045000E+02 -6.534005E-01
  4.050000E+02 -9.109208E-01
  4.055000E+02 -1.190052E+00
  4.060000E+02 -1.449102E+00
  4.065000E+02 -1.615837E+00
  4.070000E+02 -1.620136E+00
  4.075000E+02 -1.433348E+00
  4.080000E+02 -1.089971E+00
  4.085000E+02 -6.766080E-01
  4.090000E+02 -2.928512E-01
  4.095000E+02 -5.904073E-03
  4.100000E+02  1.756199E-01
  4.105000E+02  2.952830E-01
  4.110000E+02  4.159314E-01
  4.115000E+02  5.810793E-01
  4.120000E+02  7.923563E-01
  4.125000E+02  1.012872E+00
  4.130000E+02  1.190179E+00
  4.135000E+02  1.282587E+00
  4.140000E+02  1.274079E+00
  4.145000E+02  1.173198E+00
  4.150000E+02  1.001955E+00
  4.155000E+02  7.848427E-01
  4.160000E+02  5.441669E-01
  4.165000E+02  3.005309E-01
  4.170000E+02  7.296850E-02
  4.175000E+02 -1.249249E-01
  4.180000E+02 -2.907062E-01
  4.185000E+02 -4.343633E-01
  4.190000E+02 -5.706805E-01
  4.195000E+02 -7.052153E-01
  4.200000E+02 -8.232066E-01
  4.205000E+02 -8.913473E-01
  4.210000E+02 -8.749975E-01
  4.215000E+02 -7.624032E-01
  4.220000E+02 -5.805455E-01
  4.225000E+02 -3.900867E-01
  4.230000E+02 -2.588031E-01
  4.235000E+02 -2.267413E-01
  4.240000E+02 -2.830008E-01
  4.245000E+02 -3.686285E-01
  4.250000E+02 -4.054189E-01
  4.255000E+02 -3.353652E-01
  4.260000E+02 -1.494127E-01
  4.265000E+02  1.093216E-01
  4.270000E+02  3.678630E-01
  4.275000E+02  5.573509E-01
  4.280000E+02  6.400678E-01
  4.285000E+02  6.173285E-01
  4.290000E+02  5.185014E-01
  4.295000E+02  3.816933E-01
  4.300000E+02  2.387593E-01
  4.305000E+02  1.113097E-01
  4.310000E+02  1.547465E-02
  4.315000E+02 -3.232118E-02
  4.320000E+02 -1.533078E-02
  4.325000E+02  7.674715E-02
  4.330000E+02  2.388666E-01
  4.335000E+02  4.460058E-01
  4.340000E+02  6.564062E-01
  4.345000E+02  8.215417E-01
  4.350000E+02  8.984424E-01
  4.355000E+02  8.598758E-01
  4.360000E+02  6.999284E-01
  4.365000E+02  4.346162E-01
  4.370000E+02  9.801598E-02
  4.375000E+02 -2.654775E-01
  4.380000E+02 -6.114939E-01
  4.385000E+02 -9.057656E-01
  4.390000E+02 -1.129846E+00
  4.395000E+02 -1.279429E+00
  4.400000E+02 -1.356048E+00
  4.405000E+02 -1.357488E+00
  4.410000E+02 -1.274014E+00
  4.415000E+02 -1.094361E+00
  4.420000E+02 -8.186201E-01
  4.425000E+02 -4.693129E-01
  4.430000E+02 -9.167212E-02
  4.435000E+02  2.594675E-01
  4.440000E+02  5.395645E-01
  4.445000E+02  7.289988E-01
  4.450000E+02  8.331114E-01
  4.455000E+02  8.680567E-01
  4.460000E+02  8.430369E-01
  4.465000E+02  7.526345E-01
  4.470000E+02  5.861664E-01
  4.475000E+02  3.484220E-01
  4.480000E+02  7.652977E-02
  4.485000E+02 -1.617282E-01
  4.490000E+02 -2.916332E-01
  4.495000E+02 -2.659661E-01
  4.500000E+02 -9.041431E-02
  4.505000E+02  1.758610E-01
  4.510000E+02  4.461046E-01
  4.515000E+02  6.443962E-01
  4.520000E+02  7.357254E-01
  4.525000E+02  7.324937E-01
  4.530000E+02  6.765664E-01
  4.535000E+02  6.097362E-01
  4.540000E+02  5.503453E-01
  4.545000E+02  4.877947E-01
  4.550000E+02  3.946582E-01
  4.555000E+02  2.461432E-01
  4.560000E+02  3.441615E-02
  4.565000E+02 -2.290862E-01
  4.570000E+02 -5.215843E-01
  4.575000E+02 -8.195267E-01
  4.580000E+02 -1.104307E+00
  4.585000E+02 -1.360476E+00
  4.590000E+02 -1.569509E+00
  4.595000E+02 -1.705113E+00
  4.600000E+02 -1.734850E+00
  4.605000E+02 -1.628909E+00
  4.610000E+02 -1.372614E+00
  4.615000E+02 -9.768910E-01
  4.620000E+02 -4.813276E-01
  4.625000E+02  5.274944E-02
  4.630000E+02  5.575607E-01
  4.635000E+02  9.770109E-01
  4.640000E+02  1.280235E+00
  4.645000E+02  1.464549E+00
  4.650000E+02  1.546576E+00
  4.655000E+02  1.546438E+00
  4.660000E+02  1.474055E+00
  4.665000E+02  1.325843E+00
  4.670000E+02  1.094195E+00
  4.675000E+02  7.840401E-01
  4.680000E+02  4.255603E-01
  4.685000E+02  7.336854E-02
  4.690000E+02 -2.099105E-01
  4.695000E+02 -3.781683E-01
  4.700000E+02 -4.213633E-01
  4.705000E+02 -3.691035E-01
  4.710000E+02 -2.759767E-01
  4.715000E+02 -1.964502E-01
  4.720000E+02 -1.626199E-01
  4.725000E+02 -1.758408E-01
  4.730000E+02 -2.149985E-01
  4.735000E+02 -2.549764E-01
  4.740000E+02 -2.839514E-01
  4.745000E+02 -3.098105E-01
  4.750000E+02 -3.527102E-01
  4.755000E+02 -4.286154E-01
  4.760000E+02 -5.335337E-01
  4.765000E+02 -6.379277E-01
  4.770000E+02 -6.957493E-01
  4.775000E+02 -6.650039E-01
  4.780000E+02 -5.301290E-01
  4.785000E+02 -3.140972E-01
  4.790000E+02 -7.196448E-02
  4.795000E+02  1.332513E-01
  4.800000E+02  2.610756E-01
  4.805000E+02  3.135523E-01
  4.810000E+02  3.315339E-01
  4.815000E+02  3.669159E-01
  4.820000E+02  4.457167E-01
  4.825000E+02  5.449706E-01
  4.830000E+02  6.005241E-01
  4.835000E+02  5.446538E-01
  4.840000E+02  3.524519E-01
  4.845000E+02  6.752708E-02
  4.850000E+02 -2.120305E-01
  4.855000E+02 -3.822382E-01
  4.860000E+02 -3.882663E-01
  4.865000E+02 -2.519967E-01
  4.870000E+02 -5.461666E-02
  4.875000E+02  1.143626E-01
  4.880000E+02  2.082126E-01
  4.885000E+02  2.410043E-01
  4.890000E+02  2.623808E-01
  4.895000E+02  3.092210E-01
  4.900000E+02  3.705586E-01
  4.905000E+02  3.923689E-01
  4.910000E+02  3.195468E-01
  4.915000E+02  1.443233E-01
  4.920000E+02 -7.596041E-02
  4.925000E+02 -2.480539E-01
  4.930000E+02 -3.016502E-01
  4.935000E+02 -2.379823E-01
  4.940000E+02 -1.333644E-01
  4.945000E+02 -9.280815E-02
  4.950000E+02 -1.829364E-01
  4.955000E+02 -3.878397E-01
  4.960000E+02 -6.162302E-01
  4.965000E+02 -7.541307E-01
  4.970000E+02 -7.282028E-01
  4.975000E+02 -5.403358E-01
  4.980000E+02 -2.560016E-01
  4.985000E+02  3.963666E-02
  4.990000E+02  2.852188E-01
  4.995000E+02  4.595680E-01
  5.000000E+02  5.679362E-01
  5.005000E+02  6.173856E-01
  5.010000E+02  6.049599E-01
  5.015000E+02  5.272178E-01
  5.020000E+02  3.989019E-01
  5.025000E+02  2.595364E-01
  5.030000E+02  1.568862E-01
  5.035000E+02  1.168904E-01
  5.040000E+02  1.235054E-01
  5.045000E+02  1.267540E-01
  5.050000E+02  7.628703E-02
  5.055000E+02 -4.286742E-02
  5.060000E+02 -1.992528E-01
  5.065000E+02 -3.381302E-01
  5.070000E+02 -4.224791E-01
  5.075000E+02 -4.608885E-01
  5.080000E+02 -4.997931E-01
  5.085000E+02 -5.835793E-01
  5.090000E+02 -7.108193E-01
  5.095000E+02 -8.197323E-01
  5.100000E+02 -8.166958E-01
  5.105000E+02 -6.316884E-01
  5.110000E+02 -2.652350E-01
  5.115000E+02  2.035924E-01
  5.120000E+02  6.530827E-01
  5.125000E+02  9.757549E-01
  5.130000E+02  1.121916E+00
  5.135000E+02  1.107346E+00
  5.140000E+02  9.873928E-01
  5.145000E+02  8.196876E-01
  5.150000E+02  6.399239E-01
  5.155000E+02  4.608484E-01
  5.160000E+02  2.863998E-01
  5.165000E+02  1.245010E-01
  5.170000E+02 -1.225826E-02
  5.175000E+02 -1.158654E-01
  5.180000E+02 -1.912573E-01
  5.185000E+02 -2.551439E-01
  5.190000E+02 -3.261353E-01
  5.195000E+02 -4.147065E-01
  5.200000E+02 -5.206041E-01
  5.205000E+02 -6.372961E-01
  5.210000E+02 -7.560739E-01
  5.215000E+02 -8.635095E-01
  5.220000E+02 -9.345311E-01
  5.225000E+02 -9.312463E-01
  5.230000E+02 -8.161989E-01
  5.235000E+02 -5.771000E-01
  5.240000E+02 -2.469958E-01
  5.245000E+02  9.871825E-02
  5.250000E+02  3.740753E-01
  5.255000E+02  5.277443E-01
  5.260000E+02  5.728030E-01
  5.265000E+02  5.782401E-01
  5.270000E+02  6.233066E-01
  5.275000E+02  7.421097E-01
  5.280000E+02  8.953485E-01
  5.285000E+02  9.903764E-01
  5.290000E+02  9.391299E-01
  5.295000E+02  7.172523E-01
  5.300000E+02  3.854959E-01
  5.305000E+02  5.851921E-02
  5.310000E+02 -1.594907E-01
  5.315000E+02 -2.316029E-01
  5.320000E+02 -2.024420E-01
  5.325000E+02 -1.635911E-01
  5.330000E+02 -1.949242E-01
  5.335000E+02 -3.198111E-01
  5.340000E+02 -4.996692E-01
  5.345000E+02 -6.656327E-01
  5.350000E+02 -7.620039E-01
  5.355000E+02 -7.725628E-01
  5.360000E+02 -7.167926E-01
  5.365000E+02 -6.252131E-01
  5.370000E+02 -5.152315E-01
  5.375000E+02 -3.841908E-01
  5.380000E+02 -2.206339E-01
  5.385000E+02 -2.130650E-02
  5.390000E+02  2.002786E-01
  5.395000E+02  4.184593E-01
  5.400000E+02  6.065995E-01
  5.405000E+02  7.444105E-01
  5.410000E+02  8.169609E-01
  5.415000E+02  8.102720E-01
  5.420000E+02  7.122844E-01
  5.425000E+02  5.227077E-01
  5.430000E+02  2.654411E-01
  5.435000E+02 -8.217442E-03
  5.440000E+02 -2.328973E-01
  5.445000E+02 -3.546205E-01
  5.450000E+02 -3.540819E-01
  5.455000E+02 -2.534234E-01
  5.460000E+02 -1.027019E-01
  5.465000E+02  4.441140E-02
  5.470000E+02  1.500654E-01
  5.475000E+02  1.967378E-01
  5.480000E+02  1.793025E-01
  5.485000E+02  9.647117E-02
  5.490000E+02 -4.797030E-02
  5.495000E+02 -2.345952E-01
  5.500000E+02 -4.200692E-01
  5.505000E+02 -5.443614E-01
  5.510000E+02 -5.560168E-01
  5.515000E+02 -4.427139E-01
  5.520000E+02 -2.462689E-01
  5.525000E+02 -4.801191E-02
  5.530000E+02  7.116445E-02
  5.535000E+02  7.404824E-02
  5.540000E+02 -1.270768E-02
  5.545000E+02 -1.147521E-01
  5.550000E+02 -1.534427E-01
  5.555000E+02 -9.035949E-02
  5.560000E+02  5.356952E-02
  5.565000E+02  2.144067E-01
  5.570000E+02  3.248862E-01
  5.575000E+02  3.518367E-01
  5.580000E+02  3.091696E-01
  5.585000E+02  2.413444E-01
  5.590000E+02  1.910790E-01
  5.595000E+02  1.734776E-01
  5.600000E+02  1.722307E-01
  5.605000E+02  1.576415E-01
  5.610000E+02  1.120644E-01
  5.615000E+02  4.486639E-02
  5.620000E+02 -1.256072E-02
  5.625000E+02 -2.743665E-02
  5.630000E+02  1.223922E-02
  5.635000E+02  8.815903E-02
  5.640000E+02  1.602128E-01
  5.645000E+02  1.871593E-01
  5.650000E+02  1.469584E-01
  5.655000E+02  4.571924E-02
  5.660000E+02 -8.809375E-02
  5.665000E+02 -2.189456E-01
  5.670000E+02 -3.193799E-01
  5.675000E+02 -3.772184E-01
  5.680000E+02 -3.930587E-01
  5.685000E+02 -3.724572E-01
  5.690000E+02 -3.196820E-01
  5.695000E+02 -2.376443E-01
  5.700000E+02 -1.334151E-01
  5.705000E+02 -2.411991E-02
  5.710000E+02  6.298498E-02
  5.715000E+02  9.906235E-02
  5.720000E+02  6.789439E-02
  5.725000E+02 -2.186965E-02
  5.730000E+02 -1.344228E-01
  5.735000E+02 -2.179774E-01
  5.740000E+02 -2.257759E-01
  5.745000E+02 -1.374821E-01
  5.750000E+02  2.958047E-02
  5.755000E+02  2.253915E-01
  5.760000E+02  3.866860E-01
  5.765000E+02  4.622422E-01
  5.770000E+02  4.327777E-01
  5.775000E+02  3.170899E-01
  5.780000E+02  1.626185E-01
  5.785000E+02  2.540528E-02
  5.790000E+02 -5.158970E-02
  5.795000E+02 -5.303000E-02
  5.800000E+02  6.499739E-03
  5.805000E+02  9.225262E-02
  5.810000E+02  1.661705E-01
  5.815000E+02  2.032651E-01
  5.820000E+02  2.004352E-01
  5.825000E+02  1.740879E-01
  5.830000E+02  1.481786E-01
  5.835000E+02  1.390557E-01
  5.840000E+02  1.452914E-01
  5.845000E+02  1.481155E-01
  5.850000E+02  1.221227E-01
  5.855000E+02  4.985575E-02
  5.860000E+02 -6.851771E-02
  5.865000E+02 -2.160740E-01
  5.870000E+02 -3.692710E-01
  5.875000E+02 -5.099217E-01
  5.880000E+02 -6.305355E-01
  5.885000E+02 -7.296424E-01
  5.890000E+02 -8.014644E-01
  5.895000E+02 -8.290712E-01
  5.900000E+02 -7.881106E-01
  5.905000E+02 -6.604173E-01
  5.910000E+02 -4.487770E-01
  5.915000E+02 -1.819545E-01
  5.920000E+02  9.509020E-02
  5.925000E+02  3.408346E-01
  5.930000E+02  5.345637E-01
  5.935000E+02  6.804843E-01
  5.940000E+02  7.964649E-01
  5.945000E+02  8.957080E-01
  5.950000E+02  9.741687E-01
  5.955000E+02  1.011897E+00
  5.960000E+02  9.862082E-01
  5.965000E+02  8.863078E-01
  5.970000E+02  7.187674E-01
  5.975000E+02  5.010350E-01
  5.980000E+02  2.497280E-01
  5.985000E+02 -2.564959E-02
  5.990000E+02 -3.177955E-01
  5.995000E+02 -6.095586E-01
  6.000000E+02 -8.657731E-01
  6.005000E+02 -1.038368E+00
  6.010000E+02 -1.084707E+00
  6.015000E+02 -9.888361E-01
  6.020000E+02 -7.719880E-01
  6.025000E+02 -4.851791E-01
  6.030000E+02 -1.884198E-01
  6.035000E+02  7.043777E-02
  6.040000E+02  2.650392E-01
  6.045000E+02  3.852523E-01
  6.050000E+02  4.252828E-01
  6.055000E+02  3.773931E-01
  6.060000E+02  2.380310E-01
  6.065000E+02  2.233912E-02
  6.070000E+02 -2.250914E-01
  6.075000E+02 -4.346289E-01
  6.080000E+02 -5.333332E-01
  6.085000E+02 -4.747379E-01
  6.090000E+02 -2.614401E-01
  6.095000E+02  5.156262E-02
  6.100000E+02  3.749232E-01
  6.105000E+02  6.161519E-01
  6.110000E+02  7.106069E-01
  6.115000E+02  6.406606E-01
  6.120000E+02  4.376942E-01
  6.125000E+02  1.683877E-01
  6.130000E+02 -8.855044E-02
  6.135000E+02 -2.671072E-01
  6.140000E+02 -3.322702E-01
  6.145000E+02 -2.862153E-01
  6.150000E+02 -1.608853E-01
  6.155000E+02 -9.787846E-04
  6.160000E+02  1.541584E-01
  6.165000E+02  2.808396E-01
  6.170000E+02  3.695283E-01
  6.175000E+02  4.152970E-01
  6.180000E+02  4.095684E-01
  6.185000E+02  3.413054E-01
  6.190000E+02  2.080933E-01
  6.195000E+02  2.858347E-02
  6.200000E+02 -1.554046E-01
  6.205000E+02 -2.928396E-01
  6.210000E+02 -3.476217E-01
  6.215000E+02 -3.182690E-01
  6.220000E+02 -2.396843E-01
  6.225000E+02 -1.647452E-01
  6.230000E+02 -1.370000E-01
  6.235000E+02 -1.716152E-01
  6.240000E+02 -2.552351E-01
  6.245000E+02 -3.612785E-01
  6.250000E+02 -4.662475E-01
  6.255000E+02 -5.535781E-01
  6.260000E+02 -6.038842E-01
  6.265000E+02 -5.842423E-01
  6.270000E+02 -4.525921E-01
  6.275000E+02 -1.822009E-01
  6.280000E+02  2.070059E-01
  6.285000E+02  6.342953E-01
  6.290000E+02  9.785707E-01
  6.295000E+02  1.129151E+00
  6.300000E+02  1.040360E+00
  6.305000E+02  7.569568E-01
  6.310000E+02  3.930176E-01
  6.315000E+02  7.510892E-02
  6.320000E+02 -1.173268E-01
  6.325000E+02 -1.805532E-01
  6.330000E+02 -1.710265E-01
  6.335000E+02 -1.606091E-01
  6.340000E+02 -1.933757E-01
  6.345000E+02 -2.692125E-01
  6.350000E+02 -3.579074E-01
  6.355000E+02 -4.266645E-01
  6.360000E+02 -4.585467E-01
  6.365000E+02 -4.512683E-01
  6.370000E+02 -4.038283E-01
  6.375000E+02 -3.077724E-01
  6.380000E+02 -1.535901E-01
  6.385000E+02  5.277890E-02
  6.390000E+02  2.793494E-01
  6.395000E+02  4.761411E-01
  6.400000E+02  5.994067E-01
  6.405000E+02  6.350615E-01
  6.410000E+02  6.030423E-01
  6.415000E+02  5.382338E-01
  6.420000E+02  4.621508E-01
  6.425000E+02  3.677743E-01
  6.430000E+02  2.304847E-01
  6.435000E+02  3.751489E-02
  6.440000E+02 -1.874186E-01
  6.445000E+02 -3.858110E-01
  6.450000E+02 -4.949361E-01
  6.455000E+02 -4.876147E-01
  6.460000E+02 -3.929833E-01
  6.465000E+02 -2.822081E-01
  6.470000E+02 -2.273959E-01
  6.475000E+02 -2.606674E-01
  6.480000E+02 -3.598282E-01
  6.485000E+02 -4.679918E-01
  6.490000E+02 -5.311922E-01
  6.495000E+02 -5.274186E-01
  6.500000E+02 -4.694652E-01
  6.505000E+02 -3.845572E-01
  6.510000E+02 -2.898153E-01
  6.515000E+02 -1.826773E-01
  6.520000E+02 -5.090226E-02
  6.525000E+02  1.096023E-01
  6.530000E+02  2.859554E-01
  6.535000E+02  4.558072E-01
  6.540000E+02  6.033218E-01
  6.545000E+02  7.281527E-01
  6.550000E+02  8.383425E-01
  6.555000E+02  9.329256E-01
  6.560000E+02  9.903680E-01
  6.565000E+02  9.754781E-01
  6.570000E+02  8.623210E-01
  6.575000E+02  6.562765E-01
  6.580000E+02  3.970584E-01
  6.585000E+02  1.382536E-01
  6.590000E+02 -8.268411E-02
  6.595000E+02 -2.618748E-01
  6.600000E+02 -4.209308E-01
  6.605000E+02 -5.802094E-01
  6.610000E+02 -7.350986E-01
  6.615000E+02 -8.547554E-01
  6.620000E+02 -9.046110E-01
  6.625000E+02 -8.742481E-01
  6.630000E+02 -7.870262E-01
  6.635000E+02 -6.820229E-01
  6.640000E+02 -5.817824E-01
  6.645000E+02 -4.726431E-01
  6.650000E+02 -3.164622E-01
  6.655000E+02 -8.826856E-02
  6.660000E+02  1.878825E-01
  6.665000E+02  4.348542E-01
  6.670000E+02  5.590753E-01
  6.675000E+02  5.068847E-01
  6.680000E+02  3.029688E-01
  6.685000E+02  4.309403E-02
  6.690000E+02 -1.565249E-01
  6.695000E+02 -2.215731E-01
  6.700000E+02 -1.543711E-01
  6.705000E+02 -2.083849E-02
  6.710000E+02  9.844207E-02
  6.715000E+02  1.589338E-01
  6.720000E+02  1.727115E-01
  6.725000E+02  1.902258E-01
  6.730000E+02  2.609166E-01
  6.735000E+02  4.011774E-01
  6.740000E+02  5.880028E-01
  6.745000E+02  7.757482E-01
  6.750000E+02  9.186367E-01
  6.755000E+02  9.829430E-01
  6.760000E+02  9.462668E-01
  6.765000E+02  7.937688E-01
  6.770000E+02  5.218761E-01
  6.775000E+02  1.492928E-01
  6.780000E+02 -2.759922E-01
  6.785000E+02 -6.853909E-01
  6.790000E+02 -1.013870E+00
  6.795000E+02 -1.225041E+00
  6.800000E+02 -1.318997E+00
  6.805000E+02 -1.316496E+00
  6.810000E+02 -1.231889E+00
  6.815000E+02 -1.057632E+00
  6.820000E+02 -7.754970E-01
  6.825000E+02 -3.882372E-01
  6.830000E+02  5.320049E-02
  6.835000E+02  4.522216E-01
  6.840000E+02  7.042226E-01
  6.845000E+02  7.483036E-01
  6.850000E+02  5.993217E-01
  6.855000E+02  3.380902E-01
  6.860000E+02  6.581272E-02
  6.865000E+02 -1.466563E-01
  6.870000E+02 -2.816269E-01
  6.875000E+02 -3.577855E-01
  6.880000E+02 -3.914025E-01
  6.885000E+02 -3.683282E-01
  6.890000E+02 -2.495152E-01
  6.895000E+02 -5.617030E-03
  6.900000E+02  3.470379E-01
  6.905000E+02  7.383597E-01
  6.910000E+02  1.072555E+00
  6.915000E+02  1.273508E+00
  6.920000E+02  1.316359E+00
  6.925000E+02  1.225659E+00
  6.930000E+02  1.046132E+00
  6.935000E+02  8.115699E-01
  6.940000E+02  5.356074E-01
  6.945000E+02  2.274841E-01
  6.950000E+02 -8.630867E-02
  6.955000E+02 -3.588131E-01
  6.960000E+02 -5.458180E-01
  6.965000E+02 -6.389454E-01
  6.970000E+02 -6.799022E-01
  6.975000E+02 -7.387217E-01
  6.980000E+02 -8.663502E-01
  6.985000E+02 -1.054196E+00
  6.990000E+02 -1.231830E+00
  6.995000E+02 -1.308226E+00
  7.000000E+02 -1.230111E+00
  7.005000E+02 -1.017190E+00
  7.010000E+02 -7.493146E-01
  7.015000E+02 -5.146081E-01
  7.020000E+02 -3.552310E-01
  7.025000E+02 -2.484336E-01
  7.030000E+02 -1.340754E-01
  7.035000E+02  3.426319E-02
  7.040000E+02  2.536800E-01
  7.045000E+02  4.775398E-01
  7.050000E+02  6.554850E-01
  7.055000E+02  7.745935E-01
  7.060000E+02  8.680707E-01
  7.065000E+02  9.838447E-01
  7.070000E+02  1.137663E+00
  7.075000E+02  1.288783E+00
  7.080000E+02  1.360295E+00
  7.085000E+02  1.292162E+00
  7.090000E+02  1.088766E+00
  7.095000E+02  8.243407E-01
  7.100000E+02  5.988258E-01
  7.105000E+02  4.725309E-01
  7.110000E+02  4.245085E-01
  7.115000E+02  3.644021E-01
  7.120000E+02  1.912906E-01
  7.125000E+02 -1.388585E-01
  7.130000E+02 -5.810029E-01
  7.135000E+02 -1.023910E+00
  7.140000E+02 -1.351621E+00
  7.145000E+02 -1.503445E+00
  7.150000E+02 -1.496485E+00
  7.155000E+02 -1.401534E+00
  7.160000E+02 -1.293165E+00
  7.165000E+02 -1.207861E+00
  7.170000E+02 -1.133733E+00
  7.175000E+02 -1.031576E+00
  7.180000E+02 -8.674728E-01
  7.185000E+02 -6.341230E-01
  7.190000E+02 -3.506581E-01
  7.195000E+02 -4.732587E-02
  7.200000E+02  2.502855E-01
  7.205000E+02  5.269724E-01
  7.210000E+02  7.738534E-01
  7.215000E+02  9.823910E-01
  7.220000E+02  1.143293E+00
  7.225000E+02  1.249964E+00
  7.230000E+02  1.300528E+00
  7.235000E+02  1.293832E+00
  7.240000E+02  1.221985E+00
  7.245000E+02  1.068028E+00
  7.250000E+02  8.157944E-01
  7.255000E+02  4.697935E-01
  7.260000E+02  7.258097E-02
  7.265000E+02 -2.956070E-01
  7.270000E+02 -5.415774E-01
  7.275000E+02 -5.994879E-01
  7.280000E+02 -4.659292E-01
  7.285000E+02 -2.089411E-01
  7.290000E+02  5.685132E-02
  7.295000E+02  2.182173E-01
  7.300000E+02  2.107412E-01
  7.305000E+02  4.242429E-02
  7.310000E+02 -2.166095E-01
  7.315000E+02 -4.705147E-01
  7.320000E+02 -6.401345E-01
  7.325000E+02 -6.908036E-01
  7.330000E+02 -6.351868E-01
  7.335000E+02 -5.149862E-01
  7.340000E+02 -3.753117E-01
  7.345000E+02 -2.465128E-01
  7.350000E+02 -1.410691E-01
  7.355000E+02 -6.288930E-02
  7.360000E+02 -1.918112E-02
  7.365000E+02 -2.468257E-02
  7.370000E+02 -9.405280E-02
  7.375000E+02 -2.266913E-01
  7.380000E+02 -3.940735E-01
  7.385000E+02 -5.394290E-01
  7.390000E+02 -5.933115E-01
  7.395000E+02 -4.997928E-01
  7.400000E+02 -2.416206E-01
  7.405000E+02  1.476866E-01
  7.410000E+02  5.909412E-01
  7.415000E+02  9.908253E-01
  7.420000E+02  1.259984E+00
  7.425000E+02  1.345901E+00
  7.430000E+02  1.242388E+00
  7.435000E+02  9.859590E-01
  7.440000E+02  6.409485E-01
  7.445000E+02  2.797583E-01
  7.450000E+02 -3.577348E-02
  7.455000E+02 -2.676350E-01
  7.460000E+02 -4.069380E-01
  7.465000E+02 -4.702014E-01
  7.470000E+02 -4.877666E-01
  7.475000E+02 -4.884694E-01
  7.480000E+02 -4.870538E-01
  7.485000E+02 -4.803793E-01
  7.490000E+02 -4.543068E-01
  7.495000E+02 -3.970056E-01
  7.500000E+02 -3.101957E-01
  7.505000E+02 -2.108355E-01
  7.510000E+02 -1.219828E-01
  7.515000E+02 -5.904487E-02
  7.520000E+02 -2.105413E-02
  7.525000E+02  6.819540E-03
  7.530000E+02  4.141846E-02
  7.535000E+02  8.921226E-02
  7.540000E+02  1.426081E-01
  7.545000E+02  1.875620E-01
  7.550000E+02  2.162986E-01
  7.555000E+02  2.347628E-01
  7.560000E+02  2.583105E-01
  7.565000E+02  2.983676E-01
  7.570000E+02  3.502382E-01
  7.575000E+02  3.919498E-01
  7.580000E+02  3.958596E-01
  7.585000E+02  3.448841E-01
  7.590000E+02  2.414209E-01
  7.595000E+02  1.025894E-01
  7.600000E+02 -5.376071E-02
  7.605000E+02 -2.202556E-01
  7.610000E+02 -3.984249E-01
  7.615000E+02 -5.849077E-01
  7.620000E+02 -7.570165E-01
  7.625000E+02 -8.716960E-01
  7.630000E+02 -8.829849E-01
  7.635000E+02 -7.687967E-01
  7.640000E+02 -5.489520E-01
  7.645000E+02 -2.803174E-01
  7.650000E+02 -2.974747E-02
  7.655000E+02  1.589710E-01
  7.660000E+02  2.831276E-01
  7.665000E+02  3.727561E-01
  7.670000E+02  4.624567E-01
  7.675000E+02  5.631960E-01
  7.680000E+02  6.533791E-01
  7.685000E+02  6.946150E-01
  7.690000E+02  6.603461E-01
  7.695000E+02  5.570210E-01
  7.700000E+02  4.233245E-01
  7.705000E+02  3.084298E-01
  7.710000E+02  2.441357E-01
  7.715000E+02  2.287245E-01
  7.720000E+02  2.313405E-01
  7.725000E+02  2.119326E-01
  7.730000E+02  1.430655E-01
  7.735000E+02  2.125146E-02
  7.740000E+02 -1.357392E-01
  7.745000E+02 -3.001941E-01
  7.750000E+02 -4.459598E-01
  7.755000E+02 -5.549952E-01
  7.760000E+02 -6.191346E-01
  7.765000E+02 -6.396724E-01
  7.770000E+02 -6.259198E-01
  7.775000E+02 -5.914718E-01
  7.780000E+02 -5.472245E-01
  7.785000E+02 -4.936644E-01
  7.790000E+02 -4.181620E-01
  7.795000E+02 -3.017874E-01
  7.800000E+02 -1.338976E-01
  7.805000E+02  7.425672E-02
  7.810000E+02  2.872698E-01
  7.815000E+02  4.586126E-01
  7.820000E+02  5.522506E-01
  7.825000E+02  5.592099E-01
  7.830000E+02  4.981999E-01
  7.835000E+02  4.006151E-01
  7.840000E+02  2.917195E-01
  7.845000E+02  1.824446E-01
  7.850000E+02  7.728665E-02
  7.855000E+02 -1.025281E-02
  7.860000E+02 -5.111399E-02
  7.865000E+02 -1.386280E-02
  7.870000E+02  1.076437E-01
  7.875000E+02  2.721182E-01
  7.880000E+02  3.953737E-01
  7.885000E+02  3.871209E-01
  7.890000E+02  2.028474E-01
  7.895000E+02 -1.204638E-01
  7.900000E+02 -4.701623E-01
  7.905000E+02 -7.070599E-01
  7.910000E+02 -7.328902E-01
  7.915000E+02 -5.388236E-01
  7.920000E+02 -2.082128E-01
  7.925000E+02  1.266485E-01
  7.930000E+02  3.481462E-01
  7.935000E+02  4.025126E-01
  7.940000E+02  3.114325E-01
  7.945000E+02  1.465069E-01
  7.950000E+02 -1.324210E-02
  7.955000E+02 -1.158569E-01
  7.960000E+02 -1.483072E-01
  7.965000E+02 -1.272334E-01
  7.970000E+02 -8.078444E-02
  7.975000E+02 -3.390198E-02
  7.980000E+02 -2.094114E-03
  7.985000E+02  8.605481E-03
  7.990000E+02 -7.934158E-05
  7.995000E+02 -2.039332E-02
  8.000000E+02 -4.154448E-02
  8.005000E+02 -5.483382E-02
  8.010000E+02 -5.850584E-02
  8.015000E+02 -5.775269E-02
  8.020000E+02 -5.769501E-02
  8.025000E+02 -5.323312E-02
  8.030000E+02 -2.443340E-02
  8.035000E+02  5.544557E-02
  8.040000E+02  2.005146E-01
  8.045000E+02  3.923892E-01
  8.050000E+02  5.745150E-01
  8.055000E+02  6.688429E-01
  8.060000E+02  6.096201E-01
  8.065000E+02  3.773127E-01
  8.070000E+02  1.369527E-02
  8.075000E+02 -3.911625E-01
  8.080000E+02 -7.337813E-01
  8.085000E+02 -9.361102E-01
  8.090000E+02 -9.694942E-01
  8.095000E+02 -8.546442E-01
  8.100000E+02 -6.420760E-01
  8.105000E+02 -3.865806E-01
  8.110000E+02 -1.293039E-01
  8.115000E+02  1.064440E-01
  8.120000E+02  3.086502E-01
  8.125000E+02  4.674351E-01
  8.130000E+02  5.704382E-01
  8.135000E+02  6.050543E-01
  8.140000E+02  5.649054E-01
  8.145000E+02  4.558305E-01
  8.150000E+02  2.977287E-01
  8.155000E+02  1.212603E-01
  8.160000E+02 -3.915533E-02
  8.165000E+02 -1.533848E-01
  8.170000E+02 -2.020422E-01
  8.175000E+02 -1.796609E-01
  8.180000E+02 -9.428341E-02
  8.185000E+02  3.541296E-02
  8.190000E+02  1.836388E-01
  8.195000E+02  3.204394E-01
  8.200000E+02  4.144817E-01
  8.205000E+02  4.374918E-01
  8.210000E+02  3.716941E-01
  8.215000E+02  2.188682E-01
  8.220000E+02  6.244473E-03
  8.225000E+02 -2.166082E-01
  8.230000E+02 -3.924360E-01
  8.235000E+02 -4.782870E-01
  8.240000E+02 -4.645378E-01
  8.245000E+02 -3.799260E-01
  8.250000E+02 -2.779305E-01
  8.255000E+02 -2.102546E-01
  8.260000E+02 -2.012376E-01
  8.265000E+02 -2.372289E-01
  8.270000E+02 -2.766785E-01
  8.275000E+02 -2.748784E-01
  8.280000E+02 -2.092730E-01
  8.285000E+02 -9.179513E-02
  8.290000E+02  3.714670E-02
  8.295000E+02  1.282515E-01
  8.300000E+02  1.457033E-01
  8.305000E+02  8.227374E-02
  8.310000E+02 -3.766564E-02
  8.315000E+02 -1.665173E-01
  8.320000E+02 -2.495374E-01
  8.325000E+02 -2.441028E-01
  8.330000E+02 -1.369274E-01
  8.335000E+02  4.727428E-02
  8.340000E+02  2.519134E-01
  8.345000E+02  4.110359E-01
  8.350000E+02  4.808456E-01
  8.355000E+02  4.644519E-01
  8.360000E+02  4.133207E-01
  8.365000E+02  3.995714E-01
  8.370000E+02  4.711032E-01
  8.375000E+02  6.154166E-01
  8.380000E+02  7.569833E-01
  8.385000E+02  7.948170E-01
  8.390000E+02  6.613567E-01
  8.395000E+02  3.675156E-01
  8.400000E+02  4.112560E-03
  8.405000E+02 -3.045148E-01
  8.410000E+02 -4.686516E-01
  8.415000E+02 -4.820162E-01
  8.420000E+02 -4.211277E-01
  8.425000E+02 -3.957044E-01
  8.430000E+02 -4.810383E-01
  8.435000E+02 -6.737496E-01
  8.440000E+02 -8.962684E-01
  8.445000E+02 -1.044049E+00
  8.450000E+02 -1.043908E+00
  8.455000E+02 -8.881905E-01
  8.460000E+02 -6.284355E-01
  8.465000E+02 -3.391809E-01
  8.470000E+02 -7.907182E-02
  8.475000E+02  1.273305E-01
  8.480000E+02  2.822061E-01
  8.485000E+02  3.950961E-01
  8.490000E+02  4.699914E-01
  8.495000E+02  5.074270E-01
  8.500000E+02  5.150221E-01
  8.505000E+02  5.124572E-01
  8.510000E+02  5.226188E-01
  8.515000E+02  5.539814E-01
  8.520000E+02  5.886226E-01
  8.525000E+02  5.875796E-01
  8.530000E+02  5.125329E-01
  8.535000E+02  3.501888E-01
  8.540000E+02  1.232379E-01
  8.545000E+02 -1.187430E-01
  8.550000E+02 -3.211767E-01
  8.555000E+02 -4.443594E-01
  8.560000E+02 -4.706524E-01
  8.565000E+02 -3.998657E-01
  8.570000E+02 -2.426420E-01
  8.575000E+02 -2.056685E-02
  8.580000E+02  2.279516E-01
  8.585000E+02  4.462218E-01
  8.590000E+02  5.721178E-01
  8.595000E+02  5.641034E-01
  8.600000E+02  4.258816E-01
  8.605000E+02  2.108947E-01
  8.610000E+02 -1.711378E-03
  8.615000E+02 -1.489220E-01
  8.620000E+02 -2.184662E-01
  8.625000E+02 -2.531031E-01
  8.630000E+02 -3.198653E-01
  8.635000E+02 -4.625970E-01
  8.640000E+02 -6.679912E-01
  8.645000E+02 -8.673771E-01
  8.650000E+02 -9.736882E-01
  8.655000E+02 -9.305387E-01
  8.660000E+02 -7.430926E-01
  8.665000E+02 -4.727972E-01
  8.670000E+02 -2.012503E-01
  8.675000E+02  1.306875E-02
  8.680000E+02  1.592357E-01
  8.685000E+02  2.675610E-01
  8.690000E+02  3.804406E-01
  8.695000E+02  5.208422E-01
  8.700000E+02  6.772468E-01
  8.705000E+02  8.111249E-01
  8.710000E+02  8.788667E-01
  8.715000E+02  8.534607E-01
  8.720000E+02  7.346385E-01
  8.725000E+02  5.453348E-01
  8.730000E+02  3.201736E-01
  8.735000E+02  9.386159E-02
  8.740000E+02 -1.056953E-01
  8.745000E+02 -2.593217E-01
  8.750000E+02 -3.559458E-01
  8.755000E+02 -3.916277E-01
  8.760000E+02 -3.689925E-01
  8.765000E+02 -2.968864E-01
  8.770000E+02 -1.901186E-01
  8.775000E+02 -6.924499E-02
  8.780000E+02  4.027383E-02
  8.785000E+02  1.110923E-01
  8.790000E+02  1.204698E-01
  8.795000E+02  5.935904E-02
  8.800000E+02 -5.979977E-02
  8.805000E+02 -2.019266E-01
  8.810000E+02 -3.181428E-01
  8.815000E+02 -3.629437E-01
  8.820000E+02 -3.128567E-01
  8.825000E+02 -1.777903E-01
  8.830000E+02  8.855980E-04
  8.835000E+02  1.653322E-01
  8.840000E+02  2.630556E-01
  8.845000E+02  2.664607E-01
  8.850000E+02  1.824485E-01
  8.855000E+02  4.867255E-02
  8.860000E+02 -8.190274E-02
  8.865000E+02 -1.624765E-01
  8.870000E+02 -1.720226E-01
  8.875000E+02 -1.251015E-01
  8.880000E+02 -6.658638E-02
  8.885000E+02 -5.151584E-02
  8.890000E+02 -1.172992E-01
  8.895000E+02 -2.608420E-01
  8.900000E+02 -4.330561E-01
  8.905000E+02 -5.560762E-01
  8.910000E+02 -5.569412E-01
  8.915000E+02 -4.017638E-01
  8.920000E+02 -1.128100E-01
  8.925000E+02  2.406017E-01
  8.930000E+02  5.722692E-01
  8.935000E+02  8.137813E-01
  8.940000E+02  9.355684E-01
  8.945000E+02  9.454587E-01
  8.950000E+02  8.698904E-01
  8.955000E+02  7.326060E-01
  8.960000E+02  5.450341E-01
  8.965000E+02  3.127309E-01
  8.970000E+02  5.037160E-02
  8.975000E+02 -2.080505E-01
  8.980000E+02 -4.134475E-01
  8.985000E+02 -5.197814E-01
  8.990000E+02 -5.061693E-01
  8.995000E+02 -3.901738E-01
  9.000000E+02 -2.244291E-01
  9.005000E+02 -7.762855E-02
  9.010000E+02 -8.315739E-03
  9.015000E+02 -4.246192E-02
  9.020000E+02 -1.635108E-01
  9.025000E+02 -3.185965E-01
  9.030000E+02 -4.391406E-01
  9.035000E+02 -4.690748E-01
  9.040000E+02 -3.902575E-01
  9.045000E+02 -2.337620E-01
  9.050000E+02 -6.956790E-02
  9.055000E+02  2.387337E-02
  9.060000E+02 -2.125949E-03
  9.065000E+02 -1.393779E-01
  9.070000E+02 -3.226178E-01
  9.075000E+02 -4.588296E-01
  9.080000E+02 -4.720749E-01
  9.085000E+02 -3.398704E-01
  9.090000E+02 -1.010581E-01
  9.095000E+02  1.685406E-01
  9.100000E+02  3.974222E-01
  9.105000E+02  5.519008E-01
  9.110000E+02  6.432065E-01
  9.115000E+02  7.071154E-01
  9.120000E+02  7.721455E-01
  9.125000E+02  8.378205E-01
  9.130000E+02  8.755164E-01
  9.135000E+02  8.482123E-01
  9.140000E+02  7.337263E-01
  9.145000E+02  5.362971E-01
  9.150000E+02  2.819387E-01
  9.155000E+02  4.842215E-03
  9.160000E+02 -2.637260E-01
  9.165000E+02 -4.981105E-01
  9.170000E+02 -6.759461E-01
  9.175000E+02 -7.788077E-01
  9.180000E+02 -7.996822E-01
  9.185000E+02 -7.522376E-01
  9.190000E+02 -6.716190E-01
  9.195000E+02 -6.005745E-01
  9.200000E+02 -5.658959E-01
  9.205000E+02 -5.597588E-01
  9.210000E+02 -5.401742E-01
  9.215000E+02 -4.533521E-01
  9.220000E+02 -2.659505E-01
  9.225000E+02  1.225253E-02
  9.230000E+02  3.290160E-01
  9.235000E+02  6.124027E-01
  9.240000E+02  8.008579E-01
  9.245000E+02  8.630641E-01
  9.250000E+02  7.992903E-01
  9.255000E+02  6.294962E-01
  9.260000E+02  3.809290E-01
  9.265000E+02  8.444655E-02
  9.270000E+02 -2.216381E-01
  9.275000E+02 -4.894489E-01
  9.280000E+02 -6.692529E-01
  9.285000E+02 -7.258631E-01
  9.290000E+02 -6.534810E-01
  9.295000E+02 -4.777728E-01
  9.300000E+02 -2.425243E-01
  9.305000E+02  1.045195E-02
  9.310000E+02  2.546340E-01
  9.315000E+02  4.775760E-01
  9.320000E+02  6.692079E-01
  9.325000E+02  8.118942E-01
  9.330000E+02  8.822871E-01
  9.335000E+02  8.641971E-01
  9.340000E+02  7.613895E-01
  9.345000E+02  5.983318E-01
  9.350000E+02  4.066749E-01
  9.355000E+02  2.077191E-01
  9.360000E+02  5.539708E-03
  9.365000E+02 -2.027425E-01
  9.370000E+02 -4.079177E-01
  9.375000E+02 -5.785004E-01
  9.380000E+02 -6.720030E-01
  9.385000E+02 -6.634538E-01
  9.390000E+02 -5.709919E-01
  9.395000E+02 -4.566366E-01
  9.400000E+02 -3.960312E-01
  9.405000E+02 -4.337017E-01
  9.410000E+02 -5.532218E-01
  9.415000E+02 -6.839585E-01
  9.420000E+02 -7.420138E-01
  9.425000E+02 -6.793806E-01
  9.430000E+02 -5.094015E-01
  9.435000E+02 -2.930649E-01
  9.440000E+02 -9.777484E-02
  9.445000E+02  4.164603E-02
  9.450000E+02  1.338157E-01
  9.455000E+02  2.100188E-01
  9.460000E+02  2.919920E-01
  9.465000E+02  3.754469E-01
  9.470000E+02  4.418110E-01
  9.475000E+02  4.861824E-01
  9.480000E+02  5.348306E-01
  9.485000E+02  6.328969E-01
  9.490000E+02  8.072362E-01
  9.495000E+02  1.031856E+00
  9.500000E+02  1.225841E+00
  9.505000E+02  1.292407E+00
  9.510000E+02  1.177282E+00
  9.515000E+02  9.075184E-01
  9.520000E+02  5.816776E-01
  9.525000E+02  3.137904E-01
  9.530000E+02  1.650832E-01
  9.535000E+02  1.070739E-01
  9.540000E+02  4.010594E-02
  9.545000E+02 -1.442242E-01
  9.550000E+02 -4.959604E-01
  9.555000E+02 -9.757164E-01
  9.560000E+02 -1.475706E+00
  9.565000E+02 -1.875704E+00
  9.570000E+02 -2.097246E+00
  9.575000E+02 -2.125229E+00
  9.580000E+02 -1.991030E+00
  9.585000E+02 -1.736707E+00
  9.590000E+02 -1.388737E+00
  9.595000E+02 -9.577766E-01
  9.600000E+02 -4.589475E-01
  9.605000E+02  6.831799E-02
  9.610000E+02  5.602114E-01
  9.615000E+02  9.513718E-01
  9.620000E+02  1.205636E+00
  9.625000E+02  1.332991E+00
  9.630000E+02  1.380004E+00
  9.635000E+02  1.398944E+00
  9.640000E+02  1.415140E+00
  9.645000E+02  1.413369E+00
  9.650000E+02  1.351814E+00
  9.655000E+02  1.194771E+00
  9.660000E+02  9.436836E-01
  9.665000E+02  6.470159E-01
  9.670000E+02  3.818150E-01
  9.675000E+02  2.159920E-01
  9.680000E+02  1.713963E-01
  9.685000E+02  2.079129E-01
  9.690000E+02  2.383691E-01
  9.695000E+02  1.684572E-01
  9.700000E+02 -5.706016E-02
  9.705000E+02 -4.244728E-01
  9.710000E+02 -8.528475E-01
  9.715000E+02 -1.227343E+00
  9.720000E+02 -1.448295E+00
  9.725000E+02 -1.472127E+00
  9.730000E+02 -1.324349E+00
  9.735000E+02 -1.079677E+00
  9.740000E+02 -8.217703E-01
  9.745000E+02 -6.053609E-01
  9.750000E+02 -4.407190E-01
  9.755000E+02 -3.061080E-01
  9.760000E+02 -1.768646E-01
  9.765000E+02 -5.047294E-02
  9.770000E+02  4.896947E-02
  9.775000E+02  8.908105E-02
  9.780000E+02  5.721742E-02
  9.785000E+02 -2.126726E-02
  9.790000E+02 -8.760820E-02
  9.795000E+02 -7.562695E-02
  9.800000E+02  5.546838E-02
  9.805000E+02  2.997952E-01
  9.810000E+02  6.060164E-01
  9.815000E+02  8.990945E-01
  9.820000E+02  1.110197E+00
  9.825000E+02  1.200102E+00
  9.830000E+02  1.167186E+00
  9.835000E+02  1.040055E+00
  9.840000E+02  8.615704E-01
  9.845000E+02  6.725523E-01
  9.850000E+02  5.008197E-01
  9.855000E+02  3.572246E-01
  9.860000E+02  2.374955E-01
  9.865000E+02  1.275840E-01
  9.870000E+02  1.020710E-02
  9.875000E+02 -1.292898E-01
  9.880000E+02 -2.988871E-01
  9.885000E+02 -4.977186E-01
  9.890000E+02 -7.149298E-01
  9.895000E+02 -9.289005E-01
  9.900000E+02 -1.107699E+00
  9.905000E+02 -1.213292E+00
  9.910000E+02 -1.211681E+00
  9.915000E+02 -1.087607E+00
  9.920000E+02 -8.573863E-01
  9.925000E+02 -5.707982E-01
  9.930000E+02 -2.963086E-01
  9.935000E+02 -9.312528E-02
  9.940000E+02  1.662491E-02
  9.945000E+02  5.905732E-02
  9.950000E+02  9.388533E-02
  9.955000E+02  1.798022E-01
  9.960000E+02  3.390985E-01
  9.965000E+02  5.430059E-01
  9.970000E+02  7.275800E-01
  9.975000E+02  8.309549E-01
  9.980000E+02  8.288685E-01
  9.985000E+02  7.461600E-01
  9.990000E+02  6.374767E-01
  9.995000E+02  5.505055E-01
  1.000000E+03  4.961296E-01
  1.000500E+03  4.445531E-01
  1.001000E+03  3.485611E-01
  1.001500E+03  1.772301E-01
  1.002000E+03 -6.227638E-02
  1.002500E+03 -3.274703E-01
  1.003000E+03 -5.631349E-01
  1.003500E+03 -7.267023E-01
  1.004000E+03 -8.003255E-01
  1.004500E+03 -7.857839E-01
  1.005000E+03 -6.916471E-01
  1.005500E+03 -5.261969E-01
  1.006000E+03 -3.020632E-01
  1.006500E+03 -4.630809E-02
  1.007000E+03  1.966493E-01
  1.007500E+03  3.768165E-01
  1.008000E+03  4.601440E-01
  1.008500E+03  4.451592E-01
  1.009000E+03  3.617581E-01
  1.009500E+03  2.516874E-01
  1.010000E+03  1.442285E-01
  1.010500E+03  4.490201E-02
  1.011000E+03 -5.445024E-02
  1.011500E+03 -1.525277E-01
  1.012000E+03 -2.219558E-01
  1.012500E+03 -2.154203E-01
  1.013000E+03 -9.437016E-02
  1.013500E+03  1.377454E-01
  1.014000E+03  4.216716E-01
  1.014500E+03  6.608025E-01
  1.015000E+03  7.636566E-01
  1.015500E+03  6.857406E-01
  1.016000E+03  4.460501E-01
  1.016500E+03  1.098703E-01
  1.017000E+03 -2.488508E-01
  1.017500E+03 -5.803051E-01
  1.018000E+03 -8.670817E-01
  1.018500E+03 -1.106686E+00
  1.019000E+03 -1.285312E+00
  1.019500E+03 -1.365078E+00
  1.020000E+03 -1.296166E+00
  1.020500E+03 -1.046673E+00
  1.021000E+03 -6.298949E-01
  1.021500E+03 -1.099927E-01
  1.022000E+03  4.188327E-01
  1.022500E+03  8.675515E-01
  1.023000E+03  1.181577E+00
  1.023500E+03  1.349054E+00
  1.024000E+03  1.387441E+00
  1.024500E+03  1.320839E+00
  1.025000E+03  1.164171E+00
  1.025500E+03  9.231179E-01
  1.026000E+03  6.066872E-01
  1.026500E+03  2.408809E-01
  1.027000E+03 -1.277668E-01
  1.027500E+03 -4.423130E-01
  1.028000E+03 -6.535597E-01
  1.028500E+03 -7.360906E-01
  1.029000E+03 -6.943500E-01
  1.029500E+03 -5.575085E-01
  1.030000E+03 -3.678552E-01
  1.030500E+03 -1.692495E-01
  1.031000E+03  3.866053E-04
  1.031500E+03  1.126887E-01
  1.032000E+03  1.511276E-01
  1.032500E+03  1.137154E-01
  1.033000E+03  1.517411E-02
  1.033500E+03 -1.144373E-01
  1.034000E+03 -2.369577E-01
  1.034500E+03 -3.182484E-01
  1.035000E+03 -3.404876E-01
  1.035500E+03 -3.084571E-01
  1.036000E+03 -2.459038E-01
  1.036500E+03 -1.830936E-01
  1.037000E+03 -1.416424E-01
  1.037500E+03 -1.245155E-01
  1.038000E+03 -1.163986E-01
  1.038500E+03 -9.383913E-02
  1.039000E+03 -3.905561E-02
  1.039500E+03  5.048160E-02
  1.040000E+03  1.615329E-01
  1.040500E+03  2.725462E-01
  1.041000E+03  3.631843E-01
  1.041500E+03  4.196084E-01
  1.042000E+03  4.334313E-01
  1.042500E+03  3.979089E-01
  1.043000E+03  3.075373E-01
  1.043500E+03  1.643402E-01
  1.044000E+03 -1.249609E-02
  1.044500E+03 -1.822524E-01
  1.045000E+03 -2.912985E-01
  1.045500E+03 -2.946759E-01
  1.046000E+03 -1.806234E-01
  1.046500E+03  1.697664E-02
  1.047000E+03  2.285383E-01
  1.047500E+03  3.787022E-01
  1.048000E+03  4.208818E-01
  1.048500E+03  3.567219E-01
  1.049000E+03  2.289033E-01
  1.049500E+03  9.189823E-02
  1.050000E+03 -2.079984E-02
  1.050500E+03 -1.121509E-01
  1.051000E+03 -2.102388E-01
  1.051500E+03 -3.384100E-01
  1.052000E+03 -4.877115E-01
  1.052500E+03 -6.113481E-01
  1.053000E+03 -6.466445E-01
  1.053500E+03 -5.519203E-01
  1.054000E+03 -3.355299E-01
  1.054500E+03 -5.861194E-02
  1.055000E+03  1.911205E-01
  1.055500E+03  3.400801E-01
  1.056000E+03  3.615832E-01
  1.056500E+03  2.837753E-01
  1.057000E+03  1.704312E-01
  1.057500E+03  8.690439E-02
  1.058000E+03  6.977545E-02
  1.058500E+03  1.144660E-01
  1.059000E+03  1.841971E-01
  1.059500E+03  2.329472E-01
  1.060000E+03  2.297259E-01
  1.060500E+03  1.728008E-01
  1.061000E+03  8.841648E-02
  1.061500E+03  1.573106E-02
  1.062000E+03 -1.450913E-02
  1.062500E+03  2.688962E-03
  1.063000E+03  4.215307E-02
  1.063500E+03  6.053271E-02
  1.064000E+03  1.998963E-02
  1.064500E+03 -8.835621E-02
  1.065000E+03 -2.349863E-01
  1.065500E+03 -3.641124E-01
  1.066000E+03 -4.228144E-01
  1.066500E+03 -3.913021E-01
  1.067000E+03 -2.956175E-01
  1.067500E+03 -1.931321E-01
  1.068000E+03 -1.377159E-01
  1.068500E+03 -1.452508E-01
  1.069000E+03 -1.816130E-01
  1.069500E+03 -1.822059E-01
  1.070000E+03 -9.225213E-02
  1.070500E+03  9.673488E-02
  1.071000E+03  3.370700E-01
  1.071500E+03  5.477045E-01
  1.072000E+03  6.552404E-01
  1.072500E+03  6.279662E-01
  1.073000E+03  4.839289E-01
  1.073500E+03  2.723786E-01
  1.074000E+03  4.517202E-02
  1.074500E+03 -1.612230E-01
  1.075000E+03 -3.238276E-01
  1.075500E+03 -4.195617E-01
  1.076000E+03 -4.180135E-01
  1.076500E+03 -2.928877E-01
  1.077000E+03 -4.732696E-02
  1.077500E+03  2.668028E-01
  1.078000E+03  5.559692E-01
  1.078500E+03  7.222851E-01
  1.079000E+03  7.125912E-01
  1.079500E+03  5.487983E-01
  1.080000E+03  3.173737E-01
  1.080500E+03  1.206387E-01
  1.081000E+03  1.767006E-02
  1.081500E+03 -9.147388E-03
  1.082000E+03 -4.077856E-02
  1.082500E+03 -1.691256E-01
  1.083000E+03 -4.373534E-01
  1.083500E+03 -8.085868E-01
  1.084000E+03 -1.180239E+00
  1.084500E+03 -1.433248E+00
  1.085000E+03 -1.486099E+00
  1.085500E+03 -1.324215E+00
  1.086000E+03 -9.935745E-01
  1.086500E+03 -5.697784E-01
  1.087000E+03 -1.253473E-01
  1.087500E+03  2.869398E-01
  1.088000E+03  6.322893E-01
  1.088500E+03  8.847735E-01
  1.089000E+03  1.024070E+00
  1.089500E+03  1.042413E+00
  1.090000E+03  9.547376E-01
  1.090500E+03  8.006091E-01
  1.091000E+03  6.324357E-01
  1.091500E+03  4.952888E-01
  1.092000E+03  4.105964E-01
  1.092500E+03  3.734184E-01
  1.093000E+03  3.632038E-01
  1.093500E+03  3.587013E-01
  1.094000E+03  3.461900E-01
  1.094500E+03  3.171795E-01
  1.095000E+03  2.611856E-01
  1.095500E+03  1.632718E-01
  1.096000E+03  1.145902E-02
  1.096500E+03 -1.902946E-01
  1.097000E+03 -4.141517E-01
  1.097500E+03 -6.138190E-01
  1.098000E+03 -7.422045E-01
  1.098500E+03 -7.709047E-01
  1.099000E+03 -6.994618E-01
  1.099500E+03 -5.498353E-01
  1.100000E+03 -3.523585E-01
  1.100500E+03 -1.349644E-01
  1.101000E+03  7.685350E-02
  1.101500E+03  2.525827E-01
  1.102000E+03  3.530713E-01
  1.102500E+03  3.402414E-01
  1.103000E+03  1.983456E-01
  1.103500E+03 -4.716240E-02
  1.104000E+03 -3.296909E-01
  1.104500E+03 -5.663726E-01
  1.105000E+03 -6.961185E-01
  1.105500E+03 -7.077445E-01
  1.106000E+03 -6.391201E-01
  1.106500E+03 -5.466359E-01
  1.107000E+03 -4.647637E-01
  1.107500E+03 -3.832995E-01
  1.108000E+03 -2.585040E-01
  1.108500E+03 -5.086239E-02
  1.109000E+03  2.371248E-01
  1.109500E+03  5.507771E-01
  1.110000E+03  8.096835E-01
  1.110500E+03  9.540116E-01
  1.111000E+03  9.792581E-01
  1.111500E+03  9.351878E-01
  1.112000E+03  8.891218E-01
  1.112500E+03  8.784668E-01
  1.113000E+03  8.850371E-01
  1.113500E+03  8.487874E-01
  1.114000E+03  7.114292E-01
  1.114500E+03  4.599582E-01
  1.115000E+03  1.404880E-01
  1.115500E+03 -1.666012E-01
  1.116000E+03 -3.929389E-01
  1.116500E+03 -5.188601E-01
  1.117000E+03 -5.771961E-01
  1.117500E+03 -6.237902E-01
  1.118000E+03 -6.962492E-01
  1.118500E+03 -7.885644E-01
  1.119000E+03 -8.566155E-01
  1.119500E+03 -8.482185E-01
  1.120000E+03 -7.363872E-01
  1.120500E+03 -5.351447E-01
  1.121000E+03 -2.911421E-01
  1.121500E+03 -6.033220E-02
  1.122000E+03  1.140689E-01
  1.122500E+03  2.112328E-01
  1.123000E+03  2.300852E-01
  1.123500E+03  1.823351E-01
  1.124000E+03  8.839881E-02
  1.124500E+03 -2.331725E-02
  1.125000E+03 -1.189069E-01
  1.125500E+03 -1.674434E-01
  1.126000E+03 -1.532385E-01
  1.126500E+03 -8.394322E-02
  1.127000E+03  1.268950E-02
  1.127500E+03  1.031458E-01
  1.128000E+03  1.650571E-01
  1.128500E+03  1.958769E-01
  1.129000E+03  2.084974E-01
  1.129500E+03  2.185639E-01
  1.130000E+03  2.337800E-01
  1.130500E+03  2.525745E-01
  1.131000E+03  2.707865E-01
  1.131500E+03  2.880992E-01
  1.132000E+03  3.069292E-01
  1.132500E+03  3.246197E-01
  1.133000E+03  3.277799E-01
  1.133500E+03  2.976629E-01
  1.134000E+03  2.262337E-01
  1.134500E+03  1.311328E-01
  1.135000E+03  5.438627E-02
  1.135500E+03  3.937598E-02
  1.136000E+03  9.770170E-02
  1.136500E+03  1.892459E-01
  1.137000E+03  2.343193E-01
  1.137500E+03  1.567763E-01
  1.138000E+03 -6.573800E-02
  1.138500E+03 -3.770933E-01
  1.139000E+03 -6.630300E-01
  1.139500E+03 -8.080563E-01
  1.140000E+03 -7.560267E-01
  1.140500E+03 -5.378772E-01
  1.141000E+03 -2.502961E-01
  1.141500E+03 -7.711184E-05
  1.142000E+03  1.502917E-01
  1.142500E+03  2.033464E-01
  1.143000E+03  2.053284E-01
  1.143500E+03  2.023388E-01
  1.144000E+03  2.059979E-01
  1.144500E+03  1.903764E-01
  1.145000E+03  1.178552E-01
  1.145500E+03 -2.831874E-02
  1.146000E+03 -2.289555E-01
  1.146500E+03 -4.398163E-01
  1.147000E+03 -6.168368E-01
  1.147500E+03 -7.349219E-01
  1.148000E+03 -7.874397E-01
  1.148500E+03 -7.709283E-01
  1.149000E+03 -6.719529E-01
  1.149500E+03 -4.706020E-01
  1.150000E+03 -1.601218E-01
  1.150500E+03  2.329264E-01
  1.151000E+03  6.463300E-01
  1.151500E+03  1.003708E+00
  1.152000E+03  1.247690E+00
  1.152500E+03  1.362832E+00
  1.153000E+03  1.372714E+00
  1.153500E+03  1.313845E+00
  1.154000E+03  1.205610E+00
  1.154500E+03  1.038131E+00
  1.155000E+03  7.866413E-01
  1.155500E+03  4.414553E-01
  1.156000E+03  3.115616E-02
  1.156500E+03 -3.788884E-01
  1.157000E+03 -7.134637E-01
  1.157500E+03 -9.233801E-01
  1.158000E+03 -1.008019E+00
  1.158500E+03 -1.011296E+00
  1.159000E+03 -9.945227E-01
  1.159500E+03 -1.002641E+00
  1.160000E+03 -1.042040E+00
  1.160500E+03 -1.079367E+00
  1.161000E+03 -1.058790E+00
  1.161500E+03 -9.275496E-01
  1.162000E+03 -6.591577E-01
  1.162500E+03 -2.674197E-01
  1.163000E+03  1.916260E-01
  1.163500E+03  6.307301E-01
  1.164000E+03  9.544801E-01
  1.164500E+03  1.089633E+00
  1.165000E+03  1.012754E+00
  1.165500E+03  7.625188E-01
  1.166000E+03  4.281325E-01
  1.166500E+03  1.162522E-01
  1.167000E+03 -8.915997E-02
  1.167500E+03 -1.545384E-01
  1.168000E+03 -9.884224E-02
  1.168500E+03  2.826511E-02
  1.169000E+03  1.767615E-01
  1.169500E+03  3.161033E-01
  1.170000E+03  4.345470E-01
  1.170500E+03  5.232511E-01
  1.171000E+03  5.612305E-01
  1.171500E+03  5.159037E-01
  1.172000E+03  3.616219E-01
  1.172500E+03  1.041195E-01
  1.173000E+03 -2.073489E-01
  1.173500E+03 -4.918145E-01
  1.174000E+03 -6.689816E-01
  1.174500E+03 -6.954233E-01
  1.175000E+03 -5.846681E-01
  1.175500E+03 -4.000713E-01
  1.176000E+03 -2.243149E-01
  1.176500E+03 -1.214428E-01
  1.177000E+03 -1.101011E-01
  1.177500E+03 -1.597386E-01
  1.178000E+03 -2.097044E-01
  1.178500E+03 -2.008175E-01
  1.179000E+03 -1.044540E-01
  1.179500E+03  6.356311E-02
  1.180000E+03  2.497838E-01
  1.180500E+03  3.871149E-01
  1.181000E+03  4.248976E-01
  1.181500E+03  3.510507E-01
  1.182000E+03  1.956460E-01
  1.182500E+03  1.427615E-02
  1.183000E+03 -1.397700E-01
  1.183500E+03 -2.390860E-01
  1.184000E+03 -2.882984E-01
  1.184500E+03 -3.101735E-01
  1.185000E+03 -3.219069E-01
  1.185500E+03 -3.185098E-01
  1.186000E+03 -2.756139E-01
  1.186500E+03 -1.704572E-01
  1.187000E+03 -6.255562E-03
  1.187500E+03  1.786384E-01
  1.188000E+03  3.259539E-01
  1.188500E+03  3.894523E-01
  1.189000E+03  3.633693E-01
  1.189500E+03  2.879715E-01
  1.190000E+03  2.272384E-01
  1.190500E+03  2.320124E-01
  1.191000E+03  3.116092E-01
  1.191500E+03  4.311215E-01
  1.192000E+03  5.345303E-01
  1.192500E+03  5.772081E-01
  1.193000E+03  5.467078E-01
  1.193500E+03  4.604879E-01
  1.194000E+03  3.457884E-01
  1.194500E+03  2.182473E-01
  1.195000E+03  7.448323E-02
  1.195500E+03 -9.813113E-02
  1.196000E+03 -3.042973E-01
  1.196500E+03 -5.304325E-01
  1.197000E+03 -7.486772E-01
  1.197500E+03 -9.310716E-01
  1.198000E+03 -1.062243E+00
  1.198500E+03 -1.141164E+00
  1.199000E+03 -1.171995E+00
  1.199500E+03 -1.152811E+00
  1.200000E+03 -1.072227E+00
  1.200500E+03 -9.170375E-01
  1.201000E+03 -6.848380E-01
  1.201500E+03 -3.915398E-01
  1.202000E+03 -6.772433E-02
  1.202500E+03  2.536184E-01
  1.203000E+03  5.491335E-01
  1.203500E+03  8.088482E-01
  1.204000E+03  1.030299E+00
  1.204500E+03  1.208905E+00
  1.205000E+03  1.332607E+00
  1.205500E+03  1.384808E+00
  1.206000E+03  1.353178E+00
  1.206500E+03  1.238105E+00
  1.207000E+03  1.055679E+00
  1.207500E+03  8.343560E-01
  1.208000E+03  6.077997E-01
  1.208500E+03  4.067110E-01
  1.209000E+03  2.508219E-01
  1.209500E+03  1.416801E-01
  1.210000E+03  5.865049E-02
  1.210500E+03 -3.734994E-02
  1.211000E+03 -1.892412E-01
  1.211500E+03 -4.213937E-01
  1.212000E+03 -7.202494E-01
  1.212500E+03 -1.031317E+00
  1.213000E+03 -1.279041E+00
  1.213500E+03 -1.402129E+00
  1.214000E+03 -1.384910E+00
  1.214500E+03 -1.264614E+00
  1.215000E+03 -1.107845E+00
  1.215500E+03 -9.693132E-01
  1.216000E+03 -8.588683E-01
  1.216500E+03 -7.390154E-01
  1.217000E+03 -5.557220E-01
  1.217500E+03 -2.828319E-01
  1.218000E+03  4.970710E-02
  1.218500E+03  3.637943E-01
  1.219000E+03  5.736934E-01
  1.219500E+03  6.339609E-01
  1.220000E+03  5.647802E-01
  1.220500E+03  4.396889E-01
  1.221000E+03  3.450232E-01
  1.221500E+03  3.374626E-01
  1.222000E+03  4.247832E-01
  1.222500E+03  5.773269E-01
  1.223000E+03  7.568613E-01
  1.223500E+03  9.399263E-01
  1.224000E+03  1.120088E+00
  1.224500E+03  1.291160E+00
  1.225000E+03  1.427996E+00
  1.225500E+03  1.482708E+00
  1.226000E+03  1.402033E+00
  1.226500E+03  1.155571E+00
  1.227000E+03  7.563537E-01
  1.227500E+03  2.600608E-01
  1.228000E+03 -2.568992E-01
  1.228500E+03 -7.271961E-01
  1.229000E+03 -1.113343E+00
  1.229500E+03 -1.409575E+00
  1.230000E+03 -1.627166E+00
  1.230500E+03 -1.774652E+00
  1.231000E+03 -1.845514E+00
  1.231500E+03 -1.819692E+00
  1.232000E+03 -1.676626E+00
  1.232500E+03 -1.411550E+00
  1.233000E+03 -1.045915E+00
  1.233500E+03 -6.264263E-01
  1.234000E+03 -2.127356E-01
  1.234500E+03  1.410593E-01
  1.235000E+03  4.031227E-01
  1.235500E+03  5.712623E-01
  1.236000E+03  6.674628E-01
  1.236500E+03  7.223543E-01
  1.237000E+03  7.580228E-01
  1.237500E+03  7.789616E-01
  1.238000E+03  7.763612E-01
  1.238500E+03  7.423845E-01
  1.239000E+03  6.839557E-01
  1.239500E+03  6.252181E-01
  1.240000E+03  5.953715E-01
  1.240500E+03  6.093864E-01
  1.241000E+03  6.553456E-01
  1.241500E+03  6.986122E-01
  1.242000E+03  7.013565E-01
  1.242500E+03  6.443535E-01
  1.243000E+03  5.353277E-01
  1.243500E+03  3.973405E-01
  1.244000E+03  2.457293E-01
  1.244500E+03  7.182085E-02
  1.245000E+03 -1.519294E-01
  1.245500E+03 -4.460536E-01
  1.246000E+03 -7.945836E-01
  1.246500E+03 -1.134376E+00
  1.247000E+03 -1.374891E+00
  1.247500E+03 -1.439943E+00
  1.248000E+03 -1.307241E+00
  1.248500E+03 -1.021538E+00
  1.249000E+03 -6.731874E-01
  1.249500E+03 -3.551595E-01
  1.250000E+03 -1.237458E-01
  1.250500E+03  1.629337E-02
  1.251000E+03  9.837779E-02
  1.251500E+03  1.658934E-01
  1.252000E+03  2.483256E-01
  1.252500E+03  3.532917E-01
  1.253000E+03  4.724413E-01
  1.253500E+03  5.905783E-01
  1.254000E+03  6.893540E-01
  1.254500E+03  7.459903E-01
  1.255000E+03  7.346484E-01
  1.255500E+03  6.365092E-01
  1.256000E+03  4.555339E-01
  1.256500E+03  2.283494E-01
  1.257000E+03  1.695079E-02
  1.257500E+03 -1.167381E-01
  1.258000E+03 -1.420160E-01
  1.258500E+03 -7.759886E-02
  1.259000E+03  1.549661E-02
  1.259500E+03  6.360536E-02
  1.260000E+03  1.611561E-02
  1.260500E+03 -1.323147E-01
  1.261000E+03 -3.433757E-01
  1.261500E+03 -5.563439E-01
  1.262000E+03 -7.146789E-01
  1.262500E+03 -7.839085E-01
  1.263000E+03 -7.551710E-01
  1.263500E+03 -6.382703E-01
  1.264000E+03 -4.521842E-01
  1.264500E+03 -2.185628E-01
  1.265000E+03  4.115518E-02
  1.265500E+03  3.069871E-01
  1.266000E+03  5.609437E-01
  1.266500E+03  7.857778E-01
  1.267000E+03  9.613598E-01
  1.267500E+03  1.061434E+00
  1.268000E+03  1.056181E+00
  1.268500E+03  9.238907E-01
  1.269000E+03  6.679662E-01
  1.269500E+03  3.283098E-01
  1.270000E+03 -2.426860E-02
  1.270500E+03 -3.130984E-01
  1.271000E+03 -4.891523E-01
  1.271500E+03 -5.535741E-01
  1.272000E+03 -5.538207E-01
  1.272500E+03 -5.534872E-01
  1.273000E+03 -5.930644E-01
  1.273500E+03 -6.657493E-01
  1.274000E+03 -7.234762E-01
  1.274500E+03 -7.090279E-01
  1.275000E+03 -5.933732E-01
  1.275500E+03 -3.946268E-01
  1.276000E+03 -1.678745E-01
  1.276500E+03  2.564468E-02
  1.277000E+03  1.491520E-01
  1.277500E+03  2.023268E-01
  1.278000E+03  2.106300E-01
  1.278500E+03  2.032331E-01
  1.279000E+03  1.964216E-01
  1.279500E+03  1.923849E-01
  1.280000E+03  1.902283E-01
  1.280500E+03  1.970950E-01
  1.281000E+03  2.286306E-01
  1.281500E+03  2.976280E-01
  1.282000E+03  3.995954E-01
  1.282500E+03  5.067700E-01
  1.283000E+03  5.762843E-01
  1.283500E+03  5.686853E-01
  1.284000E+03  4.666797E-01
  1.284500E+03  2.845095E-01
  1.285000E+03  6.415070E-02
  1.285500E+03 -1.390376E-01
  1.286000E+03 -2.750788E-01
  1.286500E+03 -3.162143E-01
  1.287000E+03 -2.666941E-01
  1.287500E+03 -1.618384E-01
  1.288000E+03 -5.498991E-02
  1.288500E+03  4.589257E-03
  1.289000E+03 -5.862220E-03
  1.289500E+03 -7.171759E-02
  1.290000E+03 -1.498380E-01
  1.290500E+03 -1.948355E-01
  1.291000E+03 -1.884274E-01
  1.291500E+03 -1.530125E-01
  1.292000E+03 -1.385488E-01
  1.292500E+03 -1.888638E-01
  1.293000E+03 -3.086321E-01
  1.293500E+03 -4.540149E-01
  1.294000E+03 -5.554455E-01
  1.294500E+03 -5.591274E-01
  1.295000E+03 -4.597775E-01
  1.295500E+03 -3.018226E-01
  1.296000E+03 -1.475210E-01
  1.296500E+03 -3.385374E-02
  1.297000E+03  5.130931E-02
  1.297500E+03  1.562094E-01
  1.298000E+03  3.237722E-01
  1.298500E+03  5.508058E-01
  1.299000E+03  7.772731E-01
  1.299500E+03  9.146640E-01
  1.300000E+03  8.956332E-01
  1.300500E+03  7.127621E-01
  1.301000E+03  4.223377E-01
  1.301500E+03  1.131084E-01
  1.302000E+03 -1.374699E-01
  1.302500E+03 -2.916073E-01
  1.303000E+03 -3.505957E-01
  1.303500E+03 -3.337250E-01
  1.304000E+03 -2.580743E-01
  1.304500E+03 -1.354508E-01
  1.305000E+03  1.492697E-02
  1.305500E+03  1.546402E-01
  1.306000E+03  2.320275E-01
  1.306500E+03  2.076474E-01
  1.307000E+03  8.276105E-02
  1.307500E+03 -9.200499E-02
  1.308000E+03 -2.390178E-01
  1.308500E+03 -2.963966E-01
  1.309000E+03 -2.545422E-01
  1.309500E+03 -1.618894E-01
  1.310000E+03 -9.479672E-02
  1.310500E+03 -1.100481E-01
  1.311000E+03 -2.098601E-01
  1.311500E+03 -3.409142E-01
  1.312000E+03 -4.268694E-01
  1.312500E+03 -4.131176E-01
  1.313000E+03 -2.965326E-01
  1.313500E+03 -1.242679E-01
  1.314000E+03  3.453030E-02
  1.314500E+03  1.252349E-01
  1.315000E+03  1.319137E-01
  1.315500E+03  7.902043E-02
  1.316000E+03  1.441403E-02
  1.316500E+03 -1.400104E-02
  1.317000E+03  2.375886E-02
  1.317500E+03  1.324487E-01
  1.318000E+03  2.936163E-01
  1.318500E+03  4.728795E-01
  1.319000E+03  6.292796E-01
  1.319500E+03  7.252395E-01
  1.320000E+03  7.358940E-01
  1.320500E+03  6.555389E-01
  1.321000E+03  4.985922E-01
  1.321500E+03  2.941315E-01
  1.322000E+03  7.607787E-02
  1.322500E+03 -1.267388E-01
  1.323000E+03 -2.967283E-01
  1.323500E+03 -4.284976E-01
  1.324000E+03 -5.259270E-01
  1.324500E+03 -5.978009E-01
  1.325000E+03 -6.537158E-01
  1.325500E+03 -7.007163E-01
  1.326000E+03 -7.406116E-01
  1.326500E+03 -7.683463E-01
  1.327000E+03 -7.721808E-01
  1.327500E+03 -7.359374E-01
  1.328000E+03 -6.425510E-01
  1.328500E+03 -4.778187E-01
  1.329000E+03 -2.341433E-01
  1.329500E+03  8.479839E-02
  1.330000E+03  4.580721E-01
  1.330500E+03  8.426354E-01
  1.331000E+03  1.175162E+00
  1.331500E+03  1.385682E+00
  1.332000E+03  1.422200E+00
  1.332500E+03  1.276424E+00
  1.333000E+03  9.950696E-01
  1.333500E+03  6.653155E-01
  1.334000E+03  3.767651E-01
  1.334500E+03  1.784106E-01
  1.335000E+03  5.594351E-02
  1.335500E+03 -5.448076E-02
  1.336000E+03 -2.215800E-01
  1.336500E+03 -4.696011E-01
  1.337000E+03 -7.556153E-01
  1.337500E+03 -9.892480E-01
  1.338000E+03 -1.083579E+00
  1.338500E+03 -1.005301E+00
  1.339000E+03 -7.924425E-01
  1.339500E+03 -5.295051E-01
  1.340000E+03 -2.980484E-01
  1.340500E+03 -1.361758E-01
  1.341000E+03 -3.226383E-02
  1.341500E+03  4.711410E-02
  1.342000E+03  1.193475E-01
  1.342500E+03  1.679128E-01
  1.343000E+03  1.577033E-01
  1.343500E+03  7.067790E-02
  1.344000E+03 -6.709341E-02
  1.344500E+03 -1.899738E-01
  1.345000E+03 -2.285389E-01
  1.345500E+03 -1.528689E-01
  1.346000E+03  6.576216E-03
  1.346500E+03  1.751812E-01
  1.347000E+03  2.768872E-01
  1.347500E+03  2.757159E-01
  1.348000E+03  1.911112E-01
  1.348500E+03  8.126308E-02
  1.349000E+03  9.408552E-03
  1.349500E+03  1.592493E-02
  1.350000E+03  1.100637E-01
  1.350500E+03  2.784117E-01
  1.351000E+03  4.963805E-01
  1.351500E+03  7.317036E-01
  1.352000E+03  9.409024E-01
  1.352500E+03  1.069411E+00
  1.353000E+03  1.064564E+00
  1.353500E+03  8.990255E-01
  1.354000E+03  5.904913E-01
  1.354500E+03  2.021790E-01
  1.355000E+03 -1.801390E-01
  1.355500E+03 -4.830239E-01
  1.356000E+03 -6.723747E-01
  1.356500E+03 -7.582236E-01
  1.357000E+03 -7.779615E-01
  1.357500E+03 -7.717585E-01
  1.358000E+03 -7.659331E-01
  1.358500E+03 -7.707110E-01
  1.359000E+03 -7.867614E-01
  1.359500E+03 -8.099884E-01
  1.360000E+03 -8.293955E-01
  1.360500E+03 -8.225568E-01
  1.361000E+03 -7.579126E-01
  1.361500E+03 -6.080791E-01
  1.362000E+03 -3.678169E-01
  1.362500E+03 -6.374431E-02
  1.363000E+03  2.531128E-01
  1.363500E+03  5.286345E-01
  1.364000E+03  7.267875E-01
  1.364500E+03  8.366396E-01
  1.365000E+03  8.624713E-01
  1.365500E+03  8.080011E-01
  1.366000E+03  6.705043E-01
  1.366500E+03  4.518132E-01
  1.367000E+03  1.774800E-01
  1.367500E+03 -9.431486E-02
  1.368000E+03 -2.873146E-01
  1.368500E+03 -3.410632E-01
  1.369000E+03 -2.434902E-01
  1.369500E+03 -3.929890E-02
  1.370000E+03  1.937930E-01
  1.370500E+03  3.869161E-01
  1.371000E+03  5.130716E-01
  1.371500E+03  5.903792E-01
  1.372000E+03  6.554384E-01
  1.372500E+03  7.271966E-01
  1.373000E+03  7.871431E-01
  1.373500E+03  7.886006E-01
  1.374000E+03  6.866624E-01
  1.374500E+03  4.667430E-01
  1.375000E+03  1.530591E-01
  1.375500E+03 -2.053153E-01
  1.376000E+03 -5.572725E-01
  1.376500E+03 -8.643652E-01
  1.377000E+03 -1.100629E+00
  1.377500E+03 -1.245009E+00
  1.378000E+03 -1.279618E+00
  1.378500E+03 -1.199656E+00
  1.379000E+03 -1.027094E+00
  1.379500E+03 -8.126491E-01
  1.380000E+03 -6.168907E-01
  1.380500E+03 -4.776522E-01
  1.381000E+03 -3.845930E-01
  1.381500E+03 -2.810500E-01
  1.382000E+03 -9.709384E-02
  1.382500E+03  2.033706E-01
  1.383000E+03  5.896793E-01
  1.383500E+03  9.668731E-01
  1.384000E+03  1.214157E+00
  1.384500E+03  1.239298E+00
  1.385000E+03  1.020919E+00
  1.385500E+03  6.189164E-01
  1.386000E+03  1.507389E-01
  1.386500E+03 -2.530576E-01
  1.387000E+03 -4.943330E-01
  1.387500E+03 -5.375250E-01
  1.388000E+03 -4.158553E-01
  1.388500E+03 -2.129625E-01
  1.389000E+03 -2.627614E-02
  1.389500E+03  7.512692E-02
  1.390000E+03  8.084770E-02
  1.390500E+03  4.175167E-02
  1.391000E+03  3.974020E-02
  1.391500E+03  1.373596E-01
  1.392000E+03  3.346777E-01
  1.392500E+03  5.611064E-01
  1.393000E+03  7.115165E-01
  1.393500E+03  7.081218E-01
  1.394000E+03  5.503161E-01
  1.394500E+03  3.189438E-01
  1.395000E+03  1.292639E-01
  1.395500E+03  6.090731E-02
  1.396000E+03  1.099131E-01
  1.396500E+03  1.944611E-01
  1.397000E+03  2.101680E-01
  1.397500E+03  9.723937E-02
  1.398000E+03 -1.257677E-01
  1.398500E+03 -3.825646E-01
  1.399000E+03 -5.962979E-01
  1.399500E+03 -7.400740E-01
  1.400000E+03 -8.441856E-01
  1.400500E+03 -9.568125E-01
  1.401000E+03 -1.090359E+00
  1.401500E+03 -1.196530E+00
  1.402000E+03 -1.191550E+00
  1.402500E+03 -1.014792E+00
  1.403000E+03 -6.781395E-01
  1.403500E+03 -2.690353E-01
  1.404000E+03  9.663437E-02
  1.404500E+03  3.396508E-01
  1.405000E+03  4.559899E-01
  1.405500E+03  5.041719E-01
  1.406000E+03  5.538600E-01
  1.406500E+03  6.346929E-01
  1.407000E+03  7.214501E-01
  1.407500E+03  7.627442E-01
  1.408000E+03  7.279925E-01
  1.408500E+03  6.355983E-01
  1.409000E+03  5.417266E-01
  1.409500E+03  4.999724E-01
  1.410000E+03  5.236019E-01
  1.410500E+03  5.783380E-01
  1.411000E+03  6.090691E-01
  1.411500E+03  5.782477E-01
  1.412000E+03  4.866716E-01
  1.412500E+03  3.631213E-01
  1.413000E+03  2.344479E-01
  1.413500E+03  1.021406E-01
  1.414000E+03 -5.556240E-02
  1.414500E+03 -2.587598E-01
  1.415000E+03 -4.996255E-01
  1.415500E+03 -7.370987E-01
  1.416000E+03 -9.177031E-01
  1.416500E+03 -1.006709E+00
  1.417000E+03 -1.005827E+00
  1.417500E+03 -9.445698E-01
  1.418000E+03 -8.532545E-01
  1.418500E+03 -7.396754E-01
  1.419000E+03 -5.878445E-01
  1.419500E+03 -3.792061E-01
  1.420000E+03 -1.188039E-01
  1.420500E+03  1.549652E-01
  1.421000E+03  3.855400E-01
  1.421500E+03  5.277563E-01
  1.422000E+03  5.707148E-01
  1.422500E+03  5.386190E-01
  1.423000E+03  4.710160E-01
  1.423500E+03  3.983289E-01
  1.424000E+03  3.299863E-01
  1.424500E+03  2.608325E-01
  1.425000E+03  1.869240E-01
  1.425500E+03  1.158508E-01
  1.426000E+03  6.325993E-02
  1.426500E+03  3.994633E-02
  1.427000E+03  4.185297E-02
  1.427500E+03  5.228932E-02
  1.428000E+03  5.472726E-02
  1.428500E+03  4.518276E-02
  1.429000E+03  3.330573E-02
  1.429500E+03  3.070747E-02
  1.430000E+03  3.594387E-02
  1.430500E+03  2.905057E-02
  1.431000E+03 -1.820857E-02
  1.431500E+03 -1.218872E-01
  1.432000E+03 -2.684478E-01
  1.432500E+03 -4.120577E-01
  1.433000E+03 -4.891569E-01
  1.433500E+03 -4.431793E-01
  1.434000E+03 -2.481876E-01
  1.434500E+03  7.738870E-02
  1.435000E+03  4.704613E-01
  1.435500E+03  8.360740E-01
  1.436000E+03  1.071145E+00
  1.436500E+03  1.095054E+00
  1.437000E+03  8.789747E-01
  1.437500E+03  4.618913E-01
  1.438000E+03 -5.761277E-02
  1.438500E+03 -5.552639E-01
  1.439000E+03 -9.277866E-01
  1.439500E+03 -1.129347E+00
  1.440000E+03 -1.177796E+00
  1.440500E+03 -1.127666E+00
  1.441000E+03 -1.027742E+00
  1.441500E+03 -8.913451E-01
  1.442000E+03 -6.987059E-01
  1.442500E+03 -4.279792E-01
  1.443000E+03 -9.031094E-02
  1.443500E+03  2.592299E-01
  1.444000E+03  5.456532E-01
  1.444500E+03  7.174705E-01
  1.445000E+03  7.782370E-01
  1.445500E+03  7.819954E-01
  1.446000E+03  7.939684E-01
  1.446500E+03  8.434334E-01
  1.447000E+03  9.022834E-01
  1.447500E+03  9.049914E-01
  1.448000E+03  7.962244E-01
  1.448500E+03  5.726291E-01
  1.449000E+03  2.896898E-01
  1.449500E+03  2.961793E-02
  1.450000E+03 -1.465365E-01
  1.450500E+03 -2.296307E-01
  1.451000E+03 -2.571992E-01
  1.451500E+03 -2.799193E-01
  1.452000E+03 -3.264078E-01
  1.452500E+03 -3.910494E-01
  1.453000E+03 -4.496943E-01
  1.453500E+03 -4.865281E-01
  1.454000E+03 -5.087152E-01
  1.454500E+03 -5.376509E-01
  1.455000E+03 -5.859637E-01
  1.455500E+03 -6.411239E-01
  1.456000E+03 -6.705405E-01
  1.456500E+03 -6.447801E-01
  1.457000E+03 -5.601748E-01
  1.457500E+03 -4.421692E-01
  1.458000E+03 -3.261771E-01
  1.458500E+03 -2.309730E-01
  1.459000E+03 -1.459564E-01
  1.459500E+03 -4.279353E-02
  1.460000E+03  9.752634E-02
  1.460500E+03  2.638701E-01
  1.461000E+03  4.177743E-01
  1.461500E+03  5.192291E-01
  1.462000E+03  5.567885E-01
  1.462500E+03  5.592964E-01
  1.463000E+03  5.794989E-01
  1.463500E+03  6.600276E-01
  1.464000E+03  8.046697E-01
  1.464500E+03  9.736944E-01
  1.465000E+03  1.105021E+00
  1.465500E+03  1.146044E+00
  1.466000E+03  1.075882E+00
  1.466500E+03  9.070132E-01
  1.467000E+03  6.703708E-01
  1.467500E+03  3.976215E-01
  1.468000E+03  1.123369E-01
  1.468500E+03 -1.681918E-01
  1.469000E+03 -4.276825E-01
  1.469500E+03 -6.502578E-01
  1.470000E+03 -8.261213E-01
  1.470500E+03 -9.578480E-01
  1.471000E+03 -1.060177E+00
  1.471500E+03 -1.151532E+00
  1.472000E+03 -1.242550E+00
  1.472500E+03 -1.329354E+00
  1.473000E+03 -1.395260E+00
  1.473500E+03 -1.417970E+00
  1.474000E+03 -1.376093E+00
  1.474500E+03 -1.251655E+00
  1.475000E+03 -1.030995E+00
  1.475500E+03 -7.090828E-01
  1.476000E+03 -2.986050E-01
  1.476500E+03  1.619037E-01
  1.477000E+03  6.103090E-01
  1.477500E+03  9.784046E-01
  1.478000E+03  1.218834E+00
  1.478500E+03  1.326445E+00
  1.479000E+03  1.339598E+00
  1.479500E+03  1.318234E+00
  1.480000E+03  1.310379E+00
  1.480500E+03  1.326820E+00
  1.481000E+03  1.338797E+00
  1.481500E+03  1.299014E+00
  1.482000E+03  1.171990E+00
  1.482500E+03  9.553473E-01
  1.483000E+03  6.811074E-01
  1.483500E+03  3.991605E-01
  1.484000E+03  1.545220E-01
  1.484500E+03 -2.955270E-02
  1.485000E+03 -1.570279E-01
  1.485500E+03 -2.545843E-01
  1.486000E+03 -3.612297E-01
  1.486500E+03 -5.146927E-01
  1.487000E+03 -7.360592E-01
  1.487500E+03 -1.016158E+00
  1.488000E+03 -1.310718E+00
  1.488500E+03 -1.551098E+00
  1.489000E+03 -1.670262E+00
  1.489500E+03 -1.632792E+00
  1.490000E+03 -1.451564E+00
  1.490500E+03 -1.179148E+00
  1.491000E+03 -8.776795E-01
  1.491500E+03 -5.864323E-01
  1.492000E+03 -3.093707E-01
  1.492500E+03 -3.132464E-02
  1.493000E+03  2.502529E-01
  1.493500E+03  5.044637E-01
  1.494000E+03  6.772532E-01
  1.494500E+03  7.296078E-01
  1.495000E+03  6.767103E-01
  1.495500E+03  5.957144E-01
  1.496000E+03  5.891136E-01
  1.496500E+03  7.224932E-01
  1.497000E+03  9.768992E-01
  1.497500E+03  1.250164E+00
  1.498000E+03  1.410497E+00
  1.498500E+03  1.370344E+00
  1.499000E+03  1.133844E+00
  1.499500E+03  7.882397E-01
  1.500000E+03  4.467223E-01
  1.500500E+03  1.817429E-01
  1.501000E+03 -7.981559E-03
  1.501500E+03 -1.787260E-01
  1.502000E+03 -3.890872E-01
  1.502500E+03 -6.523249E-01
  1.503000E+03 -9.253618E-01
  1.503500E+03 -1.137674E+00
  1.504000E+03 -1.235548E+00
  1.504500E+03 -1.209704E+00
  1.505000E+03 -1.090307E+00
  1.505500E+03 -9.188123E-01
  1.506000E+03 -7.211921E-01
  1.506500E+03 -5.018696E-01
  1.507000E+03 -2.585897E-01
  1.507500E+03 -1.763582E-03
  1.508000E+03  2.396029E-01
  1.508500E+03  4.300351E-01
  1.509000E+03  5.467539E-01
  1.509500E+03  5.899542E-01
  1.510000E+03  5.772369E-01
  1.510500E+03  5.292645E-01
  1.511000E+03  4.602008E-01
  1.511500E+03  3.800989E-01
  1.512000E+03  3.035102E-01
  1.512500E+03  2.514853E-01
  1.513000E+03  2.400276E-01
  1.513500E+03  2.622821E-01
  1.514000E+03  2.813860E-01
  1.514500E+03  2.459375E-01
  1.515000E+03  1.225800E-01
  1.515500E+03 -7.609903E-02
  1.516000E+03 -2.908816E-01
  1.516500E+03 -4.472586E-01
  1.517000E+03 -4.996766E-01
  1.517500E+03 -4.580192E-01
  1.518000E+03 -3.767260E-01
  1.518500E+03 -3.137190E-01
  1.519000E+03 -2.889836E-01
  1.519500E+03 -2.735684E-01
  1.520000E+03 -2.173255E-01
  1.520500E+03 -9.432578E-02
  1.521000E+03  6.912640E-02
  1.521500E+03  2.064859E-01
  1.522000E+03  2.555740E-01
  1.522500E+03  2.034128E-01
  1.523000E+03  9.794173E-02
  1.523500E+03  1.729815E-02
  1.524000E+03  1.837819E-02
  1.524500E+03  1.012362E-01
  1.525000E+03  2.136848E-01
  1.525500E+03  2.908414E-01
  1.526000E+03  2.997445E-01
  1.526500E+03  2.574972E-01
  1.527000E+03  2.127752E-01
  1.527500E+03  2.077161E-01
  1.528000E+03  2.495210E-01
  1.528500E+03  3.104164E-01
  1.529000E+03  3.510211E-01
  1.529500E+03  3.451303E-01
  1.530000E+03  2.864847E-01
  1.530500E+03  1.766230E-01
  1.531000E+03  1.073865E-02
  1.531500E+03 -2.200447E-01
  1.532000E+03 -5.078749E-01
  1.532500E+03 -8.068299E-01
  1.533000E+03 -1.034862E+00
  1.533500E+03 -1.107633E+00
  1.534000E+03 -9.871345E-01
  1.534500E+03 -7.122167E-01
  1.535000E+03 -3.861050E-01
  1.535500E+03 -1.239381E-01
  1.536000E+03  8.604705E-03
  1.536500E+03  2.701795E-02
  1.537000E+03  1.063649E-02
  1.537500E+03  4.922926E-02
  1.538000E+03  1.890924E-01
  1.538500E+03  4.116223E-01
  1.539000E+03  6.528392E-01
  1.539500E+03  8.446930E-01
  1.540000E+03  9.479151E-01
  1.540500E+03  9.577170E-01
  1.541000E+03  8.866458E-01
  1.541500E+03  7.448324E-01
  1.542000E+03  5.354785E-01
  1.542500E+03  2.669036E-01
  1.543000E+03 -3.316863E-02
  1.543500E+03 -3.171496E-01
  1.544000E+03 -5.343581E-01
  1.544500E+03 -6.530337E-01
  1.545000E+03 -6.709448E-01
  1.545500E+03 -6.078144E-01
  1.546000E+03 -4.882373E-01
  1.546500E+03 -3.310177E-01
  1.547000E+03 -1.533628E-01
  1.547500E+03  1.727281E-02
  1.548000E+03  1.403506E-01
  1.548500E+03  1.786756E-01
  1.549000E+03  1.261047E-01
  1.549500E+03  2.383774E-02
  1.550000E+03 -5.431778E-02
  1.550500E+03 -4.580095E-02
  1.551000E+03  5.436223E-02
  1.551500E+03  1.791995E-01
  1.552000E+03  2.238407E-01
  1.552500E+03  1.110939E-01
  1.553000E+03 -1.532027E-01
  1.553500E+03 -4.737392E-01
  1.554000E+03 -7.158925E-01
  1.554500E+03 -7.819297E-01
  1.555000E+03 -6.642711E-01
  1.555500E+03 -4.418391E-01
  1.556000E+03 -2.238844E-01
  1.556500E+03 -8.051304E-02
  1.557000E+03 -6.167984E-03
  1.557500E+03  6.263664E-02
  1.558000E+03  1.923333E-01
  1.558500E+03  4.012113E-01
  1.559000E+03  6.470762E-01
  1.559500E+03  8.581442E-01
  1.560000E+03  9.805847E-01
  1.560500E+03  1.006894E+00
  1.561000E+03  9.670887E-01
  1.561500E+03  8.944087E-01
  1.562000E+03  7.956167E-01
  1.562500E+03  6.498054E-01
  1.563000E+03  4.349055E-01
  1.563500E+03  1.580798E-01
  1.564000E+03 -1.369800E-01
  1.564500E+03 -3.939436E-01
  1.565000E+03 -5.812238E-01
  1.565500E+03 -7.129825E-01
  1.566000E+03 -8.352623E-01
  1.566500E+03 -9.853139E-01
  1.567000E+03 -1.153765E+00
  1.567500E+03 -1.279156E+00
  1.568000E+03 -1.282004E+00
  1.568500E+03 -1.116968E+00
  1.569000E+03 -8.077368E-01
  1.569500E+03 -4.400210E-01
  1.570000E+03 -1.161272E-01
  1.570500E+03  9.990378E-02
  1.571000E+03  2.120323E-01
  1.571500E+03  2.798042E-01
  1.572000E+03  3.745046E-01
  1.572500E+03  5.334713E-01
  1.573000E+03  7.403537E-01
  1.573500E+03  9.396582E-01
  1.574000E+03  1.071450E+00
  1.574500E+03  1.101744E+00
  1.575000E+03  1.031227E+00
  1.575500E+03  8.823825E-01
  1.576000E+03  6.795178E-01
  1.576500E+03  4.380907E-01
  1.577000E+03  1.694617E-01
  1.577500E+03 -1.062444E-01
  1.578000E+03 -3.529123E-01
  1.578500E+03 -5.258772E-01
  1.579000E+03 -5.914633E-01
  1.579500E+03 -5.463983E-01
  1.580000E+03 -4.239396E-01
  1.580500E+03 -2.815862E-01
  1.581000E+03 -1.764753E-01
  1.581500E+03 -1.416139E-01
  1.582000E+03 -1.749931E-01
  1.582500E+03 -2.458401E-01
  1.583000E+03 -3.130406E-01
  1.583500E+03 -3.453594E-01
  1.584000E+03 -3.337573E-01
  1.584500E+03 -2.913785E-01
  1.585000E+03 -2.431940E-01
  1.585500E+03 -2.115917E-01
  1.586000E+03 -2.049693E-01
  1.586500E+03 -2.140562E-01
  1.587000E+03 -2.168036E-01
  1.587500E+03 -1.889645E-01
  1.588000E+03 -1.152785E-01
  1.588500E+03  3.793879E-03
  1.589000E+03  1.526101E-01
  1.589500E+03  3.074778E-01
  1.590000E+03  4.465042E-01
  1.590500E+03  5.570364E-01
  1.591000E+03  6.370400E-01
  1.591500E+03  6.902914E-01
  1.592000E+03  7.189035E-01
  1.592500E+03  7.182996E-01
  1.593000E+03  6.782013E-01
  1.593500E+03  5.892857E-01
  1.594000E+03  4.512326E-01
  1.594500E+03  2.764936E-01
  1.595000E+03  8.643928E-02
  1.595500E+03 -9.854451E-02
  1.596000E+03 -2.689261E-01
  1.596500E+03 -4.288055E-01
  1.597000E+03 -5.883506E-01
  1.597500E+03 -7.494503E-01
  1.598000E+03 -8.938088E-01
  1.598500E+03 -9.831084E-01
  1.599000E+03 -9.746899E-01
  1.599500E+03 -8.463575E-01
  1.600000E+03 -6.163281E-01
  1.600500E+03 -3.445346E-01
  1.601000E+03 -1.106733E-01
  1.601500E+03  2.195184E-02
  1.602000E+03  3.781116E-02
  1.602500E+03 -2.255216E-02
  1.603000E+03 -8.355734E-02
  1.603500E+03 -7.429444E-02
  1.604000E+03  3.520404E-02
  1.604500E+03  2.216377E-01
  1.605000E+03  4.262861E-01
  1.605500E+03  5.909220E-01
  1.606000E+03  6.889289E-01
  1.606500E+03  7.326312E-01
  1.607000E+03  7.539348E-01
  1.607500E+03  7.731486E-01
  1.608000E+03  7.785390E-01
  1.608500E+03  7.315947E-01
  1.609000E+03  5.952123E-01
  1.609500E+03  3.659380E-01
  1.610000E+03  8.784659E-02
  1.610500E+03 -1.629667E-01
  1.611000E+03 -3.154377E-01
  1.611500E+03 -3.403009E-01
  1.612000E+03 -2.646253E-01
  1.612500E+03 -1.557442E-01
  1.613000E+03 -8.458053E-02
  1.613500E+03 -8.999752E-02
  1.614000E+03 -1.639412E-01
  1.614500E+03 -2.637547E-01
  1.615000E+03 -3.419562E-01
  1.615500E+03 -3.746882E-01
  1.616000E+03 -3.726269E-01
  1.616500E+03 -3.697932E-01
  1.617000E+03 -3.988823E-01
  1.617500E+03 -4.688418E-01
  1.618000E+03 -5.580487E-01
  1.618500E+03 -6.266433E-01
  1.619000E+03 -6.402403E-01
  1.619500E+03 -5.905819E-01
  1.620000E+03 -5.002840E-01
  1.620500E+03 -4.078415E-01
  1.621000E+03 -3.408123E-01
  1.621500E+03 -2.931271E-01
  1.622000E+03 -2.217669E-01
  1.622500E+03 -6.801521E-02
  1.623000E+03  2.060600E-01
  1.623500E+03  5.859861E-01
  1.624000E+03  9.979747E-01
  1.624500E+03  1.334030E+00
  1.625000E+03  1.497993E+00
  1.625500E+03  1.448199E+00
  1.626000E+03  1.213299E+00
  1.626500E+03  8.731116E-01
  1.627000E+03  5.171778E-01
  1.627500E+03  2.064970E-01
  1.628000E+03 -3.981746E-02
  1.628500E+03 -2.291404E-01
  1.629000E+03 -3.672099E-01
  1.629500E+03 -4.411258E-01
  1.630000E+03 -4.275445E-01
  1.630500E+03 -3.197840E-01
  1.631000E+03 -1.515692E-01
  1.631500E+03  4.335209E-03
  1.632000E+03  6.709565E-02
  1.632500E+03 -8.933332E-03
  1.633000E+03 -2.064069E-01
  1.633500E+03 -4.514387E-01
  1.634000E+03 -6.508326E-01
  1.634500E+03 -7.368243E-01
  1.635000E+03 -6.926598E-01
  1.635500E+03 -5.471728E-01
  1.636000E+03 -3.481163E-01
  1.636500E+03 -1.363744E-01
  1.637000E+03  6.203195E-02
  1.637500E+03  2.266145E-01
  1.638000E+03  3.311716E-01
  1.638500E+03  3.464230E-01
  1.639000E+03  2.582073E-01
  1.639500E+03  8.647491E-02
  1.640000E+03 -1.140314E-01
  1.640500E+03 -2.779492E-01
  1.641000E+03 -3.646542E-01
  1.641500E+03 -3.796815E-01
  1.642000E+03 -3.648758E-01
  1.642500E+03 -3.624989E-01
  1.643000E+03 -3.790754E-01
  1.643500E+03 -3.768145E-01
  1.644000E+03 -3.009857E-01
  1.644500E+03 -1.243510E-01
  1.645000E+03  1.246794E-01
  1.645500E+03  3.731632E-01
  1.646000E+03  5.484439E-01
  1.646500E+03  6.251824E-01
  1.647000E+03  6.397052E-01
  1.647500E+03  6.595473E-01
  1.648000E+03  7.290132E-01
  1.648500E+03  8.304367E-01
  1.649000E+03  8.909782E-01
  1.649500E+03  8.325524E-01
  1.650000E+03  6.308474E-01
  1.650500E+03  3.414542E-01
  1.651000E+03  7.308000E-02
  1.651500E+03 -7.570659E-02
  1.652000E+03 -7.456933E-02
  1.652500E+03  2.352942E-02
  1.653000E+03  1.185846E-01
  1.653500E+03  1.252410E-01
  1.654000E+03  1.897380E-02
  1.654500E+03 -1.608153E-01
  1.655000E+03 -3.475068E-01
  1.655500E+03 -4.946142E-01
  1.656000E+03 -6.009990E-01
  1.656500E+03 -7.001985E-01
  1.657000E+03 -8.262711E-01
  1.657500E+03 -9.829223E-01
  1.658000E+03 -1.136675E+00
  1.658500E+03 -1.235394E+00
  1.659000E+03 -1.236188E+00
  1.659500E+03 -1.123548E+00
  1.660000E+03 -9.093942E-01
  1.660500E+03 -6.210357E-01
  1.661000E+03 -2.894236E-01
  1.661500E+03  5.495073E-02
  1.662000E+03  3.810452E-01
  1.662500E+03  6.588161E-01
  1.663000E+03  8.669574E-01
  1.663500E+03  1.001760E+00
  1.664000E+03  1.077645E+00
  1.664500E+03  1.115056E+00
  1.665000E+03  1.122486E+00
  1.665500E+03  1.086800E+00
  1.666000E+03  9.821747E-01
  1.666500E+03  7.943612E-01
  1.667000E+03  5.436057E-01
  1.667500E+03  2.875401E-01
  1.668000E+03  9.759383E-02
  1.668500E+03  2.106350E-02
  1.669000E+03  5.241565E-02
  1.669500E+03  1.329295E-01
  1.670000E+03  1.800454E-01
  1.670500E+03  1.290574E-01
  1.671000E+03 -3.704840E-02
  1.671500E+03 -2.846860E-01
  1.672000E+03 -5.510079E-01
  1.672500E+03 -7.732195E-01
  1.673000E+03 -9.087979E-01
  1.673500E+03 -9.399986E-01
  1.674000E+03 -8.682398E-01
  1.674500E+03 -7.084494E-01
  1.675000E+03 -4.882220E-01
  1.675500E+03 -2.479392E-01
  1.676000E+03 -3.452869E-02
  1.676500E+03  1.132669E-01
  1.677000E+03  1.810349E-01
  1.677500E+03  1.846307E-01
  1.678000E+03  1.595012E-01
  1.678500E+03  1.387567E-01
  1.679000E+03  1.344180E-01
  1.679500E+03  1.348198E-01
  1.680000E+03  1.194780E-01
  1.680500E+03  7.949103E-02
  1.681000E+03  2.716628E-02
  1.681500E+03 -1.308173E-02
  1.682000E+03 -2.554236E-02
  1.682500E+03 -1.873870E-02
  1.683000E+03 -2.186132E-02
  1.683500E+03 -6.271216E-02
  1.684000E+03 -1.426313E-01
  1.684500E+03 -2.276220E-01
  1.685000E+03 -2.641204E-01
  1.685500E+03 -2.102021E-01
  1.686000E+03 -6.152319E-02
  1.686500E+03  1.453635E-01
  1.687000E+03  3.538311E-01
  1.687500E+03  5.169452E-01
  1.688000E+03  6.156599E-01
  1.688500E+03  6.547217E-01
  1.689000E+03  6.428849E-01
  1.689500E+03  5.757907E-01
  1.690000E+03  4.371955E-01
  1.690500E+03  2.191733E-01
  1.691000E+03 -5.419837E-02
  1.691500E+03 -3.200895E-01
  1.692000E+03 -4.971503E-01
  1.692500E+03 -5.240863E-01
  1.693000E+03 -3.940343E-01
  1.693500E+03 -1.629350E-01
  1.694000E+03  7.472910E-02
  1.694500E+03  2.298002E-01
  1.695000E+03  2.574289E-01
  1.695500E+03  1.703978E-01
  1.696000E+03  2.189279E-02
  1.696500E+03 -1.294852E-01
  1.697000E+03 -2.508725E-01
  1.697500E+03 -3.453225E-01
  1.698000E+03 -4.377262E-01
  1.698500E+03 -5.475257E-01
  1.699000E+03 -6.660087E-01
  1.699500E+03 -7.521919E-01
  1.700000E+03 -7.501414E-01
  1.700500E+03 -6.185784E-01
  1.701000E+03 -3.569799E-01
  1.701500E+03 -1.400552E-02
  1.702000E+03  3.272312E-01
  1.702500E+03  5.811185E-01
  1.703000E+03  6.941332E-01
  1.703500E+03  6.657482E-01
  1.704000E+03  5.456865E-01
  1.704500E+03  4.090787E-01
  1.705000E+03  3.220741E-01
  1.705500E+03  3.149992E-01
  1.706000E+03  3.755417E-01
  1.706500E+03  4.630671E-01
  1.707000E+03  5.336025E-01
  1.707500E+03  5.601427E-01
  1.708000E+03  5.376287E-01
  1.708500E+03  4.729804E-01
  1.709000E+03  3.705316E-01
  1.709500E+03  2.253982E-01
  1.710000E+03  3.034066E-02
  1.710500E+03 -2.094053E-01
  1.711000E+03 -4.659920E-01
  1.711500E+03 -6.939128E-01
  1.712000E+03 -8.499568E-01
  1.712500E+03 -9.165357E-01
  1.713000E+03 -9.125054E-01
  1.713500E+03 -8.822364E-01
  1.714000E+03 -8.674168E-01
  1.714500E+03 -8.780085E-01
  1.715000E+03 -8.808509E-01
  1.715500E+03 -8.147667E-01
  1.716000E+03 -6.253445E-01
  1.716500E+03 -3.004368E-01
  1.717000E+03  1.137839E-01
  1.717500E+03  5.259603E-01
  1.718000E+03  8.358684E-01
  1.718500E+03  9.758898E-01
  1.719000E+03  9.377321E-01
  1.719500E+03  7.729833E-01
  1.720000E+03  5.694461E-01
  1.720500E+03  4.159502E-01
  1.721000E+03  3.714209E-01
  1.721500E+03  4.492079E-01
  1.722000E+03  6.190225E-01
  1.722500E+03  8.214903E-01
  1.723000E+03  9.875363E-01
  1.723500E+03  1.056442E+00
  1.724000E+03  9.897574E-01
  1.724500E+03  7.803531E-01
  1.725000E+03  4.557326E-01
  1.725500E+03  7.351286E-02
  1.726000E+03 -2.926938E-01
  1.726500E+03 -5.755503E-01
  1.727000E+03 -7.378771E-01
  1.727500E+03 -7.879448E-01
  1.728000E+03 -7.771635E-01
  1.728500E+03 -7.781466E-01
  1.729000E+03 -8.510720E-01
  1.729500E+03 -1.013673E+00
  1.730000E+03 -1.230102E+00
  1.730500E+03 -1.425297E+00
  1.731000E+03 -1.518408E+00
  1.731500E+03 -1.458602E+00
  1.732000E+03 -1.245229E+00
  1.732500E+03 -9.229885E-01
  1.733000E+03 -5.565054E-01
  1.733500E+03 -1.995429E-01
  1.734000E+03  1.242187E-01
  1.734500E+03  4.199640E-01
  1.735000E+03  7.037006E-01
  1.735500E+03  9.803136E-01
  1.736000E+03  1.231567E+00
  1.736500E+03  1.420748E+00
  1.737000E+03  1.510468E+00
  1.737500E+03  1.483055E+00
  1.738000E+03  1.352542E+00
  1.738500E+03  1.162417E+00
  1.739000E+03  9.704670E-01
  1.739500E+03  8.272643E-01
  1.740000E+03  7.566456E-01
  1.740500E+03  7.452950E-01
  1.741000E+03  7.456428E-01
  1.741500E+03  6.923238E-01
  1.742000E+03  5.277295E-01
  1.742500E+03  2.276954E-01
  1.743000E+03 -1.836834E-01
  1.743500E+03 -6.383258E-01
  1.744000E+03 -1.047821E+00
  1.744500E+03 -1.336943E+00
  1.745000E+03 -1.471412E+00
  1.745500E+03 -1.466348E+00
  1.746000E+03 -1.371964E+00
  1.746500E+03 -1.245430E+00
  1.747000E+03 -1.124983E+00
  1.747500E+03 -1.019556E+00
  1.748000E+03 -9.164233E-01
  1.748500E+03 -7.980299E-01
  1.749000E+03 -6.549721E-01
  1.749500E+03 -4.874204E-01
  1.750000E+03 -2.976479E-01
  1.750500E+03 -8.348427E-02
  1.751000E+03  1.590241E-01
  1.751500E+03  4.243493E-01
  1.752000E+03  6.871607E-01
  1.752500E+03  9.039480E-01
  1.753000E+03  1.029711E+00
  1.753500E+03  1.041217E+00
  1.754000E+03  9.518858E-01
  1.754500E+03  8.074926E-01
  1.755000E+03  6.642338E-01
  1.755500E+03  5.624283E-01
  1.756000E+03  5.118001E-01
  1.756500E+03  4.958492E-01
  1.757000E+03  4.895387E-01
  1.757500E+03  4.761436E-01
  1.758000E+03  4.515625E-01
  1.758500E+03  4.154079E-01
  1.759000E+03  3.590602E-01
  1.759500E+03  2.631512E-01
  1.760000E+03  1.089505E-01
  1.760500E+03 -1.038686E-01
  1.761000E+03 -3.471635E-01
  1.761500E+03 -5.718123E-01
  1.762000E+03 -7.304285E-01
  1.762500E+03 -8.017107E-01
  1.763000E+03 -8.007892E-01
  1.763500E+03 -7.686778E-01
  1.764000E+03 -7.473189E-01
  1.764500E+03 -7.554800E-01
  1.765000E+03 -7.793173E-01
  1.765500E+03 -7.814810E-01
  1.766000E+03 -7.214968E-01
  1.766500E+03 -5.750653E-01
  1.767000E+03 -3.430856E-01
  1.767500E+03 -4.899093E-02
  1.768000E+03  2.706465E-01
  1.768500E+03  5.759967E-01
  1.769000E+03  8.310695E-01
  1.769500E+03  1.008257E+00
  1.770000E+03  1.091572E+00
  1.770500E+03  1.078464E+00
  1.771000E+03  9.787870E-01
  1.771500E+03  8.103599E-01
  1.772000E+03  5.930303E-01
  1.772500E+03  3.447552E-01
  1.773000E+03  8.183410E-02
  1.773500E+03 -1.781437E-01
  1.774000E+03 -4.147401E-01
  1.774500E+03 -6.075775E-01
  1.775000E+03 -7.425080E-01
  1.775500E+03 -8.159272E-01
  1.776000E+03 -8.325339E-01
  1.776500E+03 -7.970754E-01
  1.777000E+03 -7.067208E-01
  1.777500E+03 -5.520839E-01
  1.778000E+03 -3.291578E-01
  1.778500E+03 -5.502460E-02
  1.779000E+03  2.254839E-01
  1.779500E+03  4.513094E-01
  1.780000E+03  5.720720E-01
  1.780500E+03  5.753051E-01
  1.781000E+03  4.958097E-01
  1.781500E+03  3.984971E-01
  1.782000E+03  3.428980E-01
  1.782500E+03  3.501982E-01
  1.783000E+03  3.930329E-01
  1.783500E+03  4.141676E-01
  1.784000E+03  3.619483E-01
  1.784500E+03  2.203580E-01
  1.785000E+03  1.626021E-02
  1.785500E+03 -1.978800E-01
  1.786000E+03 -3.720668E-01
  1.786500E+03 -4.791409E-01
  1.787000E+03 -5.170706E-01
  1.787500E+03 -4.967298E-01
  1.788000E+03 -4.279341E-01
  1.788500E+03 -3.149363E-01
  1.789000E+03 -1.628259E-01
  1.789500E+03  1.319168E-02
  1.790000E+03  1.854497E-01
  1.790500E+03  3.216978E-01
  1.791000E+03  3.977356E-01
  1.791500E+03  4.057089E-01
  1.792000E+03  3.530610E-01
  1.792500E+03  2.548652E-01
  1.793000E+03  1.267851E-01
  1.793500E+03 -1.647271E-02
  1.794000E+03 -1.589538E-01
  1.794500E+03 -2.835597E-01
  1.795000E+03 -3.780868E-01
  1.795500E+03 -4.435100E-01
  1.796000E+03 -4.955530E-01
  1.796500E+03 -5.534125E-01
  1.797000E+03 -6.197593E-01
  1.797500E+03 -6.660506E-01
  1.798000E+03 -6.376386E-01
  1.798500E+03 -4.814536E-01
  1.799000E+03 -1.822198E-01
  1.799500E+03  2.163251E-01
  1.800000E+03  6.223356E-01
  1.800500E+03  9.362696E-01
  1.801000E+03  1.098005E+00
  1.801500E+03  1.111726E+00
  1.802000E+03  1.032953E+00
  1.802500E+03  9.265960E-01
  1.803000E+03  8.239535E-01
  1.803500E+03  7.069377E-01
  1.804000E+03  5.289658E-01
  1.804500E+03  2.569933E-01
  1.805000E+03 -9.475739E-02
  1.805500E+03 -4.623590E-01
  1.806000E+03 -7.622271E-01
  1.806500E+03 -9.332324E-01
  1.807000E+03 -9.637658E-01
  1.807500E+03 -8.885666E-01
  1.808000E+03 -7.612114E-01
  1.808500E+03 -6.232267E-01
  1.809000E+03 -4.899427E-01
  1.809500E+03 -3.585779E-01
  1.810000E+03 -2.273532E-01
  1.810500E+03 -1.079393E-01
  1.811000E+03 -2.105947E-02
  1.811500E+03  2.017440E-02
  1.812000E+03  2.432690E-02
  1.812500E+03  2.010420E-02
  1.813000E+03  3.840573E-02
  1.813500E+03  9.019590E-02
  1.814000E+03  1.565204E-01
  1.814500E+03  1.991559E-01
  1.815000E+03  1.863024E-01
  1.815500E+03  1.172769E-01
  1.816000E+03  3.029466E-02
  1.816500E+03 -1.236524E-02
  1.817000E+03  4.577832E-02
  1.817500E+03  2.262293E-01
  1.818000E+03  5.015311E-01
  1.818500E+03  8.024118E-01
  1.819000E+03  1.041757E+00
  1.819500E+03  1.144576E+00
  1.820000E+03  1.072377E+00
  1.820500E+03  8.340623E-01
  1.821000E+03  4.809452E-01
  1.821500E+03  8.863674E-02
  1.822000E+03 -2.675801E-01
  1.822500E+03 -5.352902E-01
  1.823000E+03 -6.974203E-01
  1.823500E+03 -7.704115E-01
  1.824000E+03 -7.898690E-01
  1.824500E+03 -7.911398E-01
  1.825000E+03 -7.943784E-01
  1.825500E+03 -8.006124E-01
  1.826000E+03 -7.986478E-01
  1.826500E+03 -7.764568E-01
  1.827000E+03 -7.289418E-01
  1.827500E+03 -6.576988E-01
  1.828000E+03 -5.648126E-01
  1.828500E+03 -4.471272E-01
  1.829000E+03 -2.966683E-01
  1.829500E+03 -1.076539E-01
  1.830000E+03  1.151125E-01
  1.830500E+03  3.533082E-01
  1.831000E+03  5.807088E-01
  1.831500E+03  7.740349E-01
  1.832000E+03  9.215145E-01
  1.832500E+03  1.023030E+00
  1.833000E+03  1.081932E+00
  1.833500E+03  1.095165E+00
  1.834000E+03  1.050260E+00
  1.834500E+03  9.331509E-01
  1.835000E+03  7.425610E-01
  1.835500E+03  5.006144E-01
  1.836000E+03  2.501720E-01
  1.836500E+03  3.733613E-02
  1.837000E+03 -1.121124E-01
  1.837500E+03 -2.077996E-01
  1.838000E+03 -2.901004E-01
  1.838500E+03 -4.057014E-01
  1.839000E+03 -5.760794E-01
  1.839500E+03 -7.777271E-01
  1.840000E+03 -9.478793E-01
  1.840500E+03 -1.015250E+00
  1.841000E+03 -9.399471E-01
  1.841500E+03 -7.396970E-01
  1.842000E+03 -4.858581E-01
  1.842500E+03 -2.694827E-01
  1.843000E+03 -1.553775E-01
  1.843500E+03 -1.498965E-01
  1.844000E+03 -2.008833E-01
  1.844500E+03 -2.296315E-01
  1.845000E+03 -1.760331E-01
  1.845500E+03 -3.069771E-02
  1.846000E+03  1.636371E-01
  1.846500E+03  3.400482E-01
  1.847000E+03  4.459616E-01
  1.847500E+03  4.686734E-01
  1.848000E+03  4.345221E-01
  1.848500E+03  3.862684E-01
  1.849000E+03  3.564354E-01
  1.849500E+03  3.542809E-01
  1.850000E+03  3.717766E-01
  1.850500E+03  3.991907E-01
  1.851000E+03  4.347516E-01
  1.851500E+03  4.797053E-01
  1.852000E+03  5.240880E-01
  1.852500E+03  5.382450E-01
  1.853000E+03  4.822204E-01
  1.853500E+03  3.310575E-01
  1.854000E+03  9.938727E-02
  1.854500E+03 -1.546442E-01
  1.855000E+03 -3.540273E-01
  1.855500E+03 -4.441900E-01
  1.856000E+03 -4.255194E-01
  1.856500E+03 -3.550214E-01
  1.857000E+03 -3.140681E-01
  1.857500E+03 -3.613293E-01
  1.858000E+03 -4.999598E-01
  1.858500E+03 -6.788309E-01
  1.859000E+03 -8.253145E-01
  1.859500E+03 -8.871267E-01
  1.860000E+03 -8.564304E-01
  1.860500E+03 -7.630191E-01
  1.861000E+03 -6.447768E-01
  1.861500E+03 -5.177730E-01
  1.862000E+03 -3.662938E-01
  1.862500E+03 -1.576634E-01
  1.863000E+03  1.302928E-01
  1.863500E+03  4.881326E-01
  1.864000E+03  8.723705E-01
  1.864500E+03  1.220468E+00
  1.865000E+03  1.471905E+00
  1.865500E+03  1.583761E+00
  1.866000E+03  1.536759E+00
  1.866500E+03  1.335410E+00
  1.867000E+03  1.007368E+00
  1.867500E+03  6.024815E-01
  1.868000E+03  1.870542E-01
  1.868500E+03 -1.705594E-01
  1.869000E+03 -4.203192E-01
  1.869500E+03 -5.470430E-01
  1.870000E+03 -5.727292E-01
  1.870500E+03 -5.420229E-01
  1.871000E+03 -4.991960E-01
  1.871500E+03 -4.707697E-01
  1.872000E+03 -4.634976E-01
  1.872500E+03 -4.757973E-01
  1.873000E+03 -5.107300E-01
  1.873500E+03 -5.781591E-01
  1.874000E+03 -6.832958E-01
  1.874500E+03 -8.109818E-01
  1.875000E+03 -9.200494E-01
  1.875500E+03 -9.556623E-01
  1.876000E+03 -8.743294E-01
  1.876500E+03 -6.663785E-01
  1.877000E+03 -3.616845E-01
  1.877500E+03 -1.562967E-02
  1.878000E+03  3.148494E-01
  1.878500E+03  5.901772E-01
  1.879000E+03  7.928880E-01
  1.879500E+03  9.204433E-01
  1.880000E+03  9.760004E-01
  1.880500E+03  9.654117E-01
  1.881000E+03  9.003516E-01
  1.881500E+03  8.003561E-01
  1.882000E+03  6.873017E-01
  1.882500E+03  5.738197E-01
  1.883000E+03  4.549897E-01
  1.883500E+03  3.126047E-01
  1.884000E+03  1.321510E-01
  1.884500E+03 -7.865451E-02
  1.885000E+03 -2.846513E-01
  1.885500E+03 -4.380242E-01
  1.886000E+03 -5.049197E-01
  1.886500E+03 -4.855634E-01
  1.887000E+03 -4.127231E-01
  1.887500E+03 -3.285199E-01
  1.888000E+03 -2.558297E-01
  1.888500E+03 -1.853853E-01
  1.889000E+03 -8.885665E-02
  1.889500E+03  5.087166E-02
  1.890000E+03  2.143373E-01
  1.890500E+03  3.447533E-01
  1.891000E+03  3.749364E-01
  1.891500E+03  2.659693E-01
  1.892000E+03  3.365716E-02
  1.892500E+03 -2.530982E-01
  1.893000E+03 -5.002682E-01
  1.893500E+03 -6.266495E-01
  1.894000E+03 -5.928343E-01
  1.894500E+03 -4.110217E-01
  1.895000E+03 -1.372231E-01
  1.895500E+03  1.464962E-01
  1.896000E+03  3.535643E-01
  1.896500E+03  4.159237E-01
  1.897000E+03  3.062013E-01
  1.897500E+03  5.204858E-02
  1.898000E+03 -2.676938E-01
  1.898500E+03 -5.505111E-01
  1.899000E+03 -7.134459E-01
  1.899500E+03 -7.305602E-01
  1.900000E+03 -6.413088E-01
  1.900500E+03 -5.213750E-01
  1.901000E+03 -4.314325E-01
  1.901500E+03 -3.758984E-01
  1.902000E+03 -2.996764E-01
  1.902500E+03 -1.267908E-01
  1.903000E+03  1.836622E-01
  1.903500E+03  6.014849E-01
  1.904000E+03  1.033570E+00
  1.904500E+03  1.370597E+00
  1.905000E+03  1.540686E+00
  1.905500E+03  1.535349E+00
  1.906000E+03  1.394635E+00
  1.906500E+03  1.168216E+00
  1.907000E+03  8.848584E-01
  1.907500E+03  5.528117E-01
  1.908000E+03  1.863346E-01
  1.908500E+03 -1.692840E-01
  1.909000E+03 -4.418597E-01
  1.909500E+03 -5.696861E-01
  1.910000E+03 -5.471851E-01
  1.910500E+03 -4.425134E-01
  1.911000E+03 -3.674919E-01
  1.911500E+03 -4.139636E-01
  1.912000E+03 -5.968325E-01
  1.912500E+03 -8.425591E-01
  1.913000E+03 -1.032595E+00
  1.913500E+03 -1.074343E+00
  1.914000E+03 -9.537933E-01
  1.914500E+03 -7.369538E-01
  1.915000E+03 -5.221832E-01
  1.915500E+03 -3.777340E-01
  1.916000E+03 -3.062951E-01
  1.916500E+03 -2.571269E-01
  1.917000E+03 -1.728069E-01
  1.917500E+03 -3.544632E-02
  1.918000E+03  1.192616E-01
  1.918500E+03  2.272342E-01
  1.919000E+03  2.405389E-01
  1.919500E+03  1.604751E-01
  1.920000E+03  3.900448E-02
  1.920500E+03 -4.932243E-02
  1.921000E+03 -4.507149E-02
  1.921500E+03  7.100890E-02
  1.922000E+03  2.762411E-01
  1.922500E+03  5.229966E-01
  1.923000E+03  7.611968E-01
  1.923500E+03  9.544693E-01
  1.924000E+03  1.085195E+00
  1.924500E+03  1.150161E+00
  1.925000E+03  1.151289E+00
  1.925500E+03  1.086150E+00
  1.926000E+03  9.431050E-01
  1.926500E+03  7.055896E-01
  1.927000E+03  3.669895E-01
  1.927500E+03 -4.956143E-02
  1.928000E+03 -4.795002E-01
  1.928500E+03 -8.270547E-01
  1.929000E+03 -1.000835E+00
  1.929500E+03 -9.607461E-01
  1.930000E+03 -7.490827E-01
  1.930500E+03 -4.817449E-01
  1.931000E+03 -2.966562E-01
  1.931500E+03 -2.840525E-01
  1.932000E+03 -4.385138E-01
  1.932500E+03 -6.628957E-01
  1.933000E+03 -8.236036E-01
  1.933500E+03 -8.243979E-01
  1.934000E+03 -6.541275E-01
  1.934500E+03 -3.812582E-01
  1.935000E+03 -1.032576E-01
  1.935500E+03  1.123964E-01
  1.936000E+03  2.563545E-01
  1.936500E+03  3.601916E-01
  1.937000E+03  4.527768E-01
  1.937500E+03  5.268251E-01
  1.938000E+03  5.419168E-01
  1.938500E+03  4.605826E-01
  1.939000E+03  2.878273E-01
  1.939500E+03  8.142018E-02
  1.940000E+03 -7.763239E-02
  1.940500E+03 -1.347630E-01
  1.941000E+03 -9.636218E-02
  1.941500E+03 -2.428393E-02
  1.942000E+03  6.117772E-03
  1.942500E+03 -4.437268E-02
  1.943000E+03 -1.543950E-01
  1.943500E+03 -2.567908E-01
  1.944000E+03 -2.797032E-01
  1.944500E+03 -1.857362E-01
  1.945000E+03  1.342620E-02
  1.945500E+03  2.696036E-01
  1.946000E+03  5.228147E-01
  1.946500E+03  7.200727E-01
  1.947000E+03  8.216204E-01
  1.947500E+03  8.015579E-01
  1.948000E+03  6.531828E-01
  1.948500E+03  4.001577E-01
  1.949000E+03  1.023839E-01
  1.949500E+03 -1.569863E-01
  1.950000E+03 -3.050519E-01
  1.950500E+03 -3.169126E-01
  1.951000E+03 -2.325407E-01
  1.951500E+03 -1.372460E-01
  1.952000E+03 -1.135131E-01
  1.952500E+03 -1.927415E-01
  1.953000E+03 -3.377834E-01
  1.953500E+03 -4.681038E-01
  1.954000E+03 -5.114849E-01
  1.954500E+03 -4.488527E-01
  1.955000E+03 -3.240528E-01
  1.955500E+03 -2.142195E-01
  1.956000E+03 -1.818792E-01
  1.956500E+03 -2.397865E-01
  1.957000E+03 -3.482840E-01
  1.957500E+03 -4.422049E-01
  1.958000E+03 -4.665919E-01
  1.958500E+03 -3.990381E-01
  1.959000E+03 -2.497569E-01
  1.959500E+03 -4.684278E-02
  1.960000E+03  1.785290E-01
  1.960500E+03  3.975101E-01
  1.961000E+03  5.814345E-01
  1.961500E+03  7.010293E-01
  1.962000E+03  7.333457E-01
  1.962500E+03  6.739167E-01
  1.963000E+03  5.448012E-01
  1.963500E+03  3.904186E-01
  1.964000E+03  2.613209E-01
  1.964500E+03  1.944479E-01
  1.965000E+03  2.003857E-01
  1.965500E+03  2.627413E-01
  1.966000E+03  3.469072E-01
  1.966500E+03  4.114420E-01
  1.967000E+03  4.172641E-01
  1.967500E+03  3.346154E-01
  1.968000E+03  1.501141E-01
  1.968500E+03 -1.260553E-01
  1.969000E+03 -4.569119E-01
  1.969500E+03 -7.845478E-01
  1.970000E+03 -1.045859E+00
  1.970500E+03 -1.192022E+00
  1.971000E+03 -1.202086E+00
  1.971500E+03 -1.084423E+00
  1.972000E+03 -8.678772E-01
  1.972500E+03 -5.906248E-01
  1.973000E+03 -2.938642E-01
  1.973500E+03 -2.036141E-02
  1.974000E+03  1.887743E-01
  1.974500E+03  3.050557E-01
  1.975000E+03  3.287641E-01
  1.975500E+03  2.983638E-01
  1.976000E+03  2.804074E-01
  1.976500E+03  3.382458E-01
  1.977000E+03  4.943210E-01
  1.977500E+03  7.100331E-01
  1.978000E+03  9.000653E-01
  1.978500E+03  9.771550E-01
  1.979000E+03  9.021978E-01
  1.979500E+03  7.086257E-01
  1.980000E+03  4.847825E-01
  1.980500E+03  3.244115E-01
  1.981000E+03  2.755483E-01
  1.981500E+03  3.182569E-01
  1.982000E+03  3.820058E-01
  1.982500E+03  3.881361E-01
  1.983000E+03  2.893166E-01
  1.983500E+03  8.428026E-02
  1.984000E+03 -1.941111E-01
  1.984500E+03 -5.019167E-01
  1.985000E+03 -7.997834E-01
  1.985500E+03 -1.054363E+00
  1.986000E+03 -1.233413E+00
  1.986500E+03 -1.307590E+00
  1.987000E+03 -1.263468E+00
  1.987500E+03 -1.118466E+00
  1.988000E+03 -9.220582E-01
  1.988500E+03 -7.355889E-01
  1.989000E+03 -5.997483E-01
  1.989500E+03 -5.107908E-01
  1.990000E+03 -4.233235E-01
  1.990500E+03 -2.801191E-01
  1.991000E+03 -5.040990E-02
  1.991500E+03  2.482413E-01
  1.992000E+03  5.581970E-01
  1.992500E+03  8.133257E-01
  1.993000E+03  9.723029E-01
  1.993500E+03  1.033161E+00
  1.994000E+03  1.023594E+00
  1.994500E+03  9.781944E-01
  1.995000E+03  9.199448E-01
  1.995500E+03  8.559416E-01
  1.996000E+03  7.843766E-01
  1.996500E+03  7.024763E-01
  1.997000E+03  6.084643E-01
  1.997500E+03  4.997279E-01
  1.998000E+03  3.744065E-01
  1.998500E+03  2.391656E-01
  1.999000E+03  1.162847E-01
  1.999500E+03  3.870929E-02
  2.000000E+03  2.910324E-02
  2.000500E+03  7.407221E-02
  2.001000E+03  1.147203E-01
  2.001500E+03  6.847597E-02
  2.002000E+03 -1.241358E-01
  2.002500E+03 -4.556895E-01
  2.003000E+03 -8.430187E-01
  2.003500E+03 -1.165407E+00
  2.004000E+03 -1.329751E+00
  2.004500E+03 -1.321331E+00
  2.005000E+03 -1.205603E+00
  2.005500E+03 -1.078762E+00
  2.006000E+03 -1.000687E+00
  2.006500E+03 -9.569822E-01
  2.007000E+03 -8.765541E-01
  2.007500E+03 -6.912114E-01
  2.008000E+03 -3.930182E-01
  2.008500E+03 -4.661985E-02
  2.009000E+03  2.530908E-01
  2.009500E+03  4.468654E-01
  2.010000E+03  5.514261E-01
  2.010500E+03  6.435268E-01
  2.011000E+03  7.986205E-01
  2.011500E+03  1.028947E+00
  2.012000E+03  1.266834E+00
  2.012500E+03  1.406092E+00
  2.013000E+03  1.371931E+00
  2.013500E+03  1.169225E+00
  2.014000E+03  8.754063E-01
  2.014500E+03  5.851484E-01
  2.015000E+03  3.489099E-01
  2.015500E+03  1.504910E-01
  2.016000E+03 -6.171735E-02
  2.016500E+03 -3.159151E-01
  2.017000E+03 -5.771757E-01
  2.017500E+03 -7.587511E-01
  2.018000E+03 -7.777239E-01
  2.018500E+03 -6.148867E-01
  2.019000E+03 -3.351428E-01
  2.019500E+03 -5.318501E-02
  2.020000E+03  1.317013E-01
  2.020500E+03  1.868081E-01
  2.021000E+03  1.498967E-01
  2.021500E+03  8.730432E-02
  2.022000E+03  3.962282E-02
  2.022500E+03 -5.413638E-03
  2.023000E+03 -9.560238E-02
  2.023500E+03 -2.685559E-01
  2.024000E+03 -5.131570E-01
  2.024500E+03 -7.663348E-01
  2.025000E+03 -9.461611E-01
  2.025500E+03 -9.963746E-01
  2.026000E+03 -9.114092E-01
  2.026500E+03 -7.276044E-01
  2.027000E+03 -4.916170E-01
  2.027500E+03 -2.319356E-01
  2.028000E+03  4.617805E-02
  2.028500E+03  3.421672E-01
  2.029000E+03  6.365188E-01
  2.029500E+03  8.836033E-01
  2.030000E+03  1.029034E+00
  2.030500E+03  1.040225E+00
  2.031000E+03  9.283717E-01
  2.031500E+03  7.456904E-01
  2.032000E+03  5.587013E-01
  2.032500E+03  4.141422E-01
  2.033000E+03  3.181638E-01
  2.033500E+03  2.400560E-01
  2.034000E+03  1.362550E-01
  2.034500E+03 -2.082232E-02
  2.035000E+03 -2.253358E-01
  2.035500E+03 -4.397929E-01
  2.036000E+03 -6.127662E-01
  2.036500E+03 -7.020338E-01
  2.037000E+03 -6.919368E-01
  2.037500E+03 -5.981466E-01
  2.038000E+03 -4.591905E-01
  2.038500E+03 -3.192523E-01
  2.039000E+03 -2.097097E-01
  2.039500E+03 -1.371951E-01
  2.040000E+03 -8.347784E-02
  2.040500E+03 -1.749892E-02
  2.041000E+03  8.591869E-02
  2.041500E+03  2.299324E-01
  2.042000E+03  3.905508E-01
  2.042500E+03  5.253890E-01
  2.043000E+03  5.918184E-01
  2.043500E+03  5.652490E-01
  2.044000E+03  4.489364E-01
  2.044500E+03  2.719888E-01
  2.045000E+03  7.838183E-02
  2.045500E+03 -8.709156E-02
  2.046000E+03 -1.909570E-01
  2.046500E+03 -2.191675E-01
  2.047000E+03 -1.807882E-01
  2.047500E+03 -1.063691E-01
  2.048000E+03 -3.930816E-02
  2.048500E+03 -2.015341E-02
  2.049000E+03 -6.836298E-02
  2.049500E+03 -1.704253E-01
  2.050000E+03 -2.828557E-01
  2.050500E+03 -3.515801E-01
  2.051000E+03 -3.390117E-01
  2.051500E+03 -2.437704E-01
  2.052000E+03 -1.010162E-01
  2.052500E+03  3.704857E-02
  2.053000E+03  1.282412E-01
  2.053500E+03  1.579930E-01
  2.054000E+03  1.374830E-01
  2.054500E+03  8.640272E-02
  2.055000E+03  1.529893E-02
  2.055500E+03 -7.814683E-02
  2.056000E+03 -1.962995E-01
  2.056500E+03 -3.236206E-01
  2.057000E+03 -4.202955E-01
  2.057500E+03 -4.361583E-01
  2.058000E+03 -3.380094E-01
  2.058500E+03 -1.320114E-01
  2.059000E+03  1.352344E-01
  2.059500E+03  3.989004E-01
  2.060000E+03  6.069068E-01
  2.060500E+03  7.389508E-01
  2.061000E+03  8.019021E-01
  2.061500E+03  8.076176E-01
  2.062000E+03  7.524559E-01
  2.062500E+03  6.164182E-01
  2.063000E+03  3.845794E-01
  2.063500E+03  7.542598E-02
  2.064000E+03 -2.467183E-01
  2.064500E+03 -4.889216E-01
  2.065000E+03 -5.706670E-01
  2.065500E+03 -4.661301E-01
  2.066000E+03 -2.228121E-01
  2.066500E+03  5.498315E-02
  2.067000E+03  2.492618E-01
  2.067500E+03  2.755457E-01
  2.068000E+03  1.117413E-01
  2.068500E+03 -2.014506E-01
  2.069000E+03 -5.831421E-01
  2.069500E+03 -9.430492E-01
  2.070000E+03 -1.206215E+00
  2.070500E+03 -1.324956E+00
  2.071000E+03 -1.279535E+00
  2.071500E+03 -1.073207E+00
  2.072000E+03 -7.268180E-01
  2.072500E+03 -2.752753E-01
  2.073000E+03  2.343228E-01
  2.073500E+03  7.445181E-01
  2.074000E+03  1.191462E+00
  2.074500E+03  1.513001E+00
  2.075000E+03  1.661294E+00
  2.075500E+03  1.617072E+00
  2.076000E+03  1.399180E+00
  2.076500E+03  1.062331E+00
  2.077000E+03  6.803570E-01
  2.077500E+03  3.204697E-01
  2.078000E+03  2.095295E-02
  2.078500E+03 -2.152393E-01
  2.079000E+03 -4.071276E-01
  2.079500E+03 -5.712807E-01
  2.080000E+03 -7.029119E-01
  2.080500E+03 -7.759994E-01
  2.081000E+03 -7.629414E-01
  2.081500E+03 -6.600160E-01
  2.082000E+03 -4.997650E-01
  2.082500E+03 -3.397231E-01
  2.083000E+03 -2.333224E-01
  2.083500E+03 -2.017241E-01
  2.084000E+03 -2.252805E-01
  2.084500E+03 -2.600770E-01
  2.085000E+03 -2.679331E-01
  2.085500E+03 -2.395347E-01
  2.086000E+03 -1.960323E-01
  2.086500E+03 -1.699376E-01
  2.087000E+03 -1.800297E-01
  2.087500E+03 -2.175238E-01
  2.088000E+03 -2.511058E-01
  2.088500E+03 -2.447360E-01
  2.089000E+03 -1.747490E-01
  2.089500E+03 -3.631768E-02
  2.090000E+03  1.605274E-01
  2.090500E+03  3.974487E-01
  2.091000E+03  6.498560E-01
  2.091500E+03  8.848733E-01
  2.092000E+03  1.062087E+00
  2.092500E+03  1.142827E+00
  2.093000E+03  1.105558E+00
  2.093500E+03  9.571505E-01
  2.094000E+03  7.301769E-01
  2.094500E+03  4.660767E-01
  2.095000E+03  1.956685E-01
  2.095500E+03 -6.808095E-02
  2.096000E+03 -3.191201E-01
  2.096500E+03 -5.386786E-01
  2.097000E+03 -6.857804E-01
  2.097500E+03 -7.112525E-01
  2.098000E+03 -5.906687E-01
  2.098500E+03 -3.543972E-01
  2.099000E+03 -9.036716E-02
  2.099500E+03  8.876002E-02
  2.100000E+03  9.794843E-02
  2.100500E+03 -7.947308E-02
  2.101000E+03 -3.877929E-01
  2.101500E+03 -7.328878E-01
  2.102000E+03 -1.030518E+00
  2.102500E+03 -1.237201E+00
  2.103000E+03 -1.346507E+00
  2.103500E+03 -1.359931E+00
  2.104000E+03 -1.259916E+00
  2.104500E+03 -1.009555E+00
  2.105000E+03 -5.814606E-01
  2.105500E+03  5.684368E-03
  2.106000E+03  6.721259E-01
  2.106500E+03  1.298310E+00
  2.107000E+03  1.771338E+00
  2.107500E+03  2.027738E+00
  2.108000E+03  2.066940E+00
  2.108500E+03  1.931279E+00
  2.109000E+03  1.671385E+00
  2.109500E+03  1.323355E+00
  2.110000E+03  9.113222E-01
  2.110500E+03  4.667193E-01
  2.111000E+03  4.164203E-02
  2.111500E+03 -3.009860E-01
  2.112000E+03 -5.175886E-01
  2.112500E+03 -6.127442E-01
  2.113000E+03 -6.425676E-01
  2.113500E+03 -6.852887E-01
  2.114000E+03 -7.952483E-01
  2.114500E+03 -9.695008E-01
  2.115000E+03 -1.148827E+00
  2.115500E+03 -1.252423E+00
  2.116000E+03 -1.223879E+00
  2.116500E+03 -1.060191E+00
  2.117000E+03 -8.084957E-01
  2.117500E+03 -5.367713E-01
  2.118000E+03 -2.996376E-01
  2.118500E+03 -1.194281E-01
  2.119000E+03  1.102108E-02
  2.119500E+03  1.124888E-01
  2.120000E+03  2.046782E-01
  2.120500E+03  3.011359E-01
  2.121000E+03  4.116114E-01
  2.121500E+03  5.437183E-01
  2.122000E+03  6.985852E-01
  2.122500E+03  8.631591E-01
  2.123000E+03  1.007235E+00
  2.123500E+03  1.091187E+00
  2.124000E+03  1.082460E+00
  2.124500E+03  9.717012E-01
  2.125000E+03  7.787228E-01
  2.125500E+03  5.446392E-01
  2.126000E+03  3.147028E-01
  2.126500E+03  1.207500E-01
  2.127000E+03 -2.927391E-02
  2.127500E+03 -1.519987E-01
  2.128000E+03 -2.807113E-01
  2.128500E+03 -4.512661E-01
  2.129000E+03 -6.844863E-01
  2.129500E+03 -9.695003E-01
  2.130000E+03 -1.255587E+00
  2.130500E+03 -1.460855E+00
  2.131000E+03 -1.500466E+00
  2.131500E+03 -1.325697E+00
  2.132000E+03 -9.546008E-01
  2.132500E+03 -4.742910E-01
  2.133000E+03 -7.786207E-03
  2.133500E+03  3.408275E-01
  2.134000E+03  5.335738E-01
  2.134500E+03  6.101827E-01
  2.135000E+03  6.559423E-01
  2.135500E+03  7.442840E-01
  2.136000E+03  8.888214E-01
  2.136500E+03  1.034064E+00
  2.137000E+03  1.089762E+00
  2.137500E+03  9.865272E-01
  2.138000E+03  7.179481E-01
  2.138500E+03  3.445717E-01
  2.139000E+03 -3.958714E-02
  2.139500E+03 -3.543542E-01
  2.140000E+03 -5.649111E-01
  2.140500E+03 -6.814764E-01
  2.141000E+03 -7.333690E-01
  2.141500E+03 -7.390050E-01
  2.142000E+03 -6.925025E-01
  2.142500E+03 -5.732123E-01
  2.143000E+03 -3.681756E-01
  2.143500E+03 -9.042759E-02
  2.144000E+03  2.186145E-01
  2.144500E+03  5.025418E-01
  2.145000E+03  7.097264E-01
  2.145500E+03  8.088667E-01
  2.146000E+03  7.950305E-01
  2.146500E+03  6.871056E-01
  2.147000E+03  5.201130E-01
  2.147500E+03  3.348272E-01
  2.148000E+03  1.659345E-01
  2.148500E+03  3.106747E-02
  2.149000E+03 -7.463795E-02
  2.149500E+03 -1.739318E-01
  2.150000E+03 -2.928999E-01
  2.150500E+03 -4.434477E-01
  2.151000E+03 -6.133566E-01
  2.151500E+03 -7.706941E-01
  2.152000E+03 -8.799000E-01
  2.152500E+03 -9.185367E-01
  2.153000E+03 -8.833489E-01
  2.153500E+03 -7.828982E-01
  2.154000E+03 -6.251424E-01
  2.154500E+03 -4.126963E-01
  2.155000E+03 -1.517665E-01
  2.155500E+03  1.323772E-01
  2.156000E+03  3.892098E-01
  2.156500E+03  5.576527E-01
  2.157000E+03  5.976294E-01
  2.157500E+03  5.186493E-01
  2.158000E+03  3.828386E-01
  2.158500E+03  2.745457E-01
  2.159000E+03  2.519779E-01
  2.159500E+03  3.115522E-01
  2.160000E+03  3.903651E-01
  2.160500E+03  4.081394E-01
  2.161000E+03  3.229624E-01
  2.161500E+03  1.641643E-01
  2.162000E+03  1.940131E-02
  2.162500E+03 -1.716670E-02
  2.163000E+03  9.708386E-02
  2.163500E+03  3.257701E-01
  2.164000E+03  5.731313E-01
  2.164500E+03  7.367691E-01
  2.165000E+03  7.595064E-01
  2.165500E+03  6.496802E-01
  2.166000E+03  4.620729E-01
  2.166500E+03  2.573296E-01
  2.167000E+03  6.869597E-02
  2.167500E+03 -1.046012E-01
  2.168000E+03 -2.790985E-01
  2.168500E+03 -4.623764E-01
  2.169000E+03 -6.413792E-01
  2.169500E+03 -7.901894E-01
  2.170000E+03 -8.879142E-01
  2.170500E+03 -9.310397E-01
  2.171000E+03 -9.313297E-01
  2.171500E+03 -9.032594E-01
  2.172000E+03 -8.530861E-01
  2.172500E+03 -7.788237E-01
  2.173000E+03 -6.797878E-01
  2.173500E+03 -5.654128E-01
  2.174000E+03 -4.533659E-01
  2.174500E+03 -3.563397E-01
  2.175000E+03 -2.675137E-01
  2.175500E+03 -1.576605E-01
  2.176000E+03  1.061685E-02
  2.176500E+03  2.585386E-01
  2.177000E+03  5.718340E-01
  2.177500E+03  8.992095E-01
  2.178000E+03  1.170218E+00
  2.178500E+03  1.322327E+00
  2.179000E+03  1.322598E+00
  2.179500E+03  1.174629E+00
  2.180000E+03  9.115807E-01
  2.180500E+03  5.833490E-01
  2.181000E+03  2.458853E-01
  2.181500E+03 -4.523092E-02
  2.182000E+03 -2.406031E-01
  2.182500E+03 -3.063760E-01
  2.183000E+03 -2.363671E-01
  2.183500E+03 -6.035298E-02
  2.184000E+03  1.593959E-01
  2.184500E+03  3.460419E-01
  2.185000E+03  4.347399E-01
  2.185500E+03  3.959646E-01
  2.186000E+03  2.444165E-01
  2.186500E+03  2.943743E-02
  2.187000E+03 -1.879373E-01
  2.187500E+03 -3.601443E-01
  2.188000E+03 -4.693340E-01
  2.188500E+03 -5.287525E-01
  2.189000E+03 -5.704303E-01
  2.189500E+03 -6.259190E-01
  2.190000E+03 -7.089453E-01
  2.190500E+03 -8.073412E-01
  2.191000E+03 -8.874226E-01
  2.191500E+03 -9.086216E-01
  2.192000E+03 -8.415685E-01
  2.192500E+03 -6.810380E-01
  2.193000E+03 -4.475413E-01
  2.193500E+03 -1.772439E-01
  2.194000E+03  9.363799E-02
  2.194500E+03  3.407072E-01
  2.195000E+03  5.529057E-01
  2.195500E+03  7.241700E-01
  2.196000E+03  8.426910E-01
  2.196500E+03  8.871513E-01
  2.197000E+03  8.344557E-01
  2.197500E+03  6.749922E-01
  2.198000E+03  4.253644E-01
  2.198500E+03  1.293781E-01
  2.199000E+03 -1.545523E-01
  2.199500E+03 -3.726920E-01
  2.200000E+03 -4.912612E-01
  2.200500E+03 -5.006389E-01
  2.201000E+03 -4.095196E-01
  2.201500E+03 -2.362954E-01
  2.202000E+03 -4.758493E-03
  2.202500E+03  2.547234E-01
  2.203000E+03  5.037606E-01
  2.203500E+03  7.005881E-01
  2.204000E+03  8.118889E-01
  2.204500E+03  8.254809E-01
  2.205000E+03  7.545082E-01
  2.205500E+03  6.283759E-01
  2.206000E+03  4.750309E-01
  2.206500E+03  3.062176E-01
  2.207000E+03  1.161489E-01
  2.207500E+03 -1.051838E-01
  2.208000E+03 -3.536244E-01
  2.208500E+03 -6.012686E-01
  2.209000E+03 -8.038745E-01
  2.209500E+03 -9.216079E-01
  2.210000E+03 -9.398949E-01
  2.210500E+03 -8.767372E-01
  2.211000E+03 -7.717753E-01
  2.211500E+03 -6.642431E-01
  2.212000E+03 -5.734943E-01
  2.212500E+03 -4.930125E-01
  2.213000E+03 -3.995039E-01
  2.213500E+03 -2.697794E-01
  2.214000E+03 -9.533992E-02
  2.214500E+03  1.116367E-01
  2.215000E+03  3.211037E-01
  2.215500E+03  4.933931E-01
  2.216000E+03  5.899949E-01
  2.216500E+03  5.857760E-01
  2.217000E+03  4.812004E-01
  2.217500E+03  3.100276E-01
  2.218000E+03  1.355664E-01
  2.218500E+03  3.124593E-02
  2.219000E+03  4.982257E-02
  2.219500E+03  1.951604E-01
  2.220000E+03  4.136026E-01
  2.220500E+03  6.140018E-01
  2.221000E+03  7.095493E-01
  2.221500E+03  6.602563E-01
  2.222000E+03  4.922530E-01
  2.222500E+03  2.820678E-01
  2.223000E+03  1.140904E-01
  2.223500E+03  3.514835E-02
  2.224000E+03  3.160590E-02
  2.224500E+03  4.080507E-02
  2.225000E+03 -1.127335E-02
  2.225500E+03 -1.682507E-01
  2.226000E+03 -4.198874E-01
  2.226500E+03 -7.071214E-01
  2.227000E+03 -9.497343E-01
  2.227500E+03 -1.080387E+00
  2.228000E+03 -1.068679E+00
  2.228500E+03 -9.268450E-01
  2.229000E+03 -6.986074E-01
  2.229500E+03 -4.391197E-01
  2.230000E+03 -1.952750E-01
  2.230500E+03  6.710922E-03
  2.231000E+03  1.632645E-01
  2.231500E+03  2.856915E-01
  2.232000E+03  3.870918E-01
  2.232500E+03  4.709175E-01
  2.233000E+03  5.278637E-01
  2.233500E+03  5.435036E-01
  2.234000E+03  5.122151E-01
  2.234500E+03  4.477151E-01
  2.235000E+03  3.813245E-01
  2.235500E+03  3.467393E-01
  2.236000E+03  3.600704E-01
  2.236500E+03  4.088743E-01
  2.237000E+03  4.591301E-01
  2.237500E+03  4.768512E-01
  2.238000E+03  4.497867E-01
  2.238500E+03  3.933231E-01
  2.239000E+03  3.354229E-01
  2.239500E+03  2.911569E-01
  2.240000E+03  2.463465E-01
  2.240500E+03  1.643722E-01
  2.241000E+03  1.323524E-02
  2.241500E+03 -2.063411E-01
  2.242000E+03 -4.538226E-01
  2.242500E+03 -6.707938E-01
  2.243000E+03 -8.183239E-01
  2.243500E+03 -9.029980E-01
  2.244000E+03 -9.708300E-01
  2.244500E+03 -1.070428E+00
  2.245000E+03 -1.209698E+00
  2.245500E+03 -1.337119E+00
  2.246000E+03 -1.363272E+00
  2.246500E+03 -1.211026E+00
  2.247000E+03 -8.625999E-01
  2.247500E+03 -3.732992E-01
  2.248000E+03  1.560371E-01
  2.248500E+03  6.285090E-01
  2.249000E+03  9.901906E-01
  2.249500E+03  1.236276E+00
  2.250000E+03  1.386700E+00
  2.250500E+03  1.454700E+00
  2.251000E+03  1.433992E+00
  2.251500E+03  1.312879E+00
  2.252000E+03  1.100712E+00
  2.252500E+03  8.416347E-01
  2.253000E+03  6.003172E-01
  2.253500E+03  4.269318E-01
  2.254000E+03  3.262669E-01
  2.254500E+03  2.549142E-01
  2.255000E+03  1.510639E-01
  2.255500E+03 -2.214854E-02
  2.256000E+03 -2.491831E-01
  2.256500E+03 -4.694226E-01
  2.257000E+03 -6.143368E-01
  2.257500E+03 -6.494547E-01
  2.258000E+03 -5.937511E-01
  2.258500E+03 -5.053001E-01
  2.259000E+03 -4.446971E-01
  2.259500E+03 -4.409475E-01
  2.260000E+03 -4.801955E-01
  2.260500E+03 -5.206342E-01
  2.261000E+03 -5.202701E-01
  2.261500E+03 -4.590465E-01
  2.262000E+03 -3.446658E-01
  2.262500E+03 -2.043056E-01
  2.263000E+03 -7.209029E-02
  2.263500E+03  1.971692E-02
  2.264000E+03  4.530637E-02
  2.264500E+03 -9.737756E-03
  2.265000E+03 -1.406020E-01
  2.265500E+03 -3.165645E-01
  2.266000E+03 -4.835637E-01
  2.266500E+03 -5.804211E-01
  2.267000E+03 -5.634214E-01
  2.267500E+03 -4.258450E-01
  2.268000E+03 -1.998444E-01
  2.268500E+03  6.150751E-02
  2.269000E+03  3.111086E-01
  2.269500E+03  5.267038E-01
  2.270000E+03  7.105281E-01
  2.270500E+03  8.721093E-01
  2.271000E+03  1.008282E+00
  2.271500E+03  1.095789E+00
  2.272000E+03  1.102131E+00
  2.272500E+03  1.006964E+00
  2.273000E+03  8.189605E-01
  2.273500E+03  5.766559E-01
  2.274000E+03  3.329108E-01
  2.274500E+03  1.330202E-01
  2.275000E+03 -9.809603E-04
  2.275500E+03 -7.312404E-02
  2.276000E+03 -1.055406E-01
  2.276500E+03 -1.269253E-01
  2.277000E+03 -1.633784E-01
  2.277500E+03 -2.328443E-01
  2.278000E+03 -3.412248E-01
  2.278500E+03 -4.792986E-01
  2.279000E+03 -6.227965E-01
  2.279500E+03 -7.389732E-01
  2.280000E+03 -7.994667E-01
  2.280500E+03 -7.935053E-01
  2.281000E+03 -7.328901E-01
  2.281500E+03 -6.441513E-01
  2.282000E+03 -5.519544E-01
  2.282500E+03 -4.647674E-01
  2.283000E+03 -3.730334E-01
  2.283500E+03 -2.612828E-01
  2.284000E+03 -1.250041E-01
  2.284500E+03  2.102980E-02
  2.285000E+03  1.501484E-01
  2.285500E+03  2.418532E-01
  2.286000E+03  2.966132E-01
  2.286500E+03  3.351009E-01
  2.287000E+03  3.811917E-01
  2.287500E+03  4.409850E-01
  2.288000E+03  4.942174E-01
  2.288500E+03  5.059684E-01
  2.289000E+03  4.514280E-01
  2.289500E+03  3.361032E-01
  2.290000E+03  1.964167E-01
  2.290500E+03  7.970087E-02
  2.291000E+03  1.774026E-02
  2.291500E+03  1.271082E-02
  2.292000E+03  4.480637E-02
  2.292500E+03  9.408568E-02
  2.293000E+03  1.579348E-01
  2.293500E+03  2.488385E-01
  2.294000E+03  3.728412E-01
  2.294500E+03  5.054765E-01
  2.295000E+03  5.863736E-01
  2.295500E+03  5.421002E-01
  2.296000E+03  3.268494E-01
  2.296500E+03 -4.352519E-02
  2.297000E+03 -4.865901E-01
  2.297500E+03 -8.828570E-01
  2.298000E+03 -1.124360E+00
  2.298500E+03 -1.156289E+00
  2.299000E+03 -9.914537E-01
  2.299500E+03 -6.945192E-01
  2.300000E+03 -3.493970E-01
  2.300500E+03 -2.886155E-02
  2.301000E+03  2.211957E-01
  2.301500E+03  3.824261E-01
  2.302000E+03  4.571840E-01
  2.302500E+03  4.615027E-01
  2.303000E+03  4.195822E-01
  2.303500E+03  3.572004E-01
  2.304000E+03  2.927305E-01
  2.304500E+03  2.294454E-01
  2.305000E+03  1.556909E-01
  2.305500E+03  5.602064E-02
  2.306000E+03 -7.188669E-02
  2.306500E+03 -2.061426E-01
  2.307000E+03 -3.053443E-01
  2.307500E+03 -3.289570E-01
  2.308000E+03 -2.615976E-01
  2.308500E+03 -1.250208E-01
  2.309000E+03  3.133038E-02
  2.309500E+03  1.561248E-01
  2.310000E+03  2.218292E-01
  2.310500E+03  2.337085E-01
  2.311000E+03  2.171292E-01
  2.311500E+03  1.932455E-01
  2.312000E+03  1.609595E-01
  2.312500E+03  9.807813E-02
  2.313000E+03 -1.939796E-02
  2.313500E+03 -1.937297E-01
  2.314000E+03 -3.941731E-01
  2.314500E+03 -5.656744E-01
  2.315000E+03 -6.517948E-01
  2.315500E+03 -6.178053E-01
  2.316000E+03 -4.618167E-01
  2.316500E+03 -2.112293E-01
  2.317000E+03  8.917397E-02
  2.317500E+03  3.889611E-01
  2.318000E+03  6.398518E-01
  2.318500E+03  8.019233E-01
  2.319000E+03  8.518034E-01
  2.319500E+03  7.916903E-01
  2.320000E+03  6.522422E-01
  2.320500E+03  4.822677E-01
  2.321000E+03  3.259510E-01
  2.321500E+03  1.990966E-01
  2.322000E+03  8.062821E-02
  2.322500E+03 -7.139002E-02
  2.323000E+03 -2.857360E-01
  2.323500E+03 -5.466804E-01
  2.324000E+03 -7.875825E-01
  2.324500E+03 -9.178490E-01
  2.325000E+03 -8.703877E-01
  2.325500E+03 -6.420673E-01
  2.326000E+03 -3.021608E-01
  2.326500E+03  3.753281E-02
  2.327000E+03  2.741556E-01
  2.327500E+03  3.577079E-01
  2.328000E+03  3.042849E-01
  2.328500E+03  1.752623E-01
  2.329000E+03  3.907028E-02
  2.329500E+03 -6.037538E-02
  2.330000E+03 -1.130754E-01
  2.330500E+03 -1.315508E-01
  2.331000E+03 -1.326869E-01
  2.331500E+03 -1.272037E-01
  2.332000E+03 -1.209043E-01
  2.332500E+03 -1.204728E-01
  2.333000E+03 -1.334360E-01
  2.333500E+03 -1.590013E-01
  2.334000E+03 -1.772725E-01
  2.334500E+03 -1.491565E-01
  2.335000E+03 -3.318797E-02
  2.335500E+03  1.875302E-01
  2.336000E+03  4.850893E-01
  2.336500E+03  7.886899E-01
  2.337000E+03  1.011224E+00
  2.337500E+03  1.087023E+00
  2.338000E+03  9.993908E-01
  2.338500E+03  7.824942E-01
  2.339000E+03  4.981621E-01
  2.339500E+03  2.032891E-01
  2.340000E+03 -7.215844E-02
  2.340500E+03 -3.253698E-01
  2.341000E+03 -5.632497E-01
  2.341500E+03 -7.823925E-01
  2.342000E+03 -9.612541E-01
  2.342500E+03 -1.069003E+00
  2.343000E+03 -1.083301E+00
  2.343500E+03 -1.003776E+00
  2.344000E+03 -8.523164E-01
  2.344500E+03 -6.613957E-01
  2.345000E+03 -4.596306E-01
  2.345500E+03 -2.641850E-01
  2.346000E+03 -8.305637E-02
  2.346500E+03  7.760751E-02
  2.347000E+03  2.091386E-01
  2.347500E+03  3.033127E-01
  2.348000E+03  3.600944E-01
  2.348500E+03  3.930015E-01
  2.349000E+03  4.262181E-01
  2.349500E+03  4.836250E-01
  2.350000E+03  5.760117E-01
  2.350500E+03  6.943670E-01
  2.351000E+03  8.133025E-01
  2.351500E+03  9.023308E-01
  2.352000E+03  9.383497E-01
  2.352500E+03  9.129010E-01
  2.353000E+03  8.317215E-01
  2.353500E+03  7.085817E-01
  2.354000E+03  5.575614E-01
  2.354500E+03  3.871791E-01
  2.355000E+03  1.977930E-01
  2.355500E+03 -1.764067E-02
  2.356000E+03 -2.695404E-01
  2.356500E+03 -5.646005E-01
  2.357000E+03 -8.970553E-01
  2.357500E+03 -1.241845E+00
  2.358000E+03 -1.554298E+00
  2.358500E+03 -1.779106E+00
  2.359000E+03 -1.866747E+00
  2.359500E+03 -1.790657E+00
  2.360000E+03 -1.556903E+00
  2.360500E+03 -1.201482E+00
  2.361000E+03 -7.768784E-01
  2.361500E+03 -3.350890E-01
  2.362000E+03  8.475766E-02
  2.362500E+03  4.600986E-01
  2.363000E+03  7.816818E-01
  2.363500E+03  1.048415E+00
  2.364000E+03  1.264114E+00
  2.364500E+03  1.435868E+00
  2.365000E+03  1.570848E+00
  2.365500E+03  1.669697E+00
  2.366000E+03  1.719148E+00
  2.366500E+03  1.690274E+00
  2.367000E+03  1.547485E+00
  2.367500E+03  1.266822E+00
  2.368000E+03  8.544373E-01
  2.368500E+03  3.534225E-01
  2.369000E+03 -1.673656E-01
  2.369500E+03 -6.379929E-01
  2.370000E+03 -1.012010E+00
  2.370500E+03 -1.276621E+00
  2.371000E+03 -1.443245E+00
  2.371500E+03 -1.526210E+00
  2.372000E+03 -1.525336E+00
  2.372500E+03 -1.425282E+00
  2.373000E+03 -1.212453E+00
  2.373500E+03 -8.972148E-01
  2.374000E+03 -5.243976E-01
  2.374500E+03 -1.622183E-01
  2.375000E+03  1.257568E-01
  2.375500E+03  3.090449E-01
  2.376000E+03  4.013542E-01
  2.376500E+03  4.472110E-01
  2.377000E+03  4.922815E-01
  2.377500E+03  5.555545E-01
  2.378000E+03  6.198805E-01
  2.378500E+03  6.455219E-01
  2.379000E+03  5.973088E-01
  2.379500E+03  4.685702E-01
  2.380000E+03  2.881737E-01
  2.380500E+03  1.077851E-01
  2.381000E+03 -2.240793E-02
  2.381500E+03 -7.617202E-02
  2.382000E+03 -6.128399E-02
  2.382500E+03 -1.398522E-02
  2.383000E+03  1.810284E-02
  2.383500E+03 -3.199132E-03
  2.384000E+03 -8.985297E-02
  2.384500E+03 -2.205416E-01
  2.385000E+03 -3.461692E-01
  2.385500E+03 -4.073630E-01
  2.386000E+03 -3.591103E-01
  2.386500E+03 -1.933852E-01
  2.387000E+03  5.104606E-02
  2.387500E+03  2.988700E-01
  2.388000E+03  4.669207E-01
  2.388500E+03  4.995342E-01
  2.389000E+03  3.933565E-01
  2.389500E+03  1.981495E-01
  2.390000E+03 -7.815651E-03
  2.390500E+03 -1.553007E-01
  2.391000E+03 -2.147015E-01
  2.391500E+03 -2.037995E-01
  2.392000E+03 -1.699896E-01
  2.392500E+03 -1.588538E-01
  2.393000E+03 -1.879568E-01
  2.393500E+03 -2.402154E-01
  2.394000E+03 -2.784653E-01
  2.394500E+03 -2.702052E-01
  2.395000E+03 -2.066852E-01
  2.395500E+03 -1.057656E-01
  2.396000E+03  9.574305E-04
  2.396500E+03  8.687351E-02
  2.397000E+03  1.429388E-01
  2.397500E+03  1.776147E-01
  2.398000E+03  2.062404E-01
  2.398500E+03  2.378123E-01
  2.399000E+03  2.672715E-01
  2.399500E+03  2.768831E-01
  2.400000E+03  2.448943E-01
  2.400500E+03  1.567131E-01
  2.401000E+03  1.407393E-02
  2.401500E+03 -1.605688E-01
  2.402000E+03 -3.257975E-01
  2.402500E+03 -4.299120E-01
  2.403000E+03 -4.261880E-01
  2.403500E+03 -2.915527E-01
  2.404000E+03 -4.175451E-02
  2.404500E+03  2.657077E-01
  2.405000E+03  5.465238E-01
  2.405500E+03  7.197832E-01
  2.406000E+03  7.413257E-01
  2.406500E+03  6.233886E-01
  2.407000E+03  4.282233E-01
  2.407500E+03  2.362388E-01
  2.408000E+03  1.038498E-01
  2.408500E+03  3.371064E-02
  2.409000E+03 -2.513136E-02
  2.409500E+03 -1.456293E-01
  2.410000E+03 -3.762213E-01
  2.410500E+03 -7.053739E-01
  2.411000E+03 -1.057798E+00
  2.411500E+03 -1.325426E+00
  2.412000E+03 -1.416667E+00
  2.412500E+03 -1.297348E+00
  2.413000E+03 -1.002151E+00
  2.413500E+03 -6.126852E-01
  2.414000E+03 -2.170382E-01
  2.414500E+03  1.255561E-01
  2.415000E+03  3.971066E-01
  2.415500E+03  6.083736E-01
  2.416000E+03  7.748265E-01
  2.416500E+03  8.993789E-01
  2.417000E+03  9.725491E-01
  2.417500E+03  9.865262E-01
  2.418000E+03  9.492536E-01
  2.418500E+03  8.852782E-01
  2.419000E+03  8.209414E-01
  2.419500E+03  7.643609E-01
  2.420000E+03  6.959621E-01
  2.420500E+03  5.788842E-01
  2.421000E+03  3.846978E-01
  2.421500E+03  1.183388E-01
  2.422000E+03 -1.746633E-01
  2.422500E+03 -4.247856E-01
  2.423000E+03 -5.699005E-01
  2.423500E+03 -5.832193E-01
  2.424000E+03 -4.824465E-01
  2.424500E+03 -3.173635E-01
  2.425000E+03 -1.462708E-01
  2.425500E+03 -1.650172E-02
  2.426000E+03  4.198077E-02
  2.426500E+03  1.248576E-02
  2.427000E+03 -1.127484E-01
  2.427500E+03 -3.289735E-01
  2.428000E+03 -6.090263E-01
  2.428500E+03 -8.977419E-01
  2.429000E+03 -1.121534E+00
  2.429500E+03 -1.214068E+00
  2.430000E+03 -1.145864E+00
  2.430500E+03 -9.396106E-01
  2.431000E+03 -6.596212E-01
  2.431500E+03 -3.796865E-01
  2.432000E+03 -1.477673E-01
  2.432500E+03  3.157144E-02
  2.433000E+03  1.876184E-01
  2.433500E+03  3.552015E-01
  2.434000E+03  5.475681E-01
  2.434500E+03  7.480169E-01
  2.435000E+03  9.235020E-01
  2.435500E+03  1.047755E+00
  2.436000E+03  1.115739E+00
  2.436500E+03  1.139200E+00
  2.437000E+03  1.128352E+00
  2.437500E+03  1.075643E+00
  2.438000E+03  9.560271E-01
  2.438500E+03  7.454807E-01
  2.439000E+03  4.452331E-01
  2.439500E+03  9.402620E-02
  2.440000E+03 -2.416003E-01
  2.440500E+03 -4.941832E-01
  2.441000E+03 -6.232998E-01
  2.441500E+03 -6.285949E-01
  2.442000E+03 -5.424420E-01
  2.442500E+03 -4.098183E-01
  2.443000E+03 -2.692411E-01
  2.443500E+03 -1.447377E-01
  2.444000E+03 -4.907318E-02
  2.444500E+03  9.181657E-03
  2.445000E+03  2.245176E-02
  2.445500E+03 -1.330205E-02
  2.446000E+03 -9.447040E-02
  2.446500E+03 -2.092406E-01
  2.447000E+03 -3.414453E-01
  2.447500E+03 -4.748098E-01
  2.448000E+03 -5.932257E-01
  2.448500E+03 -6.774446E-01
  2.449000E+03 -7.039189E-01
  2.449500E+03 -6.516615E-01
  2.450000E+03 -5.164288E-01
  2.450500E+03 -3.230760E-01
  2.451000E+03 -1.242528E-01
  2.451500E+03  1.926606E-02
  2.452000E+03  6.823662E-02
  2.452500E+03  2.679652E-02
  2.453000E+03 -5.878950E-02
  2.453500E+03 -1.255527E-01
  2.454000E+03 -1.279294E-01
  2.454500E+03 -5.846094E-02
  2.455000E+03  5.797024E-02
  2.455500E+03  1.905172E-01
  2.456000E+03  3.284156E-01
  2.456500E+03  4.860389E-01
  2.457000E+03  6.823978E-01
  2.457500E+03  9.108485E-01
  2.458000E+03  1.123929E+00
  2.458500E+03  1.248629E+00
  2.459000E+03  1.225339E+00
  2.459500E+03  1.045205E+00
  2.460000E+03  7.597251E-01
  2.460500E+03  4.544804E-01
  2.461000E+03  2.033310E-01
  2.461500E+03  3.267087E-02
  2.462000E+03 -8.217062E-02
  2.462500E+03 -1.889720E-01
  2.463000E+03 -3.210179E-01
  2.463500E+03 -4.764359E-01
  2.464000E+03 -6.264024E-01
  2.464500E+03 -7.418567E-01
  2.465000E+03 -8.154407E-01
  2.465500E+03 -8.612294E-01
  2.466000E+03 -8.941702E-01
  2.466500E+03 -9.083898E-01
  2.467000E+03 -8.748485E-01
  2.467500E+03 -7.630229E-01
  2.468000E+03 -5.708089E-01
  2.468500E+03 -3.380992E-01
  2.469000E+03 -1.301501E-01
  2.469500E+03  4.822900E-04
  2.470000E+03  4.710324E-02
  2.470500E+03  5.226046E-02
  2.471000E+03  7.685420E-02
  2.471500E+03  1.553660E-01
  2.472000E+03  2.686807E-01
  2.472500E+03  3.546689E-01
  2.473000E+03  3.506298E-01
  2.473500E+03  2.392852E-01
  2.474000E+03  6.714545E-02
  2.474500E+03 -7.736658E-02
  2.475000E+03 -1.118768E-01
  2.475500E+03 -3.584798E-03
  2.476000E+03  2.175058E-01
  2.476500E+03  4.802761E-01
  2.477000E+03  7.115419E-01
  2.477500E+03  8.668053E-01
  2.478000E+03  9.369306E-01
  2.478500E+03  9.337483E-01
  2.479000E+03  8.708986E-01
  2.479500E+03  7.553426E-01
  2.480000E+03  5.926670E-01
  2.480500E+03  3.966917E-01
  2.481000E+03  1.910976E-01
  2.481500E+03 -7.853934E-04
  2.482000E+03 -1.701229E-01
  2.482500E+03 -3.279248E-01
  2.483000E+03 -4.952209E-01
  2.483500E+03 -6.840888E-01
  2.484000E+03 -8.837561E-01
  2.484500E+03 -1.062992E+00
  2.485000E+03 -1.187729E+00
  2.485500E+03 -1.240818E+00
  2.486000E+03 -1.228643E+00
  2.486500E+03 -1.169170E+00
  2.487000E+03 -1.070681E+00
  2.487500E+03 -9.186466E-01
  2.488000E+03 -6.833285E-01
  2.488500E+03 -3.455761E-01
  2.489000E+03  7.615246E-02
  2.489500E+03  5.177349E-01
  2.490000E+03  8.894765E-01
  2.490500E+03  1.115435E+00
  2.491000E+03  1.169963E+00
  2.491500E+03  1.090097E+00
  2.492000E+03  9.563594E-01
  2.492500E+03  8.527145E-01
  2.493000E+03  8.275565E-01
  2.493500E+03  8.754765E-01
  2.494000E+03  9.466231E-01
  2.494500E+03  9.753357E-01
  2.495000E+03  9.112392E-01
  2.495500E+03  7.378148E-01
  2.496000E+03  4.727223E-01
  2.496500E+03  1.543201E-01
  2.497000E+03 -1.757481E-01
  2.497500E+03 -4.850467E-01
  2.498000E+03 -7.542237E-01
  2.498500E+03 -9.739632E-01
  2.499000E+03 -1.139442E+00
  2.499500E+03 -1.246262E+00
  2.500000E+03 -1.289495E+00
  2.500500E+03 -1.265153E+00
  2.501000E+03 -1.172310E+00
  2.501500E+03 -1.014474E+00
  2.502000E+03 -7.999788E-01
  2.502500E+03 -5.422135E-01
  2.503000E+03 -2.604723E-01
  2.503500E+03  1.891475E-02
  2.504000E+03  2.631474E-01
  2.504500E+03  4.377947E-01
  2.505000E+03  5.169029E-01
  2.505500E+03  4.957203E-01
  2.506000E+03  3.996809E-01
  2.506500E+03  2.824613E-01
  2.507000E+03  2.098524E-01
  2.507500E+03  2.337774E-01
  2.508000E+03  3.679072E-01
  2.508500E+03  5.780251E-01
  2.509000E+03  7.942469E-01
  2.509500E+03  9.408988E-01
  2.510000E+03  9.696859E-01
  2.510500E+03  8.792210E-01
  2.511000E+03  7.111608E-01
  2.511500E+03  5.261480E-01
  2.512000E+03  3.736449E-01
  2.512500E+03  2.719523E-01
  2.513000E+03  2.072327E-01
  2.513500E+03  1.484448E-01
  2.514000E+03  6.659622E-02
  2.514500E+03 -5.330057E-02
  2.515000E+03 -2.117603E-01
  2.515500E+03 -4.012172E-01
  2.516000E+03 -6.109033E-01
  2.516500E+03 -8.253660E-01
  2.517000E+03 -1.019146E+00
  2.517500E+03 -1.155129E+00
  2.518000E+03 -1.192549E+00
  2.518500E+03 -1.103512E+00
  2.519000E+03 -8.896125E-01
  2.519500E+03 -5.882736E-01
  2.520000E+03 -2.635278E-01
  2.520500E+03  1.528161E-02
  2.521000E+03  1.968279E-01
  2.521500E+03  2.627392E-01
  2.522000E+03  2.291294E-01
  2.522500E+03  1.367000E-01
  2.523000E+03  3.552326E-02
  2.523500E+03 -2.969314E-02
  2.524000E+03 -3.086031E-02
  2.524500E+03  3.664703E-02
  2.525000E+03  1.526292E-01
  2.525500E+03  2.781573E-01
  2.526000E+03  3.699810E-01
  2.526500E+03  3.998685E-01
  2.527000E+03  3.704533E-01
  2.527500E+03  3.176990E-01
  2.528000E+03  2.951756E-01
  2.528500E+03  3.454476E-01
  2.529000E+03  4.731102E-01
  2.529500E+03  6.357347E-01
  2.530000E+03  7.605957E-01
  2.530500E+03  7.804921E-01
  2.531000E+03  6.698241E-01
  2.531500E+03  4.602811E-01
  2.532000E+03  2.259986E-01
  2.532500E+03  4.522613E-02
  2.533000E+03 -4.065649E-02
  2.533500E+03 -4.786969E-02
  2.534000E+03 -3.894433E-02
  2.534500E+03 -8.564089E-02
  2.535000E+03 -2.267902E-01
  2.535500E+03 -4.444904E-01
  2.536000E+03 -6.716702E-01
  2.536500E+03 -8.265367E-01
  2.537000E+03 -8.547648E-01
  2.537500E+03 -7.564737E-01
  2.538000E+03 -5.838949E-01
  2.538500E+03 -4.119804E-01
  2.539000E+03 -2.988997E-01
  2.539500E+03 -2.584207E-01
  2.540000E+03 -2.589458E-01
  2.540500E+03 -2.486260E-01
  2.541000E+03 -1.911016E-01
  2.541500E+03 -9.038930E-02
  2.542000E+03  1.021958E-02
  2.542500E+03  5.511170E-02
  2.543000E+03  1.344949E-02
  2.543500E+03 -9.602232E-02
  2.544000E+03 -2.084968E-01
  2.544500E+03 -2.447241E-01
  2.545000E+03 -1.536680E-01
  2.545500E+03  5.820635E-02
  2.546000E+03  3.284707E-01
  2.546500E+03  5.709340E-01
  2.547000E+03  7.202710E-01
  2.547500E+03  7.632250E-01
  2.548000E+03  7.382580E-01
  2.548500E+03  7.043171E-01
  2.549000E+03  6.981113E-01
  2.549500E+03  7.065696E-01
  2.550000E+03  6.723375E-01
  2.550500E+03  5.302917E-01
  2.551000E+03  2.539221E-01
  2.551500E+03 -1.164265E-01
  2.552000E+03 -4.817733E-01
  2.552500E+03 -7.267985E-01
  2.553000E+03 -7.741943E-01
  2.553500E+03 -6.218845E-01
  2.554000E+03 -3.432977E-01
  2.554500E+03 -5.122052E-02
  2.555000E+03  1.547016E-01
  2.555500E+03  2.289970E-01
  2.556000E+03  1.900524E-01
  2.556500E+03  9.696102E-02
  2.557000E+03  9.928092E-03
  2.557500E+03 -4.213585E-02
  2.558000E+03 -6.999788E-02
  2.558500E+03 -1.074395E-01
  2.559000E+03 -1.833009E-01
  2.559500E+03 -3.009336E-01
  2.560000E+03 -4.366823E-01
  2.560500E+03 -5.553567E-01
  2.561000E+03 -6.297721E-01
  2.561500E+03 -6.503688E-01
  2.562000E+03 -6.197960E-01
  2.562500E+03 -5.394449E-01
  2.563000E+03 -4.012875E-01
  2.563500E+03 -1.942054E-01
  2.564000E+03  7.795957E-02
  2.564500E+03  3.804008E-01
  2.565000E+03  6.486201E-01
  2.565500E+03  8.119363E-01
  2.566000E+03  8.284629E-01
  2.566500E+03  7.104946E-01
  2.567000E+03  5.224113E-01
  2.567500E+03  3.490512E-01
  2.568000E+03  2.513106E-01
  2.568500E+03  2.350245E-01
  2.569000E+03  2.521517E-01
  2.569500E+03  2.337763E-01
  2.570000E+03  1.347420E-01
  2.570500E+03 -3.739708E-02
  2.571000E+03 -2.263312E-01
  2.571500E+03 -3.603467E-01
  2.572000E+03 -3.936377E-01
  2.572500E+03 -3.303236E-01
  2.573000E+03 -2.180101E-01
  2.573500E+03 -1.171768E-01
  2.574000E+03 -6.673332E-02
  2.574500E+03 -6.637136E-02
  2.575000E+03 -8.401749E-02
  2.575500E+03 -8.081727E-02
  2.576000E+03 -3.689200E-02
  2.576500E+03  3.679244E-02
  2.577000E+03  1.049505E-01
  2.577500E+03  1.268440E-01
  2.578000E+03  7.668513E-02
  2.578500E+03 -4.323468E-02
  2.579000E+03 -2.003410E-01
  2.579500E+03 -3.400171E-01
  2.580000E+03 -4.020341E-01
  2.580500E+03 -3.417851E-01
  2.581000E+03 -1.505812E-01
  2.581500E+03  1.334802E-01
  2.582000E+03  4.322299E-01
  2.582500E+03  6.536495E-01
  2.583000E+03  7.289168E-01
  2.583500E+03  6.428591E-01
  2.584000E+03  4.406097E-01
  2.584500E+03  2.045727E-01
  2.585000E+03  1.262859E-02
  2.585500E+03 -9.967323E-02
  2.586000E+03 -1.517465E-01
  2.586500E+03 -1.990771E-01
  2.587000E+03 -2.953943E-01
  2.587500E+03 -4.592130E-01
  2.588000E+03 -6.636988E-01
  2.588500E+03 -8.527949E-01
  2.589000E+03 -9.701665E-01
  2.589500E+03 -9.817666E-01
  2.590000E+03 -8.806384E-01
  2.590500E+03 -6.770085E-01
  2.591000E+03 -3.865903E-01
  2.591500E+03 -2.832512E-02
  2.592000E+03  3.680881E-01
  2.592500E+03  7.551266E-01
  2.593000E+03  1.072459E+00
  2.593500E+03  1.266439E+00
  2.594000E+03  1.313907E+00
  2.594500E+03  1.234375E+00
  2.595000E+03  1.080723E+00
  2.595500E+03  9.123347E-01
  2.596000E+03  7.661997E-01
  2.596500E+03  6.424642E-01
  2.597000E+03  5.110470E-01
  2.597500E+03  3.326815E-01
  2.598000E+03  8.063567E-02
  2.598500E+03 -2.476095E-01
  2.599000E+03 -6.302223E-01
  2.599500E+03 -1.026702E+00
  2.600000E+03 -1.383786E+00
  2.600500E+03 -1.641709E+00
  2.601000E+03 -1.745388E+00
  2.601500E+03 -1.662522E+00
  2.602000E+03 -1.402315E+00
  2.602500E+03 -1.021858E+00
  2.603000E+03 -6.100218E-01
  2.603500E+03 -2.516020E-01
  2.604000E+03  1.072402E-02
  2.604500E+03  1.937980E-01
  2.605000E+03  3.581127E-01
  2.605500E+03  5.664123E-01
  2.606000E+03  8.414671E-01
  2.606500E+03  1.149003E+00
  2.607000E+03  1.415673E+00
  2.607500E+03  1.569196E+00
  2.608000E+03  1.574198E+00
  2.608500E+03  1.442045E+00
  2.609000E+03  1.212356E+00
  2.609500E+03  9.233838E-01
  2.610000E+03  5.941661E-01
  2.610500E+03  2.298241E-01
  2.611000E+03 -1.578741E-01
  2.611500E+03 -5.345479E-01
  2.612000E+03 -8.474575E-01
  2.612500E+03 -1.048912E+00
  2.613000E+03 -1.121969E+00
  2.613500E+03 -1.089075E+00
  2.614000E+03 -9.969169E-01
  2.614500E+03 -8.885484E-01
  2.615000E+03 -7.828332E-01
  2.615500E+03 -6.746610E-01
  2.616000E+03 -5.526802E-01
  2.616500E+03 -4.179204E-01
  2.617000E+03 -2.872245E-01
  2.617500E+03 -1.791784E-01
  2.618000E+03 -9.579894E-02
  2.618500E+03 -1.758967E-02
  2.619000E+03  8.130356E-02
  2.619500E+03  2.086725E-01
  2.620000E+03  3.411476E-01
  2.620500E+03  4.360507E-01
  2.621000E+03  4.625063E-01
  2.621500E+03  4.292268E-01
  2.622000E+03  3.859348E-01
  2.622500E+03  3.933108E-01
  2.623000E+03  4.802077E-01
  2.623500E+03  6.186161E-01
  2.624000E+03  7.365094E-01
  2.624500E+03  7.624690E-01
  2.625000E+03  6.724352E-01
  2.625500E+03  5.056453E-01
  2.626000E+03  3.372338E-01
  2.626500E+03  2.253136E-01
  2.627000E+03  1.691528E-01
  2.627500E+03  1.085208E-01
  2.628000E+03 -3.359042E-02
  2.628500E+03 -2.927215E-01
  2.629000E+03 -6.283919E-01
  2.629500E+03 -9.372580E-01
  2.630000E+03 -1.106715E+00
  2.630500E+03 -1.075596E+00
  2.631000E+03 -8.649373E-01
  2.631500E+03 -5.620745E-01
  2.632000E+03 -2.709966E-01
  2.632500E+03 -6.119727E-02
  2.633000E+03  5.550687E-02
  2.633500E+03  1.116061E-01
  2.634000E+03  1.490543E-01
  2.634500E+03  1.888528E-01
  2.635000E+03  2.235875E-01
  2.635500E+03  2.331568E-01
  2.636000E+03  2.082978E-01
  2.636500E+03  1.634890E-01
  2.637000E+03  1.305471E-01
  2.637500E+03  1.384108E-01
  2.638000E+03  1.932479E-01
  2.638500E+03  2.714393E-01
  2.639000E+03  3.289578E-01
  2.639500E+03  3.211243E-01
  2.640000E+03  2.223988E-01
  2.640500E+03  3.777893E-02
  2.641000E+03 -1.974320E-01
  2.641500E+03 -4.280318E-01
  2.642000E+03 -5.955146E-01
  2.642500E+03 -6.559133E-01
  2.643000E+03 -5.935070E-01
  2.643500E+03 -4.252939E-01
  2.644000E+03 -1.934477E-01
  2.644500E+03  5.216810E-02
  2.645000E+03  2.738096E-01
  2.645500E+03  4.577939E-01
  2.646000E+03  6.115942E-01
  2.646500E+03  7.473812E-01
  2.647000E+03  8.620060E-01
  2.647500E+03  9.267886E-01
  2.648000E+03  8.955829E-01
  2.648500E+03  7.287904E-01
  2.649000E+03  4.207269E-01
  2.649500E+03  1.448629E-02
  2.650000E+03 -4.055710E-01
  2.650500E+03 -7.417560E-01
  2.651000E+03 -9.186998E-01
  2.651500E+03 -9.102686E-01
  2.652000E+03 -7.462124E-01
  2.652500E+03 -4.972374E-01
  2.653000E+03 -2.468977E-01
  2.653500E+03 -6.317061E-02
  2.654000E+03  1.947659E-02
  2.654500E+03  3.110139E-03
  2.655000E+03 -8.306828E-02
  2.655500E+03 -1.978189E-01
  2.656000E+03 -3.016106E-01
  2.656500E+03 -3.647626E-01
  2.657000E+03 -3.696717E-01
  2.657500E+03 -3.097970E-01
  2.658000E+03 -1.887170E-01
  2.658500E+03 -2.078027E-02
  2.659000E+03  1.680571E-01
  2.659500E+03  3.425780E-01
  2.660000E+03  4.664389E-01
  2.660500E+03  5.150939E-01
  2.661000E+03  4.880673E-01
  2.661500E+03  4.130649E-01
  2.662000E+03  3.369918E-01
  2.662500E+03  3.056368E-01
  2.663000E+03  3.409875E-01
  2.663500E+03  4.281476E-01
  2.664000E+03  5.199772E-01
  2.664500E+03  5.583835E-01
  2.665000E+03  5.018344E-01
  2.665500E+03  3.448741E-01
  2.666000E+03  1.197146E-01
  2.666500E+03 -1.201075E-01
  2.667000E+03 -3.244380E-01
  2.667500E+03 -4.663713E-01
  2.668000E+03 -5.481061E-01
  2.668500E+03 -5.922422E-01
  2.669000E+03 -6.256246E-01
  2.669500E+03 -6.652302E-01
  2.670000E+03 -7.122711E-01
  2.670500E+03 -7.547851E-01
  2.671000E+03 -7.746175E-01
  2.671500E+03 -7.540917E-01
  2.672000E+03 -6.800420E-01
  2.672500E+03 -5.456666E-01
  2.673000E+03 -3.517135E-01
  2.673500E+03 -1.076222E-01
  2.674000E+03  1.681692E-01
  2.674500E+03  4.499569E-01
  2.675000E+03  7.088281E-01
  2.675500E+03  9.180007E-01
  2.676000E+03  1.057809E+00
  2.676500E+03  1.119097E+00
  2.677000E+03  1.104513E+00
  2.677500E+03  1.027488E+00
  2.678000E+03  9.086260E-01
  2.678500E+03  7.695322E-01
  2.679000E+03  6.254971E-01
  2.679500E+03  4.801052E-01
  2.680000E+03  3.252920E-01
  2.680500E+03  1.482193E-01
  2.681000E+03 -5.777239E-02
  2.681500E+03 -2.843612E-01
  2.682000E+03 -5.077330E-01
  2.682500E+03 -6.980002E-01
  2.683000E+03 -8.336833E-01
  2.683500E+03 -9.123051E-01
  2.684000E+03 -9.497808E-01
  2.684500E+03 -9.681787E-01
  2.685000E+03 -9.792159E-01
  2.685500E+03 -9.741835E-01
  2.686000E+03 -9.272860E-01
  2.686500E+03 -8.108925E-01
  2.687000E+03 -6.135512E-01
  2.687500E+03 -3.499184E-01
  2.688000E+03 -5.699709E-02
  2.688500E+03  2.204598E-01
  2.689000E+03  4.465191E-01
  2.689500E+03  6.037842E-01
  2.690000E+03  6.927536E-01
  2.690500E+03  7.237387E-01
  2.691000E+03  7.075729E-01
  2.691500E+03  6.501996E-01
  2.692000E+03  5.526114E-01
  2.692500E+03  4.146386E-01
  2.693000E+03  2.403537E-01
  2.693500E+03  4.346556E-02
  2.694000E+03 -1.488419E-01
  2.694500E+03 -2.962023E-01
  2.695000E+03 -3.525697E-01
  2.695500E+03 -2.817393E-01
  2.696000E+03 -7.643517E-02
  2.696500E+03  2.286346E-01
  2.697000E+03  5.597822E-01
  2.697500E+03  8.267640E-01
  2.698000E+03  9.568951E-01
  2.698500E+03  9.244647E-01
  2.699000E+03  7.593840E-01
  2.699500E+03  5.295188E-01
  2.700000E+03  3.060888E-01
  2.700500E+03  1.314014E-01
  2.701000E+03  6.363719E-03
  2.701500E+03 -9.738877E-02
  2.702000E+03 -2.110731E-01
  2.702500E+03 -3.461617E-01
  2.703000E+03 -4.893321E-01
  2.703500E+03 -6.157234E-01
  2.704000E+03 -7.089706E-01
  2.704500E+03 -7.731293E-01
  2.705000E+03 -8.287037E-01
  2.705500E+03 -8.967006E-01
  2.706000E+03 -9.823928E-01
  2.706500E+03 -1.069331E+00
  2.707000E+03 -1.126010E+00
  2.707500E+03 -1.119151E+00
  2.708000E+03 -1.024925E+00
  2.708500E+03 -8.334536E-01
  2.709000E+03 -5.483375E-01
  2.709500E+03 -1.859851E-01
  2.710000E+03  2.228942E-01
  2.710500E+03  6.324230E-01
  2.711000E+03  9.866558E-01
  2.711500E+03  1.233008E+00
  2.712000E+03  1.339755E+00
  2.712500E+03  1.308478E+00
  2.713000E+03  1.173558E+00
  2.713500E+03  9.879989E-01
  2.714000E+03  8.028986E-01
  2.714500E+03  6.511716E-01
  2.715000E+03  5.424418E-01
  2.715500E+03  4.684299E-01
  2.716000E+03  4.124747E-01
  2.716500E+03  3.568018E-01
  2.717000E+03  2.858304E-01
  2.717500E+03  1.884388E-01
  2.718000E+03  6.242584E-02
  2.718500E+03 -7.976739E-02
  2.719000E+03 -2.095278E-01
  2.719500E+03 -2.901654E-01
  2.720000E+03 -2.942302E-01
  2.720500E+03 -2.218388E-01
  2.721000E+03 -1.082668E-01
  2.721500E+03 -1.352441E-02
  2.722000E+03  2.964700E-03
  2.722500E+03 -9.017244E-02
  2.723000E+03 -2.816043E-01
  2.723500E+03 -5.234140E-01
  2.724000E+03 -7.541753E-01
  2.724500E+03 -9.260498E-01
  2.725000E+03 -1.021857E+00
  2.725500E+03 -1.054850E+00
  2.726000E+03 -1.053720E+00
  2.726500E+03 -1.042282E+00
  2.727000E+03 -1.024262E+00
  2.727500E+03 -9.796622E-01
  2.728000E+03 -8.733704E-01
  2.728500E+03 -6.719600E-01
  2.729000E+03 -3.618823E-01
  2.729500E+03  3.844218E-02
  2.730000E+03  4.786392E-01
  2.730500E+03  8.902906E-01
  2.731000E+03  1.210123E+00
  2.731500E+03  1.402018E+00
  2.732000E+03  1.466291E+00
  2.732500E+03  1.430710E+00
  2.733000E+03  1.328707E+00
  2.733500E+03  1.179204E+00
  2.734000E+03  9.824667E-01
  2.734500E+03  7.356020E-01
  2.735000E+03  4.561768E-01
  2.735500E+03  1.939135E-01
  2.736000E+03  1.631332E-02
  2.736500E+03 -2.781441E-02
  2.737000E+03  5.540954E-02
  2.737500E+03  1.957784E-01
  2.738000E+03  2.889480E-01
  2.738500E+03  2.516653E-01
  2.739000E+03  6.913455E-02
  2.739500E+03 -1.967210E-01
  2.740000E+03 -4.455900E-01
  2.740500E+03 -6.006118E-01
  2.741000E+03 -6.541963E-01
  2.741500E+03 -6.680677E-01
  2.742000E+03 -7.278711E-01
  2.742500E+03 -8.827936E-01
  2.743000E+03 -1.110107E+00
  2.743500E+03 -1.326967E+00
  2.744000E+03 -1.439694E+00
  2.744500E+03 -1.396535E+00
  2.745000E+03 -1.209907E+00
  2.745500E+03 -9.371653E-01
  2.746000E+03 -6.377012E-01
  2.746500E+03 -3.382813E-01
  2.747000E+03 -2.917430E-02
  2.747500E+03  3.106720E-01
  2.748000E+03  6.816818E-01
  2.748500E+03  1.049560E+00
  2.749000E+03  1.357938E+00
  2.749500E+03  1.556238E+00
  2.750000E+03  1.621869E+00
  2.750500E+03  1.563335E+00
  2.751000E+03  1.407252E+00
  2.751500E+03  1.183582E+00
  2.752000E+03  9.208659E-01
  2.752500E+03  6.505829E-01
  2.753000E+03  4.091926E-01
  2.753500E+03  2.280406E-01
  2.754000E+03  1.141323E-01
  2.754500E+03  3.734262E-02
  2.755000E+03 -6.033829E-02
  2.755500E+03 -2.326809E-01
  2.756000E+03 -4.923127E-01
  2.756500E+03 -7.947102E-01
  2.757000E+03 -1.057159E+00
  2.757500E+03 -1.203005E+00
  2.758000E+03 -1.203012E+00
  2.758500E+03 -1.086776E+00
  2.759000E+03 -9.180631E-01
  2.759500E+03 -7.532795E-01
  2.760000E+03 -6.132142E-01
  2.760500E+03 -4.863663E-01
  2.761000E+03 -3.568446E-01
  2.761500E+03 -2.307738E-01
  2.762000E+03 -1.373295E-01
  2.762500E+03 -1.022914E-01
  2.763000E+03 -1.160750E-01
  2.763500E+03 -1.250635E-01
  2.764000E+03 -5.841182E-02
  2.764500E+03  1.253853E-01
  2.765000E+03  4.052950E-01
  2.765500E+03  7.037518E-01
  2.766000E+03  9.302154E-01
  2.766500E+03  1.033263E+00
  2.767000E+03  1.025650E+00
  2.767500E+03  9.662203E-01
  2.768000E+03  9.134613E-01
  2.768500E+03  8.848861E-01
  2.769000E+03  8.500899E-01
  2.769500E+03  7.590163E-01
  2.770000E+03  5.812548E-01
  2.770500E+03  3.265701E-01
  2.771000E+03  3.449574E-02
  2.771500E+03 -2.535024E-01
  2.772000E+03 -5.132109E-01
  2.772500E+03 -7.325657E-01
  2.773000E+03 -8.907553E-01
  2.773500E+03 -9.468162E-01
  2.774000E+03 -8.570142E-01
  2.774500E+03 -6.149148E-01
  2.775000E+03 -2.836335E-01
  2.775500E+03  1.215040E-02
  2.776000E+03  1.413295E-01
  2.776500E+03  3.976448E-02
  2.777000E+03 -2.458818E-01
  2.777500E+03 -5.771873E-01
  2.778000E+03 -7.989590E-01
  2.778500E+03 -8.248523E-01
  2.779000E+03 -6.795760E-01
  2.779500E+03 -4.718433E-01
  2.780000E+03 -3.182245E-01
  2.780500E+03 -2.697163E-01
  2.781000E+03 -2.883077E-01
  2.781500E+03 -2.842441E-01
  2.782000E+03 -1.828620E-01
  2.782500E+03  2.755173E-02
  2.783000E+03  2.974704E-01
  2.783500E+03  5.596681E-01
  2.784000E+03  7.771756E-01
  2.784500E+03  9.584320E-01
  2.785000E+03  1.130592E+00
  2.785500E+03  1.295525E+00
  2.786000E+03  1.406404E+00
  2.786500E+03  1.386480E+00
  2.787000E+03  1.178910E+00
  2.787500E+03  7.923345E-01
  2.788000E+03  3.090852E-01
  2.788500E+03 -1.509132E-01
  2.789000E+03 -4.872249E-01
  2.789500E+03 -6.610089E-01
  2.790000E+03 -6.989066E-01
  2.790500E+03 -6.624260E-01
  2.791000E+03 -6.075054E-01
  2.791500E+03 -5.601429E-01
  2.792000E+03 -5.175860E-01
  2.792500E+03 -4.653004E-01
  2.793000E+03 -3.924517E-01
  2.793500E+03 -2.962384E-01
  2.794000E+03 -1.788100E-01
  2.794500E+03 -4.683977E-02
  2.795000E+03  8.203268E-02
  2.795500E+03  1.730898E-01
  2.796000E+03  1.808671E-01
  2.796500E+03  7.200367E-02
  2.797000E+03 -1.468056E-01
  2.797500E+03 -4.167355E-01
  2.798000E+03 -6.451625E-01
  2.798500E+03 -7.488903E-01
  2.799000E+03 -6.973343E-01
  2.799500E+03 -5.273918E-01
  2.800000E+03 -3.187760E-01
  2.800500E+03 -1.449887E-01
  2.801000E+03 -3.200969E-02
  2.801500E+03  4.845873E-02
  2.802000E+03  1.484382E-01
  2.802500E+03  2.988743E-01
  2.803000E+03  4.827312E-01
  2.803500E+03  6.442470E-01
  2.804000E+03  7.262516E-01
  2.804500E+03  7.078679E-01
  2.805000E+03  6.158972E-01
  2.805500E+03  5.032215E-01
  2.806000E+03  4.113976E-01
  2.806500E+03  3.449922E-01
  2.807000E+03  2.753383E-01
  2.807500E+03  1.694263E-01
  2.808000E+03  2.189249E-02
  2.808500E+03 -1.331576E-01
  2.809000E+03 -2.386985E-01
  2.809500E+03 -2.482054E-01
  2.810000E+03 -1.539135E-01
  2.810500E+03  7.313830E-03
  2.811000E+03  1.725313E-01
  2.811500E+03  2.832349E-01
  2.812000E+03  3.105652E-01
  2.812500E+03  2.636214E-01
  2.813000E+03  1.797600E-01
  2.813500E+03  1.038366E-01
  2.814000E+03  6.593519E-02
  2.814500E+03  6.573504E-02
  2.815000E+03  6.919204E-02
  2.815500E+03  2.045653E-02
  2.816000E+03 -1.325325E-01
  2.816500E+03 -4.072149E-01
  2.817000E+03 -7.650747E-01
  2.817500E+03 -1.114586E+00
  2.818000E+03 -1.343392E+00
  2.818500E+03 -1.368090E+00
  2.819000E+03 -1.176456E+00
  2.819500E+03 -8.369108E-01
  2.820000E+03 -4.663562E-01
  2.820500E+03 -1.718758E-01
  2.821000E+03  1.238982E-03
  2.821500E+03  8.510224E-02
  2.822000E+03  1.600600E-01
  2.822500E+03  2.997093E-01
  2.823000E+03  5.244412E-01
  2.823500E+03  7.910435E-01
  2.824000E+03  1.021766E+00
  2.824500E+03  1.151236E+00
  2.825000E+03  1.160308E+00
  2.825500E+03  1.077522E+00
  2.826000E+03  9.521122E-01
  2.826500E+03  8.205953E-01
  2.827000E+03  6.899712E-01
  2.827500E+03  5.455057E-01
  2.828000E+03  3.722290E-01
  2.828500E+03  1.708466E-01
  2.829000E+03 -4.399149E-02
  2.829500E+03 -2.590139E-01
  2.830000E+03 -4.754088E-01
  2.830500E+03 -7.056280E-01
  2.831000E+03 -9.536572E-01
  2.831500E+03 -1.193329E+00
  2.832000E+03 -1.363418E+00
  2.832500E+03 -1.388068E+00
  2.833000E+03 -1.213665E+00
  2.833500E+03 -8.409774E-01
  2.834000E+03 -3.330304E-01
  2.834500E+03  2.064498E-01
  2.835000E+03  6.718543E-01
  2.835500E+03  9.907063E-01
  2.836000E+03  1.138321E+00
  2.836500E+03  1.129363E+00
  2.837000E+03  9.969210E-01
  2.837500E+03  7.743905E-01
  2.838000E+03  4.898111E-01
  2.838500E+03  1.716588E-01
  2.839000E+03 -1.429726E-01
  2.839500E+03 -4.075179E-01
  2.840000E+03 -5.761106E-01
  2.840500E+03 -6.204919E-01
  2.841000E+03 -5.445368E-01
  2.841500E+03 -3.879343E-01
  2.842000E+03 -2.156417E-01
  2.842500E+03 -9.620537E-02
  2.843000E+03 -7.694196E-02
  2.843500E+03 -1.655759E-01
  2.844000E+03 -3.258740E-01
  2.844500E+03 -4.897899E-01
  2.845000E+03 -5.822262E-01
  2.845500E+03 -5.491140E-01
  2.846000E+03 -3.776201E-01
  2.846500E+03 -1.002926E-01
  2.847000E+03  2.180993E-01
  2.847500E+03  5.046641E-01
  2.848000E+03  7.026910E-01
  2.848500E+03  7.865290E-01
  2.849000E+03  7.630067E-01
  2.849500E+03  6.619380E-01
  2.850000E+03  5.221425E-01
  2.850500E+03  3.791420E-01
  2.851000E+03  2.576570E-01
  2.851500E+03  1.689795E-01
  2.852000E+03  1.120529E-01
  2.852500E+03  7.735981E-02
  2.853000E+03  5.286983E-02
  2.853500E+03  3.033261E-02
  2.854000E+03  8.913741E-03
  2.854500E+03 -6.509176E-03
  2.855000E+03 -1.218317E-02
  2.855500E+03 -1.323628E-02
  2.856000E+03 -2.622154E-02
  2.856500E+03 -7.283843E-02
  2.857000E+03 -1.672815E-01
  2.857500E+03 -3.051239E-01
  2.858000E+03 -4.619896E-01
  2.858500E+03 -6.043261E-01
  2.859000E+03 -7.060366E-01
  2.859500E+03 -7.598231E-01
  2.860000E+03 -7.750565E-01
  2.860500E+03 -7.634136E-01
  2.861000E+03 -7.228741E-01
  2.861500E+03 -6.328456E-01
  2.862000E+03 -4.659095E-01
  2.862500E+03 -2.096158E-01
  2.863000E+03  1.164944E-01
  2.863500E+03  4.615542E-01
  2.864000E+03  7.633249E-01
  2.864500E+03  9.759287E-01
  2.865000E+03  1.088149E+00
  2.865500E+03  1.120979E+00
  2.866000E+03  1.106715E+00
  2.866500E+03  1.063886E+00
  2.867000E+03  9.846357E-01
  2.867500E+03  8.424222E-01
  2.868000E+03  6.142757E-01
  2.868500E+03  3.026385E-01
  2.869000E+03 -5.730825E-02
  2.869500E+03 -4.091358E-01
  2.870000E+03 -6.980850E-01
  2.870500E+03 -8.919077E-01
  2.871000E+03 -9.887244E-01
  2.871500E+03 -1.009554E+00
  2.872000E+03 -9.817686E-01
  2.872500E+03 -9.234475E-01
  2.873000E+03 -8.364120E-01
  2.873500E+03 -7.100799E-01
  2.874000E+03 -5.328016E-01
  2.874500E+03 -3.043792E-01
  2.875000E+03 -4.347117E-02
  2.875500E+03  2.141068E-01
  2.876000E+03  4.263783E-01
  2.876500E+03  5.613377E-01
  2.877000E+03  6.106931E-01
  2.877500E+03  5.934579E-01
  2.878000E+03  5.458474E-01
  2.878500E+03  5.014400E-01
  2.879000E+03  4.722919E-01
  2.879500E+03  4.428037E-01
  2.880000E+03  3.815756E-01
  2.880500E+03  2.653100E-01
  2.881000E+03  1.000645E-01
  2.881500E+03 -7.472423E-02
  2.882000E+03 -2.039854E-01
  2.882500E+03 -2.470180E-01
  2.883000E+03 -2.014885E-01
  2.883500E+03 -1.060417E-01
  2.884000E+03 -1.928390E-02
  2.884500E+03  1.222244E-02
  2.885000E+03 -2.237430E-02
  2.885500E+03 -9.635307E-02
  2.886000E+03 -1.646416E-01
  2.886500E+03 -1.906428E-01
  2.887000E+03 -1.641560E-01
  2.887500E+03 -1.016730E-01
  2.888000E+03 -3.254303E-02
  2.888500E+03  1.766974E-02
  2.889000E+03  3.650823E-02
  2.889500E+03  2.424912E-02
  2.890000E+03 -1.119696E-02
  2.890500E+03 -5.781865E-02
  2.891000E+03 -9.980019E-02
  2.891500E+03 -1.183113E-01
  2.892000E+03 -9.721054E-02
  2.892500E+03 -3.312070E-02
  2.893000E+03  5.679610E-02
  2.893500E+03  1.372948E-01
  2.894000E+03  1.698082E-01
  2.894500E+03  1.324735E-01
  2.895000E+03  3.318815E-02
  2.895500E+03 -9.315724E-02
  2.896000E+03 -2.020016E-01
  2.896500E+03 -2.601677E-01
  2.897000E+03 -2.579486E-01
  2.897500E+03 -2.066674E-01
  2.898000E+03 -1.266789E-01
  2.898500E+03 -3.652922E-02
  2.899000E+03  4.926585E-02
  2.899500E+03  1.154771E-01
  2.900000E+03  1.431265E-01
  2.900500E+03  1.155351E-01
  2.901000E+03  3.196944E-02
  2.901500E+03 -8.161654E-02
  2.902000E+03 -1.762621E-01
  2.902500E+03 -2.005560E-01
  2.903000E+03 -1.275706E-01
  2.903500E+03  2.909516E-02
  2.904000E+03  2.219402E-01
  2.904500E+03  3.958592E-01
  2.905000E+03  5.174308E-01
  2.905500E+03  5.880206E-01
  2.906000E+03  6.324904E-01
  2.906500E+03  6.721654E-01
  2.907000E+03  7.015240E-01
  2.907500E+03  6.852446E-01
  2.908000E+03  5.780023E-01
  2.908500E+03  3.540020E-01
  2.909000E+03  2.729966E-02
  2.909500E+03 -3.491127E-01
  2.910000E+03 -7.034795E-01
  2.910500E+03 -9.717734E-01
  2.911000E+03 -1.116448E+00
  2.911500E+03 -1.131110E+00
  2.912000E+03 -1.034229E+00
  2.912500E+03 -8.592585E-01
  2.913000E+03 -6.460394E-01
  2.913500E+03 -4.334024E-01
  2.914000E+03 -2.510207E-01
  2.914500E+03 -1.114549E-01
  2.915000E+03 -7.342537E-03
  2.915500E+03  8.153536E-02
  2.916000E+03  1.726977E-01
  2.916500E+03  2.660749E-01
  2.917000E+03  3.413024E-01
  2.917500E+03  3.718954E-01
  2.918000E+03  3.486224E-01
  2.918500E+03  2.955235E-01
  2.919000E+03  2.644265E-01
  2.919500E+03  3.074434E-01
  2.920000E+03  4.429223E-01
  2.920500E+03  6.370752E-01
  2.921000E+03  8.151826E-01
  2.921500E+03  8.977250E-01
  2.922000E+03  8.404673E-01
  2.922500E+03  6.547355E-01
  2.923000E+03  3.968809E-01
  2.923500E+03  1.354026E-01
  2.924000E+03 -8.286173E-02
  2.924500E+03 -2.479102E-01
  2.925000E+03 -3.777750E-01
  2.925500E+03 -4.962716E-01
  2.926000E+03 -6.143610E-01
  2.926500E+03 -7.260868E-01
  2.927000E+03 -8.173650E-01
  2.927500E+03 -8.768020E-01
  2.928000E+03 -8.985633E-01
  2.928500E+03 -8.762169E-01
  2.929000E+03 -7.954481E-01
  2.929500E+03 -6.351815E-01
  2.930000E+03 -3.798541E-01
  2.930500E+03 -3.605800E-02
  2.931000E+03  3.578783E-01
  2.931500E+03  7.370481E-01
  2.932000E+03  1.028437E+00
  2.932500E+03  1.173608E+00
  2.933000E+03  1.145318E+00
  2.933500E+03  9.528071E-01
  2.934000E+03  6.369980E-01
  2.934500E+03  2.600199E-01
  2.935000E+03 -1.076587E-01
  2.935500E+03 -4.016082E-01
  2.936000E+03 -5.784385E-01
  2.936500E+03 -6.275822E-01
  2.937000E+03 -5.734585E-01
  2.937500E+03 -4.635960E-01
  2.938000E+03 -3.455062E-01
  2.938500E+03 -2.432669E-01
  2.939000E+03 -1.474439E-01
  2.939500E+03 -2.570224E-02
  2.940000E+03  1.508213E-01
  2.940500E+03  3.807392E-01
  2.941000E+03  6.218498E-01
  2.941500E+03  8.041589E-01
  2.942000E+03  8.599151E-01
  2.942500E+03  7.544139E-01
  2.943000E+03  5.017272E-01
  2.943500E+03  1.588942E-01
  2.944000E+03 -1.962811E-01
  2.944500E+03 -4.919846E-01
  2.945000E+03 -6.827721E-01
  2.945500E+03 -7.583893E-01
  2.946000E+03 -7.413735E-01
  2.946500E+03 -6.761179E-01
  2.947000E+03 -6.121466E-01
  2.947500E+03 -5.849606E-01
  2.948000E+03 -6.001354E-01
  2.948500E+03 -6.281886E-01
  2.949000E+03 -6.154866E-01
  2.949500E+03 -5.090802E-01
  2.950000E+03 -2.845221E-01
  2.950500E+03  3.814213E-02
  2.951000E+03  3.997514E-01
  2.951500E+03  7.261331E-01
  2.952000E+03  9.570425E-01
  2.952500E+03  1.063802E+00
  2.953000E+03  1.048197E+00
  2.953500E+03  9.286208E-01
  2.954000E+03  7.275545E-01
  2.954500E+03  4.709300E-01
  2.955000E+03  1.975279E-01
  2.955500E+03 -3.473311E-02
  2.956000E+03 -1.591003E-01
  2.956500E+03 -1.282238E-01
  2.957000E+03  5.445488E-02
  2.957500E+03  3.223470E-01
  2.958000E+03  5.660520E-01
  2.958500E+03  6.799603E-01
  2.959000E+03  6.105328E-01
  2.959500E+03  3.785629E-01
  2.960000E+03  6.274211E-02
  2.960500E+03 -2.446116E-01
  2.961000E+03 -4.824844E-01
  2.961500E+03 -6.412169E-01
  2.962000E+03 -7.499444E-01
  2.962500E+03 -8.448933E-01
  2.963000E+03 -9.421089E-01
  2.963500E+03 -1.031352E+00
  2.964000E+03 -1.090506E+00
  2.964500E+03 -1.105271E+00
  2.965000E+03 -1.077382E+00
  2.965500E+03 -1.016023E+00
  2.966000E+03 -9.216842E-01
  2.966500E+03 -7.780647E-01
  2.967000E+03 -5.610451E-01
  2.967500E+03 -2.598648E-01
  2.968000E+03  1.048177E-01
  2.968500E+03  4.802908E-01
  2.969000E+03  8.012907E-01
  2.969500E+03  1.018697E+00
  2.970000E+03  1.120458E+00
  2.970500E+03  1.133098E+00
  2.971000E+03  1.104436E+00
  2.971500E+03  1.078679E+00
  2.972000E+03  1.077448E+00
  2.972500E+03  1.094441E+00
  2.973000E+03  1.102814E+00
  2.973500E+03  1.068878E+00
  2.974000E+03  9.656737E-01
  2.974500E+03  7.830245E-01
  2.975000E+03  5.329689E-01
  2.975500E+03  2.493761E-01
  2.976000E+03 -2.011633E-02
  2.976500E+03 -2.300059E-01
  2.977000E+03 -3.561188E-01
  2.977500E+03 -4.088652E-01
  2.978000E+03 -4.313130E-01
  2.978500E+03 -4.795628E-01
  2.979000E+03 -5.933922E-01
  2.979500E+03 -7.726636E-01
  2.980000E+03 -9.737557E-01
  2.980500E+03 -1.129840E+00
  2.981000E+03 -1.185019E+00
  2.981500E+03 -1.123705E+00
  2.982000E+03 -9.787751E-01
  2.982500E+03 -8.138460E-01
  2.983000E+03 -6.895321E-01
  2.983500E+03 -6.321598E-01
  2.984000E+03 -6.215287E-01
  2.984500E+03 -6.035061E-01
  2.985000E+03 -5.199963E-01
  2.985500E+03 -3.403188E-01
  2.986000E+03 -7.817959E-02
  2.986500E+03  2.136244E-01
  2.987000E+03  4.674222E-01
  2.987500E+03  6.315042E-01
  2.988000E+03  6.925506E-01
  2.988500E+03  6.790863E-01
  2.989000E+03  6.448280E-01
  2.989500E+03  6.407623E-01
  2.990000E+03  6.904131E-01
  2.990500E+03  7.809657E-01
  2.991000E+03  8.742850E-01
  2.991500E+03  9.308468E-01
  2.992000E+03  9.324375E-01
  2.992500E+03  8.905821E-01
  2.993000E+03  8.365995E-01
  2.993500E+03  8.004542E-01
  2.994000E+03  7.919771E-01
  2.994500E+03  7.954195E-01
  2.995000E+03  7.787239E-01
  2.995500E+03  7.092393E-01
  2.996000E+03  5.647915E-01
  2.996500E+03  3.347692E-01
  2.997000E+03  1.532111E-02
  2.997500E+03 -3.919831E-01
  2.998000E+03 -8.722827E-01
  2.998500E+03 -1.384581E+00
  2.999000E+03 -1.856319E+00
  2.999500E+03 -2.196474E+00
  3.000000E+03 -2.326767E+00
  3.000500E+03 -2.216360E+00
  3.001000E+03 -1.899259E+00
  3.001500E+03 -1.461443E+00
  3.002000E+03 -1.002621E+00
  3.002500E+03 -5.937071E-01
  3.003000E+03 -2.542071E-01
  3.003500E+03  3.887575E-02
  3.004000E+03  3.192214E-01
  3.004500E+03  5.990562E-01
  3.005000E+03  8.577681E-01
  3.005500E+03  1.056759E+00
  3.006000E+03  1.167636E+00
  3.006500E+03  1.192492E+00
  3.007000E+03  1.162012E+00
  3.007500E+03  1.113675E+00
  3.008000E+03  1.066297E+00
  3.008500E+03  1.008898E+00
  3.009000E+03  9.109925E-01
  3.009500E+03  7.464780E-01
  3.010000E+03  5.149176E-01
  3.010500E+03  2.472717E-01
  3.011000E+03 -5.649721E-03
  3.011500E+03 -1.932847E-01
  3.012000E+03 -2.824142E-01
  3.012500E+03 -2.647635E-01
  3.013000E+03 -1.560521E-01
  3.013500E+03  8.874768E-03
  3.014000E+03  1.819589E-01
  3.014500E+03  3.097712E-01
  3.015000E+03  3.451136E-01
  3.015500E+03  2.608154E-01
  3.016000E+03  5.969540E-02
  3.016500E+03 -2.258992E-01
  3.017000E+03 -5.462957E-01
  3.017500E+03 -8.521067E-01
  3.018000E+03 -1.107097E+00
  3.018500E+03 -1.289877E+00
  3.019000E+03 -1.386826E+00
  3.019500E+03 -1.385536E+00
  3.020000E+03 -1.276972E+00
  3.020500E+03 -1.065816E+00
  3.021000E+03 -7.792221E-01
  3.021500E+03 -4.627517E-01
  3.022000E+03 -1.611611E-01
  3.022500E+03  1.050624E-01
  3.023000E+03  3.498114E-01
  3.023500E+03  6.071452E-01
  3.024000E+03  8.987116E-01
  3.024500E+03  1.204103E+00
  3.025000E+03  1.456976E+00
  3.025500E+03  1.574399E+00
  3.026000E+03  1.504075E+00
  3.026500E+03  1.259730E+00
  3.027000E+03  9.201473E-01
  3.027500E+03  5.898485E-01
  3.028000E+03  3.445754E-01
  3.028500E+03  1.952531E-01
  3.029000E+03  9.251542E-02
  3.029500E+03 -3.236141E-02
  3.030000E+03 -2.174972E-01
  3.030500E+03 -4.436017E-01
  3.031000E+03 -6.461895E-01
  3.031500E+03 -7.568230E-01
  3.032000E+03 -7.454707E-01
  3.032500E+03 -6.373568E-01
  3.033000E+03 -4.959557E-01
  3.033500E+03 -3.857455E-01
  3.034000E+03 -3.393634E-01
  3.034500E+03 -3.479258E-01
  3.035000E+03 -3.763064E-01
  3.035500E+03 -3.895755E-01
  3.036000E+03 -3.725100E-01
  3.036500E+03 -3.320990E-01
  3.037000E+03 -2.859131E-01
  3.037500E+03 -2.475647E-01
  3.038000E+03 -2.195031E-01
  3.038500E+03 -1.956096E-01
  3.039000E+03 -1.683575E-01
  3.039500E+03 -1.332571E-01
  3.040000E+03 -8.737595E-02
  3.040500E+03 -2.473346E-02
  3.041000E+03  6.569516E-02
  3.041500E+03  1.957644E-01
  3.042000E+03  3.692742E-01
  3.042500E+03  5.740409E-01
  3.043000E+03  7.806777E-01
  3.043500E+03  9.501202E-01
  3.044000E+03  1.046926E+00
  3.044500E+03  1.052070E+00
  3.045000E+03  9.689652E-01
  3.045500E+03  8.195806E-01
  3.046000E+03  6.322358E-01
  3.046500E+03  4.269871E-01
  3.047000E+03  2.065280E-01
  3.047500E+03 -4.123279E-02
  3.048000E+03 -3.283716E-01
  3.048500E+03 -6.468279E-01
  3.049000E+03 -9.551225E-01
  3.049500E+03 -1.183053E+00
  3.050000E+03 -1.256951E+00
  3.050500E+03 -1.135593E+00
  3.051000E+03 -8.378055E-01
  3.051500E+03 -4.439802E-01
  3.052000E+03 -6.644912E-02
  3.052500E+03  1.984364E-01
  3.053000E+03  3.114718E-01
  3.053500E+03  3.020348E-01
  3.054000E+03  2.432091E-01
  3.054500E+03  2.053371E-01
  3.055000E+03  2.156648E-01
  3.055500E+03  2.477407E-01
  3.056000E+03  2.454998E-01
  3.056500E+03  1.653497E-01
  3.057000E+03  8.879687E-03
  3.057500E+03 -1.743031E-01
  3.058000E+03 -3.145223E-01
  3.058500E+03 -3.623233E-01
  3.059000E+03 -3.158562E-01
  3.059500E+03 -2.194565E-01
  3.060000E+03 -1.360928E-01
  3.060500E+03 -1.117655E-01
  3.061000E+03 -1.529008E-01
  3.061500E+03 -2.277247E-01
  3.062000E+03 -2.872464E-01
  3.062500E+03 -2.909261E-01
  3.063000E+03 -2.221081E-01
  3.063500E+03 -8.720572E-02
  3.064000E+03  9.649678E-02
  3.064500E+03  3.136689E-01
  3.065000E+03  5.554192E-01
  3.065500E+03  8.134892E-01
  3.066000E+03  1.069395E+00
  3.066500E+03  1.286995E+00
  3.067000E+03  1.415089E+00
  3.067500E+03  1.401330E+00
  3.068000E+03  1.212735E+00
  3.068500E+03  8.540643E-01
  3.069000E+03  3.748861E-01
  3.069500E+03 -1.401458E-01
  3.070000E+03 -5.963541E-01
  3.070500E+03 -9.204116E-01
  3.071000E+03 -1.084564E+00
  3.071500E+03 -1.112081E+00
  3.072000E+03 -1.060694E+00
  3.072500E+03 -9.919606E-01
  3.073000E+03 -9.421835E-01
  3.073500E+03 -9.098109E-01
  3.074000E+03 -8.648470E-01
  3.074500E+03 -7.731438E-01
  3.075000E+03 -6.202434E-01
  3.075500E+03 -4.208257E-01
  3.076000E+03 -2.096854E-01
  3.076500E+03 -2.186510E-02
  3.077000E+03  1.245267E-01
  3.077500E+03  2.325959E-01
  3.078000E+03  3.173740E-01
  3.078500E+03  3.911070E-01
  3.079000E+03  4.535670E-01
  3.079500E+03  4.928922E-01
  3.080000E+03  4.946969E-01
  3.080500E+03  4.523415E-01
  3.081000E+03  3.720949E-01
  3.081500E+03  2.716385E-01
  3.082000E+03  1.746260E-01
  3.082500E+03  1.048250E-01
  3.083000E+03  8.124666E-02
  3.083500E+03  1.136468E-01
  3.084000E+03  1.982279E-01
  3.084500E+03  3.156431E-01
  3.085000E+03  4.345205E-01
  3.085500E+03  5.213794E-01
  3.086000E+03  5.530218E-01
  3.086500E+03  5.242322E-01
  3.087000E+03  4.454904E-01
  3.087500E+03  3.320575E-01
  3.088000E+03  1.925027E-01
  3.088500E+03  2.582823E-02
  3.089000E+03 -1.699459E-01
  3.089500E+03 -3.843145E-01
  3.090000E+03 -5.876399E-01
  3.090500E+03 -7.390324E-01
  3.091000E+03 -8.055505E-01
  3.091500E+03 -7.798375E-01
  3.092000E+03 -6.829306E-01
  3.092500E+03 -5.491924E-01
  3.093000E+03 -4.039437E-01
  3.093500E+03 -2.507960E-01
  3.094000E+03 -7.906337E-02
  3.094500E+03  1.139023E-01
  3.095000E+03  3.034399E-01
  3.095500E+03  4.390141E-01
  3.096000E+03  4.695213E-01
  3.096500E+03  3.770913E-01
  3.097000E+03  1.954275E-01
  3.097500E+03 -2.529535E-03
  3.098000E+03 -1.421463E-01
  3.098500E+03 -1.864411E-01
  3.099000E+03 -1.519206E-01
  3.099500E+03 -9.153553E-02
  3.100000E+03 -5.781110E-02
  3.100500E+03 -7.188156E-02
  3.101000E+03 -1.180832E-01
  3.101500E+03 -1.639514E-01
  3.102000E+03 -1.871309E-01
  3.102500E+03 -1.876033E-01
  3.103000E+03 -1.775164E-01
  3.103500E+03 -1.602537E-01
  3.104000E+03 -1.194720E-01
  3.104500E+03 -3.016589E-02
  3.105000E+03  1.157406E-01
  3.105500E+03  2.912101E-01
  3.106000E+03  4.420011E-01
  3.106500E+03  5.196557E-01
  3.107000E+03  5.171639E-01
  3.107500E+03  4.791063E-01
  3.108000E+03  4.740905E-01
  3.108500E+03  5.447144E-01
  3.109000E+03  6.690722E-01
  3.109500E+03  7.630948E-01
  3.110000E+03  7.265846E-01
  3.110500E+03  5.055527E-01
  3.111000E+03  1.308133E-01
  3.111500E+03 -2.928163E-01
  3.112000E+03 -6.404619E-01
  3.112500E+03 -8.304675E-01
  3.113000E+03 -8.585716E-01
  3.113500E+03 -7.852427E-01
  3.114000E+03 -6.893145E-01
  3.114500E+03 -6.207689E-01
  3.115000E+03 -5.817037E-01
  3.115500E+03 -5.419310E-01
  3.116000E+03 -4.716686E-01
  3.116500E+03 -3.651834E-01
  3.117000E+03 -2.403078E-01
  3.117500E+03 -1.191965E-01
  3.118000E+03 -9.403378E-03
  3.118500E+03  9.828737E-02
  3.119000E+03  2.143396E-01
  3.119500E+03  3.316132E-01
  3.120000E+03  4.206011E-01
  3.120500E+03  4.450217E-01
  3.121000E+03  3.877521E-01
  3.121500E+03  2.683173E-01
  3.122000E+03  1.384106E-01
  3.122500E+03  5.701269E-02
  3.123000E+03  6.039752E-02
  3.123500E+03  1.450895E-01
  3.124000E+03  2.725563E-01
  3.124500E+03  3.904938E-01
  3.125000E+03  4.567663E-01
  3.125500E+03  4.533408E-01
  3.126000E+03  3.861655E-01
  3.126500E+03  2.756345E-01
  3.127000E+03  1.453711E-01
  3.127500E+03  1.429868E-02
  3.128000E+03 -1.074265E-01
  3.128500E+03 -2.198184E-01
  3.129000E+03 -3.315978E-01
  3.129500E+03 -4.541897E-01
  3.130000E+03 -5.911465E-01
  3.130500E+03 -7.274134E-01
  3.131000E+03 -8.261385E-01
  3.131500E+03 -8.386328E-01
  3.132000E+03 -7.254068E-01
  3.132500E+03 -4.778054E-01
  3.133000E+03 -1.272559E-01
  3.133500E+03  2.644592E-01
  3.134000E+03  6.287729E-01
  3.134500E+03  9.136678E-01
  3.135000E+03  1.093242E+00
  3.135500E+03  1.160088E+00
  3.136000E+03  1.109652E+00
  3.136500E+03  9.315968E-01
  3.137000E+03  6.176050E-01
  3.137500E+03  1.818486E-01
  3.138000E+03 -3.211607E-01
  3.138500E+03 -7.976974E-01
  3.139000E+03 -1.140531E+00
  3.139500E+03 -1.269028E+00
  3.140000E+03 -1.163040E+00
  3.140500E+03 -8.719359E-01
  3.141000E+03 -4.932668E-01
  3.141500E+03 -1.318853E-01
  3.142000E+03  1.399296E-01
  3.142500E+03  3.026684E-01
  3.143000E+03  3.829099E-01
  3.143500E+03  4.265163E-01
  3.144000E+03  4.673990E-01
  3.144500E+03  5.078067E-01
  3.145000E+03  5.188489E-01
  3.145500E+03  4.596316E-01
  3.146000E+03  3.047646E-01
  3.146500E+03  6.636117E-02
  3.147000E+03 -2.009586E-01
  3.147500E+03 -4.161328E-01
  3.148000E+03 -5.031801E-01
  3.148500E+03 -4.246033E-01
  3.149000E+03 -2.008486E-01
  3.149500E+03  9.458412E-02
  3.150000E+03  3.634724E-01
  3.150500E+03  5.219672E-01
  3.151000E+03  5.320534E-01
  3.151500E+03  4.109132E-01
  3.152000E+03  2.154428E-01
  3.152500E+03  1.198758E-02
  3.153000E+03 -1.521424E-01
  3.153500E+03 -2.620290E-01
  3.154000E+03 -3.301766E-01
  3.154500E+03 -3.802281E-01
  3.155000E+03 -4.304990E-01
  3.155500E+03 -4.851672E-01
  3.156000E+03 -5.341004E-01
  3.156500E+03 -5.574948E-01
  3.157000E+03 -5.316005E-01
  3.157500E+03 -4.350237E-01
  3.158000E+03 -2.570356E-01
  3.158500E+03 -7.214907E-03
  3.159000E+03  2.787316E-01
  3.159500E+03  5.440996E-01
  3.160000E+03  7.300830E-01
  3.160500E+03  8.019408E-01
  3.161000E+03  7.680208E-01
  3.161500E+03  6.777220E-01
  3.162000E+03  5.952958E-01
  3.162500E+03  5.617918E-01
  3.163000E+03  5.672442E-01
  3.163500E+03  5.516912E-01
  3.164000E+03  4.375763E-01
  3.164500E+03  1.769194E-01
  3.165000E+03 -2.134078E-01
  3.165500E+03 -6.491431E-01
  3.166000E+03 -1.011273E+00
  3.166500E+03 -1.196641E+00
  3.167000E+03 -1.160244E+00
  3.167500E+03 -9.291791E-01
  3.168000E+03 -5.848064E-01
  3.168500E+03 -2.259564E-01
  3.169000E+03  6.717071E-02
  3.169500E+03  2.534633E-01
  3.170000E+03  3.318165E-01
  3.170500E+03  3.282980E-01
  3.171000E+03  2.788737E-01
  3.171500E+03  2.148551E-01
  3.172000E+03  1.542558E-01
  3.172500E+03  9.974717E-02
  3.173000E+03  4.310267E-02
  3.173500E+03 -2.504074E-02
  3.174000E+03 -1.038454E-01
  3.174500E+03 -1.757198E-01
  3.175000E+03 -2.103722E-01
  3.175500E+03 -1.799264E-01
  3.176000E+03 -7.771693E-02
  3.176500E+03  7.136505E-02
  3.177000E+03  2.180531E-01
  3.177500E+03  3.120773E-01
  3.178000E+03  3.289333E-01
  3.178500E+03  2.830565E-01
  3.179000E+03  2.176184E-01
  3.179500E+03  1.760473E-01
  3.180000E+03  1.731789E-01
  3.180500E+03  1.854286E-01
  3.181000E+03  1.676257E-01
  3.181500E+03  8.643459E-02
  3.182000E+03 -5.150624E-02
  3.182500E+03 -1.961328E-01
  3.183000E+03 -2.790596E-01
  3.183500E+03 -2.525970E-01
  3.184000E+03 -1.188093E-01
  3.184500E+03  6.916459E-02
  3.185000E+03  2.340586E-01
  3.185500E+03  3.132287E-01
  3.186000E+03  2.867606E-01
  3.186500E+03  1.806075E-01
  3.187000E+03  4.640397E-02
  3.187500E+03 -6.729471E-02
  3.188000E+03 -1.352053E-01
  3.188500E+03 -1.581546E-01
  3.189000E+03 -1.519969E-01
  3.189500E+03 -1.336813E-01
  3.190000E+03 -1.144170E-01
  3.190500E+03 -1.022939E-01
  3.191000E+03 -1.089118E-01
  3.191500E+03 -1.519448E-01
  3.192000E+03 -2.491501E-01
  3.192500E+03 -4.058704E-01
  3.193000E+03 -6.029855E-01
  3.193500E+03 -7.928806E-01
  3.194000E+03 -9.076716E-01
  3.194500E+03 -8.788986E-01
  3.195000E+03 -6.632347E-01
  3.195500E+03 -2.655421E-01
  3.196000E+03  2.505282E-01
  3.196500E+03  7.722053E-01
  3.197000E+03  1.169173E+00
  3.197500E+03  1.339025E+00
  3.198000E+03  1.249233E+00
  3.198500E+03  9.551518E-01
  3.199000E+03  5.811232E-01
  3.199500E+03  2.686924E-01
  3.200000E+03  1.142276E-01
  3.200500E+03  1.269235E-01
  3.201000E+03  2.301127E-01
  3.201500E+03  3.065716E-01
  3.202000E+03  2.640265E-01
  3.202500E+03  8.502881E-02
  3.203000E+03 -1.661566E-01
  3.203500E+03 -3.823827E-01
  3.204000E+03 -4.747694E-01
  3.204500E+03 -4.209260E-01
  3.205000E+03 -2.742992E-01
  3.205500E+03 -1.326050E-01
  3.206000E+03 -8.644943E-02
  3.206500E+03 -1.776639E-01
  3.207000E+03 -3.870267E-01
  3.207500E+03 -6.513258E-01
  3.208000E+03 -8.939306E-01
  3.208500E+03 -1.050458E+00
  3.209000E+03 -1.080659E+00
  3.209500E+03 -9.698649E-01
  3.210000E+03 -7.283323E-01
  3.210500E+03 -3.921344E-01
  3.211000E+03 -2.082548E-02
  3.211500E+03  3.157367E-01
  3.212000E+03  5.622449E-01
  3.212500E+03  7.036405E-01
  3.213000E+03  7.745112E-01
  3.213500E+03  8.413452E-01
  3.214000E+03  9.634299E-01
  3.214500E+03  1.153987E+00
  3.215000E+03  1.365961E+00
  3.215500E+03  1.513014E+00
  3.216000E+03  1.514120E+00
  3.216500E+03  1.334657E+00
  3.217000E+03  9.993363E-01
  3.217500E+03  5.711721E-01
  3.218000E+03  1.132656E-01
  3.218500E+03 -3.395716E-01
  3.219000E+03 -7.811688E-01
  3.219500E+03 -1.209511E+00
  3.220000E+03 -1.598830E+00
  3.220500E+03 -1.891748E+00
  3.221000E+03 -2.019737E+00
  3.221500E+03 -1.939162E+00
  3.222000E+03 -1.658749E+00
  3.222500E+03 -1.240307E+00
  3.223000E+03 -7.729439E-01
  3.223500E+03 -3.379474E-01
  3.224000E+03  1.493000E-02
  3.224500E+03  2.700598E-01
  3.225000E+03  4.336264E-01
  3.225500E+03  5.208645E-01
  3.226000E+03  5.523916E-01
  3.226500E+03  5.568436E-01
  3.227000E+03  5.689511E-01
  3.227500E+03  6.160825E-01
  3.228000E+03  6.991098E-01
  3.228500E+03  7.836397E-01
  3.229000E+03  8.146944E-01
  3.229500E+03  7.516831E-01
  3.230000E+03  6.025626E-01
  3.230500E+03  4.313406E-01
  3.231000E+03  3.278191E-01
  3.231500E+03  3.542401E-01
  3.232000E+03  5.021460E-01
  3.232500E+03  6.895918E-01
  3.233000E+03  8.040434E-01
  3.233500E+03  7.659747E-01
  3.234000E+03  5.733923E-01
  3.234500E+03  2.991829E-01
  3.235000E+03  4.381253E-02
  3.235500E+03 -1.253739E-01
  3.236000E+03 -2.096988E-01
  3.236500E+03 -2.694253E-01
  3.237000E+03 -3.791398E-01
  3.237500E+03 -5.797826E-01
  3.238000E+03 -8.570546E-01
  3.238500E+03 -1.154602E+00
  3.239000E+03 -1.406553E+00
  3.239500E+03 -1.564817E+00
  3.240000E+03 -1.606645E+00
  3.240500E+03 -1.526829E+00
  3.241000E+03 -1.330212E+00
  3.241500E+03 -1.035237E+00
  3.242000E+03 -6.836609E-01
  3.242500E+03 -3.404163E-01
  3.243000E+03 -7.225226E-02
  3.243500E+03  8.787659E-02
  3.244000E+03  1.667225E-01
  3.244500E+03  2.430970E-01
  3.245000E+03  4.033181E-01
  3.245500E+03  6.839643E-01
  3.246000E+03  1.039823E+00
  3.246500E+03  1.362165E+00
  3.247000E+03  1.539811E+00
  3.247500E+03  1.525082E+00
  3.248000E+03  1.360972E+00
  3.248500E+03  1.150529E+00
  3.249000E+03  9.883711E-01
  3.249500E+03  9.005828E-01
  3.250000E+03  8.339162E-01
  3.250500E+03  7.013992E-01
  3.251000E+03  4.524428E-01
  3.251500E+03  1.185079E-01
  3.252000E+03 -1.978204E-01
  3.252500E+03 -3.837319E-01
  3.253000E+03 -3.866429E-01
  3.253500E+03 -2.479621E-01
  3.254000E+03 -7.924206E-02
  3.254500E+03  2.034615E-03
  3.255000E+03 -6.503392E-02
  3.255500E+03 -2.617348E-01
  3.256000E+03 -5.154549E-01
  3.256500E+03 -7.515937E-01
  3.257000E+03 -9.353729E-01
  3.257500E+03 -1.078779E+00
  3.258000E+03 -1.214138E+00
  3.258500E+03 -1.357466E+00
  3.259000E+03 -1.487901E+00
  3.259500E+03 -1.554794E+00
  3.260000E+03 -1.504142E+00
  3.260500E+03 -1.305304E+00
  3.261000E+03 -9.630314E-01
  3.261500E+03 -5.127550E-01
  3.262000E+03 -7.768667E-03
  3.262500E+03  4.919734E-01
  3.263000E+03  9.266046E-01
  3.263500E+03  1.242777E+00
  3.264000E+03  1.404224E+00
  3.264500E+03  1.404597E+00
  3.265000E+03  1.274252E+00
  3.265500E+03  1.072870E+00
  3.266000E+03  8.679077E-01
  3.266500E+03  7.090568E-01
  3.267000E+03  6.129079E-01
  3.267500E+03  5.661069E-01
  3.268000E+03  5.432248E-01
  3.268500E+03  5.261076E-01
  3.269000E+03  5.115668E-01
  3.269500E+03  5.037644E-01
  3.270000E+03  4.993683E-01
  3.270500E+03  4.788246E-01
  3.271000E+03  4.121459E-01
  3.271500E+03  2.763447E-01
  3.272000E+03  7.246016E-02
  3.272500E+03 -1.702756E-01
  3.273000E+03 -4.070527E-01
  3.273500E+03 -5.994973E-01
  3.274000E+03 -7.334937E-01
  3.274500E+03 -8.220854E-01
  3.275000E+03 -8.923471E-01
  3.275500E+03 -9.649447E-01
  3.276000E+03 -1.039008E+00
  3.276500E+03 -1.091096E+00
  3.277000E+03 -1.088418E+00
  3.277500E+03 -1.008408E+00
  3.278000E+03 -8.535605E-01
  3.278500E+03 -6.531994E-01
  3.279000E+03 -4.507335E-01
  3.279500E+03 -2.824473E-01
  3.280000E+03 -1.585889E-01
  3.280500E+03 -5.722631E-02
  3.281000E+03  6.427376E-02
  3.281500E+03  2.442411E-01
  3.282000E+03  4.904512E-01
  3.282500E+03  7.675880E-01
  3.283000E+03  1.007822E+00
  3.283500E+03  1.141753E+00
  3.284000E+03  1.134464E+00
  3.284500E+03  1.006353E+00
  3.285000E+03  8.251140E-01
  3.285500E+03  6.712011E-01
  3.286000E+03  5.951100E-01
  3.286500E+03  5.908988E-01
  3.287000E+03  6.016990E-01
  3.287500E+03  5.542699E-01
  3.288000E+03  4.022566E-01
  3.288500E+03  1.527474E-01
  3.289000E+03 -1.387148E-01
  3.289500E+03 -4.000980E-01
  3.290000E+03 -5.813854E-01
  3.290500E+03 -6.766736E-01
  3.291000E+03 -7.186258E-01
  3.291500E+03 -7.516436E-01
  3.292000E+03 -8.021019E-01
  3.292500E+03 -8.634132E-01
  3.293000E+03 -9.023675E-01
  3.293500E+03 -8.796535E-01
  3.294000E+03 -7.705573E-01
  3.294500E+03 -5.747721E-01
  3.295000E+03 -3.132855E-01
  3.295500E+03 -1.829878E-02
  3.296000E+03  2.759497E-01
  3.296500E+03  5.375026E-01
  3.297000E+03  7.375951E-01
  3.297500E+03  8.520148E-01
  3.298000E+03  8.650006E-01
  3.298500E+03  7.742521E-01
  3.299000E+03  5.937781E-01
  3.299500E+03  3.525094E-01
  3.300000E+03  8.929947E-02
  3.300500E+03 -1.535202E-01
  3.301000E+03 -3.366352E-01
  3.301500E+03 -4.305890E-01
  3.302000E+03 -4.234405E-01
  3.302500E+03 -3.274618E-01
  3.303000E+03 -1.803282E-01
  3.303500E+03 -3.625787E-02
  3.304000E+03  5.296803E-02
  3.304500E+03  6.026898E-02
  3.305000E+03 -2.547307E-03
  3.305500E+03 -8.800005E-02
  3.306000E+03 -1.342744E-01
  3.306500E+03 -9.500554E-02
  3.307000E+03  3.773394E-02
  3.307500E+03  2.292926E-01
  3.308000E+03  4.188973E-01
  3.308500E+03  5.473116E-01
  3.309000E+03  5.809853E-01
  3.309500E+03  5.212778E-01
  3.310000E+03  3.965482E-01
  3.310500E+03  2.440351E-01
  3.311000E+03  9.235365E-02
  3.311500E+03 -4.714074E-02
  3.312000E+03 -1.781503E-01
  3.312500E+03 -3.101183E-01
  3.313000E+03 -4.478031E-01
  3.313500E+03 -5.845823E-01
  3.314000E+03 -7.015861E-01
  3.314500E+03 -7.723455E-01
  3.315000E+03 -7.712126E-01
  3.315500E+03 -6.829975E-01
  3.316000E+03 -5.107134E-01
  3.316500E+03 -2.783300E-01
  3.317000E+03 -2.667195E-02
  3.317500E+03  1.969278E-01
  3.318000E+03  3.519130E-01
  3.318500E+03  4.160412E-01
  3.319000E+03  3.912544E-01
  3.319500E+03  3.023279E-01
  3.320000E+03  1.892407E-01
  3.320500E+03  9.566123E-02
  3.321000E+03  5.633052E-02
  3.321500E+03  8.626600E-02
  3.322000E+03  1.750701E-01
  3.322500E+03  2.895116E-01
  3.323000E+03  3.855967E-01
  3.323500E+03  4.271435E-01
  3.324000E+03  4.031955E-01
  3.324500E+03  3.348283E-01
  3.325000E+03  2.656129E-01
  3.325500E+03  2.384620E-01
  3.326000E+03  2.702683E-01
  3.326500E+03  3.388393E-01
  3.327000E+03  3.911010E-01
  3.327500E+03  3.697646E-01
  3.328000E+03  2.445040E-01
  3.328500E+03  3.025898E-02
  3.329000E+03 -2.179070E-01
  3.329500E+03 -4.308239E-01
  3.330000E+03 -5.579725E-01
  3.330500E+03 -5.896585E-01
  3.331000E+03 -5.578754E-01
  3.331500E+03 -5.169813E-01
  3.332000E+03 -5.153211E-01
  3.332500E+03 -5.719766E-01
  3.333000E+03 -6.685470E-01
  3.333500E+03 -7.578497E-01
  3.334000E+03 -7.842627E-01
  3.334500E+03 -7.068025E-01
  3.335000E+03 -5.161470E-01
  3.335500E+03 -2.395007E-01
  3.336000E+03  6.855302E-02
  3.336500E+03  3.459748E-01
  3.337000E+03  5.459963E-01
  3.337500E+03  6.525439E-01
  3.338000E+03  6.808568E-01
  3.338500E+03  6.630831E-01
  3.339000E+03  6.271606E-01
  3.339500E+03  5.816469E-01
  3.340000E+03  5.157307E-01
  3.340500E+03  4.138190E-01
  3.341000E+03  2.741400E-01
  3.341500E+03  1.178579E-01
  3.342000E+03 -1.815700E-02
  3.342500E+03 -9.995657E-02
  3.343000E+03 -1.132929E-01
  3.343500E+03 -6.694499E-02
  3.344000E+03  1.838648E-02
  3.344500E+03  1.251621E-01
  3.345000E+03  2.446133E-01
  3.345500E+03  3.678310E-01
  3.346000E+03  4.708211E-01
  3.346500E+03  5.095877E-01
  3.347000E+03  4.356531E-01
  3.347500E+03  2.264944E-01
  3.348000E+03 -8.905399E-02
  3.348500E+03 -4.312785E-01
  3.349000E+03 -7.014930E-01
  3.349500E+03 -8.291736E-01
  3.350000E+03 -8.056354E-01
  3.350500E+03 -6.824456E-01
  3.351000E+03 -5.354073E-01
  3.351500E+03 -4.178988E-01
  3.352000E+03 -3.342418E-01
  3.352500E+03 -2.493828E-01
  3.353000E+03 -1.256232E-01
  3.353500E+03  4.130934E-02
  3.354000E+03  2.127935E-01
  3.354500E+03  3.301824E-01
  3.355000E+03  3.522234E-01
  3.355500E+03  2.796806E-01
  3.356000E+03  1.506699E-01
  3.356500E+03  1.260460E-02
  3.357000E+03 -1.066251E-01
  3.357500E+03 -2.068985E-01
  3.358000E+03 -2.997110E-01
  3.358500E+03 -3.833971E-01
  3.359000E+03 -4.318579E-01
  3.359500E+03 -4.073834E-01
  3.360000E+03 -2.881848E-01
  3.360500E+03 -8.878270E-02
  3.361000E+03  1.437052E-01
  3.361500E+03  3.558971E-01
  3.362000E+03  5.180947E-01
  3.362500E+03  6.358700E-01
  3.363000E+03  7.351882E-01
  3.363500E+03  8.329355E-01
  3.364000E+03  9.154993E-01
  3.364500E+03  9.416818E-01
  3.365000E+03  8.679432E-01
  3.365500E+03  6.778538E-01
  3.366000E+03  3.954871E-01
  3.366500E+03  7.499179E-02
  3.367000E+03 -2.245971E-01
  3.367500E+03 -4.618736E-01
  3.368000E+03 -6.206792E-01
  3.368500E+03 -7.035730E-01
  3.369000E+03 -7.214026E-01
  3.369500E+03 -6.882046E-01
  3.370000E+03 -6.217788E-01
  3.370500E+03 -5.429245E-01
  3.371000E+03 -4.678876E-01
  3.371500E+03 -3.976352E-01
  3.372000E+03 -3.149937E-01
  3.372500E+03 -1.978073E-01
  3.373000E+03 -4.331994E-02
  3.373500E+03  1.139104E-01
  3.374000E+03  2.088764E-01
  3.374500E+03  1.808234E-01
  3.375000E+03  1.723147E-02
  3.375500E+03 -2.229621E-01
  3.376000E+03 -4.274675E-01
  3.376500E+03 -4.845434E-01
  3.377000E+03 -3.420570E-01
  3.377500E+03 -3.542423E-02
  3.378000E+03  3.327587E-01
  3.378500E+03  6.474101E-01
  3.379000E+03  8.345934E-01
  3.379500E+03  8.821006E-01
  3.380000E+03  8.202010E-01
  3.380500E+03  6.838561E-01
  3.381000E+03  4.880520E-01
  3.381500E+03  2.336804E-01
  3.382000E+03 -6.546067E-02
  3.382500E+03 -3.621072E-01
  3.383000E+03 -5.841227E-01
  3.383500E+03 -6.709808E-01
  3.384000E+03 -6.127209E-01
  3.384500E+03 -4.609721E-01
  3.385000E+03 -3.004636E-01
  3.385500E+03 -1.982883E-01
  3.386000E+03 -1.652546E-01
  3.386500E+03 -1.557942E-01
  3.387000E+03 -1.056412E-01
  3.387500E+03  2.006018E-02
  3.388000E+03  2.020000E-01
  3.388500E+03  3.811266E-01
  3.389000E+03  4.995313E-01
  3.389500E+03  5.370777E-01
  3.390000E+03  5.181931E-01
  3.390500E+03  4.865221E-01
  3.391000E+03  4.685056E-01
  3.391500E+03  4.533095E-01
  3.392000E+03  4.024270E-01
  3.392500E+03  2.796452E-01
  3.393000E+03  7.828311E-02
  3.393500E+03 -1.729480E-01
  3.394000E+03 -4.265270E-01
  3.394500E+03 -6.400756E-01
  3.395000E+03 -7.899751E-01
  3.395500E+03 -8.682406E-01
  3.396000E+03 -8.708692E-01
  3.396500E+03 -7.915628E-01
  3.397000E+03 -6.276080E-01
  3.397500E+03 -3.919672E-01
  3.398000E+03 -1.188700E-01
  3.398500E+03  1.446557E-01
  3.399000E+03  3.565075E-01
  3.399500E+03  4.932218E-01
  3.400000E+03  5.497080E-01
  3.400500E+03  5.276205E-01
  3.401000E+03  4.258529E-01
  3.401500E+03  2.455107E-01
  3.402000E+03  8.211779E-03
  3.402500E+03 -2.286020E-01
  3.403000E+03 -3.788804E-01
  3.403500E+03 -3.633911E-01
  3.404000E+03 -1.567536E-01
  3.404500E+03  1.844067E-01
  3.405000E+03  5.358095E-01
  3.405500E+03  7.606650E-01
  3.406000E+03  7.765441E-01
  3.406500E+03  5.948283E-01
  3.407000E+03  3.089169E-01
  3.407500E+03  3.872222E-02
  3.408000E+03 -1.343235E-01
  3.408500E+03 -2.030772E-01
  3.409000E+03 -2.227972E-01
  3.409500E+03 -2.636830E-01
  3.410000E+03 -3.606889E-01
  3.410500E+03 -4.917250E-01
  3.411000E+03 -5.943368E-01
  3.411500E+03 -6.061151E-01
  3.412000E+03 -5.016533E-01
  3.412500E+03 -3.049651E-01
  3.413000E+03 -7.416202E-02
  3.413500E+03  1.283900E-01
  3.414000E+03  2.621221E-01
  3.414500E+03  3.189455E-01
  3.415000E+03  3.182616E-01
  3.415500E+03  2.934821E-01
  3.416000E+03  2.777091E-01
  3.416500E+03  2.924888E-01
  3.417000E+03  3.405532E-01
  3.417500E+03  4.034709E-01
  3.418000E+03  4.462451E-01
  3.418500E+03  4.297611E-01
  3.419000E+03  3.277182E-01
  3.419500E+03  1.402750E-01
  3.420000E+03 -1.035163E-01
  3.420500E+03 -3.567460E-01
  3.421000E+03 -5.731690E-01
  3.421500E+03 -7.224018E-01
  3.422000E+03 -7.935286E-01
  3.422500E+03 -7.872865E-01
  3.423000E+03 -7.051929E-01
  3.423500E+03 -5.457240E-01
  3.424000E+03 -3.115249E-01
  3.424500E+03 -2.216871E-02
  3.425000E+03  2.786502E-01
  3.425500E+03  5.300357E-01
  3.426000E+03  6.743204E-01
  3.426500E+03  6.810432E-01
  3.427000E+03  5.613341E-01
  3.427500E+03  3.645418E-01
  3.428000E+03  1.585694E-01
  3.428500E+03  3.577750E-03
  3.429000E+03 -6.896182E-02
  3.429500E+03 -6.370214E-02
  3.430000E+03 -1.398458E-02
  3.430500E+03  3.582706E-02
  3.431000E+03  5.052199E-02
  3.431500E+03  1.890104E-02
  3.432000E+03 -4.238463E-02
  3.432500E+03 -9.785564E-02
  3.433000E+03 -1.117903E-01
  3.433500E+03 -6.813535E-02
  3.434000E+03  1.854125E-02
  3.434500E+03  1.080930E-01
  3.435000E+03  1.546681E-01
  3.435500E+03  1.311645E-01
  3.436000E+03  4.397510E-02
  3.436500E+03 -7.158335E-02
  3.437000E+03 -1.731936E-01
  3.437500E+03 -2.374186E-01
  3.438000E+03 -2.726957E-01
  3.438500E+03 -3.101980E-01
  3.439000E+03 -3.776177E-01
  3.439500E+03 -4.726308E-01
  3.440000E+03 -5.539546E-01
  3.440500E+03 -5.573867E-01
  3.441000E+03 -4.287094E-01
  3.441500E+03 -1.548285E-01
  3.442000E+03  2.244569E-01
  3.442500E+03  6.301594E-01
  3.443000E+03  9.750281E-01
  3.443500E+03  1.194980E+00
  3.444000E+03  1.266061E+00
  3.444500E+03  1.201556E+00
  3.445000E+03  1.034748E+00
  3.445500E+03  7.989060E-01
  3.446000E+03  5.150718E-01
  3.446500E+03  1.921940E-01
  3.447000E+03 -1.628940E-01
  3.447500E+03 -5.329351E-01
  3.448000E+03 -8.833687E-01
  3.448500E+03 -1.166534E+00
  3.449000E+03 -1.336845E+00
  3.449500E+03 -1.370494E+00
  3.450000E+03 -1.279076E+00
  3.450500E+03 -1.107547E+00
  3.451000E+03 -9.143193E-01
  3.451500E+03 -7.420312E-01
  3.452000E+03 -5.954159E-01
  3.452500E+03 -4.412181E-01
  3.453000E+03 -2.331672E-01
  3.453500E+03  5.134569E-02
  3.454000E+03  3.862069E-01
  3.454500E+03  7.018122E-01
  3.455000E+03  9.209460E-01
  3.455500E+03  1.004659E+00
  3.456000E+03  9.782808E-01
  3.456500E+03  9.181338E-01
  3.457000E+03  9.042814E-01
  3.457500E+03  9.679044E-01
  3.458000E+03  1.067429E+00
  3.458500E+03  1.110501E+00
  3.459000E+03  1.009699E+00
  3.459500E+03  7.377935E-01
  3.460000E+03  3.482081E-01
  3.460500E+03 -5.159721E-02
  3.461000E+03 -3.565692E-01
  3.461500E+03 -5.155921E-01
  3.462000E+03 -5.486995E-01
  3.462500E+03 -5.239036E-01
  3.463000E+03 -5.124458E-01
  3.463500E+03 -5.515088E-01
  3.464000E+03 -6.341454E-01
  3.464500E+03 -7.260463E-01
  3.465000E+03 -7.925986E-01
  3.465500E+03 -8.174553E-01
  3.466000E+03 -8.043078E-01
  3.466500E+03 -7.668024E-01
  3.467000E+03 -7.175402E-01
  3.467500E+03 -6.632376E-01
  3.468000E+03 -6.050414E-01
  3.468500E+03 -5.387086E-01
  3.469000E+03 -4.521951E-01
  3.469500E+03 -3.243024E-01
  3.470000E+03 -1.304409E-01
  3.470500E+03  1.431808E-01
  3.471000E+03  4.840384E-01
  3.471500E+03  8.480008E-01
  3.472000E+03  1.171265E+00
  3.472500E+03  1.395226E+00
  3.473000E+03  1.490281E+00
  3.473500E+03  1.464226E+00
  3.474000E+03  1.350790E+00
  3.474500E+03  1.186901E+00
  3.475000E+03  9.938541E-01
  3.475500E+03  7.731766E-01
  3.476000E+03  5.165382E-01
  3.476500E+03  2.196585E-01
  3.477000E+03 -1.102973E-01
  3.477500E+03 -4.566712E-01
  3.478000E+03 -7.989965E-01
  3.478500E+03 -1.115009E+00
  3.479000E+03 -1.377552E+00
  3.479500E+03 -1.552551E+00
  3.480000E+03 -1.605644E+00
  3.480500E+03 -1.517882E+00
  3.481000E+03 -1.300931E+00
  3.481500E+03 -9.986588E-01
  3.482000E+03 -6.697184E-01
  3.482500E+03 -3.599680E-01
  3.483000E+03 -8.321522E-02
  3.483500E+03  1.751235E-01
  3.484000E+03  4.329386E-01
  3.484500E+03  6.832103E-01
  3.485000E+03  8.851275E-01
  3.485500E+03  9.840429E-01
  3.486000E+03  9.482749E-01
  3.486500E+03  7.967237E-01
  3.487000E+03  5.959352E-01
  3.487500E+03  4.261716E-01
  3.488000E+03  3.382813E-01
  3.488500E+03  3.301987E-01
  3.489000E+03  3.581901E-01
  3.489500E+03  3.733636E-01
  3.490000E+03  3.564993E-01
  3.490500E+03  3.266669E-01
  3.491000E+03  3.192125E-01
  3.491500E+03  3.512783E-01
  3.492000E+03  4.013548E-01
  3.492500E+03  4.178674E-01
  3.493000E+03  3.498865E-01
  3.493500E+03  1.775141E-01
  3.494000E+03 -7.850437E-02
  3.494500E+03 -3.715722E-01
  3.495000E+03 -6.542795E-01
  3.495500E+03 -8.944728E-01
  3.496000E+03 -1.073685E+00
  3.496500E+03 -1.175656E+00
  3.497000E+03 -1.180936E+00
  3.497500E+03 -1.076878E+00
  3.498000E+03 -8.766711E-01
  3.498500E+03 -6.298543E-01
  3.499000E+03 -4.101779E-01
  3.499500E+03 -2.828698E-01
  3.500000E+03 -2.699728E-01
  3.500500E+03 -3.362559E-01
  3.501000E+03 -4.057330E-01
  3.501500E+03 -3.990173E-01
  3.502000E+03 -2.690431E-01
  3.502500E+03 -1.586972E-02
  3.503000E+03  3.230497E-01
  3.503500E+03  6.949733E-01
  3.504000E+03  1.049675E+00
  3.504500E+03  1.344711E+00
  3.505000E+03  1.542751E+00
  3.505500E+03  1.611675E+00
  3.506000E+03  1.533107E+00
  3.506500E+03  1.314337E+00
  3.507000E+03  9.925562E-01
  3.507500E+03  6.247304E-01
  3.508000E+03  2.678036E-01
  3.508500E+03 -3.789265E-02
  3.509000E+03 -2.716147E-01
  3.509500E+03 -4.227450E-01
  3.510000E+03 -4.808910E-01
  3.510500E+03 -4.378501E-01
  3.511000E+03 -3.024311E-01
  3.511500E+03 -1.153638E-01
  3.512000E+03  5.251402E-02
  3.512500E+03  1.250124E-01
  3.513000E+03  5.650300E-02
  3.513500E+03 -1.440029E-01
  3.514000E+03 -4.180641E-01
  3.514500E+03 -6.903053E-01
  3.515000E+03 -9.070029E-01
  3.515500E+03 -1.055396E+00
  3.516000E+03 -1.152853E+00
  3.516500E+03 -1.217418E+00
  3.517000E+03 -1.244369E+00
  3.517500E+03 -1.207252E+00
  3.518000E+03 -1.081280E+00
  3.518500E+03 -8.684945E-01
  3.519000E+03 -6.025327E-01
  3.519500E+03 -3.276225E-01
  3.520000E+03 -6.821031E-02
  3.520500E+03  1.853256E-01
  3.521000E+03  4.611213E-01
  3.521500E+03  7.705500E-01
  3.522000E+03  1.080735E+00
  3.522500E+03  1.318968E+00
  3.523000E+03  1.410519E+00
  3.523500E+03  1.326035E+00
  3.524000E+03  1.105986E+00
  3.524500E+03  8.443145E-01
  3.525000E+03  6.410460E-01
  3.525500E+03  5.540022E-01
  3.526000E+03  5.784752E-01
  3.526500E+03  6.628727E-01
  3.527000E+03  7.441335E-01
  3.527500E+03  7.768769E-01
  3.528000E+03  7.403880E-01
  3.528500E+03  6.276730E-01
  3.529000E+03  4.340703E-01
  3.529500E+03  1.593016E-01
  3.530000E+03 -1.790756E-01
  3.530500E+03 -5.364011E-01
  3.531000E+03 -8.503187E-01
  3.531500E+03 -1.068020E+00
  3.532000E+03 -1.173797E+00
  3.532500E+03 -1.195879E+00
  3.533000E+03 -1.185312E+00
  3.533500E+03 -1.180515E+00
  3.534000E+03 -1.182595E+00
  3.534500E+03 -1.159001E+00
  3.535000E+03 -1.071946E+00
  3.535500E+03 -9.094855E-01
  3.536000E+03 -6.956799E-01
  3.536500E+03 -4.729011E-01
  3.537000E+03 -2.710828E-01
  3.537500E+03 -8.846338E-02
  3.538000E+03  1.012754E-01
  3.538500E+03  3.217354E-01
  3.539000E+03  5.684575E-01
  3.539500E+03  8.056259E-01
  3.540000E+03  9.871160E-01
  3.540500E+03  1.084921E+00
  3.541000E+03  1.102677E+00
  3.541500E+03  1.064618E+00
  3.542000E+03  9.904642E-01
  3.542500E+03  8.780404E-01
  3.543000E+03  7.088311E-01
  3.543500E+03  4.725504E-01
  3.544000E+03  1.905964E-01
  3.544500E+03 -8.192195E-02
  3.545000E+03 -2.798340E-01
  3.545500E+03 -3.618282E-01
  3.546000E+03 -3.313662E-01
  3.546500E+03 -2.310796E-01
  3.547000E+03 -1.164789E-01
  3.547500E+03 -2.851095E-02
  3.548000E+03  1.751684E-02
  3.548500E+03  2.401180E-02
  3.549000E+03 -3.622779E-03
  3.549500E+03 -6.351389E-02
  3.550000E+03 -1.511953E-01
  3.550500E+03 -2.500413E-01
  3.551000E+03 -3.316623E-01
  3.551500E+03 -3.703716E-01
  3.552000E+03 -3.612495E-01
  3.552500E+03 -3.250112E-01
  3.553000E+03 -2.918444E-01
  3.553500E+03 -2.743944E-01
  3.554000E+03 -2.520463E-01
  3.554500E+03 -1.830050E-01
  3.555000E+03 -3.974938E-02
  3.555500E+03  1.571539E-01
  3.556000E+03  3.349988E-01
  3.556500E+03  4.037408E-01
  3.557000E+03  3.102628E-01
  3.557500E+03  7.606994E-02
  3.558000E+03 -2.087909E-01
  3.558500E+03 -4.335275E-01
  3.559000E+03 -5.251877E-01
  3.559500E+03 -4.799024E-01
  3.560000E+03 -3.486851E-01
  3.560500E+03 -1.922669E-01
  3.561000E+03 -4.045588E-02
  3.561500E+03  1.144563E-01
  3.562000E+03  2.886973E-01
  3.562500E+03  4.692928E-01
  3.563000E+03  6.015803E-01
  3.563500E+03  6.162505E-01
  3.564000E+03  4.787813E-01
  3.564500E+03  2.249058E-01
  3.565000E+03 -4.646277E-02
  3.565500E+03 -2.220896E-01
  3.566000E+03 -2.348714E-01
  3.566500E+03 -9.746399E-02
  3.567000E+03  1.108834E-01
  3.567500E+03  2.929899E-01
  3.568000E+03  3.849219E-01
  3.568500E+03  3.788793E-01
  3.569000E+03  3.093929E-01
  3.569500E+03  2.194729E-01
  3.570000E+03  1.332666E-01
  3.570500E+03  5.164140E-02
  3.571000E+03 -3.290827E-02
  3.571500E+03 -1.193179E-01
  3.572000E+03 -1.942408E-01
  3.572500E+03 -2.429444E-01
  3.573000E+03 -2.631359E-01
  3.573500E+03 -2.684386E-01
  3.574000E+03 -2.783320E-01
  3.574500E+03 -3.036233E-01
  3.575000E+03 -3.402133E-01
  3.575500E+03 -3.761422E-01
  3.576000E+03 -4.047021E-01
  3.576500E+03 -4.305544E-01
  3.577000E+03 -4.616348E-01
  3.577500E+03 -4.925290E-01
  3.578000E+03 -4.941619E-01
  3.578500E+03 -4.219363E-01
  3.579000E+03 -2.411669E-01
  3.579500E+03  4.534841E-02
  3.580000E+03  3.867025E-01
  3.580500E+03  6.996740E-01
  3.581000E+03  9.037964E-01
  3.581500E+03  9.563872E-01
  3.582000E+03  8.685065E-01
  3.582500E+03  6.946526E-01
  3.583000E+03  5.039726E-01
  3.583500E+03  3.494441E-01
  3.584000E+03  2.498137E-01
  3.584500E+03  1.900817E-01
  3.585000E+03  1.366013E-01
  3.585500E+03  5.752656E-02
  3.586000E+03 -6.067938E-02
  3.586500E+03 -2.067816E-01
  3.587000E+03 -3.502966E-01
  3.587500E+03 -4.565895E-01
  3.588000E+03 -5.048630E-01
  3.588500E+03 -4.996678E-01
  3.589000E+03 -4.681144E-01
  3.589500E+03 -4.420821E-01
  3.590000E+03 -4.346459E-01
  3.590500E+03 -4.262128E-01
  3.591000E+03 -3.724812E-01
  3.591500E+03 -2.332404E-01
  3.592000E+03 -5.801690E-03
  3.592500E+03  2.595324E-01
  3.593000E+03  4.757779E-01
  3.593500E+03  5.613261E-01
  3.594000E+03  4.837112E-01
  3.594500E+03  2.779152E-01
  3.595000E+03  2.719434E-02
  3.595500E+03 -1.817020E-01
  3.596000E+03 -3.007268E-01
  3.596500E+03 -3.346480E-01
  3.597000E+03 -3.213728E-01
  3.597500E+03 -2.955729E-01
  3.598000E+03 -2.624385E-01
  3.598500E+03 -1.988002E-01
  3.599000E+03 -7.781621E-02
  3.599500E+03  1.032400E-01
  3.600000E+03  3.130501E-01
  3.600500E+03  5.003274E-01
  3.601000E+03  6.201085E-01
  3.601500E+03  6.530676E-01
  3.602000E+03  6.063667E-01
  3.602500E+03  4.999424E-01
  3.603000E+03  3.523418E-01
  3.603500E+03  1.776011E-01
  3.604000E+03 -7.358758E-03
  3.604500E+03 -1.756843E-01
  3.605000E+03 -2.943208E-01
  3.605500E+03 -3.383936E-01
  3.606000E+03 -3.051105E-01
  3.606500E+03 -2.148730E-01
  3.607000E+03 -9.762066E-02
  3.607500E+03  2.441880E-02
  3.608000E+03  1.423519E-01
  3.608500E+03  2.491280E-01
  3.609000E+03  3.216375E-01
  3.609500E+03  3.157625E-01
  3.610000E+03  1.858616E-01
  3.610500E+03 -7.989844E-02
  3.611000E+03 -4.337004E-01
  3.611500E+03 -7.756701E-01
  3.612000E+03 -9.976230E-01
  3.612500E+03 -1.038841E+00
  3.613000E+03 -9.176176E-01
  3.613500E+03 -7.157641E-01
  3.614000E+03 -5.244697E-01
  3.614500E+03 -3.870796E-01
  3.615000E+03 -2.773783E-01
  3.615500E+03 -1.277468E-01
  3.616000E+03  1.131858E-01
  3.616500E+03  4.342882E-01
  3.617000E+03  7.595620E-01
  3.617500E+03  9.910370E-01
  3.618000E+03  1.066907E+00
  3.618500E+03  9.954333E-01
  3.619000E+03  8.434634E-01
  3.619500E+03  6.903455E-01
  3.620000E+03  5.803462E-01
  3.620500E+03  5.044832E-01
  3.621000E+03  4.195090E-01
  3.621500E+03  2.859127E-01
  3.622000E+03  9.675301E-02
  3.622500E+03 -1.198995E-01
  3.623000E+03 -3.208539E-01
  3.623500E+03 -4.714126E-01
  3.624000E+03 -5.560465E-01
  3.624500E+03 -5.737182E-01
  3.625000E+03 -5.285789E-01
  3.625500E+03 -4.279271E-01
  3.626000E+03 -2.889508E-01
  3.626500E+03 -1.444334E-01
  3.627000E+03 -3.629491E-02
  3.627500E+03  3.695560E-03
  3.628000E+03 -2.644765E-02
  3.628500E+03 -9.516311E-02
  3.629000E+03 -1.554630E-01
  3.629500E+03 -1.741929E-01
  3.630000E+03 -1.519267E-01
  3.630500E+03 -1.188184E-01
  3.631000E+03 -1.093663E-01
  3.631500E+03 -1.349429E-01
  3.632000E+03 -1.745376E-01
  3.632500E+03 -1.900324E-01
  3.633000E+03 -1.535438E-01
  3.633500E+03 -6.571211E-02
  3.634000E+03  4.806020E-02
  3.634500E+03  1.583546E-01
  3.635000E+03  2.511788E-01
  3.635500E+03  3.301139E-01
  3.636000E+03  4.008495E-01
  3.636500E+03  4.535677E-01
  3.637000E+03  4.610385E-01
  3.637500E+03  3.968657E-01
  3.638000E+03  2.600008E-01
  3.638500E+03  8.403207E-02
  3.639000E+03 -7.977624E-02
  3.639500E+03 -1.955829E-01
  3.640000E+03 -2.671811E-01
  3.640500E+03 -3.325460E-01
  3.641000E+03 -4.295811E-01
  3.641500E+03 -5.569965E-01
  3.642000E+03 -6.606057E-01
  3.642500E+03 -6.588521E-01
  3.643000E+03 -4.932932E-01
  3.643500E+03 -1.706749E-01
  3.644000E+03  2.324330E-01
  3.644500E+03  6.063746E-01
  3.645000E+03  8.626217E-01
  3.645500E+03  9.708828E-01
  3.646000E+03  9.580556E-01
  3.646500E+03  8.750240E-01
  3.647000E+03  7.579427E-01
  3.647500E+03  6.107298E-01
  3.648000E+03  4.167994E-01
  3.648500E+03  1.659781E-01
  3.649000E+03 -1.263871E-01
  3.649500E+03 -4.217293E-01
  3.650000E+03 -6.771138E-01
  3.650500E+03 -8.636348E-01
  3.651000E+03 -9.704737E-01
  3.651500E+03 -9.950355E-01
  3.652000E+03 -9.320642E-01
  3.652500E+03 -7.746490E-01
  3.653000E+03 -5.279863E-01
  3.653500E+03 -2.234966E-01
  3.654000E+03  8.174788E-02
  3.654500E+03  3.245530E-01
  3.655000E+03  4.628785E-01
  3.655500E+03  4.924068E-01
  3.656000E+03  4.413066E-01
  3.656500E+03  3.483501E-01
  3.657000E+03  2.415407E-01
  3.657500E+03  1.323633E-01
  3.658000E+03  2.651364E-02
  3.658500E+03 -6.242710E-02
  3.659000E+03 -1.120818E-01
  3.659500E+03 -1.066079E-01
  3.660000E+03 -5.535299E-02
  3.660500E+03  4.172680E-03
  3.661000E+03  2.725308E-02
  3.661500E+03 -5.006663E-03
  3.662000E+03 -6.557863E-02
  3.662500E+03 -9.337766E-02
  3.663000E+03 -3.359057E-02
  3.663500E+03  1.198406E-01
  3.664000E+03  3.108505E-01
  3.664500E+03  4.497990E-01
  3.665000E+03  4.670875E-01
  3.665500E+03  3.558313E-01
  3.666000E+03  1.738644E-01
  3.666500E+03  3.558882E-03
  3.667000E+03 -1.020163E-01
  3.667500E+03 -1.483170E-01
  3.668000E+03 -1.837568E-01
  3.668500E+03 -2.522345E-01
  3.669000E+03 -3.503856E-01
  3.669500E+03 -4.229260E-01
  3.670000E+03 -4.012258E-01
  3.670500E+03 -2.575738E-01
  3.671000E+03 -3.452488E-02
  3.671500E+03  1.747244E-01
  3.672000E+03  2.842700E-01
  3.672500E+03  2.728915E-01
  3.673000E+03  2.006130E-01
  3.673500E+03  1.708305E-01
  3.674000E+03  2.609427E-01
  3.674500E+03  4.658910E-01
  3.675000E+03  6.911976E-01
  3.675500E+03  8.007315E-01
  3.676000E+03  6.906110E-01
  3.676500E+03  3.459320E-01
  3.677000E+03 -1.506407E-01
  3.677500E+03 -6.597059E-01
  3.678000E+03 -1.049203E+00
  3.678500E+03 -1.246265E+00
  3.679000E+03 -1.253152E+00
  3.679500E+03 -1.126333E+00
  3.680000E+03 -9.367830E-01
  3.680500E+03 -7.350137E-01
  3.681000E+03 -5.364556E-01
  3.681500E+03 -3.289583E-01
  3.682000E+03 -9.318902E-02
  3.682500E+03  1.769331E-01
  3.683000E+03  4.636088E-01
  3.683500E+03  7.280398E-01
  3.684000E+03  9.245134E-01
  3.684500E+03  1.019141E+00
  3.685000E+03  1.004847E+00
  3.685500E+03  9.053342E-01
  3.686000E+03  7.651357E-01
  3.686500E+03  6.295381E-01
  3.687000E+03  5.239394E-01
  3.687500E+03  4.435624E-01
  3.688000E+03  3.595285E-01
  3.688500E+03  2.382791E-01
  3.689000E+03  6.346605E-02
  3.689500E+03 -1.521581E-01
  3.690000E+03 -3.712883E-01
  3.690500E+03 -5.495529E-01
  3.691000E+03 -6.549997E-01
  3.691500E+03 -6.785075E-01
  3.692000E+03 -6.309972E-01
  3.692500E+03 -5.323266E-01
  3.693000E+03 -4.015199E-01
  3.693500E+03 -2.553639E-01
  3.694000E+03 -1.145710E-01
  3.694500E+03 -9.569672E-03
  3.695000E+03  2.302313E-02
  3.695500E+03 -4.409049E-02
  3.696000E+03 -2.083025E-01
  3.696500E+03 -4.245907E-01
  3.697000E+03 -6.123841E-01
  3.697500E+03 -6.832914E-01
  3.698000E+03 -5.787589E-01
  3.698500E+03 -2.991142E-01
  3.699000E+03  9.220905E-02
  3.699500E+03  4.935408E-01
  3.700000E+03  8.077792E-01
  3.700500E+03  9.816361E-01
  3.701000E+03  1.020996E+00
  3.701500E+03  9.748796E-01
  3.702000E+03  8.982561E-01
  3.702500E+03  8.163940E-01
  3.703000E+03  7.126607E-01
  3.703500E+03  5.473304E-01
  3.704000E+03  2.951262E-01
  3.704500E+03 -2.375072E-02
  3.705000E+03 -3.415585E-01
  3.705500E+03 -5.744548E-01
  3.706000E+03 -6.696995E-01
  3.706500E+03 -6.387777E-01
  3.707000E+03 -5.535703E-01
  3.707500E+03 -5.054254E-01
  3.708000E+03 -5.512554E-01
  3.708500E+03 -6.803703E-01
  3.709000E+03 -8.234133E-01
  3.709500E+03 -8.977574E-01
  3.710000E+03 -8.596625E-01
  3.710500E+03 -7.287439E-01
  3.711000E+03 -5.686735E-01
  3.711500E+03 -4.376179E-01
  3.712000E+03 -3.428112E-01
  3.712500E+03 -2.314211E-01
  3.713000E+03 -2.560101E-02
  3.713500E+03  3.204586E-01
  3.714000E+03  7.791942E-01
  3.714500E+03  1.252117E+00
  3.715000E+03  1.615732E+00
  3.715500E+03  1.782573E+00
  3.716000E+03  1.739880E+00
  3.716500E+03  1.543902E+00
  3.717000E+03  1.276820E+00
  3.717500E+03  9.963698E-01
  3.718000E+03  7.104812E-01
  3.718500E+03  3.904763E-01
  3.719000E+03  1.007978E-02
  3.719500E+03 -4.185065E-01
  3.720000E+03 -8.362779E-01
  3.720500E+03 -1.161876E+00
  3.721000E+03 -1.332352E+00
  3.721500E+03 -1.334573E+00
  3.722000E+03 -1.209321E+00
  3.722500E+03 -1.028079E+00
  3.723000E+03 -8.582613E-01
  3.723500E+03 -7.367428E-01
  3.724000E+03 -6.634358E-01
  3.724500E+03 -6.132875E-01
  3.725000E+03 -5.556504E-01
  3.725500E+03 -4.692733E-01
  3.726000E+03 -3.474673E-01
  3.726500E+03 -1.954904E-01
  3.727000E+03 -2.567418E-02
  3.727500E+03  1.458615E-01
  3.728000E+03  3.010912E-01
  3.728500E+03  4.232016E-01
  3.729000E+03  5.024850E-01
  3.729500E+03  5.430698E-01
  3.730000E+03  5.657611E-01
  3.730500E+03  6.027201E-01
  3.731000E+03  6.836878E-01
  3.731500E+03  8.188139E-01
  3.732000E+03  9.866379E-01
  3.732500E+03  1.134967E+00
  3.733000E+03  1.197036E+00
  3.733500E+03  1.117695E+00
  3.734000E+03  8.783084E-01
  3.734500E+03  5.081672E-01
  3.735000E+03  7.578245E-02
  3.735500E+03 -3.367369E-01
  3.736000E+03 -6.640907E-01
  3.736500E+03 -8.780610E-01
  3.737000E+03 -9.883329E-01
  3.737500E+03 -1.025666E+00
  3.738000E+03 -1.019214E+00
  3.738500E+03 -9.822186E-01
  3.739000E+03 -9.134301E-01
  3.739500E+03 -8.100452E-01
  3.740000E+03 -6.797872E-01
  3.740500E+03 -5.410518E-01
  3.741000E+03 -4.100603E-01
  3.741500E+03 -2.853641E-01
  3.742000E+03 -1.439173E-01
  3.742500E+03  4.446368E-02
  3.743000E+03  2.914073E-01
  3.743500E+03  5.705312E-01
  3.744000E+03  8.200018E-01
  3.744500E+03  9.692176E-01
  3.745000E+03  9.750861E-01
  3.745500E+03  8.456147E-01
  3.746000E+03  6.357121E-01
  3.746500E+03  4.177428E-01
  3.747000E+03  2.454268E-01
  3.747500E+03  1.330583E-01
  3.748000E+03  6.067857E-02
  3.748500E+03 -1.852255E-03
  3.749000E+03 -7.038934E-02
  3.749500E+03 -1.378425E-01
  3.750000E+03 -1.842633E-01
  3.750500E+03 -1.949896E-01
  3.751000E+03 -1.721565E-01
  3.751500E+03 -1.324215E-01
  3.752000E+03 -9.566977E-02
  3.752500E+03 -7.575090E-02
  3.753000E+03 -8.026251E-02
  3.753500E+03 -1.163771E-01
  3.754000E+03 -1.931118E-01
  3.754500E+03 -3.136295E-01
  3.755000E+03 -4.617778E-01
  3.755500E+03 -5.956967E-01
  3.756000E+03 -6.593585E-01
  3.756500E+03 -6.101718E-01
  3.757000E+03 -4.466258E-01
  3.757500E+03 -2.161591E-01
  3.758000E+03  5.304259E-03
  3.758500E+03  1.514845E-01
  3.759000E+03  1.977889E-01
  3.759500E+03  1.670464E-01
  3.760000E+03  1.071033E-01
  3.760500E+03  5.835054E-02
  3.761000E+03  3.551815E-02
  3.761500E+03  3.556757E-02
  3.762000E+03  6.159389E-02
  3.762500E+03  1.385342E-01
  3.763000E+03  3.020348E-01
  3.763500E+03  5.639205E-01
  3.764000E+03  8.797335E-01
  3.764500E+03  1.147900E+00
  3.765000E+03  1.250930E+00
  3.765500E+03  1.118903E+00
  3.766000E+03  7.760258E-01
  3.766500E+03  3.375471E-01
  3.767000E+03 -4.570454E-02
  3.767500E+03 -2.641851E-01
  3.768000E+03 -3.023385E-01
  3.768500E+03 -2.364848E-01
  3.769000E+03 -1.817300E-01
  3.769500E+03 -2.227663E-01
  3.770000E+03 -3.708104E-01
  3.770500E+03 -5.690724E-01
  3.771000E+03 -7.368379E-01
  3.771500E+03 -8.195616E-01
  3.772000E+03 -8.132509E-01
  3.772500E+03 -7.527355E-01
  3.773000E+03 -6.786249E-01
  3.773500E+03 -6.094216E-01
  3.774000E+03 -5.372154E-01
  3.774500E+03 -4.457677E-01
  3.775000E+03 -3.337757E-01
  3.775500E+03 -2.244303E-01
  3.776000E+03 -1.543474E-01
  3.776500E+03 -1.503610E-01
  3.777000E+03 -2.103031E-01
  3.777500E+03 -2.996571E-01
  3.778000E+03 -3.646734E-01
  3.778500E+03 -3.530351E-01
  3.779000E+03 -2.312929E-01
  3.779500E+03  6.794094E-03
  3.780000E+03  3.405555E-01
  3.780500E+03  7.279862E-01
  3.781000E+03  1.114227E+00
  3.781500E+03  1.442328E+00
  3.782000E+03  1.665190E+00
  3.782500E+03  1.755231E+00
  3.783000E+03  1.707258E+00
  3.783500E+03  1.532891E+00
  3.784000E+03  1.250529E+00
  3.784500E+03  8.786747E-01
  3.785000E+03  4.383606E-01
  3.785500E+03 -3.718041E-02
  3.786000E+03 -4.950368E-01
  3.786500E+03 -8.677889E-01
  3.787000E+03 -1.093994E+00
  3.787500E+03 -1.144876E+00
  3.788000E+03 -1.041076E+00
  3.788500E+03 -8.471732E-01
  3.789000E+03 -6.448120E-01
  3.789500E+03 -4.989204E-01
  3.790000E+03 -4.359224E-01
  3.790500E+03 -4.446155E-01
  3.791000E+03 -4.952585E-01
  3.791500E+03 -5.612007E-01
  3.792000E+03 -6.280067E-01
  3.792500E+03 -6.865746E-01
  3.793000E+03 -7.201318E-01
  3.793500E+03 -6.998885E-01
  3.794000E+03 -5.967716E-01
  3.794500E+03 -4.027771E-01
  3.795000E+03 -1.459169E-01
  3.795500E+03  1.147741E-01
  3.796000E+03  3.144834E-01
  3.796500E+03  4.139977E-01
  3.797000E+03  4.180368E-01
  3.797500E+03  3.695279E-01
  3.798000E+03  3.244030E-01
  3.798500E+03  3.234695E-01
  3.799000E+03  3.780543E-01
  3.799500E+03  4.750179E-01
  3.800000E+03  5.929802E-01
  3.800500E+03  7.152883E-01
  3.801000E+03  8.304502E-01
  3.801500E+03  9.227375E-01
  3.802000E+03  9.647356E-01
  3.802500E+03  9.225700E-01
  3.803000E+03  7.740672E-01
  3.803500E+03  5.282647E-01
  3.804000E+03  2.308345E-01
  3.804500E+03 -5.221625E-02
  3.805000E+03 -2.656509E-01
  3.805500E+03 -3.927694E-01
  3.806000E+03 -4.619674E-01
  3.806500E+03 -5.265057E-01
  3.807000E+03 -6.285464E-01
  3.807500E+03 -7.688133E-01
  3.808000E+03 -9.005061E-01
  3.808500E+03 -9.519435E-01
  3.809000E+03 -8.655489E-01
  3.809500E+03 -6.313827E-01
  3.810000E+03 -2.967989E-01
  3.810500E+03  5.252820E-02
  3.811000E+03  3.293312E-01
  3.811500E+03  4.796872E-01
  3.812000E+03  4.991827E-01
  3.812500E+03  4.247077E-01
  3.813000E+03  3.094038E-01
  3.813500E+03  1.958377E-01
  3.814000E+03  1.010203E-01
  3.814500E+03  1.839839E-02
  3.815000E+03 -6.799662E-02
  3.815500E+03 -1.677563E-01
  3.816000E+03 -2.760729E-01
  3.816500E+03 -3.766267E-01
  3.817000E+03 -4.514533E-01
  3.817500E+03 -4.902494E-01
  3.818000E+03 -4.930949E-01
  3.818500E+03 -4.656308E-01
  3.819000E+03 -4.108420E-01
  3.819500E+03 -3.236265E-01
  3.820000E+03 -1.923932E-01
  3.820500E+03 -7.514808E-03
  3.821000E+03  2.277021E-01
  3.821500E+03  4.895866E-01
  3.822000E+03  7.349361E-01
  3.822500E+03  9.113599E-01
  3.823000E+03  9.743365E-01
  3.823500E+03  9.050124E-01
  3.824000E+03  7.214914E-01
  3.824500E+03  4.776182E-01
  3.825000E+03  2.472688E-01
  3.825500E+03  9.811813E-02
  3.826000E+03  6.459830E-02
  3.826500E+03  1.321749E-01
  3.827000E+03  2.417425E-01
  3.827500E+03  3.142107E-01
  3.828000E+03  2.850441E-01
  3.828500E+03  1.324339E-01
  3.829000E+03 -1.148346E-01
  3.829500E+03 -3.933106E-01
  3.830000E+03 -6.352505E-01
  3.830500E+03 -7.965319E-01
  3.831000E+03 -8.677658E-01
  3.831500E+03 -8.653602E-01
  3.832000E+03 -8.116911E-01
  3.832500E+03 -7.191092E-01
  3.833000E+03 -5.878305E-01
  3.833500E+03 -4.165776E-01
  3.834000E+03 -2.154262E-01
  3.834500E+03 -9.421421E-03
  3.835000E+03  1.705257E-01
  3.835500E+03  3.025268E-01
  3.836000E+03  3.827359E-01
  3.836500E+03  4.215285E-01
  3.837000E+03  4.302785E-01
  3.837500E+03  4.100016E-01
  3.838000E+03  3.519311E-01
  3.838500E+03  2.504345E-01
  3.839000E+03  1.179866E-01
  3.839500E+03 -1.119862E-02
  3.840000E+03 -9.474292E-02
  3.840500E+03 -1.057850E-01
  3.841000E+03 -5.099900E-02
  3.841500E+03  3.028542E-02
  3.842000E+03  8.672828E-02
  3.842500E+03  8.288022E-02
  3.843000E+03  1.714348E-02
  3.843500E+03 -8.013690E-02
  3.844000E+03 -1.648042E-01
  3.844500E+03 -1.998343E-01
  3.845000E+03 -1.665389E-01
  3.845500E+03 -6.326667E-02
  3.846000E+03  1.009984E-01
  3.846500E+03  3.086074E-01
  3.847000E+03  5.285034E-01
  3.847500E+03  7.122910E-01
  3.848000E+03  8.016746E-01
  3.848500E+03  7.501823E-01
  3.849000E+03  5.491085E-01
  3.849500E+03  2.400409E-01
  3.850000E+03 -9.822098E-02
  3.850500E+03 -3.843625E-01
  3.851000E+03 -5.712111E-01
  3.851500E+03 -6.616473E-01
  3.852000E+03 -6.940524E-01
  3.852500E+03 -7.080909E-01
  3.853000E+03 -7.149946E-01
  3.853500E+03 -6.927728E-01
  3.854000E+03 -6.083715E-01
  3.854500E+03 -4.491332E-01
  3.855000E+03 -2.394773E-01
  3.855500E+03 -3.022952E-02
  3.856000E+03  1.312536E-01
  3.856500E+03  2.277569E-01
  3.857000E+03  2.761949E-01
  3.857500E+03  3.071684E-01
  3.858000E+03  3.371526E-01
  3.858500E+03  3.557076E-01
  3.859000E+03  3.377917E-01
  3.859500E+03  2.708608E-01
  3.860000E+03  1.739584E-01
  3.860500E+03  9.156296E-02
  3.861000E+03  6.470784E-02
  3.861500E+03  1.007306E-01
  3.862000E+03  1.659291E-01
  3.862500E+03  2.092272E-01
  3.863000E+03  2.011828E-01
  3.863500E+03  1.592586E-01
  3.864000E+03  1.381898E-01
  3.864500E+03  1.888927E-01
  3.865000E+03  3.133377E-01
  3.865500E+03  4.484282E-01
  3.866000E+03  4.941080E-01
  3.866500E+03  3.712157E-01
  3.867000E+03  7.334428E-02
  3.867500E+03 -3.209511E-01
  3.868000E+03 -6.848131E-01
  3.868500E+03 -9.071604E-01
  3.869000E+03 -9.459871E-01
  3.869500E+03 -8.403990E-01
  3.870000E+03 -6.772657E-01
  3.870500E+03 -5.358152E-01
  3.871000E+03 -4.447426E-01
  3.871500E+03 -3.756533E-01
  3.872000E+03 -2.724344E-01
  3.872500E+03 -9.463850E-02
  3.873000E+03  1.529347E-01
  3.873500E+03  4.207455E-01
  3.874000E+03  6.415249E-01
  3.874500E+03  7.650300E-01
  3.875000E+03  7.797525E-01
  3.875500E+03  7.112394E-01
  3.876000E+03  6.016340E-01
  3.876500E+03  4.850495E-01
  3.877000E+03  3.734055E-01
  3.877500E+03  2.589259E-01
  3.878000E+03  1.287740E-01
  3.878500E+03 -1.921050E-02
  3.879000E+03 -1.698771E-01
  3.879500E+03 -2.966816E-01
  3.880000E+03 -3.755319E-01
  3.880500E+03 -3.974020E-01
  3.881000E+03 -3.719706E-01
  3.881500E+03 -3.206799E-01
  3.882000E+03 -2.644224E-01
  3.882500E+03 -2.141448E-01
  3.883000E+03 -1.699946E-01
  3.883500E+03 -1.280601E-01
  3.884000E+03 -8.797722E-02
  3.884500E+03 -5.412416E-02
  3.885000E+03 -2.866613E-02
  3.885500E+03 -2.505482E-03
  3.886000E+03  4.599124E-02
  3.886500E+03  1.388062E-01
  3.887000E+03  2.773714E-01
  3.887500E+03  4.271524E-01
  3.888000E+03  5.224330E-01
  3.888500E+03  4.950777E-01
  3.889000E+03  3.145037E-01
  3.889500E+03  1.513353E-02
  3.890000E+03 -3.087722E-01
  3.890500E+03 -5.430163E-01
  3.891000E+03 -6.083745E-01
  3.891500E+03 -4.995300E-01
  3.892000E+03 -2.848809E-01
  3.892500E+03 -6.707996E-02
  3.893000E+03  7.206499E-02
  3.893500E+03  1.096936E-01
  3.894000E+03  8.207046E-02
  3.894500E+03  5.047195E-02
  3.895000E+03  5.742219E-02
  3.895500E+03  1.017191E-01
  3.896000E+03  1.457283E-01
  3.896500E+03  1.459354E-01
  3.897000E+03  8.349137E-02
  3.897500E+03 -2.549161E-02
  3.898000E+03 -1.435446E-01
  3.898500E+03 -2.358557E-01
  3.899000E+03 -2.859249E-01
  3.899500E+03 -2.933846E-01
  3.900000E+03 -2.599936E-01
  3.900500E+03 -1.789679E-01
  3.901000E+03 -3.876712E-02
  3.901500E+03  1.609518E-01
  3.902000E+03  3.950462E-01
  3.902500E+03  6.142312E-01
  3.903000E+03  7.643857E-01
  3.903500E+03  8.118549E-01
  3.904000E+03  7.572197E-01
  3.904500E+03  6.278833E-01
  3.905000E+03  4.554068E-01
  3.905500E+03  2.549304E-01
  3.906000E+03  2.238063E-02
  3.906500E+03 -2.485261E-01
  3.907000E+03 -5.430110E-01
  3.907500E+03 -8.148558E-01
  3.908000E+03 -9.993920E-01
  3.908500E+03 -1.043548E+00
  3.909000E+03 -9.339942E-01
  3.909500E+03 -7.051002E-01
  3.910000E+03 -4.218044E-01
  3.910500E+03 -1.489011E-01
  3.911000E+03  7.390099E-02
  3.911500E+03  2.375085E-01
  3.912000E+03  3.503395E-01
  3.912500E+03  4.197468E-01
  3.913000E+03  4.428897E-01
  3.913500E+03  4.127632E-01
  3.914000E+03  3.324966E-01
  3.914500E+03  2.245906E-01
  3.915000E+03  1.258775E-01
  3.915500E+03  7.006470E-02
  3.916000E+03  6.927741E-02
  3.916500E+03  1.071299E-01
  3.917000E+03  1.480868E-01
  3.917500E+03  1.570969E-01
  3.918000E+03  1.172980E-01
  3.918500E+03  3.581038E-02
  3.919000E+03 -6.398713E-02
  3.919500E+03 -1.569663E-01
  3.920000E+03 -2.279194E-01
  3.920500E+03 -2.743865E-01
  3.921000E+03 -3.013548E-01
  3.921500E+03 -3.134357E-01
  3.922000E+03 -3.103496E-01
  3.922500E+03 -2.879021E-01
  3.923000E+03 -2.423674E-01
  3.923500E+03 -1.743082E-01
  3.924000E+03 -8.911567E-02
  3.924500E+03  5.594962E-03
  3.925000E+03  1.034319E-01
  3.925500E+03  2.010362E-01
  3.926000E+03  2.972598E-01
  3.926500E+03  3.905431E-01
  3.927000E+03  4.763046E-01
  3.927500E+03  5.459513E-01
  3.928000E+03  5.881406E-01
  3.928500E+03  5.918270E-01
  3.929000E+03  5.498560E-01
  3.929500E+03  4.616382E-01
  3.930000E+03  3.338014E-01
  3.930500E+03  1.785927E-01
  3.931000E+03  1.086893E-02
  3.931500E+03 -1.548302E-01
  3.932000E+03 -3.058504E-01
  3.932500E+03 -4.314516E-01
  3.933000E+03 -5.223512E-01
  3.933500E+03 -5.712645E-01
  3.934000E+03 -5.750735E-01
  3.934500E+03 -5.376699E-01
  3.935000E+03 -4.714181E-01
  3.935500E+03 -3.955342E-01
  3.936000E+03 -3.313716E-01
  3.936500E+03 -2.964249E-01
  3.937000E+03 -2.994641E-01
  3.937500E+03 -3.382385E-01
  3.938000E+03 -3.995809E-01
  3.938500E+03 -4.609691E-01
  3.939000E+03 -4.932641E-01
  3.939500E+03 -4.655603E-01
  3.940000E+03 -3.531418E-01
  3.940500E+03 -1.475451E-01
  3.941000E+03  1.352894E-01
  3.941500E+03  4.542749E-01
  3.942000E+03  7.531810E-01
  3.942500E+03  9.792084E-01
  3.943000E+03  1.102220E+00
  3.943500E+03  1.124758E+00
  3.944000E+03  1.076862E+00
  3.944500E+03  9.977669E-01
  3.945000E+03  9.140074E-01
  3.945500E+03  8.257556E-01
  3.946000E+03  7.086737E-01
  3.946500E+03  5.300223E-01
  3.947000E+03  2.702180E-01
  3.947500E+03 -6.130042E-02
  3.948000E+03 -4.234422E-01
  3.948500E+03 -7.547940E-01
  3.949000E+03 -9.935713E-01
  3.949500E+03 -1.098159E+00
  3.950000E+03 -1.061044E+00
  3.950500E+03 -9.117838E-01
  3.951000E+03 -7.080060E-01
  3.951500E+03 -5.167786E-01
  3.952000E+03 -3.918748E-01
  3.952500E+03 -3.548433E-01
  3.953000E+03 -3.877449E-01
  3.953500E+03 -4.416537E-01
  3.954000E+03 -4.582098E-01
  3.954500E+03 -3.948422E-01
  3.955000E+03 -2.418570E-01
  3.955500E+03 -2.355851E-02
  3.956000E+03  2.158827E-01
  3.956500E+03  4.330112E-01
  3.957000E+03  6.007227E-01
  3.957500E+03  7.119272E-01
  3.958000E+03  7.723449E-01
  3.958500E+03  7.898027E-01
  3.959000E+03  7.678309E-01
  3.959500E+03  7.064372E-01
  3.960000E+03  6.069773E-01
  3.960500E+03  4.756768E-01
  3.961000E+03  3.229183E-01
  3.961500E+03  1.600552E-01
  3.962000E+03 -2.172704E-03
  3.962500E+03 -1.517004E-01
  3.963000E+03 -2.723609E-01
  3.963500E+03 -3.454836E-01
  3.964000E+03 -3.584943E-01
  3.964500E+03 -3.167917E-01
  3.965000E+03 -2.501281E-01
  3.965500E+03 -2.058334E-01
  3.966000E+03 -2.289160E-01
  3.966500E+03 -3.384831E-01
  3.967000E+03 -5.141688E-01
  3.967500E+03 -7.016323E-01
  3.968000E+03 -8.351988E-01
  3.968500E+03 -8.655275E-01
  3.969000E+03 -7.775730E-01
  3.969500E+03 -5.905871E-01
  3.970000E+03 -3.428481E-01
  3.970500E+03 -7.189582E-02
  3.971000E+03  1.984216E-01
  3.971500E+03  4.589906E-01
  3.972000E+03  7.073079E-01
  3.972500E+03  9.372500E-01
  3.973000E+03  1.132954E+00
  3.973500E+03  1.269270E+00
  3.974000E+03  1.317938E+00
  3.974500E+03  1.257307E+00
  3.975000E+03  1.082943E+00
  3.975500E+03  8.154174E-01
  3.976000E+03  5.002631E-01
  3.976500E+03  1.960977E-01
  3.977000E+03 -4.776744E-02
  3.977500E+03 -2.150597E-01
  3.978000E+03 -3.335108E-01
  3.978500E+03 -4.625208E-01
  3.979000E+03 -6.594884E-01
  3.979500E+03 -9.414011E-01
  3.980000E+03 -1.264693E+00
  3.980500E+03 -1.538185E+00
  3.981000E+03 -1.664525E+00
  3.981500E+03 -1.587107E+00
  3.982000E+03 -1.315024E+00
  3.982500E+03 -9.122646E-01
  3.983000E+03 -4.606228E-01
  3.983500E+03 -2.242459E-02
  3.984000E+03  3.726969E-01
  3.984500E+03  7.120694E-01
  3.985000E+03  9.730261E-01
  3.985500E+03  1.111370E+00
  3.986000E+03  1.079847E+00
  3.986500E+03  8.666122E-01
  3.987000E+03  5.250065E-01
  3.987500E+03  1.679254E-01
  3.988000E+03 -7.720238E-02
  3.988500E+03 -1.290395E-01
  3.989000E+03  8.139051E-03
  3.989500E+03  2.508580E-01
  3.990000E+03  4.846482E-01
  3.990500E+03  6.237350E-01
  3.991000E+03  6.463444E-01
  3.991500E+03  5.879073E-01
  3.992000E+03  5.027861E-01
  3.992500E+03  4.237964E-01
  3.993000E+03  3.459058E-01
  3.993500E+03  2.401805E-01
  3.994000E+03  8.241572E-02
  3.994500E+03 -1.265937E-01
  3.995000E+03 -3.618964E-01
  3.995500E+03 -5.909309E-01
  3.996000E+03 -7.891806E-01
  3.996500E+03 -9.421232E-01
  3.997000E+03 -1.034887E+00
  3.997500E+03 -1.043059E+00
  3.998000E+03 -9.377314E-01
  3.998500E+03 -7.054825E-01
  3.999000E+03 -3.698576E-01
  3.999500E+03  3.295370E-03
  4.000000E+03  3.247691E-01
  4.000500E+03  5.171425E-01
  4.001000E+03  5.470779E-01
  4.001500E+03  4.375919E-01
  4.002000E+03  2.556062E-01
  4.002500E+03  8.364006E-02
  4.003000E+03 -9.823711E-03
  4.003500E+03  9.363158E-03
  4.004000E+03  1.329837E-01
  4.004500E+03  3.131251E-01
  4.005000E+03  4.746820E-01
  4.005500E+03  5.384259E-01
  4.006000E+03  4.522856E-01
  4.006500E+03  2.204213E-01
  4.007000E+03 -8.663233E-02
  4.007500E+03 -3.535578E-01
  4.008000E+03 -4.703298E-01
  4.008500E+03 -3.878888E-01
  4.009000E+03 -1.476222E-01
  4.009500E+03  1.360297E-01
  4.010000E+03  3.336425E-01
  4.010500E+03  3.673733E-01
  4.011000E+03  2.468975E-01
  4.011500E+03  5.391188E-02
  4.012000E+03 -1.132057E-01
  4.012500E+03 -1.981087E-01
  4.013000E+03 -2.116490E-01
  4.013500E+03 -2.106344E-01
  4.014000E+03 -2.488527E-01
  4.014500E+03 -3.361234E-01
  4.015000E+03 -4.326295E-01
  4.015500E+03 -4.789998E-01
  4.016000E+03 -4.375552E-01
  4.016500E+03 -3.145254E-01
  4.017000E+03 -1.496256E-01
  4.017500E+03  1.544839E-02
  4.018000E+03  1.634144E-01
  4.018500E+03  3.026840E-01
  4.019000E+03  4.447332E-01
  4.019500E+03  5.781585E-01
  4.020000E+03  6.628121E-01
  4.020500E+03  6.518271E-01
  4.021000E+03  5.274399E-01
  4.021500E+03  3.246909E-01
  4.022000E+03  1.239074E-01
  4.022500E+03  1.325294E-02
  4.023000E+03  4.221307E-02
  4.023500E+03  1.927436E-01
  4.024000E+03  3.841239E-01
  4.024500E+03  5.084085E-01
  4.025000E+03  4.779709E-01
  4.025500E+03  2.628516E-01
  4.026000E+03 -9.697743E-02
  4.026500E+03 -5.070431E-01
  4.027000E+03 -8.535550E-01
  4.027500E+03 -1.044634E+00
  4.028000E+03 -1.042712E+00
  4.028500E+03 -8.759364E-01
  4.029000E+03 -6.232077E-01
  4.029500E+03 -3.779380E-01
  4.030000E+03 -2.065152E-01
  4.030500E+03 -1.223334E-01
  4.031000E+03 -8.991682E-02
  4.031500E+03 -5.710800E-02
  4.032000E+03  4.490086E-03
  4.032500E+03  7.748320E-02
  4.033000E+03  1.111197E-01
  4.033500E+03  6.139099E-02
  4.034000E+03 -6.815848E-02
  4.034500E+03 -2.146190E-01
  4.035000E+03 -2.845092E-01
  4.035500E+03 -2.072668E-01
  4.036000E+03  2.038272E-02
  4.036500E+03  3.282367E-01
  4.037000E+03  6.089591E-01
  4.037500E+03  7.737058E-01
  4.038000E+03  7.924778E-01
  4.038500E+03  6.970368E-01
  4.039000E+03  5.505702E-01
  4.039500E+03  4.091936E-01
  4.040000E+03  3.013577E-01
  4.040500E+03  2.333408E-01
  4.041000E+03  2.074729E-01
  4.041500E+03  2.316704E-01
  4.042000E+03  3.098311E-01
  4.042500E+03  4.225956E-01
  4.043000E+03  5.195727E-01
  4.043500E+03  5.369162E-01
  4.044000E+03  4.332498E-01
  4.044500E+03  2.192481E-01
  4.045000E+03 -4.311193E-02
  4.045500E+03 -2.753972E-01
  4.046000E+03 -4.302269E-01
  4.046500E+03 -5.190627E-01
  4.047000E+03 -6.003251E-01
  4.047500E+03 -7.352847E-01
  4.048000E+03 -9.417174E-01
  4.048500E+03 -1.176591E+00
  4.049000E+03 -1.358407E+00
  4.049500E+03 -1.412627E+00
  4.050000E+03 -1.309505E+00
  4.050500E+03 -1.071831E+00
  4.051000E+03 -7.529788E-01
  4.051500E+03 -4.054133E-01
  4.052000E+03 -6.242136E-02
  4.052500E+03  2.586518E-01
  4.053000E+03  5.418471E-01
  4.053500E+03  7.643382E-01
  4.054000E+03  9.036450E-01
  4.054500E+03  9.536101E-01
  4.055000E+03  9.333295E-01
  4.055500E+03  8.787115E-01
  4.056000E+03  8.214706E-01
  4.056500E+03  7.718603E-01
  4.057000E+03  7.190228E-01
  4.057500E+03  6.481040E-01
  4.058000E+03  5.586022E-01
  4.058500E+03  4.666792E-01
  4.059000E+03  3.877307E-01
  4.059500E+03  3.137148E-01
  4.060000E+03  2.071426E-01
  4.060500E+03  2.274429E-02
  4.061000E+03 -2.541821E-01
  4.061500E+03 -5.798969E-01
  4.062000E+03 -8.586697E-01
  4.062500E+03 -9.853743E-01
  4.063000E+03 -9.005862E-01
  4.063500E+03 -6.242862E-01
  4.064000E+03 -2.471595E-01
  4.064500E+03  1.143940E-01
  4.065000E+03  3.711861E-01
  4.065500E+03  4.915356E-01
  4.066000E+03  4.963380E-01
  4.066500E+03  4.302321E-01
  4.067000E+03  3.326713E-01
  4.067500E+03  2.263980E-01
  4.068000E+03  1.231084E-01
  4.068500E+03  3.233136E-02
  4.069000E+03 -3.959395E-02
  4.069500E+03 -1.003021E-01
  4.070000E+03 -1.788071E-01
  4.070500E+03 -3.158144E-01
  4.071000E+03 -5.365346E-01
  4.071500E+03 -8.221646E-01
  4.072000E+03 -1.101943E+00
  4.072500E+03 -1.276548E+00
  4.073000E+03 -1.262802E+00
  4.073500E+03 -1.034319E+00
  4.074000E+03 -6.343313E-01
  4.074500E+03 -1.544699E-01
  4.075000E+03  3.057770E-01
  4.075500E+03  6.745011E-01
  4.076000E+03  9.203823E-01
  4.076500E+03  1.043205E+00
  4.077000E+03  1.055853E+00
  4.077500E+03  9.731630E-01
  4.078000E+03  8.128851E-01
  4.078500E+03  6.020517E-01
  4.079000E+03  3.780719E-01
  4.079500E+03  1.800075E-01
  4.080000E+03  3.533756E-02
  4.080500E+03 -4.787261E-02
  4.081000E+03 -7.784045E-02
  4.081500E+03 -6.846240E-02
  4.082000E+03 -3.033378E-02
  4.082500E+03  3.010030E-02
  4.083000E+03  1.048634E-01
  4.083500E+03  1.799350E-01
  4.084000E+03  2.381055E-01
  4.084500E+03  2.676930E-01
  4.085000E+03  2.689061E-01
  4.085500E+03  2.505460E-01
  4.086000E+03  2.181543E-01
  4.086500E+03  1.635039E-01
  4.087000E+03  6.623481E-02
  4.087500E+03 -9.051195E-02
  4.088000E+03 -3.007813E-01
  4.088500E+03 -5.282953E-01
  4.089000E+03 -7.190809E-01
  4.089500E+03 -8.277252E-01
  4.090000E+03 -8.396637E-01
  4.090500E+03 -7.738630E-01
  4.091000E+03 -6.645244E-01
  4.091500E+03 -5.362647E-01
  4.092000E+03 -3.920730E-01
  4.092500E+03 -2.229169E-01
  4.093000E+03 -3.006802E-02
  4.093500E+03  1.598257E-01
  4.094000E+03  3.018796E-01
  4.094500E+03  3.595680E-01
  4.095000E+03  3.313454E-01
  4.095500E+03  2.558007E-01
  4.096000E+03  1.889039E-01
  4.096500E+03  1.680459E-01
  4.097000E+03  1.885184E-01
  4.097500E+03  2.098924E-01
  4.098000E+03  1.880661E-01
  4.098500E+03  1.097485E-01
  4.099000E+03  4.252337E-03
  4.099500E+03 -7.576991E-02
  4.100000E+03 -9.016926E-02
  4.100500E+03 -3.743775E-02
  4.101000E+03  4.730945E-02
  4.101500E+03  1.197816E-01
  4.102000E+03  1.582940E-01
  4.102500E+03  1.767323E-01
  4.103000E+03  2.105591E-01
  4.103500E+03  2.877315E-01
  4.104000E+03  4.062716E-01
  4.104500E+03  5.334113E-01
  4.105000E+03  6.242559E-01
  4.105500E+03  6.445059E-01
  4.106000E+03  5.817246E-01
  4.106500E+03  4.413759E-01
  4.107000E+03  2.365563E-01
  4.107500E+03 -1.664663E-02
  4.108000E+03 -2.945674E-01
  4.108500E+03 -5.599142E-01
  4.109000E+03 -7.656159E-01
  4.109500E+03 -8.719108E-01
  4.110000E+03 -8.670598E-01
  4.110500E+03 -7.757316E-01
  4.111000E+03 -6.459965E-01
  4.111500E+03 -5.215597E-01
  4.112000E+03 -4.180025E-01
  4.112500E+03 -3.200803E-01
  4.113000E+03 -2.019317E-01
  4.113500E+03 -5.473730E-02
  4.114000E+03  9.951542E-02
  4.114500E+03  2.190442E-01
  4.115000E+03  2.699810E-01
  4.115500E+03  2.499179E-01
  4.116000E+03  1.897431E-01
  4.116500E+03  1.329421E-01
  4.117000E+03  1.084728E-01
  4.117500E+03  1.172706E-01
  4.118000E+03  1.406790E-01
  4.118500E+03  1.614548E-01
  4.119000E+03  1.787778E-01
  4.119500E+03  2.051251E-01
  4.120000E+03  2.491938E-01
  4.120500E+03  3.014047E-01
  4.121000E+03  3.363437E-01
  4.121500E+03  3.314690E-01
  4.122000E+03  2.862385E-01
  4.122500E+03  2.238255E-01
  4.123000E+03  1.714395E-01
  4.123500E+03  1.341670E-01
  4.124000E+03  8.523437E-02
  4.124500E+03 -1.531488E-02
  4.125000E+03 -1.841625E-01
  4.125500E+03 -3.878750E-01
  4.126000E+03 -5.496124E-01
  4.126500E+03 -5.903070E-01
  4.127000E+03 -4.789307E-01
  4.127500E+03 -2.569396E-01
  4.128000E+03 -1.769446E-02
  4.128500E+03  1.476008E-01
  4.129000E+03  2.020790E-01
  4.129500E+03  1.788166E-01
  4.130000E+03  1.503401E-01
  4.130500E+03  1.742918E-01
  4.131000E+03  2.532443E-01
  4.131500E+03  3.354026E-01
  4.132000E+03  3.533837E-01
  4.132500E+03  2.719998E-01
  4.133000E+03  1.114689E-01
  4.133500E+03 -6.816207E-02
  4.134000E+03 -2.075028E-01
  4.134500E+03 -2.830753E-01
  4.135000E+03 -3.135783E-01
  4.135500E+03 -3.361525E-01
  4.136000E+03 -3.730968E-01
  4.136500E+03 -4.142649E-01
  4.137000E+03 -4.264354E-01
  4.137500E+03 -3.801583E-01
  4.138000E+03 -2.727735E-01
  4.138500E+03 -1.312829E-01
  4.139000E+03  4.840227E-03
  4.139500E+03  1.063537E-01
  4.140000E+03  1.659504E-01
  4.140500E+03  1.930592E-01
  4.141000E+03  1.994791E-01
  4.141500E+03  1.893823E-01
  4.142000E+03  1.614865E-01
  4.142500E+03  1.196763E-01
  4.143000E+03  8.089696E-02
  4.143500E+03  7.156627E-02
  4.144000E+03  1.135139E-01
  4.144500E+03  2.092807E-01
  4.145000E+03  3.374802E-01
  4.145500E+03  4.615525E-01
  4.146000E+03  5.458254E-01
  4.146500E+03  5.686163E-01
  4.147000E+03  5.257128E-01
  4.147500E+03  4.252367E-01
  4.148000E+03  2.802195E-01
  4.148500E+03  1.045531E-01
  4.149000E+03 -8.695874E-02
  4.149500E+03 -2.778859E-01
  4.150000E+03 -4.520033E-01
  4.150500E+03 -5.970697E-01
  4.151000E+03 -7.067972E-01
  4.151500E+03 -7.782274E-01
  4.152000E+03 -8.062218E-01
  4.152500E+03 -7.805357E-01
  4.153000E+03 -6.899386E-01
  4.153500E+03 -5.321437E-01
  4.154000E+03 -3.224529E-01
  4.154500E+03 -9.332393E-02
  4.155000E+03  1.170645E-01
  4.155500E+03  2.808549E-01
  4.156000E+03  3.906167E-01
  4.156500E+03  4.567282E-01
  4.157000E+03  4.944533E-01
  4.157500E+03  5.107862E-01
  4.158000E+03  5.011538E-01
  4.158500E+03  4.582031E-01
  4.159000E+03  3.851427E-01
  4.159500E+03  3.020705E-01
  4.160000E+03  2.386721E-01
  4.160500E+03  2.169541E-01
  4.161000E+03  2.354998E-01
  4.161500E+03  2.662802E-01
  4.162000E+03  2.668072E-01
  4.162500E+03  2.006032E-01
  4.163000E+03  5.451945E-02
  4.163500E+03 -1.552420E-01
  4.164000E+03 -3.889790E-01
  4.164500E+03 -5.960041E-01
  4.165000E+03 -7.280835E-01
  4.165500E+03 -7.512343E-01
  4.166000E+03 -6.557107E-01
  4.166500E+03 -4.627962E-01
  4.167000E+03 -2.238951E-01
  4.167500E+03 -7.102449E-03
  4.168000E+03  1.280511E-01
  4.168500E+03  1.579903E-01
  4.169000E+03  1.093471E-01
  4.169500E+03  4.868562E-02
  4.170000E+03  4.939991E-02
  4.170500E+03  1.520727E-01
  4.171000E+03  3.404994E-01
  4.171500E+03  5.476986E-01
  4.172000E+03  6.888082E-01
  4.172500E+03  7.020027E-01
  4.173000E+03  5.748142E-01
  4.173500E+03  3.436124E-01
  4.174000E+03  7.093621E-02
  4.174500E+03 -1.827677E-01
  4.175000E+03 -3.769120E-01
  4.175500E+03 -4.927473E-01
  4.176000E+03 -5.262278E-01
  4.176500E+03 -4.826318E-01
  4.177000E+03 -3.781919E-01
  4.177500E+03 -2.444473E-01
  4.178000E+03 -1.261801E-01
  4.178500E+03 -6.793490E-02
  4.179000E+03 -9.391454E-02
  4.179500E+03 -1.933912E-01
  4.180000E+03 -3.223938E-01
  4.180500E+03 -4.228107E-01
  4.181000E+03 -4.489624E-01
  4.181500E+03 -3.869666E-01
  4.182000E+03 -2.568460E-01
  4.182500E+03 -9.771913E-02
  4.183000E+03  5.450414E-02
  4.183500E+03  1.849219E-01
  4.184000E+03  3.049837E-01
  4.184500E+03  4.442172E-01
  4.185000E+03  6.325492E-01
  4.185500E+03  8.799265E-01
  4.186000E+03  1.160598E+00
  4.186500E+03  1.409241E+00
  4.187000E+03  1.534221E+00
  4.187500E+03  1.447834E+00
  4.188000E+03  1.104640E+00
  4.188500E+03  5.311883E-01
  4.189000E+03 -1.700943E-01
  4.189500E+03 -8.500615E-01
  4.190000E+03 -1.365142E+00
  4.190500E+03 -1.628706E+00
  4.191000E+03 -1.636062E+00
  4.191500E+03 -1.451608E+00
  4.192000E+03 -1.168043E+00
  4.192500E+03 -8.627584E-01
  4.193000E+03 -5.755091E-01
  4.193500E+03 -3.152318E-01
  4.194000E+03 -8.398003E-02
  4.194500E+03  1.037181E-01
  4.195000E+03  2.210707E-01
  4.195500E+03  2.467660E-01
  4.196000E+03  1.842714E-01
  4.196500E+03  6.626160E-02
  4.197000E+03 -5.963174E-02
  4.197500E+03 -1.525526E-01
  4.198000E+03 -1.912533E-01
  4.198500E+03 -1.702256E-01
  4.199000E+03 -8.622311E-02
  4.199500E+03  6.926037E-02
  4.200000E+03  3.014721E-01
  4.200500E+03  5.930765E-01
  4.201000E+03  8.916683E-01
  4.201500E+03  1.120073E+00
  4.202000E+03  1.209387E+00
  4.202500E+03  1.136038E+00
  4.203000E+03  9.376083E-01
  4.203500E+03  6.941282E-01
  4.204000E+03  4.843487E-01
  4.204500E+03  3.439071E-01
  4.205000E+03  2.514011E-01
  4.205500E+03  1.496230E-01
  4.206000E+03 -1.397099E-02
  4.206500E+03 -2.546162E-01
  4.207000E+03 -5.443985E-01
  4.207500E+03 -8.320030E-01
  4.208000E+03 -1.070068E+00
  4.208500E+03 -1.230629E+00
  4.209000E+03 -1.302246E+00
  4.209500E+03 -1.278325E+00
  4.210000E+03 -1.151818E+00
  4.210500E+03 -9.230351E-01
  4.211000E+03 -6.130004E-01
  4.211500E+03 -2.674499E-01
  4.212000E+03  5.685032E-02
  4.212500E+03  3.166051E-01
  4.213000E+03  4.995766E-01
  4.213500E+03  6.209693E-01
  4.214000E+03  7.004407E-01
  4.214500E+03  7.378084E-01
  4.215000E+03  7.083322E-01
  4.215500E+03  5.843054E-01
  4.216000E+03  3.686164E-01
  4.216500E+03  1.141992E-01
  4.217000E+03 -8.920285E-02
  4.217500E+03 -1.572290E-01
  4.218000E+03 -5.714775E-02
  4.218500E+03  1.711918E-01
  4.219000E+03  4.332779E-01
  4.219500E+03  6.254657E-01
  4.220000E+03  6.804562E-01
  4.220500E+03  5.878670E-01
  4.221000E+03  3.836047E-01
  4.221500E+03  1.217158E-01
  4.222000E+03 -1.502092E-01
  4.222500E+03 -3.994565E-01
  4.223000E+03 -6.032536E-01
  4.223500E+03 -7.427256E-01
  4.224000E+03 -8.048409E-01
  4.224500E+03 -7.903154E-01
  4.225000E+03 -7.173399E-01
  4.225500E+03 -6.135762E-01
  4.226000E+03 -4.998215E-01
  4.226500E+03 -3.779687E-01
  4.227000E+03 -2.343421E-01
  4.227500E+03 -5.739788E-02
  4.228000E+03  1.440996E-01
  4.228500E+03  3.385540E-01
  4.229000E+03  4.892483E-01
  4.229500E+03  5.799539E-01
  4.230000E+03  6.276484E-01
  4.230500E+03  6.695796E-01
  4.231000E+03  7.315184E-01
  4.231500E+03  8.003729E-01
  4.232000E+03  8.239199E-01
  4.232500E+03  7.419975E-01
  4.233000E+03  5.299070E-01
  4.233500E+03  2.236730E-01
  4.234000E+03 -9.260384E-02
  4.234500E+03 -3.314617E-01
  4.235000E+03 -4.504653E-01
  4.235500E+03 -4.726421E-01
  4.236000E+03 -4.659602E-01
  4.236500E+03 -4.961794E-01
  4.237000E+03 -5.843746E-01
  4.237500E+03 -6.957608E-01
  4.238000E+03 -7.644629E-01
  4.238500E+03 -7.355959E-01
  4.239000E+03 -5.971852E-01
  4.239500E+03 -3.843656E-01
  4.240000E+03 -1.579664E-01
  4.240500E+03  2.554120E-02
  4.241000E+03  1.347065E-01
  4.241500E+03  1.669374E-01
  4.242000E+03  1.402698E-01
  4.242500E+03  8.255488E-02
  4.243000E+03  2.361615E-02
  4.243500E+03 -1.050786E-02
  4.244000E+03 -4.012799E-03
  4.244500E+03  4.266595E-02
  4.245000E+03  1.128851E-01
  4.245500E+03  1.840902E-01
  4.246000E+03  2.446236E-01
  4.246500E+03  3.051372E-01
  4.247000E+03  3.928528E-01
  4.247500E+03  5.279511E-01
  4.248000E+03  6.964027E-01
  4.248500E+03  8.405669E-01
  4.249000E+03  8.802706E-01
  4.249500E+03  7.567328E-01
  4.250000E+03  4.734862E-01
  4.250500E+03  1.064113E-01
  4.251000E+03 -2.274863E-01
  4.251500E+03 -4.266939E-01
  4.252000E+03 -4.542877E-01
  4.252500E+03 -3.508685E-01
  4.253000E+03 -2.056723E-01
  4.253500E+03 -1.061007E-01
  4.254000E+03 -9.720506E-02
  4.254500E+03 -1.725189E-01
  4.255000E+03 -2.946197E-01
  4.255500E+03 -4.249746E-01
  4.256000E+03 -5.408058E-01
  4.256500E+03 -6.312792E-01
  4.257000E+03 -6.835297E-01
  4.257500E+03 -6.763335E-01
  4.258000E+03 -5.905691E-01
  4.258500E+03 -4.289027E-01
  4.259000E+03 -2.266329E-01
  4.259500E+03 -4.039787E-02
  4.260000E+03  8.178779E-02
  4.260500E+03  1.299988E-01
  4.261000E+03  1.401410E-01
  4.261500E+03  1.726210E-01
  4.262000E+03  2.745373E-01
  4.262500E+03  4.494691E-01
  4.263000E+03  6.536943E-01
  4.263500E+03  8.197546E-01
  4.264000E+03  8.907722E-01
  4.264500E+03  8.439675E-01
  4.265000E+03  6.918508E-01
  4.265500E+03  4.660505E-01
  4.266000E+03  1.992312E-01
  4.266500E+03 -8.186847E-02
  4.267000E+03 -3.511832E-01
  4.267500E+03 -5.758791E-01
  4.268000E+03 -7.182083E-01
  4.268500E+03 -7.493405E-01
  4.269000E+03 -6.664366E-01
  4.269500E+03 -4.996892E-01
  4.270000E+03 -3.021470E-01
  4.270500E+03 -1.271519E-01
  4.271000E+03 -6.893371E-03
  4.271500E+03  5.554974E-02
  4.272000E+03  7.805920E-02
  4.272500E+03  8.335356E-02
  4.273000E+03  8.685373E-02
  4.273500E+03  9.521889E-02
  4.274000E+03  1.127274E-01
  4.274500E+03  1.467142E-01
  4.275000E+03  2.053047E-01
  4.275500E+03  2.885211E-01
  4.276000E+03  3.807268E-01
  4.276500E+03  4.524986E-01
  4.277000E+03  4.731370E-01
  4.277500E+03  4.265533E-01
  4.278000E+03  3.199128E-01
  4.278500E+03  1.789517E-01
  4.279000E+03  3.303461E-02
  4.279500E+03 -9.995980E-02
  4.280000E+03 -2.190311E-01
  4.280500E+03 -3.329153E-01
  4.281000E+03 -4.462968E-01
  4.281500E+03 -5.493945E-01
  4.282000E+03 -6.179621E-01
  4.282500E+03 -6.233083E-01
  4.283000E+03 -5.456292E-01
  4.283500E+03 -3.829622E-01
  4.284000E+03 -1.523212E-01
  4.284500E+03  1.148338E-01
  4.285000E+03  3.781509E-01
  4.285500E+03  5.924121E-01
  4.286000E+03  7.117256E-01
  4.286500E+03  6.977011E-01
  4.287000E+03  5.328809E-01
  4.287500E+03  2.348677E-01
  4.288000E+03 -1.379948E-01
  4.288500E+03 -4.974229E-01
  4.289000E+03 -7.528455E-01
  4.289500E+03 -8.459112E-01
  4.290000E+03 -7.752714E-01
  4.290500E+03 -5.973217E-01
  4.291000E+03 -3.997304E-01
  4.291500E+03 -2.590974E-01
  4.292000E+03 -2.037357E-01
  4.292500E+03 -2.012395E-01
  4.293000E+03 -1.780816E-01
  4.293500E+03 -6.138195E-02
  4.294000E+03  1.792613E-01
  4.294500E+03  5.122181E-01
  4.295000E+03  8.567022E-01
  4.295500E+03  1.120440E+00
  4.296000E+03  1.241326E+00
  4.296500E+03  1.211173E+00
  4.297000E+03  1.070910E+00
  4.297500E+03  8.830251E-01
  4.298000E+03  6.987416E-01
  4.298500E+03  5.378870E-01
  4.299000E+03  3.894604E-01
  4.299500E+03  2.278824E-01
  4.300000E+03  3.222431E-02
  4.300500E+03 -2.026179E-01
  4.301000E+03 -4.656332E-01
  4.301500E+03 -7.353143E-01
  4.302000E+03 -9.844461E-01
  4.302500E+03 -1.181783E+00
  4.303000E+03 -1.294087E+00
  4.303500E+03 -1.293292E+00
  4.304000E+03 -1.168857E+00
  4.304500E+03 -9.385754E-01
  4.305000E+03 -6.487134E-01
  4.305500E+03 -3.594910E-01
  4.306000E+03 -1.217975E-01
  4.306500E+03  4.182205E-02
  4.307000E+03  1.404507E-01
  4.307500E+03  2.009245E-01
  4.308000E+03  2.468833E-01
  4.308500E+03  2.852478E-01
  4.309000E+03  3.084450E-01
  4.309500E+03  3.084841E-01
  4.310000E+03  2.900957E-01
  4.310500E+03  2.715207E-01
  4.311000E+03  2.721063E-01
  4.311500E+03  2.971477E-01
  4.312000E+03  3.331676E-01
  4.312500E+03  3.584827E-01
  4.313000E+03  3.610123E-01
  4.313500E+03  3.484722E-01
  4.314000E+03  3.415331E-01
  4.314500E+03  3.544672E-01
  4.315000E+03  3.791057E-01
  4.315500E+03  3.867367E-01
  4.316000E+03  3.487011E-01
  4.316500E+03  2.603567E-01
  4.317000E+03  1.481330E-01
  4.317500E+03  5.108691E-02
  4.318000E+03 -1.106250E-02
  4.318500E+03 -5.796764E-02
  4.319000E+03 -1.370361E-01
  4.319500E+03 -2.833691E-01
  4.320000E+03 -4.785100E-01
  4.320500E+03 -6.414845E-01
  4.321000E+03 -6.667054E-01
  4.321500E+03 -4.904359E-01
  4.322000E+03 -1.436171E-01
  4.322500E+03  2.474759E-01
  4.323000E+03  5.199959E-01
  4.323500E+03  5.608605E-01
  4.324000E+03  3.685594E-01
  4.324500E+03  5.174338E-02
  4.325000E+03 -2.348738E-01
  4.325500E+03 -3.774646E-01
  4.326000E+03 -3.596903E-01
  4.326500E+03 -2.568362E-01
  4.327000E+03 -1.761718E-01
  4.327500E+03 -1.853263E-01
  4.328000E+03 -2.746115E-01
  4.328500E+03 -3.734690E-01
  4.329000E+03 -4.045567E-01
  4.329500E+03 -3.363330E-01
  4.330000E+03 -2.000613E-01
  4.330500E+03 -6.401332E-02
  4.331000E+03  1.359192E-02
  4.331500E+03  1.990543E-02
  4.332000E+03 -1.050839E-02
  4.332500E+03 -2.427658E-02
  4.333000E+03  1.356598E-02
  4.333500E+03  9.841137E-02
  4.334000E+03  1.921551E-01
  4.334500E+03  2.492278E-01
  4.335000E+03  2.443291E-01
  4.335500E+03  1.856109E-01
  4.336000E+03  1.082186E-01
  4.336500E+03  5.478228E-02
  4.337000E+03  5.486643E-02
  4.337500E+03  1.133212E-01
  4.338000E+03  2.113145E-01
  4.338500E+03  3.177325E-01
  4.339000E+03  4.048570E-01
  4.339500E+03  4.609761E-01
  4.340000E+03  4.937068E-01
  4.340500E+03  5.215709E-01
  4.341000E+03  5.573955E-01
  4.341500E+03  5.929432E-01
  4.342000E+03  5.956543E-01
  4.342500E+03  5.227037E-01
  4.343000E+03  3.465984E-01
  4.343500E+03  7.709002E-02
  4.344000E+03 -2.361689E-01
  4.344500E+03 -5.248122E-01
  4.345000E+03 -7.352477E-01
  4.345500E+03 -8.529780E-01
  4.346000E+03 -9.009505E-01
  4.346500E+03 -9.127241E-01
  4.347000E+03 -8.999313E-01
  4.347500E+03 -8.392443E-01
  4.348000E+03 -6.911469E-01
  4.348500E+03 -4.392611E-01
  4.349000E+03 -1.216110E-01
  4.349500E+03  1.722900E-01
  4.350000E+03  3.424157E-01
  4.350500E+03  3.340055E-01
  4.351000E+03  1.722482E-01
  4.351500E+03 -4.824652E-02
  4.352000E+03 -2.143842E-01
  4.352500E+03 -2.548020E-01
  4.353000E+03 -1.726880E-01
  4.353500E+03 -3.332281E-02
  4.354000E+03  8.191472E-02
  4.354500E+03  1.235070E-01
  4.355000E+03  9.487963E-02
  4.355500E+03  3.916881E-02
  4.356000E+03  7.506010E-03
  4.356500E+03  3.317979E-02
  4.357000E+03  1.256756E-01
  4.357500E+03  2.798737E-01
  4.358000E+03  4.845595E-01
  4.358500E+03  7.192743E-01
  4.359000E+03  9.438233E-01
  4.359500E+03  1.096029E+00
  4.360000E+03  1.109616E+00
  4.360500E+03  9.473996E-01
  4.361000E+03  6.289442E-01
  4.361500E+03  2.307773E-01
  4.362000E+03 -1.458836E-01
  4.362500E+03 -4.219608E-01
  4.363000E+03 -5.724632E-01
  4.363500E+03 -6.238312E-01
  4.364000E+03 -6.214805E-01
  4.364500E+03 -5.934319E-01
  4.365000E+03 -5.373889E-01
  4.365500E+03 -4.390944E-01
  4.366000E+03 -3.041949E-01
  4.366500E+03 -1.742301E-01
  4.367000E+03 -1.093375E-01
  4.367500E+03 -1.471617E-01
  4.368000E+03 -2.685382E-01
  4.368500E+03 -3.987619E-01
  4.369000E+03 -4.487028E-01
  4.369500E+03 -3.703630E-01
  4.370000E+03 -1.889749E-01
  4.370500E+03  1.148768E-02
  4.371000E+03  1.405260E-01
  4.371500E+03  1.559806E-01
  4.372000E+03  8.503639E-02
  4.372500E+03 -8.622600E-04
  4.373000E+03 -3.720751E-02
  4.373500E+03 -6.864412E-03
  4.374000E+03  5.711314E-02
  4.374500E+03  1.045286E-01
  4.375000E+03  1.095150E-01
  4.375500E+03  8.881531E-02
  4.376000E+03  8.457878E-02
  4.376500E+03  1.268277E-01
  4.377000E+03  2.055870E-01
  4.377500E+03  2.744173E-01
  4.378000E+03  2.828509E-01
  4.378500E+03  2.136573E-01
  4.379000E+03  9.778841E-02
  4.379500E+03 -3.331129E-03
  4.380000E+03 -3.511682E-02
  4.380500E+03  1.893152E-02
  4.381000E+03  1.313031E-01
  4.381500E+03  2.499822E-01
  4.382000E+03  3.267737E-01
  4.382500E+03  3.353892E-01
  4.383000E+03  2.719730E-01
  4.383500E+03  1.456792E-01
  4.384000E+03 -2.736347E-02
  4.384500E+03 -2.206045E-01
  4.385000E+03 -3.908530E-01
  4.385500E+03 -4.822936E-01
  4.386000E+03 -4.471078E-01
  4.386500E+03 -2.741862E-01
  4.387000E+03 -6.543416E-03
  4.387500E+03  2.687981E-01
  4.388000E+03  4.580473E-01
  4.388500E+03  5.056760E-01
  4.389000E+03  4.205248E-01
  4.389500E+03  2.665075E-01
  4.390000E+03  1.230306E-01
  4.390500E+03  3.893877E-02
  4.391000E+03  7.347212E-03
  4.391500E+03 -2.473686E-02
  4.392000E+03 -1.193404E-01
  4.392500E+03 -3.058183E-01
  4.393000E+03 -5.583357E-01
  4.393500E+03 -8.039200E-01
  4.394000E+03 -9.553522E-01
  4.394500E+03 -9.513099E-01
  4.395000E+03 -7.846063E-01
  4.395500E+03 -5.066548E-01
  4.396000E+03 -2.072720E-01
  4.396500E+03  2.135476E-02
  4.397000E+03  1.219848E-01
  4.397500E+03  9.563345E-02
  4.398000E+03  2.306339E-04
  4.398500E+03 -7.637799E-02
  4.399000E+03 -5.812633E-02
  4.399500E+03  8.265153E-02
  4.400000E+03  3.130552E-01
  4.400500E+03  5.595487E-01
  4.401000E+03  7.495290E-01
  4.401500E+03  8.502477E-01
  4.402000E+03  8.810908E-01
  4.402500E+03  8.912843E-01
  4.403000E+03  9.177212E-01
  4.403500E+03  9.518363E-01
  4.404000E+03  9.396555E-01
  4.404500E+03  8.171923E-01
  4.405000E+03  5.584635E-01
  4.405500E+03  2.029011E-01
  4.406000E+03 -1.588733E-01
  4.406500E+03 -4.343637E-01
  4.407000E+03 -5.826005E-01
  4.407500E+03 -6.364028E-01
  4.408000E+03 -6.779125E-01
  4.408500E+03 -7.824405E-01
  4.409000E+03 -9.666595E-01
  4.409500E+03 -1.174321E+00
  4.410000E+03 -1.308025E+00
  4.410500E+03 -1.285927E+00
  4.411000E+03 -1.087362E+00
  4.411500E+03 -7.604187E-01
  4.412000E+03 -3.902874E-01
  4.412500E+03 -5.172849E-02
  4.413000E+03  2.236386E-01
  4.413500E+03  4.475893E-01
  4.414000E+03  6.483494E-01
  4.414500E+03  8.383006E-01
  4.415000E+03  9.983685E-01
  4.415500E+03  1.086996E+00
  4.416000E+03  1.064601E+00
  4.416500E+03  9.162448E-01
  4.417000E+03  6.597132E-01
  4.417500E+03  3.378659E-01
  4.418000E+03  3.441586E-03
  4.418500E+03 -2.942619E-01
  4.419000E+03 -5.168845E-01
  4.419500E+03 -6.406376E-01
  4.420000E+03 -6.592103E-01
  4.420500E+03 -5.856686E-01
  4.421000E+03 -4.497074E-01
  4.421500E+03 -2.877511E-01
  4.422000E+03 -1.289118E-01
  4.422500E+03  1.509198E-02
  4.423000E+03  1.485849E-01
  4.423500E+03  2.789164E-01
  4.424000E+03  4.004583E-01
  4.424500E+03  4.878324E-01
  4.425000E+03  5.051616E-01
  4.425500E+03  4.270355E-01
  4.426000E+03  2.580187E-01
  4.426500E+03  3.759069E-02
  4.427000E+03 -1.733991E-01
  4.427500E+03 -3.169054E-01
  4.428000E+03 -3.586454E-01
  4.428500E+03 -2.956799E-01
  4.429000E+03 -1.503471E-01
  4.429500E+03  4.144787E-02
  4.430000E+03  2.389138E-01
  4.430500E+03  3.997267E-01
  4.431000E+03  4.828623E-01
  4.431500E+03  4.568532E-01
  4.432000E+03  3.132898E-01
  4.432500E+03  7.735645E-02
  4.433000E+03 -1.950546E-01
  4.433500E+03 -4.371544E-01
  4.434000E+03 -5.995331E-01
  4.434500E+03 -6.705830E-01
  4.435000E+03 -6.759180E-01
  4.435500E+03 -6.567578E-01
  4.436000E+03 -6.413667E-01
  4.436500E+03 -6.283714E-01
  4.437000E+03 -5.922428E-01
  4.437500E+03 -5.053585E-01
  4.438000E+03 -3.595115E-01
  4.438500E+03 -1.711159E-01
  4.439000E+03  3.238224E-02
  4.439500E+03  2.324756E-01
  4.440000E+03  4.286359E-01
  4.440500E+03  6.283106E-01
  4.441000E+03  8.260723E-01
  4.441500E+03  9.905908E-01
  4.442000E+03  1.073730E+00
  4.442500E+03  1.039207E+00
  4.443000E+03  8.913400E-01
  4.443500E+03  6.810703E-01
  4.444000E+03  4.806368E-01
  4.444500E+03  3.409197E-01
  4.445000E+03  2.600055E-01
  4.445500E+03  1.863445E-01
  4.446000E+03  5.710035E-02
  4.446500E+03 -1.527727E-01
  4.447000E+03 -4.045914E-01
  4.447500E+03 -6.130544E-01
  4.448000E+03 -6.976093E-01
  4.448500E+03 -6.352589E-01
  4.449000E+03 -4.795027E-01
  4.449500E+03 -3.315229E-01
  4.450000E+03 -2.809629E-01
  4.450500E+03 -3.537338E-01
  4.451000E+03 -4.997114E-01
  4.451500E+03 -6.271540E-01
  4.452000E+03 -6.606924E-01
  4.452500E+03 -5.856147E-01
  4.453000E+03 -4.515427E-01
  4.453500E+03 -3.356676E-01
  4.454000E+03 -2.910861E-01
  4.454500E+03 -3.132613E-01
  4.455000E+03 -3.438072E-01
  4.455500E+03 -3.062808E-01
  4.456000E+03 -1.500394E-01
  4.456500E+03  1.235215E-01
  4.457000E+03  4.640250E-01
  4.457500E+03  7.975225E-01
  4.458000E+03  1.056508E+00
  4.458500E+03  1.199034E+00
  4.459000E+03  1.212396E+00
  4.459500E+03  1.107103E+00
  4.460000E+03  9.096518E-01
  4.460500E+03  6.578660E-01
  4.461000E+03  3.964200E-01
  4.461500E+03  1.684477E-01
  4.462000E+03  3.278848E-03
  4.462500E+03 -9.391205E-02
  4.463000E+03 -1.431067E-01
  4.463500E+03 -1.783503E-01
  4.464000E+03 -2.297209E-01
  4.464500E+03 -3.085658E-01
  4.465000E+03 -4.043538E-01
  4.465500E+03 -4.939218E-01
  4.466000E+03 -5.560920E-01
  4.466500E+03 -5.821505E-01
  4.467000E+03 -5.768374E-01
  4.467500E+03 -5.516723E-01
  4.468000E+03 -5.170391E-01
  4.468500E+03 -4.784346E-01
  4.469000E+03 -4.373036E-01
  4.469500E+03 -3.926923E-01
  4.470000E+03 -3.402393E-01
  4.470500E+03 -2.693087E-01
  4.471000E+03 -1.631189E-01
  4.471500E+03 -6.178594E-03
  4.472000E+03  2.023385E-01
  4.472500E+03  4.373191E-01
  4.473000E+03  6.484203E-01
  4.473500E+03  7.768707E-01
  4.474000E+03  7.820205E-01
  4.474500E+03  6.632234E-01
  4.475000E+03  4.632019E-01
  4.475500E+03  2.489378E-01
  4.476000E+03  7.958034E-02
  4.476500E+03 -2.076684E-02
  4.477000E+03 -6.986189E-02
  4.477500E+03 -1.101015E-01
  4.478000E+03 -1.777419E-01
  4.478500E+03 -2.768045E-01
  4.479000E+03 -3.728387E-01
  4.479500E+03 -4.100775E-01
  4.480000E+03 -3.424471E-01
  4.480500E+03 -1.617427E-01
  4.481000E+03  9.163536E-02
  4.481500E+03  3.407226E-01
  4.482000E+03  5.011260E-01
  4.482500E+03  5.141993E-01
  4.483000E+03  3.702027E-01
  4.483500E+03  1.122780E-01
  4.484000E+03 -1.798120E-01
  4.484500E+03 -4.191929E-01
  4.485000E+03 -5.425752E-01
  4.485500E+03 -5.298515E-01
  4.486000E+03 -4.052353E-01
  4.486500E+03 -2.209030E-01
  4.487000E+03 -3.215111E-02
  4.487500E+03  1.233164E-01
  4.488000E+03  2.324935E-01
  4.488500E+03  2.995315E-01
  4.489000E+03  3.313267E-01
  4.489500E+03  3.275768E-01
  4.490000E+03  2.824624E-01
  4.490500E+03  1.958641E-01
  4.491000E+03  8.420323E-02
  4.491500E+03 -1.955699E-02
  4.492000E+03 -7.962498E-02
  4.492500E+03 -7.712054E-02
  4.493000E+03 -2.242643E-02
  4.493500E+03  4.940057E-02
  4.494000E+03  9.837680E-02
  4.494500E+03  1.018240E-01
  4.495000E+03  6.412047E-02
  4.495500E+03  7.561614E-03
  4.496000E+03 -4.842923E-02
  4.496500E+03 -1.036868E-01
  4.497000E+03 -1.761660E-01
  4.497500E+03 -2.832731E-01
  4.498000E+03 -4.196055E-01
  4.498500E+03 -5.492218E-01
  4.499000E+03 -6.210788E-01
  4.499500E+03 -5.992718E-01
  4.500000E+03 -4.874731E-01
  4.500500E+03 -3.290587E-01
  4.501000E+03 -1.804583E-01
  4.501500E+03 -7.448452E-02
  4.502000E+03  1.037379E-03
  4.502500E+03  9.309776E-02
  4.503000E+03  2.469065E-01
  4.503500E+03  4.671120E-01
  4.504000E+03  7.042403E-01
  4.504500E+03  8.778713E-01
  4.505000E+03  9.233128E-01
  4.505500E+03  8.317227E-01
  4.506000E+03  6.566795E-01
  4.506500E+03  4.816715E-01
  4.507000E+03  3.687695E-01
  4.507500E+03  3.215438E-01
  4.508000E+03  2.863143E-01
  4.508500E+03  1.909212E-01
  4.509000E+03 -4.152080E-03
  4.509500E+03 -2.752427E-01
  4.510000E+03 -5.448449E-01
  4.510500E+03 -7.243867E-01
  4.511000E+03 -7.632163E-01
  4.511500E+03 -6.738922E-01
  4.512000E+03 -5.201234E-01
  4.512500E+03 -3.774486E-01
  4.513000E+03 -2.923689E-01
  4.513500E+03 -2.639350E-01
  4.514000E+03 -2.554067E-01
  4.514500E+03 -2.244395E-01
  4.515000E+03 -1.507810E-01
  4.515500E+03 -4.545737E-02
  4.516000E+03  6.035169E-02
  4.516500E+03  1.357501E-01
  4.517000E+03  1.656306E-01
  4.517500E+03  1.537287E-01
  4.518000E+03  1.157933E-01
  4.518500E+03  7.097641E-02
  4.519000E+03  3.732729E-02
  4.519500E+03  3.070275E-02
  4.520000E+03  6.209920E-02
  4.520500E+03  1.304990E-01
  4.521000E+03  2.149698E-01
  4.521500E+03  2.746526E-01
  4.522000E+03  2.629223E-01
  4.522500E+03  1.525608E-01
  4.523000E+03 -4.135281E-02
  4.523500E+03 -2.568215E-01
  4.524000E+03 -4.061470E-01
  4.524500E+03 -4.152540E-01
  4.525000E+03 -2.609687E-01
  4.525500E+03  1.469748E-02
  4.526000E+03  3.219665E-01
  4.526500E+03  5.631213E-01
  4.527000E+03  6.730218E-01
  4.527500E+03  6.395127E-01
  4.528000E+03  4.961836E-01
  4.528500E+03  2.965183E-01
  4.529000E+03  8.761180E-02
  4.529500E+03 -1.018515E-01
  4.530000E+03 -2.571168E-01
  4.530500E+03 -3.660999E-01
  4.531000E+03 -4.141696E-01
  4.531500E+03 -3.906298E-01
  4.532000E+03 -3.013235E-01
  4.532500E+03 -1.753947E-01
  4.533000E+03 -5.763431E-02
  4.533500E+03  1.155433E-02
  4.534000E+03  1.673674E-02
  4.534500E+03 -2.484759E-02
  4.535000E+03 -7.393225E-02
  4.535500E+03 -9.185121E-02
  4.536000E+03 -6.135764E-02
  4.536500E+03  6.215262E-03
  4.537000E+03  7.989414E-02
  4.537500E+03  1.266569E-01
  4.538000E+03  1.265561E-01
  4.538500E+03  7.838796E-02
  4.539000E+03 -3.396785E-03
  4.539500E+03 -9.492991E-02
  4.540000E+03 -1.678096E-01
  4.540500E+03 -1.930667E-01
  4.541000E+03 -1.479557E-01
  4.541500E+03 -2.716734E-02
  4.542000E+03  1.461660E-01
  4.542500E+03  3.188928E-01
  4.543000E+03  4.225062E-01
  4.543500E+03  4.013331E-01
  4.544000E+03  2.409445E-01
  4.544500E+03 -1.999825E-02
  4.545000E+03 -3.036424E-01
  4.545500E+03 -5.268983E-01
  4.546000E+03 -6.372215E-01
  4.546500E+03 -6.305101E-01
  4.547000E+03 -5.424686E-01
  4.547500E+03 -4.212155E-01
  4.548000E+03 -2.997129E-01
  4.548500E+03 -1.846976E-01
  4.549000E+03 -6.600763E-02
  4.549500E+03  6.412787E-02
  4.550000E+03  1.980800E-01
  4.550500E+03  3.160097E-01
  4.551000E+03  4.019366E-01
  4.551500E+03  4.591970E-01
  4.552000E+03  5.120610E-01
  4.552500E+03  5.904513E-01
  4.553000E+03  7.071536E-01
  4.553500E+03  8.426505E-01
  4.554000E+03  9.479846E-01
  4.554500E+03  9.646532E-01
  4.555000E+03  8.505371E-01
  4.555500E+03  5.985803E-01
  4.556000E+03  2.406380E-01
  4.556500E+03 -1.624969E-01
  4.557000E+03 -5.383816E-01
  4.557500E+03 -8.209542E-01
  4.558000E+03 -9.657504E-01
  4.558500E+03 -9.608016E-01
  4.559000E+03 -8.310479E-01
  4.559500E+03 -6.328131E-01
  4.560000E+03 -4.365659E-01
  4.560500E+03 -3.019296E-01
  4.561000E+03 -2.553493E-01
  4.561500E+03 -2.823551E-01
  4.562000E+03 -3.398784E-01
  4.562500E+03 -3.824461E-01
  4.563000E+03 -3.869315E-01
  4.563500E+03 -3.608701E-01
  4.564000E+03 -3.298950E-01
  4.564500E+03 -3.138033E-01
  4.565000E+03 -3.083493E-01
  4.565500E+03 -2.854583E-01
  4.566000E+03 -2.112203E-01
  4.566500E+03 -6.841752E-02
  4.567000E+03  1.323028E-01
  4.567500E+03  3.594238E-01
  4.568000E+03  5.788242E-01
  4.568500E+03  7.686436E-01
  4.569000E+03  9.201344E-01
  4.569500E+03  1.026349E+00
  4.570000E+03  1.071217E+00
  4.570500E+03  1.031638E+00
  4.571000E+03  8.940766E-01
  4.571500E+03  6.735830E-01
  4.572000E+03  4.182131E-01
  4.572500E+03  1.906436E-01
  4.573000E+03  3.555764E-02
  4.573500E+03 -4.625602E-02
  4.574000E+03 -9.820520E-02
  4.574500E+03 -1.798525E-01
  4.575000E+03 -3.271414E-01
  4.575500E+03 -5.263155E-01
  4.576000E+03 -7.186458E-01
  4.576500E+03 -8.331424E-01
  4.577000E+03 -8.265406E-01
  4.577500E+03 -7.060535E-01
  4.578000E+03 -5.226072E-01
  4.578500E+03 -3.413859E-01
  4.579000E+03 -2.093167E-01
  4.579500E+03 -1.379249E-01
  4.580000E+03 -1.074836E-01
  4.580500E+03 -8.471737E-02
  4.581000E+03 -4.088534E-02
  4.581500E+03  3.827210E-02
  4.582000E+03  1.505005E-01
  4.582500E+03  2.779479E-01
  4.583000E+03  3.884828E-01
  4.583500E+03  4.404549E-01
  4.584000E+03  3.956211E-01
  4.584500E+03  2.393576E-01
  4.585000E+03 -1.695163E-03
  4.585500E+03 -2.583814E-01
  4.586000E+03 -4.413561E-01
  4.586500E+03 -4.795406E-01
  4.587000E+03 -3.546200E-01
  4.587500E+03 -1.109146E-01
  4.588000E+03  1.664496E-01
  4.588500E+03  3.927015E-01
  4.589000E+03  5.195310E-01
  4.589500E+03  5.457740E-01
  4.590000E+03  4.997665E-01
  4.590500E+03  4.091411E-01
  4.591000E+03  2.807315E-01
  4.591500E+03  1.039428E-01
  4.592000E+03 -1.272514E-01
  4.592500E+03 -3.921733E-01
  4.593000E+03 -6.391583E-01
  4.593500E+03 -8.035656E-01
  4.594000E+03 -8.364679E-01
  4.594500E+03 -7.255819E-01
  4.595000E+03 -4.966479E-01
  4.595500E+03 -1.975918E-01
  4.596000E+03  1.216009E-01
  4.596500E+03  4.206728E-01
  4.597000E+03  6.694501E-01
  4.597500E+03  8.436993E-01
  4.598000E+03  9.255857E-01
  4.598500E+03  9.109613E-01
  4.599000E+03  8.164915E-01
  4.599500E+03  6.768177E-01
  4.600000E+03  5.288332E-01
  4.600500E+03  3.915134E-01
  4.601000E+03  2.559312E-01
  4.601500E+03  9.492291E-02
  4.602000E+03 -1.119176E-01
  4.602500E+03 -3.545576E-01
  4.603000E+03 -5.878187E-01
  4.603500E+03 -7.512332E-01
  4.604000E+03 -8.019976E-01
  4.604500E+03 -7.397971E-01
  4.605000E+03 -6.071412E-01
  4.605500E+03 -4.651575E-01
  4.606000E+03 -3.610348E-01
  4.606500E+03 -3.080540E-01
  4.607000E+03 -2.893697E-01
  4.607500E+03 -2.797903E-01
  4.608000E+03 -2.679864E-01
  4.608500E+03 -2.629027E-01
  4.609000E+03 -2.809501E-01
  4.609500E+03 -3.250206E-01
  4.610000E+03 -3.720723E-01
  4.610500E+03 -3.794387E-01
  4.611000E+03 -3.065403E-01
  4.611500E+03 -1.381668E-01
  4.612000E+03  1.050785E-01
  4.612500E+03  3.747738E-01
  4.613000E+03  6.153753E-01
  4.613500E+03  7.856112E-01
  4.614000E+03  8.703924E-01
  4.614500E+03  8.800790E-01
  4.615000E+03  8.406008E-01
  4.615500E+03  7.804731E-01
  4.616000E+03  7.194947E-01
  4.616500E+03  6.617359E-01
  4.617000E+03  5.944265E-01
  4.617500E+03  4.940198E-01
  4.618000E+03  3.389667E-01
  4.618500E+03  1.248982E-01
  4.619000E+03 -1.256949E-01
  4.619500E+03 -3.667508E-01
  4.620000E+03 -5.461195E-01
  4.620500E+03 -6.293255E-01
  4.621000E+03 -6.159855E-01
  4.621500E+03 -5.381079E-01
  4.622000E+03 -4.403822E-01
  4.622500E+03 -3.546499E-01
  4.623000E+03 -2.853338E-01
  4.623500E+03 -2.156067E-01
  4.624000E+03 -1.296187E-01
  4.624500E+03 -3.418483E-02
  4.625000E+03  3.714409E-02
  4.625500E+03  4.268170E-02
  4.626000E+03 -3.759937E-02
  4.626500E+03 -1.818596E-01
  4.627000E+03 -3.315400E-01
  4.627500E+03 -4.211419E-01
  4.628000E+03 -4.150117E-01
  4.628500E+03 -3.278600E-01
  4.629000E+03 -2.154769E-01
  4.629500E+03 -1.408790E-01
  4.630000E+03 -1.365377E-01
  4.630500E+03 -1.854162E-01
  4.631000E+03 -2.313574E-01
  4.631500E+03 -2.112846E-01
  4.632000E+03 -8.939787E-02
  4.632500E+03  1.257702E-01
  4.633000E+03  3.885622E-01
  4.633500E+03  6.400314E-01
  4.634000E+03  8.326009E-01
  4.634500E+03  9.422392E-01
  4.635000E+03  9.649077E-01
  4.635500E+03  9.043226E-01
  4.636000E+03  7.621981E-01
  4.636500E+03  5.384591E-01
  4.637000E+03  2.408009E-01
  4.637500E+03 -1.040278E-01
  4.638000E+03 -4.466143E-01
  4.638500E+03 -7.241955E-01
  4.639000E+03 -8.807260E-01
  4.639500E+03 -8.888770E-01
  4.640000E+03 -7.627957E-01
  4.640500E+03 -5.538321E-01
  4.641000E+03 -3.293622E-01
  4.641500E+03 -1.437245E-01
  4.642000E+03 -1.552261E-02
  4.642500E+03  7.637623E-02
  4.643000E+03  1.750161E-01
  4.643500E+03  3.147909E-01
  4.644000E+03  4.955338E-01
  4.644500E+03  6.772477E-01
  4.645000E+03  7.999339E-01
  4.645500E+03  8.174531E-01
  4.646000E+03  7.245495E-01
  4.646500E+03  5.591910E-01
  4.647000E+03  3.774973E-01
  4.647500E+03  2.166819E-01
  4.648000E+03  7.059004E-02
  4.648500E+03 -1.043966E-01
  4.649000E+03 -3.547076E-01
  4.649500E+03 -6.875093E-01
  4.650000E+03 -1.049242E+00
  4.650500E+03 -1.341225E+00
  4.651000E+03 -1.465737E+00
  4.651500E+03 -1.376219E+00
  4.652000E+03 -1.101869E+00
  4.652500E+03 -7.323091E-01
  4.653000E+03 -3.722891E-01
  4.653500E+03 -9.378584E-02
  4.654000E+03  8.748955E-02
  4.654500E+03  2.013456E-01
  4.655000E+03  2.901993E-01
  4.655500E+03  3.782153E-01
  4.656000E+03  4.618656E-01
  4.656500E+03  5.240993E-01
  4.657000E+03  5.574892E-01
  4.657500E+03  5.768236E-01
  4.658000E+03  6.111711E-01
  4.658500E+03  6.816792E-01
  4.659000E+03  7.822239E-01
  4.659500E+03  8.778995E-01
  4.660000E+03  9.232570E-01
  4.660500E+03  8.879488E-01
  4.661000E+03  7.723053E-01
  4.661500E+03  6.027861E-01
  4.662000E+03  4.116199E-01
  4.662500E+03  2.159033E-01
  4.663000E+03  1.129021E-02
  4.663500E+03 -2.154899E-01
  4.664000E+03 -4.648237E-01
  4.664500E+03 -7.096172E-01
  4.665000E+03 -8.997785E-01
  4.665500E+03 -9.847191E-01
  4.666000E+03 -9.404686E-01
  4.666500E+03 -7.845261E-01
  4.667000E+03 -5.691209E-01
  4.667500E+03 -3.569615E-01
  4.668000E+03 -1.939862E-01
  4.668500E+03 -9.457331E-02
  4.669000E+03 -4.598237E-02
  4.669500E+03 -2.651428E-02
  4.670000E+03 -2.396386E-02
  4.670500E+03 -4.211229E-02
  4.671000E+03 -9.193560E-02
  4.671500E+03 -1.747294E-01
  4.672000E+03 -2.696878E-01
  4.672500E+03 -3.355289E-01
  4.673000E+03 -3.268030E-01
  4.673500E+03 -2.163945E-01
  4.674000E+03 -1.195125E-02
  4.674500E+03  2.425932E-01
  4.675000E+03  4.812107E-01
  4.675500E+03  6.388259E-01
  4.676000E+03  6.731384E-01
  4.676500E+03  5.772012E-01
  4.677000E+03  3.798229E-01
  4.677500E+03  1.356247E-01
  4.678000E+03 -9.101177E-02
  4.678500E+03 -2.436101E-01
  4.679000E+03 -2.887969E-01
  4.679500E+03 -2.250965E-01
  4.680000E+03 -8.190114E-02
  4.680500E+03  9.248433E-02
  4.681000E+03  2.503129E-01
  4.681500E+03  3.632241E-01
  4.682000E+03  4.307941E-01
  4.682500E+03  4.733990E-01
  4.683000E+03  5.127484E-01
  4.683500E+03  5.517379E-01
  4.684000E+03  5.671515E-01
  4.684500E+03  5.216940E-01
  4.685000E+03  3.893097E-01
  4.685500E+03  1.777558E-01
  4.686000E+03 -6.768602E-02
  4.686500E+03 -2.843623E-01
  4.687000E+03 -4.254767E-01
  4.687500E+03 -4.856873E-01
  4.688000E+03 -5.017809E-01
  4.688500E+03 -5.266370E-01
  4.689000E+03 -5.924544E-01
  4.689500E+03 -6.871610E-01
  4.690000E+03 -7.600731E-01
  4.690500E+03 -7.538895E-01
  4.691000E+03 -6.425686E-01
  4.691500E+03 -4.504947E-01
  4.692000E+03 -2.405958E-01
  4.692500E+03 -7.946039E-02
  4.693000E+03 -2.153089E-03
  4.693500E+03  1.481711E-03
  4.694000E+03 -2.737749E-02
  4.694500E+03 -4.627801E-02
  4.695000E+03 -3.543011E-02
  4.695500E+03 -9.154798E-04
  4.696000E+03  4.135869E-02
  4.696500E+03  8.558527E-02
  4.697000E+03  1.431324E-01
  4.697500E+03  2.315641E-01
  4.698000E+03  3.554512E-01
  4.698500E+03  4.956246E-01
  4.699000E+03  6.168963E-01
  4.699500E+03  6.894833E-01
  4.700000E+03  7.080334E-01
  4.700500E+03  6.932716E-01
  4.701000E+03  6.742635E-01
  4.701500E+03  6.643080E-01
  4.702000E+03  6.489036E-01
  4.702500E+03  5.956005E-01
  4.703000E+03  4.790564E-01
  4.703500E+03  3.026413E-01
  4.704000E+03  9.974631E-02
  4.704500E+03 -8.737442E-02
  4.705000E+03 -2.364745E-01
  4.705500E+03 -3.605187E-01
  4.706000E+03 -4.967456E-01
  4.706500E+03 -6.755302E-01
  4.707000E+03 -8.899116E-01
  4.707500E+03 -1.087463E+00
  4.708000E+03 -1.192131E+00
  4.708500E+03 -1.144285E+00
  4.709000E+03 -9.354567E-01
  4.709500E+03 -6.174705E-01
  4.710000E+03 -2.811221E-01
  4.710500E+03 -1.679645E-02
  4.711000E+03  1.220829E-01
  4.711500E+03  1.359191E-01
  4.712000E+03  7.150231E-02
  4.712500E+03 -2.335646E-03
  4.713000E+03 -2.310898E-02
  4.713500E+03  4.388752E-02
  4.714000E+03  1.965342E-01
  4.714500E+03  3.996036E-01
  4.715000E+03  5.986257E-01
  4.715500E+03  7.394311E-01
  4.716000E+03  7.870740E-01
  4.716500E+03  7.368684E-01
  4.717000E+03  6.123093E-01
  4.717500E+03  4.505557E-01
  4.718000E+03  2.833707E-01
  4.718500E+03  1.249589E-01
  4.719000E+03 -2.563685E-02
  4.719500E+03 -1.697189E-01
  4.720000E+03 -2.932781E-01
  4.720500E+03 -3.639247E-01
  4.721000E+03 -3.456445E-01
  4.721500E+03 -2.233830E-01
  4.722000E+03 -2.067784E-02
  4.722500E+03  2.036470E-01
  4.723000E+03  3.802798E-01
  4.723500E+03  4.612399E-01
  4.724000E+03  4.385877E-01
  4.724500E+03  3.383505E-01
  4.725000E+03  1.951412E-01
  4.725500E+03  2.664345E-02
  4.726000E+03 -1.728000E-01
  4.726500E+03 -4.144117E-01
  4.727000E+03 -6.864429E-01
  4.727500E+03 -9.377173E-01
  4.728000E+03 -1.089109E+00
  4.728500E+03 -1.069755E+00
  4.729000E+03 -8.568795E-01
  4.729500E+03 -4.939783E-01
  4.730000E+03 -7.503792E-02
  4.730500E+03  2.963407E-01
  4.731000E+03  5.488585E-01
  4.731500E+03  6.633353E-01
  4.732000E+03  6.629912E-01
  4.732500E+03  5.859295E-01
  4.733000E+03  4.610503E-01
  4.733500E+03  3.027000E-01
  4.734000E+03  1.233477E-01
  4.734500E+03 -5.042549E-02
  4.735000E+03 -1.753473E-01
  4.735500E+03 -2.081126E-01
  4.736000E+03 -1.316789E-01
  4.736500E+03  2.704382E-02
  4.737000E+03  2.020804E-01
  4.737500E+03  3.157293E-01
  4.738000E+03  3.140415E-01
  4.738500E+03  1.911913E-01
  4.739000E+03 -9.532165E-03
  4.739500E+03 -2.167396E-01
  4.740000E+03 -3.612747E-01
  4.740500E+03 -4.006182E-01
  4.741000E+03 -3.283250E-01
  4.741500E+03 -1.689787E-01
  4.742000E+03  3.446483E-02
  4.742500E+03  2.337706E-01
  4.743000E+03  3.856701E-01
  4.743500E+03  4.596842E-01
  4.744000E+03  4.444106E-01
  4.744500E+03  3.508750E-01
  4.745000E+03  2.097137E-01
  4.745500E+03  6.043992E-02
  4.746000E+03 -6.426998E-02
  4.746500E+03 -1.517536E-01
  4.747000E+03 -2.120164E-01
  4.747500E+03 -2.670114E-01
  4.748000E+03 -3.318757E-01
  4.748500E+03 -3.994491E-01
  4.749000E+03 -4.387731E-01
  4.749500E+03 -4.105582E-01
  4.750000E+03 -2.920482E-01
  4.750500E+03 -9.681815E-02
  4.751000E+03  1.234647E-01
  4.751500E+03  2.986228E-01
  4.752000E+03  3.717552E-01
  4.752500E+03  3.262973E-01
  4.753000E+03  1.932801E-01
  4.753500E+03  3.453664E-02
  4.754000E+03 -8.881806E-02
  4.754500E+03 -1.450456E-01
  4.755000E+03 -1.420866E-01
  4.755500E+03 -1.152019E-01
  4.756000E+03 -1.010648E-01
  4.756500E+03 -1.148063E-01
  4.757000E+03 -1.434648E-01
  4.757500E+03 -1.580835E-01
  4.758000E+03 -1.348001E-01
  4.758500E+03 -7.040630E-02
  4.759000E+03  1.714442E-02
  4.759500E+03  1.018167E-01
  4.760000E+03  1.655636E-01
  4.760500E+03  2.057808E-01
  4.761000E+03  2.299667E-01
  4.761500E+03  2.434925E-01
  4.762000E+03  2.415141E-01
  4.762500E+03  2.124070E-01
  4.763000E+03  1.504987E-01
  4.763500E+03  6.771595E-02
  4.764000E+03 -6.504281E-03
  4.764500E+03 -3.948749E-02
  4.765000E+03 -1.543346E-02
  4.765500E+03  5.228150E-02
  4.766000E+03  1.258561E-01
  4.766500E+03  1.628674E-01
  4.767000E+03  1.390012E-01
  4.767500E+03  5.978592E-02
  4.768000E+03 -4.492473E-02
  4.768500E+03 -1.385538E-01
  4.769000E+03 -1.953523E-01
  4.769500E+03 -2.078103E-01
  4.770000E+03 -1.825554E-01
  4.770500E+03 -1.315889E-01
  4.771000E+03 -6.720041E-02
  4.771500E+03 -3.210976E-03
  4.772000E+03  4.219769E-02
  4.772500E+03  4.914571E-02
  4.773000E+03  6.227894E-03
  4.773500E+03 -7.803691E-02
  4.774000E+03 -1.727562E-01
  4.774500E+03 -2.368839E-01
  4.775000E+03 -2.411112E-01
  4.775500E+03 -1.857707E-01
  4.776000E+03 -1.018163E-01
  4.776500E+03 -3.262771E-02
  4.777000E+03 -7.787261E-03
  4.777500E+03 -2.616540E-02
  4.778000E+03 -5.957273E-02
  4.778500E+03 -7.389497E-02
  4.779000E+03 -5.240657E-02
  4.779500E+03 -4.906549E-03
  4.780000E+03  4.277037E-02
  4.780500E+03  6.966909E-02
  4.781000E+03  7.455597E-02
  4.781500E+03  7.369196E-02
  4.782000E+03  8.444721E-02
  4.782500E+03  1.090311E-01
  4.783000E+03  1.324271E-01
  4.783500E+03  1.368963E-01
  4.784000E+03  1.213323E-01
  4.784500E+03  1.086178E-01
  4.785000E+03  1.325264E-01
  4.785500E+03  2.116558E-01
  4.786000E+03  3.291804E-01
  4.786500E+03  4.347795E-01
  4.787000E+03  4.700557E-01
  4.787500E+03  4.019050E-01
  4.788000E+03  2.420896E-01
  4.788500E+03  4.042964E-02
  4.789000E+03 -1.430451E-01
  4.789500E+03 -2.679799E-01
  4.790000E+03 -3.269015E-01
  4.790500E+03 -3.364101E-01
  4.791000E+03 -3.170063E-01
  4.791500E+03 -2.787787E-01
  4.792000E+03 -2.230050E-01
  4.792500E+03 -1.551838E-01
  4.793000E+03 -9.503062E-02
  4.793500E+03 -7.157174E-02
  4.794000E+03 -1.044835E-01
  4.794500E+03 -1.856672E-01
  4.795000E+03 -2.770638E-01
  4.795500E+03 -3.296291E-01
  4.796000E+03 -3.123081E-01
  4.796500E+03 -2.311230E-01
  4.797000E+03 -1.242565E-01
  4.797500E+03 -3.557047E-02
  4.798000E+03  1.555714E-02
  4.798500E+03  4.716795E-02
  4.799000E+03  1.012200E-01
  4.799500E+03  2.125194E-01
  4.800000E+03  3.806869E-01
  4.800500E+03  5.632393E-01
  4.801000E+03  6.935445E-01
  4.801500E+03  7.117555E-01
  4.802000E+03  5.904232E-01
  4.802500E+03  3.425044E-01
  4.803000E+03  1.211504E-02
  4.803500E+03 -3.420274E-01
  4.804000E+03 -6.600571E-01
  4.804500E+03 -8.879421E-01
  4.805000E+03 -9.820761E-01
  4.805500E+03 -9.169311E-01
  4.806000E+03 -6.958694E-01
  4.806500E+03 -3.583945E-01
  4.807000E+03  2.458580E-02
  4.807500E+03  3.701923E-01
  4.808000E+03  6.110332E-01
  4.808500E+03  7.178714E-01
  4.809000E+03  7.063716E-01
  4.809500E+03  6.252353E-01
  4.810000E+03  5.325428E-01
  4.810500E+03  4.718241E-01
  4.811000E+03  4.573774E-01
  4.811500E+03  4.723684E-01
  4.812000E+03  4.778093E-01
  4.812500E+03  4.282061E-01
  4.813000E+03  2.896869E-01
  4.813500E+03  5.638372E-02
  4.814000E+03 -2.402649E-01
  4.814500E+03 -5.350124E-01
  4.815000E+03 -7.477584E-01
  4.815500E+03 -8.135450E-01
  4.816000E+03 -7.115488E-01
  4.816500E+03 -4.783784E-01
  4.817000E+03 -1.968028E-01
  4.817500E+03  3.669836E-02
  4.818000E+03  1.504293E-01
  4.818500E+03  1.231688E-01
  4.819000E+03 -1.473414E-02
  4.819500E+03 -2.029865E-01
  4.820000E+03 -3.819775E-01
  4.820500E+03 -5.156420E-01
  4.821000E+03 -5.965832E-01
  4.821500E+03 -6.349008E-01
  4.822000E+03 -6.408025E-01
  4.822500E+03 -6.123622E-01
  4.823000E+03 -5.344965E-01
  4.823500E+03 -3.879515E-01
  4.824000E+03 -1.623740E-01
  4.824500E+03  1.330509E-01
  4.825000E+03  4.658085E-01
  4.825500E+03  7.849038E-01
  4.826000E+03  1.033816E+00
  4.826500E+03  1.168421E+00
  4.827000E+03  1.173700E+00
  4.827500E+03  1.071208E+00
  4.828000E+03  9.113137E-01
  4.828500E+03  7.510717E-01
  4.829000E+03  6.273596E-01
  4.829500E+03  5.398736E-01
  4.830000E+03  4.548882E-01
  4.830500E+03  3.290576E-01
  4.831000E+03  1.396681E-01
  4.831500E+03 -9.749622E-02
  4.832000E+03 -3.345563E-01
  4.832500E+03 -5.186506E-01
  4.833000E+03 -6.224021E-01
  4.833500E+03 -6.579018E-01
  4.834000E+03 -6.653271E-01
  4.834500E+03 -6.843750E-01
  4.835000E+03 -7.280301E-01
  4.835500E+03 -7.759471E-01
  4.836000E+03 -7.907082E-01
  4.836500E+03 -7.445475E-01
  4.837000E+03 -6.378576E-01
  4.837500E+03 -4.978207E-01
  4.838000E+03 -3.600524E-01
  4.838500E+03 -2.473598E-01
  4.839000E+03 -1.599039E-01
  4.839500E+03 -8.118220E-02
  4.840000E+03  7.367622E-03
  4.840500E+03  1.149013E-01
  4.841000E+03  2.395594E-01
  4.841500E+03  3.740812E-01
  4.842000E+03  5.105765E-01
  4.842500E+03  6.391500E-01
  4.843000E+03  7.429241E-01
  4.843500E+03  7.973406E-01
  4.844000E+03  7.790818E-01
  4.844500E+03  6.811744E-01
  4.845000E+03  5.233595E-01
  4.845500E+03  3.477513E-01
  4.846000E+03  1.995838E-01
  4.846500E+03  1.043262E-01
  4.847000E+03  5.636225E-02
  4.847500E+03  2.696899E-02
  4.848000E+03 -1.436242E-02
  4.848500E+03 -8.074784E-02
  4.849000E+03 -1.641754E-01
  4.849500E+03 -2.481501E-01
  4.850000E+03 -3.247492E-01
  4.850500E+03 -4.009681E-01
  4.851000E+03 -4.885072E-01
  4.851500E+03 -5.855080E-01
  4.852000E+03 -6.665240E-01
  4.852500E+03 -6.914802E-01
  4.853000E+03 -6.294227E-01
  4.853500E+03 -4.802050E-01
  4.854000E+03 -2.773071E-01
  4.854500E+03 -6.839438E-02
  4.855000E+03  1.129819E-01
  4.855500E+03  2.640203E-01
  4.856000E+03  4.055495E-01
  4.856500E+03  5.568987E-01
  4.857000E+03  7.121373E-01
  4.857500E+03  8.359495E-01
  4.858000E+03  8.823803E-01
  4.858500E+03  8.224043E-01
  4.859000E+03  6.601315E-01
  4.859500E+03  4.270721E-01
  4.860000E+03  1.613608E-01
  4.860500E+03 -1.099131E-01
  4.861000E+03 -3.711865E-01
  4.861500E+03 -6.036241E-01
  4.862000E+03 -7.716254E-01
  4.862500E+03 -8.279551E-01
  4.863000E+03 -7.400208E-01
  4.863500E+03 -5.206908E-01
  4.864000E+03 -2.391025E-01
  4.864500E+03  2.248026E-03
  4.865000E+03  1.150094E-01
  4.865500E+03  6.959744E-02
  4.866000E+03 -9.053139E-02
  4.866500E+03 -2.735115E-01
  4.867000E+03 -3.866508E-01
  4.867500E+03 -3.781498E-01
  4.868000E+03 -2.512200E-01
  4.868500E+03 -4.931767E-02
  4.869000E+03  1.708229E-01
  4.869500E+03  3.588501E-01
  4.870000E+03  4.758844E-01
  4.870500E+03  4.930485E-01
  4.871000E+03  3.961583E-01
  4.871500E+03  1.996770E-01
  4.872000E+03 -4.171585E-02
  4.872500E+03 -2.410296E-01
  4.873000E+03 -3.123729E-01
  4.873500E+03 -2.153032E-01
  4.874000E+03  1.812650E-02
  4.874500E+03  2.956261E-01
  4.875000E+03  5.137482E-01
  4.875500E+03  6.150761E-01
  4.876000E+03  6.164908E-01
  4.876500E+03  5.888998E-01
  4.877000E+03  6.011554E-01
  4.877500E+03  6.657671E-01
  4.878000E+03  7.235376E-01
  4.878500E+03  6.782055E-01
  4.879000E+03  4.585316E-01
  4.879500E+03  6.728827E-02
  4.880000E+03 -4.137310E-01
  4.880500E+03 -8.638752E-01
  4.881000E+03 -1.181605E+00
  4.881500E+03 -1.324590E+00
  4.882000E+03 -1.311964E+00
  4.882500E+03 -1.195320E+00
  4.883000E+03 -1.023074E+00
  4.883500E+03 -8.212484E-01
  4.884000E+03 -5.968777E-01
  4.884500E+03 -3.528955E-01
  4.885000E+03 -9.847415E-02
  4.885500E+03  1.522028E-01
  4.886000E+03  3.868506E-01
  4.886500E+03  5.969292E-01
  4.887000E+03  7.706058E-01
  4.887500E+03  8.844565E-01
  4.888000E+03  9.059868E-01
  4.888500E+03  8.111913E-01
  4.889000E+03  6.071020E-01
  4.889500E+03  3.411456E-01
  4.890000E+03  8.564678E-02
  4.890500E+03 -9.638550E-02
  4.891000E+03 -1.824496E-01
  4.891500E+03 -1.966979E-01
  4.892000E+03 -1.859088E-01
  4.892500E+03 -1.823785E-01
  4.893000E+03 -1.813462E-01
  4.893500E+03 -1.503983E-01
  4.894000E+03 -6.408803E-02
  4.894500E+03  6.326625E-02
  4.895000E+03  1.740981E-01
  4.895500E+03  2.001008E-01
  4.896000E+03  1.100627E-01
  4.896500E+03 -6.114271E-02
  4.897000E+03 -2.254923E-01
  4.897500E+03 -2.912160E-01
  4.898000E+03 -2.174125E-01
  4.898500E+03 -3.815346E-02
  4.899000E+03  1.594231E-01
  4.899500E+03  2.878687E-01
  4.900000E+03  3.082309E-01
  4.900500E+03  2.446884E-01
  4.901000E+03  1.593188E-01
  4.901500E+03  1.077945E-01
  4.902000E+03  1.069544E-01
  4.902500E+03  1.333924E-01
  4.903000E+03  1.486910E-01
  4.903500E+03  1.293447E-01
  4.904000E+03  7.954261E-02
  4.904500E+03  2.072053E-02
  4.905000E+03 -3.013113E-02
  4.905500E+03 -7.464806E-02
  4.906000E+03 -1.293904E-01
  4.906500E+03 -2.093927E-01
  4.907000E+03 -3.139250E-01
  4.907500E+03 -4.262365E-01
  4.908000E+03 -5.263528E-01
  4.908500E+03 -6.047100E-01
  4.909000E+03 -6.638706E-01
  4.909500E+03 -7.061254E-01
  4.910000E+03 -7.177321E-01
  4.910500E+03 -6.651573E-01
  4.911000E+03 -5.107658E-01
  4.911500E+03 -2.405037E-01
  4.912000E+03  1.145911E-01
  4.912500E+03  4.794891E-01
  4.913000E+03  7.618469E-01
  4.913500E+03  8.911124E-01
  4.914000E+03  8.489675E-01
  4.914500E+03  6.752150E-01
  4.915000E+03  4.475931E-01
  4.915500E+03  2.479846E-01
  4.916000E+03  1.327150E-01
  4.916500E+03  1.192551E-01
  4.917000E+03  1.906474E-01
  4.917500E+03  3.099405E-01
  4.918000E+03  4.347138E-01
  4.918500E+03  5.259679E-01
  4.919000E+03  5.518616E-01
  4.919500E+03  4.903473E-01
  4.920000E+03  3.338607E-01
  4.920500E+03  9.543676E-02
  4.921000E+03 -1.878357E-01
  4.921500E+03 -4.587056E-01
  4.922000E+03 -6.529280E-01
  4.922500E+03 -7.189795E-01
  4.923000E+03 -6.373917E-01
  4.923500E+03 -4.312602E-01
  4.924000E+03 -1.618584E-01
  4.924500E+03  9.085915E-02
  4.925000E+03  2.559921E-01
  4.925500E+03  2.960069E-01
  4.926000E+03  2.165930E-01
  4.926500E+03  5.770136E-02
  4.927000E+03 -1.288864E-01
  4.927500E+03 -3.028682E-01
  4.928000E+03 -4.469759E-01
  4.928500E+03 -5.618449E-01
  4.929000E+03 -6.501095E-01
  4.929500E+03 -7.024977E-01
  4.930000E+03 -6.967793E-01
  4.930500E+03 -6.108670E-01
  4.931000E+03 -4.408263E-01
  4.931500E+03 -2.105741E-01
  4.932000E+03  3.438984E-02
  4.932500E+03  2.457515E-01
  4.933000E+03  3.916360E-01
  4.933500E+03  4.646185E-01
  4.934000E+03  4.754903E-01
  4.934500E+03  4.401493E-01
  4.935000E+03  3.709975E-01
  4.935500E+03  2.789007E-01
  4.936000E+03  1.815911E-01
  4.936500E+03  1.078277E-01
  4.937000E+03  8.943363E-02
  4.937500E+03  1.437083E-01
  4.938000E+03  2.584684E-01
  4.938500E+03  3.927606E-01
  4.939000E+03  4.963994E-01
  4.939500E+03  5.376512E-01
  4.940000E+03  5.210097E-01
  4.940500E+03  4.823033E-01
  4.941000E+03  4.632903E-01
  4.941500E+03  4.820747E-01
  4.942000E+03  5.188706E-01
  4.942500E+03  5.264064E-01
  4.943000E+03  4.577750E-01
  4.943500E+03  2.933954E-01
  4.944000E+03  5.050497E-02
  4.944500E+03 -2.286417E-01
  4.945000E+03 -4.995194E-01
  4.945500E+03 -7.330820E-01
  4.946000E+03 -9.186659E-01
  4.946500E+03 -1.054379E+00
  4.947000E+03 -1.135999E+00
  4.947500E+03 -1.154533E+00
  4.948000E+03 -1.103841E+00
  4.948500E+03 -9.907115E-01
  4.949000E+03 -8.376444E-01
  4.949500E+03 -6.746307E-01
  4.950000E+03 -5.250461E-01
  4.950500E+03 -3.952775E-01
  4.951000E+03 -2.746211E-01
  4.951500E+03 -1.443229E-01
  4.952000E+03  1.123624E-02
  4.952500E+03  1.979466E-01
  4.953000E+03  4.114287E-01
  4.953500E+03  6.389390E-01
  4.954000E+03  8.598025E-01
  4.954500E+03  1.044733E+00
  4.955000E+03  1.158634E+00
  4.955500E+03  1.170763E+00
  4.956000E+03  1.070031E+00
  4.956500E+03  8.765288E-01
  4.957000E+03  6.394876E-01
  4.957500E+03  4.190439E-01
  4.958000E+03  2.601233E-01
  4.958500E+03  1.733806E-01
  4.959000E+03  1.348467E-01
  4.959500E+03  1.042959E-01
  4.960000E+03  5.038134E-02
  4.960500E+03 -3.315895E-02
  4.961000E+03 -1.288709E-01
  4.961500E+03 -2.107364E-01
  4.962000E+03 -2.607667E-01
  4.962500E+03 -2.759815E-01
  4.963000E+03 -2.639877E-01
  4.963500E+03 -2.346480E-01
  4.964000E+03 -1.970653E-01
  4.964500E+03 -1.642894E-01
  4.965000E+03 -1.590676E-01
  4.965500E+03 -2.109369E-01
  4.966000E+03 -3.413252E-01
  4.966500E+03 -5.443886E-01
  4.967000E+03 -7.778289E-01
  4.967500E+03 -9.736648E-01
  4.968000E+03 -1.065948E+00
  4.968500E+03 -1.020035E+00
  4.969000E+03 -8.457967E-01
  4.969500E+03 -5.872695E-01
  4.970000E+03 -2.968050E-01
  4.970500E+03 -1.135110E-02
  4.971000E+03  2.545935E-01
  4.971500E+03  4.980614E-01
  4.972000E+03  7.106310E-01
  4.972500E+03  8.706105E-01
  4.973000E+03  9.510863E-01
  4.973500E+03  9.372349E-01
  4.974000E+03  8.387657E-01
  4.974500E+03  6.872838E-01
  4.975000E+03  5.202611E-01
  4.975500E+03  3.635453E-01
  4.976000E+03  2.248506E-01
  4.976500E+03  1.013638E-01
  4.977000E+03 -6.793672E-03
  4.977500E+03 -8.970638E-02
  4.978000E+03 -1.335926E-01
  4.978500E+03 -1.342576E-01
  4.979000E+03 -1.057471E-01
  4.979500E+03 -7.520972E-02
  4.980000E+03 -6.622351E-02
  4.980500E+03 -8.291969E-02
  4.981000E+03 -1.077273E-01
  4.981500E+03 -1.155689E-01
  4.982000E+03 -9.442893E-02
  4.982500E+03 -5.658633E-02
  4.983000E+03 -3.122926E-02
  4.983500E+03 -4.309544E-02
  4.984000E+03 -9.267648E-02
  4.984500E+03 -1.529527E-01
  4.985000E+03 -1.857956E-01
  4.985500E+03 -1.668462E-01
  4.986000E+03 -1.015150E-01
  4.986500E+03 -2.125365E-02
  4.987000E+03  3.656243E-02
  4.987500E+03  5.050420E-02
  4.988000E+03  2.379184E-02
  4.988500E+03 -2.463343E-02
  4.989000E+03 -7.811207E-02
  4.989500E+03 -1.348659E-01
  4.990000E+03 -2.058210E-01
  4.990500E+03 -2.999991E-01
  4.991000E+03 -4.091614E-01
  4.991500E+03 -5.036870E-01
  4.992000E+03 -5.433398E-01
  4.992500E+03 -4.962313E-01
  4.993000E+03 -3.543683E-01
  4.993500E+03 -1.374593E-01
  4.994000E+03  1.152393E-01
  4.994500E+03  3.586050E-01
  4.995000E+03  5.534094E-01
  4.995500E+03  6.726381E-01
  4.996000E+03  7.035474E-01
  4.996500E+03  6.482782E-01
  4.997000E+03  5.240128E-01
  4.997500E+03  3.610692E-01
  4.998000E+03  1.969769E-01
  4.998500E+03  6.701383E-02
  4.999000E+03 -5.363799E-03
  4.999500E+03 -1.406552E-02
  5.000000E+03  2.999975E-02
