 Variables = "t (s)" "<greek>z</greek> (m)" 
  5.000000E-01  0.000000E+00
  1.000000E+00 -5.761963E-04
  1.500000E+00 -2.697340E-03
  2.000000E+00 -6.765811E-03
  2.500000E+00 -1.290737E-02
  3.000000E+00 -2.095305E-02
  3.500000E+00 -3.044254E-02
  4.000000E+00 -4.064912E-02
  4.500000E+00 -5.062532E-02
  5.000000E+00 -5.926697E-02
  5.500000E+00 -6.539211E-02
  6.000000E+00 -6.783032E-02
  6.500000E+00 -6.551692E-02
  7.000000E+00 -5.758611E-02
  7.500000E+00 -4.345661E-02
  8.000000E+00 -2.290376E-02
  8.500000E+00  3.887674E-03
  9.000000E+00  3.629465E-02
  9.500000E+00  7.325425E-02
  1.000000E+01  1.132911E-01
  1.050000E+01  1.545735E-01
  1.100000E+01  1.949967E-01
  1.150000E+01  2.322884E-01
  1.200000E+01  2.641317E-01
  1.250000E+01  2.882982E-01
  1.300000E+01  3.027828E-01
  1.350000E+01  3.059326E-01
  1.400000E+01  2.965606E-01
  1.450000E+01  2.740377E-01
  1.500000E+01  2.383558E-01
  1.550000E+01  1.901575E-01
  1.600000E+01  1.307295E-01
  1.650000E+01  6.196017E-02
  1.700000E+01 -1.373881E-02
  1.750000E+01 -9.354030E-02
  1.800000E+01 -1.743350E-01
  1.850000E+01 -2.528812E-01
  1.900000E+01 -3.259631E-01
  1.950000E+01 -3.905473E-01
  2.000000E+01 -4.439288E-01
  2.050000E+01 -4.838573E-01
  2.100000E+01 -5.086363E-01
  2.150000E+01 -5.171894E-01
  2.200000E+01 -5.090902E-01
  2.250000E+01 -4.845550E-01
  2.300000E+01 -4.443992E-01
  2.350000E+01 -3.899624E-01
  2.400000E+01 -3.230084E-01
  2.450000E+01 -2.456086E-01
  2.500000E+01 -1.600176E-01
  2.550000E+01 -6.855186E-02
  2.600000E+01  2.651938E-02
  2.650000E+01  1.230622E-01
  2.700000E+01  2.191393E-01
  2.750000E+01  3.130400E-01
  2.800000E+01  4.032787E-01
  2.850000E+01  4.885639E-01
  2.900000E+01  5.677438E-01
  2.950000E+01  6.397357E-01
  3.000000E+01  7.034509E-01
  3.050000E+01  7.577247E-01
  3.100000E+01  8.012636E-01
  3.150000E+01  8.326190E-01
  3.200000E+01  8.501947E-01
  3.250000E+01  8.522932E-01
  3.300000E+01  8.372001E-01
  3.350000E+01  8.033031E-01
  3.400000E+01  7.492383E-01
  3.450000E+01  6.740510E-01
  3.500000E+01  5.773586E-01
  3.550000E+01  4.594991E-01
  3.600000E+01  3.216507E-01
  3.650000E+01  1.659090E-01
  3.700000E+01 -4.690153E-03
  3.750000E+01 -1.862066E-01
  3.800000E+01 -3.738942E-01
  3.850000E+01 -5.623573E-01
  3.900000E+01 -7.457573E-01
  3.950000E+01 -9.180562E-01
  4.000000E+01 -1.073283E+00
  4.050000E+01 -1.205802E+00
  4.100000E+01 -1.310573E+00
  4.150000E+01 -1.383375E+00
  4.200000E+01 -1.420996E+00
  4.250000E+01 -1.421361E+00
  4.300000E+01 -1.383614E+00
  4.350000E+01 -1.308139E+00
  4.400000E+01 -1.196522E+00
  4.450000E+01 -1.051484E+00
  4.500000E+01 -8.767599E-01
  4.550000E+01 -6.769723E-01
  4.600000E+01 -4.574763E-01
  4.650000E+01 -2.242077E-01
  4.700000E+01  1.647067E-02
  4.750000E+01  2.579199E-01
  4.800000E+01  4.933714E-01
  4.850000E+01  7.160740E-01
  4.900000E+01  9.194443E-01
  4.950000E+01  1.097226E+00
  5.000000E+01  1.243663E+00
  5.050000E+01  1.353681E+00
  5.100000E+01  1.423439E+00
  5.150000E+01  1.450201E+00
  5.200000E+01  1.432068E+00
  5.250000E+01  1.368455E+00
  5.300000E+01  1.260232E+00
  5.350000E+01  1.109830E+00
  5.400000E+01  9.212777E-01
  5.450000E+01  7.001728E-01
  5.500000E+01  4.535673E-01
  5.550000E+01  1.897653E-01
  5.600000E+01 -8.196477E-02
  5.650000E+01 -3.517543E-01
  5.700000E+01 -6.095581E-01
  5.750000E+01 -8.456148E-01
  5.800000E+01 -1.050917E+00
  5.850000E+01 -1.217658E+00
  5.900000E+01 -1.339630E+00
  5.950000E+01 -1.412537E+00
  6.000000E+01 -1.434209E+00
  6.050000E+01 -1.404686E+00
  6.100000E+01 -1.326182E+00
  6.150000E+01 -1.202916E+00
  6.200000E+01 -1.040830E+00
  6.250000E+01 -8.472076E-01
  6.300000E+01 -6.302289E-01
  6.350000E+01 -3.984892E-01
  6.400000E+01 -1.605197E-01
  6.450000E+01  7.565606E-02
  6.500000E+01  3.028974E-01
  6.550000E+01  5.152287E-01
  6.600000E+01  7.080127E-01
  6.650000E+01  8.780064E-01
  6.700000E+01  1.023304E+00
  6.750000E+01  1.143179E+00
  6.800000E+01  1.237849E+00
  6.850000E+01  1.308189E+00
  6.900000E+01  1.355426E+00
  6.950000E+01  1.380843E+00
  7.000000E+01  1.385532E+00
  7.050000E+01  1.370205E+00
  7.100000E+01  1.335103E+00
  7.150000E+01  1.279980E+00
  7.200000E+01  1.204192E+00
  7.250000E+01  1.106865E+00
  7.300000E+01  9.871147E-01
  7.350000E+01  8.443181E-01
  7.400000E+01  6.783832E-01
  7.450000E+01  4.900024E-01
  7.500000E+01  2.808563E-01
  7.550000E+01  5.374643E-02
  7.600000E+01 -1.873613E-01
  7.650000E+01 -4.373882E-01
  7.700000E+01 -6.902912E-01
  7.750000E+01 -9.392978E-01
  7.800000E+01 -1.177212E+00
  7.850000E+01 -1.396764E+00
  7.900000E+01 -1.590986E+00
  7.950000E+01 -1.753576E+00
  8.000000E+01 -1.879225E+00
  8.050000E+01 -1.963890E+00
  8.100000E+01 -2.004991E+00
  8.150000E+01 -2.001512E+00
  8.200000E+01 -1.954016E+00
  8.250000E+01 -1.864571E+00
  8.300000E+01 -1.736592E+00
  8.350000E+01 -1.574624E+00
  8.400000E+01 -1.384073E+00
  8.450000E+01 -1.170924E+00
  8.500000E+01 -9.414408E-01
  8.550000E+01 -7.018973E-01
  8.600000E+01 -4.583269E-01
  8.650000E+01 -2.163209E-01
  8.700000E+01  1.912675E-02
  8.750000E+01  2.437236E-01
  8.800000E+01  4.539360E-01
  8.850000E+01  6.470036E-01
  8.900000E+01  8.209204E-01
  8.950000E+01  9.743908E-01
  9.000000E+01  1.106768E+00
  9.050000E+01  1.217985E+00
  9.100000E+01  1.308478E+00
  9.150000E+01  1.379113E+00
  9.200000E+01  1.431107E+00
  9.250000E+01  1.465954E+00
  9.300000E+01  1.485343E+00
  9.350000E+01  1.491074E+00
  9.400000E+01  1.484964E+00
  9.450000E+01  1.468753E+00
  9.500000E+01  1.444001E+00
  9.550000E+01  1.411986E+00
  9.600000E+01  1.373610E+00
  9.650000E+01  1.329324E+00
  9.700000E+01  1.279065E+00
  9.750000E+01  1.222245E+00
  9.800000E+01  1.157760E+00
  9.850000E+01  1.084060E+00
  9.900000E+01  9.992595E-01
  9.950000E+01  9.012867E-01
  1.000000E+02  7.880809E-01
  1.005000E+02  6.578059E-01
  1.010000E+02  5.090788E-01
  1.015000E+02  3.411901E-01
  1.020000E+02  1.542994E-01
  1.025000E+02 -5.041192E-02
  1.030000E+02 -2.706471E-01
  1.035000E+02 -5.029710E-01
  1.040000E+02 -7.428649E-01
  1.045000E+02 -9.848601E-01
  1.050000E+02 -1.222745E+00
  1.055000E+02 -1.449834E+00
  1.060000E+02 -1.659286E+00
  1.065000E+02 -1.844443E+00
  1.070000E+02 -1.999174E+00
  1.075000E+02 -2.118199E+00
  1.080000E+02 -2.197366E+00
  1.085000E+02 -2.233871E+00
  1.090000E+02 -2.226393E+00
  1.095000E+02 -2.175153E+00
  1.100000E+02 -2.081872E+00
  1.105000E+02 -1.949660E+00
  1.110000E+02 -1.782823E+00
  1.115000E+02 -1.586610E+00
  1.120000E+02 -1.366930E+00
  1.125000E+02 -1.130044E+00
  1.130000E+02 -8.822618E-01
  1.135000E+02 -6.296683E-01
  1.140000E+02 -3.778820E-01
  1.145000E+02 -1.318736E-01
  1.150000E+02  1.041581E-01
  1.155000E+02  3.268451E-01
  1.160000E+02  5.336487E-01
  1.165000E+02  7.228053E-01
  1.170000E+02  8.932285E-01
  1.175000E+02  1.044383E+00
  1.180000E+02  1.176145E+00
  1.185000E+02  1.288660E+00
  1.190000E+02  1.382213E+00
  1.195000E+02  1.457130E+00
  1.200000E+02  1.513695E+00
  1.205000E+02  1.552117E+00
  1.210000E+02  1.572524E+00
  1.215000E+02  1.574989E+00
  1.220000E+02  1.559586E+00
  1.225000E+02  1.526460E+00
  1.230000E+02  1.475916E+00
  1.235000E+02  1.408493E+00
  1.240000E+02  1.325047E+00
  1.245000E+02  1.226807E+00
  1.250000E+02  1.115406E+00
  1.255000E+02  9.928935E-01
  1.260000E+02  8.617097E-01
  1.265000E+02  7.246330E-01
  1.270000E+02  5.846977E-01
  1.275000E+02  4.450865E-01
  1.280000E+02  3.090021E-01
  1.285000E+02  1.795260E-01
  1.290000E+02  5.946985E-02
  1.295000E+02 -4.877130E-02
  1.300000E+02 -1.433560E-01
  1.305000E+02 -2.231147E-01
  1.310000E+02 -2.876420E-01
  1.315000E+02 -3.373544E-01
  1.320000E+02 -3.735083E-01
  1.325000E+02 -3.981721E-01
  1.330000E+02 -4.141514E-01
  1.335000E+02 -4.248641E-01
  1.340000E+02 -4.341707E-01
  1.345000E+02 -4.461622E-01
  1.350000E+02 -4.649157E-01
  1.355000E+02 -4.942284E-01
  1.360000E+02 -5.373432E-01
  1.365000E+02 -5.966827E-01
  1.370000E+02 -6.736083E-01
  1.375000E+02 -7.682220E-01
  1.380000E+02 -8.792263E-01
  1.385000E+02 -1.003858E+00
  1.390000E+02 -1.137905E+00
  1.395000E+02 -1.275812E+00
  1.400000E+02 -1.410881E+00
  1.405000E+02 -1.535550E+00
  1.410000E+02 -1.641753E+00
  1.415000E+02 -1.721334E+00
  1.420000E+02 -1.766499E+00
  1.425000E+02 -1.770279E+00
  1.430000E+02 -1.726970E+00
  1.435000E+02 -1.632544E+00
  1.440000E+02 -1.484970E+00
  1.445000E+02 -1.284458E+00
  1.450000E+02 -1.033584E+00
  1.455000E+02 -7.372945E-01
  1.460000E+02 -4.027880E-01
  1.465000E+02 -3.927048E-02
  1.470000E+02  3.423964E-01
  1.475000E+02  7.301404E-01
  1.480000E+02  1.111192E+00
  1.485000E+02  1.472637E+00
  1.490000E+02  1.801980E+00
  1.495000E+02  2.087688E+00
  1.500000E+02  2.319687E+00
  1.505000E+02  2.489779E+00
  1.510000E+02  2.591977E+00
  1.515000E+02  2.622723E+00
  1.520000E+02  2.581003E+00
  1.525000E+02  2.468339E+00
  1.530000E+02  2.288681E+00
  1.535000E+02  2.048205E+00
  1.540000E+02  1.755019E+00
  1.545000E+02  1.418824E+00
  1.550000E+02  1.050521E+00
  1.555000E+02  6.617994E-01
  1.560000E+02  2.647233E-01
  1.565000E+02 -1.286706E-01
  1.570000E+02 -5.067506E-01
  1.575000E+02 -8.586305E-01
  1.580000E+02 -1.174468E+00
  1.585000E+02 -1.445715E+00
  1.590000E+02 -1.665325E+00
  1.595000E+02 -1.827899E+00
  1.600000E+02 -1.929804E+00
  1.605000E+02 -1.969223E+00
  1.610000E+02 -1.946180E+00
  1.615000E+02 -1.862509E+00
  1.620000E+02 -1.721787E+00
  1.625000E+02 -1.529223E+00
  1.630000E+02 -1.291505E+00
  1.635000E+02 -1.016607E+00
  1.640000E+02 -7.135599E-01
  1.645000E+02 -3.921826E-01
  1.650000E+02 -6.279005E-02
  1.655000E+02  2.641269E-01
  1.660000E+02  5.782318E-01
  1.665000E+02  8.696761E-01
  1.670000E+02  1.129422E+00
  1.675000E+02  1.349542E+00
  1.680000E+02  1.523483E+00
  1.685000E+02  1.646280E+00
  1.690000E+02  1.714716E+00
  1.695000E+02  1.727407E+00
  1.700000E+02  1.684824E+00
  1.705000E+02  1.589239E+00
  1.710000E+02  1.444599E+00
  1.715000E+02  1.256345E+00
  1.720000E+02  1.031167E+00
  1.725000E+02  7.767217E-01
  1.730000E+02  5.013260E-01
  1.735000E+02  2.136293E-01
  1.740000E+02 -7.770490E-02
  1.745000E+02 -3.643052E-01
  1.750000E+02 -6.383679E-01
  1.755000E+02 -8.928940E-01
  1.760000E+02 -1.121879E+00
  1.765000E+02 -1.320450E+00
  1.770000E+02 -1.484951E+00
  1.775000E+02 -1.612973E+00
  1.780000E+02 -1.703333E+00
  1.785000E+02 -1.756013E+00
  1.790000E+02 -1.772053E+00
  1.795000E+02 -1.753419E+00
  1.800000E+02 -1.702846E+00
  1.805000E+02 -1.623668E+00
  1.810000E+02 -1.519636E+00
  1.815000E+02 -1.394744E+00
  1.820000E+02 -1.253057E+00
  1.825000E+02 -1.098554E+00
  1.830000E+02 -9.349922E-01
  1.835000E+02 -7.657866E-01
  1.840000E+02 -5.939256E-01
  1.845000E+02 -4.219071E-01
  1.850000E+02 -2.517088E-01
  1.855000E+02 -8.478729E-02
  1.860000E+02  7.789329E-02
  1.865000E+02  2.358049E-01
  1.870000E+02  3.887754E-01
  1.875000E+02  5.368889E-01
  1.880000E+02  6.803722E-01
  1.885000E+02  8.194743E-01
  1.890000E+02  9.543459E-01
  1.895000E+02  1.084928E+00
  1.900000E+02  1.210852E+00
  1.905000E+02  1.331372E+00
  1.910000E+02  1.445309E+00
  1.915000E+02  1.551049E+00
  1.920000E+02  1.646555E+00
  1.925000E+02  1.729429E+00
  1.930000E+02  1.797001E+00
  1.935000E+02  1.846449E+00
  1.940000E+02  1.874938E+00
  1.945000E+02  1.879775E+00
  1.950000E+02  1.858571E+00
  1.955000E+02  1.809394E+00
  1.960000E+02  1.730911E+00
  1.965000E+02  1.622499E+00
  1.970000E+02  1.484339E+00
  1.975000E+02  1.317460E+00
  1.980000E+02  1.123750E+00
  1.985000E+02  9.059268E-01
  1.990000E+02  6.674704E-01
  1.995000E+02  4.125210E-01
  2.000000E+02  1.457502E-01
  2.005000E+02 -1.277878E-01
  2.010000E+02 -4.028166E-01
  2.015000E+02 -6.740011E-01
  2.020000E+02 -9.361051E-01
  2.025000E+02 -1.184137E+00
  2.030000E+02 -1.413477E+00
  2.035000E+02 -1.619984E+00
  2.040000E+02 -1.800071E+00
  2.045000E+02 -1.950768E+00
  2.050000E+02 -2.069754E+00
  2.055000E+02 -2.155368E+00
  2.060000E+02 -2.206605E+00
  2.065000E+02 -2.223105E+00
  2.070000E+02 -2.205126E+00
  2.075000E+02 -2.153516E+00
  2.080000E+02 -2.069684E+00
  2.085000E+02 -1.955571E+00
  2.090000E+02 -1.813616E+00
  2.095000E+02 -1.646730E+00
  2.100000E+02 -1.458266E+00
  2.105000E+02 -1.251973E+00
  2.110000E+02 -1.031962E+00
  2.115000E+02 -8.026385E-01
  2.120000E+02 -5.686416E-01
  2.125000E+02 -3.347514E-01
  2.130000E+02 -1.057886E-01
  2.135000E+02  1.135053E-01
  2.140000E+02  3.186001E-01
  2.145000E+02  5.053194E-01
  2.150000E+02  6.699870E-01
  2.155000E+02  8.095704E-01
  2.160000E+02  9.218148E-01
  2.165000E+02  1.005358E+00
  2.170000E+02  1.059819E+00
  2.175000E+02  1.085854E+00
  2.180000E+02  1.085169E+00
  2.185000E+02  1.060494E+00
  2.190000E+02  1.015501E+00
  2.195000E+02  9.546855E-01
  2.200000E+02  8.831958E-01
  2.205000E+02  8.066252E-01
  2.210000E+02  7.307730E-01
  2.215000E+02  6.613839E-01
  2.220000E+02  6.038754E-01
  2.225000E+02  5.630694E-01
  2.230000E+02  5.429384E-01
  2.235000E+02  5.463808E-01
  2.240000E+02  5.750375E-01
  2.245000E+02  6.291601E-01
  2.250000E+02  7.075392E-01
  2.255000E+02  8.074983E-01
  2.260000E+02  9.249569E-01
  2.265000E+02  1.054560E+00
  2.270000E+02  1.189870E+00
  2.275000E+02  1.323621E+00
  2.280000E+02  1.448005E+00
  2.285000E+02  1.555008E+00
  2.290000E+02  1.636750E+00
  2.295000E+02  1.685835E+00
  2.300000E+02  1.695689E+00
  2.305000E+02  1.660867E+00
  2.310000E+02  1.577320E+00
  2.315000E+02  1.442609E+00
  2.320000E+02  1.256059E+00
  2.325000E+02  1.018841E+00
  2.330000E+02  7.339829E-01
  2.335000E+02  4.063179E-01
  2.340000E+02  4.235236E-02
  2.345000E+02 -3.499189E-01
  2.350000E+02 -7.612548E-01
  2.355000E+02 -1.181453E+00
  2.360000E+02 -1.599669E+00
  2.365000E+02 -2.004754E+00
  2.370000E+02 -2.385600E+00
  2.375000E+02 -2.731491E+00
  2.380000E+02 -3.032429E+00
  2.385000E+02 -3.279446E+00
  2.390000E+02 -3.464879E+00
  2.395000E+02 -3.582607E+00
  2.400000E+02 -3.628242E+00
  2.405000E+02 -3.599273E+00
  2.410000E+02 -3.495152E+00
  2.415000E+02 -3.317328E+00
  2.420000E+02 -3.069221E+00
  2.425000E+02 -2.756140E+00
  2.430000E+02 -2.385147E+00
  2.435000E+02 -1.964869E+00
  2.440000E+02 -1.505253E+00
  2.445000E+02 -1.017293E+00
  2.450000E+02 -5.127067E-01
  2.455000E+02 -3.593695E-03
  2.460000E+02  4.979253E-01
  2.465000E+02  9.800745E-01
  2.470000E+02  1.431781E+00
  2.475000E+02  1.843011E+00
  2.480000E+02  2.205076E+00
  2.485000E+02  2.510888E+00
  2.490000E+02  2.755159E+00
  2.495000E+02  2.934536E+00
  2.500000E+02  3.047662E+00
  2.505000E+02  3.095156E+00
  2.510000E+02  3.079530E+00
  2.515000E+02  3.005016E+00
  2.520000E+02  2.877344E+00
  2.525000E+02  2.703460E+00
  2.530000E+02  2.491202E+00
  2.535000E+02  2.248955E+00
  2.540000E+02  1.985300E+00
  2.545000E+02  1.708671E+00
  2.550000E+02  1.427039E+00
  2.555000E+02  1.147639E+00
  2.560000E+02  8.767494E-01
  2.565000E+02  6.195331E-01
  2.570000E+02  3.799503E-01
  2.575000E+02  1.607344E-01
  2.580000E+02 -3.656382E-02
  2.585000E+02 -2.114751E-01
  2.590000E+02 -3.644624E-01
  2.595000E+02 -4.967359E-01
  2.600000E+02 -6.100474E-01
  2.605000E+02 -7.064776E-01
  2.610000E+02 -7.882318E-01
  2.615000E+02 -8.574553E-01
  2.620000E+02 -9.160807E-01
  2.625000E+02 -9.657141E-01
  2.630000E+02 -1.007564E+00
  2.635000E+02 -1.042418E+00
  2.640000E+02 -1.070656E+00
  2.645000E+02 -1.092308E+00
  2.650000E+02 -1.107137E+00
  2.655000E+02 -1.114742E+00
  2.660000E+02 -1.114674E+00
  2.665000E+02 -1.106546E+00
  2.670000E+02 -1.090136E+00
  2.675000E+02 -1.065470E+00
  2.680000E+02 -1.032871E+00
  2.685000E+02 -9.929852E-01
  2.690000E+02 -9.467719E-01
  2.695000E+02 -8.954582E-01
  2.700000E+02 -8.404686E-01
  2.705000E+02 -7.833305E-01
  2.710000E+02 -7.255638E-01
  2.715000E+02 -6.685655E-01
  2.720000E+02 -6.134962E-01
  2.725000E+02 -5.611800E-01
  2.730000E+02 -5.120248E-01
  2.735000E+02 -4.659712E-01
  2.740000E+02 -4.224736E-01
  2.745000E+02 -3.805187E-01
  2.750000E+02 -3.386792E-01
  2.755000E+02 -2.952021E-01
  2.760000E+02 -2.481266E-01
  2.765000E+02 -1.954239E-01
  2.770000E+02 -1.351519E-01
  2.775000E+02 -6.561351E-02
  2.780000E+02  1.449074E-02
  2.785000E+02  1.059260E-01
  2.790000E+02  2.088122E-01
  2.795000E+02  3.225465E-01
  2.800000E+02  4.457652E-01
  2.805000E+02  5.763492E-01
  2.810000E+02  7.114731E-01
  2.815000E+02  8.476984E-01
  2.820000E+02  9.811042E-01
  2.825000E+02  1.107451E+00
  2.830000E+02  1.222366E+00
  2.835000E+02  1.321546E+00
  2.840000E+02  1.400959E+00
  2.845000E+02  1.457039E+00
  2.850000E+02  1.486864E+00
  2.855000E+02  1.488299E+00
  2.860000E+02  1.460113E+00
  2.865000E+02  1.402045E+00
  2.870000E+02  1.314828E+00
  2.875000E+02  1.200172E+00
  2.880000E+02  1.060697E+00
  2.885000E+02  8.998290E-01
  2.890000E+02  7.216628E-01
  2.895000E+02  5.308007E-01
  2.900000E+02  3.321729E-01
  2.905000E+02  1.308517E-01
  2.910000E+02 -6.813264E-02
  2.915000E+02 -2.599657E-01
  2.920000E+02 -4.402049E-01
  2.925000E+02 -6.049120E-01
  2.930000E+02 -7.507585E-01
  2.935000E+02 -8.751003E-01
  2.940000E+02 -9.760228E-01
  2.945000E+02 -1.052356E+00
  2.950000E+02 -1.103664E+00
  2.955000E+02 -1.130206E+00
  2.960000E+02 -1.132887E+00
  2.965000E+02 -1.113180E+00
  2.970000E+02 -1.073052E+00
  2.975000E+02 -1.014871E+00
  2.980000E+02 -9.413111E-01
  2.985000E+02 -8.552669E-01
  2.990000E+02 -7.597562E-01
  2.995000E+02 -6.578346E-01
  3.000000E+02 -5.525128E-01
  3.005000E+02 -4.466794E-01
  3.010000E+02 -3.430311E-01
  3.015000E+02 -2.440107E-01
  3.020000E+02 -1.517531E-01
  3.025000E+02 -6.804119E-02
  3.030000E+02  5.727248E-03
  3.035000E+02  6.856166E-02
  3.040000E+02  1.198877E-01
  3.045000E+02  1.595433E-01
  3.050000E+02  1.877606E-01
  3.055000E+02  2.051353E-01
  3.060000E+02  2.125833E-01
  3.065000E+02  2.112873E-01
  3.070000E+02  2.026346E-01
  3.075000E+02  1.881504E-01
  3.080000E+02  1.694297E-01
  3.085000E+02  1.480706E-01
  3.090000E+02  1.256140E-01
  3.095000E+02  1.034918E-01
  3.100000E+02  8.298655E-02
  3.105000E+02  6.520409E-02
  3.110000E+02  5.105942E-02
  3.115000E+02  4.127551E-02
  3.120000E+02  3.639282E-02
  3.125000E+02  3.678670E-02
  3.130000E+02  4.268929E-02
  3.135000E+02  5.421160E-02
  3.140000E+02  7.136204E-02
  3.145000E+02  9.405763E-02
  3.150000E+02  1.221253E-01
  3.155000E+02  1.552919E-01
  3.160000E+02  1.931624E-01
  3.165000E+02  2.351892E-01
  3.170000E+02  2.806335E-01
  3.175000E+02  3.285258E-01
  3.180000E+02  3.776299E-01
  3.185000E+02  4.264163E-01
  3.190000E+02  4.730523E-01
  3.195000E+02  5.154147E-01
  3.200000E+02  5.511276E-01
  3.205000E+02  5.776311E-01
  3.210000E+02  5.922791E-01
  3.215000E+02  5.924644E-01
  3.220000E+02  5.757680E-01
  3.225000E+02  5.401237E-01
  3.230000E+02  4.839889E-01
  3.235000E+02  4.065115E-01
  3.240000E+02  3.076792E-01
  3.245000E+02  1.884409E-01
  3.250000E+02  5.078693E-02
  3.255000E+02 -1.022207E-01
  3.260000E+02 -2.664747E-01
  3.265000E+02 -4.369111E-01
  3.270000E+02 -6.076581E-01
  3.275000E+02 -7.722441E-01
  3.280000E+02 -9.238546E-01
  3.285000E+02 -1.055628E+00
  3.290000E+02 -1.160977E+00
  3.295000E+02 -1.233915E+00
  3.300000E+02 -1.269375E+00
  3.305000E+02 -1.263498E+00
  3.310000E+02 -1.213876E+00
  3.315000E+02 -1.119738E+00
  3.320000E+02 -9.820593E-01
  3.325000E+02 -8.035947E-01
  3.330000E+02 -5.888249E-01
  3.335000E+02 -3.438245E-01
  3.340000E+02 -7.605172E-02
  3.345000E+02  2.059270E-01
  3.350000E+02  4.927644E-01
  3.355000E+02  7.746954E-01
  3.360000E+02  1.041918E+00
  3.365000E+02  1.284972E+00
  3.370000E+02  1.495102E+00
  3.375000E+02  1.664578E+00
  3.380000E+02  1.786978E+00
  3.385000E+02  1.857399E+00
  3.390000E+02  1.872618E+00
  3.395000E+02  1.831165E+00
  3.400000E+02  1.733349E+00
  3.405000E+02  1.581210E+00
  3.410000E+02  1.378413E+00
  3.415000E+02  1.130107E+00
  3.420000E+02  8.427380E-01
  3.425000E+02  5.238365E-01
  3.430000E+02  1.817937E-01
  3.435000E+02 -1.743746E-01
  3.440000E+02 -5.352637E-01
  3.445000E+02 -8.913125E-01
  3.450000E+02 -1.233028E+00
  3.455000E+02 -1.551203E+00
  3.460000E+02 -1.837123E+00
  3.465000E+02 -2.082766E+00
  3.470000E+02 -2.280996E+00
  3.475000E+02 -2.425740E+00
  3.480000E+02 -2.512169E+00
  3.485000E+02 -2.536848E+00
  3.490000E+02 -2.497885E+00
  3.495000E+02 -2.395040E+00
  3.500000E+02 -2.229814E+00
  3.505000E+02 -2.005487E+00
  3.510000E+02 -1.727108E+00
  3.515000E+02 -1.401433E+00
  3.520000E+02 -1.036789E+00
  3.525000E+02 -6.428748E-01
  3.530000E+02 -2.304988E-01
  3.535000E+02  1.887531E-01
  3.540000E+02  6.028989E-01
  3.545000E+02  9.999831E-01
  3.550000E+02  1.368522E+00
  3.555000E+02  1.697952E+00
  3.560000E+02  1.979057E+00
  3.565000E+02  2.204351E+00
  3.570000E+02  2.368395E+00
  3.575000E+02  2.468031E+00
  3.580000E+02  2.502506E+00
  3.585000E+02  2.473491E+00
  3.590000E+02  2.384974E+00
  3.595000E+02  2.243048E+00
  3.600000E+02  2.055580E+00
  3.605000E+02  1.831803E+00
  3.610000E+02  1.581835E+00
  3.615000E+02  1.316156E+00
  3.620000E+02  1.045084E+00
  3.625000E+02  7.782556E-01
  3.630000E+02  5.241776E-01
  3.635000E+02  2.898398E-01
  3.640000E+02  8.043688E-02
  3.645000E+02 -1.007955E-01
  3.650000E+02 -2.526209E-01
  3.655000E+02 -3.757161E-01
  3.660000E+02 -4.724690E-01
  3.665000E+02 -5.466745E-01
  3.670000E+02 -6.031505E-01
  3.675000E+02 -6.473025E-01
  3.680000E+02 -6.846650E-01
  3.685000E+02 -7.204536E-01
  3.690000E+02 -7.591558E-01
  3.695000E+02 -8.041901E-01
  3.700000E+02 -8.576542E-01
  3.705000E+02 -9.201782E-01
  3.710000E+02 -9.908922E-01
  3.715000E+02 -1.067508E+00
  3.720000E+02 -1.146504E+00
  3.725000E+02 -1.223408E+00
  3.730000E+02 -1.293141E+00
  3.735000E+02 -1.350415E+00
  3.740000E+02 -1.390133E+00
  3.745000E+02 -1.407792E+00
  3.750000E+02 -1.399826E+00
  3.755000E+02 -1.363897E+00
  3.760000E+02 -1.299086E+00
  3.765000E+02 -1.205996E+00
  3.770000E+02 -1.086740E+00
  3.775000E+02 -9.448279E-01
  3.780000E+02 -7.849516E-01
  3.785000E+02 -6.126979E-01
  3.790000E+02 -4.341929E-01
  3.795000E+02 -2.557158E-01
  3.800000E+02 -8.330321E-02
  3.805000E+02  7.762643E-02
  3.810000E+02  2.226029E-01
  3.815000E+02  3.483660E-01
  3.820000E+02  4.530420E-01
  3.825000E+02  5.362221E-01
  3.830000E+02  5.989402E-01
  3.835000E+02  6.435505E-01
  3.840000E+02  6.735157E-01
  3.845000E+02  6.931204E-01
  3.850000E+02  7.071310E-01
  3.855000E+02  7.204251E-01
  3.860000E+02  7.376169E-01
  3.865000E+02  7.627043E-01
  3.870000E+02  7.987604E-01
  3.875000E+02  8.476925E-01
  3.880000E+02  9.100807E-01
  3.885000E+02  9.851090E-01
  3.890000E+02  1.070591E+00
  3.895000E+02  1.163085E+00
  3.900000E+02  1.258096E+00
  3.905000E+02  1.350341E+00
  3.910000E+02  1.434063E+00
  3.915000E+02  1.503375E+00
  3.920000E+02  1.552604E+00
  3.925000E+02  1.576623E+00
  3.930000E+02  1.571135E+00
  3.935000E+02  1.532910E+00
  3.940000E+02  1.459948E+00
  3.945000E+02  1.351573E+00
  3.950000E+02  1.208441E+00
  3.955000E+02  1.032483E+00
  3.960000E+02  8.267825E-01
  3.965000E+02  5.953974E-01
  3.970000E+02  3.431489E-01
  3.975000E+02  7.539085E-02
  3.980000E+02 -2.022246E-01
  3.985000E+02 -4.839668E-01
  3.990000E+02 -7.642203E-01
  3.995000E+02 -1.037643E+00
  4.000000E+02 -1.299282E+00
  4.005000E+02 -1.544646E+00
  4.010000E+02 -1.769739E+00
  4.015000E+02 -1.971054E+00
  4.020000E+02 -2.145551E+00
  4.025000E+02 -2.290610E+00
  4.030000E+02 -2.403988E+00
  4.035000E+02 -2.483778E+00
  4.040000E+02 -2.528387E+00
  4.045000E+02 -2.536536E+00
  4.050000E+02 -2.507284E+00
  4.055000E+02 -2.440078E+00
  4.060000E+02 -2.334825E+00
  4.065000E+02 -2.191975E+00
  4.070000E+02 -2.012612E+00
  4.075000E+02 -1.798542E+00
  4.080000E+02 -1.552353E+00
  4.085000E+02 -1.277462E+00
  4.090000E+02 -9.781104E-01
  4.095000E+02 -6.593293E-01
  4.100000E+02 -3.268491E-01
  4.105000E+02  1.303144E-02
  4.110000E+02  3.536192E-01
  4.115000E+02  6.880338E-01
  4.120000E+02  1.009438E+00
  4.125000E+02  1.311278E+00
  4.130000E+02  1.587521E+00
  4.135000E+02  1.832872E+00
  4.140000E+02  2.042963E+00
  4.145000E+02  2.214500E+00
  4.150000E+02  2.345359E+00
  4.155000E+02  2.434622E+00
  4.160000E+02  2.482564E+00
  4.165000E+02  2.490579E+00
  4.170000E+02  2.461058E+00
  4.175000E+02  2.397223E+00
  4.180000E+02  2.302933E+00
  4.185000E+02  2.182474E+00
  4.190000E+02  2.040330E+00
  4.195000E+02  1.880975E+00
  4.200000E+02  1.708675E+00
  4.205000E+02  1.527314E+00
  4.210000E+02  1.340262E+00
  4.215000E+02  1.150280E+00
  4.220000E+02  9.594672E-01
  4.225000E+02  7.692554E-01
  4.230000E+02  5.804406E-01
  4.235000E+02  3.932564E-01
  4.240000E+02  2.074783E-01
  4.245000E+02  2.255281E-02
  4.250000E+02 -1.622547E-01
  4.255000E+02 -3.477039E-01
  4.260000E+02 -5.344228E-01
  4.265000E+02 -7.227581E-01
  4.270000E+02 -9.126422E-01
  4.275000E+02 -1.103483E+00
  4.280000E+02 -1.294083E+00
  4.285000E+02 -1.482595E+00
  4.290000E+02 -1.666511E+00
  4.295000E+02 -1.842698E+00
  4.300000E+02 -2.007469E+00
  4.305000E+02 -2.156700E+00
  4.310000E+02 -2.285970E+00
  4.315000E+02 -2.390743E+00
  4.320000E+02 -2.466566E+00
  4.325000E+02 -2.509276E+00
  4.330000E+02 -2.515217E+00
  4.335000E+02 -2.481442E+00
  4.340000E+02 -2.405894E+00
  4.345000E+02 -2.287558E+00
  4.350000E+02 -2.126573E+00
  4.355000E+02 -1.924296E+00
  4.360000E+02 -1.683311E+00
  4.365000E+02 -1.407383E+00
  4.370000E+02 -1.101366E+00
  4.375000E+02 -7.710568E-01
  4.380000E+02 -4.230073E-01
  4.385000E+02 -6.431112E-02
  4.390000E+02  2.976315E-01
  4.395000E+02  6.553535E-01
  4.400000E+02  1.001554E+00
  4.405000E+02  1.329312E+00
  4.410000E+02  1.632272E+00
  4.415000E+02  1.904797E+00
  4.420000E+02  2.142071E+00
  4.425000E+02  2.340174E+00
  4.430000E+02  2.496109E+00
  4.435000E+02  2.607797E+00
  4.440000E+02  2.674049E+00
  4.445000E+02  2.694516E+00
  4.450000E+02  2.669630E+00
  4.455000E+02  2.600549E+00
  4.460000E+02  2.489102E+00
  4.465000E+02  2.337748E+00
  4.470000E+02  2.149541E+00
  4.475000E+02  1.928115E+00
  4.480000E+02  1.677666E+00
  4.485000E+02  1.402936E+00
  4.490000E+02  1.109190E+00
  4.495000E+02  8.021754E-01
  4.500000E+02  4.880556E-01
  4.505000E+02  1.733118E-01
  4.510000E+02 -1.353879E-01
  4.515000E+02 -4.313558E-01
  4.520000E+02 -7.080819E-01
  4.525000E+02 -9.594549E-01
  4.530000E+02 -1.179994E+00
  4.535000E+02 -1.365081E+00
  4.540000E+02 -1.511167E+00
  4.545000E+02 -1.615956E+00
  4.550000E+02 -1.678526E+00
  4.555000E+02 -1.699396E+00
  4.560000E+02 -1.680517E+00
  4.565000E+02 -1.625190E+00
  4.570000E+02 -1.537908E+00
  4.575000E+02 -1.424131E+00
  4.580000E+02 -1.290012E+00
  4.585000E+02 -1.142075E+00
  4.590000E+02 -9.868889E-01
  4.595000E+02 -8.307356E-01
  4.600000E+02 -6.793140E-01
  4.605000E+02 -5.374859E-01
  4.610000E+02 -4.090890E-01
  4.615000E+02 -2.968241E-01
  4.620000E+02 -2.022240E-01
  4.625000E+02 -1.257028E-01
  4.630000E+02 -6.667738E-02
  4.635000E+02 -2.374957E-02
  4.640000E+02  5.070913E-03
  4.645000E+02  2.212194E-02
  4.650000E+02  2.984620E-02
  4.655000E+02  3.057121E-02
  4.660000E+02  2.633116E-02
  4.665000E+02  1.874511E-02
  4.670000E+02  8.960556E-03
  4.675000E+02 -2.335106E-03
  4.680000E+02 -1.483933E-02
  4.685000E+02 -2.850580E-02
  4.690000E+02 -4.337814E-02
  4.695000E+02 -5.940569E-02
  4.700000E+02 -7.626297E-02
  4.705000E+02 -9.319483E-02
  4.710000E+02 -1.089071E-01
  4.715000E+02 -1.215189E-01
  4.720000E+02 -1.285867E-01
  4.725000E+02 -1.272051E-01
  4.730000E+02 -1.141804E-01
  4.735000E+02 -8.626671E-02
  4.740000E+02 -4.044895E-02
  4.745000E+02  2.575037E-02
  4.750000E+02  1.139648E-01
  4.755000E+02  2.247055E-01
  4.760000E+02  3.571359E-01
  4.765000E+02  5.089232E-01
  4.770000E+02  6.761848E-01
  4.775000E+02  8.535406E-01
  4.780000E+02  1.034276E+00
  4.785000E+02  1.210609E+00
  4.790000E+02  1.374057E+00
  4.795000E+02  1.515868E+00
  4.800000E+02  1.627506E+00
  4.805000E+02  1.701158E+00
  4.810000E+02  1.730216E+00
  4.815000E+02  1.709721E+00
  4.820000E+02  1.636724E+00
  4.825000E+02  1.510553E+00
  4.830000E+02  1.332946E+00
  4.835000E+02  1.108062E+00
  4.840000E+02  8.423479E-01
  4.845000E+02  5.442763E-01
  4.850000E+02  2.239686E-01
  4.855000E+02 -1.072816E-01
  4.860000E+02 -4.375520E-01
  4.865000E+02 -7.548724E-01
  4.870000E+02 -1.047810E+00
  4.875000E+02 -1.306023E+00
  4.880000E+02 -1.520755E+00
  4.885000E+02 -1.685241E+00
  4.890000E+02 -1.795000E+00
  4.895000E+02 -1.848006E+00
  4.900000E+02 -1.844730E+00
  4.905000E+02 -1.788043E+00
  4.910000E+02 -1.683006E+00
  4.915000E+02 -1.536549E+00
  4.920000E+02 -1.357067E+00
  4.925000E+02 -1.153954E+00
  4.930000E+02 -9.371065E-01
  4.935000E+02 -7.164219E-01
  4.940000E+02 -5.013242E-01
  4.945000E+02 -3.003346E-01
  4.950000E+02 -1.207124E-01
  4.955000E+02  3.181843E-02
  4.960000E+02  1.532494E-01
  4.965000E+02  2.413690E-01
  4.970000E+02  2.957485E-01
  4.975000E+02  3.176390E-01
  4.980000E+02  3.097927E-01
  4.985000E+02  2.762233E-01
  4.990000E+02  2.219233E-01
  4.995000E+02  1.525569E-01
  5.000000E+02  7.414731E-02
  5.005000E+02 -7.225040E-03
  5.010000E+02 -8.569945E-02
  5.015000E+02 -1.558749E-01
  5.020000E+02 -2.130060E-01
  5.025000E+02 -2.531502E-01
  5.030000E+02 -2.732664E-01
  5.035000E+02 -2.712668E-01
  5.040000E+02 -2.460273E-01
  5.045000E+02 -1.973622E-01
  5.050000E+02 -1.259716E-01
  5.055000E+02 -3.336898E-02
  5.060000E+02  7.820558E-02
  5.065000E+02  2.058789E-01
  5.070000E+02  3.462418E-01
  5.075000E+02  4.954470E-01
  5.080000E+02  6.493071E-01
  5.085000E+02  8.033918E-01
  5.090000E+02  9.531276E-01
  5.095000E+02  1.093900E+00
  5.100000E+02  1.221162E+00
  5.105000E+02  1.330543E+00
  5.110000E+02  1.417973E+00
  5.115000E+02  1.479799E+00
  5.120000E+02  1.512914E+00
  5.125000E+02  1.514870E+00
  5.130000E+02  1.483991E+00
  5.135000E+02  1.419466E+00
  5.140000E+02  1.321419E+00
  5.145000E+02  1.190949E+00
  5.150000E+02  1.030136E+00
  5.155000E+02  8.420089E-01
  5.160000E+02  6.304730E-01
  5.165000E+02  4.001980E-01
  5.170000E+02  1.564718E-01
  5.175000E+02 -9.497455E-02
  5.180000E+02 -3.481638E-01
  5.185000E+02 -5.970790E-01
  5.190000E+02 -8.358698E-01
  5.195000E+02 -1.059049E+00
  5.200000E+02 -1.261664E+00
  5.205000E+02 -1.439445E+00
  5.210000E+02 -1.588906E+00
  5.215000E+02 -1.707414E+00
  5.220000E+02 -1.793211E+00
  5.225000E+02 -1.845399E+00
  5.230000E+02 -1.863886E+00
  5.235000E+02 -1.849309E+00
  5.240000E+02 -1.802932E+00
  5.245000E+02 -1.726536E+00
  5.250000E+02 -1.622309E+00
  5.255000E+02 -1.492746E+00
  5.260000E+02 -1.340558E+00
  5.265000E+02 -1.168607E+00
  5.270000E+02 -9.798614E-01
  5.275000E+02 -7.773722E-01
  5.280000E+02 -5.642714E-01
  5.285000E+02 -3.437813E-01
  5.290000E+02 -1.192330E-01
  5.295000E+02  1.059164E-01
  5.300000E+02  3.280754E-01
  5.305000E+02  5.435250E-01
  5.310000E+02  7.484470E-01
  5.315000E+02  9.389775E-01
  5.320000E+02  1.111287E+00
  5.325000E+02  1.261684E+00
  5.330000E+02  1.386741E+00
  5.335000E+02  1.483429E+00
  5.340000E+02  1.549261E+00
  5.345000E+02  1.582432E+00
  5.350000E+02  1.581932E+00
  5.355000E+02  1.547649E+00
  5.360000E+02  1.480424E+00
  5.365000E+02  1.382072E+00
  5.370000E+02  1.255355E+00
  5.375000E+02  1.103914E+00
  5.380000E+02  9.321476E-01
  5.385000E+02  7.450612E-01
  5.390000E+02  5.480792E-01
  5.395000E+02  3.468389E-01
  5.400000E+02  1.469734E-01
  5.405000E+02 -4.610271E-02
  5.410000E+02 -2.273944E-01
  5.415000E+02 -3.925019E-01
  5.420000E+02 -5.377642E-01
  5.425000E+02 -6.603612E-01
  5.430000E+02 -7.583735E-01
  5.435000E+02 -8.307963E-01
  5.440000E+02 -8.775108E-01
  5.445000E+02 -8.992170E-01
  5.450000E+02 -8.973340E-01
  5.455000E+02 -8.738764E-01
  5.460000E+02 -8.313149E-01
  5.465000E+02 -7.724314E-01
  5.470000E+02 -7.001760E-01
  5.475000E+02 -6.175340E-01
  5.480000E+02 -5.274100E-01
  5.485000E+02 -4.325324E-01
  5.490000E+02 -3.353818E-01
  5.495000E+02 -2.381434E-01
  5.500000E+02 -1.426833E-01
  5.505000E+02 -5.054554E-02
  5.510000E+02  3.703319E-02
  5.515000E+02  1.190950E-01
  5.520000E+02  1.949232E-01
  5.525000E+02  2.639993E-01
  5.530000E+02  3.259587E-01
  5.535000E+02  3.805477E-01
  5.540000E+02  4.275843E-01
  5.545000E+02  4.669244E-01
  5.550000E+02  4.984328E-01
  5.555000E+02  5.219614E-01
  5.560000E+02  5.373321E-01
  5.565000E+02  5.443255E-01
  5.570000E+02  5.426750E-01
  5.575000E+02  5.320653E-01
  5.580000E+02  5.121378E-01
  5.585000E+02  4.825013E-01
  5.590000E+02  4.427514E-01
  5.595000E+02  3.924973E-01
  5.600000E+02  3.313996E-01
  5.605000E+02  2.592176E-01
  5.610000E+02  1.758665E-01
  5.615000E+02  8.148398E-02
  5.620000E+02 -2.349754E-02
  5.625000E+02 -1.382761E-01
  5.630000E+02 -2.616080E-01
  5.635000E+02 -3.917446E-01
  5.640000E+02 -5.263850E-01
  5.645000E+02 -6.626518E-01
  5.650000E+02 -7.970967E-01
  5.655000E+02 -9.257417E-01
  5.660000E+02 -1.044161E+00
  5.665000E+02 -1.147603E+00
  5.670000E+02 -1.231158E+00
  5.675000E+02 -1.289953E+00
  5.680000E+02 -1.319390E+00
  5.685000E+02 -1.315392E+00
  5.690000E+02 -1.274659E+00
  5.695000E+02 -1.194921E+00
  5.700000E+02 -1.075158E+00
  5.705000E+02 -9.157842E-01
  5.710000E+02 -7.187738E-01
  5.715000E+02 -4.877212E-01
  5.720000E+02 -2.278201E-01
  5.725000E+02  5.424058E-02
  5.730000E+02  3.504636E-01
  5.735000E+02  6.518100E-01
  5.740000E+02  9.485350E-01
  5.745000E+02  1.230577E+00
  5.750000E+02  1.487982E+00
  5.755000E+02  1.711343E+00
  5.760000E+02  1.892226E+00
  5.765000E+02  2.023562E+00
  5.770000E+02  2.099989E+00
  5.775000E+02  2.118109E+00
  5.780000E+02  2.076663E+00
  5.785000E+02  1.976598E+00
  5.790000E+02  1.821037E+00
  5.795000E+02  1.615140E+00
  5.800000E+02  1.365877E+00
  5.805000E+02  1.081712E+00
  5.810000E+02  7.722338E-01
  5.815000E+02  4.477371E-01
  5.820000E+02  1.187889E-01
  5.825000E+02 -2.042031E-01
  5.830000E+02 -5.113950E-01
  5.835000E+02 -7.938680E-01
  5.840000E+02 -1.043928E+00
  5.845000E+02 -1.255335E+00
  5.850000E+02 -1.423456E+00
  5.855000E+02 -1.545337E+00
  5.860000E+02 -1.619702E+00
  5.865000E+02 -1.646885E+00
  5.870000E+02 -1.628703E+00
  5.875000E+02 -1.568286E+00
  5.880000E+02 -1.469871E+00
  5.885000E+02 -1.338585E+00
  5.890000E+02 -1.180214E+00
  5.895000E+02 -1.000977E+00
  5.900000E+02 -8.073173E-01
  5.905000E+02 -6.057031E-01
  5.910000E+02 -4.024540E-01
  5.915000E+02 -2.035860E-01
  5.920000E+02 -1.467928E-02
  5.925000E+02  1.592361E-01
  5.930000E+02  3.137761E-01
  5.935000E+02  4.452829E-01
  5.940000E+02  5.508914E-01
  5.945000E+02  6.285810E-01
  5.950000E+02  6.772124E-01
  5.955000E+02  6.965478E-01
  5.960000E+02  6.872523E-01
  5.965000E+02  6.508727E-01
  5.970000E+02  5.897927E-01
  5.975000E+02  5.071611E-01
  5.980000E+02  4.067930E-01
  5.985000E+02  2.930448E-01
  5.990000E+02  1.706659E-01
  5.995000E+02  4.463018E-02
  6.000000E+02 -8.004384E-02
  6.005000E+02 -1.984791E-01
  6.010000E+02 -3.061219E-01
  6.015000E+02 -3.989115E-01
  6.020000E+02 -4.734276E-01
  6.025000E+02 -5.270092E-01
  6.030000E+02 -5.578379E-01
  6.035000E+02 -5.649807E-01
  6.040000E+02 -5.483922E-01
  6.045000E+02 -5.088760E-01
  6.050000E+02 -4.480085E-01
  6.055000E+02 -3.680317E-01
  6.060000E+02 -2.717212E-01
  6.065000E+02 -1.622394E-01
  6.070000E+02 -4.298276E-02
  6.075000E+02  8.256798E-02
  6.080000E+02  2.109848E-01
  6.085000E+02  3.390102E-01
  6.090000E+02  4.636500E-01
  6.095000E+02  5.822370E-01
  6.100000E+02  6.924651E-01
  6.105000E+02  7.923949E-01
  6.110000E+02  8.804323E-01
  6.115000E+02  9.552874E-01
  6.120000E+02  1.015918E+00
  6.125000E+02  1.061467E+00
  6.130000E+02  1.091197E+00
  6.135000E+02  1.104436E+00
  6.140000E+02  1.100531E+00
  6.145000E+02  1.078832E+00
  6.150000E+02  1.038686E+00
  6.155000E+02  9.794651E-01
  6.160000E+02  9.006176E-01
  6.165000E+02  8.017419E-01
  6.170000E+02  6.826794E-01
  6.175000E+02  5.436206E-01
  6.180000E+02  3.852166E-01
  6.185000E+02  2.086861E-01
  6.190000E+02  1.591049E-02
  6.195000E+02 -1.904958E-01
  6.200000E+02 -4.071456E-01
  6.205000E+02 -6.298812E-01
  6.210000E+02 -8.538212E-01
  6.215000E+02 -1.073459E+00
  6.220000E+02 -1.282810E+00
  6.225000E+02 -1.475611E+00
  6.230000E+02 -1.645553E+00
  6.235000E+02 -1.786553E+00
  6.240000E+02 -1.893043E+00
  6.245000E+02 -1.960256E+00
  6.250000E+02 -1.984502E+00
  6.255000E+02 -1.963411E+00
  6.260000E+02 -1.896120E+00
  6.265000E+02 -1.783400E+00
  6.270000E+02 -1.627694E+00
  6.275000E+02 -1.433080E+00
  6.280000E+02 -1.205127E+00
  6.285000E+02 -9.506793E-01
  6.290000E+02 -6.775527E-01
  6.295000E+02 -3.941695E-01
  6.300000E+02 -1.091528E-01
  6.305000E+02  1.690977E-01
  6.310000E+02  4.328206E-01
  6.315000E+02  6.752699E-01
  6.320000E+02  8.910295E-01
  6.325000E+02  1.076241E+00
  6.330000E+02  1.228729E+00
  6.335000E+02  1.348012E+00
  6.340000E+02  1.435200E+00
  6.345000E+02  1.492785E+00
  6.350000E+02  1.524332E+00
  6.355000E+02  1.534110E+00
  6.360000E+02  1.526673E+00
  6.365000E+02  1.506433E+00
  6.370000E+02  1.477267E+00
  6.375000E+02  1.442166E+00
  6.380000E+02  1.402985E+00
  6.385000E+02  1.360295E+00
  6.390000E+02  1.313354E+00
  6.395000E+02  1.260212E+00
  6.400000E+02  1.197928E+00
  6.405000E+02  1.122900E+00
  6.410000E+02  1.031260E+00
  6.415000E+02  9.193309E-01
  6.420000E+02  7.840768E-01
  6.425000E+02  6.235374E-01
  6.430000E+02  4.371882E-01
  6.435000E+02  2.262052E-01
  6.440000E+02 -6.394080E-03
  6.445000E+02 -2.557486E-01
  6.450000E+02 -5.152961E-01
  6.455000E+02 -7.770521E-01
  6.460000E+02 -1.032010E+00
  6.465000E+02 -1.270635E+00
  6.470000E+02 -1.483414E+00
  6.475000E+02 -1.661429E+00
  6.480000E+02 -1.796908E+00
  6.485000E+02 -1.883717E+00
  6.490000E+02 -1.917753E+00
  6.495000E+02 -1.897220E+00
  6.500000E+02 -1.822759E+00
  6.505000E+02 -1.697431E+00
  6.510000E+02 -1.526558E+00
  6.515000E+02 -1.317424E+00
  6.520000E+02 -1.078873E+00
  6.525000E+02 -8.208218E-01
  6.530000E+02 -5.537297E-01
  6.535000E+02 -2.880571E-01
  6.540000E+02 -3.374777E-02
  6.545000E+02  2.002318E-01
  6.550000E+02  4.062724E-01
  6.555000E+02  5.784020E-01
  6.560000E+02  7.124576E-01
  6.565000E+02  8.061449E-01
  6.570000E+02  8.589960E-01
  6.575000E+02  8.722354E-01
  6.580000E+02  8.485750E-01
  6.585000E+02  7.919581E-01
  6.590000E+02  7.072760E-01
  6.595000E+02  6.000789E-01
  6.600000E+02  4.762996E-01
  6.605000E+02  3.420039E-01
  6.610000E+02  2.031806E-01
  6.615000E+02  6.557196E-02
  6.620000E+02 -6.545188E-02
  6.625000E+02 -1.849816E-01
  6.630000E+02 -2.886265E-01
  6.635000E+02 -3.725515E-01
  6.640000E+02 -4.335027E-01
  6.645000E+02 -4.688306E-01
  6.650000E+02 -4.765187E-01
  6.655000E+02 -4.552194E-01
  6.660000E+02 -4.043013E-01
  6.665000E+02 -3.239031E-01
  6.670000E+02 -2.149892E-01
  6.675000E+02 -7.940133E-02
  6.680000E+02  8.010542E-02
  6.685000E+02  2.598487E-01
  6.690000E+02  4.552371E-01
  6.695000E+02  6.608264E-01
  6.700000E+02  8.704179E-01
  6.705000E+02  1.077200E+00
  6.710000E+02  1.273932E+00
  6.715000E+02  1.453161E+00
  6.720000E+02  1.607471E+00
  6.725000E+02  1.729744E+00
  6.730000E+02  1.813433E+00
  6.735000E+02  1.852823E+00
  6.740000E+02  1.843281E+00
  6.745000E+02  1.781466E+00
  6.750000E+02  1.665512E+00
  6.755000E+02  1.495157E+00
  6.760000E+02  1.271825E+00
  6.765000E+02  9.986527E-01
  6.770000E+02  6.804573E-01
  6.775000E+02  3.236561E-01
  6.780000E+02 -6.386962E-02
  6.785000E+02 -4.729585E-01
  6.790000E+02 -8.933960E-01
  6.795000E+02 -1.314179E+00
  6.800000E+02 -1.723816E+00
  6.805000E+02 -2.110644E+00
  6.810000E+02 -2.463177E+00
  6.815000E+02 -2.770449E+00
  6.820000E+02 -3.022367E+00
  6.825000E+02 -3.210054E+00
  6.830000E+02 -3.326162E+00
  6.835000E+02 -3.365163E+00
  6.840000E+02 -3.323589E+00
  6.845000E+02 -3.200217E+00
  6.850000E+02 -2.996187E+00
  6.855000E+02 -2.715042E+00
  6.860000E+02 -2.362688E+00
  6.865000E+02 -1.947267E+00
  6.870000E+02 -1.478943E+00
  6.875000E+02 -9.696060E-01
  6.880000E+02 -4.325066E-01
  6.885000E+02  1.181700E-01
  6.890000E+02  6.677737E-01
  6.895000E+02  1.201681E+00
  6.900000E+02  1.705789E+00
  6.905000E+02  2.166989E+00
  6.910000E+02  2.573599E+00
  6.915000E+02  2.915732E+00
  6.920000E+02  3.185594E+00
  6.925000E+02  3.377686E+00
  6.930000E+02  3.488917E+00
  6.935000E+02  3.518609E+00
  6.940000E+02  3.468423E+00
  6.945000E+02  3.342182E+00
  6.950000E+02  3.145640E+00
  6.955000E+02  2.886175E+00
  6.960000E+02  2.572461E+00
  6.965000E+02  2.214107E+00
  6.970000E+02  1.821302E+00
  6.975000E+02  1.404471E+00
  6.980000E+02  9.739651E-01
  6.985000E+02  5.397850E-01
  6.990000E+02  1.113568E-01
  6.995000E+02 -3.026445E-01
  7.000000E+02 -6.944227E-01
  7.005000E+02 -1.057141E+00
  7.010000E+02 -1.384964E+00
  7.015000E+02 -1.673071E+00
  7.020000E+02 -1.917638E+00
  7.025000E+02 -2.115815E+00
  7.030000E+02 -2.265689E+00
  7.035000E+02 -2.366249E+00
  7.040000E+02 -2.417350E+00
  7.045000E+02 -2.419686E+00
  7.050000E+02 -2.374759E+00
  7.055000E+02 -2.284861E+00
  7.060000E+02 -2.153040E+00
  7.065000E+02 -1.983075E+00
  7.070000E+02 -1.779429E+00
  7.075000E+02 -1.547188E+00
  7.080000E+02 -1.291990E+00
  7.085000E+02 -1.019921E+00
  7.090000E+02 -7.374001E-01
  7.095000E+02 -4.510399E-01
  7.100000E+02 -1.674889E-01
  7.105000E+02  1.067343E-01
  7.110000E+02  3.654164E-01
  7.115000E+02  6.028220E-01
  7.120000E+02  8.138596E-01
  7.125000E+02  9.942311E-01
  7.130000E+02  1.140559E+00
  7.135000E+02  1.250487E+00
  7.140000E+02  1.322743E+00
  7.145000E+02  1.357170E+00
  7.150000E+02  1.354715E+00
  7.155000E+02  1.317382E+00
  7.160000E+02  1.248149E+00
  7.165000E+02  1.150847E+00
  7.170000E+02  1.030013E+00
  7.175000E+02  8.907228E-01
  7.180000E+02  7.384025E-01
  7.185000E+02  5.786342E-01
  7.190000E+02  4.169590E-01
  7.195000E+02  2.586857E-01
  7.200000E+02  1.087131E-01
  7.205000E+02 -2.862857E-02
  7.210000E+02 -1.497115E-01
  7.215000E+02 -2.517139E-01
  7.220000E+02 -3.326912E-01
  7.225000E+02 -3.916120E-01
  7.230000E+02 -4.283580E-01
  7.235000E+02 -4.436895E-01
  7.240000E+02 -4.391775E-01
  7.245000E+02 -4.171059E-01
  7.250000E+02 -3.803480E-01
  7.255000E+02 -3.322234E-01
  7.260000E+02 -2.763393E-01
  7.265000E+02 -2.164245E-01
  7.270000E+02 -1.561614E-01
  7.275000E+02 -9.902241E-02
  7.280000E+02 -4.811864E-02
  7.285000E+02 -6.064134E-03
  7.290000E+02  2.513701E-02
  7.295000E+02  4.417746E-02
  7.300000E+02  5.050360E-02
  7.305000E+02  4.434025E-02
  7.310000E+02  2.668187E-02
  7.315000E+02 -7.501444E-04
  7.320000E+02 -3.558298E-02
  7.325000E+02 -7.489889E-02
  7.330000E+02 -1.153694E-01
  7.335000E+02 -1.534127E-01
  7.340000E+02 -1.853699E-01
  7.345000E+02 -2.076920E-01
  7.350000E+02 -2.171326E-01
  7.355000E+02 -2.109369E-01
  7.360000E+02 -1.870193E-01
  7.365000E+02 -1.441212E-01
  7.370000E+02 -8.193961E-02
  7.375000E+02 -1.220410E-03
  7.380000E+02  9.619277E-02
  7.385000E+02  2.073583E-01
  7.390000E+02  3.282895E-01
  7.395000E+02  4.540621E-01
  7.400000E+02  5.789761E-01
  7.405000E+02  6.967669E-01
  7.410000E+02  8.008618E-01
  7.415000E+02  8.846702E-01
  7.420000E+02  9.418972E-01
  7.425000E+02  9.668668E-01
  7.430000E+02  9.548386E-01
  7.435000E+02  9.023029E-01
  7.440000E+02  8.072370E-01
  7.445000E+02  6.693085E-01
  7.450000E+02  4.900117E-01
  7.455000E+02  2.727268E-01
  7.460000E+02  2.269394E-02
  7.465000E+02 -2.530992E-01
  7.470000E+02 -5.461174E-01
  7.475000E+02 -8.465583E-01
  7.480000E+02 -1.143703E+00
  7.485000E+02 -1.426322E+00
  7.490000E+02 -1.683125E+00
  7.495000E+02 -1.903221E+00
  7.500000E+02 -2.076589E+00
  7.505000E+02 -2.194508E+00
  7.510000E+02 -2.249960E+00
  7.515000E+02 -2.237958E+00
  7.520000E+02 -2.155798E+00
  7.525000E+02 -2.003221E+00
  7.530000E+02 -1.782472E+00
  7.535000E+02 -1.498264E+00
  7.540000E+02 -1.157633E+00
  7.545000E+02 -7.697058E-01
  7.550000E+02 -3.453824E-01
  7.555000E+02  1.030483E-01
  7.560000E+02  5.623458E-01
  7.565000E+02  1.018786E+00
  7.570000E+02  1.458640E+00
  7.575000E+02  1.868651E+00
  7.580000E+02  2.236476E+00
  7.585000E+02  2.551092E+00
  7.590000E+02  2.803142E+00
  7.595000E+02  2.985213E+00
  7.600000E+02  3.092039E+00
  7.605000E+02  3.120622E+00
  7.610000E+02  3.070277E+00
  7.615000E+02  2.942598E+00
  7.620000E+02  2.741345E+00
  7.625000E+02  2.472277E+00
  7.630000E+02  2.142919E+00
  7.635000E+02  1.762297E+00
  7.640000E+02  1.340623E+00
  7.645000E+02  8.889763E-01
  7.650000E+02  4.189617E-01
  7.655000E+02 -5.762784E-02
  7.660000E+02 -5.291376E-01
  7.665000E+02 -9.843604E-01
  7.670000E+02 -1.412819E+00
  7.675000E+02 -1.805017E+00
  7.680000E+02 -2.152651E+00
  7.685000E+02 -2.448779E+00
  7.690000E+02 -2.687951E+00
  7.695000E+02 -2.866288E+00
  7.700000E+02 -2.981512E+00
  7.705000E+02 -3.032935E+00
  7.710000E+02 -3.021401E+00
  7.715000E+02 -2.949181E+00
  7.720000E+02 -2.819840E+00
  7.725000E+02 -2.638057E+00
  7.730000E+02 -2.409434E+00
  7.735000E+02 -2.140274E+00
  7.740000E+02 -1.837357E+00
  7.745000E+02 -1.507712E+00
  7.750000E+02 -1.158400E+00
  7.755000E+02 -7.963193E-01
  7.760000E+02 -4.280332E-01
  7.765000E+02 -5.963905E-02
  7.770000E+02  3.033235E-01
  7.775000E+02  6.559186E-01
  7.780000E+02  9.938150E-01
  7.785000E+02  1.313245E+00
  7.790000E+02  1.610924E+00
  7.795000E+02  1.883950E+00
  7.800000E+02  2.129676E+00
  7.805000E+02  2.345586E+00
  7.810000E+02  2.529185E+00
  7.815000E+02  2.677908E+00
  7.820000E+02  2.789067E+00
  7.825000E+02  2.859854E+00
  7.830000E+02  2.887391E+00
  7.835000E+02  2.868837E+00
  7.840000E+02  2.801557E+00
  7.845000E+02  2.683335E+00
  7.850000E+02  2.512614E+00
  7.855000E+02  2.288769E+00
  7.860000E+02  2.012362E+00
  7.865000E+02  1.685384E+00
  7.870000E+02  1.311451E+00
  7.875000E+02  8.959191E-01
  7.880000E+02  4.459364E-01
  7.885000E+02 -2.962083E-02
  7.890000E+02 -5.203050E-01
  7.895000E+02 -1.014362E+00
  7.900000E+02 -1.499089E+00
  7.905000E+02 -1.961277E+00
  7.910000E+02 -2.387710E+00
  7.915000E+02 -2.765697E+00
  7.920000E+02 -3.083608E+00
  7.925000E+02 -3.331386E+00
  7.930000E+02 -3.500997E+00
  7.935000E+02 -3.586794E+00
  7.940000E+02 -3.585780E+00
  7.945000E+02 -3.497743E+00
  7.950000E+02 -3.325262E+00
  7.955000E+02 -3.073586E+00
  7.960000E+02 -2.750393E+00
  7.965000E+02 -2.365442E+00
  7.970000E+02 -1.930147E+00
  7.975000E+02 -1.457095E+00
  7.980000E+02 -9.595446E-01
  7.985000E+02 -4.509182E-01
  7.990000E+02  5.566320E-02
  7.995000E+02  5.477982E-01
  8.000000E+02  1.014149E+00
  8.005000E+02  1.444705E+00
  8.010000E+02  1.830959E+00
  8.015000E+02  2.166001E+00
  8.020000E+02  2.444540E+00
  8.025000E+02  2.662862E+00
  8.030000E+02  2.818748E+00
  8.035000E+02  2.911357E+00
  8.040000E+02  2.941104E+00
  8.045000E+02  2.909540E+00
  8.050000E+02  2.819242E+00
  8.055000E+02  2.673723E+00
  8.060000E+02  2.477361E+00
  8.065000E+02  2.235341E+00
  8.070000E+02  1.953608E+00
  8.075000E+02  1.638816E+00
  8.080000E+02  1.298262E+00
  8.085000E+02  9.398004E-01
  8.090000E+02  5.717189E-01
  8.095000E+02  2.025845E-01
  8.100000E+02 -1.589539E-01
  8.105000E+02 -5.043937E-01
  8.110000E+02 -8.256330E-01
  8.115000E+02 -1.115236E+00
  8.120000E+02 -1.366694E+00
  8.125000E+02 -1.574668E+00
  8.130000E+02 -1.735187E+00
  8.135000E+02 -1.845797E+00
  8.140000E+02 -1.905640E+00
  8.145000E+02 -1.915461E+00
  8.150000E+02 -1.877541E+00
  8.155000E+02 -1.795546E+00
  8.160000E+02 -1.674332E+00
  8.165000E+02 -1.519684E+00
  8.170000E+02 -1.338028E+00
  8.175000E+02 -1.136139E+00
  8.180000E+02 -9.208482E-01
  8.185000E+02 -6.987782E-01
  8.190000E+02 -4.761234E-01
  8.195000E+02 -2.584803E-01
  8.200000E+02 -5.073700E-02
  8.205000E+02  1.429793E-01
  8.210000E+02  3.193006E-01
  8.215000E+02  4.755736E-01
  8.220000E+02  6.097835E-01
  8.225000E+02  7.204618E-01
  8.230000E+02  8.065930E-01
  8.235000E+02  8.675329E-01
  8.240000E+02  9.029503E-01
  8.245000E+02  9.127971E-01
  8.250000E+02  8.973113E-01
  8.255000E+02  8.570477E-01
  8.260000E+02  7.929327E-01
  8.265000E+02  7.063299E-01
  8.270000E+02  5.991074E-01
  8.275000E+02  4.736915E-01
  8.280000E+02  3.330961E-01
  8.285000E+02  1.809166E-01
  8.290000E+02  2.128379E-02
  8.295000E+02 -1.412272E-01
  8.300000E+02 -3.017284E-01
  8.305000E+02 -4.551863E-01
  8.310000E+02 -5.966128E-01
  8.315000E+02 -7.212684E-01
  8.320000E+02 -8.248619E-01
  8.325000E+02 -9.037329E-01
  8.330000E+02 -9.550034E-01
  8.335000E+02 -9.766889E-01
  8.340000E+02 -9.677612E-01
  8.345000E+02 -9.281621E-01
  8.350000E+02 -8.587685E-01
  8.355000E+02 -7.613164E-01
  8.360000E+02 -6.382915E-01
  8.365000E+02 -4.927999E-01
  8.370000E+02 -3.284292E-01
  8.375000E+02 -1.491138E-01
  8.380000E+02  4.098732E-02
  8.385000E+02  2.375925E-01
  8.390000E+02  4.363751E-01
  8.395000E+02  6.330179E-01
  8.400000E+02  8.232483E-01
  8.405000E+02  1.002861E+00
  8.410000E+02  1.167735E+00
  8.415000E+02  1.313862E+00
  8.420000E+02  1.437384E+00
  8.425000E+02  1.534658E+00
  8.430000E+02  1.602344E+00
  8.435000E+02  1.637520E+00
  8.440000E+02  1.637823E+00
  8.445000E+02  1.601597E+00
  8.450000E+02  1.528048E+00
  8.455000E+02  1.417388E+00
  8.460000E+02  1.270941E+00
  8.465000E+02  1.091216E+00
  8.470000E+02  8.819187E-01
  8.475000E+02  6.478930E-01
  8.480000E+02  3.949997E-01
  8.485000E+02  1.299191E-01
  8.490000E+02 -1.401056E-01
  8.495000E+02 -4.075757E-01
  8.500000E+02 -6.650740E-01
  8.505000E+02 -9.056122E-01
  8.510000E+02 -1.122963E+00
  8.515000E+02 -1.311956E+00
  8.520000E+02 -1.468709E+00
  8.525000E+02 -1.590787E+00
  8.530000E+02 -1.677268E+00
  8.535000E+02 -1.728709E+00
  8.540000E+02 -1.747029E+00
  8.545000E+02 -1.735290E+00
  8.550000E+02 -1.697423E+00
  8.555000E+02 -1.637897E+00
  8.560000E+02 -1.561361E+00
  8.565000E+02 -1.472297E+00
  8.570000E+02 -1.374697E+00
  8.575000E+02 -1.271789E+00
  8.580000E+02 -1.165844E+00
  8.585000E+02 -1.058065E+00
  8.590000E+02 -9.485763E-01
  8.595000E+02 -8.364973E-01
  8.600000E+02 -7.201167E-01
  8.605000E+02 -5.971325E-01
  8.610000E+02 -4.649499E-01
  8.615000E+02 -3.210105E-01
  8.620000E+02 -1.631281E-01
  8.625000E+02  1.019484E-02
  8.630000E+02  1.994936E-01
  8.635000E+02  4.041312E-01
  8.640000E+02  6.221679E-01
  8.645000E+02  8.503207E-01
  8.650000E+02  1.084016E+00
  8.655000E+02  1.317532E+00
  8.660000E+02  1.544228E+00
  8.665000E+02  1.756836E+00
  8.670000E+02  1.947806E+00
  8.675000E+02  2.109683E+00
  8.680000E+02  2.235486E+00
  8.685000E+02  2.319076E+00
  8.690000E+02  2.355486E+00
  8.695000E+02  2.341193E+00
  8.700000E+02  2.274331E+00
  8.705000E+02  2.154811E+00
  8.710000E+02  1.984362E+00
  8.715000E+02  1.766492E+00
  8.720000E+02  1.506356E+00
  8.725000E+02  1.210556E+00
  8.730000E+02  8.868822E-01
  8.735000E+02  5.440044E-01
  8.740000E+02  1.911325E-01
  8.745000E+02 -1.623324E-01
  8.750000E+02 -5.071442E-01
  8.755000E+02 -8.345368E-01
  8.760000E+02 -1.136513E+00
  8.765000E+02 -1.406090E+00
  8.770000E+02 -1.637484E+00
  8.775000E+02 -1.826246E+00
  8.780000E+02 -1.969324E+00
  8.785000E+02 -2.065075E+00
  8.790000E+02 -2.113222E+00
  8.795000E+02 -2.114763E+00
  8.800000E+02 -2.071842E+00
  8.805000E+02 -1.987597E+00
  8.810000E+02 -1.865990E+00
  8.815000E+02 -1.711629E+00
  8.820000E+02 -1.529595E+00
  8.825000E+02 -1.325280E+00
  8.830000E+02 -1.104237E+00
  8.835000E+02 -8.720530E-01
  8.840000E+02 -6.342308E-01
  8.845000E+02 -3.961002E-01
  8.850000E+02 -1.627365E-01
  8.855000E+02  6.110784E-02
  8.860000E+02  2.710632E-01
  8.865000E+02  4.631999E-01
  8.870000E+02  6.340823E-01
  8.875000E+02  7.808237E-01
  8.880000E+02  9.011390E-01
  8.885000E+02  9.933955E-01
  8.890000E+02  1.056656E+00
  8.895000E+02  1.090713E+00
  8.900000E+02  1.096100E+00
  8.905000E+02  1.074095E+00
  8.910000E+02  1.026680E+00
  8.915000E+02  9.564919E-01
  8.920000E+02  8.667294E-01
  8.925000E+02  7.610426E-01
  8.930000E+02  6.433966E-01
  8.935000E+02  5.179198E-01
  8.940000E+02  3.887447E-01
  8.945000E+02  2.598519E-01
  8.950000E+02  1.349252E-01
  8.955000E+02  1.722963E-02
  8.960000E+02 -9.048151E-02
  8.965000E+02 -1.860235E-01
  8.970000E+02 -2.677994E-01
  8.975000E+02 -3.347810E-01
  8.980000E+02 -3.864563E-01
  8.985000E+02 -4.227506E-01
  8.990000E+02 -4.439295E-01
  8.995000E+02 -4.504956E-01
  9.000000E+02 -4.430905E-01
  9.005000E+02 -4.224119E-01
  9.010000E+02 -3.891555E-01
  9.015000E+02 -3.439872E-01
  9.020000E+02 -2.875488E-01
  9.025000E+02 -2.204956E-01
  9.030000E+02 -1.435607E-01
  9.035000E+02 -5.763856E-02
  9.040000E+02  3.612385E-02
  9.045000E+02  1.362411E-01
  9.050000E+02  2.408200E-01
  9.055000E+02  3.475196E-01
  9.060000E+02  4.535489E-01
  9.065000E+02  5.557085E-01
  9.070000E+02  6.504772E-01
  9.075000E+02  7.341415E-01
  9.080000E+02  8.029605E-01
  9.085000E+02  8.533544E-01
  9.090000E+02  8.821045E-01
  9.095000E+02  8.865485E-01
  9.100000E+02  8.647551E-01
  9.105000E+02  8.156660E-01
  9.110000E+02  7.391907E-01
  9.115000E+02  6.362498E-01
  9.120000E+02  5.087609E-01
  9.125000E+02  3.595701E-01
  9.130000E+02  1.923342E-01
  9.135000E+02  1.136409E-02
  9.140000E+02 -1.785595E-01
  9.145000E+02 -3.723818E-01
  9.150000E+02 -5.649697E-01
  9.155000E+02 -7.512919E-01
  9.160000E+02 -9.265754E-01
  9.165000E+02 -1.086430E+00
  9.170000E+02 -1.226939E+00
  9.175000E+02 -1.344715E+00
  9.180000E+02 -1.436928E+00
  9.185000E+02 -1.501307E+00
  9.190000E+02 -1.536140E+00
  9.195000E+02 -1.540254E+00
  9.200000E+02 -1.513010E+00
  9.205000E+02 -1.454307E+00
  9.210000E+02 -1.364596E+00
  9.215000E+02 -1.244908E+00
  9.220000E+02 -1.096889E+00
  9.225000E+02 -9.228418E-01
  9.230000E+02 -7.257509E-01
  9.235000E+02 -5.092949E-01
  9.240000E+02 -2.778267E-01
  9.245000E+02 -3.631568E-02
  9.250000E+02  2.097534E-01
  9.255000E+02  4.545268E-01
  9.260000E+02  6.919696E-01
  9.265000E+02  9.160871E-01
  9.270000E+02  1.121166E+00
  9.275000E+02  1.302023E+00
  9.280000E+02  1.454233E+00
  9.285000E+02  1.574332E+00
  9.290000E+02  1.659969E+00
  9.295000E+02  1.709990E+00
  9.300000E+02  1.724456E+00
  9.305000E+02  1.704582E+00
  9.310000E+02  1.652611E+00
  9.315000E+02  1.571621E+00
  9.320000E+02  1.465290E+00
  9.325000E+02  1.337638E+00
  9.330000E+02  1.192767E+00
  9.335000E+02  1.034616E+00
  9.340000E+02  8.667687E-01
  9.345000E+02  6.923085E-01
  9.350000E+02  5.137518E-01
  9.355000E+02  3.330503E-01
  9.360000E+02  1.516654E-01
  9.365000E+02 -2.929876E-02
  9.370000E+02 -2.089189E-01
  9.375000E+02 -3.862560E-01
  9.380000E+02 -5.601614E-01
  9.385000E+02 -7.291104E-01
  9.390000E+02 -8.910852E-01
  9.395000E+02 -1.043523E+00
  9.400000E+02 -1.183342E+00
  9.405000E+02 -1.307044E+00
  9.410000E+02 -1.410893E+00
  9.415000E+02 -1.491150E+00
  9.420000E+02 -1.544353E+00
  9.425000E+02 -1.567606E+00
  9.430000E+02 -1.558857E+00
  9.435000E+02 -1.517137E+00
  9.440000E+02 -1.442732E+00
  9.445000E+02 -1.337272E+00
  9.450000E+02 -1.203728E+00
  9.455000E+02 -1.046298E+00
  9.460000E+02 -8.702157E-01
  9.465000E+02 -6.814630E-01
  9.470000E+02 -4.864340E-01
  9.475000E+02 -2.915626E-01
  9.480000E+02 -1.029474E-01
  9.485000E+02  7.399493E-02
  9.490000E+02  2.348237E-01
  9.495000E+02  3.762902E-01
  9.500000E+02  4.964622E-01
  9.505000E+02  5.947484E-01
  9.510000E+02  6.718243E-01
  9.515000E+02  7.294697E-01
  9.520000E+02  7.703336E-01
  9.525000E+02  7.976491E-01
  9.530000E+02  8.149244E-01
  9.535000E+02  8.256351E-01
  9.540000E+02  8.329434E-01
  9.545000E+02  8.394640E-01
  9.550000E+02  8.470936E-01
  9.555000E+02  8.569104E-01
  9.560000E+02  8.691477E-01
  9.565000E+02  8.832349E-01
  9.570000E+02  8.978959E-01
  9.575000E+02  9.112904E-01
  9.580000E+02  9.211805E-01
  9.585000E+02  9.251055E-01
  9.590000E+02  9.205492E-01
  9.595000E+02  9.050873E-01
  9.600000E+02  8.765063E-01
  9.605000E+02  8.328906E-01
  9.610000E+02  7.726799E-01
  9.615000E+02  6.947010E-01
  9.620000E+02  5.981848E-01
  9.625000E+02  4.827755E-01
  9.630000E+02  3.485449E-01
  9.635000E+02  1.960174E-01
  9.640000E+02  2.621071E-02
  9.645000E+02 -1.593058E-01
  9.650000E+02 -3.583415E-01
  9.655000E+02 -5.680108E-01
  9.660000E+02 -7.846680E-01
  9.665000E+02 -1.003866E+00
  9.670000E+02 -1.220353E+00
  9.675000E+02 -1.428123E+00
  9.680000E+02 -1.620529E+00
  9.685000E+02 -1.790467E+00
  9.690000E+02 -1.930627E+00
  9.695000E+02 -2.033813E+00
  9.700000E+02 -2.093307E+00
  9.705000E+02 -2.103260E+00
  9.710000E+02 -2.059094E+00
  9.715000E+02 -1.957874E+00
  9.720000E+02 -1.798628E+00
  9.725000E+02 -1.582588E+00
  9.730000E+02 -1.313324E+00
  9.735000E+02 -9.967632E-01
  9.740000E+02 -6.410694E-01
  9.745000E+02 -2.564005E-01
  9.750000E+02  1.454600E-01
  9.755000E+02  5.515751E-01
  9.760000E+02  9.484041E-01
  9.765000E+02  1.322402E+00
  9.770000E+02  1.660629E+00
  9.775000E+02  1.951344E+00
  9.780000E+02  2.184530E+00
  9.785000E+02  2.352350E+00
  9.790000E+02  2.449474E+00
  9.795000E+02  2.473293E+00
  9.800000E+02  2.423993E+00
  9.805000E+02  2.304491E+00
  9.810000E+02  2.120251E+00
  9.815000E+02  1.878985E+00
  9.820000E+02  1.590268E+00
  9.825000E+02  1.265083E+00
  9.830000E+02  9.153373E-01
  9.835000E+02  5.533548E-01
  9.840000E+02  1.913933E-01
  9.845000E+02 -1.588114E-01
  9.850000E+02 -4.864473E-01
  9.855000E+02 -7.819642E-01
  9.860000E+02 -1.037341E+00
  9.865000E+02 -1.246278E+00
  9.870000E+02 -1.404317E+00
  9.875000E+02 -1.508888E+00
  9.880000E+02 -1.559297E+00
  9.885000E+02 -1.556658E+00
  9.890000E+02 -1.503766E+00
  9.895000E+02 -1.404945E+00
  9.900000E+02 -1.265849E+00
  9.905000E+02 -1.093239E+00
  9.910000E+02 -8.947409E-01
  9.915000E+02 -6.785831E-01
  9.920000E+02 -4.533239E-01
  9.925000E+02 -2.275722E-01
  9.930000E+02 -9.708473E-03
  9.935000E+02  1.923871E-01
  9.940000E+02  3.715933E-01
  9.945000E+02  5.217839E-01
  9.950000E+02  6.380328E-01
  9.955000E+02  7.167805E-01
  9.960000E+02  7.559548E-01
  9.965000E+02  7.550375E-01
  9.970000E+02  7.150756E-01
  9.975000E+02  6.386327E-01
  9.980000E+02  5.296809E-01
  9.985000E+02  3.934394E-01
  9.990000E+02  2.361610E-01
  9.995000E+02  6.488011E-02
  1.000000E+03 -1.128719E-01
  1.000500E+03 -2.893688E-01
  1.001000E+03 -4.569980E-01
  1.001500E+03 -6.085622E-01
  1.002000E+03 -7.375611E-01
  1.002500E+03 -8.384423E-01
  1.003000E+03 -9.068123E-01
  1.003500E+03 -9.395971E-01
  1.004000E+03 -9.351504E-01
  1.004500E+03 -8.933027E-01
  1.005000E+03 -8.153513E-01
  1.005500E+03 -7.039938E-01
  1.006000E+03 -5.632054E-01
  1.006500E+03 -3.980685E-01
  1.007000E+03 -2.145582E-01
  1.007500E+03 -1.929591E-02
  1.008000E+03  1.807227E-01
  1.008500E+03  3.784121E-01
  1.009000E+03  5.668827E-01
  1.009500E+03  7.397170E-01
  1.010000E+03  8.912230E-01
  1.010500E+03  1.016654E+00
  1.011000E+03  1.112386E+00
  1.011500E+03  1.176041E+00
  1.012000E+03  1.206549E+00
  1.012500E+03  1.204158E+00
  1.013000E+03  1.170367E+00
  1.013500E+03  1.107810E+00
  1.014000E+03  1.020079E+00
  1.014500E+03  9.115096E-01
  1.015000E+03  7.869303E-01
  1.015500E+03  6.513952E-01
  1.016000E+03  5.099182E-01
  1.016500E+03  3.672210E-01
  1.017000E+03  2.275123E-01
  1.017500E+03  9.431142E-02
  1.018000E+03 -2.967399E-02
  1.018500E+03 -1.426086E-01
  1.019000E+03 -2.435274E-01
  1.019500E+03 -3.322730E-01
  1.020000E+03 -4.093794E-01
  1.020500E+03 -4.759138E-01
  1.021000E+03 -5.332901E-01
  1.021500E+03 -5.830706E-01
  1.022000E+03 -6.267721E-01
  1.022500E+03 -6.656931E-01
  1.023000E+03 -7.007757E-01
  1.023500E+03 -7.325119E-01
  1.024000E+03 -7.609025E-01
  1.024500E+03 -7.854678E-01
  1.025000E+03 -8.053096E-01
  1.025500E+03 -8.192154E-01
  1.026000E+03 -8.257940E-01
  1.026500E+03 -8.236290E-01
  1.027000E+03 -8.114353E-01
  1.027500E+03 -7.882027E-01
  1.028000E+03 -7.533151E-01
  1.028500E+03 -7.066317E-01
  1.029000E+03 -6.485261E-01
  1.029500E+03 -5.798783E-01
  1.030000E+03 -5.020217E-01
  1.030500E+03 -4.166512E-01
  1.031000E+03 -3.257019E-01
  1.031500E+03 -2.312088E-01
  1.032000E+03 -1.351626E-01
  1.032500E+03 -3.937474E-02
  1.033000E+03  5.463769E-02
  1.033500E+03  1.457342E-01
  1.034000E+03  2.331956E-01
  1.034500E+03  3.167266E-01
  1.035000E+03  3.964173E-01
  1.035500E+03  4.726674E-01
  1.036000E+03  5.460814E-01
  1.036500E+03  6.173428E-01
  1.037000E+03  6.870811E-01
  1.037500E+03  7.557406E-01
  1.038000E+03  8.234638E-01
  1.038500E+03  8.899985E-01
  1.039000E+03  9.546345E-01
  1.039500E+03  1.016177E+00
  1.040000E+03  1.072955E+00
  1.040500E+03  1.122867E+00
  1.041000E+03  1.163459E+00
  1.041500E+03  1.192030E+00
  1.042000E+03  1.205755E+00
  1.042500E+03  1.201826E+00
  1.043000E+03  1.177599E+00
  1.043500E+03  1.130735E+00
  1.044000E+03  1.059346E+00
  1.044500E+03  9.621162E-01
  1.045000E+03  8.384229E-01
  1.045500E+03  6.884255E-01
  1.046000E+03  5.131406E-01
  1.046500E+03  3.144898E-01
  1.047000E+03  9.532013E-02
  1.047500E+03 -1.406060E-01
  1.048000E+03 -3.886546E-01
  1.048500E+03 -6.433998E-01
  1.049000E+03 -8.987418E-01
  1.049500E+03 -1.148064E+00
  1.050000E+03 -1.384429E+00
  1.050500E+03 -1.600806E+00
  1.051000E+03 -1.790331E+00
  1.051500E+03 -1.946583E+00
  1.052000E+03 -2.063871E+00
  1.052500E+03 -2.137507E+00
  1.053000E+03 -2.164066E+00
  1.053500E+03 -2.141594E+00
  1.054000E+03 -2.069768E+00
  1.054500E+03 -1.949974E+00
  1.055000E+03 -1.785314E+00
  1.055500E+03 -1.580510E+00
  1.056000E+03 -1.341726E+00
  1.056500E+03 -1.076300E+00
  1.057000E+03 -7.924071E-01
  1.057500E+03 -4.986616E-01
  1.058000E+03 -2.036948E-01
  1.058500E+03  8.427590E-02
  1.059000E+03  3.578509E-01
  1.059500E+03  6.107986E-01
  1.060000E+03  8.383267E-01
  1.060500E+03  1.037253E+00
  1.061000E+03  1.206062E+00
  1.061500E+03  1.344843E+00
  1.062000E+03  1.455110E+00
  1.062500E+03  1.539523E+00
  1.063000E+03  1.601525E+00
  1.063500E+03  1.644927E+00
  1.064000E+03  1.673473E+00
  1.064500E+03  1.690427E+00
  1.065000E+03  1.698205E+00
  1.065500E+03  1.698094E+00
  1.066000E+03  1.690081E+00
  1.066500E+03  1.672810E+00
  1.067000E+03  1.643672E+00
  1.067500E+03  1.599021E+00
  1.068000E+03  1.534515E+00
  1.068500E+03  1.445542E+00
  1.069000E+03  1.327702E+00
  1.069500E+03  1.177321E+00
  1.070000E+03  9.919313E-01
  1.070500E+03  7.707016E-01
  1.071000E+03  5.147642E-01
  1.071500E+03  2.274173E-01
  1.072000E+03 -8.582110E-02
  1.072500E+03 -4.173171E-01
  1.073000E+03 -7.575813E-01
  1.073500E+03 -1.095672E+00
  1.074000E+03 -1.419719E+00
  1.074500E+03 -1.717529E+00
  1.075000E+03 -1.977243E+00
  1.075500E+03 -2.187998E+00
  1.076000E+03 -2.340542E+00
  1.076500E+03 -2.427779E+00
  1.077000E+03 -2.445191E+00
  1.077500E+03 -2.391124E+00
  1.078000E+03 -2.266913E+00
  1.078500E+03 -2.076845E+00
  1.079000E+03 -1.827955E+00
  1.079500E+03 -1.529686E+00
  1.080000E+03 -1.193420E+00
  1.080500E+03 -8.319203E-01
  1.081000E+03 -4.587205E-01
  1.081500E+03 -8.749209E-02
  1.082000E+03  2.685703E-01
  1.082500E+03  5.973111E-01
  1.083000E+03  8.880987E-01
  1.083500E+03  1.132209E+00
  1.084000E+03  1.323095E+00
  1.084500E+03  1.456540E+00
  1.085000E+03  1.530687E+00
  1.085500E+03  1.545964E+00
  1.086000E+03  1.504920E+00
  1.086500E+03  1.411972E+00
  1.087000E+03  1.273115E+00
  1.087500E+03  1.095582E+00
  1.088000E+03  8.875039E-01
  1.088500E+03  6.575686E-01
  1.089000E+03  4.147002E-01
  1.089500E+03  1.677699E-01
  1.090000E+03 -7.465827E-02
  1.090500E+03 -3.045417E-01
  1.091000E+03 -5.145357E-01
  1.091500E+03 -6.981357E-01
  1.092000E+03 -8.497889E-01
  1.092500E+03 -9.649830E-01
  1.093000E+03 -1.040314E+00
  1.093500E+03 -1.073541E+00
  1.094000E+03 -1.063624E+00
  1.094500E+03 -1.010753E+00
  1.095000E+03 -9.163534E-01
  1.095500E+03 -7.830821E-01
  1.096000E+03 -6.147884E-01
  1.096500E+03 -4.164496E-01
  1.097000E+03 -1.940684E-01
  1.097500E+03  4.546869E-02
  1.098000E+03  2.945760E-01
  1.098500E+03  5.451930E-01
  1.099000E+03  7.890452E-01
  1.099500E+03  1.017934E+00
  1.100000E+03  1.224042E+00
  1.100500E+03  1.400246E+00
  1.101000E+03  1.540409E+00
  1.101500E+03  1.639652E+00
  1.102000E+03  1.694576E+00
  1.102500E+03  1.703417E+00
  1.103000E+03  1.666136E+00
  1.103500E+03  1.584421E+00
  1.104000E+03  1.461604E+00
  1.104500E+03  1.302492E+00
  1.105000E+03  1.113122E+00
  1.105500E+03  9.004483E-01
  1.106000E+03  6.719810E-01
  1.106500E+03  4.354000E-01
  1.107000E+03  1.981601E-01
  1.107500E+03 -3.288234E-02
  1.108000E+03 -2.517995E-01
  1.108500E+03 -4.538590E-01
  1.109000E+03 -6.357093E-01
  1.109500E+03 -7.954714E-01
  1.110000E+03 -9.327319E-01
  1.110500E+03 -1.048437E+00
  1.111000E+03 -1.144698E+00
  1.111500E+03 -1.224514E+00
  1.112000E+03 -1.291441E+00
  1.112500E+03 -1.349228E+00
  1.113000E+03 -1.401436E+00
  1.113500E+03 -1.451082E+00
  1.114000E+03 -1.500323E+00
  1.114500E+03 -1.550206E+00
  1.115000E+03 -1.600499E+00
  1.115500E+03 -1.649622E+00
  1.116000E+03 -1.694682E+00
  1.116500E+03 -1.731600E+00
  1.117000E+03 -1.755346E+00
  1.117500E+03 -1.760240E+00
  1.118000E+03 -1.740323E+00
  1.118500E+03 -1.689763E+00
  1.119000E+03 -1.603271E+00
  1.119500E+03 -1.476504E+00
  1.120000E+03 -1.306436E+00
  1.120500E+03 -1.091656E+00
  1.121000E+03 -8.325965E-01
  1.121500E+03 -5.316628E-01
  1.122000E+03 -1.932670E-01
  1.122500E+03  1.762447E-01
  1.123000E+03  5.687620E-01
  1.123500E+03  9.746702E-01
  1.124000E+03  1.383186E+00
  1.124500E+03  1.782754E+00
  1.125000E+03  2.161481E+00
  1.125500E+03  2.507595E+00
  1.126000E+03  2.809896E+00
  1.126500E+03  3.058195E+00
  1.127000E+03  3.243712E+00
  1.127500E+03  3.359420E+00
  1.128000E+03  3.400325E+00
  1.128500E+03  3.363673E+00
  1.129000E+03  3.249073E+00
  1.129500E+03  3.058540E+00
  1.130000E+03  2.796448E+00
  1.130500E+03  2.469405E+00
  1.131000E+03  2.086047E+00
  1.131500E+03  1.656768E+00
  1.132000E+03  1.193377E+00
  1.132500E+03  7.087123E-01
  1.133000E+03  2.162150E-01
  1.133500E+03 -2.705230E-01
  1.134000E+03 -7.382202E-01
  1.134500E+03 -1.174359E+00
  1.135000E+03 -1.567615E+00
  1.135500E+03 -1.908251E+00
  1.136000E+03 -2.188442E+00
  1.136500E+03 -2.402546E+00
  1.137000E+03 -2.547277E+00
  1.137500E+03 -2.621791E+00
  1.138000E+03 -2.627672E+00
  1.138500E+03 -2.568819E+00
  1.139000E+03 -2.451238E+00
  1.139500E+03 -2.282737E+00
  1.140000E+03 -2.072561E+00
  1.140500E+03 -1.830951E+00
  1.141000E+03 -1.568685E+00
  1.141500E+03 -1.296588E+00
  1.142000E+03 -1.025065E+00
  1.142500E+03 -7.636582E-01
  1.143000E+03 -5.206718E-01
  1.143500E+03 -3.028609E-01
  1.144000E+03 -1.152183E-01
  1.144500E+03  3.914278E-02
  1.145000E+03  1.590019E-01
  1.145500E+03  2.449459E-01
  1.146000E+03  2.991911E-01
  1.146500E+03  3.253291E-01
  1.147000E+03  3.280130E-01
  1.147500E+03  3.126072E-01
  1.148000E+03  2.848211E-01
  1.148500E+03  2.503517E-01
  1.149000E+03  2.145562E-01
  1.149500E+03  1.821712E-01
  1.150000E+03  1.570946E-01
  1.150500E+03  1.422394E-01
  1.151000E+03  1.394624E-01
  1.151500E+03  1.495670E-01
  1.152000E+03  1.723749E-01
  1.152500E+03  2.068544E-01
  1.153000E+03  2.512929E-01
  1.153500E+03  3.034964E-01
  1.154000E+03  3.610004E-01
  1.154500E+03  4.212750E-01
  1.155000E+03  4.819100E-01
  1.155500E+03  5.407675E-01
  1.156000E+03  5.960935E-01
  1.156500E+03  6.465835E-01
  1.157000E+03  6.914008E-01
  1.157500E+03  7.301505E-01
  1.158000E+03  7.628151E-01
  1.158500E+03  7.896604E-01
  1.159000E+03  8.111213E-01
  1.159500E+03  8.276800E-01
  1.160000E+03  8.397478E-01
  1.160500E+03  8.475597E-01
  1.161000E+03  8.510922E-01
  1.161500E+03  8.500102E-01
  1.162000E+03  8.436472E-01
  1.162500E+03  8.310206E-01
  1.163000E+03  8.108806E-01
  1.163500E+03  7.817891E-01
  1.164000E+03  7.422226E-01
  1.164500E+03  6.906920E-01
  1.165000E+03  6.258710E-01
  1.165500E+03  5.467234E-01
  1.166000E+03  4.526215E-01
  1.166500E+03  3.434469E-01
  1.167000E+03  2.196666E-01
  1.167500E+03  8.238038E-02
  1.168000E+03 -6.666615E-02
  1.168500E+03 -2.251028E-01
  1.169000E+03 -3.899906E-01
  1.169500E+03 -5.579096E-01
  1.170000E+03 -7.250745E-01
  1.170500E+03 -8.874726E-01
  1.171000E+03 -1.041016E+00
  1.171500E+03 -1.181704E+00
  1.172000E+03 -1.305780E+00
  1.172500E+03 -1.409885E+00
  1.173000E+03 -1.491188E+00
  1.173500E+03 -1.547502E+00
  1.174000E+03 -1.577363E+00
  1.174500E+03 -1.580077E+00
  1.175000E+03 -1.555740E+00
  1.175500E+03 -1.505209E+00
  1.176000E+03 -1.430053E+00
  1.176500E+03 -1.332463E+00
  1.177000E+03 -1.215146E+00
  1.177500E+03 -1.081188E+00
  1.178000E+03 -9.339241E-01
  1.178500E+03 -7.767849E-01
  1.179000E+03 -6.131639E-01
  1.179500E+03 -4.462897E-01
  1.180000E+03 -2.791186E-01
  1.180500E+03 -1.142525E-01
  1.181000E+03  4.611609E-02
  1.181500E+03  2.002289E-01
  1.182000E+03  3.467580E-01
  1.182500E+03  4.847746E-01
  1.183000E+03  6.136947E-01
  1.183500E+03  7.332079E-01
  1.184000E+03  8.431940E-01
  1.184500E+03  9.436369E-01
  1.185000E+03  1.034540E+00
  1.185500E+03  1.115853E+00
  1.186000E+03  1.187409E+00
  1.186500E+03  1.248890E+00
  1.187000E+03  1.299805E+00
  1.187500E+03  1.339493E+00
  1.188000E+03  1.367154E+00
  1.188500E+03  1.381894E+00
  1.189000E+03  1.382783E+00
  1.189500E+03  1.368932E+00
  1.190000E+03  1.339566E+00
  1.190500E+03  1.294103E+00
  1.191000E+03  1.232222E+00
  1.191500E+03  1.153916E+00
  1.192000E+03  1.059542E+00
  1.192500E+03  9.498370E-01
  1.193000E+03  8.259229E-01
  1.193500E+03  6.892900E-01
  1.194000E+03  5.417608E-01
  1.194500E+03  3.854381E-01
  1.195000E+03  2.226408E-01
  1.195500E+03  5.583163E-02
  1.196000E+03 -1.124592E-01
  1.196500E+03 -2.797094E-01
  1.197000E+03 -4.434750E-01
  1.197500E+03 -6.014524E-01
  1.198000E+03 -7.515286E-01
  1.198500E+03 -8.918193E-01
  1.199000E+03 -1.020692E+00
  1.199500E+03 -1.136775E+00
  1.200000E+03 -1.238956E+00
  1.200500E+03 -1.326368E+00
  1.201000E+03 -1.398365E+00
  1.201500E+03 -1.454495E+00
  1.202000E+03 -1.494468E+00
  1.202500E+03 -1.518126E+00
  1.203000E+03 -1.525415E+00
  1.203500E+03 -1.516358E+00
  1.204000E+03 -1.491037E+00
  1.204500E+03 -1.449586E+00
  1.205000E+03 -1.392182E+00
  1.205500E+03 -1.319056E+00
  1.206000E+03 -1.230497E+00
  1.206500E+03 -1.126870E+00
  1.207000E+03 -1.008640E+00
  1.207500E+03 -8.763859E-01
  1.208000E+03 -7.308293E-01
  1.208500E+03 -5.728512E-01
  1.209000E+03 -4.035111E-01
  1.209500E+03 -2.240600E-01
  1.210000E+03 -3.594890E-02
  1.210500E+03  1.591675E-01
  1.211000E+03  3.594332E-01
  1.211500E+03  5.627976E-01
  1.212000E+03  7.670267E-01
  1.212500E+03  9.697176E-01
  1.213000E+03  1.168316E+00
  1.213500E+03  1.360134E+00
  1.214000E+03  1.542373E+00
  1.214500E+03  1.712141E+00
  1.215000E+03  1.866480E+00
  1.215500E+03  2.002388E+00
  1.216000E+03  2.116847E+00
  1.216500E+03  2.206859E+00
  1.217000E+03  2.269485E+00
  1.217500E+03  2.301894E+00
  1.218000E+03  2.301420E+00
  1.218500E+03  2.265638E+00
  1.219000E+03  2.192447E+00
  1.219500E+03  2.080161E+00
  1.220000E+03  1.927620E+00
  1.220500E+03  1.734303E+00
  1.221000E+03  1.500441E+00
  1.221500E+03  1.227134E+00
  1.222000E+03  9.164529E-01
  1.222500E+03  5.715299E-01
  1.223000E+03  1.966171E-01
  1.223500E+03 -2.028833E-01
  1.224000E+03 -6.204306E-01
  1.224500E+03 -1.048404E+00
  1.225000E+03 -1.478213E+00
  1.225500E+03 -1.900456E+00
  1.226000E+03 -2.305137E+00
  1.226500E+03 -2.681925E+00
  1.227000E+03 -3.020457E+00
  1.227500E+03 -3.310673E+00
  1.228000E+03 -3.543162E+00
  1.228500E+03 -3.709524E+00
  1.229000E+03 -3.802712E+00
  1.229500E+03 -3.817343E+00
  1.230000E+03 -3.749974E+00
  1.230500E+03 -3.599305E+00
  1.231000E+03 -3.366327E+00
  1.231500E+03 -3.054373E+00
  1.232000E+03 -2.669087E+00
  1.232500E+03 -2.218315E+00
  1.233000E+03 -1.711891E+00
  1.233500E+03 -1.161363E+00
  1.234000E+03 -5.796387E-01
  1.234500E+03  1.941113E-02
  1.235000E+03  6.213925E-01
  1.235500E+03  1.211841E+00
  1.236000E+03  1.776671E+00
  1.236500E+03  2.302609E+00
  1.237000E+03  2.777577E+00
  1.237500E+03  3.191037E+00
  1.238000E+03  3.534255E+00
  1.238500E+03  3.800503E+00
  1.239000E+03  3.985179E+00
  1.239500E+03  4.085847E+00
  1.240000E+03  4.102208E+00
  1.240500E+03  4.036004E+00
  1.241000E+03  3.890861E+00
  1.241500E+03  3.672089E+00
  1.242000E+03  3.386451E+00
  1.242500E+03  3.041908E+00
  1.243000E+03  2.647354E+00
  1.243500E+03  2.212359E+00
  1.244000E+03  1.746914E+00
  1.244500E+03  1.261194E+00
  1.245000E+03  7.653497E-01
  1.245500E+03  2.693084E-01
  1.246000E+03 -2.173938E-01
  1.246500E+03 -6.857623E-01
  1.247000E+03 -1.127476E+00
  1.247500E+03 -1.535004E+00
  1.248000E+03 -1.901704E+00
  1.248500E+03 -2.221920E+00
  1.249000E+03 -2.491057E+00
  1.249500E+03 -2.705651E+00
  1.250000E+03 -2.863425E+00
  1.250500E+03 -2.963323E+00
  1.251000E+03 -3.005533E+00
  1.251500E+03 -2.991475E+00
  1.252000E+03 -2.923767E+00
  1.252500E+03 -2.806155E+00
  1.253000E+03 -2.643410E+00
  1.253500E+03 -2.441189E+00
  1.254000E+03 -2.205871E+00
  1.254500E+03 -1.944352E+00
  1.255000E+03 -1.663832E+00
  1.255500E+03 -1.371579E+00
  1.256000E+03 -1.074697E+00
  1.256500E+03 -7.799028E-01
  1.257000E+03 -4.933158E-01
  1.257500E+03 -2.202881E-01
  1.258000E+03  3.473172E-02
  1.258500E+03  2.682851E-01
  1.259000E+03  4.779394E-01
  1.259500E+03  6.622712E-01
  1.260000E+03  8.207995E-01
  1.260500E+03  9.538748E-01
  1.261000E+03  1.062533E+00
  1.261500E+03  1.148323E+00
  1.262000E+03  1.213127E+00
  1.262500E+03  1.258977E+00
  1.263000E+03  1.287888E+00
  1.263500E+03  1.301721E+00
  1.264000E+03  1.302074E+00
  1.264500E+03  1.290222E+00
  1.265000E+03  1.267100E+00
  1.265500E+03  1.233328E+00
  1.266000E+03  1.189280E+00
  1.266500E+03  1.135176E+00
  1.267000E+03  1.071210E+00
  1.267500E+03  9.976737E-01
  1.268000E+03  9.150810E-01
  1.268500E+03  8.242783E-01
  1.269000E+03  7.265227E-01
  1.269500E+03  6.235233E-01
  1.270000E+03  5.174388E-01
  1.270500E+03  4.108280E-01
  1.271000E+03  3.065549E-01
  1.271500E+03  2.076533E-01
  1.272000E+03  1.171601E-01
  1.272500E+03  3.792709E-02
  1.273000E+03 -2.757225E-02
  1.273500E+03 -7.742945E-02
  1.274000E+03 -1.104646E-01
  1.274500E+03 -1.263545E-01
  1.275000E+03 -1.257134E-01
  1.275500E+03 -1.101191E-01
  1.276000E+03 -8.207918E-02
  1.276500E+03 -4.493653E-02
  1.277000E+03 -2.719228E-03
  1.277500E+03  4.005941E-02
  1.278000E+03  7.863873E-02
  1.278500E+03  1.082734E-01
  1.279000E+03  1.245054E-01
  1.279500E+03  1.234292E-01
  1.280000E+03  1.019348E-01
  1.280500E+03  5.791224E-02
  1.281000E+03 -9.591933E-03
  1.281500E+03 -1.002788E-01
  1.282000E+03 -2.125661E-01
  1.282500E+03 -3.436246E-01
  1.283000E+03 -4.894814E-01
  1.283500E+03 -6.451835E-01
  1.284000E+03 -8.050138E-01
  1.284500E+03 -9.627481E-01
  1.285000E+03 -1.111939E+00
  1.285500E+03 -1.246215E+00
  1.286000E+03 -1.359569E+00
  1.286500E+03 -1.446641E+00
  1.287000E+03 -1.502961E+00
  1.287500E+03 -1.525147E+00
  1.288000E+03 -1.511059E+00
  1.288500E+03 -1.459887E+00
  1.289000E+03 -1.372175E+00
  1.289500E+03 -1.249791E+00
  1.290000E+03 -1.095826E+00
  1.290500E+03 -9.144537E-01
  1.291000E+03 -7.107299E-01
  1.291500E+03 -4.903732E-01
  1.292000E+03 -2.595159E-01
  1.292500E+03 -2.444973E-02
  1.293000E+03  2.086233E-01
  1.293500E+03  4.338231E-01
  1.294000E+03  6.457944E-01
  1.294500E+03  8.398739E-01
  1.295000E+03  1.012212E+00
  1.295500E+03  1.159848E+00
  1.296000E+03  1.280740E+00
  1.296500E+03  1.373745E+00
  1.297000E+03  1.438560E+00
  1.297500E+03  1.475635E+00
  1.298000E+03  1.486058E+00
  1.298500E+03  1.471421E+00
  1.299000E+03  1.433695E+00
  1.299500E+03  1.375098E+00
  1.300000E+03  1.297987E+00
  1.300500E+03  1.204762E+00
  1.301000E+03  1.097800E+00
  1.301500E+03  9.794137E-01
  1.302000E+03  8.518338E-01
  1.302500E+03  7.172115E-01
  1.303000E+03  5.776375E-01
  1.303500E+03  4.351678E-01
  1.304000E+03  2.918496E-01
  1.304500E+03  1.497405E-01
  1.305000E+03  1.091341E-02
  1.305500E+03 -1.225567E-01
  1.306000E+03 -2.486274E-01
  1.306500E+03 -3.653427E-01
  1.307000E+03 -4.709051E-01
  1.307500E+03 -5.637586E-01
  1.308000E+03 -6.426751E-01
  1.308500E+03 -7.068346E-01
  1.309000E+03 -7.558906E-01
  1.309500E+03 -7.900093E-01
  1.310000E+03 -8.098768E-01
  1.310500E+03 -8.166677E-01
  1.311000E+03 -8.119742E-01
  1.311500E+03 -7.976956E-01
  1.312000E+03 -7.758964E-01
  1.312500E+03 -7.486397E-01
  1.313000E+03 -7.178101E-01
  1.313500E+03 -6.849401E-01
  1.314000E+03 -6.510560E-01
  1.314500E+03 -6.165586E-01
  1.315000E+03 -5.811527E-01
  1.315500E+03 -5.438361E-01
  1.316000E+03 -5.029547E-01
  1.316500E+03 -4.563249E-01
  1.317000E+03 -4.014197E-01
  1.317500E+03 -3.356076E-01
  1.318000E+03 -2.564306E-01
  1.318500E+03 -1.619010E-01
  1.319000E+03 -5.079483E-02
  1.319500E+03  7.708137E-02
  1.320000E+03  2.206749E-01
  1.320500E+03  3.775423E-01
  1.321000E+03  5.437939E-01
  1.321500E+03  7.141385E-01
  1.322000E+03  8.820337E-01
  1.322500E+03  1.039938E+00
  1.323000E+03  1.179659E+00
  1.323500E+03  1.292770E+00
  1.324000E+03  1.371090E+00
  1.324500E+03  1.407180E+00
  1.325000E+03  1.394836E+00
  1.325500E+03  1.329541E+00
  1.326000E+03  1.208858E+00
  1.326500E+03  1.032718E+00
  1.327000E+03  8.035919E-01
  1.327500E+03  5.265379E-01
  1.328000E+03  2.091014E-01
  1.328500E+03 -1.389186E-01
  1.329000E+03 -5.058331E-01
  1.329500E+03 -8.785371E-01
  1.330000E+03 -1.243070E+00
  1.330500E+03 -1.585236E+00
  1.331000E+03 -1.891241E+00
  1.331500E+03 -2.148332E+00
  1.332000E+03 -2.345382E+00
  1.332500E+03 -2.473406E+00
  1.333000E+03 -2.525973E+00
  1.333500E+03 -2.499502E+00
  1.334000E+03 -2.393413E+00
  1.334500E+03 -2.210143E+00
  1.335000E+03 -1.955023E+00
  1.335500E+03 -1.636019E+00
  1.336000E+03 -1.263360E+00
  1.336500E+03 -8.490723E-01
  1.337000E+03 -4.064479E-01
  1.337500E+03  5.053224E-02
  1.338000E+03  5.077797E-01
  1.338500E+03  9.516631E-01
  1.339000E+03  1.369526E+00
  1.339500E+03  1.750137E+00
  1.340000E+03  2.084048E+00
  1.340500E+03  2.363853E+00
  1.341000E+03  2.584341E+00
  1.341500E+03  2.742531E+00
  1.342000E+03  2.837609E+00
  1.342500E+03  2.870768E+00
  1.343000E+03  2.844965E+00
  1.343500E+03  2.764622E+00
  1.344000E+03  2.635280E+00
  1.344500E+03  2.463244E+00
  1.345000E+03  2.255223E+00
  1.345500E+03  2.018001E+00
  1.346000E+03  1.758146E+00
  1.346500E+03  1.481775E+00
  1.347000E+03  1.194387E+00
  1.347500E+03  9.007618E-01
  1.348000E+03  6.049285E-01
  1.348500E+03  3.101990E-01
  1.349000E+03  1.925261E-02
  1.349500E+03 -2.657375E-01
  1.350000E+03 -5.429529E-01
  1.350500E+03 -8.107697E-01
  1.351000E+03 -1.067606E+00
  1.351500E+03 -1.311793E+00
  1.352000E+03 -1.541475E+00
  1.352500E+03 -1.754561E+00
  1.353000E+03 -1.948717E+00
  1.353500E+03 -2.121411E+00
  1.354000E+03 -2.269992E+00
  1.354500E+03 -2.391819E+00
  1.355000E+03 -2.484403E+00
  1.355500E+03 -2.545565E+00
  1.356000E+03 -2.573584E+00
  1.356500E+03 -2.567342E+00
  1.357000E+03 -2.526420E+00
  1.357500E+03 -2.451173E+00
  1.358000E+03 -2.342748E+00
  1.358500E+03 -2.203060E+00
  1.359000E+03 -2.034716E+00
  1.359500E+03 -1.840910E+00
  1.360000E+03 -1.625275E+00
  1.360500E+03 -1.391727E+00
  1.361000E+03 -1.144296E+00
  1.361500E+03 -8.869672E-01
  1.362000E+03 -6.235454E-01
  1.362500E+03 -3.575437E-01
  1.363000E+03 -9.211324E-02
  1.363500E+03  1.699890E-01
  1.364000E+03  4.263922E-01
  1.364500E+03  6.750697E-01
  1.365000E+03  9.142705E-01
  1.365500E+03  1.142434E+00
  1.366000E+03  1.358101E+00
  1.366500E+03  1.559833E+00
  1.367000E+03  1.746148E+00
  1.367500E+03  1.915484E+00
  1.368000E+03  2.066198E+00
  1.368500E+03  2.196597E+00
  1.369000E+03  2.304999E+00
  1.369500E+03  2.389823E+00
  1.370000E+03  2.449695E+00
  1.370500E+03  2.483557E+00
  1.371000E+03  2.490772E+00
  1.371500E+03  2.471199E+00
  1.372000E+03  2.425250E+00
  1.372500E+03  2.353893E+00
  1.373000E+03  2.258620E+00
  1.373500E+03  2.141366E+00
  1.374000E+03  2.004388E+00
  1.374500E+03  1.850112E+00
  1.375000E+03  1.680963E+00
  1.375500E+03  1.499197E+00
  1.376000E+03  1.306733E+00
  1.376500E+03  1.105030E+00
  1.377000E+03  8.950051E-01
  1.377500E+03  6.770028E-01
  1.378000E+03  4.508373E-01
  1.378500E+03  2.158942E-01
  1.379000E+03 -2.870325E-02
  1.379500E+03 -2.838778E-01
  1.380000E+03 -5.503459E-01
  1.380500E+03 -8.283479E-01
  1.381000E+03 -1.117385E+00
  1.381500E+03 -1.415984E+00
  1.382000E+03 -1.721513E+00
  1.382500E+03 -2.030068E+00
  1.383000E+03 -2.336444E+00
  1.383500E+03 -2.634198E+00
  1.384000E+03 -2.915820E+00
  1.384500E+03 -3.172976E+00
  1.385000E+03 -3.396855E+00
  1.385500E+03 -3.578565E+00
  1.386000E+03 -3.709568E+00
  1.386500E+03 -3.782142E+00
  1.387000E+03 -3.789814E+00
  1.387500E+03 -3.727764E+00
  1.388000E+03 -3.593151E+00
  1.388500E+03 -3.385358E+00
  1.389000E+03 -3.106127E+00
  1.389500E+03 -2.759586E+00
  1.390000E+03 -2.352151E+00
  1.390500E+03 -1.892323E+00
  1.391000E+03 -1.390377E+00
  1.391500E+03 -8.579787E-01
  1.392000E+03 -3.077296E-01
  1.392500E+03  2.473197E-01
  1.393000E+03  7.941651E-01
  1.393500E+03  1.320330E+00
  1.394000E+03  1.814303E+00
  1.394500E+03  2.265919E+00
  1.395000E+03  2.666653E+00
  1.395500E+03  3.009836E+00
  1.396000E+03  3.290767E+00
  1.396500E+03  3.506735E+00
  1.397000E+03  3.656949E+00
  1.397500E+03  3.742392E+00
  1.398000E+03  3.765605E+00
  1.398500E+03  3.730430E+00
  1.399000E+03  3.641710E+00
  1.399500E+03  3.504989E+00
  1.400000E+03  3.326210E+00
  1.400500E+03  3.111433E+00
  1.401000E+03  2.866596E+00
  1.401500E+03  2.597305E+00
  1.402000E+03  2.308694E+00
  1.402500E+03  2.005325E+00
  1.403000E+03  1.691151E+00
  1.403500E+03  1.369526E+00
  1.404000E+03  1.043265E+00
  1.404500E+03  7.147308E-01
  1.405000E+03  3.859630E-01
  1.405500E+03  5.880682E-02
  1.406000E+03 -2.649433E-01
  1.406500E+03 -5.834118E-01
  1.407000E+03 -8.945251E-01
  1.407500E+03 -1.195922E+00
  1.408000E+03 -1.484896E+00
  1.408500E+03 -1.758374E+00
  1.409000E+03 -2.012942E+00
  1.409500E+03 -2.244899E+00
  1.410000E+03 -2.450359E+00
  1.410500E+03 -2.625386E+00
  1.411000E+03 -2.766146E+00
  1.411500E+03 -2.869088E+00
  1.412000E+03 -2.931126E+00
  1.412500E+03 -2.949824E+00
  1.413000E+03 -2.923558E+00
  1.413500E+03 -2.851669E+00
  1.414000E+03 -2.734572E+00
  1.414500E+03 -2.573825E+00
  1.415000E+03 -2.372156E+00
  1.415500E+03 -2.133435E+00
  1.416000E+03 -1.862594E+00
  1.416500E+03 -1.565500E+00
  1.417000E+03 -1.248779E+00
  1.417500E+03 -9.196055E-01
  1.418000E+03 -5.854548E-01
  1.418500E+03 -2.538468E-01
  1.419000E+03  6.792308E-02
  1.419500E+03  3.730428E-01
  1.420000E+03  6.554239E-01
  1.420500E+03  9.099096E-01
  1.421000E+03  1.132440E+00
  1.421500E+03  1.320169E+00
  1.422000E+03  1.471522E+00
  1.422500E+03  1.586194E+00
  1.423000E+03  1.665099E+00
  1.423500E+03  1.710247E+00
  1.424000E+03  1.724590E+00
  1.424500E+03  1.711820E+00
  1.425000E+03  1.676139E+00
  1.425500E+03  1.622017E+00
  1.426000E+03  1.553948E+00
  1.426500E+03  1.476216E+00
  1.427000E+03  1.392687E+00
  1.427500E+03  1.306634E+00
  1.428000E+03  1.220609E+00
  1.428500E+03  1.136362E+00
  1.429000E+03  1.054816E+00
  1.429500E+03  9.760960E-01
  1.430000E+03  8.996032E-01
  1.430500E+03  8.241382E-01
  1.431000E+03  7.480572E-01
  1.431500E+03  6.694534E-01
  1.432000E+03  5.863519E-01
  1.432500E+03  4.969044E-01
  1.433000E+03  3.995730E-01
  1.433500E+03  2.932908E-01
  1.434000E+03  1.775900E-01
  1.434500E+03  5.269075E-02
  1.435000E+03 -8.045578E-02
  1.435500E+03 -2.201701E-01
  1.436000E+03 -3.640938E-01
  1.436500E+03 -5.092806E-01
  1.437000E+03 -6.523244E-01
  1.437500E+03 -7.895147E-01
  1.438000E+03 -9.170113E-01
  1.438500E+03 -1.031026E+00
  1.439000E+03 -1.128005E+00
  1.439500E+03 -1.204794E+00
  1.440000E+03 -1.258786E+00
  1.440500E+03 -1.288040E+00
  1.441000E+03 -1.291366E+00
  1.441500E+03 -1.268370E+00
  1.442000E+03 -1.219467E+00
  1.442500E+03 -1.145855E+00
  1.443000E+03 -1.049453E+00
  1.443500E+03 -9.328194E-01
  1.444000E+03 -7.990434E-01
  1.444500E+03 -6.516242E-01
  1.445000E+03 -4.943431E-01
  1.445500E+03 -3.311364E-01
  1.446000E+03 -1.659734E-01
  1.446500E+03 -2.745479E-03
  1.447000E+03  1.548290E-01
  1.447500E+03  3.032847E-01
  1.448000E+03  4.394704E-01
  1.448500E+03  5.605951E-01
  1.449000E+03  6.642579E-01
  1.449500E+03  7.484671E-01
  1.450000E+03  8.116504E-01
  1.450500E+03  8.526593E-01
  1.451000E+03  8.707719E-01
  1.451500E+03  8.656954E-01
  1.452000E+03  8.375707E-01
  1.452500E+03  7.869790E-01
  1.453000E+03  7.149502E-01
  1.453500E+03  6.229717E-01
  1.454000E+03  5.129938E-01
  1.454500E+03  3.874301E-01
  1.455000E+03  2.491476E-01
  1.455500E+03  1.014439E-01
  1.456000E+03 -5.199286E-02
  1.456500E+03 -2.071428E-01
  1.457000E+03 -3.597346E-01
  1.457500E+03 -5.053466E-01
  1.458000E+03 -6.395278E-01
  1.458500E+03 -7.579348E-01
  1.459000E+03 -8.564812E-01
  1.459500E+03 -9.314926E-01
  1.460000E+03 -9.798599E-01
  1.460500E+03 -9.991826E-01
  1.461000E+03 -9.878947E-01
  1.461500E+03 -9.453640E-01
  1.462000E+03 -8.719586E-01
  1.462500E+03 -7.690736E-01
  1.463000E+03 -6.391156E-01
  1.463500E+03 -4.854419E-01
  1.464000E+03 -3.122559E-01
  1.464500E+03 -1.244626E-01
  1.465000E+03  7.251094E-02
  1.465500E+03  2.729210E-01
  1.466000E+03  4.709282E-01
  1.466500E+03  6.608238E-01
  1.467000E+03  8.372479E-01
  1.467500E+03  9.953893E-01
  1.468000E+03  1.131155E+00
  1.468500E+03  1.241303E+00
  1.469000E+03  1.323525E+00
  1.469500E+03  1.376486E+00
  1.470000E+03  1.399810E+00
  1.470500E+03  1.394024E+00
  1.471000E+03  1.360452E+00
  1.471500E+03  1.301086E+00
  1.472000E+03  1.218429E+00
  1.472500E+03  1.115330E+00
  1.473000E+03  9.948196E-01
  1.473500E+03  8.599557E-01
  1.474000E+03  7.136987E-01
  1.474500E+03  5.588119E-01
  1.475000E+03  3.977997E-01
  1.475500E+03  2.328833E-01
  1.476000E+03  6.601215E-02
  1.476500E+03 -1.010933E-01
  1.477000E+03 -2.668751E-01
  1.477500E+03 -4.298568E-01
  1.478000E+03 -5.885582E-01
  1.478500E+03 -7.414180E-01
  1.479000E+03 -8.867323E-01
  1.479500E+03 -1.022619E+00
  1.480000E+03 -1.147014E+00
  1.480500E+03 -1.257697E+00
  1.481000E+03 -1.352362E+00
  1.481500E+03 -1.428700E+00
  1.482000E+03 -1.484522E+00
  1.482500E+03 -1.517886E+00
  1.483000E+03 -1.527228E+00
  1.483500E+03 -1.511488E+00
  1.484000E+03 -1.470217E+00
  1.484500E+03 -1.403647E+00
  1.485000E+03 -1.312737E+00
  1.485500E+03 -1.199167E+00
  1.486000E+03 -1.065299E+00
  1.486500E+03 -9.140926E-01
  1.487000E+03 -7.489857E-01
  1.487500E+03 -5.737543E-01
  1.488000E+03 -3.923518E-01
  1.488500E+03 -2.087450E-01
  1.489000E+03 -2.675699E-02
  1.489500E+03  1.500728E-01
  1.490000E+03  3.186032E-01
  1.490500E+03  4.761726E-01
  1.491000E+03  6.206462E-01
  1.491500E+03  7.504262E-01
  1.492000E+03  8.644300E-01
  1.492500E+03  9.620405E-01
  1.493000E+03  1.043036E+00
  1.493500E+03  1.107509E+00
  1.494000E+03  1.155784E+00
  1.494500E+03  1.188334E+00
  1.495000E+03  1.205722E+00
  1.495500E+03  1.208547E+00
  1.496000E+03  1.197418E+00
  1.496500E+03  1.172947E+00
  1.497000E+03  1.135759E+00
  1.497500E+03  1.086515E+00
  1.498000E+03  1.025947E+00
  1.498500E+03  9.548894E-01
  1.499000E+03  8.743094E-01
  1.499500E+03  7.853266E-01
  1.500000E+03  6.892173E-01
  1.500500E+03  5.874029E-01
  1.501000E+03  4.814212E-01
  1.501500E+03  3.728828E-01
  1.502000E+03  2.634160E-01
  1.502500E+03  1.546065E-01
  1.503000E+03  4.793615E-02
  1.503500E+03 -5.527155E-02
  1.504000E+03 -1.538940E-01
  1.504500E+03 -2.470362E-01
  1.505000E+03 -3.340383E-01
  1.505500E+03 -4.144636E-01
  1.506000E+03 -4.880681E-01
  1.506500E+03 -5.547550E-01
  1.507000E+03 -6.145195E-01
  1.507500E+03 -6.673885E-01
  1.508000E+03 -7.133637E-01
  1.508500E+03 -7.523727E-01
  1.509000E+03 -7.842333E-01
  1.509500E+03 -8.086370E-01
  1.510000E+03 -8.251505E-01
  1.510500E+03 -8.332386E-01
  1.511000E+03 -8.323041E-01
  1.511500E+03 -8.217427E-01
  1.512000E+03 -8.010070E-01
  1.512500E+03 -7.696740E-01
  1.513000E+03 -7.275103E-01
  1.513500E+03 -6.745293E-01
  1.514000E+03 -6.110358E-01
  1.514500E+03 -5.376542E-01
  1.515000E+03 -4.553390E-01
  1.515500E+03 -3.653675E-01
  1.516000E+03 -2.693153E-01
  1.516500E+03 -1.690182E-01
  1.517000E+03 -6.652291E-02
  1.517500E+03  3.596975E-02
  1.518000E+03  1.361649E-01
  1.518500E+03  2.317348E-01
  1.519000E+03  3.203796E-01
  1.519500E+03  3.998850E-01
  1.520000E+03  4.681782E-01
  1.520500E+03  5.233833E-01
  1.521000E+03  5.638746E-01
  1.521500E+03  5.883324E-01
  1.522000E+03  5.957988E-01
  1.522500E+03  5.857346E-01
  1.523000E+03  5.580760E-01
  1.523500E+03  5.132863E-01
  1.524000E+03  4.523996E-01
  1.524500E+03  3.770503E-01
  1.525000E+03  2.894824E-01
  1.525500E+03  1.925325E-01
  1.526000E+03  8.958031E-02
  1.526500E+03 -1.553558E-02
  1.527000E+03 -1.186392E-01
  1.527500E+03 -2.153738E-01
  1.528000E+03 -3.013892E-01
  1.528500E+03 -3.725513E-01
  1.529000E+03 -4.251621E-01
  1.529500E+03 -4.561781E-01
  1.530000E+03 -4.634101E-01
  1.530500E+03 -4.456906E-01
  1.531000E+03 -4.029934E-01
  1.531500E+03 -3.364933E-01
  1.532000E+03 -2.485581E-01
  1.532500E+03 -1.426678E-01
  1.533000E+03 -2.326315E-02
  1.533500E+03  1.044712E-01
  1.534000E+03  2.348760E-01
  1.534500E+03  3.621240E-01
  1.535000E+03  4.805431E-01
  1.535500E+03  5.849365E-01
  1.536000E+03  6.708746E-01
  1.536500E+03  7.349424E-01
  1.537000E+03  7.749208E-01
  1.537500E+03  7.898916E-01
  1.538000E+03  7.802580E-01
  1.538500E+03  7.476794E-01
  1.539000E+03  6.949254E-01
  1.539500E+03  6.256608E-01
  1.540000E+03  5.441779E-01
  1.540500E+03  4.550955E-01
  1.541000E+03  3.630470E-01
  1.541500E+03  2.723806E-01
  1.542000E+03  1.868915E-01
  1.542500E+03  1.096059E-01
  1.543000E+03  4.262832E-02
  1.543500E+03 -1.293822E-02
  1.544000E+03 -5.699699E-02
  1.544500E+03 -9.039132E-02
  1.545000E+03 -1.147756E-01
  1.545500E+03 -1.324370E-01
  1.546000E+03 -1.460838E-01
  1.546500E+03 -1.586188E-01
  1.547000E+03 -1.729144E-01
  1.547500E+03 -1.916074E-01
  1.548000E+03 -2.169256E-01
  1.548500E+03 -2.505571E-01
  1.549000E+03 -2.935674E-01
  1.549500E+03 -3.463662E-01
  1.550000E+03 -4.087192E-01
  1.550500E+03 -4.797999E-01
  1.551000E+03 -5.582716E-01
  1.551500E+03 -6.423870E-01
  1.552000E+03 -7.300964E-01
  1.552500E+03 -8.191520E-01
  1.553000E+03 -9.071989E-01
  1.553500E+03 -9.918489E-01
  1.554000E+03 -1.070730E+00
  1.554500E+03 -1.141514E+00
  1.555000E+03 -1.201925E+00
  1.555500E+03 -1.249729E+00
  1.556000E+03 -1.282723E+00
  1.556500E+03 -1.298716E+00
  1.557000E+03 -1.295524E+00
  1.557500E+03 -1.270983E+00
  1.558000E+03 -1.222977E+00
  1.558500E+03 -1.149500E+00
  1.559000E+03 -1.048739E+00
  1.559500E+03 -9.191893E-01
  1.560000E+03 -7.597841E-01
  1.560500E+03 -5.700421E-01
  1.561000E+03 -3.502199E-01
  1.561500E+03 -1.014581E-01
  1.562000E+03  1.740886E-01
  1.562500E+03  4.731495E-01
  1.563000E+03  7.912744E-01
  1.563500E+03  1.122818E+00
  1.564000E+03  1.460978E+00
  1.564500E+03  1.797895E+00
  1.565000E+03  2.124812E+00
  1.565500E+03  2.432294E+00
  1.566000E+03  2.710502E+00
  1.566500E+03  2.949521E+00
  1.567000E+03  3.139713E+00
  1.567500E+03  3.272110E+00
  1.568000E+03  3.338803E+00
  1.568500E+03  3.333323E+00
  1.569000E+03  3.251005E+00
  1.569500E+03  3.089292E+00
  1.570000E+03  2.847988E+00
  1.570500E+03  2.529420E+00
  1.571000E+03  2.138517E+00
  1.571500E+03  1.682779E+00
  1.572000E+03  1.172135E+00
  1.572500E+03  6.186988E-01
  1.573000E+03  3.641347E-02
  1.573500E+03 -5.593967E-01
  1.574000E+03 -1.152550E+00
  1.574500E+03 -1.726588E+00
  1.575000E+03 -2.265388E+00
  1.575500E+03 -2.753775E+00
  1.576000E+03 -3.178104E+00
  1.576500E+03 -3.526789E+00
  1.577000E+03 -3.790745E+00
  1.577500E+03 -3.963714E+00
  1.578000E+03 -4.042473E+00
  1.578500E+03 -4.026903E+00
  1.579000E+03 -3.919912E+00
  1.579500E+03 -3.727225E+00
  1.580000E+03 -3.457058E+00
  1.580500E+03 -3.119681E+00
  1.581000E+03 -2.726911E+00
  1.581500E+03 -2.291565E+00
  1.582000E+03 -1.826890E+00
  1.582500E+03 -1.346027E+00
  1.583000E+03 -8.615159E-01
  1.583500E+03 -3.848812E-01
  1.584000E+03  7.369056E-02
  1.584500E+03  5.055659E-01
  1.585000E+03  9.037725E-01
  1.585500E+03  1.263003E+00
  1.586000E+03  1.579530E+00
  1.586500E+03  1.851045E+00
  1.587000E+03  2.076453E+00
  1.587500E+03  2.255638E+00
  1.588000E+03  2.389231E+00
  1.588500E+03  2.478396E+00
  1.589000E+03  2.524661E+00
  1.589500E+03  2.529793E+00
  1.590000E+03  2.495738E+00
  1.590500E+03  2.424604E+00
  1.591000E+03  2.318702E+00
  1.591500E+03  2.180609E+00
  1.592000E+03  2.013256E+00
  1.592500E+03  1.820007E+00
  1.593000E+03  1.604715E+00
  1.593500E+03  1.371742E+00
  1.594000E+03  1.125933E+00
  1.594500E+03  8.725206E-01
  1.595000E+03  6.169923E-01
  1.595500E+03  3.648939E-01
  1.596000E+03  1.216056E-01
  1.596500E+03 -1.079008E-01
  1.597000E+03 -3.193010E-01
  1.597500E+03 -5.091295E-01
  1.598000E+03 -6.749432E-01
  1.598500E+03 -8.154192E-01
  1.599000E+03 -9.303738E-01
  1.599500E+03 -1.020698E+00
  1.600000E+03 -1.088208E+00
  1.600500E+03 -1.135432E+00
  1.601000E+03 -1.165328E+00
  1.601500E+03 -1.180984E+00
  1.602000E+03 -1.185304E+00
  1.602500E+03 -1.180718E+00
  1.603000E+03 -1.168950E+00
  1.603500E+03 -1.150848E+00
  1.604000E+03 -1.126316E+00
  1.604500E+03 -1.094341E+00
  1.605000E+03 -1.053129E+00
  1.605500E+03 -1.000324E+00
  1.606000E+03 -9.333178E-01
  1.606500E+03 -8.495945E-01
  1.607000E+03 -7.471082E-01
  1.607500E+03 -6.246404E-01
  1.608000E+03 -4.821116E-01
  1.608500E+03 -3.208141E-01
  1.609000E+03 -1.435415E-01
  1.609500E+03  4.540399E-02
  1.610000E+03  2.403316E-01
  1.610500E+03  4.344086E-01
  1.611000E+03  6.200175E-01
  1.611500E+03  7.892011E-01
  1.612000E+03  9.341633E-01
  1.612500E+03  1.047789E+00
  1.613000E+03  1.124140E+00
  1.613500E+03  1.158895E+00
  1.614000E+03  1.149688E+00
  1.614500E+03  1.096329E+00
  1.615000E+03  1.000873E+00
  1.615500E+03  8.675436E-01
  1.616000E+03  7.025104E-01
  1.616500E+03  5.135261E-01
  1.617000E+03  3.094622E-01
  1.617500E+03  9.976912E-02
  1.618000E+03 -1.060976E-01
  1.618500E+03 -2.992431E-01
  1.619000E+03 -4.718502E-01
  1.619500E+03 -6.176095E-01
  1.620000E+03 -7.320334E-01
  1.620500E+03 -8.126334E-01
  1.621000E+03 -8.589492E-01
  1.621500E+03 -8.724338E-01
  1.622000E+03 -8.562055E-01
  1.622500E+03 -8.146907E-01
  1.623000E+03 -7.531891E-01
  1.623500E+03 -6.773973E-01
  1.624000E+03 -5.929303E-01
  1.624500E+03 -5.048790E-01
  1.625000E+03 -4.174381E-01
  1.625500E+03 -3.336330E-01
  1.626000E+03 -2.551634E-01
  1.626500E+03 -1.823748E-01
  1.627000E+03 -1.143543E-01
  1.627500E+03 -4.914046E-02
  1.628000E+03  1.597372E-02
  1.628500E+03  8.407376E-02
  1.629000E+03  1.582239E-01
  1.629500E+03  2.410702E-01
  1.630000E+03  3.344795E-01
  1.630500E+03  4.392449E-01
  1.631000E+03  5.548820E-01
  1.631500E+03  6.795312E-01
  1.632000E+03  8.099747E-01
  1.632500E+03  9.417652E-01
  1.633000E+03  1.069457E+00
  1.633500E+03  1.186918E+00
  1.634000E+03  1.287705E+00
  1.634500E+03  1.365462E+00
  1.635000E+03  1.414330E+00
  1.635500E+03  1.429314E+00
  1.636000E+03  1.406611E+00
  1.636500E+03  1.343855E+00
  1.637000E+03  1.240274E+00
  1.637500E+03  1.096757E+00
  1.638000E+03  9.158168E-01
  1.638500E+03  7.014713E-01
  1.639000E+03  4.590488E-01
  1.639500E+03  1.949320E-01
  1.640000E+03 -8.373386E-02
  1.640500E+03 -3.693514E-01
  1.641000E+03 -6.541784E-01
  1.641500E+03 -9.306164E-01
  1.642000E+03 -1.191465E+00
  1.642500E+03 -1.430134E+00
  1.643000E+03 -1.640805E+00
  1.643500E+03 -1.818550E+00
  1.644000E+03 -1.959399E+00
  1.644500E+03 -2.060372E+00
  1.645000E+03 -2.119480E+00
  1.645500E+03 -2.135703E+00
  1.646000E+03 -2.108948E+00
  1.646500E+03 -2.040012E+00
  1.647000E+03 -1.930527E+00
  1.647500E+03 -1.782910E+00
  1.648000E+03 -1.600308E+00
  1.648500E+03 -1.386541E+00
  1.649000E+03 -1.146035E+00
  1.649500E+03 -8.837395E-01
  1.650000E+03 -6.050336E-01
  1.650500E+03 -3.156107E-01
  1.651000E+03 -2.134714E-02
  1.651500E+03  2.718464E-01
  1.652000E+03  5.581826E-01
  1.652500E+03  8.321585E-01
  1.653000E+03  1.088710E+00
  1.653500E+03  1.323350E+00
  1.654000E+03  1.532279E+00
  1.654500E+03  1.712458E+00
  1.655000E+03  1.861648E+00
  1.655500E+03  1.978390E+00
  1.656000E+03  2.061958E+00
  1.656500E+03  2.112259E+00
  1.657000E+03  2.129712E+00
  1.657500E+03  2.115106E+00
  1.658000E+03  2.069461E+00
  1.658500E+03  1.993890E+00
  1.659000E+03  1.889505E+00
  1.659500E+03  1.757353E+00
  1.660000E+03  1.598404E+00
  1.660500E+03  1.413595E+00
  1.661000E+03  1.203926E+00
  1.661500E+03  9.706001E-01
  1.662000E+03  7.151961E-01
  1.662500E+03  4.398578E-01
  1.663000E+03  1.474752E-01
  1.663500E+03 -1.581612E-01
  1.664000E+03 -4.722559E-01
  1.664500E+03 -7.889729E-01
  1.665000E+03 -1.101483E+00
  1.665500E+03 -1.402103E+00
  1.666000E+03 -1.682523E+00
  1.666500E+03 -1.934124E+00
  1.667000E+03 -2.148362E+00
  1.667500E+03 -2.317194E+00
  1.668000E+03 -2.433534E+00
  1.668500E+03 -2.491688E+00
  1.669000E+03 -2.487750E+00
  1.669500E+03 -2.419927E+00
  1.670000E+03 -2.288756E+00
  1.670500E+03 -2.097205E+00
  1.671000E+03 -1.850643E+00
  1.671500E+03 -1.556667E+00
  1.672000E+03 -1.224811E+00
  1.672500E+03 -8.661282E-01
  1.673000E+03 -4.926943E-01
  1.673500E+03 -1.170478E-01
  1.674000E+03  2.483944E-01
  1.674500E+03  5.919082E-01
  1.675000E+03  9.029875E-01
  1.675500E+03  1.172792E+00
  1.676000E+03  1.394489E+00
  1.676500E+03  1.563481E+00
  1.677000E+03  1.677494E+00
  1.677500E+03  1.736545E+00
  1.678000E+03  1.742787E+00
  1.678500E+03  1.700250E+00
  1.679000E+03  1.614504E+00
  1.679500E+03  1.492263E+00
  1.680000E+03  1.340978E+00
  1.680500E+03  1.168418E+00
  1.681000E+03  9.822957E-01
  1.681500E+03  7.899308E-01
  1.682000E+03  5.979909E-01
  1.682500E+03  4.122995E-01
  1.683000E+03  2.377240E-01
  1.683500E+03  7.813531E-02
  1.684000E+03 -6.357041E-02
  1.684500E+03 -1.854008E-01
  1.685000E+03 -2.861639E-01
  1.685500E+03 -3.653490E-01
  1.686000E+03 -4.230064E-01
  1.686500E+03 -4.596413E-01
  1.687000E+03 -4.761289E-01
  1.687500E+03 -4.736583E-01
  1.688000E+03 -4.537033E-01
  1.688500E+03 -4.180199E-01
  1.689000E+03 -3.686592E-01
  1.689500E+03 -3.079902E-01
  1.690000E+03 -2.387172E-01
  1.690500E+03 -1.638836E-01
  1.691000E+03 -8.685034E-02
  1.691500E+03 -1.124226E-02
  1.692000E+03  5.914227E-02
  1.692500E+03  1.204586E-01
  1.693000E+03  1.689762E-01
  1.693500E+03  2.012639E-01
  1.694000E+03  2.143897E-01
  1.694500E+03  2.061212E-01
  1.695000E+03  1.751101E-01
  1.695500E+03  1.210488E-01
  1.696000E+03  4.478054E-02
  1.696500E+03 -5.164460E-02
  1.697000E+03 -1.649800E-01
  1.697500E+03 -2.908612E-01
  1.698000E+03 -4.239551E-01
  1.698500E+03 -5.581731E-01
  1.699000E+03 -6.869410E-01
  1.699500E+03 -8.035110E-01
  1.700000E+03 -9.013006E-01
  1.700500E+03 -9.742398E-01
  1.701000E+03 -1.017106E+00
  1.701500E+03 -1.025828E+00
  1.702000E+03 -9.977421E-01
  1.702500E+03 -9.317828E-01
  1.703000E+03 -8.285949E-01
  1.703500E+03 -6.905632E-01
  1.704000E+03 -5.217514E-01
  1.704500E+03 -3.277547E-01
  1.705000E+03 -1.154706E-01
  1.705500E+03  1.072005E-01
  1.706000E+03  3.317104E-01
  1.706500E+03  5.492574E-01
  1.707000E+03  7.511982E-01
  1.707500E+03  9.294574E-01
  1.708000E+03  1.076914E+00
  1.708500E+03  1.187744E+00
  1.709000E+03  1.257701E+00
  1.709500E+03  1.284327E+00
  1.710000E+03  1.267068E+00
  1.710500E+03  1.207305E+00
  1.711000E+03  1.108291E+00
  1.711500E+03  9.749923E-01
  1.712000E+03  8.138541E-01
  1.712500E+03  6.324923E-01
  1.713000E+03  4.393311E-01
  1.713500E+03  2.432046E-01
  1.714000E+03  5.294007E-02
  1.714500E+03 -1.230550E-01
  1.715000E+03 -2.771840E-01
  1.715500E+03 -4.030107E-01
  1.716000E+03 -4.955527E-01
  1.716500E+03 -5.515049E-01
  1.717000E+03 -5.693840E-01
  1.717500E+03 -5.495884E-01
  1.718000E+03 -4.943719E-01
  1.718500E+03 -4.077340E-01
  1.719000E+03 -2.952318E-01
  1.719500E+03 -1.637235E-01
  1.720000E+03 -2.105417E-02
  1.720500E+03  1.243009E-01
  1.721000E+03  2.636217E-01
  1.721500E+03  3.883407E-01
  1.722000E+03  4.904360E-01
  1.722500E+03  5.628041E-01
  1.723000E+03  5.995976E-01
  1.723500E+03  5.965142E-01
  1.724000E+03  5.510240E-01
  1.724500E+03  4.625262E-01
  1.725000E+03  3.324272E-01
  1.725500E+03  1.641346E-01
  1.726000E+03 -3.703376E-02
  1.726500E+03 -2.640251E-01
  1.727000E+03 -5.083064E-01
  1.727500E+03 -7.601906E-01
  1.728000E+03 -1.009222E+00
  1.728500E+03 -1.244610E+00
  1.729000E+03 -1.455683E+00
  1.729500E+03 -1.632361E+00
  1.730000E+03 -1.765609E+00
  1.730500E+03 -1.847853E+00
  1.731000E+03 -1.873353E+00
  1.731500E+03 -1.838487E+00
  1.732000E+03 -1.741953E+00
  1.732500E+03 -1.584870E+00
  1.733000E+03 -1.370762E+00
  1.733500E+03 -1.105434E+00
  1.734000E+03 -7.967417E-01
  1.734500E+03 -4.542645E-01
  1.735000E+03 -8.889327E-02
  1.735500E+03  2.876371E-01
  1.736000E+03  6.632527E-01
  1.736500E+03  1.026055E+00
  1.737000E+03  1.364814E+00
  1.737500E+03  1.669421E+00
  1.738000E+03  1.931271E+00
  1.738500E+03  2.143555E+00
  1.739000E+03  2.301459E+00
  1.739500E+03  2.402251E+00
  1.740000E+03  2.445262E+00
  1.740500E+03  2.431766E+00
  1.741000E+03  2.364774E+00
  1.741500E+03  2.248752E+00
  1.742000E+03  2.089300E+00
  1.742500E+03  1.892794E+00
  1.743000E+03  1.666032E+00
  1.743500E+03  1.415899E+00
  1.744000E+03  1.149070E+00
  1.744500E+03  8.717642E-01
  1.745000E+03  5.895705E-01
  1.745500E+03  3.073310E-01
  1.746000E+03  2.909918E-02
  1.746500E+03 -2.418432E-01
  1.747000E+03 -5.029170E-01
  1.747500E+03 -7.521372E-01
  1.748000E+03 -9.879794E-01
  1.748500E+03 -1.209236E+00
  1.749000E+03 -1.414875E+00
  1.749500E+03 -1.603913E+00
  1.750000E+03 -1.775315E+00
  1.750500E+03 -1.927918E+00
  1.751000E+03 -2.060392E+00
  1.751500E+03 -2.171230E+00
  1.752000E+03 -2.258763E+00
  1.752500E+03 -2.321210E+00
  1.753000E+03 -2.356732E+00
  1.753500E+03 -2.363507E+00
  1.754000E+03 -2.339807E+00
  1.754500E+03 -2.284084E+00
  1.755000E+03 -2.195040E+00
  1.755500E+03 -2.071708E+00
  1.756000E+03 -1.913521E+00
  1.756500E+03 -1.720379E+00
  1.757000E+03 -1.492711E+00
  1.757500E+03 -1.231537E+00
  1.758000E+03 -9.385264E-01
  1.758500E+03 -6.160517E-01
  1.759000E+03 -2.672404E-01
  1.759500E+03  1.039852E-01
  1.760000E+03  4.928807E-01
  1.760500E+03  8.938709E-01
  1.761000E+03  1.300567E+00
  1.761500E+03  1.705816E+00
  1.762000E+03  2.101782E+00
  1.762500E+03  2.480071E+00
  1.763000E+03  2.831894E+00
  1.763500E+03  3.148272E+00
  1.764000E+03  3.420268E+00
  1.764500E+03  3.639259E+00
  1.765000E+03  3.797221E+00
  1.765500E+03  3.887019E+00
  1.766000E+03  3.902702E+00
  1.766500E+03  3.839774E+00
  1.767000E+03  3.695440E+00
  1.767500E+03  3.468806E+00
  1.768000E+03  3.161038E+00
  1.768500E+03  2.775449E+00
  1.769000E+03  2.317529E+00
  1.769500E+03  1.794905E+00
  1.770000E+03  1.217232E+00
  1.770500E+03  5.960128E-01
  1.771000E+03 -5.563923E-02
  1.771500E+03 -7.233048E-01
  1.772000E+03 -1.391609E+00
  1.772500E+03 -2.044616E+00
  1.773000E+03 -2.666261E+00
  1.773500E+03 -3.240799E+00
  1.774000E+03 -3.753268E+00
  1.774500E+03 -4.189953E+00
  1.775000E+03 -4.538823E+00
  1.775500E+03 -4.789952E+00
  1.776000E+03 -4.935873E+00
  1.776500E+03 -4.971892E+00
  1.777000E+03 -4.896302E+00
  1.777500E+03 -4.710520E+00
  1.778000E+03 -4.419115E+00
  1.778500E+03 -4.029722E+00
  1.779000E+03 -3.552844E+00
  1.779500E+03 -3.001537E+00
  1.780000E+03 -2.390990E+00
  1.780500E+03 -1.738007E+00
  1.781000E+03 -1.060420E+00
  1.781500E+03 -3.764445E-01
  1.782000E+03  2.959825E-01
  1.782500E+03  9.398527E-01
  1.783000E+03  1.539696E+00
  1.783500E+03  2.082117E+00
  1.784000E+03  2.556223E+00
  1.784500E+03  2.953930E+00
  1.785000E+03  3.270130E+00
  1.785500E+03  3.502702E+00
  1.786000E+03  3.652385E+00
  1.786500E+03  3.722506E+00
  1.787000E+03  3.718606E+00
  1.787500E+03  3.647962E+00
  1.788000E+03  3.519072E+00
  1.788500E+03  3.341102E+00
  1.789000E+03  3.123368E+00
  1.789500E+03  2.874855E+00
  1.790000E+03  2.603818E+00
  1.790500E+03  2.317490E+00
  1.791000E+03  2.021896E+00
  1.791500E+03  1.721790E+00
  1.792000E+03  1.420697E+00
  1.792500E+03  1.121061E+00
  1.793000E+03  8.244585E-01
  1.793500E+03  5.318728E-01
  1.794000E+03  2.439762E-01
  1.794500E+03 -3.858999E-02
  1.795000E+03 -3.149738E-01
  1.795500E+03 -5.839298E-01
  1.796000E+03 -8.437082E-01
  1.796500E+03 -1.092026E+00
  1.797000E+03 -1.326118E+00
  1.797500E+03 -1.542860E+00
  1.798000E+03 -1.738945E+00
  1.798500E+03 -1.911104E+00
  1.799000E+03 -2.056334E+00
  1.799500E+03 -2.172118E+00
  1.800000E+03 -2.256615E+00
  1.800500E+03 -2.308796E+00
  1.801000E+03 -2.328526E+00
  1.801500E+03 -2.316565E+00
  1.802000E+03 -2.274513E+00
  1.802500E+03 -2.204678E+00
  1.803000E+03 -2.109911E+00
  1.803500E+03 -1.993396E+00
  1.804000E+03 -1.858429E+00
  1.804500E+03 -1.708213E+00
  1.805000E+03 -1.545666E+00
  1.805500E+03 -1.373280E+00
  1.806000E+03 -1.193030E+00
  1.806500E+03 -1.006343E+00
  1.807000E+03 -8.141286E-01
  1.807500E+03 -6.168644E-01
  1.808000E+03 -4.147260E-01
  1.808500E+03 -2.077525E-01
  1.809000E+03  3.973171E-03
  1.809500E+03  2.201430E-01
  1.810000E+03  4.400586E-01
  1.810500E+03  6.624954E-01
  1.811000E+03  8.856080E-01
  1.811500E+03  1.106884E+00
  1.812000E+03  1.323149E+00
  1.812500E+03  1.530622E+00
  1.813000E+03  1.725023E+00
  1.813500E+03  1.901709E+00
  1.814000E+03  2.055856E+00
  1.814500E+03  2.182648E+00
  1.815000E+03  2.277488E+00
  1.815500E+03  2.336200E+00
  1.816000E+03  2.355230E+00
  1.816500E+03  2.331823E+00
  1.817000E+03  2.264188E+00
  1.817500E+03  2.151621E+00
  1.818000E+03  1.994610E+00
  1.818500E+03  1.794895E+00
  1.819000E+03  1.555495E+00
  1.819500E+03  1.280693E+00
  1.820000E+03  9.759789E-01
  1.820500E+03  6.479492E-01
  1.821000E+03  3.041630E-01
  1.821500E+03 -4.704627E-02
  1.822000E+03 -3.968004E-01
  1.822500E+03 -7.359424E-01
  1.823000E+03 -1.055332E+00
  1.823500E+03 -1.346165E+00
  1.824000E+03 -1.600295E+00
  1.824500E+03 -1.810555E+00
  1.825000E+03 -1.971054E+00
  1.825500E+03 -2.077441E+00
  1.826000E+03 -2.127107E+00
  1.826500E+03 -2.119326E+00
  1.827000E+03 -2.055318E+00
  1.827500E+03 -1.938219E+00
  1.828000E+03 -1.772970E+00
  1.828500E+03 -1.566121E+00
  1.829000E+03 -1.325553E+00
  1.829500E+03 -1.060147E+00
  1.830000E+03 -7.793996E-01
  1.830500E+03 -4.930229E-01
  1.831000E+03 -2.105404E-01
  1.831500E+03  5.909452E-02
  1.832000E+03  3.078367E-01
  1.832500E+03  5.288280E-01
  1.833000E+03  7.166031E-01
  1.833500E+03  8.672147E-01
  1.834000E+03  9.782783E-01
  1.834500E+03  1.048938E+00
  1.835000E+03  1.079767E+00
  1.835500E+03  1.072608E+00
  1.836000E+03  1.030382E+00
  1.836500E+03  9.568691E-01
  1.837000E+03  8.564870E-01
  1.837500E+03  7.340780E-01
  1.838000E+03  5.947174E-01
  1.838500E+03  4.435507E-01
  1.839000E+03  2.856631E-01
  1.839500E+03  1.259804E-01
  1.840000E+03 -3.080221E-02
  1.840500E+03 -1.802705E-01
  1.841000E+03 -3.183297E-01
  1.841500E+03 -4.412393E-01
  1.842000E+03 -5.456514E-01
  1.842500E+03 -6.286588E-01
  1.843000E+03 -6.878561E-01
  1.843500E+03 -7.214118E-01
  1.844000E+03 -7.281490E-01
  1.844500E+03 -7.076273E-01
  1.845000E+03 -6.602170E-01
  1.845500E+03 -5.871561E-01
  1.846000E+03 -4.905798E-01
  1.846500E+03 -3.735127E-01
  1.847000E+03 -2.398196E-01
  1.847500E+03 -9.410870E-02
  1.848000E+03  5.841044E-02
  1.848500E+03  2.121107E-01
  1.849000E+03  3.611655E-01
  1.849500E+03  4.997892E-01
  1.850000E+03  6.224881E-01
  1.850500E+03  7.243066E-01
  1.851000E+03  8.010545E-01
  1.851500E+03  8.495028E-01
  1.852000E+03  8.675368E-01
  1.852500E+03  8.542580E-01
  1.853000E+03  8.100311E-01
  1.853500E+03  7.364733E-01
  1.854000E+03  6.363899E-01
  1.854500E+03  5.136590E-01
  1.855000E+03  3.730745E-01
  1.855500E+03  2.201543E-01
  1.856000E+03  6.092422E-02
  1.856500E+03 -9.831380E-02
  1.857000E+03 -2.512202E-01
  1.857500E+03 -3.916550E-01
  1.858000E+03 -5.139066E-01
  1.858500E+03 -6.129067E-01
  1.859000E+03 -6.844259E-01
  1.859500E+03 -7.252443E-01
  1.860000E+03 -7.332946E-01
  1.860500E+03 -7.077696E-01
  1.861000E+03 -6.491924E-01
  1.861500E+03 -5.594421E-01
  1.862000E+03 -4.417308E-01
  1.862500E+03 -3.005279E-01
  1.863000E+03 -1.414291E-01
  1.863500E+03  2.902998E-02
  1.864000E+03  2.036146E-01
  1.864500E+03  3.746781E-01
  1.865000E+03  5.344874E-01
  1.865500E+03  6.755732E-01
  1.866000E+03  7.910869E-01
  1.866500E+03  8.751469E-01
  1.867000E+03  9.231517E-01
  1.867500E+03  9.320399E-01
  1.868000E+03  9.004787E-01
  1.868500E+03  8.289636E-01
  1.869000E+03  7.198212E-01
  1.869500E+03  5.771079E-01
  1.870000E+03  4.064099E-01
  1.870500E+03  2.145520E-01
  1.871000E+03  9.233472E-03
  1.871500E+03 -2.013864E-01
  1.872000E+03 -4.091269E-01
  1.872500E+03 -6.062171E-01
  1.873000E+03 -7.856930E-01
  1.873500E+03 -9.417296E-01
  1.874000E+03 -1.069889E+00
  1.874500E+03 -1.167267E+00
  1.875000E+03 -1.232526E+00
  1.875500E+03 -1.265823E+00
  1.876000E+03 -1.268637E+00
  1.876500E+03 -1.243512E+00
  1.877000E+03 -1.193743E+00
  1.877500E+03 -1.123029E+00
  1.878000E+03 -1.035133E+00
  1.878500E+03 -9.335635E-01
  1.879000E+03 -8.213213E-01
  1.879500E+03 -7.007176E-01
  1.880000E+03 -5.732871E-01
  1.880500E+03 -4.397969E-01
  1.881000E+03 -3.003489E-01
  1.881500E+03 -1.545626E-01
  1.882000E+03 -1.820585E-03
  1.882500E+03  1.584505E-01
  1.883000E+03  3.264887E-01
  1.883500E+03  5.019259E-01
  1.884000E+03  6.835634E-01
  1.884500E+03  8.692155E-01
  1.885000E+03  1.055639E+00
  1.885500E+03  1.238555E+00
  1.886000E+03  1.412769E+00
  1.886500E+03  1.572372E+00
  1.887000E+03  1.711019E+00
  1.887500E+03  1.822260E+00
  1.888000E+03  1.899899E+00
  1.888500E+03  1.938359E+00
  1.889000E+03  1.933017E+00
  1.889500E+03  1.880507E+00
  1.890000E+03  1.778949E+00
  1.890500E+03  1.628113E+00
  1.891000E+03  1.429489E+00
  1.891500E+03  1.186282E+00
  1.892000E+03  9.033252E-01
  1.892500E+03  5.869247E-01
  1.893000E+03  2.446478E-01
  1.893500E+03 -1.149307E-01
  1.894000E+03 -4.825071E-01
  1.894500E+03 -8.483405E-01
  1.895000E+03 -1.202544E+00
  1.895500E+03 -1.535364E+00
  1.896000E+03 -1.837449E+00
  1.896500E+03 -2.100087E+00
  1.897000E+03 -2.315435E+00
  1.897500E+03 -2.476714E+00
  1.898000E+03 -2.578395E+00
  1.898500E+03 -2.616355E+00
  1.899000E+03 -2.588018E+00
  1.899500E+03 -2.492477E+00
  1.900000E+03 -2.330580E+00
  1.900500E+03 -2.104993E+00
  1.901000E+03 -1.820221E+00
  1.901500E+03 -1.482578E+00
  1.902000E+03 -1.100107E+00
  1.902500E+03 -6.824391E-01
  1.903000E+03 -2.405816E-01
  1.903500E+03  2.133515E-01
  1.904000E+03  6.664761E-01
  1.904500E+03  1.105527E+00
  1.905000E+03  1.517286E+00
  1.905500E+03  1.889042E+00
  1.906000E+03  2.209048E+00
  1.906500E+03  2.466968E+00
  1.907000E+03  2.654288E+00
  1.907500E+03  2.764666E+00
  1.908000E+03  2.794204E+00
  1.908500E+03  2.741636E+00
  1.909000E+03  2.608406E+00
  1.909500E+03  2.398641E+00
  1.910000E+03  2.119022E+00
  1.910500E+03  1.778547E+00
  1.911000E+03  1.388214E+00
  1.911500E+03  9.606143E-01
  1.912000E+03  5.094833E-01
  1.912500E+03  4.920459E-02
  1.913000E+03 -4.056998E-01
  1.913500E+03 -8.410756E-01
  1.914000E+03 -1.243620E+00
  1.914500E+03 -1.601327E+00
  1.915000E+03 -1.903875E+00
  1.915500E+03 -2.142949E+00
  1.916000E+03 -2.312493E+00
  1.916500E+03 -2.408872E+00
  1.917000E+03 -2.430953E+00
  1.917500E+03 -2.380101E+00
  1.918000E+03 -2.260091E+00
  1.918500E+03 -2.076933E+00
  1.919000E+03 -1.838629E+00
  1.919500E+03 -1.554854E+00
  1.920000E+03 -1.236586E+00
  1.920500E+03 -8.956884E-01
  1.921000E+03 -5.444544E-01
  1.921500E+03 -1.951433E-01
  1.922000E+03  1.404869E-01
  1.922500E+03  4.516245E-01
  1.923000E+03  7.288113E-01
  1.923500E+03  9.642920E-01
  1.924000E+03  1.152289E+00
  1.924500E+03  1.289190E+00
  1.925000E+03  1.373634E+00
  1.925500E+03  1.406497E+00
  1.926000E+03  1.390766E+00
  1.926500E+03  1.331321E+00
  1.927000E+03  1.234622E+00
  1.927500E+03  1.108326E+00
  1.928000E+03  9.608543E-01
  1.928500E+03  8.009322E-01
  1.929000E+03  6.371268E-01
  1.929500E+03  4.774153E-01
  1.930000E+03  3.288014E-01
  1.930500E+03  1.970068E-01
  1.931000E+03  8.625171E-02
  1.931500E+03 -8.639240E-04
  1.932000E+03 -6.337479E-02
  1.932500E+03 -1.018634E-01
  1.933000E+03 -1.182818E-01
  1.933500E+03 -1.156985E-01
  1.934000E+03 -9.799002E-02
  1.934500E+03 -6.950219E-02
  1.935000E+03 -3.470512E-02
  1.935500E+03  2.132676E-03
  1.936000E+03  3.722940E-02
  1.936500E+03  6.751572E-02
  1.937000E+03  9.078813E-02
  1.937500E+03  1.057828E-01
  1.938000E+03  1.121685E-01
  1.938500E+03  1.104647E-01
  1.939000E+03  1.018943E-01
  1.939500E+03  8.818662E-02
  1.940000E+03  7.134853E-02
  1.940500E+03  5.342373E-02
  1.941000E+03  3.625933E-02
  1.941500E+03  2.129853E-02
  1.942000E+03  9.414907E-03
  1.942500E+03  8.002341E-04
  1.943000E+03 -5.086499E-03
  1.943500E+03 -9.506013E-03
  1.944000E+03 -1.436335E-02
  1.944500E+03 -2.207622E-02
  1.945000E+03 -3.539676E-02
  1.945500E+03 -5.719926E-02
  1.946000E+03 -9.024823E-02
  1.946500E+03 -1.369621E-01
  1.947000E+03 -1.991874E-01
  1.947500E+03 -2.779984E-01
  1.948000E+03 -3.735335E-01
  1.948500E+03 -4.848791E-01
  1.949000E+03 -6.100086E-01
  1.949500E+03 -7.457799E-01
  1.950000E+03 -8.879940E-01
  1.950500E+03 -1.031512E+00
  1.951000E+03 -1.170427E+00
  1.951500E+03 -1.298283E+00
  1.952000E+03 -1.408332E+00
  1.952500E+03 -1.493819E+00
  1.953000E+03 -1.548287E+00
  1.953500E+03 -1.565871E+00
  1.954000E+03 -1.541602E+00
  1.954500E+03 -1.471665E+00
  1.955000E+03 -1.353637E+00
  1.955500E+03 -1.186672E+00
  1.956000E+03 -9.716256E-01
  1.956500E+03 -7.111197E-01
  1.957000E+03 -4.095388E-01
  1.957500E+03 -7.295332E-02
  1.958000E+03  2.910246E-01
  1.958500E+03  6.734501E-01
  1.959000E+03  1.064312E+00
  1.959500E+03  1.452845E+00
  1.960000E+03  1.827880E+00
  1.960500E+03  2.178211E+00
  1.961000E+03  2.492970E+00
  1.961500E+03  2.761997E+00
  1.962000E+03  2.976181E+00
  1.962500E+03  3.127765E+00
  1.963000E+03  3.210615E+00
  1.963500E+03  3.220419E+00
  1.964000E+03  3.154830E+00
  1.964500E+03  3.013552E+00
  1.965000E+03  2.798349E+00
  1.965500E+03  2.512999E+00
  1.966000E+03  2.163191E+00
  1.966500E+03  1.756363E+00
  1.967000E+03  1.301499E+00
  1.967500E+03  8.088949E-01
  1.968000E+03  2.898839E-01
  1.968500E+03 -2.434495E-01
  1.969000E+03 -7.785730E-01
  1.969500E+03 -1.302815E+00
  1.970000E+03 -1.803675E+00
  1.970500E+03 -2.269124E+00
  1.971000E+03 -2.687899E+00
  1.971500E+03 -3.049777E+00
  1.972000E+03 -3.345828E+00
  1.972500E+03 -3.568640E+00
  1.973000E+03 -3.712516E+00
  1.973500E+03 -3.773626E+00
  1.974000E+03 -3.750120E+00
  1.974500E+03 -3.642198E+00
  1.975000E+03 -3.452119E+00
  1.975500E+03 -3.184164E+00
  1.976000E+03 -2.844546E+00
  1.976500E+03 -2.441258E+00
  1.977000E+03 -1.983876E+00
  1.977500E+03 -1.483322E+00
  1.978000E+03 -9.515765E-01
  1.978500E+03 -4.013694E-01
  1.979000E+03  1.541487E-01
  1.979500E+03  7.017472E-01
  1.980000E+03  1.228453E+00
  1.980500E+03  1.721873E+00
  1.981000E+03  2.170502E+00
  1.981500E+03  2.563990E+00
  1.982000E+03  2.893381E+00
  1.982500E+03  3.151309E+00
  1.983000E+03  3.332152E+00
  1.983500E+03  3.432137E+00
  1.984000E+03  3.449411E+00
  1.984500E+03  3.384066E+00
  1.985000E+03  3.238121E+00
  1.985500E+03  3.015477E+00
  1.986000E+03  2.721829E+00
  1.986500E+03  2.364549E+00
  1.987000E+03  1.952540E+00
  1.987500E+03  1.496050E+00
  1.988000E+03  1.006466E+00
  1.988500E+03  4.960670E-01
  1.989000E+03 -2.224501E-02
  1.989500E+03 -5.352478E-01
  1.990000E+03 -1.029722E+00
  1.990500E+03 -1.492793E+00
  1.991000E+03 -1.912288E+00
  1.991500E+03 -2.277085E+00
  1.992000E+03 -2.577459E+00
  1.992500E+03 -2.805400E+00
  1.993000E+03 -2.954891E+00
  1.993500E+03 -3.022135E+00
  1.994000E+03 -3.005718E+00
  1.994500E+03 -2.906689E+00
  1.995000E+03 -2.728566E+00
  1.995500E+03 -2.477238E+00
  1.996000E+03 -2.160796E+00
  1.996500E+03 -1.789266E+00
  1.997000E+03 -1.374271E+00
  1.997500E+03 -9.286360E-01
  1.998000E+03 -4.659377E-01
  1.998500E+03 -3.668289E-05
  1.999000E+03  4.554021E-01
  1.999500E+03  8.873726E-01
  2.000000E+03  1.283958E+00
  2.000500E+03  1.634706E+00
  2.001000E+03  1.930946E+00
  2.001500E+03  2.166018E+00
  2.002000E+03  2.335428E+00
  2.002500E+03  2.436910E+00
  2.003000E+03  2.470408E+00
  2.003500E+03  2.437973E+00
  2.004000E+03  2.343593E+00
  2.004500E+03  2.192962E+00
  2.005000E+03  1.993197E+00
  2.005500E+03  1.752528E+00
  2.006000E+03  1.479956E+00
  2.006500E+03  1.184917E+00
  2.007000E+03  8.769359E-01
  2.007500E+03  5.653095E-01
  2.008000E+03  2.588060E-01
  2.008500E+03 -3.459623E-02
  2.009000E+03 -3.079309E-01
  2.009500E+03 -5.554184E-01
  2.010000E+03 -7.725899E-01
  2.010500E+03 -9.563586E-01
  2.011000E+03 -1.105035E+00
  2.011500E+03 -1.218289E+00
  2.012000E+03 -1.297061E+00
  2.012500E+03 -1.343422E+00
  2.013000E+03 -1.360392E+00
  2.013500E+03 -1.351726E+00
  2.014000E+03 -1.321673E+00
  2.014500E+03 -1.274720E+00
  2.015000E+03 -1.215335E+00
  2.015500E+03 -1.147721E+00
  2.016000E+03 -1.075599E+00
  2.016500E+03 -1.002019E+00
  2.017000E+03 -9.292279E-01
  2.017500E+03 -8.585861E-01
  2.018000E+03 -7.905528E-01
  2.018500E+03 -7.247289E-01
  2.019000E+03 -6.599637E-01
  2.019500E+03 -5.945147E-01
  2.020000E+03 -5.262526E-01
  2.020500E+03 -4.528958E-01
  2.021000E+03 -3.722600E-01
  2.021500E+03 -2.825042E-01
  2.022000E+03 -1.823556E-01
  2.022500E+03 -7.129755E-02
  2.023000E+03  5.029600E-02
  2.023500E+03  1.810879E-01
  2.024000E+03  3.187760E-01
  2.024500E+03  4.601627E-01
  2.025000E+03  6.012936E-01
  2.025500E+03  7.376560E-01
  2.026000E+03  8.644260E-01
  2.026500E+03  9.767469E-01
  2.027000E+03  1.070021E+00
  2.027500E+03  1.140198E+00
  2.028000E+03  1.184029E+00
  2.028500E+03  1.199295E+00
  2.029000E+03  1.184958E+00
  2.029500E+03  1.141257E+00
  2.030000E+03  1.069727E+00
  2.030500E+03  9.731423E-01
  2.031000E+03  8.553851E-01
  2.031500E+03  7.212567E-01
  2.032000E+03  5.762337E-01
  2.032500E+03  4.261903E-01
  2.033000E+03  2.771006E-01
  2.033500E+03  1.347412E-01
  2.034000E+03  4.409134E-03
  2.034500E+03 -1.093293E-01
  2.035000E+03 -2.028444E-01
  2.035500E+03 -2.735953E-01
  2.036000E+03 -3.202219E-01
  2.036500E+03 -3.425751E-01
  2.037000E+03 -3.416847E-01
  2.037500E+03 -3.196722E-01
  2.038000E+03 -2.796139E-01
  2.038500E+03 -2.253642E-01
  2.039000E+03 -1.613513E-01
  2.039500E+03 -9.235408E-02
  2.040000E+03 -2.327438E-02
  2.040500E+03  4.108730E-02
  2.041000E+03  9.624174E-02
  2.041500E+03  1.381994E-01
  2.042000E+03  1.636310E-01
  2.042500E+03  1.699959E-01
  2.043000E+03  1.556359E-01
  2.043500E+03  1.198330E-01
  2.044000E+03  6.283083E-02
  2.044500E+03 -1.417752E-02
  2.045000E+03 -1.090953E-01
  2.045500E+03 -2.189974E-01
  2.046000E+03 -3.402328E-01
  2.046500E+03 -4.685509E-01
  2.047000E+03 -5.992477E-01
  2.047500E+03 -7.273285E-01
  2.048000E+03 -8.476830E-01
  2.048500E+03 -9.552673E-01
  2.049000E+03 -1.045290E+00
  2.049500E+03 -1.113393E+00
  2.050000E+03 -1.155830E+00
  2.050500E+03 -1.169623E+00
  2.051000E+03 -1.152703E+00
  2.051500E+03 -1.104027E+00
  2.052000E+03 -1.023652E+00
  2.052500E+03 -9.127834E-01
  2.053000E+03 -7.737701E-01
  2.053500E+03 -6.100627E-01
  2.054000E+03 -4.261187E-01
  2.054500E+03 -2.272645E-01
  2.055000E+03 -1.951248E-02
  2.055500E+03  1.906598E-01
  2.056000E+03  3.965611E-01
  2.056500E+03  5.915592E-01
  2.057000E+03  7.693632E-01
  2.057500E+03  9.243016E-01
  2.058000E+03  1.051583E+00
  2.058500E+03  1.147526E+00
  2.059000E+03  1.209742E+00
  2.059500E+03  1.237260E+00
  2.060000E+03  1.230591E+00
  2.060500E+03  1.191710E+00
  2.061000E+03  1.123969E+00
  2.061500E+03  1.031932E+00
  2.062000E+03  9.211449E-01
  2.062500E+03  7.978414E-01
  2.063000E+03  6.686090E-01
  2.063500E+03  5.400268E-01
  2.064000E+03  4.182967E-01
  2.064500E+03  3.088886E-01
  2.065000E+03  2.162229E-01
  2.065500E+03  1.434084E-01
  2.066000E+03  9.205497E-02
  2.066500E+03  6.217372E-02
  2.067000E+03  5.217369E-02
  2.067500E+03  5.895842E-02
  2.068000E+03  7.811897E-02
  2.068500E+03  1.042143E-01
  2.069000E+03  1.311239E-01
  2.069500E+03  1.524522E-01
  2.070000E+03  1.619613E-01
  2.070500E+03  1.540051E-01
  2.071000E+03  1.239377E-01
  2.071500E+03  6.846987E-02
  2.072000E+03 -1.404954E-02
  2.072500E+03 -1.234475E-01
  2.073000E+03 -2.576484E-01
  2.073500E+03 -4.127108E-01
  2.074000E+03 -5.829800E-01
  2.074500E+03 -7.613474E-01
  2.075000E+03 -9.396045E-01
  2.075500E+03 -1.108870E+00
  2.076000E+03 -1.260069E+00
  2.076500E+03 -1.384427E+00
  2.077000E+03 -1.473967E+00
  2.077500E+03 -1.521963E+00
  2.078000E+03 -1.523335E+00
  2.078500E+03 -1.474960E+00
  2.079000E+03 -1.375884E+00
  2.079500E+03 -1.227417E+00
  2.080000E+03 -1.033118E+00
  2.080500E+03 -7.986559E-01
  2.081000E+03 -5.315787E-01
  2.081500E+03 -2.409751E-01
  2.082000E+03  6.292703E-02
  2.082500E+03  3.692179E-01
  2.083000E+03  6.667900E-01
  2.083500E+03  9.448253E-01
  2.084000E+03  1.193262E+00
  2.084500E+03  1.403220E+00
  2.085000E+03  1.567364E+00
  2.085500E+03  1.680191E+00
  2.086000E+03  1.738235E+00
  2.086500E+03  1.740171E+00
  2.087000E+03  1.686834E+00
  2.087500E+03  1.581138E+00
  2.088000E+03  1.427917E+00
  2.088500E+03  1.233683E+00
  2.089000E+03  1.006326E+00
  2.089500E+03  7.547643E-01
  2.090000E+03  4.885597E-01
  2.090500E+03  2.175217E-01
  2.091000E+03 -4.869176E-02
  2.091500E+03 -3.009537E-01
  2.092000E+03 -5.310158E-01
  2.092500E+03 -7.318088E-01
  2.093000E+03 -8.976852E-01
  2.093500E+03 -1.024595E+00
  2.094000E+03 -1.110185E+00
  2.094500E+03 -1.153829E+00
  2.095000E+03 -1.156571E+00
  2.095500E+03 -1.121002E+00
  2.096000E+03 -1.051075E+00
  2.096500E+03 -9.518542E-01
  2.097000E+03 -8.292314E-01
  2.097500E+03 -6.896120E-01
  2.098000E+03 -5.395903E-01
  2.098500E+03 -3.856327E-01
  2.099000E+03 -2.337837E-01
  2.099500E+03 -8.941141E-02
  2.100000E+03  4.299516E-02
  2.100500E+03  1.599677E-01
  2.101000E+03  2.591324E-01
  2.101500E+03  3.392149E-01
  2.102000E+03  3.999798E-01
  2.102500E+03  4.421102E-01
  2.103000E+03  4.670411E-01
  2.103500E+03  4.767574E-01
  2.104000E+03  4.735756E-01
  2.104500E+03  4.599236E-01
  2.105000E+03  4.381367E-01
  2.105500E+03  4.102841E-01
  2.106000E+03  3.780376E-01
  2.106500E+03  3.425917E-01
  2.107000E+03  3.046382E-01
  2.107500E+03  2.643959E-01
  2.108000E+03  2.216897E-01
  2.108500E+03  1.760707E-01
  2.109000E+03  1.269647E-01
  2.109500E+03  7.383488E-02
  2.110000E+03  1.634336E-02
  2.110500E+03 -4.550342E-02
  2.111000E+03 -1.112392E-01
  2.111500E+03 -1.798628E-01
  2.112000E+03 -2.498114E-01
  2.112500E+03 -3.189841E-01
  2.113000E+03 -3.848165E-01
  2.113500E+03 -4.443994E-01
  2.114000E+03 -4.946342E-01
  2.114500E+03 -5.324120E-01
  2.115000E+03 -5.548046E-01
  2.115500E+03 -5.592521E-01
  2.116000E+03 -5.437341E-01
  2.116500E+03 -5.069130E-01
  2.117000E+03 -4.482402E-01
  2.117500E+03 -3.680183E-01
  2.118000E+03 -2.674185E-01
  2.118500E+03 -1.484523E-01
  2.119000E+03 -1.390373E-02
  2.119500E+03  1.327720E-01
  2.120000E+03  2.875746E-01
  2.120500E+03  4.461001E-01
  2.121000E+03  6.036868E-01
  2.121500E+03  7.555591E-01
  2.122000E+03  8.969614E-01
  2.122500E+03  1.023278E+00
  2.123000E+03  1.130137E+00
  2.123500E+03  1.213499E+00
  2.124000E+03  1.269731E+00
  2.124500E+03  1.295680E+00
  2.125000E+03  1.288727E+00
  2.125500E+03  1.246860E+00
  2.126000E+03  1.168743E+00
  2.126500E+03  1.053785E+00
  2.127000E+03  9.022302E-01
  2.127500E+03  7.152393E-01
  2.128000E+03  4.949707E-01
  2.128500E+03  2.446511E-01
  2.129000E+03 -3.137618E-02
  2.129500E+03 -3.276356E-01
  2.130000E+03 -6.375468E-01
  2.130500E+03 -9.535046E-01
  2.131000E+03 -1.267018E+00
  2.131500E+03 -1.568909E+00
  2.132000E+03 -1.849581E+00
  2.132500E+03 -2.099325E+00
  2.133000E+03 -2.308690E+00
  2.133500E+03 -2.468867E+00
  2.134000E+03 -2.572088E+00
  2.134500E+03 -2.612013E+00
  2.135000E+03 -2.584084E+00
  2.135500E+03 -2.485817E+00
  2.136000E+03 -2.317022E+00
  2.136500E+03 -2.079926E+00
  2.137000E+03 -1.779190E+00
  2.137500E+03 -1.421821E+00
  2.138000E+03 -1.016962E+00
  2.138500E+03 -5.755923E-01
  2.139000E+03 -1.101250E-01
  2.139500E+03  3.660542E-01
  2.140000E+03  8.391021E-01
  2.140500E+03  1.295250E+00
  2.141000E+03  1.721333E+00
  2.141500E+03  2.105276E+00
  2.142000E+03  2.436536E+00
  2.142500E+03  2.706457E+00
  2.143000E+03  2.908530E+00
  2.143500E+03  3.038562E+00
  2.144000E+03  3.094728E+00
  2.144500E+03  3.077526E+00
  2.145000E+03  2.989643E+00
  2.145500E+03  2.835735E+00
  2.146000E+03  2.622147E+00
  2.146500E+03  2.356590E+00
  2.147000E+03  2.047795E+00
  2.147500E+03  1.705159E+00
  2.148000E+03  1.338406E+00
  2.148500E+03  9.572709E-01
  2.149000E+03  5.712221E-01
  2.149500E+03  1.892258E-01
  2.150000E+03 -1.804437E-01
  2.150500E+03 -5.303500E-01
  2.151000E+03 -8.539971E-01
  2.151500E+03 -1.145897E+00
  2.152000E+03 -1.401607E+00
  2.152500E+03 -1.617741E+00
  2.153000E+03 -1.791968E+00
  2.153500E+03 -1.922989E+00
  2.154000E+03 -2.010511E+00
  2.154500E+03 -2.055205E+00
  2.155000E+03 -2.058661E+00
  2.155500E+03 -2.023320E+00
  2.156000E+03 -1.952402E+00
  2.156500E+03 -1.849814E+00
  2.157000E+03 -1.720034E+00
  2.157500E+03 -1.567984E+00
  2.158000E+03 -1.398880E+00
  2.158500E+03 -1.218065E+00
  2.159000E+03 -1.030841E+00
  2.159500E+03 -8.422896E-01
  2.160000E+03 -6.571008E-01
  2.160500E+03 -4.794201E-01
  2.161000E+03 -3.127157E-01
  2.161500E+03 -1.596809E-01
  2.162000E+03 -2.217435E-02
  2.162500E+03  9.879536E-02
  2.163000E+03  2.030400E-01
  2.163500E+03  2.911185E-01
  2.164000E+03  3.642246E-01
  2.164500E+03  4.240437E-01
  2.165000E+03  4.725873E-01
  2.165500E+03  5.120189E-01
  2.166000E+03  5.444812E-01
  2.166500E+03  5.719378E-01
  2.167000E+03  5.960398E-01
  2.167500E+03  6.180259E-01
  2.168000E+03  6.386618E-01
  2.168500E+03  6.582220E-01
  2.169000E+03  6.765115E-01
  2.169500E+03  6.929270E-01
  2.170000E+03  7.065473E-01
  2.170500E+03  7.162457E-01
  2.171000E+03  7.208155E-01
  2.171500E+03  7.190945E-01
  2.172000E+03  7.100827E-01
  2.172500E+03  6.930398E-01
  2.173000E+03  6.675598E-01
  2.173500E+03  6.336146E-01
  2.174000E+03  5.915675E-01
  2.174500E+03  5.421560E-01
  2.175000E+03  4.864477E-01
  2.175500E+03  4.257744E-01
  2.176000E+03  3.616516E-01
  2.176500E+03  2.956897E-01
  2.177000E+03  2.295054E-01
  2.177500E+03  1.646383E-01
  2.178000E+03  1.024800E-01
  2.178500E+03  4.421779E-02
  2.179000E+03 -9.204727E-03
  2.179500E+03 -5.710850E-02
  2.180000E+03 -9.908430E-02
  2.180500E+03 -1.349837E-01
  2.181000E+03 -1.648994E-01
  2.181500E+03 -1.891371E-01
  2.182000E+03 -2.081844E-01
  2.182500E+03 -2.226763E-01
  2.183000E+03 -2.333609E-01
  2.183500E+03 -2.410663E-01
  2.184000E+03 -2.466671E-01
  2.184500E+03 -2.510512E-01
  2.185000E+03 -2.550852E-01
  2.185500E+03 -2.595774E-01
  2.186000E+03 -2.652385E-01
  2.186500E+03 -2.726393E-01
  2.187000E+03 -2.821679E-01
  2.187500E+03 -2.939876E-01
  2.188000E+03 -3.079999E-01
  2.188500E+03 -3.238172E-01
  2.189000E+03 -3.407489E-01
  2.189500E+03 -3.578066E-01
  2.190000E+03 -3.737313E-01
  2.190500E+03 -3.870463E-01
  2.191000E+03 -3.961350E-01
  2.191500E+03 -3.993422E-01
  2.192000E+03 -3.950956E-01
  2.192500E+03 -3.820386E-01
  2.193000E+03 -3.591670E-01
  2.193500E+03 -3.259582E-01
  2.194000E+03 -2.824805E-01
  2.194500E+03 -2.294730E-01
  2.195000E+03 -1.683835E-01
  2.195500E+03 -1.013577E-01
  2.196000E+03 -3.117468E-02
  2.196500E+03  3.887323E-02
  2.197000E+03  1.051513E-01
  2.197500E+03  1.638977E-01
  2.198000E+03  2.114696E-01
  2.198500E+03  2.446056E-01
  2.199000E+03  2.606855E-01
  2.199500E+03  2.579671E-01
  2.200000E+03  2.357831E-01
  2.200500E+03  1.946768E-01
  2.201000E+03  1.364655E-01
  2.201500E+03  6.421942E-02
  2.202000E+03 -1.784686E-02
  2.202500E+03 -1.045691E-01
  2.203000E+03 -1.901056E-01
  2.203500E+03 -2.682729E-01
  2.204000E+03 -3.329243E-01
  2.204500E+03 -3.783483E-01
  2.205000E+03 -3.996602E-01
  2.205500E+03 -3.931599E-01
  2.206000E+03 -3.566300E-01
  2.206500E+03 -2.895518E-01
  2.207000E+03 -1.932224E-01
  2.207500E+03 -7.075965E-02
  2.208000E+03  7.300747E-02
  2.208500E+03  2.317599E-01
  2.209000E+03  3.980103E-01
  2.209500E+03  5.635060E-01
  2.210000E+03  7.196910E-01
  2.210500E+03  8.581966E-01
  2.211000E+03  9.713309E-01
  2.211500E+03  1.052536E+00
  2.212000E+03  1.096784E+00
  2.212500E+03  1.100885E+00
  2.213000E+03  1.063688E+00
  2.213500E+03  9.861606E-01
  2.214000E+03  8.713481E-01
  2.214500E+03  7.242030E-01
  2.215000E+03  5.513074E-01
  2.215500E+03  3.605000E-01
  2.216000E+03  1.604335E-01
  2.216500E+03 -3.991047E-02
  2.217000E+03 -2.317168E-01
  2.217500E+03 -4.068140E-01
  2.218000E+03 -5.581019E-01
  2.218500E+03 -6.799065E-01
  2.219000E+03 -7.682401E-01
  2.219500E+03 -8.209554E-01
  2.220000E+03 -8.377850E-01
  2.220500E+03 -8.202701E-01
  2.221000E+03 -7.715854E-01
  2.221500E+03 -6.962767E-01
  2.222000E+03 -5.999310E-01
  2.222500E+03 -4.888032E-01
  2.223000E+03 -3.694271E-01
  2.223500E+03 -2.482341E-01
  2.224000E+03 -1.312072E-01
  2.224500E+03 -2.358785E-02
  2.225000E+03  7.034575E-02
  2.225500E+03  1.474208E-01
  2.226000E+03  2.056278E-01
  2.226500E+03  2.440977E-01
  2.227000E+03  2.630060E-01
  2.227500E+03  2.634187E-01
  2.228000E+03  2.470969E-01
  2.228500E+03  2.162792E-01
  2.229000E+03  1.734630E-01
  2.229500E+03  1.212020E-01
  2.230000E+03  6.193828E-02
  2.230500E+03 -2.121235E-03
  2.231000E+03 -6.907554E-02
  2.231500E+03 -1.373457E-01
  2.232000E+03 -2.056407E-01
  2.232500E+03 -2.728805E-01
  2.233000E+03 -3.380907E-01
  2.233500E+03 -4.002818E-01
  2.234000E+03 -4.583321E-01
  2.234500E+03 -5.108897E-01
  2.235000E+03 -5.563077E-01
  2.235500E+03 -5.926255E-01
  2.236000E+03 -6.176013E-01
  2.236500E+03 -6.288001E-01
  2.237000E+03 -6.237310E-01
  2.237500E+03 -6.000272E-01
  2.238000E+03 -5.556543E-01
  2.238500E+03 -4.891308E-01
  2.239000E+03 -3.997413E-01
  2.239500E+03 -2.877230E-01
  2.240000E+03 -1.544085E-01
  2.240500E+03 -2.307246E-03
  2.241000E+03  1.648840E-01
  2.241500E+03  3.423487E-01
  2.242000E+03  5.242964E-01
  2.242500E+03  7.041818E-01
  2.243000E+03  8.749864E-01
  2.243500E+03  1.029545E+00
  2.244000E+03  1.160902E+00
  2.244500E+03  1.262667E+00
  2.245000E+03  1.329362E+00
  2.245500E+03  1.356726E+00
  2.246000E+03  1.341957E+00
  2.246500E+03  1.283900E+00
  2.247000E+03  1.183130E+00
  2.247500E+03  1.041974E+00
  2.248000E+03  8.644283E-01
  2.248500E+03  6.560072E-01
  2.249000E+03  4.235210E-01
  2.249500E+03  1.747978E-01
  2.250000E+03 -8.163270E-02
  2.250500E+03 -3.368769E-01
  2.251000E+03 -5.820209E-01
  2.251500E+03 -8.084628E-01
  2.252000E+03 -1.008222E+00
  2.252500E+03 -1.174214E+00
  2.253000E+03 -1.300483E+00
  2.253500E+03 -1.382392E+00
  2.254000E+03 -1.416755E+00
  2.254500E+03 -1.401935E+00
  2.255000E+03 -1.337886E+00
  2.255500E+03 -1.226152E+00
  2.256000E+03 -1.069827E+00
  2.256500E+03 -8.734821E-01
  2.257000E+03 -6.430424E-01
  2.257500E+03 -3.856427E-01
  2.258000E+03 -1.094411E-01
  2.258500E+03  1.765966E-01
  2.259000E+03  4.629449E-01
  2.259500E+03  7.397944E-01
  2.260000E+03  9.973516E-01
  2.260500E+03  1.226156E+00
  2.261000E+03  1.417408E+00
  2.261500E+03  1.563292E+00
  2.262000E+03  1.657286E+00
  2.262500E+03  1.694447E+00
  2.263000E+03  1.671647E+00
  2.263500E+03  1.587756E+00
  2.264000E+03  1.443752E+00
  2.264500E+03  1.242761E+00
  2.265000E+03  9.899999E-01
  2.265500E+03  6.926388E-01
  2.266000E+03  3.595816E-01
  2.266500E+03  1.165623E-03
  2.267000E+03 -3.712000E-01
  2.267500E+03 -7.454436E-01
  2.268000E+03 -1.109269E+00
  2.268500E+03 -1.450603E+00
  2.269000E+03 -1.758026E+00
  2.269500E+03 -2.021178E+00
  2.270000E+03 -2.231106E+00
  2.270500E+03 -2.380557E+00
  2.271000E+03 -2.464197E+00
  2.271500E+03 -2.478748E+00
  2.272000E+03 -2.423055E+00
  2.272500E+03 -2.298076E+00
  2.273000E+03 -2.106808E+00
  2.273500E+03 -1.854156E+00
  2.274000E+03 -1.546754E+00
  2.274500E+03 -1.192754E+00
  2.275000E+03 -8.015875E-01
  2.275500E+03 -3.837128E-01
  2.276000E+03  4.965374E-02
  2.276500E+03  4.868101E-01
  2.277000E+03  9.158477E-01
  2.277500E+03  1.324937E+00
  2.278000E+03  1.702616E+00
  2.278500E+03  2.038089E+00
  2.279000E+03  2.321523E+00
  2.279500E+03  2.544353E+00
  2.280000E+03  2.699567E+00
  2.280500E+03  2.781993E+00
  2.281000E+03  2.788539E+00
  2.281500E+03  2.718403E+00
  2.282000E+03  2.573214E+00
  2.282500E+03  2.357098E+00
  2.283000E+03  2.076657E+00
  2.283500E+03  1.740839E+00
  2.284000E+03  1.360699E+00
  2.284500E+03  9.490537E-01
  2.285000E+03  5.200304E-01
  2.285500E+03  8.852610E-02
  2.286000E+03 -3.303974E-01
  2.286500E+03 -7.221589E-01
  2.287000E+03 -1.073307E+00
  2.287500E+03 -1.372139E+00
  2.288000E+03 -1.609252E+00
  2.288500E+03 -1.777987E+00
  2.289000E+03 -1.874748E+00
  2.289500E+03 -1.899157E+00
  2.290000E+03 -1.854044E+00
  2.290500E+03 -1.745267E+00
  2.291000E+03 -1.581362E+00
  2.291500E+03 -1.373054E+00
  2.292000E+03 -1.132644E+00
  2.292500E+03 -8.733279E-01
  2.293000E+03 -6.084671E-01
  2.293500E+03 -3.508750E-01
  2.294000E+03 -1.121531E-01
  2.294500E+03  9.787911E-02
  2.295000E+03  2.716277E-01
  2.295500E+03  4.040153E-01
  2.296000E+03  4.926072E-01
  2.296500E+03  5.375689E-01
  2.297000E+03  5.414666E-01
  2.297500E+03  5.089284E-01
  2.298000E+03  4.461982E-01
  2.298500E+03  3.606167E-01
  2.299000E+03  2.600696E-01
  2.299500E+03  1.524441E-01
  2.300000E+03  4.513054E-02
  2.300500E+03 -5.539646E-02
  2.301000E+03 -1.438945E-01
  2.301500E+03 -2.165499E-01
  2.302000E+03 -2.710499E-01
  2.302500E+03 -3.065346E-01
  2.303000E+03 -3.234426E-01
  2.303500E+03 -3.232731E-01
  2.304000E+03 -3.082912E-01
  2.304500E+03 -2.812064E-01
  2.305000E+03 -2.448574E-01
  2.305500E+03 -2.019289E-01
  2.306000E+03 -1.547272E-01
  2.306500E+03 -1.050293E-01
  2.307000E+03 -5.401659E-02
  2.307500E+03 -2.292806E-03
  2.308000E+03  5.002052E-02
  2.308500E+03  1.031263E-01
  2.309000E+03  1.573522E-01
  2.309500E+03  2.129332E-01
  2.310000E+03  2.698022E-01
  2.310500E+03  3.274130E-01
  2.311000E+03  3.846172E-01
  2.311500E+03  4.396108E-01
  2.312000E+03  4.899592E-01
  2.312500E+03  5.327038E-01
  2.313000E+03  5.645418E-01
  2.313500E+03  5.820679E-01
  2.314000E+03  5.820573E-01
  2.314500E+03  5.617666E-01
  2.315000E+03  5.192266E-01
  2.315500E+03  4.534999E-01
  2.316000E+03  3.648812E-01
  2.316500E+03  2.550181E-01
  2.317000E+03  1.269407E-01
  2.317500E+03 -1.500850E-02
  2.318000E+03 -1.653411E-01
  2.318500E+03 -3.176795E-01
  2.319000E+03 -4.650860E-01
  2.319500E+03 -6.004437E-01
  2.320000E+03 -7.168629E-01
  2.320500E+03 -8.080851E-01
  2.321000E+03 -8.688585E-01
  2.321500E+03 -8.952561E-01
  2.322000E+03 -8.849181E-01
  2.322500E+03 -8.372011E-01
  2.323000E+03 -7.532252E-01
  2.323500E+03 -6.358170E-01
  2.324000E+03 -4.893542E-01
  2.324500E+03 -3.195243E-01
  2.325000E+03 -1.330134E-01
  2.325500E+03  6.285095E-02
  2.326000E+03  2.604806E-01
  2.326500E+03  4.524056E-01
  2.327000E+03  6.316278E-01
  2.327500E+03  7.919295E-01
  2.328000E+03  9.281201E-01
  2.328500E+03  1.036210E+00
  2.329000E+03  1.113509E+00
  2.329500E+03  1.158641E+00
  2.330000E+03  1.171498E+00
  2.330500E+03  1.153120E+00
  2.331000E+03  1.105537E+00
  2.331500E+03  1.031573E+00
  2.332000E+03  9.346370E-01
  2.332500E+03  8.185083E-01
  2.333000E+03  6.871402E-01
  2.333500E+03  5.444839E-01
  2.334000E+03  3.943440E-01
  2.334500E+03  2.402703E-01
  2.335000E+03  8.548380E-02
  2.335500E+03 -6.716317E-02
  2.336000E+03 -2.151993E-01
  2.336500E+03 -3.565251E-01
  2.337000E+03 -4.893902E-01
  2.337500E+03 -6.123632E-01
  2.338000E+03 -7.243018E-01
  2.338500E+03 -8.243264E-01
  2.339000E+03 -9.118009E-01
  2.339500E+03 -9.863210E-01
  2.340000E+03 -1.047709E+00
  2.340500E+03 -1.096010E+00
  2.341000E+03 -1.131489E+00
  2.341500E+03 -1.154623E+00
  2.342000E+03 -1.166080E+00
  2.342500E+03 -1.166686E+00
  2.343000E+03 -1.157380E+00
  2.343500E+03 -1.139151E+00
  2.344000E+03 -1.112963E+00
  2.344500E+03 -1.079671E+00
  2.345000E+03 -1.039938E+00
  2.345500E+03 -9.941499E-01
  2.346000E+03 -9.423545E-01
  2.346500E+03 -8.842114E-01
  2.347000E+03 -8.189771E-01
  2.347500E+03 -7.455211E-01
  2.348000E+03 -6.623807E-01
  2.348500E+03 -5.678533E-01
  2.349000E+03 -4.601238E-01
  2.349500E+03 -3.374219E-01
  2.350000E+03 -1.982010E-01
  2.350500E+03 -4.132727E-02
  2.351000E+03  1.337329E-01
  2.351500E+03  3.267407E-01
  2.352000E+03  5.365408E-01
  2.352500E+03  7.609581E-01
  2.353000E+03  9.967446E-01
  2.353500E+03  1.239585E+00
  2.354000E+03  1.484162E+00
  2.354500E+03  1.724291E+00
  2.355000E+03  1.953104E+00
  2.355500E+03  2.163290E+00
  2.356000E+03  2.347381E+00
  2.356500E+03  2.498057E+00
  2.357000E+03  2.608470E+00
  2.357500E+03  2.672558E+00
  2.358000E+03  2.685344E+00
  2.358500E+03  2.643192E+00
  2.359000E+03  2.544016E+00
  2.359500E+03  2.387430E+00
  2.360000E+03  2.174815E+00
  2.360500E+03  1.909330E+00
  2.361000E+03  1.595834E+00
  2.361500E+03  1.240741E+00
  2.362000E+03  8.518099E-01
  2.362500E+03  4.378873E-01
  2.363000E+03  8.598358E-03
  2.363500E+03 -4.259805E-01
  2.364000E+03 -8.556616E-01
  2.364500E+03 -1.270482E+00
  2.365000E+03 -1.661016E+00
  2.365500E+03 -2.018663E+00
  2.366000E+03 -2.335878E+00
  2.366500E+03 -2.606366E+00
  2.367000E+03 -2.825208E+00
  2.367500E+03 -2.988936E+00
  2.368000E+03 -3.095548E+00
  2.368500E+03 -3.144476E+00
  2.369000E+03 -3.136502E+00
  2.369500E+03 -3.073642E+00
  2.370000E+03 -2.959007E+00
  2.370500E+03 -2.796636E+00
  2.371000E+03 -2.591331E+00
  2.371500E+03 -2.348489E+00
  2.372000E+03 -2.073943E+00
  2.372500E+03 -1.773810E+00
  2.373000E+03 -1.454364E+00
  2.373500E+03 -1.121912E+00
  2.374000E+03 -7.827000E-01
  2.374500E+03 -4.428189E-01
  2.375000E+03 -1.081267E-01
  2.375500E+03  2.158257E-01
  2.376000E+03  5.238662E-01
  2.376500E+03  8.112729E-01
  2.377000E+03  1.073848E+00
  2.377500E+03  1.307992E+00
  2.378000E+03  1.510777E+00
  2.378500E+03  1.680018E+00
  2.379000E+03  1.814331E+00
  2.379500E+03  1.913178E+00
  2.380000E+03  1.976895E+00
  2.380500E+03  2.006684E+00
  2.381000E+03  2.004582E+00
  2.381500E+03  1.973390E+00
  2.382000E+03  1.916570E+00
  2.382500E+03  1.838104E+00
  2.383000E+03  1.742328E+00
  2.383500E+03  1.633745E+00
  2.384000E+03  1.516816E+00
  2.384500E+03  1.395763E+00
  2.385000E+03  1.274368E+00
  2.385500E+03  1.155806E+00
  2.386000E+03  1.042506E+00
  2.386500E+03  9.360487E-01
  2.387000E+03  8.371277E-01
  2.387500E+03  7.455504E-01
  2.388000E+03  6.602999E-01
  2.388500E+03  5.796443E-01
  2.389000E+03  5.012904E-01
  2.389500E+03  4.225711E-01
  2.390000E+03  3.406551E-01
  2.390500E+03  2.527663E-01
  2.391000E+03  1.563980E-01
  2.391500E+03  4.951108E-02
  2.392000E+03 -6.929721E-02
  2.392500E+03 -2.006624E-01
  2.393000E+03 -3.443663E-01
  2.393500E+03 -4.992990E-01
  2.394000E+03 -6.634698E-01
  2.394500E+03 -8.340638E-01
  2.395000E+03 -1.007542E+00
  2.395500E+03 -1.179773E+00
  2.396000E+03 -1.346198E+00
  2.396500E+03 -1.502007E+00
  2.397000E+03 -1.642327E+00
  2.397500E+03 -1.762418E+00
  2.398000E+03 -1.857853E+00
  2.398500E+03 -1.924696E+00
  2.399000E+03 -1.959657E+00
  2.399500E+03 -1.960227E+00
  2.400000E+03 -1.924795E+00
  2.400500E+03 -1.852732E+00
  2.401000E+03 -1.744448E+00
  2.401500E+03 -1.601424E+00
  2.402000E+03 -1.426201E+00
  2.402500E+03 -1.222349E+00
  2.403000E+03 -9.943847E-01
  2.403500E+03 -7.476678E-01
  2.404000E+03 -4.882493E-01
  2.404500E+03 -2.226923E-01
  2.405000E+03  4.214113E-02
  2.405500E+03  2.993275E-01
  2.406000E+03  5.421370E-01
  2.406500E+03  7.642952E-01
  2.407000E+03  9.602398E-01
  2.407500E+03  1.125358E+00
  2.408000E+03  1.256194E+00
  2.408500E+03  1.350602E+00
  2.409000E+03  1.407855E+00
  2.409500E+03  1.428672E+00
  2.410000E+03  1.415181E+00
  2.410500E+03  1.370805E+00
  2.411000E+03  1.300078E+00
  2.411500E+03  1.208398E+00
  2.412000E+03  1.101736E+00
  2.412500E+03  9.863081E-01
  2.413000E+03  8.682404E-01
  2.413500E+03  7.532418E-01
  2.414000E+03  6.463091E-01
  2.414500E+03  5.514820E-01
  2.415000E+03  4.716631E-01
  2.415500E+03  4.085160E-01
  2.416000E+03  3.624446E-01
  2.416500E+03  3.326541E-01
  2.417000E+03  3.172861E-01
  2.417500E+03  3.136164E-01
  2.418000E+03  3.182975E-01
  2.418500E+03  3.276273E-01
  2.419000E+03  3.378216E-01
  2.419500E+03  3.452710E-01
  2.420000E+03  3.467633E-01
  2.420500E+03  3.396568E-01
  2.421000E+03  3.219955E-01
  2.421500E+03  2.925614E-01
  2.422000E+03  2.508665E-01
  2.422500E+03  1.970909E-01
  2.423000E+03  1.319794E-01
  2.423500E+03  5.671068E-02
  2.424000E+03 -2.724418E-02
  2.424500E+03 -1.182583E-01
  2.425000E+03 -2.146661E-01
  2.425500E+03 -3.148495E-01
  2.426000E+03 -4.172880E-01
  2.426500E+03 -5.205691E-01
  2.427000E+03 -6.233639E-01
  2.427500E+03 -7.243747E-01
  2.428000E+03 -8.222664E-01
  2.428500E+03 -9.155939E-01
  2.429000E+03 -1.002742E+00
  2.429500E+03 -1.081888E+00
  2.430000E+03 -1.150998E+00
  2.430500E+03 -1.207864E+00
  2.431000E+03 -1.250183E+00
  2.431500E+03 -1.275671E+00
  2.432000E+03 -1.282212E+00
  2.432500E+03 -1.268021E+00
  2.433000E+03 -1.231803E+00
  2.433500E+03 -1.172904E+00
  2.434000E+03 -1.091426E+00
  2.434500E+03 -9.882955E-01
  2.435000E+03 -8.652744E-01
  2.435500E+03 -7.249118E-01
  2.436000E+03 -5.704320E-01
  2.436500E+03 -4.055693E-01
  2.437000E+03 -2.343606E-01
  2.437500E+03 -6.091303E-02
  2.438000E+03  1.108340E-01
  2.438500E+03  2.773299E-01
  2.439000E+03  4.355988E-01
  2.439500E+03  5.833716E-01
  2.440000E+03  7.191525E-01
  2.440500E+03  8.422126E-01
  2.441000E+03  9.525127E-01
  2.441500E+03  1.050561E+00
  2.442000E+03  1.137218E+00
  2.442500E+03  1.213476E+00
  2.443000E+03  1.280222E+00
  2.443500E+03  1.338020E+00
  2.444000E+03  1.386927E+00
  2.444500E+03  1.426373E+00
  2.445000E+03  1.455108E+00
  2.445500E+03  1.471232E+00
  2.446000E+03  1.472303E+00
  2.446500E+03  1.455523E+00
  2.447000E+03  1.417985E+00
  2.447500E+03  1.356951E+00
  2.448000E+03  1.270152E+00
  2.448500E+03  1.156077E+00
  2.449000E+03  1.014219E+00
  2.449500E+03  8.452607E-01
  2.450000E+03  6.511836E-01
  2.450500E+03  4.352823E-01
  2.451000E+03  2.020844E-01
  2.451500E+03 -4.282130E-02
  2.452000E+03 -2.930367E-01
  2.452500E+03 -5.416662E-01
  2.453000E+03 -7.816670E-01
  2.453500E+03 -1.006209E+00
  2.454000E+03 -1.209020E+00
  2.454500E+03 -1.384686E+00
  2.455000E+03 -1.528890E+00
  2.455500E+03 -1.638574E+00
  2.456000E+03 -1.712014E+00
  2.456500E+03 -1.748799E+00
  2.457000E+03 -1.749742E+00
  2.457500E+03 -1.716714E+00
  2.458000E+03 -1.652429E+00
  2.458500E+03 -1.560211E+00
  2.459000E+03 -1.443739E+00
  2.459500E+03 -1.306828E+00
  2.460000E+03 -1.153237E+00
  2.460500E+03 -9.865247E-01
  2.461000E+03 -8.099702E-01
  2.461500E+03 -6.265495E-01
  2.462000E+03 -4.389672E-01
  2.462500E+03 -2.497317E-01
  2.463000E+03 -6.125804E-02
  2.463500E+03  1.240196E-01
  2.464000E+03  3.035451E-01
  2.464500E+03  4.745654E-01
  2.465000E+03  6.340985E-01
  2.465500E+03  7.789544E-01
  2.466000E+03  9.058134E-01
  2.466500E+03  1.011360E+00
  2.467000E+03  1.092463E+00
  2.467500E+03  1.146392E+00
  2.468000E+03  1.171046E+00
  2.468500E+03  1.165173E+00
  2.469000E+03  1.128570E+00
  2.469500E+03  1.062226E+00
  2.470000E+03  9.683982E-01
  2.470500E+03  8.506181E-01
  2.471000E+03  7.135992E-01
  2.471500E+03  5.630676E-01
  2.472000E+03  4.055099E-01
  2.472500E+03  2.478585E-01
  2.473000E+03  9.713027E-02
  2.473500E+03 -3.995568E-02
  2.474000E+03 -1.573567E-01
  2.474500E+03 -2.500546E-01
  2.475000E+03 -3.143497E-01
  2.475500E+03 -3.480793E-01
  2.476000E+03 -3.507458E-01
  2.476500E+03 -3.235446E-01
  2.477000E+03 -2.692906E-01
  2.477500E+03 -1.922473E-01
  2.478000E+03 -9.786989E-02
  2.478500E+03  7.518942E-03
  2.479000E+03  1.171011E-01
  2.479500E+03  2.239573E-01
  2.480000E+03  3.214588E-01
  2.480500E+03  4.036327E-01
  2.481000E+03  4.654784E-01
  2.481500E+03  5.032178E-01
  2.482000E+03  5.144670E-01
  2.482500E+03  4.983211E-01
  2.483000E+03  4.553517E-01
  2.483500E+03  3.875212E-01
  2.484000E+03  2.980234E-01
  2.484500E+03  1.910630E-01
  2.485000E+03  7.159204E-02
  2.485500E+03 -5.498102E-02
  2.486000E+03 -1.830888E-01
  2.486500E+03 -3.072936E-01
  2.487000E+03 -4.225505E-01
  2.487500E+03 -5.244328E-01
  2.488000E+03 -6.093108E-01
  2.488500E+03 -6.744773E-01
  2.489000E+03 -7.182193E-01
  2.489500E+03 -7.398367E-01
  2.490000E+03 -7.396117E-01
  2.490500E+03 -7.187367E-01
  2.491000E+03 -6.792082E-01
  2.491500E+03 -6.236948E-01
  2.492000E+03 -5.553895E-01
  2.492500E+03 -4.778536E-01
  2.493000E+03 -3.948598E-01
  2.493500E+03 -3.102400E-01
  2.494000E+03 -2.277431E-01
  2.494500E+03 -1.509042E-01
  2.495000E+03 -8.292899E-02
  2.495500E+03 -2.659196E-02
  2.496000E+03  1.584974E-02
  2.496500E+03  4.272832E-02
  2.497000E+03  5.302245E-02
  2.497500E+03  4.639974E-02
  2.498000E+03  2.324376E-02
  2.498500E+03 -1.533572E-02
  2.499000E+03 -6.751083E-02
  2.499500E+03 -1.307642E-01
  2.500000E+03 -2.019402E-01
  2.500500E+03 -2.773199E-01
  2.501000E+03 -3.527224E-01
  2.501500E+03 -4.236302E-01
  2.502000E+03 -4.853393E-01
  2.502500E+03 -5.331302E-01
  2.503000E+03 -5.624550E-01
  2.503500E+03 -5.691351E-01
  2.504000E+03 -5.495609E-01
  2.504500E+03 -5.008854E-01
  2.505000E+03 -4.212021E-01
  2.505500E+03 -3.096968E-01
  2.506000E+03 -1.667654E-01
  2.506500E+03  5.911862E-03
  2.507000E+03  2.053446E-01
  2.507500E+03  4.272615E-01
  2.508000E+03  6.661938E-01
  2.508500E+03  9.156150E-01
  2.509000E+03  1.168131E+00
  2.509500E+03  1.415714E+00
  2.510000E+03  1.649978E+00
  2.510500E+03  1.862469E+00
  2.511000E+03  2.044981E+00
  2.511500E+03  2.189866E+00
  2.512000E+03  2.290327E+00
  2.512500E+03  2.340698E+00
  2.513000E+03  2.336672E+00
  2.513500E+03  2.275492E+00
  2.514000E+03  2.156087E+00
  2.514500E+03  1.979140E+00
  2.515000E+03  1.747104E+00
  2.515500E+03  1.464142E+00
  2.516000E+03  1.136020E+00
  2.516500E+03  7.699349E-01
  2.517000E+03  3.742929E-01
  2.517500E+03 -4.154725E-02
  2.518000E+03 -4.675659E-01
  2.518500E+03 -8.933927E-01
  2.519000E+03 -1.308626E+00
  2.519500E+03 -1.703147E+00
  2.520000E+03 -2.067424E+00
  2.520500E+03 -2.392792E+00
  2.521000E+03 -2.671692E+00
  2.521500E+03 -2.897876E+00
  2.522000E+03 -3.066564E+00
  2.522500E+03 -3.174542E+00
  2.523000E+03 -3.220214E+00
  2.523500E+03 -3.203588E+00
  2.524000E+03 -3.126222E+00
  2.524500E+03 -2.991107E+00
  2.525000E+03 -2.802517E+00
  2.525500E+03 -2.565818E+00
  2.526000E+03 -2.287255E+00
  2.526500E+03 -1.973716E+00
  2.527000E+03 -1.632499E+00
  2.527500E+03 -1.271079E+00
  2.528000E+03 -8.968945E-01
  2.528500E+03 -5.171518E-01
  2.529000E+03 -1.386684E-01
  2.529500E+03  2.322534E-01
  2.530000E+03  5.899120E-01
  2.530500E+03  9.292551E-01
  2.531000E+03  1.245893E+00
  2.531500E+03  1.536080E+00
  2.532000E+03  1.796680E+00
  2.532500E+03  2.025107E+00
  2.533000E+03  2.219270E+00
  2.533500E+03  2.377513E+00
  2.534000E+03  2.498575E+00
  2.534500E+03  2.581557E+00
  2.535000E+03  2.625915E+00
  2.535500E+03  2.631480E+00
  2.536000E+03  2.598486E+00
  2.536500E+03  2.527623E+00
  2.537000E+03  2.420100E+00
  2.537500E+03  2.277705E+00
  2.538000E+03  2.102858E+00
  2.538500E+03  1.898649E+00
  2.539000E+03  1.668844E+00
  2.539500E+03  1.417869E+00
  2.540000E+03  1.150739E+00
  2.540500E+03  8.729636E-01
  2.541000E+03  5.904075E-01
  2.541500E+03  3.091156E-01
  2.542000E+03  3.511917E-02
  2.542500E+03 -2.257763E-01
  2.543000E+03 -4.682030E-01
  2.543500E+03 -6.874326E-01
  2.544000E+03 -8.795531E-01
  2.544500E+03 -1.041610E+00
  2.545000E+03 -1.171704E+00
  2.545500E+03 -1.269032E+00
  2.546000E+03 -1.333882E+00
  2.546500E+03 -1.367569E+00
  2.547000E+03 -1.372322E+00
  2.547500E+03 -1.351137E+00
  2.548000E+03 -1.307596E+00
  2.548500E+03 -1.245667E+00
  2.549000E+03 -1.169510E+00
  2.549500E+03 -1.083284E+00
  2.550000E+03 -9.909772E-01
  2.550500E+03 -8.962721E-01
  2.551000E+03 -8.024410E-01
  2.551500E+03 -7.122864E-01
  2.552000E+03 -6.281170E-01
  2.552500E+03 -5.517604E-01
  2.553000E+03 -4.846030E-01
  2.553500E+03 -4.276485E-01
  2.554000E+03 -3.815868E-01
  2.554500E+03 -3.468597E-01
  2.555000E+03 -3.237174E-01
  2.555500E+03 -3.122554E-01
  2.556000E+03 -3.124281E-01
  2.556500E+03 -3.240366E-01
  2.557000E+03 -3.466913E-01
  2.557500E+03 -3.797538E-01
  2.558000E+03 -4.222651E-01
  2.558500E+03 -4.728683E-01
  2.559000E+03 -5.297376E-01
  2.559500E+03 -5.905237E-01
  2.560000E+03 -6.523251E-01
  2.560500E+03 -7.116953E-01
  2.561000E+03 -7.646922E-01
  2.561500E+03 -8.069716E-01
  2.562000E+03 -8.339267E-01
  2.562500E+03 -8.408685E-01
  2.563000E+03 -8.232408E-01
  2.563500E+03 -7.768594E-01
  2.564000E+03 -6.981623E-01
  2.564500E+03 -5.844580E-01
  2.565000E+03 -4.341549E-01
  2.565500E+03 -2.469585E-01
  2.566000E+03 -2.402168E-02
  2.566500E+03  2.319633E-01
  2.567000E+03  5.167394E-01
  2.567500E+03  8.245326E-01
  2.568000E+03  1.148174E+00
  2.568500E+03  1.479291E+00
  2.569000E+03  1.808570E+00
  2.569500E+03  2.126067E+00
  2.570000E+03  2.421569E+00
  2.570500E+03  2.684974E+00
  2.571000E+03  2.906688E+00
  2.571500E+03  3.078011E+00
  2.572000E+03  3.191497E+00
  2.572500E+03  3.241269E+00
  2.573000E+03  3.223280E+00
  2.573500E+03  3.135500E+00
  2.574000E+03  2.978022E+00
  2.574500E+03  2.753083E+00
  2.575000E+03  2.465001E+00
  2.575500E+03  2.120021E+00
  2.576000E+03  1.726088E+00
  2.576500E+03  1.292548E+00
  2.577000E+03  8.298018E-01
  2.577500E+03  3.489147E-01
  2.578000E+03 -1.387894E-01
  2.578500E+03 -6.221339E-01
  2.579000E+03 -1.090478E+00
  2.579500E+03 -1.534065E+00
  2.580000E+03 -1.944324E+00
  2.580500E+03 -2.314099E+00
  2.581000E+03 -2.637812E+00
  2.581500E+03 -2.911533E+00
  2.582000E+03 -3.132985E+00
  2.582500E+03 -3.301460E+00
  2.583000E+03 -3.417674E+00
  2.583500E+03 -3.483553E+00
  2.584000E+03 -3.501989E+00
  2.584500E+03 -3.476557E+00
  2.585000E+03 -3.411229E+00
  2.585500E+03 -3.310095E+00
  2.586000E+03 -3.177104E+00
  2.586500E+03 -3.015851E+00
  2.587000E+03 -2.829406E+00
  2.587500E+03 -2.620218E+00
  2.588000E+03 -2.390063E+00
  2.588500E+03 -2.140077E+00
  2.589000E+03 -1.870836E+00
  2.589500E+03 -1.582500E+00
  2.590000E+03 -1.274996E+00
  2.590500E+03 -9.482337E-01
  2.591000E+03 -6.023406E-01
  2.591500E+03 -2.378938E-01
  2.592000E+03  1.438605E-01
  2.592500E+03  5.408182E-01
  2.593000E+03  9.498716E-01
  2.593500E+03  1.366818E+00
  2.594000E+03  1.786331E+00
  2.594500E+03  2.201997E+00
  2.595000E+03  2.606424E+00
  2.595500E+03  2.991414E+00
  2.596000E+03  3.348195E+00
  2.596500E+03  3.667711E+00
  2.597000E+03  3.940937E+00
  2.597500E+03  4.159239E+00
  2.598000E+03  4.314727E+00
  2.598500E+03  4.400609E+00
  2.599000E+03  4.411519E+00
  2.599500E+03  4.343801E+00
  2.600000E+03  4.195743E+00
  2.600500E+03  3.967739E+00
  2.601000E+03  3.662372E+00
  2.601500E+03  3.284415E+00
  2.602000E+03  2.840744E+00
  2.602500E+03  2.340164E+00
  2.603000E+03  1.793161E+00
  2.603500E+03  1.211578E+00
  2.604000E+03  6.082401E-01
  2.604500E+03 -3.464348E-03
  2.605000E+03 -6.100170E-01
  2.605500E+03 -1.198209E+00
  2.606000E+03 -1.755560E+00
  2.606500E+03 -2.270699E+00
  2.607000E+03 -2.733686E+00
  2.607500E+03 -3.136278E+00
  2.608000E+03 -3.472103E+00
  2.608500E+03 -3.736755E+00
  2.609000E+03 -3.927811E+00
  2.609500E+03 -4.044761E+00
  2.610000E+03 -4.088870E+00
  2.610500E+03 -4.062979E+00
  2.611000E+03 -3.971262E+00
  2.611500E+03 -3.818961E+00
  2.612000E+03 -3.612104E+00
  2.612500E+03 -3.357231E+00
  2.613000E+03 -3.061149E+00
  2.613500E+03 -2.730712E+00
  2.614000E+03 -2.372649E+00
  2.614500E+03 -1.993440E+00
  2.615000E+03 -1.599238E+00
  2.615500E+03 -1.195837E+00
  2.616000E+03 -7.886798E-01
  2.616500E+03 -3.828935E-01
  2.617000E+03  1.665563E-02
  2.617500E+03  4.053028E-01
  2.618000E+03  7.785293E-01
  2.618500E+03  1.131924E+00
  2.619000E+03  1.461166E+00
  2.619500E+03  1.762044E+00
  2.620000E+03  2.030493E+00
  2.620500E+03  2.262681E+00
  2.621000E+03  2.455102E+00
  2.621500E+03  2.604705E+00
  2.622000E+03  2.709024E+00
  2.622500E+03  2.766314E+00
  2.623000E+03  2.775674E+00
  2.623500E+03  2.737156E+00
  2.624000E+03  2.651839E+00
  2.624500E+03  2.521871E+00
  2.625000E+03  2.350468E+00
  2.625500E+03  2.141873E+00
  2.626000E+03  1.901265E+00
  2.626500E+03  1.634634E+00
  2.627000E+03  1.348614E+00
  2.627500E+03  1.050291E+00
  2.628000E+03  7.469852E-01
  2.628500E+03  4.460256E-01
  2.629000E+03  1.545160E-01
  2.629500E+03 -1.208877E-01
  2.630000E+03 -3.741864E-01
  2.630500E+03 -6.002224E-01
  2.631000E+03 -7.948328E-01
  2.631500E+03 -9.549652E-01
  2.632000E+03 -1.078753E+00
  2.632500E+03 -1.165545E+00
  2.633000E+03 -1.215892E+00
  2.633500E+03 -1.231486E+00
  2.634000E+03 -1.215059E+00
  2.634500E+03 -1.170247E+00
  2.635000E+03 -1.101416E+00
  2.635500E+03 -1.013468E+00
  2.636000E+03 -9.116319E-01
  2.636500E+03 -8.012413E-01
  2.637000E+03 -6.875232E-01
  2.637500E+03 -5.753939E-01
  2.638000E+03 -4.692778E-01
  2.638500E+03 -3.729570E-01
  2.639000E+03 -2.894556E-01
  2.639500E+03 -2.209660E-01
  2.640000E+03 -1.688160E-01
  2.640500E+03 -1.334802E-01
  2.641000E+03 -1.146288E-01
  2.641500E+03 -1.112119E-01
  2.642000E+03 -1.215695E-01
  2.642500E+03 -1.435609E-01
  2.643000E+03 -1.747028E-01
  2.643500E+03 -2.123074E-01
  2.644000E+03 -2.536128E-01
  2.644500E+03 -2.958968E-01
  2.645000E+03 -3.365724E-01
  2.645500E+03 -3.732586E-01
  2.646000E+03 -4.038297E-01
  2.646500E+03 -4.264429E-01
  2.647000E+03 -4.395497E-01
  2.647500E+03 -4.418953E-01
  2.648000E+03 -4.325137E-01
  2.648500E+03 -4.107227E-01
  2.649000E+03 -3.761241E-01
  2.649500E+03 -3.286141E-01
  2.650000E+03 -2.684014E-01
  2.650500E+03 -1.960357E-01
  2.651000E+03 -1.124398E-01
  2.651500E+03 -1.894087E-02
  2.652000E+03  8.270597E-02
  2.652500E+03  1.903106E-01
  2.653000E+03  3.012642E-01
  2.653500E+03  4.125845E-01
  2.654000E+03  5.209950E-01
  2.654500E+03  6.230380E-01
  2.655000E+03  7.152182E-01
  2.655500E+03  7.941720E-01
  2.656000E+03  8.568510E-01
  2.656500E+03  9.007086E-01
  2.657000E+03  9.238740E-01
  2.657500E+03  9.253001E-01
  2.658000E+03  9.048703E-01
  2.658500E+03  8.634528E-01
  2.659000E+03  8.028945E-01
  2.659500E+03  7.259494E-01
  2.660000E+03  6.361444E-01
  2.660500E+03  5.375879E-01
  2.661000E+03  4.347334E-01
  2.661500E+03  3.321126E-01
  2.662000E+03  2.340593E-01
  2.662500E+03  1.444409E-01
  2.663000E+03  6.642011E-02
  2.663500E+03  2.264208E-03
  2.664000E+03 -4.678439E-02
  2.664500E+03 -8.056542E-02
  2.665000E+03 -9.998233E-02
  2.665500E+03 -1.069100E-01
  2.666000E+03 -1.040362E-01
  2.666500E+03 -9.465000E-02
  2.667000E+03 -8.239359E-02
  2.667500E+03 -7.099743E-02
  2.668000E+03 -6.401851E-02
  2.668500E+03 -6.460096E-02
  2.669000E+03 -7.527564E-02
  2.669500E+03 -9.781127E-02
  2.670000E+03 -1.331247E-01
  2.670500E+03 -1.812529E-01
  2.671000E+03 -2.413834E-01
  2.671500E+03 -3.119363E-01
  2.672000E+03 -3.906861E-01
  2.672500E+03 -4.749100E-01
  2.673000E+03 -5.615488E-01
  2.673500E+03 -6.473667E-01
  2.674000E+03 -7.290975E-01
  2.674500E+03 -8.035708E-01
  2.675000E+03 -8.678114E-01
  2.675500E+03 -9.191123E-01
  2.676000E+03 -9.550835E-01
  2.676500E+03 -9.736827E-01
  2.677000E+03 -9.732353E-01
  2.677500E+03 -9.524510E-01
  2.678000E+03 -9.104456E-01
  2.678500E+03 -8.467717E-01
  2.679000E+03 -7.614625E-01
  2.679500E+03 -6.550859E-01
  2.680000E+03 -5.288048E-01
  2.680500E+03 -3.844370E-01
  2.681000E+03 -2.245016E-01
  2.681500E+03 -5.224270E-02
  2.682000E+03  1.283819E-01
  2.682500E+03  3.127573E-01
  2.683000E+03  4.957183E-01
  2.683500E+03  6.717112E-01
  2.684000E+03  8.350042E-01
  2.684500E+03  9.799417E-01
  2.685000E+03  1.101227E+00
  2.685500E+03  1.194213E+00
  2.686000E+03  1.255190E+00
  2.686500E+03  1.281634E+00
  2.687000E+03  1.272407E+00
  2.687500E+03  1.227884E+00
  2.688000E+03  1.149995E+00
  2.688500E+03  1.042171E+00
  2.689000E+03  9.092002E-01
  2.689500E+03  7.569928E-01
  2.690000E+03  5.922697E-01
  2.690500E+03  4.221983E-01
  2.691000E+03  2.539970E-01
  2.691500E+03  9.453533E-02
  2.692000E+03 -5.004171E-02
  2.692500E+03 -1.746397E-01
  2.693000E+03 -2.754688E-01
  2.693500E+03 -3.502094E-01
  2.694000E+03 -3.980798E-01
  2.694500E+03 -4.198039E-01
  2.695000E+03 -4.174847E-01
  2.695500E+03 -3.943961E-01
  2.696000E+03 -3.547115E-01
  2.696500E+03 -3.031911E-01
  2.697000E+03 -2.448536E-01
  2.697500E+03 -1.846555E-01
  2.698000E+03 -1.272008E-01
  2.698500E+03 -7.649997E-02
  2.699000E+03 -3.579126E-02
  2.699500E+03 -7.431286E-03
  2.700000E+03  7.143211E-03
  2.700500E+03  7.387866E-03
  2.701000E+03 -6.432825E-03
  2.701500E+03 -3.337129E-02
  2.702000E+03 -7.194889E-02
  2.702500E+03 -1.203176E-01
  2.703000E+03 -1.764156E-01
  2.703500E+03 -2.381031E-01
  2.704000E+03 -3.032699E-01
  2.704500E+03 -3.699069E-01
  2.705000E+03 -4.361417E-01
  2.705500E+03 -5.002415E-01
  2.706000E+03 -5.605875E-01
  2.706500E+03 -6.156328E-01
  2.707000E+03 -6.638517E-01
  2.707500E+03 -7.036929E-01
  2.708000E+03 -7.335466E-01
  2.708500E+03 -7.517325E-01
  2.709000E+03 -7.565158E-01
  2.709500E+03 -7.461534E-01
  2.710000E+03 -7.189686E-01
  2.710500E+03 -6.734518E-01
  2.711000E+03 -6.083800E-01
  2.711500E+03 -5.229466E-01
  2.712000E+03 -4.168913E-01
  2.712500E+03 -2.906202E-01
  2.713000E+03 -1.453056E-01
  2.713500E+03  1.704417E-02
  2.714000E+03  1.935513E-01
  2.714500E+03  3.804783E-01
  2.715000E+03  5.732831E-01
  2.715500E+03  7.667207E-01
  2.716000E+03  9.549901E-01
  2.716500E+03  1.131921E+00
  2.717000E+03  1.291194E+00
  2.717500E+03  1.426589E+00
  2.718000E+03  1.532248E+00
  2.718500E+03  1.602942E+00
  2.719000E+03  1.634329E+00
  2.719500E+03  1.623196E+00
  2.720000E+03  1.567664E+00
  2.720500E+03  1.467345E+00
  2.721000E+03  1.323452E+00
  2.721500E+03  1.138831E+00
  2.722000E+03  9.179285E-01
  2.722500E+03  6.666787E-01
  2.723000E+03  3.923199E-01
  2.723500E+03  1.031345E-01
  2.724000E+03 -1.918700E-01
  2.724500E+03 -4.833291E-01
  2.725000E+03 -7.619205E-01
  2.725500E+03 -1.018774E+00
  2.726000E+03 -1.245869E+00
  2.726500E+03 -1.436397E+00
  2.727000E+03 -1.585065E+00
  2.727500E+03 -1.688322E+00
  2.728000E+03 -1.744492E+00
  2.728500E+03 -1.753801E+00
  2.729000E+03 -1.718303E+00
  2.729500E+03 -1.641691E+00
  2.730000E+03 -1.529029E+00
  2.730500E+03 -1.386406E+00
  2.731000E+03 -1.220532E+00
  2.731500E+03 -1.038326E+00
  2.732000E+03 -8.465033E-01
  2.732500E+03 -6.512034E-01
  2.733000E+03 -4.576820E-01
  2.733500E+03 -2.700909E-01
  2.734000E+03 -9.135825E-02
  2.734500E+03  7.682215E-02
  2.735000E+03  2.338970E-01
  2.735500E+03  3.802645E-01
  2.736000E+03  5.170105E-01
  2.736500E+03  6.455953E-01
  2.737000E+03  7.675211E-01
  2.737500E+03  8.840108E-01
  2.738000E+03  9.957298E-01
  2.738500E+03  1.102575E+00
  2.739000E+03  1.203554E+00
  2.739500E+03  1.296763E+00
  2.740000E+03  1.379465E+00
  2.740500E+03  1.448271E+00
  2.741000E+03  1.499394E+00
  2.741500E+03  1.528960E+00
  2.742000E+03  1.533350E+00
  2.742500E+03  1.509538E+00
  2.743000E+03  1.455388E+00
  2.743500E+03  1.369897E+00
  2.744000E+03  1.253345E+00
  2.744500E+03  1.107350E+00
  2.745000E+03  9.348172E-01
  2.745500E+03  7.397837E-01
  2.746000E+03  5.271818E-01
  2.746500E+03  3.025318E-01
  2.747000E+03  7.159863E-02
  2.747500E+03 -1.599601E-01
  2.748000E+03 -3.869226E-01
  2.748500E+03 -6.047791E-01
  2.749000E+03 -8.099334E-01
  2.749500E+03 -9.998122E-01
  2.750000E+03 -1.172875E+00
  2.750500E+03 -1.328529E+00
  2.751000E+03 -1.466953E+00
  2.751500E+03 -1.588859E+00
  2.752000E+03 -1.695212E+00
  2.752500E+03 -1.786931E+00
  2.753000E+03 -1.864611E+00
  2.753500E+03 -1.928292E+00
  2.754000E+03 -1.977288E+00
  2.754500E+03 -2.010113E+00
  2.755000E+03 -2.024492E+00
  2.755500E+03 -2.017469E+00
  2.756000E+03 -1.985608E+00
  2.756500E+03 -1.925255E+00
  2.757000E+03 -1.832855E+00
  2.757500E+03 -1.705287E+00
  2.758000E+03 -1.540192E+00
  2.758500E+03 -1.336273E+00
  2.759000E+03 -1.093528E+00
  2.759500E+03 -8.134128E-01
  2.760000E+03 -4.989093E-01
  2.760500E+03 -1.545054E-01
  2.761000E+03  2.139206E-01
  2.761500E+03  5.992959E-01
  2.762000E+03  9.936138E-01
  2.762500E+03  1.388241E+00
  2.763000E+03  1.774250E+00
  2.763500E+03  2.142745E+00
  2.764000E+03  2.485180E+00
  2.764500E+03  2.793630E+00
  2.765000E+03  3.061014E+00
  2.765500E+03  3.281263E+00
  2.766000E+03  3.449423E+00
  2.766500E+03  3.561703E+00
  2.767000E+03  3.615474E+00
  2.767500E+03  3.609226E+00
  2.768000E+03  3.542497E+00
  2.768500E+03  3.415790E+00
  2.769000E+03  3.230486E+00
  2.769500E+03  2.988764E+00
  2.770000E+03  2.693537E+00
  2.770500E+03  2.348404E+00
  2.771000E+03  1.957625E+00
  2.771500E+03  1.526110E+00
  2.772000E+03  1.059414E+00
  2.772500E+03  5.637472E-01
  2.773000E+03  4.596849E-02
  2.773500E+03 -4.864281E-01
  2.774000E+03 -1.025349E+00
  2.774500E+03 -1.562164E+00
  2.775000E+03 -2.087802E+00
  2.775500E+03 -2.592875E+00
  2.776000E+03 -3.067846E+00
  2.776500E+03 -3.503211E+00
  2.777000E+03 -3.889719E+00
  2.777500E+03 -4.218610E+00
  2.778000E+03 -4.481851E+00
  2.778500E+03 -4.672392E+00
  2.779000E+03 -4.784399E+00
  2.779500E+03 -4.813477E+00
  2.780000E+03 -4.756868E+00
  2.780500E+03 -4.613607E+00
  2.781000E+03 -4.384644E+00
  2.781500E+03 -4.072903E+00
  2.782000E+03 -3.683297E+00
  2.782500E+03 -3.222675E+00
  2.783000E+03 -2.699703E+00
  2.783500E+03 -2.124690E+00
  2.784000E+03 -1.509343E+00
  2.784500E+03 -8.664692E-01
  2.785000E+03 -2.096314E-01
  2.785500E+03  4.472382E-01
  2.786000E+03  1.090247E+00
  2.786500E+03  1.705961E+00
  2.787000E+03  2.281810E+00
  2.787500E+03  2.806471E+00
  2.788000E+03  3.270205E+00
  2.788500E+03  3.665127E+00
  2.789000E+03  3.985405E+00
  2.789500E+03  4.227369E+00
  2.790000E+03  4.389533E+00
  2.790500E+03  4.472518E+00
  2.791000E+03  4.478890E+00
  2.791500E+03  4.412925E+00
  2.792000E+03  4.280308E+00
  2.792500E+03  4.087792E+00
  2.793000E+03  3.842837E+00
  2.793500E+03  3.553247E+00
  2.794000E+03  3.226840E+00
  2.794500E+03  2.871154E+00
  2.795000E+03  2.493215E+00
  2.795500E+03  2.099375E+00
  2.796000E+03  1.695229E+00
  2.796500E+03  1.285600E+00
  2.797000E+03  8.745936E-01
  2.797500E+03  4.657122E-01
  2.798000E+03  6.200093E-02
  2.798500E+03 -3.337804E-01
  2.799000E+03 -7.189863E-01
  2.799500E+03 -1.090931E+00
  2.800000E+03 -1.446764E+00
  2.800500E+03 -1.783398E+00
  2.801000E+03 -2.097479E+00
  2.801500E+03 -2.385416E+00
  2.802000E+03 -2.643464E+00
  2.802500E+03 -2.867847E+00
  2.803000E+03 -3.054913E+00
  2.803500E+03 -3.201308E+00
  2.804000E+03 -3.304155E+00
  2.804500E+03 -3.361216E+00
  2.805000E+03 -3.371036E+00
  2.805500E+03 -3.333045E+00
  2.806000E+03 -3.247621E+00
  2.806500E+03 -3.116112E+00
  2.807000E+03 -2.940806E+00
  2.807500E+03 -2.724869E+00
  2.808000E+03 -2.472251E+00
  2.808500E+03 -2.187563E+00
  2.809000E+03 -1.875951E+00
  2.809500E+03 -1.542960E+00
  2.810000E+03 -1.194400E+00
  2.810500E+03 -8.362302E-01
  2.811000E+03 -4.744496E-01
  2.811500E+03 -1.150012E-01
  2.812000E+03  2.363097E-01
  2.812500E+03  5.738909E-01
  2.813000E+03  8.924349E-01
  2.813500E+03  1.186992E+00
  2.814000E+03  1.453048E+00
  2.814500E+03  1.686611E+00
  2.815000E+03  1.884300E+00
  2.815500E+03  2.043445E+00
  2.816000E+03  2.162180E+00
  2.816500E+03  2.239535E+00
  2.817000E+03  2.275502E+00
  2.817500E+03  2.271086E+00
  2.818000E+03  2.228319E+00
  2.818500E+03  2.150224E+00
  2.819000E+03  2.040753E+00
  2.819500E+03  1.904655E+00
  2.820000E+03  1.747322E+00
  2.820500E+03  1.574579E+00
  2.821000E+03  1.392455E+00
  2.821500E+03  1.206936E+00
  2.822000E+03  1.023707E+00
  2.822500E+03  8.479207E-01
  2.823000E+03  6.839760E-01
  2.823500E+03  5.353485E-01
  2.824000E+03  4.044635E-01
  2.824500E+03  2.926278E-01
  2.825000E+03  2.000203E-01
  2.825500E+03  1.257412E-01
  2.826000E+03  6.791606E-02
  2.826500E+03  2.384466E-02
  2.827000E+03 -9.812725E-03
  2.827500E+03 -3.682549E-02
  2.828000E+03 -6.117064E-02
  2.828500E+03 -8.681063E-02
  2.829000E+03 -1.174817E-01
  2.829500E+03 -1.565015E-01
  2.830000E+03 -2.066034E-01
  2.830500E+03 -2.698008E-01
  2.831000E+03 -3.472846E-01
  2.831500E+03 -4.393556E-01
  2.832000E+03 -5.453890E-01
  2.832500E+03 -6.638320E-01
  2.833000E+03 -7.922327E-01
  2.833500E+03 -9.272981E-01
  2.834000E+03 -1.064982E+00
  2.834500E+03 -1.200602E+00
  2.835000E+03 -1.328983E+00
  2.835500E+03 -1.444629E+00
  2.836000E+03 -1.541926E+00
  2.836500E+03 -1.615362E+00
  2.837000E+03 -1.659767E+00
  2.837500E+03 -1.670572E+00
  2.838000E+03 -1.644060E+00
  2.838500E+03 -1.577618E+00
  2.839000E+03 -1.469961E+00
  2.839500E+03 -1.321315E+00
  2.840000E+03 -1.133556E+00
  2.840500E+03 -9.102756E-01
  2.841000E+03 -6.567692E-01
  2.841500E+03 -3.799375E-01
  2.842000E+03 -8.809784E-02
  2.842500E+03  2.092939E-01
  2.843000E+03  5.020026E-01
  2.843500E+03  7.794399E-01
  2.844000E+03  1.031138E+00
  2.844500E+03  1.247250E+00
  2.845000E+03  1.419043E+00
  2.845500E+03  1.539364E+00
  2.846000E+03  1.603044E+00
  2.846500E+03  1.607219E+00
  2.847000E+03  1.551541E+00
  2.847500E+03  1.438269E+00
  2.848000E+03  1.272228E+00
  2.848500E+03  1.060635E+00
  2.849000E+03  8.127991E-01
  2.849500E+03  5.397128E-01
  2.850000E+03  2.535515E-01
  2.850500E+03 -3.288926E-02
  2.851000E+03 -3.067892E-01
  2.851500E+03 -5.558997E-01
  2.852000E+03 -7.691098E-01
  2.852500E+03 -9.369509E-01
  2.853000E+03 -1.052018E+00
  2.853500E+03 -1.109282E+00
  2.854000E+03 -1.106288E+00
  2.854500E+03 -1.043225E+00
  2.855000E+03 -9.228678E-01
  2.855500E+03 -7.504101E-01
  2.856000E+03 -5.331824E-01
  2.856500E+03 -2.802899E-01
  2.857000E+03 -2.182426E-03
  2.857500E+03  2.898185E-01
  2.858000E+03  5.840097E-01
  2.858500E+03  8.687921E-01
  2.859000E+03  1.133130E+00
  2.859500E+03  1.366966E+00
  2.860000E+03  1.561575E+00
  2.860500E+03  1.709845E+00
  2.861000E+03  1.806484E+00
  2.861500E+03  1.848144E+00
  2.862000E+03  1.833460E+00
  2.862500E+03  1.763016E+00
  2.863000E+03  1.639242E+00
  2.863500E+03  1.466248E+00
  2.864000E+03  1.249606E+00
  2.864500E+03  9.960980E-01
  2.865000E+03  7.134326E-01
  2.865500E+03  4.099512E-01
  2.866000E+03  9.432952E-02
  2.866500E+03 -2.247126E-01
  2.867000E+03 -5.386829E-01
  2.867500E+03 -8.395636E-01
  2.868000E+03 -1.120025E+00
  2.868500E+03 -1.373602E+00
  2.869000E+03 -1.594832E+00
  2.869500E+03 -1.779348E+00
  2.870000E+03 -1.923935E+00
  2.870500E+03 -2.026545E+00
  2.871000E+03 -2.086271E+00
  2.871500E+03 -2.103301E+00
  2.872000E+03 -2.078832E+00
  2.872500E+03 -2.014973E+00
  2.873000E+03 -1.914621E+00
  2.873500E+03 -1.781337E+00
  2.874000E+03 -1.619210E+00
  2.874500E+03 -1.432717E+00
  2.875000E+03 -1.226593E+00
  2.875500E+03 -1.005699E+00
  2.876000E+03 -7.749053E-01
  2.876500E+03 -5.389761E-01
  2.877000E+03 -3.024754E-01
  2.877500E+03 -6.967951E-02
  2.878000E+03  1.554937E-01
  2.878500E+03  3.695413E-01
  2.879000E+03  5.694158E-01
  2.879500E+03  7.525503E-01
  2.880000E+03  9.168676E-01
  2.880500E+03  1.060774E+00
  2.881000E+03  1.183136E+00
  2.881500E+03  1.283250E+00
  2.882000E+03  1.360796E+00
  2.882500E+03  1.415783E+00
  2.883000E+03  1.448498E+00
  2.883500E+03  1.459446E+00
  2.884000E+03  1.449305E+00
  2.884500E+03  1.418881E+00
  2.885000E+03  1.369082E+00
  2.885500E+03  1.300907E+00
  2.886000E+03  1.215446E+00
  2.886500E+03  1.113909E+00
  2.887000E+03  9.976550E-01
  2.887500E+03  8.682412E-01
  2.888000E+03  7.274739E-01
  2.888500E+03  5.774559E-01
  2.889000E+03  4.206250E-01
  2.889500E+03  2.597735E-01
  2.890000E+03  9.804299E-02
  2.890500E+03 -6.111175E-02
  2.891000E+03 -2.139937E-01
  2.891500E+03 -3.567690E-01
  2.892000E+03 -4.856051E-01
  2.892500E+03 -5.968355E-01
  2.893000E+03 -6.871422E-01
  2.893500E+03 -7.537447E-01
  2.894000E+03 -7.945823E-01
  2.894500E+03 -8.084749E-01
  2.895000E+03 -7.952500E-01
  2.895500E+03 -7.558221E-01
  2.896000E+03 -6.922161E-01
  2.896500E+03 -6.075283E-01
  2.897000E+03 -5.058229E-01
  2.897500E+03 -3.919680E-01
  2.898000E+03 -2.714179E-01
  2.898500E+03 -1.499532E-01
  2.899000E+03 -3.339579E-02
  2.899500E+03  7.268594E-02
  2.900000E+03  1.632608E-01
  2.900500E+03  2.340909E-01
  2.901000E+03  2.819423E-01
  2.901500E+03  3.047380E-01
  2.902000E+03  3.016436E-01
  2.902500E+03  2.730811E-01
  2.903000E+03  2.206725E-01
  2.903500E+03  1.471187E-01
  2.904000E+03  5.602375E-02
  2.904500E+03 -4.832105E-02
  2.905000E+03 -1.611777E-01
  2.905500E+03 -2.776093E-01
  2.906000E+03 -3.927186E-01
  2.906500E+03 -5.018626E-01
  2.907000E+03 -6.008323E-01
  2.907500E+03 -6.859878E-01
  2.908000E+03 -7.543480E-01
  2.908500E+03 -8.036326E-01
  2.909000E+03 -8.322627E-01
  2.909500E+03 -8.393270E-01
  2.910000E+03 -8.245248E-01
  2.910500E+03 -7.880937E-01
  2.911000E+03 -7.307367E-01
  2.911500E+03 -6.535545E-01
  2.912000E+03 -5.579926E-01
  2.912500E+03 -4.458061E-01
  2.913000E+03 -3.190427E-01
  2.913500E+03 -1.800425E-01
  2.914000E+03 -3.144835E-02
  2.914500E+03  1.237810E-01
  2.915000E+03  2.823635E-01
  2.915500E+03  4.407014E-01
  2.916000E+03  5.949124E-01
  2.916500E+03  7.408907E-01
  2.917000E+03  8.744010E-01
  2.917500E+03  9.912059E-01
  2.918000E+03  1.087224E+00
  2.918500E+03  1.158711E+00
  2.919000E+03  1.202454E+00
  2.919500E+03  1.215964E+00
  2.920000E+03  1.197662E+00
  2.920500E+03  1.147031E+00
  2.921000E+03  1.064729E+00
  2.921500E+03  9.526585E-01
  2.922000E+03  8.139623E-01
  2.922500E+03  6.529671E-01
  2.923000E+03  4.750565E-01
  2.923500E+03  2.864824E-01
  2.924000E+03  9.412448E-02
  2.924500E+03 -9.479462E-02
  2.925000E+03 -2.730225E-01
  2.925500E+03 -4.336030E-01
  2.926000E+03 -5.701988E-01
  2.926500E+03 -6.773930E-01
  2.927000E+03 -7.509552E-01
  2.927500E+03 -7.880568E-01
  2.928000E+03 -7.874256E-01
  2.928500E+03 -7.494319E-01
  2.929000E+03 -6.760996E-01
  2.929500E+03 -5.710436E-01
  2.930000E+03 -4.393348E-01
  2.930500E+03 -2.872982E-01
  2.931000E+03 -1.222535E-01
  2.931500E+03  4.779205E-02
  2.932000E+03  2.144837E-01
  2.932500E+03  3.694797E-01
  2.933000E+03  5.048166E-01
  2.933500E+03  6.132625E-01
  2.934000E+03  6.886460E-01
  2.934500E+03  7.261438E-01
  2.935000E+03  7.225162E-01
  2.935500E+03  6.762788E-01
  2.936000E+03  5.878015E-01
  2.936500E+03  4.593300E-01
  2.937000E+03  2.949268E-01
  2.937500E+03  1.003319E-01
  2.938000E+03 -1.172511E-01
  2.938500E+03 -3.494376E-01
  2.939000E+03 -5.870007E-01
  2.939500E+03 -8.202518E-01
  2.940000E+03 -1.039449E+00
  2.940500E+03 -1.235212E+00
  2.941000E+03 -1.398928E+00
  2.941500E+03 -1.523124E+00
  2.942000E+03 -1.601798E+00
  2.942500E+03 -1.630683E+00
  2.943000E+03 -1.607435E+00
  2.943500E+03 -1.531739E+00
  2.944000E+03 -1.405321E+00
  2.944500E+03 -1.231878E+00
  2.945000E+03 -1.016916E+00
  2.945500E+03 -7.675079E-01
  2.946000E+03 -4.919981E-01
  2.946500E+03 -1.996455E-01
  2.947000E+03  9.975976E-02
  2.947500E+03  3.962948E-01
  2.948000E+03  6.802986E-01
  2.948500E+03  9.427440E-01
  2.949000E+03  1.175573E+00
  2.949500E+03  1.371978E+00
  2.950000E+03  1.526630E+00
  2.950500E+03  1.635830E+00
  2.951000E+03  1.697593E+00
  2.951500E+03  1.711667E+00
  2.952000E+03  1.679479E+00
  2.952500E+03  1.604017E+00
  2.953000E+03  1.489667E+00
  2.953500E+03  1.341996E+00
  2.954000E+03  1.167505E+00
  2.954500E+03  9.733582E-01
  2.955000E+03  7.670950E-01
  2.955500E+03  5.563407E-01
  2.956000E+03  3.485228E-01
  2.956500E+03  1.506018E-01
  2.957000E+03 -3.117450E-02
  2.957500E+03 -1.914860E-01
  2.958000E+03 -3.261182E-01
  2.958500E+03 -4.320962E-01
  2.959000E+03 -5.077725E-01
  2.959500E+03 -5.528617E-01
  2.960000E+03 -5.684235E-01
  2.960500E+03 -5.567918E-01
  2.961000E+03 -5.214508E-01
  2.961500E+03 -4.668644E-01
  2.962000E+03 -3.982616E-01
  2.962500E+03 -3.213881E-01
  2.963000E+03 -2.422330E-01
  2.963500E+03 -1.667422E-01
  2.964000E+03 -1.005322E-01
  2.964500E+03 -4.861727E-02
  2.965000E+03 -1.516330E-02
  2.965500E+03 -3.281088E-03
  2.966000E+03 -1.487020E-02
  2.966500E+03 -5.052154E-02
  2.967000E+03 -1.094845E-01
  2.967500E+03 -1.897005E-01
  2.968000E+03 -2.879022E-01
  2.968500E+03 -3.997715E-01
  2.969000E+03 -5.201508E-01
  2.969500E+03 -6.432928E-01
  2.970000E+03 -7.631380E-01
  2.970500E+03 -8.736042E-01
  2.971000E+03 -9.688718E-01
  2.971500E+03 -1.043653E+00
  2.972000E+03 -1.093428E+00
  2.972500E+03 -1.114641E+00
  2.973000E+03 -1.104845E+00
  2.973500E+03 -1.062794E+00
  2.974000E+03 -9.884725E-01
  2.974500E+03 -8.830772E-01
  2.975000E+03 -7.489423E-01
  2.975500E+03 -5.894226E-01
  2.976000E+03 -4.087406E-01
  2.976500E+03 -2.118071E-01
  2.977000E+03 -4.025545E-03
  2.977500E+03  2.089103E-01
  2.978000E+03  4.212163E-01
  2.978500E+03  6.272090E-01
  2.979000E+03  8.214791E-01
  2.979500E+03  9.990464E-01
  2.980000E+03  1.155490E+00
  2.980500E+03  1.287056E+00
  2.981000E+03  1.390733E+00
  2.981500E+03  1.464317E+00
  2.982000E+03  1.506435E+00
  2.982500E+03  1.516562E+00
  2.983000E+03  1.495008E+00
  2.983500E+03  1.442890E+00
  2.984000E+03  1.362084E+00
  2.984500E+03  1.255161E+00
  2.985000E+03  1.125309E+00
  2.985500E+03  9.762368E-01
  2.986000E+03  8.120673E-01
  2.986500E+03  6.372182E-01
  2.987000E+03  4.562742E-01
  2.987500E+03  2.738522E-01
  2.988000E+03  9.446464E-02
  2.988500E+03 -7.761685E-02
  2.989000E+03 -2.384913E-01
  2.989500E+03 -3.847481E-01
  2.990000E+03 -5.135717E-01
  2.990500E+03 -6.228267E-01
  2.991000E+03 -7.111195E-01
  2.991500E+03 -7.778331E-01
  2.992000E+03 -8.231339E-01
  2.992500E+03 -8.479486E-01
  2.993000E+03 -8.539106E-01
  2.993500E+03 -8.432797E-01
  2.994000E+03 -8.188354E-01
  2.994500E+03 -7.837484E-01
  2.995000E+03 -7.414356E-01
  2.995500E+03 -6.954027E-01
  2.996000E+03 -6.490818E-01
  2.996500E+03 -6.056699E-01
  2.997000E+03 -5.679749E-01
  2.997500E+03 -5.382758E-01
  2.998000E+03 -5.182032E-01
  2.998500E+03 -5.086460E-01
  2.999000E+03 -5.096890E-01
  2.999500E+03 -5.205860E-01
  3.000000E+03 -5.397702E-01
  3.000500E+03 -5.649039E-01
  3.001000E+03 -5.929669E-01
  3.001500E+03 -6.203824E-01
  3.002000E+03 -6.431752E-01
  3.002500E+03 -6.571583E-01
  3.003000E+03 -6.581393E-01
  3.003500E+03 -6.421389E-01
  3.004000E+03 -6.056110E-01
  3.004500E+03 -5.456540E-01
  3.005000E+03 -4.602022E-01
  3.005500E+03 -3.481868E-01
  3.006000E+03 -2.096576E-01
  3.006500E+03 -4.585558E-02
  3.007000E+03  1.407671E-01
  3.007500E+03  3.465850E-01
  3.008000E+03  5.668944E-01
  3.008500E+03  7.960621E-01
  3.009000E+03  1.027723E+00
  3.009500E+03  1.255017E+00
  3.010000E+03  1.470854E+00
  3.010500E+03  1.668188E+00
  3.011000E+03  1.840303E+00
  3.011500E+03  1.981073E+00
  3.012000E+03  2.085199E+00
  3.012500E+03  2.148408E+00
  3.013000E+03  2.167597E+00
  3.013500E+03  2.140929E+00
  3.014000E+03  2.067863E+00
  3.014500E+03  1.949136E+00
  3.015000E+03  1.786680E+00
  3.015500E+03  1.583507E+00
  3.016000E+03  1.343553E+00
  3.016500E+03  1.071499E+00
  3.017000E+03  7.725849E-01
  3.017500E+03  4.524282E-01
  3.018000E+03  1.168534E-01
  3.018500E+03 -2.282511E-01
  3.019000E+03 -5.770461E-01
  3.019500E+03 -9.238218E-01
  3.020000E+03 -1.263043E+00
  3.020500E+03 -1.589366E+00
  3.021000E+03 -1.897629E+00
  3.021500E+03 -2.182834E+00
  3.022000E+03 -2.440120E+00
  3.022500E+03 -2.664743E+00
  3.023000E+03 -2.852080E+00
  3.023500E+03 -2.997654E+00
  3.024000E+03 -3.097193E+00
  3.024500E+03 -3.146727E+00
  3.025000E+03 -3.142722E+00
  3.025500E+03 -3.082240E+00
  3.026000E+03 -2.963127E+00
  3.026500E+03 -2.784215E+00
  3.027000E+03 -2.545516E+00
  3.027500E+03 -2.248407E+00
  3.028000E+03 -1.895776E+00
  3.028500E+03 -1.492124E+00
  3.029000E+03 -1.043609E+00
  3.029500E+03 -5.580133E-01
  3.030000E+03 -4.463897E-02
  3.030500E+03  4.858740E-01
  3.031000E+03  1.021808E+00
  3.031500E+03  1.550695E+00
  3.032000E+03  2.059695E+00
  3.032500E+03  2.536017E+00
  3.033000E+03  2.967360E+00
  3.033500E+03  3.342348E+00
  3.034000E+03  3.650947E+00
  3.034500E+03  3.884836E+00
  3.035000E+03  4.037717E+00
  3.035500E+03  4.105547E+00
  3.036000E+03  4.086678E+00
  3.036500E+03  3.981903E+00
  3.037000E+03  3.794403E+00
  3.037500E+03  3.529600E+00
  3.038000E+03  3.194924E+00
  3.038500E+03  2.799504E+00
  3.039000E+03  2.353804E+00
  3.039500E+03  1.869222E+00
  3.040000E+03  1.357671E+00
  3.040500E+03  8.311651E-01
  3.041000E+03  3.014246E-01
  3.041500E+03 -2.204720E-01
  3.042000E+03 -7.243840E-01
  3.042500E+03 -1.201337E+00
  3.043000E+03 -1.643677E+00
  3.043500E+03 -2.045155E+00
  3.044000E+03 -2.400933E+00
  3.044500E+03 -2.707530E+00
  3.045000E+03 -2.962711E+00
  3.045500E+03 -3.165337E+00
  3.046000E+03 -3.315188E+00
  3.046500E+03 -3.412775E+00
  3.047000E+03 -3.459157E+00
  3.047500E+03 -3.455777E+00
  3.048000E+03 -3.404331E+00
  3.048500E+03 -3.306670E+00
  3.049000E+03 -3.164750E+00
  3.049500E+03 -2.980628E+00
  3.050000E+03 -2.756492E+00
  3.050500E+03 -2.494737E+00
  3.051000E+03 -2.198055E+00
  3.051500E+03 -1.869546E+00
  3.052000E+03 -1.512826E+00
  3.052500E+03 -1.132124E+00
  3.053000E+03 -7.323482E-01
  3.053500E+03 -3.191152E-01
  3.054000E+03  1.012640E-01
  3.054500E+03  5.218548E-01
  3.055000E+03  9.352208E-01
  3.055500E+03  1.333598E+00
  3.056000E+03  1.709115E+00
  3.056500E+03  2.054043E+00
  3.057000E+03  2.361072E+00
  3.057500E+03  2.623592E+00
  3.058000E+03  2.835960E+00
  3.058500E+03  2.993741E+00
  3.059000E+03  3.093907E+00
  3.059500E+03  3.134976E+00
  3.060000E+03  3.117086E+00
  3.060500E+03  3.041998E+00
  3.061000E+03  2.913015E+00
  3.061500E+03  2.734843E+00
  3.062000E+03  2.513377E+00
  3.062500E+03  2.255438E+00
  3.063000E+03  1.968475E+00
  3.063500E+03  1.660247E+00
  3.064000E+03  1.338501E+00
  3.064500E+03  1.010674E+00
  3.065000E+03  6.836293E-01
  3.065500E+03  3.634386E-01
  3.066000E+03  5.523208E-02
  3.066500E+03 -2.368874E-01
  3.067000E+03 -5.098584E-01
  3.067500E+03 -7.616094E-01
  3.068000E+03 -9.909476E-01
  3.068500E+03 -1.197402E+00
  3.069000E+03 -1.381033E+00
  3.069500E+03 -1.542231E+00
  3.070000E+03 -1.681515E+00
  3.070500E+03 -1.799352E+00
  3.071000E+03 -1.896012E+00
  3.071500E+03 -1.971469E+00
  3.072000E+03 -2.025358E+00
  3.072500E+03 -2.056980E+00
  3.073000E+03 -2.065378E+00
  3.073500E+03 -2.049438E+00
  3.074000E+03 -2.008049E+00
  3.074500E+03 -1.940268E+00
  3.075000E+03 -1.845502E+00
  3.075500E+03 -1.723674E+00
  3.076000E+03 -1.575366E+00
  3.076500E+03 -1.401923E+00
  3.077000E+03 -1.205507E+00
  3.077500E+03 -9.890913E-01
  3.078000E+03 -7.564058E-01
  3.078500E+03 -5.118215E-01
  3.079000E+03 -2.601928E-01
  3.079500E+03 -6.664785E-03
  3.080000E+03  2.435393E-01
  3.080500E+03  4.853345E-01
  3.081000E+03  7.139779E-01
  3.081500E+03  9.252467E-01
  3.082000E+03  1.115576E+00
  3.082500E+03  1.282151E+00
  3.083000E+03  1.422945E+00
  3.083500E+03  1.536704E+00
  3.084000E+03  1.622894E+00
  3.084500E+03  1.681597E+00
  3.085000E+03  1.713388E+00
  3.085500E+03  1.719200E+00
  3.086000E+03  1.700185E+00
  3.086500E+03  1.657601E+00
  3.087000E+03  1.592708E+00
  3.087500E+03  1.506722E+00
  3.088000E+03  1.400786E+00
  3.088500E+03  1.276002E+00
  3.089000E+03  1.133478E+00
  3.089500E+03  9.744230E-01
  3.090000E+03  8.002409E-01
  3.090500E+03  6.126388E-01
  3.091000E+03  4.137202E-01
  3.091500E+03  2.060543E-01
  3.092000E+03 -7.288232E-03
  3.092500E+03 -2.227435E-01
  3.093000E+03 -4.363091E-01
  3.093500E+03 -6.436455E-01
  3.094000E+03 -8.402178E-01
  3.094500E+03 -1.021471E+00
  3.095000E+03 -1.183022E+00
  3.095500E+03 -1.320860E+00
  3.096000E+03 -1.431536E+00
  3.096500E+03 -1.512322E+00
  3.097000E+03 -1.561338E+00
  3.097500E+03 -1.577628E+00
  3.098000E+03 -1.561182E+00
  3.098500E+03 -1.512908E+00
  3.099000E+03 -1.434547E+00
  3.099500E+03 -1.328552E+00
  3.100000E+03 -1.197937E+00
  3.100500E+03 -1.046102E+00
  3.101000E+03 -8.766671E-01
  3.101500E+03 -6.933186E-01
  3.102000E+03 -4.996774E-01
  3.102500E+03 -2.992097E-01
  3.103000E+03 -9.517804E-02
  3.103500E+03  1.093648E-01
  3.104000E+03  3.115417E-01
  3.104500E+03  5.085875E-01
  3.105000E+03  6.977662E-01
  3.105500E+03  8.762846E-01
  3.106000E+03  1.041218E+00
  3.106500E+03  1.189464E+00
  3.107000E+03  1.317732E+00
  3.107500E+03  1.422586E+00
  3.108000E+03  1.500540E+00
  3.108500E+03  1.548202E+00
  3.109000E+03  1.562469E+00
  3.109500E+03  1.540752E+00
  3.110000E+03  1.481216E+00
  3.110500E+03  1.383027E+00
  3.111000E+03  1.246562E+00
  3.111500E+03  1.073585E+00
  3.112000E+03  8.673520E-01
  3.112500E+03  6.326388E-01
  3.113000E+03  3.756780E-01
  3.113500E+03  1.040009E-01
  3.114000E+03 -1.738116E-01
  3.114500E+03 -4.484608E-01
  3.115000E+03 -7.103280E-01
  3.115500E+03 -9.499169E-01
  3.116000E+03 -1.158315E+00
  3.116500E+03 -1.327649E+00
  3.117000E+03 -1.451497E+00
  3.117500E+03 -1.525247E+00
  3.118000E+03 -1.546365E+00
  3.118500E+03 -1.514554E+00
  3.119000E+03 -1.431811E+00
  3.119500E+03 -1.302349E+00
  3.120000E+03 -1.132414E+00
  3.120500E+03 -9.299846E-01
  3.121000E+03 -7.043913E-01
  3.121500E+03 -4.658552E-01
  3.122000E+03 -2.249894E-01
  3.122500E+03  7.718907E-03
  3.123000E+03  2.224139E-01
  3.123500E+03  4.103393E-01
  3.124000E+03  5.642425E-01
  3.124500E+03  6.786968E-01
  3.125000E+03  7.503248E-01
  3.125500E+03  7.779138E-01
  3.126000E+03  7.624205E-01
  3.126500E+03  7.068667E-01
  3.127000E+03  6.161344E-01
  3.127500E+03  4.966737E-01
  3.128000E+03  3.561402E-01
  3.128500E+03  2.029833E-01
  3.129000E+03  4.600623E-02
  3.129500E+03 -1.060782E-01
  3.130000E+03 -2.450741E-01
  3.130500E+03 -3.636910E-01
  3.131000E+03 -4.558742E-01
  3.131500E+03 -5.170647E-01
  3.132000E+03 -5.443755E-01
  3.132500E+03 -5.366792E-01
  3.133000E+03 -4.946049E-01
  3.133500E+03 -4.204469E-01
  3.134000E+03 -3.179928E-01
  3.134500E+03 -1.922836E-01
  3.135000E+03 -4.931792E-02
  3.135500E+03  1.042795E-01
  3.136000E+03  2.616079E-01
  3.136500E+03  4.158398E-01
  3.137000E+03  5.605487E-01
  3.137500E+03  6.900009E-01
  3.138000E+03  7.993938E-01
  3.138500E+03  8.850315E-01
  3.139000E+03  9.444295E-01
  3.139500E+03  9.763464E-01
  3.140000E+03  9.807441E-01
  3.140500E+03  9.586833E-01
  3.141000E+03  9.121650E-01
  3.141500E+03  8.439307E-01
  3.142000E+03  7.572383E-01
  3.142500E+03  6.556300E-01
  3.143000E+03  5.427091E-01
  3.143500E+03  4.219414E-01
  3.144000E+03  2.964942E-01
  3.144500E+03  1.691226E-01
  3.145000E+03  4.210733E-02
  3.145500E+03 -8.275323E-02
  3.146000E+03 -2.041014E-01
  3.146500E+03 -3.209372E-01
  3.147000E+03 -4.325036E-01
  3.147500E+03 -5.381562E-01
  3.148000E+03 -6.372300E-01
  3.148500E+03 -7.289198E-01
  3.149000E+03 -8.121878E-01
  3.149500E+03 -8.857098E-01
  3.150000E+03 -9.478674E-01
  3.150500E+03 -9.967903E-01
  3.151000E+03 -1.030447E+00
  3.151500E+03 -1.046781E+00
  3.152000E+03 -1.043876E+00
  3.152500E+03 -1.020145E+00
  3.153000E+03 -9.745231E-01
  3.153500E+03 -9.066453E-01
  3.154000E+03 -8.169974E-01
  3.154500E+03 -7.070200E-01
  3.155000E+03 -5.791568E-01
  3.155500E+03 -4.368365E-01
  3.156000E+03 -2.843855E-01
  3.156500E+03 -1.268724E-01
  3.157000E+03  3.010818E-02
  3.157500E+03  1.807035E-01
  3.158000E+03  3.191038E-01
  3.158500E+03  4.398613E-01
  3.159000E+03  5.382042E-01
  3.159500E+03  6.103269E-01
  3.160000E+03  6.536363E-01
  3.160500E+03  6.669368E-01
  3.161000E+03  6.505401E-01
  3.161500E+03  6.062925E-01
  3.162000E+03  5.375128E-01
  3.162500E+03  4.488453E-01
  3.163000E+03  3.460333E-01
  3.163500E+03  2.356249E-01
  3.164000E+03  1.246283E-01
  3.164500E+03  2.013431E-02
  3.165000E+03 -7.107029E-02
  3.165500E+03 -1.428789E-01
  3.166000E+03 -1.902075E-01
  3.166500E+03 -2.092842E-01
  3.167000E+03 -1.978696E-01
  3.167500E+03 -1.553949E-01
  3.168000E+03 -8.301061E-02
  3.168500E+03  1.645837E-02
  3.169000E+03  1.386469E-01
  3.169500E+03  2.778668E-01
  3.170000E+03  4.273948E-01
  3.170500E+03  5.798145E-01
  3.171000E+03  7.273938E-01
  3.171500E+03  8.624768E-01
  3.172000E+03  9.778694E-01
  3.172500E+03  1.067196E+00
  3.173000E+03  1.125212E+00
  3.173500E+03  1.148046E+00
  3.174000E+03  1.133379E+00
  3.174500E+03  1.080527E+00
  3.175000E+03  9.904444E-01
  3.175500E+03  8.656439E-01
  3.176000E+03  7.100333E-01
  3.176500E+03  5.286913E-01
  3.177000E+03  3.275894E-01
  3.177500E+03  1.132822E-01
  3.178000E+03 -1.074183E-01
  3.178500E+03 -3.277623E-01
  3.179000E+03 -5.413574E-01
  3.179500E+03 -7.424249E-01
  3.180000E+03 -9.260019E-01
  3.180500E+03 -1.088081E+00
  3.181000E+03 -1.225686E+00
  3.181500E+03 -1.336873E+00
  3.182000E+03 -1.420681E+00
  3.182500E+03 -1.477023E+00
  3.183000E+03 -1.506534E+00
  3.183500E+03 -1.510404E+00
  3.184000E+03 -1.490192E+00
  3.184500E+03 -1.447649E+00
  3.185000E+03 -1.384568E+00
  3.185500E+03 -1.302656E+00
  3.186000E+03 -1.203456E+00
  3.186500E+03 -1.088314E+00
  3.187000E+03 -9.583861E-01
  3.187500E+03 -8.146971E-01
  3.188000E+03 -6.582246E-01
  3.188500E+03 -4.900115E-01
  3.189000E+03 -3.112866E-01
  3.189500E+03 -1.235828E-01
  3.190000E+03  7.116352E-02
  3.190500E+03  2.705408E-01
  3.191000E+03  4.716302E-01
  3.191500E+03  6.710180E-01
  3.192000E+03  8.648544E-01
  3.192500E+03  1.048958E+00
  3.193000E+03  1.218955E+00
  3.193500E+03  1.370458E+00
  3.194000E+03  1.499248E+00
  3.194500E+03  1.601471E+00
  3.195000E+03  1.673826E+00
  3.195500E+03  1.713724E+00
  3.196000E+03  1.719415E+00
  3.196500E+03  1.690084E+00
  3.197000E+03  1.625884E+00
  3.197500E+03  1.527938E+00
  3.198000E+03  1.398284E+00
  3.198500E+03  1.239787E+00
  3.199000E+03  1.056020E+00
  3.199500E+03  8.511196E-01
  3.200000E+03  6.296380E-01
  3.200500E+03  3.963888E-01
  3.201000E+03  1.563053E-01
  3.201500E+03 -8.568454E-02
  3.202000E+03 -3.247635E-01
  3.202500E+03 -5.563068E-01
  3.203000E+03 -7.759425E-01
  3.203500E+03 -9.795926E-01
  3.204000E+03 -1.163502E+00
  3.204500E+03 -1.324261E+00
  3.205000E+03 -1.458824E+00
  3.205500E+03 -1.564539E+00
  3.206000E+03 -1.639179E+00
  3.206500E+03 -1.680992E+00
  3.207000E+03 -1.688759E+00
  3.207500E+03 -1.661856E+00
  3.208000E+03 -1.600324E+00
  3.208500E+03 -1.504933E+00
  3.209000E+03 -1.377229E+00
  3.209500E+03 -1.219564E+00
  3.210000E+03 -1.035093E+00
  3.210500E+03 -8.277414E-01
  3.211000E+03 -6.021245E-01
  3.211500E+03 -3.634380E-01
  3.212000E+03 -1.173055E-01
  3.212500E+03  1.304002E-01
  3.213000E+03  3.737577E-01
  3.213500E+03  6.070053E-01
  3.214000E+03  8.247454E-01
  3.214500E+03  1.022132E+00
  3.215000E+03  1.195028E+00
  3.215500E+03  1.340122E+00
  3.216000E+03  1.455003E+00
  3.216500E+03  1.538176E+00
  3.217000E+03  1.589038E+00
  3.217500E+03  1.607802E+00
  3.218000E+03  1.595388E+00
  3.218500E+03  1.553289E+00
  3.219000E+03  1.483423E+00
  3.219500E+03  1.387990E+00
  3.220000E+03  1.269344E+00
  3.220500E+03  1.129890E+00
  3.221000E+03  9.720159E-01
  3.221500E+03  7.980682E-01
  3.222000E+03  6.103624E-01
  3.222500E+03  4.112312E-01
  3.223000E+03  2.030980E-01
  3.223500E+03 -1.143370E-02
  3.224000E+03 -2.294911E-01
  3.224500E+03 -4.478563E-01
  3.225000E+03 -6.629197E-01
  3.225500E+03 -8.706728E-01
  3.226000E+03 -1.066751E+00
  3.226500E+03 -1.246530E+00
  3.227000E+03 -1.405273E+00
  3.227500E+03 -1.538328E+00
  3.228000E+03 -1.641354E+00
  3.228500E+03 -1.710574E+00
  3.229000E+03 -1.743022E+00
  3.229500E+03 -1.736776E+00
  3.230000E+03 -1.691145E+00
  3.230500E+03 -1.606806E+00
  3.231000E+03 -1.485862E+00
  3.231500E+03 -1.331819E+00
  3.232000E+03 -1.149480E+00
  3.232500E+03 -9.447509E-01
  3.233000E+03 -7.243726E-01
  3.233500E+03 -4.955990E-01
  3.234000E+03 -2.658310E-01
  3.234500E+03 -4.223803E-02
  3.235000E+03  1.686101E-01
  3.235500E+03  3.610757E-01
  3.236000E+03  5.307262E-01
  3.236500E+03  6.745297E-01
  3.237000E+03  7.909586E-01
  3.237500E+03  8.799954E-01
  3.238000E+03  9.430397E-01
  3.238500E+03  9.827251E-01
  3.239000E+03  1.002659E+00
  3.239500E+03  1.007107E+00
  3.240000E+03  1.000638E+00
  3.240500E+03  9.877704E-01
  3.241000E+03  9.726261E-01
  3.241500E+03  9.586321E-01
  3.242000E+03  9.482820E-01
  3.242500E+03  9.429754E-01
  3.243000E+03  9.429431E-01
  3.243500E+03  9.472639E-01
  3.244000E+03  9.539655E-01
  3.244500E+03  9.602033E-01
  3.245000E+03  9.624988E-01
  3.245500E+03  9.570221E-01
  3.246000E+03  9.398946E-01
  3.246500E+03  9.074919E-01
  3.247000E+03  8.567248E-01
  3.247500E+03  7.852819E-01
  3.248000E+03  6.918172E-01
  3.248500E+03  5.760733E-01
  3.249000E+03  4.389350E-01
  3.249500E+03  2.824133E-01
  3.250000E+03  1.095623E-01
  3.250500E+03 -7.565996E-02
  3.251000E+03 -2.685787E-01
  3.251500E+03 -4.640211E-01
  3.252000E+03 -6.565556E-01
  3.252500E+03 -8.407344E-01
  3.253000E+03 -1.011329E+00
  3.253500E+03 -1.163548E+00
  3.254000E+03 -1.293218E+00
  3.254500E+03 -1.396946E+00
  3.255000E+03 -1.472219E+00
  3.255500E+03 -1.517488E+00
  3.256000E+03 -1.532184E+00
  3.256500E+03 -1.516718E+00
  3.257000E+03 -1.472426E+00
  3.257500E+03 -1.401489E+00
  3.258000E+03 -1.306823E+00
  3.258500E+03 -1.191939E+00
  3.259000E+03 -1.060792E+00
  3.259500E+03 -9.176067E-01
  3.260000E+03 -7.667037E-01
  3.260500E+03 -6.123192E-01
  3.261000E+03 -4.584324E-01
  3.261500E+03 -3.086068E-01
  3.262000E+03 -1.658519E-01
  3.262500E+03 -3.251512E-02
  3.263000E+03  8.979131E-02
  3.263500E+03  2.002206E-01
  3.264000E+03  2.986765E-01
  3.264500E+03  3.857509E-01
  3.265000E+03  4.626152E-01
  3.265500E+03  5.308718E-01
  3.266000E+03  5.923717E-01
  3.266500E+03  6.490110E-01
  3.267000E+03  7.025203E-01
  3.267500E+03  7.542620E-01
  3.268000E+03  8.050521E-01
  3.268500E+03  8.550229E-01
  3.269000E+03  9.035394E-01
  3.269500E+03  9.491810E-01
  3.270000E+03  9.897932E-01
  3.270500E+03  1.022611E+00
  3.271000E+03  1.044450E+00
  3.271500E+03  1.051946E+00
  3.272000E+03  1.041846E+00
  3.272500E+03  1.011301E+00
  3.273000E+03  9.581704E-01
  3.273500E+03  8.812813E-01
  3.274000E+03  7.806453E-01
  3.274500E+03  6.575964E-01
  3.275000E+03  5.148404E-01
  3.275500E+03  3.564052E-01
  3.276000E+03  1.874912E-01
  3.276500E+03  1.422564E-02
  3.277000E+03 -1.566623E-01
  3.277500E+03 -3.182272E-01
  3.278000E+03 -4.637261E-01
  3.278500E+03 -5.870414E-01
  3.279000E+03 -6.830760E-01
  3.279500E+03 -7.480917E-01
  3.280000E+03 -7.799648E-01
  3.280500E+03 -7.783384E-01
  3.281000E+03 -7.446590E-01
  3.281500E+03 -6.820943E-01
  3.282000E+03 -5.953366E-01
  3.282500E+03 -4.903056E-01
  3.283000E+03 -3.737734E-01
  3.283500E+03 -2.529375E-01
  3.284000E+03 -1.349739E-01
  3.284500E+03 -2.660212E-02
  3.285000E+03  6.630778E-02
  3.285500E+03  1.390588E-01
  3.286000E+03  1.883606E-01
  3.286500E+03  2.124609E-01
  3.287000E+03  2.111682E-01
  3.287500E+03  1.857716E-01
  3.288000E+03  1.388674E-01
  3.288500E+03  7.411224E-02
  3.289000E+03 -4.074569E-03
  3.289500E+03 -9.083424E-02
  3.290000E+03 -1.811906E-01
  3.290500E+03 -2.703471E-01
  3.291000E+03 -3.539389E-01
  3.291500E+03 -4.282248E-01
  3.292000E+03 -4.902116E-01
  3.292500E+03 -5.377084E-01
  3.293000E+03 -5.693169E-01
  3.293500E+03 -5.843680E-01
  3.294000E+03 -5.828191E-01
  3.294500E+03 -5.651292E-01
  3.295000E+03 -5.321296E-01
  3.295500E+03 -4.849061E-01
  3.296000E+03 -4.247048E-01
  3.296500E+03 -3.528719E-01
  3.297000E+03 -2.708288E-01
  3.297500E+03 -1.800829E-01
  3.298000E+03 -8.226549E-02
  3.298500E+03  2.081143E-02
  3.299000E+03  1.270952E-01
  3.299500E+03  2.342413E-01
  3.300000E+03  3.395863E-01
  3.300500E+03  4.401540E-01
  3.301000E+03  5.327060E-01
  3.301500E+03  6.138357E-01
  3.302000E+03  6.801067E-01
  3.302500E+03  7.282287E-01
  3.303000E+03  7.552569E-01
  3.303500E+03  7.588031E-01
  3.304000E+03  7.372394E-01
  3.304500E+03  6.898783E-01
  3.305000E+03  6.171110E-01
  3.305500E+03  5.204922E-01
  3.306000E+03  4.027594E-01
  3.306500E+03  2.677826E-01
  3.307000E+03  1.204440E-01
  3.307500E+03 -3.354672E-02
  3.308000E+03 -1.878922E-01
  3.308500E+03 -3.359875E-01
  3.309000E+03 -4.712248E-01
  3.309500E+03 -5.873039E-01
  3.310000E+03 -6.785314E-01
  3.310500E+03 -7.400922E-01
  3.311000E+03 -7.682785E-01
  3.311500E+03 -7.606670E-01
  3.312000E+03 -7.162369E-01
  3.312500E+03 -6.354254E-01
  3.313000E+03 -5.201227E-01
  3.313500E+03 -3.736093E-01
  3.314000E+03 -2.004417E-01
  3.314500E+03 -6.295416E-03
  3.315000E+03  2.022284E-01
  3.315500E+03  4.178223E-01
  3.316000E+03  6.327122E-01
  3.316500E+03  8.389090E-01
  3.317000E+03  1.028468E+00
  3.317500E+03  1.193748E+00
  3.318000E+03  1.327671E+00
  3.318500E+03  1.423973E+00
  3.319000E+03  1.477437E+00
  3.319500E+03  1.484119E+00
  3.320000E+03  1.441532E+00
  3.320500E+03  1.348808E+00
  3.321000E+03  1.206810E+00
  3.321500E+03  1.018192E+00
  3.322000E+03  7.873904E-01
  3.322500E+03  5.205571E-01
  3.323000E+03  2.254041E-01
  3.323500E+03 -8.902046E-02
  3.324000E+03 -4.126329E-01
  3.324500E+03 -7.346804E-01
  3.325000E+03 -1.044160E+00
  3.325500E+03 -1.330275E+00
  3.326000E+03 -1.582898E+00
  3.326500E+03 -1.793037E+00
  3.327000E+03 -1.953247E+00
  3.327500E+03 -2.057994E+00
  3.328000E+03 -2.103922E+00
  3.328500E+03 -2.090028E+00
  3.329000E+03 -2.017707E+00
  3.329500E+03 -1.890680E+00
  3.330000E+03 -1.714800E+00
  3.330500E+03 -1.497742E+00
  3.331000E+03 -1.248605E+00
  3.331500E+03 -9.774342E-01
  3.332000E+03 -6.947053E-01
  3.332500E+03 -4.107990E-01
  3.333000E+03 -1.354929E-01
  3.333500E+03  1.224920E-01
  3.334000E+03  3.558678E-01
  3.334500E+03  5.590555E-01
  3.335000E+03  7.283483E-01
  3.335500E+03  8.619546E-01
  3.336000E+03  9.599258E-01
  3.336500E+03  1.023977E+00
  3.337000E+03  1.057220E+00
  3.337500E+03  1.063832E+00
  3.338000E+03  1.048682E+00
  3.338500E+03  1.016953E+00
  3.339000E+03  9.737713E-01
  3.339500E+03  9.238870E-01
  3.340000E+03  8.714072E-01
  3.340500E+03  8.196074E-01
  3.341000E+03  7.708241E-01
  3.341500E+03  7.264307E-01
  3.342000E+03  6.868885E-01
  3.342500E+03  6.518652E-01
  3.343000E+03  6.204006E-01
  3.343500E+03  5.911054E-01
  3.344000E+03  5.623705E-01
  3.344500E+03  5.325695E-01
  3.345000E+03  5.002379E-01
  3.345500E+03  4.642157E-01
  3.346000E+03  4.237444E-01
  3.346500E+03  3.785154E-01
  3.347000E+03  3.286696E-01
  3.347500E+03  2.747546E-01
  3.348000E+03  2.176460E-01
  3.348500E+03  1.584467E-01
  3.349000E+03  9.837413E-02
  3.349500E+03  3.864824E-02
  3.350000E+03 -1.960809E-02
  3.350500E+03 -7.544828E-02
  3.351000E+03 -1.281546E-01
  3.351500E+03 -1.772618E-01
  3.352000E+03 -2.225515E-01
  3.352500E+03 -2.640223E-01
  3.353000E+03 -3.018412E-01
  3.353500E+03 -3.362828E-01
  3.354000E+03 -3.676666E-01
  3.354500E+03 -3.962991E-01
  3.355000E+03 -4.224280E-01
  3.355500E+03 -4.462137E-01
  3.356000E+03 -4.677207E-01
  3.356500E+03 -4.869285E-01
  3.357000E+03 -5.037606E-01
  3.357500E+03 -5.181258E-01
  3.358000E+03 -5.299656E-01
  3.358500E+03 -5.393006E-01
  3.359000E+03 -5.462681E-01
  3.359500E+03 -5.511446E-01
  3.360000E+03 -5.543473E-01
  3.360500E+03 -5.564118E-01
  3.361000E+03 -5.579463E-01
  3.361500E+03 -5.595635E-01
  3.362000E+03 -5.617962E-01
  3.362500E+03 -5.650034E-01
  3.363000E+03 -5.692768E-01
  3.363500E+03 -5.743562E-01
  3.364000E+03 -5.795658E-01
  3.364500E+03 -5.837790E-01
  3.365000E+03 -5.854181E-01
  3.365500E+03 -5.824965E-01
  3.366000E+03 -5.727003E-01
  3.366500E+03 -5.535110E-01
  3.367000E+03 -5.223604E-01
  3.367500E+03 -4.768107E-01
  3.368000E+03 -4.147470E-01
  3.368500E+03 -3.345691E-01
  3.369000E+03 -2.353686E-01
  3.369500E+03 -1.170761E-01
  3.370000E+03  1.943211E-02
  3.370500E+03  1.722793E-01
  3.371000E+03  3.385918E-01
  3.371500E+03  5.145626E-01
  3.372000E+03  6.955755E-01
  3.372500E+03  8.763811E-01
  3.373000E+03  1.051318E+00
  3.373500E+03  1.214561E+00
  3.374000E+03  1.360395E+00
  3.374500E+03  1.483470E+00
  3.375000E+03  1.579061E+00
  3.375500E+03  1.643278E+00
  3.376000E+03  1.673241E+00
  3.376500E+03  1.667199E+00
  3.377000E+03  1.624588E+00
  3.377500E+03  1.546033E+00
  3.378000E+03  1.433291E+00
  3.378500E+03  1.289140E+00
  3.379000E+03  1.117235E+00
  3.379500E+03  9.219313E-01
  3.380000E+03  7.080928E-01
  3.380500E+03  4.809020E-01
  3.381000E+03  2.456765E-01
  3.381500E+03  7.707642E-03
  3.382000E+03 -2.278751E-01
  3.382500E+03 -4.562094E-01
  3.383000E+03 -6.727755E-01
  3.383500E+03 -8.734438E-01
  3.384000E+03 -1.054502E+00
  3.384500E+03 -1.212666E+00
  3.385000E+03 -1.345090E+00
  3.385500E+03 -1.449371E+00
  3.386000E+03 -1.523572E+00
  3.386500E+03 -1.566247E+00
  3.387000E+03 -1.576489E+00
  3.387500E+03 -1.553990E+00
  3.388000E+03 -1.499105E+00
  3.388500E+03 -1.412921E+00
  3.389000E+03 -1.297314E+00
  3.389500E+03 -1.154993E+00
  3.390000E+03 -9.895033E-01
  3.390500E+03 -8.052029E-01
  3.391000E+03 -6.071846E-01
  3.391500E+03 -4.011528E-01
  3.392000E+03 -1.932508E-01
  3.392500E+03  1.015470E-02
  3.393000E+03  2.027230E-01
  3.393500E+03  3.784099E-01
  3.394000E+03  5.317419E-01
  3.394500E+03  6.580779E-01
  3.395000E+03  7.538392E-01
  3.395500E+03  8.166925E-01
  3.396000E+03  8.456696E-01
  3.396500E+03  8.412172E-01
  3.397000E+03  8.051686E-01
  3.397500E+03  7.406400E-01
  3.398000E+03  6.518567E-01
  3.398500E+03  5.439199E-01
  3.399000E+03  4.225319E-01
  3.399500E+03  2.936949E-01
  3.400000E+03  1.634071E-01
  3.400500E+03  3.737409E-02
  3.401000E+03 -7.924594E-02
  3.401500E+03 -1.820472E-01
  3.402000E+03 -2.675217E-01
  3.402500E+03 -3.331392E-01
  3.403000E+03 -3.773622E-01
  3.403500E+03 -3.996007E-01
  3.404000E+03 -4.001172E-01
  3.404500E+03 -3.798959E-01
  3.405000E+03 -3.404908E-01
  3.405500E+03 -2.838694E-01
  3.406000E+03 -2.122673E-01
  3.406500E+03 -1.280662E-01
  3.407000E+03 -3.370390E-02
  3.407500E+03  6.837886E-02
  3.408000E+03  1.757551E-01
  3.408500E+03  2.859974E-01
  3.409000E+03  3.966411E-01
  3.409500E+03  5.051375E-01
  3.410000E+03  6.088095E-01
  3.410500E+03  7.048243E-01
  3.411000E+03  7.901942E-01
  3.411500E+03  8.618139E-01
  3.412000E+03  9.165407E-01
  3.412500E+03  9.513144E-01
  3.413000E+03  9.633152E-01
  3.413500E+03  9.501467E-01
  3.414000E+03  9.100309E-01
  3.414500E+03  8.419985E-01
  3.415000E+03  7.460562E-01
  3.415500E+03  6.233128E-01
  3.416000E+03  4.760487E-01
  3.416500E+03  3.077181E-01
  3.417000E+03  1.228749E-01
  3.417500E+03 -7.297585E-02
  3.418000E+03 -2.735976E-01
  3.418500E+03 -4.723007E-01
  3.419000E+03 -6.622621E-01
  3.419500E+03 -8.368681E-01
  3.420000E+03 -9.900533E-01
  3.420500E+03 -1.116616E+00
  3.421000E+03 -1.212484E+00
  3.421500E+03 -1.274917E+00
  3.422000E+03 -1.302626E+00
  3.422500E+03 -1.295804E+00
  3.423000E+03 -1.256069E+00
  3.423500E+03 -1.186320E+00
  3.424000E+03 -1.090526E+00
  3.424500E+03 -9.734501E-01
  3.425000E+03 -8.403490E-01
  3.425500E+03 -6.966552E-01
  3.426000E+03 -5.476724E-01
  3.426500E+03 -3.983047E-01
  3.427000E+03 -2.528368E-01
  3.427500E+03 -1.147784E-01
  3.428000E+03  1.321985E-02
  3.428500E+03  1.293770E-01
  3.429000E+03  2.327258E-01
  3.429500E+03  3.229990E-01
  3.430000E+03  4.004744E-01
  3.430500E+03  4.657958E-01
  3.431000E+03  5.197889E-01
  3.431500E+03  5.632921E-01
  3.432000E+03  5.970164E-01
  3.432500E+03  6.214499E-01
  3.433000E+03  6.368123E-01
  3.433500E+03  6.430639E-01
  3.434000E+03  6.399646E-01
  3.434500E+03  6.271766E-01
  3.435000E+03  6.043963E-01
  3.435500E+03  5.715014E-01
  3.436000E+03  5.286952E-01
  3.436500E+03  4.766315E-01
  3.437000E+03  4.165032E-01
  3.437500E+03  3.500848E-01
  3.438000E+03  2.797173E-01
  3.438500E+03  2.082350E-01
  3.439000E+03  1.388360E-01
  3.439500E+03  7.490320E-02
  3.440000E+03  1.978955E-02
  3.440500E+03 -2.341706E-02
  3.441000E+03 -5.213018E-02
  3.441500E+03 -6.448327E-02
  3.442000E+03 -5.951137E-02
  3.442500E+03 -3.727991E-02
  3.443000E+03  1.052152E-03
  3.443500E+03  5.324232E-02
  3.444000E+03  1.160500E-01
  3.444500E+03  1.853936E-01
  3.445000E+03  2.565702E-01
  3.445500E+03  3.245238E-01
  3.446000E+03  3.841435E-01
  3.446500E+03  4.305725E-01
  3.447000E+03  4.595053E-01
  3.447500E+03  4.674530E-01
  3.448000E+03  4.519595E-01
  3.448500E+03  4.117513E-01
  3.449000E+03  3.468149E-01
  3.449500E+03  2.583933E-01
  3.450000E+03  1.489070E-01
  3.450500E+03  2.180320E-02
  3.451000E+03 -1.186525E-01
  3.451500E+03 -2.676273E-01
  3.452000E+03 -4.199956E-01
  3.452500E+03 -5.706176E-01
  3.453000E+03 -7.146023E-01
  3.453500E+03 -8.475358E-01
  3.454000E+03 -9.656628E-01
  3.454500E+03 -1.066008E+00
  3.455000E+03 -1.146436E+00
  3.455500E+03 -1.205641E+00
  3.456000E+03 -1.243086E+00
  3.456500E+03 -1.258886E+00
  3.457000E+03 -1.253654E+00
  3.457500E+03 -1.228331E+00
  3.458000E+03 -1.184009E+00
  3.458500E+03 -1.121774E+00
  3.459000E+03 -1.042565E+00
  3.459500E+03 -9.470930E-01
  3.460000E+03 -8.357924E-01
  3.460500E+03 -7.088414E-01
  3.461000E+03 -5.662278E-01
  3.461500E+03 -4.078675E-01
  3.462000E+03 -2.337598E-01
  3.462500E+03 -4.416908E-02
  3.463000E+03  1.601850E-01
  3.463500E+03  3.779448E-01
  3.464000E+03  6.069579E-01
  3.464500E+03  8.441610E-01
  3.465000E+03  1.085519E+00
  3.465500E+03  1.326028E+00
  3.466000E+03  1.559789E+00
  3.466500E+03  1.780152E+00
  3.467000E+03  1.979927E+00
  3.467500E+03  2.151651E+00
  3.468000E+03  2.287905E+00
  3.468500E+03  2.381654E+00
  3.469000E+03  2.426601E+00
  3.469500E+03  2.417536E+00
  3.470000E+03  2.350647E+00
  3.470500E+03  2.223800E+00
  3.471000E+03  2.036742E+00
  3.471500E+03  1.791238E+00
  3.472000E+03  1.491125E+00
  3.472500E+03  1.142270E+00
  3.473000E+03  7.524488E-01
  3.473500E+03  3.311293E-01
  3.474000E+03 -1.108146E-01
  3.474500E+03 -5.614596E-01
  3.475000E+03 -1.008239E+00
  3.475500E+03 -1.438385E+00
  3.476000E+03 -1.839383E+00
  3.476500E+03 -2.199430E+00
  3.477000E+03 -2.507864E+00
  3.477500E+03 -2.755555E+00
  3.478000E+03 -2.935244E+00
  3.478500E+03 -3.041807E+00
  3.479000E+03 -3.072437E+00
  3.479500E+03 -3.026742E+00
  3.480000E+03 -2.906743E+00
  3.480500E+03 -2.716789E+00
  3.481000E+03 -2.463369E+00
  3.481500E+03 -2.154856E+00
  3.482000E+03 -1.801176E+00
  3.482500E+03 -1.413418E+00
  3.483000E+03 -1.003415E+00
  3.483500E+03 -5.832959E-01
  3.484000E+03 -1.650423E-01
  3.484500E+03  2.399337E-01
  3.485000E+03  6.211780E-01
  3.485500E+03  9.695277E-01
  3.486000E+03  1.277376E+00
  3.486500E+03  1.538862E+00
  3.487000E+03  1.749976E+00
  3.487500E+03  1.908582E+00
  3.488000E+03  2.014364E+00
  3.488500E+03  2.068687E+00
  3.489000E+03  2.074412E+00
  3.489500E+03  2.035648E+00
  3.490000E+03  1.957481E+00
  3.490500E+03  1.845684E+00
  3.491000E+03  1.706420E+00
  3.491500E+03  1.545973E+00
  3.492000E+03  1.370495E+00
  3.492500E+03  1.185797E+00
  3.493000E+03  9.971825E-01
  3.493500E+03  8.093251E-01
  3.494000E+03  6.261981E-01
  3.494500E+03  4.510428E-01
  3.495000E+03  2.863754E-01
  3.495500E+03  1.340227E-01
  3.496000E+03 -4.820890E-03
  3.496500E+03 -1.295244E-01
  3.497000E+03 -2.399457E-01
  3.497500E+03 -3.363585E-01
  3.498000E+03 -4.193840E-01
  3.498500E+03 -4.899290E-01
  3.499000E+03 -5.491306E-01
  3.499500E+03 -5.983059E-01
  3.500000E+03 -6.389020E-01
  3.500500E+03 -6.724448E-01
  3.501000E+03 -7.004807E-01
  3.501500E+03 -7.245110E-01
  3.502000E+03 -7.459166E-01
  3.502500E+03 -7.658749E-01
  3.503000E+03 -7.852716E-01
  3.503500E+03 -8.046133E-01
  3.504000E+03 -8.239490E-01
  3.504500E+03 -8.428066E-01
  3.505000E+03 -8.601560E-01
  3.505500E+03 -8.744055E-01
  3.506000E+03 -8.834378E-01
  3.506500E+03 -8.846912E-01
  3.507000E+03 -8.752858E-01
  3.507500E+03 -8.521931E-01
  3.508000E+03 -8.124405E-01
  3.508500E+03 -7.533426E-01
  3.509000E+03 -6.727434E-01
  3.509500E+03 -5.692547E-01
  3.510000E+03 -4.424723E-01
  3.510500E+03 -2.931524E-01
  3.511000E+03 -1.233327E-01
  3.511500E+03  6.361670E-02
  3.512000E+03  2.630210E-01
  3.512500E+03  4.690134E-01
  3.513000E+03  6.747306E-01
  3.513500E+03  8.725861E-01
  3.514000E+03  1.054609E+00
  3.514500E+03  1.212830E+00
  3.515000E+03  1.339697E+00
  3.515500E+03  1.428494E+00
  3.516000E+03  1.473737E+00
  3.516500E+03  1.471530E+00
  3.517000E+03  1.419845E+00
  3.517500E+03  1.318723E+00
  3.518000E+03  1.170368E+00
  3.518500E+03  9.791353E-01
  3.519000E+03  7.514057E-01
  3.519500E+03  4.953508E-01
  3.520000E+03  2.206027E-01
  3.520500E+03 -6.215907E-02
  3.521000E+03 -3.416812E-01
  3.521500E+03 -6.066468E-01
  3.522000E+03 -8.461959E-01
  3.522500E+03 -1.050430E+00
  3.523000E+03 -1.210874E+00
  3.523500E+03 -1.320872E+00
  3.524000E+03 -1.375901E+00
  3.524500E+03 -1.373779E+00
  3.525000E+03 -1.314764E+00
  3.525500E+03 -1.201545E+00
  3.526000E+03 -1.039111E+00
  3.526500E+03 -8.345219E-01
  3.527000E+03 -5.965819E-01
  3.527500E+03 -3.354438E-01
  3.528000E+03 -6.215230E-02
  3.528500E+03  2.118427E-01
  3.529000E+03  4.751827E-01
  3.529500E+03  7.170833E-01
  3.530000E+03  9.277805E-01
  3.530500E+03  1.098923E+00
  3.531000E+03  1.223892E+00
  3.531500E+03  1.298038E+00
  3.532000E+03  1.318828E+00
  3.532500E+03  1.285897E+00
  3.533000E+03  1.201005E+00
  3.533500E+03  1.067918E+00
  3.534000E+03  8.921968E-01
  3.534500E+03  6.809328E-01
  3.535000E+03  4.424309E-01
  3.535500E+03  1.858575E-01
  3.536000E+03 -7.912773E-02
  3.536500E+03 -3.427421E-01
  3.537000E+03 -5.954378E-01
  3.537500E+03 -8.282336E-01
  3.538000E+03 -1.033012E+00
  3.538500E+03 -1.202773E+00
  3.539000E+03 -1.331838E+00
  3.539500E+03 -1.416003E+00
  3.540000E+03 -1.452639E+00
  3.540500E+03 -1.440741E+00
  3.541000E+03 -1.380928E+00
  3.541500E+03 -1.275390E+00
  3.542000E+03 -1.127801E+00
  3.542500E+03 -9.431817E-01
  3.543000E+03 -7.277302E-01
  3.543500E+03 -4.886201E-01
  3.544000E+03 -2.337663E-01
  3.544500E+03  2.843153E-02
  3.545000E+03  2.893653E-01
  3.545500E+03  5.405064E-01
  3.546000E+03  7.736985E-01
  3.546500E+03  9.814442E-01
  3.547000E+03  1.157176E+00
  3.547500E+03  1.295500E+00
  3.548000E+03  1.392400E+00
  3.548500E+03  1.445389E+00
  3.549000E+03  1.453600E+00
  3.549500E+03  1.417812E+00
  3.550000E+03  1.340395E+00
  3.550500E+03  1.225182E+00
  3.551000E+03  1.077277E+00
  3.551500E+03  9.027898E-01
  3.552000E+03  7.085317E-01
  3.552500E+03  5.016713E-01
  3.553000E+03  2.893840E-01
  3.553500E+03  7.850913E-02
  3.554000E+03 -1.247594E-01
  3.554500E+03 -3.151295E-01
  3.555000E+03 -4.883971E-01
  3.555500E+03 -6.415490E-01
  3.556000E+03 -7.727773E-01
  3.556500E+03 -8.814048E-01
  3.557000E+03 -9.677296E-01
  3.557500E+03 -1.032805E+00
  3.558000E+03 -1.078169E+00
  3.558500E+03 -1.105563E+00
  3.559000E+03 -1.116641E+00
  3.559500E+03 -1.112724E+00
  3.560000E+03 -1.094606E+00
  3.560500E+03 -1.062439E+00
  3.561000E+03 -1.015703E+00
  3.561500E+03 -9.532773E-01
  3.562000E+03 -8.736012E-01
  3.562500E+03 -7.749144E-01
  3.563000E+03 -6.555575E-01
  3.563500E+03 -5.143066E-01
  3.564000E+03 -3.507099E-01
  3.564500E+03 -1.653955E-01
  3.565000E+03  3.968168E-02
  3.565500E+03  2.610815E-01
  3.566000E+03  4.938286E-01
  3.566500E+03  7.314843E-01
  3.567000E+03  9.663428E-01
  3.567500E+03  1.189744E+00
  3.568000E+03  1.392487E+00
  3.568500E+03  1.565315E+00
  3.569000E+03  1.699445E+00
  3.569500E+03  1.787097E+00
  3.570000E+03  1.821994E+00
  3.570500E+03  1.799788E+00
  3.571000E+03  1.718392E+00
  3.571500E+03  1.578177E+00
  3.572000E+03  1.382039E+00
  3.572500E+03  1.135314E+00
  3.573000E+03  8.455593E-01
  3.573500E+03  5.222073E-01
  3.574000E+03  1.761220E-01
  3.574500E+03 -1.809142E-01
  3.575000E+03 -5.367496E-01
  3.575500E+03 -8.794121E-01
  3.576000E+03 -1.197626E+00
  3.576500E+03 -1.481265E+00
  3.577000E+03 -1.721725E+00
  3.577500E+03 -1.912189E+00
  3.578000E+03 -2.047791E+00
  3.578500E+03 -2.125673E+00
  3.579000E+03 -2.144938E+00
  3.579500E+03 -2.106529E+00
  3.580000E+03 -2.013028E+00
  3.580500E+03 -1.868427E+00
  3.581000E+03 -1.677863E+00
  3.581500E+03 -1.447353E+00
  3.582000E+03 -1.183539E+00
  3.582500E+03 -8.934596E-01
  3.583000E+03 -5.843478E-01
  3.583500E+03 -2.634675E-01
  3.584000E+03  6.202097E-02
  3.584500E+03  3.851657E-01
  3.585000E+03  6.993076E-01
  3.585500E+03  9.981504E-01
  3.586000E+03  1.275823E+00
  3.586500E+03  1.526942E+00
  3.587000E+03  1.746675E+00
  3.587500E+03  1.930801E+00
  3.588000E+03  2.075786E+00
  3.588500E+03  2.178837E+00
  3.589000E+03  2.237964E+00
  3.589500E+03  2.252019E+00
  3.590000E+03  2.220721E+00
  3.590500E+03  2.144656E+00
  3.591000E+03  2.025256E+00
  3.591500E+03  1.864752E+00
  3.592000E+03  1.666105E+00
  3.592500E+03  1.432925E+00
  3.593000E+03  1.169374E+00
  3.593500E+03  8.800758E-01
  3.594000E+03  5.700218E-01
  3.594500E+03  2.444897E-01
  3.595000E+03 -9.102284E-02
  3.595500E+03 -4.308511E-01
  3.596000E+03 -7.692025E-01
  3.596500E+03 -1.100188E+00
  3.597000E+03 -1.417850E+00
  3.597500E+03 -1.716201E+00
  3.598000E+03 -1.989268E+00
  3.598500E+03 -2.231172E+00
  3.599000E+03 -2.436223E+00
  3.599500E+03 -2.599059E+00
  3.600000E+03 -2.714801E+00
  3.600500E+03 -2.779241E+00
  3.601000E+03 -2.789050E+00
  3.601500E+03 -2.741972E+00
  3.602000E+03 -2.637023E+00
  3.602500E+03 -2.474648E+00
  3.603000E+03 -2.256840E+00
  3.603500E+03 -1.987194E+00
  3.604000E+03 -1.670890E+00
  3.604500E+03 -1.314605E+00
  3.605000E+03 -9.263385E-01
  3.605500E+03 -5.151735E-01
  3.606000E+03 -9.097187E-02
  3.606500E+03  3.359743E-01
  3.607000E+03  7.553165E-01
  3.607500E+03  1.157027E+00
  3.608000E+03  1.531757E+00
  3.608500E+03  1.871153E+00
  3.609000E+03  2.168122E+00
  3.609500E+03  2.417014E+00
  3.610000E+03  2.613739E+00
  3.610500E+03  2.755795E+00
  3.611000E+03  2.842225E+00
  3.611500E+03  2.873508E+00
  3.612000E+03  2.851401E+00
  3.612500E+03  2.778742E+00
  3.613000E+03  2.659238E+00
  3.613500E+03  2.497261E+00
  3.614000E+03  2.297645E+00
  3.614500E+03  2.065520E+00
  3.615000E+03  1.806179E+00
  3.615500E+03  1.524973E+00
  3.616000E+03  1.227243E+00
  3.616500E+03  9.182818E-01
  3.617000E+03  6.033041E-01
  3.617500E+03  2.874313E-01
  3.618000E+03 -2.433244E-02
  3.618500E+03 -3.271351E-01
  3.619000E+03 -6.163309E-01
  3.619500E+03 -8.875566E-01
  3.620000E+03 -1.136827E+00
  3.620500E+03 -1.360646E+00
  3.621000E+03 -1.556123E+00
  3.621500E+03 -1.721085E+00
  3.622000E+03 -1.854166E+00
  3.622500E+03 -1.954873E+00
  3.623000E+03 -2.023605E+00
  3.623500E+03 -2.061626E+00
  3.624000E+03 -2.070987E+00
  3.624500E+03 -2.054390E+00
  3.625000E+03 -2.015019E+00
  3.625500E+03 -1.956326E+00
  3.626000E+03 -1.881805E+00
  3.626500E+03 -1.794760E+00
  3.627000E+03 -1.698088E+00
  3.627500E+03 -1.594100E+00
  3.628000E+03 -1.484386E+00
  3.628500E+03 -1.369742E+00
  3.629000E+03 -1.250165E+00
  3.629500E+03 -1.124915E+00
  3.630000E+03 -9.926491E-01
  3.630500E+03 -8.516008E-01
  3.631000E+03 -6.998121E-01
  3.631500E+03 -5.353850E-01
  3.632000E+03 -3.567409E-01
  3.632500E+03 -1.628665E-01
  3.633000E+03  4.647260E-02
  3.633500E+03  2.705655E-01
  3.634000E+03  5.076506E-01
  3.634500E+03  7.548778E-01
  3.635000E+03  1.008342E+00
  3.635500E+03  1.263183E+00
  3.636000E+03  1.513756E+00
  3.636500E+03  1.753839E+00
  3.637000E+03  1.976894E+00
  3.637500E+03  2.176347E+00
  3.638000E+03  2.345866E+00
  3.638500E+03  2.479647E+00
  3.639000E+03  2.572667E+00
  3.639500E+03  2.620905E+00
  3.640000E+03  2.621520E+00
  3.640500E+03  2.572978E+00
  3.641000E+03  2.475123E+00
  3.641500E+03  2.329193E+00
  3.642000E+03  2.137782E+00
  3.642500E+03  1.904747E+00
  3.643000E+03  1.635076E+00
  3.643500E+03  1.334709E+00
  3.644000E+03  1.010335E+00
  3.644500E+03  6.691639E-01
  3.645000E+03  3.186879E-01
  3.645500E+03 -3.356316E-02
  3.646000E+03 -3.802548E-01
  3.646500E+03 -7.144673E-01
  3.647000E+03 -1.029888E+00
  3.647500E+03 -1.320971E+00
  3.648000E+03 -1.583059E+00
  3.648500E+03 -1.812457E+00
  3.649000E+03 -2.006462E+00
  3.649500E+03 -2.163351E+00
  3.650000E+03 -2.282319E+00
  3.650500E+03 -2.363385E+00
  3.651000E+03 -2.407269E+00
  3.651500E+03 -2.415250E+00
  3.652000E+03 -2.389015E+00
  3.652500E+03 -2.330518E+00
  3.653000E+03 -2.241853E+00
  3.653500E+03 -2.125155E+00
  3.654000E+03 -1.982532E+00
  3.654500E+03 -1.816041E+00
  3.655000E+03 -1.627701E+00
  3.655500E+03 -1.419539E+00
  3.656000E+03 -1.193667E+00
  3.656500E+03 -9.523800E-01
  3.657000E+03 -6.982483E-01
  3.657500E+03 -4.342105E-01
  3.658000E+03 -1.636367E-01
  3.658500E+03  1.096436E-01
  3.659000E+03  3.813592E-01
  3.659500E+03  6.468671E-01
  3.660000E+03  9.012740E-01
  3.660500E+03  1.139605E+00
  3.661000E+03  1.357009E+00
  3.661500E+03  1.548988E+00
  3.662000E+03  1.711628E+00
  3.662500E+03  1.841820E+00
  3.663000E+03  1.937438E+00
  3.663500E+03  1.997474E+00
  3.664000E+03  2.022100E+00
  3.664500E+03  2.012651E+00
  3.665000E+03  1.971537E+00
  3.665500E+03  1.902075E+00
  3.666000E+03  1.808252E+00
  3.666500E+03  1.694452E+00
  3.667000E+03  1.565143E+00
  3.667500E+03  1.424572E+00
  3.668000E+03  1.276482E+00
  3.668500E+03  1.123871E+00
  3.669000E+03  9.688288E-01
  3.669500E+03  8.124525E-01
  3.670000E+03  6.548558E-01
  3.670500E+03  4.952730E-01
  3.671000E+03  3.322499E-01
  3.671500E+03  1.639058E-01
  3.672000E+03 -1.175227E-02
  3.672500E+03 -1.964897E-01
  3.673000E+03 -3.915074E-01
  3.673500E+03 -5.971356E-01
  3.674000E+03 -8.125843E-01
  3.674500E+03 -1.035774E+00
  3.675000E+03 -1.263262E+00
  3.675500E+03 -1.490269E+00
  3.676000E+03 -1.710818E+00
  3.676500E+03 -1.917966E+00
  3.677000E+03 -2.104119E+00
  3.677500E+03 -2.261415E+00
  3.678000E+03 -2.382140E+00
  3.678500E+03 -2.459164E+00
  3.679000E+03 -2.486351E+00
  3.679500E+03 -2.458942E+00
  3.680000E+03 -2.373859E+00
  3.680500E+03 -2.229939E+00
  3.681000E+03 -2.028069E+00
  3.681500E+03 -1.771230E+00
  3.682000E+03 -1.464427E+00
  3.682500E+03 -1.114542E+00
  3.683000E+03 -7.300960E-01
  3.683500E+03 -3.209397E-01
  3.684000E+03  1.021014E-01
  3.684500E+03  5.276210E-01
  3.685000E+03  9.440409E-01
  3.685500E+03  1.340020E+00
  3.686000E+03  1.704846E+00
  3.686500E+03  2.028797E+00
  3.687000E+03  2.303458E+00
  3.687500E+03  2.521992E+00
  3.688000E+03  2.679341E+00
  3.688500E+03  2.772368E+00
  3.689000E+03  2.799931E+00
  3.689500E+03  2.762880E+00
  3.690000E+03  2.663986E+00
  3.690500E+03  2.507802E+00
  3.691000E+03  2.300459E+00
  3.691500E+03  2.049407E+00
  3.692000E+03  1.763102E+00
  3.692500E+03  1.450667E+00
  3.693000E+03  1.121522E+00
  3.693500E+03  7.850171E-01
  3.694000E+03  4.500769E-01
  3.694500E+03  1.248710E-01
  3.695000E+03 -1.834628E-01
  3.695500E+03 -4.690333E-01
  3.696000E+03 -7.273373E-01
  3.696500E+03 -9.553167E-01
  3.697000E+03 -1.151332E+00
  3.697500E+03 -1.315054E+00
  3.698000E+03 -1.447280E+00
  3.698500E+03 -1.549700E+00
  3.699000E+03 -1.624612E+00
  3.699500E+03 -1.674630E+00
  3.700000E+03 -1.702396E+00
  3.700500E+03 -1.710321E+00
  3.701000E+03 -1.700379E+00
  3.701500E+03 -1.673969E+00
  3.702000E+03 -1.631859E+00
  3.702500E+03 -1.574207E+00
  3.703000E+03 -1.500675E+00
  3.703500E+03 -1.410600E+00
  3.704000E+03 -1.303232E+00
  3.704500E+03 -1.177991E+00
  3.705000E+03 -1.034737E+00
  3.705500E+03 -8.740219E-01
  3.706000E+03 -6.972812E-01
  3.706500E+03 -5.069710E-01
  3.707000E+03 -3.066096E-01
  3.707500E+03 -1.007264E-01
  3.708000E+03  1.052872E-01
  3.708500E+03  3.054170E-01
  3.709000E+03  4.933406E-01
  3.709500E+03  6.627954E-01
  3.710000E+03  8.079723E-01
  3.710500E+03  9.239051E-01
  3.711000E+03  1.006825E+00
  3.711500E+03  1.054450E+00
  3.712000E+03  1.066191E+00
  3.712500E+03  1.043244E+00
  3.713000E+03  9.885749E-01
  3.713500E+03  9.067808E-01
  3.714000E+03  8.038470E-01
  3.714500E+03  6.868078E-01
  3.715000E+03  5.633382E-01
  3.715500E+03  4.413026E-01
  3.716000E+03  3.282925E-01
  3.716500E+03  2.311832E-01
  3.717000E+03  1.557396E-01
  3.717500E+03  1.062967E-01
  3.718000E+03  8.553310E-02
  3.718500E+03  9.435103E-02
  3.719000E+03  1.318663E-01
  3.719500E+03  1.955058E-01
  3.720000E+03  2.812019E-01
  3.720500E+03  3.836662E-01
  3.721000E+03  4.967233E-01
  3.721500E+03  6.136783E-01
  3.722000E+03  7.276951E-01
  3.722500E+03  8.321601E-01
  3.723000E+03  9.210105E-01
  3.723500E+03  9.890099E-01
  3.724000E+03  1.031957E+00
  3.724500E+03  1.046823E+00
  3.725000E+03  1.031813E+00
  3.725500E+03  9.863563E-01
  3.726000E+03  9.110332E-01
  3.726500E+03  8.074497E-01
  3.727000E+03  6.780727E-01
  3.727500E+03  5.260424E-01
  3.728000E+03  3.549756E-01
  3.728500E+03  1.687731E-01
  3.729000E+03 -2.855449E-02
  3.729500E+03 -2.330358E-01
  3.730000E+03 -4.408538E-01
  3.730500E+03 -6.484256E-01
  3.731000E+03 -8.524452E-01
  3.731500E+03 -1.049892E+00
  3.732000E+03 -1.238012E+00
  3.732500E+03 -1.414274E+00
  3.733000E+03 -1.576317E+00
  3.733500E+03 -1.721886E+00
  3.734000E+03 -1.848779E+00
  3.734500E+03 -1.954799E+00
  3.735000E+03 -2.037733E+00
  3.735500E+03 -2.095349E+00
  3.736000E+03 -2.125423E+00
  3.736500E+03 -2.125797E+00
  3.737000E+03 -2.094465E+00
  3.737500E+03 -2.029681E+00
  3.738000E+03 -1.930087E+00
  3.738500E+03 -1.794848E+00
  3.739000E+03 -1.623798E+00
  3.739500E+03 -1.417562E+00
  3.740000E+03 -1.177672E+00
  3.740500E+03 -9.066472E-01
  3.741000E+03 -6.080342E-01
  3.741500E+03 -2.864070E-01
  3.742000E+03  5.268652E-02
  3.742500E+03  4.028276E-01
  3.743000E+03  7.568794E-01
  3.743500E+03  1.107183E+00
  3.744000E+03  1.445792E+00
  3.744500E+03  1.764726E+00
  3.745000E+03  2.056246E+00
  3.745500E+03  2.313121E+00
  3.746000E+03  2.528882E+00
  3.746500E+03  2.698048E+00
  3.747000E+03  2.816313E+00
  3.747500E+03  2.880683E+00
  3.748000E+03  2.889559E+00
  3.748500E+03  2.842772E+00
  3.749000E+03  2.741549E+00
  3.749500E+03  2.588447E+00
  3.750000E+03  2.387232E+00
  3.750500E+03  2.142734E+00
  3.751000E+03  1.860674E+00
  3.751500E+03  1.547492E+00
  3.752000E+03  1.210158E+00
  3.752500E+03  8.560045E-01
  3.753000E+03  4.925607E-01
  3.753500E+03  1.274091E-01
  3.754000E+03 -2.319467E-01
  3.754500E+03 -5.782000E-01
  3.755000E+03 -9.043507E-01
  3.755500E+03 -1.203812E+00
  3.756000E+03 -1.470516E+00
  3.756500E+03 -1.699034E+00
  3.757000E+03 -1.884691E+00
  3.757500E+03 -2.023702E+00
  3.758000E+03 -2.113309E+00
  3.758500E+03 -2.151910E+00
  3.759000E+03 -2.139191E+00
  3.759500E+03 -2.076222E+00
  3.760000E+03 -1.965529E+00
  3.760500E+03 -1.811118E+00
  3.761000E+03 -1.618432E+00
  3.761500E+03 -1.394257E+00
  3.762000E+03 -1.146546E+00
  3.762500E+03 -8.841728E-01
  3.763000E+03 -6.166320E-01
  3.763500E+03 -3.536716E-01
  3.764000E+03 -1.048962E-01
  3.764500E+03  1.206493E-01
  3.765000E+03  3.148910E-01
  3.765500E+03  4.711076E-01
  3.766000E+03  5.842572E-01
  3.766500E+03  6.512308E-01
  3.767000E+03  6.710121E-01
  3.767500E+03  6.447332E-01
  3.768000E+03  5.756204E-01
  3.768500E+03  4.688309E-01
  3.769000E+03  3.311899E-01
  3.769500E+03  1.708418E-01
  3.770000E+03 -3.163234E-03
  3.770500E+03 -1.813231E-01
  3.771000E+03 -3.541520E-01
  3.771500E+03 -5.126348E-01
  3.772000E+03 -6.486439E-01
  3.772500E+03 -7.552937E-01
  3.773000E+03 -8.272179E-01
  3.773500E+03 -8.607551E-01
  3.774000E+03 -8.540385E-01
  3.774500E+03 -8.069899E-01
  3.775000E+03 -7.212242E-01
  3.775500E+03 -5.998769E-01
  3.776000E+03 -4.473697E-01
  3.776500E+03 -2.691327E-01
  3.777000E+03 -7.130324E-02
  3.777500E+03  1.395802E-01
  3.778000E+03  3.568708E-01
  3.778500E+03  5.740782E-01
  3.779000E+03  7.850937E-01
  3.779500E+03  9.843687E-01
  3.780000E+03  1.167042E+00
  3.780500E+03  1.329020E+00
  3.781000E+03  1.467004E+00
  3.781500E+03  1.578488E+00
  3.782000E+03  1.661713E+00
  3.782500E+03  1.715611E+00
  3.783000E+03  1.739726E+00
  3.783500E+03  1.734137E+00
  3.784000E+03  1.699385E+00
  3.784500E+03  1.636402E+00
  3.785000E+03  1.546462E+00
  3.785500E+03  1.431141E+00
  3.786000E+03  1.292291E+00
  3.786500E+03  1.132032E+00
  3.787000E+03  9.527488E-01
  3.787500E+03  7.570939E-01
  3.788000E+03  5.479905E-01
  3.788500E+03  3.286317E-01
  3.789000E+03  1.024700E-01
  3.789500E+03 -1.268071E-01
  3.790000E+03 -3.553174E-01
  3.790500E+03 -5.790420E-01
  3.791000E+03 -7.939028E-01
  3.791500E+03 -9.958563E-01
  3.792000E+03 -1.181003E+00
  3.792500E+03 -1.345706E+00
  3.793000E+03 -1.486717E+00
  3.793500E+03 -1.601300E+00
  3.794000E+03 -1.687347E+00
  3.794500E+03 -1.743474E+00
  3.795000E+03 -1.769104E+00
  3.795500E+03 -1.764507E+00
  3.796000E+03 -1.730817E+00
  3.796500E+03 -1.670003E+00
  3.797000E+03 -1.584800E+00
  3.797500E+03 -1.478603E+00
  3.798000E+03 -1.355323E+00
  3.798500E+03 -1.219215E+00
  3.799000E+03 -1.074677E+00
  3.799500E+03 -9.260479E-01
  3.800000E+03 -7.773988E-01
  3.800500E+03 -6.323392E-01
  3.801000E+03 -4.938495E-01
  3.801500E+03 -3.641498E-01
  3.802000E+03 -2.446145E-01
  3.802500E+03 -1.357399E-01
  3.803000E+03 -3.716795E-02
  3.803500E+03  5.223616E-02
  3.804000E+03  1.342543E-01
  3.804500E+03  2.111440E-01
  3.805000E+03  2.854359E-01
  3.805500E+03  3.597131E-01
  3.806000E+03  4.363885E-01
  3.806500E+03  5.174948E-01
  3.807000E+03  6.045013E-01
  3.807500E+03  6.981706E-01
  3.808000E+03  7.984640E-01
  3.808500E+03  9.045018E-01
  3.809000E+03  1.014580E+00
  3.809500E+03  1.126242E+00
  3.810000E+03  1.236397E+00
  3.810500E+03  1.341474E+00
  3.811000E+03  1.437614E+00
  3.811500E+03  1.520861E+00
  3.812000E+03  1.587362E+00
  3.812500E+03  1.633556E+00
  3.813000E+03  1.656334E+00
  3.813500E+03  1.653177E+00
  3.814000E+03  1.622251E+00
  3.814500E+03  1.562467E+00
  3.815000E+03  1.473509E+00
  3.815500E+03  1.355826E+00
  3.816000E+03  1.210597E+00
  3.816500E+03  1.039681E+00
  3.817000E+03  8.455525E-01
  3.817500E+03  6.312302E-01
  3.818000E+03  4.002055E-01
  3.818500E+03  1.563736E-01
  3.819000E+03 -9.603205E-02
  3.819500E+03 -3.525045E-01
  3.820000E+03 -6.083270E-01
  3.820500E+03 -8.586418E-01
  3.821000E+03 -1.098527E+00
  3.821500E+03 -1.323085E+00
  3.822000E+03 -1.527545E+00
  3.822500E+03 -1.707383E+00
  3.823000E+03 -1.858447E+00
  3.823500E+03 -1.977102E+00
  3.824000E+03 -2.060363E+00
  3.824500E+03 -2.106034E+00
  3.825000E+03 -2.112817E+00
  3.825500E+03 -2.080406E+00
  3.826000E+03 -2.009533E+00
  3.826500E+03 -1.901979E+00
  3.827000E+03 -1.760527E+00
  3.827500E+03 -1.588872E+00
  3.828000E+03 -1.391476E+00
  3.828500E+03 -1.173390E+00
  3.829000E+03 -9.400356E-01
  3.829500E+03 -6.969738E-01
  3.830000E+03 -4.496708E-01
  3.830500E+03 -2.032755E-01
  3.831000E+03  3.757401E-02
  3.831500E+03  2.689012E-01
  3.832000E+03  4.874902E-01
  3.832500E+03  6.909255E-01
  3.833000E+03  8.775718E-01
  3.833500E+03  1.046497E+00
  3.834000E+03  1.197344E+00
  3.834500E+03  1.330171E+00
  3.835000E+03  1.445267E+00
  3.835500E+03  1.542958E+00
  3.836000E+03  1.623440E+00
  3.836500E+03  1.686625E+00
  3.837000E+03  1.732046E+00
  3.837500E+03  1.758803E+00
  3.838000E+03  1.765574E+00
  3.838500E+03  1.750688E+00
  3.839000E+03  1.712249E+00
  3.839500E+03  1.648309E+00
  3.840000E+03  1.557073E+00
  3.840500E+03  1.437125E+00
  3.841000E+03  1.287649E+00
  3.841500E+03  1.108636E+00
  3.842000E+03  9.010576E-01
  3.842500E+03  6.669892E-01
  3.843000E+03  4.096737E-01
  3.843500E+03  1.335208E-01
  3.844000E+03 -1.559626E-01
  3.844500E+03 -4.523094E-01
  3.845000E+03 -7.482881E-01
  3.845500E+03 -1.036150E+00
  3.846000E+03 -1.307912E+00
  3.846500E+03 -1.555667E+00
  3.847000E+03 -1.771896E+00
  3.847500E+03 -1.949776E+00
  3.848000E+03 -2.083465E+00
  3.848500E+03 -2.168348E+00
  3.849000E+03 -2.201244E+00
  3.849500E+03 -2.180548E+00
  3.850000E+03 -2.106322E+00
  3.850500E+03 -1.980314E+00
  3.851000E+03 -1.805921E+00
  3.851500E+03 -1.588082E+00
  3.852000E+03 -1.333117E+00
  3.852500E+03 -1.048514E+00
  3.853000E+03 -7.426721E-01
  3.853500E+03 -4.246069E-01
  3.854000E+03 -1.036328E-01
  3.854500E+03  2.109682E-01
  3.855000E+03  5.102783E-01
  3.855500E+03  7.860661E-01
  3.856000E+03  1.031084E+00
  3.856500E+03  1.239327E+00
  3.857000E+03  1.406253E+00
  3.857500E+03  1.528928E+00
  3.858000E+03  1.606126E+00
  3.858500E+03  1.638338E+00
  3.859000E+03  1.627719E+00
  3.859500E+03  1.577957E+00
  3.860000E+03  1.494066E+00
  3.860500E+03  1.382128E+00
  3.861000E+03  1.248973E+00
  3.861500E+03  1.101836E+00
  3.862000E+03  9.479804E-01
  3.862500E+03  7.943368E-01
  3.863000E+03  6.471515E-01
  3.863500E+03  5.116788E-01
  3.864000E+03  3.919291E-01
  3.864500E+03  2.904882E-01
  3.865000E+03  2.084182E-01
  3.865500E+03  1.452477E-01
  3.866000E+03  9.905149E-02
  3.866500E+03  6.661560E-02
  3.867000E+03  4.367984E-02
  3.867500E+03  2.524306E-02
  3.868000E+03  5.914180E-03
  3.868500E+03 -1.971151E-02
  3.869000E+03 -5.667256E-02
  3.869500E+03 -1.092804E-01
  3.870000E+03 -1.807985E-01
  3.870500E+03 -2.731802E-01
  3.871000E+03 -3.868810E-01
  3.871500E+03 -5.207568E-01
  3.872000E+03 -6.720538E-01
  3.872500E+03 -8.364921E-01
  3.873000E+03 -1.008438E+00
  3.873500E+03 -1.181156E+00
  3.874000E+03 -1.347129E+00
  3.874500E+03 -1.498428E+00
  3.875000E+03 -1.627111E+00
  3.875500E+03 -1.725633E+00
  3.876000E+03 -1.787242E+00
  3.876500E+03 -1.806345E+00
  3.877000E+03 -1.778819E+00
  3.877500E+03 -1.702258E+00
  3.878000E+03 -1.576134E+00
  3.878500E+03 -1.401878E+00
  3.879000E+03 -1.182859E+00
  3.879500E+03 -9.242781E-01
  3.880000E+03 -6.329715E-01
  3.880500E+03 -3.171397E-01
  3.881000E+03  1.398771E-02
  3.881500E+03  3.505339E-01
  3.882000E+03  6.823835E-01
  3.882500E+03  9.995998E-01
  3.883000E+03  1.292827E+00
  3.883500E+03  1.553664E+00
  3.884000E+03  1.774979E+00
  3.884500E+03  1.951171E+00
  3.885000E+03  2.078343E+00
  3.885500E+03  2.154398E+00
  3.886000E+03  2.179048E+00
  3.886500E+03  2.153737E+00
  3.887000E+03  2.081488E+00
  3.887500E+03  1.966684E+00
  3.888000E+03  1.814801E+00
  3.888500E+03  1.632103E+00
  3.889000E+03  1.425317E+00
  3.889500E+03  1.201325E+00
  3.890000E+03  9.668609E-01
  3.890500E+03  7.282536E-01
  3.891000E+03  4.912146E-01
  3.891500E+03  2.606844E-01
  3.892000E+03  4.073986E-02
  3.892500E+03 -1.654372E-01
  3.893000E+03 -3.555340E-01
  3.893500E+03 -5.280330E-01
  3.894000E+03 -6.821006E-01
  3.894500E+03 -8.174517E-01
  3.895000E+03 -9.342049E-01
  3.895500E+03 -1.032741E+00
  3.896000E+03 -1.113580E+00
  3.896500E+03 -1.177277E+00
  3.897000E+03 -1.224362E+00
  3.897500E+03 -1.255303E+00
  3.898000E+03 -1.270513E+00
  3.898500E+03 -1.270380E+00
  3.899000E+03 -1.255324E+00
  3.899500E+03 -1.225862E+00
  3.900000E+03 -1.182684E+00
  3.900500E+03 -1.126710E+00
  3.901000E+03 -1.059134E+00
  3.901500E+03 -9.814401E-01
  3.902000E+03 -8.953898E-01
  3.902500E+03 -8.029735E-01
  3.903000E+03 -7.063330E-01
  3.903500E+03 -6.076580E-01
  3.904000E+03 -5.090660E-01
  3.904500E+03 -4.124752E-01
  3.905000E+03 -3.194825E-01
  3.905500E+03 -2.312592E-01
  3.906000E+03 -1.484731E-01
  3.906500E+03 -7.124736E-02
  3.907000E+03  8.378789E-04
  3.907500E+03  6.870077E-02
  3.908000E+03  1.336695E-01
  3.908500E+03  1.973570E-01
  3.909000E+03  2.615070E-01
  3.909500E+03  3.278223E-01
  3.910000E+03  3.977900E-01
  3.910500E+03  4.725151E-01
  3.911000E+03  5.525777E-01
  3.911500E+03  6.379245E-01
  3.912000E+03  7.278038E-01
  3.912500E+03  8.207498E-01
  3.913000E+03  9.146182E-01
  3.913500E+03  1.006671E+00
  3.914000E+03  1.093704E+00
  3.914500E+03  1.172211E+00
  3.915000E+03  1.238569E+00
  3.915500E+03  1.289235E+00
  3.916000E+03  1.320943E+00
  3.916500E+03  1.330878E+00
  3.917000E+03  1.316833E+00
  3.917500E+03  1.277325E+00
  3.918000E+03  1.211674E+00
  3.918500E+03  1.120038E+00
  3.919000E+03  1.003403E+00
  3.919500E+03  8.635381E-01
  3.920000E+03  7.029198E-01
  3.920500E+03  5.246260E-01
  3.921000E+03  3.322180E-01
  3.921500E+03  1.296147E-01
  3.922000E+03 -7.903401E-02
  3.922500E+03 -2.894652E-01
  3.923000E+03 -4.974104E-01
  3.923500E+03 -6.986878E-01
  3.924000E+03 -8.892806E-01
  3.924500E+03 -1.065401E+00
  3.925000E+03 -1.223545E+00
  3.925500E+03 -1.360538E+00
  3.926000E+03 -1.473581E+00
  3.926500E+03 -1.560292E+00
  3.927000E+03 -1.618756E+00
  3.927500E+03 -1.647574E+00
  3.928000E+03 -1.645919E+00
  3.928500E+03 -1.613584E+00
  3.929000E+03 -1.551039E+00
  3.929500E+03 -1.459465E+00
  3.930000E+03 -1.340776E+00
  3.930500E+03 -1.197624E+00
  3.931000E+03 -1.033365E+00
  3.931500E+03 -8.520017E-01
  3.932000E+03 -6.580825E-01
  3.932500E+03 -4.565743E-01
  3.933000E+03 -2.526978E-01
  3.933500E+03 -5.174006E-02
  3.934000E+03  1.411505E-01
  3.934500E+03  3.211745E-01
  3.935000E+03  4.840858E-01
  3.935500E+03  6.263764E-01
  3.936000E+03  7.454301E-01
  3.936500E+03  8.396334E-01
  3.937000E+03  9.084357E-01
  3.937500E+03  9.523521E-01
  3.938000E+03  9.729086E-01
  3.938500E+03  9.725304E-01
  3.939000E+03  9.543791E-01
  3.939500E+03  9.221494E-01
  3.940000E+03  8.798369E-01
  3.940500E+03  8.314914E-01
  3.941000E+03  7.809720E-01
  3.941500E+03  7.317190E-01
  3.942000E+03  6.865580E-01
  3.942500E+03  6.475474E-01
  3.943000E+03  6.158796E-01
  3.943500E+03  5.918408E-01
  3.944000E+03  5.748314E-01
  3.944500E+03  5.634444E-01
  3.945000E+03  5.555951E-01
  3.945500E+03  5.486915E-01
  3.946000E+03  5.398356E-01
  3.946500E+03  5.260376E-01
  3.947000E+03  5.044324E-01
  3.947500E+03  4.724816E-01
  3.948000E+03  4.281490E-01
  3.948500E+03  3.700406E-01
  3.949000E+03  2.974995E-01
  3.949500E+03  2.106546E-01
  3.950000E+03  1.104193E-01
  3.950500E+03 -1.553520E-03
  3.951000E+03 -1.229574E-01
  3.951500E+03 -2.509489E-01
  3.952000E+03 -3.822874E-01
  3.952500E+03 -5.134859E-01
  3.953000E+03 -6.409646E-01
  3.953500E+03 -7.611974E-01
  3.954000E+03 -8.708436E-01
  3.954500E+03 -9.668601E-01
  3.955000E+03 -1.046590E+00
  3.955500E+03 -1.107829E+00
  3.956000E+03 -1.148864E+00
  3.956500E+03 -1.168497E+00
  3.957000E+03 -1.166048E+00
  3.957500E+03 -1.141349E+00
  3.958000E+03 -1.094729E+00
  3.958500E+03 -1.026989E+00
  3.959000E+03 -9.393902E-01
  3.959500E+03 -8.336226E-01
  3.960000E+03 -7.117897E-01
  3.960500E+03 -5.763826E-01
  3.961000E+03 -4.302524E-01
  3.961500E+03 -2.765748E-01
  3.962000E+03 -1.188034E-01
  3.962500E+03  3.939136E-02
  3.963000E+03  1.941993E-01
  3.963500E+03  3.417655E-01
  3.964000E+03  4.783014E-01
  3.964500E+03  6.002103E-01
  3.965000E+03  7.042211E-01
  3.965500E+03  7.875258E-01
  3.966000E+03  8.479110E-01
  3.966500E+03  8.838771E-01
  3.967000E+03  8.947337E-01
  3.967500E+03  8.806666E-01
  3.968000E+03  8.427664E-01
  3.968500E+03  7.830152E-01
  3.969000E+03  7.042298E-01
  3.969500E+03  6.099594E-01
  3.970000E+03  5.043435E-01
  3.970500E+03  3.919341E-01
  3.971000E+03  2.774925E-01
  3.971500E+03  1.657690E-01
  3.972000E+03  6.128111E-02
  3.972500E+03 -3.190147E-02
  3.973000E+03 -1.103490E-01
  3.973500E+03 -1.714320E-01
  3.974000E+03 -2.134393E-01
  3.974500E+03 -2.356473E-01
  3.975000E+03 -2.383364E-01
  3.975500E+03 -2.227527E-01
  3.976000E+03 -1.910197E-01
  3.976500E+03 -1.460032E-01
  3.977000E+03 -9.113826E-02
  3.977500E+03 -3.022967E-02
  3.978000E+03  3.276425E-02
  3.978500E+03  9.395044E-02
  3.979000E+03  1.497108E-01
  3.979500E+03  1.968908E-01
  3.980000E+03  2.329578E-01
  3.980500E+03  2.561194E-01
  3.981000E+03  2.653973E-01
  3.981500E+03  2.606548E-01
  3.982000E+03  2.425746E-01
  3.982500E+03  2.125934E-01
  3.983000E+03  1.727957E-01
  3.983500E+03  1.257741E-01
  3.984000E+03  7.446642E-02
  3.984500E+03  2.197694E-02
  3.985000E+03 -2.860628E-02
  3.985500E+03 -7.438927E-02
  3.986000E+03 -1.128354E-01
  3.986500E+03 -1.419061E-01
  3.987000E+03 -1.601725E-01
  3.987500E+03 -1.668929E-01
  3.988000E+03 -1.620539E-01
  3.988500E+03 -1.463727E-01
  3.989000E+03 -1.212634E-01
  3.989500E+03 -8.876881E-02
  3.990000E+03 -5.146161E-02
  3.990500E+03 -1.232096E-02
  3.991000E+03  2.540992E-02
  3.991500E+03  5.837854E-02
  3.992000E+03  8.328362E-02
  3.992500E+03  9.703467E-02
  3.993000E+03  9.690453E-02
  3.993500E+03  8.066937E-02
  3.994000E+03  4.673126E-02
  3.994500E+03 -5.780781E-03
  3.995000E+03 -7.693444E-02
  3.995500E+03 -1.659451E-01
  3.996000E+03 -2.711558E-01
  3.996500E+03 -3.900476E-01
  3.997000E+03 -5.192803E-01
  3.997500E+03 -6.547644E-01
  3.998000E+03 -7.917628E-01
  3.998500E+03 -9.250215E-01
  3.999000E+03 -1.048927E+00
  3.999500E+03 -1.157687E+00
  4.000000E+03 -1.245533E+00
  4.000500E+03 -1.306937E+00
  4.001000E+03 -1.336836E+00
  4.001500E+03 -1.330858E+00
  4.002000E+03 -1.285545E+00
  4.002500E+03 -1.198555E+00
  4.003000E+03 -1.068839E+00
  4.003500E+03 -8.967806E-01
  4.004000E+03 -6.842917E-01
  4.004500E+03 -4.348499E-01
  4.005000E+03 -1.534750E-01
  4.005500E+03  1.533611E-01
  4.006000E+03  4.778936E-01
  4.006500E+03  8.112899E-01
  4.007000E+03  1.143935E+00
  4.007500E+03  1.465770E+00
  4.008000E+03  1.766663E+00
  4.008500E+03  2.036808E+00
  4.009000E+03  2.267120E+00
  4.009500E+03  2.449617E+00
  4.010000E+03  2.577764E+00
  4.010500E+03  2.646752E+00
  4.011000E+03  2.653715E+00
  4.011500E+03  2.597854E+00
  4.012000E+03  2.480467E+00
  4.012500E+03  2.304878E+00
  4.013000E+03  2.076284E+00
  4.013500E+03  1.801501E+00
  4.014000E+03  1.488651E+00
  4.014500E+03  1.146788E+00
  4.015000E+03  7.855018E-01
  4.015500E+03  4.145084E-01
  4.016000E+03  4.325922E-02
  4.016500E+03 -3.194101E-01
  4.017000E+03 -6.655746E-01
  4.017500E+03 -9.884424E-01
  4.018000E+03 -1.282497E+00
  4.018500E+03 -1.543555E+00
  4.019000E+03 -1.768749E+00
  4.019500E+03 -1.956431E+00
  4.020000E+03 -2.106027E+00
  4.020500E+03 -2.217847E+00
  4.021000E+03 -2.292881E+00
  4.021500E+03 -2.332585E+00
  4.022000E+03 -2.338693E+00
  4.022500E+03 -2.313055E+00
  4.023000E+03 -2.257526E+00
  4.023500E+03 -2.173897E+00
  4.024000E+03 -2.063883E+00
  4.024500E+03 -1.929150E+00
  4.025000E+03 -1.771384E+00
  4.025500E+03 -1.592381E+00
  4.026000E+03 -1.394149E+00
  4.026500E+03 -1.179003E+00
  4.027000E+03 -9.496338E-01
  4.027500E+03 -7.091538E-01
  4.028000E+03 -4.610938E-01
  4.028500E+03 -2.093585E-01
  4.029000E+03  4.186332E-02
  4.029500E+03  2.882274E-01
  4.030000E+03  5.253911E-01
  4.030500E+03  7.491868E-01
  4.031000E+03  9.557969E-01
  4.031500E+03  1.141914E+00
  4.032000E+03  1.304874E+00
  4.032500E+03  1.442750E+00
  4.033000E+03  1.554397E+00
  4.033500E+03  1.639447E+00
  4.034000E+03  1.698256E+00
  4.034500E+03  1.731806E+00
  4.035000E+03  1.741569E+00
  4.035500E+03  1.729358E+00
  4.036000E+03  1.697165E+00
  4.036500E+03  1.647010E+00
  4.037000E+03  1.580813E+00
  4.037500E+03  1.500295E+00
  4.038000E+03  1.406921E+00
  4.038500E+03  1.301891E+00
  4.039000E+03  1.186163E+00
  4.039500E+03  1.060522E+00
  4.040000E+03  9.256707E-01
  4.040500E+03  7.823315E-01
  4.041000E+03  6.313571E-01
  4.041500E+03  4.738226E-01
  4.042000E+03  3.110957E-01
  4.042500E+03  1.448732E-01
  4.043000E+03 -2.282077E-02
  4.043500E+03 -1.896770E-01
  4.044000E+03 -3.531786E-01
  4.044500E+03 -5.107086E-01
  4.045000E+03 -6.596749E-01
  4.045500E+03 -7.976414E-01
  4.046000E+03 -9.224512E-01
  4.046500E+03 -1.032329E+00
  4.047000E+03 -1.125953E+00
  4.047500E+03 -1.202486E+00
  4.048000E+03 -1.261568E+00
  4.048500E+03 -1.303265E+00
  4.049000E+03 -1.327986E+00
  4.049500E+03 -1.336371E+00
  4.050000E+03 -1.329168E+00
  4.050500E+03 -1.307114E+00
  4.051000E+03 -1.270830E+00
  4.051500E+03 -1.220744E+00
  4.052000E+03 -1.157055E+00
  4.052500E+03 -1.079744E+00
  4.053000E+03 -9.886308E-01
  4.053500E+03 -8.834742E-01
  4.054000E+03 -7.641083E-01
  4.054500E+03 -6.306006E-01
  4.055000E+03 -4.834166E-01
  4.055500E+03 -3.235732E-01
  4.056000E+03 -1.527637E-01
  4.056500E+03  2.656274E-02
  4.057000E+03  2.111768E-01
  4.057500E+03  3.971107E-01
  4.058000E+03  5.797663E-01
  4.058500E+03  7.540860E-01
  4.059000E+03  9.147772E-01
  4.059500E+03  1.056577E+00
  4.060000E+03  1.174534E+00
  4.060500E+03  1.264296E+00
  4.061000E+03  1.322370E+00
  4.061500E+03  1.346341E+00
  4.062000E+03  1.335040E+00
  4.062500E+03  1.288627E+00
  4.063000E+03  1.208610E+00
  4.063500E+03  1.097773E+00
  4.064000E+03  9.600378E-01
  4.064500E+03  8.002608E-01
  4.065000E+03  6.239789E-01
  4.065500E+03  4.371316E-01
  4.066000E+03  2.457720E-01
  4.066500E+03  5.579037E-02
  4.067000E+03 -1.273324E-01
  4.067500E+03 -2.987258E-01
  4.068000E+03 -4.542761E-01
  4.068500E+03 -5.907117E-01
  4.069000E+03 -7.056284E-01
  4.069500E+03 -7.974598E-01
  4.070000E+03 -8.654027E-01
  4.070500E+03 -9.093096E-01
  4.071000E+03 -9.295650E-01
  4.071500E+03 -9.269578E-01
  4.072000E+03 -9.025662E-01
  4.072500E+03 -8.576648E-01
  4.073000E+03 -7.936625E-01
  4.073500E+03 -7.120746E-01
  4.074000E+03 -6.145287E-01
  4.074500E+03 -5.027987E-01
  4.075000E+03 -3.788599E-01
  4.075500E+03 -2.449526E-01
  4.076000E+03 -1.036435E-01
  4.076500E+03  4.212913E-02
  4.077000E+03  1.890362E-01
  4.077500E+03  3.333745E-01
  4.078000E+03  4.711236E-01
  4.078500E+03  5.980466E-01
  4.079000E+03  7.098303E-01
  4.079500E+03  8.022593E-01
  4.080000E+03  8.714151E-01
  4.080500E+03  9.138871E-01
  4.081000E+03  9.269807E-01
  4.081500E+03  9.089108E-01
  4.082000E+03  8.589637E-01
  4.082500E+03  7.776178E-01
  4.083000E+03  6.666127E-01
  4.083500E+03  5.289591E-01
  4.084000E+03  3.688893E-01
  4.084500E+03  1.917454E-01
  4.085000E+03  3.813074E-03
  4.085500E+03 -1.878963E-01
  4.086000E+03 -3.759022E-01
  4.086500E+03 -5.525418E-01
  4.087000E+03 -7.102742E-01
  4.087500E+03 -8.419890E-01
  4.088000E+03 -9.413096E-01
  4.088500E+03 -1.002876E+00
  4.089000E+03 -1.022601E+00
  4.089500E+03 -9.978864E-01
  4.090000E+03 -9.277926E-01
  4.090500E+03 -8.131564E-01
  4.091000E+03 -6.566475E-01
  4.091500E+03 -4.627621E-01
  4.092000E+03 -2.377483E-01
  4.092500E+03  1.053694E-02
  4.093000E+03  2.728405E-01
  4.093500E+03  5.387930E-01
  4.094000E+03  7.972506E-01
  4.094500E+03  1.036693E+00
  4.095000E+03  1.245667E+00
  4.095500E+03  1.413256E+00
  4.096000E+03  1.529571E+00
  4.096500E+03  1.586233E+00
  4.097000E+03  1.576823E+00
  4.097500E+03  1.497285E+00
  4.098000E+03  1.346261E+00
  4.098500E+03  1.125316E+00
  4.099000E+03  8.390572E-01
  4.099500E+03  4.951214E-01
  4.100000E+03  1.040185E-01
  4.100500E+03 -3.211645E-01
  4.101000E+03 -7.651983E-01
  4.101500E+03 -1.211271E+00
  4.102000E+03 -1.641649E+00
  4.102500E+03 -2.038419E+00
  4.103000E+03 -2.384267E+00
  4.103500E+03 -2.663262E+00
  4.104000E+03 -2.861608E+00
  4.104500E+03 -2.968313E+00
  4.105000E+03 -2.975755E+00
  4.105500E+03 -2.880095E+00
  4.106000E+03 -2.681530E+00
  4.106500E+03 -2.384349E+00
  4.107000E+03 -1.996815E+00
  4.107500E+03 -1.530846E+00
  4.108000E+03 -1.001535E+00
  4.108500E+03 -4.265243E-01
  4.109000E+03  1.747433E-01
  4.109500E+03  7.818361E-01
  4.110000E+03  1.374187E+00
  4.110500E+03  1.931933E+00
  4.111000E+03  2.436707E+00
  4.111500E+03  2.872335E+00
  4.112000E+03  3.225421E+00
  4.112500E+03  3.485784E+00
  4.113000E+03  3.646738E+00
  4.113500E+03  3.705207E+00
  4.114000E+03  3.661687E+00
  4.114500E+03  3.520052E+00
  4.115000E+03  3.287237E+00
  4.115500E+03  2.972818E+00
  4.116000E+03  2.588509E+00
  4.116500E+03  2.147624E+00
  4.117000E+03  1.664509E+00
  4.117500E+03  1.153990E+00
  4.118000E+03  6.308520E-01
  4.118500E+03  1.093674E-01
  4.119000E+03 -3.971100E-01
  4.119500E+03 -8.764790E-01
  4.120000E+03 -1.318149E+00
  4.120500E+03 -1.713220E+00
  4.121000E+03 -2.054597E+00
  4.121500E+03 -2.337034E+00
  4.122000E+03 -2.557120E+00
  4.122500E+03 -2.713228E+00
  4.123000E+03 -2.805407E+00
  4.123500E+03 -2.835261E+00
  4.124000E+03 -2.805784E+00
  4.124500E+03 -2.721187E+00
  4.125000E+03 -2.586704E+00
  4.125500E+03 -2.408390E+00
  4.126000E+03 -2.192900E+00
  4.126500E+03 -1.947280E+00
  4.127000E+03 -1.678740E+00
  4.127500E+03 -1.394445E+00
  4.128000E+03 -1.101308E+00
  4.128500E+03 -8.058043E-01
  4.129000E+03 -5.138108E-01
  4.129500E+03 -2.304721E-01
  4.130000E+03  3.989317E-02
  4.130500E+03  2.938448E-01
  4.131000E+03  5.288294E-01
  4.131500E+03  7.431437E-01
  4.132000E+03  9.358558E-01
  4.132500E+03  1.106689E+00
  4.133000E+03  1.255878E+00
  4.133500E+03  1.384005E+00
  4.134000E+03  1.491828E+00
  4.134500E+03  1.580121E+00
  4.135000E+03  1.649525E+00
  4.135500E+03  1.700433E+00
  4.136000E+03  1.732913E+00
  4.136500E+03  1.746671E+00
  4.137000E+03  1.741072E+00
  4.137500E+03  1.715192E+00
  4.138000E+03  1.667924E+00
  4.138500E+03  1.598110E+00
  4.139000E+03  1.504697E+00
  4.139500E+03  1.386904E+00
  4.140000E+03  1.244386E+00
  4.140500E+03  1.077382E+00
  4.141000E+03  8.868297E-01
  4.141500E+03  6.744570E-01
  4.142000E+03  4.428170E-01
  4.142500E+03  1.952852E-01
  4.143000E+03 -6.399099E-02
  4.143500E+03 -3.301839E-01
  4.144000E+03 -5.979133E-01
  4.144500E+03 -8.614009E-01
  4.145000E+03 -1.114644E+00
  4.145500E+03 -1.351594E+00
  4.146000E+03 -1.566344E+00
  4.146500E+03 -1.753295E+00
  4.147000E+03 -1.907318E+00
  4.147500E+03 -2.023899E+00
  4.148000E+03 -2.099258E+00
  4.148500E+03 -2.130458E+00
  4.149000E+03 -2.115483E+00
  4.149500E+03 -2.053317E+00
  4.150000E+03 -1.943994E+00
  4.150500E+03 -1.788643E+00
  4.151000E+03 -1.589514E+00
  4.151500E+03 -1.349997E+00
  4.152000E+03 -1.074612E+00
  4.152500E+03 -7.689830E-01
  4.153000E+03 -4.397779E-01
  4.153500E+03 -9.461620E-02
  4.154000E+03  2.580690E-01
  4.154500E+03  6.092123E-01
  4.155000E+03  9.493457E-01
  4.155500E+03  1.268874E+00
  4.156000E+03  1.558389E+00
  4.156500E+03  1.809017E+00
  4.157000E+03  2.012778E+00
  4.157500E+03  2.162950E+00
  4.158000E+03  2.254402E+00
  4.158500E+03  2.283897E+00
  4.159000E+03  2.250322E+00
  4.159500E+03  2.154835E+00
  4.160000E+03  2.000919E+00
  4.160500E+03  1.794317E+00
  4.161000E+03  1.542857E+00
  4.161500E+03  1.256164E+00
  4.162000E+03  9.452599E-01
  4.162500E+03  6.220907E-01
  4.163000E+03  2.989745E-01
  4.163500E+03 -1.197687E-02
  4.164000E+03 -2.994440E-01
  4.164500E+03 -5.534559E-01
  4.165000E+03 -7.658840E-01
  4.165500E+03 -9.308441E-01
  4.166000E+03 -1.044981E+00
  4.166500E+03 -1.107619E+00
  4.167000E+03 -1.120762E+00
  4.167500E+03 -1.088950E+00
  4.168000E+03 -1.018971E+00
  4.168500E+03 -9.194489E-01
  4.169000E+03 -8.003292E-01
  4.169500E+03 -6.722888E-01
  4.170000E+03 -5.461094E-01
  4.170500E+03 -4.320473E-01
  4.171000E+03 -3.392355E-01
  4.171500E+03 -2.751537E-01
  4.172000E+03 -2.451957E-01
  4.172500E+03 -2.523584E-01
  4.173000E+03 -2.970690E-01
  4.173500E+03 -3.771604E-01
  4.174000E+03 -4.879935E-01
  4.174500E+03 -6.227204E-01
  4.175000E+03 -7.726712E-01
  4.175500E+03 -9.278424E-01
  4.176000E+03 -1.077460E+00
  4.176500E+03 -1.210584E+00
  4.177000E+03 -1.316722E+00
  4.177500E+03 -1.386420E+00
  4.178000E+03 -1.411795E+00
  4.178500E+03 -1.386983E+00
  4.179000E+03 -1.308479E+00
  4.179500E+03 -1.175357E+00
  4.180000E+03 -9.893450E-01
  4.180500E+03 -7.547681E-01
  4.181000E+03 -4.783565E-01
  4.181500E+03 -1.689275E-01
  4.182000E+03  1.630357E-01
  4.182500E+03  5.058881E-01
  4.183000E+03  8.473818E-01
  4.183500E+03  1.175250E+00
  4.184000E+03  1.477787E+00
  4.184500E+03  1.744386E+00
  4.185000E+03  1.966023E+00
  4.185500E+03  2.135642E+00
  4.186000E+03  2.248439E+00
  4.186500E+03  2.302027E+00
  4.187000E+03  2.296471E+00
  4.187500E+03  2.234196E+00
  4.188000E+03  2.119790E+00
  4.188500E+03  1.959687E+00
  4.189000E+03  1.761782E+00
  4.189500E+03  1.534981E+00
  4.190000E+03  1.288722E+00
  4.190500E+03  1.032488E+00
  4.191000E+03  7.753530E-01
  4.191500E+03  5.255661E-01
  4.192000E+03  2.902143E-01
  4.192500E+03  7.496592E-02
  4.193000E+03 -1.160883E-01
  4.193500E+03 -2.804957E-01
  4.194000E+03 -4.174050E-01
  4.194500E+03 -5.274427E-01
  4.195000E+03 -6.125146E-01
  4.195500E+03 -6.755526E-01
  4.196000E+03 -7.202241E-01
  4.196500E+03 -7.506272E-01
  4.197000E+03 -7.709916E-01
  4.197500E+03 -7.854031E-01
  4.198000E+03 -7.975670E-01
  4.198500E+03 -8.106228E-01
  4.199000E+03 -8.270140E-01
  4.199500E+03 -8.484177E-01
  4.200000E+03 -8.757285E-01
  4.200500E+03 -9.090929E-01
  4.201000E+03 -9.479818E-01
  4.201500E+03 -9.912926E-01
  4.202000E+03 -1.037467E+00
  4.202500E+03 -1.084616E+00
  4.203000E+03 -1.130635E+00
  4.203500E+03 -1.173312E+00
  4.204000E+03 -1.210416E+00
  4.204500E+03 -1.239766E+00
  4.205000E+03 -1.259278E+00
  4.205500E+03 -1.267002E+00
  4.206000E+03 -1.261145E+00
  4.206500E+03 -1.240086E+00
  4.207000E+03 -1.202394E+00
  4.207500E+03 -1.146851E+00
  4.208000E+03 -1.072483E+00
  4.208500E+03 -9.785989E-01
  4.209000E+03 -8.648443E-01
  4.209500E+03 -7.312547E-01
  4.210000E+03 -5.783157E-01
  4.210500E+03 -4.070178E-01
  4.211000E+03 -2.188997E-01
  4.211500E+03 -1.607444E-02
  4.212000E+03  1.987678E-01
  4.212500E+03  4.223849E-01
  4.213000E+03  6.510381E-01
  4.213500E+03  8.805767E-01
  4.214000E+03  1.106551E+00
  4.214500E+03  1.324346E+00
  4.215000E+03  1.529330E+00
  4.215500E+03  1.717013E+00
  4.216000E+03  1.883196E+00
  4.216500E+03  2.024114E+00
  4.217000E+03  2.136557E+00
  4.217500E+03  2.217963E+00
  4.218000E+03  2.266481E+00
  4.218500E+03  2.280997E+00
  4.219000E+03  2.261136E+00
  4.219500E+03  2.207221E+00
  4.220000E+03  2.120219E+00
  4.220500E+03  2.001662E+00
  4.221000E+03  1.853557E+00
  4.221500E+03  1.678297E+00
  4.222000E+03  1.478576E+00
  4.222500E+03  1.257307E+00
  4.223000E+03  1.017570E+00
  4.223500E+03  7.625583E-01
  4.224000E+03  4.955610E-01
  4.224500E+03  2.199480E-01
  4.225000E+03 -6.082582E-02
  4.225500E+03 -3.432105E-01
  4.226000E+03 -6.235493E-01
  4.226500E+03 -8.980712E-01
  4.227000E+03 -1.162893E+00
  4.227500E+03 -1.414037E+00
  4.228000E+03 -1.647466E+00
  4.228500E+03 -1.859141E+00
  4.229000E+03 -2.045096E+00
  4.229500E+03 -2.201534E+00
  4.230000E+03 -2.324935E+00
  4.230500E+03 -2.412182E+00
  4.231000E+03 -2.460683E+00
  4.231500E+03 -2.468494E+00
  4.232000E+03 -2.434438E+00
  4.232500E+03 -2.358197E+00
  4.233000E+03 -2.240398E+00
  4.233500E+03 -2.082656E+00
  4.234000E+03 -1.887597E+00
  4.234500E+03 -1.658841E+00
  4.235000E+03 -1.400953E+00
  4.235500E+03 -1.119353E+00
  4.236000E+03 -8.202001E-01
  4.236500E+03 -5.102350E-01
  4.237000E+03 -1.966033E-01
  4.237500E+03  1.133471E-01
  4.238000E+03  4.122835E-01
  4.238500E+03  6.931140E-01
  4.239000E+03  9.492125E-01
  4.239500E+03  1.174637E+00
  4.240000E+03  1.364329E+00
  4.240500E+03  1.514291E+00
  4.241000E+03  1.621723E+00
  4.241500E+03  1.685133E+00
  4.242000E+03  1.704384E+00
  4.242500E+03  1.680707E+00
  4.243000E+03  1.616654E+00
  4.243500E+03  1.516005E+00
  4.244000E+03  1.383623E+00
  4.244500E+03  1.225272E+00
  4.245000E+03  1.047392E+00
  4.245500E+03  8.568611E-01
  4.246000E+03  6.607310E-01
  4.246500E+03  4.659659E-01
  4.247000E+03  2.791897E-01
  4.247500E+03  1.064527E-01
  4.248000E+03 -4.697002E-02
  4.248500E+03 -1.767423E-01
  4.249000E+03 -2.795853E-01
  4.249500E+03 -3.533472E-01
  4.250000E+03 -3.970253E-01
  4.250500E+03 -4.107403E-01
  4.251000E+03 -3.956697E-01
  4.251500E+03 -3.539447E-01
  4.252000E+03 -2.885212E-01
  4.252500E+03 -2.030311E-01
  4.253000E+03 -1.016246E-01
  4.253500E+03  1.118879E-02
  4.254000E+03  1.306943E-01
  4.254500E+03  2.521140E-01
  4.255000E+03  3.707354E-01
  4.255500E+03  4.820227E-01
  4.256000E+03  5.817134E-01
  4.256500E+03  6.658996E-01
  4.257000E+03  7.310982E-01
  4.257500E+03  7.743126E-01
  4.258000E+03  7.930890E-01
  4.258500E+03  7.855698E-01
  4.259000E+03  7.505445E-01
  4.259500E+03  6.875003E-01
  4.260000E+03  5.966674E-01
  4.260500E+03  4.790589E-01
  4.261000E+03  3.364986E-01
  4.261500E+03  1.716327E-01
  4.262000E+03 -1.208079E-02
  4.262500E+03 -2.104100E-01
  4.263000E+03 -4.184190E-01
  4.263500E+03 -6.305720E-01
  4.264000E+03 -8.408729E-01
  4.264500E+03 -1.043038E+00
  4.265000E+03 -1.230700E+00
  4.265500E+03 -1.397629E+00
  4.266000E+03 -1.537974E+00
  4.266500E+03 -1.646501E+00
  4.267000E+03 -1.718826E+00
  4.267500E+03 -1.751619E+00
  4.268000E+03 -1.742785E+00
  4.268500E+03 -1.691587E+00
  4.269000E+03 -1.598726E+00
  4.269500E+03 -1.466354E+00
  4.270000E+03 -1.298025E+00
  4.270500E+03 -1.098581E+00
  4.271000E+03 -8.739830E-01
  4.271500E+03 -6.310837E-01
  4.272000E+03 -3.773567E-01
  4.272500E+03 -1.205978E-01
  4.273000E+03  1.313929E-01
  4.273500E+03  3.711299E-01
  4.274000E+03  5.917475E-01
  4.274500E+03  7.872760E-01
  4.275000E+03  9.528757E-01
  4.275500E+03  1.085017E+00
  4.276000E+03  1.181597E+00
  4.276500E+03  1.241991E+00
  4.277000E+03  1.267025E+00
  4.277500E+03  1.258891E+00
  4.278000E+03  1.220989E+00
  4.278500E+03  1.157713E+00
  4.279000E+03  1.074202E+00
  4.279500E+03  9.760460E-01
  4.280000E+03  8.689893E-01
  4.280500E+03  7.586257E-01
  4.281000E+03  6.501158E-01
  4.281500E+03  5.479343E-01
  4.282000E+03  4.556648E-01
  4.282500E+03  3.758523E-01
  4.283000E+03  3.099204E-01
  4.283500E+03  2.581590E-01
  4.284000E+03  2.197820E-01
  4.284500E+03  1.930508E-01
  4.285000E+03  1.754555E-01
  4.285500E+03  1.639422E-01
  4.286000E+03  1.551717E-01
  4.286500E+03  1.457926E-01
  4.287000E+03  1.327104E-01
  4.287500E+03  1.133352E-01
  4.288000E+03  8.579151E-02
  4.288500E+03  4.907417E-02
  4.289000E+03  3.141517E-03
  4.289500E+03 -5.106273E-02
  4.290000E+03 -1.116604E-01
  4.290500E+03 -1.759597E-01
  4.291000E+03 -2.406392E-01
  4.291500E+03 -3.019816E-01
  4.292000E+03 -3.561429E-01
  4.292500E+03 -3.994385E-01
  4.293000E+03 -4.286261E-01
  4.293500E+03 -4.411664E-01
  4.294000E+03 -4.354433E-01
  4.294500E+03 -4.109270E-01
  4.295000E+03 -3.682697E-01
  4.295500E+03 -3.093249E-01
  4.296000E+03 -2.370879E-01
  4.296500E+03 -1.555615E-01
  4.297000E+03 -6.955312E-02
  4.297500E+03  1.558379E-02
  4.298000E+03  9.424853E-02
  4.298500E+03  1.609138E-01
  4.299000E+03  2.104488E-01
  4.299500E+03  2.384259E-01
  4.300000E+03  2.413912E-01
  4.300500E+03  2.170852E-01
  4.301000E+03  1.645995E-01
  4.301500E+03  8.446231E-02
  4.302000E+03 -2.135302E-02
  4.302500E+03 -1.494936E-01
  4.303000E+03 -2.953643E-01
  4.303500E+03 -4.533276E-01
  4.304000E+03 -6.169538E-01
  4.304500E+03 -7.793093E-01
  4.305000E+03 -9.332661E-01
  4.305500E+03 -1.071818E+00
  4.306000E+03 -1.188390E+00
  4.306500E+03 -1.277118E+00
  4.307000E+03 -1.333103E+00
  4.307500E+03 -1.352611E+00
  4.308000E+03 -1.333222E+00
  4.308500E+03 -1.273924E+00
  4.309000E+03 -1.175144E+00
  4.309500E+03 -1.038716E+00
  4.310000E+03 -8.677959E-01
  4.310500E+03 -6.667258E-01
  4.311000E+03 -4.408483E-01
  4.311500E+03 -1.962887E-01
  4.312000E+03  6.029000E-02
  4.312500E+03  3.219473E-01
  4.313000E+03  5.817293E-01
  4.313500E+03  8.329243E-01
  4.314000E+03  1.069300E+00
  4.314500E+03  1.285313E+00
  4.315000E+03  1.476274E+00
  4.315500E+03  1.638479E+00
  4.316000E+03  1.769274E+00
  4.316500E+03  1.867082E+00
  4.317000E+03  1.931366E+00
  4.317500E+03  1.962546E+00
  4.318000E+03  1.961871E+00
  4.318500E+03  1.931259E+00
  4.319000E+03  1.873106E+00
  4.319500E+03  1.790089E+00
  4.320000E+03  1.684970E+00
  4.320500E+03  1.560416E+00
  4.321000E+03  1.418845E+00
  4.321500E+03  1.262314E+00
  4.322000E+03  1.092460E+00
  4.322500E+03  9.104860E-01
  4.323000E+03  7.172076E-01
  4.323500E+03  5.131496E-01
  4.324000E+03  2.986868E-01
  4.324500E+03  7.421811E-02
  4.325000E+03 -1.596404E-01
  4.325500E+03 -4.018592E-01
  4.326000E+03 -6.508141E-01
  4.326500E+03 -9.041365E-01
  4.327000E+03 -1.158611E+00
  4.327500E+03 -1.410134E+00
  4.328000E+03 -1.653740E+00
  4.328500E+03 -1.883701E+00
  4.329000E+03 -2.093700E+00
  4.329500E+03 -2.277072E+00
  4.330000E+03 -2.427089E+00
  4.330500E+03 -2.537301E+00
  4.331000E+03 -2.601880E+00
  4.331500E+03 -2.615968E+00
  4.332000E+03 -2.576007E+00
  4.332500E+03 -2.480009E+00
  4.333000E+03 -2.327772E+00
  4.333500E+03 -2.121011E+00
  4.334000E+03 -1.863395E+00
  4.334500E+03 -1.560491E+00
  4.335000E+03 -1.219607E+00
  4.335500E+03 -8.495422E-01
  4.336000E+03 -4.602680E-01
  4.336500E+03 -6.253412E-02
  4.337000E+03  3.325590E-01
  4.337500E+03  7.140105E-01
  4.338000E+03  1.071363E+00
  4.338500E+03  1.395122E+00
  4.339000E+03  1.677119E+00
  4.339500E+03  1.910816E+00
  4.340000E+03  2.091524E+00
  4.340500E+03  2.216523E+00
  4.341000E+03  2.285105E+00
  4.341500E+03  2.298500E+00
  4.342000E+03  2.259736E+00
  4.342500E+03  2.173411E+00
  4.343000E+03  2.045403E+00
  4.343500E+03  1.882542E+00
  4.344000E+03  1.692257E+00
  4.344500E+03  1.482213E+00
  4.345000E+03  1.259963E+00
  4.345500E+03  1.032642E+00
  4.346000E+03  8.066913E-01
  4.346500E+03  5.876509E-01
  4.347000E+03  3.800162E-01
  4.347500E+03  1.871609E-01
  4.348000E+03  1.132946E-02
  4.348500E+03 -1.463059E-01
  4.349000E+03 -2.855327E-01
  4.349500E+03 -4.069401E-01
  4.350000E+03 -5.117274E-01
  4.350500E+03 -6.014950E-01
  4.351000E+03 -6.780295E-01
  4.351500E+03 -7.431006E-01
  4.352000E+03 -7.982789E-01
  4.352500E+03 -8.447889E-01
  4.353000E+03 -8.834035E-01
  4.353500E+03 -9.143858E-01
  4.354000E+03 -9.374820E-01
  4.354500E+03 -9.519621E-01
  4.355000E+03 -9.567064E-01
  4.355500E+03 -9.503296E-01
  4.356000E+03 -9.313340E-01
  4.356500E+03 -8.982793E-01
  4.357000E+03 -8.499594E-01
  4.357500E+03 -7.855702E-01
  4.358000E+03 -7.048600E-01
  4.358500E+03 -6.082484E-01
  4.359000E+03 -4.969075E-01
  4.359500E+03 -3.727962E-01
  4.360000E+03 -2.386464E-01
  4.360500E+03 -9.789901E-02
  4.361000E+03  4.540773E-02
  4.361500E+03  1.867914E-01
  4.362000E+03  3.215121E-01
  4.362500E+03  4.447837E-01
  4.363000E+03  5.519952E-01
  4.363500E+03  6.389332E-01
  4.364000E+03  7.019903E-01
  4.364500E+03  7.383485E-01
  4.365000E+03  7.461290E-01
  4.365500E+03  7.244976E-01
  4.366000E+03  6.737224E-01
  4.366500E+03  5.951806E-01
  4.367000E+03  4.913142E-01
  4.367500E+03  3.655382E-01
  4.368000E+03  2.221072E-01
  4.368500E+03  6.594830E-02
  4.369000E+03 -9.753132E-02
  4.369500E+03 -2.626497E-01
  4.370000E+03 -4.236601E-01
  4.370500E+03 -5.749533E-01
  4.371000E+03 -7.112462E-01
  4.371500E+03 -8.277455E-01
  4.372000E+03 -9.202853E-01
  4.372500E+03 -9.854321E-01
  4.373000E+03 -1.020558E+00
  4.373500E+03 -1.023883E+00
  4.374000E+03 -9.944898E-01
  4.374500E+03 -9.323120E-01
  4.375000E+03 -8.381072E-01
  4.375500E+03 -7.134135E-01
  4.376000E+03 -5.604993E-01
  4.376500E+03 -3.823069E-01
  4.377000E+03 -1.823966E-01
  4.377500E+03  3.511097E-02
  4.378000E+03  2.655909E-01
  4.378500E+03  5.039729E-01
  4.379000E+03  7.448032E-01
  4.379500E+03  9.823153E-01
  4.380000E+03  1.210512E+00
  4.380500E+03  1.423264E+00
  4.381000E+03  1.614425E+00
  4.381500E+03  1.777969E+00
  4.382000E+03  1.908148E+00
  4.382500E+03  1.999665E+00
  4.383000E+03  2.047863E+00
  4.383500E+03  2.048918E+00
  4.384000E+03  2.000031E+00
  4.384500E+03  1.899607E+00
  4.385000E+03  1.747408E+00
  4.385500E+03  1.544677E+00
  4.386000E+03  1.294210E+00
  4.386500E+03  1.000377E+00
  4.387000E+03  6.690813E-01
  4.387500E+03  3.076547E-01
  4.388000E+03 -7.531220E-02
  4.388500E+03 -4.702006E-01
  4.389000E+03 -8.666479E-01
  4.389500E+03 -1.253876E+00
  4.390000E+03 -1.621050E+00
  4.390500E+03 -1.957647E+00
  4.391000E+03 -2.253834E+00
  4.391500E+03 -2.500810E+00
  4.392000E+03 -2.691132E+00
  4.392500E+03 -2.818975E+00
  4.393000E+03 -2.880343E+00
  4.393500E+03 -2.873207E+00
  4.394000E+03 -2.797564E+00
  4.394500E+03 -2.655428E+00
  4.395000E+03 -2.450746E+00
  4.395500E+03 -2.189244E+00
  4.396000E+03 -1.878218E+00
  4.396500E+03 -1.526277E+00
  4.397000E+03 -1.143048E+00
  4.397500E+03 -7.388635E-01
  4.398000E+03 -3.244301E-01
  4.398500E+03  8.949377E-02
  4.399000E+03  4.924147E-01
  4.399500E+03  8.743987E-01
  4.400000E+03  1.226340E+00
  4.400500E+03  1.540194E+00
  4.401000E+03  1.809182E+00
  4.401500E+03  2.027943E+00
  4.402000E+03  2.192661E+00
  4.402500E+03  2.301129E+00
  4.403000E+03  2.352789E+00
  4.403500E+03  2.348713E+00
  4.404000E+03  2.291545E+00
  4.404500E+03  2.185394E+00
  4.405000E+03  2.035683E+00
  4.405500E+03  1.848963E+00
  4.406000E+03  1.632671E+00
  4.406500E+03  1.394873E+00
  4.407000E+03  1.143971E+00
  4.407500E+03  8.883882E-01
  4.408000E+03  6.362632E-01
  4.408500E+03  3.951377E-01
  4.409000E+03  1.716735E-01
  4.409500E+03 -2.859712E-02
  4.410000E+03 -2.014711E-01
  4.410500E+03 -3.442143E-01
  4.411000E+03 -4.556300E-01
  4.411500E+03 -5.360529E-01
  4.412000E+03 -5.872664E-01
  4.412500E+03 -6.123461E-01
  4.413000E+03 -6.154383E-01
  4.413500E+03 -6.014866E-01
  4.414000E+03 -5.759202E-01
  4.414500E+03 -5.443255E-01
  4.415000E+03 -5.121188E-01
  4.415500E+03 -4.842407E-01
  4.416000E+03 -4.648914E-01
  4.416500E+03 -4.573208E-01
  4.417000E+03 -4.636864E-01
  4.417500E+03 -4.849845E-01
  4.418000E+03 -5.210559E-01
  4.418500E+03 -5.706625E-01
  4.419000E+03 -6.316246E-01
  4.419500E+03 -7.010066E-01
  4.420000E+03 -7.753334E-01
  4.420500E+03 -8.508212E-01
  4.421000E+03 -9.236038E-01
  4.421500E+03 -9.899387E-01
  4.422000E+03 -1.046379E+00
  4.422500E+03 -1.089905E+00
  4.423000E+03 -1.118000E+00
  4.423500E+03 -1.128690E+00
  4.424000E+03 -1.120530E+00
  4.424500E+03 -1.092561E+00
  4.425000E+03 -1.044242E+00
  4.425500E+03 -9.753748E-01
  4.426000E+03 -8.860281E-01
  4.426500E+03 -7.764834E-01
  4.427000E+03 -6.472020E-01
  4.427500E+03 -4.988256E-01
  4.428000E+03 -3.322104E-01
  4.428500E+03 -1.484916E-01
  4.429000E+03  5.082818E-02
  4.429500E+03  2.637773E-01
  4.430000E+03  4.878141E-01
  4.430500E+03  7.197410E-01
  4.431000E+03  9.556480E-01
  4.431500E+03  1.190899E+00
  4.432000E+03  1.420172E+00
  4.432500E+03  1.637558E+00
  4.433000E+03  1.836716E+00
  4.433500E+03  2.011096E+00
  4.434000E+03  2.154194E+00
  4.434500E+03  2.259855E+00
  4.435000E+03  2.322584E+00
  4.435500E+03  2.337857E+00
  4.436000E+03  2.302412E+00
  4.436500E+03  2.214492E+00
  4.437000E+03  2.074030E+00
  4.437500E+03  1.882757E+00
  4.438000E+03  1.644227E+00
  4.438500E+03  1.363749E+00
  4.439000E+03  1.048231E+00
  4.439500E+03  7.059430E-01
  4.440000E+03  3.461998E-01
  4.440500E+03 -2.100211E-02
  4.441000E+03 -3.853924E-01
  4.441500E+03 -7.368480E-01
  4.442000E+03 -1.065810E+00
  4.442500E+03 -1.363671E+00
  4.443000E+03 -1.623119E+00
  4.443500E+03 -1.838415E+00
  4.444000E+03 -2.005590E+00
  4.444500E+03 -2.122559E+00
  4.445000E+03 -2.189141E+00
  4.445500E+03 -2.206986E+00
  4.446000E+03 -2.179417E+00
  4.446500E+03 -2.111190E+00
  4.447000E+03 -2.008192E+00
  4.447500E+03 -1.877091E+00
  4.448000E+03 -1.724955E+00
  4.448500E+03 -1.558861E+00
  4.449000E+03 -1.385522E+00
  4.449500E+03 -1.210939E+00
  4.450000E+03 -1.040112E+00
  4.450500E+03 -8.768206E-01
  4.451000E+03 -7.234830E-01
  4.451500E+03 -5.811080E-01
  4.452000E+03 -4.493425E-01
  4.452500E+03 -3.266108E-01
  4.453000E+03 -2.103378E-01
  4.453500E+03 -9.724442E-02
  4.454000E+03  1.630530E-02
  4.454500E+03  1.339270E-01
  4.455000E+03  2.588345E-01
  4.455500E+03  3.934807E-01
  4.456000E+03  5.392480E-01
  4.456500E+03  6.962109E-01
  4.457000E+03  8.629925E-01
  4.457500E+03  1.036727E+00
  4.458000E+03  1.213137E+00
  4.458500E+03  1.386724E+00
  4.459000E+03  1.551062E+00
  4.459500E+03  1.699177E+00
  4.460000E+03  1.823991E+00
  4.460500E+03  1.918794E+00
  4.461000E+03  1.977714E+00
  4.461500E+03  1.996158E+00
  4.462000E+03  1.971171E+00
  4.462500E+03  1.901707E+00
  4.463000E+03  1.788772E+00
  4.463500E+03  1.635432E+00
  4.464000E+03  1.446684E+00
  4.464500E+03  1.229190E+00
  4.465000E+03  9.908948E-01
  4.465500E+03  7.405534E-01
  4.466000E+03  4.871958E-01
  4.466500E+03  2.395756E-01
  4.467000E+03  5.635850E-03
  4.467500E+03 -2.079652E-01
  4.468000E+03 -3.962346E-01
  4.468500E+03 -5.561029E-01
  4.469000E+03 -6.865406E-01
  4.469500E+03 -7.885249E-01
  4.470000E+03 -8.648597E-01
  4.470500E+03 -9.198634E-01
  4.471000E+03 -9.589486E-01
  4.471500E+03 -9.881265E-01
  4.472000E+03 -1.013474E+00
  4.472500E+03 -1.040604E+00
  4.473000E+03 -1.074180E+00
  4.473500E+03 -1.117514E+00
  4.474000E+03 -1.172266E+00
  4.474500E+03 -1.238281E+00
  4.475000E+03 -1.313570E+00
  4.475500E+03 -1.394422E+00
  4.476000E+03 -1.475662E+00
  4.476500E+03 -1.551002E+00
  4.477000E+03 -1.613490E+00
  4.477500E+03 -1.656000E+00
  4.478000E+03 -1.671733E+00
  4.478500E+03 -1.654705E+00
  4.479000E+03 -1.600168E+00
  4.479500E+03 -1.504955E+00
  4.480000E+03 -1.367719E+00
  4.480500E+03 -1.189056E+00
  4.481000E+03 -9.715096E-01
  4.481500E+03 -7.194554E-01
  4.482000E+03 -4.388904E-01
  4.482500E+03 -1.371332E-01
  4.483000E+03  1.775352E-01
  4.483500E+03  4.962662E-01
  4.484000E+03  8.100490E-01
  4.484500E+03  1.110103E+00
  4.485000E+03  1.388231E+00
  4.485500E+03  1.637132E+00
  4.486000E+03  1.850633E+00
  4.486500E+03  2.023869E+00
  4.487000E+03  2.153383E+00
  4.487500E+03  2.237154E+00
  4.488000E+03  2.274574E+00
  4.488500E+03  2.266362E+00
  4.489000E+03  2.214445E+00
  4.489500E+03  2.121802E+00
  4.490000E+03  1.992287E+00
  4.490500E+03  1.830454E+00
  4.491000E+03  1.641364E+00
  4.491500E+03  1.430413E+00
  4.492000E+03  1.203155E+00
  4.492500E+03  9.651559E-01
  4.493000E+03  7.218484E-01
  4.493500E+03  4.784132E-01
  4.494000E+03  2.396748E-01
  4.494500E+03  1.001545E-02
  4.495000E+03 -2.066934E-01
  4.495500E+03 -4.071422E-01
  4.496000E+03 -5.886187E-01
  4.496500E+03 -7.490266E-01
  4.497000E+03 -8.868905E-01
  4.497500E+03 -1.001346E+00
  4.498000E+03 -1.092119E+00
  4.498500E+03 -1.159491E+00
  4.499000E+03 -1.204264E+00
  4.499500E+03 -1.227704E+00
  4.500000E+03 -1.231495E+00
  4.500500E+03 -1.217677E+00
  4.501000E+03 -1.188583E+00
  4.501500E+03 -1.146782E+00
  4.502000E+03 -1.094998E+00
  4.502500E+03 -1.036051E+00
  4.503000E+03 -9.727694E-01
  4.503500E+03 -9.079105E-01
  4.504000E+03 -8.440724E-01
  4.504500E+03 -7.835989E-01
  4.505000E+03 -7.284838E-01
  4.505500E+03 -6.802749E-01
  4.506000E+03 -6.399846E-01
  4.506500E+03 -6.080110E-01
  4.507000E+03 -5.840796E-01
  4.507500E+03 -5.672098E-01
  4.508000E+03 -5.557162E-01
  4.508500E+03 -5.472478E-01
  4.509000E+03 -5.388721E-01
  4.509500E+03 -5.272014E-01
  4.510000E+03 -5.085630E-01
  4.510500E+03 -4.792037E-01
  4.511000E+03 -4.355224E-01
  4.511500E+03 -3.743150E-01
  4.512000E+03 -2.930192E-01
  4.512500E+03 -1.899393E-01
  4.513000E+03 -6.443705E-02
  4.513500E+03  8.292982E-02
  4.514000E+03  2.503328E-01
  4.514500E+03  4.346716E-01
  4.515000E+03  6.316513E-01
  4.515500E+03  8.359361E-01
  4.516000E+03  1.041372E+00
  4.516500E+03  1.241268E+00
  4.517000E+03  1.428715E+00
  4.517500E+03  1.596924E+00
  4.518000E+03  1.739568E+00
  4.518500E+03  1.851086E+00
  4.519000E+03  1.926951E+00
  4.519500E+03  1.963875E+00
  4.520000E+03  1.959934E+00
  4.520500E+03  1.914616E+00
  4.521000E+03  1.828790E+00
  4.521500E+03  1.704599E+00
  4.522000E+03  1.545294E+00
  4.522500E+03  1.355017E+00
  4.523000E+03  1.138572E+00
  4.523500E+03  9.011737E-01
  4.524000E+03  6.482218E-01
  4.524500E+03  3.851001E-01
  4.525000E+03  1.170187E-01
  4.525500E+03 -1.510959E-01
  4.526000E+03 -4.146598E-01
  4.526500E+03 -6.694460E-01
  4.527000E+03 -9.115616E-01
  4.527500E+03 -1.137403E+00
  4.528000E+03 -1.343599E+00
  4.528500E+03 -1.526967E+00
  4.529000E+03 -1.684482E+00
  4.529500E+03 -1.813284E+00
  4.530000E+03 -1.910717E+00
  4.530500E+03 -1.974410E+00
  4.531000E+03 -2.002395E+00
  4.531500E+03 -1.993246E+00
  4.532000E+03 -1.946230E+00
  4.532500E+03 -1.861464E+00
  4.533000E+03 -1.740035E+00
  4.533500E+03 -1.584099E+00
  4.534000E+03 -1.396916E+00
  4.534500E+03 -1.182833E+00
  4.535000E+03 -9.471887E-01
  4.535500E+03 -6.961666E-01
  4.536000E+03 -4.365759E-01
  4.536500E+03 -1.755915E-01
  4.537000E+03  7.953965E-02
  4.537500E+03  3.218045E-01
  4.538000E+03  5.447222E-01
  4.538500E+03  7.426157E-01
  4.539000E+03  9.108378E-01
  4.539500E+03  1.045941E+00
  4.540000E+03  1.145778E+00
  4.540500E+03  1.209536E+00
  4.541000E+03  1.237701E+00
  4.541500E+03  1.231956E+00
  4.542000E+03  1.195043E+00
  4.542500E+03  1.130573E+00
  4.543000E+03  1.042823E+00
  4.543500E+03  9.365261E-01
  4.544000E+03  8.166654E-01
  4.544500E+03  6.882844E-01
  4.545000E+03  5.563227E-01
  4.545500E+03  4.254773E-01
  4.546000E+03  3.000915E-01
  4.546500E+03  1.840680E-01
  4.547000E+03  8.080105E-02
  4.547500E+03 -6.877312E-03
  4.548000E+03 -7.674213E-02
  4.548500E+03 -1.272161E-01
  4.549000E+03 -1.574070E-01
  4.549500E+03 -1.671416E-01
  4.550000E+03 -1.569929E-01
  4.550500E+03 -1.282943E-01
  4.551000E+03 -8.313523E-02
  4.551500E+03 -2.432937E-02
  4.552000E+03  4.465027E-02
  4.552500E+03  1.197746E-01
  4.553000E+03  1.966017E-01
  4.553500E+03  2.704575E-01
  4.554000E+03  3.366489E-01
  4.554500E+03  3.906980E-01
  4.555000E+03  4.285837E-01
  4.555500E+03  4.469756E-01
  4.556000E+03  4.434420E-01
  4.556500E+03  4.166151E-01
  4.557000E+03  3.662994E-01
  4.557500E+03  2.935115E-01
  4.558000E+03  2.004463E-01
  4.558500E+03  9.036833E-02
  4.559000E+03 -3.256592E-02
  4.559500E+03 -1.635423E-01
  4.560000E+03 -2.973642E-01
  4.560500E+03 -4.287489E-01
  4.561000E+03 -5.526215E-01
  4.561500E+03 -6.643869E-01
  4.562000E+03 -7.601581E-01
  4.562500E+03 -8.369261E-01
  4.563000E+03 -8.926597E-01
  4.563500E+03 -9.263320E-01
  4.564000E+03 -9.378748E-01
  4.564500E+03 -9.280695E-01
  4.565000E+03 -8.983893E-01
  4.565500E+03 -8.508095E-01
  4.566000E+03 -7.876056E-01
  4.566500E+03 -7.111615E-01
  4.567000E+03 -6.238038E-01
  4.567500E+03 -5.276782E-01
  4.568000E+03 -4.246776E-01
  4.568500E+03 -3.164250E-01
  4.569000E+03 -2.043097E-01
  4.569500E+03 -8.956638E-02
  4.570000E+03  2.661372E-02
  4.570500E+03  1.429590E-01
  4.571000E+03  2.579980E-01
  4.571500E+03  3.699635E-01
  4.572000E+03  4.767353E-01
  4.572500E+03  5.758342E-01
  4.573000E+03  6.644736E-01
  4.573500E+03  7.396689E-01
  4.574000E+03  7.983989E-01
  4.574500E+03  8.378070E-01
  4.575000E+03  8.554254E-01
  4.575500E+03  8.494034E-01
  4.576000E+03  8.187161E-01
  4.576500E+03  7.633351E-01
  4.577000E+03  6.843414E-01
  4.577500E+03  5.839674E-01
  4.578000E+03  4.655600E-01
  4.578500E+03  3.334628E-01
  4.579000E+03  1.928242E-01
  4.579500E+03  4.934121E-02
  4.580000E+03 -9.104113E-02
  4.580500E+03 -2.224560E-01
  4.581000E+03 -3.394412E-01
  4.581500E+03 -4.372428E-01
  4.582000E+03 -5.120747E-01
  4.582500E+03 -5.613144E-01
  4.583000E+03 -5.836235E-01
  4.583500E+03 -5.789841E-01
  4.584000E+03 -5.486517E-01
  4.584500E+03 -4.950305E-01
  4.585000E+03 -4.214812E-01
  4.585500E+03 -3.320801E-01
  4.586000E+03 -2.313459E-01
  4.586500E+03 -1.239587E-01
  4.587000E+03 -1.448904E-02
  4.587500E+03  9.284275E-02
  4.588000E+03  1.943610E-01
  4.588500E+03  2.870726E-01
  4.589000E+03  3.687418E-01
  4.589500E+03  4.379012E-01
  4.590000E+03  4.938035E-01
  4.590500E+03  5.363223E-01
  4.591000E+03  5.658161E-01
  4.591500E+03  5.829678E-01
  4.592000E+03  5.886181E-01
  4.592500E+03  5.836070E-01
  4.593000E+03  5.686384E-01
  4.593500E+03  5.441790E-01
  4.594000E+03  5.103998E-01
  4.594500E+03  4.671651E-01
  4.595000E+03  4.140690E-01
  4.595500E+03  3.505151E-01
  4.596000E+03  2.758337E-01
  4.596500E+03  1.894249E-01
  4.597000E+03  9.091615E-02
  4.597500E+03 -1.967986E-02
  4.598000E+03 -1.418199E-01
  4.598500E+03 -2.743110E-01
  4.599000E+03 -4.152286E-01
  4.599500E+03 -5.618804E-01
  4.600000E+03 -7.108222E-01
  4.600500E+03 -8.579282E-01
  4.601000E+03 -9.985141E-01
  4.601500E+03 -1.127509E+00
  4.602000E+03 -1.239666E+00
  4.602500E+03 -1.329803E+00
  4.603000E+03 -1.393062E+00
  4.603500E+03 -1.425163E+00
  4.604000E+03 -1.422652E+00
  4.604500E+03 -1.383115E+00
  4.605000E+03 -1.305351E+00
  4.605500E+03 -1.189492E+00
  4.606000E+03 -1.037065E+00
  4.606500E+03 -8.509820E-01
  4.607000E+03 -6.354641E-01
  4.607500E+03 -3.959061E-01
  4.608000E+03 -1.386789E-01
  4.608500E+03  1.291112E-01
  4.609000E+03  3.998981E-01
  4.609500E+03  6.659497E-01
  4.610000E+03  9.196634E-01
  4.610500E+03  1.153850E+00
  4.611000E+03  1.361988E+00
  4.611500E+03  1.538445E+00
  4.612000E+03  1.678642E+00
  4.612500E+03  1.779172E+00
  4.613000E+03  1.837865E+00
  4.613500E+03  1.853789E+00
  4.614000E+03  1.827222E+00
  4.614500E+03  1.759568E+00
  4.615000E+03  1.653254E+00
  4.615500E+03  1.511603E+00
  4.616000E+03  1.338696E+00
  4.616500E+03  1.139240E+00
  4.617000E+03  9.184300E-01
  4.617500E+03  6.818269E-01
  4.618000E+03  4.352449E-01
  4.618500E+03  1.846442E-01
  4.619000E+03 -6.397109E-02
  4.619500E+03 -3.046542E-01
  4.620000E+03 -5.316244E-01
  4.620500E+03 -7.393845E-01
  4.621000E+03 -9.228526E-01
  4.621500E+03 -1.077507E+00
  4.622000E+03 -1.199539E+00
  4.622500E+03 -1.286019E+00
  4.623000E+03 -1.335043E+00
  4.623500E+03 -1.345880E+00
  4.624000E+03 -1.319074E+00
  4.624500E+03 -1.256513E+00
  4.625000E+03 -1.161437E+00
  4.625500E+03 -1.038382E+00
  4.626000E+03 -8.930481E-01
  4.626500E+03 -7.321007E-01
  4.627000E+03 -5.628952E-01
  4.627500E+03 -3.931492E-01
  4.628000E+03 -2.305689E-01
  4.628500E+03 -8.245610E-02
  4.629000E+03  4.468431E-02
  4.629500E+03  1.455076E-01
  4.630000E+03  2.161396E-01
  4.630500E+03  2.544116E-01
  4.631000E+03  2.599999E-01
  4.631500E+03  2.344597E-01
  4.632000E+03  1.811460E-01
  4.632500E+03  1.050268E-01
  4.633000E+03  1.239614E-02
  4.633500E+03 -8.949330E-02
  4.634000E+03 -1.928552E-01
  4.634500E+03 -2.898250E-01
  4.635000E+03 -3.729160E-01
  4.635500E+03 -4.354469E-01
  4.636000E+03 -4.719139E-01
  4.636500E+03 -4.782855E-01
  4.637000E+03 -4.522035E-01
  4.637500E+03 -3.930811E-01
  4.638000E+03 -3.020966E-01
  4.638500E+03 -1.820880E-01
  4.639000E+03 -3.736097E-02
  4.639500E+03  1.265721E-01
  4.640000E+03  3.033026E-01
  4.640500E+03  4.858619E-01
  4.641000E+03  6.670620E-01
  4.641500E+03  8.398204E-01
  4.642000E+03  9.974526E-01
  4.642500E+03  1.133920E+00
  4.643000E+03  1.244028E+00
  4.643500E+03  1.323565E+00
  4.644000E+03  1.369394E+00
  4.644500E+03  1.379499E+00
  4.645000E+03  1.352984E+00
  4.645500E+03  1.290052E+00
  4.646000E+03  1.191952E+00
  4.646500E+03  1.060921E+00
  4.647000E+03  9.001090E-01
  4.647500E+03  7.134973E-01
  4.648000E+03  5.058112E-01
  4.648500E+03  2.824206E-01
  4.649000E+03  4.922790E-02
  4.649500E+03 -1.874631E-01
  4.650000E+03 -4.210992E-01
  4.650500E+03 -6.450526E-01
  4.651000E+03 -8.528194E-01
  4.651500E+03 -1.038235E+00
  4.652000E+03 -1.195703E+00
  4.652500E+03 -1.320421E+00
  4.653000E+03 -1.408600E+00
  4.653500E+03 -1.457653E+00
  4.654000E+03 -1.466347E+00
  4.654500E+03 -1.434895E+00
  4.655000E+03 -1.364990E+00
  4.655500E+03 -1.259760E+00
  4.656000E+03 -1.123656E+00
  4.656500E+03 -9.622585E-01
  4.657000E+03 -7.820326E-01
  4.657500E+03 -5.900220E-01
  4.658000E+03 -3.935158E-01
  4.658500E+03 -1.997011E-01
  4.659000E+03 -1.532335E-02
  4.659500E+03  1.536236E-01
  4.660000E+03  3.021591E-01
  4.660500E+03  4.265140E-01
  4.661000E+03  5.242545E-01
  4.661500E+03  5.943265E-01
  4.662000E+03  6.370205E-01
  4.662500E+03  6.538636E-01
  4.663000E+03  6.474496E-01
  4.663500E+03  6.212203E-01
  4.664000E+03  5.792172E-01
  4.664500E+03  5.258203E-01
  4.665000E+03  4.654914E-01
  4.665500E+03  4.025383E-01
  4.666000E+03  3.409113E-01
  4.666500E+03  2.840417E-01
  4.667000E+03  2.347265E-01
  4.667500E+03  1.950598E-01
  4.668000E+03  1.664082E-01
  4.668500E+03  1.494233E-01
  4.669000E+03  1.440854E-01
  4.669500E+03  1.497674E-01
  4.670000E+03  1.653120E-01
  4.670500E+03  1.891147E-01
  4.671000E+03  2.192067E-01
  4.671500E+03  2.533341E-01
  4.672000E+03  2.890333E-01
  4.672500E+03  3.237028E-01
  4.673000E+03  3.546739E-01
  4.673500E+03  3.792841E-01
  4.674000E+03  3.949550E-01
  4.674500E+03  3.992796E-01
  4.675000E+03  3.901172E-01
  4.675500E+03  3.656967E-01
  4.676000E+03  3.247237E-01
  4.676500E+03  2.664869E-01
  4.677000E+03  1.909549E-01
  4.677500E+03  9.885632E-02
  4.678000E+03 -8.267861E-03
  4.678500E+03 -1.280463E-01
  4.679000E+03 -2.573025E-01
  4.679500E+03 -3.921265E-01
  4.680000E+03 -5.279961E-01
  4.680500E+03 -6.599433E-01
  4.681000E+03 -7.827623E-01
  4.681500E+03 -8.912479E-01
  4.682000E+03 -9.804522E-01
  4.682500E+03 -1.045944E+00
  4.683000E+03 -1.084058E+00
  4.683500E+03 -1.092109E+00
  4.684000E+03 -1.068567E+00
  4.684500E+03 -1.013175E+00
  4.685000E+03 -9.269964E-01
  4.685500E+03 -8.123950E-01
  4.686000E+03 -6.729422E-01
  4.686500E+03 -5.132561E-01
  4.687000E+03 -3.387825E-01
  4.687500E+03 -1.555303E-01
  4.688000E+03  3.022282E-02
  4.688500E+03  2.122372E-01
  4.689000E+03  3.846106E-01
  4.689500E+03  5.420531E-01
  4.690000E+03  6.801212E-01
  4.690500E+03  7.953974E-01
  4.691000E+03  8.856049E-01
  4.691500E+03  9.496541E-01
  4.692000E+03  9.876178E-01
  4.692500E+03  1.000641E+00
  4.693000E+03  9.907905E-01
  4.693500E+03  9.608633E-01
  4.694000E+03  9.141562E-01
  4.694500E+03  8.542256E-01
  4.695000E+03  7.846457E-01
  4.695500E+03  7.087861E-01
  4.696000E+03  6.296202E-01
  4.696500E+03  5.495784E-01
  4.697000E+03  4.704543E-01
  4.697500E+03  3.933674E-01
  4.698000E+03  3.187830E-01
  4.698500E+03  2.465858E-01
  4.699000E+03  1.761983E-01
  4.699500E+03  1.067343E-01
  4.700000E+03  3.717156E-02
  4.700500E+03 -3.346854E-02
  4.701000E+03 -1.059522E-01
  4.701500E+03 -1.806881E-01
  4.702000E+03 -2.576183E-01
  4.702500E+03 -3.361563E-01
  4.703000E+03 -4.151750E-01
  4.703500E+03 -4.930490E-01
  4.704000E+03 -5.677456E-01
  4.704500E+03 -6.369591E-01
  4.705000E+03 -6.982764E-01
  4.705500E+03 -7.493607E-01
  4.706000E+03 -7.881367E-01
  4.706500E+03 -8.129629E-01
  4.707000E+03 -8.227739E-01
  4.707500E+03 -8.171808E-01
  4.708000E+03 -7.965198E-01
  4.708500E+03 -7.618431E-01
  4.709000E+03 -7.148516E-01
  4.709500E+03 -6.577740E-01
  4.710000E+03 -5.932010E-01
  4.710500E+03 -5.238887E-01
  4.711000E+03 -4.525465E-01
  4.711500E+03 -3.816279E-01
  4.712000E+03 -3.131427E-01
  4.712500E+03 -2.485071E-01
  4.713000E+03 -1.884454E-01
  4.713500E+03 -1.329530E-01
  4.714000E+03 -8.132499E-02
  4.714500E+03 -3.224872E-02
  4.715000E+03  1.604606E-02
  4.715500E+03  6.559260E-02
  4.716000E+03  1.184640E-01
  4.716500E+03  1.765410E-01
  4.717000E+03  2.412912E-01
  4.717500E+03  3.135792E-01
  4.718000E+03  3.935252E-01
  4.718500E+03  4.804245E-01
  4.719000E+03  5.727363E-01
  4.719500E+03  6.681438E-01
  4.720000E+03  7.636793E-01
  4.720500E+03  8.559063E-01
  4.721000E+03  9.411400E-01
  4.721500E+03  1.015690E+00
  4.722000E+03  1.076100E+00
  4.722500E+03  1.119373E+00
  4.723000E+03  1.143148E+00
  4.723500E+03  1.145828E+00
  4.724000E+03  1.126642E+00
  4.724500E+03  1.085640E+00
  4.725000E+03  1.023623E+00
  4.725500E+03  9.420218E-01
  4.726000E+03  8.427288E-01
  4.726500E+03  7.279162E-01
  4.727000E+03  5.998490E-01
  4.727500E+03  4.607198E-01
  4.728000E+03  3.125200E-01
  4.728500E+03  1.569643E-01
  4.729000E+03 -4.524763E-03
  4.729500E+03 -1.707704E-01
  4.730000E+03 -3.407380E-01
  4.730500E+03 -5.133861E-01
  4.731000E+03 -6.874903E-01
  4.731500E+03 -8.614606E-01
  4.732000E+03 -1.033176E+00
  4.732500E+03 -1.199857E+00
  4.733000E+03 -1.358003E+00
  4.733500E+03 -1.503398E+00
  4.734000E+03 -1.631209E+00
  4.734500E+03 -1.736158E+00
  4.735000E+03 -1.812784E+00
  4.735500E+03 -1.855761E+00
  4.736000E+03 -1.860253E+00
  4.736500E+03 -1.822295E+00
  4.737000E+03 -1.739144E+00
  4.737500E+03 -1.609598E+00
  4.738000E+03 -1.434228E+00
  4.738500E+03 -1.215524E+00
  4.739000E+03 -9.579245E-01
  4.739500E+03 -6.677247E-01
  4.740000E+03 -3.528677E-01
  4.740500E+03 -2.262719E-02
  4.741000E+03  3.127993E-01
  4.741500E+03  6.427599E-01
  4.742000E+03  9.566509E-01
  4.742500E+03  1.244418E+00
  4.743000E+03  1.497026E+00
  4.743500E+03  1.706863E+00
  4.744000E+03  1.868058E+00
  4.744500E+03  1.976694E+00
  4.745000E+03  2.030907E+00
  4.745500E+03  2.030868E+00
  4.746000E+03  1.978655E+00
  4.746500E+03  1.878040E+00
  4.747000E+03  1.734199E+00
  4.747500E+03  1.553373E+00
  4.748000E+03  1.342518E+00
  4.748500E+03  1.108948E+00
  4.749000E+03  8.600184E-01
  4.749500E+03  6.028476E-01
  4.750000E+03  3.441030E-01
  4.750500E+03  8.985093E-02
  4.751000E+03 -1.545279E-01
  4.751500E+03 -3.843632E-01
  4.752000E+03 -5.956718E-01
  4.752500E+03 -7.851010E-01
  4.753000E+03 -9.498535E-01
  4.753500E+03 -1.087611E+00
  4.754000E+03 -1.196472E+00
  4.754500E+03 -1.274910E+00
  4.755000E+03 -1.321767E+00
  4.755500E+03 -1.336277E+00
  4.756000E+03 -1.318120E+00
  4.756500E+03 -1.267503E+00
  4.757000E+03 -1.185253E+00
  4.757500E+03 -1.072908E+00
  4.758000E+03 -9.327980E-01
  4.758500E+03 -7.680999E-01
  4.759000E+03 -5.828505E-01
  4.759500E+03 -3.819166E-01
  4.760000E+03 -1.709100E-01
  4.760500E+03  4.394793E-02
  4.761000E+03  2.560131E-01
  4.761500E+03  4.584457E-01
  4.762000E+03  6.444683E-01
  4.762500E+03  8.076407E-01
  4.763000E+03  9.421359E-01
  4.763500E+03  1.043003E+00
  4.764000E+03  1.106397E+00
  4.764500E+03  1.129773E+00
  4.765000E+03  1.112021E+00
  4.765500E+03  1.053539E+00
  4.766000E+03  9.562493E-01
  4.766500E+03  8.235376E-01
  4.767000E+03  6.601386E-01
  4.767500E+03  4.719595E-01
  4.768000E+03  2.658560E-01
  4.768500E+03  4.937028E-02
  4.769000E+03 -1.695584E-01
  4.769500E+03 -3.828972E-01
  4.770000E+03 -5.828250E-01
  4.770500E+03 -7.620285E-01
  4.771000E+03 -9.139762E-01
  4.771500E+03 -1.033161E+00
  4.772000E+03 -1.115306E+00
  4.772500E+03 -1.157514E+00
  4.773000E+03 -1.158381E+00
  4.773500E+03 -1.118035E+00
  4.774000E+03 -1.038131E+00
  4.774500E+03 -9.217843E-01
  4.775000E+03 -7.734476E-01
  4.775500E+03 -5.987416E-01
  4.776000E+03 -4.042390E-01
  4.776500E+03 -1.972144E-01
  4.777000E+03  1.463285E-02
  4.777500E+03  2.234702E-01
  4.778000E+03  4.216267E-01
  4.778500E+03  6.018803E-01
  4.779000E+03  7.577232E-01
  4.779500E+03  8.835981E-01
  4.780000E+03  9.750918E-01
  4.780500E+03  1.029083E+00
  4.781000E+03  1.043833E+00
  4.781500E+03  1.019030E+00
  4.782000E+03  9.557653E-01
  4.782500E+03  8.564680E-01
  4.783000E+03  7.247900E-01
  4.783500E+03  5.654513E-01
  4.784000E+03  3.840561E-01
  4.784500E+03  1.868896E-01
  4.785000E+03 -1.929644E-02
  4.785500E+03 -2.274988E-01
  4.786000E+03 -4.306708E-01
  4.786500E+03 -6.219171E-01
  4.787000E+03 -7.946712E-01
  4.787500E+03 -9.428532E-01
  4.788000E+03 -1.061007E+00
  4.788500E+03 -1.144419E+00
  4.789000E+03 -1.189220E+00
  4.789500E+03 -1.192476E+00
  4.790000E+03 -1.152262E+00
  4.790500E+03 -1.067736E+00
  4.791000E+03 -9.391952E-01
  4.791500E+03 -7.681342E-01
  4.792000E+03 -5.572820E-01
  4.792500E+03 -3.106286E-01
  4.793000E+03 -3.342772E-02
  4.793500E+03  2.678293E-01
  4.794000E+03  5.854771E-01
  4.794500E+03  9.107825E-01
  4.795000E+03  1.234102E+00
  4.795500E+03  1.545090E+00
  4.796000E+03  1.832966E+00
  4.796500E+03  2.086825E+00
  4.797000E+03  2.296001E+00
  4.797500E+03  2.450457E+00
  4.798000E+03  2.541202E+00
  4.798500E+03  2.560702E+00
  4.799000E+03  2.503281E+00
  4.799500E+03  2.365476E+00
  4.800000E+03  2.146339E+00
  4.800500E+03  1.847656E+00
  4.801000E+03  1.474064E+00
  4.801500E+03  1.033068E+00
  4.802000E+03  5.349285E-01
  4.802500E+03 -7.568673E-03
  4.803000E+03 -5.794595E-01
  4.803500E+03 -1.164062E+00
  4.804000E+03 -1.743529E+00
  4.804500E+03 -2.299472E+00
  4.805000E+03 -2.813633E+00
  4.805500E+03 -3.268576E+00
  4.806000E+03 -3.648362E+00
  4.806500E+03 -3.939187E+00
  4.807000E+03 -4.129941E+00
  4.807500E+03 -4.212670E+00
  4.808000E+03 -4.182924E+00
  4.808500E+03 -4.039952E+00
  4.809000E+03 -3.786766E+00
  4.809500E+03 -3.430045E+00
  4.810000E+03 -2.979895E+00
  4.810500E+03 -2.449473E+00
  4.811000E+03 -1.854493E+00
  4.811500E+03 -1.212637E+00
  4.812000E+03 -5.428957E-01
  4.812500E+03  1.351305E-01
  4.813000E+03  8.019394E-01
  4.813500E+03  1.438814E+00
  4.814000E+03  2.028462E+00
  4.814500E+03  2.555576E+00
  4.815000E+03  3.007304E+00
  4.815500E+03  3.373607E+00
  4.816000E+03  3.647492E+00
  4.816500E+03  3.825122E+00
  4.817000E+03  3.905805E+00
  4.817500E+03  3.891859E+00
  4.818000E+03  3.788375E+00
  4.818500E+03  3.602895E+00
  4.819000E+03  3.345009E+00
  4.819500E+03  3.025906E+00
  4.820000E+03  2.657899E+00
  4.820500E+03  2.253929E+00
  4.821000E+03  1.827087E+00
  4.821500E+03  1.390164E+00
  4.822000E+03  9.552376E-01
  4.822500E+03  5.333182E-01
  4.823000E+03  1.340558E-01
  4.823500E+03 -2.344811E-01
  4.824000E+03 -5.659545E-01
  4.824500E+03 -8.558319E-01
  4.825000E+03 -1.101390E+00
  4.825500E+03 -1.301650E+00
  4.826000E+03 -1.457252E+00
  4.826500E+03 -1.570277E+00
  4.827000E+03 -1.644019E+00
  4.827500E+03 -1.682730E+00
  4.828000E+03 -1.691335E+00
  4.828500E+03 -1.675133E+00
  4.829000E+03 -1.639510E+00
  4.829500E+03 -1.589646E+00
  4.830000E+03 -1.530267E+00
  4.830500E+03 -1.465415E+00
  4.831000E+03 -1.398277E+00
  4.831500E+03 -1.331064E+00
  4.832000E+03 -1.264958E+00
  4.832500E+03 -1.200116E+00
  4.833000E+03 -1.135750E+00
  4.833500E+03 -1.070271E+00
  4.834000E+03 -1.001481E+00
  4.834500E+03 -9.268260E-01
  4.835000E+03 -8.436693E-01
  4.835500E+03 -7.495866E-01
  4.836000E+03 -6.426571E-01
  4.836500E+03 -5.217294E-01
  4.837000E+03 -3.866449E-01
  4.837500E+03 -2.383985E-01
  4.838000E+03 -7.922298E-02
  4.838500E+03  8.741546E-02
  4.839000E+03  2.569146E-01
  4.839500E+03  4.237266E-01
  4.840000E+03  5.816339E-01
  4.840500E+03  7.240969E-01
  4.841000E+03  8.446534E-01
  4.841500E+03  9.373458E-01
  4.842000E+03  9.971471E-01
  4.842500E+03  1.020358E+00
  4.843000E+03  1.004941E+00
  4.843500E+03  9.507746E-01
  4.844000E+03  8.597940E-01
  4.844500E+03  7.360097E-01
  4.845000E+03  5.853955E-01
  4.845500E+03  4.156456E-01
  4.846000E+03  2.358111E-01
  4.846500E+03  5.583475E-02
  4.847000E+03 -1.139898E-01
  4.847500E+03 -2.636013E-01
  4.848000E+03 -3.837613E-01
  4.848500E+03 -4.666125E-01
  4.849000E+03 -5.061693E-01
  4.849500E+03 -4.987065E-01
  4.850000E+03 -4.430203E-01
  4.850500E+03 -3.405412E-01
  4.851000E+03 -1.952915E-01
  4.851500E+03 -1.368729E-02
  4.852000E+03  1.958032E-01
  4.852500E+03  4.231230E-01
  4.853000E+03  6.571826E-01
  4.853500E+03  8.864727E-01
  4.854000E+03  1.099695E+00
  4.854500E+03  1.286369E+00
  4.855000E+03  1.437380E+00
  4.855500E+03  1.545429E+00
  4.856000E+03  1.605365E+00
  4.856500E+03  1.614378E+00
  4.857000E+03  1.572043E+00
  4.857500E+03  1.480225E+00
  4.858000E+03  1.342851E+00
  4.858500E+03  1.165572E+00
  4.859000E+03  9.553464E-01
  4.859500E+03  7.199750E-01
  4.860000E+03  4.676221E-01
  4.860500E+03  2.063601E-01
  4.861000E+03 -5.623402E-02
  4.861500E+03 -3.134042E-01
  4.862000E+03 -5.594455E-01
  4.862500E+03 -7.898287E-01
  4.863000E+03 -1.001220E+00
  4.863500E+03 -1.191405E+00
  4.864000E+03 -1.359131E+00
  4.864500E+03 -1.503889E+00
  4.865000E+03 -1.625669E+00
  4.865500E+03 -1.724705E+00
  4.866000E+03 -1.801244E+00
  4.866500E+03 -1.855361E+00
  4.867000E+03 -1.886831E+00
  4.867500E+03 -1.895085E+00
  4.868000E+03 -1.879237E+00
  4.868500E+03 -1.838184E+00
  4.869000E+03 -1.770774E+00
  4.869500E+03 -1.676011E+00
  4.870000E+03 -1.553293E+00
  4.870500E+03 -1.402638E+00
  4.871000E+03 -1.224890E+00
  4.871500E+03 -1.021878E+00
  4.872000E+03 -7.965048E-01
  4.872500E+03 -5.527597E-01
  4.873000E+03 -2.956463E-01
  4.873500E+03 -3.102875E-02
  4.874000E+03  2.345955E-01
  4.874500E+03  4.943804E-01
  4.875000E+03  7.414533E-01
  4.875500E+03  9.692500E-01
  4.876000E+03  1.171840E+00
  4.876500E+03  1.344214E+00
  4.877000E+03  1.482520E+00
  4.877500E+03  1.584224E+00
  4.878000E+03  1.648191E+00
  4.878500E+03  1.674681E+00
  4.879000E+03  1.665263E+00
  4.879500E+03  1.622660E+00
  4.880000E+03  1.550538E+00
  4.880500E+03  1.453256E+00
  4.881000E+03  1.335600E+00
  4.881500E+03  1.202523E+00
  4.882000E+03  1.058913E+00
  4.882500E+03  9.093882E-01
  4.883000E+03  7.581549E-01
  4.883500E+03  6.089115E-01
  4.884000E+03  4.648100E-01
  4.884500E+03  3.284645E-01
  4.885000E+03  2.019977E-01
  4.885500E+03  8.711127E-02
  4.886000E+03 -1.483546E-02
  4.886500E+03 -1.027515E-01
  4.887000E+03 -1.757599E-01
  4.887500E+03 -2.331709E-01
  4.888000E+03 -2.744889E-01
  4.888500E+03 -2.994533E-01
  4.889000E+03 -3.081072E-01
  4.889500E+03 -3.008860E-01
  4.890000E+03 -2.787126E-01
  4.890500E+03 -2.430841E-01
  4.891000E+03 -1.961347E-01
  4.891500E+03 -1.406604E-01
  4.892000E+03 -8.009521E-02
  4.892500E+03 -1.843121E-02
  4.893000E+03  3.991940E-02
  4.893500E+03  9.031532E-02
  4.894000E+03  1.281212E-01
  4.894500E+03  1.489720E-01
  4.895000E+03  1.490484E-01
  4.895500E+03  1.253419E-01
  4.896000E+03  7.589054E-02
  4.896500E+03 -3.633137E-05
  4.897000E+03 -1.018189E-01
  4.897500E+03 -2.274450E-01
  4.898000E+03 -3.735512E-01
  4.898500E+03 -5.355453E-01
  4.899000E+03 -7.078042E-01
  4.899500E+03 -8.839323E-01
  4.900000E+03 -1.057065E+00
  4.900500E+03 -1.220193E+00
  4.901000E+03 -1.366494E+00
  4.901500E+03 -1.489640E+00
  4.902000E+03 -1.584066E+00
  4.902500E+03 -1.645189E+00
  4.903000E+03 -1.669569E+00
  4.903500E+03 -1.654990E+00
  4.904000E+03 -1.600492E+00
  4.904500E+03 -1.506336E+00
  4.905000E+03 -1.373922E+00
  4.905500E+03 -1.205674E+00
  4.906000E+03 -1.004910E+00
  4.906500E+03 -7.756950E-01
  4.907000E+03 -5.227077E-01
  4.907500E+03 -2.511192E-01
  4.908000E+03  3.351329E-02
  4.908500E+03  3.253327E-01
  4.909000E+03  6.182559E-01
  4.909500E+03  9.060409E-01
  4.910000E+03  1.182358E+00
  4.910500E+03  1.440872E+00
  4.911000E+03  1.675349E+00
  4.911500E+03  1.879790E+00
  4.912000E+03  2.048591E+00
  4.912500E+03  2.176740E+00
  4.913000E+03  2.260026E+00
  4.913500E+03  2.295259E+00
  4.914000E+03  2.280487E+00
  4.914500E+03  2.215178E+00
  4.915000E+03  2.100367E+00
  4.915500E+03  1.938728E+00
  4.916000E+03  1.734575E+00
  4.916500E+03  1.493771E+00
  4.917000E+03  1.223543E+00
  4.917500E+03  9.322097E-01
  4.918000E+03  6.288309E-01
  4.918500E+03  3.228001E-01
  4.919000E+03  2.340025E-02
  4.919500E+03 -2.606432E-01
  4.920000E+03 -5.215838E-01
  4.920500E+03 -7.530193E-01
  4.921000E+03 -9.501733E-01
  4.921500E+03 -1.110072E+00
  4.922000E+03 -1.231602E+00
  4.922500E+03 -1.315447E+00
  4.923000E+03 -1.363903E+00
  4.923500E+03 -1.380594E+00
  4.924000E+03 -1.370105E+00
  4.924500E+03 -1.337566E+00
  4.925000E+03 -1.288218E+00
  4.925500E+03 -1.226997E+00
  4.926000E+03 -1.158175E+00
  4.926500E+03 -1.085077E+00
  4.927000E+03 -1.009901E+00
  4.927500E+03 -9.336595E-01
  4.928000E+03 -8.562373E-01
  4.928500E+03 -7.765587E-01
  4.929000E+03 -6.928536E-01
  4.929500E+03 -6.029908E-01
  4.930000E+03 -5.048496E-01
  4.930500E+03 -3.966947E-01
  4.931000E+03 -2.775188E-01
  4.931500E+03 -1.473217E-01
  4.932000E+03 -7.298672E-03
  4.932500E+03  1.400811E-01
  4.933000E+03  2.911141E-01
  4.933500E+03  4.410203E-01
  4.934000E+03  5.842076E-01
  4.934500E+03  7.146220E-01
  4.935000E+03  8.261578E-01
  4.935500E+03  9.130919E-01
  4.936000E+03  9.705111E-01
  4.936500E+03  9.946948E-01
  4.937000E+03  9.834246E-01
  4.937500E+03  9.361945E-01
  4.938000E+03  8.543064E-01
  4.938500E+03  7.408427E-01
  4.939000E+03  6.005173E-01
  4.939500E+03  4.394186E-01
  4.940000E+03  2.646614E-01
  4.940500E+03  8.397644E-02
  4.941000E+03 -9.473392E-02
  4.941500E+03 -2.638416E-01
  4.942000E+03 -4.164087E-01
  4.942500E+03 -5.465462E-01
  4.943000E+03 -6.496926E-01
  4.943500E+03 -7.227976E-01
  4.944000E+03 -7.644021E-01
  4.944500E+03 -7.746154E-01
  4.945000E+03 -7.549969E-01
  4.945500E+03 -7.083571E-01
  4.946000E+03 -6.384963E-01
  4.946500E+03 -5.499048E-01
  4.947000E+03 -4.474473E-01
  4.947500E+03 -3.360557E-01
  4.948000E+03 -2.204500E-01
  4.948500E+03 -1.049059E-01
  4.949000E+03  6.921362E-03
  4.949500E+03  1.121080E-01
  4.950000E+03  2.085080E-01
  4.950500E+03  2.947383E-01
  4.951000E+03  3.701118E-01
  4.951500E+03  4.345290E-01
  4.952000E+03  4.883432E-01
  4.952500E+03  5.322130E-01
  4.953000E+03  5.669564E-01
  4.953500E+03  5.934180E-01
  4.954000E+03  6.123602E-01
  4.954500E+03  6.243843E-01
  4.955000E+03  6.298847E-01
  4.955500E+03  6.290373E-01
  4.956000E+03  6.218183E-01
  4.956500E+03  6.080484E-01
  4.957000E+03  5.874563E-01
  4.957500E+03  5.597523E-01
  4.958000E+03  5.247052E-01
  4.958500E+03  4.822144E-01
  4.959000E+03  4.323705E-01
  4.959500E+03  3.754999E-01
  4.960000E+03  3.121897E-01
  4.960500E+03  2.432920E-01
  4.961000E+03  1.699070E-01
  4.961500E+03  9.334770E-02
  4.962000E+03  1.508833E-02
  4.962500E+03 -6.329832E-02
  4.963000E+03 -1.402112E-01
  4.963500E+03 -2.140936E-01
  4.964000E+03 -2.835033E-01
  4.964500E+03 -3.471763E-01
  4.965000E+03 -4.040806E-01
  4.965500E+03 -4.534561E-01
  4.966000E+03 -4.948402E-01
  4.966500E+03 -5.280764E-01
  4.967000E+03 -5.533069E-01
  4.967500E+03 -5.709484E-01
  4.968000E+03 -5.816546E-01
  4.968500E+03 -5.862657E-01
  4.969000E+03 -5.857491E-01
  4.969500E+03 -5.811344E-01
  4.970000E+03 -5.734465E-01
  4.970500E+03 -5.636404E-01
  4.971000E+03 -5.525430E-01
  4.971500E+03 -5.408039E-01
  4.972000E+03 -5.288595E-01
  4.972500E+03 -5.169121E-01
  4.973000E+03 -5.049265E-01
  4.973500E+03 -4.926428E-01
  4.974000E+03 -4.796057E-01
  4.974500E+03 -4.652076E-01
  4.975000E+03 -4.487422E-01
  4.975500E+03 -4.294649E-01
  4.976000E+03 -4.066536E-01
  4.976500E+03 -3.796672E-01
  4.977000E+03 -3.479947E-01
  4.977500E+03 -3.112914E-01
  4.978000E+03 -2.693994E-01
  4.978500E+03 -2.223496E-01
  4.979000E+03 -1.703460E-01
  4.979500E+03 -1.137330E-01
  4.980000E+03 -5.294993E-02
  4.980500E+03  1.152342E-02
  4.981000E+03  7.922303E-02
  4.981500E+03  1.497529E-01
  4.982000E+03  2.228262E-01
  4.982500E+03  2.982896E-01
  4.983000E+03  3.761250E-01
  4.983500E+03  4.564277E-01
  4.984000E+03  5.393580E-01
  4.984500E+03  6.250697E-01
  4.985000E+03  7.136193E-01
  4.985500E+03  8.048630E-01
  4.986000E+03  8.983505E-01
  4.986500E+03  9.932244E-01
  4.987000E+03  1.088138E+00
  4.987500E+03  1.181198E+00
  4.988000E+03  1.269947E+00
  4.988500E+03  1.351388E+00
  4.989000E+03  1.422048E+00
  4.989500E+03  1.478101E+00
  4.990000E+03  1.515524E+00
  4.990500E+03  1.530293E+00
  4.991000E+03  1.518604E+00
  4.991500E+03  1.477105E+00
  4.992000E+03  1.403126E+00
  4.992500E+03  1.294893E+00
  4.993000E+03  1.151704E+00
  4.993500E+03  9.740585E-01
  4.994000E+03  7.637351E-01
  4.994500E+03  5.237950E-01
  4.995000E+03  2.585237E-01
  4.995500E+03 -2.669546E-02
  4.996000E+03 -3.255679E-01
  4.996500E+03 -6.311232E-01
  4.997000E+03 -9.359869E-01
  4.997500E+03 -1.232672E+00
  4.998000E+03 -1.513871E+00
  4.998500E+03 -1.772736E+00
  4.999000E+03 -2.003126E+00
  4.999500E+03 -2.199806E+00
  5.000000E+03 -2.358602E+00
